INS,0,0,0,51,12,2,0,25,90
INS,1,10000,328,34,0,24,0,7,154
INS,2,20000,666,0,37,42,7,23,41
INS,3,30000,1005,7,66,28,25,0,158
INS,4,40000,1302,0,0,0,0,0,90
INS,5,50000,1582,31,92,0,27,20,45
INS,6,60000,1890,35,11,0,22,0,12
INS,7,70000,2111,0,15,17,0,0,214
INS,8,80000,2378,22,0,0,2,5,239
INS,9,90000,2628,16,0,0,0,0,237
INS,10,100000,2761,7,0,11,3,0,136
INS,11,110000,2898,0,0,0,24,26,63
INS,12,120000,3082,0,0,11,0,11,236
INS,13,130000,3127,52,0,0,0,0,72
INS,14,140000,3215,0,18,0,5,18,166
INS,15,150000,3201,16,51,0,6,0,201
INS,16,160000,3215,96,0,0,0,28,27
INS,17,170000,3129,294,17,0,0,36,181
INS,18,180000,3064,460,17,0,0,0,7
INS,19,190000,2913,570,18,0,13,0,253
INS,20,200000,2769,691,0,0,0,12,228
INS,21,210000,2573,803,66,15,0,0,230
INS,22,220000,2379,886,0,0,48,0,103
INS,23,230000,2137,1114,0,0,0,0,58
INS,24,240000,1848,1097,27,0,0,17,69
INS,25,250000,1603,1216,0,22,0,2,196
INS,26,260000,1305,1299,0,5,0,0,235
INS,27,270000,978,1313,23,32,10,0,255
INS,28,280000,677,1349,0,0,0,6,204
INS,29,290000,351,1374,0,36,9,0,215
INS,30,300000,2,1415,24,14,0,0,173
INS,31,310000,0,1388,343,1,0,0,211
INS,32,320000,16,1395,681,21,21,0,118
INS,33,330000,0,1307,974,395,0,10,175
INS,34,340000,0,1317,1271,688,26,0,40
INS,35,350000,3,1223,1516,1031,0,13,29
INS,36,360000,7,1137,1774,1339,298,12,59
INS,37,370000,35,990,2005,1664,587,0,22
INS,38,380000,0,942,2189,1922,885,0,184
INS,39,390000,13,793,2312,2155,1142,0,166
INS,40,400000,5,684,2442,2404,1408,0,199
INS,41,410000,11,546,2535,2512,1577,32,230
INS,42,420000,17,453,2639,2679,1792,0,102
INS,43,430000,10,309,2628,2781,1974,12,253
INS,44,440000,0,169,2585,2822,2058,0,190
INS,45,450000,5,0,2511,2838,2140,9,76
INS,46,460000,4,21,2351,2725,2198,326,215
INS,47,470000,0,3,2204,2662,2171,669,60
INS,48,480000,0,0,2012,2511,2106,904,157
INS,49,490000,0,0,1795,2394,2074,1217,121
INS,50,500000,8,6,1495,2138,1952,1461,230
INS,51,510000,14,0,1281,1928,1809,1608,83
INS,52,520000,0,0,940,1653,1618,1767,206
INS,53,530000,0,0,666,1350,1361,1814,204
INS,54,540000,0,0,302,982,1125,1817,24
INS,55,550000,0,0,9,740,904,1741,233
INS,56,560000,32,0,0,355,584,1620,215
INS,57,570000,0,0,0,0,313,1432,154
INS,58,580000,0,45,11,0,65,1191,250
INS,59,590000,18,45,3,0,0,946,223
INS,60,600000,19,2,0,32,16,670,223
INS,61,610000,10,0,0,0,0,379,146
INS,62,620000,0,0,0,29,0,14,73
INS,63,630000,0,28,0,17,11,0,103
INS,64,640000,21,0,0,0,41,0,126
INS,65,650000,35,0,56,0,3,26,201
INS,66,660000,0,0,43,20,0,0,161
INS,67,670000,0,0,10,0,0,0,125
INS,68,680000,3,0,0,17,20,0,172
INS,69,690000,23,0,0,0,0,0,172
INS,70,700000,0,0,0,0,0,0,166
INS,71,710000,13,0,0,0,4,1,201
INS,72,720000,0,3,3,0,11,0,217
INS,73,730000,42,14,0,0,9,0,26
INS,74,740000,9,3,20,0,10,0,20
INS,75,750000,0,20,58,0,0,0,73
INS,76,760000,8,0,3,25,0,0,48
INS,77,770000,0,5,39,0,34,0,107
INS,78,780000,6,26,0,0,0,0,78
INS,79,790000,0,11,4,2,34,0,114
INS,80,800000,0,0,0,22,2,12,116
INS,81,810000,0,5,0,17,44,9,172
INS,82,820000,44,0,43,0,0,0,201
INS,83,830000,88,18,63,15,0,0,59
INS,84,840000,0,0,11,45,0,45,249
INS,85,850000,13,0,18,7,0,27,230
INS,86,860000,0,34,0,0,0,10,226
INS,87,870000,0,0,8,13,0,41,5
INS,88,880000,0,0,0,20,26,0,6
INS,89,890000,0,0,0,0,11,33,21
INS,90,900000,0,23,4,0,18,43,82
INS,91,910000,29,0,12,0,0,0,52
INS,92,920000,6,19,0,0,0,8,61
INS,93,930000,0,0,0,0,46,0,91
INS,94,940000,23,2,0,25,6,0,118
INS,95,950000,33,3,3,3,0,0,121
INS,96,960000,0,0,0,0,19,0,115
INS,97,970000,0,27,17,20,0,0,177
INS,98,980000,0,0,24,0,1,0,155
INS,99,990000,77,4,9,0,25,0,6
INS,100,1000000,0,5,0,0,34,0,203
INS,101,1010000,332,0,0,14,26,0,41
INS,102,1020000,643,13,6,10,21,27,150
INS,103,1030000,983,0,0,0,22,80,20
INS,104,1040000,1335,18,47,0,7,33,136
INS,105,1050000,1643,8,0,0,51,26,185
INS,106,1060000,1909,0,16,5,0,26,174
INS,107,1070000,2120,12,0,0,0,0,111
INS,108,1080000,2373,0,0,13,0,0,126
INS,109,1090000,2580,48,21,0,12,1,163
INS,110,1100000,2782,0,17,0,2,12,75
INS,111,1110000,2910,0,0,0,7,0,196
INS,112,1120000,3082,0,0,2,0,8,132
INS,113,1130000,3110,23,28,0,0,41,3
INS,114,1140000,3146,0,11,0,5,20,0
INS,115,1150000,3201,28,0,9,17,12,102
INS,116,1160000,3218,158,0,0,0,0,228
INS,117,1170000,3133,306,38,27,0,8,125
INS,118,1180000,3053,395,0,0,0,0,78
INS,119,1190000,2938,563,20,0,0,0,168
INS,120,1200000,2744,678,5,10,19,0,120
INS,121,1210000,2606,844,0,19,0,0,150
INS,122,1220000,2353,969,0,0,48,4,72
INS,123,1230000,2108,1022,0,0,0,39,140
INS,124,1240000,1919,1133,0,0,0,0,40
INS,125,1250000,1613,1219,0,0,0,31,124
INS,126,1260000,1255,1215,12,0,18,11,45
INS,127,1270000,999,1317,27,0,0,0,150
INS,128,1280000,695,1397,0,0,0,23,195
INS,129,1290000,353,1396,0,20,0,15,137
INS,130,1300000,30,1414,0,0,0,9,79
INS,131,1310000,0,1414,343,0,0,10,154
INS,132,1320000,0,1410,645,30,10,0,243
INS,133,1330000,11,1286,954,324,2,0,230
INS,134,1340000,0,1260,1280,699,0,0,141
INS,135,1350000,0,1206,1525,1022,0,0,160
INS,136,1360000,0,1158,1751,1310,252,3,130
INS,137,1370000,22,1031,1970,1613,629,0,170
INS,138,1380000,34,942,2209,1935,891,37,202
INS,139,1390000,42,834,2373,2165,1145,19,237
INS,140,1400000,0,697,2493,2407,1374,0,135
INS,141,1410000,22,543,2561,2539,1589,6,185
INS,142,1420000,0,458,2608,2670,1810,48,24
INS,143,1430000,26,311,2598,2758,1969,0,109
INS,144,1440000,0,108,2523,2785,2065,0,201
INS,145,1450000,0,0,2463,2814,2124,0,138
INS,146,1460000,8,0,2394,2742,2243,368,253
INS,147,1470000,0,8,2190,2631,2216,662,222
INS,148,1480000,30,35,1972,2507,2154,1008,238
INS,149,1490000,7,0,1762,2330,2059,1202,165
INS,150,1500000,0,28,1504,2117,1954,1444,125
INS,151,1510000,15,0,1268,1923,1794,1679,30
INS,152,1520000,0,12,974,1623,1569,1734,48
INS,153,1530000,0,0,625,1340,1389,1796,71
INS,154,1540000,18,14,346,1097,1128,1805,114
INS,155,1550000,0,0,0,707,867,1760,81
INS,156,1560000,0,23,0,334,598,1637,124
INS,157,1570000,0,0,7,18,270,1446,58
INS,158,1580000,0,33,11,16,0,1208,114
INS,159,1590000,5,0,0,0,0,957,81
INS,160,1600000,21,0,27,0,0,616,56
INS,161,1610000,0,0,16,31,0,274,242
INS,162,1620000,6,0,0,0,4,10,214
INS,163,1630000,0,0,12,0,25,2,250
INS,164,1640000,0,0,0,25,22,51,70
INS,165,1650000,12,4,73,0,0,0,78
INS,166,1660000,52,7,21,7,0,0,93
INS,167,1670000,14,1,28,0,21,31,118
INS,168,1680000,18,0,22,17,0,10,107
INS,169,1690000,27,19,11,0,0,0,114
INS,170,1700000,50,0,0,0,11,4,139
INS,171,1710000,27,36,17,4,4,0,179
INS,172,1720000,0,0,0,0,0,0,108
INS,173,1730000,24,16,0,0,1,0,166
INS,174,1740000,15,24,4,7,20,0,212
INS,175,1750000,6,0,21,0,60,0,246
INS,176,1760000,0,0,6,29,0,25,236
INS,177,1770000,22,0,0,10,0,50,19
INS,178,1780000,0,0,0,0,0,0,210
INS,179,1790000,0,0,0,23,0,31,25
INS,180,1800000,0,0,0,0,6,5,255
INS,181,1810000,0,5,0,0,0,0,10
INS,182,1820000,0,42,0,0,0,17,81
INS,183,1830000,18,0,2,11,0,21,91
INS,184,1840000,0,0,0,0,11,0,67
INS,185,1850000,12,2,12,0,0,0,99
INS,186,1860000,0,0,34,9,45,3,181
INS,187,1870000,0,21,36,0,11,4,179
INS,188,1880000,26,0,36,5,1,0,192
INS,189,1890000,0,0,32,0,28,53,254
INS,190,1900000,33,0,0,16,8,7,222
INS,191,1910000,0,19,0,0,0,15,209
INS,192,1920000,0,0,17,0,2,0,211
INS,193,1930000,0,0,14,25,0,0,248
INS,194,1940000,16,0,0,0,18,27,31
INS,195,1950000,0,22,0,38,15,0,62
INS,196,1960000,5,0,0,0,0,0,9
INS,197,1970000,0,24,15,0,0,29,89
INS,198,1980000,18,41,25,0,47,0,169
INS,199,1990000,0,0,0,5,17,24,101
INS,200,2000000,0,0,0,0,22,0,94
INS,201,2010000,276,0,8,17,0,27,161
INS,202,2020000,673,1,0,0,51,0,63
INS,203,2030000,981,54,0,0,0,6,140
INS,204,2040000,1289,0,0,0,2,0,151
INS,205,2050000,1582,54,22,1,21,0,45
INS,206,2060000,1863,17,0,12,0,13,31
INS,207,2070000,2184,41,53,20,38,0,223
INS,208,2080000,2329,0,6,25,0,30,38
INS,209,2090000,2561,8,18,0,38,3,37
INS,210,2100000,2777,0,0,25,0,14,242
INS,211,2110000,2914,0,20,0,47,20,188
INS,212,2120000,3054,4,55,78,0,0,139
INS,213,2130000,3091,0,0,0,8,0,64
INS,214,2140000,3205,0,0,7,0,21,215
INS,215,2150000,3193,19,5,38,0,0,254
INS,216,2160000,3196,138,17,0,0,2,113
INS,217,2170000,3131,307,12,4,0,0,231
INS,218,2180000,3058,413,18,52,15,0,94
INS,219,2190000,2943,558,0,11,7,0,74
INS,220,2200000,2753,683,17,0,0,0,25
INS,221,2210000,2581,806,7,12,9,0,4
INS,222,2220000,2395,954,30,45,0,28,58
INS,223,2230000,2172,1037,0,21,2,26,137
INS,224,2240000,1889,1132,32,0,0,0,205
INS,225,2250000,1589,1170,14,0,0,0,198
INS,226,2260000,1302,1284,0,0,0,4,32
INS,227,2270000,1027,1372,0,38,1,0,153
INS,228,2280000,626,1378,0,0,27,26,45
INS,229,2290000,328,1412,0,0,8,0,9
INS,230,2300000,0,1378,0,0,7,0,175
INS,231,2310000,0,1368,385,29,43,0,120
INS,232,2320000,0,1395,626,8,27,1,113
INS,233,2330000,2,1354,964,342,0,13,236
INS,234,2340000,11,1275,1270,696,18,14,94
INS,235,2350000,15,1240,1517,1049,10,7,153
INS,236,2360000,0,1095,1801,1328,266,0,54
INS,237,2370000,45,1080,1988,1698,567,3,194
INS,238,2380000,0,935,2198,1911,835,0,197
INS,239,2390000,0,813,2328,2127,1138,35,8
INS,240,2400000,33,704,2451,2364,1388,28,40
INS,241,2410000,6,577,2514,2583,1625,0,138
INS,242,2420000,15,444,2578,2670,1771,6,78
INS,243,2430000,3,301,2623,2762,1936,0,236
INS,244,2440000,0,169,2532,2806,2050,0,185
INS,245,2450000,9,26,2478,2820,2174,0,152
INS,246,2460000,0,16,2314,2729,2212,318,251
INS,247,2470000,0,0,2202,2642,2195,634,96
INS,248,2480000,0,0,2045,2491,2145,937,58
INS,249,2490000,0,0,1784,2360,2055,1176,88
INS,250,2500000,0,0,1486,2169,1921,1430,248
INS,251,2510000,48,0,1310,1932,1827,1598,230
INS,252,2520000,0,0,958,1661,1578,1723,220
INS,253,2530000,17,0,627,1365,1365,1764,223
INS,254,2540000,10,1,282,1059,1147,1783,152
INS,255,2550000,32,0,0,671,859,1717,190
INS,256,2560000,0,2,0,352,612,1600,6
INS,257,2570000,0,2,0,0,307,1446,236
INS,258,2580000,5,13,13,0,19,1190,250
INS,259,2590000,28,0,0,0,2,979,36
INS,260,2600000,29,9,42,9,0,606,251
INS,261,2610000,11,0,32,0,44,315,231
INS,262,2620000,0,2,0,0,0,12,116
INS,263,2630000,14,0,3,30,1,0,167
INS,264,2640000,5,0,0,31,20,0,192
INS,265,2650000,11,20,0,25,27,14,250
INS,266,2660000,17,0,24,15,40,0,10
INS,267,2670000,0,0,0,16,20,23,246
INS,268,2680000,13,5,21,8,40,0,35
INS,269,2690000,0,10,27,0,0,0,2
INS,270,2700000,0,9,0,1,17,0,9
INS,271,2710000,25,0,47,13,35,29,148
INS,272,2720000,38,0,0,1,0,48,103
INS,273,2730000,9,0,4,19,0,20,85
INS,274,2740000,11,2,25,30,38,0,156
INS,275,2750000,0,12,0,36,15,53,183
INS,276,2760000,4,0,35,0,0,25,148
INS,277,2770000,13,0,0,38,0,0,152
INS,278,2780000,0,0,26,0,0,39,183
INS,279,2790000,0,0,0,1,0,18,154
INS,280,2800000,0,0,0,20,0,7,179
INS,281,2810000,1,0,0,0,0,31,201
INS,282,2820000,10,0,0,26,0,3,225
INS,283,2830000,0,0,0,5,25,14,247
INS,284,2840000,4,46,0,0,10,0,24
INS,285,2850000,31,0,51,0,0,0,63
INS,286,2860000,0,16,22,0,14,0,50
INS,287,2870000,18,10,0,0,0,0,43
INS,288,2880000,6,3,0,0,17,0,58
INS,289,2890000,44,38,13,3,19,0,166
INS,290,2900000,21,0,42,25,9,29,192
INS,291,2910000,6,40,38,0,0,0,167
INS,292,2920000,0,0,0,13,0,17,130
INS,293,2930000,0,47,27,6,50,39,30
INS,294,2940000,29,11,0,79,6,3,6
INS,295,2950000,0,21,4,0,6,0,182
INS,296,2960000,0,16,0,44,0,1,229
INS,297,2970000,8,0,0,0,0,34,227
INS,298,2980000,10,0,24,0,0,0,236
INS,299,2990000,0,22,0,35,63,0,83
INS,300,3000000,12,2,0,1,0,13,8
INS,301,3010000,362,2,0,29,0,21,155
INS,302,3020000,639,0,11,0,0,12,164
INS,303,3030000,984,0,31,0,0,45,67
INS,304,3040000,1308,0,26,0,0,12,114
INS,305,3050000,1573,0,0,23,0,0,125
INS,306,3060000,1889,9,21,0,0,14,223
INS,307,3070000,2168,0,0,0,0,0,219
INS,308,3080000,2396,8,0,33,0,18,11
INS,309,3090000,2605,0,0,27,0,0,205
INS,310,3100000,2781,0,0,0,1,35,151
INS,311,3110000,2900,0,22,2,43,0,62
INS,312,3120000,3036,0,0,11,0,0,159
INS,313,3130000,3109,32,0,37,0,2,53
INS,314,3140000,3169,0,0,0,8,0,67
INS,315,3150000,3232,0,11,34,22,0,206
INS,316,3160000,3194,174,35,8,22,8,109
INS,317,3170000,3111,261,0,8,0,6,71
INS,318,3180000,3016,415,10,0,0,0,143
INS,319,3190000,2911,581,0,0,4,3,218
INS,320,3200000,2780,728,0,23,8,30,49
INS,321,3210000,2611,826,21,8,0,0,219
INS,322,3220000,2343,921,33,48,41,0,156
INS,323,3230000,2152,1029,46,0,0,0,14
INS,324,3240000,1892,1130,7,36,0,0,125
INS,325,3250000,1667,1215,21,0,23,10,13
INS,326,3260000,1289,1239,14,0,21,0,169
INS,327,3270000,991,1338,0,17,27,0,252
INS,328,3280000,663,1332,0,0,24,0,171
INS,329,3290000,353,1388,0,8,0,1,175
INS,330,3300000,0,1405,0,23,0,0,126
INS,331,3310000,22,1389,322,33,0,13,238
INS,332,3320000,0,1358,620,0,0,0,198
INS,333,3330000,3,1374,939,362,0,3,150
INS,334,3340000,0,1283,1235,731,4,24,251
INS,335,3350000,0,1250,1538,1070,0,2,83
INS,336,3360000,0,1141,1787,1358,278,4,40
INS,337,3370000,0,1084,2015,1677,613,0,110
INS,338,3380000,10,933,2225,1913,934,51,36
INS,339,3390000,0,839,2333,2132,1116,0,151
INS,340,3400000,5,689,2491,2417,1380,10,228
INS,341,3410000,0,582,2496,2533,1602,6,216
INS,342,3420000,44,452,2601,2627,1785,11,22
INS,343,3430000,20,318,2570,2762,1933,0,122
INS,344,3440000,0,139,2529,2793,2060,10,67
INS,345,3450000,10,0,2466,2798,2137,0,220
INS,346,3460000,4,0,2343,2729,2196,343,185
INS,347,3470000,0,0,2192,2644,2183,646,252
INS,348,3480000,7,0,1972,2549,2148,938,218
INS,349,3490000,0,0,1801,2370,2076,1226,94
INS,350,3500000,2,22,1504,2148,1884,1435,145
INS,351,3510000,15,0,1260,1944,1824,1613,79
INS,352,3520000,48,13,941,1643,1574,1727,154
INS,353,3530000,3,0,630,1298,1393,1814,131
INS,354,3540000,16,44,317,1049,1157,1836,197
INS,355,3550000,0,32,0,708,873,1724,156
INS,356,3560000,21,0,12,339,632,1656,8
INS,357,3570000,2,21,0,4,285,1445,146
INS,358,3580000,0,12,24,0,14,1212,180
INS,359,3590000,22,5,0,0,0,960,178
INS,360,3600000,42,3,25,0,0,631,165
INS,361,3610000,2,0,23,38,0,333,133
INS,362,3620000,0,14,0,0,18,7,49
INS,363,3630000,0,0,0,0,21,27,75
INS,364,3640000,35,0,5,27,0,29,140
INS,365,3650000,10,0,0,0,0,18,89
INS,366,3660000,0,22,0,0,34,14,148
INS,367,3670000,0,4,0,0,0,0,99
INS,368,3680000,0,3,0,0,0,0,115
INS,369,3690000,37,10,0,0,0,0,176
INS,370,3700000,0,14,46,0,0,0,206
INS,371,3710000,0,7,19,0,0,6,195
INS,372,3720000,0,0,0,27,31,0,238
INS,373,3730000,0,14,32,0,0,0,243
INS,374,3740000,0,0,4,0,0,2,220
INS,375,3750000,0,0,0,53,0,0,28
INS,376,3760000,33,21,25,0,14,0,85
INS,377,3770000,23,27,1,0,30,15,105
INS,378,3780000,32,45,0,0,0,22,125
INS,379,3790000,0,17,28,0,0,5,93
INS,380,3800000,0,20,26,0,1,0,107
INS,381,3810000,0,8,0,0,0,28,113
INS,382,3820000,0,0,0,8,10,0,112
INS,383,3830000,0,0,0,7,34,8,160
INS,384,3840000,5,18,8,13,0,0,172
INS,385,3850000,0,0,0,34,0,0,179
INS,386,3860000,17,11,0,0,0,14,204
INS,387,3870000,52,66,0,16,6,40,103
INS,388,3880000,0,6,0,13,0,6,221
INS,389,3890000,0,13,24,3,19,50,66
INS,390,3900000,0,9,0,0,0,17,0
INS,391,3910000,15,18,2,0,19,0,45
INS,392,3920000,0,1,0,7,17,0,33
INS,393,3930000,4,38,24,0,0,15,106
INS,394,3940000,23,0,32,4,0,0,101
INS,395,3950000,54,0,44,16,0,15,188
INS,396,3960000,0,12,0,0,0,0,88
INS,397,3970000,0,23,5,0,0,0,121
INS,398,3980000,3,0,0,0,13,9,135
INS,399,3990000,13,0,9,16,34,0,199
INS,400,4000000,0,29,0,0,0,0,173
INS,401,4010000,386,0,0,0,21,0,56
INS,402,4020000,653,0,0,26,0,0,89
INS,403,4030000,988,0,30,0,0,0,189
INS,404,4040000,1291,45,0,14,1,0,27
INS,405,4050000,1594,23,2,14,49,1,120
INS,406,4060000,1931,24,2,0,0,32,187
INS,407,4070000,2175,0,0,0,29,0,163
INS,408,4080000,2411,0,14,0,0,0,145
INS,409,4090000,2610,11,0,0,28,5,135
INS,410,4100000,2784,0,29,0,0,0,55
INS,411,4110000,2898,0,0,15,7,3,182
INS,412,4120000,3058,0,0,0,6,0,84
INS,413,4130000,3059,0,0,40,56,0,192
INS,414,4140000,3177,0,3,31,21,14,44
INS,415,4150000,3221,0,0,0,25,15,76
INS,416,4160000,3201,136,37,33,0,3,242
INS,417,4170000,3124,322,0,24,0,0,63
INS,418,4180000,3071,424,0,0,32,0,137
INS,419,4190000,2953,561,24,11,47,2,225
INS,420,4200000,2769,704,12,13,0,18,160
INS,421,4210000,2586,784,44,10,58,0,143
INS,422,4220000,2364,916,4,0,30,34,26
INS,423,4230000,2166,995,0,0,3,0,115
INS,424,4240000,1859,1151,0,0,25,16,19
INS,425,4250000,1606,1159,6,0,0,0,12
INS,426,4260000,1300,1279,0,3,33,36,165
INS,427,4270000,963,1315,0,57,13,60,195
INS,428,4280000,662,1376,18,0,17,0,133
INS,429,4290000,269,1386,0,20,17,0,25
INS,430,4300000,0,1389,31,25,7,0,58
INS,431,4310000,20,1370,328,0,23,0,108
INS,432,4320000,64,1399,648,3,0,0,242
INS,433,4330000,0,1340,936,348,0,0,1
INS,434,4340000,0,1237,1281,707,30,23,160
INS,435,4350000,0,1171,1522,995,9,20,104
INS,436,4360000,0,1132,1791,1306,301,4,170
INS,437,4370000,45,1037,1992,1580,594,0,133
INS,438,4380000,0,986,2179,1913,878,37,127
INS,439,4390000,0,792,2401,2135,1138,10,115
INS,440,4400000,24,710,2475,2390,1401,26,170
INS,441,4410000,2,575,2588,2535,1612,0,217
INS,442,4420000,0,449,2586,2666,1815,1,183
INS,443,4430000,0,253,2552,2825,1950,0,7
INS,444,4440000,23,150,2507,2812,2051,0,243
INS,445,4450000,19,19,2477,2787,2168,22,209
INS,446,4460000,38,0,2391,2787,2184,299,177
INS,447,4470000,2,0,2193,2621,2201,653,165
INS,448,4480000,0,0,2004,2528,2187,945,176
INS,449,4490000,4,0,1790,2379,2072,1244,18
INS,450,4500000,0,0,1537,2195,1939,1428,157
INS,451,4510000,6,0,1252,1885,1782,1620,132
INS,452,4520000,24,24,947,1646,1588,1759,104
INS,453,4530000,66,6,675,1354,1416,1798,216
INS,454,4540000,0,31,279,1057,1080,1854,243
INS,455,4550000,28,0,2,707,892,1696,52
INS,456,4560000,7,4,0,320,650,1635,128
INS,457,4570000,0,25,27,0,282,1434,65
INS,458,4580000,0,0,0,24,0,1205,55
INS,459,4590000,24,0,20,0,0,985,128
INS,460,4600000,0,14,0,0,2,626,14
INS,461,4610000,34,0,22,7,0,331,39
INS,462,4620000,6,0,40,0,0,0,220
INS,463,4630000,30,0,0,47,0,0,12
INS,464,4640000,32,0,0,0,0,0,240
INS,465,4650000,0,7,0,32,5,0,13
INS,466,4660000,27,0,76,12,0,0,101
INS,467,4670000,0,0,59,0,0,0,62
INS,468,4680000,0,0,0,22,0,0,42
INS,469,4690000,11,10,0,0,12,0,70
INS,470,4700000,0,0,0,0,0,33,87
INS,471,4710000,0,0,17,2,0,39,129
INS,472,4720000,0,0,0,0,80,30,198
INS,473,4730000,3,2,0,0,3,33,146
INS,474,4740000,20,2,16,0,22,0,182
INS,475,4750000,7,0,0,0,0,43,189
INS,476,4760000,65,28,17,24,0,9,43
INS,477,4770000,15,6,0,5,7,0,206
INS,478,4780000,0,1,0,37,0,0,228
INS,479,4790000,0,18,49,56,23,30,127
INS,480,4800000,0,11,37,0,0,0,16
INS,481,4810000,0,0,0,2,0,0,243
INS,482,4820000,24,11,0,0,0,0,37
INS,483,4830000,51,27,0,0,25,11,133
INS,484,4840000,0,19,0,0,0,50,105
INS,485,4850000,0,12,21,11,0,0,97
INS,486,4860000,12,58,33,0,17,5,195
INS,487,4870000,0,30,0,0,0,0,117
INS,488,4880000,0,35,6,0,25,4,174
INS,489,4890000,9,0,27,0,0,8,165
INS,490,4900000,0,31,4,0,37,29,239
INS,491,4910000,0,2,0,0,0,28,185
INS,492,4920000,12,31,0,21,0,6,242
INS,493,4930000,0,9,0,0,0,0,198
INS,494,4940000,15,29,4,7,47,0,52
INS,495,4950000,0,0,0,0,10,0,233
INS,496,4960000,0,0,0,24,44,9,61
INS,497,4970000,0,0,0,0,9,30,40
INS,498,4980000,23,0,0,25,0,21,87
INS,499,4990000,0,0,18,22,1,0,76
INS,500,5000000,0,42,9,23,17,0,143
INS,501,5010000,320,0,0,19,12,0,164
INS,502,5020000,653,0,10,21,13,36,51
INS,503,5030000,1009,0,0,1,0,0,89
INS,504,5040000,1258,0,30,0,12,0,140
INS,505,5050000,1565,0,0,2,6,4,178
INS,506,5060000,1872,22,14,9,11,0,34
INS,507,5070000,2152,25,0,0,10,0,54
INS,508,5080000,2387,19,0,0,0,0,34
INS,509,5090000,2641,17,10,8,0,0,65
INS,510,5100000,2779,22,29,0,0,0,236
INS,511,5110000,2911,0,28,0,0,0,106
INS,512,5120000,3089,0,0,0,0,10,27
INS,513,5130000,3144,1,0,5,21,0,116
INS,514,5140000,3173,0,0,19,19,49,222
INS,515,5150000,3145,0,58,17,0,0,199
INS,516,5160000,3192,181,0,38,0,0,151
INS,517,5170000,3103,288,55,0,3,0,206
INS,518,5180000,3068,433,0,30,11,0,60
INS,519,5190000,2941,599,0,0,0,0,75
INS,520,5200000,2778,716,0,25,13,0,84
INS,521,5210000,2621,803,2,4,0,33,32
INS,522,5220000,2418,942,0,29,14,0,245
INS,523,5230000,2167,1054,0,8,0,8,96
INS,524,5240000,1893,1151,37,0,27,19,3
INS,525,5250000,1591,1234,26,2,18,5,25
INS,526,5260000,1267,1286,6,4,8,0,249
INS,527,5270000,972,1349,14,16,0,0,46
INS,528,5280000,617,1351,0,0,36,6,234
INS,529,5290000,291,1401,28,9,25,8,3
INS,530,5300000,41,1392,0,0,26,0,229
INS,531,5310000,0,1411,274,6,1,17,240
INS,532,5320000,0,1345,653,11,53,1,99
INS,533,5330000,0,1393,899,333,9,0,175
INS,534,5340000,0,1327,1294,693,0,41,145
INS,535,5350000,16,1243,1525,1022,28,0,129
INS,536,5360000,18,1166,1786,1346,279,72,211
INS,537,5370000,16,1057,2023,1635,621,23,168
INS,538,5380000,0,965,2186,1870,880,24,223
INS,539,5390000,33,804,2367,2165,1192,8,116
INS,540,5400000,19,717,2488,2377,1387,9,49
INS,541,5410000,0,580,2549,2503,1595,1,41
INS,542,5420000,0,463,2572,2633,1802,0,44
INS,543,5430000,11,331,2614,2765,1928,0,240
INS,544,5440000,16,155,2559,2856,2074,0,12
INS,545,5450000,12,0,2449,2772,2149,0,7
INS,546,5460000,25,0,2312,2723,2190,317,209
INS,547,5470000,0,0,2221,2668,2161,640,93
INS,548,5480000,1,0,1998,2576,2167,914,76
INS,549,5490000,1,0,1786,2385,2092,1212,169
INS,550,5500000,14,3,1518,2173,1940,1449,63
INS,551,5510000,0,0,1255,1891,1780,1589,10
INS,552,5520000,0,16,961,1629,1585,1736,207
INS,553,5530000,0,36,578,1335,1410,1797,221
INS,554,5540000,0,2,328,1027,1125,1825,157
INS,555,5550000,0,0,22,678,857,1717,165
INS,556,5560000,37,23,14,304,546,1620,220
INS,557,5570000,0,34,25,0,290,1428,238
INS,558,5580000,0,0,43,0,0,1160,193
INS,559,5590000,0,34,0,21,0,970,32
INS,560,5600000,33,24,0,0,1,646,240
INS,561,5610000,0,0,0,38,0,309,156
INS,562,5620000,0,36,0,0,0,0,118
INS,563,5630000,0,0,0,0,0,0,99
INS,564,5640000,30,0,0,0,0,14,160
INS,565,5650000,43,0,4,0,0,41,221
INS,566,5660000,29,0,0,18,24,20,241
INS,567,5670000,20,17,0,44,10,0,2
INS,568,5680000,0,5,0,8,0,0,197
INS,569,5690000,0,19,0,0,0,0,220
INS,570,5700000,0,23,24,0,0,46,55
INS,571,5710000,6,22,0,0,42,0,49
INS,572,5720000,0,5,0,0,0,3,4
INS,573,5730000,36,11,28,0,9,0,97
INS,574,5740000,0,65,48,0,1,9,153
INS,575,5750000,0,0,0,0,19,0,66
INS,576,5760000,0,0,0,0,63,0,127
INS,577,5770000,23,52,6,12,0,0,174
INS,578,5780000,16,0,6,2,29,0,151
INS,579,5790000,8,26,0,0,20,0,169
INS,580,5800000,0,24,3,37,15,10,221
INS,581,5810000,0,39,13,29,11,0,241
INS,582,5820000,0,46,0,27,0,11,250
INS,583,5830000,0,17,7,0,0,0,207
INS,584,5840000,0,33,0,0,0,7,240
INS,585,5850000,0,28,0,0,22,0,11
INS,586,5860000,0,0,32,19,20,0,49
INS,587,5870000,37,0,12,0,36,0,80
INS,588,5880000,9,0,37,0,14,14,86
INS,589,5890000,14,16,0,0,0,0,59
INS,590,5900000,0,3,0,0,22,0,71
INS,591,5910000,0,0,0,4,2,0,69
INS,592,5920000,0,0,0,0,0,14,94
INS,593,5930000,0,37,0,7,2,0,143
INS,594,5940000,0,29,0,18,0,1,162
INS,595,5950000,10,13,0,0,1,32,187
INS,596,5960000,0,0,0,0,0,0,148
INS,597,5970000,2,29,0,36,0,22,254
INS,598,5980000,0,0,0,0,0,0,182
INS,599,5990000,0,21,0,0,10,0,230
INS,600,6000000,0,16,33,17,0,1,27
INS,601,6010000,325,0,36,0,16,15,113
INS,602,6020000,650,23,0,4,20,0,179
INS,603,6030000,991,13,13,17,0,0,21
INS,604,6040000,1292,0,0,0,0,0,40
INS,605,6050000,1583,0,0,0,0,0,92
INS,606,6060000,1871,34,0,0,0,24,199
INS,607,6070000,2158,11,5,41,1,27,18
INS,608,6080000,2418,0,29,0,30,11,24
INS,609,6090000,2576,0,0,1,21,0,151
INS,610,6100000,2765,45,0,0,0,22,146
INS,611,6110000,2954,0,0,5,0,0,34
INS,612,6120000,3053,27,0,0,0,0,172
INS,613,6130000,3173,14,2,14,0,12,68
INS,614,6140000,3177,20,0,0,43,1,111
INS,615,6150000,3238,42,0,28,40,3,238
INS,616,6160000,3198,164,11,0,0,0,21
INS,617,6170000,3108,288,0,0,61,0,122
INS,618,6180000,3118,457,8,0,21,25,55
INS,619,6190000,2940,575,14,0,2,44,18
INS,620,6200000,2824,673,9,0,0,0,222
INS,621,6210000,2590,844,33,2,0,0,202
INS,622,6220000,2372,950,0,0,13,0,85
INS,623,6230000,2182,1021,28,0,46,33,77
INS,624,6240000,1890,1132,8,2,8,9,89
INS,625,6250000,1587,1224,0,0,0,36,160
INS,626,6260000,1298,1281,0,0,0,24,189
INS,627,6270000,994,1289,0,28,0,0,170
INS,628,6280000,660,1325,14,0,11,3,145
INS,629,6290000,332,1381,0,47,4,18,187
INS,630,6300000,28,1424,0,3,27,0,160
INS,631,6310000,6,1368,332,0,0,0,145
INS,632,6320000,0,1328,668,0,0,0,196
INS,633,6330000,17,1329,940,317,5,0,57
INS,634,6340000,0,1285,1246,759,13,8,9
INS,635,6350000,0,1187,1511,1012,0,9,178
INS,636,6360000,8,1183,1748,1332,314,7,44
INS,637,6370000,0,1042,2008,1682,591,0,24
INS,638,6380000,17,938,2190,1953,881,28,213
INS,639,6390000,0,790,2352,2166,1112,0,131
INS,640,6400000,0,708,2478,2314,1363,0,79
INS,641,6410000,0,509,2508,2529,1625,1,149
INS,642,6420000,0,421,2551,2677,1807,0,194
INS,643,6430000,27,313,2568,2709,1937,0,53
INS,644,6440000,17,136,2527,2803,2087,28,114
INS,645,6450000,0,21,2531,2767,2134,0,242
INS,646,6460000,8,0,2345,2757,2164,297,121
INS,647,6470000,4,44,2233,2617,2236,676,121
INS,648,6480000,24,0,2006,2574,2132,955,19
INS,649,6490000,0,68,1781,2351,2091,1194,86
INS,650,6500000,11,12,1493,2156,1883,1428,113
INS,651,6510000,0,1,1247,1929,1794,1583,213
INS,652,6520000,0,0,940,1655,1596,1754,133
INS,653,6530000,0,13,633,1322,1392,1790,123
INS,654,6540000,0,0,339,1013,1124,1803,37
INS,655,6550000,0,0,17,685,887,1708,96
INS,656,6560000,0,48,21,355,603,1573,184
INS,657,6570000,0,27,0,47,296,1428,167
INS,658,6580000,0,39,44,17,0,1193,191
INS,659,6590000,0,0,0,0,0,958,129
INS,660,6600000,0,9,8,18,0,602,81
INS,661,6610000,3,17,0,0,0,337,74
INS,662,6620000,0,11,0,0,0,12,13
INS,663,6630000,0,33,33,0,3,51,127
INS,664,6640000,13,36,0,0,27,12,112
INS,665,6650000,0,0,0,14,43,1,99
INS,666,6660000,19,4,0,6,0,0,87
INS,667,6670000,6,0,52,0,0,0,133
INS,668,6680000,15,9,0,7,0,3,126
INS,669,6690000,0,0,11,0,13,8,141
INS,670,6700000,30,17,34,0,20,9,236
INS,671,6710000,43,0,40,0,9,0,235
INS,672,6720000,18,21,17,21,0,0,237
INS,673,6730000,0,0,16,0,12,0,205
INS,674,6740000,3,0,4,0,42,0,243
INS,675,6750000,20,0,0,0,0,0,231
INS,676,6760000,4,3,8,0,0,0,243
INS,677,6770000,0,0,0,0,0,0,245
INS,678,6780000,0,0,19,55,0,0,80
INS,679,6790000,15,0,7,21,0,0,66
INS,680,6800000,0,0,21,0,0,0,61
INS,681,6810000,1,15,21,14,9,5,122
INS,682,6820000,31,0,55,0,8,31,199
INS,683,6830000,0,0,0,0,3,0,94
INS,684,6840000,0,31,3,0,0,6,148
INS,685,6850000,0,0,22,0,0,0,147
INS,686,6860000,0,0,11,0,24,0,177
INS,687,6870000,5,27,0,0,0,23,214
INS,688,6880000,0,38,2,9,14,10,249
INS,689,6890000,5,15,11,0,0,19,243
INS,690,6900000,0,4,0,0,24,31,13
INS,691,6910000,0,25,0,0,0,9,5
INS,692,6920000,0,32,4,0,23,0,47
INS,693,6930000,0,13,0,5,0,13,36
INS,694,6940000,0,0,0,0,0,0,22
INS,695,6950000,5,0,0,12,2,0,58
INS,696,6960000,12,12,12,0,4,21,117
INS,697,6970000,0,17,0,0,34,0,124
INS,698,6980000,0,1,0,8,0,0,99
INS,699,6990000,18,14,16,12,0,0,167
INS,700,7000000,5,0,0,9,0,0,138
INS,701,7010000,346,32,0,0,0,27,34
INS,702,7020000,649,39,31,29,1,28,167
INS,703,7030000,1010,6,0,0,0,0,167
INS,704,7040000,1312,0,0,0,0,0,224
INS,705,7050000,1621,0,19,0,0,40,97
INS,706,7060000,1935,16,0,8,0,0,137
INS,707,7070000,2132,54,0,14,10,27,176
INS,708,7080000,2326,0,37,20,0,0,83
INS,709,7090000,2614,0,0,0,0,31,106
INS,710,7100000,2757,0,39,0,0,0,18
INS,711,7110000,2894,0,0,0,0,5,138
INS,712,7120000,3048,25,38,0,9,8,128
INS,713,7130000,3110,20,0,28,38,4,217
INS,714,7140000,3165,8,12,2,0,12,233
INS,715,7150000,3199,28,12,32,13,11,90
INS,716,7160000,3192,165,30,15,5,0,219
INS,717,7170000,3151,304,0,0,0,3,31
INS,718,7180000,3079,415,1,0,8,24,117
INS,719,7190000,2885,603,0,9,0,0,104
INS,720,7200000,2812,743,0,0,0,39,218
INS,721,7210000,2576,821,0,7,35,0,80
INS,722,7220000,2372,948,11,12,60,0,61
INS,723,7230000,2093,1059,9,0,0,6,98
INS,724,7240000,1852,1103,0,71,16,14,4
INS,725,7250000,1591,1232,3,0,3,0,50
INS,726,7260000,1282,1302,22,3,7,41,151
INS,727,7270000,995,1328,56,9,0,29,184
INS,728,7280000,640,1376,0,0,0,0,56
INS,729,7290000,335,1379,4,0,27,0,58
INS,730,7300000,54,1378,26,27,8,0,79
INS,731,7310000,0,1361,318,0,0,16,42
INS,732,7320000,3,1357,662,0,4,19,153
INS,733,7330000,0,1316,931,306,6,34,206
INS,734,7340000,0,1306,1227,642,0,25,62
INS,735,7350000,1,1167,1537,1021,64,13,170
INS,736,7360000,0,1135,1793,1311,259,0,114
INS,737,7370000,10,1062,2016,1683,584,0,220
INS,738,7380000,0,949,2226,1895,858,35,77
INS,739,7390000,3,844,2358,2159,1145,13,141
INS,740,7400000,16,690,2452,2379,1358,29,48
INS,741,7410000,34,632,2573,2506,1585,0,215
INS,742,7420000,7,389,2602,2634,1803,12,93
INS,743,7430000,18,331,2601,2813,1959,0,129
INS,744,7440000,21,191,2558,2791,2082,46,113
INS,745,7450000,0,0,2494,2802,2163,10,166
INS,746,7460000,0,0,2372,2720,2149,332,31
INS,747,7470000,46,0,2176,2682,2209,617,205
INS,748,7480000,0,0,2032,2518,2184,942,168
INS,749,7490000,15,0,1838,2361,2078,1189,246
INS,750,7500000,7,0,1536,2159,1936,1453,129
INS,751,7510000,10,0,1231,1904,1826,1579,117
INS,752,7520000,21,50,932,1627,1583,1729,38
INS,753,7530000,0,14,638,1307,1385,1822,47
INS,754,7540000,0,5,357,1073,1136,1795,32
INS,755,7550000,4,4,35,685,889,1752,76
INS,756,7560000,0,0,21,346,611,1614,84
INS,757,7570000,39,0,0,0,284,1421,21
INS,758,7580000,0,25,0,50,7,1241,129
INS,759,7590000,33,0,41,21,0,949,123
INS,760,7600000,5,2,0,0,39,672,70
INS,761,7610000,17,24,0,0,0,371,37
INS,762,7620000,0,0,25,0,0,36,215
INS,763,7630000,0,0,0,0,0,10,181
INS,764,7640000,29,0,7,14,34,0,16
INS,765,7650000,0,34,0,0,16,52,51
INS,766,7660000,0,0,0,0,0,0,222
INS,767,7670000,21,0,0,24,0,4,32
INS,768,7680000,0,3,27,5,0,0,35
INS,769,7690000,21,0,30,0,0,0,68
INS,770,7700000,0,19,0,6,27,0,86
INS,771,7710000,0,0,33,13,0,4,101
INS,772,7720000,0,12,32,0,0,0,112
INS,773,7730000,3,23,0,35,0,0,146
INS,774,7740000,12,31,0,0,0,39,184
INS,775,7750000,0,26,42,0,14,0,201
INS,776,7760000,41,0,0,17,33,4,231
INS,777,7770000,0,0,5,28,0,7,193
INS,778,7780000,4,9,23,39,0,12,1
INS,779,7790000,19,0,0,0,0,0,206
INS,780,7800000,0,0,33,16,0,37,34
INS,781,7810000,0,0,1,16,0,0,238
INS,782,7820000,29,11,27,39,6,0,94
INS,783,7830000,18,0,0,14,0,40,71
INS,784,7840000,0,13,0,0,13,0,42
INS,785,7850000,8,0,0,1,14,0,56
INS,786,7860000,32,18,11,0,0,0,111
INS,787,7870000,12,14,0,45,35,0,173
INS,788,7880000,6,0,0,0,12,0,102
INS,789,7890000,0,0,2,0,0,19,122
INS,790,7900000,4,0,0,19,26,0,167
INS,791,7910000,7,17,0,20,19,0,198
INS,792,7920000,33,37,0,0,0,11,233
INS,793,7930000,1,0,13,0,0,8,191
INS,794,7940000,35,5,0,4,33,0,7
INS,795,7950000,0,0,0,0,4,0,207
INS,796,7960000,11,0,0,0,13,26,14
INS,797,7970000,0,20,4,8,0,36,49
INS,798,7980000,0,15,0,0,0,0,13
INS,799,7990000,0,0,0,0,25,18,58
INS,800,8000000,10,41,34,16,16,0,149
INS,801,8010000,350,0,16,36,35,0,230
INS,802,8020000,693,0,46,0,26,20,83
INS,803,8030000,1021,0,0,42,0,0,122
INS,804,8040000,1259,0,10,0,0,0,89
INS,805,8050000,1610,21,0,0,8,0,220
INS,806,8060000,1890,0,7,0,2,5,246
INS,807,8070000,2101,32,0,11,26,16,33
INS,808,8080000,2425,0,0,0,0,0,33
INS,809,8090000,2558,0,66,46,0,0,39
INS,810,8100000,2801,32,20,33,13,23,52
INS,811,8110000,2934,0,0,0,0,0,81
INS,812,8120000,3063,23,8,0,0,0,2
INS,813,8130000,3103,0,0,0,13,0,41
INS,814,8140000,3217,0,0,19,0,10,188
INS,815,8150000,3213,0,0,16,16,0,204
INS,816,8160000,3180,169,1,0,0,20,90
INS,817,8170000,3081,328,50,0,0,0,196
INS,818,8180000,3075,424,6,37,2,11,53
INS,819,8190000,2926,549,0,0,46,18,54
INS,820,8200000,2731,733,28,0,6,40,70
INS,821,8210000,2604,828,0,13,0,0,250
INS,822,8220000,2391,953,17,13,8,0,204
INS,823,8230000,2111,1048,23,14,0,0,35
INS,824,8240000,1855,1111,7,24,0,15,124
INS,825,8250000,1560,1165,0,0,0,0,110
INS,826,8260000,1346,1294,0,25,14,0,81
INS,827,8270000,1035,1276,0,0,0,0,242
INS,828,8280000,630,1368,5,3,25,13,248
INS,829,8290000,343,1397,0,1,0,0,218
INS,830,8300000,0,1459,52,15,0,0,20
INS,831,8310000,0,1371,344,0,33,37,40
INS,832,8320000,22,1368,654,0,0,26,86
INS,833,8330000,0,1364,955,389,50,8,31
INS,834,8340000,29,1286,1262,722,0,4,73
INS,835,8350000,50,1217,1499,987,0,9,37
INS,836,8360000,0,1097,1805,1311,302,0,39
INS,837,8370000,0,1037,2020,1689,596,0,115
INS,838,8380000,3,908,2199,1925,850,0,163
INS,839,8390000,3,842,2356,2179,1114,5,26
INS,840,8400000,9,716,2489,2355,1358,0,215
INS,841,8410000,10,569,2609,2555,1535,0,71
INS,842,8420000,38,455,2564,2680,1804,9,104
INS,843,8430000,56,284,2578,2710,1966,50,215
INS,844,8440000,12,158,2536,2757,2087,31,169
INS,845,8450000,23,37,2452,2781,2190,0,88
INS,846,8460000,0,0,2351,2763,2198,289,223
INS,847,8470000,21,30,2189,2614,2209,641,87
INS,848,8480000,0,14,2062,2586,2124,976,162
INS,849,8490000,44,0,1814,2361,2079,1197,168
INS,850,8500000,2,9,1566,2194,1967,1447,131
INS,851,8510000,0,0,1256,1883,1873,1624,111
INS,852,8520000,32,10,961,1632,1612,1720,227
INS,853,8530000,31,32,650,1338,1426,1779,45
INS,854,8540000,0,0,315,1015,1164,1757,81
INS,855,8550000,0,0,22,698,846,1723,160
INS,856,8560000,0,0,16,365,565,1627,229
INS,857,8570000,20,19,0,0,328,1438,246
INS,858,8580000,0,56,0,9,0,1262,41
INS,859,8590000,0,3,0,0,0,925,171
INS,860,8600000,31,14,20,53,19,682,79
INS,861,8610000,0,0,9,5,0,313,116
INS,862,8620000,7,7,0,0,6,60,142
INS,863,8630000,10,0,6,10,0,4,109
INS,864,8640000,0,0,0,0,0,8,104
INS,865,8650000,0,15,34,2,25,0,189
INS,866,8660000,16,0,0,19,0,0,165
INS,867,8670000,3,0,0,0,0,0,150
INS,868,8680000,0,3,0,1,56,0,224
INS,869,8690000,0,13,27,4,3,40,12
INS,870,8700000,0,0,0,0,0,28,226
INS,871,8710000,0,4,0,0,53,0,16
INS,872,8720000,25,20,57,7,0,0,85
INS,873,8730000,42,13,1,25,33,27,134
INS,874,8740000,15,2,0,0,0,28,55
INS,875,8750000,0,0,12,8,0,17,64
INS,876,8760000,11,24,26,0,23,0,128
INS,877,8770000,3,25,0,0,0,0,89
INS,878,8780000,0,0,0,10,36,9,133
INS,879,8790000,38,31,0,0,21,0,185
INS,880,8800000,41,0,0,10,0,0,163
INS,881,8810000,0,35,15,1,0,14,194
INS,882,8820000,0,0,20,27,0,0,193
INS,883,8830000,2,0,65,17,0,0,247
INS,884,8840000,0,0,27,0,0,0,207
INS,885,8850000,5,0,17,0,25,8,252
INS,886,8860000,9,0,0,5,2,31,5
INS,887,8870000,30,30,13,1,7,20,76
INS,888,8880000,0,2,0,14,40,0,48
INS,889,8890000,0,0,0,0,24,17,50
INS,890,8900000,52,0,2,0,14,0,94
INS,891,8910000,0,8,9,19,0,8,87
INS,892,8920000,0,0,31,0,0,33,124
INS,893,8930000,17,3,11,9,21,13,151
INS,894,8940000,44,2,0,0,0,0,140
INS,895,8950000,0,0,0,9,0,0,120
INS,896,8960000,0,49,21,3,9,0,210
INS,897,8970000,34,0,0,0,0,0,179
INS,898,8980000,0,0,0,21,13,0,196
INS,899,8990000,26,0,0,0,35,0,240
INS,900,9000000,22,21,0,19,22,0,24
INS,901,9010000,331,0,53,0,0,0,85
INS,902,9020000,667,25,0,22,39,0,215
INS,903,9030000,1005,44,0,25,0,13,54
INS,904,9040000,1336,0,0,18,0,46,128
INS,905,9050000,1562,0,22,29,0,0,102
INS,906,9060000,1871,0,26,1,0,1,149
INS,907,9070000,2144,23,35,0,9,0,222
INS,908,9080000,2392,18,0,0,0,0,182
INS,909,9090000,2564,11,0,0,16,38,162
INS,910,9100000,2820,0,0,10,4,0,128
INS,911,9110000,2946,0,0,27,0,57,85
INS,912,9120000,3037,0,24,0,0,22,155
INS,913,9130000,3065,46,16,0,12,4,232
INS,914,9140000,3172,15,0,16,15,55,123
INS,915,9150000,3220,1,0,13,23,0,124
INS,916,9160000,3161,173,0,17,0,11,246
INS,917,9170000,3143,260,2,0,36,21,107
INS,918,9180000,3025,442,0,0,0,21,150
INS,919,9190000,2915,591,0,0,0,41,226
INS,920,9200000,2786,756,3,17,0,37,39
INS,921,9210000,2612,823,8,15,13,58,242
INS,922,9220000,2408,926,0,0,40,17,121
INS,923,9230000,2082,1090,7,25,0,0,207
INS,924,9240000,1938,1124,25,0,6,19,132
INS,925,9250000,1589,1199,33,0,23,0,137
INS,926,9260000,1329,1303,19,17,30,0,8
INS,927,9270000,1002,1312,0,24,39,0,216
INS,928,9280000,670,1392,21,0,5,0,200
INS,929,9290000,329,1446,0,0,0,0,160
INS,930,9300000,0,1366,0,0,0,1,25
INS,931,9310000,0,1388,320,39,0,0,166
INS,932,9320000,0,1389,666,45,0,5,29
INS,933,9330000,2,1328,948,370,0,0,77
INS,934,9340000,0,1237,1246,692,0,47,156
INS,935,9350000,0,1141,1575,1073,0,10,238
INS,936,9360000,0,1142,1768,1339,309,12,2
INS,937,9370000,16,1016,1956,1647,614,0,186
INS,938,9380000,9,893,2177,1941,880,0,86
INS,939,9390000,10,771,2388,2140,1154,19,173
INS,940,9400000,0,656,2475,2360,1449,23,159
INS,941,9410000,0,579,2548,2509,1627,0,220
INS,942,9420000,38,430,2552,2700,1788,0,226
INS,943,9430000,8,266,2577,2749,1986,0,65
INS,944,9440000,65,207,2504,2799,2050,0,121
INS,945,9450000,13,5,2460,2793,2193,0,233
INS,946,9460000,0,0,2348,2697,2202,349,126
INS,947,9470000,1,0,2208,2642,2194,689,25
INS,948,9480000,1,0,2013,2539,2128,1004,249
INS,949,9490000,9,0,1776,2340,2139,1231,76
INS,950,9500000,0,0,1481,2155,1953,1451,150
INS,951,9510000,0,2,1247,1871,1791,1627,177
INS,952,9520000,0,5,970,1648,1619,1777,187
INS,953,9530000,21,51,656,1325,1376,1799,181
INS,954,9540000,0,2,324,1006,1123,1807,0
INS,955,9550000,24,18,0,713,861,1749,144
INS,956,9560000,0,0,25,304,541,1581,15
INS,957,9570000,15,35,65,29,267,1426,186
INS,958,9580000,10,11,51,0,0,1194,144
INS,959,9590000,19,29,0,32,0,945,176
INS,960,9600000,0,0,48,0,0,631,103
INS,961,9610000,48,0,7,24,5,350,131
INS,962,9620000,23,37,0,0,0,0,30
INS,963,9630000,0,0,12,0,45,14,58
INS,964,9640000,0,0,47,0,0,12,63
INS,965,9650000,0,1,0,32,45,0,99
INS,966,9660000,0,19,27,17,0,29,130
INS,967,9670000,16,39,0,0,22,35,167
INS,968,9680000,36,40,13,87,0,34,26
INS,969,9690000,0,0,4,0,26,0,119
INS,970,9700000,13,44,3,54,12,10,242
INS,971,9710000,0,0,33,44,42,89,75
INS,972,9720000,0,0,8,0,0,0,148
INS,973,9730000,23,0,21,9,0,0,210
INS,974,9740000,6,0,0,0,0,12,192
INS,975,9750000,0,0,0,0,22,0,213
INS,976,9760000,0,0,0,0,1,0,209
INS,977,9770000,0,6,0,0,11,43,29
INS,978,9780000,0,16,0,77,0,0,79
INS,979,9790000,0,0,5,0,1,35,44
INS,980,9800000,4,0,20,47,58,0,149
INS,981,9810000,10,0,24,22,0,0,93
INS,982,9820000,6,33,0,0,19,0,112
INS,983,9830000,20,0,4,0,17,10,122
INS,984,9840000,72,0,0,0,19,9,188
INS,985,9850000,0,8,0,5,11,5,134
INS,986,9860000,0,19,17,47,7,0,212
INS,987,9870000,0,20,7,0,0,45,211
INS,988,9880000,6,23,0,0,0,0,185
INS,989,9890000,9,4,1,29,22,0,238
INS,990,9900000,0,0,0,21,16,52,23
INS,991,9910000,4,15,17,13,52,0,52
INS,992,9920000,3,24,0,44,0,5,44
INS,993,9930000,9,0,0,0,0,0,250
INS,994,9940000,0,0,0,33,37,0,72
INS,995,9950000,0,0,0,0,0,13,32
INS,996,9960000,0,0,38,0,0,0,74
INS,997,9970000,0,15,0,2,38,0,108
INS,998,9980000,0,5,4,0,0,0,79
INS,999,9990000,0,0,0,0,0,0,87
INS,1000,10000000,4,0,43,0,0,0,151
INS,1001,10010000,341,4,3,24,0,23,4
INS,1002,10020000,642,0,24,0,0,13,49
INS,1003,10030000,967,0,29,16,34,0,177
INS,1004,10040000,1312,0,27,17,0,17,9
INS,1005,10050000,1614,0,0,17,17,0,45
INS,1006,10060000,1887,0,8,0,0,64,117
INS,1007,10070000,2165,12,16,0,7,0,119
INS,1008,10080000,2382,28,0,0,13,12,115
INS,1009,10090000,2548,11,3,0,17,0,20
INS,1010,10100000,2771,0,18,0,0,51,42
INS,1011,10110000,2913,0,61,0,28,22,243
INS,1012,10120000,3033,0,14,0,0,40,67
INS,1013,10130000,3131,42,0,0,0,0,170
INS,1014,10140000,3143,22,0,0,0,0,179
INS,1015,10150000,3210,0,0,0,0,65,50
INS,1016,10160000,3231,115,21,0,12,0,171
INS,1017,10170000,3179,266,0,0,29,0,27
INS,1018,10180000,3042,470,0,25,21,31,159
INS,1019,10190000,2950,582,0,39,4,0,162
INS,1020,10200000,2750,687,10,0,0,0,51
INS,1021,10210000,2599,796,20,0,22,0,58
INS,1022,10220000,2386,890,0,28,0,0,198
INS,1023,10230000,2131,1076,47,0,0,19,184
INS,1024,10240000,1889,1162,0,0,20,0,255
INS,1025,10250000,1566,1245,10,8,0,0,30
INS,1026,10260000,1302,1291,0,17,18,62,164
INS,1027,10270000,1001,1322,2,3,20,0,95
INS,1028,10280000,665,1407,0,16,0,0,108
INS,1029,10290000,286,1383,9,0,0,0,227
INS,1030,10300000,0,1439,22,15,10,7,59
INS,1031,10310000,0,1388,309,0,48,16,88
INS,1032,10320000,13,1382,652,0,7,32,174
INS,1033,10330000,26,1306,984,323,2,0,234
INS,1034,10340000,0,1315,1252,716,10,0,135
INS,1035,10350000,0,1191,1542,1025,0,13,118
INS,1036,10360000,12,1093,1772,1340,263,0,76
INS,1037,10370000,0,1020,2019,1629,607,24,144
INS,1038,10380000,0,936,2174,1911,919,28,62
INS,1039,10390000,19,800,2356,2114,1164,48,100
INS,1040,10400000,0,720,2471,2362,1395,18,70
INS,1041,10410000,7,565,2559,2540,1543,7,86
INS,1042,10420000,0,419,2534,2637,1770,16,2
INS,1043,10430000,5,308,2616,2761,1962,17,56
INS,1044,10440000,0,145,2543,2775,2039,24,186
INS,1045,10450000,0,36,2495,2810,2188,0,206
INS,1046,10460000,12,17,2355,2788,2163,317,90
INS,1047,10470000,3,21,2211,2665,2208,641,204
INS,1048,10480000,0,0,2028,2525,2149,918,92
INS,1049,10490000,0,0,1819,2334,2015,1188,101
INS,1050,10500000,0,0,1543,2166,1950,1438,115
INS,1051,10510000,9,42,1244,1948,1810,1626,226
INS,1052,10520000,22,0,964,1641,1589,1683,231
INS,1053,10530000,0,0,640,1360,1405,1788,54
INS,1054,10540000,12,8,350,1011,1156,1778,217
INS,1055,10550000,36,13,20,688,876,1724,44
INS,1056,10560000,0,28,0,322,594,1646,62
INS,1057,10570000,0,0,0,6,355,1458,76
INS,1058,10580000,0,0,0,1,0,1189,232
INS,1059,10590000,9,0,2,0,0,936,6
INS,1060,10600000,0,62,0,0,11,613,18
INS,1061,10610000,50,0,0,15,36,319,25
INS,1062,10620000,12,0,11,0,6,18,181
INS,1063,10630000,2,13,16,5,26,45,2
INS,1064,10640000,17,0,42,0,6,5,238
INS,1065,10650000,0,35,12,23,0,0,255
INS,1066,10660000,5,14,8,4,0,15,248
INS,1067,10670000,5,0,41,0,0,2,11
INS,1068,10680000,0,0,0,2,0,24,6
INS,1069,10690000,0,6,0,36,9,21,69
INS,1070,10700000,39,39,7,0,10,9,118
INS,1071,10710000,50,0,0,38,27,52,198
INS,1072,10720000,0,0,0,0,26,0,74
INS,1073,10730000,14,13,8,0,0,0,100
INS,1074,10740000,0,0,0,10,10,22,124
INS,1075,10750000,0,0,0,16,0,9,124
INS,1076,10760000,2,0,28,23,15,21,205
INS,1077,10770000,0,0,0,27,18,39,217
INS,1078,10780000,0,0,14,21,0,13,198
INS,1079,10790000,0,0,44,11,0,11,233
INS,1080,10800000,4,7,0,0,1,22,218
INS,1081,10810000,0,0,0,0,0,0,201
INS,1082,10820000,0,8,0,11,0,0,237
INS,1083,10830000,0,35,0,16,0,0,30
INS,1084,10840000,18,8,0,20,0,31,73
INS,1085,10850000,0,4,31,0,0,55,103
INS,1086,10860000,50,13,0,28,25,21,167
INS,1087,10870000,0,26,10,27,16,28,154
INS,1088,10880000,0,0,16,3,0,23,106
INS,1089,10890000,20,8,18,0,7,0,134
INS,1090,10900000,10,17,0,1,39,0,165
INS,1091,10910000,0,0,10,43,15,0,183
INS,1092,10920000,0,0,14,0,61,24,231
INS,1093,10930000,0,0,18,49,0,4,220
INS,1094,10940000,0,42,0,11,13,0,232
INS,1095,10950000,0,21,8,0,41,0,253
INS,1096,10960000,10,29,0,0,3,0,242
INS,1097,10970000,0,0,0,0,26,52,39
INS,1098,10980000,0,26,15,0,5,0,24
INS,1099,10990000,7,39,24,0,0,7,72
INS,1100,11000000,0,0,0,27,0,29,68
INS,1101,11010000,340,0,0,20,3,21,157
INS,1102,11020000,695,50,0,59,0,0,82
INS,1103,11030000,950,0,0,2,1,0,248
INS,1104,11040000,1349,16,47,0,0,0,212
INS,1105,11050000,1621,0,37,0,0,0,219
INS,1106,11060000,1832,0,26,28,0,37,245
INS,1107,11070000,2091,0,12,20,32,3,241
INS,1108,11080000,2382,8,0,0,0,18,252
INS,1109,11090000,2532,0,0,22,33,27,219
INS,1110,11100000,2791,0,1,22,13,0,193
INS,1111,11110000,2904,4,0,16,1,0,52
INS,1112,11120000,3048,0,0,1,16,0,209
INS,1113,11130000,3130,0,0,0,12,0,47
INS,1114,11140000,3179,0,6,0,2,0,109
INS,1115,11150000,3231,0,33,0,3,0,206
INS,1116,11160000,3182,102,1,34,0,13,32
INS,1117,11170000,3126,363,0,6,0,34,246
INS,1118,11180000,3012,413,4,32,0,0,195
INS,1119,11190000,2948,607,0,0,0,0,50
INS,1120,11200000,2752,701,56,22,10,22,75
INS,1121,11210000,2573,823,5,1,24,0,211
INS,1122,11220000,2379,946,0,0,0,0,127
INS,1123,11230000,2142,1008,14,0,0,19,2
INS,1124,11240000,1859,1134,0,2,8,45,140
INS,1125,11250000,1579,1246,17,8,10,46,15
INS,1126,11260000,1319,1253,14,40,14,0,22
INS,1127,11270000,1031,1309,0,17,0,20,32
INS,1128,11280000,659,1325,0,11,30,0,209
INS,1129,11290000,320,1426,0,18,17,10,248
INS,1130,11300000,0,1375,0,0,27,8,140
INS,1131,11310000,0,1391,364,22,22,0,34
INS,1132,11320000,0,1349,666,3,35,32,81
INS,1133,11330000,0,1310,967,307,0,0,85
INS,1134,11340000,0,1284,1253,714,16,7,24
INS,1135,11350000,8,1205,1567,1033,0,3,71
INS,1136,11360000,4,1132,1792,1357,280,23,92
INS,1137,11370000,0,1063,1976,1654,612,0,58
INS,1138,11380000,0,920,2182,1920,836,0,116
INS,1139,11390000,13,795,2336,2184,1176,0,11
INS,1140,11400000,4,715,2488,2397,1417,0,33
INS,1141,11410000,1,567,2570,2537,1642,1,91
INS,1142,11420000,9,453,2556,2609,1814,0,231
INS,1143,11430000,0,282,2613,2766,1956,30,198
INS,1144,11440000,22,150,2543,2768,2057,17,125
INS,1145,11450000,0,0,2472,2791,2138,20,6
INS,1146,11460000,0,0,2360,2769,2194,340,9
INS,1147,11470000,0,0,2179,2658,2143,707,50
INS,1148,11480000,0,11,2064,2525,2207,964,151
INS,1149,11490000,9,4,1823,2355,2080,1203,127
INS,1150,11500000,0,25,1506,2166,1974,1425,22
INS,1151,11510000,20,8,1245,1901,1789,1580,254
INS,1152,11520000,13,0,953,1653,1638,1726,223
INS,1153,11530000,0,0,705,1322,1438,1792,26
INS,1154,11540000,12,0,299,1044,1167,1780,112
INS,1155,11550000,0,3,15,708,911,1756,244
INS,1156,11560000,0,0,2,318,589,1629,174
INS,1157,11570000,0,14,5,0,297,1412,149
INS,1158,11580000,15,40,34,0,1,1175,215
INS,1159,11590000,60,0,0,48,0,948,23
INS,1160,11600000,25,0,10,0,46,592,169
INS,1161,11610000,4,0,0,0,0,355,128
INS,1162,11620000,0,0,2,0,69,0,113
INS,1163,11630000,39,0,0,16,16,0,130
INS,1164,11640000,0,0,13,0,42,33,164
INS,1165,11650000,0,0,0,9,5,0,107
INS,1166,11660000,16,18,0,0,0,0,144
INS,1167,11670000,50,0,0,56,51,0,28
INS,1168,11680000,3,0,0,0,37,21,205
INS,1169,11690000,17,0,18,8,33,1,238
INS,1170,11700000,0,19,6,0,8,10,221
INS,1171,11710000,0,3,15,20,48,10,35
INS,1172,11720000,0,9,34,10,5,1,15
INS,1173,11730000,0,2,38,43,32,36,124
INS,1174,11740000,0,7,0,11,6,41,55
INS,1175,11750000,11,1,0,0,0,0,19
INS,1176,11760000,0,0,30,18,0,0,72
INS,1177,11770000,11,22,5,32,0,3,114
INS,1178,11780000,13,8,0,0,0,26,105
INS,1179,11790000,65,0,23,0,5,0,168
INS,1180,11800000,19,0,0,0,0,0,111
INS,1181,11810000,0,5,10,4,0,64,192
INS,1182,11820000,33,21,17,4,43,0,244
INS,1183,11830000,0,25,0,10,19,0,197
INS,1184,11840000,0,30,13,0,0,0,203
INS,1185,11850000,0,32,20,0,0,21,250
INS,1186,11860000,0,29,0,0,64,9,40
INS,1187,11870000,37,0,20,0,0,0,12
INS,1188,11880000,15,0,0,25,31,18,61
INS,1189,11890000,30,0,46,24,37,0,126
INS,1190,11900000,0,0,0,11,15,9,41
INS,1191,11910000,17,9,19,0,14,1,83
INS,1192,11920000,0,0,0,15,0,4,59
INS,1193,11930000,0,1,0,15,0,0,73
INS,1194,11940000,9,21,6,13,9,0,132
INS,1195,11950000,6,4,0,0,0,0,101
INS,1196,11960000,0,0,0,0,1,0,109
INS,1197,11970000,28,0,25,8,49,28,7
INS,1198,11980000,0,5,0,0,18,0,165
INS,1199,11990000,0,3,37,0,4,0,203
INS,1200,12000000,0,48,0,10,0,14,248
INS,1201,12010000,320,0,0,31,0,0,32
INS,1202,12020000,630,0,0,34,0,0,106
INS,1203,12030000,981,5,21,0,0,0,210
INS,1204,12040000,1318,0,15,22,0,0,63
INS,1205,12050000,1611,6,30,1,16,14,147
INS,1206,12060000,1912,0,23,22,28,11,226
INS,1207,12070000,2123,25,0,15,0,5,159
INS,1208,12080000,2418,0,0,0,0,0,170
INS,1209,12090000,2553,4,19,0,14,42,145
INS,1210,12100000,2800,19,0,37,24,48,202
INS,1211,12110000,2910,0,8,0,0,0,209
INS,1212,12120000,2999,34,20,0,0,0,105
INS,1213,12130000,3104,0,0,0,12,0,185
INS,1214,12140000,3188,18,12,0,0,0,48
INS,1215,12150000,3153,18,0,0,11,32,61
INS,1216,12160000,3183,118,0,0,1,19,185
INS,1217,12170000,3126,299,0,5,11,0,66
INS,1218,12180000,2999,415,15,2,0,44,117
INS,1219,12190000,2928,583,0,0,0,0,170
INS,1220,12200000,2753,682,0,30,0,0,141
INS,1221,12210000,2585,835,0,0,0,12,125
INS,1222,12220000,2322,926,0,0,16,37,11
INS,1223,12230000,2137,1025,5,0,0,55,205
INS,1224,12240000,1864,1125,0,0,6,16,11
INS,1225,12250000,1599,1230,0,0,0,0,102
INS,1226,12260000,1291,1309,0,0,0,0,146
INS,1227,12270000,964,1337,0,0,26,19,165
INS,1228,12280000,665,1403,0,0,3,21,184
INS,1229,12290000,358,1387,0,49,0,0,159
INS,1230,12300000,7,1403,13,0,0,0,61
INS,1231,12310000,0,1393,289,60,8,17,166
INS,1232,12320000,0,1401,670,7,0,16,254
INS,1233,12330000,0,1338,1005,324,54,14,144
INS,1234,12340000,0,1217,1223,667,0,10,31
INS,1235,12350000,40,1157,1524,1028,4,0,172
INS,1236,12360000,1,1130,1787,1343,316,14,3
INS,1237,12370000,8,1066,2037,1673,604,0,49
INS,1238,12380000,0,926,2201,1902,905,0,100
INS,1239,12390000,7,834,2328,2197,1117,0,154
INS,1240,12400000,0,703,2508,2333,1379,0,99
INS,1241,12410000,16,555,2545,2507,1629,0,189
INS,1242,12420000,22,405,2634,2695,1835,23,56
INS,1243,12430000,0,326,2597,2734,1965,0,81
INS,1244,12440000,0,153,2572,2751,2054,0,6
INS,1245,12450000,0,0,2426,2795,2165,0,135
INS,1246,12460000,0,0,2364,2744,2192,310,120
INS,1247,12470000,0,0,2230,2683,2166,649,255
INS,1248,12480000,0,0,1994,2504,2145,985,172
INS,1249,12490000,0,0,1769,2390,2079,1233,32
INS,1250,12500000,13,1,1581,2116,1904,1432,137
INS,1251,12510000,17,6,1239,1905,1763,1655,204
INS,1252,12520000,0,0,935,1631,1569,1713,252
INS,1253,12530000,1,28,684,1342,1377,1777,142
INS,1254,12540000,13,0,335,1022,1094,1793,231
INS,1255,12550000,0,12,0,681,893,1699,44
INS,1256,12560000,16,5,27,345,567,1590,94
INS,1257,12570000,0,74,16,18,304,1402,143
INS,1258,12580000,3,0,15,0,0,1189,65
INS,1259,12590000,0,6,7,16,0,972,132
INS,1260,12600000,0,50,30,26,0,649,159
INS,1261,12610000,4,30,51,0,2,338,102
INS,1262,12620000,0,3,31,0,21,38,43
INS,1263,12630000,0,37,17,0,0,0,21
INS,1264,12640000,0,0,0,0,38,0,22
INS,1265,12650000,43,0,0,12,0,0,56
INS,1266,12660000,0,0,17,0,5,0,40
INS,1267,12670000,0,20,0,5,69,0,129
INS,1268,12680000,0,25,55,45,0,0,177
INS,1269,12690000,9,17,30,13,42,0,180
INS,1270,12700000,0,0,22,0,0,0,108
INS,1271,12710000,0,1,9,25,0,8,146
INS,1272,12720000,39,0,38,0,7,0,204
INS,1273,12730000,0,16,0,20,0,0,173
INS,1274,12740000,0,11,0,14,0,14,193
INS,1275,12750000,0,0,0,36,4,0,211
INS,1276,12760000,59,3,0,0,0,16,10
INS,1277,12770000,0,0,0,43,22,17,31
INS,1278,12780000,0,11,27,0,12,41,57
INS,1279,12790000,35,5,47,0,82,0,152
INS,1280,12800000,4,22,0,21,9,0,56
INS,1281,12810000,16,0,67,36,0,0,136
INS,1282,12820000,0,0,0,16,22,26,98
INS,1283,12830000,0,16,0,0,0,0,67
INS,1284,12840000,5,50,0,52,60,26,5
INS,1285,12850000,11,0,2,0,0,8,106
INS,1286,12860000,0,59,0,0,0,3,164
INS,1287,12870000,23,0,0,0,0,0,142
INS,1288,12880000,0,0,6,47,27,19,235
INS,1289,12890000,25,20,0,0,0,5,203
INS,1290,12900000,29,0,6,11,27,27,14
INS,1291,12910000,0,0,9,35,0,47,22
INS,1292,12920000,0,0,13,0,0,17,234
INS,1293,12930000,0,4,0,0,59,13,41
INS,1294,12940000,0,10,10,15,57,26,100
INS,1295,12950000,0,13,0,0,21,0,33
INS,1296,12960000,13,22,8,0,0,0,59
INS,1297,12970000,0,65,0,25,40,2,165
INS,1298,12980000,0,41,0,0,24,22,137
INS,1299,12990000,1,0,0,10,0,0,78
INS,1300,13000000,0,0,0,0,23,8,115
INS,1301,13010000,349,19,0,0,0,0,213
INS,1302,13020000,685,0,0,6,0,38,79
INS,1303,13030000,929,0,0,0,4,12,56
INS,1304,13040000,1281,13,16,0,0,27,209
INS,1305,13050000,1579,26,48,0,0,16,46
INS,1306,13060000,1873,0,0,15,0,0,26
INS,1307,13070000,2141,10,0,31,42,9,132
INS,1308,13080000,2400,0,0,0,0,0,60
INS,1309,13090000,2586,14,42,39,37,0,139
INS,1310,13100000,2761,0,0,2,0,0,201
INS,1311,13110000,2895,0,0,0,10,0,104
INS,1312,13120000,3042,0,7,76,0,0,85
INS,1313,13130000,3133,9,0,0,7,0,126
INS,1314,13140000,3209,0,0,0,43,0,246
INS,1315,13150000,3219,2,0,9,0,0,241
INS,1316,13160000,3225,188,0,0,0,10,195
INS,1317,13170000,3176,258,33,32,0,12,44
INS,1318,13180000,3070,477,0,0,0,0,97
INS,1319,13190000,2888,573,4,6,30,0,68
INS,1320,13200000,2739,679,11,9,0,78,100
INS,1321,13210000,2547,848,0,0,32,9,37
INS,1322,13220000,2352,958,0,0,2,0,186
INS,1323,13230000,2119,1041,2,12,0,5,70
INS,1324,13240000,1879,1123,0,0,0,0,166
INS,1325,13250000,1640,1188,0,0,49,38,96
INS,1326,13260000,1279,1258,0,0,14,0,5
INS,1327,13270000,1003,1276,0,33,0,0,39
INS,1328,13280000,665,1371,0,0,0,0,36
INS,1329,13290000,346,1405,0,0,27,35,86
INS,1330,13300000,0,1428,0,0,4,0,234
INS,1331,13310000,0,1419,320,0,10,0,56
INS,1332,13320000,0,1371,642,0,0,49,130
INS,1333,13330000,56,1314,972,385,25,59,128
INS,1334,13340000,19,1273,1322,658,15,9,118
INS,1335,13350000,0,1181,1564,1072,0,42,186
INS,1336,13360000,0,1152,1792,1407,309,0,236
INS,1337,13370000,1,1086,2010,1606,592,26,146
INS,1338,13380000,0,923,2160,1893,859,0,165
INS,1339,13390000,2,781,2333,2145,1163,97,100
INS,1340,13400000,33,668,2455,2346,1413,3,2
INS,1341,13410000,21,549,2541,2487,1604,0,47
INS,1342,13420000,0,439,2608,2672,1781,8,114
INS,1343,13430000,0,297,2586,2695,1929,0,130
INS,1344,13440000,0,164,2558,2802,2036,5,205
INS,1345,13450000,0,0,2492,2771,2173,6,99
INS,1346,13460000,17,43,2382,2732,2180,303,75
INS,1347,13470000,0,15,2191,2658,2221,634,154
INS,1348,13480000,0,0,2058,2576,2191,926,203
INS,1349,13490000,25,0,1788,2360,2097,1251,246
INS,1350,13500000,0,0,1516,2169,1988,1451,122
INS,1351,13510000,0,58,1297,1903,1777,1617,179
INS,1352,13520000,7,5,978,1628,1620,1721,15
INS,1353,13530000,0,7,669,1320,1424,1781,42
INS,1354,13540000,4,0,292,1021,1177,1789,165
INS,1355,13550000,0,1,0,682,887,1708,201
INS,1356,13560000,0,0,22,332,591,1643,40
INS,1357,13570000,26,0,21,0,291,1448,23
INS,1358,13580000,20,0,27,0,0,1191,4
INS,1359,13590000,4,2,0,0,0,934,235
INS,1360,13600000,0,31,4,6,19,659,31
INS,1361,13610000,7,29,15,11,24,339,10
INS,1362,13620000,31,0,0,0,0,0,145
INS,1363,13630000,17,0,26,9,0,51,234
INS,1364,13640000,0,0,0,0,0,21,169
INS,1365,13650000,0,0,14,0,0,6,185
INS,1366,13660000,0,6,28,0,54,0,14
INS,1367,13670000,0,0,42,0,0,0,241
INS,1368,13680000,0,0,0,0,0,0,216
INS,1369,13690000,0,0,0,0,14,18,9
INS,1370,13700000,28,0,56,0,10,8,96
INS,1371,13710000,0,15,10,0,32,0,68
INS,1372,13720000,22,0,14,27,48,10,149
INS,1373,13730000,6,9,0,0,26,0,86
INS,1374,13740000,10,0,20,0,0,15,107
INS,1375,13750000,0,0,29,0,66,5,179
INS,1376,13760000,37,0,7,0,40,0,180
INS,1377,13770000,0,35,0,0,0,0,148
INS,1378,13780000,0,1,47,0,0,1,179
INS,1379,13790000,14,0,0,0,18,0,179
INS,1380,13800000,42,0,4,0,36,32,22
INS,1381,13810000,0,0,0,0,0,0,181
INS,1382,13820000,0,0,23,0,31,0,252
INS,1383,13830000,7,0,0,0,27,20,13
INS,1384,13840000,0,57,0,0,0,0,33
INS,1385,13850000,0,0,3,52,0,0,48
INS,1386,13860000,0,17,1,0,0,0,28
INS,1387,13870000,15,60,0,0,0,22,124
INS,1388,13880000,9,0,0,0,0,45,98
INS,1389,13890000,0,0,20,0,0,0,81
INS,1390,13900000,0,0,3,0,0,0,81
INS,1391,13910000,0,27,0,8,0,0,130
INS,1392,13920000,0,48,0,38,7,0,205
INS,1393,13930000,36,0,0,19,0,18,202
INS,1394,13940000,0,3,24,0,37,29,239
INS,1395,13950000,0,4,19,0,0,0,186
INS,1396,13960000,6,50,1,0,0,20,1
INS,1397,13970000,0,9,0,0,0,31,237
INS,1398,13980000,40,0,3,0,0,0,1
INS,1399,13990000,10,0,0,10,0,23,18
INS,1400,14000000,7,0,0,3,0,0,2
INS,1401,14010000,329,6,0,3,48,27,166
INS,1402,14020000,630,54,0,9,27,0,234
INS,1403,14030000,981,5,7,24,0,0,36
INS,1404,14040000,1268,7,0,0,40,5,100
INS,1405,14050000,1569,2,0,28,0,0,140
INS,1406,14060000,1916,0,14,0,0,0,232
INS,1407,14070000,2149,0,0,3,0,0,215
INS,1408,14080000,2366,0,0,0,7,1,198
INS,1409,14090000,2564,0,0,22,0,0,171
INS,1410,14100000,2743,23,27,0,0,0,139
INS,1411,14110000,2917,63,2,32,22,39,182
INS,1412,14120000,3067,0,0,0,4,0,195
INS,1413,14130000,3128,32,0,0,1,33,79
INS,1414,14140000,3186,0,17,19,32,12,168
INS,1415,14150000,3162,0,14,0,10,12,117
INS,1416,14160000,3210,127,0,0,1,16,34
INS,1417,14170000,3189,319,5,0,0,0,210
INS,1418,14180000,3050,431,3,18,12,0,228
INS,1419,14190000,2963,578,36,20,0,26,98
INS,1420,14200000,2736,658,0,4,4,0,150
INS,1421,14210000,2627,786,3,6,0,16,203
INS,1422,14220000,2366,895,0,4,2,0,49
INS,1423,14230000,2140,1027,2,0,34,17,19
INS,1424,14240000,1954,1105,4,0,11,0,146
INS,1425,14250000,1606,1261,0,0,15,14,241
INS,1426,14260000,1310,1272,0,0,9,0,209
INS,1427,14270000,991,1313,0,0,0,0,195
INS,1428,14280000,700,1358,0,24,0,4,250
INS,1429,14290000,368,1373,4,0,0,0,182
INS,1430,14300000,0,1430,18,24,46,26,254
INS,1431,14310000,0,1370,345,24,48,7,9
INS,1432,14320000,2,1354,656,0,18,0,6
INS,1433,14330000,0,1325,1030,338,24,0,198
INS,1434,14340000,0,1271,1236,698,14,11,216
INS,1435,14350000,0,1171,1504,1019,11,0,196
INS,1436,14360000,0,1112,1754,1361,275,36,22
INS,1437,14370000,0,1037,2007,1594,584,67,22
INS,1438,14380000,3,932,2201,1928,869,0,171
INS,1439,14390000,15,850,2366,2147,1200,25,90
INS,1440,14400000,0,676,2479,2370,1402,15,190
INS,1441,14410000,5,559,2550,2537,1609,0,13
INS,1442,14420000,0,461,2590,2645,1828,9,47
INS,1443,14430000,0,253,2606,2776,1972,8,146
INS,1444,14440000,2,136,2576,2783,2062,17,124
INS,1445,14450000,0,0,2515,2806,2140,0,26
INS,1446,14460000,0,7,2340,2700,2174,361,164
INS,1447,14470000,10,0,2150,2648,2193,655,255
INS,1448,14480000,0,0,2007,2506,2152,938,219
INS,1449,14490000,10,0,1807,2339,2015,1207,11
INS,1450,14500000,0,0,1495,2155,1975,1423,210
INS,1451,14510000,7,18,1250,1878,1809,1556,209
INS,1452,14520000,29,27,1030,1625,1591,1752,18
INS,1453,14530000,0,0,656,1343,1399,1756,159
INS,1454,14540000,35,11,290,1057,1179,1771,133
INS,1455,14550000,0,31,39,674,812,1685,72
INS,1456,14560000,22,33,2,323,576,1604,176
INS,1457,14570000,0,7,12,29,335,1462,246
INS,1458,14580000,0,0,0,0,17,1191,138
INS,1459,14590000,0,0,3,11,27,961,205
INS,1460,14600000,0,17,22,30,0,615,160
INS,1461,14610000,0,0,17,2,0,355,123
INS,1462,14620000,0,7,24,0,0,9,62
INS,1463,14630000,0,27,0,0,51,0,117
INS,1464,14640000,50,16,24,0,0,0,146
INS,1465,14650000,13,0,5,0,0,40,131
INS,1466,14660000,0,5,0,0,14,4,113
INS,1467,14670000,11,4,41,24,28,68,27
INS,1468,14680000,0,12,31,13,7,0,187
INS,1469,14690000,25,0,0,26,0,12,204
INS,1470,14700000,0,15,12,22,0,2,209
INS,1471,14710000,35,16,19,34,37,0,60
INS,1472,14720000,0,0,0,0,7,0,199
INS,1473,14730000,0,13,1,69,0,0,36
INS,1474,14740000,0,13,0,0,0,0,239
INS,1475,14750000,11,70,0,0,16,7,91
INS,1476,14760000,0,17,6,8,0,2,37
INS,1477,14770000,4,36,0,11,8,0,80
INS,1478,14780000,0,14,0,0,33,1,86
INS,1479,14790000,11,26,0,0,0,7,99
INS,1480,14800000,0,0,0,0,27,14,113
INS,1481,14810000,0,8,0,23,43,37,200
INS,1482,14820000,0,9,0,0,18,10,143
INS,1483,14830000,6,0,0,0,16,15,160
INS,1484,14840000,21,50,0,7,33,0,251
INS,1485,14850000,0,9,0,7,0,0,173
INS,1486,14860000,0,0,0,33,1,0,208
INS,1487,14870000,23,0,0,7,2,15,238
INS,1488,14880000,0,53,23,0,4,47,79
INS,1489,14890000,0,25,2,24,9,0,29
INS,1490,14900000,0,21,0,27,25,0,59
INS,1491,14910000,0,7,31,19,0,15,75
INS,1492,14920000,0,47,0,0,27,0,94
INS,1493,14930000,25,0,0,5,0,19,86
INS,1494,14940000,0,0,0,0,19,0,73
INS,1495,14950000,0,1,0,0,0,0,72
INS,1496,14960000,0,0,0,0,0,0,88
INS,1497,14970000,39,0,8,14,0,15,181
INS,1498,14980000,49,0,12,0,0,0,183
INS,1499,14990000,33,16,32,0,9,5,234
INS,1500,15000000,24,0,43,0,20,4,247
INS,1501,15010000,350,15,27,0,19,8,80
INS,1502,15020000,702,0,0,6,48,3,181
INS,1503,15030000,961,0,0,27,33,1,205
INS,1504,15040000,1322,0,0,0,6,0,16
INS,1505,15050000,1623,0,0,0,42,41,155
INS,1506,15060000,1885,0,33,0,0,10,138
INS,1507,15070000,2143,31,0,0,0,0,145
INS,1508,15080000,2382,0,0,0,1,0,115
INS,1509,15090000,2592,0,0,12,0,29,126
INS,1510,15100000,2783,0,0,0,0,29,66
INS,1511,15110000,2904,0,0,1,0,7,183
INS,1512,15120000,3027,0,0,1,0,0,60
INS,1513,15130000,3132,29,0,0,0,0,210
INS,1514,15140000,3188,0,0,0,0,11,9
INS,1515,15150000,3207,1,15,3,11,0,64
INS,1516,15160000,3174,146,0,0,15,0,179
INS,1517,15170000,3119,342,0,14,17,0,97
INS,1518,15180000,3027,426,16,0,0,2,93
INS,1519,15190000,2933,540,1,8,0,0,121
INS,1520,15200000,2780,733,0,0,0,51,220
INS,1521,15210000,2576,817,0,0,0,23,89
INS,1522,15220000,2385,918,0,0,0,0,249
INS,1523,15230000,2121,1043,2,16,0,5,150
INS,1524,15240000,1850,1146,29,18,0,0,23
INS,1525,15250000,1604,1218,0,2,28,46,151
INS,1526,15260000,1278,1275,25,38,25,11,178
INS,1527,15270000,973,1262,0,0,1,0,35
INS,1528,15280000,691,1352,0,5,0,27,147
INS,1529,15290000,306,1424,0,1,0,0,76
INS,1530,15300000,0,1377,12,0,24,8,39
INS,1531,15310000,12,1412,341,0,0,38,182
INS,1532,15320000,0,1359,624,0,16,2,141
INS,1533,15330000,14,1338,950,313,21,25,50
INS,1534,15340000,0,1285,1244,700,0,0,123
INS,1535,15350000,2,1235,1524,1031,42,26,3
INS,1536,15360000,0,1149,1756,1355,315,1,224
INS,1537,15370000,0,1032,2020,1632,619,10,210
INS,1538,15380000,7,923,2215,1922,826,0,39
INS,1539,15390000,0,828,2350,2169,1174,0,172
INS,1540,15400000,37,729,2493,2365,1391,0,171
INS,1541,15410000,0,565,2534,2506,1586,0,108
INS,1542,15420000,25,417,2578,2650,1773,0,121
INS,1543,15430000,0,298,2607,2741,1947,22,54
INS,1544,15440000,0,116,2575,2834,2035,0,16
INS,1545,15450000,0,0,2510,2818,2176,14,247
INS,1546,15460000,1,0,2336,2790,2216,377,210
INS,1547,15470000,0,0,2160,2615,2218,650,150
INS,1548,15480000,10,20,1984,2614,2153,930,235
INS,1549,15490000,13,0,1788,2385,2022,1229,234
INS,1550,15500000,21,34,1537,2191,1881,1456,190
INS,1551,15510000,0,0,1204,1913,1784,1616,116
INS,1552,15520000,0,15,973,1680,1646,1747,189
INS,1553,15530000,45,0,631,1358,1376,1760,83
INS,1554,15540000,0,0,399,1036,1174,1829,136
INS,1555,15550000,3,0,0,689,891,1718,40
INS,1556,15560000,17,35,4,359,586,1566,91
INS,1557,15570000,20,35,0,0,359,1481,204
INS,1558,15580000,43,0,0,33,27,1198,139
INS,1559,15590000,0,0,0,12,35,926,84
INS,1560,15600000,37,38,0,49,17,667,192
INS,1561,15610000,9,16,0,39,0,340,61
INS,1562,15620000,0,14,19,0,0,0,219
INS,1563,15630000,0,1,0,10,14,7,235
INS,1564,15640000,36,0,34,0,0,19,53
INS,1565,15650000,0,16,49,0,6,0,52
INS,1566,15660000,33,28,10,15,29,0,113
INS,1567,15670000,20,9,13,31,10,0,98
INS,1568,15680000,0,0,0,0,0,0,32
INS,1569,15690000,30,0,0,0,21,0,100
INS,1570,15700000,0,7,5,0,18,0,96
INS,1571,15710000,0,10,0,29,20,6,148
INS,1572,15720000,0,0,37,29,0,53,219
INS,1573,15730000,34,27,0,0,0,7,185
INS,1574,15740000,0,0,15,0,2,2,153
INS,1575,15750000,26,6,0,0,0,0,183
INS,1576,15760000,16,0,0,0,0,0,184
INS,1577,15770000,19,14,6,0,31,0,255
INS,1578,15780000,27,0,0,0,0,24,253
INS,1579,15790000,6,0,27,18,33,0,47
INS,1580,15800000,0,0,0,17,0,24,21
INS,1581,15810000,0,12,0,0,0,4,13
INS,1582,15820000,37,0,12,0,0,0,63
INS,1583,15830000,23,18,0,10,1,69,152
INS,1584,15840000,21,0,25,0,53,0,147
INS,1585,15850000,12,16,9,0,10,20,132
INS,1586,15860000,21,0,41,0,16,0,160
INS,1587,15870000,0,0,0,40,36,0,175
INS,1588,15880000,0,3,0,14,38,14,185
INS,1589,15890000,0,0,15,0,14,0,162
INS,1590,15900000,13,0,0,26,0,0,189
INS,1591,15910000,0,0,24,56,0,0,247
INS,1592,15920000,20,0,0,0,0,0,204
INS,1593,15930000,6,58,9,3,24,0,45
INS,1594,15940000,38,0,0,0,4,39,43
INS,1595,15950000,1,0,26,0,0,0,6
INS,1596,15960000,25,0,0,11,40,11,83
INS,1597,15970000,0,10,0,9,5,19,56
INS,1598,15980000,0,23,0,18,38,0,109
INS,1599,15990000,24,0,0,37,12,0,120
INS,1600,16000000,0,0,0,12,0,0,76
INS,1601,16010000,347,0,24,0,0,32,228
INS,1602,16020000,661,0,7,0,0,34,32
INS,1603,16030000,908,15,0,14,0,0,28
INS,1604,16040000,1321,12,34,17,0,0,236
INS,1605,16050000,1607,9,0,29,0,26,28
INS,1606,16060000,1882,23,25,0,25,0,73
INS,1607,16070000,2149,0,0,24,29,4,85
INS,1608,16080000,2416,0,0,0,0,0,56
INS,1609,16090000,2561,0,1,0,29,7,255
INS,1610,16100000,2833,0,23,8,0,0,26
INS,1611,16110000,2883,0,0,2,1,0,65
INS,1612,16120000,2992,0,0,28,0,0,216
INS,1613,16130000,3175,0,31,0,32,32,227
INS,1614,16140000,3217,13,0,19,14,0,237
INS,1615,16150000,3227,0,0,83,4,0,49
INS,1616,16160000,3187,126,0,0,0,10,75
INS,1617,16170000,3135,280,0,19,0,0,203
INS,1618,16180000,3039,425,0,0,0,0,250
INS,1619,16190000,2916,546,35,0,24,0,68
INS,1620,16200000,2770,681,4,10,40,0,69
INS,1621,16210000,2578,829,0,0,2,17,7
INS,1622,16220000,2365,950,9,4,6,0,188
INS,1623,16230000,2171,1060,0,0,0,0,102
INS,1624,16240000,1875,1121,0,47,25,27,239
INS,1625,16250000,1602,1263,0,10,52,0,88
INS,1626,16260000,1295,1294,10,34,0,40,107
INS,1627,16270000,976,1314,0,18,4,21,40
INS,1628,16280000,611,1330,15,0,0,56,248
INS,1629,16290000,351,1371,17,0,0,0,248
INS,1630,16300000,0,1416,0,5,35,0,238
INS,1631,16310000,1,1387,367,50,0,0,92
INS,1632,16320000,12,1379,641,0,0,0,80
INS,1633,16330000,20,1328,981,338,0,8,228
INS,1634,16340000,33,1294,1250,686,0,12,77
INS,1635,16350000,8,1111,1543,1015,22,0,6
INS,1636,16360000,0,1097,1773,1357,318,0,101
INS,1637,16370000,0,1067,1994,1601,607,0,74
INS,1638,16380000,14,946,2184,1894,874,0,222
INS,1639,16390000,6,803,2334,2149,1131,0,238
INS,1640,16400000,7,713,2487,2291,1374,15,207
INS,1641,16410000,0,564,2560,2576,1557,13,95
INS,1642,16420000,0,426,2610,2673,1753,0,48
INS,1643,16430000,0,280,2589,2688,1931,0,91
INS,1644,16440000,0,118,2564,2757,2096,11,166
INS,1645,16450000,0,0,2478,2769,2140,0,24
INS,1646,16460000,13,36,2335,2780,2153,326,41
INS,1647,16470000,42,0,2206,2677,2169,612,121
INS,1648,16480000,14,0,2036,2551,2201,931,165
INS,1649,16490000,2,8,1805,2297,2078,1196,91
INS,1650,16500000,0,0,1556,2183,1931,1437,85
INS,1651,16510000,17,0,1249,1974,1770,1599,116
INS,1652,16520000,0,0,951,1643,1616,1724,226
INS,1653,16530000,27,3,643,1383,1420,1772,69
INS,1654,16540000,30,0,330,1051,1200,1789,6
INS,1655,16550000,0,1,0,690,859,1727,180
INS,1656,16560000,18,40,0,334,641,1670,135
INS,1657,16570000,0,0,43,0,252,1428,196
INS,1658,16580000,0,0,18,45,13,1208,30
INS,1659,16590000,0,0,0,52,18,942,31
INS,1660,16600000,0,0,0,0,0,609,157
INS,1661,16610000,17,0,32,1,4,317,192
INS,1662,16620000,6,10,10,0,27,0,147
INS,1663,16630000,2,14,48,0,0,0,175
INS,1664,16640000,0,34,0,0,26,0,188
INS,1665,16650000,0,8,18,0,4,0,175
INS,1666,16660000,1,0,0,55,0,0,218
INS,1667,16670000,0,21,27,0,18,26,15
INS,1668,16680000,0,10,30,0,13,16,9
INS,1669,16690000,9,24,5,16,0,5,16
INS,1670,16700000,5,0,0,0,6,25,10
INS,1671,16710000,28,16,0,21,0,0,56
INS,1672,16720000,0,0,35,39,0,13,95
INS,1673,16730000,10,0,65,0,6,0,106
INS,1674,16740000,0,15,31,10,77,0,175
INS,1675,16750000,0,0,0,2,6,0,67
INS,1676,16760000,0,43,8,0,7,36,170
INS,1677,16770000,11,0,10,0,0,0,114
INS,1678,16780000,6,0,0,26,41,0,183
INS,1679,16790000,0,0,16,3,9,0,155
INS,1680,16800000,0,0,9,8,0,0,161
INS,1681,16810000,0,0,19,0,6,30,216
INS,1682,16820000,0,0,16,3,6,0,203
INS,1683,16830000,0,0,66,0,0,13,18
INS,1684,16840000,0,2,19,0,0,28,5
INS,1685,16850000,0,2,0,0,22,0,253
INS,1686,16860000,48,18,0,0,26,1,83
INS,1687,16870000,0,0,0,0,17,8,32
INS,1688,16880000,25,0,37,0,47,0,133
INS,1689,16890000,0,59,22,5,9,0,136
INS,1690,16900000,0,37,0,0,0,38,133
INS,1691,16910000,0,0,0,0,0,4,79
INS,1692,16920000,0,2,0,0,0,5,99
INS,1693,16930000,0,33,0,33,4,29,208
INS,1694,16940000,13,14,38,0,11,1,203
INS,1695,16950000,31,21,1,39,0,0,235
INS,1696,16960000,0,8,0,0,44,1,213
INS,1697,16970000,0,0,24,0,4,0,205
INS,1698,16980000,0,0,2,2,0,1,199
INS,1699,16990000,0,0,0,0,0,43,254
INS,1700,17000000,0,20,15,2,11,0,20
INS,1701,17010000,352,19,1,0,0,20,125
INS,1702,17020000,685,0,0,0,16,0,195
INS,1703,17030000,1020,19,0,10,0,25,73
INS,1704,17040000,1284,28,11,0,0,0,83
INS,1705,17050000,1603,0,0,0,18,0,142
INS,1706,17060000,1887,0,2,0,0,6,177
INS,1707,17070000,2121,27,0,0,0,19,210
INS,1708,17080000,2387,0,14,9,28,0,242
INS,1709,17090000,2652,0,0,0,12,0,229
INS,1710,17100000,2767,31,0,22,0,0,146
INS,1711,17110000,2929,0,0,5,0,0,21
INS,1712,17120000,3044,0,0,8,24,12,192
INS,1713,17130000,3139,0,0,9,19,0,32
INS,1714,17140000,3188,35,0,17,0,0,122
INS,1715,17150000,3226,7,11,7,25,0,175
INS,1716,17160000,3226,116,35,0,0,0,37
INS,1717,17170000,3132,232,16,19,52,2,130
INS,1718,17180000,3025,454,0,0,0,17,190
INS,1719,17190000,2954,574,0,0,0,0,239
INS,1720,17200000,2769,734,2,35,0,22,34
INS,1721,17210000,2557,873,4,26,0,33,238
INS,1722,17220000,2354,951,0,0,0,0,67
INS,1723,17230000,2133,1108,49,0,0,0,69
INS,1724,17240000,1915,1142,8,6,12,7,142
INS,1725,17250000,1655,1200,0,34,0,0,214
INS,1726,17260000,1297,1309,0,0,0,0,204
INS,1727,17270000,980,1352,12,0,4,2,221
INS,1728,17280000,707,1343,25,0,32,20,15
INS,1729,17290000,307,1366,44,19,33,10,196
INS,1730,17300000,34,1401,0,28,5,0,158
INS,1731,17310000,0,1429,345,0,0,25,250
INS,1732,17320000,0,1385,610,16,0,8,231
INS,1733,17330000,0,1315,946,323,41,2,88
INS,1734,17340000,19,1293,1222,709,16,38,7
INS,1735,17350000,57,1213,1562,1024,9,35,115
INS,1736,17360000,1,1136,1804,1353,291,0,49
INS,1737,17370000,35,1058,2017,1637,605,4,69
INS,1738,17380000,8,886,2197,1904,918,0,131
INS,1739,17390000,24,768,2326,2170,1172,7,190
INS,1740,17400000,0,699,2458,2372,1371,0,128
INS,1741,17410000,19,553,2555,2550,1586,6,2
INS,1742,17420000,0,451,2611,2692,1764,28,40
INS,1743,17430000,2,295,2593,2755,1937,12,105
INS,1744,17440000,0,197,2489,2776,2072,0,62
INS,1745,17450000,13,0,2445,2778,2110,0,147
INS,1746,17460000,0,8,2322,2784,2173,321,170
INS,1747,17470000,12,0,2196,2677,2177,643,28
INS,1748,17480000,1,0,1992,2483,2155,930,157
INS,1749,17490000,0,0,1785,2388,2091,1210,87
INS,1750,17500000,35,1,1527,2147,1933,1465,250
INS,1751,17510000,29,0,1249,1926,1784,1600,3
INS,1752,17520000,0,0,918,1666,1584,1754,122
INS,1753,17530000,0,23,651,1400,1406,1788,253
INS,1754,17540000,0,10,323,1038,1185,1823,149
INS,1755,17550000,16,0,11,683,874,1708,103
INS,1756,17560000,0,0,15,393,567,1619,190
INS,1757,17570000,0,0,0,26,305,1384,96
INS,1758,17580000,11,7,16,0,9,1230,183
INS,1759,17590000,3,0,0,0,0,947,133
INS,1760,17600000,31,0,0,0,0,632,119
INS,1761,17610000,8,18,21,17,0,290,83
INS,1762,17620000,0,4,9,39,0,9,63
INS,1763,17630000,0,11,21,16,33,24,124
INS,1764,17640000,11,0,0,0,0,25,72
INS,1765,17650000,0,2,0,0,0,0,55
INS,1766,17660000,6,22,39,0,8,30,175
INS,1767,17670000,44,0,0,0,18,9,158
INS,1768,17680000,18,21,12,20,21,0,196
INS,1769,17690000,0,0,0,0,9,0,130
INS,1770,17700000,0,0,19,0,3,0,160
INS,1771,17710000,49,0,0,68,0,0,16
INS,1772,17720000,17,33,0,0,7,0,229
INS,1773,17730000,5,0,0,0,0,7,201
INS,1774,17740000,0,0,0,0,4,0,210
INS,1775,17750000,34,0,6,0,0,23,30
INS,1776,17760000,8,0,0,3,7,0,2
INS,1777,17770000,0,0,60,0,0,0,61
INS,1778,17780000,0,0,0,0,0,0,18
INS,1779,17790000,0,0,0,16,0,0,51
INS,1780,17800000,0,21,26,2,17,0,118
INS,1781,17810000,28,0,0,26,0,0,123
INS,1782,17820000,0,0,0,0,0,23,109
INS,1783,17830000,0,21,0,37,54,13,228
INS,1784,17840000,12,0,0,65,0,0,197
INS,1785,17850000,0,15,0,0,0,33,185
INS,1786,17860000,3,18,0,6,0,10,191
INS,1787,17870000,2,0,5,0,0,5,183
INS,1788,17880000,0,12,12,24,0,0,236
INS,1789,17890000,10,0,0,0,0,0,215
INS,1790,17900000,13,14,0,17,0,17,27
INS,1791,17910000,14,35,0,0,0,0,32
INS,1792,17920000,23,9,0,0,51,0,83
INS,1793,17930000,0,0,0,15,0,6,38
INS,1794,17940000,0,16,0,15,0,0,65
INS,1795,17950000,4,0,17,16,0,0,88
INS,1796,17960000,35,8,0,17,0,0,128
INS,1797,17970000,45,0,0,12,10,38,190
INS,1798,17980000,41,0,0,0,16,7,166
INS,1799,17990000,0,0,4,0,0,1,124
INS,1800,18000000,2,15,0,0,0,22,175
INS,1801,18010000,312,4,3,0,12,7,235
INS,1802,18020000,689,0,0,0,0,33,124
INS,1803,18030000,967,4,18,0,7,0,159
INS,1804,18040000,1303,9,5,14,0,0,255
INS,1805,18050000,1575,0,0,19,23,18,64
INS,1806,18060000,1865,0,0,28,0,35,118
INS,1807,18070000,2120,0,24,21,46,0,162
INS,1808,18080000,2347,0,0,0,17,0,76
INS,1809,18090000,2563,18,0,17,12,0,83
INS,1810,18100000,2795,5,0,2,0,0,36
INS,1811,18110000,2961,0,24,0,0,20,0
INS,1812,18120000,3057,11,0,44,37,0,161
INS,1813,18130000,3168,0,26,43,7,0,17
INS,1814,18140000,3192,0,0,0,9,10,1
INS,1815,18150000,3200,56,0,1,32,9,105
INS,1816,18160000,3131,142,0,3,16,0,116
INS,1817,18170000,3118,272,0,0,27,8,10
INS,1818,18180000,3018,430,0,26,41,0,117
INS,1819,18190000,2948,576,33,0,0,0,176
INS,1820,18200000,2787,706,0,1,0,51,181
INS,1821,18210000,2589,852,23,0,21,0,138
INS,1822,18220000,2321,934,0,4,16,10,211
INS,1823,18230000,2183,1057,20,18,8,22,251
INS,1824,18240000,1875,1100,0,0,0,13,204
INS,1825,18250000,1626,1213,20,23,0,6,121
INS,1826,18260000,1290,1286,0,24,0,1,107
INS,1827,18270000,976,1303,0,0,0,20,78
INS,1828,18280000,642,1323,0,0,3,0,20
INS,1829,18290000,321,1396,8,8,0,0,58
INS,1830,18300000,3,1430,0,9,29,0,69
INS,1831,18310000,0,1384,339,48,0,13,143
INS,1832,18320000,37,1383,640,32,0,0,212
INS,1833,18330000,0,1325,951,321,0,0,222
INS,1834,18340000,10,1294,1237,751,0,0,166
INS,1835,18350000,2,1216,1461,1026,7,5,96
INS,1836,18360000,0,1093,1744,1322,294,0,81
INS,1837,18370000,0,998,1994,1584,588,0,41
INS,1838,18380000,15,948,2191,1920,886,0,86
INS,1839,18390000,0,823,2343,2172,1151,42,162
INS,1840,18400000,22,684,2493,2371,1390,0,96
INS,1841,18410000,33,571,2556,2551,1618,4,230
INS,1842,18420000,0,476,2585,2651,1796,14,180
INS,1843,18430000,0,316,2604,2753,1918,0,10
INS,1844,18440000,0,141,2573,2847,2051,24,72
INS,1845,18450000,91,29,2442,2786,2152,0,209
INS,1846,18460000,16,0,2380,2749,2187,347,149
INS,1847,18470000,0,0,2211,2674,2233,668,17
INS,1848,18480000,0,0,1992,2511,2172,927,106
INS,1849,18490000,12,18,1775,2380,2081,1196,239
INS,1850,18500000,0,29,1547,2210,1989,1410,235
INS,1851,18510000,6,28,1258,1938,1797,1576,182
INS,1852,18520000,0,0,924,1669,1637,1741,79
INS,1853,18530000,17,0,673,1363,1374,1805,125
INS,1854,18540000,0,16,296,1020,1145,1790,201
INS,1855,18550000,6,0,42,638,859,1722,242
INS,1856,18560000,3,22,0,368,581,1606,84
INS,1857,18570000,0,0,19,0,296,1410,14
INS,1858,18580000,18,41,0,0,17,1242,136
INS,1859,18590000,0,13,0,11,0,941,56
INS,1860,18600000,1,0,23,0,7,669,64
INS,1861,18610000,27,2,0,17,0,295,234
INS,1862,18620000,9,0,0,6,21,22,224
INS,1863,18630000,39,8,0,9,7,5,251
INS,1864,18640000,1,6,0,0,1,0,208
INS,1865,18650000,0,0,0,0,29,0,246
INS,1866,18660000,0,3,0,15,4,0,0
INS,1867,18670000,0,0,0,29,0,20,44
INS,1868,18680000,0,0,0,0,0,0,12
INS,1869,18690000,0,6,1,21,28,84,169
INS,1870,18700000,0,0,0,4,35,0,85
INS,1871,18710000,47,23,1,11,0,11,156
INS,1872,18720000,10,16,0,0,5,0,111
INS,1873,18730000,0,33,5,10,16,0,161
INS,1874,18740000,0,0,18,0,0,6,138
INS,1875,18750000,7,0,19,0,0,0,157
INS,1876,18760000,0,0,52,68,0,0,12
INS,1877,18770000,0,0,0,6,0,0,171
INS,1878,18780000,56,7,3,0,17,0,9
INS,1879,18790000,11,0,0,0,21,41,16
INS,1880,18800000,0,0,9,0,25,0,250
INS,1881,18810000,28,0,0,4,0,34,43
INS,1882,18820000,0,24,9,17,0,25,69
INS,1883,18830000,0,14,0,0,0,26,51
INS,1884,18840000,0,0,0,0,0,10,38
INS,1885,18850000,0,5,1,0,0,28,79
INS,1886,18860000,0,59,0,12,0,0,133
INS,1887,18870000,11,0,1,0,0,0,91
INS,1888,18880000,19,0,0,0,4,4,123
INS,1889,18890000,28,0,0,0,43,0,184
INS,1890,18900000,0,0,0,0,8,11,149
INS,1891,18910000,0,0,16,10,0,0,173
INS,1892,18920000,0,0,0,12,0,0,176
INS,1893,18930000,9,0,0,7,0,17,214
INS,1894,18940000,0,24,10,16,3,0,251
INS,1895,18950000,0,28,31,0,18,25,61
INS,1896,18960000,0,0,0,28,0,33,37
INS,1897,18970000,0,0,0,28,9,0,30
INS,1898,18980000,13,22,0,2,0,2,49
INS,1899,18990000,0,0,7,0,0,0,34
INS,1900,19000000,0,0,15,17,0,67,143
INS,1901,19010000,307,0,0,50,27,0,189
INS,1902,19020000,703,6,18,0,0,42,79
INS,1903,19030000,950,5,0,0,0,0,26
INS,1904,19040000,1251,0,22,0,43,0,148
INS,1905,19050000,1596,0,0,0,0,0,189
INS,1906,19060000,1869,0,17,25,9,15,33
INS,1907,19070000,2156,10,0,0,0,7,32
INS,1908,19080000,2374,14,19,0,51,11,89
INS,1909,19090000,2584,0,18,0,3,0,242
INS,1910,19100000,2804,0,19,0,0,29,250
INS,1911,19110000,2918,0,0,44,0,0,121
INS,1912,19120000,3077,0,22,0,8,9,36
INS,1913,19130000,3132,0,0,0,0,12,81
INS,1914,19140000,3197,0,0,15,0,0,166
INS,1915,19150000,3204,25,0,42,0,0,242
INS,1916,19160000,3142,139,0,0,45,0,58
INS,1917,19170000,3121,280,0,0,6,37,193
INS,1918,19180000,3025,435,0,0,0,39,9
INS,1919,19190000,2904,596,5,8,0,10,50
INS,1920,19200000,2775,685,0,0,43,0,47
INS,1921,19210000,2597,819,0,4,0,0,237
INS,1922,19220000,2407,914,0,0,0,0,155
INS,1923,19230000,2178,1014,1,24,0,4,72
INS,1924,19240000,1851,1144,9,27,0,0,155
INS,1925,19250000,1577,1240,0,0,0,0,214
INS,1926,19260000,1270,1276,2,0,2,0,220
INS,1927,19270000,980,1289,0,12,0,0,224
INS,1928,19280000,666,1390,0,37,19,0,72
INS,1929,19290000,326,1353,0,27,0,2,197
INS,1930,19300000,0,1380,0,0,0,0,142
INS,1931,19310000,0,1412,330,0,19,22,50
INS,1932,19320000,0,1358,650,0,0,0,36
INS,1933,19330000,4,1329,1028,372,20,0,30
INS,1934,19340000,3,1286,1238,708,3,0,20
INS,1935,19350000,3,1224,1563,1003,5,20,105
INS,1936,19360000,0,1139,1765,1349,243,0,32
INS,1937,19370000,0,1028,2012,1629,556,0,10
INS,1938,19380000,36,971,2188,1949,822,0,0
INS,1939,19390000,0,760,2381,2131,1097,0,164
INS,1940,19400000,0,702,2482,2361,1365,6,216
INS,1941,19410000,0,550,2581,2531,1598,0,65
INS,1942,19420000,17,447,2607,2648,1771,4,60
INS,1943,19430000,0,265,2570,2734,1966,0,118
INS,1944,19440000,34,137,2606,2752,2049,27,205
INS,1945,19450000,0,19,2431,2776,2178,0,21
INS,1946,19460000,16,0,2374,2754,2196,313,31
INS,1947,19470000,0,0,2164,2676,2220,616,71
INS,1948,19480000,14,0,1958,2551,2129,913,233
INS,1949,19490000,0,13,1788,2334,2075,1236,131
INS,1950,19500000,0,0,1497,2165,1925,1404,205
INS,1951,19510000,0,20,1265,1916,1819,1590,97
INS,1952,19520000,0,12,971,1694,1577,1719,245
INS,1953,19530000,42,14,603,1304,1337,1820,177
INS,1954,19540000,3,12,322,1025,1097,1783,84
INS,1955,19550000,0,2,0,671,865,1745,166
INS,1956,19560000,1,25,21,348,629,1587,23
INS,1957,19570000,32,32,14,28,273,1429,5
INS,1958,19580000,2,0,0,0,0,1209,193
INS,1959,19590000,25,0,0,23,0,991,38
INS,1960,19600000,4,0,23,0,36,603,194
INS,1961,19610000,23,0,7,12,0,317,160
INS,1962,19620000,19,24,33,0,0,38,188
INS,1963,19630000,30,0,0,13,17,20,171
INS,1964,19640000,31,14,0,0,0,0,153
INS,1965,19650000,0,0,3,0,4,0,132
INS,1966,19660000,29,21,0,40,0,0,232
INS,1967,19670000,45,7,0,0,0,0,211
INS,1968,19680000,0,73,0,10,0,25,28
INS,1969,19690000,8,31,11,0,56,16,59
INS,1970,19700000,0,0,0,0,0,5,215
INS,1971,19710000,0,28,0,22,0,27,48
INS,1972,19720000,0,0,0,0,0,0,244
INS,1973,19730000,0,0,0,25,0,18,48
INS,1974,19740000,13,0,0,26,3,7,71
INS,1975,19750000,0,5,0,0,1,17,62
INS,1976,19760000,0,29,0,0,33,9,127
INS,1977,19770000,0,0,0,0,12,0,85
INS,1978,19780000,28,0,0,30,0,13,161
INS,1979,19790000,0,9,0,4,14,19,153
INS,1980,19800000,0,17,0,1,0,0,142
INS,1981,19810000,0,0,13,0,0,0,154
INS,1982,19820000,0,0,7,0,0,0,165
INS,1983,19830000,38,0,6,0,0,0,219
INS,1984,19840000,0,0,0,0,0,0,192
INS,1985,19850000,0,0,22,9,0,18,2
INS,1986,19860000,32,34,1,47,0,0,84
INS,1987,19870000,0,10,4,0,0,6,7
INS,1988,19880000,12,0,3,6,18,15,58
INS,1989,19890000,8,14,0,0,23,0,66
INS,1990,19900000,23,6,52,26,0,5,150
INS,1991,19910000,0,11,4,0,11,0,81
INS,1992,19920000,4,49,0,22,26,0,173
INS,1993,19930000,0,70,15,0,0,4,178
INS,1994,19940000,0,0,0,2,32,10,150
INS,1995,19950000,0,24,0,0,19,0,166
INS,1996,19960000,20,0,0,0,0,45,205
INS,1997,19970000,21,0,0,0,0,47,225
INS,1998,19980000,10,15,17,0,33,10,3
INS,1999,19990000,0,0,0,0,0,13,204
INS,2000,20000000,0,11,0,6,7,11,243
INS,2001,20010000,346,0,32,0,0,0,91
INS,2002,20020000,691,2,19,21,32,19,2
INS,2003,20030000,938,50,0,2,0,25,250
INS,2004,20040000,1283,6,0,0,0,39,68
INS,2005,20050000,1609,2,0,0,0,0,112
INS,2006,20060000,1886,9,18,24,0,10,209
INS,2007,20070000,2109,0,0,0,1,0,133
INS,2008,20080000,2378,31,0,25,2,23,243
INS,2009,20090000,2614,0,20,0,34,0,213
INS,2010,20100000,2749,8,36,0,0,0,99
INS,2011,20110000,2920,0,24,0,0,18,29
INS,2012,20120000,3025,0,15,0,21,0,145
INS,2013,20130000,3139,0,0,0,0,0,240
INS,2014,20140000,3242,20,48,58,0,0,230
INS,2015,20150000,3234,0,0,0,0,0,113
INS,2016,20160000,3169,159,0,0,0,10,234
INS,2017,20170000,3139,284,0,0,0,0,80
INS,2018,20180000,3047,424,0,29,9,0,183
INS,2019,20190000,2902,549,14,0,0,0,156
INS,2020,20200000,2727,675,38,54,0,0,202
INS,2021,20210000,2589,833,0,15,0,6,168
INS,2022,20220000,2358,917,0,7,7,19,50
INS,2023,20230000,2128,1053,20,0,0,0,216
INS,2024,20240000,1854,1119,0,0,18,0,23
INS,2025,20250000,1642,1226,0,26,14,0,213
INS,2026,20260000,1310,1298,9,47,0,0,242
INS,2027,20270000,1002,1292,0,0,0,0,145
INS,2028,20280000,632,1393,0,16,5,34,204
INS,2029,20290000,333,1400,0,26,36,0,192
INS,2030,20300000,3,1381,0,14,9,9,86
INS,2031,20310000,15,1339,342,0,0,24,151
INS,2032,20320000,0,1351,674,65,0,45,71
INS,2033,20330000,0,1345,998,350,0,17,151
INS,2034,20340000,0,1231,1211,730,2,0,120
INS,2035,20350000,0,1156,1509,1040,10,9,175
INS,2036,20360000,44,1169,1780,1357,336,0,130
INS,2037,20370000,0,1022,2065,1680,589,0,49
INS,2038,20380000,5,930,2233,1922,874,4,166
INS,2039,20390000,0,854,2389,2099,1147,0,192
INS,2040,20400000,0,765,2455,2382,1465,0,19
INS,2041,20410000,0,617,2528,2534,1617,0,9
INS,2042,20420000,55,424,2609,2678,1780,0,20
INS,2043,20430000,7,320,2578,2748,1924,11,79
INS,2044,20440000,0,203,2550,2835,2038,0,134
INS,2045,20450000,18,5,2436,2826,2161,2,229
INS,2046,20460000,0,0,2319,2727,2174,281,43
INS,2047,20470000,38,22,2182,2654,2212,679,90
INS,2048,20480000,8,0,2015,2498,2098,938,133
INS,2049,20490000,24,0,1778,2355,2089,1252,91
INS,2050,20500000,0,23,1468,2181,1970,1414,178
INS,2051,20510000,25,2,1266,1917,1782,1609,252
INS,2052,20520000,12,18,975,1636,1572,1733,126
INS,2053,20530000,0,0,659,1341,1378,1803,146
INS,2054,20540000,0,40,343,1033,1169,1786,121
INS,2055,20550000,28,0,5,713,857,1716,110
INS,2056,20560000,0,0,9,330,583,1617,115
INS,2057,20570000,0,0,0,0,228,1463,52
INS,2058,20580000,5,21,0,0,0,1245,161
INS,2059,20590000,28,0,21,56,0,944,212
INS,2060,20600000,0,15,0,10,0,691,152
INS,2061,20610000,0,0,0,0,0,322,31
INS,2062,20620000,0,2,16,7,0,0,7
INS,2063,20630000,16,35,39,0,0,11,100
INS,2064,20640000,0,0,1,8,16,6,47
INS,2065,20650000,0,0,0,8,27,21,89
INS,2066,20660000,0,0,23,0,0,0,73
INS,2067,20670000,6,37,0,35,0,0,145
INS,2068,20680000,0,26,2,56,35,20,223
INS,2069,20690000,4,0,39,28,16,0,188
INS,2070,20700000,11,0,0,0,14,18,161
INS,2071,20710000,29,0,0,8,32,2,206
INS,2072,20720000,0,0,23,7,5,0,187
INS,2073,20730000,0,59,0,10,0,7,245
INS,2074,20740000,0,1,6,0,28,0,221
INS,2075,20750000,26,32,51,0,12,0,68
INS,2076,20760000,32,12,3,0,0,6,17
INS,2077,20770000,10,0,10,0,0,19,20
INS,2078,20780000,6,0,45,0,53,60,162
INS,2079,20790000,23,14,0,16,14,1,83
INS,2080,20800000,0,0,32,0,0,0,64
INS,2081,20810000,52,24,0,13,0,0,138
INS,2082,20820000,9,0,0,0,0,22,97
INS,2083,20830000,12,28,0,33,18,15,189
INS,2084,20840000,3,0,21,9,36,0,169
INS,2085,20850000,31,37,26,25,3,0,239
INS,2086,20860000,17,23,0,0,0,17,191
INS,2087,20870000,0,0,0,0,0,0,151
INS,2088,20880000,41,0,29,0,0,0,238
INS,2089,20890000,18,36,0,11,12,0,6
INS,2090,20900000,16,18,0,0,50,12,42
INS,2091,20910000,16,7,0,75,18,0,79
INS,2092,20920000,0,0,0,7,5,8,0
INS,2093,20930000,4,13,1,18,0,0,33
INS,2094,20940000,4,52,27,15,0,9,121
INS,2095,20950000,3,16,38,26,0,0,114
INS,2096,20960000,0,0,1,53,19,18,139
INS,2097,20970000,8,20,32,5,0,0,130
INS,2098,20980000,37,0,38,16,0,0,173
INS,2099,20990000,18,28,33,27,0,0,205
INS,2100,21000000,14,10,8,0,0,0,148
INS,2101,21010000,355,52,0,0,0,9,37
INS,2102,21020000,654,0,0,9,20,6,71
INS,2103,21030000,968,3,0,0,4,0,118
INS,2104,21040000,1326,1,7,0,0,0,238
INS,2105,21050000,1621,0,26,17,0,0,73
INS,2106,21060000,1901,0,35,0,0,0,106
INS,2107,21070000,2146,43,0,0,0,13,133
INS,2108,21080000,2413,15,0,0,28,18,166
INS,2109,21090000,2587,29,25,0,55,1,150
INS,2110,21100000,2801,28,0,0,0,0,43
INS,2111,21110000,2923,9,45,15,34,0,1
INS,2112,21120000,3063,21,0,0,66,0,142
INS,2113,21130000,3166,16,18,14,0,7,230
INS,2114,21140000,3184,0,0,35,26,0,15
INS,2115,21150000,3213,0,1,0,0,0,1
INS,2116,21160000,3180,194,0,43,25,19,9
INS,2117,21170000,3116,341,10,18,3,44,97
INS,2118,21180000,3051,446,0,0,2,10,91
INS,2119,21190000,2933,589,11,0,16,0,148
INS,2120,21200000,2761,678,29,7,0,25,116
INS,2121,21210000,2621,830,0,0,40,36,160
INS,2122,21220000,2386,953,9,28,0,0,26
INS,2123,21230000,2163,1076,23,3,50,0,238
INS,2124,21240000,1879,1185,0,0,0,4,8
INS,2125,21250000,1611,1255,0,0,45,2,126
INS,2126,21260000,1319,1302,0,0,19,0,126
INS,2127,21270000,949,1324,0,8,8,15,63
INS,2128,21280000,651,1347,17,17,0,0,64
INS,2129,21290000,368,1375,0,26,3,14,91
INS,2130,21300000,0,1387,0,0,0,16,237
INS,2131,21310000,0,1370,320,17,0,17,63
INS,2132,21320000,19,1368,598,8,19,3,115
INS,2133,21330000,0,1375,969,362,23,20,98
INS,2134,21340000,14,1280,1246,713,0,0,107
INS,2135,21350000,0,1233,1497,1040,0,0,129
INS,2136,21360000,0,1131,1762,1303,301,0,105
INS,2137,21370000,0,1048,2007,1663,590,0,165
INS,2138,21380000,13,959,2215,1895,883,17,88
INS,2139,21390000,0,778,2373,2214,1168,0,144
INS,2140,21400000,0,702,2431,2358,1424,0,31
INS,2141,21410000,36,570,2611,2485,1613,46,238
INS,2142,21420000,0,428,2596,2642,1808,21,133
INS,2143,21430000,0,293,2599,2738,1933,0,218
INS,2144,21440000,19,155,2554,2805,2063,0,12
INS,2145,21450000,8,0,2475,2844,2162,1,179
INS,2146,21460000,24,49,2340,2720,2179,334,96
INS,2147,21470000,18,0,2173,2698,2168,664,188
INS,2148,21480000,0,12,1984,2561,2111,944,96
INS,2149,21490000,30,0,1776,2312,2084,1214,173
INS,2150,21500000,0,38,1528,2180,1927,1484,187
INS,2151,21510000,0,0,1262,1947,1805,1611,184
INS,2152,21520000,0,37,948,1651,1611,1705,40
INS,2153,21530000,38,0,678,1318,1428,1773,108
INS,2154,21540000,1,0,291,1088,1189,1781,8
INS,2155,21550000,0,0,0,702,904,1677,238
INS,2156,21560000,17,0,0,353,570,1648,72
INS,2157,21570000,9,0,37,0,298,1416,29
INS,2158,21580000,5,0,2,0,0,1269,74
INS,2159,21590000,13,43,0,13,0,1023,163
INS,2160,21600000,0,14,0,0,0,678,36
INS,2161,21610000,10,43,27,0,0,328,25
INS,2162,21620000,3,0,10,0,0,8,167
INS,2163,21630000,0,1,3,0,29,0,196
INS,2164,21640000,0,45,0,0,0,2,227
INS,2165,21650000,15,0,0,4,39,47,46
INS,2166,21660000,0,7,0,0,39,36,40
INS,2167,21670000,19,8,0,6,27,0,35
INS,2168,21680000,12,0,13,0,13,22,52
INS,2169,21690000,9,3,0,0,1,0,22
INS,2170,21700000,0,33,1,0,29,8,97
INS,2171,21710000,5,12,0,20,0,6,86
INS,2172,21720000,1,0,0,0,1,0,62
INS,2173,21730000,0,0,0,0,0,1,78
INS,2174,21740000,27,0,0,6,33,30,190
INS,2175,21750000,0,0,38,0,32,0,181
INS,2176,21760000,0,69,11,6,46,0,4
INS,2177,21770000,21,0,0,26,25,1,218
INS,2178,21780000,7,14,0,23,7,0,213
INS,2179,21790000,10,0,0,0,0,0,189
INS,2180,21800000,0,5,0,0,20,9,230
INS,2181,21810000,0,0,4,10,11,46,28
INS,2182,21820000,3,64,0,0,0,0,41
INS,2183,21830000,0,38,0,0,22,0,51
INS,2184,21840000,4,0,0,13,0,0,25
INS,2185,21850000,23,0,11,0,10,0,69
INS,2186,21860000,0,0,0,31,14,41,128
INS,2187,21870000,0,0,0,0,0,42,101
INS,2188,21880000,0,0,8,24,5,7,120
INS,2189,21890000,0,0,0,0,37,0,130
INS,2190,21900000,11,5,18,13,0,0,157
INS,2191,21910000,0,0,0,0,0,0,127
INS,2192,21920000,22,15,0,24,41,0,246
INS,2193,21930000,6,0,40,0,0,0,207
INS,2194,21940000,13,0,0,0,0,36,227
INS,2195,21950000,0,0,0,45,0,0,240
INS,2196,21960000,38,0,19,0,37,0,50
INS,2197,21970000,18,0,18,28,4,0,41
INS,2198,21980000,0,62,26,3,0,0,81
INS,2199,21990000,21,4,18,0,3,0,53
INS,2200,22000000,38,6,0,19,12,2,101
INS,2201,22010000,309,10,0,0,0,0,104
INS,2202,22020000,670,29,0,11,11,0,11
INS,2203,22030000,989,0,0,0,0,14,54
INS,2204,22040000,1283,26,1,20,0,15,157
INS,2205,22050000,1607,31,19,0,12,22,8
INS,2206,22060000,1890,12,47,0,0,0,27
INS,2207,22070000,2138,0,0,13,5,16,11
INS,2208,22080000,2402,28,0,0,0,5,35
INS,2209,22090000,2598,19,0,0,9,0,243
INS,2210,22100000,2750,0,0,0,0,0,128
INS,2211,22110000,2946,0,0,22,0,38,145
INS,2212,22120000,3037,0,6,0,28,0,227
INS,2213,22130000,3140,6,0,47,0,0,110
INS,2214,22140000,3164,17,27,28,7,22,199
INS,2215,22150000,3191,0,0,0,0,0,142
INS,2216,22160000,3158,149,5,0,0,0,24
INS,2217,22170000,3135,268,0,13,0,11,156
INS,2218,22180000,3039,430,2,0,18,14,249
INS,2219,22190000,2923,536,5,23,0,0,250
INS,2220,22200000,2770,704,0,50,0,0,48
INS,2221,22210000,2615,804,0,0,0,29,245
INS,2222,22220000,2374,946,0,0,0,0,134
INS,2223,22230000,2138,1051,0,2,10,0,32
INS,2224,22240000,1869,1108,11,0,0,0,92
INS,2225,22250000,1607,1220,0,17,10,45,20
INS,2226,22260000,1299,1276,0,12,0,27,8
INS,2227,22270000,993,1328,0,0,0,21,9
INS,2228,22280000,688,1370,0,31,5,18,52
INS,2229,22290000,381,1369,0,0,0,52,15
INS,2230,22300000,0,1436,0,23,0,27,228
INS,2231,22310000,0,1347,347,0,0,3,200
INS,2232,22320000,38,1375,652,0,0,4,77
INS,2233,22330000,0,1341,953,340,13,0,160
INS,2234,22340000,0,1252,1241,682,10,0,203
INS,2235,22350000,0,1193,1511,1005,0,0,232
INS,2236,22360000,0,1140,1800,1318,297,0,71
INS,2237,22370000,27,1062,1984,1671,591,50,150
INS,2238,22380000,19,973,2202,1898,884,0,246
INS,2239,22390000,0,810,2346,2150,1156,0,237
INS,2240,22400000,0,734,2461,2323,1370,0,168
INS,2241,22410000,0,613,2521,2556,1600,0,75
INS,2242,22420000,29,418,2584,2680,1831,0,88
INS,2243,22430000,0,262,2612,2719,1937,0,93
INS,2244,22440000,0,155,2571,2770,2094,0,170
INS,2245,22450000,36,0,2487,2771,2126,0,17
INS,2246,22460000,0,0,2357,2745,2185,314,215
INS,2247,22470000,6,26,2179,2649,2164,676,75
INS,2248,22480000,22,4,2014,2567,2177,941,117
INS,2249,22490000,0,0,1711,2362,2063,1236,37
INS,2250,22500000,8,19,1504,2157,1939,1405,226
INS,2251,22510000,0,0,1263,1936,1778,1615,59
INS,2252,22520000,4,0,939,1594,1643,1739,171
INS,2253,22530000,0,35,619,1351,1363,1783,188
INS,2254,22540000,0,38,276,1064,1166,1814,180
INS,2255,22550000,14,0,7,692,836,1706,118
INS,2256,22560000,0,0,0,414,605,1637,48
INS,2257,22570000,0,0,0,0,294,1398,125
INS,2258,22580000,0,22,34,0,0,1195,213
INS,2259,22590000,42,0,0,0,0,929,206
INS,2260,22600000,0,13,4,5,3,694,227
INS,2261,22610000,13,37,5,0,0,383,219
INS,2262,22620000,26,0,0,0,4,19,103
INS,2263,22630000,0,0,14,18,3,3,109
INS,2264,22640000,0,0,1,0,9,0,98
INS,2265,22650000,0,0,14,0,22,23,164
INS,2266,22660000,35,0,0,0,40,7,204
INS,2267,22670000,47,36,0,6,37,26,35
INS,2268,22680000,20,0,42,11,52,0,25
INS,2269,22690000,0,1,0,0,7,0,181
INS,2270,22700000,0,14,0,0,10,0,214
INS,2271,22710000,0,0,18,32,3,19,23
INS,2272,22720000,10,9,0,5,0,4,252
INS,2273,22730000,0,5,14,30,23,0,57
INS,2274,22740000,0,40,0,14,15,20,91
INS,2275,22750000,0,0,10,29,0,0,58
INS,2276,22760000,0,8,0,0,0,0,44
INS,2277,22770000,0,1,0,16,10,0,80
INS,2278,22780000,0,29,23,0,0,0,122
INS,2279,22790000,0,0,0,0,0,14,101
INS,2280,22800000,0,32,0,0,0,29,165
INS,2281,22810000,0,19,32,4,22,5,203
INS,2282,22820000,27,51,25,0,0,10,251
INS,2283,22830000,3,14,0,0,17,0,189
INS,2284,22840000,0,0,0,14,0,0,186
INS,2285,22850000,0,0,0,7,0,11,207
INS,2286,22860000,5,27,20,4,0,0,6
INS,2287,22870000,31,0,25,4,13,24,64
INS,2288,22880000,0,0,0,0,65,18,67
INS,2289,22890000,0,24,0,32,9,1,67
INS,2290,22900000,13,39,0,0,25,11,106
INS,2291,22910000,30,0,0,1,4,7,77
INS,2292,22920000,68,0,3,26,0,1,150
INS,2293,22930000,0,0,29,0,13,7,118
INS,2294,22940000,3,0,0,0,11,37,137
INS,2295,22950000,21,0,2,6,1,24,157
INS,2296,22960000,0,0,15,24,0,0,159
INS,2297,22970000,23,19,25,0,39,8,251
INS,2298,22980000,0,21,0,9,23,0,207
INS,2299,22990000,0,33,0,7,18,38,11
INS,2300,23000000,0,1,4,61,38,0,36
INS,2301,23010000,358,37,0,0,0,2,90
INS,2302,23020000,653,11,25,3,23,0,169
INS,2303,23030000,966,0,0,7,18,29,235
INS,2304,23040000,1257,0,8,0,19,0,4
INS,2305,23050000,1599,0,0,5,0,0,85
INS,2306,23060000,1898,0,11,0,0,0,151
INS,2307,23070000,2172,0,0,3,0,26,204
INS,2308,23080000,2395,0,0,44,0,5,208
INS,2309,23090000,2595,0,0,0,1,10,131
INS,2310,23100000,2746,0,0,0,0,0,32
INS,2311,23110000,2908,0,40,2,25,0,22
INS,2312,23120000,3087,0,0,0,0,16,167
INS,2313,23130000,3104,8,0,16,22,0,231
INS,2314,23140000,3179,0,0,19,0,49,89
INS,2315,23150000,3192,5,0,0,0,0,56
INS,2316,23160000,3198,132,30,21,0,46,47
INS,2317,23170000,3122,320,0,18,0,0,97
INS,2318,23180000,3077,427,0,0,20,12,190
INS,2319,23190000,2905,573,18,0,0,0,167
INS,2320,23200000,2789,624,50,39,0,0,190
INS,2321,23210000,2567,825,0,22,0,7,126
INS,2322,23220000,2366,950,0,0,39,0,77
INS,2323,23230000,2169,1017,0,11,0,28,220
INS,2324,23240000,1892,1141,0,36,14,0,95
INS,2325,23250000,1584,1205,18,21,0,0,113
INS,2326,23260000,1316,1294,29,0,0,1,198
INS,2327,23270000,982,1332,0,12,6,5,168
INS,2328,23280000,643,1357,0,0,49,20,173
INS,2329,23290000,342,1410,2,4,0,0,135
INS,2330,23300000,28,1398,0,39,0,0,115
INS,2331,23310000,0,1354,354,0,0,0,119
INS,2332,23320000,0,1396,607,0,3,29,207
INS,2333,23330000,0,1311,964,308,0,27,31
INS,2334,23340000,7,1286,1228,663,0,8,118
INS,2335,23350000,0,1220,1503,1077,7,0,238
INS,2336,23360000,0,1161,1780,1332,314,0,11
INS,2337,23370000,7,1097,1986,1635,605,17,20
INS,2338,23380000,10,965,2229,1919,874,1,176
INS,2339,23390000,75,832,2365,2174,1152,0,25
INS,2340,23400000,0,677,2434,2369,1410,0,78
INS,2341,23410000,17,569,2549,2485,1658,16,243
INS,2342,23420000,0,426,2631,2649,1862,20,42
INS,2343,23430000,0,270,2554,2787,1950,0,32
INS,2344,23440000,14,101,2534,2798,2067,0,2
INS,2345,23450000,29,0,2501,2787,2135,0,213
INS,2346,23460000,17,0,2311,2744,2231,348,173
INS,2347,23470000,0,29,2211,2682,2183,709,97
INS,2348,23480000,3,0,1990,2515,2136,904,104
INS,2349,23490000,0,0,1753,2373,2090,1238,27
INS,2350,23500000,0,0,1539,2153,1966,1442,202
INS,2351,23510000,15,0,1224,1935,1785,1591,181
INS,2352,23520000,40,0,942,1675,1602,1716,135
INS,2353,23530000,48,0,653,1362,1343,1732,83
INS,2354,23540000,0,0,313,1004,1149,1807,3
INS,2355,23550000,16,16,0,697,874,1733,107
INS,2356,23560000,0,0,24,360,631,1644,215
INS,2357,23570000,16,0,0,3,310,1463,133
INS,2358,23580000,36,6,13,0,28,1220,173
INS,2359,23590000,0,0,16,0,35,969,163
INS,2360,23600000,0,0,0,17,0,628,61
INS,2361,23610000,0,35,55,16,0,313,108
INS,2362,23620000,0,10,0,0,37,0,9
INS,2363,23630000,9,49,4,15,0,18,74
INS,2364,23640000,37,0,16,0,0,0,49
INS,2365,23650000,17,30,0,0,0,21,81
INS,2366,23660000,2,0,4,0,31,6,73
INS,2367,23670000,0,0,1,0,12,0,60
INS,2368,23680000,23,6,0,41,0,0,134
INS,2369,23690000,0,13,26,0,4,0,124
INS,2370,23700000,18,0,5,18,0,0,139
INS,2371,23710000,0,29,26,9,41,39,3
INS,2372,23720000,13,21,31,0,25,0,222
INS,2373,23730000,38,0,0,2,0,0,189
INS,2374,23740000,7,0,0,0,21,15,209
INS,2375,23750000,0,0,0,0,27,0,210
INS,2376,23760000,0,16,7,8,37,19,31
INS,2377,23770000,20,0,0,10,0,0,247
INS,2378,23780000,1,24,0,23,0,31,57
INS,2379,23790000,0,2,0,0,0,27,24
INS,2380,23800000,6,0,26,23,5,0,72
INS,2381,23810000,11,0,0,36,2,0,78
INS,2382,23820000,13,9,0,2,2,0,72
INS,2383,23830000,0,0,15,0,31,6,115
INS,2384,23840000,0,0,0,0,1,5,86
INS,2385,23850000,0,0,0,0,0,21,118
INS,2386,23860000,22,1,0,28,51,19,235
INS,2387,23870000,0,4,5,8,25,5,178
INS,2388,23880000,2,0,0,32,20,46,248
INS,2389,23890000,13,39,0,0,0,40,1
INS,2390,23900000,26,0,0,0,49,0,1
INS,2391,23910000,0,0,0,0,0,0,199
INS,2392,23920000,21,6,0,0,38,5,30
INS,2393,23930000,0,0,0,33,0,7,17
INS,2394,23940000,0,0,0,15,0,3,12
INS,2395,23950000,0,27,11,0,15,13,77
INS,2396,23960000,0,0,33,5,0,37,103
INS,2397,23970000,0,4,21,17,0,29,116
INS,2398,23980000,25,34,0,0,0,37,158
INS,2399,23990000,22,0,3,17,0,0,121
INS,2400,24000000,0,6,0,9,0,0,111
INS,2401,24010000,324,0,0,0,19,33,233
INS,2402,24020000,669,0,0,77,33,17,158
INS,2403,24030000,977,6,0,2,0,0,108
INS,2404,24040000,1315,23,31,9,0,13,19
INS,2405,24050000,1648,10,10,0,0,4,61
INS,2406,24060000,1893,0,0,0,4,0,47
INS,2407,24070000,2130,16,35,40,0,2,134
INS,2408,24080000,2361,19,24,21,7,14,118
INS,2409,24090000,2578,0,0,26,6,21,64
INS,2410,24100000,2780,36,0,0,0,28,38
INS,2411,24110000,2970,0,0,48,25,18,16
INS,2412,24120000,3056,30,0,0,4,4,66
INS,2413,24130000,3109,36,0,22,0,65,221
INS,2414,24140000,3206,0,0,0,0,0,212
INS,2415,24150000,3229,11,0,0,27,0,34
INS,2416,24160000,3213,135,12,14,0,16,174
INS,2417,24170000,3173,329,0,0,0,8,55
INS,2418,24180000,3055,371,7,1,13,25,34
INS,2419,24190000,2879,539,0,7,0,57,61
INS,2420,24200000,2781,710,0,0,20,40,147
INS,2421,24210000,2609,812,0,8,9,2,53
INS,2422,24220000,2361,922,0,19,0,0,188
INS,2423,24230000,2093,1017,0,0,12,0,25
INS,2424,24240000,1883,1149,0,0,18,19,245
INS,2425,24250000,1611,1197,0,5,16,6,28
INS,2426,24260000,1326,1269,0,0,6,17,84
INS,2427,24270000,954,1290,0,22,0,0,5
INS,2428,24280000,675,1396,0,41,0,30,154
INS,2429,24290000,356,1384,34,0,0,0,59
INS,2430,24300000,4,1429,0,0,2,0,249
INS,2431,24310000,0,1380,277,0,0,44,20
INS,2432,24320000,60,1345,635,24,5,0,149
INS,2433,24330000,3,1350,927,335,0,0,200
INS,2434,24340000,0,1240,1223,728,5,0,30
INS,2435,24350000,22,1211,1561,1016,2,0,151
INS,2436,24360000,0,1134,1830,1386,322,0,4
INS,2437,24370000,9,1048,2010,1664,607,0,175
INS,2438,24380000,14,929,2203,1922,863,4,21
INS,2439,24390000,0,855,2362,2089,1124,0,21
INS,2440,24400000,0,679,2491,2346,1424,14,50
INS,2441,24410000,4,580,2532,2546,1637,36,192
INS,2442,24420000,0,390,2589,2609,1776,0,238
INS,2443,24430000,0,321,2576,2764,1930,0,226
INS,2444,24440000,0,100,2512,2766,2067,0,97
INS,2445,24450000,0,16,2422,2787,2165,0,59
INS,2446,24460000,2,19,2302,2754,2166,310,239
INS,2447,24470000,16,0,2189,2680,2182,652,166
INS,2448,24480000,0,0,1985,2525,2143,940,57
INS,2449,24490000,0,0,1777,2370,2032,1199,115
INS,2450,24500000,0,0,1541,2169,1964,1447,131
INS,2451,24510000,0,0,1272,1875,1807,1620,113
INS,2452,24520000,38,0,952,1671,1591,1769,89
INS,2453,24530000,42,0,641,1355,1369,1757,17
INS,2454,24540000,12,13,319,1003,1132,1776,149
INS,2455,24550000,23,7,0,661,836,1725,187
INS,2456,24560000,0,26,0,342,571,1639,42
INS,2457,24570000,2,8,0,22,292,1417,246
INS,2458,24580000,0,4,0,33,0,1230,45
INS,2459,24590000,21,41,0,0,10,931,54
INS,2460,24600000,14,4,3,35,0,595,231
INS,2461,24610000,0,24,0,0,30,348,255
INS,2462,24620000,18,0,0,6,0,46,196
INS,2463,24630000,0,21,0,0,0,0,164
INS,2464,24640000,4,0,0,30,0,15,209
INS,2465,24650000,0,15,0,0,0,21,213
INS,2466,24660000,0,0,0,0,18,0,212
INS,2467,24670000,2,0,0,0,13,0,226
INS,2468,24680000,0,0,0,1,19,16,8
INS,2469,24690000,0,21,19,0,11,8,48
INS,2470,24700000,0,0,0,0,0,16,22
INS,2471,24710000,0,0,16,0,0,1,40
INS,2472,24720000,1,0,0,0,0,0,41
INS,2473,24730000,20,0,0,2,11,0,90
INS,2474,24740000,17,0,0,24,0,0,115
INS,2475,24750000,0,20,0,0,0,0,111
INS,2476,24760000,0,0,0,0,0,0,108
INS,2477,24770000,0,59,14,15,24,23,4
INS,2478,24780000,0,0,0,0,0,0,142
INS,2479,24790000,0,25,0,17,0,0,201
INS,2480,24800000,0,41,20,1,4,0,242
INS,2481,24810000,0,0,0,0,36,16,245
INS,2482,24820000,0,0,0,0,0,27,237
INS,2483,24830000,27,0,38,0,8,0,44
INS,2484,24840000,0,0,24,17,0,0,29
INS,2485,24850000,0,14,0,0,2,0,21
INS,2486,24860000,0,0,34,0,17,15,88
INS,2487,24870000,24,15,0,51,0,0,129
INS,2488,24880000,27,31,0,19,0,9,142
INS,2489,24890000,19,0,17,5,0,6,120
INS,2490,24900000,0,4,0,0,0,0,94
INS,2491,24910000,0,0,0,0,31,0,138
INS,2492,24920000,5,53,0,3,26,0,211
INS,2493,24930000,0,0,18,27,0,9,195
INS,2494,24940000,0,59,0,2,0,12,231
INS,2495,24950000,0,0,17,11,17,0,220
INS,2496,24960000,0,0,7,18,43,38,42
INS,2497,24970000,25,0,0,12,13,27,30
INS,2498,24980000,2,0,0,0,41,0,13
INS,2499,24990000,0,4,0,0,0,20,11
INS,2500,25000000,0,0,0,4,0,6,14
INS,2501,25010000,333,22,0,32,8,0,160
INS,2502,25020000,684,0,7,25,0,9,251
INS,2503,25030000,956,0,0,9,15,5,16
INS,2504,25040000,1287,0,0,4,14,0,97
INS,2505,25050000,1632,0,4,30,0,0,219
INS,2506,25060000,1892,1,21,0,0,0,228
INS,2507,25070000,2122,0,0,10,0,0,207
INS,2508,25080000,2372,0,0,11,20,39,22
INS,2509,25090000,2608,15,0,8,0,0,228
INS,2510,25100000,2734,36,0,0,39,0,167
INS,2511,25110000,2888,0,0,6,13,67,93
INS,2512,25120000,3031,0,4,0,0,23,194
INS,2513,25130000,3134,0,5,0,29,38,103
INS,2514,25140000,3199,15,19,0,31,4,182
INS,2515,25150000,3202,0,0,20,35,12,200
INS,2516,25160000,3215,184,0,0,3,0,94
INS,2517,25170000,3175,289,12,0,0,0,185
INS,2518,25180000,3031,424,0,28,0,0,209
INS,2519,25190000,2893,555,18,0,8,4,221
INS,2520,25200000,2776,708,22,0,35,0,45
INS,2521,25210000,2580,853,0,18,27,11,10
INS,2522,25220000,2344,925,13,22,36,30,164
INS,2523,25230000,2159,1007,0,5,10,0,248
INS,2524,25240000,1857,1140,17,0,0,25,123
INS,2525,25250000,1624,1221,36,31,1,36,50
INS,2526,25260000,1320,1255,0,19,14,16,254
INS,2527,25270000,995,1311,0,0,7,36,252
INS,2528,25280000,675,1388,0,7,22,0,12
INS,2529,25290000,370,1403,0,0,0,0,222
INS,2530,25300000,48,1337,18,0,0,0,125
INS,2531,25310000,24,1356,326,0,0,0,189
INS,2532,25320000,0,1387,680,0,22,14,91
INS,2533,25330000,6,1313,949,333,24,44,162
INS,2534,25340000,0,1283,1223,692,0,9,205
INS,2535,25350000,0,1184,1492,1076,13,6,18
INS,2536,25360000,19,1128,1795,1320,328,0,86
INS,2537,25370000,0,1068,1974,1650,591,23,51
INS,2538,25380000,19,983,2236,1905,874,0,11
INS,2539,25390000,29,781,2356,2161,1129,0,211
INS,2540,25400000,11,680,2501,2342,1398,0,192
INS,2541,25410000,5,573,2528,2512,1662,63,108
INS,2542,25420000,9,441,2616,2650,1766,20,28
INS,2543,25430000,32,282,2599,2762,1968,13,199
INS,2544,25440000,0,179,2485,2802,2054,0,80
INS,2545,25450000,13,0,2441,2782,2172,15,0
INS,2546,25460000,48,0,2372,2743,2175,384,60
INS,2547,25470000,0,0,2186,2670,2213,630,54
INS,2548,25480000,12,0,2004,2546,2179,970,83
INS,2549,25490000,0,21,1774,2405,2061,1211,117
INS,2550,25500000,16,28,1467,2182,1973,1402,242
INS,2551,25510000,5,0,1208,1940,1797,1575,228
INS,2552,25520000,0,0,970,1593,1646,1712,153
INS,2553,25530000,0,0,631,1368,1386,1802,204
INS,2554,25540000,10,0,339,999,1165,1797,112
INS,2555,25550000,17,0,5,684,908,1714,171
INS,2556,25560000,49,0,33,349,596,1618,17
INS,2557,25570000,0,27,0,5,287,1460,192
INS,2558,25580000,0,0,0,14,0,1232,188
INS,2559,25590000,0,0,13,24,0,994,246
INS,2560,25600000,0,0,0,0,52,628,168
INS,2561,25610000,20,0,0,0,0,291,72
INS,2562,25620000,0,0,0,16,10,18,78
INS,2563,25630000,42,12,4,0,0,0,109
INS,2564,25640000,0,4,0,9,36,0,117
INS,2565,25650000,0,0,9,49,0,0,143
INS,2566,25660000,0,0,32,27,0,0,161
INS,2567,25670000,19,0,0,0,4,0,142
INS,2568,25680000,0,0,0,34,0,0,170
INS,2569,25690000,25,0,0,0,0,0,178
INS,2570,25700000,0,11,0,30,7,0,218
INS,2571,25710000,15,37,0,0,15,23,21
INS,2572,25720000,0,0,19,50,21,0,38
INS,2573,25730000,3,12,0,7,0,13,0
INS,2574,25740000,56,2,0,6,0,0,46
INS,2575,25750000,0,13,51,22,0,0,85
INS,2576,25760000,1,15,14,24,0,16,86
INS,2577,25770000,0,0,13,30,0,0,76
INS,2578,25780000,0,18,0,5,12,5,90
INS,2579,25790000,6,0,0,0,0,0,73
INS,2580,25800000,0,0,0,10,0,0,94
INS,2581,25810000,0,28,0,0,14,15,158
INS,2582,25820000,0,0,1,0,43,40,202
INS,2583,25830000,0,0,23,24,33,25,240
INS,2584,25840000,5,0,32,0,12,12,213
INS,2585,25850000,24,0,0,0,26,22,241
INS,2586,25860000,8,0,0,51,0,17,6
INS,2587,25870000,0,19,11,0,0,0,233
INS,2588,25880000,0,7,9,0,12,0,248
INS,2589,25890000,0,0,48,5,0,39,73
INS,2590,25900000,8,24,5,0,0,3,38
INS,2591,25910000,0,0,0,6,1,0,22
INS,2592,25920000,43,32,11,0,0,0,118
INS,2593,25930000,0,22,18,31,0,0,120
INS,2594,25940000,0,2,0,27,13,16,124
INS,2595,25950000,4,0,0,3,23,0,113
INS,2596,25960000,0,0,49,10,1,0,160
INS,2597,25970000,0,0,19,0,0,19,155
INS,2598,25980000,0,13,12,0,0,0,159
INS,2599,25990000,11,21,0,18,0,5,206
INS,2600,26000000,26,0,42,0,30,32,42
INS,2601,26010000,348,25,0,0,0,0,46
INS,2602,26020000,627,25,42,0,2,12,142
INS,2603,26030000,977,35,0,10,10,0,227
INS,2604,26040000,1326,17,21,23,8,24,119
INS,2605,26050000,1597,41,0,24,35,0,158
INS,2606,26060000,1883,3,0,0,0,0,108
INS,2607,26070000,2145,0,0,41,13,0,182
INS,2608,26080000,2438,11,21,12,17,26,13
INS,2609,26090000,2559,0,13,0,35,42,154
INS,2610,26100000,2763,0,58,0,0,10,97
INS,2611,26110000,2929,0,9,0,30,0,251
INS,2612,26120000,3041,0,8,0,0,0,93
INS,2613,26130000,3116,0,5,34,36,5,1
INS,2614,26140000,3158,0,0,9,31,0,20
INS,2615,26150000,3131,25,16,25,10,0,46
INS,2616,26160000,3171,163,9,0,0,0,199
INS,2617,26170000,3121,314,0,16,35,8,111
INS,2618,26180000,3032,472,0,0,0,12,150
INS,2619,26190000,2949,586,0,43,0,8,237
INS,2620,26200000,2790,711,2,0,0,0,171
INS,2621,26210000,2624,833,30,0,0,16,188
INS,2622,26220000,2403,932,0,35,13,0,85
INS,2623,26230000,2179,1029,10,21,0,0,214
INS,2624,26240000,1888,1150,11,0,49,0,90
INS,2625,26250000,1583,1203,8,0,25,0,84
INS,2626,26260000,1269,1299,27,35,0,18,186
INS,2627,26270000,980,1328,0,3,0,28,150
INS,2628,26280000,595,1361,44,0,33,15,132
INS,2629,26290000,369,1406,0,15,0,17,164
INS,2630,26300000,0,1431,16,0,9,0,86
INS,2631,26310000,0,1430,328,0,0,0,149
INS,2632,26320000,38,1370,637,0,0,29,226
INS,2633,26330000,0,1365,899,391,45,32,133
INS,2634,26340000,0,1241,1228,719,0,0,94
INS,2635,26350000,26,1271,1532,1033,17,49,83
INS,2636,26360000,31,1147,1805,1371,290,0,48
INS,2637,26370000,0,1067,1997,1653,615,0,241
INS,2638,26380000,5,922,2185,1901,838,2,11
INS,2639,26390000,0,805,2357,2129,1130,16,100
INS,2640,26400000,0,700,2453,2364,1370,0,55
INS,2641,26410000,0,567,2563,2503,1651,22,235
INS,2642,26420000,1,412,2574,2661,1784,0,122
INS,2643,26430000,0,269,2600,2757,1948,0,25
INS,2644,26440000,11,157,2542,2796,2112,0,86
INS,2645,26450000,0,0,2492,2824,2141,0,198
INS,2646,26460000,57,0,2336,2718,2228,311,152
INS,2647,26470000,15,0,2196,2696,2211,664,45
INS,2648,26480000,0,0,2056,2530,2160,970,252
INS,2649,26490000,0,0,1835,2343,2079,1202,12
INS,2650,26500000,20,2,1531,2142,1977,1513,11
INS,2651,26510000,33,50,1275,1940,1750,1626,29
INS,2652,26520000,1,0,948,1623,1578,1754,44
INS,2653,26530000,31,19,701,1367,1395,1745,183
INS,2654,26540000,16,1,309,966,1114,1822,194
INS,2655,26550000,0,0,0,700,912,1747,110
INS,2656,26560000,23,4,3,346,570,1616,98
INS,2657,26570000,18,22,0,10,379,1447,197
INS,2658,26580000,39,0,33,0,0,1237,159
INS,2659,26590000,0,3,0,27,0,994,147
INS,2660,26600000,0,25,22,0,0,670,113
INS,2661,26610000,0,0,41,0,33,327,70
INS,2662,26620000,0,4,0,38,0,0,240
INS,2663,26630000,0,0,36,4,0,0,255
INS,2664,26640000,5,0,0,8,17,0,6
INS,2665,26650000,21,0,5,8,25,0,52
INS,2666,26660000,5,23,17,29,0,7,91
INS,2667,26670000,0,0,0,29,0,12,68
INS,2668,26680000,0,0,0,0,0,0,44
INS,2669,26690000,0,0,13,34,8,0,116
INS,2670,26700000,0,0,7,9,0,8,102
INS,2671,26710000,0,35,5,5,0,0,140
INS,2672,26720000,0,8,22,0,18,63,223
INS,2673,26730000,7,0,0,9,0,0,145
INS,2674,26740000,34,0,17,0,13,0,210
INS,2675,26750000,28,12,11,0,0,0,214
INS,2676,26760000,18,0,16,0,0,30,244
INS,2677,26770000,15,0,6,23,0,8,249
INS,2678,26780000,15,23,0,0,2,23,21
INS,2679,26790000,36,0,6,6,0,16,39
INS,2680,26800000,0,10,35,0,52,0,89
INS,2681,26810000,18,0,33,0,0,15,75
INS,2682,26820000,23,0,45,18,0,0,112
INS,2683,26830000,0,0,38,35,7,0,123
INS,2684,26840000,27,0,7,0,18,0,112
INS,2685,26850000,3,0,0,0,0,0,80
INS,2686,26860000,0,26,0,0,0,0,120
INS,2687,26870000,0,38,0,0,0,18,167
INS,2688,26880000,0,0,0,0,0,0,128
INS,2689,26890000,0,0,0,0,13,0,158
INS,2690,26900000,0,0,23,0,0,0,185
INS,2691,26910000,0,10,0,0,22,0,211
INS,2692,26920000,0,0,12,3,31,0,242
INS,2693,26930000,10,22,0,1,53,1,44
INS,2694,26940000,0,0,0,0,2,36,12
INS,2695,26950000,4,0,0,0,11,0,6
INS,2696,26960000,67,9,50,0,17,15,166
INS,2697,26970000,0,0,0,27,4,0,56
INS,2698,26980000,56,0,16,0,0,0,114
INS,2699,26990000,6,8,7,3,29,24,136
INS,2700,27000000,36,19,0,0,25,36,192
INS,2701,27010000,319,0,9,24,0,0,189
INS,2702,27020000,630,0,21,0,20,0,13
INS,2703,27030000,968,0,10,9,8,15,113
INS,2704,27040000,1279,6,21,0,0,0,170
INS,2705,27050000,1584,9,0,0,0,7,225
INS,2706,27060000,1865,28,4,27,2,0,56
INS,2707,27070000,2161,18,0,9,5,74,158
INS,2708,27080000,2399,11,0,0,5,33,100
INS,2709,27090000,2594,0,68,20,6,71,172
INS,2710,27100000,2802,0,0,6,28,0,10
INS,2711,27110000,2913,0,0,41,0,17,162
INS,2712,27120000,3067,1,30,0,1,0,51
INS,2713,27130000,3142,38,0,20,20,53,242
INS,2714,27140000,3210,0,31,4,0,24,255
INS,2715,27150000,3192,60,59,0,0,5,63
INS,2716,27160000,3190,128,0,0,13,7,102
INS,2717,27170000,3120,249,0,0,17,0,167
INS,2718,27180000,3053,472,29,0,24,11,131
INS,2719,27190000,2888,543,0,0,2,3,251
INS,2720,27200000,2835,733,0,34,8,13,199
INS,2721,27210000,2592,795,0,0,0,37,17
INS,2722,27220000,2374,953,30,0,54,0,21
INS,2723,27230000,2137,1021,0,0,33,54,128
INS,2724,27240000,1884,1140,0,6,0,20,206
INS,2725,27250000,1597,1215,28,0,8,0,21
INS,2726,27260000,1354,1298,25,5,39,0,167
INS,2727,27270000,963,1394,35,0,3,0,114
INS,2728,27280000,670,1381,0,0,0,7,50
INS,2729,27290000,329,1337,14,0,41,33,19
INS,2730,27300000,16,1402,0,0,0,22,234
INS,2731,27310000,22,1391,370,47,1,0,130
INS,2732,27320000,34,1364,629,14,0,10,111
INS,2733,27330000,0,1286,919,361,0,3,134
INS,2734,27340000,43,1277,1238,673,0,0,45
INS,2735,27350000,0,1240,1566,1019,39,0,183
INS,2736,27360000,0,1109,1747,1357,354,4,139
INS,2737,27370000,27,1089,2017,1680,556,1,187
INS,2738,27380000,0,912,2131,1970,888,34,1
INS,2739,27390000,0,848,2346,2222,1136,0,123
INS,2740,27400000,0,691,2478,2329,1381,0,211
INS,2741,27410000,0,601,2529,2557,1590,0,114
INS,2742,27420000,24,434,2586,2661,1810,5,118
INS,2743,27430000,15,287,2593,2740,1912,0,162
INS,2744,27440000,0,147,2548,2783,2076,0,186
INS,2745,27450000,0,0,2433,2790,2182,10,64
INS,2746,27460000,7,11,2308,2784,2176,321,17
INS,2747,27470000,0,1,2161,2614,2198,625,26
INS,2748,27480000,36,25,2002,2546,2139,930,122
INS,2749,27490000,42,0,1781,2389,2093,1176,198
INS,2750,27500000,3,0,1535,2148,1945,1444,65
INS,2751,27510000,42,0,1273,1886,1768,1660,148
INS,2752,27520000,22,7,979,1680,1646,1760,142
INS,2753,27530000,0,4,669,1343,1411,1772,32
INS,2754,27540000,0,44,316,1014,1133,1816,197
INS,2755,27550000,23,38,0,704,880,1779,83
INS,2756,27560000,10,0,0,333,598,1664,49
INS,2757,27570000,28,28,0,42,302,1414,43
INS,2758,27580000,0,8,0,10,0,1219,251
INS,2759,27590000,0,0,34,0,0,928,249
INS,2760,27600000,0,0,43,6,0,688,41
INS,2761,27610000,10,0,36,0,0,327,206
INS,2762,27620000,65,0,0,32,35,0,238
INS,2763,27630000,15,18,27,0,3,0,186
INS,2764,27640000,0,23,28,0,0,0,191
INS,2765,27650000,0,0,0,0,6,12,175
INS,2766,27660000,1,0,12,0,14,0,201
INS,2767,27670000,32,0,56,2,0,16,41
INS,2768,27680000,20,22,51,19,7,0,71
INS,2769,27690000,0,0,0,0,16,3,244
INS,2770,27700000,0,0,12,0,16,0,14
INS,2771,27710000,36,0,0,0,17,5,61
INS,2772,27720000,0,0,34,7,2,0,63
INS,2773,27730000,5,0,0,16,0,3,61
INS,2774,27740000,0,0,11,14,30,33,142
INS,2775,27750000,0,0,3,0,0,13,87
INS,2776,27760000,0,0,23,21,0,0,132
INS,2777,27770000,7,18,16,3,0,0,149
INS,2778,27780000,22,20,11,22,23,16,236
INS,2779,27790000,12,0,2,0,21,47,221
INS,2780,27800000,12,0,0,4,2,21,195
INS,2781,27810000,4,18,0,0,30,34,3
INS,2782,27820000,0,0,9,53,12,1,9
INS,2783,27830000,0,0,0,4,0,0,211
INS,2784,27840000,1,0,0,0,3,0,228
INS,2785,27850000,0,0,38,0,25,26,74
INS,2786,27860000,0,1,2,0,7,53,65
INS,2787,27870000,0,0,19,0,27,0,65
INS,2788,27880000,0,43,18,31,0,0,128
INS,2789,27890000,0,0,7,54,0,32,146
INS,2790,27900000,2,3,0,0,0,29,104
INS,2791,27910000,27,0,38,10,38,12,212
INS,2792,27920000,27,0,12,22,4,32,201
INS,2793,27930000,0,9,0,0,27,0,157
INS,2794,27940000,7,0,0,0,0,23,168
INS,2795,27950000,0,0,52,7,0,8,222
INS,2796,27960000,31,0,26,27,34,4,38
INS,2797,27970000,6,34,0,0,15,4,248
INS,2798,27980000,0,32,3,11,0,0,252
INS,2799,27990000,0,33,25,0,0,39,64
INS,2800,28000000,12,0,1,0,2,0,255
INS,2801,28010000,290,40,0,55,27,0,157
INS,2802,28020000,652,0,0,0,0,4,162
INS,2803,28030000,1005,0,51,0,0,17,84
INS,2804,28040000,1342,29,26,18,0,9,196
INS,2805,28050000,1587,0,75,21,28,3,247
INS,2806,28060000,1913,10,7,0,0,0,224
INS,2807,28070000,2122,0,19,22,0,0,218
INS,2808,28080000,2371,0,0,0,41,9,237
INS,2809,28090000,2572,27,30,11,0,5,222
INS,2810,28100000,2763,0,0,0,5,19,125
INS,2811,28110000,2941,0,0,16,41,32,129
INS,2812,28120000,3062,21,0,0,0,0,199
INS,2813,28130000,3115,0,14,13,18,0,37
INS,2814,28140000,3154,21,0,12,8,57,146
INS,2815,28150000,3107,11,0,0,0,8,37
INS,2816,28160000,3165,136,0,0,63,0,36
INS,2817,28170000,3138,286,10,18,14,15,170
INS,2818,28180000,2959,350,0,1,24,5,45
INS,2819,28190000,2961,630,0,11,0,24,93
INS,2820,28200000,2787,672,26,4,0,32,5
INS,2821,28210000,2590,855,6,0,30,23,5
INS,2822,28220000,2410,937,0,0,0,0,121
INS,2823,28230000,2131,1003,16,9,49,0,255
INS,2824,28240000,1887,1138,19,10,0,0,118
INS,2825,28250000,1597,1212,0,0,11,1,158
INS,2826,28260000,1336,1257,28,5,0,29,9
INS,2827,28270000,1003,1347,0,10,0,0,243
INS,2828,28280000,637,1369,0,16,55,0,233
INS,2829,28290000,371,1434,0,0,0,0,234
INS,2830,28300000,0,1359,0,12,0,5,78
INS,2831,28310000,2,1452,288,0,0,0,205
INS,2832,28320000,0,1338,651,0,0,0,213
INS,2833,28330000,18,1263,921,386,0,0,61
INS,2834,28340000,32,1230,1230,715,0,0,185
INS,2835,28350000,23,1233,1529,1019,18,0,49
INS,2836,28360000,0,1173,1758,1345,324,0,76
INS,2837,28370000,0,1088,1979,1629,611,0,32
INS,2838,28380000,32,936,2187,1929,890,0,204
INS,2839,28390000,0,865,2337,2175,1156,2,14
INS,2840,28400000,0,682,2456,2390,1400,4,172
INS,2841,28410000,0,584,2492,2530,1611,19,237
INS,2842,28420000,8,435,2549,2678,1774,0,206
INS,2843,28430000,4,335,2563,2782,1922,17,146
INS,2844,28440000,26,120,2540,2765,2064,0,55
INS,2845,28450000,33,12,2475,2833,2149,16,75
INS,2846,28460000,29,0,2324,2731,2188,353,199
INS,2847,28470000,19,2,2184,2620,2218,652,30
INS,2848,28480000,29,0,2014,2510,2147,924,232
INS,2849,28490000,11,0,1813,2340,2061,1178,28
INS,2850,28500000,0,0,1536,2154,1921,1454,219
INS,2851,28510000,9,33,1287,1896,1811,1577,40
INS,2852,28520000,0,0,960,1674,1594,1755,195
INS,2853,28530000,22,0,677,1347,1390,1803,236
INS,2854,28540000,10,0,332,1030,1131,1834,119
INS,2855,28550000,37,32,7,707,829,1738,173
INS,2856,28560000,5,0,22,353,608,1597,193
INS,2857,28570000,0,0,0,0,351,1450,194
INS,2858,28580000,18,39,12,0,0,1232,223
INS,2859,28590000,0,27,2,12,15,932,183
INS,2860,28600000,0,0,0,0,10,635,113
INS,2861,28610000,29,0,0,0,8,335,113
INS,2862,28620000,4,1,0,30,17,25,91
INS,2863,28630000,42,0,21,0,0,37,131
INS,2864,28640000,0,0,13,16,38,0,115
INS,2865,28650000,0,0,0,0,8,0,73
INS,2866,28660000,0,14,4,1,6,0,107
INS,2867,28670000,42,15,36,0,0,8,200
INS,2868,28680000,0,12,0,11,14,15,168
INS,2869,28690000,15,0,0,0,0,7,155
INS,2870,28700000,0,0,0,0,27,12,189
INS,2871,28710000,25,17,0,0,0,0,209
INS,2872,28720000,0,0,0,0,8,0,192
INS,2873,28730000,2,0,0,39,0,0,242
INS,2874,28740000,0,22,16,10,11,0,21
INS,2875,28750000,25,39,8,0,20,0,71
INS,2876,28760000,1,0,0,15,0,0,12
INS,2877,28770000,0,0,0,0,0,0,13
INS,2878,28780000,22,38,3,34,3,50,180
INS,2879,28790000,0,0,0,0,0,0,47
INS,2880,28800000,0,0,31,25,32,0,152
INS,2881,28810000,2,4,0,19,0,0,106
INS,2882,28820000,35,0,0,0,0,0,133
INS,2883,28830000,0,17,4,0,0,0,136
INS,2884,28840000,0,61,5,0,37,0,235
INS,2885,28850000,27,0,0,0,0,58,234
INS,2886,28860000,14,10,0,1,14,0,205
INS,2887,28870000,0,0,0,64,0,12,3
INS,2888,28880000,27,0,0,0,12,30,13
INS,2889,28890000,0,0,21,0,0,48,30
INS,2890,28900000,16,0,0,0,0,14,8
INS,2891,28910000,43,0,0,1,16,0,55
INS,2892,28920000,0,4,0,0,0,27,43
INS,2893,28930000,7,0,0,2,26,0,64
INS,2894,28940000,28,8,0,5,0,0,87
INS,2895,28950000,27,9,41,0,0,15,155
INS,2896,28960000,0,15,0,55,5,0,155
INS,2897,28970000,0,0,0,0,0,15,112
INS,2898,28980000,9,0,0,0,0,0,123
INS,2899,28990000,0,17,17,0,9,28,202
INS,2900,29000000,0,11,0,0,16,0,175
INS,2901,29010000,330,0,0,25,3,10,21
INS,2902,29020000,646,0,2,27,0,12,101
INS,2903,29030000,1010,0,9,0,0,0,194
INS,2904,29040000,1280,0,0,0,0,14,230
INS,2905,29050000,1608,20,45,30,18,38,200
INS,2906,29060000,1889,0,0,1,0,28,120
INS,2907,29070000,2156,32,4,5,6,0,166
INS,2908,29080000,2410,23,0,29,0,0,186
INS,2909,29090000,2600,0,0,8,4,0,97
INS,2910,29100000,2773,0,0,0,0,23,42
INS,2911,29110000,2902,0,8,27,33,10,243
INS,2912,29120000,3056,6,0,0,18,3,107
INS,2913,29130000,3154,0,61,0,4,0,4
INS,2914,29140000,3206,0,0,1,0,55,64
INS,2915,29150000,3180,0,0,0,0,21,20
INS,2916,29160000,3202,143,2,0,0,0,183
INS,2917,29170000,3118,330,0,0,0,7,52
INS,2918,29180000,3044,416,0,22,47,35,178
INS,2919,29190000,2921,599,0,0,0,9,160
INS,2920,29200000,2797,740,35,0,0,28,248
INS,2921,29210000,2601,853,23,0,5,0,147
INS,2922,29220000,2376,916,0,0,0,0,230
INS,2923,29230000,2151,1109,0,6,0,15,236
INS,2924,29240000,1905,1162,9,0,14,22,84
INS,2925,29250000,1548,1183,13,0,27,8,24
INS,2926,29260000,1299,1284,0,0,8,7,116
INS,2927,29270000,987,1351,0,0,0,44,173
INS,2928,29280000,684,1401,0,14,47,0,210
INS,2929,29290000,318,1377,0,0,0,0,32
INS,2930,29300000,12,1348,0,0,14,20,4
INS,2931,29310000,0,1403,259,0,18,11,62
INS,2932,29320000,0,1383,658,0,0,0,173
INS,2933,29330000,0,1340,931,392,53,44,141
INS,2934,29340000,0,1306,1225,712,0,13,142
INS,2935,29350000,0,1195,1527,1012,0,25,150
INS,2936,29360000,0,1209,1713,1369,264,0,195
INS,2937,29370000,11,1035,2002,1655,554,0,146
INS,2938,29380000,42,893,2152,1884,861,0,226
INS,2939,29390000,0,815,2346,2168,1152,0,124
INS,2940,29400000,11,698,2452,2381,1430,0,120
INS,2941,29410000,12,569,2548,2508,1580,31,157
INS,2942,29420000,0,442,2578,2650,1801,0,141
INS,2943,29430000,0,293,2577,2784,1952,0,37
INS,2944,29440000,11,145,2566,2805,2064,0,39
INS,2945,29450000,1,44,2477,2812,2117,0,172
INS,2946,29460000,48,0,2299,2707,2159,316,11
INS,2947,29470000,0,0,2192,2621,2174,662,148
INS,2948,29480000,19,0,2007,2525,2129,968,164
INS,2949,29490000,0,0,1730,2368,2072,1230,189
INS,2950,29500000,0,8,1555,2175,1971,1441,212
INS,2951,29510000,2,0,1254,1932,1777,1595,151
INS,2952,29520000,5,2,979,1652,1581,1729,68
INS,2953,29530000,0,0,688,1366,1409,1787,155
INS,2954,29540000,29,16,327,994,1086,1786,184
INS,2955,29550000,20,21,0,684,848,1811,115
INS,2956,29560000,4,11,7,366,617,1651,172
INS,2957,29570000,0,25,56,5,312,1436,135
INS,2958,29580000,21,31,0,0,0,1193,75
INS,2959,29590000,15,0,18,1,0,986,123
INS,2960,29600000,0,0,28,0,49,641,94
INS,2961,29610000,0,0,0,0,5,334,244
INS,2962,29620000,0,0,5,0,0,0,183
INS,2963,29630000,0,1,32,38,0,0,10
INS,2964,29640000,54,0,34,0,25,51,120
INS,2965,29650000,32,0,7,0,6,0,18
INS,2966,29660000,32,0,0,0,19,43,84
INS,2967,29670000,17,0,0,0,0,16,40
INS,2968,29680000,0,0,25,0,0,0,49
INS,2969,29690000,0,0,16,0,16,0,73
INS,2970,29700000,12,0,58,0,9,0,137
INS,2971,29710000,0,0,21,60,0,0,156
INS,2972,29720000,0,0,0,48,0,0,140
INS,2973,29730000,28,0,0,21,0,0,158
INS,2974,29740000,29,38,12,2,19,0,226
INS,2975,29750000,0,11,0,4,0,0,158
INS,2976,29760000,0,0,0,0,0,0,160
INS,2977,29770000,0,40,0,11,24,26,22
INS,2978,29780000,12,0,0,48,4,6,8
INS,2979,29790000,15,0,12,0,0,6,244
INS,2980,29800000,0,0,0,0,0,0,228
INS,2981,29810000,6,6,0,0,0,0,1
INS,2982,29820000,0,30,0,0,2,21,59
INS,2983,29830000,0,10,7,42,0,0,82
INS,2984,29840000,19,49,7,9,7,16,147
INS,2985,29850000,30,8,12,1,19,0,127
INS,2986,29860000,12,30,14,23,21,9,183
INS,2987,29870000,0,0,1,28,0,23,143
INS,2988,29880000,0,27,0,0,0,16,151
INS,2989,29890000,0,0,0,0,20,0,145
INS,2990,29900000,0,0,0,0,0,69,211
INS,2991,29910000,0,2,0,0,38,0,199
INS,2992,29920000,13,0,27,2,5,11,234
INS,2993,29930000,3,0,22,17,45,14,38
INS,2994,29940000,51,35,37,0,0,15,92
INS,2995,29950000,8,37,0,5,15,0,36
INS,2996,29960000,5,3,31,0,8,25,60
INS,2997,29970000,0,11,24,8,0,0,48
INS,2998,29980000,0,16,9,7,0,0,54
INS,2999,29990000,11,0,7,0,22,17,96
INS,3000,30000000,0,0,0,43,2,41,142
INS,3001,30010000,322,30,22,0,0,22,213
INS,3002,30020000,688,0,0,10,0,17,37
INS,3003,30030000,1012,0,50,0,0,26,171
INS,3004,30040000,1278,38,3,0,3,0,166
INS,3005,30050000,1568,38,0,13,16,0,240
INS,3006,30060000,1858,27,19,0,21,6,41
INS,3007,30070000,2141,10,2,0,10,0,34
INS,3008,30080000,2391,23,31,0,0,0,77
INS,3009,30090000,2569,0,0,0,56,0,18
INS,3010,30100000,2797,4,36,16,24,0,31
INS,3011,30110000,2879,0,0,0,62,24,136
INS,3012,30120000,2982,0,5,0,0,17,192
INS,3013,30130000,3122,31,0,24,0,15,141
INS,3014,30140000,3188,16,1,0,7,23,201
INS,3015,30150000,3220,0,0,21,0,0,224
INS,3016,30160000,3215,201,15,0,0,15,190
INS,3017,30170000,3180,259,7,0,9,22,238
INS,3018,30180000,3050,415,16,0,33,23,59
INS,3019,30190000,2901,553,0,20,17,11,41
INS,3020,30200000,2755,665,0,27,0,0,3
INS,3021,30210000,2564,821,0,0,31,11,0
INS,3022,30220000,2404,928,0,0,0,35,213
INS,3023,30230000,2110,1021,0,5,70,0,69
INS,3024,30240000,1885,1130,0,24,25,0,200
INS,3025,30250000,1613,1195,2,6,23,18,10
INS,3026,30260000,1324,1297,0,16,27,0,90
INS,3027,30270000,990,1316,0,23,33,0,61
INS,3028,30280000,612,1384,2,38,11,2,21
INS,3029,30290000,349,1405,35,0,15,0,49
INS,3030,30300000,0,1391,0,0,0,11,176
INS,3031,30310000,0,1352,343,18,0,0,248
INS,3032,30320000,0,1328,640,15,16,0,39
INS,3033,30330000,14,1305,917,354,19,0,154
INS,3034,30340000,0,1276,1307,691,0,9,77
INS,3035,30350000,0,1239,1525,1002,4,0,69
INS,3036,30360000,20,1185,1772,1386,327,0,238
INS,3037,30370000,0,1052,1998,1668,583,0,98
INS,3038,30380000,0,942,2211,1913,919,0,31
INS,3039,30390000,0,785,2336,2133,1108,7,176
INS,3040,30400000,0,693,2476,2349,1412,17,3
INS,3041,30410000,19,576,2513,2544,1612,15,96
INS,3042,30420000,0,433,2633,2656,1775,14,89
INS,3043,30430000,22,273,2574,2769,1940,3,176
INS,3044,30440000,0,143,2560,2783,2096,27,221
INS,3045,30450000,16,39,2444,2779,2145,16,68
INS,3046,30460000,0,0,2366,2682,2175,369,238
INS,3047,30470000,0,8,2216,2651,2167,641,90
INS,3048,30480000,0,0,2015,2550,2160,959,108
INS,3049,30490000,23,0,1810,2368,2082,1149,129
INS,3050,30500000,0,0,1561,2176,1952,1373,32
INS,3051,30510000,11,8,1290,1912,1811,1660,191
INS,3052,30520000,20,0,919,1665,1586,1700,174
INS,3053,30530000,0,0,669,1407,1394,1813,96
INS,3054,30540000,0,0,314,1025,1096,1832,121
INS,3055,30550000,4,0,0,696,890,1706,191
INS,3056,30560000,0,2,45,370,614,1593,48
INS,3057,30570000,0,0,20,0,311,1439,235
INS,3058,30580000,0,19,9,22,12,1240,40
INS,3059,30590000,4,0,0,5,0,912,188
INS,3060,30600000,0,0,0,0,2,684,226
INS,3061,30610000,5,15,0,44,9,346,232
INS,3062,30620000,0,10,0,0,22,0,118
INS,3063,30630000,0,1,17,16,7,0,144
INS,3064,30640000,38,0,18,0,34,0,210
INS,3065,30650000,0,0,11,0,0,0,148
INS,3066,30660000,0,0,5,21,0,0,180
INS,3067,30670000,0,31,0,0,5,44,251
INS,3068,30680000,14,37,26,0,9,0,18
INS,3069,30690000,0,0,0,0,12,0,217
INS,3070,30700000,6,0,0,0,0,0,228
INS,3071,30710000,0,0,46,65,27,0,121
INS,3072,30720000,16,7,1,0,16,0,40
INS,3073,30730000,0,0,0,0,23,0,40
INS,3074,30740000,3,0,0,30,0,22,89
INS,3075,30750000,0,0,0,6,6,0,63
INS,3076,30760000,25,0,0,0,0,10,103
INS,3077,30770000,38,21,0,0,0,0,144
INS,3078,30780000,18,0,30,4,0,33,187
INS,3079,30790000,0,0,9,0,19,0,147
INS,3080,30800000,6,52,2,0,20,36,252
INS,3081,30810000,15,0,0,0,0,0,168
INS,3082,30820000,0,0,22,44,11,0,247
INS,3083,30830000,19,2,0,0,0,0,208
INS,3084,30840000,30,0,0,23,0,0,1
INS,3085,30850000,0,39,18,26,0,21,69
INS,3086,30860000,0,0,2,32,16,51,83
INS,3087,30870000,0,0,37,30,0,51,117
INS,3088,30880000,30,0,48,14,0,19,127
INS,3089,30890000,71,29,0,0,0,8,141
INS,3090,30900000,0,9,0,0,0,0,59
INS,3091,30910000,0,57,10,27,0,0,161
INS,3092,30920000,0,0,0,0,31,1,116
INS,3093,30930000,0,6,5,22,0,0,134
INS,3094,30940000,0,29,0,33,0,0,180
INS,3095,30950000,68,20,0,0,0,22,245
INS,3096,30960000,33,0,0,15,0,0,200
INS,3097,30970000,0,0,5,5,0,10,189
INS,3098,30980000,0,15,12,21,0,21,255
INS,3099,30990000,9,0,0,0,2,0,214
INS,3100,31000000,0,49,0,32,0,18,63
INS,3101,31010000,354,37,23,0,1,0,140
INS,3102,31020000,651,15,6,49,46,0,253
INS,3103,31030000,1008,28,20,0,0,0,47
INS,3104,31040000,1310,21,0,45,6,11,145
INS,3105,31050000,1612,16,0,0,8,8,157
INS,3106,31060000,1857,0,0,0,0,0,131
INS,3107,31070000,2151,12,11,5,1,0,215
INS,3108,31080000,2367,0,0,37,7,54,5
INS,3109,31090000,2573,0,0,13,1,37,181
INS,3110,31100000,2741,31,0,34,31,0,155
INS,3111,31110000,2895,0,0,0,0,0,230
INS,3112,31120000,3041,0,23,9,30,12,211
INS,3113,31130000,3096,0,0,0,0,0,209
INS,3114,31140000,3169,0,1,0,5,22,71
INS,3115,31150000,3177,0,0,31,12,0,111
INS,3116,31160000,3183,184,0,0,0,22,41
INS,3117,31170000,3117,271,25,0,0,6,88
INS,3118,31180000,3032,505,0,11,0,8,242
INS,3119,31190000,2909,549,7,20,45,12,245
INS,3120,31200000,2777,718,0,2,0,0,217
INS,3121,31210000,2546,780,12,6,11,20,112
INS,3122,31220000,2342,901,34,0,14,0,45
INS,3123,31230000,2154,1056,0,0,0,24,5
INS,3124,31240000,1881,1137,47,5,11,0,125
INS,3125,31250000,1603,1219,16,0,0,0,155
INS,3126,31260000,1325,1283,0,0,61,30,33
INS,3127,31270000,951,1319,11,21,0,0,165
INS,3128,31280000,675,1371,0,14,0,0,196
INS,3129,31290000,330,1377,14,21,0,0,151
INS,3130,31300000,0,1394,0,0,11,0,87
INS,3131,31310000,11,1395,354,39,11,0,253
INS,3132,31320000,0,1377,618,21,36,7,7
INS,3133,31330000,37,1321,963,320,23,0,117
INS,3134,31340000,25,1270,1287,698,0,0,238
INS,3135,31350000,6,1212,1543,1018,0,23,9
INS,3136,31360000,37,1117,1800,1309,293,42,54
INS,3137,31370000,0,1034,1966,1636,568,8,173
INS,3138,31380000,0,951,2189,1897,870,0,117
INS,3139,31390000,0,770,2322,2160,1176,20,163
INS,3140,31400000,0,708,2491,2368,1394,7,188
INS,3141,31410000,45,561,2565,2479,1588,5,224
INS,3142,31420000,8,418,2591,2668,1854,0,25
INS,3143,31430000,0,302,2596,2772,1933,57,163
INS,3144,31440000,0,160,2581,2805,2109,0,175
INS,3145,31450000,27,14,2481,2807,2109,0,231
INS,3146,31460000,0,0,2362,2736,2234,314,200
INS,3147,31470000,0,0,2151,2651,2205,655,233
INS,3148,31480000,24,0,1984,2514,2134,918,162
INS,3149,31490000,0,37,1732,2363,2054,1213,4
INS,3150,31500000,0,51,1544,2128,1902,1459,218
INS,3151,31510000,1,17,1229,1888,1786,1629,213
INS,3152,31520000,0,0,963,1658,1610,1745,168
INS,3153,31530000,0,7,683,1364,1406,1800,237
INS,3154,31540000,0,0,340,982,1115,1807,6
INS,3155,31550000,31,8,43,671,902,1716,174
INS,3156,31560000,7,27,28,411,611,1595,11
INS,3157,31570000,0,9,23,1,281,1412,99
INS,3158,31580000,0,0,0,0,19,1231,152
INS,3159,31590000,0,0,0,0,11,956,142
INS,3160,31600000,0,5,22,0,0,664,139
INS,3161,31610000,0,0,0,12,18,357,108
INS,3162,31620000,0,6,35,45,0,16,96
INS,3163,31630000,0,5,0,0,0,0,16
INS,3164,31640000,45,0,2,0,0,32,107
INS,3165,31650000,13,0,0,0,10,8,76
INS,3166,31660000,29,0,0,7,0,0,98
INS,3167,31670000,0,0,0,8,10,1,98
INS,3168,31680000,0,3,0,58,5,0,162
INS,3169,31690000,0,37,5,5,0,0,160
INS,3170,31700000,0,44,0,0,4,49,227
INS,3171,31710000,0,0,49,0,0,17,213
INS,3172,31720000,0,0,0,0,16,29,209
INS,3173,31730000,26,0,22,1,0,0,230
INS,3174,31740000,0,5,1,23,0,15,242
INS,3175,31750000,15,0,2,0,22,0,254
INS,3176,31760000,9,16,3,39,0,20,63
INS,3177,31770000,0,0,0,9,4,0,6
INS,3178,31780000,24,51,0,0,3,11,99
INS,3179,31790000,35,26,0,0,0,6,94
INS,3180,31800000,32,49,23,6,7,14,175
INS,3181,31810000,0,0,0,0,16,0,77
INS,3182,31820000,0,2,0,5,0,19,104
INS,3183,31830000,9,29,0,0,7,0,140
INS,3184,31840000,0,30,32,0,9,0,183
INS,3185,31850000,33,20,14,0,33,44,17
INS,3186,31860000,1,36,9,0,0,6,198
INS,3187,31870000,27,0,0,0,15,9,214
INS,3188,31880000,8,0,0,16,0,0,204
INS,3189,31890000,37,3,41,0,16,0,38
INS,3190,31900000,0,0,0,0,0,0,214
INS,3191,31910000,0,0,9,4,4,4,252
INS,3192,31920000,0,5,0,0,35,0,32
INS,3193,31930000,16,0,0,0,37,25,87
INS,3194,31940000,0,4,17,0,2,47,96
INS,3195,31950000,9,22,36,35,0,0,145
INS,3196,31960000,0,0,0,2,11,2,75
INS,3197,31970000,0,27,0,30,24,0,158
INS,3198,31980000,0,0,7,0,0,18,119
INS,3199,31990000,9,2,4,0,30,6,162
INS,3200,32000000,6,0,3,6,0,0,143
INS,3201,32010000,301,0,0,0,24,0,214
INS,3202,32020000,710,0,13,31,0,0,148
INS,3203,32030000,992,0,24,10,0,0,181
INS,3204,32040000,1284,15,0,0,3,24,242
INS,3205,32050000,1586,4,17,0,0,0,28
INS,3206,32060000,1905,0,0,29,0,4,120
INS,3207,32070000,2161,0,10,3,10,47,174
INS,3208,32080000,2393,5,35,0,23,0,160
INS,3209,32090000,2536,30,0,13,10,95,149
INS,3210,32100000,2791,0,0,0,59,0,76
INS,3211,32110000,2912,1,0,0,47,0,203
INS,3212,32120000,3073,7,0,0,0,0,84
INS,3213,32130000,3159,0,0,0,13,38,231
INS,3214,32140000,3208,0,0,0,0,9,255
INS,3215,32150000,3203,0,10,0,0,0,12
INS,3216,32160000,3158,117,0,8,0,6,105
INS,3217,32170000,3162,323,49,8,37,0,156
INS,3218,32180000,3026,438,11,0,0,0,69
INS,3219,32190000,2932,560,36,0,0,36,175
INS,3220,32200000,2825,717,0,0,6,0,176
INS,3221,32210000,2619,819,0,8,0,36,127
INS,3222,32220000,2351,957,0,20,0,26,16
INS,3223,32230000,2137,1011,24,0,22,0,129
INS,3224,32240000,1845,1170,30,0,39,13,49
INS,3225,32250000,1578,1216,17,0,57,48,141
INS,3226,32260000,1307,1245,0,0,1,0,51
INS,3227,32270000,1008,1330,0,0,5,33,147
INS,3228,32280000,637,1381,0,6,0,0,68
INS,3229,32290000,350,1326,12,15,3,22,45
INS,3230,32300000,5,1388,0,19,0,0,2
INS,3231,32310000,11,1445,353,11,0,7,178
INS,3232,32320000,11,1386,614,53,6,32,214
INS,3233,32330000,0,1276,996,357,0,46,36
INS,3234,32340000,0,1301,1232,676,16,0,91
INS,3235,32350000,7,1201,1529,1029,0,7,144
INS,3236,32360000,0,1170,1715,1360,301,0,166
INS,3237,32370000,0,1054,2054,1660,601,32,14
INS,3238,32380000,0,914,2211,1885,867,0,251
INS,3239,32390000,0,813,2332,2184,1119,0,71
INS,3240,32400000,21,668,2474,2343,1363,0,253
INS,3241,32410000,0,566,2555,2493,1610,0,113
INS,3242,32420000,0,415,2601,2657,1807,0,130
INS,3243,32430000,0,318,2597,2763,2015,26,130
INS,3244,32440000,0,116,2543,2778,2072,0,193
INS,3245,32450000,0,9,2474,2789,2164,33,170
INS,3246,32460000,15,16,2319,2746,2194,280,32
INS,3247,32470000,0,0,2173,2673,2185,646,156
INS,3248,32480000,16,0,2044,2521,2175,941,193
INS,3249,32490000,26,42,1794,2335,2057,1213,236
INS,3250,32500000,17,3,1514,2152,1944,1434,106
INS,3251,32510000,0,19,1227,1937,1801,1573,128
INS,3252,32520000,0,42,926,1624,1604,1723,19
INS,3253,32530000,0,17,635,1344,1396,1757,34
INS,3254,32540000,0,0,326,1039,1200,1785,20
INS,3255,32550000,0,0,0,693,836,1767,7
INS,3256,32560000,0,23,0,367,578,1601,65
INS,3257,32570000,37,0,7,0,307,1374,6
INS,3258,32580000,0,17,12,0,6,1192,37
INS,3259,32590000,33,22,0,0,8,928,74
INS,3260,32600000,11,8,28,0,9,647,59
INS,3261,32610000,32,0,0,27,5,359,52
INS,3262,32620000,16,43,0,7,11,0,235
INS,3263,32630000,0,0,30,0,10,10,225
INS,3264,32640000,21,24,0,25,0,8,14
INS,3265,32650000,0,0,42,15,4,17,31
INS,3266,32660000,13,0,29,7,6,0,25
INS,3267,32670000,14,1,0,27,1,51,81
INS,3268,32680000,0,0,1,0,0,24,29
INS,3269,32690000,13,33,0,0,21,0,88
INS,3270,32700000,0,16,0,0,0,0,54
INS,3271,32710000,20,2,7,0,0,6,90
INS,3272,32720000,0,0,13,16,0,0,101
INS,3273,32730000,0,28,18,17,28,11,191
INS,3274,32740000,40,0,58,0,0,11,215
INS,3275,32750000,0,20,0,35,0,0,178
INS,3276,32760000,15,0,0,16,55,0,226
INS,3277,32770000,7,0,0,24,26,45,3
INS,3278,32780000,0,0,0,8,4,0,186
INS,3279,32790000,0,2,0,16,0,20,229
INS,3280,32800000,10,33,79,0,44,0,118
INS,3281,32810000,7,0,16,0,0,0,248
INS,3282,32820000,0,0,2,12,0,0,0
INS,3283,32830000,5,2,0,16,35,0,61
INS,3284,32840000,0,0,0,0,29,0,49
INS,3285,32850000,0,11,15,0,0,0,63
INS,3286,32860000,0,0,2,0,0,44,100
INS,3287,32870000,0,0,12,0,30,2,115
INS,3288,32880000,0,9,0,0,0,0,97
INS,3289,32890000,0,0,7,0,9,0,121
INS,3290,32900000,6,46,0,0,0,0,174
INS,3291,32910000,16,0,12,19,0,0,186
INS,3292,32920000,34,19,0,12,0,32,253
INS,3293,32930000,0,8,0,0,15,1,197
INS,3294,32940000,0,34,0,1,16,0,241
INS,3295,32950000,0,0,0,0,0,0,207
INS,3296,32960000,62,0,14,31,1,0,76
INS,3297,32970000,0,6,10,0,0,8,9
INS,3298,32980000,0,2,0,24,0,3,31
INS,3299,32990000,31,28,11,0,5,0,94
INS,3300,33000000,0,0,0,9,1,0,46
INS,3301,33010000,348,16,0,38,0,10,209
INS,3302,33020000,677,0,8,21,0,21,29
INS,3303,33030000,1030,0,1,0,0,33,127
INS,3304,33040000,1285,0,12,8,0,0,129
INS,3305,33050000,1590,0,0,0,10,0,185
INS,3306,33060000,1843,0,26,0,0,6,221
INS,3307,33070000,2185,0,0,0,0,13,49
INS,3308,33080000,2370,29,0,18,0,0,29
INS,3309,33090000,2590,0,11,0,0,6,236
INS,3310,33100000,2744,0,0,0,6,0,140
INS,3311,33110000,2923,0,26,33,0,16,149
INS,3312,33120000,3068,0,0,0,6,5,247
INS,3313,33130000,3150,5,0,0,0,36,120
INS,3314,33140000,3186,0,0,0,6,0,138
INS,3315,33150000,3177,16,0,28,26,10,220
INS,3316,33160000,3208,174,1,0,43,0,150
INS,3317,33170000,3138,302,0,0,14,0,195
INS,3318,33180000,3044,458,64,0,0,0,68
INS,3319,33190000,2911,588,22,0,11,47,98
INS,3320,33200000,2813,723,31,37,0,0,140
INS,3321,33210000,2570,839,0,0,0,0,218
INS,3322,33220000,2319,886,0,0,0,30,61
INS,3323,33230000,2154,1056,5,0,0,25,83
INS,3324,33240000,1816,1108,0,0,0,0,40
INS,3325,33250000,1635,1234,0,0,25,0,27
INS,3326,33260000,1283,1319,0,35,0,10,53
INS,3327,33270000,1014,1336,0,0,0,0,29
INS,3328,33280000,671,1355,46,28,2,2,56
INS,3329,33290000,331,1433,2,0,17,51,59
INS,3330,33300000,22,1415,0,1,0,0,192
INS,3331,33310000,3,1341,324,23,13,17,236
INS,3332,33320000,0,1377,628,1,0,0,26
INS,3333,33330000,11,1307,1002,340,5,6,196
INS,3334,33340000,11,1279,1262,667,9,12,14
INS,3335,33350000,19,1244,1490,1059,11,0,102
INS,3336,33360000,0,1124,1767,1359,280,29,87
INS,3337,33370000,0,1040,2001,1639,599,8,64
INS,3338,33380000,0,955,2235,1859,846,0,177
INS,3339,33390000,17,829,2335,2151,1140,22,25
INS,3340,33400000,16,736,2439,2366,1415,32,40
INS,3341,33410000,0,567,2560,2554,1581,13,72
INS,3342,33420000,0,442,2643,2686,1789,4,122
INS,3343,33430000,8,274,2588,2737,1929,75,186
INS,3344,33440000,51,142,2567,2780,2090,8,230
INS,3345,33450000,2,0,2444,2791,2110,23,235
INS,3346,33460000,15,12,2350,2749,2205,343,44
INS,3347,33470000,24,0,2183,2682,2217,632,125
INS,3348,33480000,17,6,1990,2516,2145,953,31
INS,3349,33490000,0,8,1776,2321,2088,1235,105
INS,3350,33500000,9,0,1525,2205,1967,1464,120
INS,3351,33510000,31,0,1280,1873,1799,1637,99
INS,3352,33520000,19,0,933,1649,1632,1756,253
INS,3353,33530000,38,56,676,1374,1393,1813,143
INS,3354,33540000,0,29,299,1017,1114,1752,45
INS,3355,33550000,0,0,7,732,899,1767,24
INS,3356,33560000,40,25,47,315,575,1589,251
INS,3357,33570000,0,25,26,0,317,1443,0
INS,3358,33580000,23,7,7,0,1,1228,240
INS,3359,33590000,0,20,23,18,50,912,14
INS,3360,33600000,0,0,5,21,0,664,210
INS,3361,33610000,0,0,20,37,12,338,200
INS,3362,33620000,33,0,49,2,3,0,153
INS,3363,33630000,0,0,0,0,0,0,83
INS,3364,33640000,0,0,0,0,24,10,134
INS,3365,33650000,34,20,22,34,20,0,247
INS,3366,33660000,42,14,11,0,0,9,210
INS,3367,33670000,15,10,16,10,1,0,203
INS,3368,33680000,0,13,15,0,0,16,212
INS,3369,33690000,8,0,30,0,0,0,223
INS,3370,33700000,0,6,0,0,0,2,210
INS,3371,33710000,0,0,4,26,24,7,24
INS,3372,33720000,0,22,0,0,0,11,13
INS,3373,33730000,0,27,33,0,8,0,65
INS,3374,33740000,0,1,8,0,16,0,39
INS,3375,33750000,0,3,0,0,26,26,86
INS,3376,33760000,0,7,1,4,0,0,60
INS,3377,33770000,0,28,0,0,0,0,93
INS,3378,33780000,45,0,57,0,2,8,194
INS,3379,33790000,45,0,0,0,0,0,144
INS,3380,33800000,0,22,11,0,22,0,171
INS,3381,33810000,0,0,0,5,21,0,159
INS,3382,33820000,0,22,39,21,0,35,11
INS,3383,33830000,8,2,0,0,0,0,177
INS,3384,33840000,0,0,0,0,19,16,219
INS,3385,33850000,4,0,8,0,0,17,230
INS,3386,33860000,0,0,20,0,5,0,243
INS,3387,33870000,9,29,0,0,0,0,17
INS,3388,33880000,0,9,0,0,0,0,5
INS,3389,33890000,2,0,0,0,13,22,50
INS,3390,33900000,0,23,24,0,0,41,118
INS,3391,33910000,20,0,39,5,22,3,136
INS,3392,33920000,18,1,16,31,37,10,177
INS,3393,33930000,9,0,0,17,0,0,107
INS,3394,33940000,0,20,0,0,15,0,133
INS,3395,33950000,51,0,39,7,0,10,222
INS,3396,33960000,8,0,34,0,0,6,180
INS,3397,33970000,0,0,0,24,39,12,224
INS,3398,33980000,0,0,43,0,0,7,216
INS,3399,33990000,30,23,38,0,0,24,42
INS,3400,34000000,25,0,46,32,0,5,52
INS,3401,34010000,338,0,16,0,0,5,64
INS,3402,34020000,659,2,0,0,7,42,176
INS,3403,34030000,976,0,0,0,53,0,0
INS,3404,34040000,1252,2,0,0,37,0,23
INS,3405,34050000,1594,0,0,24,0,18,129
INS,3406,34060000,1874,1,0,4,13,16,162
INS,3407,34070000,2136,0,0,0,6,35,192
INS,3408,34080000,2387,24,6,0,25,0,218
INS,3409,34090000,2580,0,7,0,0,15,139
INS,3410,34100000,2801,7,38,0,0,33,177
INS,3411,34110000,2902,0,0,0,0,53,14
INS,3412,34120000,3084,0,0,0,0,0,160
INS,3413,34130000,3140,6,24,18,14,0,39
INS,3414,34140000,3142,0,8,21,0,13,38
INS,3415,34150000,3158,7,32,12,0,53,133
INS,3416,34160000,3205,149,30,0,6,25,47
INS,3417,34170000,3164,316,11,0,23,30,193
INS,3418,34180000,3089,456,6,29,0,17,7
INS,3419,34190000,2890,568,20,0,0,0,161
INS,3420,34200000,2741,707,31,0,0,43,222
INS,3421,34210000,2552,829,25,37,0,16,176
INS,3422,34220000,2348,942,19,39,0,27,109
INS,3423,34230000,2154,1036,0,7,24,0,228
INS,3424,34240000,1894,1151,0,0,0,0,69
INS,3425,34250000,1591,1231,0,5,27,43,194
INS,3426,34260000,1277,1257,14,0,4,0,122
INS,3427,34270000,999,1287,0,37,2,42,210
INS,3428,34280000,674,1346,0,8,0,0,144
INS,3429,34290000,309,1391,0,36,0,59,184
INS,3430,34300000,30,1371,0,0,0,59,122
INS,3431,34310000,4,1409,315,18,8,14,191
INS,3432,34320000,0,1339,625,0,0,8,156
INS,3433,34330000,0,1325,946,331,0,0,35
INS,3434,34340000,62,1276,1269,700,0,0,245
INS,3435,34350000,34,1222,1525,1053,29,0,50
INS,3436,34360000,2,1098,1808,1356,321,0,21
INS,3437,34370000,0,1025,1975,1624,569,40,174
INS,3438,34380000,26,921,2186,1934,896,0,153
INS,3439,34390000,3,825,2348,2142,1106,2,121
INS,3440,34400000,34,689,2448,2386,1382,0,139
INS,3441,34410000,22,564,2528,2547,1603,0,225
INS,3442,34420000,22,456,2605,2681,1801,0,31
INS,3443,34430000,0,291,2625,2752,1984,0,135
INS,3444,34440000,15,134,2554,2782,2089,13,87
INS,3445,34450000,36,4,2445,2807,2166,0,231
INS,3446,34460000,0,9,2318,2758,2200,308,127
INS,3447,34470000,0,0,2179,2652,2224,669,19
INS,3448,34480000,0,0,1984,2548,2162,960,222
INS,3449,34490000,0,13,1807,2374,2065,1190,34
INS,3450,34500000,0,0,1500,2211,1947,1413,185
INS,3451,34510000,10,0,1250,1915,1816,1603,237
INS,3452,34520000,12,0,966,1620,1601,1732,103
INS,3453,34530000,21,0,636,1323,1385,1774,96
INS,3454,34540000,0,0,312,1013,1151,1814,32
INS,3455,34550000,0,0,0,672,852,1714,21
INS,3456,34560000,0,1,0,368,582,1612,131
INS,3457,34570000,8,0,49,27,299,1459,195
INS,3458,34580000,6,0,0,0,0,1182,70
INS,3459,34590000,9,0,5,0,12,926,107
INS,3460,34600000,14,54,3,0,0,646,145
INS,3461,34610000,0,6,0,27,0,304,38
INS,3462,34620000,0,6,19,38,0,16,53
INS,3463,34630000,0,2,10,29,0,3,35
INS,3464,34640000,18,0,0,0,0,15,41
INS,3465,34650000,0,22,20,0,17,0,84
INS,3466,34660000,0,0,0,13,11,11,77
INS,3467,34670000,0,19,0,0,0,16,94
INS,3468,34680000,19,47,13,39,25,22,241
INS,3469,34690000,0,18,0,0,2,0,113
INS,3470,34700000,4,0,0,0,22,25,161
INS,3471,34710000,38,31,23,0,0,48,11
INS,3472,34720000,16,15,20,0,0,6,201
INS,3473,34730000,0,15,3,6,43,20,248
INS,3474,34740000,0,2,11,0,12,21,224
INS,3475,34750000,0,55,20,0,0,0,14
INS,3476,34760000,0,3,2,0,0,54,15
INS,3477,34770000,0,24,2,0,30,33,62
INS,3478,34780000,0,0,0,0,20,5,15
INS,3479,34790000,0,0,0,0,15,37,59
INS,3480,34800000,25,0,3,0,2,0,54
INS,3481,34810000,48,6,2,31,0,0,128
INS,3482,34820000,10,0,70,33,7,0,178
INS,3483,34830000,0,20,0,0,0,6,101
INS,3484,34840000,33,1,4,34,10,22,196
INS,3485,34850000,14,0,30,0,0,0,153
INS,3486,34860000,0,12,20,0,0,0,158
INS,3487,34870000,0,0,24,32,0,0,199
INS,3488,34880000,7,0,0,30,29,0,226
INS,3489,34890000,0,0,0,0,3,0,180
INS,3490,34900000,54,14,14,8,0,0,28
INS,3491,34910000,48,0,0,8,19,0,30
INS,3492,34920000,16,38,15,50,0,9,100
INS,3493,34930000,0,0,0,38,8,24,59
INS,3494,34940000,0,17,0,0,25,0,48
INS,3495,34950000,0,44,0,0,17,0,84
INS,3496,34960000,0,17,0,0,14,21,92
INS,3497,34970000,7,8,0,49,0,13,134
INS,3498,34980000,0,0,18,2,4,0,98
INS,3499,34990000,45,0,0,24,0,2,162
INS,3500,35000000,0,0,0,5,6,26,145
INS,3501,35010000,338,17,0,13,3,25,9
INS,3502,35020000,677,27,0,17,17,21,133
INS,3503,35030000,975,0,5,39,0,0,154
INS,3504,35040000,1329,0,30,16,48,5,68
INS,3505,35050000,1588,0,25,62,0,6,82
INS,3506,35060000,1903,37,0,19,40,46,207
INS,3507,35070000,2163,0,0,42,0,0,128
INS,3508,35080000,2388,0,0,0,0,0,72
INS,3509,35090000,2591,0,13,28,8,0,85
INS,3510,35100000,2737,5,0,0,10,19,233
INS,3511,35110000,2937,0,29,5,0,5,199
INS,3512,35120000,3055,0,35,0,14,37,125
INS,3513,35130000,3117,0,0,6,38,1,163
INS,3514,35140000,3190,8,19,8,0,0,243
INS,3515,35150000,3197,0,33,15,0,31,55
INS,3516,35160000,3180,143,0,0,0,0,119
INS,3517,35170000,3128,302,5,31,0,36,59
INS,3518,35180000,3004,423,0,0,0,27,28
INS,3519,35190000,2923,558,7,0,0,23,102
INS,3520,35200000,2784,678,0,0,0,48,118
INS,3521,35210000,2581,803,0,1,0,0,10
INS,3522,35220000,2357,938,43,13,0,29,22
INS,3523,35230000,2155,1046,24,18,17,57,232
INS,3524,35240000,1886,1130,41,0,0,0,245
INS,3525,35250000,1601,1215,14,0,0,0,35
INS,3526,35260000,1305,1269,0,31,0,19,102
INS,3527,35270000,977,1303,0,0,0,0,31
INS,3528,35280000,644,1372,45,25,0,21,131
INS,3529,35290000,313,1363,2,62,0,1,38
INS,3530,35300000,9,1379,5,0,0,15,234
INS,3531,35310000,0,1394,312,0,43,32,112
INS,3532,35320000,4,1383,669,9,32,20,209
INS,3533,35330000,43,1274,954,298,5,36,207
INS,3534,35340000,6,1304,1255,677,8,4,100
INS,3535,35350000,0,1219,1568,1040,17,0,195
INS,3536,35360000,41,1142,1739,1356,249,0,127
INS,3537,35370000,34,1088,1996,1636,581,0,184
INS,3538,35380000,0,958,2189,1923,865,0,33
INS,3539,35390000,0,808,2356,2175,1165,12,119
INS,3540,35400000,16,736,2470,2364,1408,0,102
INS,3541,35410000,5,540,2553,2499,1613,27,106
INS,3542,35420000,15,458,2573,2654,1784,2,116
INS,3543,35430000,4,268,2585,2791,1938,0,233
INS,3544,35440000,0,176,2540,2797,2133,3,57
INS,3545,35450000,2,0,2465,2794,2148,25,115
INS,3546,35460000,18,0,2361,2713,2208,343,85
INS,3547,35470000,12,0,2189,2635,2109,631,35
INS,3548,35480000,0,0,2050,2526,2118,921,91
INS,3549,35490000,0,37,1767,2391,2115,1210,13
INS,3550,35500000,4,43,1518,2103,1895,1442,27
INS,3551,35510000,0,0,1240,1920,1787,1650,148
INS,3552,35520000,11,30,1011,1657,1622,1702,113
INS,3553,35530000,0,15,638,1336,1431,1738,23
INS,3554,35540000,0,2,308,1012,1163,1731,122
INS,3555,35550000,0,0,8,732,871,1723,25
INS,3556,35560000,0,0,0,332,606,1623,37
INS,3557,35570000,0,0,0,0,308,1419,244
INS,3558,35580000,17,0,4,16,34,1211,72
INS,3559,35590000,0,59,29,0,0,1028,179
INS,3560,35600000,0,33,8,29,33,648,87
INS,3561,35610000,8,0,23,0,0,357,253
INS,3562,35620000,25,37,18,21,11,0,250
INS,3563,35630000,22,0,0,22,22,21,242
INS,3564,35640000,31,39,0,0,0,0,242
INS,3565,35650000,0,0,0,23,55,0,11
INS,3566,35660000,0,0,4,6,37,18,15
INS,3567,35670000,0,0,0,15,39,0,21
INS,3568,35680000,0,0,0,0,33,43,60
INS,3569,35690000,14,0,6,0,0,0,21
INS,3570,35700000,6,0,0,19,27,0,70
INS,3571,35710000,0,0,0,32,0,0,67
INS,3572,35720000,9,44,10,0,0,7,122
INS,3573,35730000,0,0,7,0,0,6,82
INS,3574,35740000,56,4,25,34,14,25,244
INS,3575,35750000,0,0,0,0,0,0,103
INS,3576,35760000,0,17,0,0,0,28,165
INS,3577,35770000,6,20,0,15,0,0,178
INS,3578,35780000,47,0,10,4,0,0,215
INS,3579,35790000,7,0,0,0,28,12,218
INS,3580,35800000,0,27,0,0,0,5,220
INS,3581,35810000,0,1,5,0,10,0,221
INS,3582,35820000,12,7,0,19,0,0,4
INS,3583,35830000,26,10,0,23,4,13,59
INS,3584,35840000,0,0,0,0,0,5,5
INS,3585,35850000,18,17,0,0,5,31,88
INS,3586,35860000,10,0,0,0,26,0,70
INS,3587,35870000,39,0,0,0,0,0,90
INS,3588,35880000,6,0,0,0,40,0,114
INS,3589,35890000,35,0,0,0,0,0,120
INS,3590,35900000,36,0,28,41,0,1,208
INS,3591,35910000,1,2,0,4,6,33,165
INS,3592,35920000,18,13,22,0,0,24,213
INS,3593,35930000,22,19,0,0,0,0,194
INS,3594,35940000,14,0,26,32,0,0,242
INS,3595,35950000,23,0,0,0,0,8,218
INS,3596,35960000,0,12,17,32,35,0,44
INS,3597,35970000,8,2,0,20,3,0,254
INS,3598,35980000,27,0,18,0,0,14,41
INS,3599,35990000,0,27,15,0,0,32,73
INS,3600,36000000,27,4,0,19,0,0,66
INS,3601,36010000,344,0,15,9,0,0,145
INS,3602,36020000,693,0,0,20,0,8,3
INS,3603,36030000,965,0,42,0,12,0,62
INS,3604,36040000,1329,44,0,13,8,0,198
INS,3605,36050000,1590,1,0,25,20,7,208
INS,3606,36060000,1910,0,0,0,25,9,14
INS,3607,36070000,2117,1,66,1,7,12,35
INS,3608,36080000,2400,0,14,0,4,0,10
INS,3609,36090000,2593,0,3,34,0,0,239
INS,3610,36100000,2818,24,0,0,0,0,212
INS,3611,36110000,2909,0,7,0,21,0,68
INS,3612,36120000,3083,0,0,4,25,26,30
INS,3613,36130000,3113,14,18,0,38,6,98
INS,3614,36140000,3191,28,0,29,0,25,199
INS,3615,36150000,3231,0,4,2,10,1,191
INS,3616,36160000,3139,113,48,25,57,30,116
INS,3617,36170000,3137,318,0,21,11,26,234
INS,3618,36180000,3052,430,0,0,34,41,39
INS,3619,36190000,2931,576,0,0,0,0,6
INS,3620,36200000,2760,697,0,54,17,4,48
INS,3621,36210000,2552,827,0,59,34,0,5
INS,3622,36220000,2370,969,0,13,52,0,210
INS,3623,36230000,2108,1077,0,0,0,0,8
INS,3624,36240000,1887,1144,19,12,18,37,213
INS,3625,36250000,1597,1206,3,32,53,0,4
INS,3626,36260000,1303,1261,39,19,0,19,27
INS,3627,36270000,1003,1389,0,0,39,0,90
INS,3628,36280000,642,1340,11,55,0,1,237
INS,3629,36290000,301,1436,12,8,0,12,230
INS,3630,36300000,32,1399,8,0,0,0,173
INS,3631,36310000,20,1399,339,27,21,23,68
INS,3632,36320000,9,1375,673,0,13,0,70
INS,3633,36330000,1,1294,979,355,42,30,206
INS,3634,36340000,0,1278,1245,655,12,0,200
INS,3635,36350000,5,1212,1517,1029,36,0,58
INS,3636,36360000,0,1163,1785,1349,334,0,139
INS,3637,36370000,1,1012,2001,1665,545,0,237
INS,3638,36380000,2,928,2170,1934,873,18,187
INS,3639,36390000,5,846,2351,2152,1177,1,43
INS,3640,36400000,36,683,2432,2353,1426,10,212
INS,3641,36410000,60,526,2549,2554,1602,0,68
INS,3642,36420000,12,425,2590,2649,1780,0,250
INS,3643,36430000,0,304,2589,2730,1898,0,76
INS,3644,36440000,0,94,2519,2776,2067,2,30
INS,3645,36450000,9,20,2467,2800,2139,0,24
INS,3646,36460000,5,4,2336,2764,2226,357,42
INS,3647,36470000,37,8,2173,2635,2230,623,73
INS,3648,36480000,0,25,2034,2565,2090,929,27
INS,3649,36490000,0,0,1766,2375,2040,1207,45
INS,3650,36500000,0,0,1473,2168,2028,1454,53
INS,3651,36510000,0,23,1252,1896,1800,1609,39
INS,3652,36520000,0,22,965,1653,1583,1717,184
INS,3653,36530000,13,0,641,1347,1376,1800,206
INS,3654,36540000,34,8,325,1048,1086,1805,120
INS,3655,36550000,0,6,8,658,879,1737,143
INS,3656,36560000,9,13,19,311,600,1609,201
INS,3657,36570000,40,0,59,0,337,1427,32
INS,3658,36580000,14,22,19,10,0,1207,226
INS,3659,36590000,41,0,0,24,7,931,230
INS,3660,36600000,0,0,0,0,17,615,132
INS,3661,36610000,0,41,26,5,0,351,196
INS,3662,36620000,8,0,51,0,16,1,122
INS,3663,36630000,0,0,21,0,0,18,102
INS,3664,36640000,0,0,26,15,26,17,164
INS,3665,36650000,0,0,0,15,12,41,165
INS,3666,36660000,0,6,0,0,25,0,145
INS,3667,36670000,0,32,21,0,0,23,207
INS,3668,36680000,15,46,0,0,0,0,209
INS,3669,36690000,0,0,5,10,0,0,180
INS,3670,36700000,0,36,36,0,0,14,12
INS,3671,36710000,19,0,0,22,3,0,243
INS,3672,36720000,32,1,0,11,38,0,42
INS,3673,36730000,0,13,0,0,0,0,246
INS,3674,36740000,0,0,38,24,1,60,117
INS,3675,36750000,0,0,0,43,27,11,92
INS,3676,36760000,48,17,0,3,0,0,96
INS,3677,36770000,19,0,24,0,28,1,117
INS,3678,36780000,0,0,14,0,6,7,89
INS,3679,36790000,0,22,28,0,25,0,154
INS,3680,36800000,0,0,0,21,0,0,117
INS,3681,36810000,33,0,30,0,16,0,192
INS,3682,36820000,5,0,18,24,14,0,191
INS,3683,36830000,23,6,0,0,17,8,201
INS,3684,36840000,0,11,0,0,13,16,204
INS,3685,36850000,1,0,0,0,0,0,182
INS,3686,36860000,16,0,0,0,0,0,214
INS,3687,36870000,0,20,1,23,0,0,3
INS,3688,36880000,0,0,0,0,0,51,27
INS,3689,36890000,0,0,0,47,14,0,54
INS,3690,36900000,0,19,35,2,8,0,74
INS,3691,36910000,1,5,51,0,0,12,96
INS,3692,36920000,0,35,0,0,4,4,87
INS,3693,36930000,12,0,20,15,12,54,174
INS,3694,36940000,23,0,7,0,0,31,139
INS,3695,36950000,4,0,0,0,26,23,148
INS,3696,36960000,27,13,0,14,9,17,192
INS,3697,36970000,0,9,7,41,2,0,188
INS,3698,36980000,35,0,5,0,0,0,186
INS,3699,36990000,18,0,20,0,0,0,201
INS,3700,37000000,13,0,2,0,0,0,195
INS,3701,37010000,320,3,0,0,16,38,62
INS,3702,37020000,663,0,0,27,31,0,167
INS,3703,37030000,976,0,0,0,23,0,206
INS,3704,37040000,1272,0,0,0,0,0,240
INS,3705,37050000,1621,1,0,0,17,0,112
INS,3706,37060000,1896,0,4,0,0,0,134
INS,3707,37070000,2140,0,47,0,0,22,204
INS,3708,37080000,2353,0,2,0,3,0,114
INS,3709,37090000,2576,1,4,0,0,11,109
INS,3710,37100000,2788,60,38,0,35,0,199
INS,3711,37110000,2941,0,0,0,15,47,42
INS,3712,37120000,3033,9,24,0,7,37,166
INS,3713,37130000,3171,0,0,8,0,0,252
INS,3714,37140000,3150,0,29,3,0,27,43
INS,3715,37150000,3201,30,9,0,0,31,122
INS,3716,37160000,3185,161,7,0,0,0,221
INS,3717,37170000,3114,240,34,0,0,0,17
INS,3718,37180000,3048,459,24,30,0,58,9
INS,3719,37190000,2921,576,49,30,27,5,15
INS,3720,37200000,2777,691,0,15,19,14,196
INS,3721,37210000,2553,820,17,0,18,25,130
INS,3722,37220000,2333,937,16,53,0,1,54
INS,3723,37230000,2106,1056,0,0,15,33,197
INS,3724,37240000,1933,1121,5,0,0,14,77
INS,3725,37250000,1589,1246,20,0,0,30,162
INS,3726,37260000,1345,1313,0,0,0,0,208
INS,3727,37270000,951,1312,10,34,0,2,132
INS,3728,37280000,670,1339,37,4,0,44,190
INS,3729,37290000,371,1390,0,0,0,0,130
INS,3730,37300000,0,1425,0,0,6,38,111
INS,3731,37310000,0,1394,313,0,47,55,212
INS,3732,37320000,30,1399,661,14,0,0,12
INS,3733,37330000,0,1349,944,347,0,19,72
INS,3734,37340000,0,1305,1263,695,4,1,186
INS,3735,37350000,0,1221,1551,1041,32,0,12
INS,3736,37360000,0,1143,1758,1380,309,14,20
INS,3737,37370000,36,1019,2001,1605,579,0,161
INS,3738,37380000,0,920,2178,1895,862,22,47
INS,3739,37390000,11,848,2347,2161,1127,0,169
INS,3740,37400000,6,700,2440,2393,1377,17,113
INS,3741,37410000,28,562,2520,2567,1609,0,227
INS,3742,37420000,0,430,2613,2629,1798,15,187
INS,3743,37430000,0,311,2639,2773,1968,0,154
INS,3744,37440000,0,135,2577,2761,2062,0,15
INS,3745,37450000,0,7,2465,2786,2131,0,142
INS,3746,37460000,0,6,2340,2767,2175,288,90
INS,3747,37470000,0,12,2202,2690,2243,657,79
INS,3748,37480000,0,40,1995,2549,2181,948,5
INS,3749,37490000,1,0,1821,2353,2044,1259,43
INS,3750,37500000,4,0,1558,2131,1965,1452,204
INS,3751,37510000,29,0,1219,1917,1779,1593,160
INS,3752,37520000,19,0,962,1642,1622,1729,126
INS,3753,37530000,28,0,623,1301,1411,1805,105
INS,3754,37540000,3,0,342,1041,1134,1791,33
INS,3755,37550000,0,28,22,699,909,1749,170
INS,3756,37560000,0,4,19,302,605,1609,87
INS,3757,37570000,3,23,24,22,296,1441,142
INS,3758,37580000,0,35,29,0,0,1232,158
INS,3759,37590000,0,14,26,9,7,928,119
INS,3760,37600000,40,12,0,24,22,627,133
INS,3761,37610000,0,0,0,0,0,319,0
INS,3762,37620000,6,23,0,0,0,0,239
INS,3763,37630000,0,4,0,29,0,4,8
INS,3764,37640000,22,0,3,8,0,0,21
INS,3765,37650000,4,0,0,0,9,15,33
INS,3766,37660000,17,0,8,0,0,21,68
INS,3767,37670000,0,0,0,20,17,16,92
INS,3768,37680000,0,25,20,30,17,0,148
INS,3769,37690000,1,0,3,0,15,0,92
INS,3770,37700000,0,39,0,0,0,5,134
INS,3771,37710000,0,10,70,0,8,2,197
INS,3772,37720000,15,33,1,24,22,1,220
INS,3773,37730000,0,9,61,3,1,0,215
INS,3774,37740000,18,4,11,2,9,12,214
INS,3775,37750000,0,0,0,29,21,0,225
INS,3776,37760000,23,51,25,29,0,18,82
INS,3777,37770000,46,47,0,0,0,0,46
INS,3778,37780000,0,0,0,0,15,19,4
INS,3779,37790000,0,0,21,22,14,0,44
INS,3780,37800000,0,48,6,0,9,16,83
INS,3781,37810000,0,22,9,19,0,38,109
INS,3782,37820000,0,0,0,5,21,0,64
INS,3783,37830000,0,0,0,24,0,8,87
INS,3784,37840000,0,0,20,1,0,0,93
INS,3785,37850000,0,0,30,0,0,34,153
INS,3786,37860000,0,10,0,10,0,0,126
INS,3787,37870000,7,0,0,0,0,0,130
INS,3788,37880000,46,25,6,34,0,0,251
INS,3789,37890000,0,13,0,0,0,0,170
INS,3790,37900000,0,13,0,23,0,23,233
INS,3791,37910000,0,12,0,20,0,8,231
INS,3792,37920000,43,0,0,0,0,45,40
INS,3793,37930000,0,0,46,0,0,25,40
INS,3794,37940000,0,41,0,0,0,0,27
INS,3795,37950000,0,0,47,2,25,28,105
INS,3796,37960000,2,0,0,0,24,0,46
INS,3797,37970000,24,9,35,0,14,45,164
INS,3798,37980000,21,0,45,43,0,0,163
INS,3799,37990000,0,17,0,0,11,0,99
INS,3800,38000000,0,0,0,58,27,15,188
INS,3801,38010000,335,0,0,0,17,29,230
INS,3802,38020000,663,0,0,1,0,0,18
INS,3803,38030000,1008,11,0,0,1,0,135
INS,3804,38040000,1240,4,0,16,0,33,169
INS,3805,38050000,1538,0,5,0,4,0,184
INS,3806,38060000,1878,32,2,22,11,0,87
INS,3807,38070000,2152,0,0,0,0,10,65
INS,3808,38080000,2346,0,0,0,46,8,64
INS,3809,38090000,2586,0,12,42,0,2,67
INS,3810,38100000,2799,0,16,40,0,3,44
INS,3811,38110000,2911,0,4,0,0,0,118
INS,3812,38120000,3049,0,0,24,23,0,60
INS,3813,38130000,3096,17,14,11,27,0,146
INS,3814,38140000,3211,0,38,24,16,29,60
INS,3815,38150000,3239,1,0,0,13,0,12
INS,3816,38160000,3172,161,0,8,32,39,188
INS,3817,38170000,3145,284,15,0,0,0,237
INS,3818,38180000,3041,438,58,6,11,0,108
INS,3819,38190000,2937,549,0,6,0,0,63
INS,3820,38200000,2773,731,17,0,20,0,129
INS,3821,38210000,2577,831,0,16,21,0,50
INS,3822,38220000,2401,961,0,12,33,0,29
INS,3823,38230000,2112,1067,0,7,0,38,119
INS,3824,38240000,1941,1108,0,35,8,7,11
INS,3825,38250000,1596,1216,0,0,4,6,7
INS,3826,38260000,1284,1297,0,15,26,15,95
INS,3827,38270000,943,1329,0,0,28,10,41
INS,3828,38280000,680,1374,21,18,11,0,108
INS,3829,38290000,338,1412,0,0,7,23,57
INS,3830,38300000,0,1405,0,12,3,0,226
INS,3831,38310000,24,1433,318,21,0,5,112
INS,3832,38320000,22,1360,660,0,12,0,126
INS,3833,38330000,0,1323,921,356,30,0,207
INS,3834,38340000,0,1287,1252,720,21,13,119
INS,3835,38350000,0,1206,1545,1024,0,0,106
INS,3836,38360000,0,1150,1771,1355,300,0,156
INS,3837,38370000,0,1021,1973,1654,556,65,98
INS,3838,38380000,19,905,2202,1938,864,3,9
INS,3839,38390000,3,803,2340,2193,1124,0,46
INS,3840,38400000,0,702,2442,2366,1379,0,233
INS,3841,38410000,38,597,2557,2513,1616,0,170
INS,3842,38420000,0,422,2533,2648,1758,0,227
INS,3843,38430000,0,308,2590,2761,1958,20,8
INS,3844,38440000,2,149,2534,2805,2073,33,240
INS,3845,38450000,28,0,2501,2780,2164,0,134
INS,3846,38460000,0,0,2344,2730,2205,333,34
INS,3847,38470000,0,0,2202,2652,2157,645,95
INS,3848,38480000,0,9,2019,2559,2128,939,110
INS,3849,38490000,0,0,1748,2377,2078,1213,145
INS,3850,38500000,1,28,1519,2180,1983,1485,198
INS,3851,38510000,24,0,1236,1932,1803,1604,130
INS,3852,38520000,58,18,935,1624,1644,1701,40
INS,3853,38530000,14,0,637,1348,1408,1753,5
INS,3854,38540000,0,0,359,1049,1184,1788,10
INS,3855,38550000,0,9,0,687,839,1709,171
INS,3856,38560000,0,0,1,342,560,1614,229
INS,3857,38570000,0,0,0,25,297,1437,0
INS,3858,38580000,10,0,16,9,0,1212,17
INS,3859,38590000,0,0,0,0,0,955,254
INS,3860,38600000,10,0,0,0,0,647,229
INS,3861,38610000,0,0,0,30,70,323,12
INS,3862,38620000,11,0,0,0,24,19,172
INS,3863,38630000,15,0,37,44,0,5,236
INS,3864,38640000,0,0,20,0,0,0,172
INS,3865,38650000,19,0,0,6,28,0,222
INS,3866,38660000,0,0,15,11,14,18,244
INS,3867,38670000,0,29,0,37,0,5,18
INS,3868,38680000,0,2,23,7,0,34,30
INS,3869,38690000,32,0,51,6,12,0,82
INS,3870,38700000,0,6,11,0,6,0,21
INS,3871,38710000,0,0,0,1,3,20,39
INS,3872,38720000,0,0,0,53,11,4,100
INS,3873,38730000,0,0,0,5,0,0,54
INS,3874,38740000,0,0,0,0,0,13,79
INS,3875,38750000,22,11,0,0,13,7,136
INS,3876,38760000,0,56,17,0,13,0,186
INS,3877,38770000,0,0,0,0,0,12,129
INS,3878,38780000,0,0,7,0,0,0,141
INS,3879,38790000,0,49,0,11,50,0,5
INS,3880,38800000,0,5,25,3,1,0,202
INS,3881,38810000,0,0,2,0,35,18,240
INS,3882,38820000,0,0,6,5,0,0,213
INS,3883,38830000,4,3,0,0,14,5,245
INS,3884,38840000,12,0,63,11,0,34,100
INS,3885,38850000,0,0,0,46,9,19,71
INS,3886,38860000,0,0,0,5,0,12,31
INS,3887,38870000,0,0,0,0,0,3,34
INS,3888,38880000,0,0,0,43,0,12,103
INS,3889,38890000,46,41,0,0,40,16,208
INS,3890,38900000,0,27,0,0,6,5,120
INS,3891,38910000,10,0,0,0,0,3,112
INS,3892,38920000,0,0,13,0,0,17,146
INS,3893,38930000,0,0,0,0,0,0,133
INS,3894,38940000,1,0,22,37,17,0,227
INS,3895,38950000,11,0,0,9,20,0,207
INS,3896,38960000,0,0,0,10,38,5,237
INS,3897,38970000,49,82,11,0,0,43,130
INS,3898,38980000,4,0,0,0,0,0,222
INS,3899,38990000,0,36,0,0,0,0,15
INS,3900,39000000,32,0,6,0,4,0,38
INS,3901,39010000,322,0,21,0,0,18,118
INS,3902,39020000,654,13,19,1,38,52,39
INS,3903,39030000,1020,31,7,0,0,32,113
INS,3904,39040000,1301,0,0,0,0,0,85
INS,3905,39050000,1598,0,42,0,37,19,241
INS,3906,39060000,1868,0,7,13,37,0,231
INS,3907,39070000,2148,0,11,0,0,0,226
INS,3908,39080000,2353,0,34,2,0,2,219
INS,3909,39090000,2614,0,0,0,0,41,244
INS,3910,39100000,2772,0,0,6,48,0,176
INS,3911,39110000,2953,9,0,13,21,11,118
INS,3912,39120000,3039,10,0,10,27,0,214
INS,3913,39130000,3172,0,52,51,2,6,172
INS,3914,39140000,3191,0,15,0,0,26,138
INS,3915,39150000,3247,0,0,0,0,27,197
INS,3916,39160000,3188,146,0,2,0,28,48
INS,3917,39170000,3088,255,15,0,22,0,81
INS,3918,39180000,3061,443,0,0,42,0,8
INS,3919,39190000,2927,550,46,0,12,12,26
INS,3920,39200000,2764,709,51,38,13,0,71
INS,3921,39210000,2566,837,0,14,0,14,200
INS,3922,39220000,2361,942,17,5,14,0,125
INS,3923,39230000,2152,1001,0,0,0,2,214
INS,3924,39240000,1895,1092,0,31,0,0,94
INS,3925,39250000,1600,1197,0,0,35,0,181
INS,3926,39260000,1288,1303,0,0,69,50,76
INS,3927,39270000,1037,1357,0,15,0,0,48
INS,3928,39280000,690,1322,21,10,0,0,211
INS,3929,39290000,321,1398,6,23,21,0,210
INS,3930,39300000,0,1376,28,13,48,0,179
INS,3931,39310000,23,1380,306,0,0,42,226
INS,3932,39320000,0,1359,650,7,0,21,17
INS,3933,39330000,0,1326,901,364,0,0,76
INS,3934,39340000,0,1282,1282,711,0,42,51
INS,3935,39350000,5,1223,1529,1035,0,2,33
INS,3936,39360000,3,1103,1760,1338,336,15,43
INS,3937,39370000,33,986,2013,1632,578,0,235
INS,3938,39380000,9,891,2203,1915,871,19,150
INS,3939,39390000,26,815,2349,2170,1130,47,28
INS,3940,39400000,32,683,2461,2368,1351,6,153
INS,3941,39410000,7,585,2534,2539,1591,0,13
INS,3942,39420000,7,481,2553,2671,1793,0,23
INS,3943,39430000,0,271,2604,2746,1931,0,87
INS,3944,39440000,29,146,2533,2814,2037,0,111
INS,3945,39450000,0,0,2457,2800,2129,18,229
INS,3946,39460000,64,0,2310,2743,2141,288,132
INS,3947,39470000,0,0,2186,2670,2252,615,70
INS,3948,39480000,16,0,1997,2546,2146,986,55
INS,3949,39490000,0,0,1804,2354,2059,1185,39
INS,3950,39500000,50,4,1539,2101,1996,1445,45
INS,3951,39510000,32,8,1267,1928,1846,1599,119
INS,3952,39520000,71,0,985,1656,1583,1738,1
INS,3953,39530000,0,0,639,1317,1378,1793,136
INS,3954,39540000,1,0,344,1018,1168,1773,98
INS,3955,39550000,20,32,24,731,879,1714,235
INS,3956,39560000,0,0,0,380,580,1622,202
INS,3957,39570000,0,0,29,0,247,1416,97
INS,3958,39580000,4,5,7,64,10,1230,254
INS,3959,39590000,9,19,0,70,0,936,241
INS,3960,39600000,0,0,67,41,12,704,48
INS,3961,39610000,2,28,0,10,40,280,113
INS,3962,39620000,0,4,0,56,0,30,116
INS,3963,39630000,0,0,0,0,11,0,54
INS,3964,39640000,0,5,0,0,0,15,80
INS,3965,39650000,27,12,19,0,0,0,135
INS,3966,39660000,15,0,0,42,0,10,161
INS,3967,39670000,35,4,1,20,0,0,171
INS,3968,39680000,0,0,16,0,0,0,144
INS,3969,39690000,41,6,0,37,0,0,229
INS,3970,39700000,16,0,17,0,0,4,199
INS,3971,39710000,0,18,13,38,4,11,7
INS,3972,39720000,0,0,15,0,24,0,235
INS,3973,39730000,0,7,12,0,0,0,232
INS,3974,39740000,0,26,8,0,0,0,8
INS,3975,39750000,0,3,10,19,0,10,33
INS,3976,39760000,0,0,32,15,0,0,55
INS,3977,39770000,0,0,0,14,0,0,39
INS,3978,39780000,5,2,0,9,26,0,84
INS,3979,39790000,6,60,4,0,15,0,144
INS,3980,39800000,9,0,0,0,0,0,85
INS,3981,39810000,24,0,26,12,4,16,175
INS,3982,39820000,41,42,6,0,0,0,199
INS,3983,39830000,23,0,0,16,0,30,196
INS,3984,39840000,22,30,1,0,23,0,220
INS,3985,39850000,0,0,13,0,0,17,191
INS,3986,39860000,19,0,0,31,4,0,232
INS,3987,39870000,0,6,8,0,0,0,209
INS,3988,39880000,1,3,0,32,0,39,31
INS,3989,39890000,33,7,20,8,0,0,41
INS,3990,39900000,46,11,27,0,0,10,84
INS,3991,39910000,0,0,0,12,14,12,45
INS,3992,39920000,0,22,0,0,2,0,48
INS,3993,39930000,0,9,0,5,12,20,87
INS,3994,39940000,0,0,65,0,0,0,123
INS,3995,39950000,0,0,30,8,36,45,194
INS,3996,39960000,0,2,10,0,31,16,151
INS,3997,39970000,53,32,24,11,31,59,63
INS,3998,39980000,0,45,32,0,0,0,203
INS,3999,39990000,21,3,0,42,0,0,209
INS,4000,40000000,0,0,0,0,0,2,162
INS,4001,40010000,310,3,0,0,15,0,249
INS,4002,40020000,670,23,0,0,0,12,131
INS,4003,40030000,1013,0,0,13,0,0,213
INS,4004,40040000,1285,19,12,14,0,22,44
INS,4005,40050000,1568,17,37,10,0,0,85
INS,4006,40060000,1884,27,0,4,7,0,136
INS,4007,40070000,2154,27,0,0,43,14,213
INS,4008,40080000,2338,3,47,0,4,0,128
INS,4009,40090000,2572,5,14,4,25,0,117
INS,4010,40100000,2751,0,41,0,0,0,50
INS,4011,40110000,2949,0,4,8,0,13,249
INS,4012,40120000,3027,0,33,0,0,0,96
INS,4013,40130000,3143,67,0,11,13,0,31
INS,4014,40140000,3165,21,0,0,28,0,28
INS,4015,40150000,3157,30,0,32,0,47,97
INS,4016,40160000,3166,151,20,40,18,0,243
INS,4017,40170000,3109,320,0,9,26,0,73
INS,4018,40180000,3062,400,16,14,0,2,120
INS,4019,40190000,2903,607,9,8,0,25,195
INS,4020,40200000,2799,685,1,0,22,31,198
INS,4021,40210000,2556,774,0,0,0,0,7
INS,4022,40220000,2337,993,11,0,0,37,72
INS,4023,40230000,2078,970,8,2,0,25,50
INS,4024,40240000,1852,1145,5,10,48,23,67
INS,4025,40250000,1609,1195,20,0,0,20,101
INS,4026,40260000,1352,1244,56,23,16,0,221
INS,4027,40270000,987,1305,15,23,11,4,148
INS,4028,40280000,687,1398,4,0,0,0,165
INS,4029,40290000,351,1420,36,18,18,4,196
INS,4030,40300000,0,1414,13,15,7,7,78
INS,4031,40310000,0,1368,356,21,0,0,128
INS,4032,40320000,12,1340,654,0,0,28,178
INS,4033,40330000,0,1337,991,345,11,3,80
INS,4034,40340000,0,1319,1249,677,0,26,169
INS,4035,40350000,16,1246,1568,1014,0,0,247
INS,4036,40360000,0,1143,1797,1365,335,0,36
INS,4037,40370000,21,1057,1993,1676,573,0,221
INS,4038,40380000,0,995,2176,1911,831,5,68
INS,4039,40390000,0,786,2362,2105,1140,0,48
INS,4040,40400000,0,707,2496,2346,1390,0,99
INS,4041,40410000,13,568,2559,2529,1634,0,224
INS,4042,40420000,0,387,2571,2600,1765,6,11
INS,4043,40430000,0,327,2594,2761,1972,7,104
INS,4044,40440000,24,130,2588,2812,2047,0,61
INS,4045,40450000,43,0,2463,2771,2146,0,156
INS,4046,40460000,10,0,2340,2696,2165,355,60
INS,4047,40470000,0,0,2212,2679,2215,641,2
INS,4048,40480000,5,0,1949,2567,2131,962,142
INS,4049,40490000,28,34,1759,2344,2079,1218,7
INS,4050,40500000,3,0,1506,2161,1916,1425,85
INS,4051,40510000,0,0,1255,1922,1819,1628,227
INS,4052,40520000,8,0,978,1638,1628,1745,129
INS,4053,40530000,10,0,657,1335,1406,1832,157
INS,4054,40540000,0,6,322,1013,1114,1800,213
INS,4055,40550000,10,0,0,656,914,1697,20
INS,4056,40560000,0,0,0,329,546,1613,16
INS,4057,40570000,34,37,3,14,269,1458,128
INS,4058,40580000,21,0,0,8,18,1182,71
INS,4059,40590000,22,0,0,22,20,943,122
INS,4060,40600000,0,21,33,0,33,649,124
INS,4061,40610000,0,17,0,0,0,308,242
INS,4062,40620000,48,0,0,0,37,0,19
INS,4063,40630000,0,17,30,0,0,0,254
INS,4064,40640000,14,1,0,0,0,0,239
INS,4065,40650000,0,0,2,19,0,0,6
INS,4066,40660000,0,17,0,0,0,0,19
INS,4067,40670000,3,30,1,21,4,29,107
INS,4068,40680000,0,0,0,14,0,28,78
INS,4069,40690000,0,0,0,23,29,0,105
INS,4070,40700000,53,0,1,44,29,0,197
INS,4071,40710000,0,0,30,1,4,15,137
INS,4072,40720000,4,0,0,30,0,15,153
INS,4073,40730000,0,0,18,12,0,25,176
INS,4074,40740000,0,0,0,0,6,0,144
INS,4075,40750000,4,0,0,0,0,0,159
INS,4076,40760000,33,0,20,0,6,0,231
INS,4077,40770000,20,33,20,52,0,13,71
INS,4078,40780000,5,0,59,40,0,0,54
INS,4079,40790000,0,45,18,0,41,0,71
INS,4080,40800000,30,15,23,19,0,0,71
INS,4081,40810000,0,0,34,18,9,0,62
INS,4082,40820000,7,3,7,0,0,34,69
INS,4083,40830000,0,0,0,3,21,29,88
INS,4084,40840000,0,40,7,0,0,7,106
INS,4085,40850000,0,0,24,20,0,0,113
INS,4086,40860000,6,0,0,0,25,0,117
INS,4087,40870000,9,15,9,0,0,29,165
INS,4088,40880000,23,0,38,0,0,0,181
INS,4089,40890000,0,5,0,33,0,0,175
INS,4090,40900000,40,0,37,0,0,0,231
INS,4091,40910000,11,41,0,35,0,0,2
INS,4092,40920000,29,0,17,0,0,14,248
INS,4093,40930000,41,0,18,0,0,0,8
INS,4094,40940000,12,0,28,0,0,41,47
INS,4095,40950000,27,17,6,31,0,20,84
INS,4096,40960000,41,0,0,0,20,0,61
INS,4097,40970000,0,23,28,0,0,0,68
INS,4098,40980000,12,60,4,23,19,24,176
INS,4099,40990000,0,0,25,0,0,16,92
INS,4100,41000000,8,0,16,0,15,3,110
INS,4101,41010000,354,0,6,4,44,25,6
INS,4102,41020000,727,0,0,0,19,3,83
INS,4103,41030000,969,27,0,22,0,45,158
INS,4104,41040000,1268,1,0,0,0,0,125
INS,4105,41050000,1574,47,0,33,0,0,15
INS,4106,41060000,1873,0,35,35,13,0,78
INS,4107,41070000,2088,0,0,2,3,12,244
INS,4108,41080000,2378,12,0,4,0,26,64
INS,4109,41090000,2616,6,15,0,0,39,81
INS,4110,41100000,2732,0,3,0,0,0,157
INS,4111,41110000,2912,63,0,35,15,0,208
INS,4112,41120000,3083,0,0,27,0,43,97
INS,4113,41130000,3081,22,0,39,38,0,141
INS,4114,41140000,3196,27,0,0,0,0,201
INS,4115,41150000,3208,9,2,18,8,46,30
INS,4116,41160000,3167,167,0,0,0,13,103
INS,4117,41170000,3094,273,20,0,0,18,178
INS,4118,41180000,3018,431,9,0,50,0,42
INS,4119,41190000,2924,592,0,22,3,0,92
INS,4120,41200000,2749,719,19,0,30,0,85
INS,4121,41210000,2620,858,0,4,0,0,67
INS,4122,41220000,2352,908,4,0,0,11,133
INS,4123,41230000,2115,1023,0,9,5,53,80
INS,4124,41240000,1885,1148,0,48,9,16,254
INS,4125,41250000,1588,1210,43,0,46,0,52
INS,4126,41260000,1218,1252,35,29,0,6,234
INS,4127,41270000,998,1331,0,20,0,8,68
INS,4128,41280000,639,1409,0,0,13,15,60
INS,4129,41290000,332,1364,12,8,48,42,63
INS,4130,41300000,29,1368,14,11,0,8,216
INS,4131,41310000,0,1414,319,0,0,0,24
INS,4132,41320000,1,1357,683,0,0,0,93
INS,4133,41330000,15,1352,970,334,0,0,228
INS,4134,41340000,0,1284,1243,679,0,0,12
INS,4135,41350000,0,1251,1526,1039,0,0,127
INS,4136,41360000,34,1167,1772,1336,335,3,207
INS,4137,41370000,32,1054,2026,1623,601,0,145
INS,4138,41380000,16,937,2214,1924,836,3,244
INS,4139,41390000,31,846,2355,2168,1192,37,192
INS,4140,41400000,0,676,2505,2364,1369,21,3
INS,4141,41410000,0,530,2528,2513,1587,7,250
INS,4142,41420000,7,410,2624,2629,1806,16,82
INS,4143,41430000,0,286,2649,2743,1969,41,39
INS,4144,41440000,17,128,2593,2767,2064,0,193
INS,4145,41450000,0,0,2458,2823,2129,36,87
INS,4146,41460000,0,0,2362,2791,2216,308,79
INS,4147,41470000,0,23,2224,2696,2190,599,151
INS,4148,41480000,14,7,2030,2512,2133,941,73
INS,4149,41490000,50,0,1738,2326,2061,1205,89
INS,4150,41500000,26,0,1533,2144,2004,1380,69
INS,4151,41510000,0,0,1245,1921,1810,1592,79
INS,4152,41520000,0,10,935,1640,1619,1746,246
INS,4153,41530000,0,26,645,1301,1419,1784,0
INS,4154,41540000,8,47,306,1009,1137,1741,114
INS,4155,41550000,21,0,0,688,896,1716,228
INS,4156,41560000,0,0,1,328,582,1607,210
INS,4157,41570000,0,0,1,0,256,1439,173
INS,4158,41580000,0,7,0,0,1,1229,243
INS,4159,41590000,0,34,10,1,57,995,120
INS,4160,41600000,0,6,0,0,0,643,201
INS,4161,41610000,0,8,0,0,0,302,135
INS,4162,41620000,43,0,0,0,3,15,159
INS,4163,41630000,14,0,34,1,0,38,202
INS,4164,41640000,0,0,24,22,2,0,180
INS,4165,41650000,10,0,0,46,0,0,205
INS,4166,41660000,89,40,16,43,5,0,103
INS,4167,41670000,0,0,0,33,0,24,240
INS,4168,41680000,13,0,0,24,0,0,237
INS,4169,41690000,0,4,11,0,12,15,3
INS,4170,41700000,0,0,36,49,6,0,69
INS,4171,41710000,0,9,8,9,0,0,21
INS,4172,41720000,0,0,0,0,0,30,42
INS,4173,41730000,24,27,0,0,13,0,93
INS,4174,41740000,15,18,57,0,35,0,171
INS,4175,41750000,0,21,5,0,5,0,94
INS,4176,41760000,48,0,0,10,0,0,138
INS,4177,41770000,24,1,0,0,0,35,157
INS,4178,41780000,19,0,25,0,6,51,215
INS,4179,41790000,0,49,0,0,9,46,235
INS,4180,41800000,0,0,0,0,0,0,148
INS,4181,41810000,32,0,0,0,39,0,236
INS,4182,41820000,0,10,31,0,2,0,225
INS,4183,41830000,8,0,0,0,0,0,207
INS,4184,41840000,9,0,0,0,0,0,225
INS,4185,41850000,0,10,3,20,2,0,12
INS,4186,41860000,0,5,0,0,2,0,1
INS,4187,41870000,0,0,0,13,0,0,24
INS,4188,41880000,0,12,13,0,0,14,67
INS,4189,41890000,10,18,6,0,0,2,81
INS,4190,41900000,0,33,7,30,10,0,142
INS,4191,41910000,0,71,20,43,62,8,27
INS,4192,41920000,0,0,0,0,0,26,122
INS,4193,41930000,6,48,39,16,12,0,234
INS,4194,41940000,6,18,11,9,40,0,214
INS,4195,41950000,63,2,1,30,0,0,243
INS,4196,41960000,27,4,0,0,0,60,255
INS,4197,41970000,9,0,2,0,12,0,204
INS,4198,41980000,2,0,0,19,0,0,219
INS,4199,41990000,0,0,14,0,0,0,229
INS,4200,42000000,0,16,46,37,18,68,161
INS,4201,42010000,317,0,0,22,0,0,76
INS,4202,42020000,700,0,34,0,33,0,9
INS,4203,42030000,1021,12,0,22,0,7,65
INS,4204,42040000,1308,15,0,0,9,12,108
INS,4205,42050000,1634,52,16,20,2,0,249
INS,4206,42060000,1869,37,8,0,9,0,209
INS,4207,42070000,2149,19,41,38,34,0,72
INS,4208,42080000,2354,2,10,14,0,15,203
INS,4209,42090000,2597,0,2,0,0,37,205
INS,4210,42100000,2786,14,0,0,0,0,130
INS,4211,42110000,2969,8,6,0,54,20,148
INS,4212,42120000,3043,0,40,0,39,19,249
INS,4213,42130000,3127,19,0,5,0,2,22
INS,4214,42140000,3150,24,17,0,64,0,141
INS,4215,42150000,3198,27,0,0,6,4,138
INS,4216,42160000,3184,165,55,10,9,0,87
INS,4217,42170000,3121,268,2,0,0,2,74
INS,4218,42180000,3049,426,0,0,1,13,187
INS,4219,42190000,2907,554,0,0,0,7,183
INS,4220,42200000,2778,702,0,0,19,27,2
INS,4221,42210000,2543,835,26,55,17,0,225
INS,4222,42220000,2423,888,0,21,21,0,119
INS,4223,42230000,2144,1059,0,0,3,0,245
INS,4224,42240000,1864,1123,0,7,0,11,61
INS,4225,42250000,1614,1250,0,2,16,0,211
INS,4226,42260000,1261,1272,0,0,0,0,135
INS,4227,42270000,989,1346,0,83,0,0,37
INS,4228,42280000,676,1400,0,0,0,12,236
INS,4229,42290000,330,1408,19,0,0,0,178
INS,4230,42300000,21,1391,14,0,0,0,120
INS,4231,42310000,8,1394,327,7,51,48,34
INS,4232,42320000,0,1370,645,6,45,0,26
INS,4233,42330000,0,1350,994,350,0,47,206
INS,4234,42340000,7,1321,1245,694,0,0,237
INS,4235,42350000,20,1241,1545,1038,23,0,86
INS,4236,42360000,0,1144,1802,1351,353,11,129
INS,4237,42370000,35,1098,2004,1678,560,6,98
INS,4238,42380000,0,952,2164,1916,845,0,99
INS,4239,42390000,0,844,2330,2180,1112,0,193
INS,4240,42400000,0,703,2512,2390,1423,4,8
INS,4241,42410000,0,545,2540,2542,1605,1,226
INS,4242,42420000,0,440,2542,2641,1746,24,147
INS,4243,42430000,1,283,2607,2783,1947,0,136
INS,4244,42440000,41,125,2570,2776,2062,35,141
INS,4245,42450000,0,41,2464,2771,2173,0,254
INS,4246,42460000,0,0,2396,2731,2210,325,228
INS,4247,42470000,0,0,2160,2648,2203,599,193
INS,4248,42480000,17,0,1995,2478,2155,939,184
INS,4249,42490000,0,19,1755,2369,2110,1255,125
INS,4250,42500000,0,6,1519,2144,1969,1437,221
INS,4251,42510000,24,0,1301,1904,1787,1603,38
INS,4252,42520000,0,0,978,1633,1605,1717,137
INS,4253,42530000,0,11,683,1360,1339,1773,155
INS,4254,42540000,0,29,317,1028,1144,1781,73
INS,4255,42550000,11,0,0,705,847,1717,95
INS,4256,42560000,0,34,0,369,563,1587,153
INS,4257,42570000,0,10,15,0,275,1429,114
INS,4258,42580000,0,0,0,6,0,1186,106
INS,4259,42590000,25,0,0,3,0,941,156
INS,4260,42600000,21,0,0,0,25,652,158
INS,4261,42610000,0,26,0,1,0,311,71
INS,4262,42620000,24,0,0,7,0,0,37
INS,4263,42630000,0,0,0,0,0,2,25
INS,4264,42640000,50,22,39,0,0,5,156
INS,4265,42650000,0,37,0,38,0,3,135
INS,4266,42660000,1,35,2,36,0,0,148
INS,4267,42670000,34,0,12,0,0,0,137
INS,4268,42680000,0,30,0,0,0,51,189
INS,4269,42690000,0,23,0,2,43,0,193
INS,4270,42700000,31,56,42,0,0,0,15
INS,4271,42710000,18,38,0,0,4,28,247
INS,4272,42720000,0,0,0,0,8,42,226
INS,4273,42730000,3,0,0,47,0,14,1
INS,4274,42740000,31,32,9,9,0,3,38
INS,4275,42750000,5,22,0,0,0,8,6
INS,4276,42760000,13,1,10,0,0,10,22
INS,4277,42770000,24,0,4,24,0,27,84
INS,4278,42780000,18,0,0,6,0,0,46
INS,4279,42790000,15,16,0,6,9,2,87
INS,4280,42800000,0,0,22,0,0,8,86
INS,4281,42810000,0,0,0,0,1,0,74
INS,4282,42820000,6,0,0,11,0,1,108
INS,4283,42830000,0,2,0,0,0,0,109
INS,4284,42840000,0,39,0,4,60,0,227
INS,4285,42850000,0,0,0,39,0,44,224
INS,4286,42860000,20,18,0,7,15,0,218
INS,4287,42870000,0,14,0,0,0,0,189
INS,4288,42880000,17,28,0,0,17,20,18
INS,4289,42890000,0,11,0,0,0,0,220
INS,4290,42900000,0,8,0,0,0,27,5
INS,4291,42910000,5,0,0,0,0,0,248
INS,4292,42920000,0,0,24,0,0,31,59
INS,4293,42930000,0,0,0,1,0,16,38
INS,4294,42940000,2,18,0,5,0,11,74
INS,4295,42950000,0,0,23,0,12,42,132
INS,4296,42960000,0,0,72,8,17,0,169
INS,4297,42970000,0,0,45,0,32,0,166
INS,4298,42980000,12,35,20,31,10,0,214
INS,4299,42990000,0,5,44,8,6,0,186
INS,4300,43000000,4,23,0,38,0,0,205
INS,4301,43010000,338,10,0,35,7,0,35
INS,4302,43020000,664,2,0,35,16,12,135
INS,4303,43030000,998,20,20,2,0,0,207
INS,4304,43040000,1336,6,0,0,10,14,38
INS,4305,43050000,1583,0,32,10,36,0,94
INS,4306,43060000,1840,0,38,6,0,0,78
INS,4307,43070000,2158,16,0,21,24,0,174
INS,4308,43080000,2401,1,7,0,0,27,152
INS,4309,43090000,2569,53,12,14,0,0,125
INS,4310,43100000,2764,0,3,56,0,0,61
INS,4311,43110000,2942,0,15,0,0,6,218
INS,4312,43120000,3019,27,41,22,0,19,144
INS,4313,43130000,3138,2,38,0,0,29,240
INS,4314,43140000,3175,36,34,0,0,34,73
INS,4315,43150000,3189,0,0,5,0,0,5
INS,4316,43160000,3180,134,15,0,0,6,163
INS,4317,43170000,3133,296,0,16,0,0,34
INS,4318,43180000,3022,415,36,6,0,0,85
INS,4319,43190000,2921,512,15,0,22,0,93
INS,4320,43200000,2778,733,11,9,0,14,185
INS,4321,43210000,2546,845,28,17,0,0,93
INS,4322,43220000,2411,923,0,0,4,0,12
INS,4323,43230000,2159,1066,0,12,14,0,198
INS,4324,43240000,1908,1113,0,15,0,0,0
INS,4325,43250000,1596,1205,0,0,5,0,43
INS,4326,43260000,1322,1248,22,48,13,20,183
INS,4327,43270000,1004,1298,0,0,0,9,94
INS,4328,43280000,645,1379,13,0,31,21,145
INS,4329,43290000,361,1422,0,0,27,0,139
INS,4330,43300000,4,1408,3,0,27,0,44
INS,4331,43310000,4,1443,357,0,0,0,167
INS,4332,43320000,13,1361,637,0,0,0,135
INS,4333,43330000,0,1323,922,351,0,0,225
INS,4334,43340000,0,1254,1248,723,5,0,108
INS,4335,43350000,3,1232,1548,1042,0,0,208
INS,4336,43360000,0,1135,1790,1330,305,8,200
INS,4337,43370000,15,1036,1998,1637,617,0,184
INS,4338,43380000,0,975,2212,1919,859,0,95
INS,4339,43390000,25,820,2372,2164,1152,0,168
INS,4340,43400000,7,667,2469,2363,1364,0,10
INS,4341,43410000,0,530,2547,2549,1636,34,197
INS,4342,43420000,14,397,2604,2624,1779,0,80
INS,4343,43430000,0,268,2616,2751,1985,4,47
INS,4344,43440000,0,157,2566,2768,2100,0,31
INS,4345,43450000,39,0,2495,2792,2160,0,199
INS,4346,43460000,7,0,2346,2790,2165,349,131
INS,4347,43470000,7,25,2169,2653,2220,626,191
INS,4348,43480000,0,0,2021,2527,2154,954,164
INS,4349,43490000,0,0,1762,2380,2085,1205,213
INS,4350,43500000,3,0,1538,2183,1968,1405,151
INS,4351,43510000,0,0,1275,1889,1799,1615,161
INS,4352,43520000,0,40,949,1621,1583,1754,59
INS,4353,43530000,0,6,621,1352,1363,1818,57
INS,4354,43540000,0,0,333,1025,1164,1749,209
INS,4355,43550000,0,22,0,690,895,1741,71
INS,4356,43560000,4,0,0,361,578,1608,59
INS,4357,43570000,0,9,0,19,312,1381,14
INS,4358,43580000,0,0,1,35,0,1234,92
INS,4359,43590000,7,0,43,0,31,937,113
INS,4360,43600000,0,0,31,64,20,663,146
INS,4361,43610000,0,0,7,42,0,347,37
INS,4362,43620000,0,1,13,0,0,11,195
INS,4363,43630000,0,0,0,40,29,0,0
INS,4364,43640000,21,7,0,27,0,0,3
INS,4365,43650000,0,23,29,5,15,0,37
INS,4366,43660000,46,0,0,12,2,34,76
INS,4367,43670000,0,0,0,48,15,32,94
INS,4368,43680000,0,11,37,53,51,32,200
INS,4369,43690000,19,18,22,1,0,0,93
INS,4370,43700000,11,0,23,0,0,44,128
INS,4371,43710000,14,0,22,3,20,0,126
INS,4372,43720000,0,12,0,12,0,41,149
INS,4373,43730000,0,0,0,0,0,51,152
INS,4374,43740000,0,0,10,0,0,0,128
INS,4375,43750000,25,0,0,9,0,0,169
INS,4376,43760000,0,0,12,14,31,29,238
INS,4377,43770000,0,0,12,0,8,0,189
INS,4378,43780000,0,0,0,17,14,16,233
INS,4379,43790000,12,0,0,0,0,16,231
INS,4380,43800000,0,9,0,40,0,0,13
INS,4381,43810000,26,0,31,0,0,0,38
INS,4382,43820000,5,0,38,1,0,12,54
INS,4383,43830000,0,23,0,29,13,34,114
INS,4384,43840000,4,11,13,5,0,36,101
INS,4385,43850000,0,38,0,16,2,27,132
INS,4386,43860000,0,13,0,7,33,20,139
INS,4387,43870000,14,31,0,16,0,0,144
INS,4388,43880000,0,4,68,0,0,19,191
INS,4389,43890000,0,0,0,3,0,13,133
INS,4390,43900000,0,0,0,0,0,5,139
INS,4391,43910000,34,0,0,3,3,12,203
INS,4392,43920000,0,0,0,0,0,0,168
INS,4393,43930000,28,9,17,0,32,1,16
INS,4394,43940000,3,49,0,0,21,10,29
INS,4395,43950000,16,0,0,4,0,3,242
INS,4396,43960000,0,17,0,0,14,37,48
INS,4397,43970000,16,0,0,0,10,32,55
INS,4398,43980000,0,0,20,0,15,0,49
INS,4399,43990000,4,53,0,6,0,39,133
INS,4400,44000000,4,41,7,32,0,0,132
INS,4401,44010000,358,0,0,66,0,0,233
INS,4402,44020000,621,19,0,0,0,0,210
INS,4403,44030000,970,0,0,0,0,8,53
INS,4404,44040000,1301,83,0,0,0,0,220
INS,4405,44050000,1622,0,0,36,0,0,255
INS,4406,44060000,1928,2,13,0,44,36,125
INS,4407,44070000,2141,1,10,10,0,28,53
INS,4408,44080000,2393,0,31,0,66,36,150
INS,4409,44090000,2565,8,0,3,0,0,217
INS,4410,44100000,2786,4,4,43,0,8,247
INS,4411,44110000,2909,0,0,0,15,3,90
INS,4412,44120000,3012,7,0,0,27,15,241
INS,4413,44130000,3139,17,0,0,12,33,142
INS,4414,44140000,3206,16,2,3,38,36,3
INS,4415,44150000,3241,0,0,60,0,11,31
INS,4416,44160000,3198,152,0,28,0,18,132
INS,4417,44170000,3142,279,24,0,0,0,198
INS,4418,44180000,3013,449,0,22,0,0,254
INS,4419,44190000,2951,528,0,0,3,0,13
INS,4420,44200000,2783,676,16,0,0,0,23
INS,4421,44210000,2624,832,7,0,38,22,88
INS,4422,44220000,2369,912,0,0,31,0,150
INS,4423,44230000,2147,1062,0,0,0,22,86
INS,4424,44240000,1898,1162,0,0,39,6,233
INS,4425,44250000,1574,1209,0,0,0,11,195
INS,4426,44260000,1293,1285,0,14,0,47,57
INS,4427,44270000,986,1311,0,42,15,0,45
INS,4428,44280000,685,1358,47,8,2,0,64
INS,4429,44290000,320,1422,15,6,0,38,38
INS,4430,44300000,0,1377,0,17,0,38,198
INS,4431,44310000,0,1392,322,0,8,0,249
INS,4432,44320000,30,1362,631,0,0,19,74
INS,4433,44330000,12,1321,1012,319,0,16,217
INS,4434,44340000,0,1330,1250,630,0,35,31
INS,4435,44350000,16,1261,1523,1037,5,0,133
INS,4436,44360000,0,1109,1776,1406,255,0,86
INS,4437,44370000,0,1059,2008,1653,592,0,101
INS,4438,44380000,25,946,2196,1893,905,0,3
INS,4439,44390000,16,823,2360,2144,1141,0,27
INS,4440,44400000,25,742,2454,2345,1394,23,31
INS,4441,44410000,0,547,2550,2559,1595,27,87
INS,4442,44420000,0,438,2591,2661,1774,1,35
INS,4443,44430000,0,273,2576,2773,1930,0,139
INS,4444,44440000,14,149,2570,2812,2066,0,215
INS,4445,44450000,0,11,2453,2775,2171,0,31
INS,4446,44460000,0,49,2315,2766,2212,299,23
INS,4447,44470000,0,0,2241,2675,2209,659,183
INS,4448,44480000,21,0,1978,2533,2160,965,73
INS,4449,44490000,38,0,1794,2363,2059,1207,150
INS,4450,44500000,11,0,1570,2151,1938,1461,93
INS,4451,44510000,3,0,1272,1896,1743,1602,7
INS,4452,44520000,0,0,978,1660,1613,1753,24
INS,4453,44530000,12,0,644,1359,1394,1810,24
INS,4454,44540000,0,0,308,1029,1166,1819,168
INS,4455,44550000,0,5,0,660,829,1706,87
INS,4456,44560000,0,10,0,338,604,1615,239
INS,4457,44570000,4,0,35,19,304,1424,243
INS,4458,44580000,55,15,0,2,0,1197,255
INS,4459,44590000,0,0,12,0,0,955,226
INS,4460,44600000,52,0,0,0,16,673,17
INS,4461,44610000,3,25,32,21,0,377,7
INS,4462,44620000,57,12,15,13,10,0,185
INS,4463,44630000,4,0,11,0,0,0,110
INS,4464,44640000,0,0,16,0,0,0,128
INS,4465,44650000,6,0,27,6,53,0,221
INS,4466,44660000,0,0,0,1,5,4,156
INS,4467,44670000,20,18,10,21,11,69,56
INS,4468,44680000,0,28,72,47,0,0,71
INS,4469,44690000,0,0,0,0,6,0,203
INS,4470,44700000,0,25,63,41,41,0,128
INS,4471,44710000,6,29,26,6,30,22,94
INS,4472,44720000,18,0,43,0,0,0,53
INS,4473,44730000,0,0,0,33,0,0,42
INS,4474,44740000,22,28,15,0,31,10,132
INS,4475,44750000,5,35,0,29,0,0,112
INS,4476,44760000,18,0,14,3,7,24,126
INS,4477,44770000,0,6,11,0,0,0,94
INS,4478,44780000,0,8,0,0,1,0,103
INS,4479,44790000,0,0,0,0,0,0,111
INS,4480,44800000,55,0,0,17,0,0,200
INS,4481,44810000,0,0,0,0,0,0,145
INS,4482,44820000,11,0,28,32,43,10,30
INS,4483,44830000,0,0,20,0,0,4,203
INS,4484,44840000,29,22,0,0,3,0,250
INS,4485,44850000,12,0,25,15,0,0,9
INS,4486,44860000,19,21,0,28,2,14,58
INS,4487,44870000,9,0,1,33,8,0,42
INS,4488,44880000,0,0,0,1,1,0,10
INS,4489,44890000,0,0,23,0,0,13,61
INS,4490,44900000,40,0,8,3,0,17,110
INS,4491,44910000,3,0,2,0,0,0,64
INS,4492,44920000,0,0,15,0,0,4,95
INS,4493,44930000,20,0,0,0,8,0,121
INS,4494,44940000,37,7,35,0,38,0,227
INS,4495,44950000,1,12,0,0,22,0,162
INS,4496,44960000,38,1,6,12,16,0,217
INS,4497,44970000,39,21,32,0,0,25,22
INS,4498,44980000,0,2,9,9,7,18,223
INS,4499,44990000,0,18,0,0,0,0,213
INS,4500,45000000,0,0,18,5,0,46,25
INS,4501,45010000,344,1,0,0,0,22,84
INS,4502,45020000,718,0,12,24,0,0,232
INS,4503,45030000,1019,22,0,0,0,2,26
INS,4504,45040000,1304,0,0,20,0,5,73
INS,4505,45050000,1595,0,0,0,0,28,128
INS,4506,45060000,1917,54,5,4,24,16,30
INS,4507,45070000,2163,0,0,35,33,0,2
INS,4508,45080000,2355,43,15,0,0,0,201
INS,4509,45090000,2589,0,7,16,0,15,176
INS,4510,45100000,2729,10,59,4,8,0,120
INS,4511,45110000,2908,0,0,0,25,33,37
INS,4512,45120000,3081,12,3,5,43,58,34
INS,4513,45130000,3133,0,0,0,23,0,5
INS,4514,45140000,3188,0,0,38,6,13,111
INS,4515,45150000,3205,0,0,33,0,0,121
INS,4516,45160000,3221,97,0,0,0,24,242
INS,4517,45170000,3085,297,0,19,14,22,98
INS,4518,45180000,3065,495,0,4,25,4,15
INS,4519,45190000,2895,553,0,0,31,28,202
INS,4520,45200000,2740,663,19,0,0,0,134
INS,4521,45210000,2623,828,0,3,0,0,183
INS,4522,45220000,2381,989,12,9,0,10,147
INS,4523,45230000,2081,1031,5,23,0,31,190
INS,4524,45240000,1862,1104,0,5,0,8,15
INS,4525,45250000,1600,1195,24,29,26,7,190
INS,4526,45260000,1335,1284,5,0,0,0,206
INS,4527,45270000,975,1395,0,0,1,11,237
INS,4528,45280000,632,1366,15,44,40,2,227
INS,4529,45290000,361,1399,0,0,0,0,161
INS,4530,45300000,0,1397,17,0,20,28,136
INS,4531,45310000,20,1384,358,18,0,20,235
INS,4532,45320000,0,1378,680,36,0,0,34
INS,4533,45330000,0,1327,962,373,34,0,141
INS,4534,45340000,0,1290,1215,691,0,38,184
INS,4535,45350000,0,1235,1492,1031,28,14,255
INS,4536,45360000,0,1134,1760,1322,334,0,254
INS,4537,45370000,0,1001,2015,1626,650,3,248
INS,4538,45380000,9,947,2209,1878,920,0,165
INS,4539,45390000,7,769,2339,2142,1166,32,162
INS,4540,45400000,24,717,2451,2340,1400,0,144
INS,4541,45410000,3,586,2523,2524,1600,0,209
INS,4542,45420000,25,451,2588,2707,1785,0,34
INS,4543,45430000,31,314,2594,2753,1977,8,172
INS,4544,45440000,16,111,2517,2773,2078,10,17
INS,4545,45450000,0,8,2509,2827,2136,27,36
INS,4546,45460000,0,29,2370,2719,2177,350,191
INS,4547,45470000,5,17,2207,2661,2177,647,21
INS,4548,45480000,0,0,2001,2530,2205,924,240
INS,4549,45490000,0,0,1803,2332,2074,1228,34
INS,4550,45500000,0,0,1540,2191,1957,1450,8
INS,4551,45510000,0,0,1251,1897,1812,1557,172
INS,4552,45520000,4,0,954,1650,1601,1712,105
INS,4553,45530000,0,16,621,1332,1385,1771,94
INS,4554,45540000,0,0,348,1046,1149,1733,30
INS,4555,45550000,0,11,13,685,890,1696,90
INS,4556,45560000,0,16,30,331,582,1620,159
INS,4557,45570000,0,0,5,38,258,1425,91
INS,4558,45580000,0,0,50,1,0,1208,153
INS,4559,45590000,0,25,0,0,0,919,111
INS,4560,45600000,0,4,0,0,38,661,143
INS,4561,45610000,0,0,0,0,34,327,74
INS,4562,45620000,0,0,12,18,5,42,63
INS,4563,45630000,0,0,0,41,5,46,95
INS,4564,45640000,12,0,0,0,28,13,73
INS,4565,45650000,0,26,36,0,0,0,99
INS,4566,45660000,29,27,30,6,53,0,199
INS,4567,45670000,2,0,0,1,0,0,74
INS,4568,45680000,0,0,0,25,9,0,122
INS,4569,45690000,21,0,0,8,0,18,152
INS,4570,45700000,0,10,53,0,4,0,189
INS,4571,45710000,4,15,37,0,40,0,235
INS,4572,45720000,11,48,0,0,0,0,215
INS,4573,45730000,0,48,0,6,31,0,2
INS,4574,45740000,25,14,2,4,30,28,37
INS,4575,45750000,25,0,0,16,17,54,63
INS,4576,45760000,0,0,0,0,0,38,6
INS,4577,45770000,0,0,12,20,46,15,78
INS,4578,45780000,0,0,0,10,6,7,25
INS,4579,45790000,0,48,0,21,16,0,104
INS,4580,45800000,0,0,0,14,2,0,52
INS,4581,45810000,38,40,31,16,19,17,214
INS,4582,45820000,0,32,0,0,9,0,111
INS,4583,45830000,0,29,20,12,19,0,167
INS,4584,45840000,0,1,0,0,0,0,105
INS,4585,45850000,0,37,0,28,4,0,190
INS,4586,45860000,0,34,33,7,26,0,238
INS,4587,45870000,18,24,30,12,0,0,239
INS,4588,45880000,48,0,16,0,24,37,41
INS,4589,45890000,32,0,14,0,30,0,9
INS,4590,45900000,0,0,0,0,16,0,222
INS,4591,45910000,0,0,0,24,49,14,54
INS,4592,45920000,32,0,10,27,7,18,78
INS,4593,45930000,0,0,44,36,0,0,81
INS,4594,45940000,10,0,0,39,0,26,93
INS,4595,45950000,8,23,59,14,0,8,147
INS,4596,45960000,2,0,0,9,10,0,73
INS,4597,45970000,28,17,0,19,0,0,133
INS,4598,45980000,3,0,0,0,1,1,91
INS,4599,45990000,60,0,0,0,0,0,163
INS,4600,46000000,39,0,0,0,0,31,190
INS,4601,46010000,287,18,0,13,2,0,201
INS,4602,46020000,649,0,0,8,16,22,81
INS,4603,46030000,945,13,0,0,0,23,128
INS,4604,46040000,1287,17,6,20,15,8,5
INS,4605,46050000,1586,0,19,0,0,0,18
INS,4606,46060000,1878,0,0,8,0,20,80
INS,4607,46070000,2172,0,0,8,5,0,120
INS,4608,46080000,2361,49,19,22,0,0,147
INS,4609,46090000,2563,30,10,0,14,0,74
INS,4610,46100000,2806,0,15,0,1,0,40
INS,4611,46110000,2910,0,0,6,46,0,197
INS,4612,46120000,3065,0,37,5,18,0,121
INS,4613,46130000,3169,0,0,23,18,0,223
INS,4614,46140000,3146,0,30,0,0,35,241
INS,4615,46150000,3202,0,53,0,0,0,46
INS,4616,46160000,3160,121,38,35,0,12,174
INS,4617,46170000,3131,272,47,57,5,0,81
INS,4618,46180000,3027,393,9,0,0,0,15
INS,4619,46190000,2919,515,0,0,0,0,37
INS,4620,46200000,2768,705,0,0,0,39,132
INS,4621,46210000,2605,869,24,20,6,0,161
INS,4622,46220000,2380,917,12,26,5,0,250
INS,4623,46230000,2111,1059,11,0,55,0,163
INS,4624,46240000,1864,1124,0,0,57,54,43
INS,4625,46250000,1585,1185,38,0,0,53,78
INS,4626,46260000,1293,1254,0,0,47,9,93
INS,4627,46270000,992,1285,0,0,21,0,61
INS,4628,46280000,688,1374,27,0,0,3,128
INS,4629,46290000,337,1394,20,0,0,0,60
INS,4630,46300000,32,1420,0,0,0,0,34
INS,4631,46310000,28,1439,309,0,15,0,134
INS,4632,46320000,0,1388,649,13,13,55,222
INS,4633,46330000,0,1339,958,335,1,0,242
INS,4634,46340000,11,1240,1258,733,2,25,127
INS,4635,46350000,0,1193,1521,1036,0,21,134
INS,4636,46360000,0,1173,1818,1324,258,21,206
INS,4637,46370000,0,1034,1981,1670,579,0,125
INS,4638,46380000,12,942,2200,1949,924,9,146
INS,4639,46390000,0,804,2354,2225,1175,2,175
INS,4640,46400000,0,719,2493,2322,1368,10,32
INS,4641,46410000,0,574,2565,2535,1594,0,149
INS,4642,46420000,0,402,2627,2625,1810,0,106
INS,4643,46430000,29,260,2625,2755,1935,21,28
INS,4644,46440000,2,156,2588,2766,2063,0,251
INS,4645,46450000,12,32,2490,2779,2142,0,148
INS,4646,46460000,0,0,2375,2728,2215,360,132
INS,4647,46470000,0,73,2201,2635,2146,663,189
INS,4648,46480000,0,42,2017,2574,2107,950,178
INS,4649,46490000,0,0,1775,2354,2028,1241,159
INS,4650,46500000,0,0,1521,2108,1931,1389,239
INS,4651,46510000,25,37,1215,1866,1805,1624,135
INS,4652,46520000,5,0,972,1630,1599,1693,247
INS,4653,46530000,4,0,626,1397,1437,1815,156
INS,4654,46540000,0,0,301,1046,1170,1787,222
INS,4655,46550000,0,0,0,700,884,1737,24
INS,4656,46560000,8,0,0,379,598,1624,97
INS,4657,46570000,0,0,4,31,264,1426,254
INS,4658,46580000,9,0,29,0,0,1194,34
INS,4659,46590000,0,0,0,0,0,970,45
INS,4660,46600000,39,29,0,11,0,666,93
INS,4661,46610000,0,0,31,0,0,288,196
INS,4662,46620000,20,40,12,0,0,0,222
INS,4663,46630000,0,0,3,0,0,40,210
INS,4664,46640000,0,0,20,0,31,0,235
INS,4665,46650000,26,0,22,11,0,0,4
INS,4666,46660000,0,59,0,0,0,12,33
INS,4667,46670000,0,17,0,0,0,44,40
INS,4668,46680000,0,0,0,0,0,13,9
INS,4669,46690000,0,7,0,0,0,16,36
INS,4670,46700000,50,43,18,12,27,4,184
INS,4671,46710000,40,0,10,0,40,14,151
INS,4672,46720000,4,5,13,0,0,6,92
INS,4673,46730000,0,0,10,16,25,1,133
INS,4674,46740000,2,0,54,0,0,16,170
INS,4675,46750000,0,24,0,0,3,56,198
INS,4676,46760000,24,0,3,0,1,0,160
INS,4677,46770000,0,34,15,0,21,0,219
INS,4678,46780000,0,0,0,0,0,17,183
INS,4679,46790000,0,17,16,0,31,9,0
INS,4680,46800000,9,0,34,0,0,0,243
INS,4681,46810000,22,0,12,0,0,9,4
INS,4682,46820000,0,0,0,0,23,0,1
INS,4683,46830000,29,0,13,0,0,0,37
INS,4684,46840000,72,0,6,0,0,28,118
INS,4685,46850000,0,1,0,0,24,18,72
INS,4686,46860000,46,0,0,0,2,33,127
INS,4687,46870000,9,0,0,0,0,23,95
INS,4688,46880000,38,22,7,0,40,0,187
INS,4689,46890000,0,19,24,0,23,23,186
INS,4690,46900000,32,28,38,45,0,50,51
INS,4691,46910000,0,1,7,12,2,0,153
INS,4692,46920000,19,0,0,6,0,0,173
INS,4693,46930000,31,0,0,2,0,12,210
INS,4694,46940000,0,16,0,20,0,24,242
INS,4695,46950000,0,0,12,55,0,0,10
INS,4696,46960000,15,0,0,1,0,79,55
INS,4697,46970000,0,0,4,1,23,13,18
INS,4698,46980000,0,0,0,32,0,0,26
INS,4699,46990000,0,0,14,0,0,0,25
INS,4700,47000000,23,17,0,0,0,14,82
INS,4701,47010000,320,0,27,0,7,7,150
INS,4702,47020000,660,6,0,11,20,14,5
INS,4703,47030000,977,16,0,0,0,0,48
INS,4704,47040000,1292,22,0,0,7,9,146
INS,4705,47050000,1599,19,0,22,0,13,230
INS,4706,47060000,1894,3,51,0,16,0,46
INS,4707,47070000,2139,0,0,0,0,1,239
INS,4708,47080000,2395,0,7,0,0,0,6
INS,4709,47090000,2611,41,23,0,13,23,76
INS,4710,47100000,2781,0,0,4,17,16,200
INS,4711,47110000,2940,0,53,4,13,0,153
INS,4712,47120000,3049,44,76,0,0,0,73
INS,4713,47130000,3176,0,0,0,69,24,190
INS,4714,47140000,3189,0,32,5,0,0,164
INS,4715,47150000,3175,0,0,0,0,14,144
INS,4716,47160000,3164,124,0,0,12,0,16
INS,4717,47170000,3128,272,0,0,0,46,179
INS,4718,47180000,3076,417,0,26,0,1,14
INS,4719,47190000,2960,559,0,15,0,11,56
INS,4720,47200000,2730,712,0,0,11,20,1
INS,4721,47210000,2609,795,15,1,26,34,25
INS,4722,47220000,2344,916,0,2,0,0,80
INS,4723,47230000,2128,990,0,0,5,0,214
INS,4724,47240000,1851,1160,23,1,0,0,143
INS,4725,47250000,1606,1204,25,15,0,19,250
INS,4726,47260000,1316,1314,29,0,0,0,57
INS,4727,47270000,990,1341,45,0,22,0,69
INS,4728,47280000,653,1365,17,4,46,0,29
INS,4729,47290000,356,1370,12,45,37,23,60
INS,4730,47300000,0,1385,49,0,0,0,180
INS,4731,47310000,0,1423,322,0,0,0,252
INS,4732,47320000,0,1335,637,2,0,12,254
INS,4733,47330000,19,1270,933,346,7,0,92
INS,4734,47340000,12,1284,1267,734,0,1,64
INS,4735,47350000,0,1179,1478,1085,32,0,45
INS,4736,47360000,0,1131,1791,1349,296,0,87
INS,4737,47370000,0,1096,1979,1669,592,32,137
INS,4738,47380000,0,940,2157,1918,875,1,165
INS,4739,47390000,31,773,2330,2125,1134,0,172
INS,4740,47400000,0,702,2481,2364,1382,0,213
INS,4741,47410000,0,537,2555,2486,1607,0,230
INS,4742,47420000,0,409,2571,2658,1810,0,254
INS,4743,47430000,40,285,2625,2718,1976,21,232
INS,4744,47440000,1,137,2585,2835,2072,0,214
INS,4745,47450000,0,23,2472,2793,2167,40,96
INS,4746,47460000,0,0,2317,2735,2232,319,221
INS,4747,47470000,0,0,2194,2660,2232,673,138
INS,4748,47480000,0,0,2020,2584,2181,943,124
INS,4749,47490000,24,0,1778,2339,2080,1233,123
INS,4750,47500000,33,0,1553,2168,1974,1456,126
INS,4751,47510000,37,0,1239,1916,1773,1603,39
INS,4752,47520000,0,0,925,1649,1611,1731,172
INS,4753,47530000,14,19,617,1376,1396,1807,14
INS,4754,47540000,33,13,320,1058,1151,1816,217
INS,4755,47550000,0,0,39,683,889,1724,202
INS,4756,47560000,0,0,0,313,598,1602,165
INS,4757,47570000,0,0,0,0,298,1429,164
INS,4758,47580000,0,17,44,20,12,1239,42
INS,4759,47590000,25,4,4,0,0,946,218
INS,4760,47600000,33,0,0,21,63,623,252
INS,4761,47610000,38,15,0,6,0,299,143
INS,4762,47620000,32,53,41,0,15,0,199
INS,4763,47630000,0,0,0,0,26,0,101
INS,4764,47640000,0,0,0,0,11,0,103
INS,4765,47650000,20,13,0,0,4,11,157
INS,4766,47660000,0,0,3,43,0,0,172
INS,4767,47670000,0,0,0,19,18,2,182
INS,4768,47680000,0,0,0,3,19,32,214
INS,4769,47690000,0,0,9,0,13,0,199
INS,4770,47700000,45,0,32,0,30,0,45
INS,4771,47710000,0,0,0,0,3,0,214
INS,4772,47720000,0,0,9,0,27,0,8
INS,4773,47730000,0,11,0,38,24,0,62
INS,4774,47740000,0,16,42,41,26,0,131
INS,4775,47750000,0,4,0,0,0,0,27
INS,4776,47760000,43,22,13,0,0,0,118
INS,4777,47770000,8,0,0,0,47,0,112
INS,4778,47780000,3,0,9,25,2,19,132
INS,4779,47790000,25,0,1,15,0,0,132
INS,4780,47800000,1,0,0,0,0,0,109
INS,4781,47810000,0,38,23,12,11,0,209
INS,4782,47820000,18,30,7,0,21,62,24
INS,4783,47830000,48,0,40,29,9,0,29
INS,4784,47840000,6,9,14,32,19,0,0
INS,4785,47850000,0,0,0,0,9,0,202
INS,4786,47860000,0,37,0,0,0,35,26
INS,4787,47870000,0,0,0,0,3,23,253
INS,4788,47880000,20,0,11,21,0,0,40
INS,4789,47890000,30,11,5,0,0,0,51
INS,4790,47900000,0,0,2,0,0,17,41
INS,4791,47910000,23,11,2,13,0,0,88
INS,4792,47920000,9,2,10,0,0,0,77
INS,4793,47930000,0,0,5,21,0,0,99
INS,4794,47940000,0,0,10,0,0,0,100
INS,4795,47950000,0,37,23,24,0,40,231
INS,4796,47960000,0,0,0,13,8,0,145
INS,4797,47970000,0,0,37,31,26,11,246
INS,4798,47980000,31,0,3,41,0,0,233
INS,4799,47990000,0,0,10,0,0,48,233
INS,4800,48000000,0,1,0,42,0,0,235
INS,4801,48010000,332,9,0,0,0,6,44
INS,4802,48020000,704,0,26,0,11,23,222
INS,4803,48030000,992,0,0,48,0,0,3
INS,4804,48040000,1249,0,26,64,33,41,137
INS,4805,48050000,1593,42,0,0,0,0,120
INS,4806,48060000,1865,0,0,26,36,5,178
INS,4807,48070000,2155,3,54,0,0,32,251
INS,4808,48080000,2388,0,16,0,39,0,211
INS,4809,48090000,2541,0,0,0,3,0,73
INS,4810,48100000,2753,23,3,9,0,8,86
INS,4811,48110000,2886,12,0,38,0,57,44
INS,4812,48120000,3085,0,0,28,0,17,198
INS,4813,48130000,3137,0,0,26,0,0,248
INS,4814,48140000,3186,17,0,11,0,0,60
INS,4815,48150000,3215,0,0,0,0,29,107
INS,4816,48160000,3191,161,0,4,42,4,26
INS,4817,48170000,3112,278,6,56,3,31,127
INS,4818,48180000,3022,407,3,8,19,26,143
INS,4819,48190000,2920,553,24,0,0,0,172
INS,4820,48200000,2782,683,14,0,0,18,189
INS,4821,48210000,2605,840,0,14,0,23,191
INS,4822,48220000,2417,958,0,0,36,0,137
INS,4823,48230000,2093,1037,0,6,0,36,171
INS,4824,48240000,1862,1155,20,1,0,6,60
INS,4825,48250000,1622,1203,12,0,38,0,164
INS,4826,48260000,1301,1275,20,19,22,0,199
INS,4827,48270000,978,1307,0,39,0,22,181
INS,4828,48280000,606,1413,0,0,0,2,129
INS,4829,48290000,314,1381,22,0,0,0,98
INS,4830,48300000,0,1393,33,0,0,0,80
INS,4831,48310000,0,1445,315,0,0,0,175
INS,4832,48320000,13,1377,667,0,21,0,254
INS,4833,48330000,0,1358,939,374,18,0,114
INS,4834,48340000,1,1286,1248,741,0,0,206
INS,4835,48350000,3,1213,1573,1052,26,0,46
INS,4836,48360000,9,1119,1793,1353,282,0,240
INS,4837,48370000,0,1042,1988,1669,548,43,223
INS,4838,48380000,10,896,2213,1906,859,0,66
INS,4839,48390000,0,818,2367,2171,1157,0,200
INS,4840,48400000,29,705,2476,2331,1436,42,211
INS,4841,48410000,0,576,2584,2548,1588,0,249
INS,4842,48420000,0,410,2593,2615,1816,10,158
INS,4843,48430000,0,335,2601,2737,1951,27,126
INS,4844,48440000,0,140,2536,2739,2061,0,224
INS,4845,48450000,0,0,2506,2818,2125,0,214
INS,4846,48460000,0,5,2353,2737,2223,320,164
INS,4847,48470000,0,28,2195,2636,2191,657,250
INS,4848,48480000,40,8,1980,2551,2173,960,16
INS,4849,48490000,9,0,1775,2351,2032,1237,237
INS,4850,48500000,0,0,1517,2174,1937,1454,188
INS,4851,48510000,0,16,1276,1948,1748,1586,209
INS,4852,48520000,23,2,953,1646,1617,1744,149
INS,4853,48530000,0,0,656,1303,1374,1765,47
INS,4854,48540000,32,0,319,1031,1141,1822,79
INS,4855,48550000,0,38,1,685,868,1693,60
INS,4856,48560000,0,0,26,343,575,1647,151
INS,4857,48570000,0,27,59,0,335,1461,227
INS,4858,48580000,0,0,0,22,24,1213,133
INS,4859,48590000,0,0,50,0,0,969,166
INS,4860,48600000,0,0,21,4,0,672,117
INS,4861,48610000,0,0,0,16,0,316,25
INS,4862,48620000,15,18,44,39,0,0,82
INS,4863,48630000,0,50,0,0,0,35,68
INS,4864,48640000,4,37,0,1,0,0,42
INS,4865,48650000,15,10,24,6,0,0,72
INS,4866,48660000,14,1,0,0,41,0,90
INS,4867,48670000,0,0,0,0,0,26,77
INS,4868,48680000,0,0,0,0,0,25,93
INS,4869,48690000,34,0,7,8,10,2,146
INS,4870,48700000,3,0,0,12,20,19,156
INS,4871,48710000,32,0,0,0,3,19,173
INS,4872,48720000,0,15,42,18,2,0,213
INS,4873,48730000,0,28,0,0,25,0,206
INS,4874,48740000,28,0,0,25,14,11,248
INS,4875,48750000,0,0,0,20,9,25,241
INS,4876,48760000,0,0,4,0,1,0,209
INS,4877,48770000,14,0,0,37,0,0,16
INS,4878,48780000,0,46,27,1,0,0,56
INS,4879,48790000,60,34,0,9,0,50,152
INS,4880,48800000,25,4,37,19,0,25,126
INS,4881,48810000,0,0,0,32,0,0,65
INS,4882,48820000,0,29,0,4,40,74,197
INS,4883,48830000,0,0,0,0,13,0,80
INS,4884,48840000,23,4,33,3,39,0,186
INS,4885,48850000,0,0,27,0,29,0,157
INS,4886,48860000,0,41,0,0,0,0,159
INS,4887,48870000,0,0,0,22,0,0,157
INS,4888,48880000,24,57,51,7,5,0,40
INS,4889,48890000,0,2,19,17,17,0,224
INS,4890,48900000,12,17,23,0,5,5,248
INS,4891,48910000,23,0,6,0,24,30,30
INS,4892,48920000,8,30,1,22,23,10,58
INS,4893,48930000,26,0,0,0,0,2,9
INS,4894,48940000,0,0,22,0,0,17,37
INS,4895,48950000,0,53,0,0,15,33,116
INS,4896,48960000,18,0,16,0,4,35,105
INS,4897,48970000,0,0,0,0,14,10,73
INS,4898,48980000,0,0,0,0,0,29,95
INS,4899,48990000,27,7,0,0,44,11,172
INS,4900,49000000,0,0,45,0,0,0,145
INS,4901,49010000,345,34,55,0,12,8,59
INS,4902,49020000,671,37,0,8,25,0,107
INS,4903,49030000,960,0,0,0,51,19,157
INS,4904,49040000,1284,15,19,0,13,36,255
INS,4905,49050000,1599,0,0,0,0,0,248
INS,4906,49060000,1925,0,0,0,0,0,79
INS,4907,49070000,2137,37,0,0,0,0,89
INS,4908,49080000,2360,33,24,0,7,8,108
INS,4909,49090000,2562,0,6,0,9,34,48
INS,4910,49100000,2764,0,11,45,0,0,18
INS,4911,49110000,2936,0,0,0,7,19,177
INS,4912,49120000,3071,18,10,1,12,0,88
INS,4913,49130000,3078,0,0,9,44,0,124
INS,4914,49140000,3143,14,11,0,0,16,194
INS,4915,49150000,3184,2,20,0,0,0,233
INS,4916,49160000,3187,156,0,18,0,0,149
INS,4917,49170000,3104,305,5,51,14,0,28
INS,4918,49180000,2993,462,22,0,5,0,48
INS,4919,49190000,2913,541,36,0,0,48,121
INS,4920,49200000,2771,726,41,13,0,0,151
INS,4921,49210000,2600,822,0,0,0,0,39
INS,4922,49220000,2395,960,0,0,0,52,41
INS,4923,49230000,2140,1037,0,13,25,20,142
INS,4924,49240000,1877,1148,0,9,0,25,239
INS,4925,49250000,1626,1251,33,0,30,15,152
INS,4926,49260000,1258,1271,0,42,0,0,41
INS,4927,49270000,1013,1336,0,4,0,31,127
INS,4928,49280000,671,1372,0,4,0,0,63
INS,4929,49290000,316,1401,0,0,0,0,6
INS,4930,49300000,6,1432,0,0,20,0,20
INS,4931,49310000,0,1392,314,0,0,15,44
INS,4932,49320000,0,1385,660,0,41,16,186
INS,4933,49330000,0,1354,980,336,21,22,46
INS,4934,49340000,0,1298,1231,668,13,0,48
INS,4935,49350000,0,1222,1510,1014,0,3,92
INS,4936,49360000,56,1162,1780,1382,280,11,7
INS,4937,49370000,21,1015,1998,1631,563,25,94
INS,4938,49380000,1,938,2148,1914,847,0,194
INS,4939,49390000,0,776,2353,2168,1133,0,25
INS,4940,49400000,0,682,2508,2361,1378,0,29
INS,4941,49410000,35,578,2589,2529,1612,0,204
INS,4942,49420000,33,432,2628,2661,1798,1,175
INS,4943,49430000,11,274,2618,2767,2002,0,55
INS,4944,49440000,7,159,2535,2800,2104,0,5
INS,4945,49450000,13,0,2485,2799,2147,30,147
INS,4946,49460000,0,43,2399,2713,2217,321,127
INS,4947,49470000,0,8,2171,2717,2233,687,11
INS,4948,49480000,0,0,1968,2567,2147,944,94
INS,4949,49490000,0,0,1785,2383,2088,1189,186
INS,4950,49500000,18,0,1532,2135,1970,1414,83
INS,4951,49510000,0,16,1244,1950,1768,1602,123
INS,4952,49520000,0,0,956,1682,1619,1736,65
INS,4953,49530000,0,0,600,1339,1375,1800,227
INS,4954,49540000,0,0,364,974,1124,1794,154
INS,4955,49550000,2,0,19,716,880,1734,34
INS,4956,49560000,0,0,0,355,572,1625,20
INS,4957,49570000,15,9,4,0,393,1410,84
INS,4958,49580000,10,15,0,12,0,1225,44
INS,4959,49590000,39,0,0,0,22,941,57
INS,4960,49600000,20,31,13,0,0,690,82
INS,4961,49610000,13,32,0,0,0,321,223
INS,4962,49620000,0,12,22,10,1,0,175
INS,4963,49630000,10,35,0,0,0,0,192
INS,4964,49640000,0,64,20,0,32,25,49
INS,4965,49650000,11,24,19,0,0,0,235
INS,4966,49660000,0,0,12,0,8,45,7
INS,4967,49670000,10,16,5,2,30,0,22
INS,4968,49680000,0,0,23,0,0,6,5
INS,4969,49690000,6,16,0,0,0,0,15
INS,4970,49700000,0,0,0,0,24,0,34
INS,4971,49710000,22,0,21,0,0,20,90
INS,4972,49720000,0,5,18,21,43,0,131
INS,4973,49730000,23,0,0,33,0,0,117
INS,4974,49740000,0,20,2,0,0,27,127
INS,4975,49750000,9,14,15,4,13,20,170
INS,4976,49760000,14,0,3,0,12,0,141
INS,4977,49770000,0,23,26,8,7,0,193
INS,4978,49780000,0,27,1,0,0,0,174
INS,4979,49790000,0,0,0,0,6,0,169
INS,4980,49800000,0,0,0,23,0,18,221
INS,4981,49810000,30,29,0,0,25,0,25
INS,4982,49820000,0,30,0,0,0,10,254
INS,4983,49830000,35,49,0,25,0,0,84
INS,4984,49840000,48,0,12,0,0,0,52
INS,4985,49850000,0,0,0,21,56,0,86
INS,4986,49860000,4,0,0,0,1,0,31
INS,4987,49870000,0,0,0,0,23,4,70
INS,4988,49880000,0,7,0,7,0,0,74
INS,4989,49890000,15,0,0,2,22,17,133
INS,4990,49900000,0,0,0,65,8,0,167
INS,4991,49910000,0,11,5,17,0,9,153
INS,4992,49920000,0,0,0,47,0,0,175
INS,4993,49930000,31,30,39,0,0,0,245
INS,4994,49940000,25,0,0,3,0,42,232
INS,4995,49950000,12,7,0,0,0,0,198
INS,4996,49960000,0,0,35,38,33,10,56
INS,4997,49970000,0,53,0,6,53,1,70
INS,4998,49980000,0,3,23,21,0,0,21
INS,4999,49990000,0,23,0,18,0,34,66
INS,5000,50000000,0,0,15,17,0,35,75
INS,5001,50010000,303,0,0,2,4,1,79
INS,5002,50020000,657,0,0,15,13,0,215
INS,5003,50030000,993,0,0,14,14,62,118
INS,5004,50040000,1262,0,36,2,0,29,125
INS,5005,50050000,1605,0,10,1,0,8,181
INS,5006,50060000,1871,4,27,51,0,32,47
INS,5007,50070000,2172,0,12,0,21,0,28
INS,5008,50080000,2382,24,0,0,6,0,252
INS,5009,50090000,2614,31,15,4,14,5,28
INS,5010,50100000,2782,0,5,28,11,4,192
INS,5011,50110000,2896,0,0,0,0,0,19
INS,5012,50120000,3049,31,0,47,0,9,20
INS,5013,50130000,3137,0,20,0,40,0,98
INS,5014,50140000,3161,36,0,0,38,26,179
INS,5015,50150000,3216,4,0,44,0,0,199
INS,5016,50160000,3143,105,0,1,13,34,248
INS,5017,50170000,3154,297,10,49,0,0,223
INS,5018,50180000,3060,436,0,0,20,10,0
INS,5019,50190000,2896,617,0,22,33,0,59
INS,5020,50200000,2763,684,0,0,0,0,211
INS,5021,50210000,2602,833,0,0,10,0,226
INS,5022,50220000,2408,903,0,0,0,0,109
INS,5023,50230000,2155,1064,0,0,2,15,51
INS,5024,50240000,1820,1117,0,0,0,0,25
INS,5025,50250000,1658,1208,0,0,0,0,227
INS,5026,50260000,1349,1254,0,9,0,24,14
INS,5027,50270000,1024,1304,14,0,0,31,24
INS,5028,50280000,697,1386,2,0,0,0,9
INS,5029,50290000,303,1342,0,0,0,9,107
INS,5030,50300000,1,1421,0,0,55,31,234
INS,5031,50310000,0,1414,329,7,0,26,7
INS,5032,50320000,1,1336,675,17,0,24,45
INS,5033,50330000,0,1344,959,368,2,0,170
INS,5034,50340000,0,1284,1170,703,0,0,159
INS,5035,50350000,4,1189,1547,1018,13,24,46
INS,5036,50360000,0,1114,1780,1343,308,15,60
INS,5037,50370000,0,1040,2002,1633,586,0,10
INS,5038,50380000,0,930,2196,1974,893,15,6
INS,5039,50390000,0,848,2358,2177,1151,0,37
INS,5040,50400000,0,631,2398,2346,1401,0,40
INS,5041,50410000,0,574,2586,2552,1629,0,110
INS,5042,50420000,0,454,2581,2672,1798,17,52
INS,5043,50430000,33,340,2566,2745,1960,32,223
INS,5044,50440000,0,138,2568,2820,2068,0,158
INS,5045,50450000,13,0,2482,2810,2119,0,5
INS,5046,50460000,0,0,2347,2769,2153,306,173
INS,5047,50470000,0,35,2192,2682,2195,635,98
INS,5048,50480000,1,21,2026,2536,2154,968,82
INS,5049,50490000,10,11,1775,2346,2071,1218,80
INS,5050,50500000,18,0,1512,2169,1982,1415,18
INS,5051,50510000,9,7,1186,1898,1797,1611,215
INS,5052,50520000,0,0,975,1651,1564,1730,156
INS,5053,50530000,0,0,619,1313,1383,1767,103
INS,5054,50540000,9,0,370,1035,1145,1824,189
INS,5055,50550000,1,0,0,678,886,1713,125
INS,5056,50560000,0,20,37,318,579,1604,190
INS,5057,50570000,0,54,0,0,295,1434,200
INS,5058,50580000,0,0,60,24,0,1220,250
INS,5059,50590000,39,0,0,0,10,971,239
INS,5060,50600000,10,0,0,0,0,666,168
INS,5061,50610000,14,14,0,25,12,375,205
INS,5062,50620000,0,75,9,21,6,27,176
INS,5063,50630000,0,0,12,4,0,0,71
INS,5064,50640000,0,10,13,0,0,7,102
INS,5065,50650000,15,0,0,0,0,34,138
INS,5066,50660000,11,17,1,34,10,21,200
INS,5067,50670000,27,0,0,0,10,12,172
INS,5068,50680000,41,6,0,0,27,11,225
INS,5069,50690000,0,0,16,32,0,0,205
INS,5070,50700000,32,0,17,20,5,0,248
INS,5071,50710000,0,5,10,0,10,21,237
INS,5072,50720000,35,46,24,0,0,47,104
INS,5073,50730000,0,11,26,0,3,0,9
INS,5074,50740000,0,10,31,20,11,0,58
INS,5075,50750000,10,3,0,0,0,17,33
INS,5076,50760000,19,1,18,0,14,28,100
INS,5077,50770000,0,23,55,30,0,0,145
INS,5078,50780000,0,0,35,29,27,0,145
INS,5079,50790000,6,22,43,0,49,0,191
INS,5080,50800000,0,31,0,0,10,39,168
INS,5081,50810000,53,10,18,7,28,8,229
INS,5082,50820000,1,20,28,9,7,0,187
INS,5083,50830000,23,0,19,19,38,0,238
INS,5084,50840000,10,2,11,0,0,0,179
INS,5085,50850000,0,0,0,0,48,4,225
INS,5086,50860000,1,16,0,0,0,0,207
INS,5087,50870000,0,0,33,0,43,0,27
INS,5088,50880000,0,28,0,0,0,0,252
INS,5089,50890000,0,0,6,22,0,21,34
INS,5090,50900000,0,0,5,0,40,0,47
INS,5091,50910000,42,0,0,0,0,0,61
INS,5092,50920000,0,0,0,0,19,0,55
INS,5093,50930000,0,35,0,0,0,0,88
INS,5094,50940000,0,0,28,0,0,0,98
INS,5095,50950000,29,0,0,9,4,0,129
INS,5096,50960000,4,0,0,21,0,0,129
INS,5097,50970000,2,0,0,41,0,0,164
INS,5098,50980000,0,22,0,15,0,0,175
INS,5099,50990000,0,0,0,5,36,0,196
INS,5100,51000000,17,0,0,0,0,19,208
INS,5101,51010000,290,0,14,40,62,12,95
INS,5102,51020000,659,18,0,7,0,0,122
INS,5103,51030000,979,0,2,0,2,0,182
INS,5104,51040000,1319,0,43,0,6,43,115
INS,5105,51050000,1600,36,0,1,19,0,121
INS,5106,51060000,1873,0,0,0,0,0,99
INS,5107,51070000,2142,23,49,0,0,0,201
INS,5108,51080000,2320,0,0,0,0,0,68
INS,5109,51090000,2569,13,20,0,0,0,111
INS,5110,51100000,2764,4,0,28,0,0,66
INS,5111,51110000,2928,0,38,0,37,0,34
INS,5112,51120000,3044,0,0,45,34,0,171
INS,5113,51130000,3127,42,0,3,0,5,242
INS,5114,51140000,3204,0,0,0,0,0,30
INS,5115,51150000,3198,0,0,0,0,0,41
INS,5116,51160000,3167,146,0,12,0,0,185
INS,5117,51170000,3094,319,29,0,26,20,109
INS,5118,51180000,3013,453,36,0,0,45,185
INS,5119,51190000,2959,594,0,2,0,0,210
INS,5120,51200000,2758,730,0,15,14,0,189
INS,5121,51210000,2582,833,26,0,0,0,130
INS,5122,51220000,2379,987,46,0,10,0,128
INS,5123,51230000,2132,1028,0,0,0,0,139
INS,5124,51240000,1888,1153,0,16,0,32,85
INS,5125,51250000,1605,1177,0,13,5,61,130
INS,5126,51260000,1316,1283,0,0,19,97,1
INS,5127,51270000,960,1311,0,56,0,0,142
INS,5128,51280000,666,1334,0,4,0,6,98
INS,5129,51290000,318,1361,0,0,4,0,44
INS,5130,51300000,20,1401,15,13,0,0,83
INS,5131,51310000,7,1375,283,22,0,0,82
INS,5132,51320000,36,1372,633,0,0,5,202
INS,5133,51330000,0,1339,907,375,27,7,60
INS,5134,51340000,18,1233,1305,702,0,0,168
INS,5135,51350000,0,1182,1528,1028,56,19,228
INS,5136,51360000,0,1118,1821,1343,287,6,239
INS,5137,51370000,35,1031,2006,1651,591,6,233
INS,5138,51380000,0,968,2181,1915,892,16,134
INS,5139,51390000,0,805,2365,2130,1144,0,111
INS,5140,51400000,0,665,2501,2392,1392,0,122
INS,5141,51410000,0,562,2605,2536,1619,0,255
INS,5142,51420000,0,434,2569,2634,1758,0,89
INS,5143,51430000,8,307,2587,2755,1963,0,75
INS,5144,51440000,0,105,2538,2817,2083,15,30
INS,5145,51450000,0,0,2453,2765,2134,5,102
INS,5146,51460000,0,0,2415,2756,2193,323,193
INS,5147,51470000,2,0,2152,2663,2188,666,194
INS,5148,51480000,27,0,1997,2548,2143,969,224
INS,5149,51490000,0,33,1827,2389,2060,1238,104
INS,5150,51500000,7,0,1493,2136,1944,1426,92
INS,5151,51510000,0,5,1264,1949,1783,1632,248
INS,5152,51520000,24,5,948,1617,1606,1759,103
INS,5153,51530000,0,19,643,1372,1407,1775,145
INS,5154,51540000,0,16,353,952,1147,1814,252
INS,5155,51550000,23,1,0,691,834,1735,39
INS,5156,51560000,6,0,0,334,661,1616,157
INS,5157,51570000,0,0,22,0,317,1455,119
INS,5158,51580000,0,1,0,0,16,1187,58
INS,5159,51590000,0,14,0,0,0,963,104
INS,5160,51600000,0,15,0,0,0,648,63
INS,5161,51610000,0,16,0,8,56,374,127
INS,5162,51620000,0,0,2,0,0,0,204
INS,5163,51630000,5,41,0,5,10,0,24
INS,5164,51640000,10,37,10,10,0,0,47
INS,5165,51650000,0,34,0,0,9,19,59
INS,5166,51660000,11,0,37,15,0,17,94
INS,5167,51670000,38,33,11,0,38,19,170
INS,5168,51680000,31,40,0,26,0,24,169
INS,5169,51690000,15,20,11,0,0,0,111
INS,5170,51700000,0,12,0,0,0,16,110
INS,5171,51710000,10,0,0,0,0,20,129
INS,5172,51720000,23,3,19,0,0,0,161
INS,5173,51730000,15,0,0,0,0,0,148
INS,5174,51740000,0,0,24,0,0,0,174
INS,5175,51750000,6,30,0,22,29,0,254
INS,5176,51760000,2,0,0,19,51,0,0
INS,5177,51770000,16,2,48,15,0,0,26
INS,5178,51780000,0,0,0,0,2,0,220
INS,5179,51790000,0,0,0,0,29,44,52
INS,5180,51800000,53,0,0,6,7,32,94
INS,5181,51810000,5,0,0,0,0,0,18
INS,5182,51820000,37,17,11,0,30,20,145
INS,5183,51830000,0,0,23,15,0,0,85
INS,5184,51840000,14,0,16,0,0,0,94
INS,5185,51850000,37,0,0,0,16,0,134
INS,5186,51860000,37,11,6,0,0,29,181
INS,5187,51870000,0,2,17,0,0,20,154
INS,5188,51880000,5,10,9,49,10,9,224
INS,5189,51890000,0,0,22,5,0,0,176
INS,5190,51900000,23,3,41,0,6,15,254
INS,5191,51910000,4,0,0,2,14,6,209
INS,5192,51920000,0,1,0,0,18,0,219
INS,5193,51930000,0,0,15,0,16,18,10
INS,5194,51940000,0,43,13,3,0,10,47
INS,5195,51950000,9,0,4,12,18,4,42
INS,5196,51960000,16,15,32,0,34,32,141
INS,5197,51970000,12,34,0,0,24,0,99
INS,5198,51980000,2,13,2,24,0,20,107
INS,5199,51990000,0,40,0,0,10,13,126
INS,5200,52000000,0,0,35,20,13,0,148
INS,5201,52010000,361,0,0,30,26,0,2
INS,5202,52020000,703,13,21,0,53,0,136
INS,5203,52030000,974,23,36,11,2,0,153
INS,5204,52040000,1285,0,39,0,3,0,195
INS,5205,52050000,1611,0,38,0,0,7,29
INS,5206,52060000,1866,29,8,12,10,45,104
INS,5207,52070000,2148,0,0,0,20,12,75
INS,5208,52080000,2366,35,24,24,0,0,105
INS,5209,52090000,2576,0,29,9,0,0,31
INS,5210,52100000,2755,0,47,19,0,0,255
INS,5211,52110000,2892,0,40,0,0,0,127
INS,5212,52120000,3060,0,0,0,0,0,16
INS,5213,52130000,3114,0,42,2,0,9,140
INS,5214,52140000,3205,0,13,64,0,61,77
INS,5215,52150000,3210,0,9,0,13,0,239
INS,5216,52160000,3177,144,3,0,9,0,101
INS,5217,52170000,3107,312,6,0,0,0,210
INS,5218,52180000,3083,432,4,0,58,0,123
INS,5219,52190000,2922,619,0,32,0,0,136
INS,5220,52200000,2740,665,0,10,5,0,0
INS,5221,52210000,2571,812,12,0,6,41,39
INS,5222,52220000,2381,974,12,16,0,0,253
INS,5223,52230000,2104,1065,10,33,0,0,99
INS,5224,52240000,1837,1129,0,0,13,0,139
INS,5225,52250000,1589,1214,0,17,25,0,22
INS,5226,52260000,1271,1310,4,12,0,0,47
INS,5227,52270000,986,1389,0,61,0,0,159
INS,5228,52280000,668,1374,0,23,0,6,67
INS,5229,52290000,328,1364,0,0,0,12,229
INS,5230,52300000,0,1413,0,0,21,22,254
INS,5231,52310000,17,1409,389,40,14,25,197
INS,5232,52320000,0,1383,628,36,15,45,171
INS,5233,52330000,0,1293,941,342,0,19,164
INS,5234,52340000,14,1264,1232,688,0,32,48
INS,5235,52350000,0,1223,1529,1017,31,12,135
INS,5236,52360000,0,1118,1768,1326,274,0,58
INS,5237,52370000,24,1059,2015,1654,567,0,140
INS,5238,52380000,32,963,2181,1886,846,0,234
INS,5239,52390000,13,829,2339,2164,1085,43,48
INS,5240,52400000,17,729,2456,2365,1393,0,40
INS,5241,52410000,28,583,2588,2513,1610,0,163
INS,5242,52420000,28,438,2579,2679,1774,20,120
INS,5243,52430000,0,259,2531,2782,1970,0,161
INS,5244,52440000,64,127,2606,2784,2059,0,20
INS,5245,52450000,6,0,2447,2790,2176,5,77
INS,5246,52460000,49,0,2383,2754,2192,272,64
INS,5247,52470000,3,5,2205,2704,2193,701,242
INS,5248,52480000,52,28,1949,2513,2114,968,72
INS,5249,52490000,0,0,1784,2353,2082,1177,117
INS,5250,52500000,37,22,1529,2141,1899,1438,60
INS,5251,52510000,0,1,1236,1933,1802,1594,89
INS,5252,52520000,7,5,996,1629,1600,1699,244
INS,5253,52530000,23,0,646,1353,1367,1809,35
INS,5254,52540000,0,0,305,1011,1176,1773,143
INS,5255,52550000,2,30,0,705,835,1704,195
INS,5256,52560000,32,0,0,372,566,1566,240
INS,5257,52570000,0,0,0,0,282,1420,191
INS,5258,52580000,0,0,16,24,0,1221,23
INS,5259,52590000,0,0,0,7,0,914,212
INS,5260,52600000,6,0,13,0,23,636,242
INS,5261,52610000,52,0,2,0,0,314,205
INS,5262,52620000,0,0,2,0,0,0,112
INS,5263,52630000,8,17,0,0,44,0,196
INS,5264,52640000,0,0,0,10,13,0,167
INS,5265,52650000,0,8,0,40,0,0,209
INS,5266,52660000,61,0,38,14,23,3,61
INS,5267,52670000,0,0,8,27,0,13,243
INS,5268,52680000,0,0,33,8,0,6,3
INS,5269,52690000,21,0,0,0,13,36,43
INS,5270,52700000,15,49,0,23,0,41,118
INS,5271,52710000,0,0,0,0,36,0,43
INS,5272,52720000,13,30,48,4,0,22,141
INS,5273,52730000,0,40,4,0,26,0,111
INS,5274,52740000,0,3,0,17,1,4,83
INS,5275,52750000,21,0,9,58,32,0,195
INS,5276,52760000,0,0,3,13,12,0,120
INS,5277,52770000,15,0,24,17,0,3,168
INS,5278,52780000,0,14,24,0,0,0,164
INS,5279,52790000,0,0,0,14,36,22,215
INS,5280,52800000,14,0,0,0,19,63,0
INS,5281,52810000,0,18,9,0,0,0,204
INS,5282,52820000,7,0,0,0,0,0,201
INS,5283,52830000,0,24,8,0,0,0,243
INS,5284,52840000,19,0,0,0,17,0,8
INS,5285,52850000,0,0,38,0,38,0,65
INS,5286,52860000,1,0,0,31,0,34,72
INS,5287,52870000,45,6,0,0,0,4,78
INS,5288,52880000,28,0,0,41,37,0,146
INS,5289,52890000,18,0,22,0,0,13,110
INS,5290,52900000,0,11,8,3,0,0,96
INS,5291,52910000,0,20,0,18,0,0,129
INS,5292,52920000,9,0,0,0,44,0,161
INS,5293,52930000,0,0,9,8,0,0,142
INS,5294,52940000,0,18,0,6,15,0,181
INS,5295,52950000,53,8,16,0,0,0,236
INS,5296,52960000,0,0,0,33,9,25,243
INS,5297,52970000,0,0,0,25,2,0,220
INS,5298,52980000,41,0,13,8,15,0,31
INS,5299,52990000,0,7,10,0,0,12,0
INS,5300,53000000,3,19,12,16,0,0,38
INS,5301,53010000,371,15,0,20,0,2,157
INS,5302,53020000,629,17,0,0,15,14,185
INS,5303,53030000,1000,0,23,0,7,0,45
INS,5304,53040000,1310,0,0,14,2,10,112
INS,5305,53050000,1613,0,0,2,10,0,162
INS,5306,53060000,1901,0,12,0,0,0,211
INS,5307,53070000,2195,0,13,0,0,14,25
INS,5308,53080000,2369,21,0,0,11,0,221
INS,5309,53090000,2595,0,1,1,23,0,201
INS,5310,53100000,2793,28,48,39,11,45,50
INS,5311,53110000,2899,0,9,0,4,11,26
INS,5312,53120000,3014,0,0,0,36,29,199
INS,5313,53130000,3130,28,0,0,20,9,68
INS,5314,53140000,3150,0,0,18,0,0,66
INS,5315,53150000,3202,0,0,0,20,9,146
INS,5316,53160000,3169,180,0,3,0,24,52
INS,5317,53170000,3136,290,7,5,0,0,131
INS,5318,53180000,3047,422,0,20,29,0,228
INS,5319,53190000,2900,593,0,0,7,33,4
INS,5320,53200000,2767,749,0,46,45,0,95
INS,5321,53210000,2576,879,0,9,0,0,225
INS,5322,53220000,2406,905,51,0,38,0,178
INS,5323,53230000,2131,1033,0,0,0,0,215
INS,5324,53240000,1887,1128,0,59,0,1,143
INS,5325,53250000,1581,1206,4,0,0,0,132
INS,5326,53260000,1313,1256,21,0,0,0,204
INS,5327,53270000,997,1383,5,39,0,40,95
INS,5328,53280000,668,1363,0,9,7,7,214
INS,5329,53290000,312,1349,27,64,28,0,213
INS,5330,53300000,0,1438,0,0,11,0,155
INS,5331,53310000,26,1417,319,0,0,0,229
INS,5332,53320000,0,1383,615,0,0,23,249
INS,5333,53330000,1,1373,964,285,5,13,118
INS,5334,53340000,0,1312,1245,726,0,0,9
INS,5335,53350000,0,1222,1506,1021,0,1,237
INS,5336,53360000,0,1142,1787,1394,287,0,90
INS,5337,53370000,0,1029,1998,1623,635,0,14
INS,5338,53380000,0,927,2197,1905,900,0,163
INS,5339,53390000,58,824,2341,2139,1159,14,18
INS,5340,53400000,0,669,2489,2403,1403,6,214
INS,5341,53410000,0,563,2538,2541,1622,0,13
INS,5342,53420000,0,399,2586,2659,1817,0,227
INS,5343,53430000,9,289,2575,2750,1937,0,87
INS,5344,53440000,2,134,2551,2762,2083,0,76
INS,5345,53450000,0,0,2510,2825,2165,42,103
INS,5346,53460000,0,0,2303,2793,2182,302,158
INS,5347,53470000,0,0,2180,2666,2206,644,35
INS,5348,53480000,0,2,2065,2519,2176,996,114
INS,5349,53490000,0,0,1783,2322,2061,1224,19
INS,5350,53500000,0,0,1529,2212,1944,1407,250
INS,5351,53510000,0,23,1279,1867,1803,1601,4
INS,5352,53520000,0,0,966,1692,1612,1724,210
INS,5353,53530000,2,8,618,1378,1389,1830,226
INS,5354,53540000,0,0,397,1026,1169,1785,163
INS,5355,53550000,0,0,0,682,888,1742,139
INS,5356,53560000,0,0,0,349,540,1589,90
INS,5357,53570000,1,2,0,28,298,1470,196
INS,5358,53580000,17,0,27,0,1,1237,208
INS,5359,53590000,0,0,0,0,13,946,158
INS,5360,53600000,2,25,47,0,0,650,196
INS,5361,53610000,43,0,0,0,0,348,136
INS,5362,53620000,11,0,37,0,5,0,71
INS,5363,53630000,0,0,0,0,0,0,35
INS,5364,53640000,0,0,10,2,0,7,71
INS,5365,53650000,0,0,21,0,0,0,90
INS,5366,53660000,0,0,10,41,66,0,203
INS,5367,53670000,0,15,38,0,23,7,186
INS,5368,53680000,0,0,46,21,0,7,194
INS,5369,53690000,0,0,0,0,14,0,151
INS,5370,53700000,0,30,0,11,0,0,195
INS,5371,53710000,12,64,31,52,0,0,74
INS,5372,53720000,47,0,26,0,2,18,25
INS,5373,53730000,13,11,27,0,0,0,0
INS,5374,53740000,0,1,49,0,0,0,16
INS,5375,53750000,8,0,1,6,0,9,7
INS,5376,53760000,5,0,0,36,2,20,63
INS,5377,53770000,38,0,25,0,0,0,80
INS,5378,53780000,10,0,0,0,0,0,44
INS,5379,53790000,12,2,0,31,4,0,100
INS,5380,53800000,28,0,8,42,42,0,188
INS,5381,53810000,1,0,0,0,10,4,100
INS,5382,53820000,33,0,8,2,40,0,185
INS,5383,53830000,17,11,0,0,15,7,169
INS,5384,53840000,0,20,38,5,2,3,204
INS,5385,53850000,0,25,0,0,0,0,178
INS,5386,53860000,28,0,0,0,0,13,211
INS,5387,53870000,28,0,12,7,28,0,6
INS,5388,53880000,0,0,30,33,0,48,59
INS,5389,53890000,0,0,4,0,0,0,225
INS,5390,53900000,28,0,33,0,0,2,45
INS,5391,53910000,0,6,0,0,25,56,86
INS,5392,53920000,0,0,0,74,0,0,90
INS,5393,53930000,0,8,0,13,0,17,71
INS,5394,53940000,0,19,13,0,13,0,95
INS,5395,53950000,8,0,0,0,18,0,93
INS,5396,53960000,0,23,0,0,0,15,122
INS,5397,53970000,12,0,0,0,0,0,113
INS,5398,53980000,13,12,12,0,9,0,164
INS,5399,53990000,7,0,57,0,0,0,199
INS,5400,54000000,0,3,0,40,3,6,204
INS,5401,54010000,320,0,65,0,0,0,42
INS,5402,54020000,686,0,18,8,0,0,130
INS,5403,54030000,958,10,44,0,0,16,207
INS,5404,54040000,1302,11,4,36,16,4,57
INS,5405,54050000,1633,28,5,32,13,0,156
INS,5406,54060000,1922,0,18,0,0,0,146
INS,5407,54070000,2140,18,0,0,0,0,125
INS,5408,54080000,2391,0,0,0,22,0,141
INS,5409,54090000,2565,0,0,10,28,0,92
INS,5410,54100000,2701,0,9,0,8,35,3
INS,5411,54110000,2927,0,0,34,0,0,228
INS,5412,54120000,3026,15,10,18,0,0,97
INS,5413,54130000,3131,0,0,0,0,20,196
INS,5414,54140000,3200,35,11,0,57,0,109
INS,5415,54150000,3165,0,0,0,0,36,24
INS,5416,54160000,3186,143,0,0,0,0,169
INS,5417,54170000,3102,269,0,0,0,18,246
INS,5418,54180000,3007,414,0,22,0,0,61
INS,5419,54190000,2948,585,0,0,0,13,181
INS,5420,54200000,2740,655,0,0,0,0,47
INS,5421,54210000,2594,804,0,0,0,0,67
INS,5422,54220000,2402,962,0,0,0,0,50
INS,5423,54230000,2148,1025,65,0,0,0,197
INS,5424,54240000,1868,1085,16,30,0,0,231
INS,5425,54250000,1602,1215,3,6,14,0,89
INS,5426,54260000,1307,1272,11,20,0,0,132
INS,5427,54270000,981,1332,43,0,0,0,151
INS,5428,54280000,691,1348,1,0,0,0,108
INS,5429,54290000,329,1371,0,0,12,34,87
INS,5430,54300000,18,1394,16,0,17,29,88
INS,5431,54310000,24,1405,339,17,0,0,160
INS,5432,54320000,0,1398,643,7,0,0,184
INS,5433,54330000,17,1395,976,338,0,22,133
INS,5434,54340000,22,1285,1282,731,0,22,232
INS,5435,54350000,0,1229,1560,1012,21,32,249
INS,5436,54360000,0,1120,1790,1345,318,0,217
INS,5437,54370000,22,1028,1985,1637,560,0,125
INS,5438,54380000,0,884,2197,1904,841,0,224
INS,5439,54390000,26,821,2341,2187,1136,0,158
INS,5440,54400000,0,716,2493,2326,1386,25,98
INS,5441,54410000,6,593,2563,2599,1603,0,21
INS,5442,54420000,0,421,2610,2701,1787,27,220
INS,5443,54430000,15,310,2615,2730,1982,37,124
INS,5444,54440000,0,111,2538,2773,2042,8,180
INS,5445,54450000,24,0,2469,2799,2157,0,174
INS,5446,54460000,24,21,2398,2717,2197,335,178
INS,5447,54470000,17,0,2184,2677,2180,633,194
INS,5448,54480000,0,28,2017,2536,2121,950,172
INS,5449,54490000,52,22,1748,2314,2073,1204,206
INS,5450,54500000,43,0,1521,2224,1945,1454,253
INS,5451,54510000,17,0,1258,1896,1807,1604,177
INS,5452,54520000,0,0,942,1638,1605,1737,46
INS,5453,54530000,0,59,623,1337,1389,1801,118
INS,5454,54540000,52,45,335,983,1119,1779,7
INS,5455,54550000,0,10,11,714,896,1733,99
INS,5456,54560000,2,0,31,329,594,1599,75
INS,5457,54570000,44,0,32,0,304,1458,143
INS,5458,54580000,0,0,2,0,0,1243,79
INS,5459,54590000,11,41,0,0,0,938,97
INS,5460,54600000,0,25,2,0,19,626,52
INS,5461,54610000,0,0,46,0,47,354,100
INS,5462,54620000,30,0,10,0,0,18,240
INS,5463,54630000,0,0,24,0,0,0,223
INS,5464,54640000,25,15,0,20,9,26,55
INS,5465,54650000,0,0,0,0,12,0,245
INS,5466,54660000,0,0,4,10,0,0,8
INS,5467,54670000,35,0,0,0,4,0,50
INS,5468,54680000,18,59,0,4,0,0,109
INS,5469,54690000,23,19,0,0,37,17,141
INS,5470,54700000,10,0,13,0,8,0,93
INS,5471,54710000,22,0,0,8,0,46,155
INS,5472,54720000,0,23,15,5,32,0,171
INS,5473,54730000,0,10,0,24,27,46,220
INS,5474,54740000,12,0,8,0,1,0,151
INS,5475,54750000,0,41,18,0,0,0,206
INS,5476,54760000,36,0,0,24,0,0,224
INS,5477,54770000,0,42,12,11,0,4,250
INS,5478,54780000,0,0,0,13,0,0,211
INS,5479,54790000,0,15,0,1,53,0,28
INS,5480,54800000,0,1,0,0,11,0,244
INS,5481,54810000,0,21,8,5,13,0,40
INS,5482,54820000,0,0,0,0,0,0,10
INS,5483,54830000,0,59,19,1,7,0,113
INS,5484,54840000,11,0,4,4,0,0,63
INS,5485,54850000,41,0,0,12,12,12,138
INS,5486,54860000,23,0,36,11,0,0,148
INS,5487,54870000,15,27,5,5,0,47,194
INS,5488,54880000,24,0,15,0,6,32,189
INS,5489,54890000,0,20,0,5,0,0,154
INS,5490,54900000,0,22,0,0,5,0,173
INS,5491,54910000,18,0,13,0,13,55,6
INS,5492,54920000,0,25,20,11,18,18,16
INS,5493,54930000,0,0,20,0,10,0,227
INS,5494,54940000,11,0,13,0,0,8,246
INS,5495,54950000,6,0,0,0,0,1,238
INS,5496,54960000,26,0,0,0,10,0,28
INS,5497,54970000,0,0,0,0,0,0,9
INS,5498,54980000,0,60,0,0,22,2,110
INS,5499,54990000,8,32,0,0,38,0,121
INS,5500,55000000,0,0,16,0,66,0,142
INS,5501,55010000,348,0,0,40,0,14,223
INS,5502,55020000,710,0,12,0,11,0,59
INS,5503,55030000,994,0,0,0,0,9,90
INS,5504,55040000,1270,14,14,5,0,0,151
INS,5505,55050000,1631,18,9,13,0,29,53
INS,5506,55060000,1882,40,32,15,0,0,83
INS,5507,55070000,2142,0,2,0,0,15,34
INS,5508,55080000,2380,0,0,6,0,0,22
INS,5509,55090000,2574,0,21,0,0,0,248
INS,5510,55100000,2799,17,9,9,0,13,5
INS,5511,55110000,2885,19,18,0,0,0,97
INS,5512,55120000,3067,23,0,9,0,11,46
INS,5513,55130000,3136,36,0,0,32,29,186
INS,5514,55140000,3169,14,0,0,4,16,173
INS,5515,55150000,3247,0,3,0,0,0,237
INS,5516,55160000,3222,186,0,2,5,0,163
INS,5517,55170000,3117,358,7,0,0,0,247
INS,5518,55180000,3025,435,10,0,38,52,86
INS,5519,55190000,2922,541,5,0,16,22,49
INS,5520,55200000,2796,646,0,1,11,12,26
INS,5521,55210000,2561,856,11,0,22,0,27
INS,5522,55220000,2381,919,0,0,22,18,190
INS,5523,55230000,2157,1024,0,12,0,0,60
INS,5524,55240000,1899,1146,0,29,0,0,214
INS,5525,55250000,1609,1193,0,27,5,9,0
INS,5526,55260000,1308,1257,52,15,29,25,116
INS,5527,55270000,992,1333,0,39,28,15,110
INS,5528,55280000,661,1363,0,27,0,0,27
INS,5529,55290000,300,1440,37,0,0,36,62
INS,5530,55300000,8,1450,26,10,38,0,54
INS,5531,55310000,6,1379,356,0,0,0,24
INS,5532,55320000,27,1375,607,0,0,0,53
INS,5533,55330000,1,1337,963,341,0,0,191
INS,5534,55340000,17,1251,1266,690,0,10,32
INS,5535,55350000,14,1206,1523,1057,0,0,103
INS,5536,55360000,18,1080,1746,1330,284,0,10
INS,5537,55370000,0,996,2018,1617,625,14,71
INS,5538,55380000,25,908,2224,1942,893,0,42
INS,5539,55390000,0,813,2355,2193,1138,0,54
INS,5540,55400000,31,711,2473,2362,1389,0,26
INS,5541,55410000,0,577,2469,2541,1602,0,10
INS,5542,55420000,7,426,2629,2655,1805,0,104
INS,5543,55430000,0,270,2608,2736,2027,0,240
INS,5544,55440000,14,131,2545,2789,2034,6,135
INS,5545,55450000,18,27,2454,2754,2144,0,30
INS,5546,55460000,0,0,2305,2723,2202,323,203
INS,5547,55470000,15,18,2144,2656,2189,648,81
INS,5548,55480000,21,11,2004,2563,2152,946,125
INS,5549,55490000,0,0,1768,2414,2052,1208,143
INS,5550,55500000,6,22,1546,2131,1932,1472,83
INS,5551,55510000,0,12,1300,1923,1814,1596,148
INS,5552,55520000,46,10,993,1670,1650,1744,145
INS,5553,55530000,13,28,680,1336,1389,1767,30
INS,5554,55540000,0,0,320,1052,1125,1794,149
INS,5555,55550000,0,37,13,735,889,1737,54
INS,5556,55560000,0,31,0,365,647,1600,71
INS,5557,55570000,0,63,0,0,338,1417,31
INS,5558,55580000,18,0,0,0,6,1202,224
INS,5559,55590000,0,0,0,4,0,991,10
INS,5560,55600000,0,23,0,0,15,648,230
INS,5561,55610000,31,42,3,0,0,347,240
INS,5562,55620000,67,0,0,0,0,0,157
INS,5563,55630000,5,0,0,0,35,0,147
INS,5564,55640000,0,16,0,16,0,0,156
INS,5565,55650000,0,0,0,27,32,0,200
INS,5566,55660000,0,11,21,0,35,0,225
INS,5567,55670000,0,0,0,0,0,0,175
INS,5568,55680000,0,28,0,0,12,0,232
INS,5569,55690000,21,43,43,0,0,0,60
INS,5570,55700000,0,36,0,2,24,0,32
INS,5571,55710000,0,0,0,28,11,19,45
INS,5572,55720000,1,17,0,28,22,0,72
INS,5573,55730000,9,0,0,9,0,33,72
INS,5574,55740000,36,26,0,0,0,1,101
INS,5575,55750000,27,0,10,12,4,0,108
INS,5576,55760000,3,0,0,0,26,0,101
INS,5577,55770000,0,0,32,0,49,12,182
INS,5578,55780000,0,0,0,7,0,4,117
INS,5579,55790000,0,8,0,0,0,0,131
INS,5580,55800000,34,0,12,0,0,28,214
INS,5581,55810000,47,0,0,0,40,33,21
INS,5582,55820000,20,0,0,0,0,40,234
INS,5583,55830000,24,0,0,19,0,0,234
INS,5584,55840000,0,11,0,0,4,22,245
INS,5585,55850000,0,0,0,0,0,0,225
INS,5586,55860000,0,0,34,8,0,11,39
INS,5587,55870000,9,0,4,0,0,40,56
INS,5588,55880000,0,7,0,13,9,39,88
INS,5589,55890000,0,0,0,20,3,30,90
INS,5590,55900000,34,29,0,0,0,0,117
INS,5591,55910000,0,27,9,13,0,0,120
INS,5592,55920000,0,4,0,2,0,0,94
INS,5593,55930000,0,0,0,15,0,15,135
INS,5594,55940000,24,0,5,0,0,5,156
INS,5595,55950000,0,0,0,0,0,0,139
INS,5596,55960000,33,46,23,0,14,0,16
INS,5597,55970000,0,0,0,0,0,13,186
INS,5598,55980000,0,0,0,0,4,0,194
INS,5599,55990000,0,0,21,0,0,0,228
INS,5600,56000000,0,28,25,0,0,32,53
INS,5601,56010000,293,0,0,0,37,0,59
INS,5602,56020000,623,10,0,0,0,0,123
INS,5603,56030000,974,0,14,0,17,0,0
INS,5604,56040000,1324,0,0,29,0,0,109
INS,5605,56050000,1614,47,0,0,0,0,178
INS,5606,56060000,1872,0,15,0,26,0,191
INS,5607,56070000,2099,0,0,0,48,14,200
INS,5608,56080000,2353,22,1,0,0,0,176
INS,5609,56090000,2629,38,0,0,47,2,21
INS,5610,56100000,2775,25,0,0,0,11,133
INS,5611,56110000,2965,0,0,0,0,0,48
INS,5612,56120000,3047,5,7,95,0,0,254
INS,5613,56130000,3131,46,10,0,0,4,52
INS,5614,56140000,3206,0,7,40,0,11,142
INS,5615,56150000,3177,0,15,0,0,0,87
INS,5616,56160000,3155,120,0,0,0,0,187
INS,5617,56170000,3134,256,1,9,1,32,106
INS,5618,56180000,3027,416,47,0,0,0,180
INS,5619,56190000,2878,561,51,10,0,0,207
INS,5620,56200000,2776,705,28,0,1,44,22
INS,5621,56210000,2565,856,0,0,23,0,185
INS,5622,56220000,2311,903,41,0,0,0,13
INS,5623,56230000,2119,1060,0,1,36,0,247
INS,5624,56240000,1905,1102,0,0,4,13,72
INS,5625,56250000,1567,1226,10,16,0,5,145
INS,5626,56260000,1280,1248,0,1,36,0,159
INS,5627,56270000,992,1344,0,0,0,32,235
INS,5628,56280000,691,1372,1,0,0,3,207
INS,5629,56290000,291,1369,35,21,0,0,129
INS,5630,56300000,52,1396,0,1,0,38,173
INS,5631,56310000,45,1388,357,0,4,0,241
INS,5632,56320000,30,1364,643,0,0,0,245
INS,5633,56330000,0,1327,932,391,2,0,109
INS,5634,56340000,0,1238,1233,737,0,0,170
INS,5635,56350000,0,1201,1547,1026,4,0,245
INS,5636,56360000,43,1102,1771,1396,300,0,72
INS,5637,56370000,0,1057,2024,1652,588,4,34
INS,5638,56380000,51,899,2237,1934,864,0,199
INS,5639,56390000,0,792,2346,2127,1148,43,175
INS,5640,56400000,12,719,2476,2358,1464,21,18
INS,5641,56410000,14,557,2580,2534,1596,0,10
INS,5642,56420000,0,437,2587,2671,1842,0,27
INS,5643,56430000,0,297,2639,2721,1927,0,91
INS,5644,56440000,0,146,2626,2819,2037,0,152
INS,5645,56450000,16,0,2503,2808,2147,11,26
INS,5646,56460000,34,31,2330,2708,2223,316,200
INS,5647,56470000,0,0,2193,2651,2133,674,226
INS,5648,56480000,15,39,2016,2511,2183,950,50
INS,5649,56490000,0,13,1760,2357,2101,1232,72
INS,5650,56500000,36,45,1528,2129,1965,1419,4
INS,5651,56510000,0,15,1293,1886,1798,1612,15
INS,5652,56520000,5,51,931,1669,1586,1728,166
INS,5653,56530000,0,0,625,1366,1356,1771,99
INS,5654,56540000,0,0,335,1027,1133,1758,19
INS,5655,56550000,38,0,0,696,860,1735,136
INS,5656,56560000,14,10,0,321,581,1607,125
INS,5657,56570000,45,0,0,0,320,1467,209
INS,5658,56580000,0,0,0,0,31,1183,120
INS,5659,56590000,24,45,14,0,8,987,1
INS,5660,56600000,41,2,37,0,0,652,184
INS,5661,56610000,8,11,2,0,54,317,117
INS,5662,56620000,0,0,9,16,11,21,55
INS,5663,56630000,0,44,0,12,21,34,126
INS,5664,56640000,8,0,0,5,0,0,45
INS,5665,56650000,0,0,10,0,0,1,60
INS,5666,56660000,0,2,0,0,0,0,68
INS,5667,56670000,0,0,0,10,0,0,93
INS,5668,56680000,0,0,0,3,0,0,103
INS,5669,56690000,12,0,4,9,7,0,149
INS,5670,56700000,0,40,0,56,0,9,239
INS,5671,56710000,12,0,0,0,41,24,228
INS,5672,56720000,14,4,0,31,0,4,221
INS,5673,56730000,23,0,40,6,20,0,18
INS,5674,56740000,0,2,28,0,0,5,237
INS,5675,56750000,0,25,39,0,0,12,39
INS,5676,56760000,0,0,0,0,10,32,22
INS,5677,56770000,14,0,19,44,0,0,74
INS,5678,56780000,0,0,0,0,0,31,45
INS,5679,56790000,27,15,8,1,0,21,103
INS,5680,56800000,0,20,0,12,26,16,122
INS,5681,56810000,10,20,0,2,0,0,97
INS,5682,56820000,0,14,0,0,0,0,96
INS,5683,56830000,0,0,0,0,0,38,137
INS,5684,56840000,27,31,0,0,0,0,174
INS,5685,56850000,0,5,8,29,24,0,199
INS,5686,56860000,11,0,0,0,0,0,161
INS,5687,56870000,0,0,42,8,0,9,226
INS,5688,56880000,0,17,0,0,10,0,211
INS,5689,56890000,0,0,0,22,0,3,226
INS,5690,56900000,13,4,45,18,4,0,46
INS,5691,56910000,0,7,0,0,5,0,247
INS,5692,56920000,0,4,1,23,0,0,24
INS,5693,56930000,42,34,44,0,0,2,135
INS,5694,56940000,0,0,0,8,79,26,143
INS,5695,56950000,1,10,0,18,0,10,86
INS,5696,56960000,0,13,0,0,0,19,96
INS,5697,56970000,16,20,28,27,0,0,172
INS,5698,56980000,0,0,8,5,0,1,112
INS,5699,56990000,0,0,9,32,32,2,190
INS,5700,57000000,0,0,10,23,0,0,165
INS,5701,57010000,337,29,32,0,0,19,54
INS,5702,57020000,664,23,9,21,0,3,118
INS,5703,57030000,996,0,45,28,10,0,238
INS,5704,57040000,1326,5,15,7,12,0,29
INS,5705,57050000,1601,0,0,0,0,0,26
INS,5706,57060000,1864,0,5,0,22,6,83
INS,5707,57070000,2109,9,0,0,0,11,76
INS,5708,57080000,2359,0,0,3,6,0,76
INS,5709,57090000,2619,0,11,0,0,8,107
INS,5710,57100000,2794,0,18,0,0,0,42
INS,5711,57110000,2912,0,6,6,0,0,171
INS,5712,57120000,3068,0,5,0,33,39,153
INS,5713,57130000,3136,24,8,0,0,23,216
INS,5714,57140000,3168,0,20,8,10,13,5
INS,5715,57150000,3170,26,11,19,18,36,83
INS,5716,57160000,3169,118,0,26,5,0,138
INS,5717,57170000,3171,249,0,4,14,0,19
INS,5718,57180000,3005,419,2,0,0,0,24
INS,5719,57190000,2912,559,0,5,28,0,119
INS,5720,57200000,2763,747,31,4,0,0,177
INS,5721,57210000,2568,775,0,0,57,13,62
INS,5722,57220000,2378,980,0,22,11,0,57
INS,5723,57230000,2167,1040,7,5,25,1,184
INS,5724,57240000,1903,1149,0,33,0,0,41
INS,5725,57250000,1582,1195,0,19,52,18,95
INS,5726,57260000,1291,1260,0,4,0,0,57
INS,5727,57270000,975,1310,0,0,0,0,60
INS,5728,57280000,697,1383,0,0,0,0,128
INS,5729,57290000,367,1419,0,58,24,12,201
INS,5730,57300000,0,1426,11,0,19,19,69
INS,5731,57310000,23,1429,316,0,10,0,133
INS,5732,57320000,43,1349,656,27,0,0,191
INS,5733,57330000,0,1301,968,384,0,10,28
INS,5734,57340000,0,1303,1240,693,0,0,106
INS,5735,57350000,8,1245,1579,1021,0,0,228
INS,5736,57360000,0,1117,1750,1372,326,0,189
INS,5737,57370000,27,1053,1998,1646,581,11,189
INS,5738,57380000,25,981,2181,1917,913,0,139
INS,5739,57390000,23,834,2372,2160,1151,0,167
INS,5740,57400000,0,689,2468,2350,1382,31,52
INS,5741,57410000,5,620,2567,2506,1604,0,195
INS,5742,57420000,0,435,2611,2654,1807,24,185
INS,5743,57430000,0,266,2600,2776,1948,0,5
INS,5744,57440000,17,153,2550,2769,2077,3,1
INS,5745,57450000,1,0,2475,2807,2170,0,158
INS,5746,57460000,19,3,2363,2761,2206,315,133
INS,5747,57470000,34,0,2199,2676,2210,653,255
INS,5748,57480000,13,0,1962,2534,2152,925,86
INS,5749,57490000,0,1,1772,2344,2036,1163,89
INS,5750,57500000,0,39,1552,2139,1966,1432,174
INS,5751,57510000,13,0,1258,1894,1804,1637,181
INS,5752,57520000,0,19,931,1658,1644,1769,125
INS,5753,57530000,5,12,636,1387,1392,1785,106
INS,5754,57540000,0,0,346,1034,1116,1759,185
INS,5755,57550000,0,4,2,688,859,1724,248
INS,5756,57560000,0,15,53,333,588,1635,124
INS,5757,57570000,3,0,41,0,316,1447,92
INS,5758,57580000,0,22,0,13,0,1150,255
INS,5759,57590000,15,31,0,10,12,971,126
INS,5760,57600000,8,0,7,41,38,703,157
INS,5761,57610000,0,0,65,7,0,287,248
INS,5762,57620000,44,2,0,0,10,12,230
INS,5763,57630000,10,0,0,0,0,29,218
INS,5764,57640000,0,0,0,0,0,0,196
INS,5765,57650000,0,0,32,0,0,2,247
INS,5766,57660000,0,0,0,0,11,16,1
INS,5767,57670000,10,24,37,24,0,11,97
INS,5768,57680000,0,0,0,19,0,9,36
INS,5769,57690000,7,7,0,0,4,9,52
INS,5770,57700000,0,13,11,20,0,32,118
INS,5771,57710000,4,1,1,55,16,0,136
INS,5772,57720000,0,0,4,25,0,0,105
INS,5773,57730000,13,13,0,15,0,0,134
INS,5774,57740000,0,29,0,0,20,2,161
INS,5775,57750000,9,0,38,0,3,0,177
INS,5776,57760000,19,28,0,0,10,17,218
INS,5777,57770000,0,28,0,0,0,0,189
INS,5778,57780000,0,0,0,0,0,62,240
INS,5779,57790000,18,2,0,20,43,0,22
INS,5780,57800000,27,3,20,0,0,17,23
INS,5781,57810000,12,0,1,29,16,32,63
INS,5782,57820000,5,3,42,51,0,0,91
INS,5783,57830000,0,0,15,0,0,13,35
INS,5784,57840000,19,0,43,0,0,0,86
INS,5785,57850000,0,0,0,20,7,31,99
INS,5786,57860000,17,0,7,45,17,16,160
INS,5787,57870000,0,0,0,0,0,49,124
INS,5788,57880000,26,22,12,1,0,0,153
INS,5789,57890000,45,6,0,0,2,0,162
INS,5790,57900000,44,0,0,5,0,4,179
INS,5791,57910000,0,0,18,0,0,1,162
INS,5792,57920000,0,43,46,18,0,9,20
INS,5793,57930000,16,0,10,47,0,4,254
INS,5794,57940000,0,0,53,11,0,0,2
INS,5795,57950000,1,38,0,3,2,19,18
INS,5796,57960000,0,9,34,0,0,0,15
INS,5797,57970000,0,8,0,0,0,24,21
INS,5798,57980000,0,45,0,0,21,0,72
INS,5799,57990000,1,0,0,0,0,0,24
INS,5800,58000000,27,0,0,30,0,40,137
INS,5801,58010000,367,23,12,27,45,0,19
INS,5802,58020000,641,6,18,42,12,0,25
INS,5803,58030000,995,0,0,18,0,0,80
INS,5804,58040000,1334,0,3,10,0,0,175
INS,5805,58050000,1615,47,29,0,3,17,44
INS,5806,58060000,1866,25,0,0,0,0,241
INS,5807,58070000,2169,0,3,0,3,0,30
INS,5808,58080000,2416,0,0,0,37,0,69
INS,5809,58090000,2579,0,0,0,48,0,4
INS,5810,58100000,2786,0,3,0,0,0,183
INS,5811,58110000,2912,0,30,3,0,12,112
INS,5812,58120000,3052,0,0,0,20,10,254
INS,5813,58130000,3113,27,0,3,31,0,107
INS,5814,58140000,3164,0,0,0,0,2,116
INS,5815,58150000,3199,0,55,15,18,38,36
INS,5816,58160000,3159,108,20,31,0,0,46
INS,5817,58170000,3105,307,0,5,0,3,165
INS,5818,58180000,3071,409,0,0,29,16,31
INS,5819,58190000,2933,570,18,0,0,0,44
INS,5820,58200000,2742,718,0,31,29,48,108
INS,5821,58210000,2621,802,32,0,18,0,30
INS,5822,58220000,2431,928,0,0,35,0,224
INS,5823,58230000,2158,1021,0,4,16,0,46
INS,5824,58240000,1965,1099,19,0,0,0,203
INS,5825,58250000,1613,1193,0,0,0,14,213
INS,5826,58260000,1346,1318,34,0,0,0,108
INS,5827,58270000,996,1363,14,0,20,0,76
INS,5828,58280000,721,1363,24,0,2,8,74
INS,5829,58290000,333,1336,0,31,6,18,209
INS,5830,58300000,0,1417,0,0,7,0,182
INS,5831,58310000,0,1428,269,0,0,8,224
INS,5832,58320000,15,1378,677,9,29,14,146
INS,5833,58330000,0,1357,958,353,0,17,214
INS,5834,58340000,0,1284,1226,668,0,0,212
INS,5835,58350000,0,1188,1500,1020,17,0,8
INS,5836,58360000,25,1120,1788,1338,307,0,110
INS,5837,58370000,0,1053,2015,1671,597,0,117
INS,5838,58380000,15,939,2242,1886,857,46,15
INS,5839,58390000,20,823,2334,2157,1090,0,215
INS,5840,58400000,10,729,2486,2386,1400,11,62
INS,5841,58410000,7,580,2567,2549,1582,0,86
INS,5842,58420000,21,427,2575,2652,1800,0,37
INS,5843,58430000,7,315,2597,2741,1940,19,198
INS,5844,58440000,21,138,2529,2829,2099,0,212
INS,5845,58450000,30,0,2433,2835,2177,29,117
INS,5846,58460000,32,0,2345,2734,2160,349,250
INS,5847,58470000,35,0,2204,2649,2191,671,141
INS,5848,58480000,0,0,2000,2569,2130,981,88
INS,5849,58490000,65,18,1806,2362,2047,1261,240
INS,5850,58500000,38,0,1524,2138,1953,1399,6
INS,5851,58510000,0,15,1254,1889,1779,1573,249
INS,5852,58520000,35,0,984,1648,1573,1694,202
INS,5853,58530000,13,0,695,1343,1346,1814,8
INS,5854,58540000,11,0,309,1022,1147,1803,130
INS,5855,58550000,18,18,0,699,865,1696,175
INS,5856,58560000,52,0,0,341,587,1595,239
INS,5857,58570000,32,0,0,0,283,1422,186
INS,5858,58580000,0,0,14,12,26,1185,215
INS,5859,58590000,21,0,26,0,31,942,15
INS,5860,58600000,12,3,0,42,29,662,16
INS,5861,58610000,7,0,0,7,26,311,148
INS,5862,58620000,44,0,20,25,0,6,165
INS,5863,58630000,0,0,0,0,8,0,95
INS,5864,58640000,0,0,0,0,0,0,104
INS,5865,58650000,0,0,0,0,2,0,123
INS,5866,58660000,16,0,0,0,0,15,169
INS,5867,58670000,0,32,0,0,1,2,190
INS,5868,58680000,0,0,7,15,23,7,224
INS,5869,58690000,0,6,30,0,0,50,19
INS,5870,58700000,19,0,6,0,11,1,243
INS,5871,58710000,0,0,0,0,0,65,32
INS,5872,58720000,0,9,0,11,0,0,4
INS,5873,58730000,0,2,27,0,49,28,107
INS,5874,58740000,0,0,0,2,0,20,40
INS,5875,58750000,2,11,0,0,0,79,127
INS,5876,58760000,0,12,23,6,0,0,93
INS,5877,58770000,0,0,5,28,12,0,114
INS,5878,58780000,27,0,0,0,0,20,133
INS,5879,58790000,6,0,0,31,0,10,150
INS,5880,58800000,29,0,27,0,9,20,205
INS,5881,58810000,6,0,13,19,22,0,197
INS,5882,58820000,16,0,1,15,2,0,188
INS,5883,58830000,0,0,29,0,23,10,233
INS,5884,58840000,42,0,0,14,35,0,23
INS,5885,58850000,3,4,35,21,32,37,81
INS,5886,58860000,0,0,0,8,0,23,253
INS,5887,58870000,42,0,0,0,0,32,57
INS,5888,58880000,23,0,41,0,0,0,64
INS,5889,58890000,0,0,25,0,0,0,42
INS,5890,58900000,0,8,0,6,1,0,49
INS,5891,58910000,0,0,0,38,8,4,101
INS,5892,58920000,45,0,2,0,29,0,144
INS,5893,58930000,0,7,14,0,0,0,106
INS,5894,58940000,21,0,0,17,2,0,142
INS,5895,58950000,10,1,23,0,0,61,214
INS,5896,58960000,0,0,15,0,0,0,151
INS,5897,58970000,5,0,0,0,33,49,240
INS,5898,58980000,0,0,10,6,0,6,192
INS,5899,58990000,0,13,24,0,2,12,238
INS,5900,59000000,0,2,9,24,10,0,249
INS,5901,59010000,361,0,48,12,1,10,141
INS,5902,59020000,657,0,0,22,0,12,161
INS,5903,59030000,997,0,34,0,8,0,14
INS,5904,59040000,1270,6,31,29,9,12,93
INS,5905,59050000,1576,8,7,0,0,0,88
INS,5906,59060000,1850,16,0,1,2,0,127
INS,5907,59070000,2182,0,8,45,0,0,254
INS,5908,59080000,2384,0,0,17,0,0,181
INS,5909,59090000,2609,42,22,0,3,6,223
INS,5910,59100000,2744,0,14,0,1,17,78
INS,5911,59110000,2910,0,0,0,0,50,23
INS,5912,59120000,3051,24,0,0,30,0,185
INS,5913,59130000,3132,0,0,0,0,25,254
INS,5914,59140000,3228,26,58,0,0,0,170
INS,5915,59150000,3164,0,25,0,0,7,71
INS,5916,59160000,3155,150,0,11,4,0,212
INS,5917,59170000,3164,310,41,55,0,0,223
INS,5918,59180000,3047,380,0,0,0,13,110
INS,5919,59190000,2877,587,0,5,0,0,156
INS,5920,59200000,2781,731,16,0,8,55,39
INS,5921,59210000,2604,841,27,15,23,7,238
INS,5922,59220000,2361,934,6,0,0,23,62
INS,5923,59230000,2102,1015,14,0,31,22,195
INS,5924,59240000,1841,1161,26,12,0,19,87
INS,5925,59250000,1605,1228,19,31,0,0,184
INS,5926,59260000,1310,1244,16,17,1,0,162
INS,5927,59270000,977,1328,0,0,0,0,152
INS,5928,59280000,677,1364,12,0,0,43,216
INS,5929,59290000,330,1364,0,0,0,29,116
INS,5930,59300000,0,1388,10,24,20,10,118
INS,5931,59310000,34,1398,330,0,0,0,189
INS,5932,59320000,0,1389,643,15,10,0,245
INS,5933,59330000,7,1358,977,366,0,7,152
INS,5934,59340000,28,1281,1261,650,0,5,167
INS,5935,59350000,0,1181,1505,1023,14,58,228
INS,5936,59360000,0,1147,1769,1345,301,3,5
INS,5937,59370000,0,1006,2008,1626,567,13,165
INS,5938,59380000,15,900,2224,1944,907,0,184
INS,5939,59390000,0,789,2349,2167,1168,0,172
INS,5940,59400000,12,725,2460,2361,1362,13,137
INS,5941,59410000,0,578,2557,2525,1649,0,18
INS,5942,59420000,37,466,2630,2625,1790,9,27
INS,5943,59430000,0,301,2592,2739,1925,31,75
INS,5944,59440000,31,117,2612,2764,2034,58,120
INS,5945,59450000,14,0,2477,2830,2163,22,27
INS,5946,59460000,0,10,2360,2748,2175,377,208
INS,5947,59470000,12,0,2223,2659,2185,632,10
INS,5948,59480000,43,0,2024,2513,2171,942,9
INS,5949,59490000,0,40,1796,2355,2043,1250,73
INS,5950,59500000,1,0,1547,2167,1969,1446,248
INS,5951,59510000,0,20,1293,1922,1816,1593,35
INS,5952,59520000,0,39,984,1633,1621,1762,215
INS,5953,59530000,21,0,658,1332,1396,1783,151
INS,5954,59540000,1,0,304,1003,1107,1796,213
INS,5955,59550000,0,10,0,708,853,1747,105
INS,5956,59560000,6,0,60,383,576,1594,191
INS,5957,59570000,0,0,1,0,332,1400,90
INS,5958,59580000,13,23,0,0,19,1217,158
INS,5959,59590000,37,0,0,0,60,939,195
INS,5960,59600000,0,6,2,0,0,653,93
INS,5961,59610000,0,0,57,22,0,322,106
INS,5962,59620000,0,1,1,0,0,13,249
INS,5963,59630000,0,1,8,0,42,22,68
INS,5964,59640000,0,14,0,0,0,0,26
INS,5965,59650000,0,0,3,7,15,0,54
INS,5966,59660000,17,0,23,0,12,0,98
INS,5967,59670000,11,12,0,8,19,14,127
INS,5968,59680000,0,18,14,0,23,60,195
INS,5969,59690000,0,16,22,0,0,0,135
INS,5970,59700000,0,3,5,39,0,23,184
INS,5971,59710000,0,0,0,0,40,4,175
INS,5972,59720000,3,0,23,0,0,0,174
INS,5973,59730000,0,0,2,23,18,32,240
INS,5974,59740000,0,0,0,43,22,11,2
INS,5975,59750000,0,0,0,0,9,0,208
INS,5976,59760000,0,14,0,11,27,13,25
INS,5977,59770000,4,19,0,8,7,0,15
INS,5978,59780000,48,0,25,10,0,0,77
INS,5979,59790000,12,14,7,0,0,0,44
INS,5980,59800000,0,0,0,0,0,62,90
INS,5981,59810000,8,20,2,6,2,0,83
INS,5982,59820000,48,0,0,22,18,28,178
INS,5983,59830000,18,0,8,0,60,13,178
INS,5984,59840000,0,13,3,0,31,27,170
INS,5985,59850000,11,0,0,0,51,3,178
INS,5986,59860000,20,36,0,49,6,0,241
INS,5987,59870000,7,33,27,44,0,4,6
INS,5988,59880000,0,6,3,18,26,18,235
INS,5989,59890000,38,23,0,0,10,0,252
INS,5990,59900000,0,0,26,0,29,11,8
INS,5991,59910000,0,0,0,33,42,5,39
INS,5992,59920000,0,29,17,6,0,0,28
INS,5993,59930000,0,0,0,4,29,0,26
INS,5994,59940000,0,0,0,5,18,13,46
INS,5995,59950000,0,0,0,0,0,21,48
INS,5996,59960000,0,0,0,0,0,20,64
INS,5997,59970000,0,0,14,23,5,14,117
INS,5998,59980000,0,0,0,42,6,3,129
INS,5999,59990000,5,33,51,0,0,0,184
