INS,0,0,0,8,40,0,0,46,94
INS,1,10000,546,0,45,9,19,0,124
INS,2,20000,1104,0,0,9,0,0,123
INS,3,30000,1593,0,0,0,5,9,122
INS,4,40000,2074,0,20,58,18,76,10
INS,5,50000,2477,0,0,0,14,0,16
INS,6,60000,2798,15,58,0,0,0,157
INS,7,70000,3027,0,0,49,42,0,165
INS,8,80000,3187,0,0,4,7,0,6
INS,9,90000,3222,23,0,0,0,1,71
INS,10,100000,3137,280,33,0,14,0,50
INS,11,110000,2999,463,0,23,0,21,109
INS,12,120000,2717,731,7,0,33,14,122
INS,13,130000,2452,920,24,38,5,45,121
INS,14,140000,2038,1057,0,0,0,0,5
INS,15,150000,1568,1182,0,32,0,21,242
INS,16,160000,1108,1319,0,12,0,0,151
INS,17,170000,585,1327,20,0,24,0,197
INS,18,180000,4,1387,8,20,15,9,213
INS,19,190000,44,1387,536,0,22,4,12
INS,20,200000,0,1279,1054,482,0,0,83
INS,21,210000,0,1161,1504,1030,8,0,220
INS,22,220000,0,1067,1945,1576,456,13,55
INS,23,230000,16,890,2227,1977,952,0,53
INS,24,240000,13,686,2438,2376,1365,0,118
INS,25,250000,28,450,2579,2610,1696,57,165
INS,26,260000,0,244,2560,2764,2011,0,85
INS,27,270000,12,0,2528,2772,2107,0,198
INS,28,280000,0,0,2281,2700,2219,512,252
INS,29,290000,0,0,1978,2483,2160,1056,234
INS,30,300000,0,0,1541,2180,1990,1446,243
INS,31,310000,0,0,1038,1774,1721,1700,104
INS,32,320000,0,0,527,1245,1319,1809,68
INS,33,330000,0,3,0,686,832,1733,231
INS,34,340000,24,5,26,172,430,1503,178
INS,35,350000,0,0,0,0,0,1178,237
INS,36,360000,20,0,0,0,7,650,9
INS,37,370000,8,0,0,0,0,136,5
INS,38,380000,0,0,7,12,12,0,165
INS,39,390000,22,0,0,1,25,7,206
INS,40,400000,0,0,0,20,0,0,188
INS,41,410000,0,21,0,0,0,12,218
INS,42,420000,11,0,25,29,5,0,16
INS,43,430000,0,7,6,36,0,2,14
INS,44,440000,33,33,0,14,0,0,60
INS,45,450000,29,18,2,0,0,23,69
INS,46,460000,11,0,0,7,37,0,69
INS,47,470000,0,0,0,0,0,0,31
INS,48,480000,43,38,19,0,0,57,205
INS,49,490000,6,5,18,0,26,0,120
INS,50,500000,10,0,12,17,0,0,121
INS,51,510000,9,6,0,0,1,9,124
INS,52,520000,0,17,0,8,16,42,199
INS,53,530000,0,33,27,8,0,0,201
INS,54,540000,8,0,0,32,48,0,238
INS,55,550000,22,2,0,4,0,0,195
INS,56,560000,32,0,19,0,0,46,25
INS,57,570000,0,12,21,12,15,2,7
INS,58,580000,7,0,18,0,8,37,32
INS,59,590000,14,17,39,5,0,0,54
INS,60,600000,0,0,24,0,0,26,46
INS,61,610000,508,0,0,22,1,0,32
INS,62,620000,1097,8,0,0,19,22,152
INS,63,630000,1580,0,23,0,4,0,118
INS,64,640000,2042,18,0,0,12,30,118
INS,65,650000,2455,0,34,22,23,0,55
INS,66,660000,2764,0,7,0,0,19,72
INS,67,670000,3042,20,0,0,0,1,106
INS,68,680000,3126,5,0,7,0,39,237
INS,69,690000,3205,0,0,0,0,32,58
INS,70,700000,3172,222,0,21,0,28,25
INS,71,710000,3020,496,0,0,10,0,125
INS,72,720000,2778,722,11,0,0,24,151
INS,73,730000,2456,886,0,4,0,1,236
INS,74,740000,2028,1046,22,0,12,0,14
INS,75,750000,1621,1201,0,25,23,40,89
INS,76,760000,1058,1324,28,6,9,0,133
INS,77,770000,565,1371,0,4,0,37,214
INS,78,780000,15,1403,1,13,29,6,233
INS,79,790000,20,1341,544,0,0,9,185
INS,80,800000,24,1324,1054,444,44,42,196
INS,81,810000,0,1180,1511,1043,0,28,19
INS,82,820000,0,1099,1910,1522,462,16,3
INS,83,830000,10,865,2247,2031,941,0,81
INS,84,840000,14,714,2449,2363,1369,0,145
INS,85,850000,0,492,2607,2602,1711,0,153
INS,86,860000,6,224,2576,2746,1996,0,50
INS,87,870000,10,0,2472,2758,2138,0,153
INS,88,880000,29,0,2263,2703,2192,519,242
INS,89,890000,15,8,1932,2528,2140,1108,28
INS,90,900000,6,37,1550,2138,1927,1422,162
INS,91,910000,0,0,1096,1722,1694,1667,46
INS,92,920000,0,0,599,1239,1317,1781,100
INS,93,930000,0,0,0,681,872,1766,36
INS,94,940000,0,7,0,90,409,1469,245
INS,95,950000,16,7,8,24,0,1139,249
INS,96,960000,0,0,21,0,19,630,254
INS,97,970000,43,28,0,7,24,118,77
INS,98,980000,27,0,40,7,0,32,236
INS,99,990000,0,18,0,5,0,0,170
INS,100,1000000,0,0,0,22,0,5,191
INS,101,1010000,0,0,0,0,0,0,181
INS,102,1020000,0,66,26,0,0,0,34
INS,103,1030000,0,32,13,0,0,0,4
INS,104,1040000,1,36,0,45,0,9,67
INS,105,1050000,0,25,0,12,45,0,75
INS,106,1060000,34,22,27,0,33,57,183
INS,107,1070000,41,13,0,2,0,0,83
INS,108,1080000,0,0,17,22,26,0,109
INS,109,1090000,0,32,0,0,55,0,148
INS,110,1100000,8,40,0,1,39,0,166
INS,111,1110000,29,44,0,28,22,23,241
INS,112,1120000,1,14,17,0,37,37,218
INS,113,1130000,0,9,0,20,0,0,158
INS,114,1140000,0,2,59,8,0,0,215
INS,115,1150000,0,31,0,24,22,0,240
INS,116,1160000,0,37,4,0,0,0,221
INS,117,1170000,44,20,0,9,18,14,46
INS,118,1180000,2,0,0,19,1,39,19
INS,119,1190000,0,0,35,0,2,17,29
INS,120,1200000,24,4,31,0,47,7,105
INS,121,1210000,527,0,55,0,0,76,155
INS,122,1220000,1102,0,26,0,0,0,130
INS,123,1230000,1637,36,0,8,0,31,219
INS,124,1240000,2060,32,54,52,0,0,210
INS,125,1250000,2473,2,0,49,13,7,61
INS,126,1260000,2768,0,0,0,10,0,56
INS,127,1270000,2996,0,0,19,0,0,54
INS,128,1280000,3134,15,0,0,0,0,205
INS,129,1290000,3219,20,21,0,4,30,111
INS,130,1300000,3127,214,0,17,18,0,210
INS,131,1310000,2989,464,0,13,0,0,61
INS,132,1320000,2784,695,0,16,7,31,145
INS,133,1330000,2384,898,27,5,8,0,207
INS,134,1340000,2048,1094,0,52,0,0,96
INS,135,1350000,1631,1173,26,28,0,0,33
INS,136,1360000,1130,1323,3,0,0,0,160
INS,137,1370000,538,1355,0,0,8,0,134
INS,138,1380000,4,1405,0,0,29,23,223
INS,139,1390000,0,1341,564,0,23,0,195
INS,140,1400000,22,1343,1103,455,28,28,239
INS,141,1410000,0,1192,1554,1035,0,0,34
INS,142,1420000,0,1062,1925,1532,492,8,9
INS,143,1430000,24,882,2269,2000,950,41,149
INS,144,1440000,0,677,2504,2361,1347,17,138
INS,145,1450000,0,419,2554,2594,1781,0,85
INS,146,1460000,0,274,2567,2774,1993,22,128
INS,147,1470000,0,7,2508,2820,2183,39,72
INS,148,1480000,16,16,2268,2666,2233,534,9
INS,149,1490000,0,0,1950,2496,2159,1061,215
INS,150,1500000,44,1,1546,2147,1964,1413,193
INS,151,1510000,0,16,1051,1737,1701,1687,55
INS,152,1520000,0,0,542,1258,1295,1785,40
INS,153,1530000,0,45,5,731,860,1709,63
INS,154,1540000,4,4,19,131,382,1479,29
INS,155,1550000,0,0,26,0,8,1114,199
INS,156,1560000,0,11,0,0,12,618,221
INS,157,1570000,3,42,18,0,0,105,21
INS,158,1580000,21,0,3,9,16,13,188
INS,159,1590000,45,0,25,0,0,28,241
INS,160,1600000,0,0,0,5,0,0,165
INS,161,1610000,8,0,0,5,28,0,218
INS,162,1620000,61,0,0,11,0,9,19
INS,163,1630000,31,0,50,41,0,0,77
INS,164,1640000,0,0,0,13,15,8,8
INS,165,1650000,0,8,21,25,20,0,63
INS,166,1660000,11,0,8,0,0,0,25
INS,167,1670000,37,0,4,12,0,0,76
INS,168,1680000,12,8,0,26,2,33,121
INS,169,1690000,50,0,2,0,0,7,116
INS,170,1700000,0,0,0,0,24,0,98
INS,171,1710000,0,0,0,19,8,0,118
INS,172,1720000,23,0,0,1,10,0,142
INS,173,1730000,0,0,0,0,0,0,125
INS,174,1740000,0,0,26,11,0,7,186
INS,175,1750000,0,0,0,0,39,0,198
INS,176,1760000,10,0,27,0,0,0,213
INS,177,1770000,1,23,3,0,33,0,253
INS,178,1780000,0,0,3,31,0,9,253
INS,179,1790000,0,0,0,9,0,0,236
INS,180,1800000,0,3,14,0,18,0,23
INS,181,1810000,563,27,57,0,0,4,144
INS,182,1820000,1095,1,0,21,0,0,115
INS,183,1830000,1582,0,0,25,19,24,153
INS,184,1840000,2025,0,18,7,0,11,69
INS,185,1850000,2437,0,72,0,34,32,88
INS,186,1860000,2768,2,0,0,12,13,69
INS,187,1870000,3037,12,8,0,8,0,100
INS,188,1880000,3162,0,26,0,0,0,240
INS,189,1890000,3246,26,12,0,0,21,118
INS,190,1900000,3156,258,0,15,0,0,3
INS,191,1910000,2997,428,0,0,9,0,25
INS,192,1920000,2759,696,0,9,12,15,99
INS,193,1930000,2458,877,0,4,33,30,27
INS,194,1940000,2016,1057,56,0,0,0,27
INS,195,1950000,1592,1231,0,2,0,0,252
INS,196,1960000,1049,1261,0,0,0,0,10
INS,197,1970000,539,1412,0,0,0,0,180
INS,198,1980000,0,1422,0,0,16,24,220
INS,199,1990000,0,1381,562,13,50,0,13
INS,200,2000000,15,1263,1072,426,0,71,103
INS,201,2010000,2,1260,1561,1082,24,14,192
INS,202,2020000,5,1077,1970,1554,490,9,91
INS,203,2030000,0,906,2285,2008,1014,3,195
INS,204,2040000,0,741,2463,2375,1384,0,191
INS,205,2050000,0,456,2601,2653,1714,0,157
INS,206,2060000,1,232,2569,2788,1963,47,94
INS,207,2070000,18,0,2494,2792,2138,23,232
INS,208,2080000,0,8,2281,2721,2170,554,6
INS,209,2090000,0,0,1928,2484,2122,1039,118
INS,210,2100000,0,0,1531,2194,1959,1457,215
INS,211,2110000,0,0,1088,1757,1632,1687,23
INS,212,2120000,10,0,522,1243,1289,1856,76
INS,213,2130000,1,0,21,665,913,1698,7
INS,214,2140000,0,1,0,147,414,1501,69
INS,215,2150000,0,34,0,0,0,1134,215
INS,216,2160000,0,0,0,0,47,693,60
INS,217,2170000,22,13,19,4,0,109,16
INS,218,2180000,0,44,0,0,0,0,166
INS,219,2190000,0,0,0,0,0,15,154
INS,220,2200000,0,37,35,22,6,17,17
INS,221,2210000,7,0,37,42,0,0,3
INS,222,2220000,0,0,0,18,0,0,208
INS,223,2230000,0,0,0,0,13,27,247
INS,224,2240000,35,0,0,0,7,13,23
INS,225,2250000,0,0,0,0,1,0,242
INS,226,2260000,0,0,0,35,0,52,89
INS,227,2270000,26,33,2,4,0,22,106
INS,228,2280000,0,9,0,0,0,0,45
INS,229,2290000,0,0,8,23,0,31,115
INS,230,2300000,0,0,27,0,27,22,146
INS,231,2310000,0,27,22,0,0,8,144
INS,232,2320000,7,0,43,0,0,0,154
INS,233,2330000,0,0,32,4,0,0,157
INS,234,2340000,2,11,22,0,0,5,178
INS,235,2350000,0,0,18,32,0,0,205
INS,236,2360000,17,7,30,9,0,0,235
INS,237,2370000,0,3,0,0,0,32,224
INS,238,2380000,7,13,0,5,0,0,231
INS,239,2390000,42,0,18,0,0,0,27
INS,240,2400000,0,11,0,0,0,0,251
INS,241,2410000,513,9,0,0,0,0,11
INS,242,2420000,1133,0,0,0,40,0,167
INS,243,2430000,1590,0,26,21,0,15,151
INS,244,2440000,2060,0,0,0,11,36,111
INS,245,2450000,2423,32,0,0,5,0,225
INS,246,2460000,2788,37,16,0,20,15,146
INS,247,2470000,2987,0,6,7,0,0,31
INS,248,2480000,3146,0,0,13,0,22,229
INS,249,2490000,3211,0,16,0,5,16,57
INS,250,2500000,3173,237,19,0,53,0,52
INS,251,2510000,3027,512,0,8,27,30,191
INS,252,2520000,2750,725,3,0,7,0,89
INS,253,2530000,2460,914,0,60,3,0,58
INS,254,2540000,2068,1069,8,16,0,0,55
INS,255,2550000,1624,1196,0,0,0,14,1
INS,256,2560000,1103,1299,8,3,0,15,124
INS,257,2570000,573,1360,4,46,0,22,230
INS,258,2580000,0,1416,0,0,0,11,181
INS,259,2590000,0,1348,566,24,0,31,228
INS,260,2600000,0,1291,1101,483,0,0,127
INS,261,2610000,0,1221,1533,1025,0,9,33
INS,262,2620000,0,1086,1934,1558,487,19,66
INS,263,2630000,0,853,2267,1990,988,20,93
INS,264,2640000,0,697,2438,2370,1407,28,164
INS,265,2650000,11,468,2552,2625,1735,14,134
INS,266,2660000,22,266,2574,2754,1976,0,82
INS,267,2670000,0,17,2477,2826,2162,0,245
INS,268,2680000,14,0,2256,2734,2205,581,58
INS,269,2690000,0,0,1965,2483,2109,1053,151
INS,270,2700000,0,0,1554,2143,1944,1453,164
INS,271,2710000,7,0,1036,1742,1673,1663,232
INS,272,2720000,0,26,549,1275,1328,1801,131
INS,273,2730000,0,0,5,724,901,1748,83
INS,274,2740000,10,42,18,69,356,1468,221
INS,275,2750000,24,0,0,0,0,1160,227
INS,276,2760000,0,0,46,32,0,669,63
INS,277,2770000,1,26,7,0,0,109,244
INS,278,2780000,11,0,0,0,0,0,129
INS,279,2790000,27,0,15,21,0,21,219
INS,280,2800000,9,0,20,23,0,19,223
INS,281,2810000,4,24,16,24,0,28,9
INS,282,2820000,0,0,0,30,17,0,233
INS,283,2830000,0,0,6,0,36,16,5
INS,284,2840000,17,5,19,0,36,0,41
INS,285,2850000,0,19,0,0,0,66,66
INS,286,2860000,57,0,7,0,0,0,62
INS,287,2870000,0,0,22,10,32,24,103
INS,288,2880000,54,0,0,0,11,0,97
INS,289,2890000,28,33,9,0,0,36,155
INS,290,2900000,23,31,0,24,0,17,161
INS,291,2910000,25,21,0,0,0,55,184
INS,292,2920000,0,0,1,29,0,0,130
INS,293,2930000,0,2,6,0,0,6,131
INS,294,2940000,0,0,20,0,0,0,154
INS,295,2950000,29,23,3,0,10,0,216
INS,296,2960000,10,4,2,0,0,0,184
INS,297,2970000,47,0,20,13,0,0,9
INS,298,2980000,0,11,0,0,0,11,224
INS,299,2990000,0,0,0,0,13,0,232
INS,300,3000000,0,0,0,8,0,46,34
INS,301,3010000,549,0,0,0,38,12,84
INS,302,3020000,1111,10,7,28,0,0,146
INS,303,3030000,1598,0,26,38,0,48,205
INS,304,3040000,2068,0,7,0,0,10,85
INS,305,3050000,2479,4,0,0,4,29,21
INS,306,3060000,2792,27,0,15,25,39,164
INS,307,3070000,3015,12,0,0,22,24,100
INS,308,3080000,3156,9,17,16,0,0,242
INS,309,3090000,3162,33,0,7,11,0,18
INS,310,3100000,3132,257,19,27,4,0,5
INS,311,3110000,2999,482,0,0,0,29,93
INS,312,3120000,2745,675,0,0,10,5,35
INS,313,3130000,2498,896,3,29,0,0,43
INS,314,3140000,2063,1056,0,40,0,0,49
INS,315,3150000,1591,1186,0,0,0,0,196
INS,316,3160000,1080,1317,3,0,0,7,99
INS,317,3170000,543,1338,9,34,24,20,189
INS,318,3180000,0,1406,30,25,0,9,220
INS,319,3190000,0,1398,531,39,7,0,230
INS,320,3200000,10,1301,1075,459,0,25,118
INS,321,3210000,48,1210,1550,1016,0,40,105
INS,322,3220000,0,1062,1948,1605,478,21,92
INS,323,3230000,31,910,2215,2009,975,0,111
INS,324,3240000,9,693,2468,2362,1352,0,104
INS,325,3250000,18,461,2593,2647,1711,0,155
INS,326,3260000,40,258,2601,2732,2012,37,166
INS,327,3270000,0,0,2531,2814,2174,0,22
INS,328,3280000,2,18,2262,2667,2197,596,6
INS,329,3290000,36,8,1964,2434,2149,1043,171
INS,330,3300000,10,6,1523,2177,1967,1403,152
INS,331,3310000,18,0,1013,1747,1693,1734,56
INS,332,3320000,0,5,545,1255,1301,1777,31
INS,333,3330000,0,15,0,680,854,1692,198
INS,334,3340000,2,0,0,102,386,1498,242
INS,335,3350000,20,36,28,15,0,1108,246
INS,336,3360000,0,0,0,0,8,673,249
INS,337,3370000,0,0,24,46,15,110,36
INS,338,3380000,15,0,0,21,0,24,174
INS,339,3390000,0,0,8,0,19,0,158
INS,340,3400000,0,11,0,1,9,0,169
INS,341,3410000,33,0,54,18,12,0,26
INS,342,3420000,12,0,0,46,0,31,15
INS,343,3430000,0,0,0,0,8,0,207
INS,344,3440000,0,0,22,23,25,9,39
INS,345,3450000,3,0,0,0,15,1,252
INS,346,3460000,0,22,37,0,0,0,53
INS,347,3470000,0,0,15,4,27,0,57
INS,348,3480000,0,28,36,20,0,37,149
INS,349,3490000,0,0,0,0,46,0,91
INS,350,3500000,23,27,0,0,0,0,112
INS,351,3510000,0,0,0,0,60,41,180
INS,352,3520000,0,2,9,23,32,28,190
INS,353,3530000,6,0,8,29,0,2,158
INS,354,3540000,18,0,19,12,7,0,186
INS,355,3550000,1,23,10,0,0,0,181
INS,356,3560000,0,0,0,0,8,2,174
INS,357,3570000,3,2,0,25,15,0,226
INS,358,3580000,0,0,0,8,3,0,209
INS,359,3590000,9,0,28,0,0,0,252
INS,360,3600000,30,0,42,0,11,23,82
INS,361,3610000,590,3,0,21,19,15,129
INS,362,3620000,1101,0,6,32,0,4,129
INS,363,3630000,1606,4,8,43,0,11,163
INS,364,3640000,2020,0,40,0,38,0,94
INS,365,3650000,2399,0,0,0,0,0,156
INS,366,3660000,2715,29,0,17,0,41,64
INS,367,3670000,2993,0,0,0,35,0,51
INS,368,3680000,3125,0,0,0,0,0,165
INS,369,3690000,3195,0,27,3,19,0,45
INS,370,3700000,3153,270,0,8,0,0,249
INS,371,3710000,3035,514,0,0,6,6,140
INS,372,3720000,2775,679,0,0,3,0,53
INS,373,3730000,2452,932,37,2,8,0,44
INS,374,3740000,2033,1073,0,19,0,0,11
INS,375,3750000,1604,1232,0,4,33,0,32
INS,376,3760000,1090,1318,31,21,13,0,161
INS,377,3770000,580,1323,0,42,0,21,183
INS,378,3780000,0,1444,3,0,0,6,199
INS,379,3790000,0,1395,570,8,0,0,224
INS,380,3800000,0,1283,1031,438,0,20,16
INS,381,3810000,0,1263,1522,1014,30,4,70
INS,382,3820000,0,1056,1924,1556,474,0,240
INS,383,3830000,0,880,2234,2019,971,7,78
INS,384,3840000,28,661,2532,2367,1363,24,191
INS,385,3850000,0,476,2597,2605,1661,0,60
INS,386,3860000,2,225,2589,2772,2010,32,112
INS,387,3870000,0,0,2454,2837,2176,20,242
INS,388,3880000,38,0,2300,2703,2184,540,25
INS,389,3890000,29,0,1965,2520,2108,1064,219
INS,390,3900000,0,31,1553,2143,2036,1411,236
INS,391,3910000,9,14,1066,1763,1668,1715,82
INS,392,3920000,15,0,559,1220,1314,1791,43
INS,393,3930000,18,20,9,685,864,1756,49
INS,394,3940000,0,0,9,116,416,1510,45
INS,395,3950000,0,0,0,0,0,1133,168
INS,396,3960000,0,0,7,0,16,645,232
INS,397,3970000,12,0,8,0,0,126,239
INS,398,3980000,0,51,0,0,32,0,193
INS,399,3990000,17,0,26,0,35,21,226
INS,400,4000000,0,0,2,28,0,0,174
INS,401,4010000,17,0,0,3,28,0,209
INS,402,4020000,0,0,0,0,14,0,192
INS,403,4030000,0,0,22,0,57,0,18
INS,404,4040000,0,38,0,9,12,30,45
INS,405,4050000,0,0,0,0,0,0,229
INS,406,4060000,36,0,49,0,5,0,80
INS,407,4070000,22,0,0,0,0,0,29
INS,408,4080000,0,0,0,11,27,0,62
INS,409,4090000,0,0,0,21,0,0,62
INS,410,4100000,0,16,49,15,0,13,151
INS,411,4110000,24,12,0,0,0,0,111
INS,412,4120000,0,7,0,3,0,0,102
INS,413,4130000,0,20,0,0,0,0,129
INS,414,4140000,0,22,1,4,19,0,172
INS,415,4150000,0,17,42,0,0,27,229
INS,416,4160000,0,0,6,16,0,0,182
INS,417,4170000,0,0,24,0,2,7,210
INS,418,4180000,0,23,0,0,0,1,218
INS,419,4190000,0,0,0,0,21,31,7
INS,420,4200000,18,0,0,43,0,1,34
INS,421,4210000,549,0,0,3,0,6,35
INS,422,4220000,1094,0,0,0,0,0,76
INS,423,4230000,1627,0,0,7,0,13,134
INS,424,4240000,2054,15,0,0,0,0,61
INS,425,4250000,2427,0,0,0,0,0,180
INS,426,4260000,2730,7,0,0,0,0,251
INS,427,4270000,2991,0,0,0,15,0,25
INS,428,4280000,3161,10,6,8,26,7,254
INS,429,4290000,3179,0,0,0,0,9,241
INS,430,4300000,3170,245,0,0,0,0,229
INS,431,4310000,3029,463,24,31,16,10,148
INS,432,4320000,2754,708,0,23,0,10,87
INS,433,4330000,2458,911,0,0,46,0,24
INS,434,4340000,2053,1069,0,24,0,0,28
INS,435,4350000,1595,1225,0,0,4,0,235
INS,436,4360000,1098,1317,20,0,0,0,119
INS,437,4370000,540,1387,21,49,0,0,210
INS,438,4380000,7,1366,0,2,0,38,155
INS,439,4390000,0,1389,558,0,0,13,207
INS,440,4400000,0,1363,1049,456,40,41,189
INS,441,4410000,0,1219,1528,1063,8,0,51
INS,442,4420000,0,1080,1941,1585,538,0,114
INS,443,4430000,49,884,2255,2014,1002,0,167
INS,444,4440000,0,711,2500,2378,1388,3,192
INS,445,4450000,28,466,2557,2611,1750,15,144
INS,446,4460000,0,151,2530,2763,2007,19,204
INS,447,4470000,0,45,2473,2830,2162,24,29
INS,448,4480000,17,51,2245,2748,2191,529,37
INS,449,4490000,0,23,1983,2455,2102,1050,142
INS,450,4500000,0,0,1553,2130,1940,1420,101
INS,451,4510000,9,20,1042,1752,1653,1607,182
INS,452,4520000,2,22,545,1236,1302,1796,43
INS,453,4530000,0,45,0,706,825,1727,252
INS,454,4540000,1,0,56,116,404,1482,49
INS,455,4550000,18,0,0,7,0,1080,136
INS,456,4560000,78,0,53,38,16,662,151
INS,457,4570000,0,24,12,0,4,98,227
INS,458,4580000,0,36,28,34,0,17,221
INS,459,4590000,0,0,0,19,0,0,142
INS,460,4600000,0,0,0,18,0,0,158
INS,461,4610000,8,14,22,0,12,0,213
INS,462,4620000,0,0,5,0,0,0,179
INS,463,4630000,0,52,0,0,0,0,243
INS,464,4640000,0,42,0,12,26,24,56
INS,465,4650000,31,0,0,0,0,0,0
INS,466,4660000,0,0,0,1,9,0,252
INS,467,4670000,4,0,41,43,0,0,91
INS,468,4680000,0,0,7,18,0,0,45
INS,469,4690000,2,2,8,6,32,0,87
INS,470,4700000,0,16,0,10,85,0,165
INS,471,4710000,0,2,33,0,35,4,145
INS,472,4720000,11,13,7,9,7,12,147
INS,473,4730000,3,0,30,38,21,4,201
INS,474,4740000,31,17,16,0,0,29,215
INS,475,4750000,11,59,0,34,8,0,251
INS,476,4760000,7,0,14,0,22,47,246
INS,477,4770000,0,55,0,0,3,0,231
INS,478,4780000,0,12,49,22,5,0,22
INS,479,4790000,0,6,34,17,0,0,8
INS,480,4800000,25,0,12,16,0,0,21
INS,481,4810000,583,17,0,0,18,37,128
INS,482,4820000,1100,3,0,7,0,7,95
INS,483,4830000,1575,14,4,0,0,18,94
INS,484,4840000,2085,0,0,12,0,11,96
INS,485,4850000,2427,25,0,17,0,17,235
INS,486,4860000,2762,15,23,0,52,6,112
INS,487,4870000,2990,0,0,0,19,0,24
INS,488,4880000,3148,0,26,0,0,0,206
INS,489,4890000,3206,0,0,38,10,27,74
INS,490,4900000,3180,280,0,0,26,14,54
INS,491,4910000,3014,480,22,36,17,20,160
INS,492,4920000,2775,706,0,11,0,14,94
INS,493,4930000,2436,895,3,72,15,21,47
INS,494,4940000,2088,1057,0,0,1,0,24
INS,495,4950000,1597,1186,0,11,0,10,211
INS,496,4960000,1056,1334,52,0,0,14,136
INS,497,4970000,571,1368,0,10,0,42,200
INS,498,4980000,0,1426,0,44,0,0,208
INS,499,4990000,0,1373,514,0,0,0,130
INS,500,5000000,0,1314,1098,490,1,0,139
INS,501,5010000,55,1196,1513,1011,0,0,4
INS,502,5020000,17,1066,1949,1544,518,0,60
INS,503,5030000,0,893,2229,1991,932,0,4
INS,504,5040000,0,706,2515,2349,1372,71,221
INS,505,5050000,0,526,2541,2613,1768,0,161
INS,506,5060000,43,310,2569,2775,1996,0,167
INS,507,5070000,0,0,2494,2752,2168,25,186
INS,508,5080000,0,0,2278,2670,2202,529,187
INS,509,5090000,19,23,1916,2488,2124,1026,121
INS,510,5100000,0,2,1586,2192,1962,1451,247
INS,511,5110000,0,0,1079,1775,1646,1684,23
INS,512,5120000,23,0,548,1301,1312,1820,140
INS,513,5130000,0,12,56,714,880,1708,59
INS,514,5140000,0,0,17,137,386,1516,42
INS,515,5150000,37,0,0,0,0,1118,182
INS,516,5160000,17,0,60,0,44,662,83
INS,517,5170000,0,57,0,0,0,111,253
INS,518,5180000,0,15,0,0,29,0,146
INS,519,5190000,0,0,25,0,31,50,225
INS,520,5200000,0,0,2,13,0,56,207
INS,521,5210000,0,0,15,22,17,17,224
INS,522,5220000,0,0,0,0,4,0,174
INS,523,5230000,0,33,26,0,15,0,5
INS,524,5240000,25,4,0,10,1,0,244
INS,525,5250000,0,12,34,17,0,1,29
INS,526,5260000,0,0,21,0,0,1,4
INS,527,5270000,8,29,0,22,0,0,58
INS,528,5280000,8,0,0,5,11,19,59
INS,529,5290000,7,0,0,18,0,0,58
INS,530,5300000,0,0,6,0,0,0,56
INS,531,5310000,47,0,3,0,2,22,141
INS,532,5320000,45,16,32,0,36,0,213
INS,533,5330000,0,23,25,0,35,68,252
INS,534,5340000,0,0,0,0,0,8,126
INS,535,5350000,15,40,0,6,0,0,196
INS,536,5360000,0,0,4,0,0,0,156
INS,537,5370000,4,5,28,35,15,0,0
INS,538,5380000,12,9,0,0,14,22,243
INS,539,5390000,39,11,14,0,0,33,44
INS,540,5400000,1,0,13,0,15,0,249
INS,541,5410000,561,12,0,5,14,6,67
INS,542,5420000,1109,4,7,28,15,0,137
INS,543,5430000,1567,13,25,14,0,4,102
INS,544,5440000,2048,6,0,25,4,36,103
INS,545,5450000,2465,0,0,0,15,0,225
INS,546,5460000,2772,3,33,0,5,0,63
INS,547,5470000,2959,19,0,37,0,0,26
INS,548,5480000,3159,12,34,8,6,12,3
INS,549,5490000,3269,9,0,0,40,0,107
INS,550,5500000,3156,267,0,0,0,8,237
INS,551,5510000,3040,439,0,29,7,0,82
INS,552,5520000,2815,730,0,8,7,18,162
INS,553,5530000,2440,907,37,0,18,10,13
INS,554,5540000,2064,1072,10,0,14,0,34
INS,555,5550000,1622,1197,29,0,3,29,27
INS,556,5560000,1050,1336,1,0,4,0,67
INS,557,5570000,527,1412,66,3,0,14,227
INS,558,5580000,0,1379,14,3,46,26,202
INS,559,5590000,30,1350,553,12,57,11,252
INS,560,5600000,22,1342,1032,467,6,9,110
INS,561,5610000,18,1197,1518,1024,0,20,2
INS,562,5620000,1,1040,1939,1557,473,0,228
INS,563,5630000,11,891,2204,2034,970,0,65
INS,564,5640000,6,667,2505,2357,1388,0,127
INS,565,5650000,3,461,2559,2663,1739,11,145
INS,566,5660000,0,197,2572,2715,2004,9,223
INS,567,5670000,18,0,2490,2793,2134,35,213
INS,568,5680000,9,0,2207,2691,2230,508,149
INS,569,5690000,46,0,1951,2467,2121,982,88
INS,570,5700000,0,50,1481,2186,1951,1412,130
INS,571,5710000,0,0,1062,1702,1668,1716,239
INS,572,5720000,0,59,552,1239,1258,1788,28
INS,573,5730000,33,30,0,697,875,1754,74
INS,574,5740000,3,0,0,145,411,1501,42
INS,575,5750000,0,33,0,0,0,1143,199
INS,576,5760000,23,0,11,6,0,665,1
INS,577,5770000,6,0,0,0,0,86,173
INS,578,5780000,16,0,17,0,26,42,199
INS,579,5790000,0,0,1,0,0,0,116
INS,580,5800000,0,0,21,32,0,37,222
INS,581,5810000,0,0,0,11,0,42,202
INS,582,5820000,45,0,7,8,68,16,54
INS,583,5830000,0,37,6,35,11,0,16
INS,584,5840000,0,1,3,3,27,0,234
INS,585,5850000,25,16,28,4,0,26,60
INS,586,5860000,0,0,25,0,20,0,23
INS,587,5870000,42,0,20,0,0,0,57
INS,588,5880000,4,0,0,15,0,9,40
INS,589,5890000,0,0,4,8,0,0,41
INS,590,5900000,2,0,0,5,17,10,80
INS,591,5910000,13,0,0,0,0,0,76
INS,592,5920000,0,17,0,0,50,16,163
INS,593,5930000,20,19,0,0,16,70,222
INS,594,5940000,0,16,0,1,0,26,157
INS,595,5950000,0,4,0,25,21,9,190
INS,596,5960000,0,0,0,22,15,9,194
INS,597,5970000,0,0,47,0,0,3,215
INS,598,5980000,48,0,20,0,5,0,255
INS,599,5990000,0,0,29,7,0,1,236
INS,600,6000000,13,35,8,0,0,0,16
INS,601,6010000,540,0,0,24,10,15,54
INS,602,6020000,1094,0,0,0,0,24,88
INS,603,6030000,1652,4,0,0,0,0,131
INS,604,6040000,2076,0,26,0,0,24,106
INS,605,6050000,2451,0,35,43,0,20,34
INS,606,6060000,2761,0,0,3,24,49,83
INS,607,6070000,2995,20,0,18,14,4,58
INS,608,6080000,3173,0,0,2,0,0,199
INS,609,6090000,3182,0,0,0,0,0,223
INS,610,6100000,3156,227,0,18,1,22,226
INS,611,6110000,3042,481,0,23,0,1,110
INS,612,6120000,2729,663,0,0,38,0,10
INS,613,6130000,2450,884,0,13,0,0,200
INS,614,6140000,2043,1074,0,0,4,0,247
INS,615,6150000,1603,1210,0,22,0,9,243
INS,616,6160000,1095,1286,26,0,0,43,122
INS,617,6170000,567,1382,0,7,29,0,186
INS,618,6180000,23,1405,4,0,17,0,179
INS,619,6190000,0,1382,544,0,23,26,210
INS,620,6200000,0,1269,1056,447,2,18,20
INS,621,6210000,0,1240,1487,1015,1,39,3
INS,622,6220000,0,1115,1934,1569,519,0,95
INS,623,6230000,42,854,2247,1958,933,0,241
INS,624,6240000,12,707,2481,2327,1360,42,129
INS,625,6250000,0,456,2625,2619,1757,0,162
INS,626,6260000,0,239,2587,2756,1982,29,59
INS,627,6270000,0,18,2471,2828,2146,0,202
INS,628,6280000,17,0,2255,2683,2171,556,182
INS,629,6290000,26,37,1972,2488,2175,1054,13
INS,630,6300000,2,0,1520,2165,1936,1427,96
INS,631,6310000,0,28,1054,1739,1662,1688,2
INS,632,6320000,3,28,534,1210,1264,1812,235
INS,633,6330000,0,0,11,706,888,1679,221
INS,634,6340000,53,0,0,129,446,1528,134
INS,635,6350000,0,26,0,0,10,1145,200
INS,636,6360000,0,0,0,0,3,702,253
INS,637,6370000,0,0,2,0,33,128,240
INS,638,6380000,0,0,8,0,0,4,106
INS,639,6390000,1,19,5,0,0,17,153
INS,640,6400000,35,28,5,13,0,24,233
INS,641,6410000,0,0,0,20,0,0,165
INS,642,6420000,9,0,0,0,20,0,191
INS,643,6430000,29,0,0,29,24,14,19
INS,644,6440000,0,0,0,6,0,5,207
INS,645,6450000,10,59,15,29,0,27,97
INS,646,6460000,0,31,0,0,20,0,25
INS,647,6470000,22,0,0,0,0,20,33
INS,648,6480000,0,0,23,0,19,41,91
INS,649,6490000,13,0,42,37,9,0,126
INS,650,6500000,0,0,0,0,0,16,58
INS,651,6510000,12,0,0,3,35,0,109
INS,652,6520000,0,0,45,44,0,33,198
INS,653,6530000,48,0,0,0,35,22,198
INS,654,6540000,0,0,30,0,0,0,140
INS,655,6550000,30,8,0,0,7,0,172
INS,656,6560000,26,29,0,0,35,46,24
INS,657,6570000,0,0,12,25,44,70,56
INS,658,6580000,5,36,0,27,0,0,246
INS,659,6590000,0,18,0,32,31,0,20
INS,660,6600000,22,17,1,0,0,15,11
INS,661,6610000,544,63,25,0,0,1,94
INS,662,6620000,1066,0,0,0,0,33,65
INS,663,6630000,1627,20,5,25,0,0,148
INS,664,6640000,2064,9,0,0,24,0,73
INS,665,6650000,2447,0,8,0,0,11,203
INS,666,6660000,2787,0,10,0,39,0,78
INS,667,6670000,3056,33,0,0,0,0,92
INS,668,6680000,3159,23,0,0,15,52,13
INS,669,6690000,3226,0,0,41,11,0,59
INS,670,6700000,3125,244,0,18,0,0,185
INS,671,6710000,3038,470,4,0,27,35,133
INS,672,6720000,2777,700,0,4,0,0,57
INS,673,6730000,2440,941,0,21,29,0,24
INS,674,6740000,2075,1066,8,30,14,6,65
INS,675,6750000,1604,1201,0,15,0,3,218
INS,676,6760000,1031,1316,35,0,0,0,50
INS,677,6770000,540,1314,32,1,37,35,156
INS,678,6780000,14,1442,0,0,0,0,182
INS,679,6790000,1,1345,573,19,0,0,169
INS,680,6800000,25,1294,1084,481,0,0,108
INS,681,6810000,17,1262,1525,1049,0,0,70
INS,682,6820000,0,1056,1957,1562,448,0,233
INS,683,6830000,0,875,2236,2002,944,0,4
INS,684,6840000,0,707,2444,2344,1414,0,105
INS,685,6850000,0,509,2613,2618,1709,6,156
INS,686,6860000,33,251,2583,2766,1973,0,68
INS,687,6870000,0,12,2487,2797,2102,0,133
INS,688,6880000,0,0,2216,2709,2212,580,213
INS,689,6890000,12,0,1935,2470,2075,1054,59
INS,690,6900000,4,12,1472,2126,1953,1451,60
INS,691,6910000,0,19,1075,1749,1682,1668,20
INS,692,6920000,0,22,521,1204,1281,1802,210
INS,693,6930000,0,43,0,677,867,1738,2
INS,694,6940000,53,0,0,122,389,1498,36
INS,695,6950000,0,0,7,0,0,1181,203
INS,696,6960000,26,0,0,0,2,601,173
INS,697,6970000,0,60,12,7,0,126,22
INS,698,6980000,0,7,0,0,0,25,122
INS,699,6990000,0,1,0,6,0,0,114
INS,700,7000000,0,23,18,0,6,0,171
INS,701,7010000,8,59,27,0,8,0,243
INS,702,7020000,8,0,14,38,3,20,241
INS,703,7030000,3,0,0,0,0,0,178
INS,704,7040000,0,0,0,0,13,0,205
INS,705,7050000,0,23,5,10,1,0,248
INS,706,7060000,0,28,24,52,0,0,74
INS,707,7070000,47,0,15,46,28,0,123
INS,708,7080000,0,0,0,0,0,19,23
INS,709,7090000,29,0,7,0,8,39,104
INS,710,7100000,17,0,27,19,0,0,101
INS,711,7110000,32,35,0,47,16,0,185
INS,712,7120000,0,0,6,0,2,2,82
INS,713,7130000,0,0,47,0,13,0,149
INS,714,7140000,54,0,0,0,0,0,160
INS,715,7150000,1,0,0,0,0,0,124
INS,716,7160000,14,0,0,0,1,18,173
INS,717,7170000,0,0,57,11,0,0,225
INS,718,7180000,0,19,0,0,0,0,193
INS,719,7190000,15,35,29,4,0,38,56
INS,720,7200000,52,0,0,6,0,0,10
INS,721,7210000,589,33,38,15,0,0,132
INS,722,7220000,1114,0,0,0,0,21,97
INS,723,7230000,1628,9,0,0,24,0,128
INS,724,7240000,2027,9,0,0,13,0,21
INS,725,7250000,2467,23,0,31,20,5,23
INS,726,7260000,2755,0,19,29,0,0,41
INS,727,7270000,3016,0,48,0,21,5,89
INS,728,7280000,3183,25,0,0,42,0,10
INS,729,7290000,3196,21,0,3,0,0,253
INS,730,7300000,3140,284,43,0,0,0,5
INS,731,7310000,3029,509,39,0,9,11,152
INS,732,7320000,2796,691,11,19,0,14,103
INS,733,7330000,2451,895,14,49,44,8,50
INS,734,7340000,2087,1065,0,27,0,0,41
INS,735,7350000,1627,1187,56,0,20,21,46
INS,736,7360000,1123,1313,1,32,8,38,179
INS,737,7370000,574,1362,26,0,64,11,230
INS,738,7380000,0,1365,13,37,0,0,137
INS,739,7390000,30,1379,501,0,10,0,147
INS,740,7400000,0,1298,1053,488,37,22,118
INS,741,7410000,40,1184,1530,1087,1,25,80
INS,742,7420000,0,1062,1893,1547,504,0,212
INS,743,7430000,38,864,2270,1973,981,43,112
INS,744,7440000,46,734,2458,2385,1416,1,232
INS,745,7450000,0,472,2609,2598,1758,0,134
INS,746,7460000,0,236,2581,2777,1993,35,80
INS,747,7470000,0,0,2453,2790,2159,0,133
INS,748,7480000,28,0,2267,2660,2206,572,225
INS,749,7490000,0,28,1905,2469,2120,1012,43
INS,750,7500000,0,0,1537,2137,1951,1452,115
INS,751,7510000,0,0,1033,1759,1653,1713,237
INS,752,7520000,14,34,553,1266,1285,1801,73
INS,753,7530000,0,39,0,710,890,1759,71
INS,754,7540000,0,44,0,151,394,1543,102
INS,755,7550000,0,0,0,0,0,1120,131
INS,756,7560000,18,26,0,0,23,694,45
INS,757,7570000,0,1,38,6,4,136,254
INS,758,7580000,8,0,5,0,2,44,145
INS,759,7590000,4,12,0,0,0,1,120
INS,760,7600000,0,0,42,16,23,14,215
INS,761,7610000,39,3,0,0,0,0,179
INS,762,7620000,0,0,0,0,49,0,203
INS,763,7630000,12,16,11,30,14,27,25
INS,764,7640000,0,2,17,0,23,0,230
INS,765,7650000,1,0,5,0,6,50,11
INS,766,7660000,0,0,0,0,38,0,4
INS,767,7670000,0,24,19,9,0,0,35
INS,768,7680000,0,0,7,10,4,8,29
INS,769,7690000,0,2,33,0,0,7,59
INS,770,7700000,26,22,0,0,0,0,82
INS,771,7710000,24,0,0,1,31,2,109
INS,772,7720000,70,0,0,0,16,0,154
INS,773,7730000,26,0,0,1,0,29,141
INS,774,7740000,0,6,22,22,13,15,180
INS,775,7750000,0,0,18,4,24,38,203
INS,776,7760000,12,0,26,0,0,3,177
INS,777,7770000,32,6,27,2,26,0,246
INS,778,7780000,0,4,15,0,9,8,206
INS,779,7790000,34,2,29,0,0,42,38
INS,780,7800000,2,19,1,0,39,13,22
INS,781,7810000,559,19,0,16,0,0,47
INS,782,7820000,1068,0,17,2,14,0,59
INS,783,7830000,1601,2,20,35,36,0,157
INS,784,7840000,2069,0,3,21,6,8,75
INS,785,7850000,2515,8,0,0,0,41,37
INS,786,7860000,2781,9,0,0,18,0,42
INS,787,7870000,2986,48,0,9,46,23,107
INS,788,7880000,3152,18,0,3,0,0,185
INS,789,7890000,3152,40,2,0,0,0,223
INS,790,7900000,3141,269,0,0,21,0,221
INS,791,7910000,3022,480,1,7,0,9,70
INS,792,7920000,2782,668,0,13,0,2,33
INS,793,7930000,2421,955,0,0,28,0,245
INS,794,7940000,2045,1096,0,4,54,0,57
INS,795,7950000,1585,1236,0,3,15,0,226
INS,796,7960000,1086,1325,0,30,0,0,101
INS,797,7970000,570,1366,51,24,0,5,205
INS,798,7980000,21,1377,25,5,0,0,146
INS,799,7990000,1,1397,578,0,0,27,226
INS,800,8000000,12,1302,1019,458,0,23,30
INS,801,8010000,33,1210,1530,1061,23,0,66
INS,802,8020000,0,1076,1919,1548,484,0,229
INS,803,8030000,35,962,2250,2031,983,6,206
INS,804,8040000,9,676,2525,2377,1386,8,169
INS,805,8050000,34,460,2569,2618,1707,11,92
INS,806,8060000,3,263,2564,2737,1957,0,234
INS,807,8070000,56,37,2478,2739,2119,71,227
INS,808,8080000,8,42,2263,2687,2196,557,241
INS,809,8090000,0,0,1909,2498,2148,1048,108
INS,810,8100000,1,8,1533,2200,1948,1405,129
INS,811,8110000,0,4,1066,1762,1672,1714,37
INS,812,8120000,0,4,537,1258,1369,1790,74
INS,813,8130000,0,25,5,677,908,1733,17
INS,814,8140000,0,0,7,89,379,1477,174
INS,815,8150000,0,0,0,0,18,1168,193
INS,816,8160000,56,0,41,26,0,626,29
INS,817,8170000,24,0,0,12,0,118,219
INS,818,8180000,14,6,0,32,4,66,204
INS,819,8190000,23,0,13,0,0,24,159
INS,820,8200000,7,0,0,0,0,0,123
INS,821,8210000,0,0,0,0,0,0,133
INS,822,8220000,0,2,24,0,48,0,224
INS,823,8230000,32,0,0,33,0,0,232
INS,824,8240000,0,0,0,0,10,0,194
INS,825,8250000,44,0,29,0,8,0,26
INS,826,8260000,0,0,10,8,0,0,236
INS,827,8270000,13,11,26,0,0,10,39
INS,828,8280000,0,0,0,22,0,0,18
INS,829,8290000,0,46,25,0,2,0,86
INS,830,8300000,0,0,44,0,22,22,118
INS,831,8310000,0,39,0,0,0,0,86
INS,832,8320000,0,30,4,24,9,13,144
INS,833,8330000,20,38,2,45,0,0,186
INS,834,8340000,4,8,0,4,0,0,114
INS,835,8350000,9,0,7,13,0,6,150
INS,836,8360000,0,11,13,0,0,0,156
INS,837,8370000,0,9,0,0,0,0,158
INS,838,8380000,5,0,22,16,51,18,22
INS,839,8390000,0,0,6,3,28,45,9
INS,840,8400000,1,3,0,0,27,0,231
INS,841,8410000,551,0,0,34,45,25,104
INS,842,8420000,1111,23,13,24,24,0,149
INS,843,8430000,1607,3,0,27,0,17,113
INS,844,8440000,2040,9,0,0,0,13,26
INS,845,8450000,2436,13,34,0,0,44,252
INS,846,8460000,2756,0,0,14,4,0,4
INS,847,8470000,3012,0,0,0,0,0,3
INS,848,8480000,3161,42,0,0,0,40,251
INS,849,8490000,3187,14,15,20,0,0,5
INS,850,8500000,3135,199,0,28,0,6,154
INS,851,8510000,2962,497,50,4,0,53,113
INS,852,8520000,2774,726,0,0,0,0,64
INS,853,8530000,2431,894,75,0,9,0,246
INS,854,8540000,2066,1064,0,0,1,0,241
INS,855,8550000,1629,1226,12,33,63,23,113
INS,856,8560000,1096,1310,11,0,10,3,86
INS,857,8570000,569,1421,0,0,0,0,175
INS,858,8580000,0,1407,0,0,0,0,121
INS,859,8590000,13,1346,550,37,20,18,203
INS,860,8600000,15,1308,1036,471,0,0,42
INS,861,8610000,5,1230,1553,1030,0,1,24
INS,862,8620000,0,1079,1915,1545,482,0,219
INS,863,8630000,13,882,2284,2003,973,16,106
INS,864,8640000,0,705,2472,2360,1382,0,103
INS,865,8650000,0,481,2590,2614,1726,5,105
INS,866,8660000,22,228,2627,2766,2001,17,111
INS,867,8670000,0,41,2479,2807,2114,10,174
INS,868,8680000,11,0,2235,2721,2170,568,189
INS,869,8690000,17,0,1942,2481,2143,1094,178
INS,870,8700000,0,0,1555,2179,1976,1431,171
INS,871,8710000,13,0,1046,1767,1661,1666,224
INS,872,8720000,18,0,531,1215,1263,1770,165
INS,873,8730000,0,22,1,673,862,1728,207
INS,874,8740000,0,0,0,113,398,1505,234
INS,875,8750000,0,0,0,0,0,1074,77
INS,876,8760000,7,19,7,6,0,662,233
INS,877,8770000,29,10,0,22,0,57,179
INS,878,8780000,32,32,0,0,0,52,194
INS,879,8790000,0,0,11,0,25,0,131
INS,880,8800000,11,30,0,0,0,0,153
INS,881,8810000,6,0,0,27,0,4,166
INS,882,8820000,39,0,9,20,15,5,234
INS,883,8830000,0,3,0,0,0,25,191
INS,884,8840000,0,0,25,0,0,7,212
INS,885,8850000,9,0,0,0,0,8,214
INS,886,8860000,4,0,16,14,28,19,39
INS,887,8870000,7,0,3,5,1,0,247
INS,888,8880000,0,0,23,0,32,0,47
INS,889,8890000,0,20,0,8,0,10,47
INS,890,8900000,0,0,15,0,17,5,63
INS,891,8910000,23,36,2,0,0,0,104
INS,892,8920000,0,0,13,0,66,3,142
INS,893,8930000,7,9,1,35,0,19,148
INS,894,8940000,30,8,21,40,0,14,207
INS,895,8950000,13,31,27,3,0,0,185
INS,896,8960000,29,0,17,15,0,17,206
INS,897,8970000,0,20,0,32,6,42,245
INS,898,8980000,0,0,0,5,3,13,183
INS,899,8990000,7,0,14,59,23,0,26
INS,900,9000000,39,8,0,0,45,0,32
INS,901,9010000,571,3,0,21,44,35,119
INS,902,9020000,1089,0,6,24,6,35,110
INS,903,9030000,1581,13,16,14,0,0,79
INS,904,9040000,2059,3,0,7,51,1,81
INS,905,9050000,2455,0,0,0,0,0,176
INS,906,9060000,2731,12,16,0,11,45,41
INS,907,9070000,3023,0,16,0,0,29,55
INS,908,9080000,3146,2,63,11,0,12,238
INS,909,9090000,3202,0,0,34,0,0,1
INS,910,9100000,3155,201,0,0,0,0,138
INS,911,9110000,2971,473,12,0,14,0,13
INS,912,9120000,2745,712,0,5,0,33,55
INS,913,9130000,2454,901,10,0,0,5,203
INS,914,9140000,2014,1125,0,0,34,0,23
INS,915,9150000,1611,1186,0,0,44,4,224
INS,916,9160000,1059,1310,0,10,0,10,41
INS,917,9170000,526,1426,0,22,16,42,213
INS,918,9180000,0,1403,14,17,0,35,179
INS,919,9190000,0,1370,582,0,0,29,196
INS,920,9200000,13,1284,1087,459,19,0,70
INS,921,9210000,7,1201,1517,1051,0,0,233
INS,922,9220000,10,1096,1953,1538,526,8,69
INS,923,9230000,0,863,2239,2018,993,30,74
INS,924,9240000,0,688,2503,2354,1373,18,116
INS,925,9250000,13,474,2602,2609,1760,1,144
INS,926,9260000,40,207,2615,2767,2006,0,81
INS,927,9270000,23,0,2467,2768,2140,12,129
INS,928,9280000,24,1,2231,2695,2196,554,181
INS,929,9290000,6,0,1930,2482,2115,1041,71
INS,930,9300000,14,10,1521,2146,1947,1469,133
INS,931,9310000,0,0,1030,1717,1669,1680,163
INS,932,9320000,36,15,533,1217,1303,1812,24
INS,933,9330000,0,0,0,673,818,1749,157
INS,934,9340000,0,35,0,78,378,1524,229
INS,935,9350000,54,3,0,1,0,1114,171
INS,936,9360000,0,0,47,12,0,636,223
INS,937,9370000,0,0,0,0,3,78,138
INS,938,9380000,0,0,0,0,0,2,76
INS,939,9390000,0,13,33,0,0,0,137
INS,940,9400000,4,0,31,0,46,17,206
INS,941,9410000,0,56,14,29,5,0,229
INS,942,9420000,0,8,0,0,1,0,151
INS,943,9430000,0,0,11,15,0,0,185
INS,944,9440000,14,0,0,0,0,0,190
INS,945,9450000,1,0,27,0,32,39,36
INS,946,9460000,15,21,0,28,21,23,62
INS,947,9470000,16,28,6,23,13,10,67
INS,948,9480000,0,0,23,0,0,0,11
INS,949,9490000,0,3,1,15,0,0,24
INS,950,9500000,35,30,0,1,0,0,88
INS,951,9510000,0,7,0,22,32,0,100
INS,952,9520000,27,0,31,12,0,4,130
INS,953,9530000,33,10,56,31,0,0,203
INS,954,9540000,13,0,28,15,20,0,166
INS,955,9550000,0,0,1,61,0,0,169
INS,956,9560000,37,0,26,0,0,25,212
INS,957,9570000,0,4,19,0,0,39,203
INS,958,9580000,0,2,0,3,0,20,183
INS,959,9590000,8,29,16,0,41,24,37
INS,960,9600000,8,51,0,0,0,0,251
INS,961,9610000,518,38,58,13,0,30,98
INS,962,9620000,1062,5,0,0,2,16,31
INS,963,9630000,1606,0,1,0,0,0,58
INS,964,9640000,2051,7,0,14,0,17,45
INS,965,9650000,2465,0,0,0,0,4,186
INS,966,9660000,2767,0,36,0,47,0,72
INS,967,9670000,3010,0,11,14,11,7,36
INS,968,9680000,3110,2,0,9,0,5,126
INS,969,9690000,3190,47,6,0,15,0,19
INS,970,9700000,3146,263,39,0,0,33,3
INS,971,9710000,3015,487,48,0,0,12,101
INS,972,9720000,2737,642,21,17,17,28,18
INS,973,9730000,2451,870,0,0,0,19,169
INS,974,9740000,2054,1099,28,4,0,0,31
INS,975,9750000,1575,1222,0,0,25,0,197
INS,976,9760000,1081,1283,0,18,27,32,89
INS,977,9770000,596,1381,17,28,11,10,220
INS,978,9780000,0,1407,3,0,9,0,125
INS,979,9790000,31,1421,605,13,0,42,67
INS,980,9800000,43,1331,1063,443,9,0,93
INS,981,9810000,0,1206,1558,1010,9,6,242
INS,982,9820000,0,1071,1919,1539,503,0,222
INS,983,9830000,0,854,2265,1992,963,0,1
INS,984,9840000,17,689,2445,2361,1352,42,82
INS,985,9850000,51,464,2587,2594,1766,5,148
INS,986,9860000,0,262,2630,2765,2039,24,162
INS,987,9870000,5,2,2454,2719,2181,0,76
INS,988,9880000,0,27,2215,2724,2175,523,140
INS,989,9890000,0,11,1943,2500,2127,1033,107
INS,990,9900000,36,1,1552,2185,1970,1387,153
INS,991,9910000,0,19,1059,1778,1652,1664,235
INS,992,9920000,3,26,538,1257,1315,1763,6
INS,993,9930000,0,16,0,692,856,1756,233
INS,994,9940000,56,1,0,100,360,1476,203
INS,995,9950000,21,5,0,0,0,1126,147
INS,996,9960000,0,0,2,24,0,633,183
INS,997,9970000,0,23,0,0,6,145,227
INS,998,9980000,8,0,0,43,5,0,126
INS,999,9990000,0,0,14,55,0,33,189
INS,1000,10000000,0,29,11,0,0,0,144
INS,1001,10010000,6,0,0,0,5,51,183
INS,1002,10020000,25,42,21,0,0,24,250
INS,1003,10030000,0,0,39,0,0,0,194
INS,1004,10040000,0,0,0,0,14,0,186
INS,1005,10050000,0,0,0,16,41,29,19
INS,1006,10060000,40,44,30,11,26,0,101
INS,1007,10070000,8,0,18,0,30,0,23
INS,1008,10080000,0,0,0,0,18,11,13
INS,1009,10090000,11,0,0,16,38,32,98
INS,1010,10100000,0,1,48,0,4,0,71
INS,1011,10110000,16,14,0,16,2,0,83
INS,1012,10120000,49,10,2,0,0,0,113
INS,1013,10130000,12,38,0,0,51,0,170
INS,1014,10140000,0,0,0,2,0,0,88
INS,1015,10150000,20,6,0,44,0,0,173
INS,1016,10160000,0,0,0,0,36,0,156
INS,1017,10170000,16,0,18,0,0,15,186
INS,1018,10180000,0,0,0,8,0,29,191
INS,1019,10190000,0,20,0,0,47,0,238
INS,1020,10200000,3,0,0,1,13,33,238
INS,1021,10210000,534,17,0,0,0,0,244
INS,1022,10220000,1117,0,26,0,1,0,86
INS,1023,10230000,1591,6,13,0,0,37,94
INS,1024,10240000,2102,9,51,28,0,0,142
INS,1025,10250000,2428,0,6,1,0,6,154
INS,1026,10260000,2786,0,8,34,11,0,57
INS,1027,10270000,2994,7,0,0,0,0,236
INS,1028,10280000,3093,0,10,0,0,3,102
INS,1029,10290000,3191,0,1,0,0,0,205
INS,1030,10300000,3145,204,18,18,0,5,164
INS,1031,10310000,3004,457,7,0,0,21,24
INS,1032,10320000,2800,688,24,33,0,9,106
INS,1033,10330000,2417,893,0,26,0,16,177
INS,1034,10340000,2018,1059,3,10,0,0,188
INS,1035,10350000,1578,1203,0,9,8,48,217
INS,1036,10360000,1085,1296,23,16,0,0,64
INS,1037,10370000,521,1359,0,36,7,0,96
INS,1038,10380000,0,1373,12,0,0,0,87
INS,1039,10390000,0,1362,572,23,0,0,164
INS,1040,10400000,0,1275,1054,498,10,12,49
INS,1041,10410000,5,1207,1498,1071,6,21,1
INS,1042,10420000,0,1044,1931,1589,491,0,241
INS,1043,10430000,0,905,2258,1977,991,0,54
INS,1044,10440000,0,703,2488,2370,1374,0,107
INS,1045,10450000,0,474,2585,2623,1762,0,121
INS,1046,10460000,55,231,2562,2799,2040,0,125
INS,1047,10470000,14,0,2450,2806,2129,0,110
INS,1048,10480000,6,32,2296,2719,2189,591,49
INS,1049,10490000,16,17,1935,2479,2172,1001,109
INS,1050,10500000,0,31,1537,2158,2001,1445,190
INS,1051,10510000,0,0,1030,1754,1687,1719,249
INS,1052,10520000,0,3,521,1224,1340,1831,19
INS,1053,10530000,0,35,0,748,918,1713,67
INS,1054,10540000,0,0,0,135,426,1530,41
INS,1055,10550000,0,38,16,0,6,1121,172
INS,1056,10560000,16,0,0,0,19,726,25
INS,1057,10570000,12,0,0,0,34,136,231
INS,1058,10580000,28,0,36,0,0,3,133
INS,1059,10590000,11,1,39,0,0,40,174
INS,1060,10600000,6,4,14,8,3,0,135
INS,1061,10610000,0,17,4,10,0,0,148
INS,1062,10620000,0,13,0,51,0,0,198
INS,1063,10630000,7,0,23,43,0,0,224
INS,1064,10640000,0,11,30,0,0,0,209
INS,1065,10650000,7,0,11,25,0,0,228
INS,1066,10660000,19,0,24,2,8,0,255
INS,1067,10670000,0,1,14,36,9,18,41
INS,1068,10680000,0,0,0,0,5,0,241
INS,1069,10690000,0,16,0,12,10,0,35
INS,1070,10700000,18,0,25,0,22,23,102
INS,1071,10710000,0,31,0,32,31,0,125
INS,1072,10720000,0,36,0,0,18,0,102
INS,1073,10730000,24,40,22,0,0,0,151
INS,1074,10740000,45,0,36,29,0,5,197
INS,1075,10750000,4,4,18,47,0,1,173
INS,1076,10760000,0,0,0,0,11,0,127
INS,1077,10770000,24,8,8,42,0,24,239
INS,1078,10780000,25,14,9,0,0,28,226
INS,1079,10790000,0,0,0,5,19,20,211
INS,1080,10800000,12,0,0,24,26,0,246
INS,1081,10810000,521,0,1,0,15,0,226
INS,1082,10820000,1090,0,18,3,0,0,49
INS,1083,10830000,1607,6,0,18,10,0,84
INS,1084,10840000,2072,17,16,4,0,33,90
INS,1085,10850000,2431,14,6,0,0,0,160
INS,1086,10860000,2783,31,0,0,26,17,71
INS,1087,10870000,3003,29,0,12,0,7,26
INS,1088,10880000,3185,0,0,0,4,0,181
INS,1089,10890000,3189,5,0,0,0,0,203
INS,1090,10900000,3124,303,0,0,0,0,197
INS,1091,10910000,3039,464,0,5,20,0,59
INS,1092,10920000,2792,713,6,0,20,0,79
INS,1093,10930000,2481,893,10,0,28,26,3
INS,1094,10940000,2008,1104,0,0,0,13,219
INS,1095,10950000,1548,1215,18,0,4,0,152
INS,1096,10960000,1105,1302,4,24,27,0,102
INS,1097,10970000,587,1386,19,3,0,3,167
INS,1098,10980000,5,1390,1,0,0,3,97
INS,1099,10990000,0,1368,521,17,0,11,120
INS,1100,11000000,8,1340,1069,512,9,33,167
INS,1101,11010000,65,1187,1563,986,0,32,22
INS,1102,11020000,0,1073,1942,1544,481,0,222
INS,1103,11030000,45,907,2229,1992,951,42,85
INS,1104,11040000,3,724,2519,2375,1394,5,188
INS,1105,11050000,0,476,2606,2597,1753,0,105
INS,1106,11060000,33,269,2561,2744,2030,0,71
INS,1107,11070000,0,0,2464,2830,2201,0,202
INS,1108,11080000,6,7,2278,2680,2160,595,194
INS,1109,11090000,31,42,1949,2492,2137,1008,144
INS,1110,11100000,8,0,1566,2157,1958,1475,178
INS,1111,11110000,14,7,1073,1773,1677,1706,49
INS,1112,11120000,0,8,558,1298,1329,1788,77
INS,1113,11130000,0,28,8,690,875,1710,216
INS,1114,11140000,0,7,0,91,412,1469,181
INS,1115,11150000,71,13,0,18,7,1125,221
INS,1116,11160000,0,18,0,0,0,646,180
INS,1117,11170000,0,0,2,25,0,152,224
INS,1118,11180000,0,44,2,0,0,21,129
INS,1119,11190000,0,0,36,0,0,7,122
INS,1120,11200000,0,0,0,0,43,9,148
INS,1121,11210000,45,0,32,0,0,0,190
INS,1122,11220000,0,0,0,43,0,46,219
INS,1123,11230000,0,0,18,34,21,0,220
INS,1124,11240000,0,0,0,44,34,0,242
INS,1125,11250000,0,2,30,0,6,0,219
INS,1126,11260000,0,22,29,15,5,18,31
INS,1127,11270000,0,11,0,0,13,0,239
INS,1128,11280000,0,0,29,34,0,0,39
INS,1129,11290000,0,0,52,38,0,14,97
INS,1130,11300000,30,34,12,0,0,0,86
INS,1131,11310000,0,0,0,26,0,11,64
INS,1132,11320000,0,0,15,39,0,3,101
INS,1133,11330000,0,13,28,0,0,0,102
INS,1134,11340000,0,37,0,0,0,15,130
INS,1135,11350000,20,0,0,0,0,0,115
INS,1136,11360000,5,68,9,58,26,22,44
INS,1137,11370000,47,0,31,4,3,27,241
INS,1138,11380000,0,0,0,0,0,0,146
INS,1139,11390000,7,10,13,44,0,18,255
INS,1140,11400000,0,22,14,0,0,0,216
INS,1141,11410000,530,6,47,0,14,29,55
INS,1142,11420000,1105,4,0,34,0,0,77
INS,1143,11430000,1594,16,8,3,71,34,165
INS,1144,11440000,2025,33,0,46,0,33,81
INS,1145,11450000,2439,0,20,20,0,13,197
INS,1146,11460000,2745,0,16,0,0,0,227
INS,1147,11470000,3017,0,0,4,54,7,53
INS,1148,11480000,3155,3,26,0,0,16,188
INS,1149,11490000,3220,6,51,0,0,0,26
INS,1150,11500000,3159,251,19,0,57,34,30
INS,1151,11510000,2989,463,0,14,20,33,46
INS,1152,11520000,2824,685,0,0,22,0,75
INS,1153,11530000,2456,922,0,0,28,0,223
INS,1154,11540000,2059,1090,18,49,0,24,74
INS,1155,11550000,1632,1247,14,0,13,0,13
INS,1156,11560000,1094,1315,9,0,0,5,59
INS,1157,11570000,534,1398,0,53,0,0,150
INS,1158,11580000,69,1357,60,0,29,23,232
INS,1159,11590000,5,1392,539,0,2,4,141
INS,1160,11600000,0,1330,1093,457,6,8,86
INS,1161,11610000,16,1193,1519,1045,51,0,9
INS,1162,11620000,2,1050,1907,1536,520,0,193
INS,1163,11630000,0,887,2235,1975,956,33,1
INS,1164,11640000,9,708,2465,2390,1402,0,138
INS,1165,11650000,0,517,2573,2557,1731,11,58
INS,1166,11660000,0,213,2587,2757,1973,0,216
INS,1167,11670000,16,0,2465,2754,2130,0,68
INS,1168,11680000,8,23,2249,2715,2157,574,190
INS,1169,11690000,0,23,1942,2488,2154,1056,144
INS,1170,11700000,18,42,1485,2159,1949,1453,116
INS,1171,11710000,0,19,1061,1760,1644,1651,186
INS,1172,11720000,9,0,536,1256,1376,1758,27
INS,1173,11730000,0,7,1,697,815,1752,173
INS,1174,11740000,0,4,0,107,355,1531,195
INS,1175,11750000,29,21,4,0,0,1100,137
INS,1176,11760000,0,0,2,0,0,661,175
INS,1177,11770000,37,4,39,11,4,138,18
INS,1178,11780000,0,31,0,10,52,20,171
INS,1179,11790000,5,0,0,10,24,40,154
INS,1180,11800000,11,8,0,55,24,0,190
INS,1181,11810000,0,7,0,7,1,19,143
INS,1182,11820000,10,2,4,4,0,0,146
INS,1183,11830000,2,0,11,0,0,0,156
INS,1184,11840000,33,0,3,12,2,4,214
INS,1185,11850000,29,0,26,45,0,24,45
INS,1186,11860000,0,4,0,0,13,68,23
INS,1187,11870000,0,37,0,7,0,1,0
INS,1188,11880000,37,0,0,0,5,39,53
INS,1189,11890000,7,1,0,0,20,4,21
INS,1190,11900000,14,0,0,6,15,0,41
INS,1191,11910000,0,0,47,7,0,0,77
INS,1192,11920000,0,0,0,53,0,0,93
INS,1193,11930000,0,33,22,0,0,0,112
INS,1194,11940000,0,13,0,10,0,8,105
INS,1195,11950000,40,0,15,0,36,3,185
INS,1196,11960000,5,0,0,0,0,0,113
INS,1197,11970000,0,3,0,0,0,0,128
INS,1198,11980000,0,35,0,0,0,0,177
INS,1199,11990000,13,1,7,0,20,0,200
INS,1200,12000000,5,9,0,9,0,10,209
INS,1201,12010000,540,0,0,0,0,26,247
INS,1202,12020000,1097,0,0,29,6,6,68
INS,1203,12030000,1644,0,14,33,13,3,142
INS,1204,12040000,2035,0,0,13,6,13,7
INS,1205,12050000,2445,13,18,38,0,0,215
INS,1206,12060000,2775,0,0,25,0,20,26
INS,1207,12070000,3035,8,0,0,0,0,10
INS,1208,12080000,3125,0,0,4,0,4,117
INS,1209,12090000,3153,17,21,5,5,6,208
INS,1210,12100000,3150,254,6,49,0,3,224
INS,1211,12110000,2959,476,2,18,25,5,8
INS,1212,12120000,2767,700,0,0,0,3,10
INS,1213,12130000,2471,892,16,1,3,19,215
INS,1214,12140000,2080,1073,28,0,0,21,32
INS,1215,12150000,1598,1233,0,16,57,3,10
INS,1216,12160000,1085,1290,0,3,0,0,10
INS,1217,12170000,576,1317,28,0,55,0,137
INS,1218,12180000,0,1361,3,27,0,0,81
INS,1219,12190000,0,1388,545,44,0,43,215
INS,1220,12200000,0,1347,1073,471,25,2,106
INS,1221,12210000,0,1212,1491,1023,15,0,178
INS,1222,12220000,0,1089,1954,1556,506,0,23
INS,1223,12230000,29,883,2267,1987,960,0,37
INS,1224,12240000,21,690,2484,2356,1378,12,101
INS,1225,12250000,3,480,2581,2646,1778,0,153
INS,1226,12260000,0,260,2545,2753,1978,0,218
INS,1227,12270000,0,30,2457,2768,2154,16,124
INS,1228,12280000,0,11,2230,2707,2210,551,169
INS,1229,12290000,8,0,1929,2446,2129,988,233
INS,1230,12300000,0,0,1506,2127,2012,1443,94
INS,1231,12310000,0,33,1068,1781,1669,1682,24
INS,1232,12320000,6,17,537,1231,1316,1784,235
INS,1233,12330000,0,3,31,653,877,1731,192
INS,1234,12340000,0,10,9,110,388,1468,179
INS,1235,12350000,0,0,0,0,7,1142,128
INS,1236,12360000,30,0,22,0,0,595,155
INS,1237,12370000,0,0,11,0,0,96,144
INS,1238,12380000,0,0,16,0,0,63,133
INS,1239,12390000,41,8,27,41,4,0,192
INS,1240,12400000,5,44,14,1,0,0,152
INS,1241,12410000,7,29,0,23,0,0,164
INS,1242,12420000,0,0,0,0,0,34,156
INS,1243,12430000,0,0,43,0,2,0,184
INS,1244,12440000,0,12,3,19,0,61,251
INS,1245,12450000,20,45,19,3,0,20,24
INS,1246,12460000,29,0,10,5,0,1,235
INS,1247,12470000,0,55,0,16,0,10,32
INS,1248,12480000,4,0,12,0,13,2,255
INS,1249,12490000,17,5,0,23,25,0,55
INS,1250,12500000,11,19,24,38,0,4,98
INS,1251,12510000,0,0,0,0,0,22,41
INS,1252,12520000,0,0,8,18,10,0,72
INS,1253,12530000,0,0,0,0,8,19,80
INS,1254,12540000,1,0,0,1,40,14,126
INS,1255,12550000,0,16,9,0,32,0,144
INS,1256,12560000,72,31,0,15,0,0,222
INS,1257,12570000,14,27,18,18,30,0,228
INS,1258,12580000,19,0,4,0,7,0,168
INS,1259,12590000,0,0,0,0,0,4,159
INS,1260,12600000,42,50,6,0,0,33,47
INS,1261,12610000,559,1,0,0,0,0,237
INS,1262,12620000,1112,0,0,0,27,18,83
INS,1263,12630000,1656,0,10,0,0,28,125
INS,1264,12640000,2059,0,26,24,0,18,63
INS,1265,12650000,2471,15,8,0,16,0,207
INS,1266,12660000,2788,0,5,0,61,0,56
INS,1267,12670000,2994,0,35,0,17,17,26
INS,1268,12680000,3162,0,0,0,0,0,142
INS,1269,12690000,3190,0,10,23,71,38,73
INS,1270,12700000,3127,233,0,0,0,0,118
INS,1271,12710000,2967,501,4,20,1,0,12
INS,1272,12720000,2771,726,8,18,29,0,88
INS,1273,12730000,2462,868,0,25,0,2,166
INS,1274,12740000,2017,1087,0,39,0,0,225
INS,1275,12750000,1628,1206,0,0,20,4,213
INS,1276,12760000,1095,1344,9,26,0,46,148
INS,1277,12770000,578,1360,4,44,25,0,168
INS,1278,12780000,0,1385,0,0,0,4,75
INS,1279,12790000,0,1384,513,8,10,2,108
INS,1280,12800000,11,1260,1054,441,37,0,243
INS,1281,12810000,17,1222,1527,1078,9,0,30
INS,1282,12820000,0,1119,1964,1573,544,56,170
INS,1283,12830000,30,893,2287,1969,963,40,89
INS,1284,12840000,0,683,2501,2347,1391,31,109
INS,1285,12850000,23,515,2579,2598,1742,19,137
INS,1286,12860000,0,218,2609,2779,1996,40,64
INS,1287,12870000,0,2,2443,2783,2174,7,104
INS,1288,12880000,14,0,2230,2674,2198,602,174
INS,1289,12890000,4,0,1910,2480,2133,1045,45
INS,1290,12900000,0,11,1526,2147,1961,1446,93
INS,1291,12910000,33,43,1059,1751,1682,1714,69
INS,1292,12920000,42,0,537,1214,1283,1778,194
INS,1293,12930000,0,0,0,680,873,1693,139
INS,1294,12940000,27,9,48,90,411,1493,12
INS,1295,12950000,0,0,0,0,0,1113,88
INS,1296,12960000,11,0,0,34,6,638,193
INS,1297,12970000,8,4,23,12,0,97,177
INS,1298,12980000,0,14,31,14,0,19,128
INS,1299,12990000,0,0,0,0,3,0,70
INS,1300,13000000,0,0,11,0,12,24,131
INS,1301,13010000,0,3,41,20,0,0,165
INS,1302,13020000,0,48,0,3,0,0,169
INS,1303,13030000,0,0,0,30,63,0,228
INS,1304,13040000,0,11,14,0,0,12,189
INS,1305,13050000,0,9,20,0,0,0,198
INS,1306,13060000,0,0,0,57,9,4,0
INS,1307,13070000,0,0,32,10,3,10,2
INS,1308,13080000,0,3,0,0,0,0,223
INS,1309,13090000,9,1,47,0,0,0,38
INS,1310,13100000,0,20,16,9,13,6,62
INS,1311,13110000,0,0,0,0,8,41,64
INS,1312,13120000,0,85,4,0,0,47,168
INS,1313,13130000,0,13,0,0,0,0,62
INS,1314,13140000,29,10,29,17,5,5,161
INS,1315,13150000,29,12,0,0,31,0,155
INS,1316,13160000,0,0,1,41,26,0,168
INS,1317,13170000,3,8,39,12,48,0,227
INS,1318,13180000,0,0,2,4,0,16,156
INS,1319,13190000,4,0,32,43,12,1,243
INS,1320,13200000,0,0,0,7,2,32,209
INS,1321,13210000,587,26,0,42,33,23,128
INS,1322,13220000,1076,49,0,0,11,62,120
INS,1323,13230000,1594,0,62,20,10,5,118
INS,1324,13240000,2064,33,0,56,9,0,94
INS,1325,13250000,2405,0,0,0,4,0,102
INS,1326,13260000,2793,32,0,25,24,0,72
INS,1327,13270000,3020,0,0,0,0,36,15
INS,1328,13280000,3124,0,12,8,10,0,130
INS,1329,13290000,3210,0,23,0,0,0,226
INS,1330,13300000,3105,255,0,0,23,0,137
INS,1331,13310000,2971,499,10,0,8,8,11
INS,1332,13320000,2772,716,19,5,0,0,44
INS,1333,13330000,2464,908,17,0,0,0,194
INS,1334,13340000,2054,1043,15,0,0,0,190
INS,1335,13350000,1638,1228,0,23,0,11,251
INS,1336,13360000,1116,1309,0,0,23,0,72
INS,1337,13370000,564,1369,0,41,0,0,127
INS,1338,13380000,0,1413,43,4,0,6,148
INS,1339,13390000,0,1373,566,0,29,4,159
INS,1340,13400000,0,1341,1049,455,16,0,41
INS,1341,13410000,0,1194,1494,1017,28,0,162
INS,1342,13420000,0,1069,1945,1552,498,4,234
INS,1343,13430000,0,884,2228,1970,951,0,192
INS,1344,13440000,11,672,2462,2330,1368,0,251
INS,1345,13450000,0,484,2582,2651,1726,0,100
INS,1346,13460000,0,198,2583,2744,2009,0,208
INS,1347,13470000,20,0,2483,2783,2134,0,111
INS,1348,13480000,7,0,2231,2686,2213,529,118
INS,1349,13490000,45,26,1919,2508,2128,1018,113
INS,1350,13500000,0,0,1527,2183,1924,1459,91
INS,1351,13510000,5,49,1075,1751,1660,1731,54
INS,1352,13520000,48,17,513,1250,1324,1818,50
INS,1353,13530000,0,11,0,676,857,1733,166
INS,1354,13540000,0,16,0,93,410,1527,232
INS,1355,13550000,15,39,0,15,3,1116,159
INS,1356,13560000,7,0,6,12,32,633,190
INS,1357,13570000,0,8,19,0,0,134,190
INS,1358,13580000,9,10,0,12,0,27,104
INS,1359,13590000,57,0,81,7,5,0,213
INS,1360,13600000,8,0,13,0,39,3,143
INS,1361,13610000,0,15,0,0,11,14,137
INS,1362,13620000,0,19,0,0,0,0,133
INS,1363,13630000,5,50,0,0,12,0,198
INS,1364,13640000,0,0,5,7,0,0,160
INS,1365,13650000,0,6,12,0,33,37,253
INS,1366,13660000,6,0,54,0,0,0,242
INS,1367,13670000,6,0,4,0,0,15,224
INS,1368,13680000,0,0,23,0,0,7,246
INS,1369,13690000,8,0,4,0,6,0,251
INS,1370,13700000,0,2,23,0,48,6,73
INS,1371,13710000,22,18,0,35,0,24,110
INS,1372,13720000,23,0,56,26,12,0,145
INS,1373,13730000,14,0,23,18,0,38,138
INS,1374,13740000,0,16,0,32,10,1,121
INS,1375,13750000,29,26,15,0,16,26,191
INS,1376,13760000,22,48,23,0,4,34,227
INS,1377,13770000,42,27,38,0,18,0,238
INS,1378,13780000,0,0,71,27,0,15,243
INS,1379,13790000,0,0,0,0,0,0,147
INS,1380,13800000,32,46,21,19,0,0,26
INS,1381,13810000,524,0,30,5,0,0,228
INS,1382,13820000,1096,0,0,24,30,0,68
INS,1383,13830000,1618,0,0,0,32,0,73
INS,1384,13840000,2098,11,0,18,0,13,68
INS,1385,13850000,2464,0,37,12,0,52,254
INS,1386,13860000,2776,41,8,3,10,6,38
INS,1387,13870000,2996,1,0,0,0,0,208
INS,1388,13880000,3162,0,5,0,0,29,168
INS,1389,13890000,3221,0,0,9,34,9,6
INS,1390,13900000,3119,213,0,56,0,22,160
INS,1391,13910000,2985,493,14,42,0,0,45
INS,1392,13920000,2787,704,39,0,58,0,116
INS,1393,13930000,2462,867,8,14,3,4,159
INS,1394,13940000,2066,1064,0,0,50,47,45
INS,1395,13950000,1643,1261,4,9,0,49,57
INS,1396,13960000,1107,1264,19,8,0,0,18
INS,1397,13970000,555,1363,0,0,0,0,67
INS,1398,13980000,0,1363,0,0,8,0,49
INS,1399,13990000,0,1366,529,1,0,0,79
INS,1400,14000000,0,1287,1067,424,0,0,210
INS,1401,14010000,0,1248,1551,1029,8,0,5
INS,1402,14020000,11,1094,1968,1532,487,20,18
INS,1403,14030000,0,895,2216,2006,998,0,14
INS,1404,14040000,0,734,2501,2355,1348,0,86
INS,1405,14050000,0,462,2591,2552,1743,0,1
INS,1406,14060000,0,250,2628,2733,1972,21,18
INS,1407,14070000,0,0,2509,2788,2171,33,188
INS,1408,14080000,0,0,2255,2686,2210,564,163
INS,1409,14090000,0,0,1923,2509,2113,1041,51
INS,1410,14100000,0,11,1550,2174,1941,1474,144
INS,1411,14110000,0,14,1038,1689,1691,1705,172
INS,1412,14120000,29,2,564,1263,1341,1819,94
INS,1413,14130000,20,12,0,714,931,1784,90
INS,1414,14140000,18,0,18,63,396,1533,210
INS,1415,14150000,0,0,0,0,11,1140,118
INS,1416,14160000,10,0,4,0,0,617,127
INS,1417,14170000,0,0,21,40,0,82,168
INS,1418,14180000,21,0,0,30,23,0,116
INS,1419,14190000,54,17,19,0,0,0,149
INS,1420,14200000,0,11,26,25,46,0,184
INS,1421,14210000,0,0,0,12,0,3,108
INS,1422,14220000,20,0,30,0,0,36,196
INS,1423,14230000,41,0,21,0,20,29,238
INS,1424,14240000,8,2,33,31,0,0,218
INS,1425,14250000,43,0,0,32,14,0,250
INS,1426,14260000,0,1,50,31,0,0,4
INS,1427,14270000,5,0,27,21,0,0,248
INS,1428,14280000,20,0,0,0,0,0,232
INS,1429,14290000,0,37,27,6,14,0,57
INS,1430,14300000,75,0,7,0,0,0,72
INS,1431,14310000,0,0,0,0,0,0,7
INS,1432,14320000,0,2,0,0,46,0,72
INS,1433,14330000,8,3,0,0,4,43,99
INS,1434,14340000,5,0,7,61,18,0,149
INS,1435,14350000,33,0,53,0,1,0,162
INS,1436,14360000,10,0,0,18,0,0,120
INS,1437,14370000,34,11,0,1,5,22,182
INS,1438,14380000,18,15,0,0,7,0,166
INS,1439,14390000,92,0,0,0,0,0,235
INS,1440,14400000,23,0,0,0,0,0,183
INS,1441,14410000,549,7,0,2,2,0,225
INS,1442,14420000,1109,38,0,0,0,0,61
INS,1443,14430000,1542,0,32,15,38,0,46
INS,1444,14440000,2027,0,4,13,0,9,233
INS,1445,14450000,2475,0,1,0,0,0,161
INS,1446,14460000,2784,38,20,14,0,0,46
INS,1447,14470000,2991,11,1,13,0,45,12
INS,1448,14480000,3167,0,0,33,16,0,184
INS,1449,14490000,3182,7,0,0,13,0,187
INS,1450,14500000,3167,243,30,18,18,15,237
INS,1451,14510000,2964,474,17,0,0,0,218
INS,1452,14520000,2804,652,20,6,23,0,29
INS,1453,14530000,2449,886,10,0,5,0,147
INS,1454,14540000,2069,1032,0,0,18,14,203
INS,1455,14550000,1601,1233,35,10,48,19,33
INS,1456,14560000,1099,1304,17,46,0,0,82
INS,1457,14570000,520,1343,0,26,0,6,40
INS,1458,14580000,0,1407,28,24,8,9,150
INS,1459,14590000,0,1338,585,0,0,15,117
INS,1460,14600000,0,1364,1054,491,0,43,124
INS,1461,14610000,0,1221,1528,1048,26,0,244
INS,1462,14620000,0,1088,1921,1512,505,0,184
INS,1463,14630000,57,938,2244,1990,934,21,79
INS,1464,14640000,0,702,2467,2411,1349,8,81
INS,1465,14650000,0,454,2566,2628,1733,12,42
INS,1466,14660000,0,247,2564,2758,1981,0,216
INS,1467,14670000,0,0,2468,2758,2164,4,77
INS,1468,14680000,11,36,2248,2726,2226,599,34
INS,1469,14690000,3,24,1966,2520,2162,1070,206
INS,1470,14700000,33,0,1526,2165,1966,1468,148
INS,1471,14710000,12,16,1027,1767,1676,1676,205
INS,1472,14720000,0,0,504,1228,1311,1790,161
INS,1473,14730000,24,19,15,696,868,1765,12
INS,1474,14740000,0,7,4,145,396,1501,231
INS,1475,14750000,0,19,14,0,0,1155,151
INS,1476,14760000,19,0,26,0,0,675,212
INS,1477,14770000,18,0,10,0,19,67,135
INS,1478,14780000,0,0,0,17,0,0,55
INS,1479,14790000,8,41,10,23,6,6,149
INS,1480,14800000,13,0,11,0,12,44,152
INS,1481,14810000,0,0,4,7,5,0,105
INS,1482,14820000,0,5,0,9,3,10,133
INS,1483,14830000,0,0,0,18,16,0,157
INS,1484,14840000,0,0,9,0,38,0,187
INS,1485,14850000,13,8,0,0,0,0,178
INS,1486,14860000,26,17,0,6,0,25,248
INS,1487,14870000,37,0,0,0,1,0,229
INS,1488,14880000,0,23,36,17,0,0,28
INS,1489,14890000,0,1,2,1,0,0,229
INS,1490,14900000,0,20,0,52,0,13,71
INS,1491,14910000,5,0,0,0,25,0,33
INS,1492,14920000,0,0,18,18,50,0,106
INS,1493,14930000,0,0,6,0,0,0,43
INS,1494,14940000,19,0,0,24,0,16,113
INS,1495,14950000,0,0,0,0,0,0,71
INS,1496,14960000,0,70,22,0,0,0,180
INS,1497,14970000,41,16,0,0,0,9,171
INS,1498,14980000,28,7,0,35,0,0,192
INS,1499,14990000,21,13,16,0,0,0,189
INS,1500,15000000,18,0,0,0,48,0,222
INS,1501,15010000,532,20,0,11,18,9,251
INS,1502,15020000,1161,26,0,12,19,10,138
INS,1503,15030000,1610,0,2,0,0,0,27
INS,1504,15040000,2067,4,14,0,12,0,17
INS,1505,15050000,2495,0,0,0,0,0,176
INS,1506,15060000,2769,6,25,0,0,10,252
INS,1507,15070000,3052,70,0,14,6,0,89
INS,1508,15080000,3157,0,0,3,31,18,173
INS,1509,15090000,3217,56,0,0,0,0,254
INS,1510,15100000,3134,264,10,0,52,14,216
INS,1511,15110000,3025,445,0,0,23,48,44
INS,1512,15120000,2800,675,0,0,0,0,251
INS,1513,15130000,2467,867,21,33,0,0,181
INS,1514,15140000,2036,1061,0,3,22,12,200
INS,1515,15150000,1615,1227,17,0,0,4,202
INS,1516,15160000,1149,1301,6,0,0,0,68
INS,1517,15170000,577,1411,0,49,34,0,212
INS,1518,15180000,0,1381,0,43,9,0,103
INS,1519,15190000,10,1377,592,5,0,27,186
INS,1520,15200000,0,1312,1078,501,2,3,64
INS,1521,15210000,0,1247,1507,1045,0,0,216
INS,1522,15220000,17,1092,1906,1552,536,0,1
INS,1523,15230000,32,924,2238,2018,958,0,61
INS,1524,15240000,0,734,2503,2322,1392,0,91
INS,1525,15250000,0,464,2589,2579,1737,0,14
INS,1526,15260000,0,238,2590,2810,2006,16,66
INS,1527,15270000,0,0,2459,2752,2149,42,81
INS,1528,15280000,0,0,2282,2716,2190,511,139
INS,1529,15290000,19,37,1925,2476,2156,1038,108
INS,1530,15300000,15,0,1505,2152,1930,1400,244
INS,1531,15310000,0,4,1055,1741,1650,1678,155
INS,1532,15320000,0,0,519,1249,1326,1790,208
INS,1533,15330000,30,32,0,693,837,1752,221
INS,1534,15340000,35,0,0,135,370,1516,230
INS,1535,15350000,7,0,0,0,0,1100,66
INS,1536,15360000,0,0,0,27,10,651,176
INS,1537,15370000,0,10,12,0,0,140,179
INS,1538,15380000,0,5,13,0,0,2,54
INS,1539,15390000,18,15,0,0,0,0,84
INS,1540,15400000,0,7,0,0,18,0,93
INS,1541,15410000,37,0,0,0,0,3,125
INS,1542,15420000,0,6,0,5,36,0,149
INS,1543,15430000,0,0,6,4,0,14,143
INS,1544,15440000,0,0,4,20,37,5,202
INS,1545,15450000,13,0,0,22,0,0,188
INS,1546,15460000,3,44,14,0,0,0,231
INS,1547,15470000,0,30,9,12,0,5,243
INS,1548,15480000,28,5,0,19,0,33,33
INS,1549,15490000,17,22,0,22,61,32,119
INS,1550,15500000,0,2,0,0,0,0,240
INS,1551,15510000,0,0,5,0,0,0,4
INS,1552,15520000,0,38,18,10,4,0,86
INS,1553,15530000,18,0,0,0,0,14,65
INS,1554,15540000,0,0,63,25,0,0,138
INS,1555,15550000,0,0,0,64,15,0,146
INS,1556,15560000,0,0,0,0,0,0,84
INS,1557,15570000,0,0,9,0,0,0,110
INS,1558,15580000,14,32,0,31,0,0,195
INS,1559,15590000,0,0,1,11,0,0,147
INS,1560,15600000,0,0,10,33,0,0,195
INS,1561,15610000,548,8,24,21,0,0,2
INS,1562,15620000,1125,30,4,36,12,0,113
INS,1563,15630000,1599,23,0,0,0,5,38
INS,1564,15640000,2072,0,24,0,0,0,12
INS,1565,15650000,2448,0,27,0,0,21,173
INS,1566,15660000,2748,33,35,0,26,25,49
INS,1567,15670000,2965,0,44,0,0,0,208
INS,1568,15680000,3152,39,0,28,0,38,217
INS,1569,15690000,3206,0,0,0,4,24,211
INS,1570,15700000,3133,223,14,9,9,0,126
INS,1571,15710000,2988,492,3,18,0,22,22
INS,1572,15720000,2763,706,0,13,29,9,36
INS,1573,15730000,2455,913,0,0,26,23,206
INS,1574,15740000,2055,1068,0,0,9,0,194
INS,1575,15750000,1615,1217,17,11,0,0,195
INS,1576,15760000,1077,1320,4,5,0,4,18
INS,1577,15770000,539,1361,11,0,33,13,94
INS,1578,15780000,17,1370,0,0,18,0,71
INS,1579,15790000,1,1374,544,27,0,0,117
INS,1580,15800000,49,1341,1053,515,0,25,147
INS,1581,15810000,32,1245,1515,1046,0,21,16
INS,1582,15820000,21,1072,1924,1554,489,0,210
INS,1583,15830000,0,881,2262,2002,978,0,10
INS,1584,15840000,24,686,2449,2387,1401,9,92
INS,1585,15850000,16,511,2577,2616,1733,0,94
INS,1586,15860000,34,258,2573,2770,1971,0,8
INS,1587,15870000,11,17,2527,2796,2135,15,176
INS,1588,15880000,0,19,2215,2712,2203,532,117
INS,1589,15890000,0,0,1900,2471,2102,998,180
INS,1590,15900000,0,0,1514,2169,1966,1391,22
INS,1591,15910000,4,0,1071,1736,1688,1663,185
INS,1592,15920000,0,19,550,1216,1298,1767,170
INS,1593,15930000,2,40,0,696,836,1707,154
INS,1594,15940000,11,8,25,159,405,1498,20
INS,1595,15950000,0,25,0,0,7,1139,126
INS,1596,15960000,0,2,0,0,0,629,115
INS,1597,15970000,0,3,0,11,5,154,186
INS,1598,15980000,28,23,10,0,0,0,91
INS,1599,15990000,13,27,0,41,0,0,128
INS,1600,16000000,0,33,0,21,32,0,150
INS,1601,16010000,0,0,0,0,44,0,125
INS,1602,16020000,0,0,30,19,0,0,147
INS,1603,16030000,0,0,0,0,19,4,138
INS,1604,16040000,4,0,0,52,26,10,224
INS,1605,16050000,0,24,0,28,0,0,201
INS,1606,16060000,6,30,0,0,3,3,208
INS,1607,16070000,0,2,0,10,0,47,242
INS,1608,16080000,16,7,0,1,0,0,224
INS,1609,16090000,32,13,0,44,11,4,65
INS,1610,16100000,18,0,0,0,18,44,58
INS,1611,16110000,30,16,11,50,0,0,102
INS,1612,16120000,0,0,0,0,20,0,32
INS,1613,16130000,0,0,0,7,0,38,74
INS,1614,16140000,0,0,24,30,0,2,102
INS,1615,16150000,0,0,0,19,24,0,106
INS,1616,16160000,49,0,0,0,0,2,131
INS,1617,16170000,0,10,0,0,0,0,107
INS,1618,16180000,0,13,38,0,25,0,190
INS,1619,16190000,7,30,0,15,0,0,183
INS,1620,16200000,24,23,0,0,0,0,195
INS,1621,16210000,527,0,26,0,17,0,223
INS,1622,16220000,1099,0,0,0,24,0,25
INS,1623,16230000,1604,3,0,0,0,15,29
INS,1624,16240000,2068,0,34,15,0,23,52
INS,1625,16250000,2455,0,32,30,27,4,221
INS,1626,16260000,2809,25,15,3,10,3,43
INS,1627,16270000,3000,0,0,26,31,0,252
INS,1628,16280000,3088,0,11,0,0,0,55
INS,1629,16290000,3170,31,0,16,8,5,203
INS,1630,16300000,3158,227,19,0,14,0,152
INS,1631,16310000,3018,465,12,13,12,0,15
INS,1632,16320000,2766,711,7,39,17,2,54
INS,1633,16330000,2427,890,0,1,0,19,122
INS,1634,16340000,2066,1083,0,4,0,0,211
INS,1635,16350000,1583,1168,0,12,2,0,96
INS,1636,16360000,1087,1359,0,39,0,11,100
INS,1637,16370000,592,1356,0,22,0,0,103
INS,1638,16380000,34,1396,0,0,0,0,92
INS,1639,16390000,0,1407,539,0,33,0,146
INS,1640,16400000,0,1314,1068,484,26,0,52
INS,1641,16410000,16,1183,1537,1022,0,16,183
INS,1642,16420000,0,1094,1935,1526,525,16,242
INS,1643,16430000,0,928,2272,1968,963,22,36
INS,1644,16440000,12,689,2482,2377,1382,9,83
INS,1645,16450000,22,497,2589,2569,1706,40,60
INS,1646,16460000,0,284,2576,2741,2018,0,17
INS,1647,16470000,0,0,2490,2810,2121,0,92
INS,1648,16480000,6,17,2248,2700,2168,544,115
INS,1649,16490000,0,0,1965,2431,2182,1070,97
INS,1650,16500000,1,23,1531,2140,1984,1472,129
INS,1651,16510000,0,9,1034,1780,1709,1697,248
INS,1652,16520000,55,3,551,1229,1349,1804,51
INS,1653,16530000,51,0,0,695,906,1709,230
INS,1654,16540000,0,0,6,117,397,1537,223
INS,1655,16550000,0,0,0,16,0,1091,58
INS,1656,16560000,44,12,0,15,6,675,232
INS,1657,16570000,6,43,13,5,18,130,224
INS,1658,16580000,13,1,19,26,69,0,154
INS,1659,16590000,22,0,0,1,0,0,66
INS,1660,16600000,35,0,0,6,12,14,127
INS,1661,16610000,31,27,0,0,0,34,169
INS,1662,16620000,0,0,21,2,0,68,185
INS,1663,16630000,17,70,0,0,0,12,210
INS,1664,16640000,17,0,21,23,4,22,215
INS,1665,16650000,0,20,0,15,0,0,180
INS,1666,16660000,0,0,0,0,29,0,191
INS,1667,16670000,7,0,8,0,0,0,194
INS,1668,16680000,27,39,1,2,26,36,71
INS,1669,16690000,49,16,0,2,0,0,24
INS,1670,16700000,3,0,0,0,0,0,233
INS,1671,16710000,0,0,6,0,5,17,19
INS,1672,16720000,0,21,13,0,0,35,77
INS,1673,16730000,3,0,5,29,18,0,80
INS,1674,16740000,0,0,22,0,2,0,66
INS,1675,16750000,20,0,0,0,0,30,109
INS,1676,16760000,0,0,4,0,9,0,89
INS,1677,16770000,4,0,29,24,0,16,166
INS,1678,16780000,0,7,0,6,15,20,158
INS,1679,16790000,20,3,0,25,11,33,219
INS,1680,16800000,0,8,20,14,0,0,186
INS,1681,16810000,549,0,3,0,25,9,235
INS,1682,16820000,1074,0,0,89,33,0,94
INS,1683,16830000,1580,0,2,13,0,13,11
INS,1684,16840000,2046,13,15,15,15,25,37
INS,1685,16850000,2422,20,29,0,25,0,165
INS,1686,16860000,2795,13,32,0,0,0,14
INS,1687,16870000,2998,4,0,18,0,0,211
INS,1688,16880000,3169,0,0,0,0,0,121
INS,1689,16890000,3186,19,0,25,0,0,199
INS,1690,16900000,3146,296,0,43,0,16,231
INS,1691,16910000,2960,474,0,0,25,6,212
INS,1692,16920000,2801,737,0,0,23,0,69
INS,1693,16930000,2489,894,12,14,0,10,200
INS,1694,16940000,2048,1032,26,0,1,0,161
INS,1695,16950000,1641,1212,15,7,0,0,202
INS,1696,16960000,1123,1337,0,0,3,0,63
INS,1697,16970000,581,1387,35,0,0,0,132
INS,1698,16980000,0,1412,0,0,0,0,70
INS,1699,16990000,20,1379,506,0,0,21,89
INS,1700,17000000,3,1306,1031,482,2,0,236
INS,1701,17010000,32,1246,1569,1000,0,0,252
INS,1702,17020000,0,1108,1909,1573,495,0,227
INS,1703,17030000,0,870,2260,2013,952,16,246
INS,1704,17040000,0,684,2447,2377,1403,3,42
INS,1705,17050000,0,432,2576,2630,1768,29,68
INS,1706,17060000,0,273,2601,2812,2016,0,96
INS,1707,17070000,0,36,2466,2808,2142,13,132
INS,1708,17080000,0,0,2257,2693,2248,555,181
INS,1709,17090000,1,9,1901,2495,2105,991,203
INS,1710,17100000,66,10,1575,2174,1934,1439,172
INS,1711,17110000,0,31,1050,1751,1605,1645,97
INS,1712,17120000,33,0,528,1227,1307,1783,190
INS,1713,17130000,0,34,33,700,932,1713,21
INS,1714,17140000,26,15,0,125,430,1463,221
INS,1715,17150000,0,9,0,25,0,1180,161
INS,1716,17160000,0,0,20,26,0,656,178
INS,1717,17170000,19,0,0,0,2,106,132
INS,1718,17180000,19,42,4,0,6,0,93
INS,1719,17190000,17,0,0,0,0,0,56
INS,1720,17200000,0,18,2,0,0,69,145
INS,1721,17210000,0,9,3,0,30,0,115
INS,1722,17220000,59,4,14,35,6,0,208
INS,1723,17230000,0,0,18,0,0,5,130
INS,1724,17240000,0,11,0,13,0,8,156
INS,1725,17250000,15,0,13,64,0,14,247
INS,1726,17260000,0,0,0,0,0,0,158
INS,1727,17270000,0,0,0,0,9,26,210
INS,1728,17280000,31,16,0,0,0,68,51
INS,1729,17290000,0,25,13,0,46,0,37
INS,1730,17300000,0,0,5,6,0,39,20
INS,1731,17310000,74,5,0,24,0,0,90
INS,1732,17320000,2,20,36,18,12,0,92
INS,1733,17330000,41,2,0,28,16,0,108
INS,1734,17340000,0,0,0,0,13,40,91
INS,1735,17350000,39,19,31,26,26,0,196
INS,1736,17360000,0,0,0,4,9,15,100
INS,1737,17370000,0,0,0,0,0,8,97
INS,1738,17380000,0,16,5,0,24,0,151
INS,1739,17390000,0,0,0,0,25,11,159
INS,1740,17400000,30,0,0,0,26,30,226
INS,1741,17410000,575,0,22,0,0,4,246
INS,1742,17420000,1053,8,0,0,0,46,1
INS,1743,17430000,1641,0,0,0,0,6,46
INS,1744,17440000,2055,11,0,35,0,0,5
INS,1745,17450000,2483,3,0,0,0,0,151
INS,1746,17460000,2745,9,11,0,0,2,193
INS,1747,17470000,3009,0,7,3,0,9,215
INS,1748,17480000,3156,0,2,0,28,19,153
INS,1749,17490000,3232,0,22,0,0,51,14
INS,1750,17500000,3142,250,0,30,1,9,158
INS,1751,17510000,3013,475,0,30,0,0,5
INS,1752,17520000,2796,687,5,11,0,6,9
INS,1753,17530000,2492,891,0,0,6,0,166
INS,1754,17540000,2054,1062,18,0,17,1,202
INS,1755,17550000,1593,1219,0,0,0,57,192
INS,1756,17560000,1059,1324,0,0,0,0,235
INS,1757,17570000,536,1386,6,3,0,0,56
INS,1758,17580000,10,1393,0,0,0,27,84
INS,1759,17590000,0,1384,575,0,0,0,118
INS,1760,17600000,0,1299,1067,483,20,38,59
INS,1761,17610000,0,1198,1527,1008,16,0,150
INS,1762,17620000,0,1079,1921,1513,504,31,186
INS,1763,17630000,0,894,2242,1986,925,0,178
INS,1764,17640000,40,686,2497,2377,1350,17,91
INS,1765,17650000,0,463,2569,2621,1783,0,65
INS,1766,17660000,35,242,2582,2770,1998,0,17
INS,1767,17670000,0,21,2450,2809,2177,34,154
INS,1768,17680000,0,0,2287,2705,2203,562,181
INS,1769,17690000,0,12,1907,2482,2124,1049,15
INS,1770,17700000,8,36,1542,2179,1938,1439,112
INS,1771,17710000,13,0,1078,1666,1693,1732,193
INS,1772,17720000,0,0,513,1248,1315,1803,187
INS,1773,17730000,0,0,0,656,864,1711,92
INS,1774,17740000,0,58,0,107,403,1454,180
INS,1775,17750000,1,10,10,21,5,1154,144
INS,1776,17760000,25,0,0,36,0,647,180
INS,1777,17770000,0,6,0,13,0,73,93
INS,1778,17780000,6,0,0,11,17,0,52
INS,1779,17790000,24,0,21,6,22,0,108
INS,1780,17800000,0,21,0,52,4,0,129
INS,1781,17810000,0,0,0,0,31,0,100
INS,1782,17820000,25,0,42,26,0,26,205
INS,1783,17830000,0,17,22,0,15,0,157
INS,1784,17840000,0,29,10,28,0,33,220
INS,1785,17850000,0,0,15,17,0,0,169
INS,1786,17860000,0,0,0,0,27,0,181
INS,1787,17870000,0,0,0,0,15,0,186
INS,1788,17880000,0,0,0,0,26,0,214
INS,1789,17890000,8,0,0,0,0,0,213
INS,1790,17900000,0,0,0,0,0,47,13
INS,1791,17910000,0,31,0,0,0,19,33
INS,1792,17920000,47,19,33,18,3,0,120
INS,1793,17930000,8,6,0,0,0,0,31
INS,1794,17940000,0,39,41,0,0,21,135
INS,1795,17950000,0,0,0,9,39,0,99
INS,1796,17960000,33,1,6,0,38,0,146
INS,1797,17970000,0,6,19,33,21,2,166
INS,1798,17980000,0,0,18,0,35,23,178
INS,1799,17990000,0,25,0,19,23,10,196
INS,1800,18000000,3,0,6,0,0,3,148
INS,1801,18010000,528,0,3,19,55,9,255
INS,1802,18020000,1141,0,39,0,19,0,89
INS,1803,18030000,1619,2,32,0,0,5,53
INS,1804,18040000,2080,0,14,5,0,0,255
INS,1805,18050000,2450,0,0,0,21,10,142
INS,1806,18060000,2787,0,14,25,31,13,36
INS,1807,18070000,3019,17,0,45,0,6,14
INS,1808,18080000,3158,0,31,26,0,0,159
INS,1809,18090000,3193,0,16,0,20,54,244
INS,1810,18100000,3136,253,0,0,0,0,111
INS,1811,18110000,3030,476,10,0,18,28,45
INS,1812,18120000,2789,706,54,6,17,0,72
INS,1813,18130000,2459,887,0,0,0,16,135
INS,1814,18140000,2107,1075,0,0,0,56,28
INS,1815,18150000,1557,1229,0,1,0,3,109
INS,1816,18160000,1077,1312,0,10,0,4,251
INS,1817,18170000,588,1370,2,0,0,35,116
INS,1818,18180000,6,1426,0,0,0,0,82
INS,1819,18190000,0,1390,514,23,14,22,118
INS,1820,18200000,22,1291,1044,493,14,16,28
INS,1821,18210000,43,1197,1509,1053,38,77,58
INS,1822,18220000,1,1052,1947,1574,491,20,219
INS,1823,18230000,0,858,2275,1985,951,18,214
INS,1824,18240000,9,718,2494,2356,1414,0,111
INS,1825,18250000,49,429,2587,2638,1754,18,100
INS,1826,18260000,13,196,2621,2755,2030,40,41
INS,1827,18270000,0,13,2461,2849,2118,0,100
INS,1828,18280000,0,0,2267,2679,2206,576,148
INS,1829,18290000,4,0,1902,2511,2136,1064,54
INS,1830,18300000,18,7,1536,2139,1973,1446,85
INS,1831,18310000,0,0,1080,1734,1679,1683,183
INS,1832,18320000,34,0,588,1240,1328,1798,36
INS,1833,18330000,0,22,0,680,871,1703,133
INS,1834,18340000,14,0,2,139,390,1512,211
INS,1835,18350000,6,0,4,8,0,1180,137
INS,1836,18360000,0,15,0,0,26,629,138
INS,1837,18370000,17,0,22,22,0,132,190
INS,1838,18380000,18,37,0,1,0,9,79
INS,1839,18390000,30,10,14,35,24,0,144
INS,1840,18400000,0,6,3,0,40,0,97
INS,1841,18410000,0,11,41,0,23,0,140
INS,1842,18420000,4,24,31,1,0,0,142
INS,1843,18430000,0,22,0,0,0,9,130
INS,1844,18440000,0,27,0,10,0,0,153
INS,1845,18450000,0,0,0,0,10,0,143
INS,1846,18460000,3,0,0,2,13,30,198
INS,1847,18470000,8,37,0,0,1,6,219
INS,1848,18480000,66,20,0,0,27,5,46
INS,1849,18490000,0,61,39,0,0,12,57
INS,1850,18500000,12,0,3,0,6,0,239
INS,1851,18510000,31,0,22,0,0,43,75
INS,1852,18520000,4,0,0,12,4,14,30
INS,1853,18530000,0,0,14,20,0,18,65
INS,1854,18540000,0,0,30,0,28,0,88
INS,1855,18550000,0,13,0,0,27,0,87
INS,1856,18560000,44,0,8,0,36,21,173
INS,1857,18570000,15,29,0,19,0,0,144
INS,1858,18580000,0,20,30,8,55,0,211
INS,1859,18590000,29,0,0,3,0,0,147
INS,1860,18600000,0,7,0,0,0,20,159
INS,1861,18610000,498,0,0,0,2,13,150
INS,1862,18620000,1089,1,0,5,0,0,237
INS,1863,18630000,1593,0,11,0,0,46,41
INS,1864,18640000,1987,25,66,0,28,0,2
INS,1865,18650000,2473,8,0,16,38,45,237
INS,1866,18660000,2809,6,0,27,42,0,46
INS,1867,18670000,2976,0,0,0,0,12,167
INS,1868,18680000,3156,7,22,21,16,0,162
INS,1869,18690000,3165,23,41,0,0,13,199
INS,1870,18700000,3143,245,9,15,0,0,130
INS,1871,18710000,2984,414,0,0,0,0,133
INS,1872,18720000,2779,698,41,4,0,14,32
INS,1873,18730000,2474,935,0,22,0,0,200
INS,1874,18740000,2055,1087,0,0,15,0,199
INS,1875,18750000,1646,1204,9,0,0,0,174
INS,1876,18760000,1084,1308,0,0,1,28,9
INS,1877,18770000,567,1379,0,0,0,18,81
INS,1878,18780000,0,1433,27,0,66,11,183
INS,1879,18790000,0,1398,513,9,28,0,99
INS,1880,18800000,0,1260,1033,430,24,14,161
INS,1881,18810000,11,1200,1546,1038,0,3,191
INS,1882,18820000,49,1074,1940,1556,489,4,242
INS,1883,18830000,0,902,2269,1990,1009,0,37
INS,1884,18840000,0,707,2529,2334,1442,43,171
INS,1885,18850000,0,500,2579,2615,1727,9,51
INS,1886,18860000,0,262,2611,2776,1990,0,21
INS,1887,18870000,0,0,2463,2807,2118,0,43
INS,1888,18880000,51,26,2287,2702,2216,500,198
INS,1889,18890000,13,48,1914,2467,2116,1074,65
INS,1890,18900000,0,0,1542,2106,1970,1500,80
INS,1891,18910000,0,6,1044,1728,1710,1687,178
INS,1892,18920000,0,51,542,1258,1321,1779,251
INS,1893,18930000,0,0,0,722,892,1692,159
INS,1894,18940000,0,0,0,120,415,1519,204
INS,1895,18950000,0,0,0,19,47,1136,137
INS,1896,18960000,34,5,0,0,0,646,149
INS,1897,18970000,2,24,0,0,0,126,145
INS,1898,18980000,0,0,1,0,14,27,52
INS,1899,18990000,6,12,0,0,0,0,45
INS,1900,19000000,42,0,0,0,1,3,90
INS,1901,19010000,0,9,0,22,0,0,92
INS,1902,19020000,7,1,0,0,0,41,127
INS,1903,19030000,42,14,0,26,41,10,228
INS,1904,19040000,0,15,0,0,31,0,158
INS,1905,19050000,0,0,0,37,0,56,222
INS,1906,19060000,0,0,40,24,0,1,211
INS,1907,19070000,0,0,5,12,1,0,181
INS,1908,19080000,0,18,0,28,0,27,253
INS,1909,19090000,27,0,1,28,0,16,13
INS,1910,19100000,45,0,36,0,0,0,39
INS,1911,19110000,0,0,11,20,0,0,6
INS,1912,19120000,13,0,36,0,0,0,41
INS,1913,19130000,0,0,0,23,49,0,81
INS,1914,19140000,14,0,43,0,0,0,83
INS,1915,19150000,4,17,25,11,0,36,136
INS,1916,19160000,0,7,25,0,23,0,115
INS,1917,19170000,13,8,19,0,0,13,130
INS,1918,19180000,31,18,0,0,31,0,174
INS,1919,19190000,0,0,0,0,21,0,132
INS,1920,19200000,0,4,0,2,8,0,142
INS,1921,19210000,526,6,12,0,13,0,190
INS,1922,19220000,1088,0,6,0,0,0,232
INS,1923,19230000,1600,17,35,0,0,26,65
INS,1924,19240000,2046,0,0,0,31,10,235
INS,1925,19250000,2468,48,49,0,0,0,218
INS,1926,19260000,2801,49,27,0,28,37,100
INS,1927,19270000,3013,0,0,0,4,0,192
INS,1928,19280000,3115,43,0,15,0,5,114
INS,1929,19290000,3187,10,0,0,0,0,150
INS,1930,19300000,3103,232,0,5,1,0,55
INS,1931,19310000,3037,497,0,14,0,0,23
INS,1932,19320000,2754,677,0,0,0,24,203
INS,1933,19330000,2485,884,0,24,10,0,168
INS,1934,19340000,2043,1056,0,27,0,0,164
INS,1935,19350000,1561,1251,0,0,15,2,140
INS,1936,19360000,1111,1328,52,43,16,8,142
INS,1937,19370000,542,1366,0,64,11,15,111
INS,1938,19380000,0,1404,4,0,0,0,50
INS,1939,19390000,0,1398,519,0,0,0,64
INS,1940,19400000,2,1345,1094,461,9,12,63
INS,1941,19410000,2,1203,1512,1041,15,15,177
INS,1942,19420000,36,1025,1940,1601,473,0,201
INS,1943,19430000,0,898,2278,2004,980,0,23
INS,1944,19440000,0,687,2468,2348,1417,2,34
INS,1945,19450000,0,462,2553,2640,1721,0,249
INS,1946,19460000,7,221,2593,2773,1994,0,222
INS,1947,19470000,30,0,2468,2836,2147,0,132
INS,1948,19480000,32,21,2229,2702,2203,511,110
INS,1949,19490000,21,0,1949,2480,2174,1007,60
INS,1950,19500000,0,16,1508,2174,1922,1412,246
INS,1951,19510000,8,3,1038,1717,1665,1691,121
INS,1952,19520000,0,6,564,1250,1317,1830,7
INS,1953,19530000,21,21,0,723,837,1730,181
INS,1954,19540000,0,35,0,98,376,1499,154
INS,1955,19550000,13,0,0,0,33,1112,89
INS,1956,19560000,26,69,10,15,0,620,200
INS,1957,19570000,0,0,0,0,32,120,141
INS,1958,19580000,0,1,13,0,0,0,20
INS,1959,19590000,0,0,18,63,0,0,104
INS,1960,19600000,0,15,0,30,44,0,129
INS,1961,19610000,30,0,0,0,0,0,87
INS,1962,19620000,36,0,0,0,0,0,110
INS,1963,19630000,21,0,21,0,0,0,133
INS,1964,19640000,0,18,0,0,0,0,126
INS,1965,19650000,27,0,0,34,26,15,227
INS,1966,19660000,0,0,0,0,0,0,142
INS,1967,19670000,0,0,0,0,0,15,174
INS,1968,19680000,0,0,57,0,26,16,19
INS,1969,19690000,3,18,0,10,22,0,246
INS,1970,19700000,34,18,0,0,0,0,6
INS,1971,19710000,8,0,0,43,0,0,22
INS,1972,19720000,0,0,0,0,0,15,3
INS,1973,19730000,21,12,15,0,24,32,109
INS,1974,19740000,0,21,0,21,0,3,67
INS,1975,19750000,0,0,0,0,0,0,39
INS,1976,19760000,30,0,0,0,0,0,86
INS,1977,19770000,25,19,0,0,8,0,125
INS,1978,19780000,0,0,0,14,8,10,122
INS,1979,19790000,0,44,0,15,0,5,171
INS,1980,19800000,17,0,0,0,13,8,162
INS,1981,19810000,544,0,0,25,0,46,244
INS,1982,19820000,1098,0,0,20,0,0,252
INS,1983,19830000,1589,0,0,0,28,1,1
INS,1984,19840000,2058,23,26,0,10,1,6
INS,1985,19850000,2427,0,8,9,0,1,94
INS,1986,19860000,2774,17,0,15,0,17,233
INS,1987,19870000,2995,18,1,19,40,0,244
INS,1988,19880000,3130,10,0,0,36,0,108
INS,1989,19890000,3207,0,13,0,22,0,191
INS,1990,19900000,3149,237,0,0,0,20,116
INS,1991,19910000,3059,507,0,2,46,0,85
INS,1992,19920000,2795,702,0,0,0,0,241
INS,1993,19930000,2446,895,35,28,18,13,196
INS,1994,19940000,2054,1067,0,11,8,4,178
INS,1995,19950000,1652,1218,0,0,16,0,193
INS,1996,19960000,1107,1318,0,1,0,11,17
INS,1997,19970000,523,1364,0,20,0,0,16
INS,1998,19980000,0,1384,0,0,16,31,69
INS,1999,19990000,0,1353,500,0,33,0,29
INS,2000,20000000,29,1309,1074,421,0,0,225
INS,2001,20010000,0,1271,1503,1040,0,13,212
INS,2002,20020000,26,1101,1945,1503,503,0,200
INS,2003,20030000,0,879,2244,1984,988,9,219
INS,2004,20040000,7,737,2469,2365,1380,1,67
INS,2005,20050000,0,458,2587,2589,1705,1,209
INS,2006,20060000,0,212,2571,2779,1920,3,115
INS,2007,20070000,0,17,2484,2784,2195,0,127
INS,2008,20080000,16,6,2258,2706,2186,547,127
INS,2009,20090000,0,44,1976,2489,2074,1104,112
INS,2010,20100000,16,7,1554,2147,1934,1433,45
INS,2011,20110000,0,20,1046,1681,1610,1708,60
INS,2012,20120000,0,7,537,1244,1321,1829,230
INS,2013,20130000,5,22,0,696,898,1769,235
INS,2014,20140000,0,14,0,148,456,1519,23
INS,2015,20150000,6,0,0,16,6,1163,118
INS,2016,20160000,37,0,0,0,3,642,138
INS,2017,20170000,0,4,15,13,0,91,108
INS,2018,20180000,0,0,0,11,13,10,36
INS,2019,20190000,0,24,37,0,10,10,100
INS,2020,20200000,2,0,0,0,0,0,38
INS,2021,20210000,9,0,9,16,0,0,87
INS,2022,20220000,0,24,0,0,17,36,147
INS,2023,20230000,0,34,0,0,18,3,142
INS,2024,20240000,0,0,0,0,6,20,130
INS,2025,20250000,0,0,26,0,25,0,172
INS,2026,20260000,10,4,8,0,6,0,166
INS,2027,20270000,4,0,10,0,16,33,218
INS,2028,20280000,0,0,21,2,0,0,195
INS,2029,20290000,0,13,0,0,12,0,214
INS,2030,20300000,56,0,0,0,0,49,55
INS,2031,20310000,11,0,48,0,4,0,30
INS,2032,20320000,0,22,0,0,0,50,56
INS,2033,20330000,0,3,0,0,0,0,4
INS,2034,20340000,0,23,0,0,0,14,55
INS,2035,20350000,14,0,4,0,47,0,100
INS,2036,20360000,13,0,0,22,22,13,122
INS,2037,20370000,0,41,0,0,0,21,131
INS,2038,20380000,7,20,41,0,0,32,186
INS,2039,20390000,0,0,34,13,18,24,192
INS,2040,20400000,30,2,20,43,23,13,251
INS,2041,20410000,546,14,0,16,0,0,201
INS,2042,20420000,1096,6,24,5,0,53,58
INS,2043,20430000,1608,0,5,10,10,1,13
INS,2044,20440000,2086,0,0,15,22,0,7
INS,2045,20450000,2438,0,0,2,8,0,93
INS,2046,20460000,2777,0,0,2,22,0,207
INS,2047,20470000,3041,0,0,0,0,0,208
INS,2048,20480000,3154,0,0,0,1,17,100
INS,2049,20490000,3198,29,0,16,0,10,198
INS,2050,20500000,3118,247,0,16,0,0,87
INS,2051,20510000,3031,507,0,0,0,6,11
INS,2052,20520000,2808,709,36,0,0,27,64
INS,2053,20530000,2483,931,0,0,21,0,192
INS,2054,20540000,2072,1104,29,22,51,0,52
INS,2055,20550000,1601,1222,0,11,4,0,141
INS,2056,20560000,1094,1308,0,0,0,2,236
INS,2057,20570000,572,1357,21,0,2,4,61
INS,2058,20580000,30,1434,0,3,0,22,123
INS,2059,20590000,2,1391,537,0,0,0,69
INS,2060,20600000,56,1313,1096,488,0,17,102
INS,2061,20610000,4,1264,1530,1064,40,0,27
INS,2062,20620000,0,1061,1909,1523,476,20,107
INS,2063,20630000,9,870,2221,1939,959,0,109
INS,2064,20640000,17,706,2455,2310,1388,0,236
INS,2065,20650000,0,444,2588,2617,1736,28,22
INS,2066,20660000,0,299,2616,2761,2018,11,75
INS,2067,20670000,63,0,2495,2746,2159,43,149
INS,2068,20680000,8,35,2280,2718,2263,543,251
INS,2069,20690000,0,5,1944,2516,2097,1081,64
INS,2070,20700000,33,0,1502,2112,1965,1472,34
INS,2071,20710000,1,0,1069,1799,1652,1698,210
INS,2072,20720000,26,0,526,1211,1333,1849,233
INS,2073,20730000,46,0,0,719,896,1740,242
INS,2074,20740000,7,2,0,136,361,1504,148
INS,2075,20750000,0,6,0,0,0,1132,61
INS,2076,20760000,0,7,0,0,40,646,145
INS,2077,20770000,4,12,0,0,35,110,142
INS,2078,20780000,24,6,0,16,0,64,108
INS,2079,20790000,77,9,0,5,69,0,175
INS,2080,20800000,0,35,0,0,25,0,92
INS,2081,20810000,0,0,38,38,0,0,125
INS,2082,20820000,1,0,0,0,0,0,67
INS,2083,20830000,21,0,0,0,0,1,105
INS,2084,20840000,30,3,6,0,0,34,173
INS,2085,20850000,7,0,0,0,0,25,149
INS,2086,20860000,23,0,0,6,22,22,207
INS,2087,20870000,33,0,6,0,10,9,209
INS,2088,20880000,0,0,0,3,0,3,174
INS,2089,20890000,2,3,0,31,2,6,229
INS,2090,20900000,14,0,0,40,0,3,3
INS,2091,20910000,0,0,0,0,11,0,230
INS,2092,20920000,0,19,26,4,1,0,30
INS,2093,20930000,15,17,0,0,0,24,53
INS,2094,20940000,0,0,0,30,0,36,80
INS,2095,20950000,41,0,3,0,10,0,85
INS,2096,20960000,0,0,6,29,7,58,148
INS,2097,20970000,43,16,0,0,0,0,124
INS,2098,20980000,0,0,0,0,0,3,85
INS,2099,20990000,0,1,20,0,0,64,184
INS,2100,21000000,0,0,33,30,17,45,241
INS,2101,21010000,587,5,0,0,26,0,239
INS,2102,21020000,1087,0,0,0,15,0,228
INS,2103,21030000,1619,9,40,0,9,0,52
INS,2104,21040000,2010,12,0,2,0,0,160
INS,2105,21050000,2443,0,8,0,0,2,94
INS,2106,21060000,2780,7,10,0,0,0,199
INS,2107,21070000,3015,15,0,0,0,0,193
INS,2108,21080000,3136,14,0,16,22,5,117
INS,2109,21090000,3213,0,0,0,19,9,182
INS,2110,21100000,3156,277,0,0,28,0,163
INS,2111,21110000,2996,507,14,7,51,0,38
INS,2112,21120000,2749,680,0,7,0,21,193
INS,2113,21130000,2439,940,0,0,39,30,201
INS,2114,21140000,2041,1080,38,7,0,27,219
INS,2115,21150000,1629,1240,22,0,22,23,235
INS,2116,21160000,1100,1344,0,0,12,6,34
INS,2117,21170000,592,1402,28,17,0,22,162
INS,2118,21180000,30,1383,0,8,18,1,70
INS,2119,21190000,0,1353,512,9,0,18,27
INS,2120,21200000,0,1258,1051,464,0,0,157
INS,2121,21210000,0,1190,1545,1013,0,0,125
INS,2122,21220000,7,1042,1935,1512,505,5,120
INS,2123,21230000,0,945,2239,1996,964,50,45
INS,2124,21240000,0,650,2461,2362,1423,0,252
INS,2125,21250000,0,521,2610,2594,1739,22,91
INS,2126,21260000,6,221,2567,2754,1977,0,147
INS,2127,21270000,0,0,2477,2808,2155,2,81
INS,2128,21280000,6,32,2264,2710,2186,599,197
INS,2129,21290000,0,29,1931,2467,2131,1046,21
INS,2130,21300000,0,0,1524,2111,1974,1444,255
INS,2131,21310000,6,0,1092,1708,1649,1704,146
INS,2132,21320000,22,0,540,1191,1306,1786,129
INS,2133,21330000,19,0,23,693,823,1747,142
INS,2134,21340000,0,0,0,131,421,1527,213
INS,2135,21350000,0,0,0,2,48,1171,140
INS,2136,21360000,0,0,0,20,14,632,114
INS,2137,21370000,41,5,0,1,0,126,150
INS,2138,21380000,30,0,27,38,4,12,105
INS,2139,21390000,25,0,7,14,33,1,91
INS,2140,21400000,29,0,0,17,26,0,100
INS,2141,21410000,0,6,4,0,7,32,94
INS,2142,21420000,22,16,0,22,12,35,169
INS,2143,21430000,0,0,0,0,0,10,89
INS,2144,21440000,8,0,0,0,0,2,106
INS,2145,21450000,0,7,0,0,0,10,130
INS,2146,21460000,20,0,0,0,37,24,211
INS,2147,21470000,0,4,0,23,0,0,174
INS,2148,21480000,32,0,19,18,14,0,247
INS,2149,21490000,0,0,0,5,4,8,198
INS,2150,21500000,36,0,0,30,0,20,28
INS,2151,21510000,39,14,8,45,0,0,65
INS,2152,21520000,0,10,0,28,0,0,14
INS,2153,21530000,0,0,19,0,0,22,34
INS,2154,21540000,0,12,10,0,0,0,32
INS,2155,21550000,12,0,0,40,0,0,79
INS,2156,21560000,0,0,3,0,0,0,47
INS,2157,21570000,27,15,12,0,0,0,115
INS,2158,21580000,31,0,0,0,5,21,135
INS,2159,21590000,0,0,31,0,0,12,138
INS,2160,21600000,0,0,7,0,0,0,119
INS,2161,21610000,560,0,11,6,9,5,208
INS,2162,21620000,1086,15,24,0,0,0,247
INS,2163,21630000,1646,0,0,28,4,17,66
INS,2164,21640000,2042,9,1,0,2,0,186
INS,2165,21650000,2418,33,10,31,0,0,129
INS,2166,21660000,2732,0,12,0,0,4,146
INS,2167,21670000,3020,0,0,0,37,6,222
INS,2168,21680000,3159,12,0,5,0,14,110
INS,2169,21690000,3238,0,35,15,71,0,40
INS,2170,21700000,3161,236,7,0,0,21,123
INS,2171,21710000,3000,524,0,2,0,0,241
INS,2172,21720000,2738,701,0,0,0,0,171
INS,2173,21730000,2422,886,43,28,9,21,158
INS,2174,21740000,2063,1112,0,0,0,1,198
INS,2175,21750000,1613,1215,18,0,35,0,176
INS,2176,21760000,1089,1306,2,8,0,22,251
INS,2177,21770000,558,1423,64,0,0,13,155
INS,2178,21780000,1,1423,1,0,1,27,79
INS,2179,21790000,0,1361,545,0,0,32,69
INS,2180,21800000,0,1335,1042,505,0,0,6
INS,2181,21810000,50,1228,1552,1017,18,0,238
INS,2182,21820000,51,1072,1906,1537,507,0,183
INS,2183,21830000,27,935,2242,1994,950,0,251
INS,2184,21840000,0,722,2457,2351,1345,0,227
INS,2185,21850000,17,515,2565,2617,1743,0,58
INS,2186,21860000,16,216,2569,2767,2032,0,218
INS,2187,21870000,36,34,2473,2808,2159,0,145
INS,2188,21880000,4,0,2267,2720,2216,541,144
INS,2189,21890000,0,8,1928,2491,2131,1078,49
INS,2190,21900000,0,0,1538,2117,1952,1485,34
INS,2191,21910000,0,0,995,1739,1671,1702,90
INS,2192,21920000,0,0,540,1218,1315,1815,168
INS,2193,21930000,20,0,25,682,879,1734,173
INS,2194,21940000,0,23,23,108,388,1496,168
INS,2195,21950000,83,0,66,15,0,1145,224
INS,2196,21960000,6,6,26,11,1,636,130
INS,2197,21970000,39,39,0,11,0,94,156
INS,2198,21980000,0,0,0,23,0,12,25
INS,2199,21990000,0,0,0,0,26,28,61
INS,2200,22000000,0,3,0,6,0,0,33
INS,2201,22010000,3,16,0,0,2,0,62
INS,2202,22020000,34,1,5,0,0,0,98
INS,2203,22030000,0,0,0,0,3,1,79
INS,2204,22040000,0,38,19,28,0,8,185
INS,2205,22050000,17,1,0,17,1,0,145
INS,2206,22060000,0,14,0,0,13,39,192
INS,2207,22070000,0,0,17,20,0,1,181
INS,2208,22080000,0,17,25,0,3,11,216
INS,2209,22090000,0,17,29,3,25,0,251
INS,2210,22100000,0,75,0,0,0,10,23
INS,2211,22110000,17,0,0,0,0,0,228
INS,2212,22120000,50,0,33,21,0,0,76
INS,2213,22130000,11,3,13,0,0,0,16
INS,2214,22140000,0,0,0,45,10,7,68
INS,2215,22150000,0,0,10,5,16,19,73
INS,2216,22160000,0,30,3,0,0,14,87
INS,2217,22170000,0,5,13,1,45,0,121
INS,2218,22180000,59,27,9,47,58,15,33
INS,2219,22190000,5,0,0,19,0,0,115
INS,2220,22200000,16,0,0,20,0,15,159
INS,2221,22210000,585,0,27,0,0,70,39
INS,2222,22220000,1091,0,8,0,18,27,6
INS,2223,22230000,1592,0,8,0,0,0,223
INS,2224,22240000,2067,19,7,37,4,26,32
INS,2225,22250000,2503,57,0,0,0,0,193
INS,2226,22260000,2797,2,7,0,0,19,219
INS,2227,22270000,3008,41,26,0,0,0,230
INS,2228,22280000,3181,0,10,22,0,0,129
INS,2229,22290000,3163,10,0,19,2,0,127
INS,2230,22300000,3120,211,0,0,0,0,25
INS,2231,22310000,2969,495,16,0,0,27,218
INS,2232,22320000,2718,689,0,0,0,3,138
INS,2233,22330000,2469,933,0,9,37,0,193
INS,2234,22340000,2011,1095,22,0,13,0,159
INS,2235,22350000,1620,1235,43,24,0,5,218
INS,2236,22360000,1165,1325,55,0,0,28,137
INS,2237,22370000,578,1376,2,53,39,0,141
INS,2238,22380000,0,1409,10,2,0,12,55
INS,2239,22390000,42,1365,546,0,0,18,98
INS,2240,22400000,11,1343,1067,454,0,14,9
INS,2241,22410000,26,1233,1542,1004,43,1,218
INS,2242,22420000,1,1070,1929,1541,444,4,95
INS,2243,22430000,17,939,2259,1998,989,0,45
INS,2244,22440000,0,724,2477,2390,1418,0,101
INS,2245,22450000,0,488,2574,2612,1728,0,255
INS,2246,22460000,0,186,2552,2790,1983,10,135
INS,2247,22470000,16,23,2434,2827,2170,0,101
INS,2248,22480000,9,0,2269,2707,2222,504,103
INS,2249,22490000,0,27,1931,2498,2125,1060,50
INS,2250,22500000,44,0,1529,2183,1907,1430,31
INS,2251,22510000,5,0,1096,1756,1647,1706,189
INS,2252,22520000,50,25,545,1199,1329,1807,231
INS,2253,22530000,0,0,0,715,864,1708,116
INS,2254,22540000,8,0,9,115,385,1512,155
INS,2255,22550000,13,0,0,0,31,1148,103
INS,2256,22560000,28,0,0,0,0,639,107
INS,2257,22570000,0,4,0,21,0,120,114
INS,2258,22580000,27,0,0,27,0,1,41
INS,2259,22590000,0,14,11,0,13,0,41
INS,2260,22600000,17,12,0,14,0,14,77
INS,2261,22610000,27,33,0,10,3,0,110
INS,2262,22620000,22,1,0,14,0,46,137
INS,2263,22630000,6,0,4,0,0,0,81
INS,2264,22640000,21,28,8,26,9,45,225
INS,2265,22650000,0,0,25,5,0,24,159
INS,2266,22660000,21,13,12,39,0,0,207
INS,2267,22670000,28,0,0,0,1,19,187
INS,2268,22680000,15,0,0,0,35,50,0
INS,2269,22690000,0,0,47,8,0,0,228
INS,2270,22700000,0,0,24,0,0,0,214
INS,2271,22710000,0,0,21,0,49,0,21
INS,2272,22720000,0,0,0,4,0,12,240
INS,2273,22730000,0,0,0,0,4,6,251
INS,2274,22740000,0,5,0,0,0,0,7
INS,2275,22750000,0,1,20,0,11,0,51
INS,2276,22760000,38,0,13,12,5,0,104
INS,2277,22770000,31,0,17,19,0,14,134
INS,2278,22780000,6,16,0,55,0,0,147
INS,2279,22790000,22,0,47,18,0,9,183
INS,2280,22800000,8,0,0,0,0,2,114
INS,2281,22810000,583,28,36,0,0,40,40
INS,2282,22820000,1094,0,0,0,22,45,19
INS,2283,22830000,1573,25,0,11,0,0,228
INS,2284,22840000,2030,25,0,14,0,1,194
INS,2285,22850000,2473,0,34,0,7,0,143
INS,2286,22860000,2783,0,0,21,14,0,208
INS,2287,22870000,3041,71,0,6,19,0,32
INS,2288,22880000,3168,0,30,38,11,0,159
INS,2289,22890000,3205,0,1,4,1,0,140
INS,2290,22900000,3155,279,26,0,15,10,175
INS,2291,22910000,2956,432,22,11,51,0,179
INS,2292,22920000,2774,717,26,27,0,24,36
INS,2293,22930000,2429,923,0,0,0,8,101
INS,2294,22940000,2007,1056,0,0,3,0,80
INS,2295,22950000,1609,1215,0,0,16,29,156
INS,2296,22960000,1091,1334,0,8,37,0,30
INS,2297,22970000,543,1357,11,0,9,0,9
INS,2298,22980000,32,1410,0,38,16,45,159
INS,2299,22990000,10,1429,547,0,0,6,115
INS,2300,23000000,0,1315,1062,432,0,19,200
INS,2301,23010000,0,1213,1516,1056,0,52,202
INS,2302,23020000,5,1076,1931,1549,485,0,148
INS,2303,23030000,0,943,2260,2041,977,0,60
INS,2304,23040000,0,730,2475,2389,1396,0,78
INS,2305,23050000,0,476,2622,2621,1761,14,87
INS,2306,23060000,69,290,2563,2740,2032,0,48
INS,2307,23070000,0,0,2462,2755,2149,0,249
INS,2308,23080000,0,0,2243,2681,2209,553,74
INS,2309,23090000,0,4,1896,2457,2145,1025,188
INS,2310,23100000,0,0,1526,2165,1946,1431,2
INS,2311,23110000,10,0,1046,1723,1638,1704,96
INS,2312,23120000,3,1,525,1203,1349,1800,153
INS,2313,23130000,7,0,31,682,864,1720,129
INS,2314,23140000,0,20,8,121,381,1534,186
INS,2315,23150000,17,0,0,15,0,1164,103
INS,2316,23160000,30,0,0,0,1,629,96
INS,2317,23170000,70,14,0,41,35,125,250
INS,2318,23180000,0,9,0,19,0,0,10
INS,2319,23190000,1,1,0,0,0,0,1
INS,2320,23200000,0,0,0,0,0,2,18
INS,2321,23210000,56,3,5,19,6,0,122
INS,2322,23220000,17,9,15,0,0,0,91
INS,2323,23230000,0,0,0,0,8,0,75
INS,2324,23240000,28,0,42,0,0,52,206
INS,2325,23250000,3,0,6,6,13,27,156
INS,2326,23260000,0,0,5,0,0,0,123
INS,2327,23270000,18,0,53,0,0,0,206
INS,2328,23280000,4,0,0,0,0,0,156
INS,2329,23290000,0,0,0,6,0,51,226
INS,2330,23300000,0,0,0,0,9,5,200
INS,2331,23310000,7,0,0,0,0,31,241
INS,2332,23320000,1,0,0,0,14,0,235
INS,2333,23330000,3,0,0,25,0,4,13
INS,2334,23340000,4,3,0,0,0,17,22
INS,2335,23350000,0,0,0,0,0,0,15
INS,2336,23360000,35,0,16,0,13,0,96
INS,2337,23370000,0,35,16,0,0,32,132
INS,2338,23380000,13,13,67,0,0,0,159
INS,2339,23390000,22,0,0,0,0,0,105
INS,2340,23400000,12,54,0,33,0,0,199
INS,2341,23410000,545,0,0,5,24,23,202
INS,2342,23420000,1125,0,42,27,25,28,101
INS,2343,23430000,1651,0,0,0,0,2,12
INS,2344,23440000,2050,0,28,0,0,15,213
INS,2345,23450000,2462,39,0,0,0,0,126
INS,2346,23460000,2790,2,23,5,0,0,206
INS,2347,23470000,3013,0,25,6,10,0,201
INS,2348,23480000,3170,0,14,23,0,0,115
INS,2349,23490000,3190,2,0,25,29,4,175
INS,2350,23500000,3112,258,19,0,2,0,77
INS,2351,23510000,2980,451,0,0,0,18,152
INS,2352,23520000,2789,686,12,0,17,0,224
INS,2353,23530000,2429,904,18,1,7,31,127
INS,2354,23540000,2062,1057,0,0,0,26,155
INS,2355,23550000,1508,1236,0,0,6,0,33
INS,2356,23560000,1112,1294,0,0,12,50,24
INS,2357,23570000,569,1387,13,0,2,22,78
INS,2358,23580000,11,1395,27,0,38,0,85
INS,2359,23590000,24,1379,558,15,0,0,95
INS,2360,23600000,0,1289,1055,460,0,0,172
INS,2361,23610000,61,1252,1539,1129,0,32,118
INS,2362,23620000,0,1030,1923,1526,512,0,89
INS,2363,23630000,39,895,2268,1995,1048,2,82
INS,2364,23640000,0,726,2456,2346,1376,5,249
INS,2365,23650000,0,464,2594,2631,1756,0,34
INS,2366,23660000,0,242,2606,2734,1993,49,230
INS,2367,23670000,0,0,2464,2780,2178,0,45
INS,2368,23680000,9,0,2280,2653,2219,532,77
INS,2369,23690000,0,0,1948,2474,2145,1050,18
INS,2370,23700000,0,0,1507,2178,1956,1423,250
INS,2371,23710000,22,34,1055,1697,1678,1700,157
INS,2372,23720000,5,54,520,1269,1320,1822,2
INS,2373,23730000,0,0,0,635,879,1721,56
INS,2374,23740000,20,31,14,126,426,1521,0
INS,2375,23750000,0,0,19,0,0,1162,84
INS,2376,23760000,17,0,17,17,47,617,147
INS,2377,23770000,3,30,0,0,0,150,144
INS,2378,23780000,0,9,0,0,0,41,28
INS,2379,23790000,4,17,1,0,0,0,17
INS,2380,23800000,0,0,0,2,0,30,44
INS,2381,23810000,0,0,2,20,5,0,56
INS,2382,23820000,0,0,0,0,15,31,92
INS,2383,23830000,0,24,15,20,3,27,152
INS,2384,23840000,8,0,0,0,0,18,106
INS,2385,23850000,0,31,1,0,30,0,159
INS,2386,23860000,0,0,15,0,0,0,129
INS,2387,23870000,0,0,0,0,18,39,188
INS,2388,23880000,0,0,14,0,33,0,195
INS,2389,23890000,0,0,0,36,19,0,220
INS,2390,23900000,2,7,0,0,0,26,217
INS,2391,23910000,0,10,0,2,0,28,239
INS,2392,23920000,21,0,0,0,0,0,237
INS,2393,23930000,5,51,21,19,9,0,82
INS,2394,23940000,39,22,24,0,0,62,141
INS,2395,23950000,32,0,22,0,18,0,83
INS,2396,23960000,0,0,0,14,0,0,42
INS,2397,23970000,0,0,0,1,0,0,46
INS,2398,23980000,0,0,0,20,0,31,113
INS,2399,23990000,24,0,0,71,0,0,174
INS,2400,24000000,0,6,1,26,0,11,140
INS,2401,24010000,574,0,60,0,0,0,235
INS,2402,24020000,1111,45,0,9,19,0,34
INS,2403,24030000,1576,6,26,19,0,0,238
INS,2404,24040000,2045,19,3,0,0,41,224
INS,2405,24050000,2442,22,0,0,0,24,109
INS,2406,24060000,2777,4,0,19,0,2,184
INS,2407,24070000,3043,13,0,0,28,0,227
INS,2408,24080000,3208,16,0,2,0,4,134
INS,2409,24090000,3222,2,3,0,0,0,148
INS,2410,24100000,3104,189,15,13,0,0,3
INS,2411,24110000,3016,432,0,30,0,0,177
INS,2412,24120000,2774,671,12,4,0,10,187
INS,2413,24130000,2447,871,0,3,0,4,58
INS,2414,24140000,2073,1060,6,4,0,0,149
INS,2415,24150000,1626,1207,0,6,22,0,140
INS,2416,24160000,1124,1296,13,13,0,21,19
INS,2417,24170000,561,1402,14,15,0,0,73
INS,2418,24180000,2,1394,0,0,31,31,68
INS,2419,24190000,0,1337,558,15,0,0,25
INS,2420,24200000,0,1336,1077,459,7,0,243
INS,2421,24210000,27,1208,1531,1067,11,30,231
INS,2422,24220000,20,1084,1922,1524,483,0,127
INS,2423,24230000,0,919,2290,2013,944,0,253
INS,2424,24240000,17,699,2510,2359,1436,35,136
INS,2425,24250000,6,481,2575,2630,1726,35,38
INS,2426,24260000,0,199,2602,2779,1989,10,181
INS,2427,24270000,0,0,2496,2794,2134,0,43
INS,2428,24280000,0,36,2254,2749,2155,513,87
INS,2429,24290000,28,31,1937,2473,2134,1019,19
INS,2430,24300000,33,0,1574,2154,1914,1438,39
INS,2431,24310000,0,0,1065,1756,1695,1732,215
INS,2432,24320000,0,0,542,1204,1299,1792,101
INS,2433,24330000,32,40,0,712,847,1753,201
INS,2434,24340000,13,43,25,135,436,1499,9
INS,2435,24350000,15,37,0,12,0,1134,97
INS,2436,24360000,8,8,27,0,20,636,127
INS,2437,24370000,1,0,0,18,0,111,87
INS,2438,24380000,0,2,0,24,0,0,0
INS,2439,24390000,6,13,0,31,39,13,93
INS,2440,24400000,0,0,15,23,14,0,60
INS,2441,24410000,2,14,0,18,0,12,71
INS,2442,24420000,11,0,0,4,0,1,58
INS,2443,24430000,0,30,0,3,0,0,92
INS,2444,24440000,27,0,0,0,0,0,103
INS,2445,24450000,36,0,0,0,7,12,148
INS,2446,24460000,0,45,60,17,18,0,250
INS,2447,24470000,0,0,0,5,0,0,132
INS,2448,24480000,0,4,0,0,40,31,219
INS,2449,24490000,4,0,0,43,0,18,226
INS,2450,24500000,23,9,21,15,0,29,19
INS,2451,24510000,27,25,0,24,0,0,15
INS,2452,24520000,0,0,0,0,0,5,217
INS,2453,24530000,0,0,13,1,27,0,14
INS,2454,24540000,0,0,0,0,23,5,18
INS,2455,24550000,61,0,0,34,14,0,116
INS,2456,24560000,47,22,17,0,12,40,162
INS,2457,24570000,14,0,10,0,0,32,97
INS,2458,24580000,0,17,29,29,13,0,146
INS,2459,24590000,20,25,0,10,33,27,190
INS,2460,24600000,10,1,0,18,0,20,141
INS,2461,24610000,575,0,0,0,0,0,172
INS,2462,24620000,1088,6,10,1,2,5,214
INS,2463,24630000,1554,0,12,9,0,0,182
INS,2464,24640000,2062,4,0,0,24,29,231
INS,2465,24650000,2427,11,0,34,30,0,119
INS,2466,24660000,2770,19,1,3,0,17,188
INS,2467,24670000,2992,15,0,50,0,0,196
INS,2468,24680000,3156,0,24,12,0,0,92
INS,2469,24690000,3163,28,7,59,0,0,174
INS,2470,24700000,3153,238,0,0,27,0,96
INS,2471,24710000,2993,544,0,14,14,0,4
INS,2472,24720000,2774,711,10,0,16,29,252
INS,2473,24730000,2484,864,0,0,0,10,87
INS,2474,24740000,2022,1100,15,0,0,0,139
INS,2475,24750000,1637,1241,9,8,0,26,196
INS,2476,24760000,1101,1384,10,0,0,3,46
INS,2477,24770000,542,1406,11,0,0,0,36
INS,2478,24780000,2,1399,0,0,1,24,32
INS,2479,24790000,0,1355,563,0,20,0,49
INS,2480,24800000,0,1274,1073,478,0,0,185
INS,2481,24810000,35,1178,1531,1045,0,0,142
INS,2482,24820000,0,1076,1914,1541,495,0,116
INS,2483,24830000,0,953,2289,1974,953,12,8
INS,2484,24840000,8,747,2470,2379,1357,0,37
INS,2485,24850000,57,464,2552,2613,1745,0,12
INS,2486,24860000,30,255,2589,2789,2017,0,22
INS,2487,24870000,0,4,2443,2816,2144,0,22
INS,2488,24880000,0,0,2271,2703,2199,569,118
INS,2489,24890000,0,1,1903,2527,2140,1079,43
INS,2490,24900000,2,0,1472,2151,1921,1429,153
INS,2491,24910000,0,0,1055,1731,1706,1654,109
INS,2492,24920000,0,0,494,1206,1301,1815,76
INS,2493,24930000,3,25,23,693,842,1707,106
INS,2494,24940000,0,0,8,144,437,1512,211
INS,2495,24950000,0,54,0,26,0,1132,107
INS,2496,24960000,20,15,3,0,0,641,103
INS,2497,24970000,0,11,25,0,0,167,156
INS,2498,24980000,0,9,16,7,0,18,20
INS,2499,24990000,25,11,0,17,0,9,49
INS,2500,25000000,0,15,0,0,0,3,22
INS,2501,25010000,0,18,2,0,0,34,75
INS,2502,25020000,30,0,0,4,66,0,138
INS,2503,25030000,10,0,34,0,0,0,99
INS,2504,25040000,28,39,15,36,0,41,231
INS,2505,25050000,0,22,1,28,15,7,162
INS,2506,25060000,11,18,0,1,4,28,168
INS,2507,25070000,0,72,32,0,0,6,233
INS,2508,25080000,0,0,0,0,0,0,140
INS,2509,25090000,0,19,0,8,6,13,203
INS,2510,25100000,0,0,17,5,17,0,213
INS,2511,25110000,0,0,0,38,0,0,229
INS,2512,25120000,15,13,0,6,14,0,0
INS,2513,25130000,0,0,17,0,0,25,11
INS,2514,25140000,0,21,0,0,0,0,7
INS,2515,25150000,0,5,0,12,0,37,57
INS,2516,25160000,41,32,15,0,7,0,115
INS,2517,25170000,41,24,16,0,13,34,165
INS,2518,25180000,0,0,0,0,0,19,73
INS,2519,25190000,0,23,17,4,0,0,115
INS,2520,25200000,0,0,0,0,33,31,152
INS,2521,25210000,519,0,0,72,0,0,184
INS,2522,25220000,1093,30,30,0,3,6,4
INS,2523,25230000,1596,8,0,13,20,10,250
INS,2524,25240000,2061,0,0,23,18,0,210
INS,2525,25250000,2463,0,0,23,0,8,107
INS,2526,25260000,2767,38,0,0,9,0,188
INS,2527,25270000,3025,0,5,0,0,0,165
INS,2528,25280000,3161,27,0,42,0,0,126
INS,2529,25290000,3152,2,11,56,4,4,142
INS,2530,25300000,3171,307,0,0,0,7,159
INS,2531,25310000,3007,456,0,2,11,8,175
INS,2532,25320000,2756,746,0,0,6,0,216
INS,2533,25330000,2467,909,7,0,15,0,123
INS,2534,25340000,2069,1072,0,0,0,17,156
INS,2535,25350000,1616,1231,0,22,0,4,144
INS,2536,25360000,1111,1324,22,14,1,7,23
INS,2537,25370000,574,1422,0,0,14,0,83
INS,2538,25380000,37,1398,30,31,31,0,129
INS,2539,25390000,8,1370,511,14,18,37,65
INS,2540,25400000,0,1351,1085,459,33,14,42
INS,2541,25410000,0,1209,1499,1055,0,32,144
INS,2542,25420000,0,1049,1937,1515,451,10,48
INS,2543,25430000,28,912,2220,2009,959,47,254
INS,2544,25440000,16,676,2480,2360,1404,7,15
INS,2545,25450000,0,483,2573,2604,1695,28,216
INS,2546,25460000,0,277,2589,2782,2035,0,21
INS,2547,25470000,16,0,2515,2765,2099,0,6
INS,2548,25480000,0,0,2271,2721,2201,517,82
INS,2549,25490000,0,1,1950,2482,2148,1045,15
INS,2550,25500000,0,0,1503,2132,1973,1420,202
INS,2551,25510000,7,0,1044,1748,1663,1652,73
INS,2552,25520000,0,15,541,1246,1329,1796,183
INS,2553,25530000,0,11,0,661,902,1739,122
INS,2554,25540000,3,13,26,105,373,1491,117
INS,2555,25550000,0,0,49,0,0,1095,35
INS,2556,25560000,24,0,0,0,22,692,158
INS,2557,25570000,0,0,10,24,0,113,96
INS,2558,25580000,25,61,0,0,0,40,92
INS,2559,25590000,0,5,46,27,36,0,97
INS,2560,25600000,0,0,13,8,18,0,39
INS,2561,25610000,13,20,0,0,0,11,61
INS,2562,25620000,14,16,8,0,0,0,72
INS,2563,25630000,0,4,0,8,0,27,90
INS,2564,25640000,0,0,0,4,30,20,122
INS,2565,25650000,12,0,6,20,0,18,141
INS,2566,25660000,13,0,4,0,0,0,119
INS,2567,25670000,0,18,0,0,6,1,144
INS,2568,25680000,38,0,0,16,21,0,211
INS,2569,25690000,0,0,0,29,0,17,199
INS,2570,25700000,0,0,0,0,0,29,199
INS,2571,25710000,10,0,45,16,12,0,14
INS,2572,25720000,0,0,0,0,0,0,204
INS,2573,25730000,0,0,9,20,0,0,250
INS,2574,25740000,0,0,16,0,0,0,254
INS,2575,25750000,10,15,0,32,33,0,89
INS,2576,25760000,0,0,0,33,8,0,57
INS,2577,25770000,0,18,17,0,8,16,92
INS,2578,25780000,0,0,9,29,17,0,105
INS,2579,25790000,19,16,14,0,0,0,116
INS,2580,25800000,15,22,0,0,47,5,173
INS,2581,25810000,539,0,27,9,0,0,164
INS,2582,25820000,1125,16,0,19,15,0,13
INS,2583,25830000,1574,0,0,0,8,0,181
INS,2584,25840000,2066,29,26,42,0,0,11
INS,2585,25850000,2437,9,0,14,47,0,116
INS,2586,25860000,2759,32,38,16,0,0,215
INS,2587,25870000,2994,41,0,0,0,0,166
INS,2588,25880000,3148,0,23,0,0,16,79
INS,2589,25890000,3200,17,0,0,15,0,141
INS,2590,25900000,3178,270,0,0,0,0,118
INS,2591,25910000,2968,486,2,0,6,32,181
INS,2592,25920000,2790,701,0,0,0,0,195
INS,2593,25930000,2441,868,0,0,34,48,112
INS,2594,25940000,2056,1070,0,56,0,0,176
INS,2595,25950000,1540,1212,34,0,41,0,94
INS,2596,25960000,1090,1333,0,0,0,0,219
INS,2597,25970000,571,1355,0,27,0,0,22
INS,2598,25980000,4,1392,0,0,11,0,5
INS,2599,25990000,28,1358,513,6,0,2,10
INS,2600,26000000,0,1306,1074,482,0,5,219
INS,2601,26010000,0,1165,1545,1021,0,0,76
INS,2602,26020000,0,1085,1959,1560,480,0,166
INS,2603,26030000,0,930,2272,1995,1004,0,20
INS,2604,26040000,0,703,2475,2341,1406,0,249
INS,2605,26050000,6,446,2563,2613,1742,0,199
INS,2606,26060000,0,191,2544,2718,2016,0,59
INS,2607,26070000,0,0,2438,2800,2188,0,33
INS,2608,26080000,6,0,2272,2709,2192,521,68
INS,2609,26090000,23,3,1963,2449,2105,1005,189
INS,2610,26100000,14,7,1560,2113,1969,1432,9
INS,2611,26110000,0,5,995,1745,1686,1659,45
INS,2612,26120000,0,0,494,1232,1297,1774,49
INS,2613,26130000,0,0,0,735,845,1717,102
INS,2614,26140000,0,36,0,99,367,1516,120
INS,2615,26150000,1,0,11,0,0,1093,248
INS,2616,26160000,0,0,0,31,30,683,160
INS,2617,26170000,10,0,16,0,2,55,28
INS,2618,26180000,0,15,43,0,2,0,22
INS,2619,26190000,0,0,0,0,50,26,55
INS,2620,26200000,0,0,0,20,5,0,21
INS,2621,26210000,0,7,25,36,12,31,124
INS,2622,26220000,18,0,0,12,0,15,75
INS,2623,26230000,28,19,0,0,0,0,94
INS,2624,26240000,0,0,0,0,35,35,134
INS,2625,26250000,2,0,0,0,0,5,88
INS,2626,26260000,18,4,0,44,16,0,180
INS,2627,26270000,45,0,20,7,0,0,187
INS,2628,26280000,0,0,28,2,0,21,183
INS,2629,26290000,0,10,0,0,21,0,180
INS,2630,26300000,0,0,0,10,16,0,192
INS,2631,26310000,65,18,0,0,0,32,42
INS,2632,26320000,12,0,0,15,0,0,227
INS,2633,26330000,0,9,17,0,0,13,0
INS,2634,26340000,19,0,3,27,0,39,66
INS,2635,26350000,1,23,11,0,0,36,66
INS,2636,26360000,0,39,0,30,0,38,119
INS,2637,26370000,19,0,0,65,0,0,113
INS,2638,26380000,6,0,0,2,4,8,66
INS,2639,26390000,0,18,0,0,0,0,81
INS,2640,26400000,13,0,12,16,20,4,145
INS,2641,26410000,521,10,6,0,0,0,122
INS,2642,26420000,1129,0,7,23,0,24,17
INS,2643,26430000,1550,9,0,0,48,0,202
INS,2644,26440000,1998,0,2,18,46,1,165
INS,2645,26450000,2431,1,40,0,47,15,139
INS,2646,26460000,2769,33,0,30,0,12,210
INS,2647,26470000,2990,14,17,0,16,16,180
INS,2648,26480000,3166,34,1,28,14,22,153
INS,2649,26490000,3228,0,15,10,0,9,167
INS,2650,26500000,3163,219,2,5,0,0,55
INS,2651,26510000,3002,469,0,0,6,15,175
INS,2652,26520000,2743,674,35,0,0,0,152
INS,2653,26530000,2422,870,0,0,0,0,9
INS,2654,26540000,2078,1041,33,9,20,0,171
INS,2655,26550000,1568,1206,9,41,0,0,87
INS,2656,26560000,1095,1297,0,0,0,0,184
INS,2657,26570000,540,1387,10,20,0,0,22
INS,2658,26580000,8,1391,0,42,0,0,35
INS,2659,26590000,0,1389,562,8,0,0,58
INS,2660,26600000,0,1269,1053,472,0,29,171
INS,2661,26610000,13,1264,1532,1040,58,12,4
INS,2662,26620000,30,1079,1911,1501,473,1,73
INS,2663,26630000,27,945,2267,2008,948,42,52
INS,2664,26640000,0,725,2464,2351,1393,0,253
INS,2665,26650000,0,514,2629,2590,1717,30,49
INS,2666,26660000,18,203,2611,2794,2033,0,245
INS,2667,26670000,17,5,2440,2795,2148,24,32
INS,2668,26680000,7,61,2231,2712,2189,545,109
INS,2669,26690000,18,1,1927,2472,2122,1046,223
INS,2670,26700000,0,11,1531,2200,1996,1426,74
INS,2671,26710000,12,58,1048,1705,1700,1717,191
INS,2672,26720000,0,23,533,1244,1282,1811,141
INS,2673,26730000,37,0,8,686,867,1730,129
INS,2674,26740000,0,0,15,113,381,1486,93
INS,2675,26750000,0,0,0,0,0,1132,15
INS,2676,26760000,0,11,0,23,0,682,128
INS,2677,26770000,0,4,1,0,0,161,107
INS,2678,26780000,20,25,24,0,2,32,61
INS,2679,26790000,0,0,44,0,0,0,19
INS,2680,26800000,21,6,0,0,3,8,30
INS,2681,26810000,16,0,0,0,0,35,60
INS,2682,26820000,0,0,0,0,0,0,26
INS,2683,26830000,27,0,0,0,0,17,87
INS,2684,26840000,12,0,0,0,0,0,72
INS,2685,26850000,11,0,28,0,16,2,134
INS,2686,26860000,0,0,0,12,17,11,134
INS,2687,26870000,0,16,0,20,10,17,174
INS,2688,26880000,30,0,0,12,0,0,170
INS,2689,26890000,0,23,0,0,7,0,175
INS,2690,26900000,0,2,0,5,2,0,171
INS,2691,26910000,58,0,0,0,0,0,237
INS,2692,26920000,0,0,16,5,0,0,217
INS,2693,26930000,0,0,0,0,4,0,217
INS,2694,26940000,0,0,0,0,18,0,248
INS,2695,26950000,43,18,0,0,1,0,53
INS,2696,26960000,0,33,0,0,13,28,82
INS,2697,26970000,48,7,0,22,0,0,102
INS,2698,26980000,0,0,0,18,0,0,60
INS,2699,26990000,21,25,42,0,0,6,153
INS,2700,27000000,4,12,13,0,10,12,127
INS,2701,27010000,563,0,0,2,0,30,176
INS,2702,27020000,1110,17,4,2,0,0,219
INS,2703,27030000,1584,0,0,5,0,18,198
INS,2704,27040000,2041,44,0,21,23,0,225
INS,2705,27050000,2482,18,48,26,0,0,175
INS,2706,27060000,2719,0,0,0,0,4,85
INS,2707,27070000,3017,0,31,0,52,13,236
INS,2708,27080000,3148,22,27,0,14,33,128
INS,2709,27090000,3184,17,11,60,17,0,190
INS,2710,27100000,3136,271,0,0,0,0,69
INS,2711,27110000,3037,502,22,0,4,0,244
INS,2712,27120000,2764,704,51,10,16,0,241
INS,2713,27130000,2470,940,0,0,37,0,160
INS,2714,27140000,2099,1068,6,10,13,0,182
INS,2715,27150000,1595,1211,0,20,7,2,94
INS,2716,27160000,1097,1318,4,16,0,0,223
INS,2717,27170000,499,1334,0,30,0,46,226
INS,2718,27180000,0,1408,0,0,0,0,254
INS,2719,27190000,0,1390,542,29,0,0,56
INS,2720,27200000,0,1301,1048,479,25,0,197
INS,2721,27210000,4,1201,1563,1052,0,2,159
INS,2722,27220000,0,1051,1967,1537,481,0,110
INS,2723,27230000,29,910,2216,2002,930,1,155
INS,2724,27240000,0,690,2492,2353,1366,31,248
INS,2725,27250000,3,461,2603,2608,1702,0,198
INS,2726,27260000,0,180,2626,2775,2000,0,163
INS,2727,27270000,0,0,2451,2789,2152,24,15
INS,2728,27280000,21,0,2277,2705,2179,570,112
INS,2729,27290000,0,6,1929,2504,2130,1031,233
INS,2730,27300000,0,7,1544,2141,1944,1447,245
INS,2731,27310000,0,40,1073,1771,1645,1706,182
INS,2732,27320000,0,0,596,1214,1310,1836,200
INS,2733,27330000,14,0,20,725,869,1741,166
INS,2734,27340000,34,9,0,84,401,1501,123
INS,2735,27350000,0,0,5,0,2,1102,244
INS,2736,27360000,23,0,3,35,15,601,85
INS,2737,27370000,17,0,0,0,3,81,38
INS,2738,27380000,0,0,0,0,8,22,240
INS,2739,27390000,0,0,0,0,16,0,243
INS,2740,27400000,33,0,0,0,7,0,28
INS,2741,27410000,0,13,0,16,5,0,39
INS,2742,27420000,28,12,0,0,19,0,81
INS,2743,27430000,0,0,46,0,5,0,90
INS,2744,27440000,0,0,0,15,0,35,106
INS,2745,27450000,22,18,0,0,0,0,113
INS,2746,27460000,0,0,12,0,0,0,102
INS,2747,27470000,1,0,0,0,0,29,137
INS,2748,27480000,0,0,10,0,39,0,173
INS,2749,27490000,21,69,44,0,0,21,40
INS,2750,27500000,0,16,48,15,20,0,1
INS,2751,27510000,9,18,0,5,20,10,237
INS,2752,27520000,0,1,0,14,0,16,223
INS,2753,27530000,4,22,9,0,10,1,255
INS,2754,27540000,0,10,0,33,0,0,13
INS,2755,27550000,27,25,0,0,9,0,48
INS,2756,27560000,33,67,0,0,5,3,112
INS,2757,27570000,0,0,0,0,0,0,21
INS,2758,27580000,18,25,0,0,0,11,92
INS,2759,27590000,10,26,0,0,0,15,106
INS,2760,27600000,6,0,0,5,0,11,94
INS,2761,27610000,558,1,0,6,0,16,158
INS,2762,27620000,1067,0,47,31,0,0,227
INS,2763,27630000,1621,0,0,0,39,0,247
INS,2764,27640000,2097,0,0,3,46,63,45
INS,2765,27650000,2452,10,22,0,32,8,121
INS,2766,27660000,2738,31,12,0,0,4,143
INS,2767,27670000,3015,0,45,0,32,0,211
INS,2768,27680000,3166,0,6,0,25,0,77
INS,2769,27690000,3219,45,4,0,17,0,182
INS,2770,27700000,3146,218,0,0,0,0,22
INS,2771,27710000,3010,454,21,21,0,33,214
INS,2772,27720000,2824,731,0,0,19,0,10
INS,2773,27730000,2511,911,0,0,0,0,131
INS,2774,27740000,2064,1055,29,0,37,3,170
INS,2775,27750000,1570,1164,7,0,0,28,24
INS,2776,27760000,1110,1300,33,17,0,2,246
INS,2777,27770000,585,1343,0,18,10,0,13
INS,2778,27780000,0,1414,5,0,4,0,9
INS,2779,27790000,21,1358,538,0,31,17,56
INS,2780,27800000,0,1280,1079,485,0,6,190
INS,2781,27810000,0,1172,1556,1023,0,0,84
INS,2782,27820000,0,1121,1927,1565,498,0,181
INS,2783,27830000,0,929,2203,1992,991,0,178
INS,2784,27840000,3,713,2492,2367,1453,0,84
INS,2785,27850000,0,481,2633,2625,1723,0,23
INS,2786,27860000,38,286,2549,2779,2047,0,21
INS,2787,27870000,0,0,2455,2812,2143,0,5
INS,2788,27880000,0,0,2241,2694,2197,517,5
INS,2789,27890000,53,14,1916,2533,2147,1012,48
INS,2790,27900000,0,0,1510,2160,1962,1417,207
INS,2791,27910000,0,0,1058,1777,1608,1664,50
INS,2792,27920000,14,13,567,1256,1291,1801,182
INS,2793,27930000,0,16,0,726,884,1712,131
INS,2794,27940000,0,0,5,74,392,1462,23
INS,2795,27950000,21,0,0,0,0,1159,55
INS,2796,27960000,0,12,28,1,0,658,103
INS,2797,27970000,0,0,0,36,42,47,58
INS,2798,27980000,13,0,27,0,0,26,16
INS,2799,27990000,11,0,18,0,0,0,252
INS,2800,28000000,0,0,14,28,0,0,26
INS,2801,28010000,9,0,10,44,0,0,64
INS,2802,28020000,0,21,0,7,42,31,119
INS,2803,28030000,9,4,0,0,0,7,55
INS,2804,28040000,0,23,0,19,0,0,94
INS,2805,28050000,39,35,0,0,12,0,155
INS,2806,28060000,50,2,7,0,0,19,164
INS,2807,28070000,16,0,0,0,0,6,125
INS,2808,28080000,0,0,0,2,22,0,144
INS,2809,28090000,0,0,0,16,0,0,153
INS,2810,28100000,0,29,42,27,0,85,81
INS,2811,28110000,0,11,0,21,0,25,228
INS,2812,28120000,22,88,0,0,0,0,42
INS,2813,28130000,63,15,5,0,67,0,99
INS,2814,28140000,0,0,11,9,0,0,242
INS,2815,28150000,26,0,0,0,0,0,9
INS,2816,28160000,43,8,37,23,55,6,172
INS,2817,28170000,0,3,0,1,34,57,112
INS,2818,28180000,0,12,20,0,17,0,83
INS,2819,28190000,23,0,16,30,29,15,164
INS,2820,28200000,24,0,10,3,0,0,105
INS,2821,28210000,567,6,0,16,0,0,162
INS,2822,28220000,1158,20,0,21,6,0,27
INS,2823,28230000,1594,3,0,6,0,0,186
INS,2824,28240000,2090,34,14,16,14,38,38
INS,2825,28250000,2478,21,0,0,0,0,92
INS,2826,28260000,2753,0,14,8,22,4,155
INS,2827,28270000,3007,0,27,0,0,0,149
INS,2828,28280000,3110,39,0,0,0,7,32
INS,2829,28290000,3213,59,15,0,0,0,180
INS,2830,28300000,3128,219,32,1,0,3,37
INS,2831,28310000,2997,506,0,0,0,15,189
INS,2832,28320000,2747,707,23,0,5,0,170
INS,2833,28330000,2407,843,67,29,0,20,71
INS,2834,28340000,2091,1089,3,56,0,0,217
INS,2835,28350000,1575,1197,18,2,50,0,93
INS,2836,28360000,1044,1312,0,0,0,0,136
INS,2837,28370000,557,1406,0,0,0,0,16
INS,2838,28380000,21,1434,1,0,42,0,80
INS,2839,28390000,32,1385,539,0,19,17,79
INS,2840,28400000,30,1275,1106,491,0,32,14
INS,2841,28410000,49,1232,1553,1013,0,3,179
INS,2842,28420000,12,1053,1943,1547,515,0,136
INS,2843,28430000,0,844,2271,2005,952,5,136
INS,2844,28440000,7,702,2509,2426,1382,0,78
INS,2845,28450000,0,464,2629,2624,1748,0,22
INS,2846,28460000,11,218,2586,2782,1993,32,196
INS,2847,28470000,1,0,2454,2771,2147,0,220
INS,2848,28480000,19,0,2250,2673,2193,558,45
INS,2849,28490000,16,21,1929,2479,2149,1031,250
INS,2850,28500000,15,12,1502,2147,1972,1445,247
INS,2851,28510000,0,0,1095,1741,1683,1678,136
INS,2852,28520000,0,40,521,1243,1324,1774,138
INS,2853,28530000,0,10,11,656,829,1760,55
INS,2854,28540000,0,1,0,118,383,1526,114
INS,2855,28550000,45,0,0,60,0,1079,55
INS,2856,28560000,21,22,0,24,0,640,107
INS,2857,28570000,9,0,17,8,40,107,110
INS,2858,28580000,18,21,0,3,0,0,244
INS,2859,28590000,0,0,37,0,0,16,16
INS,2860,28600000,0,0,0,51,0,12,43
INS,2861,28610000,0,12,0,0,0,34,43
INS,2862,28620000,0,13,0,0,9,21,57
INS,2863,28630000,0,0,0,0,0,0,31
INS,2864,28640000,0,34,43,0,0,0,125
INS,2865,28650000,0,27,0,0,0,0,92
INS,2866,28660000,0,12,2,0,0,23,119
INS,2867,28670000,39,0,0,34,0,2,174
INS,2868,28680000,11,0,0,0,10,0,137
INS,2869,28690000,6,24,19,0,1,0,183
INS,2870,28700000,0,0,2,6,5,28,191
INS,2871,28710000,40,3,0,27,0,0,237
INS,2872,28720000,0,0,8,0,10,0,202
INS,2873,28730000,0,0,37,0,17,0,255
INS,2874,28740000,48,11,16,21,26,18,102
INS,2875,28750000,0,2,0,0,8,0,245
INS,2876,28760000,2,0,0,0,7,52,57
INS,2877,28770000,0,0,0,0,0,0,13
INS,2878,28780000,31,0,22,0,17,22,122
INS,2879,28790000,0,0,13,4,0,0,64
INS,2880,28800000,0,0,2,34,0,0,100
INS,2881,28810000,571,0,0,4,0,22,166
INS,2882,28820000,1078,0,10,0,0,16,178
INS,2883,28830000,1581,19,35,0,0,11,225
INS,2884,28840000,2094,14,0,0,0,0,192
INS,2885,28850000,2444,4,30,31,0,10,108
INS,2886,28860000,2753,0,0,0,32,0,135
INS,2887,28870000,3030,0,21,24,0,11,197
INS,2888,28880000,3151,7,0,0,22,6,58
INS,2889,28890000,3192,0,0,0,11,0,92
INS,2890,28900000,3173,289,0,0,21,1,134
INS,2891,28910000,2987,459,40,24,0,5,182
INS,2892,28920000,2706,734,0,10,2,36,172
INS,2893,28930000,2459,871,0,0,78,0,109
INS,2894,28940000,2092,1067,0,0,35,0,168
INS,2895,28950000,1583,1245,30,29,89,65,32
INS,2896,28960000,1066,1345,0,0,26,40,253
INS,2897,28970000,558,1397,0,0,37,39,80
INS,2898,28980000,0,1404,0,9,0,0,247
INS,2899,28990000,0,1420,561,0,0,55,119
INS,2900,29000000,34,1311,1069,466,0,23,235
INS,2901,29010000,0,1202,1576,1027,24,6,160
INS,2902,29020000,18,1110,1993,1556,477,11,227
INS,2903,29030000,17,847,2248,1990,1001,0,158
INS,2904,29040000,0,668,2483,2379,1420,0,254
INS,2905,29050000,30,489,2574,2627,1730,9,12
INS,2906,29060000,14,235,2634,2775,1963,0,191
INS,2907,29070000,0,0,2483,2750,2173,0,249
INS,2908,29080000,2,5,2221,2689,2205,536,6
INS,2909,29090000,5,0,1907,2439,2109,992,73
INS,2910,29100000,28,0,1539,2195,2006,1430,92
INS,2911,29110000,0,47,1083,1701,1699,1698,163
INS,2912,29120000,0,0,573,1249,1318,1778,150
INS,2913,29130000,0,0,12,684,875,1774,130
INS,2914,29140000,20,51,0,86,411,1523,173
INS,2915,29150000,2,0,0,26,8,1134,37
INS,2916,29160000,0,35,27,0,1,622,81
INS,2917,29170000,27,19,5,0,0,140,116
INS,2918,29180000,0,0,0,0,0,31,229
INS,2919,29190000,11,5,24,0,0,0,255
INS,2920,29200000,6,0,8,0,0,0,246
INS,2921,29210000,0,0,3,0,0,0,252
INS,2922,29220000,16,25,1,0,0,0,52
INS,2923,29230000,5,24,0,0,0,0,56
INS,2924,29240000,0,17,0,5,0,0,66
INS,2925,29250000,6,42,27,0,6,3,145
INS,2926,29260000,14,0,17,9,22,0,140
INS,2927,29270000,0,0,15,0,18,0,128
INS,2928,29280000,47,0,0,0,6,53,218
INS,2929,29290000,4,0,0,11,0,0,144
INS,2930,29300000,0,0,1,0,0,13,160
INS,2931,29310000,0,39,0,0,0,0,202
INS,2932,29320000,0,14,12,14,40,0,4
INS,2933,29330000,15,7,0,56,17,0,36
INS,2934,29340000,0,58,0,29,20,0,65
INS,2935,29350000,0,0,0,0,0,23,254
INS,2936,29360000,0,15,16,0,0,15,38
INS,2937,29370000,0,6,0,16,0,0,31
INS,2938,29380000,0,3,0,20,7,7,63
INS,2939,29390000,0,2,22,2,34,0,103
INS,2940,29400000,0,12,0,0,30,14,116
INS,2941,29410000,515,1,0,0,0,25,106
INS,2942,29420000,1102,24,44,0,34,0,18
INS,2943,29430000,1627,0,0,14,0,13,229
INS,2944,29440000,2050,7,0,0,49,0,186
INS,2945,29450000,2435,0,0,0,0,6,26
INS,2946,29460000,2733,41,0,36,18,0,174
INS,2947,29470000,3061,0,18,0,0,0,186
INS,2948,29480000,3134,6,0,0,26,49,83
INS,2949,29490000,3140,32,0,0,0,31,88
INS,2950,29500000,3133,191,14,4,30,2,20
INS,2951,29510000,3016,524,40,16,0,4,7
INS,2952,29520000,2822,687,18,2,44,0,253
INS,2953,29530000,2463,867,9,0,0,0,36
INS,2954,29540000,2046,1057,0,8,5,27,113
INS,2955,29550000,1560,1148,0,0,39,34,24
INS,2956,29560000,1104,1322,55,11,0,0,8
INS,2957,29570000,567,1378,0,2,0,8,0
INS,2958,29580000,0,1411,0,0,37,15,37
INS,2959,29590000,3,1380,565,0,0,0,27
INS,2960,29600000,5,1338,1012,498,16,17,214
INS,2961,29610000,0,1205,1573,1042,0,0,141
INS,2962,29620000,30,1055,1909,1565,515,0,132
INS,2963,29630000,21,941,2239,1967,998,0,217
INS,2964,29640000,0,710,2497,2363,1351,0,221
INS,2965,29650000,0,469,2578,2615,1760,0,227
INS,2966,29660000,0,273,2567,2764,1988,0,158
INS,2967,29670000,0,3,2501,2782,2161,24,54
INS,2968,29680000,6,0,2249,2712,2226,580,117
INS,2969,29690000,11,3,1945,2485,2109,1029,199
INS,2970,29700000,0,22,1540,2127,1923,1451,209
INS,2971,29710000,0,0,1024,1701,1706,1663,25
INS,2972,29720000,23,0,563,1208,1279,1781,82
INS,2973,29730000,0,0,15,672,910,1731,109
INS,2974,29740000,6,0,15,124,406,1535,164
INS,2975,29750000,30,0,27,21,30,1137,108
INS,2976,29760000,0,8,0,22,0,678,100
INS,2977,29770000,0,0,24,37,0,175,157
INS,2978,29780000,50,40,5,0,0,0,33
INS,2979,29790000,0,0,4,52,0,0,11
INS,2980,29800000,0,0,0,0,28,15,15
INS,2981,29810000,0,40,22,12,0,0,63
INS,2982,29820000,38,0,42,5,0,19,110
INS,2983,29830000,18,0,0,26,19,12,98
INS,2984,29840000,6,8,0,21,8,0,83
INS,2985,29850000,28,0,42,0,20,5,152
INS,2986,29860000,0,0,0,0,0,33,107
INS,2987,29870000,22,1,0,0,45,0,159
INS,2988,29880000,0,0,18,0,0,6,132
INS,2989,29890000,31,26,47,4,24,0,1
INS,2990,29900000,0,20,4,6,0,35,207
INS,2991,29910000,16,5,11,0,0,30,221
INS,2992,29920000,0,0,30,31,0,41,22
INS,2993,29930000,33,0,7,0,1,36,14
INS,2994,29940000,0,0,0,0,39,25,18
INS,2995,29950000,23,0,0,0,0,36,30
INS,2996,29960000,0,12,1,0,0,24,25
INS,2997,29970000,15,0,0,0,57,0,77
INS,2998,29980000,31,17,0,38,4,13,125
INS,2999,29990000,74,7,0,0,12,0,132
INS,3000,30000000,0,3,0,20,10,0,89
INS,3001,30010000,561,46,0,13,28,38,247
INS,3002,30020000,1071,0,0,0,0,0,137
INS,3003,30030000,1573,1,0,31,0,16,192
INS,3004,30040000,2058,53,0,0,0,2,189
INS,3005,30050000,2420,0,0,0,31,0,32
INS,3006,30060000,2714,2,0,0,8,17,83
INS,3007,30070000,3047,0,0,0,15,0,165
INS,3008,30080000,3123,0,26,0,22,0,35
INS,3009,30090000,3172,32,27,0,15,0,127
INS,3010,30100000,3138,215,0,6,0,15,16
INS,3011,30110000,3018,466,2,33,0,0,178
INS,3012,30120000,2775,673,0,0,3,85,212
INS,3013,30130000,2449,925,0,0,19,0,86
INS,3014,30140000,2079,1069,12,12,3,0,141
INS,3015,30150000,1608,1206,0,0,0,20,73
INS,3016,30160000,1094,1317,0,0,6,0,185
INS,3017,30170000,589,1344,0,13,0,0,243
INS,3018,30180000,0,1410,35,0,4,0,19
INS,3019,30190000,11,1376,582,0,0,18,62
INS,3020,30200000,0,1302,1080,446,0,18,170
INS,3021,30210000,27,1199,1539,1002,0,33,117
INS,3022,30220000,0,1020,1930,1525,491,0,20
INS,3023,30230000,36,902,2234,2013,941,5,178
INS,3024,30240000,3,698,2472,2324,1364,0,157
INS,3025,30250000,0,534,2596,2629,1709,33,46
INS,3026,30260000,0,266,2532,2747,2013,11,131
INS,3027,30270000,0,0,2500,2773,2125,52,29
INS,3028,30280000,72,0,2265,2732,2204,540,153
INS,3029,30290000,0,56,1942,2515,2140,1059,69
INS,3030,30300000,35,17,1434,2181,1986,1434,229
INS,3031,30310000,0,0,1077,1774,1676,1690,144
INS,3032,30320000,0,0,538,1222,1317,1813,114
INS,3033,30330000,0,14,0,662,880,1694,27
INS,3034,30340000,11,0,0,110,409,1539,143
INS,3035,30350000,0,26,0,6,16,1115,22
INS,3036,30360000,0,29,14,0,0,638,69
INS,3037,30370000,23,38,45,18,46,110,197
INS,3038,30380000,0,16,0,0,3,0,209
INS,3039,30390000,3,0,12,0,18,17,1
INS,3040,30400000,14,0,19,34,8,25,68
INS,3041,30410000,0,0,6,0,0,57,48
INS,3042,30420000,24,40,0,8,30,0,104
INS,3043,30430000,0,11,0,0,26,0,56
INS,3044,30440000,17,0,0,0,11,0,64
INS,3045,30450000,0,0,0,0,0,30,83
INS,3046,30460000,60,0,0,20,0,0,150
INS,3047,30470000,32,0,0,18,0,0,137
INS,3048,30480000,15,10,36,24,39,0,228
INS,3049,30490000,0,0,0,0,0,36,157
INS,3050,30500000,0,5,15,0,17,0,175
INS,3051,30510000,11,17,0,0,21,0,204
INS,3052,30520000,0,20,0,0,0,0,192
INS,3053,30530000,0,0,31,0,8,32,4
INS,3054,30540000,0,34,35,20,0,0,39
INS,3055,30550000,12,23,1,1,0,12,16
INS,3056,30560000,32,0,20,0,41,6,83
INS,3057,30570000,10,50,0,5,0,2,68
INS,3058,30580000,17,0,0,0,26,0,61
INS,3059,30590000,21,3,13,22,0,0,94
INS,3060,30600000,6,2,23,27,0,0,110
INS,3061,30610000,613,12,0,0,0,0,182
INS,3062,30620000,1103,12,0,24,0,3,204
INS,3063,30630000,1599,9,0,0,0,0,175
INS,3064,30640000,2072,9,0,0,0,0,153
INS,3065,30650000,2453,4,3,0,39,2,78
INS,3066,30660000,2736,3,0,0,0,3,80
INS,3067,30670000,2982,0,22,0,20,8,131
INS,3068,30680000,3109,0,1,39,0,30,39
INS,3069,30690000,3207,0,0,0,0,0,84
INS,3070,30700000,3164,245,0,13,0,2,62
INS,3071,30710000,3017,516,13,0,0,7,208
INS,3072,30720000,2737,702,0,0,0,57,168
INS,3073,30730000,2448,907,5,0,0,0,49
INS,3074,30740000,1997,1068,0,16,0,56,99
INS,3075,30750000,1591,1225,0,28,0,18,97
INS,3076,30760000,1119,1311,0,0,0,0,194
INS,3077,30770000,590,1363,0,0,23,0,13
INS,3078,30780000,0,1377,18,0,0,0,217
INS,3079,30790000,1,1418,540,0,0,21,51
INS,3080,30800000,20,1319,1059,453,18,37,226
INS,3081,30810000,0,1189,1546,995,1,23,67
INS,3082,30820000,22,1096,1944,1538,503,20,173
INS,3083,30830000,13,902,2191,1966,932,0,47
INS,3084,30840000,0,651,2474,2372,1430,0,219
INS,3085,30850000,35,483,2619,2595,1711,49,33
INS,3086,30860000,0,226,2621,2790,1944,5,144
INS,3087,30870000,0,0,2482,2810,2134,0,1
INS,3088,30880000,20,17,2234,2732,2204,504,47
INS,3089,30890000,4,0,1971,2491,2182,1008,9
INS,3090,30900000,14,49,1491,2162,1945,1448,247
INS,3091,30910000,0,0,1087,1737,1720,1721,188
INS,3092,30920000,0,20,510,1262,1316,1786,114
INS,3093,30930000,27,19,0,656,903,1761,139
INS,3094,30940000,0,0,8,119,345,1501,43
INS,3095,30950000,0,12,0,0,0,1128,251
INS,3096,30960000,22,16,0,30,0,628,80
INS,3097,30970000,0,0,48,0,0,115,76
INS,3098,30980000,0,20,0,0,58,0,8
INS,3099,30990000,0,0,0,56,40,6,49
INS,3100,31000000,10,16,0,0,21,58,69
INS,3101,31010000,0,0,0,0,3,7,247
INS,3102,31020000,17,1,8,0,0,0,24
INS,3103,31030000,0,0,0,42,0,0,57
INS,3104,31040000,0,46,16,0,0,0,94
INS,3105,31050000,0,0,0,0,0,0,49
INS,3106,31060000,1,12,0,16,11,0,106
INS,3107,31070000,0,2,27,0,31,0,143
INS,3108,31080000,33,22,16,0,18,0,189
INS,3109,31090000,0,20,0,29,0,16,182
INS,3110,31100000,0,0,0,13,0,0,147
INS,3111,31110000,0,23,0,1,0,41,216
INS,3112,31120000,0,26,0,0,0,0,194
INS,3113,31130000,0,22,0,6,31,0,244
INS,3114,31140000,2,0,0,37,0,19,4
INS,3115,31150000,0,0,11,0,8,49,31
INS,3116,31160000,10,20,8,3,11,6,38
INS,3117,31170000,21,11,18,4,21,0,72
INS,3118,31180000,11,0,31,0,0,0,56
INS,3119,31190000,0,25,9,17,0,12,94
INS,3120,31200000,5,0,12,14,23,0,102
INS,3121,31210000,548,0,13,25,38,0,177
INS,3122,31220000,1110,43,19,13,0,14,1
INS,3123,31230000,1581,0,0,1,0,18,163
INS,3124,31240000,2066,0,0,10,0,31,175
INS,3125,31250000,2470,3,5,55,5,17,128
INS,3126,31260000,2820,12,0,54,0,12,232
INS,3127,31270000,2990,0,0,21,0,0,106
INS,3128,31280000,3144,0,0,30,0,22,52
INS,3129,31290000,3213,52,1,14,0,16,169
INS,3130,31300000,3168,255,38,0,2,0,97
INS,3131,31310000,3069,439,0,22,0,0,181
INS,3132,31320000,2757,696,25,0,41,0,187
INS,3133,31330000,2449,888,16,12,3,41,94
INS,3134,31340000,2024,1123,11,0,0,10,126
INS,3135,31350000,1603,1203,11,0,14,0,62
INS,3136,31360000,1094,1299,0,23,0,9,185
INS,3137,31370000,552,1400,0,5,0,0,246
INS,3138,31380000,19,1391,0,38,45,30,85
INS,3139,31390000,8,1361,561,0,8,17,22
INS,3140,31400000,52,1325,1071,493,12,0,13
INS,3141,31410000,0,1251,1533,1014,21,19,147
INS,3142,31420000,0,1047,1900,1570,535,47,145
INS,3143,31430000,0,892,2233,1997,1010,20,191
INS,3144,31440000,0,716,2464,2338,1419,15,240
INS,3145,31450000,43,469,2613,2632,1749,0,43
INS,3146,31460000,25,257,2579,2826,2002,30,17
INS,3147,31470000,18,0,2499,2779,2182,1,50
INS,3148,31480000,0,10,2232,2686,2244,567,71
INS,3149,31490000,44,5,1916,2474,2132,994,170
INS,3150,31500000,14,0,1482,2130,1940,1415,115
INS,3151,31510000,0,34,1057,1726,1746,1695,177
INS,3152,31520000,0,26,534,1284,1323,1778,161
INS,3153,31530000,27,0,0,709,886,1729,120
INS,3154,31540000,5,22,0,127,405,1488,113
INS,3155,31550000,0,0,23,0,13,1088,231
INS,3156,31560000,11,0,0,18,0,667,76
INS,3157,31570000,53,14,9,41,40,111,177
INS,3158,31580000,0,33,0,0,33,41,33
INS,3159,31590000,20,21,6,0,14,0,4
INS,3160,31600000,0,0,0,20,19,20,19
INS,3161,31610000,0,0,18,0,24,16,35
INS,3162,31620000,0,43,3,38,0,28,106
INS,3163,31630000,20,2,46,0,0,59,138
INS,3164,31640000,0,14,0,0,57,0,99
INS,3165,31650000,0,28,0,23,24,0,120
INS,3166,31660000,0,0,2,24,17,0,105
INS,3167,31670000,0,27,8,5,0,54,173
INS,3168,31680000,4,7,0,11,0,0,118
INS,3169,31690000,0,0,0,9,0,33,155
INS,3170,31700000,0,17,14,0,24,5,190
INS,3171,31710000,11,0,43,0,0,31,232
INS,3172,31720000,14,9,0,0,0,0,187
INS,3173,31730000,0,0,2,8,12,0,203
INS,3174,31740000,0,8,4,0,2,0,212
INS,3175,31750000,0,18,0,33,0,39,49
INS,3176,31760000,0,1,11,13,0,21,22
INS,3177,31770000,0,31,10,0,0,0,34
INS,3178,31780000,0,3,0,0,0,57,70
INS,3179,31790000,15,0,19,0,0,28,89
INS,3180,31800000,0,0,1,38,14,12,109
INS,3181,31810000,581,0,21,22,0,4,177
INS,3182,31820000,1069,0,0,3,0,0,126
INS,3183,31830000,1638,0,31,0,32,22,26
INS,3184,31840000,2059,0,0,4,15,0,142
INS,3185,31850000,2463,0,51,18,0,0,101
INS,3186,31860000,2775,14,0,44,0,0,163
INS,3187,31870000,2956,31,0,12,4,15,109
INS,3188,31880000,3156,0,7,0,4,0,19
INS,3189,31890000,3156,0,31,0,18,35,109
INS,3190,31900000,3112,235,0,34,0,0,11
INS,3191,31910000,3023,502,45,19,23,0,3
INS,3192,31920000,2787,708,0,0,0,0,159
INS,3193,31930000,2462,890,18,0,0,18,69
INS,3194,31940000,2075,1090,0,17,0,0,136
INS,3195,31950000,1588,1224,9,2,0,40,90
INS,3196,31960000,1056,1307,75,0,31,0,225
INS,3197,31970000,607,1374,4,1,0,9,24
INS,3198,31980000,24,1376,51,0,0,0,9
INS,3199,31990000,29,1351,548,0,66,0,57
INS,3200,32000000,48,1267,1046,409,1,0,83
INS,3201,32010000,5,1215,1504,1033,9,18,89
INS,3202,32020000,0,1087,1961,1534,484,8,116
INS,3203,32030000,0,869,2293,2040,984,0,221
INS,3204,32040000,18,684,2451,2387,1369,33,226
INS,3205,32050000,31,532,2574,2616,1763,0,49
INS,3206,32060000,2,234,2567,2801,2024,0,178
INS,3207,32070000,7,3,2531,2816,2138,0,62
INS,3208,32080000,19,9,2268,2647,2220,484,231
INS,3209,32090000,24,35,1967,2448,2126,1053,254
INS,3210,32100000,14,9,1509,2166,1921,1440,189
INS,3211,32110000,10,0,1057,1741,1684,1688,95
INS,3212,32120000,0,7,583,1252,1329,1758,141
INS,3213,32130000,11,20,0,696,873,1725,90
INS,3214,32140000,1,2,5,125,381,1516,92
INS,3215,32150000,28,45,0,0,0,1132,52
INS,3216,32160000,22,0,0,0,9,688,95
INS,3217,32170000,0,2,12,17,35,100,71
INS,3218,32180000,30,0,0,13,1,15,237
INS,3219,32190000,0,35,0,9,0,29,12
INS,3220,32200000,30,0,46,27,24,0,83
INS,3221,32210000,21,0,0,18,6,0,18
INS,3222,32220000,0,0,18,0,0,0,8
INS,3223,32230000,0,0,0,0,0,5,12
INS,3224,32240000,0,40,0,0,0,3,67
INS,3225,32250000,0,1,0,6,0,16,64
INS,3226,32260000,0,0,7,0,0,0,65
INS,3227,32270000,0,6,25,28,13,9,156
INS,3228,32280000,24,7,0,0,1,37,161
INS,3229,32290000,37,0,23,0,0,2,171
INS,3230,32300000,24,0,9,0,0,9,168
INS,3231,32310000,0,46,0,0,0,0,189
INS,3232,32320000,10,0,0,6,12,0,188
INS,3233,32330000,10,0,8,0,0,0,195
INS,3234,32340000,2,6,0,0,42,37,25
INS,3235,32350000,7,0,0,0,0,0,218
INS,3236,32360000,0,6,0,1,0,0,235
INS,3237,32370000,0,12,0,20,0,5,26
INS,3238,32380000,0,8,0,5,0,15,34
INS,3239,32390000,0,0,0,9,10,0,42
INS,3240,32400000,0,29,29,0,59,0,157
INS,3241,32410000,554,0,1,0,0,21,121
INS,3242,32420000,1080,0,2,0,23,10,165
INS,3243,32430000,1606,0,0,28,23,0,212
INS,3244,32440000,2059,0,19,0,28,7,173
INS,3245,32450000,2445,0,0,0,48,0,58
INS,3246,32460000,2807,14,6,0,18,0,171
INS,3247,32470000,3000,0,6,0,6,8,107
INS,3248,32480000,3139,13,0,50,0,0,50
INS,3249,32490000,3228,30,0,8,0,18,149
INS,3250,32500000,3159,272,0,0,11,28,96
INS,3251,32510000,2996,480,0,65,40,15,239
INS,3252,32520000,2754,697,0,6,0,0,117
INS,3253,32530000,2443,921,0,0,22,26,89
INS,3254,32540000,2047,1036,44,0,0,2,79
INS,3255,32550000,1623,1196,0,0,16,15,73
INS,3256,32560000,1073,1303,9,4,0,17,158
INS,3257,32570000,528,1379,10,0,0,0,198
INS,3258,32580000,0,1364,0,0,4,50,228
INS,3259,32590000,0,1396,532,0,0,19,6
INS,3260,32600000,1,1337,1057,471,9,0,183
INS,3261,32610000,0,1212,1521,1048,13,7,102
INS,3262,32620000,13,1101,1911,1570,531,0,164
INS,3263,32630000,0,905,2260,1977,973,0,146
INS,3264,32640000,21,687,2502,2379,1376,24,13
INS,3265,32650000,2,494,2538,2647,1723,0,189
INS,3266,32660000,7,221,2554,2780,1979,5,92
INS,3267,32670000,0,0,2460,2805,2199,0,27
INS,3268,32680000,0,26,2303,2699,2170,583,105
INS,3269,32690000,4,0,1960,2501,2159,1040,5
INS,3270,32700000,0,22,1527,2126,1975,1470,246
INS,3271,32710000,51,9,1049,1714,1610,1720,64
INS,3272,32720000,0,55,527,1263,1310,1767,130
INS,3273,32730000,0,20,0,693,875,1714,63
INS,3274,32740000,0,0,24,80,465,1536,163
INS,3275,32750000,0,0,0,0,24,1140,7
INS,3276,32760000,30,0,24,0,0,669,95
INS,3277,32770000,0,7,0,0,14,148,70
INS,3278,32780000,0,0,28,11,0,9,222
INS,3279,32790000,0,0,0,0,3,0,194
INS,3280,32800000,0,0,23,34,0,0,9
INS,3281,32810000,14,0,0,0,0,61,44
INS,3282,32820000,11,8,0,12,1,0,18
INS,3283,32830000,0,0,0,17,0,0,20
INS,3284,32840000,5,0,13,0,6,1,45
INS,3285,32850000,17,11,0,0,0,13,78
INS,3286,32860000,0,0,0,6,4,0,64
INS,3287,32870000,0,0,32,10,30,25,168
INS,3288,32880000,1,11,0,0,0,0,100
INS,3289,32890000,0,0,27,0,0,19,151
INS,3290,32900000,4,0,0,0,0,2,128
INS,3291,32910000,24,0,0,2,0,0,165
INS,3292,32920000,12,5,32,0,6,20,231
INS,3293,32930000,27,0,0,0,15,0,215
INS,3294,32940000,0,0,4,31,11,36,16
INS,3295,32950000,9,0,11,0,9,0,236
INS,3296,32960000,0,0,5,0,15,10,254
INS,3297,32970000,35,0,0,0,0,0,20
INS,3298,32980000,45,28,35,0,0,9,119
INS,3299,32990000,0,0,19,17,0,34,89
INS,3300,33000000,34,31,0,17,17,0,135
INS,3301,33010000,553,0,0,0,0,33,127
INS,3302,33020000,1090,0,0,18,9,30,193
INS,3303,33030000,1605,0,11,0,0,0,167
INS,3304,33040000,2090,0,12,13,5,0,176
INS,3305,33050000,2426,0,33,0,28,0,48
INS,3306,33060000,2776,1,4,7,0,0,110
INS,3307,33070000,3018,19,3,0,70,27,220
INS,3308,33080000,3183,87,53,0,14,0,181
INS,3309,33090000,3190,0,48,38,29,0,166
INS,3310,33100000,3138,232,0,0,0,39,31
INS,3311,33110000,3032,497,0,0,6,27,201
INS,3312,33120000,2733,717,34,4,1,5,150
INS,3313,33130000,2411,932,0,26,5,0,47
INS,3314,33140000,2050,1061,0,0,0,25,82
INS,3315,33150000,1568,1241,15,0,0,0,43
INS,3316,33160000,1135,1308,16,0,31,19,1
INS,3317,33170000,565,1438,0,35,23,9,91
INS,3318,33180000,7,1385,0,14,0,29,241
INS,3319,33190000,0,1335,508,0,0,0,154
INS,3320,33200000,0,1308,1014,452,0,0,78
INS,3321,33210000,0,1173,1534,985,0,1,246
INS,3322,33220000,34,1064,1990,1530,499,0,151
INS,3323,33230000,0,898,2261,2000,970,5,161
INS,3324,33240000,0,693,2469,2358,1369,9,174
INS,3325,33250000,0,484,2607,2605,1737,0,214
INS,3326,33260000,13,250,2596,2807,1982,17,207
INS,3327,33270000,0,1,2471,2792,2143,0,222
INS,3328,33280000,0,24,2245,2673,2175,558,251
INS,3329,33290000,39,0,1938,2473,2119,1026,188
INS,3330,33300000,0,0,1529,2180,1933,1428,192
INS,3331,33310000,0,42,1086,1717,1702,1731,185
INS,3332,33320000,13,9,532,1283,1315,1803,159
INS,3333,33330000,0,45,41,671,838,1696,48
INS,3334,33340000,54,0,4,91,370,1500,73
INS,3335,33350000,26,12,16,0,24,1141,58
INS,3336,33360000,27,0,57,35,61,626,174
INS,3337,33370000,0,0,3,8,0,92,0
INS,3338,33380000,32,0,0,12,6,0,220
INS,3339,33390000,0,0,0,0,50,0,237
INS,3340,33400000,0,0,0,20,0,45,13
INS,3341,33410000,8,1,15,0,23,28,40
INS,3342,33420000,32,28,0,0,5,0,47
INS,3343,33430000,4,18,0,0,0,0,21
INS,3344,33440000,15,19,0,0,0,0,50
INS,3345,33450000,8,0,0,0,12,0,53
INS,3346,33460000,16,17,0,16,47,0,146
INS,3347,33470000,11,0,41,16,0,0,135
INS,3348,33480000,0,0,5,18,0,16,123
INS,3349,33490000,0,0,4,6,0,0,111
INS,3350,33500000,26,0,7,20,0,0,171
INS,3351,33510000,0,0,0,0,4,20,159
INS,3352,33520000,9,0,42,0,0,0,203
INS,3353,33530000,14,8,23,8,0,0,222
INS,3354,33540000,0,1,0,36,48,0,15
INS,3355,33550000,14,0,0,0,12,17,246
INS,3356,33560000,0,39,25,0,0,0,28
INS,3357,33570000,0,0,45,7,45,0,78
INS,3358,33580000,24,6,9,10,29,0,76
INS,3359,33590000,38,0,0,30,11,0,94
INS,3360,33600000,18,0,27,0,7,0,84
INS,3361,33610000,551,12,12,14,26,0,152
INS,3362,33620000,1100,20,22,17,0,0,201
INS,3363,33630000,1567,3,0,0,27,50,194
INS,3364,33640000,1996,57,0,12,0,0,117
INS,3365,33650000,2491,23,0,25,0,0,96
INS,3366,33660000,2795,0,0,0,55,32,200
INS,3367,33670000,3012,0,12,0,11,0,114
INS,3368,33680000,3114,0,21,0,12,27,14
INS,3369,33690000,3217,0,30,13,0,0,117
INS,3370,33700000,3146,289,0,0,0,0,53
INS,3371,33710000,2989,458,0,30,39,0,151
INS,3372,33720000,2785,710,0,0,0,0,147
INS,3373,33730000,2436,901,0,0,10,0,16
INS,3374,33740000,2061,1173,36,0,0,19,231
INS,3375,33750000,1608,1184,0,38,0,40,85
INS,3376,33760000,1120,1339,0,10,6,0,219
INS,3377,33770000,574,1430,0,0,2,0,23
INS,3378,33780000,0,1391,0,24,35,0,252
INS,3379,33790000,0,1392,469,0,0,22,190
INS,3380,33800000,0,1305,1040,494,42,0,181
INS,3381,33810000,0,1214,1507,1009,0,0,23
INS,3382,33820000,18,1074,1954,1553,511,25,165
INS,3383,33830000,0,927,2269,2007,994,2,222
INS,3384,33840000,14,683,2508,2423,1425,0,69
INS,3385,33850000,24,388,2599,2632,1747,0,167
INS,3386,33860000,5,253,2618,2733,1972,0,119
INS,3387,33870000,0,0,2481,2768,2136,0,196
INS,3388,33880000,29,0,2253,2715,2213,535,61
INS,3389,33890000,0,0,1918,2457,2090,1032,86
INS,3390,33900000,0,6,1478,2132,1971,1417,122
INS,3391,33910000,44,0,1047,1691,1628,1702,15
INS,3392,33920000,23,0,504,1230,1303,1805,65
INS,3393,33930000,0,0,0,684,891,1725,53
INS,3394,33940000,34,0,30,123,401,1461,99
INS,3395,33950000,0,16,12,0,2,1134,255
INS,3396,33960000,24,0,16,22,28,681,135
INS,3397,33970000,23,39,0,0,0,147,102
INS,3398,33980000,0,21,3,27,13,59,33
INS,3399,33990000,43,0,13,0,0,18,1
INS,3400,34000000,11,16,7,0,12,16,6
INS,3401,34010000,1,0,0,0,0,8,226
INS,3402,34020000,27,11,17,1,0,7,41
INS,3403,34030000,19,0,0,18,25,3,60
INS,3404,34040000,38,9,4,6,0,18,87
INS,3405,34050000,19,21,0,0,0,8,77
INS,3406,34060000,0,0,0,0,9,0,55
INS,3407,34070000,14,48,0,0,0,17,142
INS,3408,34080000,0,0,2,4,0,14,100
INS,3409,34090000,48,0,0,0,0,0,145
INS,3410,34100000,0,19,52,0,19,0,204
INS,3411,34110000,0,4,30,16,24,31,236
INS,3412,34120000,0,0,29,20,6,0,203
INS,3413,34130000,0,3,10,0,74,13,9
INS,3414,34140000,0,1,0,0,0,56,239
INS,3415,34150000,0,47,0,0,11,0,1
INS,3416,34160000,0,0,34,0,0,23,17
INS,3417,34170000,47,0,10,0,9,8,51
INS,3418,34180000,0,49,11,1,0,20,75
INS,3419,34190000,46,36,6,0,29,11,139
INS,3420,34200000,0,22,12,0,0,0,62
INS,3421,34210000,586,0,2,0,8,0,129
INS,3422,34220000,1070,12,0,0,0,0,120
INS,3423,34230000,1556,0,25,0,0,0,124
INS,3424,34240000,2007,35,21,0,0,49,160
INS,3425,34250000,2423,0,0,0,0,32,8
INS,3426,34260000,2777,2,15,6,16,0,130
INS,3427,34270000,3033,2,39,38,0,20,207
INS,3428,34280000,3114,42,18,14,0,9,33
INS,3429,34290000,3226,40,0,44,0,15,178
INS,3430,34300000,3131,234,1,0,20,16,16
INS,3431,34310000,3011,464,0,0,35,0,141
INS,3432,34320000,2745,675,0,0,0,1,69
INS,3433,34330000,2489,869,27,1,8,5,64
INS,3434,34340000,2057,1075,7,0,34,0,111
INS,3435,34350000,1632,1218,0,0,19,0,80
INS,3436,34360000,1109,1320,5,0,0,7,181
INS,3437,34370000,596,1381,10,0,0,4,4
INS,3438,34380000,0,1395,0,23,10,37,7
INS,3439,34390000,34,1382,557,0,0,0,20
INS,3440,34400000,22,1308,1031,503,1,0,161
INS,3441,34410000,0,1205,1539,1019,4,0,56
INS,3442,34420000,0,1077,1908,1555,454,0,20
INS,3443,34430000,0,880,2278,2011,957,0,145
INS,3444,34440000,0,690,2496,2363,1413,0,230
INS,3445,34450000,13,496,2585,2613,1716,9,205
INS,3446,34460000,0,286,2575,2806,2009,0,210
INS,3447,34470000,30,0,2456,2807,2165,13,22
INS,3448,34480000,0,11,2272,2652,2186,496,185
INS,3449,34490000,0,0,1977,2436,2132,1041,171
INS,3450,34500000,0,17,1490,2125,1972,1410,128
INS,3451,34510000,0,0,1016,1755,1668,1675,13
INS,3452,34520000,0,0,538,1232,1308,1848,122
INS,3453,34530000,0,0,0,689,900,1697,35
INS,3454,34540000,4,13,0,99,387,1468,17
INS,3455,34550000,2,0,19,0,32,1093,233
INS,3456,34560000,2,0,0,2,0,648,12
INS,3457,34570000,0,67,14,0,0,156,126
INS,3458,34580000,0,11,16,0,9,14,212
INS,3459,34590000,0,21,0,0,0,0,200
INS,3460,34600000,5,30,0,0,0,41,16
INS,3461,34610000,1,19,1,0,0,6,240
INS,3462,34620000,28,10,0,0,0,15,27
INS,3463,34630000,25,30,1,37,8,32,124
INS,3464,34640000,0,66,0,37,0,0,111
INS,3465,34650000,0,0,17,57,0,0,99
INS,3466,34660000,0,0,0,0,0,25,67
INS,3467,34670000,69,0,25,0,0,0,153
INS,3468,34680000,0,0,0,13,48,0,137
INS,3469,34690000,20,2,0,0,4,0,119
INS,3470,34700000,30,67,0,11,0,0,218
INS,3471,34710000,16,15,17,0,0,0,175
INS,3472,34720000,0,32,0,0,0,0,176
INS,3473,34730000,0,36,0,9,0,13,219
INS,3474,34740000,27,0,0,0,14,37,0
INS,3475,34750000,14,0,0,0,21,8,238
INS,3476,34760000,0,0,15,0,28,0,255
INS,3477,34770000,0,0,0,0,0,4,233
INS,3478,34780000,30,0,0,30,10,0,60
INS,3479,34790000,21,17,1,1,0,0,47
INS,3480,34800000,20,43,0,0,0,0,87
INS,3481,34810000,546,23,9,0,7,0,114
INS,3482,34820000,1121,0,37,10,31,0,233
INS,3483,34830000,1625,9,0,1,0,7,181
INS,3484,34840000,2041,0,0,0,7,9,101
INS,3485,34850000,2485,16,0,11,15,17,93
INS,3486,34860000,2786,0,0,11,3,0,110
INS,3487,34870000,2983,0,6,8,17,0,85
INS,3488,34880000,3136,4,0,7,15,2,252
INS,3489,34890000,3180,0,64,0,0,0,93
INS,3490,34900000,3158,202,59,0,6,17,52
INS,3491,34910000,3023,447,0,24,1,0,122
INS,3492,34920000,2793,726,0,15,0,0,178
INS,3493,34930000,2453,911,0,30,0,0,55
INS,3494,34940000,2052,1058,0,10,0,29,83
INS,3495,34950000,1579,1266,0,0,9,41,102
INS,3496,34960000,1061,1287,0,64,0,13,161
INS,3497,34970000,546,1396,16,13,35,23,38
INS,3498,34980000,7,1387,0,0,5,0,193
INS,3499,34990000,0,1424,497,0,3,0,223
INS,3500,35000000,11,1325,1082,494,0,12,216
INS,3501,35010000,2,1252,1553,1077,28,0,197
INS,3502,35020000,48,998,1989,1559,483,15,114
INS,3503,35030000,0,903,2223,2000,960,16,117
INS,3504,35040000,0,670,2499,2360,1308,0,101
INS,3505,35050000,12,452,2572,2651,1736,2,194
INS,3506,35060000,0,230,2590,2771,2020,0,141
INS,3507,35070000,0,18,2501,2780,2200,23,69
INS,3508,35080000,0,4,2254,2685,2190,506,203
INS,3509,35090000,0,8,1937,2486,2115,1055,182
INS,3510,35100000,0,0,1555,2127,1952,1464,208
INS,3511,35110000,18,9,1074,1761,1714,1694,165
INS,3512,35120000,0,23,557,1222,1309,1793,96
INS,3513,35130000,0,0,7,709,854,1724,39
INS,3514,35140000,0,16,0,164,403,1492,117
INS,3515,35150000,44,0,0,0,0,1155,26
INS,3516,35160000,34,33,37,1,12,619,92
INS,3517,35170000,32,8,35,2,0,116,78
INS,3518,35180000,0,0,18,0,0,0,176
INS,3519,35190000,0,9,0,10,0,17,211
INS,3520,35200000,41,3,5,0,0,2,243
INS,3521,35210000,0,0,0,0,0,0,209
INS,3522,35220000,0,19,21,0,0,0,10
INS,3523,35230000,50,0,0,8,29,0,74
INS,3524,35240000,0,2,0,33,44,0,83
INS,3525,35250000,0,11,5,0,0,7,44
INS,3526,35260000,32,33,19,0,0,21,143
INS,3527,35270000,0,0,0,0,55,0,110
INS,3528,35280000,14,28,14,0,0,40,168
INS,3529,35290000,0,0,0,21,1,31,142
INS,3530,35300000,8,20,8,30,0,0,172
INS,3531,35310000,17,0,6,0,0,0,146
INS,3532,35320000,0,25,0,36,11,18,230
INS,3533,35330000,0,0,1,21,0,43,222
INS,3534,35340000,0,33,0,5,30,0,242
INS,3535,35350000,0,39,13,27,0,1,15
INS,3536,35360000,30,8,34,0,0,0,24
INS,3537,35370000,10,26,25,7,12,0,49
INS,3538,35380000,4,0,36,0,40,13,79
INS,3539,35390000,13,2,0,54,40,0,112
INS,3540,35400000,27,0,0,34,0,0,81
INS,3541,35410000,556,0,0,1,28,17,127
INS,3542,35420000,1097,0,0,32,32,0,191
INS,3543,35430000,1552,25,38,0,21,3,174
INS,3544,35440000,2026,3,0,0,14,0,83
INS,3545,35450000,2432,0,12,0,2,0,247
INS,3546,35460000,2750,0,11,0,8,0,75
INS,3547,35470000,3001,3,0,6,24,0,101
INS,3548,35480000,3113,14,0,17,0,0,228
INS,3549,35490000,3207,0,0,13,19,19,103
INS,3550,35500000,3091,234,71,0,26,14,42
INS,3551,35510000,3029,475,6,30,20,32,215
INS,3552,35520000,2762,698,0,28,0,0,128
INS,3553,35530000,2458,875,0,0,0,0,246
INS,3554,35540000,2063,1061,24,0,0,0,78
INS,3555,35550000,1575,1171,0,32,4,0,241
INS,3556,35560000,1050,1294,0,0,0,0,76
INS,3557,35570000,547,1391,22,0,0,0,221
INS,3558,35580000,0,1425,0,4,0,0,219
INS,3559,35590000,12,1389,502,0,0,0,198
INS,3560,35600000,0,1342,1060,463,0,0,153
INS,3561,35610000,0,1252,1552,1012,0,0,97
INS,3562,35620000,15,1039,1924,1556,481,13,46
INS,3563,35630000,52,893,2249,2048,944,0,197
INS,3564,35640000,2,688,2437,2372,1412,20,191
INS,3565,35650000,0,507,2617,2613,1792,0,38
INS,3566,35660000,8,228,2584,2815,1974,0,135
INS,3567,35670000,11,3,2471,2833,2174,0,35
INS,3568,35680000,8,0,2220,2671,2178,540,177
INS,3569,35690000,0,0,1932,2527,2174,980,190
INS,3570,35700000,32,0,1539,2186,1958,1471,36
INS,3571,35710000,5,2,1049,1742,1670,1634,249
INS,3572,35720000,11,0,539,1229,1291,1818,76
INS,3573,35730000,7,0,33,670,842,1755,48
INS,3574,35740000,55,0,0,110,395,1535,133
INS,3575,35750000,0,0,0,0,0,1156,235
INS,3576,35760000,0,0,0,0,0,657,9
INS,3577,35770000,22,0,0,0,0,119,22
INS,3578,35780000,17,6,33,0,26,0,236
INS,3579,35790000,30,22,28,0,31,45,71
INS,3580,35800000,0,12,8,0,32,0,240
INS,3581,35810000,5,0,18,0,25,22,19
INS,3582,35820000,0,0,7,21,0,38,32
INS,3583,35830000,0,0,0,16,21,0,20
INS,3584,35840000,0,48,0,0,0,33,81
INS,3585,35850000,29,0,0,0,0,27,73
INS,3586,35860000,0,0,0,0,0,0,34
INS,3587,35870000,19,17,21,0,0,0,108
INS,3588,35880000,0,19,0,54,0,0,141
INS,3589,35890000,0,4,21,0,63,24,197
INS,3590,35900000,0,0,46,0,42,9,199
INS,3591,35910000,0,2,61,7,0,0,189
INS,3592,35920000,25,12,0,16,61,23,17
INS,3593,35930000,0,0,15,36,0,0,204
INS,3594,35940000,13,0,28,26,0,0,237
INS,3595,35950000,0,0,0,0,0,0,187
INS,3596,35960000,0,0,0,0,23,9,236
INS,3597,35970000,0,0,54,0,20,0,39
INS,3598,35980000,6,0,0,21,0,0,9
INS,3599,35990000,0,0,0,30,28,5,62
INS,3600,36000000,4,0,46,0,0,0,66
INS,3601,36010000,525,0,32,0,11,0,89
INS,3602,36020000,1072,0,31,0,48,46,223
INS,3603,36030000,1618,0,0,7,0,0,156
INS,3604,36040000,2088,54,0,0,0,23,201
INS,3605,36050000,2438,6,50,22,10,2,69
INS,3606,36060000,2757,0,41,0,0,0,100
INS,3607,36070000,2968,0,48,14,63,0,156
INS,3608,36080000,3152,0,10,0,0,0,242
INS,3609,36090000,3209,0,33,0,21,0,104
INS,3610,36100000,3165,216,31,0,21,47,82
INS,3611,36110000,2990,481,0,0,0,21,111
INS,3612,36120000,2775,712,0,0,0,15,138
INS,3613,36130000,2449,886,0,2,2,7,255
INS,3614,36140000,2035,1036,0,46,0,0,43
INS,3615,36150000,1659,1220,0,0,46,3,127
INS,3616,36160000,1144,1324,0,10,23,1,230
INS,3617,36170000,581,1366,0,0,0,1,205
INS,3618,36180000,0,1418,21,0,12,0,237
INS,3619,36190000,9,1338,534,17,34,27,250
INS,3620,36200000,47,1336,1032,471,0,17,187
INS,3621,36210000,21,1236,1503,972,6,0,15
INS,3622,36220000,15,1070,1919,1579,440,0,37
INS,3623,36230000,18,894,2261,1969,990,0,139
INS,3624,36240000,2,727,2516,2345,1398,15,3
INS,3625,36250000,0,454,2567,2666,1719,7,174
INS,3626,36260000,0,237,2602,2791,1998,0,150
INS,3627,36270000,7,20,2496,2784,2137,45,28
INS,3628,36280000,6,0,2247,2730,2243,586,112
INS,3629,36290000,10,0,1933,2450,2087,1021,74
INS,3630,36300000,0,46,1506,2166,1986,1428,234
INS,3631,36310000,13,0,1090,1717,1654,1696,57
INS,3632,36320000,0,48,468,1272,1266,1784,22
INS,3633,36330000,5,9,0,708,816,1685,216
INS,3634,36340000,59,0,6,82,383,1495,59
INS,3635,36350000,6,0,0,0,11,1117,209
INS,3636,36360000,1,19,0,0,19,649,36
INS,3637,36370000,12,0,22,0,0,83,250
INS,3638,36380000,16,35,0,16,0,4,221
INS,3639,36390000,12,46,0,0,0,0,225
INS,3640,36400000,7,57,4,42,2,52,92
INS,3641,36410000,0,4,0,16,0,0,221
INS,3642,36420000,8,14,26,0,0,0,10
INS,3643,36430000,0,0,0,8,0,0,243
INS,3644,36440000,0,25,0,0,16,0,37
INS,3645,36450000,39,0,0,2,12,19,85
INS,3646,36460000,0,7,0,21,11,14,83
INS,3647,36470000,39,0,0,0,15,0,101
INS,3648,36480000,0,0,9,0,0,0,73
INS,3649,36490000,41,11,0,22,1,11,167
INS,3650,36500000,0,0,0,0,22,24,144
INS,3651,36510000,0,0,0,0,10,8,133
INS,3652,36520000,19,14,50,0,30,42,31
INS,3653,36530000,0,33,11,6,0,0,199
INS,3654,36540000,6,0,22,0,68,18,24
INS,3655,36550000,0,0,0,13,34,20,250
INS,3656,36560000,0,0,43,0,5,20,12
INS,3657,36570000,8,14,0,7,35,20,45
INS,3658,36580000,0,4,0,25,0,13,20
INS,3659,36590000,20,0,0,54,0,5,74
INS,3660,36600000,29,0,5,0,0,2,48
INS,3661,36610000,559,23,0,3,0,43,145
INS,3662,36620000,1105,0,17,0,0,0,144
INS,3663,36630000,1599,10,0,2,0,21,159
INS,3664,36640000,2102,5,0,11,7,16,173
INS,3665,36650000,2400,34,0,0,9,0,236
INS,3666,36660000,2786,0,0,41,16,0,141
INS,3667,36670000,3035,0,0,0,18,15,127
INS,3668,36680000,3126,47,0,0,24,0,17
INS,3669,36690000,3176,0,0,20,0,3,36
INS,3670,36700000,3188,283,0,0,18,0,87
INS,3671,36710000,2980,502,9,0,0,0,106
INS,3672,36720000,2787,716,10,5,0,0,150
INS,3673,36730000,2435,887,0,0,3,34,8
INS,3674,36740000,2044,1091,1,0,41,0,99
INS,3675,36750000,1580,1211,25,0,3,0,14
INS,3676,36760000,1065,1338,24,54,7,0,212
INS,3677,36770000,537,1416,20,22,43,0,35
INS,3678,36780000,23,1435,25,23,0,0,32
INS,3679,36790000,0,1384,532,64,0,0,11
INS,3680,36800000,1,1287,1021,432,0,25,46
INS,3681,36810000,0,1238,1551,1035,5,0,102
INS,3682,36820000,2,1093,1962,1543,484,9,103
INS,3683,36830000,0,890,2221,2017,952,0,83
INS,3684,36840000,0,678,2452,2373,1398,0,153
INS,3685,36850000,36,483,2549,2639,1734,0,198
INS,3686,36860000,0,242,2556,2790,2006,22,134
INS,3687,36870000,27,0,2506,2794,2126,16,4
INS,3688,36880000,0,0,2217,2714,2244,531,2
INS,3689,36890000,0,0,1905,2448,2140,1060,122
INS,3690,36900000,0,0,1460,2187,1948,1426,119
INS,3691,36910000,21,0,1098,1744,1723,1726,195
INS,3692,36920000,0,0,553,1278,1298,1823,132
INS,3693,36930000,80,0,2,692,923,1742,172
INS,3694,36940000,27,0,20,119,376,1495,67
INS,3695,36950000,0,0,0,9,24,1133,237
INS,3696,36960000,39,0,0,7,3,644,37
INS,3697,36970000,2,0,0,0,0,158,33
INS,3698,36980000,30,10,77,26,2,5,40
INS,3699,36990000,0,0,26,4,25,0,218
INS,3700,37000000,7,0,23,10,0,1,221
INS,3701,37010000,35,0,0,15,12,20,23
INS,3702,37020000,11,1,0,0,5,0,231
INS,3703,37030000,0,20,0,0,0,35,30
INS,3704,37040000,0,25,18,0,22,0,57
INS,3705,37050000,1,2,0,15,0,10,37
INS,3706,37060000,0,12,0,38,0,33,109
INS,3707,37070000,13,41,14,4,9,3,127
INS,3708,37080000,0,0,9,0,36,15,120
INS,3709,37090000,0,0,0,11,0,0,88
INS,3710,37100000,8,11,0,0,0,0,113
INS,3711,37110000,0,16,0,5,0,12,144
INS,3712,37120000,3,2,0,0,42,18,193
INS,3713,37130000,18,0,12,0,0,30,205
INS,3714,37140000,3,52,18,0,0,5,240
INS,3715,37150000,8,0,14,0,0,10,211
INS,3716,37160000,0,24,10,6,37,38,55
INS,3717,37170000,7,0,47,0,0,0,11
INS,3718,37180000,0,2,0,0,0,23,255
INS,3719,37190000,20,0,0,0,22,8,41
INS,3720,37200000,0,0,0,43,39,0,90
INS,3721,37210000,580,0,13,0,0,0,106
INS,3722,37220000,1107,5,19,47,19,0,215
INS,3723,37230000,1602,22,0,0,53,0,200
INS,3724,37240000,2077,0,0,0,13,37,155
INS,3725,37250000,2485,30,22,28,5,25,128
INS,3726,37260000,2785,0,19,0,29,0,127
INS,3727,37270000,2995,5,0,44,0,7,106
INS,3728,37280000,3128,0,0,18,0,0,218
INS,3729,37290000,3253,20,0,0,0,4,110
INS,3730,37300000,3168,208,0,0,33,4,7
INS,3731,37310000,2989,480,23,42,0,0,145
INS,3732,37320000,2804,676,29,0,45,43,225
INS,3733,37330000,2449,909,6,11,36,25,81
INS,3734,37340000,2041,1060,4,0,0,52,75
INS,3735,37350000,1593,1236,52,24,0,32,128
INS,3736,37360000,1095,1302,0,2,0,0,119
INS,3737,37370000,564,1371,0,11,0,10,205
INS,3738,37380000,28,1417,0,0,4,0,227
INS,3739,37390000,0,1378,586,0,1,0,248
INS,3740,37400000,32,1314,1037,439,0,22,120
INS,3741,37410000,40,1211,1562,1047,0,0,129
INS,3742,37420000,29,1104,1956,1540,491,22,148
INS,3743,37430000,0,875,2282,2015,977,30,178
INS,3744,37440000,0,731,2436,2403,1398,0,216
INS,3745,37450000,19,480,2560,2657,1723,0,192
INS,3746,37460000,38,231,2593,2736,2006,0,118
INS,3747,37470000,18,0,2474,2804,2134,0,217
INS,3748,37480000,0,0,2249,2666,2251,574,32
INS,3749,37490000,0,9,1946,2455,2135,1051,161
INS,3750,37500000,0,0,1548,2124,1983,1470,219
INS,3751,37510000,0,0,1080,1754,1634,1688,35
INS,3752,37520000,0,0,542,1205,1296,1819,38
INS,3753,37530000,0,51,0,675,889,1758,102
INS,3754,37540000,0,12,6,142,407,1497,90
INS,3755,37550000,14,0,15,0,0,1175,15
INS,3756,37560000,0,6,0,0,0,576,178
INS,3757,37570000,10,3,25,55,0,71,33
INS,3758,37580000,34,0,38,0,6,0,220
INS,3759,37590000,0,0,0,5,23,0,187
INS,3760,37600000,0,8,0,26,0,0,210
INS,3761,37610000,0,5,34,0,2,27,5
INS,3762,37620000,27,13,0,7,0,0,1
INS,3763,37630000,19,0,23,2,0,0,15
INS,3764,37640000,0,0,44,7,0,0,39
INS,3765,37650000,11,3,46,0,30,5,100
INS,3766,37660000,0,0,0,0,1,12,35
INS,3767,37670000,0,0,47,12,18,33,149
INS,3768,37680000,8,9,18,0,31,0,122
INS,3769,37690000,0,19,0,0,27,0,119
INS,3770,37700000,11,39,0,9,13,8,170
INS,3771,37710000,17,2,17,0,0,23,166
INS,3772,37720000,0,3,0,33,0,19,179
INS,3773,37730000,15,20,23,2,10,13,224
INS,3774,37740000,0,0,0,43,38,11,250
INS,3775,37750000,0,33,0,19,42,0,13
INS,3776,37760000,0,2,15,19,0,10,238
INS,3777,37770000,0,0,0,21,0,31,5
INS,3778,37780000,0,44,0,7,9,0,30
INS,3779,37790000,0,12,8,0,2,14,23
INS,3780,37800000,7,0,11,2,31,23,78
INS,3781,37810000,525,0,21,0,0,0,55
INS,3782,37820000,1084,0,0,0,0,0,98
INS,3783,37830000,1634,0,0,1,10,11,175
INS,3784,37840000,2071,0,1,0,0,14,110
INS,3785,37850000,2411,0,0,14,0,0,210
INS,3786,37860000,2803,45,16,0,0,0,154
INS,3787,37870000,3025,0,0,0,0,0,76
INS,3788,37880000,3160,8,10,0,0,20,10
INS,3789,37890000,3203,0,0,0,0,12,44
INS,3790,37900000,3142,230,0,11,0,11,240
INS,3791,37910000,3031,490,0,0,0,9,137
INS,3792,37920000,2756,672,0,0,0,0,52
INS,3793,37930000,2452,852,13,0,30,0,244
INS,3794,37940000,2065,1074,50,13,0,11,127
INS,3795,37950000,1605,1237,0,0,16,0,45
INS,3796,37960000,1073,1321,0,30,18,0,158
INS,3797,37970000,532,1354,1,35,11,0,178
INS,3798,37980000,18,1396,7,0,0,0,195
INS,3799,37990000,0,1355,529,0,43,25,231
INS,3800,38000000,11,1335,1057,467,36,15,193
INS,3801,38010000,0,1190,1599,1068,0,25,147
INS,3802,38020000,0,1033,1947,1580,488,37,87
INS,3803,38030000,0,902,2274,1960,933,0,64
INS,3804,38040000,0,700,2447,2376,1421,0,188
INS,3805,38050000,6,424,2544,2587,1739,23,72
INS,3806,38060000,48,203,2612,2746,2011,21,151
INS,3807,38070000,0,0,2486,2852,2171,55,91
INS,3808,38080000,5,0,2276,2655,2194,541,215
INS,3809,38090000,0,23,1912,2485,2090,1047,118
INS,3810,38100000,0,24,1540,2186,1961,1437,238
INS,3811,38110000,0,0,1074,1758,1723,1666,96
INS,3812,38120000,39,0,531,1240,1333,1806,121
INS,3813,38130000,0,0,2,701,885,1745,58
INS,3814,38140000,21,5,15,125,401,1528,117
INS,3815,38150000,7,0,23,54,56,1129,76
INS,3816,38160000,10,38,4,21,16,609,34
INS,3817,38170000,15,0,45,0,38,110,73
INS,3818,38180000,0,0,0,19,0,0,157
INS,3819,38190000,0,0,28,11,4,0,198
INS,3820,38200000,0,0,1,18,26,0,217
INS,3821,38210000,10,14,0,7,0,0,220
INS,3822,38220000,13,0,0,0,20,79,62
INS,3823,38230000,28,0,0,0,3,2,0
INS,3824,38240000,0,0,24,0,0,20,28
INS,3825,38250000,30,13,16,0,17,0,77
INS,3826,38260000,26,0,0,0,8,0,52
INS,3827,38270000,0,0,0,0,0,0,35
INS,3828,38280000,0,0,3,0,0,49,104
INS,3829,38290000,37,0,0,9,20,0,135
INS,3830,38300000,0,0,33,41,0,0,160
INS,3831,38310000,0,0,0,12,0,0,115
INS,3832,38320000,0,0,7,1,0,0,128
INS,3833,38330000,0,4,0,42,52,0,235
INS,3834,38340000,28,0,32,50,0,0,8
INS,3835,38350000,18,0,0,3,9,0,201
INS,3836,38360000,0,0,0,0,17,14,219
INS,3837,38370000,38,0,16,9,0,0,12
INS,3838,38380000,9,0,0,1,40,44,60
INS,3839,38390000,25,0,26,0,0,0,34
INS,3840,38400000,0,31,0,0,0,0,31
INS,3841,38410000,552,9,9,0,2,0,77
INS,3842,38420000,1066,0,0,0,0,0,76
INS,3843,38430000,1573,13,32,0,34,17,184
INS,3844,38440000,2062,8,0,0,0,1,91
INS,3845,38450000,2453,79,0,27,25,0,109
INS,3846,38460000,2814,23,27,10,20,2,182
INS,3847,38470000,3046,3,13,21,0,0,130
INS,3848,38480000,3153,5,0,0,0,23,245
INS,3849,38490000,3221,23,0,18,8,0,95
INS,3850,38500000,3106,238,48,7,0,9,250
INS,3851,38510000,3017,454,0,2,10,0,86
INS,3852,38520000,2750,703,0,33,0,7,113
INS,3853,38530000,2452,901,0,0,39,0,29
INS,3854,38540000,2042,1082,0,4,0,33,71
INS,3855,38550000,1592,1211,5,3,72,0,66
INS,3856,38560000,1073,1262,0,0,0,0,47
INS,3857,38570000,562,1353,29,28,6,0,219
INS,3858,38580000,0,1391,0,0,23,0,184
INS,3859,38590000,0,1371,534,0,0,0,180
INS,3860,38600000,20,1339,1064,478,0,0,169
INS,3861,38610000,35,1220,1515,1037,2,0,70
INS,3862,38620000,33,1044,1883,1569,507,0,34
INS,3863,38630000,44,917,2249,1999,986,1,187
INS,3864,38640000,9,702,2471,2339,1389,12,162
INS,3865,38650000,8,466,2616,2658,1752,26,15
INS,3866,38660000,0,255,2593,2806,2012,0,172
INS,3867,38670000,0,0,2452,2788,2154,14,187
INS,3868,38680000,34,47,2254,2714,2193,593,119
INS,3869,38690000,0,0,1902,2470,2188,1030,147
INS,3870,38700000,28,0,1527,2143,1973,1456,213
INS,3871,38710000,0,0,1069,1765,1671,1714,90
INS,3872,38720000,0,0,543,1254,1333,1761,59
INS,3873,38730000,24,0,0,651,867,1723,242
INS,3874,38740000,0,0,26,106,383,1518,51
INS,3875,38750000,0,31,0,0,0,1130,220
INS,3876,38760000,6,0,0,0,0,613,207
INS,3877,38770000,2,2,0,5,0,98,224
INS,3878,38780000,0,37,1,0,0,14,186
INS,3879,38790000,0,32,28,0,27,0,238
INS,3880,38800000,0,28,0,25,0,9,230
INS,3881,38810000,20,3,3,26,0,0,237
INS,3882,38820000,0,0,0,5,9,0,216
INS,3883,38830000,0,5,30,45,40,10,93
INS,3884,38840000,0,0,82,0,0,0,62
INS,3885,38850000,0,0,0,10,0,43,50
INS,3886,38860000,0,12,19,0,0,0,45
INS,3887,38870000,67,43,18,0,0,42,201
INS,3888,38880000,21,0,16,3,0,20,108
INS,3889,38890000,0,0,25,0,14,44,148
INS,3890,38900000,0,5,0,0,60,5,152
INS,3891,38910000,48,26,21,24,42,0,4
INS,3892,38920000,0,0,0,0,31,0,147
INS,3893,38930000,0,43,0,1,0,0,177
INS,3894,38940000,0,12,0,0,7,0,169
INS,3895,38950000,26,33,32,10,0,0,12
INS,3896,38960000,46,0,0,0,0,0,230
INS,3897,38970000,0,7,13,0,0,41,6
INS,3898,38980000,16,0,16,0,0,0,250
INS,3899,38990000,2,18,10,24,14,26,73
INS,3900,39000000,0,7,0,0,21,0,24
INS,3901,39010000,549,0,5,0,18,0,73
INS,3902,39020000,1117,0,43,21,0,29,216
INS,3903,39030000,1639,4,0,0,0,11,165
INS,3904,39040000,2036,0,0,17,0,0,69
INS,3905,39050000,2427,27,0,14,50,0,39
INS,3906,39060000,2784,0,0,0,11,0,77
INS,3907,39070000,3026,1,0,16,0,0,86
INS,3908,39080000,3139,54,10,0,18,0,25
INS,3909,39090000,3171,0,0,0,12,30,34
INS,3910,39100000,3160,223,40,0,18,6,29
INS,3911,39110000,2974,486,0,50,22,2,133
INS,3912,39120000,2768,687,0,0,6,7,84
INS,3913,39130000,2480,888,11,36,14,17,79
INS,3914,39140000,2031,1021,53,0,9,37,57
INS,3915,39150000,1593,1197,5,0,0,9,239
INS,3916,39160000,1079,1293,0,8,0,0,88
INS,3917,39170000,548,1410,0,0,0,25,220
INS,3918,39180000,59,1428,13,0,58,0,68
INS,3919,39190000,0,1385,576,0,0,35,11
INS,3920,39200000,6,1319,1077,480,0,0,146
INS,3921,39210000,7,1209,1487,986,22,0,224
INS,3922,39220000,0,1083,1910,1560,481,0,28
INS,3923,39230000,0,913,2239,1988,975,0,102
INS,3924,39240000,0,730,2497,2348,1389,10,210
INS,3925,39250000,0,504,2610,2646,1711,0,212
INS,3926,39260000,26,217,2595,2751,1975,0,66
INS,3927,39270000,15,0,2511,2769,2152,9,231
INS,3928,39280000,9,0,2254,2672,2227,554,252
INS,3929,39290000,6,0,1928,2478,2140,1009,114
INS,3930,39300000,0,0,1502,2183,1988,1473,228
INS,3931,39310000,0,0,1072,1752,1617,1705,13
INS,3932,39320000,6,0,571,1259,1326,1812,138
INS,3933,39330000,0,20,54,709,872,1728,100
INS,3934,39340000,0,0,11,60,353,1466,160
INS,3935,39350000,22,25,0,0,0,1103,205
INS,3936,39360000,19,0,69,48,4,645,113
INS,3937,39370000,12,0,0,0,43,113,25
INS,3938,39380000,0,6,0,0,0,0,136
INS,3939,39390000,43,15,0,0,17,10,232
INS,3940,39400000,54,13,0,0,10,0,241
INS,3941,39410000,17,0,23,15,29,0,9
INS,3942,39420000,26,0,6,0,0,25,255
INS,3943,39430000,0,21,2,8,13,0,3
INS,3944,39440000,0,50,0,0,0,0,26
INS,3945,39450000,24,0,0,0,18,20,55
INS,3946,39460000,38,0,0,0,11,10,69
INS,3947,39470000,19,0,14,0,12,20,92
INS,3948,39480000,0,26,13,0,0,0,83
INS,3949,39490000,0,31,0,0,11,18,121
INS,3950,39500000,4,0,0,29,1,0,112
INS,3951,39510000,0,0,0,13,17,50,175
INS,3952,39520000,0,16,0,0,0,0,128
INS,3953,39530000,0,0,0,7,17,6,159
INS,3954,39540000,48,20,0,0,9,2,225
INS,3955,39550000,0,26,0,9,12,27,237
INS,3956,39560000,0,15,2,0,0,0,197
INS,3957,39570000,0,6,31,44,0,4,26
INS,3958,39580000,0,0,0,0,20,0,234
INS,3959,39590000,17,17,17,7,0,21,54
INS,3960,39600000,32,0,21,15,0,20,80
INS,3961,39610000,533,48,0,5,0,20,103
INS,3962,39620000,1096,0,0,0,12,44,154
INS,3963,39630000,1631,5,41,0,7,0,191
INS,3964,39640000,2060,0,0,8,27,9,116
INS,3965,39650000,2472,35,0,0,0,0,24
INS,3966,39660000,2789,10,0,15,30,8,130
INS,3967,39670000,3021,0,0,0,12,0,72
INS,3968,39680000,3137,15,0,0,24,11,243
INS,3969,39690000,3221,0,0,6,20,0,64
INS,3970,39700000,3126,243,0,0,12,22,237
INS,3971,39710000,2976,449,5,9,0,0,34
INS,3972,39720000,2833,725,0,5,0,12,187
INS,3973,39730000,2418,888,0,0,46,18,255
INS,3974,39740000,2048,1102,0,0,0,0,52
INS,3975,39750000,1608,1254,0,1,15,0,53
INS,3976,39760000,1094,1274,21,22,56,0,171
INS,3977,39770000,594,1358,17,0,0,0,202
INS,3978,39780000,0,1381,0,0,0,11,154
INS,3979,39790000,5,1353,518,15,27,9,194
INS,3980,39800000,40,1292,1070,431,0,0,93
INS,3981,39810000,0,1265,1509,1061,33,31,152
INS,3982,39820000,19,1085,1925,1528,530,0,77
INS,3983,39830000,0,944,2226,2044,1000,0,197
INS,3984,39840000,18,695,2476,2352,1421,0,194
INS,3985,39850000,2,517,2578,2637,1717,0,188
INS,3986,39860000,0,262,2622,2797,1980,0,159
INS,3987,39870000,14,31,2452,2809,2182,0,3
INS,3988,39880000,0,17,2278,2678,2160,550,215
INS,3989,39890000,3,0,1930,2454,2151,1053,140
INS,3990,39900000,0,0,1488,2136,1970,1423,95
INS,3991,39910000,0,31,1059,1701,1659,1721,34
INS,3992,39920000,18,7,562,1247,1285,1797,76
INS,3993,39930000,0,45,0,694,891,1744,87
INS,3994,39940000,0,0,14,126,400,1480,30
INS,3995,39950000,0,0,2,10,72,1133,12
INS,3996,39960000,1,0,0,0,4,612,197
INS,3997,39970000,0,15,0,0,0,97,221
INS,3998,39980000,5,0,0,0,29,0,160
INS,3999,39990000,0,40,4,0,0,0,187
INS,4000,40000000,1,0,0,0,0,22,183
INS,4001,40010000,0,20,0,0,0,0,197
INS,4002,40020000,0,0,1,0,53,0,248
INS,4003,40030000,20,28,32,8,0,0,43
INS,4004,40040000,0,0,44,0,25,0,41
INS,4005,40050000,39,0,0,34,0,19,81
INS,4006,40060000,0,50,0,0,10,0,66
INS,4007,40070000,0,17,0,0,10,14,64
INS,4008,40080000,0,43,0,0,14,0,97
INS,4009,40090000,0,0,0,3,0,6,66
INS,4010,40100000,26,6,0,0,20,0,126
INS,4011,40110000,18,0,0,15,2,0,126
INS,4012,40120000,46,5,1,0,10,0,170
INS,4013,40130000,0,16,11,13,0,0,165
INS,4014,40140000,0,13,0,0,7,16,178
INS,4015,40150000,23,0,0,3,8,0,193
INS,4016,40160000,21,0,60,22,0,0,23
INS,4017,40170000,0,51,0,15,0,9,12
INS,4018,40180000,12,7,0,0,0,0,229
INS,4019,40190000,45,0,1,15,1,46,79
INS,4020,40200000,0,25,0,27,13,0,53
INS,4021,40210000,576,8,0,3,13,0,93
INS,4022,40220000,1094,0,30,4,0,0,126
INS,4023,40230000,1578,6,3,0,1,0,91
INS,4024,40240000,2056,16,35,5,5,29,154
INS,4025,40250000,2408,0,46,0,0,0,223
INS,4026,40260000,2779,0,17,0,0,3,73
INS,4027,40270000,3042,6,0,40,0,20,143
INS,4028,40280000,3130,5,0,0,0,0,187
INS,4029,40290000,3179,0,21,0,0,11,24
INS,4030,40300000,3142,190,0,10,32,34,238
INS,4031,40310000,2992,476,11,0,0,32,102
INS,4032,40320000,2799,652,0,0,0,0,59
INS,4033,40330000,2440,900,1,1,51,25,43
INS,4034,40340000,2064,1070,0,0,0,0,32
INS,4035,40350000,1583,1238,12,41,0,17,62
INS,4036,40360000,1072,1306,0,0,51,27,156
INS,4037,40370000,562,1387,6,0,9,0,193
INS,4038,40380000,3,1421,0,0,0,13,195
INS,4039,40390000,0,1366,523,5,14,0,171
INS,4040,40400000,30,1305,1071,433,0,0,95
INS,4041,40410000,0,1212,1531,1057,28,0,77
INS,4042,40420000,21,1097,1932,1559,519,0,114
INS,4043,40430000,0,845,2251,2007,995,50,127
INS,4044,40440000,0,700,2540,2388,1430,0,30
INS,4045,40450000,34,486,2624,2612,1746,22,1
INS,4046,40460000,44,297,2614,2784,1936,4,173
INS,4047,40470000,30,29,2444,2810,2168,10,2
INS,4048,40480000,6,14,2289,2735,2201,542,59
INS,4049,40490000,20,0,1933,2459,2138,1040,135
INS,4050,40500000,25,0,1532,2151,1969,1442,193
INS,4051,40510000,0,0,1038,1780,1679,1691,47
INS,4052,40520000,0,0,507,1258,1360,1773,54
INS,4053,40530000,6,0,22,699,901,1790,127
INS,4054,40540000,7,0,0,101,390,1501,5
INS,4055,40550000,0,0,28,0,0,1093,168
INS,4056,40560000,0,0,0,32,0,672,24
INS,4057,40570000,0,10,4,18,29,138,48
INS,4058,40580000,0,18,0,0,0,8,148
INS,4059,40590000,0,57,15,6,25,0,242
INS,4060,40600000,9,0,0,0,1,4,170
INS,4061,40610000,27,4,0,0,0,58,6
INS,4062,40620000,25,8,0,0,0,18,241
INS,4063,40630000,17,0,0,3,14,0,241
INS,4064,40640000,2,8,10,25,49,0,62
INS,4065,40650000,0,0,52,27,0,31,95
INS,4066,40660000,0,1,1,0,0,43,47
INS,4067,40670000,17,0,17,0,32,41,126
INS,4068,40680000,0,5,0,3,0,25,69
INS,4069,40690000,20,0,5,6,0,0,84
INS,4070,40700000,0,15,0,0,0,22,107
INS,4071,40710000,27,30,0,18,41,0,203
INS,4072,40720000,0,0,6,0,23,3,136
INS,4073,40730000,0,6,5,12,0,18,162
INS,4074,40740000,0,0,0,0,21,24,183
INS,4075,40750000,0,0,9,0,0,0,164
INS,4076,40760000,0,47,0,0,10,0,229
INS,4077,40770000,2,12,0,0,23,11,237
INS,4078,40780000,11,0,0,20,3,40,24
INS,4079,40790000,34,0,0,24,46,4,75
INS,4080,40800000,0,0,0,10,0,40,34
INS,4081,40810000,572,29,19,0,53,0,162
INS,4082,40820000,1101,0,0,12,27,10,144
INS,4083,40830000,1560,0,0,14,0,55,128
INS,4084,40840000,2063,13,0,0,6,4,90
INS,4085,40850000,2478,35,4,18,0,17,61
INS,4086,40860000,2803,47,27,0,13,4,164
INS,4087,40870000,3006,0,25,20,0,0,82
INS,4088,40880000,3141,0,0,10,0,16,215
INS,4089,40890000,3185,0,7,0,8,0,9
INS,4090,40900000,3143,281,10,29,2,0,35
INS,4091,40910000,2981,468,0,7,0,0,43
INS,4092,40920000,2747,718,0,0,0,20,89
INS,4093,40930000,2465,870,0,0,37,7,0
INS,4094,40940000,2059,1110,0,2,30,24,119
INS,4095,40950000,1593,1227,10,0,0,5,2
INS,4096,40960000,1086,1307,10,0,0,0,99
INS,4097,40970000,552,1356,18,0,0,27,178
INS,4098,40980000,0,1402,8,14,18,33,229
INS,4099,40990000,0,1401,546,0,0,0,206
INS,4100,41000000,0,1310,1007,461,8,7,45
INS,4101,41010000,0,1247,1594,1028,0,28,142
INS,4102,41020000,0,1091,1910,1576,501,0,60
INS,4103,41030000,10,881,2243,2006,959,0,74
INS,4104,41040000,0,677,2519,2366,1393,17,196
INS,4105,41050000,0,466,2603,2649,1722,14,183
INS,4106,41060000,6,255,2555,2815,2012,0,133
INS,4107,41070000,15,33,2496,2807,2113,0,227
INS,4108,41080000,0,13,2282,2708,2192,572,35
INS,4109,41090000,0,1,1950,2496,2101,1030,119
INS,4110,41100000,21,1,1548,2192,1940,1473,245
INS,4111,41110000,1,17,1068,1714,1665,1730,50
INS,4112,41120000,0,4,548,1264,1277,1773,18
INS,4113,41130000,0,30,0,678,905,1753,71
INS,4114,41140000,2,9,45,102,386,1511,57
INS,4115,41150000,0,0,0,18,0,1136,197
INS,4116,41160000,0,19,0,98,0,626,59
INS,4117,41170000,12,0,17,20,0,157,51
INS,4118,41180000,0,17,12,16,0,7,170
INS,4119,41190000,0,1,0,18,28,0,182
INS,4120,41200000,0,0,28,34,0,28,242
INS,4121,41210000,54,0,0,33,0,0,0
INS,4122,41220000,0,0,2,0,0,40,228
INS,4123,41230000,1,53,35,0,0,0,36
INS,4124,41240000,18,71,0,18,0,18,89
INS,4125,41250000,17,23,0,0,36,0,57
INS,4126,41260000,0,30,0,21,0,0,49
INS,4127,41270000,0,15,4,0,4,59,97
INS,4128,41280000,0,0,7,21,41,2,103
INS,4129,41290000,15,0,7,0,0,0,71
INS,4130,41300000,13,20,10,48,0,0,157
INS,4131,41310000,7,0,0,5,0,19,114
INS,4132,41320000,16,0,0,0,0,18,134
INS,4133,41330000,35,35,51,28,31,0,41
INS,4134,41340000,0,0,17,3,0,0,154
INS,4135,41350000,0,0,19,26,0,0,196
INS,4136,41360000,26,3,64,13,0,22,40
INS,4137,41370000,0,0,96,29,0,28,82
INS,4138,41380000,18,0,8,0,13,0,241
INS,4139,41390000,0,16,36,9,12,0,36
INS,4140,41400000,0,0,14,25,0,0,19
INS,4141,41410000,569,0,0,59,0,0,113
INS,4142,41420000,1081,27,0,3,18,0,119
INS,4143,41430000,1632,33,25,0,0,36,221
INS,4144,41440000,2063,0,0,1,0,0,64
INS,4145,41450000,2455,0,0,51,3,0,14
INS,4146,41460000,2763,0,3,10,15,0,57
INS,4147,41470000,3034,15,0,5,0,0,81
INS,4148,41480000,3153,0,0,0,0,0,197
INS,4149,41490000,3187,7,13,28,0,16,56
INS,4150,41500000,3159,260,0,30,10,0,25
INS,4151,41510000,2954,487,0,0,52,43,119
INS,4152,41520000,2712,692,60,0,0,2,66
INS,4153,41530000,2456,905,11,12,20,5,26
INS,4154,41540000,2076,1072,2,19,0,19,78
INS,4155,41550000,1635,1210,0,0,0,0,8
INS,4156,41560000,1096,1325,15,27,20,0,175
INS,4157,41570000,584,1393,45,0,0,0,243
INS,4158,41580000,4,1392,0,0,0,0,146
INS,4159,41590000,24,1377,577,0,0,2,235
INS,4160,41600000,4,1324,1036,505,5,25,147
INS,4161,41610000,0,1235,1538,1071,0,25,110
INS,4162,41620000,0,1095,1899,1539,528,4,43
INS,4163,41630000,0,920,2239,2016,968,20,134
INS,4164,41640000,1,679,2478,2338,1382,46,144
INS,4165,41650000,34,493,2583,2640,1754,54,27
INS,4166,41660000,24,228,2609,2779,2054,7,187
INS,4167,41670000,0,0,2463,2782,2143,12,159
INS,4168,41680000,18,3,2257,2720,2217,535,14
INS,4169,41690000,11,33,1919,2485,2099,1040,124
INS,4170,41700000,9,0,1575,2145,1961,1432,188
INS,4171,41710000,1,0,1057,1702,1646,1670,183
INS,4172,41720000,0,0,539,1246,1312,1819,64
INS,4173,41730000,5,73,0,692,826,1699,252
INS,4174,41740000,0,0,0,62,371,1502,189
INS,4175,41750000,30,0,0,12,0,1111,192
INS,4176,41760000,0,78,13,40,2,650,95
INS,4177,41770000,1,0,0,20,6,136,4
INS,4178,41780000,29,30,6,0,0,0,179
INS,4179,41790000,0,0,54,25,0,0,210
INS,4180,41800000,0,0,0,0,58,0,206
INS,4181,41810000,0,7,13,8,25,24,242
INS,4182,41820000,0,3,0,0,14,0,199
INS,4183,41830000,23,72,12,6,0,11,67
INS,4184,41840000,0,45,8,0,0,7,20
INS,4185,41850000,0,13,0,0,0,6,252
INS,4186,41860000,0,27,0,44,28,23,116
INS,4187,41870000,0,19,9,0,0,12,51
INS,4188,41880000,12,0,39,14,37,45,175
INS,4189,41890000,31,15,25,0,0,0,116
INS,4190,41900000,22,0,34,0,20,0,138
INS,4191,41910000,0,0,19,6,11,0,115
INS,4192,41920000,0,0,0,12,0,0,108
INS,4193,41930000,4,0,28,0,0,0,145
INS,4194,41940000,2,3,0,0,0,0,135
INS,4195,41950000,0,0,0,0,0,0,147
INS,4196,41960000,29,0,9,0,12,3,217
INS,4197,41970000,0,0,0,0,3,0,184
INS,4198,41980000,18,0,0,0,11,0,227
INS,4199,41990000,6,0,0,0,0,0,221
INS,4200,42000000,0,0,0,0,0,0,232
INS,4201,42010000,526,0,3,21,22,38,91
INS,4202,42020000,1137,0,21,28,0,25,197
INS,4203,42030000,1613,6,0,0,0,0,110
INS,4204,42040000,2077,0,4,0,45,0,122
INS,4205,42050000,2464,51,11,16,0,0,43
INS,4206,42060000,2773,9,0,8,0,0,52
INS,4207,42070000,2970,0,0,0,12,11,16
INS,4208,42080000,3128,28,19,0,12,38,9
INS,4209,42090000,3187,0,0,0,10,13,11
INS,4210,42100000,3138,203,44,53,2,13,15
INS,4211,42110000,3003,489,0,0,0,21,92
INS,4212,42120000,2789,668,28,0,7,0,88
INS,4213,42130000,2482,957,26,0,10,2,90
INS,4214,42140000,2079,1064,0,11,0,4,44
INS,4215,42150000,1618,1224,22,1,65,2,91
INS,4216,42160000,1084,1278,0,30,11,25,116
INS,4217,42170000,548,1391,14,5,0,0,175
INS,4218,42180000,0,1423,0,3,0,0,172
INS,4219,42190000,21,1346,518,23,0,1,160
INS,4220,42200000,0,1293,1058,482,1,0,78
INS,4221,42210000,16,1211,1494,983,45,34,20
INS,4222,42220000,36,1061,1937,1564,488,0,60
INS,4223,42230000,0,898,2254,2022,1004,0,145
INS,4224,42240000,25,710,2481,2336,1404,30,202
INS,4225,42250000,8,538,2577,2605,1752,0,201
INS,4226,42260000,23,219,2560,2795,2010,0,89
INS,4227,42270000,12,2,2428,2784,2149,36,166
INS,4228,42280000,0,0,2228,2712,2209,551,216
INS,4229,42290000,0,0,1922,2474,2160,1018,107
INS,4230,42300000,0,16,1511,2148,1943,1416,96
INS,4231,42310000,8,0,1072,1779,1684,1706,96
INS,4232,42320000,8,26,541,1245,1341,1809,114
INS,4233,42330000,0,51,6,760,880,1714,108
INS,4234,42340000,12,0,0,130,415,1455,6
INS,4235,42350000,0,0,4,0,20,1161,220
INS,4236,42360000,9,7,8,0,10,676,18
INS,4237,42370000,16,0,4,0,1,89,203
INS,4238,42380000,0,0,18,17,2,0,147
INS,4239,42390000,5,19,0,0,37,0,188
INS,4240,42400000,2,0,0,2,15,0,163
INS,4241,42410000,46,0,16,41,0,22,30
INS,4242,42420000,15,0,0,0,2,0,195
INS,4243,42430000,0,2,11,39,39,0,30
INS,4244,42440000,55,2,7,0,37,0,57
INS,4245,42450000,18,5,0,0,0,26,22
INS,4246,42460000,0,14,0,33,0,40,77
INS,4247,42470000,0,0,5,6,13,18,49
INS,4248,42480000,0,41,0,0,0,0,65
INS,4249,42490000,49,0,0,0,0,0,90
INS,4250,42500000,1,0,0,0,5,0,64
INS,4251,42510000,0,26,12,0,0,22,135
INS,4252,42520000,17,0,15,5,0,12,141
INS,4253,42530000,0,0,0,26,0,56,191
INS,4254,42540000,1,0,0,53,0,0,180
INS,4255,42550000,0,0,0,7,0,16,166
INS,4256,42560000,10,0,0,0,0,0,170
INS,4257,42570000,2,0,9,0,24,12,224
INS,4258,42580000,0,22,0,0,20,0,236
INS,4259,42590000,45,0,17,13,0,22,52
INS,4260,42600000,0,15,0,0,0,4,247
INS,4261,42610000,512,11,35,0,0,0,35
INS,4262,42620000,1095,0,46,12,0,8,143
INS,4263,42630000,1589,3,10,14,11,16,130
INS,4264,42640000,2050,0,0,6,20,0,68
INS,4265,42650000,2409,21,21,11,0,0,215
INS,4266,42660000,2722,3,23,15,0,5,26
INS,4267,42670000,3033,0,0,43,32,0,127
INS,4268,42680000,3137,5,12,0,0,22,212
INS,4269,42690000,3215,0,0,0,44,43,99
INS,4270,42700000,3161,278,10,0,16,30,53
INS,4271,42710000,3023,423,0,7,21,4,53
INS,4272,42720000,2725,704,0,10,11,0,42
INS,4273,42730000,2404,904,5,9,16,6,209
INS,4274,42740000,2074,1053,0,0,6,18,33
INS,4275,42750000,1568,1255,12,0,0,0,246
INS,4276,42760000,1068,1313,43,0,10,0,118
INS,4277,42770000,536,1362,0,61,29,0,201
INS,4278,42780000,0,1424,16,14,71,1,12
INS,4279,42790000,0,1381,581,9,0,60,22
INS,4280,42800000,29,1309,1062,463,5,0,108
INS,4281,42810000,0,1208,1515,1038,0,34,28
INS,4282,42820000,0,1093,1930,1546,502,8,49
INS,4283,42830000,38,887,2227,1998,963,0,76
INS,4284,42840000,0,677,2474,2329,1367,0,59
INS,4285,42850000,0,477,2615,2602,1722,0,133
INS,4286,42860000,34,248,2538,2773,1998,0,69
INS,4287,42870000,11,0,2470,2818,2165,0,215
INS,4288,42880000,25,0,2269,2689,2191,563,249
INS,4289,42890000,22,0,1948,2463,2134,1023,119
INS,4290,42900000,21,0,1535,2096,1979,1432,121
INS,4291,42910000,0,0,1070,1732,1672,1696,13
INS,4292,42920000,0,27,560,1260,1302,1794,83
INS,4293,42930000,73,0,19,696,849,1742,72
INS,4294,42940000,0,8,34,137,374,1506,49
INS,4295,42950000,14,16,0,0,0,1174,235
INS,4296,42960000,10,0,0,0,0,682,252
INS,4297,42970000,0,0,58,0,0,137,28
INS,4298,42980000,5,0,0,0,2,0,113
INS,4299,42990000,0,0,5,20,0,16,164
INS,4300,43000000,21,0,27,0,12,6,206
INS,4301,43010000,0,0,8,0,14,23,202
INS,4302,43020000,16,43,1,3,10,44,35
INS,4303,43030000,0,0,0,0,0,14,205
INS,4304,43040000,22,0,10,0,52,0,36
INS,4305,43050000,0,8,25,0,43,0,45
INS,4306,43060000,0,0,0,0,20,13,19
INS,4307,43070000,35,29,3,0,0,0,70
INS,4308,43080000,0,0,27,0,0,15,62
INS,4309,43090000,10,0,0,0,0,0,47
INS,4310,43100000,0,56,17,53,25,27,232
INS,4311,43110000,0,19,0,0,34,39,163
INS,4312,43120000,0,0,26,20,15,0,149
INS,4313,43130000,0,46,0,0,0,0,151
INS,4314,43140000,39,0,40,2,0,26,229
INS,4315,43150000,10,0,9,5,0,18,181
INS,4316,43160000,0,10,2,0,1,17,186
INS,4317,43170000,37,0,0,12,56,0,22
INS,4318,43180000,2,2,6,16,57,23,40
INS,4319,43190000,8,0,49,10,33,27,78
INS,4320,43200000,11,0,30,0,0,0,9
INS,4321,43210000,559,21,0,47,41,17,158
INS,4322,43220000,1137,0,0,20,21,13,169
INS,4323,43230000,1562,0,0,0,0,0,45
INS,4324,43240000,2056,0,33,0,60,0,137
INS,4325,43250000,2447,25,0,21,9,0,251
INS,4326,43260000,2765,22,0,0,0,0,41
INS,4327,43270000,3030,0,0,25,5,9,84
INS,4328,43280000,3110,0,14,13,0,69,238
INS,4329,43290000,3220,0,21,0,0,10,44
INS,4330,43300000,3147,221,0,0,3,2,183
INS,4331,43310000,3021,439,52,0,20,0,103
INS,4332,43320000,2787,711,0,0,0,0,86
INS,4333,43330000,2437,929,0,11,12,0,250
INS,4334,43340000,2061,1104,34,0,4,16,97
INS,4335,43350000,1597,1229,23,0,0,28,28
INS,4336,43360000,1057,1309,2,3,0,16,67
INS,4337,43370000,589,1379,0,26,25,6,234
INS,4338,43380000,35,1381,0,0,9,9,172
INS,4339,43390000,41,1354,543,0,0,21,202
INS,4340,43400000,6,1303,1085,517,0,0,147
INS,4341,43410000,0,1202,1537,1008,0,0,232
INS,4342,43420000,41,1106,1920,1527,501,37,98
INS,4343,43430000,0,894,2251,1987,980,4,75
INS,4344,43440000,0,688,2453,2372,1376,0,97
INS,4345,43450000,0,456,2587,2624,1722,3,105
INS,4346,43460000,1,274,2612,2747,2049,0,157
INS,4347,43470000,0,0,2518,2780,2168,10,223
INS,4348,43480000,0,0,2239,2695,2191,543,176
INS,4349,43490000,0,35,1935,2460,2122,1053,130
INS,4350,43500000,52,2,1538,2157,1927,1417,147
INS,4351,43510000,41,0,1060,1747,1651,1696,34
INS,4352,43520000,0,0,573,1259,1319,1787,74
INS,4353,43530000,0,14,0,718,873,1753,47
INS,4354,43540000,0,31,0,104,430,1479,30
INS,4355,43550000,0,0,0,27,0,1166,220
INS,4356,43560000,15,0,0,13,5,651,240
INS,4357,43570000,32,3,0,0,0,178,42
INS,4358,43580000,8,0,17,0,13,0,140
INS,4359,43590000,0,0,26,16,0,0,161
INS,4360,43600000,0,0,0,0,42,6,184
INS,4361,43610000,0,0,44,0,0,20,217
INS,4362,43620000,27,0,20,0,22,0,239
INS,4363,43630000,0,8,39,0,0,2,236
INS,4364,43640000,0,0,21,0,0,0,225
INS,4365,43650000,0,44,0,0,0,0,9
INS,4366,43660000,0,0,8,0,0,22,12
INS,4367,43670000,0,0,4,1,24,4,32
INS,4368,43680000,12,0,0,0,65,0,93
INS,4369,43690000,0,6,0,5,0,0,44
INS,4370,43700000,0,0,0,0,8,0,58
INS,4371,43710000,2,0,0,0,16,0,85
INS,4372,43720000,55,0,8,0,0,21,168
INS,4373,43730000,14,0,11,0,16,25,167
INS,4374,43740000,0,0,0,28,0,16,162
INS,4375,43750000,0,0,0,10,0,35,180
INS,4376,43760000,34,0,3,0,0,0,189
INS,4377,43770000,0,46,0,0,0,43,2
INS,4378,43780000,0,0,24,0,13,3,226
INS,4379,43790000,0,0,0,0,0,0,203
INS,4380,43800000,0,0,2,0,5,14,241
INS,4381,43810000,574,0,18,0,0,17,78
INS,4382,43820000,1079,14,0,5,0,0,72
INS,4383,43830000,1573,3,32,6,3,6,102
INS,4384,43840000,2093,22,30,0,16,0,145
INS,4385,43850000,2460,0,0,0,0,0,205
INS,4386,43860000,2758,0,0,40,0,0,48
INS,4387,43870000,2987,0,26,19,42,16,101
INS,4388,43880000,3140,3,0,18,63,11,7
INS,4389,43890000,3209,27,0,0,36,4,65
INS,4390,43900000,3157,208,13,0,0,0,184
INS,4391,43910000,3062,464,10,31,0,0,134
INS,4392,43920000,2781,707,22,14,0,3,111
INS,4393,43930000,2454,935,11,0,0,0,1
INS,4394,43940000,2031,1044,12,3,0,0,220
INS,4395,43950000,1599,1244,0,0,0,16,6
INS,4396,43960000,1077,1263,0,0,0,0,16
INS,4397,43970000,559,1408,14,10,0,58,254
INS,4398,43980000,0,1351,13,2,0,22,122
INS,4399,43990000,12,1370,549,0,33,0,203
INS,4400,44000000,0,1330,1094,449,0,6,111
INS,4401,44010000,0,1147,1513,1061,0,0,202
INS,4402,44020000,0,1118,1994,1519,503,30,126
INS,4403,44030000,0,907,2209,2014,1025,0,110
INS,4404,44040000,43,661,2503,2359,1357,0,127
INS,4405,44050000,36,414,2631,2638,1746,11,185
INS,4406,44060000,0,222,2600,2789,2012,5,98
INS,4407,44070000,0,30,2430,2778,2137,16,134
INS,4408,44080000,0,23,2204,2681,2188,546,146
INS,4409,44090000,25,23,1944,2487,2150,1053,203
INS,4410,44100000,0,0,1493,2160,1978,1419,100
INS,4411,44110000,4,0,1079,1712,1722,1749,101
INS,4412,44120000,0,24,527,1187,1290,1744,160
INS,4413,44130000,19,0,0,686,903,1724,17
INS,4414,44140000,4,23,23,83,402,1482,255
INS,4415,44150000,0,0,21,16,6,1110,176
INS,4416,44160000,0,0,23,39,37,674,69
INS,4417,44170000,1,8,0,0,0,157,247
INS,4418,44180000,2,0,0,6,0,11,117
INS,4419,44190000,21,30,12,8,12,0,198
INS,4420,44200000,0,0,4,25,0,32,193
INS,4421,44210000,0,6,15,30,19,0,219
INS,4422,44220000,26,0,22,24,0,27,9
INS,4423,44230000,39,42,0,49,0,0,57
INS,4424,44240000,22,0,0,12,0,0,234
INS,4425,44250000,0,25,4,25,8,0,23
INS,4426,44260000,30,15,0,0,0,1,24
INS,4427,44270000,0,53,8,0,2,0,58
INS,4428,44280000,28,25,18,0,20,0,103
INS,4429,44290000,49,3,0,0,0,0,81
INS,4430,44300000,0,37,0,0,0,52,135
INS,4431,44310000,31,0,0,0,0,0,94
INS,4432,44320000,9,22,18,40,0,0,169
INS,4433,44330000,28,0,15,0,28,23,191
INS,4434,44340000,30,9,0,0,25,0,178
INS,4435,44350000,18,11,30,0,0,0,190
INS,4436,44360000,4,7,0,43,37,0,239
INS,4437,44370000,3,0,4,0,0,0,172
INS,4438,44380000,38,0,15,10,0,30,19
INS,4439,44390000,10,16,0,0,0,0,225
INS,4440,44400000,36,34,0,22,0,62,114
INS,4441,44410000,552,44,52,0,0,4,117
INS,4442,44420000,1081,0,3,23,0,0,77
INS,4443,44430000,1628,0,30,0,0,7,140
INS,4444,44440000,2030,1,1,0,21,0,33
INS,4445,44450000,2445,0,0,21,1,0,208
INS,4446,44460000,2800,0,0,19,0,2,67
INS,4447,44470000,3003,0,0,24,0,0,34
INS,4448,44480000,3165,32,25,0,24,0,14
INS,4449,44490000,3175,0,0,25,0,19,4
INS,4450,44500000,3184,245,0,1,0,10,242
INS,4451,44510000,3013,502,62,0,0,50,190
INS,4452,44520000,2753,707,10,23,0,25,98
INS,4453,44530000,2439,901,58,0,22,0,17
INS,4454,44540000,2068,1101,0,5,0,10,54
INS,4455,44550000,1582,1246,0,0,7,0,234
INS,4456,44560000,1090,1301,0,0,0,0,63
INS,4457,44570000,592,1422,17,0,3,37,16
INS,4458,44580000,0,1366,20,16,0,19,151
INS,4459,44590000,11,1397,576,0,7,24,250
INS,4460,44600000,0,1373,1038,487,0,54,180
INS,4461,44610000,30,1147,1542,1009,60,20,29
INS,4462,44620000,30,1063,1961,1555,477,29,73
INS,4463,44630000,0,914,2266,1945,964,42,82
INS,4464,44640000,20,728,2484,2343,1347,54,176
INS,4465,44650000,52,474,2607,2655,1787,28,52
INS,4466,44660000,0,257,2532,2790,1998,0,43
INS,4467,44670000,0,10,2453,2806,2117,0,125
INS,4468,44680000,9,0,2296,2709,2213,524,251
INS,4469,44690000,0,30,1917,2500,2121,1033,118
INS,4470,44700000,8,0,1524,2166,1969,1424,137
INS,4471,44710000,34,9,1096,1785,1711,1707,173
INS,4472,44720000,0,13,551,1261,1273,1800,26
INS,4473,44730000,0,23,0,713,869,1758,44
INS,4474,44740000,45,0,11,146,413,1558,151
INS,4475,44750000,4,0,0,1,0,1116,140
INS,4476,44760000,64,0,18,0,0,643,17
INS,4477,44770000,0,0,0,5,9,121,212
INS,4478,44780000,4,0,1,22,22,53,196
INS,4479,44790000,0,74,0,22,0,0,207
INS,4480,44800000,0,0,28,0,7,0,163
INS,4481,44810000,10,0,0,17,0,20,192
INS,4482,44820000,0,0,0,48,0,19,229
INS,4483,44830000,0,24,3,0,73,0,23
INS,4484,44840000,17,0,0,0,32,0,245
INS,4485,44850000,0,16,0,0,13,10,252
INS,4486,44860000,0,39,6,18,13,10,60
INS,4487,44870000,0,13,14,0,8,5,31
INS,4488,44880000,38,0,0,50,0,13,109
INS,4489,44890000,2,0,0,1,0,25,53
INS,4490,44900000,7,2,23,6,0,0,80
INS,4491,44910000,0,53,2,30,0,41,185
INS,4492,44920000,4,0,12,0,14,0,106
INS,4493,44930000,0,4,0,32,0,4,133
INS,4494,44940000,0,0,32,12,0,0,154
INS,4495,44950000,0,12,0,0,0,26,165
INS,4496,44960000,26,25,16,0,10,0,221
INS,4497,44970000,17,0,0,20,0,51,249
INS,4498,44980000,41,0,0,0,0,0,219
INS,4499,44990000,0,5,0,0,0,19,219
INS,4500,45000000,36,0,2,0,12,7,13
INS,4501,45010000,561,0,0,0,0,22,44
INS,4502,45020000,1069,0,21,0,3,0,59
INS,4503,45030000,1588,14,0,14,0,0,87
INS,4504,45040000,2052,0,0,75,0,0,103
INS,4505,45050000,2480,0,29,31,0,10,31
INS,4506,45060000,2755,0,0,38,20,23,78
INS,4507,45070000,2993,0,0,1,12,10,19
INS,4508,45080000,3142,0,43,22,13,0,240
INS,4509,45090000,3220,39,24,17,4,57,142
INS,4510,45100000,3161,222,0,0,33,25,239
INS,4511,45110000,3010,483,0,0,9,20,81
INS,4512,45120000,2768,715,0,0,33,0,92
INS,4513,45130000,2461,895,10,6,0,3,224
INS,4514,45140000,2027,1129,4,19,11,0,56
INS,4515,45150000,1608,1201,0,0,0,0,204
INS,4516,45160000,1123,1313,6,0,0,31,141
INS,4517,45170000,543,1354,0,0,25,0,119
INS,4518,45180000,0,1389,0,11,10,14,150
INS,4519,45190000,0,1355,532,0,21,1,140
INS,4520,45200000,9,1329,1077,452,13,0,104
INS,4521,45210000,0,1167,1489,973,0,4,106
INS,4522,45220000,9,1030,1913,1537,486,0,185
INS,4523,45230000,0,908,2279,1957,982,0,73
INS,4524,45240000,7,739,2475,2405,1343,0,165
INS,4525,45250000,0,447,2598,2611,1781,0,138
INS,4526,45260000,20,220,2591,2787,2002,5,87
INS,4527,45270000,0,0,2470,2795,2092,9,101
INS,4528,45280000,30,31,2259,2661,2222,548,247
INS,4529,45290000,11,24,1935,2454,2118,1024,79
INS,4530,45300000,0,0,1511,2188,1970,1470,181
INS,4531,45310000,17,32,1110,1706,1726,1686,104
INS,4532,45320000,0,35,549,1247,1300,1805,60
INS,4533,45330000,0,0,0,724,888,1748,37
INS,4534,45340000,5,15,0,119,383,1503,255
INS,4535,45350000,20,25,11,13,17,1130,231
INS,4536,45360000,6,0,0,0,11,664,225
INS,4537,45370000,66,0,0,0,40,126,49
INS,4538,45380000,0,26,4,14,15,8,157
INS,4539,45390000,0,2,7,0,0,0,116
INS,4540,45400000,0,46,0,0,12,18,200
INS,4541,45410000,0,17,0,0,6,10,174
INS,4542,45420000,10,0,29,35,0,26,2
INS,4543,45430000,9,0,0,31,0,0,215
INS,4544,45440000,26,33,0,11,0,0,6
INS,4545,45450000,29,0,0,28,9,19,38
INS,4546,45460000,0,0,0,26,15,28,39
INS,4547,45470000,27,5,5,0,27,0,51
INS,4548,45480000,37,7,0,25,11,0,84
INS,4549,45490000,43,0,2,23,0,20,109
INS,4550,45500000,17,18,10,32,0,7,122
INS,4551,45510000,0,0,0,30,0,22,107
INS,4552,45520000,0,11,0,0,8,0,91
INS,4553,45530000,0,27,20,0,13,1,150
INS,4554,45540000,5,12,46,64,0,15,248
INS,4555,45550000,0,17,28,0,14,0,182
INS,4556,45560000,0,20,0,0,0,33,193
INS,4557,45570000,0,9,0,0,0,0,166
INS,4558,45580000,40,33,0,0,0,33,24
INS,4559,45590000,0,0,0,0,0,0,191
INS,4560,45600000,19,25,13,1,0,0,10
INS,4561,45610000,551,29,11,0,20,47,115
INS,4562,45620000,1115,9,2,0,27,37,152
INS,4563,45630000,1641,22,0,18,0,0,148
INS,4564,45640000,2057,33,0,0,0,0,62
INS,4565,45650000,2426,17,0,0,0,0,176
INS,4566,45660000,2768,0,7,34,0,0,47
INS,4567,45670000,2996,0,0,0,62,0,57
INS,4568,45680000,3185,0,0,36,58,11,50
INS,4569,45690000,3202,21,0,23,1,0,24
INS,4570,45700000,3094,220,5,39,35,33,220
INS,4571,45710000,3048,475,0,0,0,0,78
INS,4572,45720000,2780,665,2,0,0,8,27
INS,4573,45730000,2470,870,0,39,5,0,229
INS,4574,45740000,2054,1065,44,0,0,55,80
INS,4575,45750000,1595,1192,0,0,0,0,178
INS,4576,45760000,1121,1304,14,38,38,0,179
INS,4577,45770000,577,1373,0,36,9,0,188
INS,4578,45780000,0,1390,0,0,16,0,128
INS,4579,45790000,0,1367,599,0,24,30,247
INS,4580,45800000,22,1297,1107,480,0,13,139
INS,4581,45810000,0,1263,1496,1012,11,0,251
INS,4582,45820000,16,1093,1949,1540,509,0,57
INS,4583,45830000,0,905,2245,2013,998,4,108
INS,4584,45840000,6,663,2492,2348,1428,0,129
INS,4585,45850000,33,460,2625,2653,1740,6,214
INS,4586,45860000,8,253,2576,2783,1978,0,56
INS,4587,45870000,10,0,2438,2779,2164,4,126
INS,4588,45880000,0,0,2272,2681,2218,527,190
INS,4589,45890000,2,0,1968,2513,2119,1059,170
INS,4590,45900000,0,51,1570,2123,1989,1441,212
INS,4591,45910000,43,17,1081,1743,1669,1719,95
INS,4592,45920000,12,0,549,1241,1320,1793,35
INS,4593,45930000,13,8,0,621,902,1757,230
INS,4594,45940000,0,0,0,98,413,1510,247
INS,4595,45950000,0,12,0,0,18,1070,111
INS,4596,45960000,0,13,6,27,0,660,246
INS,4597,45970000,1,29,4,0,19,111,233
INS,4598,45980000,1,2,24,26,11,12,162
INS,4599,45990000,16,0,0,0,0,0,119
INS,4600,46000000,8,9,0,4,0,20,161
INS,4601,46010000,37,5,0,23,0,0,202
INS,4602,46020000,0,25,0,0,7,4,190
INS,4603,46030000,38,0,19,0,0,0,228
INS,4604,46040000,34,0,28,28,0,12,34
INS,4605,46050000,12,0,0,0,37,0,254
INS,4606,46060000,0,0,53,0,28,0,47
INS,4607,46070000,18,37,12,0,7,0,57
INS,4608,46080000,17,0,8,0,0,0,25
INS,4609,46090000,0,27,0,0,20,0,64
INS,4610,46100000,0,0,0,0,0,10,44
INS,4611,46110000,0,1,0,34,0,24,110
INS,4612,46120000,0,0,7,22,0,0,97
INS,4613,46130000,6,0,7,26,0,0,124
INS,4614,46140000,6,19,0,0,0,27,154
INS,4615,46150000,0,0,0,1,4,0,124
INS,4616,46160000,19,19,25,0,2,0,201
INS,4617,46170000,1,0,4,22,28,58,10
INS,4618,46180000,0,0,0,0,0,0,170
INS,4619,46190000,15,22,0,0,1,0,225
INS,4620,46200000,31,51,0,3,73,0,106
INS,4621,46210000,532,0,3,3,0,8,255
INS,4622,46220000,1075,0,0,7,0,9,49
INS,4623,46230000,1575,0,0,0,0,34,72
INS,4624,46240000,2090,0,0,0,17,4,79
INS,4625,46250000,2439,29,0,0,0,18,215
INS,4626,46260000,2801,0,27,22,0,53,137
INS,4627,46270000,3009,45,13,0,25,9,96
INS,4628,46280000,3128,0,0,36,22,14,212
INS,4629,46290000,3225,0,10,13,0,0,21
INS,4630,46300000,3141,248,17,11,0,0,207
INS,4631,46310000,3015,472,24,14,0,12,88
INS,4632,46320000,2778,683,59,15,42,0,145
INS,4633,46330000,2451,883,0,0,27,0,202
INS,4634,46340000,2045,1074,45,39,0,0,61
INS,4635,46350000,1601,1236,3,0,13,0,240
INS,4636,46360000,1076,1331,19,24,0,39,149
INS,4637,46370000,541,1380,1,0,0,33,144
INS,4638,46380000,22,1384,7,0,0,0,131
INS,4639,46390000,54,1353,516,14,26,0,186
INS,4640,46400000,0,1306,1063,451,0,31,67
INS,4641,46410000,0,1213,1534,1047,29,11,43
INS,4642,46420000,0,1065,1876,1541,487,62,233
INS,4643,46430000,0,912,2222,1994,992,36,95
INS,4644,46440000,0,675,2478,2355,1376,0,72
INS,4645,46450000,0,514,2525,2585,1725,0,42
INS,4646,46460000,36,205,2600,2751,2029,0,75
INS,4647,46470000,0,0,2437,2803,2100,0,67
INS,4648,46480000,0,5,2260,2709,2157,589,208
INS,4649,46490000,19,4,1956,2526,2136,1059,205
INS,4650,46500000,0,4,1547,2166,1928,1371,50
INS,4651,46510000,0,24,1045,1761,1644,1700,249
INS,4652,46520000,0,17,557,1273,1309,1792,64
INS,4653,46530000,0,0,1,682,910,1757,19
INS,4654,46540000,0,6,0,121,386,1564,43
INS,4655,46550000,0,13,0,19,43,1160,242
INS,4656,46560000,23,13,0,0,0,623,195
INS,4657,46570000,0,12,6,0,7,99,189
INS,4658,46580000,18,4,21,0,0,0,125
INS,4659,46590000,0,0,0,10,14,0,123
INS,4660,46600000,0,0,7,0,0,0,123
INS,4661,46610000,9,15,0,8,0,0,165
INS,4662,46620000,0,19,0,40,26,0,235
INS,4663,46630000,11,0,0,0,9,11,198
INS,4664,46640000,36,34,0,25,26,42,91
INS,4665,46650000,21,23,0,12,10,0,11
INS,4666,46660000,11,0,0,0,0,7,236
INS,4667,46670000,0,0,0,0,3,0,238
INS,4668,46680000,0,0,26,13,0,0,35
INS,4669,46690000,0,0,0,45,36,8,102
INS,4670,46700000,20,0,15,0,1,3,69
INS,4671,46710000,20,58,4,6,0,0,135
INS,4672,46720000,0,0,0,7,0,0,71
INS,4673,46730000,24,28,0,9,0,0,142
INS,4674,46740000,19,0,31,0,0,0,148
INS,4675,46750000,0,13,13,34,34,0,209
INS,4676,46760000,27,0,0,16,0,3,178
INS,4677,46770000,0,15,0,17,0,0,181
INS,4678,46780000,0,0,11,0,0,83,4
INS,4679,46790000,0,0,22,2,25,0,232
INS,4680,46800000,0,0,0,0,29,0,229
INS,4681,46810000,561,42,2,0,0,0,54
INS,4682,46820000,1144,30,4,0,0,0,132
INS,4683,46830000,1594,0,1,40,16,2,112
INS,4684,46840000,2062,19,13,0,0,6,64
INS,4685,46850000,2461,11,41,27,0,0,9
INS,4686,46860000,2758,3,54,6,1,0,52
INS,4687,46870000,2957,0,0,0,8,0,212
INS,4688,46880000,3127,0,33,18,7,11,204
INS,4689,46890000,3201,8,21,0,0,0,255
INS,4690,46900000,3168,236,2,0,0,9,201
INS,4691,46910000,3020,450,0,25,0,0,42
INS,4692,46920000,2767,723,0,11,0,41,106
INS,4693,46930000,2454,874,0,12,7,7,191
INS,4694,46940000,2029,1077,27,0,0,5,248
INS,4695,46950000,1590,1187,0,23,0,0,183
INS,4696,46960000,1076,1340,33,20,0,0,125
INS,4697,46970000,564,1370,0,12,0,4,135
INS,4698,46980000,0,1392,0,0,0,17,123
INS,4699,46990000,22,1364,543,17,17,0,182
INS,4700,47000000,0,1325,1045,452,10,0,44
INS,4701,47010000,0,1217,1525,1038,21,4,10
INS,4702,47020000,0,1072,1895,1564,543,20,36
INS,4703,47030000,19,896,2259,2012,947,3,71
INS,4704,47040000,11,701,2506,2383,1415,17,217
INS,4705,47050000,26,486,2571,2647,1724,0,143
INS,4706,47060000,0,233,2610,2788,1985,11,77
INS,4707,47070000,0,0,2472,2797,2181,13,186
INS,4708,47080000,5,0,2268,2713,2181,540,191
INS,4709,47090000,22,0,1896,2519,2138,1017,93
INS,4710,47100000,0,1,1550,2117,1964,1471,133
INS,4711,47110000,0,0,1033,1721,1642,1723,190
INS,4712,47120000,0,20,498,1239,1339,1784,248
INS,4713,47130000,4,0,0,684,941,1748,42
INS,4714,47140000,0,0,19,118,396,1492,243
INS,4715,47150000,18,12,18,3,0,1136,190
INS,4716,47160000,13,9,11,12,0,655,232
INS,4717,47170000,0,0,0,16,52,80,209
INS,4718,47180000,0,0,41,0,0,4,123
INS,4719,47190000,10,0,0,0,16,0,121
INS,4720,47200000,0,6,0,0,0,10,128
INS,4721,47210000,14,0,30,0,0,0,173
INS,4722,47220000,0,32,12,57,15,5,11
INS,4723,47230000,0,0,26,3,7,0,199
INS,4724,47240000,0,12,0,0,21,0,213
INS,4725,47250000,1,16,24,50,0,0,32
INS,4726,47260000,0,0,0,0,0,10,224
INS,4727,47270000,0,0,0,30,0,34,39
INS,4728,47280000,0,12,29,14,0,16,63
INS,4729,47290000,9,34,16,14,16,0,98
INS,4730,47300000,0,40,0,0,0,48,114
INS,4731,47310000,18,0,5,22,0,0,88
INS,4732,47320000,0,0,19,7,44,0,130
INS,4733,47330000,0,0,0,0,21,0,98
INS,4734,47340000,0,51,0,0,0,10,155
INS,4735,47350000,9,5,16,39,0,12,192
INS,4736,47360000,0,36,0,6,0,18,188
INS,4737,47370000,0,0,0,0,0,2,147
INS,4738,47380000,0,15,19,24,8,0,228
INS,4739,47390000,0,0,8,38,0,0,225
INS,4740,47400000,0,0,0,38,30,11,19
INS,4741,47410000,578,0,0,6,18,25,72
INS,4742,47420000,1097,0,32,0,26,0,105
INS,4743,47430000,1569,5,0,1,0,0,30
INS,4744,47440000,2050,0,20,0,32,48,110
INS,4745,47450000,2441,31,26,0,0,32,251
INS,4746,47460000,2717,14,0,0,28,27,12
INS,4747,47470000,2982,14,15,20,7,17,42
INS,4748,47480000,3143,0,0,11,26,31,215
INS,4749,47490000,3148,14,4,16,16,30,249
INS,4750,47500000,3132,249,0,0,12,8,183
INS,4751,47510000,3043,479,17,3,0,11,96
INS,4752,47520000,2740,678,0,0,31,36,45
INS,4753,47530000,2432,918,37,0,7,1,228
INS,4754,47540000,1999,1098,49,0,75,0,71
INS,4755,47550000,1594,1223,0,0,28,0,224
INS,4756,47560000,1131,1274,9,12,0,0,78
INS,4757,47570000,597,1415,0,37,18,0,248
INS,4758,47580000,11,1429,19,0,0,1,170
INS,4759,47590000,0,1402,585,15,0,0,217
INS,4760,47600000,0,1308,1070,508,0,0,94
INS,4761,47610000,40,1227,1520,1032,0,0,20
INS,4762,47620000,6,1095,1949,1521,508,0,17
INS,4763,47630000,0,889,2262,1965,913,8,224
INS,4764,47640000,0,700,2463,2391,1381,10,125
INS,4765,47650000,35,473,2619,2601,1750,0,163
INS,4766,47660000,8,239,2551,2777,1982,0,3
INS,4767,47670000,58,0,2473,2811,2186,24,15
INS,4768,47680000,0,30,2222,2654,2167,561,114
INS,4769,47690000,7,10,1922,2501,2089,1069,95
INS,4770,47700000,24,0,1511,2144,1952,1446,103
INS,4771,47710000,10,0,1018,1750,1654,1666,165
INS,4772,47720000,40,0,538,1289,1301,1760,36
INS,4773,47730000,28,17,0,674,877,1733,246
INS,4774,47740000,0,0,0,86,417,1495,212
INS,4775,47750000,0,4,0,18,0,1156,177
INS,4776,47760000,14,0,0,22,14,665,243
INS,4777,47770000,0,52,21,2,1,110,243
INS,4778,47780000,0,0,13,0,0,0,87
INS,4779,47790000,0,0,0,21,43,0,155
INS,4780,47800000,4,10,11,22,2,28,185
INS,4781,47810000,13,19,0,8,32,1,198
INS,4782,47820000,29,0,19,0,0,0,190
INS,4783,47830000,40,0,0,0,0,3,202
INS,4784,47840000,19,1,0,0,0,50,246
INS,4785,47850000,0,0,61,41,0,7,46
INS,4786,47860000,24,35,4,34,0,17,68
INS,4787,47870000,16,0,0,15,25,0,27
INS,4788,47880000,0,0,31,19,10,9,57
INS,4789,47890000,50,0,0,17,15,39,126
INS,4790,47900000,0,0,28,24,35,16,125
INS,4791,47910000,44,0,0,4,0,20,107
INS,4792,47920000,0,0,0,8,44,18,126
INS,4793,47930000,0,0,0,0,31,0,104
INS,4794,47940000,0,0,32,0,0,0,122
INS,4795,47950000,3,12,19,0,15,11,167
INS,4796,47960000,0,0,13,29,0,0,166
INS,4797,47970000,0,1,31,29,16,0,218
INS,4798,47980000,0,0,0,26,0,0,184
INS,4799,47990000,30,8,0,33,0,25,15
INS,4800,48000000,2,56,0,11,0,21,26
INS,4801,48010000,566,0,0,35,9,10,61
INS,4802,48020000,1105,6,3,0,0,0,60
INS,4803,48030000,1607,0,0,31,32,0,121
INS,4804,48040000,2043,12,5,17,0,29,62
INS,4805,48050000,2458,0,42,6,0,0,223
INS,4806,48060000,2826,38,38,0,5,21,150
INS,4807,48070000,2976,33,27,0,0,0,19
INS,4808,48080000,3114,0,25,49,12,6,206
INS,4809,48090000,3213,0,0,0,0,0,230
INS,4810,48100000,3124,285,37,0,0,0,224
INS,4811,48110000,3024,490,14,1,0,25,93
INS,4812,48120000,2797,743,7,0,0,0,103
INS,4813,48130000,2496,844,0,0,8,1,178
INS,4814,48140000,2062,1104,0,0,0,0,12
INS,4815,48150000,1579,1218,22,0,20,0,214
INS,4816,48160000,1132,1333,32,0,26,0,171
INS,4817,48170000,556,1345,20,0,0,6,104
INS,4818,48180000,0,1412,50,10,39,0,217
INS,4819,48190000,0,1333,540,0,0,0,84
INS,4820,48200000,0,1312,1045,447,44,41,93
INS,4821,48210000,0,1186,1531,1023,20,0,213
INS,4822,48220000,0,1014,1939,1538,512,41,234
INS,4823,48230000,0,902,2285,2033,957,16,120
INS,4824,48240000,44,704,2475,2383,1425,0,207
INS,4825,48250000,0,505,2584,2633,1748,23,174
INS,4826,48260000,35,257,2580,2752,1955,0,21
INS,4827,48270000,0,23,2488,2779,2162,3,170
INS,4828,48280000,0,0,2281,2699,2183,555,194
INS,4829,48290000,12,3,1908,2508,2150,1029,103
INS,4830,48300000,46,51,1522,2153,1948,1430,172
INS,4831,48310000,8,15,1010,1776,1593,1702,167
INS,4832,48320000,30,0,493,1244,1274,1832,233
INS,4833,48330000,0,22,37,771,886,1664,37
INS,4834,48340000,5,18,11,131,402,1502,23
INS,4835,48350000,9,32,48,0,0,1156,240
INS,4836,48360000,54,0,6,8,12,652,0
INS,4837,48370000,0,0,0,8,3,157,221
INS,4838,48380000,25,0,0,0,0,0,95
INS,4839,48390000,0,0,53,4,4,6,154
INS,4840,48400000,0,0,24,0,47,2,177
INS,4841,48410000,36,25,8,0,0,13,203
INS,4842,48420000,0,53,18,0,18,3,230
INS,4843,48430000,12,27,0,0,0,6,200
INS,4844,48440000,0,0,5,0,26,57,4
INS,4845,48450000,4,43,36,0,24,0,40
INS,4846,48460000,0,0,4,0,15,0,225
INS,4847,48470000,0,0,0,0,0,0,223
INS,4848,48480000,32,22,0,16,0,0,54
INS,4849,48490000,0,0,0,0,25,39,65
INS,4850,48500000,0,23,23,0,0,55,119
INS,4851,48510000,0,24,0,18,0,3,80
INS,4852,48520000,0,0,17,0,33,0,102
INS,4853,48530000,0,22,0,0,19,21,131
INS,4854,48540000,19,0,5,0,0,6,116
INS,4855,48550000,0,32,0,0,54,16,205
INS,4856,48560000,10,0,0,0,35,0,165
INS,4857,48570000,9,18,0,2,11,4,181
INS,4858,48580000,22,0,25,0,0,4,205
INS,4859,48590000,24,0,0,14,0,0,209
INS,4860,48600000,0,0,0,12,0,0,200
INS,4861,48610000,606,9,0,35,25,0,112
INS,4862,48620000,1067,41,2,0,12,42,106
INS,4863,48630000,1603,0,0,0,0,6,56
INS,4864,48640000,2051,0,0,0,22,5,30
INS,4865,48650000,2452,17,0,37,0,35,254
INS,4866,48660000,2781,0,0,14,33,0,46
INS,4867,48670000,2985,0,16,0,8,0,244
INS,4868,48680000,3164,3,6,26,12,0,207
INS,4869,48690000,3178,0,0,4,22,0,217
INS,4870,48700000,3109,244,0,0,20,5,152
INS,4871,48710000,2993,459,0,5,28,5,25
INS,4872,48720000,2774,666,0,31,15,1,39
INS,4873,48730000,2475,909,29,0,0,0,238
INS,4874,48740000,2052,1124,56,10,0,0,84
INS,4875,48750000,1600,1212,0,0,0,2,185
INS,4876,48760000,1110,1293,11,0,27,19,104
INS,4877,48770000,580,1390,28,0,0,0,171
INS,4878,48780000,0,1383,1,0,4,5,95
INS,4879,48790000,0,1400,540,0,0,48,195
INS,4880,48800000,0,1283,1076,466,0,0,25
INS,4881,48810000,0,1243,1507,1050,0,0,249
INS,4882,48820000,36,1071,1956,1486,526,32,37
INS,4883,48830000,0,926,2287,1983,943,7,69
INS,4884,48840000,0,726,2472,2376,1352,0,98
INS,4885,48850000,0,509,2582,2650,1732,0,150
INS,4886,48860000,0,264,2573,2753,2029,3,60
INS,4887,48870000,0,0,2452,2784,2153,0,100
INS,4888,48880000,0,0,2255,2718,2203,535,183
INS,4889,48890000,0,1,1941,2493,2108,1024,56
INS,4890,48900000,2,5,1519,2162,1965,1436,107
INS,4891,48910000,0,29,1042,1727,1700,1678,235
INS,4892,48920000,0,0,541,1270,1294,1744,205
INS,4893,48930000,4,0,0,702,870,1718,203
INS,4894,48940000,6,0,10,151,403,1481,1
INS,4895,48950000,0,0,9,20,2,1131,153
INS,4896,48960000,21,0,0,0,38,694,17
INS,4897,48970000,0,4,13,5,22,91,184
INS,4898,48980000,0,0,0,41,15,0,122
INS,4899,48990000,0,17,0,0,0,0,100
INS,4900,49000000,1,0,28,0,13,0,142
INS,4901,49010000,21,0,0,26,0,0,164
INS,4902,49020000,1,0,0,0,0,0,135
INS,4903,49030000,0,0,3,0,22,0,176
INS,4904,49040000,4,39,19,35,0,5,14
INS,4905,49050000,17,8,14,0,20,18,6
INS,4906,49060000,0,5,15,31,0,0,253
INS,4907,49070000,35,16,0,21,0,4,39
INS,4908,49080000,37,0,10,0,0,0,27
INS,4909,49090000,0,15,0,3,0,2,17
INS,4910,49100000,0,0,19,0,9,42,84
INS,4911,49110000,0,0,2,23,13,4,73
INS,4912,49120000,28,0,0,0,37,4,117
INS,4913,49130000,39,0,5,0,16,0,125
INS,4914,49140000,32,18,0,16,17,1,166
INS,4915,49150000,1,35,9,0,0,0,144
INS,4916,49160000,27,30,0,0,0,0,173
INS,4917,49170000,9,9,20,0,16,37,224
INS,4918,49180000,34,0,0,0,0,10,194
INS,4919,49190000,0,14,45,32,42,0,44
INS,4920,49200000,10,17,49,1,0,0,5
INS,4921,49210000,597,5,6,0,0,10,51
INS,4922,49220000,1102,13,25,0,33,1,112
INS,4923,49230000,1599,0,0,11,39,0,92
INS,4924,49240000,2083,0,5,33,0,0,69
INS,4925,49250000,2450,0,8,22,44,25,2
INS,4926,49260000,2784,0,0,0,0,0,254
INS,4927,49270000,3000,0,0,13,0,0,244
INS,4928,49280000,3209,0,0,7,0,54,6
INS,4929,49290000,3218,0,0,0,0,72,43
INS,4930,49300000,3163,244,0,27,15,0,219
INS,4931,49310000,2993,469,0,0,0,13,6
INS,4932,49320000,2815,700,0,0,13,0,76
INS,4933,49330000,2426,904,23,8,0,0,182
INS,4934,49340000,2077,1076,0,0,5,28,24
INS,4935,49350000,1569,1214,0,0,0,0,150
INS,4936,49360000,1102,1304,0,10,0,54,110
INS,4937,49370000,530,1384,0,22,3,8,116
INS,4938,49380000,30,1395,1,11,12,0,147
INS,4939,49390000,5,1378,537,23,22,29,197
INS,4940,49400000,0,1339,1056,467,0,48,106
INS,4941,49410000,16,1230,1526,1045,10,56,72
INS,4942,49420000,9,1056,1987,1553,470,0,1
INS,4943,49430000,0,924,2245,1987,961,0,36
INS,4944,49440000,29,686,2470,2385,1436,0,174
INS,4945,49450000,0,482,2563,2629,1744,0,91
INS,4946,49460000,14,267,2565,2773,2034,14,101
INS,4947,49470000,0,0,2436,2776,2147,0,66
INS,4948,49480000,12,15,2273,2689,2155,559,171
INS,4949,49490000,0,1,1940,2490,2142,1044,102
INS,4950,49500000,0,4,1487,2162,1954,1462,83
INS,4951,49510000,43,0,1050,1727,1702,1733,54
INS,4952,49520000,0,0,575,1227,1353,1841,92
INS,4953,49530000,1,0,0,690,869,1743,208
INS,4954,49540000,0,17,0,128,362,1508,217
INS,4955,49550000,0,0,0,49,0,1141,177
INS,4956,49560000,3,26,25,0,2,649,221
INS,4957,49570000,0,13,0,0,0,137,195
INS,4958,49580000,0,0,27,14,0,31,134
INS,4959,49590000,55,0,0,0,10,0,144
INS,4960,49600000,18,4,33,0,12,0,163
INS,4961,49610000,2,0,0,9,46,0,170
INS,4962,49620000,0,0,11,31,14,11,197
INS,4963,49630000,27,0,10,9,0,0,193
INS,4964,49640000,6,0,16,28,0,0,214
INS,4965,49650000,0,0,0,17,30,0,228
INS,4966,49660000,0,40,0,44,0,0,26
INS,4967,49670000,27,0,16,0,26,11,39
INS,4968,49680000,22,0,0,0,0,5,3
INS,4969,49690000,0,47,5,0,8,60,113
INS,4970,49700000,11,8,0,0,5,37,71
INS,4971,49710000,11,0,36,5,0,12,91
INS,4972,49720000,22,0,0,0,0,16,82
INS,4973,49730000,16,51,10,7,0,16,161
INS,4974,49740000,45,0,0,0,10,30,163
INS,4975,49750000,11,0,11,0,3,9,129
INS,4976,49760000,42,4,32,32,15,32,13
INS,4977,49770000,0,21,0,37,0,0,187
INS,4978,49780000,0,3,8,0,25,0,182
INS,4979,49790000,46,7,35,2,0,32,29
INS,4980,49800000,28,11,11,0,12,0,242
INS,4981,49810000,554,0,0,0,0,18,1
INS,4982,49820000,1126,39,12,23,15,50,199
INS,4983,49830000,1575,0,5,11,0,0,30
INS,4984,49840000,2052,9,39,0,0,0,44
INS,4985,49850000,2473,13,0,0,9,0,200
INS,4986,49860000,2792,0,12,0,0,0,14
INS,4987,49870000,2988,0,0,0,18,0,233
INS,4988,49880000,3148,8,7,0,0,0,151
INS,4989,49890000,3186,22,0,0,24,25,6
INS,4990,49900000,3157,253,0,13,14,17,220
INS,4991,49910000,3028,491,0,0,0,27,73
INS,4992,49920000,2767,689,57,0,30,0,87
INS,4993,49930000,2440,874,13,0,37,0,181
INS,4994,49940000,2044,1090,0,46,0,0,14
INS,4995,49950000,1593,1212,24,15,15,0,222
INS,4996,49960000,1097,1350,0,30,0,39,152
INS,4997,49970000,581,1408,0,25,0,0,179
INS,4998,49980000,0,1386,42,0,14,0,136
INS,4999,49990000,0,1405,512,0,70,0,186
INS,5000,50000000,47,1327,1047,482,0,34,129
INS,5001,50010000,0,1195,1489,1031,9,17,182
INS,5002,50020000,0,1061,1898,1559,491,51,238
INS,5003,50030000,7,855,2245,2008,980,6,16
INS,5004,50040000,0,692,2473,2412,1407,0,148
INS,5005,50050000,12,488,2614,2652,1751,0,186
INS,5006,50060000,0,260,2570,2730,2012,12,14
INS,5007,50070000,43,37,2429,2800,2124,0,136
INS,5008,50080000,0,0,2269,2682,2193,557,165
INS,5009,50090000,0,0,1940,2450,2143,1048,62
INS,5010,50100000,17,25,1494,2106,1973,1431,56
INS,5011,50110000,37,5,1077,1723,1655,1685,233
INS,5012,50120000,7,0,561,1231,1309,1827,27
INS,5013,50130000,0,0,14,724,914,1736,33
INS,5014,50140000,7,19,0,88,414,1478,204
INS,5015,50150000,43,77,19,0,44,1108,18
INS,5016,50160000,8,0,0,0,0,620,140
INS,5017,50170000,0,68,19,0,0,82,210
INS,5018,50180000,0,0,17,60,10,56,201
INS,5019,50190000,12,69,47,12,0,14,229
INS,5020,50200000,20,3,11,1,14,0,141
INS,5021,50210000,0,0,39,17,28,0,193
INS,5022,50220000,12,12,15,24,3,31,223
INS,5023,50230000,0,0,0,5,0,0,148
INS,5024,50240000,10,13,8,2,0,30,223
INS,5025,50250000,8,0,0,21,0,32,238
INS,5026,50260000,31,0,30,0,38,16,53
INS,5027,50270000,15,0,14,0,19,59,62
INS,5028,50280000,7,0,5,0,27,10,21
INS,5029,50290000,0,21,10,5,3,0,28
INS,5030,50300000,0,0,0,1,32,12,51
INS,5031,50310000,2,0,32,37,0,0,94
INS,5032,50320000,34,0,0,21,0,30,125
INS,5033,50330000,0,0,17,0,0,3,77
INS,5034,50340000,0,0,56,22,0,5,157
INS,5035,50350000,3,0,0,12,31,0,137
INS,5036,50360000,28,0,22,0,26,9,193
INS,5037,50370000,25,0,6,0,24,2,182
INS,5038,50380000,0,21,18,0,0,27,208
INS,5039,50390000,8,0,12,0,2,0,181
INS,5040,50400000,0,0,43,0,0,14,233
INS,5041,50410000,547,0,28,24,19,3,46
INS,5042,50420000,1076,14,4,20,0,22,66
INS,5043,50430000,1648,0,13,0,7,0,103
INS,5044,50440000,2099,0,0,11,0,0,50
INS,5045,50450000,2467,21,0,15,0,0,204
INS,5046,50460000,2772,0,0,18,0,2,254
INS,5047,50470000,3014,0,0,16,6,1,4
INS,5048,50480000,3138,10,8,36,30,0,206
INS,5049,50490000,3198,0,5,14,0,1,219
INS,5050,50500000,3148,270,4,0,0,5,189
INS,5051,50510000,2978,498,0,10,1,18,28
INS,5052,50520000,2779,669,0,57,3,0,48
INS,5053,50530000,2443,896,45,0,0,9,206
INS,5054,50540000,2060,1079,27,14,12,18,40
INS,5055,50550000,1606,1169,22,0,0,0,156
INS,5056,50560000,1043,1323,36,37,2,10,83
INS,5057,50570000,551,1345,11,21,35,0,124
INS,5058,50580000,0,1418,6,15,4,11,144
INS,5059,50590000,26,1425,539,0,0,0,185
INS,5060,50600000,0,1338,1038,478,0,37,79
INS,5061,50610000,0,1224,1515,1006,0,52,234
INS,5062,50620000,20,1092,1960,1508,473,48,19
INS,5063,50630000,13,909,2235,2008,985,17,78
INS,5064,50640000,14,703,2414,2344,1419,0,54
INS,5065,50650000,0,470,2576,2648,1769,0,128
INS,5066,50660000,0,253,2562,2734,1978,0,209
INS,5067,50670000,0,16,2502,2794,2140,15,166
INS,5068,50680000,5,29,2261,2661,2203,549,168
INS,5069,50690000,0,4,1895,2450,2117,1031,230
INS,5070,50700000,20,0,1510,2165,1940,1421,62
INS,5071,50710000,36,35,1103,1795,1669,1689,118
INS,5072,50720000,16,27,533,1257,1289,1789,255
INS,5073,50730000,0,0,10,685,927,1729,248
INS,5074,50740000,20,0,34,79,396,1501,224
INS,5075,50750000,20,0,0,17,0,1093,109
INS,5076,50760000,51,21,16,33,0,656,29
INS,5077,50770000,0,16,11,34,0,111,209
INS,5078,50780000,4,0,0,27,48,0,133
INS,5079,50790000,12,0,2,39,0,0,124
INS,5080,50800000,3,0,0,0,0,0,91
INS,5081,50810000,0,0,0,0,9,19,133
INS,5082,50820000,0,0,33,24,23,49,251
INS,5083,50830000,0,0,20,24,0,20,203
INS,5084,50840000,18,24,14,25,21,29,31
INS,5085,50850000,0,30,0,0,7,0,210
INS,5086,50860000,0,0,0,0,0,0,190
INS,5087,50870000,0,0,50,0,0,43,44
INS,5088,50880000,0,0,0,0,7,17,248
INS,5089,50890000,0,0,0,23,11,0,19
INS,5090,50900000,0,29,37,11,0,0,79
INS,5091,50910000,0,31,0,0,22,22,94
INS,5092,50920000,14,0,0,26,25,0,101
INS,5093,50930000,23,0,0,11,0,42,129
INS,5094,50940000,10,0,2,0,17,0,99
INS,5095,50950000,0,53,25,0,11,2,178
INS,5096,50960000,5,54,0,10,26,52,251
INS,5097,50970000,0,0,6,0,0,0,127
INS,5098,50980000,0,0,0,1,0,0,139
INS,5099,50990000,0,0,0,15,12,0,182
INS,5100,51000000,10,2,15,17,0,6,222
INS,5101,51010000,583,13,57,0,0,17,91
INS,5102,51020000,1097,0,0,44,3,5,75
INS,5103,51030000,1607,0,13,39,0,10,100
INS,5104,51040000,2040,2,11,0,2,6,253
INS,5105,51050000,2482,0,0,0,0,8,187
INS,5106,51060000,2758,0,0,54,0,0,14
INS,5107,51070000,3040,0,0,0,0,0,3
INS,5108,51080000,3124,0,31,0,0,0,135
INS,5109,51090000,3197,0,72,0,0,0,10
INS,5110,51100000,3130,220,2,23,0,0,133
INS,5111,51110000,2979,464,29,54,0,24,69
INS,5112,51120000,2772,693,13,15,0,0,29
INS,5113,51130000,2479,848,0,5,15,11,167
INS,5114,51140000,2031,1074,21,0,52,0,4
INS,5115,51150000,1612,1247,0,33,0,22,13
INS,5116,51160000,1056,1338,0,10,0,6,38
INS,5117,51170000,528,1389,0,9,10,0,93
INS,5118,51180000,9,1418,0,0,0,19,132
INS,5119,51190000,23,1359,555,10,33,0,171
INS,5120,51200000,26,1328,1045,464,0,7,54
INS,5121,51210000,0,1212,1504,1021,20,0,190
INS,5122,51220000,0,1057,1947,1560,491,1,226
INS,5123,51230000,0,867,2233,2078,939,0,24
INS,5124,51240000,0,719,2479,2362,1333,0,49
INS,5125,51250000,25,505,2575,2629,1757,0,152
INS,5126,51260000,30,210,2582,2818,1986,14,62
INS,5127,51270000,0,0,2443,2806,2177,22,143
INS,5128,51280000,18,0,2234,2696,2168,557,129
INS,5129,51290000,0,0,1924,2492,2123,1045,57
INS,5130,51300000,0,0,1531,2118,1920,1488,59
INS,5131,51310000,12,8,1034,1719,1645,1684,145
INS,5132,51320000,0,16,517,1290,1345,1802,54
INS,5133,51330000,0,42,0,676,850,1711,172
INS,5134,51340000,0,0,0,97,399,1490,176
INS,5135,51350000,0,8,0,8,0,1143,134
INS,5136,51360000,0,0,3,13,24,655,199
INS,5137,51370000,0,0,0,18,53,141,245
INS,5138,51380000,17,0,0,0,0,0,67
INS,5139,51390000,38,24,6,18,25,1,179
INS,5140,51400000,10,0,0,44,46,65,249
INS,5141,51410000,0,0,0,5,0,0,106
INS,5142,51420000,18,0,0,0,2,56,194
INS,5143,51430000,22,0,10,17,0,0,184
INS,5144,51440000,20,8,0,34,3,14,231
INS,5145,51450000,20,44,0,0,0,0,233
INS,5146,51460000,6,27,0,0,23,0,242
INS,5147,51470000,31,0,0,43,0,0,21
INS,5148,51480000,2,0,0,0,0,0,222
INS,5149,51490000,0,0,0,0,7,2,246
INS,5150,51500000,28,8,51,0,7,0,92
INS,5151,51510000,0,44,0,13,0,0,72
INS,5152,51520000,94,0,0,0,46,22,194
INS,5153,51530000,10,34,14,0,0,0,107
INS,5154,51540000,0,0,0,0,0,0,66
INS,5155,51550000,22,30,0,36,0,0,171
INS,5156,51560000,5,0,0,0,27,25,157
INS,5157,51570000,38,0,0,0,0,0,155
INS,5158,51580000,0,0,0,0,10,4,148
INS,5159,51590000,0,0,0,28,0,19,198
INS,5160,51600000,23,2,6,0,0,12,211
INS,5161,51610000,560,0,4,2,0,31,14
INS,5162,51620000,1088,7,5,0,24,0,46
INS,5163,51630000,1610,26,66,24,0,13,166
INS,5164,51640000,2083,0,0,26,0,18,59
INS,5165,51650000,2471,24,0,0,0,42,230
INS,5166,51660000,2793,0,0,0,6,0,253
INS,5167,51670000,2961,64,0,1,0,0,241
INS,5168,51680000,3150,9,0,16,38,0,189
INS,5169,51690000,3173,0,0,0,5,0,171
INS,5170,51700000,3153,266,0,0,15,32,220
INS,5171,51710000,2985,490,0,0,44,5,39
INS,5172,51720000,2745,677,0,0,0,34,244
INS,5173,51730000,2428,892,0,0,20,37,182
INS,5174,51740000,2089,1037,8,25,10,63,54
INS,5175,51750000,1628,1203,0,0,19,10,211
INS,5176,51760000,1064,1304,8,0,0,40,40
INS,5177,51770000,537,1403,0,23,23,0,139
INS,5178,51780000,19,1403,44,27,0,16,191
INS,5179,51790000,4,1402,504,46,3,16,162
INS,5180,51800000,21,1362,1066,495,29,0,153
INS,5181,51810000,12,1203,1548,994,4,11,201
INS,5182,51820000,0,1066,1935,1548,471,22,208
INS,5183,51830000,0,927,2266,1996,979,30,101
INS,5184,51840000,0,746,2458,2386,1411,1,154
INS,5185,51850000,50,525,2573,2637,1751,0,193
INS,5186,51860000,0,253,2581,2745,1984,0,237
INS,5187,51870000,4,0,2435,2827,2174,6,137
INS,5188,51880000,0,19,2247,2707,2192,528,145
INS,5189,51890000,0,40,1956,2468,2161,1049,143
INS,5190,51900000,26,6,1532,2111,1911,1454,38
INS,5191,51910000,5,0,1037,1753,1664,1727,225
INS,5192,51920000,0,0,567,1236,1281,1796,216
INS,5193,51930000,16,0,26,674,857,1725,187
INS,5194,51940000,0,0,41,120,373,1524,244
INS,5195,51950000,0,0,0,5,0,1103,79
INS,5196,51960000,30,10,0,27,2,674,243
INS,5197,51970000,35,3,0,0,0,132,199
INS,5198,51980000,0,31,0,2,0,0,79
INS,5199,51990000,4,15,25,29,4,0,140
INS,5200,52000000,18,0,0,3,0,0,101
INS,5201,52010000,4,36,23,0,4,13,177
INS,5202,52020000,45,31,17,0,0,11,218
INS,5203,52030000,9,40,0,0,0,12,192
INS,5204,52040000,0,0,0,3,18,0,169
INS,5205,52050000,19,2,0,11,0,0,197
INS,5206,52060000,0,0,0,1,7,41,231
INS,5207,52070000,19,0,11,24,0,0,253
INS,5208,52080000,15,0,0,4,25,1,5
INS,5209,52090000,0,0,0,0,0,4,237
INS,5210,52100000,18,34,0,0,0,0,46
INS,5211,52110000,0,0,0,3,2,17,33
INS,5212,52120000,0,0,0,19,0,11,58
INS,5213,52130000,0,0,27,24,33,22,151
INS,5214,52140000,8,0,0,0,0,0,70
INS,5215,52150000,0,0,0,2,0,0,81
INS,5216,52160000,0,35,40,30,40,22,7
INS,5217,52170000,23,0,0,0,1,17,154
INS,5218,52180000,26,15,0,0,49,54,18
INS,5219,52190000,6,0,20,13,21,0,207
INS,5220,52200000,6,0,0,51,12,0,233
INS,5221,52210000,570,0,0,0,6,9,254
INS,5222,52220000,1131,16,0,30,24,9,128
INS,5223,52230000,1599,33,29,21,30,14,149
INS,5224,52240000,2041,67,0,0,0,9,45
INS,5225,52250000,2419,52,0,0,51,0,211
INS,5226,52260000,2705,3,0,0,24,58,240
INS,5227,52270000,3012,0,0,19,53,0,39
INS,5228,52280000,3176,29,0,28,0,46,251
INS,5229,52290000,3149,0,8,0,0,20,166
INS,5230,52300000,3154,305,0,0,0,12,221
INS,5231,52310000,3004,534,0,17,37,24,127
INS,5232,52320000,2755,673,28,0,9,2,251
INS,5233,52330000,2446,934,0,0,15,0,196
INS,5234,52340000,2066,1026,0,0,33,0,199
INS,5235,52350000,1604,1205,0,13,0,6,175
INS,5236,52360000,1128,1289,6,0,9,0,52
INS,5237,52370000,567,1387,0,14,0,12,129
INS,5238,52380000,0,1402,2,6,27,0,115
INS,5239,52390000,0,1412,543,0,23,0,161
INS,5240,52400000,7,1289,1066,397,0,29,220
INS,5241,52410000,0,1196,1547,1053,14,19,254
INS,5242,52420000,0,1135,1967,1597,432,0,37
INS,5243,52430000,0,882,2291,1995,989,8,64
INS,5244,52440000,0,718,2497,2338,1373,0,74
INS,5245,52450000,0,470,2630,2678,1741,0,172
INS,5246,52460000,13,208,2562,2756,2006,0,215
INS,5247,52470000,0,0,2464,2790,2151,0,92
INS,5248,52480000,0,26,2289,2694,2238,527,222
INS,5249,52490000,47,8,1938,2463,2122,1082,125
INS,5250,52500000,14,10,1496,2125,1962,1448,49
INS,5251,52510000,37,8,1062,1730,1718,1684,18
INS,5252,52520000,4,0,482,1232,1275,1809,134
INS,5253,52530000,17,0,15,625,863,1703,108
INS,5254,52540000,0,13,11,102,355,1535,198
INS,5255,52550000,1,2,0,35,17,1158,180
INS,5256,52560000,11,18,0,7,0,714,246
INS,5257,52570000,0,0,0,0,20,67,112
INS,5258,52580000,0,49,35,0,19,22,167
INS,5259,52590000,0,59,0,0,24,0,142
INS,5260,52600000,35,2,0,0,2,9,124
INS,5261,52610000,2,17,0,0,8,0,120
INS,5262,52620000,0,0,0,32,0,0,142
INS,5263,52630000,15,0,37,15,0,15,209
INS,5264,52640000,43,22,0,0,0,0,209
INS,5265,52650000,22,26,0,0,0,0,209
INS,5266,52660000,0,0,0,0,27,0,205
INS,5267,52670000,0,52,0,11,3,37,42
INS,5268,52680000,0,24,0,13,20,6,19
INS,5269,52690000,22,34,0,24,2,0,55
INS,5270,52700000,0,5,0,16,0,0,11
INS,5271,52710000,0,0,0,36,0,1,44
INS,5272,52720000,0,0,46,0,28,0,98
INS,5273,52730000,0,35,0,0,14,0,90
INS,5274,52740000,0,0,0,0,0,1,59
INS,5275,52750000,0,0,3,0,44,25,147
INS,5276,52760000,34,0,2,39,16,24,207
INS,5277,52770000,13,0,0,0,6,0,128
INS,5278,52780000,25,3,36,0,0,32,222
INS,5279,52790000,2,0,0,0,0,0,145
INS,5280,52800000,4,33,15,0,3,0,215
INS,5281,52810000,572,0,32,0,4,0,17
INS,5282,52820000,1096,0,21,16,0,27,74
INS,5283,52830000,1568,0,1,0,0,0,244
INS,5284,52840000,2046,0,0,0,35,8,13
INS,5285,52850000,2453,0,0,0,17,4,159
INS,5286,52860000,2748,11,7,0,0,0,212
INS,5287,52870000,2994,13,3,0,0,0,217
INS,5288,52880000,3117,20,0,0,0,0,105
INS,5289,52890000,3240,0,0,35,0,0,4
INS,5290,52900000,3134,189,11,0,0,0,80
INS,5291,52910000,3029,437,1,23,20,0,17
INS,5292,52920000,2729,723,0,0,0,0,232
INS,5293,52930000,2433,919,14,0,25,4,192
INS,5294,52940000,2107,1100,0,20,66,0,107
INS,5295,52950000,1552,1261,0,19,0,29,204
INS,5296,52960000,1049,1362,31,22,22,2,104
INS,5297,52970000,581,1365,0,0,0,17,108
INS,5298,52980000,1,1365,0,0,5,36,81
INS,5299,52990000,38,1383,516,41,21,0,178
INS,5300,53000000,0,1317,1070,462,0,21,42
INS,5301,53010000,15,1235,1491,995,15,79,251
INS,5302,53020000,0,1029,1892,1606,518,0,203
INS,5303,53030000,0,908,2252,1948,992,20,15
INS,5304,53040000,16,728,2465,2375,1379,15,122
INS,5305,53050000,36,516,2632,2666,1677,1,177
INS,5306,53060000,0,248,2561,2789,2016,0,24
INS,5307,53070000,0,0,2481,2773,2160,44,141
INS,5308,53080000,18,27,2246,2725,2192,528,180
INS,5309,53090000,0,27,1950,2414,2161,1043,56
INS,5310,53100000,0,0,1499,2188,1983,1424,84
INS,5311,53110000,7,16,1036,1692,1693,1694,169
INS,5312,53120000,0,0,552,1216,1289,1798,183
INS,5313,53130000,0,5,23,704,898,1754,9
INS,5314,53140000,0,28,0,120,373,1469,168
INS,5315,53150000,0,41,37,0,0,1103,144
INS,5316,53160000,0,30,8,0,0,668,198
INS,5317,53170000,0,0,0,44,24,109,198
INS,5318,53180000,12,0,0,0,15,20,85
INS,5319,53190000,0,19,0,0,0,0,74
INS,5320,53200000,21,0,1,0,3,0,97
INS,5321,53210000,0,15,28,13,39,0,184
INS,5322,53220000,0,26,0,0,0,0,132
INS,5323,53230000,20,19,0,0,33,0,195
INS,5324,53240000,29,18,10,0,0,0,197
INS,5325,53250000,0,62,0,0,0,2,221
INS,5326,53260000,0,0,0,0,6,0,180
INS,5327,53270000,0,0,2,28,0,0,221
INS,5328,53280000,12,0,5,9,6,4,244
INS,5329,53290000,13,0,0,0,0,71,53
INS,5330,53300000,0,0,42,0,0,0,28
INS,5331,53310000,0,19,6,3,43,0,74
INS,5332,53320000,11,24,24,0,0,30,109
INS,5333,53330000,39,0,0,0,0,28,104
INS,5334,53340000,13,0,0,11,19,3,100
INS,5335,53350000,0,0,0,0,0,26,97
INS,5336,53360000,0,15,0,20,0,10,133
INS,5337,53370000,0,0,0,0,15,0,120
INS,5338,53380000,1,27,33,33,30,0,246
INS,5339,53390000,0,28,0,0,0,35,202
INS,5340,53400000,6,0,16,4,0,17,199
INS,5341,53410000,609,0,0,0,7,42,63
INS,5342,53420000,1097,0,4,0,56,10,77
INS,5343,53430000,1609,0,0,0,0,0,24
INS,5344,53440000,2108,0,0,0,0,37,65
INS,5345,53450000,2457,18,0,0,0,0,156
INS,5346,53460000,2759,47,0,20,0,34,46
INS,5347,53470000,3005,28,2,18,0,0,0
INS,5348,53480000,3141,26,0,0,0,14,145
INS,5349,53490000,3186,0,0,21,18,0,206
INS,5350,53500000,3200,236,80,0,0,0,2
INS,5351,53510000,3053,495,0,0,0,73,124
INS,5352,53520000,2822,695,16,0,45,0,98
INS,5353,53530000,2482,869,0,0,32,0,176
INS,5354,53540000,2032,1042,0,11,0,0,151
INS,5355,53550000,1591,1211,0,20,0,0,161
INS,5356,53560000,1076,1345,0,0,5,0,38
INS,5357,53570000,532,1358,0,41,0,17,89
INS,5358,53580000,36,1408,0,0,19,3,136
INS,5359,53590000,21,1389,533,25,0,6,149
INS,5360,53600000,0,1347,1066,477,0,0,58
INS,5361,53610000,0,1181,1569,1010,0,0,177
INS,5362,53620000,0,1048,1966,1547,481,0,196
INS,5363,53630000,3,900,2231,2009,950,0,240
INS,5364,53640000,10,696,2473,2368,1424,22,133
INS,5365,53650000,21,475,2574,2620,1782,15,132
INS,5366,53660000,0,274,2572,2784,2006,0,42
INS,5367,53670000,0,29,2498,2780,2119,0,105
INS,5368,53680000,0,40,2210,2724,2219,510,143
INS,5369,53690000,6,0,1939,2462,2119,1058,41
INS,5370,53700000,14,0,1509,2149,1970,1423,51
INS,5371,53710000,0,0,1094,1746,1658,1683,208
INS,5372,53720000,10,2,572,1228,1316,1797,249
INS,5373,53730000,0,49,0,694,853,1705,178
INS,5374,53740000,6,0,0,135,405,1476,196
INS,5375,53750000,0,0,0,20,18,1149,146
INS,5376,53760000,17,0,28,8,1,651,193
INS,5377,53770000,0,28,6,9,88,91,239
INS,5378,53780000,2,39,18,0,0,26,119
INS,5379,53790000,29,14,10,40,43,0,187
INS,5380,53800000,27,0,51,10,0,4,160
INS,5381,53810000,0,27,0,0,0,0,112
INS,5382,53820000,3,20,0,20,0,0,145
INS,5383,53830000,25,25,0,0,12,31,212
INS,5384,53840000,44,41,0,0,44,0,9
INS,5385,53850000,41,40,0,0,0,10,244
INS,5386,53860000,34,49,25,70,0,0,92
INS,5387,53870000,0,0,0,36,0,22,245
INS,5388,53880000,0,27,19,32,30,0,56
INS,5389,53890000,0,0,0,0,27,9,1
INS,5390,53900000,0,15,24,0,0,0,21
INS,5391,53910000,0,8,3,27,6,11,54
INS,5392,53920000,0,0,48,0,0,49,113
INS,5393,53930000,14,9,29,15,0,0,100
INS,5394,53940000,0,0,22,0,3,11,86
INS,5395,53950000,9,0,15,0,0,0,91
INS,5396,53960000,0,32,0,0,0,0,116
INS,5397,53970000,0,0,12,50,6,0,169
INS,5398,53980000,38,0,0,0,30,0,186
INS,5399,53990000,0,0,22,0,0,24,181
INS,5400,54000000,0,7,0,4,3,34,200
INS,5401,54010000,538,24,0,0,31,0,250
INS,5402,54020000,1094,0,0,0,0,0,0
INS,5403,54030000,1587,0,0,0,0,0,254
INS,5404,54040000,2035,0,0,41,0,9,1
INS,5405,54050000,2486,9,0,14,13,0,199
INS,5406,54060000,2780,0,3,4,57,0,26
INS,5407,54070000,3020,32,0,0,15,23,33
INS,5408,54080000,3156,0,0,17,30,0,163
INS,5409,54090000,3167,55,0,5,9,18,231
INS,5410,54100000,3141,261,0,30,38,25,233
INS,5411,54110000,2991,481,0,33,0,10,14
INS,5412,54120000,2771,735,15,0,6,18,61
INS,5413,54130000,2471,911,0,26,0,0,197
INS,5414,54140000,2056,1060,16,0,23,0,217
INS,5415,54150000,1641,1270,10,17,0,0,17
INS,5416,54160000,1085,1311,0,21,0,14,39
INS,5417,54170000,550,1353,14,51,0,0,105
INS,5418,54180000,0,1396,11,0,0,11,84
INS,5419,54190000,0,1378,545,17,0,16,127
INS,5420,54200000,0,1277,1056,464,0,0,217
INS,5421,54210000,0,1235,1532,991,0,0,171
INS,5422,54220000,0,1070,1928,1508,432,0,88
INS,5423,54230000,0,844,2240,1995,918,0,140
INS,5424,54240000,6,689,2445,2358,1387,10,31
INS,5425,54250000,0,455,2610,2601,1726,0,33
INS,5426,54260000,21,212,2559,2801,1984,4,239
INS,5427,54270000,0,22,2489,2815,2180,0,181
INS,5428,54280000,0,13,2240,2722,2224,585,220
INS,5429,54290000,25,0,1941,2445,2098,989,207
INS,5430,54300000,31,0,1523,2159,1954,1406,55
INS,5431,54310000,2,5,1019,1714,1673,1725,161
INS,5432,54320000,0,0,543,1248,1318,1780,209
INS,5433,54330000,21,47,0,708,906,1729,28
INS,5434,54340000,0,11,26,104,390,1513,214
INS,5435,54350000,12,0,0,14,0,1115,96
INS,5436,54360000,50,0,31,29,15,649,2
INS,5437,54370000,0,0,12,53,0,95,173
INS,5438,54380000,0,22,0,6,21,0,79
INS,5439,54390000,19,21,0,1,20,0,108
INS,5440,54400000,0,0,0,39,50,0,153
INS,5441,54410000,39,0,0,0,0,15,135
INS,5442,54420000,0,0,13,14,0,0,125
INS,5443,54430000,0,0,32,5,0,0,152
INS,5444,54440000,0,0,28,0,22,21,203
INS,5445,54450000,0,58,27,0,0,50,28
INS,5446,54460000,0,0,47,8,0,0,221
INS,5447,54470000,4,0,0,7,12,0,206
INS,5448,54480000,0,17,19,0,35,0,15
INS,5449,54490000,0,14,0,26,0,0,1
INS,5450,54500000,3,0,34,0,33,39,87
INS,5451,54510000,0,0,0,0,0,0,251
INS,5452,54520000,23,0,0,0,2,0,37
INS,5453,54530000,10,0,0,0,15,0,54
INS,5454,54540000,0,50,9,0,0,0,105
INS,5455,54550000,0,3,0,0,9,1,76
INS,5456,54560000,13,0,44,11,0,9,157
INS,5457,54570000,0,0,0,18,0,3,118
INS,5458,54580000,19,0,42,37,0,0,212
INS,5459,54590000,0,0,0,49,0,0,180
INS,5460,54600000,12,7,0,21,20,9,217
INS,5461,54610000,537,5,0,0,37,0,232
INS,5462,54620000,1074,17,16,0,0,8,17
INS,5463,54630000,1586,48,0,11,0,0,52
INS,5464,54640000,2048,0,12,8,12,18,10
INS,5465,54650000,2449,0,34,0,0,0,156
INS,5466,54660000,2792,41,0,25,3,25,64
INS,5467,54670000,3013,22,22,0,13,0,9
INS,5468,54680000,3160,9,0,0,0,0,125
INS,5469,54690000,3167,55,6,0,0,11,212
INS,5470,54700000,3156,228,21,0,51,0,190
INS,5471,54710000,3004,491,16,0,20,49,75
INS,5472,54720000,2802,662,0,65,21,23,85
INS,5473,54730000,2424,898,0,17,0,0,124
INS,5474,54740000,2061,1095,43,0,2,26,29
INS,5475,54750000,1603,1192,0,13,2,20,161
INS,5476,54760000,1097,1296,37,0,54,33,121
INS,5477,54770000,572,1383,3,0,9,0,100
INS,5478,54780000,1,1407,16,0,0,0,86
INS,5479,54790000,0,1401,516,0,0,11,95
INS,5480,54800000,0,1309,1067,454,0,0,246
INS,5481,54810000,0,1222,1499,1044,17,0,191
INS,5482,54820000,0,1045,1972,1588,497,21,13
INS,5483,54830000,48,877,2285,2018,971,0,82
INS,5484,54840000,0,713,2483,2353,1400,0,81
INS,5485,54850000,53,487,2590,2586,1695,15,63
INS,5486,54860000,0,248,2621,2732,2014,0,13
INS,5487,54870000,15,0,2518,2847,2171,0,222
INS,5488,54880000,0,0,2255,2711,2210,574,182
INS,5489,54890000,16,0,1942,2424,2103,1059,249
INS,5490,54900000,0,7,1557,2142,1966,1457,107
INS,5491,54910000,0,11,1030,1701,1745,1664,170
INS,5492,54920000,17,0,572,1256,1297,1768,226
INS,5493,54930000,0,0,0,732,881,1761,243
INS,5494,54940000,0,18,0,90,362,1499,135
INS,5495,54950000,51,1,7,0,24,1109,143
INS,5496,54960000,31,10,0,0,0,688,209
INS,5497,54970000,3,22,0,42,7,55,138
INS,5498,54980000,0,0,3,0,32,0,61
INS,5499,54990000,43,34,0,0,0,0,120
INS,5500,55000000,0,0,0,26,5,0,91
INS,5501,55010000,0,0,0,0,0,0,77
INS,5502,55020000,39,32,64,3,0,46,22
INS,5503,55030000,0,0,31,0,20,26,188
INS,5504,55040000,0,0,34,0,0,0,162
INS,5505,55050000,6,0,0,0,0,0,151
INS,5506,55060000,12,0,12,0,0,0,186
INS,5507,55070000,3,0,0,0,0,13,195
INS,5508,55080000,4,0,16,12,0,1,229
INS,5509,55090000,23,0,51,28,10,18,87
INS,5510,55100000,0,0,13,12,0,0,255
INS,5511,55110000,0,0,0,7,0,14,12
INS,5512,55120000,29,0,3,1,0,0,41
INS,5513,55130000,0,38,0,0,11,7,81
INS,5514,55140000,0,0,0,3,15,0,60
INS,5515,55150000,17,0,0,20,1,40,137
INS,5516,55160000,22,33,0,24,0,21,176
INS,5517,55170000,0,16,0,41,21,0,171
INS,5518,55180000,21,0,0,0,0,49,180
INS,5519,55190000,28,0,20,0,0,3,178
INS,5520,55200000,23,0,38,0,12,11,228
INS,5521,55210000,593,14,0,35,0,0,35
INS,5522,55220000,1110,0,0,0,0,5,13
INS,5523,55230000,1609,52,23,0,20,0,107
INS,5524,55240000,2053,0,44,0,6,10,21
INS,5525,55250000,2439,0,16,0,0,0,124
INS,5526,55260000,2760,0,37,0,0,0,227
INS,5527,55270000,2972,0,36,11,3,1,214
INS,5528,55280000,3199,0,0,0,0,13,164
INS,5529,55290000,3227,0,0,36,14,0,246
INS,5530,55300000,3177,236,0,12,0,0,155
INS,5531,55310000,3003,399,0,21,19,6,195
INS,5532,55320000,2740,672,34,0,0,0,210
INS,5533,55330000,2457,882,0,0,33,0,153
INS,5534,55340000,2077,1027,0,0,11,0,169
INS,5535,55350000,1615,1182,2,0,26,17,169
INS,5536,55360000,1129,1284,38,26,45,0,122
INS,5537,55370000,525,1397,0,0,0,0,51
INS,5538,55380000,18,1385,0,0,0,0,61
INS,5539,55390000,0,1378,561,6,0,26,134
INS,5540,55400000,1,1344,1041,477,49,46,114
INS,5541,55410000,0,1228,1530,1030,0,0,193
INS,5542,55420000,0,1056,1938,1596,516,16,8
INS,5543,55430000,0,943,2280,1948,934,0,240
INS,5544,55440000,30,730,2479,2334,1400,2,103
INS,5545,55450000,0,505,2571,2590,1752,20,71
INS,5546,55460000,0,250,2611,2771,2000,44,70
INS,5547,55470000,0,0,2466,2785,2140,44,102
INS,5548,55480000,9,0,2227,2680,2210,535,89
INS,5549,55490000,17,10,1955,2475,2097,1040,39
INS,5550,55500000,25,10,1531,2149,1944,1444,77
INS,5551,55510000,0,0,1042,1724,1639,1697,117
INS,5552,55520000,0,0,538,1207,1304,1827,188
INS,5553,55530000,4,1,6,731,847,1756,210
INS,5554,55540000,7,0,0,151,383,1530,233
INS,5555,55550000,0,12,12,0,17,1105,93
INS,5556,55560000,0,23,18,0,17,674,208
INS,5557,55570000,0,10,0,16,17,118,166
INS,5558,55580000,8,0,2,26,18,0,76
INS,5559,55590000,0,41,18,19,0,0,117
INS,5560,55600000,0,0,4,0,14,0,74
INS,5561,55610000,0,0,0,0,4,23,100
INS,5562,55620000,6,0,0,0,16,17,129
INS,5563,55630000,13,0,2,0,0,0,122
INS,5564,55640000,0,0,3,0,0,0,127
INS,5565,55650000,22,0,0,17,10,8,198
INS,5566,55660000,0,19,0,0,38,27,242
INS,5567,55670000,83,0,0,26,22,0,50
INS,5568,55680000,22,0,25,19,19,0,21
INS,5569,55690000,0,18,0,0,0,7,234
INS,5570,55700000,0,14,8,0,0,0,248
INS,5571,55710000,0,0,2,5,0,0,250
INS,5572,55720000,18,0,0,30,3,0,55
INS,5573,55730000,20,26,0,0,0,0,67
INS,5574,55740000,0,1,30,6,6,0,81
INS,5575,55750000,0,35,27,27,4,0,148
INS,5576,55760000,17,6,0,0,0,0,95
INS,5577,55770000,0,0,0,0,0,23,112
INS,5578,55780000,1,31,3,1,50,19,211
INS,5579,55790000,5,0,0,0,35,0,163
INS,5580,55800000,0,2,0,15,35,0,192
INS,5581,55810000,541,20,0,0,4,1,211
INS,5582,55820000,1121,0,49,27,0,19,110
INS,5583,55830000,1569,5,11,42,8,0,34
INS,5584,55840000,2056,0,0,0,0,0,216
INS,5585,55850000,2438,0,12,37,0,10,162
INS,5586,55860000,2803,33,0,0,0,0,6
INS,5587,55870000,3050,0,0,0,14,1,252
INS,5588,55880000,3127,15,0,2,0,0,92
INS,5589,55890000,3148,11,16,2,0,0,142
INS,5590,55900000,3128,241,40,14,17,24,190
INS,5591,55910000,3051,472,0,0,20,0,30
INS,5592,55920000,2769,692,0,1,23,45,34
INS,5593,55930000,2454,926,0,0,0,38,195
INS,5594,55940000,2092,1076,51,34,54,15,116
INS,5595,55950000,1580,1225,0,38,0,22,188
INS,5596,55960000,1081,1333,0,23,0,7,40
INS,5597,55970000,497,1377,0,0,40,11,50
INS,5598,55980000,42,1408,0,0,4,26,134
INS,5599,55990000,23,1388,546,52,5,19,192
INS,5600,56000000,0,1288,1049,444,2,37,228
INS,5601,56010000,0,1204,1552,992,0,3,152
INS,5602,56020000,22,1024,1928,1551,484,0,147
INS,5603,56030000,0,904,2222,1995,962,3,217
INS,5604,56040000,11,781,2495,2317,1359,0,87
INS,5605,56050000,3,509,2588,2567,1716,0,12
INS,5606,56060000,0,238,2574,2758,1998,0,214
INS,5607,56070000,15,9,2467,2838,2127,0,119
INS,5608,56080000,0,24,2269,2717,2220,546,200
INS,5609,56090000,5,8,1921,2476,2136,1063,50
INS,5610,56100000,0,0,1519,2216,2006,1437,148
INS,5611,56110000,17,10,1056,1714,1675,1652,135
INS,5612,56120000,0,7,520,1225,1275,1816,151
INS,5613,56130000,11,43,0,730,872,1729,246
INS,5614,56140000,0,0,19,76,419,1476,148
INS,5615,56150000,53,0,0,0,0,1159,155
INS,5616,56160000,7,28,0,0,0,636,143
INS,5617,56170000,47,5,10,26,0,114,203
INS,5618,56180000,0,0,43,0,0,0,61
INS,5619,56190000,0,16,43,12,41,0,147
INS,5620,56200000,24,0,15,40,9,29,169
INS,5621,56210000,4,0,6,0,16,0,95
INS,5622,56220000,0,35,0,8,26,0,155
INS,5623,56230000,0,0,48,0,0,11,162
INS,5624,56240000,0,0,0,7,1,0,128
INS,5625,56250000,11,34,21,21,54,0,22
INS,5626,56260000,0,0,18,0,24,14,210
INS,5627,56270000,12,0,42,0,0,0,225
INS,5628,56280000,26,0,19,0,12,10,255
INS,5629,56290000,0,28,4,0,14,0,251
INS,5630,56300000,1,6,0,0,15,31,19
INS,5631,56310000,6,0,15,0,30,0,34
INS,5632,56320000,1,7,0,25,20,68,121
INS,5633,56330000,42,0,0,0,0,0,59
INS,5634,56340000,7,14,51,26,32,34,198
INS,5635,56350000,2,11,25,31,0,0,120
INS,5636,56360000,14,0,0,5,14,0,101
INS,5637,56370000,0,46,7,0,26,9,173
INS,5638,56380000,13,0,23,20,0,23,181
INS,5639,56390000,22,0,20,30,11,0,202
INS,5640,56400000,1,21,13,4,14,18,207
INS,5641,56410000,555,50,0,7,0,0,253
INS,5642,56420000,1105,0,0,0,0,0,251
INS,5643,56430000,1647,0,33,2,0,2,79
INS,5644,56440000,2054,0,43,9,0,2,8
INS,5645,56450000,2453,0,0,17,2,0,133
INS,5646,56460000,2757,0,0,32,0,14,225
INS,5647,56470000,3030,0,0,4,0,25,242
INS,5648,56480000,3147,0,0,10,7,0,108
INS,5649,56490000,3212,29,23,31,0,0,0
INS,5650,56500000,3186,234,6,0,3,8,159
INS,5651,56510000,3012,480,0,45,0,0,20
INS,5652,56520000,2797,704,1,0,0,31,33
INS,5653,56530000,2470,887,8,26,14,0,178
INS,5654,56540000,2016,1072,13,16,2,42,207
INS,5655,56550000,1614,1226,13,4,0,0,176
INS,5656,56560000,1066,1338,38,0,0,0,34
INS,5657,56570000,538,1420,0,0,0,0,79
INS,5658,56580000,21,1415,0,17,42,12,157
INS,5659,56590000,0,1382,485,0,0,0,22
INS,5660,56600000,16,1328,1099,509,26,19,145
INS,5661,56610000,0,1247,1532,1039,0,8,223
INS,5662,56620000,0,1056,1903,1610,506,0,209
INS,5663,56630000,0,861,2247,1956,998,0,189
INS,5664,56640000,0,697,2453,2383,1328,1,238
INS,5665,56650000,38,470,2600,2628,1719,0,80
INS,5666,56660000,57,248,2578,2767,1962,0,254
INS,5667,56670000,16,26,2418,2775,2179,0,73
INS,5668,56680000,0,0,2247,2715,2153,560,95
INS,5669,56690000,0,14,1957,2473,2116,1065,62
INS,5670,56700000,0,10,1532,2144,1998,1458,108
INS,5671,56710000,0,0,1096,1739,1674,1706,222
INS,5672,56720000,18,0,555,1255,1294,1820,246
INS,5673,56730000,24,0,0,612,825,1721,39
INS,5674,56740000,33,15,0,132,395,1523,252
INS,5675,56750000,0,24,0,0,15,1131,109
INS,5676,56760000,0,4,6,0,0,636,114
INS,5677,56770000,0,35,0,13,0,123,168
INS,5678,56780000,17,11,0,11,14,0,67
INS,5679,56790000,2,16,10,0,0,0,59
INS,5680,56800000,2,0,0,1,0,0,51
INS,5681,56810000,17,44,0,0,0,0,126
INS,5682,56820000,22,18,10,11,29,29,201
INS,5683,56830000,0,0,19,65,0,0,183
INS,5684,56840000,54,13,11,0,76,0,14
INS,5685,56850000,12,23,34,0,0,25,227
INS,5686,56860000,0,0,0,16,0,0,166
INS,5687,56870000,0,0,0,2,0,0,169
INS,5688,56880000,0,28,14,0,0,9,235
INS,5689,56890000,5,0,33,0,23,15,21
INS,5690,56900000,0,35,0,0,9,0,6
INS,5691,56910000,0,0,11,24,0,0,14
INS,5692,56920000,19,5,0,0,30,0,50
INS,5693,56930000,19,0,0,0,0,16,48
INS,5694,56940000,10,0,24,10,6,26,106
INS,5695,56950000,19,25,0,0,3,0,94
INS,5696,56960000,7,0,0,0,0,31,102
INS,5697,56970000,0,10,0,18,0,0,109
INS,5698,56980000,0,10,27,0,0,3,138
INS,5699,56990000,0,11,0,17,0,22,165
INS,5700,57000000,24,46,0,0,32,13,247
INS,5701,57010000,603,8,4,0,18,21,35
INS,5702,57020000,1137,0,1,0,0,0,24
INS,5703,57030000,1655,31,62,2,0,0,141
INS,5704,57040000,2022,9,39,22,35,0,23
INS,5705,57050000,2475,67,0,0,0,0,199
INS,5706,57060000,2785,2,2,0,10,41,2
INS,5707,57070000,3003,0,11,19,17,4,233
INS,5708,57080000,3186,0,0,5,0,75,206
INS,5709,57090000,3198,9,0,0,0,0,164
INS,5710,57100000,3124,190,0,8,0,0,40
INS,5711,57110000,2993,485,62,0,0,13,32
INS,5712,57120000,2753,680,13,0,0,0,198
INS,5713,57130000,2470,910,0,0,38,39,226
INS,5714,57140000,2076,1087,38,0,0,4,247
INS,5715,57150000,1595,1196,5,0,0,16,127
INS,5716,57160000,1119,1338,0,12,0,6,63
INS,5717,57170000,562,1404,5,11,11,15,125
INS,5718,57180000,0,1419,0,0,0,46,111
INS,5719,57190000,0,1369,500,0,0,0,20
INS,5720,57200000,0,1334,1074,533,2,0,87
INS,5721,57210000,0,1188,1552,1037,11,0,181
INS,5722,57220000,0,1063,1921,1520,498,27,159
INS,5723,57230000,0,907,2254,2009,924,40,1
INS,5724,57240000,0,677,2504,2346,1388,0,31
INS,5725,57250000,22,480,2598,2621,1735,9,86
INS,5726,57260000,0,270,2599,2768,1947,47,13
INS,5727,57270000,0,0,2457,2721,2158,7,254
INS,5728,57280000,27,10,2251,2670,2151,496,21
INS,5729,57290000,13,34,1929,2485,2103,1086,83
INS,5730,57300000,22,10,1557,2143,1972,1411,77
INS,5731,57310000,0,0,1054,1749,1636,1692,134
INS,5732,57320000,0,0,534,1202,1315,1793,144
INS,5733,57330000,0,22,13,715,869,1749,221
INS,5734,57340000,31,0,7,108,400,1489,185
INS,5735,57350000,0,0,27,0,0,1126,88
INS,5736,57360000,0,23,44,0,0,663,194
INS,5737,57370000,0,0,1,0,0,89,83
INS,5738,57380000,16,0,10,0,0,7,43
INS,5739,57390000,0,0,0,21,0,0,48
INS,5740,57400000,0,0,0,0,0,19,63
INS,5741,57410000,0,33,50,0,0,34,178
INS,5742,57420000,0,0,2,26,22,37,165
INS,5743,57430000,14,0,0,6,44,0,159
INS,5744,57440000,8,3,0,17,0,0,140
INS,5745,57450000,0,28,1,0,0,0,158
INS,5746,57460000,34,0,0,0,23,0,203
INS,5747,57470000,11,0,22,13,19,0,228
INS,5748,57480000,0,2,2,13,0,33,230
INS,5749,57490000,0,39,5,9,16,12,22
INS,5750,57500000,29,4,9,0,0,0,0
INS,5751,57510000,0,15,0,14,5,33,42
INS,5752,57520000,0,22,0,0,19,0,33
INS,5753,57530000,0,42,0,0,33,6,90
INS,5754,57540000,0,0,0,22,0,0,48
INS,5755,57550000,10,7,9,64,5,0,138
INS,5756,57560000,11,0,0,0,19,20,110
INS,5757,57570000,0,17,0,0,0,0,94
INS,5758,57580000,13,0,41,24,14,0,186
INS,5759,57590000,0,0,0,0,2,0,113
INS,5760,57600000,0,4,31,20,33,0,216
INS,5761,57610000,552,21,0,0,17,4,227
INS,5762,57620000,1110,6,0,0,0,0,254
INS,5763,57630000,1660,9,19,0,5,0,80
INS,5764,57640000,2052,14,0,0,0,11,225
INS,5765,57650000,2436,0,0,24,0,0,113
INS,5766,57660000,2737,0,0,3,0,2,156
INS,5767,57670000,2986,0,20,0,0,25,206
INS,5768,57680000,3144,0,4,20,0,0,104
INS,5769,57690000,3200,0,11,9,0,40,213
INS,5770,57700000,3119,266,12,0,14,1,126
INS,5771,57710000,3027,451,24,17,0,0,250
INS,5772,57720000,2750,712,0,0,0,10,220
INS,5773,57730000,2499,895,0,0,4,27,190
INS,5774,57740000,2090,1054,0,13,32,14,241
INS,5775,57750000,1575,1151,0,0,0,0,37
INS,5776,57760000,1120,1315,0,0,33,0,52
INS,5777,57770000,561,1378,29,0,0,0,81
INS,5778,57780000,3,1417,0,0,15,0,77
INS,5779,57790000,0,1331,560,8,11,0,57
INS,5780,57800000,0,1288,1031,450,14,0,179
INS,5781,57810000,12,1201,1553,1013,3,15,186
INS,5782,57820000,2,1040,1941,1502,500,1,112
INS,5783,57830000,0,925,2285,1986,967,12,38
INS,5784,57840000,20,661,2493,2292,1419,0,253
INS,5785,57850000,8,467,2593,2616,1750,8,59
INS,5786,57860000,9,252,2588,2778,1998,16,19
INS,5787,57870000,16,0,2479,2809,2159,0,114
INS,5788,57880000,0,16,2276,2695,2165,505,69
INS,5789,57890000,0,0,1919,2477,2147,1053,25
INS,5790,57900000,0,0,1579,2163,1952,1426,78
INS,5791,57910000,10,0,1068,1732,1676,1708,193
INS,5792,57920000,8,20,579,1303,1352,1879,181
INS,5793,57930000,3,38,21,689,875,1720,195
INS,5794,57940000,8,0,0,71,390,1492,107
INS,5795,57950000,45,26,0,0,0,1157,159
INS,5796,57960000,0,0,11,17,6,663,157
INS,5797,57970000,28,21,26,0,0,136,200
INS,5798,57980000,13,0,0,0,22,1,42
INS,5799,57990000,0,0,11,0,0,0,34
INS,5800,58000000,0,3,42,13,29,0,127
INS,5801,58010000,0,3,0,0,26,0,86
INS,5802,58020000,66,6,8,9,3,54,220
INS,5803,58030000,11,0,17,0,0,0,119
INS,5804,58040000,49,48,0,0,0,0,205
INS,5805,58050000,0,14,0,0,20,0,159
INS,5806,58060000,0,0,0,0,0,0,142
INS,5807,58070000,42,0,0,0,11,21,233
INS,5808,58080000,1,29,31,29,0,0,10
INS,5809,58090000,11,15,2,0,26,0,247
INS,5810,58100000,35,38,0,17,0,2,46
INS,5811,58110000,0,7,24,0,19,0,21
INS,5812,58120000,23,0,6,0,0,0,17
INS,5813,58130000,0,1,25,0,26,0,57
INS,5814,58140000,14,1,0,37,0,5,79
INS,5815,58150000,0,16,0,0,57,0,112
INS,5816,58160000,17,0,15,35,22,0,145
INS,5817,58170000,0,0,28,24,0,21,146
INS,5818,58180000,0,4,13,0,0,40,147
INS,5819,58190000,0,0,5,1,21,0,134
INS,5820,58200000,0,29,51,4,45,14,11
INS,5821,58210000,499,40,10,0,0,10,188
INS,5822,58220000,1102,8,0,13,12,0,13
INS,5823,58230000,1610,0,0,17,0,0,10
INS,5824,58240000,2077,15,0,0,28,0,8
INS,5825,58250000,2408,0,25,0,0,43,125
INS,5826,58260000,2819,1,0,0,0,14,244
INS,5827,58270000,3038,0,0,0,48,15,16
INS,5828,58280000,3185,26,6,0,0,23,172
INS,5829,58290000,3253,0,0,11,6,0,219
INS,5830,58300000,3142,258,0,14,2,0,126
INS,5831,58310000,2984,472,6,52,0,0,241
INS,5832,58320000,2765,682,17,7,20,31,10
INS,5833,58330000,2482,906,0,0,10,2,161
INS,5834,58340000,2025,1088,3,0,5,51,206
INS,5835,58350000,1611,1228,25,4,0,0,175
INS,5836,58360000,1075,1307,0,4,0,0,222
INS,5837,58370000,590,1371,0,13,0,27,110
INS,5838,58380000,3,1373,0,0,0,58,72
INS,5839,58390000,0,1339,534,0,19,16,51
INS,5840,58400000,0,1298,1035,433,17,16,191
INS,5841,58410000,0,1239,1496,1016,0,0,136
INS,5842,58420000,27,1058,1926,1527,502,0,162
INS,5843,58430000,2,899,2290,2031,1012,0,93
INS,5844,58440000,0,677,2477,2321,1419,17,19
INS,5845,58450000,0,500,2617,2656,1733,17,136
INS,5846,58460000,40,241,2579,2792,1951,0,233
INS,5847,58470000,0,4,2496,2776,2137,0,60
INS,5848,58480000,0,7,2260,2644,2174,567,60
INS,5849,58490000,19,7,1937,2450,2120,1054,12
INS,5850,58500000,0,0,1518,2175,1976,1417,40
INS,5851,58510000,0,0,1067,1752,1656,1655,125
INS,5852,58520000,0,0,544,1240,1330,1780,186
INS,5853,58530000,0,3,0,718,876,1729,171
INS,5854,58540000,31,4,0,97,374,1547,195
INS,5855,58550000,14,13,34,42,0,1123,153
INS,5856,58560000,0,20,0,5,45,627,153
INS,5857,58570000,12,17,0,0,41,141,196
INS,5858,58580000,0,0,8,27,29,2,68
INS,5859,58590000,0,19,23,0,0,34,95
INS,5860,58600000,31,2,0,13,0,0,82
INS,5861,58610000,3,11,0,0,11,22,100
INS,5862,58620000,0,0,0,33,0,26,129
INS,5863,58630000,12,0,0,0,0,0,99
INS,5864,58640000,1,8,0,18,0,36,167
INS,5865,58650000,47,0,0,0,0,0,168
INS,5866,58660000,0,5,13,0,0,2,158
INS,5867,58670000,4,0,0,14,12,0,185
INS,5868,58680000,0,35,21,4,26,0,2
INS,5869,58690000,0,17,10,0,0,23,239
INS,5870,58700000,40,1,0,0,0,28,19
INS,5871,58710000,0,0,0,14,0,0,237
INS,5872,58720000,0,0,26,54,0,5,69
INS,5873,58730000,29,32,0,4,16,0,82
INS,5874,58740000,0,0,0,38,0,0,56
INS,5875,58750000,0,0,5,18,0,0,58
INS,5876,58760000,0,23,0,0,0,25,100
INS,5877,58770000,0,11,0,7,20,13,120
INS,5878,58780000,9,29,9,0,0,0,133
INS,5879,58790000,4,9,0,0,3,0,119
INS,5880,58800000,53,16,31,20,0,0,240
INS,5881,58810000,548,17,0,2,0,0,192
INS,5882,58820000,1093,7,0,10,0,0,240
INS,5883,58830000,1613,3,3,0,0,0,254
INS,5884,58840000,2054,5,16,25,26,0,10
INS,5885,58850000,2461,1,0,0,38,28,173
INS,5886,58860000,2792,0,0,0,0,12,210
INS,5887,58870000,2953,0,0,10,0,9,139
INS,5888,58880000,3140,15,3,0,11,0,97
INS,5889,58890000,3205,2,0,0,0,32,184
INS,5890,58900000,3092,206,0,0,19,0,23
INS,5891,58910000,2975,447,1,42,0,18,206
INS,5892,58920000,2817,689,0,0,0,0,246
INS,5893,58930000,2399,924,35,1,0,0,116
INS,5894,58940000,2082,1087,3,0,2,0,204
INS,5895,58950000,1605,1203,20,3,1,8,143
INS,5896,58960000,1059,1309,0,0,22,40,6
INS,5897,58970000,545,1384,13,0,28,14,89
INS,5898,58980000,3,1378,3,0,0,0,18
INS,5899,58990000,53,1408,528,0,0,13,141
INS,5900,59000000,12,1316,1085,471,0,28,44
INS,5901,59010000,16,1189,1477,1051,0,0,114
INS,5902,59020000,0,1015,1909,1551,459,0,52
INS,5903,59030000,0,907,2264,2047,1004,0,77
INS,5904,59040000,36,665,2476,2319,1370,0,226
INS,5905,59050000,0,418,2602,2614,1717,32,248
INS,5906,59060000,0,244,2602,2739,1989,10,210
INS,5907,59070000,0,0,2488,2811,2127,30,99
INS,5908,59080000,0,8,2276,2677,2243,554,162
INS,5909,59090000,0,65,1967,2509,2108,1051,121
INS,5910,59100000,0,1,1528,2160,1948,1467,54
INS,5911,59110000,10,0,1052,1755,1672,1718,198
INS,5912,59120000,0,5,568,1234,1252,1766,113
INS,5913,59130000,0,0,20,749,871,1733,214
INS,5914,59140000,0,0,8,166,443,1508,7
INS,5915,59150000,0,0,0,16,28,1137,104
INS,5916,59160000,1,0,14,39,0,615,121
INS,5917,59170000,7,9,77,0,0,125,199
INS,5918,59180000,0,8,28,0,0,0,34
INS,5919,59190000,7,0,0,0,0,16,38
INS,5920,59200000,0,4,8,11,0,0,55
INS,5921,59210000,26,12,0,0,23,0,110
INS,5922,59220000,39,0,0,38,14,0,157
INS,5923,59230000,16,13,0,25,22,0,159
INS,5924,59240000,0,0,12,0,0,12,124
INS,5925,59250000,33,13,0,0,1,26,190
INS,5926,59260000,26,31,0,3,0,20,214
INS,5927,59270000,13,2,0,0,28,0,194
INS,5928,59280000,0,4,0,0,0,53,225
INS,5929,59290000,0,6,0,19,44,38,36
INS,5930,59300000,1,0,55,0,0,0,2
INS,5931,59310000,1,0,34,6,0,0,4
INS,5932,59320000,0,0,0,27,0,29,36
INS,5933,59330000,0,42,17,0,0,19,75
INS,5934,59340000,32,0,0,0,0,0,46
INS,5935,59350000,0,36,0,4,2,0,73
INS,5936,59360000,0,19,10,2,14,0,93
INS,5937,59370000,0,33,0,51,0,0,149
INS,5938,59380000,24,6,28,8,0,13,161
INS,5939,59390000,20,0,0,37,0,0,156
INS,5940,59400000,23,33,0,16,45,0,233
INS,5941,59410000,533,0,0,0,0,0,154
INS,5942,59420000,1076,0,0,22,0,0,224
INS,5943,59430000,1616,0,0,0,16,24,31
INS,5944,59440000,2056,19,0,0,27,35,17
INS,5945,59450000,2442,0,0,10,0,25,118
INS,5946,59460000,2744,31,0,0,0,0,177
INS,5947,59470000,3000,32,0,0,42,24,5
INS,5948,59480000,3150,30,16,58,0,0,178
INS,5949,59490000,3193,0,0,0,3,0,137
INS,5950,59500000,3190,259,25,0,0,0,176
INS,5951,59510000,3001,464,0,27,17,24,252
INS,5952,59520000,2737,719,62,15,0,15,28
INS,5953,59530000,2458,914,0,0,0,0,125
INS,5954,59540000,2048,1090,30,0,3,24,221
INS,5955,59550000,1614,1163,38,3,7,51,175
INS,5956,59560000,1106,1316,0,19,0,3,16
INS,5957,59570000,590,1398,0,14,0,0,103
INS,5958,59580000,36,1387,0,0,60,0,113
INS,5959,59590000,0,1328,560,0,6,25,54
INS,5960,59600000,0,1332,1095,490,30,0,75
INS,5961,59610000,0,1231,1551,1076,0,65,44
INS,5962,59620000,0,1063,1939,1586,504,0,206
INS,5963,59630000,0,890,2257,2043,932,21,250
INS,5964,59640000,0,679,2459,2361,1412,0,11
INS,5965,59650000,0,503,2585,2638,1751,0,82
INS,5966,59660000,41,213,2561,2773,2009,0,219
INS,5967,59670000,0,14,2460,2814,2165,0,92
INS,5968,59680000,28,0,2271,2694,2245,520,158
INS,5969,59690000,28,25,1923,2468,2129,1080,70
INS,5970,59700000,40,0,1548,2178,1981,1479,172
INS,5971,59710000,14,0,1056,1755,1735,1712,3
INS,5972,59720000,4,7,574,1290,1310,1764,233
INS,5973,59730000,17,0,4,699,840,1726,123
INS,5974,59740000,38,0,0,142,403,1470,187
INS,5975,59750000,24,0,0,0,9,1108,60
INS,5976,59760000,43,0,0,0,44,672,207
INS,5977,59770000,12,0,0,21,0,103,113
INS,5978,59780000,0,0,24,0,0,0,18
INS,5979,59790000,10,0,34,0,17,0,72
INS,5980,59800000,2,0,0,4,0,2,36
INS,5981,59810000,0,10,50,12,0,0,117
INS,5982,59820000,0,0,0,19,22,9,112
INS,5983,59830000,39,0,4,0,16,0,138
INS,5984,59840000,0,0,21,0,6,23,146
INS,5985,59850000,0,5,32,45,33,69,41
INS,5986,59860000,4,12,27,8,0,0,181
INS,5987,59870000,1,0,0,0,12,10,170
INS,5988,59880000,0,0,0,11,0,5,180
INS,5989,59890000,9,0,0,0,23,0,213
INS,5990,59900000,8,25,0,0,4,9,244
INS,5991,59910000,0,0,0,0,0,0,215
INS,5992,59920000,0,23,35,0,0,8,42
INS,5993,59930000,0,4,41,5,11,0,54
INS,5994,59940000,11,23,19,37,0,0,100
INS,5995,59950000,0,0,0,0,10,0,37
INS,5996,59960000,30,26,24,11,54,0,189
INS,5997,59970000,0,29,0,15,0,0,105
INS,5998,59980000,14,0,25,39,11,0,167
INS,5999,59990000,0,0,23,0,0,10,128
