INS,0,0,1854,949,1249,1288,1010,410,104
INS,1,10000,1804,882,1240,1318,1028,430,63
INS,2,20000,1804,907,1164,1265,1027,421,222
INS,3,30000,1781,903,1184,1318,1006,369,212
INS,4,40000,1803,898,1202,1313,994,381,3
INS,5,50000,1774,909,1198,1275,1009,376,226
INS,6,60000,1756,908,1197,1292,1008,372,235
INS,7,70000,1776,880,1187,1280,1021,428,35
INS,8,80000,1839,925,1221,1371,998,414,248
INS,9,90000,1779,882,1220,1325,954,406,63
INS,10,100000,1822,920,1228,1342,1047,359,232
INS,11,110000,1810,948,1202,1331,1019,421,6
INS,12,120000,1796,889,1207,1249,1029,381,99
INS,13,130000,1790,861,1221,1319,969,386,111
INS,14,140000,1806,924,1182,1315,1008,375,192
INS,15,150000,1807,872,1219,1297,1030,404,228
INS,16,160000,1776,911,1181,1290,995,403,172
INS,17,170000,1832,888,1195,1279,979,422,228
INS,18,180000,1823,856,1193,1294,982,368,166
INS,19,190000,1792,879,1214,1329,1022,405,52
INS,20,200000,1788,927,1174,1281,1005,362,221
INS,21,210000,1803,947,1188,1306,978,412,79
INS,22,220000,1783,861,1213,1259,951,415,200
INS,23,230000,1792,874,1166,1278,968,423,236
INS,24,240000,1832,869,1191,1333,990,422,133
INS,25,250000,1784,959,1208,1275,1066,377,182
INS,26,260000,1773,973,1173,1283,1010,401,143
INS,27,270000,1810,922,1216,1313,1005,391,204
INS,28,280000,1803,886,1179,1321,1031,400,184
INS,29,290000,1817,870,1182,1280,989,407,126
INS,30,300000,1819,883,1225,1254,988,405,172
INS,31,310000,1787,893,1201,1303,987,450,236
INS,32,320000,1799,877,1217,1284,1013,372,194
INS,33,330000,1804,867,1258,1327,980,384,13
INS,34,340000,1856,892,1214,1296,988,412,68
INS,35,350000,1819,912,1221,1291,975,370,15
INS,36,360000,1830,875,1201,1273,989,466,78
INS,37,370000,1809,893,1172,1295,985,417,32
INS,38,380000,1830,936,1195,1294,1038,405,176
INS,39,390000,1806,884,1184,1305,979,388,41
INS,40,400000,1759,909,1185,1294,1024,376,59
INS,41,410000,1800,916,1170,1296,1005,425,141
INS,42,420000,1762,893,1166,1258,998,385,8
INS,43,430000,1791,899,1178,1239,981,387,38
INS,44,440000,1859,862,1177,1278,1000,437,193
INS,45,450000,1791,867,1210,1301,1004,391,161
INS,46,460000,1814,909,1150,1289,940,369,85
INS,47,470000,1790,923,1246,1292,1050,382,58
INS,48,480000,1800,910,1216,1329,980,422,49
INS,49,490000,1826,915,1193,1286,1030,422,81
INS,50,500000,1835,909,1218,1292,992,396,68
INS,51,510000,1804,866,1238,1328,983,415,77
INS,52,520000,1823,916,1233,1269,999,348,48
INS,53,530000,1809,925,1190,1371,1006,429,207
INS,54,540000,1788,906,1137,1322,1052,430,129
INS,55,550000,1804,894,1194,1376,975,400,154
INS,56,560000,1807,888,1180,1253,1005,407,68
INS,57,570000,1800,870,1180,1278,1025,399,97
INS,58,580000,1759,876,1161,1277,979,419,33
INS,59,590000,1801,924,1192,1287,971,447,201
INS,60,600000,1784,941,1197,1323,1005,345,191
INS,61,610000,1771,915,1215,1284,978,381,157
INS,62,620000,1799,880,1173,1268,964,394,108
INS,63,630000,1785,932,1223,1300,979,389,255
INS,64,640000,1776,865,1209,1324,1011,399,248
INS,65,650000,1828,892,1157,1317,965,400,240
INS,66,660000,1777,931,1178,1285,996,411,20
INS,67,670000,1787,841,1229,1276,1000,422,14
INS,68,680000,1806,896,1229,1300,1020,377,104
INS,69,690000,1843,876,1199,1277,968,386,42
INS,70,700000,1808,911,1200,1303,1030,352,114
INS,71,710000,1787,862,1225,1321,996,426,144
INS,72,720000,1805,866,1234,1306,983,410,148
INS,73,730000,1768,897,1184,1270,1013,423,116
INS,74,740000,1822,879,1179,1318,1047,418,241
INS,75,750000,1766,865,1197,1312,965,403,103
INS,76,760000,1809,898,1165,1305,987,417,193
INS,77,770000,1839,931,1212,1305,1029,391,80
INS,78,780000,1836,909,1192,1251,1011,435,24
INS,79,790000,1792,868,1194,1338,1028,412,39
INS,80,800000,1790,931,1225,1286,1040,402,98
INS,81,810000,1797,963,1135,1312,954,431,33
INS,82,820000,1764,918,1211,1315,990,428,84
INS,83,830000,1802,905,1202,1293,1023,414,114
INS,84,840000,1825,874,1169,1299,971,377,7
INS,85,850000,1813,937,1186,1346,1030,367,188
INS,86,860000,1782,905,1200,1260,1036,390,99
INS,87,870000,1831,855,1207,1281,978,399,94
INS,88,880000,1790,943,1199,1268,1033,423,216
INS,89,890000,1801,859,1201,1285,1053,350,126
INS,90,900000,1775,908,1206,1318,983,395,179
INS,91,910000,1800,857,1215,1290,989,398,160
INS,92,920000,1833,917,1240,1269,1004,439,74
INS,93,930000,1778,915,1235,1291,950,406,220
INS,94,940000,1774,910,1199,1291,965,388,189
INS,95,950000,1795,898,1240,1297,1015,411,79
INS,96,960000,1807,922,1235,1336,956,393,89
INS,97,970000,1845,906,1221,1290,965,339,23
INS,98,980000,1785,881,1186,1237,1005,376,200
INS,99,990000,1783,892,1224,1336,1013,424,163
INS,100,1000000,1810,872,1220,1270,989,377,46
INS,101,1010000,1749,904,1262,1310,1031,437,218
INS,102,1020000,1800,932,1176,1290,994,429,163
INS,103,1030000,1766,898,1188,1351,1007,431,200
INS,104,1040000,1815,861,1206,1275,955,389,77
INS,105,1050000,1782,935,1194,1290,996,371,161
INS,106,1060000,1828,867,1204,1283,981,393,166
INS,107,1070000,1823,908,1180,1302,998,375,213
INS,108,1080000,1796,902,1215,1256,993,367,173
INS,109,1090000,1821,924,1203,1292,983,420,48
INS,110,1100000,1796,909,1224,1279,999,425,54
INS,111,1110000,1799,923,1227,1308,1036,405,137
INS,112,1120000,1758,920,1198,1316,999,368,15
INS,113,1130000,1783,895,1202,1294,987,413,47
INS,114,1140000,1789,862,1183,1296,1068,393,81
INS,115,1150000,1826,934,1220,1282,1001,383,153
INS,116,1160000,1833,849,1163,1303,969,452,93
INS,117,1170000,1816,868,1208,1295,1005,397,130
INS,118,1180000,1779,881,1209,1316,983,415,141
INS,119,1190000,1846,902,1160,1290,1019,402,194
INS,120,1200000,1832,887,1196,1283,983,427,200
INS,121,1210000,1822,874,1203,1321,985,446,4
INS,122,1220000,1792,893,1206,1301,1025,395,238
INS,123,1230000,1802,928,1168,1316,954,370,181
INS,124,1240000,1781,875,1209,1315,1016,381,237
INS,125,1250000,1808,860,1156,1296,1016,388,201
INS,126,1260000,1838,906,1160,1278,984,429,33
INS,127,1270000,1793,892,1176,1294,1015,414,39
INS,128,1280000,1839,903,1192,1293,1014,411,124
INS,129,1290000,1805,885,1185,1296,992,385,37
INS,130,1300000,1817,862,1209,1322,1013,361,90
INS,131,1310000,1762,900,1182,1319,991,421,98
INS,132,1320000,1811,918,1204,1266,1002,384,125
INS,133,1330000,1799,926,1180,1275,1023,355,115
INS,134,1340000,1789,907,1160,1226,1001,438,95
INS,135,1350000,1828,937,1193,1288,998,396,231
INS,136,1360000,1850,882,1181,1301,984,393,199
INS,137,1370000,1775,942,1181,1314,1052,372,5
INS,138,1380000,1765,909,1221,1289,1000,419,245
INS,139,1390000,1784,920,1226,1302,1008,398,41
INS,140,1400000,1753,926,1215,1326,1004,382,26
INS,141,1410000,1776,911,1242,1301,1005,426,98
INS,142,1420000,1774,874,1146,1266,976,400,146
INS,143,1430000,1819,873,1162,1310,1032,394,61
INS,144,1440000,1793,928,1188,1307,1014,456,174
INS,145,1450000,1775,912,1202,1296,1035,340,65
INS,146,1460000,1801,921,1187,1327,986,432,176
INS,147,1470000,1770,907,1229,1315,1052,414,226
INS,148,1480000,1771,878,1199,1307,1029,425,165
INS,149,1490000,1812,878,1172,1308,1029,386,158
INS,150,1500000,1774,926,1192,1330,987,418,217
INS,151,1510000,1780,904,1236,1329,989,422,11
INS,152,1520000,1817,861,1227,1315,1006,406,0
INS,153,1530000,1837,898,1210,1286,992,408,16
INS,154,1540000,1812,885,1211,1312,1003,382,7
INS,155,1550000,1805,909,1222,1290,956,411,12
INS,156,1560000,1801,878,1204,1282,994,405,0
INS,157,1570000,1810,901,1216,1276,1017,414,87
INS,158,1580000,1829,868,1205,1313,1018,456,159
INS,159,1590000,1755,857,1184,1309,1057,415,64
INS,160,1600000,1803,898,1197,1291,980,401,74
INS,161,1610000,1726,913,1208,1320,1002,341,31
INS,162,1620000,1813,904,1174,1294,969,398,90
INS,163,1630000,1836,916,1186,1304,994,404,195
INS,164,1640000,1809,875,1191,1350,1017,402,216
INS,165,1650000,1786,912,1168,1281,988,416,140
INS,166,1660000,1793,945,1216,1275,1017,416,12
INS,167,1670000,1841,876,1201,1318,990,389,238
INS,168,1680000,1776,877,1239,1314,976,370,192
INS,169,1690000,1756,917,1200,1301,1042,400,17
INS,170,1700000,1829,932,1204,1296,1003,380,62
INS,171,1710000,1776,863,1223,1339,1000,404,40
INS,172,1720000,1821,893,1238,1306,1019,359,88
INS,173,1730000,1793,899,1180,1329,1021,382,73
INS,174,1740000,1813,881,1228,1310,979,370,67
INS,175,1750000,1804,928,1170,1291,1047,440,183
INS,176,1760000,1808,889,1214,1300,1000,395,126
INS,177,1770000,1751,867,1209,1319,974,421,78
INS,178,1780000,1783,915,1232,1269,1028,407,188
INS,179,1790000,1841,884,1188,1294,992,357,127
INS,180,1800000,1827,919,1219,1320,986,407,10
INS,181,1810000,1830,904,1190,1273,980,393,175
INS,182,1820000,1814,885,1207,1276,1011,414,229
INS,183,1830000,1783,909,1168,1311,979,359,148
INS,184,1840000,1826,889,1214,1300,963,384,232
INS,185,1850000,1827,901,1203,1261,1009,390,8
INS,186,1860000,1808,882,1192,1302,976,353,203
INS,187,1870000,1775,890,1162,1332,1030,353,249
INS,188,1880000,1784,869,1177,1231,997,408,190
INS,189,1890000,1779,921,1216,1295,981,449,126
INS,190,1900000,1809,903,1235,1282,970,404,105
INS,191,1910000,1792,879,1207,1294,1011,373,75
INS,192,1920000,1800,888,1185,1293,1015,447,164
INS,193,1930000,1785,922,1173,1284,1023,388,128
INS,194,1940000,1809,932,1162,1289,982,433,177
INS,195,1950000,1802,906,1190,1311,979,424,199
INS,196,1960000,1797,891,1232,1296,1020,375,215
INS,197,1970000,1830,896,1199,1214,967,399,126
INS,198,1980000,1794,882,1195,1311,998,388,206
INS,199,1990000,1806,901,1222,1337,998,421,84
INS,200,2000000,1837,890,1223,1348,989,412,115
INS,201,2010000,1814,924,1170,1287,1004,388,20
INS,202,2020000,1784,940,1207,1327,1002,404,114
INS,203,2030000,1842,915,1191,1276,1009,432,132
INS,204,2040000,1814,874,1181,1315,989,435,92
INS,205,2050000,1811,899,1192,1294,1001,403,101
INS,206,2060000,1755,888,1232,1277,1013,373,56
INS,207,2070000,1793,964,1208,1298,1026,409,233
INS,208,2080000,1791,863,1245,1293,996,421,161
INS,209,2090000,1763,898,1203,1256,978,430,97
INS,210,2100000,1844,900,1180,1280,993,436,219
INS,211,2110000,1785,898,1223,1292,1014,388,203
INS,212,2120000,1795,916,1197,1296,1047,432,47
INS,213,2130000,1789,874,1210,1281,1019,457,11
INS,214,2140000,1738,915,1233,1268,1009,412,229
INS,215,2150000,1823,882,1163,1280,1003,420,242
INS,216,2160000,1818,882,1156,1308,1003,385,240
INS,217,2170000,1793,908,1196,1270,988,383,243
INS,218,2180000,1811,903,1182,1296,1020,390,68
INS,219,2190000,1838,878,1203,1267,990,444,103
INS,220,2200000,1790,966,1200,1316,998,409,179
INS,221,2210000,1775,894,1214,1296,948,393,37
INS,222,2220000,1792,932,1199,1283,976,425,141
INS,223,2230000,1761,898,1189,1314,1021,413,147
INS,224,2240000,1783,878,1216,1272,1020,411,148
INS,225,2250000,1789,903,1191,1262,1051,420,201
INS,226,2260000,1812,898,1203,1332,983,381,211
INS,227,2270000,1754,924,1202,1293,1024,397,213
INS,228,2280000,1828,909,1166,1326,1007,411,27
INS,229,2290000,1795,903,1211,1307,1022,383,18
INS,230,2300000,1791,902,1241,1288,1004,407,47
INS,231,2310000,1801,886,1213,1319,1017,373,40
INS,232,2320000,1832,923,1178,1284,994,398,57
INS,233,2330000,1807,899,1192,1268,1057,376,64
INS,234,2340000,1789,893,1186,1297,1012,413,72
INS,235,2350000,1814,867,1219,1303,997,375,74
INS,236,2360000,1825,906,1203,1283,966,395,94
INS,237,2370000,1837,868,1192,1337,987,401,155
INS,238,2380000,1836,923,1250,1304,966,416,245
INS,239,2390000,1826,880,1154,1331,1020,384,162
INS,240,2400000,1803,872,1208,1275,1042,448,232
INS,241,2410000,1806,931,1222,1285,989,354,188
INS,242,2420000,1738,916,1226,1312,980,391,181
INS,243,2430000,1795,887,1216,1280,986,412,211
INS,244,2440000,1812,851,1212,1298,1033,427,29
INS,245,2450000,1810,894,1218,1319,964,402,20
INS,246,2460000,1754,861,1220,1312,978,383,194
INS,247,2470000,1810,866,1201,1305,987,410,26
INS,248,2480000,1779,944,1205,1325,968,393,78
INS,249,2490000,1819,903,1207,1304,1000,422,136
INS,250,2500000,1847,862,1190,1299,990,378,64
INS,251,2510000,1781,924,1178,1297,973,401,69
INS,252,2520000,1802,883,1207,1317,980,416,137
INS,253,2530000,1784,852,1177,1253,1032,374,21
INS,254,2540000,1819,870,1222,1292,1014,401,184
INS,255,2550000,1839,892,1228,1296,1017,410,9
INS,256,2560000,1795,920,1246,1299,1017,400,21
INS,257,2570000,1819,903,1226,1280,946,343,134
INS,258,2580000,1760,891,1249,1294,1031,434,37
INS,259,2590000,1798,889,1168,1307,950,392,155
INS,260,2600000,1813,919,1162,1317,993,438,54
INS,261,2610000,1780,912,1241,1290,1000,389,41
INS,262,2620000,1799,862,1198,1291,1010,399,5
INS,263,2630000,1811,944,1218,1261,998,417,112
INS,264,2640000,1810,894,1199,1287,1055,378,103
INS,265,2650000,1839,941,1231,1301,986,413,208
INS,266,2660000,1735,927,1204,1289,1001,412,82
INS,267,2670000,1784,905,1249,1326,961,434,190
INS,268,2680000,1821,953,1238,1335,961,427,27
INS,269,2690000,1767,880,1226,1286,999,389,112
INS,270,2700000,1792,836,1230,1286,1026,432,184
INS,271,2710000,1801,923,1238,1304,1026,449,84
INS,272,2720000,1795,883,1176,1337,1008,373,188
INS,273,2730000,1788,914,1194,1266,1014,428,237
INS,274,2740000,1773,858,1157,1279,1012,369,98
INS,275,2750000,1810,924,1166,1326,1029,387,53
INS,276,2760000,1771,899,1152,1280,995,391,172
INS,277,2770000,1795,916,1210,1326,1017,419,128
INS,278,2780000,1785,865,1209,1284,969,441,15
INS,279,2790000,1801,879,1164,1257,1021,395,252
INS,280,2800000,1783,859,1214,1274,972,410,8
INS,281,2810000,1813,856,1218,1256,935,377,224
INS,282,2820000,1848,869,1183,1274,973,401,78
INS,283,2830000,1831,904,1178,1269,974,434,137
INS,284,2840000,1801,899,1264,1302,978,368,176
INS,285,2850000,1794,856,1203,1268,1078,394,174
INS,286,2860000,1815,890,1215,1278,984,387,167
INS,287,2870000,1812,914,1208,1316,998,382,245
INS,288,2880000,1727,900,1207,1266,969,415,116
INS,289,2890000,1819,885,1253,1272,1001,426,49
INS,290,2900000,1732,905,1188,1269,1018,408,186
INS,291,2910000,1804,870,1220,1284,996,371,228
INS,292,2920000,1804,875,1231,1325,995,387,61
INS,293,2930000,1824,898,1181,1309,985,425,83
INS,294,2940000,1773,904,1187,1310,1026,396,74
INS,295,2950000,1788,908,1191,1303,986,399,70
INS,296,2960000,1785,888,1173,1317,971,390,36
INS,297,2970000,1779,890,1209,1328,958,375,68
INS,298,2980000,1780,915,1216,1345,1000,371,173
INS,299,2990000,1811,891,1211,1322,1021,387,206
INS,300,3000000,1799,935,1224,1335,1041,437,95
INS,301,3010000,1830,916,1205,1306,998,413,9
INS,302,3020000,1770,959,1188,1301,998,419,249
INS,303,3030000,1843,870,1135,1305,981,393,158
INS,304,3040000,1795,880,1213,1281,1001,353,171
INS,305,3050000,1800,879,1160,1319,985,358,166
INS,306,3060000,1749,895,1222,1304,949,441,242
INS,307,3070000,1801,890,1200,1322,1033,379,68
INS,308,3080000,1798,893,1197,1310,965,383,6
INS,309,3090000,1808,916,1192,1296,1003,409,101
INS,310,3100000,1802,919,1222,1276,973,400,86
INS,311,3110000,1841,928,1230,1337,1039,428,58
INS,312,3120000,1815,884,1169,1310,1024,397,127
INS,313,3130000,1820,910,1192,1306,1001,359,133
INS,314,3140000,1803,873,1219,1320,966,410,153
INS,315,3150000,1759,873,1224,1325,1031,411,202
INS,316,3160000,1824,836,1170,1287,973,386,72
INS,317,3170000,1820,855,1167,1306,975,401,137
INS,318,3180000,1765,878,1197,1289,1012,429,200
INS,319,3190000,1815,902,1157,1299,989,419,228
INS,320,3200000,1812,895,1188,1303,1013,407,26
INS,321,3210000,1791,904,1215,1300,967,414,16
INS,322,3220000,1788,874,1210,1292,978,376,216
INS,323,3230000,1755,913,1185,1328,1034,433,107
INS,324,3240000,1762,889,1195,1312,1010,411,55
INS,325,3250000,1830,933,1192,1292,979,371,90
INS,326,3260000,1812,875,1224,1318,967,371,77
INS,327,3270000,1776,905,1208,1320,1013,359,108
INS,328,3280000,1794,910,1184,1314,973,364,83
INS,329,3290000,1791,889,1223,1277,969,391,101
INS,330,3300000,1802,851,1191,1318,1024,426,190
INS,331,3310000,1808,887,1232,1289,968,379,158
INS,332,3320000,1818,931,1227,1321,1006,434,93
INS,333,3330000,1790,898,1203,1312,1021,408,5
INS,334,3340000,1786,886,1213,1313,989,412,245
INS,335,3350000,1799,899,1179,1304,1000,336,180
INS,336,3360000,1792,884,1229,1299,1017,390,35
INS,337,3370000,1816,904,1204,1261,1011,441,78
INS,338,3380000,1806,866,1206,1330,972,454,92
INS,339,3390000,1739,893,1185,1289,980,409,226
INS,340,3400000,1777,902,1242,1320,1002,442,177
INS,341,3410000,1775,881,1133,1333,1019,404,54
INS,342,3420000,1800,862,1217,1271,1027,362,65
INS,343,3430000,1809,917,1215,1322,968,374,148
INS,344,3440000,1803,888,1185,1296,999,396,127
INS,345,3450000,1792,904,1165,1292,971,419,120
INS,346,3460000,1802,889,1209,1268,994,368,124
INS,347,3470000,1805,859,1178,1323,1015,408,199
INS,348,3480000,1789,910,1216,1332,966,382,223
INS,349,3490000,1793,902,1148,1286,1006,423,203
INS,350,3500000,1815,948,1212,1309,995,402,87
INS,351,3510000,1833,857,1192,1293,1013,381,248
INS,352,3520000,1775,940,1166,1269,991,383,220
INS,353,3530000,1779,891,1181,1276,1017,402,3
INS,354,3540000,1793,895,1213,1293,974,383,25
INS,355,3550000,1805,917,1248,1256,1003,413,133
INS,356,3560000,1829,897,1167,1270,1011,426,108
INS,357,3570000,1791,916,1223,1321,946,376,98
INS,358,3580000,1752,931,1256,1321,975,398,175
INS,359,3590000,1798,884,1233,1273,1018,400,165
INS,360,3600000,1778,918,1211,1319,940,384,126
INS,361,3610000,1798,945,1194,1313,991,433,11
INS,362,3620000,1806,924,1182,1267,974,420,183
INS,363,3630000,1783,853,1198,1313,1031,409,214
INS,364,3640000,1782,890,1211,1294,1022,410,253
INS,365,3650000,1773,885,1215,1309,1007,408,2
INS,366,3660000,1803,898,1192,1313,1032,434,94
INS,367,3670000,1818,958,1173,1294,1046,404,132
INS,368,3680000,1809,907,1216,1284,995,373,40
INS,369,3690000,1812,850,1194,1252,993,392,222
INS,370,3700000,1861,888,1200,1294,998,425,156
INS,371,3710000,1833,881,1195,1297,1015,365,93
INS,372,3720000,1814,915,1222,1291,1021,402,189
INS,373,3730000,1828,889,1153,1295,1074,378,158
INS,374,3740000,1803,936,1197,1318,1014,396,222
INS,375,3750000,1797,883,1171,1326,1023,409,184
INS,376,3760000,1821,905,1205,1296,1020,414,253
INS,377,3770000,1776,870,1149,1284,1023,374,85
INS,378,3780000,1841,882,1196,1301,950,390,186
INS,379,3790000,1820,919,1192,1292,1022,395,27
INS,380,3800000,1782,877,1231,1266,1032,401,249
INS,381,3810000,1772,899,1218,1298,983,405,252
INS,382,3820000,1833,912,1244,1289,991,409,116
INS,383,3830000,1802,894,1205,1351,988,382,77
INS,384,3840000,1791,899,1195,1358,1051,406,172
INS,385,3850000,1799,886,1152,1283,1026,393,28
INS,386,3860000,1807,890,1195,1296,990,422,106
INS,387,3870000,1787,909,1184,1314,1025,368,110
INS,388,3880000,1773,894,1183,1309,956,387,42
INS,389,3890000,1795,938,1216,1279,955,397,137
INS,390,3900000,1838,920,1180,1266,1016,405,199
INS,391,3910000,1800,895,1215,1304,1053,406,8
INS,392,3920000,1809,951,1205,1302,1008,427,54
INS,393,3930000,1752,881,1206,1277,1020,409,170
INS,394,3940000,1805,926,1217,1343,1015,431,123
INS,395,3950000,1796,915,1228,1346,1049,384,121
INS,396,3960000,1762,911,1232,1298,990,396,9
INS,397,3970000,1823,903,1251,1276,1035,390,115
INS,398,3980000,1809,870,1235,1289,1027,403,87
INS,399,3990000,1806,889,1279,1368,992,422,227
INS,400,4000000,1833,842,1185,1279,961,407,251
INS,401,4010000,1807,894,1232,1285,976,399,98
INS,402,4020000,1838,909,1181,1323,988,396,157
INS,403,4030000,1795,900,1167,1322,1011,389,123
INS,404,4040000,1784,905,1192,1272,1006,388,103
INS,405,4050000,1811,829,1199,1325,1019,411,167
INS,406,4060000,1800,900,1197,1294,1010,407,198
INS,407,4070000,1802,928,1200,1273,992,401,203
INS,408,4080000,1767,890,1232,1260,1006,378,157
INS,409,4090000,1767,932,1168,1327,1029,382,246
INS,410,4100000,1803,848,1217,1305,1032,378,241
INS,411,4110000,1795,944,1213,1331,1013,394,109
INS,412,4120000,1834,851,1231,1296,1044,447,139
INS,413,4130000,1795,882,1174,1251,1034,371,216
INS,414,4140000,1805,915,1213,1305,988,433,129
INS,415,4150000,1782,872,1180,1308,997,439,65
INS,416,4160000,1820,906,1219,1251,970,433,103
INS,417,4170000,1790,897,1185,1337,1040,407,177
INS,418,4180000,1772,869,1223,1339,991,399,131
INS,419,4190000,1826,902,1203,1262,939,400,87
INS,420,4200000,1771,928,1217,1331,971,366,156
INS,421,4210000,1836,880,1206,1294,1027,454,30
INS,422,4220000,1779,909,1241,1308,970,385,198
INS,423,4230000,1840,940,1176,1314,994,393,24
INS,424,4240000,1816,889,1200,1303,998,423,13
INS,425,4250000,1803,904,1185,1283,1039,369,240
INS,426,4260000,1838,884,1216,1267,994,379,252
INS,427,4270000,1815,915,1222,1308,990,378,63
INS,428,4280000,1789,890,1191,1281,965,351,175
INS,429,4290000,1788,897,1197,1339,1028,356,74
INS,430,4300000,1814,891,1200,1329,952,397,69
INS,431,4310000,1796,909,1165,1321,1021,361,76
INS,432,4320000,1800,889,1195,1267,991,395,57
INS,433,4330000,1812,903,1185,1299,1009,422,167
INS,434,4340000,1791,949,1203,1329,993,387,206
INS,435,4350000,1800,880,1216,1322,1028,430,247
INS,436,4360000,1779,937,1180,1332,933,371,120
INS,437,4370000,1831,888,1221,1292,1008,388,233
INS,438,4380000,1802,899,1180,1269,1014,423,209
INS,439,4390000,1835,882,1224,1306,1000,417,47
INS,440,4400000,1773,913,1213,1318,981,372,226
INS,441,4410000,1762,882,1186,1306,1020,449,22
INS,442,4420000,1847,941,1175,1302,1001,390,90
INS,443,4430000,1812,895,1195,1299,1024,402,78
INS,444,4440000,1795,886,1194,1266,1003,396,8
INS,445,4450000,1818,910,1186,1298,970,426,93
INS,446,4460000,1766,929,1197,1290,1021,397,102
INS,447,4470000,1822,884,1182,1317,981,380,85
INS,448,4480000,1823,907,1207,1334,1029,385,221
INS,449,4490000,1825,910,1241,1260,1006,428,223
INS,450,4500000,1807,888,1162,1292,1003,439,161
INS,451,4510000,1765,932,1247,1272,1009,391,203
INS,452,4520000,1820,873,1173,1270,996,418,154
INS,453,4530000,1786,891,1214,1343,1020,381,0
INS,454,4540000,1761,934,1155,1335,970,447,240
INS,455,4550000,1793,940,1232,1294,1024,393,75
INS,456,4560000,1840,905,1151,1298,980,387,233
INS,457,4570000,1777,921,1207,1357,994,401,90
INS,458,4580000,1776,911,1185,1292,1002,401,17
INS,459,4590000,1784,895,1240,1278,1015,434,113
INS,460,4600000,1787,889,1237,1313,1006,450,166
INS,461,4610000,1804,888,1198,1329,1035,412,167
INS,462,4620000,1783,890,1179,1266,985,402,23
INS,463,4630000,1825,878,1141,1305,970,427,81
INS,464,4640000,1800,873,1196,1266,989,365,41
INS,465,4650000,1776,900,1211,1303,1022,374,155
INS,466,4660000,1744,935,1156,1253,998,404,76
INS,467,4670000,1760,923,1141,1299,993,439,158
INS,468,4680000,1793,922,1225,1325,1053,402,84
INS,469,4690000,1785,883,1174,1304,981,405,169
INS,470,4700000,1802,913,1212,1280,1020,414,39
INS,471,4710000,1847,896,1195,1279,1002,385,19
INS,472,4720000,1781,897,1163,1274,996,412,211
INS,473,4730000,1772,857,1154,1248,1027,360,123
INS,474,4740000,1769,908,1179,1318,965,400,5
INS,475,4750000,1815,925,1199,1218,961,379,236
INS,476,4760000,1790,859,1212,1269,1016,434,80
INS,477,4770000,1829,951,1247,1311,989,408,252
INS,478,4780000,1814,891,1169,1305,1002,396,111
INS,479,4790000,1798,856,1192,1251,1038,426,112
INS,480,4800000,1751,870,1197,1349,976,381,92
INS,481,4810000,1792,891,1168,1311,928,386,61
INS,482,4820000,1784,849,1153,1275,987,400,50
INS,483,4830000,1848,905,1210,1310,986,418,40
INS,484,4840000,1776,907,1202,1289,984,341,135
INS,485,4850000,1796,925,1135,1314,1029,381,233
INS,486,4860000,1773,898,1178,1341,999,418,21
INS,487,4870000,1861,904,1165,1285,972,429,47
INS,488,4880000,1824,872,1150,1311,1005,370,236
INS,489,4890000,1847,857,1162,1324,1040,366,61
INS,490,4900000,1817,931,1217,1260,1008,436,151
INS,491,4910000,1778,881,1224,1316,989,350,37
INS,492,4920000,1826,896,1238,1308,990,370,144
INS,493,4930000,1776,893,1242,1263,998,406,111
INS,494,4940000,1790,935,1196,1307,1010,361,149
INS,495,4950000,1773,883,1219,1315,994,411,162
INS,496,4960000,1839,918,1214,1335,988,387,9
INS,497,4970000,1799,860,1170,1319,1001,369,119
INS,498,4980000,1840,875,1190,1286,1002,409,220
INS,499,4990000,1797,887,1220,1269,1033,387,228
INS,500,5000000,1830,869,1206,1315,1000,421,37
INS,501,5010000,1841,882,1200,1276,1036,430,78
INS,502,5020000,1851,870,1170,1320,1043,413,97
INS,503,5030000,1803,856,1231,1324,984,425,70
INS,504,5040000,1837,893,1219,1278,986,394,71
INS,505,5050000,1782,885,1185,1277,1023,359,248
INS,506,5060000,1856,924,1186,1313,1016,401,194
INS,507,5070000,1820,901,1242,1319,986,397,180
INS,508,5080000,1823,908,1147,1332,990,452,184
INS,509,5090000,1755,913,1206,1315,1016,397,151
INS,510,5100000,1815,900,1234,1252,1018,366,151
INS,511,5110000,1778,922,1231,1253,1002,372,141
INS,512,5120000,1786,945,1225,1311,992,401,4
INS,513,5130000,1792,868,1233,1315,972,381,178
INS,514,5140000,1840,883,1182,1344,995,412,34
INS,515,5150000,1783,925,1198,1291,981,342,171
INS,516,5160000,1800,925,1206,1286,987,469,85
INS,517,5170000,1756,906,1218,1318,996,421,44
INS,518,5180000,1741,906,1168,1346,1003,397,7
INS,519,5190000,1816,874,1210,1282,1023,403,71
INS,520,5200000,1819,937,1227,1280,1017,442,202
INS,521,5210000,1804,915,1205,1321,1029,408,179
INS,522,5220000,1816,921,1208,1308,999,387,153
INS,523,5230000,1800,857,1197,1307,971,399,62
INS,524,5240000,1770,923,1202,1289,1018,389,139
INS,525,5250000,1792,894,1229,1269,991,409,149
INS,526,5260000,1817,844,1180,1298,1018,387,126
INS,527,5270000,1793,898,1185,1295,961,374,105
INS,528,5280000,1776,916,1193,1335,1028,375,239
INS,529,5290000,1767,946,1177,1298,982,385,188
INS,530,5300000,1815,870,1228,1314,1028,433,82
INS,531,5310000,1802,889,1216,1303,989,402,12
INS,532,5320000,1787,941,1177,1294,956,410,249
INS,533,5330000,1803,901,1201,1300,998,378,26
INS,534,5340000,1770,911,1186,1299,1076,425,129
INS,535,5350000,1752,900,1197,1281,986,380,231
INS,536,5360000,1795,891,1211,1286,1008,412,99
INS,537,5370000,1834,888,1187,1323,1009,431,185
INS,538,5380000,1772,913,1173,1294,998,421,101
INS,539,5390000,1773,921,1177,1319,1022,400,159
INS,540,5400000,1763,920,1160,1306,963,437,113
INS,541,5410000,1731,927,1204,1319,984,402,148
INS,542,5420000,1781,877,1190,1255,984,422,107
INS,543,5430000,1797,877,1223,1287,954,421,174
INS,544,5440000,1754,883,1199,1262,967,377,74
INS,545,5450000,1814,941,1188,1336,1043,395,110
INS,546,5460000,1816,907,1215,1275,1039,416,78
INS,547,5470000,1807,908,1238,1273,1030,354,37
INS,548,5480000,1767,909,1191,1309,1056,400,76
INS,549,5490000,1798,928,1226,1321,1014,410,158
INS,550,5500000,1809,875,1220,1329,988,391,90
INS,551,5510000,1812,917,1180,1272,1015,426,117
INS,552,5520000,1742,877,1222,1321,1001,390,65
INS,553,5530000,1793,916,1183,1343,1007,386,157
INS,554,5540000,1804,890,1235,1321,968,390,154
INS,555,5550000,1809,927,1226,1283,1008,434,250
INS,556,5560000,1829,883,1218,1285,1057,424,20
INS,557,5570000,1798,853,1154,1311,989,358,60
INS,558,5580000,1799,882,1168,1299,1001,445,208
INS,559,5590000,1795,931,1217,1329,1072,375,94
INS,560,5600000,1783,866,1197,1297,1023,397,211
INS,561,5610000,1785,920,1174,1300,978,399,221
INS,562,5620000,1820,902,1224,1323,1003,409,107
INS,563,5630000,1802,926,1194,1306,997,393,61
INS,564,5640000,1762,923,1174,1275,1027,403,24
INS,565,5650000,1813,850,1192,1300,1024,376,32
INS,566,5660000,1808,913,1180,1322,998,397,112
INS,567,5670000,1778,942,1171,1300,982,437,121
INS,568,5680000,1787,861,1203,1309,996,422,106
INS,569,5690000,1790,892,1224,1306,1027,392,176
INS,570,5700000,1819,957,1232,1268,990,393,221
INS,571,5710000,1808,907,1208,1326,988,371,187
INS,572,5720000,1801,898,1186,1316,988,423,208
INS,573,5730000,1837,920,1181,1327,994,436,52
INS,574,5740000,1784,915,1197,1279,971,414,190
INS,575,5750000,1814,932,1226,1307,1022,441,133
INS,576,5760000,1798,907,1183,1334,1014,422,66
INS,577,5770000,1770,885,1132,1270,981,425,144
INS,578,5780000,1816,859,1193,1328,1020,380,38
INS,579,5790000,1799,860,1230,1341,998,370,57
INS,580,5800000,1773,891,1201,1313,1010,384,48
INS,581,5810000,1790,923,1213,1293,1002,433,147
INS,582,5820000,1806,904,1218,1305,951,379,73
INS,583,5830000,1797,860,1207,1311,1005,401,108
INS,584,5840000,1793,941,1198,1254,1043,413,186
INS,585,5850000,1806,884,1151,1302,994,375,73
INS,586,5860000,1833,917,1214,1309,983,423,1
INS,587,5870000,1823,893,1211,1298,1027,376,223
INS,588,5880000,1757,915,1217,1322,999,397,219
INS,589,5890000,1763,859,1208,1310,997,441,207
INS,590,5900000,1767,890,1207,1282,1018,344,154
INS,591,5910000,1801,894,1214,1328,963,360,223
INS,592,5920000,1852,878,1178,1285,1003,393,13
INS,593,5930000,1792,896,1194,1311,1017,411,62
INS,594,5940000,1873,861,1212,1312,1059,416,191
INS,595,5950000,1818,901,1204,1378,994,417,187
INS,596,5960000,1834,891,1214,1311,986,375,103
INS,597,5970000,1806,929,1239,1317,1023,414,237
INS,598,5980000,1742,864,1194,1337,959,409,31
INS,599,5990000,1805,904,1216,1267,1043,426,204
INS,600,6000000,1800,918,1224,1280,984,405,171
INS,601,6010000,1760,898,1219,1337,986,422,199
INS,602,6020000,1786,921,1153,1288,958,421,121
INS,603,6030000,1807,869,1225,1224,1047,396,179
INS,604,6040000,1791,888,1227,1299,968,466,11
INS,605,6050000,1825,896,1175,1283,1008,412,244
INS,606,6060000,1823,894,1223,1300,995,429,70
INS,607,6070000,1777,925,1210,1310,966,378,245
INS,608,6080000,1766,889,1216,1307,980,374,228
INS,609,6090000,1844,895,1186,1342,1023,365,112
INS,610,6100000,1775,901,1201,1314,995,357,17
INS,611,6110000,1812,908,1200,1301,1000,389,101
INS,612,6120000,1797,924,1184,1344,1001,423,181
INS,613,6130000,1815,921,1167,1306,1037,425,196
INS,614,6140000,1782,846,1237,1339,1002,454,202
INS,615,6150000,1771,884,1282,1262,962,379,99
INS,616,6160000,1829,853,1207,1295,994,378,132
INS,617,6170000,1795,877,1171,1311,1038,427,212
INS,618,6180000,1792,893,1200,1305,992,385,177
INS,619,6190000,1781,919,1250,1322,964,397,4
INS,620,6200000,1843,946,1220,1285,1061,361,104
INS,621,6210000,1809,940,1233,1304,1006,407,104
INS,622,6220000,1789,973,1227,1319,981,412,123
INS,623,6230000,1809,878,1185,1311,1050,374,46
INS,624,6240000,1801,892,1190,1292,1020,364,15
INS,625,6250000,1784,920,1187,1293,967,444,68
INS,626,6260000,1757,911,1260,1291,997,454,160
INS,627,6270000,1793,928,1192,1292,1025,379,116
INS,628,6280000,1810,936,1195,1347,1009,396,217
INS,629,6290000,1826,914,1209,1309,1009,381,189
INS,630,6300000,1824,940,1205,1319,1006,399,251
INS,631,6310000,1817,886,1200,1280,1008,398,164
INS,632,6320000,1816,896,1190,1275,961,404,134
INS,633,6330000,1770,941,1237,1335,1006,389,31
INS,634,6340000,1836,911,1178,1283,1012,380,226
INS,635,6350000,1801,883,1159,1260,977,428,151
INS,636,6360000,1775,878,1185,1326,998,390,212
INS,637,6370000,1830,919,1249,1305,994,352,70
INS,638,6380000,1804,916,1198,1282,993,383,14
INS,639,6390000,1804,904,1190,1273,1028,407,61
INS,640,6400000,1809,873,1153,1324,992,411,34
INS,641,6410000,1806,910,1177,1347,985,412,126
INS,642,6420000,1797,859,1180,1312,1035,427,116
INS,643,6430000,1803,852,1199,1288,1049,419,133
INS,644,6440000,1800,916,1173,1288,996,400,113
INS,645,6450000,1786,906,1163,1337,998,385,132
INS,646,6460000,1775,871,1208,1343,1008,449,228
INS,647,6470000,1848,862,1198,1266,1052,450,11
INS,648,6480000,1798,891,1199,1269,1040,372,177
INS,649,6490000,1790,847,1172,1272,1015,385,106
INS,650,6500000,1774,942,1222,1272,1031,404,31
INS,651,6510000,1780,919,1174,1336,1000,421,33
INS,652,6520000,1753,878,1182,1300,999,356,144
INS,653,6530000,1779,887,1231,1321,1008,410,73
INS,654,6540000,1816,898,1202,1282,947,437,36
INS,655,6550000,1798,892,1188,1285,967,379,236
INS,656,6560000,1799,902,1223,1309,978,442,141
INS,657,6570000,1810,862,1199,1342,1012,427,157
INS,658,6580000,1773,902,1222,1296,1039,385,139
INS,659,6590000,1740,864,1187,1306,1012,392,40
INS,660,6600000,1795,859,1235,1325,981,399,150
INS,661,6610000,1780,874,1175,1304,1000,369,75
INS,662,6620000,1766,914,1211,1288,994,372,135
INS,663,6630000,1767,887,1211,1269,963,394,98
INS,664,6640000,1805,863,1225,1320,1007,392,236
INS,665,6650000,1770,929,1205,1292,979,448,8
INS,666,6660000,1786,911,1182,1239,1008,431,215
INS,667,6670000,1831,921,1225,1298,1048,382,124
INS,668,6680000,1766,874,1190,1306,979,385,192
INS,669,6690000,1794,908,1225,1329,998,408,115
INS,670,6700000,1842,913,1187,1273,996,392,73
INS,671,6710000,1779,942,1207,1277,996,330,18
INS,672,6720000,1772,923,1196,1270,972,398,35
INS,673,6730000,1771,903,1237,1293,974,331,30
INS,674,6740000,1769,877,1178,1271,986,426,45
INS,675,6750000,1833,900,1177,1306,1035,383,189
INS,676,6760000,1797,905,1199,1305,1000,358,136
INS,677,6770000,1801,921,1220,1294,973,403,201
INS,678,6780000,1795,903,1174,1325,988,392,183
INS,679,6790000,1801,946,1217,1274,1013,391,9
INS,680,6800000,1817,836,1161,1335,1000,416,205
INS,681,6810000,1848,860,1191,1285,971,416,228
INS,682,6820000,1797,905,1184,1292,999,368,219
INS,683,6830000,1801,856,1206,1280,1008,376,218
INS,684,6840000,1796,837,1186,1287,985,397,196
INS,685,6850000,1773,844,1208,1276,980,364,170
INS,686,6860000,1820,834,1185,1277,999,395,252
INS,687,6870000,1823,898,1201,1291,1002,412,130
INS,688,6880000,1833,951,1210,1317,988,378,197
INS,689,6890000,1801,899,1182,1282,997,376,74
INS,690,6900000,1796,895,1171,1273,1026,397,112
INS,691,6910000,1821,892,1200,1312,1021,441,2
INS,692,6920000,1759,895,1224,1263,997,442,168
INS,693,6930000,1807,906,1218,1277,1006,367,186
INS,694,6940000,1831,922,1141,1328,982,374,200
INS,695,6950000,1774,876,1251,1311,983,336,170
INS,696,6960000,1840,871,1170,1285,996,392,210
INS,697,6970000,1799,871,1198,1351,1013,379,28
INS,698,6980000,1794,894,1198,1278,1031,410,39
INS,699,6990000,1781,891,1201,1281,993,377,231
INS,700,7000000,1794,916,1179,1290,1020,414,81
INS,701,7010000,1833,881,1192,1304,1023,394,112
INS,702,7020000,1798,919,1206,1295,963,383,66
INS,703,7030000,1784,964,1191,1289,969,421,137
INS,704,7040000,1763,844,1169,1308,1008,351,235
INS,705,7050000,1812,883,1213,1275,1019,411,166
INS,706,7060000,1792,914,1255,1258,1010,371,170
INS,707,7070000,1783,941,1175,1303,1000,386,175
INS,708,7080000,1765,905,1230,1317,968,404,193
INS,709,7090000,1776,900,1162,1288,946,416,109
INS,710,7100000,1789,946,1208,1296,982,446,49
INS,711,7110000,1821,885,1188,1323,967,435,18
INS,712,7120000,1769,908,1169,1313,990,399,220
INS,713,7130000,1819,915,1192,1315,1002,361,37
INS,714,7140000,1827,860,1150,1301,947,384,175
INS,715,7150000,1762,900,1206,1264,1020,398,17
INS,716,7160000,1815,872,1190,1353,994,409,117
INS,717,7170000,1784,911,1202,1285,966,411,60
INS,718,7180000,1790,899,1225,1301,1026,364,123
INS,719,7190000,1854,902,1223,1294,1009,409,226
INS,720,7200000,1827,923,1168,1307,986,408,171
INS,721,7210000,1821,910,1254,1306,997,366,223
INS,722,7220000,1781,934,1152,1295,1042,369,159
INS,723,7230000,1795,912,1221,1340,1017,415,47
INS,724,7240000,1829,878,1216,1268,1032,424,11
INS,725,7250000,1805,913,1256,1311,976,398,40
INS,726,7260000,1825,914,1216,1307,943,396,255
INS,727,7270000,1794,867,1147,1327,1040,417,7
INS,728,7280000,1804,908,1204,1310,1027,464,149
INS,729,7290000,1823,918,1245,1307,983,403,128
INS,730,7300000,1804,901,1162,1324,1005,407,69
INS,731,7310000,1809,901,1169,1295,1021,398,76
INS,732,7320000,1744,877,1194,1271,1023,390,255
INS,733,7330000,1819,888,1172,1332,1005,388,121
INS,734,7340000,1792,921,1178,1287,1049,397,158
INS,735,7350000,1797,872,1199,1310,1029,389,147
INS,736,7360000,1814,934,1201,1328,977,401,223
INS,737,7370000,1830,954,1235,1336,1007,409,100
INS,738,7380000,1827,926,1178,1274,1026,437,14
INS,739,7390000,1789,908,1202,1282,1011,356,167
INS,740,7400000,1831,883,1200,1294,1052,395,35
INS,741,7410000,1787,933,1176,1295,984,391,219
INS,742,7420000,1783,886,1189,1295,994,396,213
INS,743,7430000,1804,922,1192,1308,952,417,26
INS,744,7440000,1770,875,1202,1307,1026,412,40
INS,745,7450000,1848,895,1189,1301,961,388,47
INS,746,7460000,1775,851,1185,1275,1027,435,30
INS,747,7470000,1774,899,1165,1362,982,363,44
INS,748,7480000,1777,911,1197,1266,1007,387,61
INS,749,7490000,1780,957,1228,1276,995,394,163
INS,750,7500000,1796,850,1211,1315,1024,366,112
INS,751,7510000,1815,875,1212,1299,979,372,119
INS,752,7520000,1746,894,1175,1312,1017,429,157
INS,753,7530000,1793,900,1232,1301,1053,363,243
INS,754,7540000,1814,869,1205,1301,1015,392,214
INS,755,7550000,1821,884,1244,1282,1010,394,14
INS,756,7560000,1842,903,1154,1317,988,389,245
INS,757,7570000,1783,908,1232,1305,1035,393,69
INS,758,7580000,1816,853,1250,1286,992,444,71
INS,759,7590000,1811,905,1215,1286,1022,379,65
INS,760,7600000,1835,838,1241,1313,1007,374,72
INS,761,7610000,1815,938,1209,1279,1009,383,114
INS,762,7620000,1805,889,1163,1349,1004,359,67
INS,763,7630000,1759,924,1211,1256,978,362,5
INS,764,7640000,1796,874,1208,1281,993,458,142
INS,765,7650000,1795,869,1195,1323,953,428,112
INS,766,7660000,1795,905,1167,1271,1034,322,60
INS,767,7670000,1781,911,1226,1323,1000,450,18
INS,768,7680000,1787,945,1207,1288,1020,405,252
INS,769,7690000,1812,899,1199,1289,957,404,177
INS,770,7700000,1823,871,1196,1281,955,412,172
INS,771,7710000,1807,897,1206,1282,986,362,191
INS,772,7720000,1796,908,1189,1308,957,352,178
INS,773,7730000,1788,947,1151,1337,998,414,64
INS,774,7740000,1790,837,1210,1288,1000,389,216
INS,775,7750000,1787,884,1183,1317,1019,416,69
INS,776,7760000,1799,858,1175,1304,1004,385,5
INS,777,7770000,1808,912,1176,1253,1000,377,23
INS,778,7780000,1771,911,1193,1311,990,402,92
INS,779,7790000,1781,928,1211,1312,991,429,183
INS,780,7800000,1806,898,1167,1320,990,375,104
INS,781,7810000,1807,906,1228,1269,1008,439,222
INS,782,7820000,1798,908,1193,1318,1038,395,232
INS,783,7830000,1796,869,1225,1309,1001,426,225
INS,784,7840000,1851,929,1172,1263,948,385,164
INS,785,7850000,1792,887,1236,1295,984,405,232
INS,786,7860000,1784,898,1193,1310,1033,381,249
INS,787,7870000,1814,925,1231,1296,944,387,8
INS,788,7880000,1797,899,1206,1221,1004,443,254
INS,789,7890000,1754,901,1184,1319,1001,365,225
INS,790,7900000,1797,890,1206,1349,999,374,77
INS,791,7910000,1808,870,1218,1312,989,400,76
INS,792,7920000,1778,859,1244,1290,985,400,52
INS,793,7930000,1801,909,1232,1307,1015,383,160
INS,794,7940000,1811,901,1188,1301,972,401,104
INS,795,7950000,1806,873,1217,1276,977,421,117
INS,796,7960000,1808,909,1190,1280,971,358,80
INS,797,7970000,1802,919,1223,1304,995,440,8
INS,798,7980000,1778,955,1235,1307,1018,391,26
INS,799,7990000,1795,885,1150,1269,1056,370,140
INS,800,8000000,1861,879,1220,1326,1004,377,43
INS,801,8010000,1793,945,1222,1337,989,386,65
INS,802,8020000,1790,880,1194,1320,979,373,202
INS,803,8030000,1781,883,1196,1329,1004,415,35
INS,804,8040000,1746,905,1171,1324,975,432,253
INS,805,8050000,1815,894,1204,1337,1015,428,154
INS,806,8060000,1790,911,1174,1296,945,416,10
INS,807,8070000,1805,916,1205,1337,987,399,144
INS,808,8080000,1790,920,1225,1335,1014,417,213
INS,809,8090000,1827,926,1146,1319,1034,413,194
INS,810,8100000,1807,901,1198,1307,978,403,140
INS,811,8110000,1780,891,1170,1281,1003,444,132
INS,812,8120000,1805,903,1227,1311,962,397,185
INS,813,8130000,1804,936,1211,1267,964,379,158
INS,814,8140000,1769,900,1195,1282,990,434,184
INS,815,8150000,1782,853,1181,1346,983,415,191
INS,816,8160000,1835,871,1195,1269,1025,422,9
INS,817,8170000,1780,893,1204,1310,999,412,7
INS,818,8180000,1809,897,1180,1275,944,417,204
INS,819,8190000,1783,916,1171,1270,998,409,246
INS,820,8200000,1829,875,1233,1281,1007,390,75
INS,821,8210000,1815,877,1193,1302,950,367,237
INS,822,8220000,1765,861,1220,1269,1000,395,4
INS,823,8230000,1791,893,1220,1287,993,328,23
INS,824,8240000,1821,885,1202,1326,1016,387,165
INS,825,8250000,1773,917,1213,1326,992,405,171
INS,826,8260000,1829,859,1210,1238,1054,388,140
INS,827,8270000,1764,866,1166,1338,967,409,89
INS,828,8280000,1799,897,1238,1286,977,409,202
INS,829,8290000,1781,894,1201,1332,987,362,170
INS,830,8300000,1808,899,1179,1307,991,431,245
INS,831,8310000,1814,894,1203,1314,983,395,250
INS,832,8320000,1825,944,1191,1351,1012,368,99
INS,833,8330000,1798,870,1192,1335,1018,394,32
INS,834,8340000,1792,854,1250,1273,963,384,214
INS,835,8350000,1800,906,1218,1267,984,380,14
INS,836,8360000,1803,905,1193,1256,1000,452,85
INS,837,8370000,1824,904,1229,1297,990,426,163
INS,838,8380000,1780,906,1215,1299,941,398,49
INS,839,8390000,1810,888,1198,1292,990,367,72
INS,840,8400000,1836,903,1222,1245,991,414,155
INS,841,8410000,1833,902,1198,1297,983,409,183
INS,842,8420000,1793,958,1193,1292,967,413,194
INS,843,8430000,1829,919,1177,1309,935,355,119
INS,844,8440000,1760,913,1239,1286,982,431,223
INS,845,8450000,1748,924,1195,1292,986,382,156
INS,846,8460000,1819,912,1205,1254,980,397,213
INS,847,8470000,1789,962,1239,1289,990,385,61
INS,848,8480000,1809,901,1163,1287,983,439,6
INS,849,8490000,1807,845,1185,1284,990,432,240
INS,850,8500000,1807,924,1246,1304,1012,414,165
INS,851,8510000,1823,881,1189,1351,986,438,143
INS,852,8520000,1770,929,1208,1296,994,407,96
INS,853,8530000,1814,914,1180,1306,986,422,131
INS,854,8540000,1798,893,1237,1313,1001,364,132
INS,855,8550000,1774,916,1212,1286,1016,359,106
INS,856,8560000,1807,889,1182,1320,1032,399,189
INS,857,8570000,1787,914,1212,1344,970,430,234
INS,858,8580000,1812,876,1219,1315,1028,377,221
INS,859,8590000,1861,864,1164,1302,984,474,4
INS,860,8600000,1794,898,1181,1361,1022,375,3
INS,861,8610000,1815,894,1238,1300,1020,331,243
INS,862,8620000,1751,916,1185,1325,1017,423,23
INS,863,8630000,1828,837,1205,1324,1002,393,12
INS,864,8640000,1810,874,1232,1290,1050,356,52
INS,865,8650000,1792,930,1206,1340,954,377,56
INS,866,8660000,1791,929,1213,1285,1016,422,130
INS,867,8670000,1807,872,1223,1267,960,404,24
INS,868,8680000,1809,940,1168,1287,1018,438,168
INS,869,8690000,1774,864,1202,1276,966,401,8
INS,870,8700000,1808,839,1169,1329,1024,409,120
INS,871,8710000,1851,888,1217,1298,1016,390,219
INS,872,8720000,1824,917,1239,1294,1021,390,5
INS,873,8730000,1821,886,1203,1266,1006,434,209
INS,874,8740000,1834,864,1204,1318,1014,406,250
INS,875,8750000,1756,901,1231,1297,1021,394,227
INS,876,8760000,1804,869,1232,1300,958,410,217
INS,877,8770000,1795,954,1212,1300,1020,391,77
INS,878,8780000,1802,897,1178,1291,978,484,52
INS,879,8790000,1771,930,1228,1289,947,422,26
INS,880,8800000,1811,874,1173,1287,1019,422,42
INS,881,8810000,1779,876,1172,1286,1029,395,10
INS,882,8820000,1809,915,1220,1326,1016,365,141
INS,883,8830000,1775,889,1205,1286,991,453,106
INS,884,8840000,1819,894,1199,1272,1007,429,144
INS,885,8850000,1774,924,1178,1310,991,371,89
INS,886,8860000,1814,898,1223,1286,998,444,221
INS,887,8870000,1809,882,1189,1304,1017,406,182
INS,888,8880000,1760,933,1178,1281,985,381,110
INS,889,8890000,1759,884,1163,1302,1025,413,155
INS,890,8900000,1788,923,1192,1271,1003,414,217
INS,891,8910000,1799,890,1196,1233,1009,355,125
INS,892,8920000,1832,891,1208,1293,980,358,222
INS,893,8930000,1811,883,1184,1275,1055,368,253
INS,894,8940000,1806,898,1167,1318,962,387,232
INS,895,8950000,1751,891,1194,1281,982,427,237
INS,896,8960000,1832,885,1204,1343,1005,358,99
INS,897,8970000,1801,892,1169,1297,1010,439,97
INS,898,8980000,1787,846,1192,1276,996,404,7
INS,899,8990000,1782,939,1203,1315,1018,363,143
INS,900,9000000,1780,874,1154,1301,974,436,59
INS,901,9010000,1823,878,1175,1309,969,410,121
INS,902,9020000,1820,871,1166,1271,933,394,29
INS,903,9030000,1802,925,1206,1291,1027,370,212
INS,904,9040000,1830,886,1206,1322,990,348,190
INS,905,9050000,1785,876,1157,1294,963,402,102
INS,906,9060000,1872,916,1185,1338,1041,472,210
INS,907,9070000,1779,918,1189,1296,1033,419,37
INS,908,9080000,1822,918,1201,1310,985,372,28
INS,909,9090000,1780,887,1168,1292,1020,405,245
INS,910,9100000,1815,895,1184,1322,1046,421,137
INS,911,9110000,1769,890,1173,1299,1018,367,243
INS,912,9120000,1844,882,1237,1312,988,413,164
INS,913,9130000,1798,952,1187,1265,1000,403,110
INS,914,9140000,1782,913,1216,1282,990,392,97
INS,915,9150000,1806,924,1226,1261,1015,417,188
INS,916,9160000,1794,917,1210,1298,1009,364,148
INS,917,9170000,1786,943,1187,1289,1031,404,213
INS,918,9180000,1792,912,1175,1300,1004,445,218
INS,919,9190000,1816,867,1199,1350,999,409,247
INS,920,9200000,1829,839,1202,1309,961,391,155
INS,921,9210000,1808,883,1226,1316,1015,397,30
INS,922,9220000,1786,858,1230,1278,980,417,207
INS,923,9230000,1789,902,1192,1329,987,384,2
INS,924,9240000,1754,909,1184,1292,1037,357,225
INS,925,9250000,1803,886,1180,1289,998,374,239
INS,926,9260000,1802,899,1166,1289,1041,422,89
INS,927,9270000,1826,871,1167,1293,1004,405,53
INS,928,9280000,1821,865,1215,1269,1027,412,113
INS,929,9290000,1814,903,1196,1296,1032,415,177
INS,930,9300000,1778,935,1205,1303,1033,415,207
INS,931,9310000,1786,912,1202,1285,1040,401,181
INS,932,9320000,1851,907,1173,1302,1023,372,200
INS,933,9330000,1814,898,1159,1281,1006,428,175
INS,934,9340000,1771,851,1202,1276,984,408,98
INS,935,9350000,1797,898,1244,1257,992,411,222
INS,936,9360000,1785,861,1197,1317,965,388,153
INS,937,9370000,1791,901,1210,1294,999,416,12
INS,938,9380000,1813,873,1162,1302,988,413,225
INS,939,9390000,1826,904,1228,1279,1020,390,82
INS,940,9400000,1787,916,1190,1305,966,415,31
INS,941,9410000,1757,920,1195,1280,1017,423,61
INS,942,9420000,1811,898,1185,1322,994,380,76
INS,943,9430000,1766,892,1167,1339,982,422,71
INS,944,9440000,1791,858,1203,1289,1037,378,76
INS,945,9450000,1797,879,1266,1284,1020,400,183
INS,946,9460000,1808,895,1275,1278,1030,463,47
INS,947,9470000,1811,861,1209,1307,985,384,128
INS,948,9480000,1816,884,1227,1332,977,378,202
INS,949,9490000,1833,916,1192,1247,1002,414,209
INS,950,9500000,1805,918,1162,1356,1052,415,74
INS,951,9510000,1769,913,1135,1283,1001,413,153
INS,952,9520000,1824,872,1215,1308,1015,392,26
INS,953,9530000,1804,859,1185,1350,1015,356,242
INS,954,9540000,1801,932,1181,1338,1016,376,78
INS,955,9550000,1787,900,1205,1324,1048,389,104
INS,956,9560000,1796,919,1157,1274,960,368,198
INS,957,9570000,1806,888,1236,1342,985,399,141
INS,958,9580000,1768,896,1192,1317,1001,374,50
INS,959,9590000,1824,877,1196,1336,951,416,119
INS,960,9600000,1733,887,1228,1323,1011,394,112
INS,961,9610000,1784,887,1164,1322,994,432,136
INS,962,9620000,1790,911,1168,1301,1000,450,190
INS,963,9630000,1792,879,1212,1267,963,426,126
INS,964,9640000,1791,944,1199,1314,1053,423,72
INS,965,9650000,1773,901,1185,1323,970,392,165
INS,966,9660000,1849,882,1177,1322,1052,374,38
INS,967,9670000,1795,937,1194,1309,989,406,29
INS,968,9680000,1827,870,1213,1341,962,413,42
INS,969,9690000,1799,897,1222,1303,1005,382,41
INS,970,9700000,1772,924,1155,1316,998,424,39
INS,971,9710000,1809,881,1260,1302,974,395,88
INS,972,9720000,1794,870,1227,1272,1007,408,62
INS,973,9730000,1796,924,1206,1267,992,398,84
INS,974,9740000,1802,867,1200,1243,965,371,222
INS,975,9750000,1819,929,1190,1279,1026,417,195
INS,976,9760000,1811,882,1213,1285,975,410,128
INS,977,9770000,1830,865,1226,1324,1021,359,194
INS,978,9780000,1788,899,1206,1331,1037,452,43
INS,979,9790000,1815,888,1229,1312,1014,421,26
INS,980,9800000,1767,875,1205,1294,991,389,141
INS,981,9810000,1800,891,1239,1258,1022,389,236
INS,982,9820000,1789,921,1196,1321,992,429,46
INS,983,9830000,1864,897,1208,1255,1001,391,31
INS,984,9840000,1764,879,1213,1292,1016,376,228
INS,985,9850000,1784,913,1208,1322,990,407,73
INS,986,9860000,1798,924,1195,1347,1038,428,196
INS,987,9870000,1815,906,1215,1338,1020,374,151
INS,988,9880000,1808,934,1192,1300,1026,480,240
INS,989,9890000,1805,956,1242,1321,1003,421,9
INS,990,9900000,1801,910,1197,1332,1017,423,214
INS,991,9910000,1846,883,1199,1289,998,393,159
INS,992,9920000,1803,911,1150,1280,1018,428,158
INS,993,9930000,1765,910,1204,1270,950,426,110
INS,994,9940000,1841,895,1194,1343,991,423,33
INS,995,9950000,1781,895,1215,1276,979,482,247
INS,996,9960000,1810,962,1201,1351,1003,425,132
INS,997,9970000,1798,906,1196,1291,1006,406,0
INS,998,9980000,1795,897,1230,1357,1011,400,104
INS,999,9990000,1793,889,1157,1292,1011,394,223
INS,1000,10000000,1782,949,1194,1320,1010,415,118
INS,1001,10010000,1810,892,1178,1343,996,396,80
INS,1002,10020000,1751,905,1212,1294,1041,392,77
INS,1003,10030000,1838,909,1237,1310,1026,339,158
INS,1004,10040000,1802,887,1221,1349,1012,410,197
INS,1005,10050000,1787,924,1218,1306,965,396,129
INS,1006,10060000,1814,882,1211,1355,969,369,150
INS,1007,10070000,1783,928,1214,1317,1020,424,253
INS,1008,10080000,1851,904,1191,1276,995,347,148
INS,1009,10090000,1768,841,1212,1326,1014,415,177
INS,1010,10100000,1856,898,1216,1309,1055,462,158
INS,1011,10110000,1732,881,1190,1346,1056,395,235
INS,1012,10120000,1830,923,1223,1322,978,415,87
INS,1013,10130000,1793,921,1188,1330,1009,381,35
INS,1014,10140000,1849,904,1177,1315,1029,399,103
INS,1015,10150000,1796,905,1214,1321,992,411,86
INS,1016,10160000,1815,876,1214,1297,987,399,52
INS,1017,10170000,1862,856,1184,1305,1004,349,41
INS,1018,10180000,1789,883,1235,1324,953,380,62
INS,1019,10190000,1795,891,1217,1299,1012,377,106
INS,1020,10200000,1807,904,1198,1290,1007,386,124
INS,1021,10210000,1770,869,1207,1299,1024,427,145
INS,1022,10220000,1801,901,1177,1330,1004,385,164
INS,1023,10230000,1805,901,1208,1272,943,397,109
INS,1024,10240000,1827,900,1200,1290,1015,373,205
INS,1025,10250000,1749,931,1154,1276,988,366,81
INS,1026,10260000,1784,901,1185,1272,1029,428,233
INS,1027,10270000,1825,895,1210,1302,966,412,5
INS,1028,10280000,1816,928,1202,1293,936,400,243
INS,1029,10290000,1829,900,1175,1292,1035,381,41
INS,1030,10300000,1788,900,1219,1251,1015,380,255
INS,1031,10310000,1809,906,1148,1276,1015,367,240
INS,1032,10320000,1819,907,1181,1285,1009,385,66
INS,1033,10330000,1824,918,1195,1346,1042,425,247
INS,1034,10340000,1736,955,1204,1269,982,380,40
INS,1035,10350000,1791,938,1232,1284,969,376,121
INS,1036,10360000,1789,875,1248,1261,958,399,78
INS,1037,10370000,1758,886,1195,1346,1022,463,235
INS,1038,10380000,1807,906,1187,1249,948,400,79
INS,1039,10390000,1821,918,1242,1269,1035,383,11
INS,1040,10400000,1796,917,1214,1277,972,426,218
INS,1041,10410000,1800,926,1185,1287,1018,410,3
INS,1042,10420000,1839,874,1205,1275,1055,356,254
INS,1043,10430000,1780,922,1236,1317,1026,414,106
INS,1044,10440000,1772,890,1168,1279,1028,395,216
INS,1045,10450000,1768,893,1234,1307,1021,407,75
INS,1046,10460000,1785,929,1239,1350,980,372,117
INS,1047,10470000,1792,935,1212,1307,996,414,135
INS,1048,10480000,1790,851,1216,1330,1002,391,76
INS,1049,10490000,1768,890,1185,1303,1000,390,49
INS,1050,10500000,1803,852,1181,1323,1009,368,66
INS,1051,10510000,1770,874,1174,1297,988,438,88
INS,1052,10520000,1816,867,1191,1296,995,369,98
INS,1053,10530000,1760,876,1172,1282,966,412,49
INS,1054,10540000,1793,900,1238,1294,1057,403,27
INS,1055,10550000,1815,924,1196,1321,972,401,244
INS,1056,10560000,1834,854,1148,1284,1021,386,159
INS,1057,10570000,1781,905,1183,1285,981,400,184
INS,1058,10580000,1815,925,1187,1254,985,373,205
INS,1059,10590000,1775,929,1207,1308,1031,375,52
INS,1060,10600000,1816,862,1184,1281,981,380,204
INS,1061,10610000,1815,908,1199,1257,1049,394,83
INS,1062,10620000,1806,952,1227,1282,1003,414,162
INS,1063,10630000,1809,969,1216,1271,989,391,140
INS,1064,10640000,1771,903,1188,1281,1018,373,46
INS,1065,10650000,1767,887,1176,1305,1045,397,106
INS,1066,10660000,1774,888,1176,1284,994,379,41
INS,1067,10670000,1826,868,1210,1300,1017,367,151
INS,1068,10680000,1791,933,1242,1316,967,377,206
INS,1069,10690000,1789,920,1195,1263,985,415,164
INS,1070,10700000,1815,907,1241,1269,983,382,211
INS,1071,10710000,1764,907,1223,1329,1021,382,1
INS,1072,10720000,1809,920,1208,1290,1030,418,67
INS,1073,10730000,1778,916,1173,1295,980,439,246
INS,1074,10740000,1758,910,1216,1333,997,416,56
INS,1075,10750000,1773,909,1176,1269,969,408,203
INS,1076,10760000,1781,937,1237,1265,986,365,31
INS,1077,10770000,1828,924,1191,1264,978,390,52
INS,1078,10780000,1766,854,1217,1323,1018,405,77
INS,1079,10790000,1792,908,1218,1306,1017,386,138
INS,1080,10800000,1766,883,1205,1314,1031,401,128
INS,1081,10810000,1836,894,1207,1251,1021,373,127
INS,1082,10820000,1799,934,1222,1289,1002,408,216
INS,1083,10830000,1817,871,1240,1345,1005,399,0
INS,1084,10840000,1807,936,1189,1320,1018,400,10
INS,1085,10850000,1787,894,1197,1243,1040,392,166
INS,1086,10860000,1824,916,1210,1295,952,419,246
INS,1087,10870000,1779,963,1208,1316,986,408,51
INS,1088,10880000,1804,861,1204,1340,1010,421,48
INS,1089,10890000,1807,916,1178,1297,1038,348,9
INS,1090,10900000,1831,874,1235,1290,965,387,24
INS,1091,10910000,1770,875,1206,1242,994,414,216
INS,1092,10920000,1817,948,1165,1315,1014,392,127
INS,1093,10930000,1821,895,1253,1307,994,436,199
INS,1094,10940000,1804,926,1188,1304,957,424,113
INS,1095,10950000,1806,846,1160,1277,949,382,203
INS,1096,10960000,1813,916,1177,1324,1018,377,169
INS,1097,10970000,1785,898,1199,1311,1034,441,229
INS,1098,10980000,1754,920,1209,1333,973,399,166
INS,1099,10990000,1801,903,1216,1269,994,346,124
INS,1100,11000000,1800,922,1204,1364,1014,384,44
INS,1101,11010000,1778,940,1227,1289,1015,420,42
INS,1102,11020000,1796,876,1181,1351,996,411,1
INS,1103,11030000,1787,905,1177,1264,972,395,163
INS,1104,11040000,1774,881,1176,1349,998,383,241
INS,1105,11050000,1789,856,1212,1290,980,382,206
INS,1106,11060000,1783,912,1216,1309,946,409,33
INS,1107,11070000,1740,874,1239,1296,1000,415,39
INS,1108,11080000,1846,946,1198,1255,1064,397,198
INS,1109,11090000,1766,915,1213,1328,1004,361,96
INS,1110,11100000,1836,918,1175,1329,1007,372,163
INS,1111,11110000,1803,882,1193,1297,967,392,77
INS,1112,11120000,1808,860,1200,1322,1022,390,162
INS,1113,11130000,1808,928,1203,1297,1011,409,233
INS,1114,11140000,1786,911,1176,1275,969,419,130
INS,1115,11150000,1814,928,1202,1313,971,402,241
INS,1116,11160000,1803,910,1210,1340,1012,427,74
INS,1117,11170000,1805,897,1176,1296,1047,401,11
INS,1118,11180000,1764,913,1183,1301,1014,409,246
INS,1119,11190000,1791,914,1185,1258,994,376,197
INS,1120,11200000,1803,842,1233,1315,978,375,242
INS,1121,11210000,1797,927,1225,1290,1006,421,123
INS,1122,11220000,1802,908,1171,1302,1036,376,69
INS,1123,11230000,1797,894,1189,1286,1012,330,255
INS,1124,11240000,1816,894,1235,1306,992,380,131
INS,1125,11250000,1797,873,1197,1255,994,388,29
INS,1126,11260000,1777,932,1188,1325,1029,405,198
INS,1127,11270000,1785,894,1209,1348,1021,425,241
INS,1128,11280000,1813,913,1223,1253,998,389,165
INS,1129,11290000,1791,896,1151,1278,988,379,76
INS,1130,11300000,1809,866,1173,1295,979,393,125
INS,1131,11310000,1818,949,1164,1297,998,392,245
INS,1132,11320000,1786,932,1242,1344,1002,409,103
INS,1133,11330000,1805,872,1215,1308,1021,372,254
INS,1134,11340000,1828,919,1254,1292,987,399,101
INS,1135,11350000,1778,926,1171,1328,974,408,24
INS,1136,11360000,1779,871,1183,1324,971,400,240
INS,1137,11370000,1778,927,1242,1256,997,387,60
INS,1138,11380000,1790,914,1195,1295,979,422,85
INS,1139,11390000,1826,887,1218,1275,995,386,94
INS,1140,11400000,1793,865,1186,1280,1040,378,66
INS,1141,11410000,1835,950,1217,1281,992,382,198
INS,1142,11420000,1800,885,1212,1315,1024,413,207
INS,1143,11430000,1776,920,1205,1315,1002,398,191
INS,1144,11440000,1866,909,1231,1323,995,400,60
INS,1145,11450000,1785,866,1247,1281,962,406,156
INS,1146,11460000,1804,924,1168,1278,992,387,179
INS,1147,11470000,1843,930,1181,1309,987,460,97
INS,1148,11480000,1757,929,1238,1282,1012,392,14
INS,1149,11490000,1767,904,1205,1328,997,398,20
INS,1150,11500000,1793,902,1191,1339,1021,408,92
INS,1151,11510000,1771,898,1189,1291,993,478,75
INS,1152,11520000,1817,902,1199,1312,1017,377,96
INS,1153,11530000,1804,875,1192,1320,991,412,83
INS,1154,11540000,1753,896,1233,1305,1002,388,83
INS,1155,11550000,1822,878,1179,1320,1024,389,135
INS,1156,11560000,1766,912,1216,1293,1062,399,188
INS,1157,11570000,1843,894,1221,1342,1025,413,39
INS,1158,11580000,1813,873,1196,1268,1018,396,138
INS,1159,11590000,1771,876,1218,1273,1016,434,179
INS,1160,11600000,1857,889,1209,1254,973,406,196
INS,1161,11610000,1833,913,1191,1287,1009,378,236
INS,1162,11620000,1805,894,1183,1297,1029,398,248
INS,1163,11630000,1831,911,1220,1320,1007,367,59
INS,1164,11640000,1851,926,1140,1293,987,394,11
INS,1165,11650000,1810,911,1201,1287,1026,378,50
INS,1166,11660000,1810,883,1191,1296,998,410,42
INS,1167,11670000,1770,927,1211,1295,1004,397,75
INS,1168,11680000,1804,887,1182,1307,986,381,35
INS,1169,11690000,1813,926,1123,1322,1031,351,71
INS,1170,11700000,1822,888,1163,1292,1009,419,115
INS,1171,11710000,1818,894,1217,1316,988,393,165
INS,1172,11720000,1818,905,1135,1305,983,430,132
INS,1173,11730000,1829,892,1190,1336,1024,417,5
INS,1174,11740000,1771,890,1149,1323,982,426,131
INS,1175,11750000,1775,938,1227,1287,990,373,197
INS,1176,11760000,1824,888,1233,1320,988,416,37
INS,1177,11770000,1815,919,1185,1265,1021,364,210
INS,1178,11780000,1759,898,1216,1268,1053,379,231
INS,1179,11790000,1802,945,1215,1289,1004,410,84
INS,1180,11800000,1793,920,1216,1298,1010,397,70
INS,1181,11810000,1819,891,1222,1295,981,393,54
INS,1182,11820000,1837,885,1173,1303,973,420,61
INS,1183,11830000,1830,885,1239,1305,1008,397,151
INS,1184,11840000,1822,861,1190,1342,976,373,68
INS,1185,11850000,1822,904,1194,1299,948,375,63
INS,1186,11860000,1799,892,1206,1297,1031,380,143
INS,1187,11870000,1832,939,1175,1282,1021,423,227
INS,1188,11880000,1800,893,1217,1274,1047,368,171
INS,1189,11890000,1844,861,1223,1315,979,427,238
INS,1190,11900000,1768,921,1178,1274,997,395,139
INS,1191,11910000,1785,945,1219,1332,996,412,56
INS,1192,11920000,1805,871,1199,1359,961,402,237
INS,1193,11930000,1745,857,1180,1260,1007,406,112
INS,1194,11940000,1780,895,1221,1309,1019,461,103
INS,1195,11950000,1767,912,1188,1280,1043,426,51
INS,1196,11960000,1818,880,1192,1276,1011,390,19
INS,1197,11970000,1821,917,1138,1300,996,411,52
INS,1198,11980000,1781,909,1205,1324,1002,365,72
INS,1199,11990000,1797,888,1248,1285,936,394,51
INS,1200,12000000,1780,938,1175,1289,1011,414,127
INS,1201,12010000,1817,898,1180,1295,986,377,90
INS,1202,12020000,1762,872,1250,1288,1050,395,171
INS,1203,12030000,1775,912,1228,1316,982,398,182
INS,1204,12040000,1805,903,1193,1321,1030,375,215
INS,1205,12050000,1828,916,1215,1278,1005,385,232
INS,1206,12060000,1798,908,1162,1303,948,408,149
INS,1207,12070000,1809,879,1209,1327,966,446,19
INS,1208,12080000,1790,962,1231,1297,995,456,131
INS,1209,12090000,1781,941,1198,1294,964,416,11
INS,1210,12100000,1792,907,1203,1268,1070,388,62
INS,1211,12110000,1803,850,1199,1335,983,403,24
INS,1212,12120000,1779,934,1170,1293,956,418,18
INS,1213,12130000,1799,882,1213,1310,1006,343,38
INS,1214,12140000,1844,858,1160,1267,976,410,17
INS,1215,12150000,1746,850,1182,1315,1038,402,52
INS,1216,12160000,1867,921,1214,1326,943,394,201
INS,1217,12170000,1757,909,1220,1358,975,387,159
INS,1218,12180000,1797,894,1214,1339,1005,407,226
INS,1219,12190000,1825,945,1191,1289,997,395,229
INS,1220,12200000,1759,874,1170,1301,1017,384,109
INS,1221,12210000,1822,864,1186,1300,994,416,203
INS,1222,12220000,1750,936,1192,1256,1000,446,218
INS,1223,12230000,1798,893,1199,1288,996,387,216
INS,1224,12240000,1812,873,1153,1293,1034,406,243
INS,1225,12250000,1805,881,1208,1304,1018,372,21
INS,1226,12260000,1831,951,1208,1294,1000,416,150
INS,1227,12270000,1783,894,1198,1284,1033,353,12
INS,1228,12280000,1799,878,1243,1321,1036,378,139
INS,1229,12290000,1820,907,1165,1241,982,419,35
INS,1230,12300000,1791,915,1210,1288,990,346,58
INS,1231,12310000,1785,948,1169,1318,968,372,95
INS,1232,12320000,1799,902,1198,1278,1019,426,174
INS,1233,12330000,1781,933,1210,1285,1004,451,233
INS,1234,12340000,1801,907,1175,1315,993,424,201
INS,1235,12350000,1826,913,1179,1313,1001,350,185
INS,1236,12360000,1812,889,1149,1304,968,389,131
INS,1237,12370000,1780,913,1241,1295,964,451,25
INS,1238,12380000,1777,890,1170,1304,1036,404,235
INS,1239,12390000,1803,933,1171,1283,994,380,235
INS,1240,12400000,1778,875,1195,1311,1007,434,32
INS,1241,12410000,1836,885,1230,1293,988,416,97
INS,1242,12420000,1801,886,1216,1312,977,432,90
INS,1243,12430000,1817,895,1239,1279,998,406,117
INS,1244,12440000,1822,931,1182,1287,979,410,111
INS,1245,12450000,1804,902,1218,1340,997,424,202
INS,1246,12460000,1808,882,1171,1279,1017,333,24
INS,1247,12470000,1794,887,1217,1295,1025,429,198
INS,1248,12480000,1806,940,1202,1288,973,388,165
INS,1249,12490000,1773,891,1237,1301,1026,401,214
INS,1250,12500000,1767,885,1151,1282,944,404,35
INS,1251,12510000,1820,867,1201,1329,994,412,242
INS,1252,12520000,1792,913,1190,1310,1035,381,1
INS,1253,12530000,1789,876,1226,1358,988,357,247
INS,1254,12540000,1805,950,1227,1288,1015,385,84
INS,1255,12550000,1801,934,1192,1285,1008,393,44
INS,1256,12560000,1813,855,1211,1300,984,425,36
INS,1257,12570000,1798,873,1207,1301,994,450,88
INS,1258,12580000,1788,924,1198,1298,1009,365,64
INS,1259,12590000,1814,946,1233,1273,1033,341,139
INS,1260,12600000,1771,953,1219,1265,999,391,114
INS,1261,12610000,1802,890,1209,1261,1011,349,55
INS,1262,12620000,1828,895,1177,1278,1018,392,138
INS,1263,12630000,1795,857,1233,1328,1020,434,234
INS,1264,12640000,1756,898,1232,1310,1001,382,163
INS,1265,12650000,1770,885,1251,1316,989,370,182
INS,1266,12660000,1780,907,1185,1297,1007,405,199
INS,1267,12670000,1799,920,1215,1310,983,421,27
INS,1268,12680000,1795,912,1156,1316,997,371,199
INS,1269,12690000,1767,898,1200,1269,974,319,96
INS,1270,12700000,1795,920,1177,1311,1016,399,48
INS,1271,12710000,1804,901,1194,1309,998,375,28
INS,1272,12720000,1827,901,1217,1313,974,387,83
INS,1273,12730000,1789,916,1243,1289,989,398,105
INS,1274,12740000,1800,877,1213,1320,1027,351,86
INS,1275,12750000,1779,902,1171,1295,966,422,50
INS,1276,12760000,1795,908,1187,1282,998,398,100
INS,1277,12770000,1824,918,1192,1274,969,360,86
INS,1278,12780000,1804,887,1165,1345,970,422,159
INS,1279,12790000,1853,926,1215,1237,1017,459,34
INS,1280,12800000,1802,824,1208,1293,1007,388,122
INS,1281,12810000,1775,855,1212,1299,1020,353,131
INS,1282,12820000,1840,900,1199,1282,991,367,213
INS,1283,12830000,1811,910,1214,1311,989,467,97
INS,1284,12840000,1793,953,1212,1267,996,397,30
INS,1285,12850000,1785,871,1215,1313,1025,410,48
INS,1286,12860000,1800,863,1136,1250,954,378,83
INS,1287,12870000,1806,932,1166,1295,1000,406,68
INS,1288,12880000,1815,945,1210,1294,1034,413,191
INS,1289,12890000,1781,959,1218,1295,981,371,102
INS,1290,12900000,1808,887,1196,1295,986,364,50
INS,1291,12910000,1770,894,1200,1276,1016,377,64
INS,1292,12920000,1785,907,1245,1308,995,421,209
INS,1293,12930000,1803,878,1142,1321,970,435,114
INS,1294,12940000,1789,908,1179,1316,1025,412,211
INS,1295,12950000,1761,908,1201,1271,964,425,129
INS,1296,12960000,1762,929,1206,1324,958,352,147
INS,1297,12970000,1814,874,1217,1308,1021,377,244
INS,1298,12980000,1847,916,1207,1326,986,355,31
INS,1299,12990000,1798,909,1179,1315,991,374,233
INS,1300,13000000,1824,878,1232,1321,1001,417,101
INS,1301,13010000,1788,907,1203,1301,998,394,36
INS,1302,13020000,1769,904,1228,1297,997,425,82
INS,1303,13030000,1784,897,1202,1250,979,373,220
INS,1304,13040000,1833,936,1198,1273,1031,396,163
INS,1305,13050000,1805,899,1199,1277,971,407,71
INS,1306,13060000,1762,955,1181,1335,1001,405,169
INS,1307,13070000,1770,933,1259,1252,1014,448,223
INS,1308,13080000,1810,906,1192,1297,970,363,102
INS,1309,13090000,1769,896,1221,1267,1010,415,159
INS,1310,13100000,1800,915,1183,1257,1046,370,169
INS,1311,13110000,1815,881,1194,1280,1027,419,231
INS,1312,13120000,1849,915,1197,1323,1040,426,126
INS,1313,13130000,1797,886,1214,1286,1026,398,0
INS,1314,13140000,1802,887,1198,1304,1022,397,20
INS,1315,13150000,1761,890,1214,1297,1027,398,14
INS,1316,13160000,1787,857,1207,1275,975,385,186
INS,1317,13170000,1822,868,1219,1300,971,396,37
INS,1318,13180000,1814,922,1192,1333,1028,414,181
INS,1319,13190000,1813,921,1192,1314,1035,404,174
INS,1320,13200000,1771,886,1207,1276,985,380,17
INS,1321,13210000,1788,908,1182,1319,981,396,103
INS,1322,13220000,1841,888,1227,1293,990,417,202
INS,1323,13230000,1782,908,1171,1333,1004,414,175
INS,1324,13240000,1791,877,1201,1276,1005,383,113
INS,1325,13250000,1819,864,1166,1319,1006,407,178
INS,1326,13260000,1812,899,1269,1277,973,381,225
INS,1327,13270000,1756,903,1165,1308,993,414,170
INS,1328,13280000,1788,875,1190,1321,997,396,215
INS,1329,13290000,1788,877,1189,1291,977,378,165
INS,1330,13300000,1802,862,1228,1261,1022,377,234
INS,1331,13310000,1775,909,1184,1286,977,406,236
INS,1332,13320000,1779,938,1183,1278,984,433,55
INS,1333,13330000,1795,933,1185,1322,988,491,191
INS,1334,13340000,1765,900,1187,1300,982,410,38
INS,1335,13350000,1790,872,1191,1346,1038,398,146
INS,1336,13360000,1786,905,1188,1306,992,412,117
INS,1337,13370000,1792,900,1188,1319,984,390,118
INS,1338,13380000,1785,863,1218,1290,996,446,160
INS,1339,13390000,1748,897,1192,1263,991,396,66
INS,1340,13400000,1774,877,1173,1311,970,428,129
INS,1341,13410000,1796,919,1183,1259,1020,440,230
INS,1342,13420000,1795,936,1167,1277,970,424,199
INS,1343,13430000,1791,910,1165,1330,1006,385,234
INS,1344,13440000,1786,903,1219,1333,980,411,40
INS,1345,13450000,1821,878,1249,1315,996,354,38
INS,1346,13460000,1805,920,1186,1291,1009,433,86
INS,1347,13470000,1777,876,1190,1325,961,405,249
INS,1348,13480000,1763,877,1207,1315,975,465,78
INS,1349,13490000,1804,895,1214,1323,1026,461,216
INS,1350,13500000,1815,881,1218,1317,991,381,113
INS,1351,13510000,1792,922,1176,1333,994,360,104
INS,1352,13520000,1848,894,1234,1257,989,382,148
INS,1353,13530000,1736,905,1175,1328,1017,408,130
INS,1354,13540000,1812,897,1184,1313,1020,419,223
INS,1355,13550000,1824,917,1178,1290,1024,418,246
INS,1356,13560000,1848,885,1200,1295,983,420,243
INS,1357,13570000,1757,890,1191,1217,1042,378,104
INS,1358,13580000,1808,955,1208,1304,1025,413,103
INS,1359,13590000,1823,885,1168,1303,973,401,216
INS,1360,13600000,1802,929,1187,1351,1052,396,141
INS,1361,13610000,1787,893,1222,1256,974,389,218
INS,1362,13620000,1844,872,1192,1305,974,366,11
INS,1363,13630000,1759,875,1200,1315,1013,372,9
INS,1364,13640000,1797,913,1155,1311,997,431,96
INS,1365,13650000,1806,918,1242,1272,981,395,123
INS,1366,13660000,1789,908,1194,1291,1024,378,110
INS,1367,13670000,1804,895,1218,1288,1001,402,151
INS,1368,13680000,1821,862,1253,1291,976,390,153
INS,1369,13690000,1787,872,1200,1318,1005,384,143
INS,1370,13700000,1847,907,1183,1335,997,372,235
INS,1371,13710000,1819,858,1206,1292,991,408,185
INS,1372,13720000,1770,916,1171,1306,1001,443,235
INS,1373,13730000,1817,905,1247,1302,1019,432,111
INS,1374,13740000,1798,893,1244,1299,977,368,241
INS,1375,13750000,1873,915,1205,1287,949,436,88
INS,1376,13760000,1838,924,1229,1304,966,403,104
INS,1377,13770000,1773,894,1175,1315,1012,382,8
INS,1378,13780000,1815,892,1199,1254,996,387,17
INS,1379,13790000,1769,863,1212,1326,971,394,26
INS,1380,13800000,1816,889,1217,1281,990,376,77
INS,1381,13810000,1800,925,1157,1291,1007,424,129
INS,1382,13820000,1749,892,1214,1331,1001,422,151
INS,1383,13830000,1780,889,1211,1327,991,392,149
INS,1384,13840000,1835,902,1178,1319,978,431,219
INS,1385,13850000,1796,876,1212,1325,965,394,161
INS,1386,13860000,1780,945,1122,1247,1056,411,171
INS,1387,13870000,1834,872,1200,1316,1017,436,46
INS,1388,13880000,1814,870,1227,1302,1052,433,86
INS,1389,13890000,1812,849,1235,1278,1020,372,227
INS,1390,13900000,1833,920,1203,1322,960,336,252
INS,1391,13910000,1768,893,1200,1333,984,349,222
INS,1392,13920000,1814,890,1182,1302,970,420,34
INS,1393,13930000,1843,917,1183,1290,995,374,75
INS,1394,13940000,1802,895,1205,1313,1009,382,96
INS,1395,13950000,1745,861,1223,1273,1012,436,57
INS,1396,13960000,1750,888,1183,1282,1064,409,100
INS,1397,13970000,1772,908,1203,1288,1022,351,85
INS,1398,13980000,1820,889,1224,1319,929,395,134
INS,1399,13990000,1754,872,1173,1269,1018,351,12
INS,1400,14000000,1799,927,1216,1301,1025,431,35
INS,1401,14010000,1764,925,1235,1280,1013,447,17
INS,1402,14020000,1785,887,1211,1326,1010,426,15
INS,1403,14030000,1788,937,1204,1263,1013,460,52
INS,1404,14040000,1838,908,1207,1291,1003,433,84
INS,1405,14050000,1845,890,1228,1339,975,420,118
INS,1406,14060000,1776,887,1226,1308,1032,445,112
INS,1407,14070000,1786,864,1201,1300,1028,403,37
INS,1408,14080000,1765,887,1225,1330,972,410,61
INS,1409,14090000,1812,889,1180,1271,1033,375,49
INS,1410,14100000,1789,871,1194,1292,1009,420,81
INS,1411,14110000,1778,837,1233,1318,988,385,62
INS,1412,14120000,1831,880,1225,1329,1013,354,172
INS,1413,14130000,1801,920,1176,1301,1008,400,163
INS,1414,14140000,1765,905,1210,1249,1000,395,98
INS,1415,14150000,1859,859,1197,1316,977,413,212
INS,1416,14160000,1798,857,1238,1339,1019,406,9
INS,1417,14170000,1826,888,1221,1345,1016,391,56
INS,1418,14180000,1779,908,1218,1331,982,359,219
INS,1419,14190000,1771,921,1179,1287,1022,366,205
INS,1420,14200000,1845,956,1218,1308,1001,430,178
INS,1421,14210000,1793,893,1210,1274,994,433,34
INS,1422,14220000,1842,892,1200,1347,996,416,147
INS,1423,14230000,1810,926,1209,1303,1056,396,171
INS,1424,14240000,1783,884,1261,1306,1005,408,135
INS,1425,14250000,1761,921,1214,1336,981,420,138
INS,1426,14260000,1813,923,1197,1301,1010,406,172
INS,1427,14270000,1764,898,1216,1294,979,433,123
INS,1428,14280000,1799,919,1165,1311,1015,402,167
INS,1429,14290000,1815,889,1134,1296,1052,376,135
INS,1430,14300000,1773,916,1213,1296,1017,404,209
INS,1431,14310000,1784,922,1214,1358,1011,440,80
INS,1432,14320000,1807,921,1203,1349,1018,393,59
INS,1433,14330000,1841,865,1207,1316,1037,420,71
INS,1434,14340000,1821,913,1201,1280,1051,399,67
INS,1435,14350000,1795,889,1176,1265,993,422,215
INS,1436,14360000,1812,888,1178,1293,1030,371,8
INS,1437,14370000,1780,914,1188,1307,991,386,19
INS,1438,14380000,1772,900,1174,1293,1025,410,44
INS,1439,14390000,1811,909,1214,1298,1038,414,171
INS,1440,14400000,1824,943,1233,1278,952,406,140
INS,1441,14410000,1795,926,1175,1273,1006,380,76
INS,1442,14420000,1800,897,1193,1312,956,390,86
INS,1443,14430000,1804,854,1171,1308,948,362,2
INS,1444,14440000,1817,929,1201,1309,996,375,199
INS,1445,14450000,1799,886,1198,1314,977,404,167
INS,1446,14460000,1812,943,1170,1301,992,416,240
INS,1447,14470000,1796,888,1173,1295,987,369,131
INS,1448,14480000,1820,895,1189,1287,986,389,206
INS,1449,14490000,1796,891,1194,1303,985,401,227
INS,1450,14500000,1785,905,1197,1257,995,439,252
INS,1451,14510000,1831,930,1210,1331,951,418,106
INS,1452,14520000,1800,885,1226,1256,1000,387,6
INS,1453,14530000,1773,908,1206,1287,1009,374,26
INS,1454,14540000,1814,908,1208,1308,1025,389,138
INS,1455,14550000,1797,920,1237,1305,1026,414,202
INS,1456,14560000,1824,918,1197,1289,1047,394,189
INS,1457,14570000,1754,889,1200,1276,1040,370,66
INS,1458,14580000,1812,924,1195,1323,971,403,182
INS,1459,14590000,1791,924,1191,1264,939,368,48
INS,1460,14600000,1748,893,1246,1345,1037,449,50
INS,1461,14610000,1755,873,1202,1307,994,426,162
INS,1462,14620000,1843,889,1190,1241,971,369,125
INS,1463,14630000,1775,918,1241,1332,1037,389,75
INS,1464,14640000,1798,927,1213,1281,999,348,222
INS,1465,14650000,1757,908,1195,1293,1036,397,3
INS,1466,14660000,1764,874,1232,1318,1033,391,46
INS,1467,14670000,1767,865,1207,1254,984,440,224
INS,1468,14680000,1777,892,1243,1283,1011,433,107
INS,1469,14690000,1775,891,1177,1308,972,382,246
INS,1470,14700000,1774,911,1186,1282,1005,413,73
INS,1471,14710000,1765,933,1228,1293,1016,382,136
INS,1472,14720000,1827,866,1193,1307,952,391,72
INS,1473,14730000,1766,904,1159,1286,1006,433,107
INS,1474,14740000,1751,899,1169,1264,1023,357,33
INS,1475,14750000,1790,928,1204,1277,1031,416,233
INS,1476,14760000,1793,903,1180,1229,939,387,35
INS,1477,14770000,1850,908,1204,1278,1019,428,52
INS,1478,14780000,1784,875,1264,1351,996,362,14
INS,1479,14790000,1853,884,1177,1272,1000,403,244
INS,1480,14800000,1780,912,1205,1297,994,409,13
INS,1481,14810000,1785,928,1193,1279,945,363,182
INS,1482,14820000,1771,885,1211,1306,1003,428,54
INS,1483,14830000,1851,890,1143,1307,989,431,78
INS,1484,14840000,1824,880,1180,1317,971,425,81
INS,1485,14850000,1848,855,1202,1283,986,408,83
INS,1486,14860000,1811,900,1197,1303,984,391,104
INS,1487,14870000,1843,890,1193,1296,972,361,90
INS,1488,14880000,1807,883,1223,1284,1044,395,188
INS,1489,14890000,1833,890,1169,1329,1033,448,15
INS,1490,14900000,1820,944,1230,1302,1013,406,45
INS,1491,14910000,1825,918,1211,1288,967,411,223
INS,1492,14920000,1782,888,1211,1285,981,375,142
INS,1493,14930000,1803,829,1207,1269,1039,437,221
INS,1494,14940000,1749,890,1159,1311,990,366,119
INS,1495,14950000,1806,917,1170,1272,1005,411,252
INS,1496,14960000,1816,917,1226,1335,1019,407,152
INS,1497,14970000,1823,910,1211,1317,1030,397,137
INS,1498,14980000,1800,900,1140,1276,1003,352,193
INS,1499,14990000,1802,884,1158,1344,1010,414,95
INS,1500,15000000,1828,909,1182,1273,1003,384,79
INS,1501,15010000,1794,885,1201,1230,1016,399,42
INS,1502,15020000,1830,854,1211,1285,999,371,84
INS,1503,15030000,1779,887,1218,1335,1046,387,203
INS,1504,15040000,1827,953,1187,1279,1036,333,183
INS,1505,15050000,1851,844,1239,1313,997,373,202
INS,1506,15060000,1781,924,1210,1296,1021,416,250
INS,1507,15070000,1778,917,1257,1261,1015,424,15
INS,1508,15080000,1819,884,1204,1276,996,405,220
INS,1509,15090000,1778,901,1197,1273,992,360,154
INS,1510,15100000,1792,894,1184,1300,978,390,208
INS,1511,15110000,1810,922,1154,1279,1036,388,20
INS,1512,15120000,1783,890,1182,1298,983,383,223
INS,1513,15130000,1785,913,1207,1289,1029,383,71
INS,1514,15140000,1769,859,1201,1300,996,402,9
INS,1515,15150000,1781,956,1156,1291,1013,370,66
INS,1516,15160000,1806,833,1220,1293,1013,406,87
INS,1517,15170000,1748,890,1190,1307,1009,438,115
INS,1518,15180000,1829,905,1243,1324,974,365,190
INS,1519,15190000,1796,970,1218,1306,995,388,240
INS,1520,15200000,1803,930,1140,1312,978,381,128
INS,1521,15210000,1771,873,1180,1301,965,404,95
INS,1522,15220000,1786,932,1211,1250,1005,377,179
INS,1523,15230000,1819,879,1253,1286,1001,407,24
INS,1524,15240000,1732,905,1133,1301,999,405,127
INS,1525,15250000,1777,927,1212,1287,988,416,20
INS,1526,15260000,1818,913,1232,1301,989,370,53
INS,1527,15270000,1784,966,1144,1263,991,427,22
INS,1528,15280000,1808,927,1185,1287,1036,403,110
INS,1529,15290000,1803,889,1171,1307,989,408,48
INS,1530,15300000,1794,914,1219,1307,1003,416,151
INS,1531,15310000,1806,884,1181,1339,941,407,73
INS,1532,15320000,1799,910,1204,1311,1027,454,237
INS,1533,15330000,1809,885,1249,1290,1042,451,19
INS,1534,15340000,1774,908,1233,1299,990,398,168
INS,1535,15350000,1776,912,1231,1331,1035,359,227
INS,1536,15360000,1762,859,1230,1272,977,387,87
INS,1537,15370000,1797,926,1188,1284,983,377,172
INS,1538,15380000,1782,846,1194,1269,1012,435,172
INS,1539,15390000,1799,900,1210,1279,1009,384,232
INS,1540,15400000,1770,894,1193,1310,996,416,247
INS,1541,15410000,1747,818,1210,1284,989,395,128
INS,1542,15420000,1807,872,1211,1328,980,379,23
INS,1543,15430000,1815,888,1188,1311,1030,401,96
INS,1544,15440000,1768,914,1195,1274,989,394,14
INS,1545,15450000,1771,884,1195,1323,990,354,14
INS,1546,15460000,1823,925,1212,1285,1024,393,176
INS,1547,15470000,1771,912,1205,1283,1023,398,123
INS,1548,15480000,1807,864,1208,1298,981,401,107
INS,1549,15490000,1753,874,1193,1251,1005,401,42
INS,1550,15500000,1770,873,1173,1252,975,395,20
INS,1551,15510000,1782,905,1176,1300,971,338,71
INS,1552,15520000,1849,906,1236,1330,1026,419,126
INS,1553,15530000,1779,914,1224,1275,1009,415,249
INS,1554,15540000,1824,925,1190,1292,949,443,17
INS,1555,15550000,1784,875,1200,1301,1045,417,33
INS,1556,15560000,1786,918,1167,1300,1011,444,54
INS,1557,15570000,1788,879,1174,1286,984,362,174
INS,1558,15580000,1785,904,1223,1320,1010,407,111
INS,1559,15590000,1876,839,1237,1306,976,414,127
INS,1560,15600000,1811,883,1213,1309,1004,409,125
INS,1561,15610000,1821,883,1167,1256,1002,356,254
INS,1562,15620000,1764,878,1234,1311,972,364,53
INS,1563,15630000,1843,864,1231,1298,1014,398,195
INS,1564,15640000,1771,846,1207,1357,1000,384,129
INS,1565,15650000,1837,902,1207,1281,1039,400,247
INS,1566,15660000,1794,897,1215,1236,1023,411,174
INS,1567,15670000,1831,943,1197,1344,972,436,82
INS,1568,15680000,1849,896,1216,1293,1004,363,253
INS,1569,15690000,1795,890,1238,1266,967,448,253
INS,1570,15700000,1781,925,1228,1252,985,441,22
INS,1571,15710000,1780,879,1166,1280,1047,363,198
INS,1572,15720000,1812,863,1215,1318,982,326,216
INS,1573,15730000,1788,831,1208,1297,997,396,234
INS,1574,15740000,1792,901,1213,1292,980,411,67
INS,1575,15750000,1795,915,1217,1283,989,424,118
INS,1576,15760000,1787,902,1225,1272,1035,363,96
INS,1577,15770000,1797,885,1194,1275,986,396,62
INS,1578,15780000,1810,939,1218,1303,1020,394,230
INS,1579,15790000,1777,938,1200,1275,1007,405,165
INS,1580,15800000,1768,850,1175,1300,994,441,108
INS,1581,15810000,1812,913,1237,1280,1051,407,41
INS,1582,15820000,1795,891,1206,1299,996,382,183
INS,1583,15830000,1803,880,1177,1321,971,448,231
INS,1584,15840000,1831,879,1200,1307,1037,364,10
INS,1585,15850000,1789,868,1215,1291,1012,387,227
INS,1586,15860000,1811,920,1200,1350,1013,410,130
INS,1587,15870000,1776,837,1175,1288,964,409,148
INS,1588,15880000,1830,932,1191,1291,999,411,114
INS,1589,15890000,1797,870,1244,1339,1040,374,141
INS,1590,15900000,1805,911,1233,1313,1005,401,162
INS,1591,15910000,1745,869,1177,1244,1013,405,220
INS,1592,15920000,1775,883,1205,1333,996,408,128
INS,1593,15930000,1802,905,1214,1262,991,368,87
INS,1594,15940000,1785,899,1168,1259,998,422,93
INS,1595,15950000,1820,930,1186,1281,1035,421,252
INS,1596,15960000,1804,908,1192,1305,978,425,208
INS,1597,15970000,1823,892,1195,1284,993,425,225
INS,1598,15980000,1824,895,1180,1327,990,371,217
INS,1599,15990000,1810,905,1177,1269,1009,403,220
INS,1600,16000000,1839,925,1187,1291,986,361,253
INS,1601,16010000,1780,884,1204,1337,991,396,17
INS,1602,16020000,1845,921,1190,1333,948,398,77
INS,1603,16030000,1770,923,1233,1290,993,417,85
INS,1604,16040000,1798,929,1197,1288,1020,390,98
INS,1605,16050000,1778,887,1172,1312,1009,425,76
INS,1606,16060000,1810,884,1171,1280,990,363,8
INS,1607,16070000,1766,928,1201,1299,1001,418,140
INS,1608,16080000,1838,918,1193,1272,972,426,163
INS,1609,16090000,1830,928,1214,1295,1028,413,13
INS,1610,16100000,1769,844,1213,1310,1020,388,122
INS,1611,16110000,1799,923,1168,1288,1022,422,217
INS,1612,16120000,1751,928,1212,1299,1017,377,196
INS,1613,16130000,1808,862,1203,1323,1032,422,23
INS,1614,16140000,1775,901,1110,1343,938,425,138
INS,1615,16150000,1804,878,1269,1312,1031,430,131
INS,1616,16160000,1818,928,1147,1282,941,407,203
INS,1617,16170000,1802,898,1205,1296,1007,379,28
INS,1618,16180000,1801,906,1221,1320,1026,412,144
INS,1619,16190000,1853,864,1176,1299,975,409,51
INS,1620,16200000,1827,855,1230,1298,995,379,76
INS,1621,16210000,1761,916,1197,1328,1006,398,115
INS,1622,16220000,1794,902,1187,1340,976,387,112
INS,1623,16230000,1801,952,1229,1284,967,363,139
INS,1624,16240000,1781,899,1190,1314,1033,382,159
INS,1625,16250000,1785,924,1208,1385,1011,412,46
INS,1626,16260000,1827,890,1199,1258,1000,422,190
INS,1627,16270000,1813,910,1245,1286,1055,378,42
INS,1628,16280000,1757,858,1149,1292,1000,402,86
INS,1629,16290000,1819,890,1169,1288,1007,432,250
INS,1630,16300000,1796,896,1235,1289,1019,422,63
INS,1631,16310000,1770,904,1180,1299,989,413,234
INS,1632,16320000,1833,877,1176,1291,1028,346,247
INS,1633,16330000,1800,886,1216,1302,989,407,57
INS,1634,16340000,1767,867,1188,1274,1009,405,240
INS,1635,16350000,1789,925,1196,1310,1019,395,125
INS,1636,16360000,1819,910,1214,1302,1005,413,171
INS,1637,16370000,1815,903,1177,1280,983,413,96
INS,1638,16380000,1800,899,1200,1268,1011,404,124
INS,1639,16390000,1743,909,1207,1307,992,425,142
INS,1640,16400000,1814,887,1218,1315,1013,355,178
INS,1641,16410000,1812,936,1196,1293,964,404,198
INS,1642,16420000,1828,908,1211,1306,1026,376,9
INS,1643,16430000,1782,913,1182,1295,1012,380,191
INS,1644,16440000,1829,894,1214,1291,1006,409,31
INS,1645,16450000,1757,925,1217,1277,970,431,238
INS,1646,16460000,1809,905,1246,1315,1047,408,152
INS,1647,16470000,1803,913,1224,1254,1010,406,49
INS,1648,16480000,1819,918,1198,1290,1015,414,110
INS,1649,16490000,1844,927,1221,1325,981,399,170
INS,1650,16500000,1865,898,1263,1296,1012,458,26
INS,1651,16510000,1802,908,1208,1285,982,386,78
INS,1652,16520000,1811,869,1207,1286,1012,399,108
INS,1653,16530000,1843,884,1232,1265,1038,409,212
INS,1654,16540000,1815,915,1181,1356,1024,343,192
INS,1655,16550000,1809,843,1170,1276,988,440,101
INS,1656,16560000,1823,866,1168,1300,1010,364,123
INS,1657,16570000,1794,871,1209,1278,985,432,178
INS,1658,16580000,1801,888,1174,1238,929,380,36
INS,1659,16590000,1781,839,1222,1298,1026,376,185
INS,1660,16600000,1838,934,1234,1346,992,374,122
INS,1661,16610000,1835,900,1177,1294,1002,366,251
INS,1662,16620000,1782,959,1210,1293,1028,390,100
INS,1663,16630000,1787,910,1190,1296,1005,359,2
INS,1664,16640000,1795,857,1195,1297,997,374,243
INS,1665,16650000,1787,967,1165,1340,1009,377,134
INS,1666,16660000,1803,943,1219,1309,956,388,124
INS,1667,16670000,1795,885,1249,1300,1005,415,172
INS,1668,16680000,1811,898,1158,1313,1011,367,98
INS,1669,16690000,1727,921,1216,1338,984,381,124
INS,1670,16700000,1776,954,1213,1351,978,411,1
INS,1671,16710000,1816,904,1191,1275,986,403,166
INS,1672,16720000,1778,908,1217,1273,1006,386,176
INS,1673,16730000,1742,860,1205,1298,1018,384,132
INS,1674,16740000,1766,916,1207,1280,983,427,221
INS,1675,16750000,1786,883,1191,1315,1013,373,220
INS,1676,16760000,1820,892,1220,1261,1010,372,251
INS,1677,16770000,1780,932,1229,1337,995,461,171
INS,1678,16780000,1792,924,1148,1305,997,394,14
INS,1679,16790000,1833,880,1185,1268,1007,368,12
INS,1680,16800000,1797,887,1229,1315,1011,422,149
INS,1681,16810000,1792,862,1237,1266,1042,430,134
INS,1682,16820000,1838,937,1194,1339,967,388,185
INS,1683,16830000,1822,872,1147,1300,975,442,97
INS,1684,16840000,1797,893,1197,1287,1033,415,178
INS,1685,16850000,1816,906,1227,1272,1026,394,214
INS,1686,16860000,1783,881,1200,1306,1048,389,197
INS,1687,16870000,1785,886,1185,1291,1077,420,251
INS,1688,16880000,1790,912,1221,1314,970,366,197
INS,1689,16890000,1771,953,1230,1282,994,411,26
INS,1690,16900000,1799,871,1182,1346,988,384,228
INS,1691,16910000,1759,930,1196,1281,989,415,245
INS,1692,16920000,1815,895,1199,1337,1025,374,81
INS,1693,16930000,1809,939,1201,1352,998,388,140
INS,1694,16940000,1802,932,1186,1268,989,396,43
INS,1695,16950000,1776,836,1208,1316,985,363,227
INS,1696,16960000,1819,933,1201,1334,992,420,203
INS,1697,16970000,1801,913,1172,1306,1000,378,91
INS,1698,16980000,1792,915,1186,1304,1003,400,138
INS,1699,16990000,1790,907,1230,1266,1014,349,111
INS,1700,17000000,1816,875,1180,1281,1019,423,166
INS,1701,17010000,1752,862,1258,1300,987,360,108
INS,1702,17020000,1797,851,1176,1301,980,402,113
INS,1703,17030000,1800,916,1195,1296,987,364,181
INS,1704,17040000,1812,856,1209,1292,1014,399,222
INS,1705,17050000,1805,871,1227,1291,996,420,11
INS,1706,17060000,1802,895,1201,1316,1034,372,38
INS,1707,17070000,1777,870,1171,1278,1028,386,201
INS,1708,17080000,1811,863,1203,1323,943,431,26
INS,1709,17090000,1785,864,1199,1313,989,406,25
INS,1710,17100000,1807,908,1249,1312,1006,418,186
INS,1711,17110000,1797,931,1233,1309,1014,428,215
INS,1712,17120000,1790,904,1217,1315,982,438,166
INS,1713,17130000,1811,898,1191,1294,959,405,95
INS,1714,17140000,1801,890,1229,1257,992,482,205
INS,1715,17150000,1782,895,1196,1313,992,427,176
INS,1716,17160000,1844,940,1224,1286,1010,391,27
INS,1717,17170000,1888,856,1190,1306,971,429,245
INS,1718,17180000,1787,901,1177,1309,989,387,172
INS,1719,17190000,1829,879,1287,1271,989,388,26
INS,1720,17200000,1793,915,1234,1299,1035,430,106
INS,1721,17210000,1802,887,1222,1344,1029,390,91
INS,1722,17220000,1778,915,1189,1280,967,424,243
INS,1723,17230000,1816,872,1226,1332,984,401,82
INS,1724,17240000,1824,874,1176,1332,995,401,70
INS,1725,17250000,1819,853,1198,1293,998,443,89
INS,1726,17260000,1780,877,1196,1283,1026,373,37
INS,1727,17270000,1806,871,1211,1282,954,396,39
INS,1728,17280000,1808,916,1244,1290,1010,392,196
INS,1729,17290000,1782,859,1172,1284,1022,451,123
INS,1730,17300000,1793,923,1172,1312,993,425,188
INS,1731,17310000,1832,895,1196,1329,1017,381,237
INS,1732,17320000,1785,860,1174,1283,998,380,84
INS,1733,17330000,1781,883,1161,1293,1038,437,214
INS,1734,17340000,1784,873,1203,1302,1029,404,233
INS,1735,17350000,1787,879,1180,1276,989,426,192
INS,1736,17360000,1773,904,1179,1281,974,363,146
INS,1737,17370000,1815,909,1233,1334,1003,375,102
INS,1738,17380000,1819,924,1166,1296,1058,407,120
INS,1739,17390000,1782,870,1186,1246,976,376,159
INS,1740,17400000,1801,879,1178,1322,1039,414,117
INS,1741,17410000,1835,885,1216,1336,997,394,164
INS,1742,17420000,1793,901,1210,1314,992,374,102
INS,1743,17430000,1795,867,1224,1281,1023,399,124
INS,1744,17440000,1792,906,1180,1284,973,410,97
INS,1745,17450000,1770,865,1190,1299,1008,413,114
INS,1746,17460000,1774,865,1160,1304,997,375,61
INS,1747,17470000,1797,911,1192,1332,1018,448,45
INS,1748,17480000,1794,948,1271,1280,959,434,50
INS,1749,17490000,1802,905,1237,1288,1020,382,15
INS,1750,17500000,1786,869,1162,1353,1025,447,40
INS,1751,17510000,1786,921,1210,1299,1011,391,33
INS,1752,17520000,1765,899,1167,1333,1021,368,241
INS,1753,17530000,1751,844,1195,1319,994,397,205
INS,1754,17540000,1802,884,1189,1290,1001,340,228
INS,1755,17550000,1807,900,1198,1352,983,390,113
INS,1756,17560000,1812,917,1183,1295,1037,382,126
INS,1757,17570000,1791,919,1182,1336,991,405,141
INS,1758,17580000,1799,889,1232,1258,967,428,107
INS,1759,17590000,1772,856,1229,1268,1013,437,126
INS,1760,17600000,1779,909,1209,1282,997,398,142
INS,1761,17610000,1818,867,1212,1312,1038,408,240
INS,1762,17620000,1789,896,1224,1304,1033,405,253
INS,1763,17630000,1791,933,1237,1291,1005,411,31
INS,1764,17640000,1800,871,1235,1294,1010,367,213
INS,1765,17650000,1783,951,1178,1272,993,439,13
INS,1766,17660000,1801,903,1204,1309,985,409,25
INS,1767,17670000,1800,874,1203,1325,995,398,26
INS,1768,17680000,1803,883,1199,1320,1015,386,54
INS,1769,17690000,1818,927,1222,1297,993,357,79
INS,1770,17700000,1806,911,1183,1291,1004,421,98
INS,1771,17710000,1816,886,1163,1274,950,341,185
INS,1772,17720000,1774,878,1212,1290,966,430,66
INS,1773,17730000,1814,865,1229,1265,954,434,94
INS,1774,17740000,1820,906,1235,1289,999,386,185
INS,1775,17750000,1817,893,1220,1278,1042,393,210
INS,1776,17760000,1774,878,1227,1274,1036,378,151
INS,1777,17770000,1794,895,1188,1297,985,403,163
INS,1778,17780000,1788,888,1203,1338,972,377,184
INS,1779,17790000,1790,894,1196,1306,985,420,226
INS,1780,17800000,1798,904,1154,1308,997,408,221
INS,1781,17810000,1784,900,1168,1293,1043,391,248
INS,1782,17820000,1752,910,1231,1296,993,422,34
INS,1783,17830000,1820,843,1173,1296,996,405,236
INS,1784,17840000,1841,904,1144,1280,976,382,247
INS,1785,17850000,1759,869,1198,1292,989,377,221
INS,1786,17860000,1772,848,1251,1279,1025,389,62
INS,1787,17870000,1755,835,1217,1285,988,375,226
INS,1788,17880000,1791,902,1169,1338,1011,340,83
INS,1789,17890000,1811,911,1221,1275,1004,404,175
INS,1790,17900000,1736,895,1173,1248,1008,406,32
INS,1791,17910000,1785,940,1139,1263,1005,379,94
INS,1792,17920000,1820,903,1167,1355,992,401,238
INS,1793,17930000,1796,887,1165,1349,973,365,152
INS,1794,17940000,1809,885,1192,1273,998,425,216
INS,1795,17950000,1830,877,1209,1268,987,355,177
INS,1796,17960000,1783,860,1188,1289,1019,435,242
INS,1797,17970000,1815,888,1201,1256,1003,372,220
INS,1798,17980000,1763,884,1205,1321,1006,425,50
INS,1799,17990000,1805,890,1248,1329,984,381,100
INS,1800,18000000,1791,926,1156,1311,999,420,83
INS,1801,18010000,1794,874,1180,1258,959,345,163
INS,1802,18020000,1787,901,1231,1293,1030,416,172
INS,1803,18030000,1841,879,1152,1283,1037,353,76
INS,1804,18040000,1794,926,1222,1271,967,399,127
INS,1805,18050000,1849,888,1134,1310,969,403,118
INS,1806,18060000,1827,899,1201,1288,967,425,189
INS,1807,18070000,1820,874,1181,1336,972,386,168
INS,1808,18080000,1823,913,1181,1313,987,372,205
INS,1809,18090000,1851,901,1196,1316,1041,425,107
INS,1810,18100000,1774,917,1173,1297,1007,429,247
INS,1811,18110000,1854,943,1200,1296,1010,355,69
INS,1812,18120000,1799,957,1197,1275,979,387,22
INS,1813,18130000,1787,921,1219,1308,956,433,69
INS,1814,18140000,1804,859,1213,1291,1007,425,61
INS,1815,18150000,1815,942,1184,1291,1005,424,140
INS,1816,18160000,1811,911,1169,1277,1018,363,45
INS,1817,18170000,1776,896,1208,1257,990,419,59
INS,1818,18180000,1844,891,1186,1293,1006,367,117
INS,1819,18190000,1870,851,1210,1337,954,396,165
INS,1820,18200000,1789,879,1162,1323,945,443,105
INS,1821,18210000,1803,911,1156,1271,981,411,114
INS,1822,18220000,1806,889,1194,1314,1025,369,195
INS,1823,18230000,1743,943,1206,1322,987,394,210
INS,1824,18240000,1883,900,1202,1268,1019,382,30
INS,1825,18250000,1737,924,1194,1348,956,376,184
INS,1826,18260000,1791,881,1212,1269,948,397,164
INS,1827,18270000,1821,872,1157,1329,1025,389,20
INS,1828,18280000,1797,890,1189,1291,1043,434,88
INS,1829,18290000,1726,864,1169,1285,1002,409,172
INS,1830,18300000,1792,905,1204,1321,979,399,78
INS,1831,18310000,1818,900,1237,1339,998,420,207
INS,1832,18320000,1770,900,1164,1276,1020,404,46
INS,1833,18330000,1814,884,1213,1332,992,364,128
INS,1834,18340000,1746,909,1212,1323,964,376,76
INS,1835,18350000,1789,904,1147,1281,983,355,22
INS,1836,18360000,1789,914,1188,1286,1014,407,178
INS,1837,18370000,1773,880,1221,1284,1022,415,192
INS,1838,18380000,1817,878,1194,1357,997,423,24
INS,1839,18390000,1807,849,1185,1322,1026,418,238
INS,1840,18400000,1783,930,1181,1273,998,397,210
INS,1841,18410000,1786,876,1198,1313,1010,400,248
INS,1842,18420000,1797,951,1218,1354,992,372,110
INS,1843,18430000,1822,871,1201,1285,971,423,16
INS,1844,18440000,1813,873,1201,1260,984,367,214
INS,1845,18450000,1770,929,1218,1320,1036,406,156
INS,1846,18460000,1805,869,1208,1272,1017,416,81
INS,1847,18470000,1772,907,1260,1289,1020,389,148
INS,1848,18480000,1763,873,1192,1270,1004,419,49
INS,1849,18490000,1769,897,1222,1320,1053,424,230
INS,1850,18500000,1789,848,1236,1267,970,408,80
INS,1851,18510000,1759,846,1211,1296,997,408,96
INS,1852,18520000,1793,883,1200,1231,1051,403,157
INS,1853,18530000,1869,906,1167,1287,995,382,219
INS,1854,18540000,1795,921,1218,1305,1007,407,27
INS,1855,18550000,1794,897,1178,1279,980,362,137
INS,1856,18560000,1776,911,1206,1305,999,399,4
INS,1857,18570000,1824,914,1213,1306,1026,406,114
INS,1858,18580000,1759,892,1184,1249,987,435,204
INS,1859,18590000,1768,894,1226,1248,976,411,238
INS,1860,18600000,1832,908,1190,1313,992,372,83
INS,1861,18610000,1790,921,1200,1312,971,460,147
INS,1862,18620000,1760,909,1230,1302,993,372,76
INS,1863,18630000,1802,881,1166,1286,988,400,50
INS,1864,18640000,1830,896,1178,1263,1023,408,142
INS,1865,18650000,1779,868,1175,1337,992,443,155
INS,1866,18660000,1813,925,1155,1303,977,414,165
INS,1867,18670000,1824,890,1198,1298,1004,408,217
INS,1868,18680000,1817,847,1205,1284,969,403,137
INS,1869,18690000,1789,922,1180,1287,1032,387,226
INS,1870,18700000,1779,871,1170,1329,1007,387,189
INS,1871,18710000,1777,923,1205,1282,998,438,30
INS,1872,18720000,1840,871,1182,1265,1030,397,9
INS,1873,18730000,1766,924,1195,1277,1027,391,21
INS,1874,18740000,1779,906,1200,1302,958,397,0
INS,1875,18750000,1781,896,1193,1335,1008,362,50
INS,1876,18760000,1795,893,1168,1270,946,406,226
INS,1877,18770000,1787,905,1167,1303,1000,391,62
INS,1878,18780000,1820,928,1161,1252,1015,401,103
INS,1879,18790000,1830,914,1200,1328,1010,421,246
INS,1880,18800000,1783,828,1216,1290,981,409,67
INS,1881,18810000,1802,879,1209,1299,997,416,179
INS,1882,18820000,1820,863,1185,1327,1000,447,236
INS,1883,18830000,1781,866,1219,1316,976,416,185
INS,1884,18840000,1779,891,1168,1322,987,405,180
INS,1885,18850000,1806,921,1209,1358,1000,421,104
INS,1886,18860000,1820,938,1187,1310,1026,414,101
INS,1887,18870000,1795,952,1184,1294,973,407,28
INS,1888,18880000,1789,855,1218,1292,985,389,224
INS,1889,18890000,1807,873,1178,1293,998,339,201
INS,1890,18900000,1778,879,1236,1332,1034,398,131
INS,1891,18910000,1765,925,1212,1273,1028,393,87
INS,1892,18920000,1764,900,1216,1316,1026,362,92
INS,1893,18930000,1774,896,1238,1297,984,403,117
INS,1894,18940000,1815,918,1222,1327,938,407,169
INS,1895,18950000,1819,858,1192,1295,1011,408,142
INS,1896,18960000,1774,874,1186,1308,1004,423,145
INS,1897,18970000,1803,886,1190,1302,990,413,177
INS,1898,18980000,1812,884,1233,1273,951,372,135
INS,1899,18990000,1818,847,1227,1304,955,415,193
INS,1900,19000000,1824,915,1238,1263,1022,428,78
INS,1901,19010000,1829,889,1187,1276,1013,385,240
INS,1902,19020000,1809,873,1169,1315,973,412,229
INS,1903,19030000,1799,860,1218,1281,1018,396,11
INS,1904,19040000,1817,922,1216,1284,1063,360,118
INS,1905,19050000,1760,893,1243,1298,1040,417,124
INS,1906,19060000,1790,894,1207,1300,998,432,111
INS,1907,19070000,1796,854,1218,1320,992,404,91
INS,1908,19080000,1783,915,1195,1300,1018,427,162
INS,1909,19090000,1750,931,1239,1306,967,434,168
INS,1910,19100000,1814,926,1181,1265,1004,399,147
INS,1911,19110000,1818,893,1226,1294,997,361,164
INS,1912,19120000,1793,872,1203,1320,1038,357,175
INS,1913,19130000,1858,918,1209,1353,1009,409,109
INS,1914,19140000,1827,902,1245,1326,1004,413,87
INS,1915,19150000,1826,892,1190,1254,993,371,169
INS,1916,19160000,1833,865,1240,1296,974,385,253
INS,1917,19170000,1780,878,1203,1284,991,423,236
INS,1918,19180000,1799,858,1140,1289,1007,422,209
INS,1919,19190000,1786,881,1191,1310,997,358,234
INS,1920,19200000,1828,930,1218,1286,985,401,120
INS,1921,19210000,1772,875,1215,1327,981,376,35
INS,1922,19220000,1804,925,1181,1311,1019,392,138
INS,1923,19230000,1820,892,1233,1292,1022,399,181
INS,1924,19240000,1835,909,1198,1323,1000,409,214
INS,1925,19250000,1798,931,1197,1362,1031,416,36
INS,1926,19260000,1791,924,1222,1293,982,397,183
INS,1927,19270000,1775,882,1192,1328,1009,398,175
INS,1928,19280000,1788,895,1198,1255,976,378,98
INS,1929,19290000,1789,874,1194,1308,984,426,200
INS,1930,19300000,1852,897,1189,1250,986,357,173
INS,1931,19310000,1820,875,1163,1296,960,387,160
INS,1932,19320000,1802,939,1226,1310,955,366,18
INS,1933,19330000,1809,933,1164,1321,1005,344,13
INS,1934,19340000,1808,860,1209,1304,974,417,26
INS,1935,19350000,1780,918,1203,1271,982,339,220
INS,1936,19360000,1760,870,1231,1286,1013,368,16
INS,1937,19370000,1800,903,1180,1279,1007,414,88
INS,1938,19380000,1800,911,1159,1295,1028,426,141
INS,1939,19390000,1787,935,1190,1304,1007,398,160
INS,1940,19400000,1758,884,1213,1289,1048,368,116
INS,1941,19410000,1787,920,1194,1270,983,379,106
INS,1942,19420000,1800,868,1174,1339,1031,436,238
INS,1943,19430000,1795,922,1184,1352,997,377,234
INS,1944,19440000,1805,937,1219,1275,1003,404,11
INS,1945,19450000,1768,909,1195,1309,939,391,152
INS,1946,19460000,1780,904,1222,1292,1010,403,13
INS,1947,19470000,1747,910,1166,1309,999,410,216
INS,1948,19480000,1770,867,1160,1306,1022,336,153
INS,1949,19490000,1823,894,1222,1305,995,414,106
INS,1950,19500000,1798,898,1216,1259,1023,473,137
INS,1951,19510000,1807,889,1233,1310,1021,389,136
INS,1952,19520000,1800,920,1180,1351,989,386,130
INS,1953,19530000,1852,861,1212,1317,990,395,148
INS,1954,19540000,1799,894,1224,1292,1029,363,139
INS,1955,19550000,1830,912,1186,1321,1020,360,184
INS,1956,19560000,1806,911,1195,1298,1023,398,203
INS,1957,19570000,1806,929,1235,1285,1060,372,20
INS,1958,19580000,1841,939,1183,1272,1055,438,78
INS,1959,19590000,1820,856,1227,1332,1034,410,46
INS,1960,19600000,1812,922,1214,1273,998,373,232
INS,1961,19610000,1773,849,1217,1328,1030,380,234
INS,1962,19620000,1804,876,1156,1268,1013,397,188
INS,1963,19630000,1788,883,1204,1322,1006,384,22
INS,1964,19640000,1801,935,1203,1276,996,410,73
INS,1965,19650000,1808,873,1216,1266,980,393,5
INS,1966,19660000,1759,889,1228,1284,969,404,19
INS,1967,19670000,1791,869,1243,1293,1023,428,150
INS,1968,19680000,1741,909,1185,1278,995,359,243
INS,1969,19690000,1819,878,1196,1304,959,377,70
INS,1970,19700000,1759,884,1218,1296,1008,411,130
INS,1971,19710000,1811,907,1172,1278,1009,387,135
INS,1972,19720000,1794,862,1179,1298,988,423,132
INS,1973,19730000,1790,896,1181,1293,967,416,148
INS,1974,19740000,1802,918,1180,1275,1024,420,241
INS,1975,19750000,1828,939,1178,1278,984,390,236
INS,1976,19760000,1781,893,1183,1301,996,402,212
INS,1977,19770000,1759,880,1186,1262,992,350,102
INS,1978,19780000,1839,937,1193,1322,964,402,91
INS,1979,19790000,1789,899,1194,1274,971,405,239
INS,1980,19800000,1774,878,1195,1273,987,398,229
INS,1981,19810000,1827,894,1196,1325,984,398,109
INS,1982,19820000,1779,894,1179,1309,969,409,41
INS,1983,19830000,1799,924,1240,1317,986,396,181
INS,1984,19840000,1812,931,1184,1312,1009,390,174
INS,1985,19850000,1836,857,1189,1280,1007,428,150
INS,1986,19860000,1816,921,1240,1316,1017,414,38
INS,1987,19870000,1743,895,1191,1274,1006,383,79
INS,1988,19880000,1845,916,1200,1322,978,438,47
INS,1989,19890000,1803,867,1206,1316,981,401,195
INS,1990,19900000,1816,868,1206,1292,1060,431,55
INS,1991,19910000,1805,888,1167,1312,1024,386,237
INS,1992,19920000,1818,897,1214,1288,1016,378,27
INS,1993,19930000,1737,916,1206,1296,991,392,227
INS,1994,19940000,1750,921,1182,1288,1018,450,59
INS,1995,19950000,1780,940,1229,1299,988,373,76
INS,1996,19960000,1792,893,1184,1282,1037,393,65
INS,1997,19970000,1792,906,1213,1323,968,368,71
INS,1998,19980000,1813,884,1208,1274,1010,408,115
INS,1999,19990000,1776,866,1192,1289,993,367,18
INS,2000,20000000,1828,897,1185,1274,982,423,141
INS,2001,20010000,1772,855,1131,1320,977,392,16
INS,2002,20020000,1785,997,1205,1311,1003,414,45
INS,2003,20030000,1775,919,1194,1255,980,382,108
INS,2004,20040000,1818,879,1140,1301,983,373,114
INS,2005,20050000,1789,861,1208,1303,1005,405,208
INS,2006,20060000,1779,896,1157,1255,981,363,85
INS,2007,20070000,1798,913,1201,1294,998,374,249
INS,2008,20080000,1819,901,1198,1321,936,402,9
INS,2009,20090000,1852,921,1202,1309,970,455,158
INS,2010,20100000,1784,954,1198,1274,973,417,66
INS,2011,20110000,1848,934,1226,1292,971,386,140
INS,2012,20120000,1764,925,1187,1298,994,364,32
INS,2013,20130000,1813,908,1244,1301,1015,420,218
INS,2014,20140000,1809,874,1160,1274,1010,435,96
INS,2015,20150000,1862,959,1156,1304,1007,438,21
INS,2016,20160000,1816,885,1200,1299,1029,379,176
INS,2017,20170000,1833,894,1169,1298,1004,401,184
INS,2018,20180000,1852,925,1195,1313,1001,421,53
INS,2019,20190000,1761,867,1212,1305,1012,396,172
INS,2020,20200000,1779,947,1197,1325,1009,391,28
INS,2021,20210000,1809,894,1217,1294,1019,385,15
INS,2022,20220000,1797,916,1198,1308,1003,438,74
INS,2023,20230000,1800,867,1224,1285,1018,402,27
INS,2024,20240000,1796,920,1155,1276,997,403,251
INS,2025,20250000,1809,935,1216,1272,966,391,54
INS,2026,20260000,1825,922,1168,1292,1032,431,152
INS,2027,20270000,1800,884,1167,1301,982,379,12
INS,2028,20280000,1787,905,1229,1263,981,383,64
INS,2029,20290000,1813,888,1169,1309,1029,363,104
INS,2030,20300000,1786,849,1199,1325,955,377,41
INS,2031,20310000,1802,872,1225,1351,1026,412,255
INS,2032,20320000,1791,904,1179,1295,1013,422,188
INS,2033,20330000,1756,903,1224,1318,1035,400,237
INS,2034,20340000,1821,894,1232,1299,1041,370,19
INS,2035,20350000,1756,912,1196,1292,1019,387,197
INS,2036,20360000,1781,912,1191,1280,997,383,196
INS,2037,20370000,1781,894,1177,1264,1013,380,178
INS,2038,20380000,1808,892,1217,1291,997,375,10
INS,2039,20390000,1816,944,1173,1307,993,392,72
INS,2040,20400000,1820,932,1193,1327,952,354,42
INS,2041,20410000,1795,932,1158,1306,999,400,71
INS,2042,20420000,1816,845,1157,1269,1039,366,246
INS,2043,20430000,1756,877,1189,1306,1008,415,66
INS,2044,20440000,1782,896,1209,1320,999,393,131
INS,2045,20450000,1795,910,1172,1300,999,422,147
INS,2046,20460000,1834,903,1198,1290,1037,368,196
INS,2047,20470000,1799,937,1214,1274,1028,352,187
INS,2048,20480000,1781,894,1160,1280,982,350,47
INS,2049,20490000,1839,935,1183,1264,1034,411,27
INS,2050,20500000,1804,893,1222,1295,1024,423,39
INS,2051,20510000,1788,888,1230,1320,965,367,209
INS,2052,20520000,1800,856,1200,1271,981,418,194
INS,2053,20530000,1809,885,1227,1310,989,448,97
INS,2054,20540000,1805,874,1204,1331,1016,412,88
INS,2055,20550000,1830,891,1202,1275,1004,375,40
INS,2056,20560000,1774,879,1192,1280,1013,435,53
INS,2057,20570000,1785,902,1236,1254,980,395,49
INS,2058,20580000,1778,878,1187,1294,986,414,51
INS,2059,20590000,1804,907,1201,1301,949,437,130
INS,2060,20600000,1808,930,1238,1281,1003,419,227
INS,2061,20610000,1793,848,1210,1270,991,402,79
INS,2062,20620000,1832,906,1188,1344,987,409,248
INS,2063,20630000,1778,907,1202,1318,996,460,4
INS,2064,20640000,1804,839,1204,1273,993,400,129
INS,2065,20650000,1770,910,1187,1334,958,386,178
INS,2066,20660000,1792,871,1177,1301,965,375,131
INS,2067,20670000,1839,876,1224,1334,985,381,50
INS,2068,20680000,1799,879,1205,1281,962,456,10
INS,2069,20690000,1844,961,1159,1305,1034,464,212
INS,2070,20700000,1817,865,1176,1287,1005,399,11
INS,2071,20710000,1804,931,1170,1328,1021,383,116
INS,2072,20720000,1835,879,1242,1311,971,373,107
INS,2073,20730000,1817,918,1200,1338,981,385,152
INS,2074,20740000,1780,899,1214,1330,1000,439,192
INS,2075,20750000,1858,884,1197,1320,1004,445,255
INS,2076,20760000,1797,838,1189,1273,1037,398,96
INS,2077,20770000,1806,940,1169,1310,1003,408,217
INS,2078,20780000,1818,924,1186,1302,1033,392,253
INS,2079,20790000,1832,896,1200,1308,979,427,1
INS,2080,20800000,1856,882,1190,1290,971,433,254
INS,2081,20810000,1812,938,1238,1298,1018,357,54
INS,2082,20820000,1793,926,1225,1328,1006,444,132
INS,2083,20830000,1780,892,1232,1280,1002,374,243
INS,2084,20840000,1811,891,1174,1332,1011,395,58
INS,2085,20850000,1802,917,1219,1316,1037,405,157
INS,2086,20860000,1771,878,1226,1274,976,415,18
INS,2087,20870000,1780,884,1159,1317,1031,392,58
INS,2088,20880000,1766,906,1207,1274,994,375,34
INS,2089,20890000,1775,911,1217,1330,1043,464,13
INS,2090,20900000,1811,942,1183,1304,1003,358,147
INS,2091,20910000,1834,853,1202,1284,1012,400,148
INS,2092,20920000,1811,886,1160,1315,1043,398,193
INS,2093,20930000,1791,892,1221,1268,1028,469,10
INS,2094,20940000,1772,941,1207,1295,990,376,195
INS,2095,20950000,1814,874,1197,1324,1017,399,0
INS,2096,20960000,1803,904,1189,1293,1017,428,26
INS,2097,20970000,1802,904,1201,1322,959,387,240
INS,2098,20980000,1808,932,1195,1273,998,403,35
INS,2099,20990000,1758,877,1174,1322,985,356,171
INS,2100,21000000,1767,898,1155,1303,963,401,203
INS,2101,21010000,1778,870,1198,1302,1000,407,32
INS,2102,21020000,1779,932,1169,1288,1035,424,121
INS,2103,21030000,1786,927,1228,1252,980,376,60
INS,2104,21040000,1808,898,1186,1342,1004,403,169
INS,2105,21050000,1787,903,1196,1323,954,406,114
INS,2106,21060000,1778,900,1218,1287,994,385,124
INS,2107,21070000,1785,897,1255,1336,976,407,235
INS,2108,21080000,1794,902,1210,1355,983,390,230
INS,2109,21090000,1785,835,1192,1240,1036,372,73
INS,2110,21100000,1823,917,1198,1271,962,297,98
INS,2111,21110000,1827,859,1181,1301,1010,371,196
INS,2112,21120000,1767,914,1169,1344,973,380,211
INS,2113,21130000,1830,907,1178,1292,1027,391,50
INS,2114,21140000,1809,941,1185,1358,1004,396,135
INS,2115,21150000,1820,902,1168,1273,995,407,24
INS,2116,21160000,1812,896,1203,1268,1025,375,55
INS,2117,21170000,1805,884,1180,1338,999,418,117
INS,2118,21180000,1810,874,1196,1300,995,393,78
INS,2119,21190000,1822,927,1150,1287,995,395,103
INS,2120,21200000,1754,910,1190,1306,1047,390,141
INS,2121,21210000,1821,923,1199,1285,982,409,180
INS,2122,21220000,1776,905,1192,1282,1016,434,183
INS,2123,21230000,1795,873,1213,1312,975,401,164
INS,2124,21240000,1818,879,1213,1270,982,402,176
INS,2125,21250000,1811,902,1233,1298,1012,421,50
INS,2126,21260000,1787,940,1165,1253,1015,389,195
INS,2127,21270000,1832,892,1206,1310,984,395,26
INS,2128,21280000,1816,917,1197,1313,1009,398,74
INS,2129,21290000,1808,888,1188,1291,971,369,212
INS,2130,21300000,1788,889,1178,1353,1042,403,111
INS,2131,21310000,1806,927,1183,1226,1036,406,59
INS,2132,21320000,1810,860,1173,1288,1005,428,56
INS,2133,21330000,1821,902,1188,1301,1016,427,164
INS,2134,21340000,1783,866,1175,1276,1007,391,24
INS,2135,21350000,1799,919,1219,1320,967,389,156
INS,2136,21360000,1807,935,1222,1315,988,416,243
INS,2137,21370000,1816,899,1219,1271,949,389,120
INS,2138,21380000,1811,900,1201,1317,1002,395,220
INS,2139,21390000,1774,928,1195,1313,1002,388,211
INS,2140,21400000,1817,891,1173,1277,992,395,173
INS,2141,21410000,1811,917,1162,1278,1016,375,204
INS,2142,21420000,1823,982,1162,1290,1005,440,108
INS,2143,21430000,1767,901,1234,1295,1004,408,32
INS,2144,21440000,1816,901,1205,1293,971,454,80
INS,2145,21450000,1746,864,1214,1281,985,418,221
INS,2146,21460000,1797,925,1233,1289,1034,367,119
INS,2147,21470000,1860,875,1223,1301,1027,427,204
INS,2148,21480000,1808,900,1207,1292,1046,396,157
INS,2149,21490000,1797,915,1221,1296,971,416,141
INS,2150,21500000,1794,903,1205,1287,987,428,146
INS,2151,21510000,1749,920,1213,1274,1012,374,101
INS,2152,21520000,1833,889,1205,1277,1007,409,196
INS,2153,21530000,1801,848,1175,1288,1040,399,144
INS,2154,21540000,1783,919,1173,1285,988,412,170
INS,2155,21550000,1764,893,1182,1297,1021,391,175
INS,2156,21560000,1810,899,1214,1343,1005,385,44
INS,2157,21570000,1785,907,1186,1282,1042,394,1
INS,2158,21580000,1823,910,1224,1303,1026,370,78
INS,2159,21590000,1822,899,1210,1322,990,426,108
INS,2160,21600000,1804,970,1211,1289,958,389,77
INS,2161,21610000,1845,878,1196,1321,1053,394,160
INS,2162,21620000,1764,921,1215,1287,997,407,81
INS,2163,21630000,1750,922,1205,1282,978,343,243
INS,2164,21640000,1792,925,1123,1306,954,404,28
INS,2165,21650000,1793,925,1193,1315,956,434,157
INS,2166,21660000,1803,901,1195,1250,1027,341,75
INS,2167,21670000,1789,850,1173,1300,975,379,41
INS,2168,21680000,1813,880,1202,1293,1008,404,192
INS,2169,21690000,1787,904,1171,1313,1006,391,181
INS,2170,21700000,1834,898,1233,1272,1048,402,57
INS,2171,21710000,1786,900,1195,1276,997,361,158
INS,2172,21720000,1798,930,1137,1328,970,375,198
INS,2173,21730000,1817,892,1235,1286,1040,380,71
INS,2174,21740000,1778,962,1202,1314,1009,382,85
INS,2175,21750000,1783,867,1181,1279,1062,368,251
INS,2176,21760000,1786,920,1186,1280,982,409,35
INS,2177,21770000,1802,921,1158,1350,1021,427,168
INS,2178,21780000,1788,871,1179,1305,1048,398,95
INS,2179,21790000,1780,898,1191,1325,976,413,106
INS,2180,21800000,1782,882,1206,1301,1054,433,198
INS,2181,21810000,1825,877,1184,1268,1032,389,132
INS,2182,21820000,1801,877,1194,1345,998,353,142
INS,2183,21830000,1801,881,1241,1255,998,417,184
INS,2184,21840000,1805,952,1215,1262,993,377,212
INS,2185,21850000,1817,884,1209,1313,1023,375,246
INS,2186,21860000,1796,857,1155,1314,1057,430,251
INS,2187,21870000,1756,923,1203,1316,1006,430,37
INS,2188,21880000,1789,895,1205,1314,946,426,251
INS,2189,21890000,1797,898,1153,1257,1019,374,191
INS,2190,21900000,1799,899,1192,1277,966,389,232
INS,2191,21910000,1770,899,1204,1281,977,419,21
INS,2192,21920000,1795,911,1173,1306,1003,378,54
INS,2193,21930000,1784,873,1195,1292,1062,348,59
INS,2194,21940000,1784,879,1206,1316,981,412,100
INS,2195,21950000,1796,922,1224,1308,976,373,138
INS,2196,21960000,1796,863,1219,1297,981,393,105
INS,2197,21970000,1802,913,1252,1346,989,402,21
INS,2198,21980000,1798,888,1201,1325,1041,407,250
INS,2199,21990000,1757,896,1237,1316,973,421,207
INS,2200,22000000,1769,873,1189,1312,1005,379,151
INS,2201,22010000,1798,898,1235,1304,1031,377,28
INS,2202,22020000,1767,904,1168,1360,1018,357,232
INS,2203,22030000,1784,902,1179,1294,986,400,220
INS,2204,22040000,1777,886,1180,1309,977,377,198
INS,2205,22050000,1792,914,1139,1296,985,406,241
INS,2206,22060000,1769,949,1215,1334,976,429,142
INS,2207,22070000,1816,901,1192,1296,991,388,71
INS,2208,22080000,1774,890,1206,1315,986,399,74
INS,2209,22090000,1770,878,1165,1307,968,395,4
INS,2210,22100000,1801,935,1204,1274,997,377,126
INS,2211,22110000,1780,910,1180,1310,976,377,88
INS,2212,22120000,1774,934,1214,1318,981,422,215
INS,2213,22130000,1795,946,1205,1265,995,400,195
INS,2214,22140000,1839,900,1210,1295,962,395,207
INS,2215,22150000,1834,905,1212,1266,1062,413,59
INS,2216,22160000,1775,938,1189,1273,977,384,176
INS,2217,22170000,1833,857,1254,1307,1006,400,58
INS,2218,22180000,1790,911,1190,1328,973,393,3
INS,2219,22190000,1794,905,1202,1302,980,362,236
INS,2220,22200000,1783,912,1185,1295,976,459,62
INS,2221,22210000,1757,880,1201,1259,1031,397,250
INS,2222,22220000,1797,866,1246,1356,995,391,137
INS,2223,22230000,1791,904,1224,1302,1025,411,160
INS,2224,22240000,1818,882,1198,1310,999,378,105
INS,2225,22250000,1775,884,1188,1273,1028,387,72
INS,2226,22260000,1795,870,1207,1345,1044,372,187
INS,2227,22270000,1830,916,1211,1250,977,374,129
INS,2228,22280000,1774,880,1231,1268,1007,391,139
INS,2229,22290000,1817,895,1192,1282,1010,363,164
INS,2230,22300000,1804,906,1178,1373,968,411,6
INS,2231,22310000,1824,872,1169,1273,986,404,167
INS,2232,22320000,1793,872,1210,1305,1003,393,232
INS,2233,22330000,1794,910,1211,1297,1006,428,63
INS,2234,22340000,1807,908,1180,1316,1008,379,32
INS,2235,22350000,1786,884,1264,1354,1036,355,130
INS,2236,22360000,1804,855,1187,1270,990,424,254
INS,2237,22370000,1787,886,1228,1288,1038,401,113
INS,2238,22380000,1815,947,1200,1273,994,389,120
INS,2239,22390000,1819,878,1171,1347,973,425,132
INS,2240,22400000,1791,896,1217,1292,1001,375,108
INS,2241,22410000,1799,923,1201,1312,1042,405,235
INS,2242,22420000,1799,883,1191,1297,1038,417,195
INS,2243,22430000,1782,904,1186,1327,1017,403,206
INS,2244,22440000,1774,887,1170,1247,1015,400,97
INS,2245,22450000,1760,903,1231,1301,1009,409,234
INS,2246,22460000,1777,915,1223,1295,955,379,182
INS,2247,22470000,1758,878,1201,1271,954,408,125
INS,2248,22480000,1767,894,1204,1306,971,408,222
INS,2249,22490000,1796,880,1197,1304,1012,423,45
INS,2250,22500000,1808,929,1158,1304,996,365,10
INS,2251,22510000,1869,851,1226,1284,1008,379,84
INS,2252,22520000,1766,860,1223,1260,1044,409,46
INS,2253,22530000,1792,893,1164,1302,1007,386,45
INS,2254,22540000,1801,874,1241,1314,987,430,165
INS,2255,22550000,1810,915,1199,1315,1005,414,193
INS,2256,22560000,1773,900,1205,1296,998,379,103
INS,2257,22570000,1814,894,1153,1310,965,394,99
INS,2258,22580000,1812,917,1212,1307,1024,416,18
INS,2259,22590000,1809,921,1204,1297,993,423,250
INS,2260,22600000,1786,926,1206,1291,1005,440,18
INS,2261,22610000,1763,888,1194,1289,969,366,106
INS,2262,22620000,1796,939,1199,1273,1030,456,91
INS,2263,22630000,1804,907,1232,1330,969,389,46
INS,2264,22640000,1841,920,1129,1260,1012,424,18
INS,2265,22650000,1784,913,1184,1269,973,410,238
INS,2266,22660000,1802,863,1198,1284,986,392,247
INS,2267,22670000,1778,895,1194,1276,975,451,52
INS,2268,22680000,1784,888,1201,1302,1002,403,80
INS,2269,22690000,1806,884,1141,1283,1001,384,16
INS,2270,22700000,1829,857,1226,1356,954,361,117
INS,2271,22710000,1795,901,1207,1276,1040,366,136
INS,2272,22720000,1803,908,1145,1292,986,355,57
INS,2273,22730000,1797,831,1221,1312,990,427,163
INS,2274,22740000,1797,914,1240,1320,1044,417,78
INS,2275,22750000,1827,932,1201,1317,1023,401,64
INS,2276,22760000,1797,875,1151,1302,1008,392,161
INS,2277,22770000,1790,898,1199,1287,978,391,196
INS,2278,22780000,1830,880,1200,1308,1003,387,22
INS,2279,22790000,1842,895,1232,1298,994,405,97
INS,2280,22800000,1804,878,1216,1314,987,400,47
INS,2281,22810000,1842,886,1191,1257,983,446,70
INS,2282,22820000,1779,919,1209,1305,972,448,114
INS,2283,22830000,1822,898,1217,1301,959,425,121
INS,2284,22840000,1772,873,1192,1290,941,411,251
INS,2285,22850000,1776,884,1217,1265,997,377,49
INS,2286,22860000,1802,897,1233,1319,993,421,215
INS,2287,22870000,1842,895,1185,1315,1024,419,247
INS,2288,22880000,1802,893,1212,1287,1006,327,111
INS,2289,22890000,1772,878,1184,1320,973,398,126
INS,2290,22900000,1788,949,1220,1333,983,429,64
INS,2291,22910000,1802,919,1174,1269,994,366,159
INS,2292,22920000,1747,922,1193,1303,1032,405,254
INS,2293,22930000,1790,870,1150,1319,951,413,162
INS,2294,22940000,1824,904,1181,1270,998,371,234
INS,2295,22950000,1826,904,1224,1323,963,389,76
INS,2296,22960000,1819,883,1160,1286,1005,401,18
INS,2297,22970000,1825,901,1200,1287,997,413,104
INS,2298,22980000,1829,896,1213,1235,974,413,58
INS,2299,22990000,1791,897,1179,1321,994,413,110
INS,2300,23000000,1757,917,1138,1266,980,391,237
INS,2301,23010000,1801,882,1215,1304,978,348,77
INS,2302,23020000,1803,910,1181,1295,1036,404,195
INS,2303,23030000,1791,914,1183,1345,976,414,206
INS,2304,23040000,1795,889,1165,1270,1027,393,139
INS,2305,23050000,1786,916,1178,1295,980,398,170
INS,2306,23060000,1787,922,1191,1305,970,404,213
INS,2307,23070000,1825,906,1201,1265,1021,402,15
INS,2308,23080000,1770,910,1176,1268,987,427,206
INS,2309,23090000,1815,870,1194,1266,997,390,217
INS,2310,23100000,1778,924,1214,1276,976,367,237
INS,2311,23110000,1790,845,1185,1336,997,421,37
INS,2312,23120000,1796,927,1199,1347,1021,373,143
INS,2313,23130000,1823,918,1179,1295,1012,358,82
INS,2314,23140000,1815,889,1210,1337,1002,398,165
INS,2315,23150000,1802,940,1206,1290,989,423,181
INS,2316,23160000,1806,867,1198,1314,1042,392,167
INS,2317,23170000,1785,915,1206,1300,1004,384,159
INS,2318,23180000,1811,911,1221,1293,989,440,247
INS,2319,23190000,1774,857,1202,1267,1001,414,114
INS,2320,23200000,1801,909,1218,1270,965,397,176
INS,2321,23210000,1773,929,1185,1276,990,401,187
INS,2322,23220000,1802,873,1222,1289,999,393,228
INS,2323,23230000,1800,921,1204,1266,976,432,10
INS,2324,23240000,1846,877,1184,1305,998,381,19
INS,2325,23250000,1836,917,1226,1321,1019,422,186
INS,2326,23260000,1824,903,1175,1280,1012,393,49
INS,2327,23270000,1828,928,1241,1268,1012,414,170
INS,2328,23280000,1794,897,1215,1329,985,427,143
INS,2329,23290000,1810,883,1165,1255,925,378,185
INS,2330,23300000,1796,894,1174,1316,995,419,124
INS,2331,23310000,1806,861,1144,1264,1004,389,15
INS,2332,23320000,1797,903,1188,1282,1039,380,153
INS,2333,23330000,1749,956,1200,1306,953,430,175
INS,2334,23340000,1811,923,1234,1308,1011,365,250
INS,2335,23350000,1792,852,1215,1307,998,447,226
INS,2336,23360000,1792,907,1182,1278,1025,370,186
INS,2337,23370000,1765,872,1218,1309,998,412,223
INS,2338,23380000,1806,869,1211,1318,951,399,220
INS,2339,23390000,1769,889,1236,1283,1078,408,90
INS,2340,23400000,1814,933,1149,1293,983,379,251
INS,2341,23410000,1782,928,1170,1269,1031,398,39
INS,2342,23420000,1822,872,1201,1325,1030,365,93
INS,2343,23430000,1807,900,1187,1278,1038,441,146
INS,2344,23440000,1756,892,1220,1283,1016,433,112
INS,2345,23450000,1794,903,1190,1290,1005,411,122
INS,2346,23460000,1800,933,1245,1273,968,357,122
INS,2347,23470000,1828,914,1176,1306,1003,393,183
INS,2348,23480000,1809,864,1196,1291,1008,379,127
INS,2349,23490000,1797,927,1244,1311,973,398,247
INS,2350,23500000,1834,882,1191,1283,978,422,204
INS,2351,23510000,1805,893,1182,1335,971,400,217
INS,2352,23520000,1792,913,1195,1279,1039,383,249
INS,2353,23530000,1801,965,1195,1318,1003,369,60
INS,2354,23540000,1809,883,1199,1291,975,374,213
INS,2355,23550000,1827,887,1224,1350,1038,373,142
INS,2356,23560000,1773,889,1204,1269,988,401,240
INS,2357,23570000,1827,933,1176,1267,974,355,9
INS,2358,23580000,1834,880,1179,1336,978,412,113
INS,2359,23590000,1782,861,1224,1255,1032,391,56
INS,2360,23600000,1807,954,1199,1329,983,400,200
INS,2361,23610000,1805,933,1169,1261,1001,405,119
INS,2362,23620000,1811,860,1172,1275,1029,392,101
INS,2363,23630000,1831,903,1174,1288,1007,374,156
INS,2364,23640000,1831,909,1207,1275,1022,406,246
INS,2365,23650000,1792,889,1192,1353,984,397,220
INS,2366,23660000,1783,922,1214,1293,1021,401,8
INS,2367,23670000,1798,947,1173,1297,1001,406,13
INS,2368,23680000,1779,923,1208,1310,983,407,18
INS,2369,23690000,1785,938,1170,1269,1006,392,241
INS,2370,23700000,1791,911,1201,1351,1026,450,172
INS,2371,23710000,1855,924,1202,1307,1085,370,202
INS,2372,23720000,1737,860,1209,1295,985,377,195
INS,2373,23730000,1769,936,1224,1311,1046,404,183
INS,2374,23740000,1785,851,1244,1304,998,406,98
INS,2375,23750000,1829,920,1197,1362,1006,429,14
INS,2376,23760000,1802,892,1224,1285,1016,365,128
INS,2377,23770000,1841,928,1161,1269,995,386,141
INS,2378,23780000,1805,914,1214,1335,979,415,240
INS,2379,23790000,1819,923,1183,1298,1008,386,212
INS,2380,23800000,1813,900,1204,1317,973,398,217
INS,2381,23810000,1803,901,1228,1327,1005,429,66
INS,2382,23820000,1782,957,1205,1321,1033,383,71
INS,2383,23830000,1794,906,1162,1329,997,406,1
INS,2384,23840000,1792,896,1233,1291,992,391,19
INS,2385,23850000,1826,923,1159,1320,1032,423,124
INS,2386,23860000,1817,903,1179,1292,1023,429,101
INS,2387,23870000,1794,840,1246,1298,1011,388,52
INS,2388,23880000,1794,897,1203,1307,1008,384,85
INS,2389,23890000,1761,909,1170,1321,986,400,56
INS,2390,23900000,1801,868,1212,1296,971,421,95
INS,2391,23910000,1783,881,1186,1303,1021,379,96
INS,2392,23920000,1789,882,1222,1319,997,448,217
INS,2393,23930000,1824,905,1242,1301,1013,348,210
INS,2394,23940000,1782,868,1205,1263,947,383,42
INS,2395,23950000,1771,950,1195,1331,1014,420,36
INS,2396,23960000,1804,890,1220,1338,1001,436,61
INS,2397,23970000,1812,954,1197,1274,1013,387,26
INS,2398,23980000,1785,932,1209,1317,994,369,12
INS,2399,23990000,1828,863,1167,1289,996,412,234
INS,2400,24000000,1820,814,1204,1291,940,418,183
INS,2401,24010000,1810,859,1230,1297,966,408,27
INS,2402,24020000,1732,902,1198,1278,1023,376,239
INS,2403,24030000,1806,906,1196,1261,1001,388,49
INS,2404,24040000,1789,930,1230,1276,956,389,78
INS,2405,24050000,1810,910,1204,1331,1016,421,217
INS,2406,24060000,1844,900,1199,1318,976,333,112
INS,2407,24070000,1826,870,1166,1323,1016,420,180
INS,2408,24080000,1788,891,1168,1298,988,393,102
INS,2409,24090000,1777,899,1199,1304,984,397,153
INS,2410,24100000,1799,905,1177,1286,998,410,185
INS,2411,24110000,1865,877,1215,1346,988,382,44
INS,2412,24120000,1763,885,1225,1275,1026,374,192
INS,2413,24130000,1818,853,1190,1245,1013,426,206
INS,2414,24140000,1800,867,1218,1221,995,395,174
INS,2415,24150000,1801,851,1216,1335,1021,363,26
INS,2416,24160000,1785,900,1182,1337,961,356,233
INS,2417,24170000,1808,883,1202,1298,978,396,38
INS,2418,24180000,1807,926,1164,1296,996,401,80
INS,2419,24190000,1754,905,1201,1277,956,402,2
INS,2420,24200000,1809,930,1240,1255,999,395,152
INS,2421,24210000,1823,904,1185,1286,1018,442,199
INS,2422,24220000,1824,900,1185,1317,1006,424,214
INS,2423,24230000,1820,917,1218,1260,1045,368,203
INS,2424,24240000,1802,963,1211,1289,999,421,21
INS,2425,24250000,1806,878,1229,1288,978,413,201
INS,2426,24260000,1786,975,1203,1280,996,413,23
INS,2427,24270000,1791,940,1195,1237,1005,377,188
INS,2428,24280000,1809,902,1206,1304,943,410,234
INS,2429,24290000,1781,929,1218,1277,972,413,11
INS,2430,24300000,1802,863,1181,1303,986,420,249
INS,2431,24310000,1789,889,1247,1274,1010,419,83
INS,2432,24320000,1812,911,1204,1299,988,411,97
INS,2433,24330000,1802,931,1198,1295,997,378,90
INS,2434,24340000,1783,915,1267,1305,987,387,150
INS,2435,24350000,1826,895,1214,1284,1029,403,174
INS,2436,24360000,1746,951,1212,1283,994,422,148
INS,2437,24370000,1784,925,1225,1283,967,400,141
INS,2438,24380000,1799,877,1218,1296,971,393,128
INS,2439,24390000,1791,906,1220,1331,951,405,195
INS,2440,24400000,1808,898,1212,1258,1026,425,235
INS,2441,24410000,1779,908,1176,1347,984,389,208
INS,2442,24420000,1826,944,1222,1304,996,403,81
INS,2443,24430000,1824,922,1217,1277,979,382,4
INS,2444,24440000,1750,932,1195,1286,969,364,172
INS,2445,24450000,1797,879,1212,1322,992,386,25
INS,2446,24460000,1789,896,1150,1275,977,415,212
INS,2447,24470000,1789,901,1228,1310,997,392,88
INS,2448,24480000,1809,928,1208,1259,961,383,36
INS,2449,24490000,1775,852,1269,1348,1002,402,153
INS,2450,24500000,1808,900,1172,1299,984,383,68
INS,2451,24510000,1821,896,1177,1310,959,390,92
INS,2452,24520000,1816,892,1232,1266,962,342,66
INS,2453,24530000,1773,907,1204,1327,990,410,184
INS,2454,24540000,1826,922,1174,1296,1015,396,219
INS,2455,24550000,1815,901,1228,1298,979,387,215
INS,2456,24560000,1829,915,1176,1249,1005,405,203
INS,2457,24570000,1759,880,1182,1321,1039,409,231
INS,2458,24580000,1779,873,1232,1254,980,374,150
INS,2459,24590000,1811,859,1232,1232,991,385,185
INS,2460,24600000,1807,922,1181,1342,1026,345,59
INS,2461,24610000,1762,907,1227,1310,1014,402,75
INS,2462,24620000,1815,870,1173,1308,969,385,246
INS,2463,24630000,1784,934,1226,1308,1007,384,130
INS,2464,24640000,1763,930,1176,1300,992,412,77
INS,2465,24650000,1822,853,1206,1322,1019,405,148
INS,2466,24660000,1789,934,1185,1256,997,410,109
INS,2467,24670000,1799,907,1164,1278,1010,375,88
INS,2468,24680000,1822,937,1198,1323,983,373,208
INS,2469,24690000,1836,858,1177,1366,964,413,203
INS,2470,24700000,1786,892,1157,1310,999,432,182
INS,2471,24710000,1802,923,1201,1290,980,429,248
INS,2472,24720000,1821,884,1180,1371,1023,365,28
INS,2473,24730000,1788,874,1192,1304,989,403,207
INS,2474,24740000,1805,915,1217,1316,973,404,48
INS,2475,24750000,1833,902,1221,1316,1002,371,80
INS,2476,24760000,1750,887,1208,1344,990,405,36
INS,2477,24770000,1804,904,1222,1350,1002,413,164
INS,2478,24780000,1818,901,1179,1298,1001,412,95
INS,2479,24790000,1803,842,1160,1284,976,399,223
INS,2480,24800000,1778,914,1234,1284,1023,384,137
INS,2481,24810000,1797,883,1198,1290,1023,395,123
INS,2482,24820000,1808,891,1235,1265,1030,393,176
INS,2483,24830000,1791,893,1202,1305,1004,369,135
INS,2484,24840000,1807,882,1209,1302,1007,375,170
INS,2485,24850000,1774,915,1189,1245,1001,370,99
INS,2486,24860000,1794,907,1188,1273,973,436,193
INS,2487,24870000,1805,918,1182,1307,964,382,197
INS,2488,24880000,1781,901,1185,1296,980,407,206
INS,2489,24890000,1834,883,1233,1286,1010,406,69
INS,2490,24900000,1781,875,1189,1300,1020,389,244
INS,2491,24910000,1836,909,1205,1314,1015,364,94
INS,2492,24920000,1812,882,1212,1315,1004,436,129
INS,2493,24930000,1801,883,1213,1324,943,379,28
INS,2494,24940000,1792,871,1227,1317,1005,367,81
INS,2495,24950000,1824,907,1189,1330,1037,411,217
INS,2496,24960000,1814,956,1252,1274,1057,346,235
INS,2497,24970000,1791,899,1162,1292,977,409,83
INS,2498,24980000,1787,911,1237,1310,1009,408,232
INS,2499,24990000,1790,909,1170,1271,1005,407,139
INS,2500,25000000,1789,903,1157,1304,1031,384,172
INS,2501,25010000,1838,893,1224,1316,1001,393,30
INS,2502,25020000,1757,934,1217,1297,1001,340,184
INS,2503,25030000,1816,897,1147,1283,992,419,209
INS,2504,25040000,1820,895,1181,1312,956,430,10
INS,2505,25050000,1781,887,1153,1291,997,392,190
INS,2506,25060000,1826,918,1150,1304,991,444,83
INS,2507,25070000,1795,905,1206,1274,1011,400,58
INS,2508,25080000,1808,883,1189,1316,1051,368,99
INS,2509,25090000,1753,920,1194,1314,1005,418,105
INS,2510,25100000,1818,892,1195,1291,991,430,135
INS,2511,25110000,1785,936,1251,1338,994,397,236
INS,2512,25120000,1742,895,1174,1263,1000,392,18
INS,2513,25130000,1803,911,1198,1278,1027,408,194
INS,2514,25140000,1766,915,1234,1287,1009,450,247
INS,2515,25150000,1824,920,1185,1288,1001,398,219
INS,2516,25160000,1812,899,1203,1318,1002,411,9
INS,2517,25170000,1787,910,1167,1331,1012,390,234
INS,2518,25180000,1853,907,1178,1303,1037,391,67
INS,2519,25190000,1807,872,1211,1301,1031,381,18
INS,2520,25200000,1833,904,1234,1290,1004,383,80
INS,2521,25210000,1772,901,1209,1294,948,393,222
INS,2522,25220000,1716,894,1158,1315,1020,383,208
INS,2523,25230000,1802,919,1210,1316,999,412,141
INS,2524,25240000,1796,876,1204,1294,966,377,13
INS,2525,25250000,1754,887,1209,1284,1005,438,94
INS,2526,25260000,1771,899,1216,1311,991,403,125
INS,2527,25270000,1806,916,1194,1299,1002,419,187
INS,2528,25280000,1822,896,1222,1337,1015,423,27
INS,2529,25290000,1805,882,1175,1326,983,430,186
INS,2530,25300000,1782,876,1191,1291,1026,381,149
INS,2531,25310000,1823,890,1188,1286,999,376,181
INS,2532,25320000,1803,863,1197,1258,1011,402,170
INS,2533,25330000,1791,876,1177,1327,1008,422,254
INS,2534,25340000,1819,890,1235,1290,1021,405,74
INS,2535,25350000,1798,911,1187,1322,955,413,17
INS,2536,25360000,1780,900,1201,1331,1004,413,77
INS,2537,25370000,1814,836,1191,1300,945,399,206
INS,2538,25380000,1795,897,1223,1269,998,420,84
INS,2539,25390000,1742,914,1233,1287,1013,387,75
INS,2540,25400000,1811,917,1212,1290,1007,446,199
INS,2541,25410000,1837,887,1210,1311,993,386,157
INS,2542,25420000,1795,939,1214,1313,1014,374,199
INS,2543,25430000,1815,881,1223,1302,1012,396,196
INS,2544,25440000,1828,873,1205,1289,994,377,150
INS,2545,25450000,1775,871,1207,1302,1002,398,156
INS,2546,25460000,1791,925,1186,1307,1000,398,225
INS,2547,25470000,1799,841,1171,1275,1032,410,163
INS,2548,25480000,1796,844,1193,1293,988,459,225
INS,2549,25490000,1785,880,1235,1283,968,430,250
INS,2550,25500000,1824,888,1192,1289,993,388,4
INS,2551,25510000,1797,895,1244,1311,996,382,72
INS,2552,25520000,1786,899,1186,1304,979,428,46
INS,2553,25530000,1822,927,1231,1357,1008,415,241
INS,2554,25540000,1796,910,1205,1314,968,372,63
INS,2555,25550000,1800,903,1208,1328,1016,379,149
INS,2556,25560000,1870,894,1212,1278,968,364,118
INS,2557,25570000,1790,864,1190,1302,1022,391,108
INS,2558,25580000,1793,885,1169,1276,1037,388,114
INS,2559,25590000,1827,887,1172,1295,984,367,115
INS,2560,25600000,1834,929,1208,1303,1017,417,52
INS,2561,25610000,1804,854,1205,1342,974,387,183
INS,2562,25620000,1775,874,1192,1250,1028,369,122
INS,2563,25630000,1793,916,1189,1299,998,385,231
INS,2564,25640000,1768,929,1194,1265,1029,385,238
INS,2565,25650000,1777,914,1180,1259,1029,388,232
INS,2566,25660000,1792,916,1201,1278,1077,403,113
INS,2567,25670000,1848,878,1171,1300,983,382,25
INS,2568,25680000,1818,858,1191,1271,998,398,14
INS,2569,25690000,1796,898,1144,1293,987,410,25
INS,2570,25700000,1816,924,1195,1290,1013,407,159
INS,2571,25710000,1802,915,1178,1274,1015,407,122
INS,2572,25720000,1833,861,1182,1223,1037,402,86
INS,2573,25730000,1824,955,1206,1306,988,409,253
INS,2574,25740000,1789,894,1182,1292,990,406,135
INS,2575,25750000,1793,903,1177,1308,1020,371,171
INS,2576,25760000,1830,900,1205,1246,1033,421,251
INS,2577,25770000,1754,897,1171,1279,973,454,161
INS,2578,25780000,1811,864,1218,1328,1040,466,121
INS,2579,25790000,1784,887,1176,1298,985,449,246
INS,2580,25800000,1788,878,1172,1258,960,380,120
INS,2581,25810000,1778,924,1202,1286,998,425,58
INS,2582,25820000,1802,880,1224,1323,1027,391,109
INS,2583,25830000,1799,886,1238,1301,1027,403,133
INS,2584,25840000,1802,893,1204,1349,1006,416,166
INS,2585,25850000,1794,886,1196,1302,1024,355,70
INS,2586,25860000,1765,912,1244,1260,951,426,88
INS,2587,25870000,1838,917,1202,1280,1028,368,180
INS,2588,25880000,1826,907,1221,1273,983,431,205
INS,2589,25890000,1777,917,1221,1276,1024,398,194
INS,2590,25900000,1771,906,1180,1303,984,407,149
INS,2591,25910000,1810,921,1229,1339,975,424,57
INS,2592,25920000,1804,889,1159,1299,1016,412,211
INS,2593,25930000,1791,885,1221,1274,1026,397,243
INS,2594,25940000,1751,913,1255,1302,1001,436,68
INS,2595,25950000,1836,900,1208,1279,1052,445,147
INS,2596,25960000,1820,862,1186,1307,1048,385,52
INS,2597,25970000,1785,925,1222,1268,996,389,46
INS,2598,25980000,1833,883,1203,1311,974,402,84
INS,2599,25990000,1832,880,1175,1331,1012,402,127
INS,2600,26000000,1819,913,1247,1353,1014,430,32
INS,2601,26010000,1804,887,1199,1306,1016,415,156
INS,2602,26020000,1789,908,1163,1315,1005,417,143
INS,2603,26030000,1788,933,1186,1312,976,431,189
INS,2604,26040000,1842,879,1212,1258,943,368,82
INS,2605,26050000,1807,896,1201,1283,1019,376,179
INS,2606,26060000,1804,916,1150,1287,961,448,180
INS,2607,26070000,1825,917,1199,1262,984,376,194
INS,2608,26080000,1784,895,1185,1274,1013,417,216
INS,2609,26090000,1759,893,1199,1294,987,444,241
INS,2610,26100000,1806,839,1195,1305,979,430,236
INS,2611,26110000,1786,909,1190,1315,1007,393,43
INS,2612,26120000,1786,841,1142,1328,982,380,175
INS,2613,26130000,1784,847,1188,1314,1038,366,14
INS,2614,26140000,1816,910,1249,1270,1005,352,96
INS,2615,26150000,1811,875,1178,1274,990,408,47
INS,2616,26160000,1800,946,1188,1305,1016,421,204
INS,2617,26170000,1782,919,1223,1268,1000,427,164
INS,2618,26180000,1796,951,1240,1293,1015,404,5
INS,2619,26190000,1824,931,1199,1296,1001,423,253
INS,2620,26200000,1821,918,1175,1284,983,369,146
INS,2621,26210000,1779,886,1201,1320,980,441,220
INS,2622,26220000,1739,896,1207,1306,1036,383,197
INS,2623,26230000,1833,886,1187,1267,980,431,231
INS,2624,26240000,1819,931,1238,1271,1022,429,118
INS,2625,26250000,1807,916,1209,1269,999,407,32
INS,2626,26260000,1836,809,1191,1331,1041,376,26
INS,2627,26270000,1835,868,1196,1307,980,413,58
INS,2628,26280000,1811,864,1187,1262,983,414,253
INS,2629,26290000,1788,875,1172,1294,999,395,16
INS,2630,26300000,1778,892,1208,1268,1019,398,73
INS,2631,26310000,1795,851,1182,1323,1019,436,133
INS,2632,26320000,1785,852,1218,1262,1002,410,73
INS,2633,26330000,1762,853,1192,1353,1002,463,186
INS,2634,26340000,1822,899,1192,1326,1012,418,247
INS,2635,26350000,1799,866,1213,1301,997,375,146
INS,2636,26360000,1802,890,1160,1296,1040,380,180
INS,2637,26370000,1825,903,1204,1312,978,373,224
INS,2638,26380000,1804,891,1161,1286,969,414,171
INS,2639,26390000,1809,933,1191,1290,963,390,239
INS,2640,26400000,1762,889,1187,1307,1028,352,205
INS,2641,26410000,1813,898,1184,1274,990,390,246
INS,2642,26420000,1802,936,1159,1304,974,419,52
INS,2643,26430000,1869,872,1239,1301,997,395,148
INS,2644,26440000,1779,918,1172,1329,1002,444,136
INS,2645,26450000,1798,885,1171,1278,968,407,16
INS,2646,26460000,1821,876,1201,1290,985,417,116
INS,2647,26470000,1823,906,1212,1333,992,416,225
INS,2648,26480000,1794,909,1241,1304,1049,384,241
INS,2649,26490000,1784,849,1260,1276,1001,339,86
INS,2650,26500000,1838,919,1223,1287,1012,419,36
INS,2651,26510000,1779,909,1209,1316,1031,397,252
INS,2652,26520000,1807,884,1198,1327,985,390,219
INS,2653,26530000,1779,887,1237,1271,996,370,185
INS,2654,26540000,1835,869,1200,1334,988,392,24
INS,2655,26550000,1823,930,1166,1314,992,366,14
INS,2656,26560000,1803,949,1188,1284,1003,410,77
INS,2657,26570000,1784,888,1183,1272,997,427,8
INS,2658,26580000,1816,883,1211,1262,1019,389,54
INS,2659,26590000,1815,916,1204,1319,1003,416,164
INS,2660,26600000,1785,882,1232,1318,970,424,119
INS,2661,26610000,1805,915,1196,1305,969,399,114
INS,2662,26620000,1805,898,1193,1312,1042,366,158
INS,2663,26630000,1843,909,1186,1303,1009,408,217
INS,2664,26640000,1829,870,1214,1318,1000,425,232
INS,2665,26650000,1783,945,1206,1332,1003,381,243
INS,2666,26660000,1815,887,1232,1289,1002,380,215
INS,2667,26670000,1796,888,1207,1260,1008,439,225
INS,2668,26680000,1770,862,1213,1316,953,390,148
INS,2669,26690000,1761,909,1184,1271,971,410,167
INS,2670,26700000,1773,826,1165,1303,983,435,163
INS,2671,26710000,1823,921,1223,1291,1041,376,114
INS,2672,26720000,1815,924,1179,1296,989,386,45
INS,2673,26730000,1781,887,1195,1305,999,375,15
INS,2674,26740000,1805,881,1195,1259,1015,394,39
INS,2675,26750000,1844,887,1188,1330,1012,374,142
INS,2676,26760000,1780,897,1176,1304,1025,414,120
INS,2677,26770000,1778,895,1233,1320,988,399,154
INS,2678,26780000,1779,898,1198,1319,996,411,159
INS,2679,26790000,1815,891,1155,1299,1009,420,164
INS,2680,26800000,1782,926,1143,1316,987,392,138
INS,2681,26810000,1811,902,1197,1301,979,396,195
INS,2682,26820000,1825,888,1245,1320,1020,415,83
INS,2683,26830000,1790,899,1205,1330,1009,397,17
INS,2684,26840000,1804,891,1183,1300,1001,353,192
INS,2685,26850000,1806,877,1218,1277,1007,394,0
INS,2686,26860000,1760,911,1209,1305,1033,416,72
INS,2687,26870000,1808,908,1193,1336,1049,415,164
INS,2688,26880000,1814,862,1214,1284,1015,402,63
INS,2689,26890000,1792,910,1214,1303,996,415,119
INS,2690,26900000,1873,899,1176,1296,974,389,113
INS,2691,26910000,1828,867,1191,1301,997,404,111
INS,2692,26920000,1768,912,1205,1265,1057,421,168
INS,2693,26930000,1820,888,1177,1301,977,410,130
INS,2694,26940000,1777,869,1217,1325,1012,391,165
INS,2695,26950000,1784,878,1241,1303,979,393,169
INS,2696,26960000,1784,912,1191,1269,1005,386,155
INS,2697,26970000,1754,928,1192,1305,988,381,173
INS,2698,26980000,1850,904,1206,1273,1006,405,30
INS,2699,26990000,1802,916,1194,1300,1019,434,68
INS,2700,27000000,1816,910,1207,1287,1013,402,55
INS,2701,27010000,1784,930,1209,1271,1001,383,15
INS,2702,27020000,1817,940,1237,1327,1038,410,223
INS,2703,27030000,1763,866,1174,1315,1002,379,226
INS,2704,27040000,1777,928,1270,1281,1019,377,140
INS,2705,27050000,1815,915,1220,1290,1006,381,132
INS,2706,27060000,1772,892,1211,1295,1022,423,137
INS,2707,27070000,1804,895,1233,1319,967,386,143
INS,2708,27080000,1777,906,1161,1328,1046,380,154
INS,2709,27090000,1825,903,1193,1334,991,393,212
INS,2710,27100000,1791,937,1180,1286,980,350,114
INS,2711,27110000,1817,884,1201,1323,980,407,219
INS,2712,27120000,1790,931,1195,1262,998,423,223
INS,2713,27130000,1834,922,1225,1325,1015,359,65
INS,2714,27140000,1815,908,1206,1272,1014,410,27
INS,2715,27150000,1822,893,1184,1308,1047,407,80
INS,2716,27160000,1759,858,1169,1275,970,453,176
INS,2717,27170000,1812,881,1179,1310,983,391,9
INS,2718,27180000,1824,883,1216,1311,954,411,69
INS,2719,27190000,1822,913,1175,1286,981,421,85
INS,2720,27200000,1802,916,1163,1342,1004,397,128
INS,2721,27210000,1760,897,1185,1308,991,390,52
INS,2722,27220000,1794,890,1220,1332,1022,450,246
INS,2723,27230000,1752,888,1204,1292,1018,346,55
INS,2724,27240000,1836,914,1239,1349,975,383,12
INS,2725,27250000,1787,870,1197,1285,1030,408,166
INS,2726,27260000,1815,900,1226,1300,971,409,227
INS,2727,27270000,1753,889,1212,1308,1007,374,166
INS,2728,27280000,1817,938,1219,1298,992,416,64
INS,2729,27290000,1809,932,1188,1290,946,389,211
INS,2730,27300000,1836,908,1181,1321,993,394,51
INS,2731,27310000,1778,890,1194,1293,982,389,217
INS,2732,27320000,1779,891,1202,1305,994,380,3
INS,2733,27330000,1779,879,1213,1315,1023,365,43
INS,2734,27340000,1757,917,1207,1301,947,386,1
INS,2735,27350000,1774,929,1250,1313,1012,369,150
INS,2736,27360000,1755,921,1192,1305,1027,389,109
INS,2737,27370000,1803,941,1219,1318,1028,383,229
INS,2738,27380000,1779,887,1227,1308,986,396,137
INS,2739,27390000,1761,862,1191,1282,1032,417,116
INS,2740,27400000,1772,869,1193,1309,977,402,110
INS,2741,27410000,1809,895,1202,1351,941,366,169
INS,2742,27420000,1780,848,1185,1287,962,426,110
INS,2743,27430000,1803,937,1167,1287,999,367,199
INS,2744,27440000,1784,896,1192,1298,989,424,239
INS,2745,27450000,1823,943,1153,1283,1010,441,70
INS,2746,27460000,1814,827,1192,1286,971,410,190
INS,2747,27470000,1769,939,1203,1234,977,399,228
INS,2748,27480000,1825,888,1187,1302,981,393,44
INS,2749,27490000,1823,872,1206,1319,1022,365,92
INS,2750,27500000,1833,919,1195,1348,974,410,181
INS,2751,27510000,1766,917,1237,1277,993,392,101
INS,2752,27520000,1826,896,1226,1305,1006,388,183
INS,2753,27530000,1796,939,1212,1342,1010,397,249
INS,2754,27540000,1804,915,1217,1297,983,433,219
INS,2755,27550000,1819,885,1197,1322,1013,402,225
INS,2756,27560000,1758,875,1201,1271,1019,383,111
INS,2757,27570000,1799,901,1235,1290,1020,368,234
INS,2758,27580000,1801,908,1209,1250,981,380,167
INS,2759,27590000,1786,857,1201,1295,1029,428,251
INS,2760,27600000,1774,928,1193,1328,989,414,42
INS,2761,27610000,1807,925,1179,1300,1018,384,46
INS,2762,27620000,1818,939,1197,1281,1044,389,118
INS,2763,27630000,1758,911,1209,1318,1032,444,139
INS,2764,27640000,1788,889,1191,1346,980,417,95
INS,2765,27650000,1807,959,1192,1273,974,424,130
INS,2766,27660000,1786,832,1207,1297,1009,371,20
INS,2767,27670000,1804,900,1167,1301,1002,425,134
INS,2768,27680000,1795,892,1193,1342,962,421,157
INS,2769,27690000,1790,902,1196,1317,985,444,203
INS,2770,27700000,1810,874,1164,1319,1018,407,178
INS,2771,27710000,1801,883,1207,1263,1003,409,169
INS,2772,27720000,1786,847,1214,1285,1000,398,150
INS,2773,27730000,1818,903,1141,1323,989,411,222
INS,2774,27740000,1786,934,1193,1330,1012,411,64
INS,2775,27750000,1783,968,1218,1294,1013,359,50
INS,2776,27760000,1815,884,1234,1288,1018,421,92
INS,2777,27770000,1755,923,1160,1296,995,401,235
INS,2778,27780000,1749,913,1207,1334,969,381,19
INS,2779,27790000,1795,886,1191,1267,1045,424,91
INS,2780,27800000,1789,908,1199,1263,1026,392,77
INS,2781,27810000,1793,893,1207,1300,1004,385,99
INS,2782,27820000,1781,832,1227,1276,1013,386,49
INS,2783,27830000,1845,901,1235,1301,991,402,226
INS,2784,27840000,1795,887,1244,1315,965,411,185
INS,2785,27850000,1813,919,1163,1284,999,373,136
INS,2786,27860000,1781,903,1198,1336,955,385,160
INS,2787,27870000,1835,916,1201,1304,974,394,243
INS,2788,27880000,1760,905,1190,1241,994,413,139
INS,2789,27890000,1775,928,1144,1281,1006,381,168
INS,2790,27900000,1758,865,1185,1322,1010,395,205
INS,2791,27910000,1792,903,1185,1316,1014,417,58
INS,2792,27920000,1827,873,1229,1279,997,380,33
INS,2793,27930000,1823,914,1213,1298,1002,378,93
INS,2794,27940000,1785,891,1191,1284,1020,393,46
INS,2795,27950000,1775,938,1218,1331,963,371,95
INS,2796,27960000,1786,861,1237,1281,1025,410,116
INS,2797,27970000,1808,916,1200,1354,1075,389,19
INS,2798,27980000,1808,899,1183,1306,991,404,141
INS,2799,27990000,1790,896,1199,1311,951,397,111
INS,2800,28000000,1800,893,1175,1281,972,417,122
INS,2801,28010000,1808,875,1175,1267,956,451,133
INS,2802,28020000,1817,885,1234,1326,981,437,42
INS,2803,28030000,1814,919,1245,1283,1005,433,78
INS,2804,28040000,1805,870,1200,1302,1051,419,43
INS,2805,28050000,1825,891,1204,1325,952,390,0
INS,2806,28060000,1760,902,1195,1341,987,414,29
INS,2807,28070000,1821,933,1224,1322,1023,369,139
INS,2808,28080000,1769,912,1199,1302,1011,396,53
INS,2809,28090000,1779,916,1181,1312,1018,372,59
INS,2810,28100000,1838,887,1243,1284,965,365,80
INS,2811,28110000,1807,907,1215,1318,1023,377,162
INS,2812,28120000,1819,920,1198,1302,981,429,181
INS,2813,28130000,1786,863,1207,1296,1001,357,59
INS,2814,28140000,1803,906,1219,1270,1007,400,171
INS,2815,28150000,1801,929,1176,1315,980,353,137
INS,2816,28160000,1803,892,1164,1272,933,367,31
INS,2817,28170000,1814,898,1162,1278,1035,386,190
INS,2818,28180000,1801,877,1184,1271,1003,344,114
INS,2819,28190000,1829,897,1184,1332,986,424,47
INS,2820,28200000,1799,921,1185,1320,983,400,20
INS,2821,28210000,1768,873,1203,1287,993,394,203
INS,2822,28220000,1789,859,1196,1259,936,391,132
INS,2823,28230000,1824,896,1197,1297,1020,411,108
INS,2824,28240000,1770,914,1216,1286,1026,394,86
INS,2825,28250000,1841,926,1192,1274,984,439,153
INS,2826,28260000,1730,878,1223,1356,999,424,124
INS,2827,28270000,1804,910,1208,1302,980,334,69
INS,2828,28280000,1817,896,1177,1326,961,391,116
INS,2829,28290000,1782,892,1221,1279,1030,396,165
INS,2830,28300000,1814,890,1192,1281,997,401,157
INS,2831,28310000,1771,921,1156,1374,966,440,227
INS,2832,28320000,1883,903,1197,1285,975,353,212
INS,2833,28330000,1794,925,1239,1303,1045,350,33
INS,2834,28340000,1788,926,1209,1297,1001,390,5
INS,2835,28350000,1821,860,1200,1301,946,374,169
INS,2836,28360000,1824,891,1196,1311,1004,412,66
INS,2837,28370000,1803,912,1259,1307,957,409,92
INS,2838,28380000,1787,867,1160,1329,1000,375,236
INS,2839,28390000,1771,911,1230,1302,974,444,111
INS,2840,28400000,1785,895,1242,1312,981,405,116
INS,2841,28410000,1776,896,1213,1301,1035,397,131
INS,2842,28420000,1777,893,1168,1279,1022,427,96
INS,2843,28430000,1748,912,1175,1291,1010,361,44
INS,2844,28440000,1773,934,1194,1287,1028,343,123
INS,2845,28450000,1750,908,1187,1310,1032,394,162
INS,2846,28460000,1795,918,1206,1328,986,351,182
INS,2847,28470000,1826,904,1213,1269,956,407,190
INS,2848,28480000,1847,830,1181,1313,1013,426,242
INS,2849,28490000,1779,888,1161,1320,976,398,171
INS,2850,28500000,1841,926,1168,1324,989,435,93
INS,2851,28510000,1847,949,1178,1265,970,361,253
INS,2852,28520000,1805,865,1173,1309,1005,387,244
INS,2853,28530000,1762,906,1224,1325,993,384,55
INS,2854,28540000,1817,898,1200,1279,960,398,30
INS,2855,28550000,1810,914,1175,1289,1031,376,90
INS,2856,28560000,1825,853,1153,1305,1020,442,110
INS,2857,28570000,1740,904,1211,1290,1035,352,61
INS,2858,28580000,1784,856,1210,1293,972,435,96
INS,2859,28590000,1877,906,1170,1340,1024,378,2
INS,2860,28600000,1815,889,1232,1277,986,409,188
INS,2861,28610000,1777,885,1185,1315,1017,363,139
INS,2862,28620000,1781,890,1173,1310,1021,360,149
INS,2863,28630000,1801,911,1192,1263,1025,429,252
INS,2864,28640000,1755,853,1203,1251,1045,393,148
INS,2865,28650000,1789,880,1232,1327,996,373,6
INS,2866,28660000,1788,895,1163,1299,1032,444,47
INS,2867,28670000,1796,869,1218,1312,969,351,214
INS,2868,28680000,1778,926,1226,1362,1008,430,190
INS,2869,28690000,1789,859,1203,1333,1014,396,71
INS,2870,28700000,1793,915,1197,1265,1014,388,66
INS,2871,28710000,1787,899,1191,1264,985,385,22
INS,2872,28720000,1821,923,1180,1305,1025,398,180
INS,2873,28730000,1783,907,1149,1309,994,435,122
INS,2874,28740000,1815,931,1232,1285,1013,363,201
INS,2875,28750000,1803,921,1226,1281,954,408,172
INS,2876,28760000,1837,917,1217,1309,1014,423,57
INS,2877,28770000,1804,879,1159,1304,1008,387,154
INS,2878,28780000,1807,928,1209,1294,992,363,223
INS,2879,28790000,1827,913,1216,1291,962,405,5
INS,2880,28800000,1772,928,1202,1282,995,424,11
INS,2881,28810000,1831,880,1182,1308,1035,398,59
INS,2882,28820000,1822,894,1208,1347,1077,435,225
INS,2883,28830000,1816,839,1213,1256,987,407,233
INS,2884,28840000,1782,888,1186,1292,1024,389,37
INS,2885,28850000,1815,934,1209,1283,997,363,94
INS,2886,28860000,1773,939,1241,1276,938,432,109
INS,2887,28870000,1804,863,1197,1246,1008,409,54
INS,2888,28880000,1771,897,1182,1328,1027,415,164
INS,2889,28890000,1787,907,1186,1269,1010,440,160
INS,2890,28900000,1787,923,1187,1274,986,425,160
INS,2891,28910000,1811,907,1246,1317,984,378,238
INS,2892,28920000,1804,933,1170,1300,982,364,165
INS,2893,28930000,1737,907,1203,1280,997,383,136
INS,2894,28940000,1787,891,1205,1301,974,350,154
INS,2895,28950000,1811,864,1186,1329,1013,429,39
INS,2896,28960000,1753,874,1185,1303,991,403,189
INS,2897,28970000,1778,904,1169,1287,1001,361,197
INS,2898,28980000,1831,902,1231,1289,1008,382,101
INS,2899,28990000,1807,887,1137,1288,1005,394,249
INS,2900,29000000,1797,918,1173,1320,970,388,58
INS,2901,29010000,1758,886,1198,1296,1002,453,102
INS,2902,29020000,1801,924,1211,1340,1041,381,224
INS,2903,29030000,1806,888,1218,1294,1001,369,119
INS,2904,29040000,1802,914,1197,1279,940,402,94
INS,2905,29050000,1797,944,1177,1316,984,356,151
INS,2906,29060000,1804,863,1175,1306,1005,373,120
INS,2907,29070000,1787,903,1241,1303,1018,406,13
INS,2908,29080000,1768,911,1223,1256,1001,380,167
INS,2909,29090000,1807,931,1174,1303,1032,409,45
INS,2910,29100000,1764,898,1226,1305,983,387,225
INS,2911,29110000,1804,905,1201,1287,1018,412,50
INS,2912,29120000,1786,887,1222,1321,1002,446,104
INS,2913,29130000,1837,890,1188,1297,986,385,40
INS,2914,29140000,1811,842,1219,1306,1014,413,79
INS,2915,29150000,1800,888,1196,1284,1013,388,60
INS,2916,29160000,1776,896,1180,1272,994,409,35
INS,2917,29170000,1834,896,1170,1257,1006,377,65
INS,2918,29180000,1790,921,1220,1300,970,354,97
INS,2919,29190000,1768,877,1187,1280,1009,392,72
INS,2920,29200000,1767,889,1177,1273,956,384,22
INS,2921,29210000,1809,897,1192,1298,998,370,157
INS,2922,29220000,1814,916,1208,1290,1005,406,249
INS,2923,29230000,1788,900,1200,1305,1024,399,243
INS,2924,29240000,1805,912,1189,1307,994,399,250
INS,2925,29250000,1830,898,1214,1269,1007,426,49
INS,2926,29260000,1792,933,1249,1325,990,404,115
INS,2927,29270000,1787,874,1210,1306,1014,335,221
INS,2928,29280000,1817,938,1228,1306,1034,407,186
INS,2929,29290000,1796,885,1213,1283,963,394,7
INS,2930,29300000,1801,878,1243,1326,986,400,124
INS,2931,29310000,1792,929,1201,1269,990,395,83
INS,2932,29320000,1822,910,1169,1304,994,454,177
INS,2933,29330000,1807,900,1143,1277,1002,369,39
INS,2934,29340000,1827,952,1230,1302,968,428,9
INS,2935,29350000,1770,872,1186,1319,980,420,122
INS,2936,29360000,1819,867,1163,1292,987,373,93
INS,2937,29370000,1818,892,1240,1288,975,429,251
INS,2938,29380000,1768,895,1195,1300,965,382,131
INS,2939,29390000,1801,917,1220,1293,988,414,20
INS,2940,29400000,1780,897,1213,1333,1015,414,56
INS,2941,29410000,1797,879,1240,1264,1019,405,25
INS,2942,29420000,1819,894,1161,1276,1004,394,242
INS,2943,29430000,1807,882,1178,1263,967,392,200
INS,2944,29440000,1816,888,1219,1277,990,384,46
INS,2945,29450000,1802,902,1155,1286,1050,395,79
INS,2946,29460000,1805,903,1233,1317,982,438,184
INS,2947,29470000,1779,923,1228,1286,1005,400,144
INS,2948,29480000,1808,892,1205,1299,1016,347,107
INS,2949,29490000,1796,903,1158,1295,995,422,126
INS,2950,29500000,1817,918,1209,1295,969,354,136
INS,2951,29510000,1774,920,1200,1278,1017,382,162
INS,2952,29520000,1815,869,1212,1311,1008,417,240
INS,2953,29530000,1784,919,1211,1260,1037,389,225
INS,2954,29540000,1788,897,1241,1281,991,423,7
INS,2955,29550000,1788,880,1202,1254,1003,429,215
INS,2956,29560000,1819,862,1200,1278,1016,366,217
INS,2957,29570000,1745,894,1218,1312,995,386,243
INS,2958,29580000,1842,877,1230,1295,968,376,42
INS,2959,29590000,1827,914,1210,1285,1013,411,131
INS,2960,29600000,1805,859,1177,1264,1010,393,252
INS,2961,29610000,1785,937,1227,1279,969,428,130
INS,2962,29620000,1792,867,1196,1285,981,391,34
INS,2963,29630000,1778,884,1162,1278,1003,369,13
INS,2964,29640000,1762,877,1221,1290,1073,370,149
INS,2965,29650000,1820,922,1224,1330,979,371,219
INS,2966,29660000,1825,899,1226,1281,1003,397,221
INS,2967,29670000,1800,922,1202,1304,967,415,217
INS,2968,29680000,1809,899,1177,1324,974,396,203
INS,2969,29690000,1772,890,1193,1316,972,380,164
INS,2970,29700000,1782,926,1226,1309,990,412,47
INS,2971,29710000,1784,969,1209,1236,987,413,17
INS,2972,29720000,1777,883,1227,1275,982,472,52
INS,2973,29730000,1836,906,1221,1313,1009,391,129
INS,2974,29740000,1803,858,1165,1320,998,404,18
INS,2975,29750000,1780,904,1202,1303,1016,391,83
INS,2976,29760000,1819,904,1194,1303,990,404,118
INS,2977,29770000,1835,898,1179,1307,994,375,109
INS,2978,29780000,1773,927,1214,1312,970,430,164
INS,2979,29790000,1784,909,1200,1354,1001,408,211
INS,2980,29800000,1808,886,1231,1307,1002,407,213
INS,2981,29810000,1772,915,1154,1331,989,394,144
INS,2982,29820000,1794,944,1201,1316,979,420,4
INS,2983,29830000,1782,885,1231,1322,1010,465,62
INS,2984,29840000,1797,905,1205,1297,976,386,206
INS,2985,29850000,1794,899,1197,1344,993,364,248
INS,2986,29860000,1849,956,1210,1286,1005,428,152
INS,2987,29870000,1780,869,1181,1313,1023,365,222
INS,2988,29880000,1806,855,1220,1277,959,408,233
INS,2989,29890000,1819,928,1222,1282,972,410,102
INS,2990,29900000,1803,849,1197,1298,999,427,59
INS,2991,29910000,1751,903,1163,1326,1032,456,134
INS,2992,29920000,1771,913,1211,1268,999,443,125
INS,2993,29930000,1772,960,1213,1326,1022,423,253
INS,2994,29940000,1790,904,1187,1334,1007,405,181
INS,2995,29950000,1772,905,1165,1302,997,396,108
INS,2996,29960000,1797,885,1227,1290,1027,391,205
INS,2997,29970000,1811,913,1177,1311,1015,365,197
INS,2998,29980000,1792,899,1187,1308,994,396,198
INS,2999,29990000,1778,917,1204,1310,1013,393,254
INS,3000,30000000,1843,888,1177,1305,1012,373,254
INS,3001,30010000,1796,887,1188,1311,973,366,194
INS,3002,30020000,1792,865,1219,1290,966,421,243
INS,3003,30030000,1804,912,1172,1322,990,389,40
INS,3004,30040000,1810,896,1198,1251,986,406,15
INS,3005,30050000,1794,870,1225,1307,985,429,95
INS,3006,30060000,1795,916,1204,1328,1017,411,173
INS,3007,30070000,1823,948,1254,1295,1033,431,47
INS,3008,30080000,1812,862,1160,1291,1007,387,55
INS,3009,30090000,1829,854,1250,1304,981,377,148
INS,3010,30100000,1774,938,1205,1285,988,375,135
INS,3011,30110000,1742,894,1206,1294,994,398,115
INS,3012,30120000,1811,919,1193,1305,1017,426,19
INS,3013,30130000,1791,868,1203,1315,955,417,170
INS,3014,30140000,1747,904,1183,1298,1062,431,7
INS,3015,30150000,1797,917,1135,1283,1030,421,238
INS,3016,30160000,1816,843,1258,1320,1033,410,96
INS,3017,30170000,1795,939,1160,1255,967,435,240
INS,3018,30180000,1807,858,1195,1303,986,433,32
INS,3019,30190000,1779,916,1201,1322,1009,395,89
INS,3020,30200000,1771,905,1189,1295,975,398,17
INS,3021,30210000,1817,896,1180,1286,1049,454,183
INS,3022,30220000,1819,847,1204,1326,1039,463,216
INS,3023,30230000,1834,861,1147,1300,1003,432,112
INS,3024,30240000,1790,909,1187,1316,981,419,154
INS,3025,30250000,1797,931,1228,1286,1019,391,221
INS,3026,30260000,1827,895,1222,1258,1013,435,236
INS,3027,30270000,1816,855,1174,1251,1012,424,135
INS,3028,30280000,1820,878,1235,1232,1003,392,180
INS,3029,30290000,1825,914,1175,1313,996,393,253
INS,3030,30300000,1817,939,1171,1339,988,387,39
INS,3031,30310000,1817,908,1238,1341,1030,396,145
INS,3032,30320000,1780,896,1189,1288,1001,394,236
INS,3033,30330000,1765,902,1181,1269,1034,350,206
INS,3034,30340000,1818,873,1190,1255,982,385,225
INS,3035,30350000,1806,891,1208,1303,990,430,111
INS,3036,30360000,1775,941,1225,1313,976,394,124
INS,3037,30370000,1735,914,1211,1306,981,394,58
INS,3038,30380000,1769,853,1190,1297,1004,361,8
INS,3039,30390000,1809,889,1199,1264,1013,401,126
INS,3040,30400000,1804,855,1213,1246,991,435,112
INS,3041,30410000,1763,938,1204,1306,986,410,192
INS,3042,30420000,1842,918,1223,1249,998,422,254
INS,3043,30430000,1763,924,1211,1322,1005,408,252
INS,3044,30440000,1799,928,1183,1294,985,362,187
INS,3045,30450000,1806,905,1166,1294,1010,379,213
INS,3046,30460000,1824,909,1219,1303,1005,351,25
INS,3047,30470000,1832,885,1216,1292,981,400,37
INS,3048,30480000,1819,920,1203,1295,994,427,106
INS,3049,30490000,1804,917,1162,1316,969,375,8
INS,3050,30500000,1801,864,1203,1276,975,414,15
INS,3051,30510000,1782,919,1227,1321,1007,393,148
INS,3052,30520000,1776,908,1172,1275,985,433,65
INS,3053,30530000,1767,918,1222,1284,984,430,138
INS,3054,30540000,1834,857,1193,1313,980,444,171
INS,3055,30550000,1793,884,1213,1313,1007,412,189
INS,3056,30560000,1809,929,1179,1336,1032,440,53
INS,3057,30570000,1802,894,1199,1332,951,392,171
INS,3058,30580000,1797,921,1203,1362,992,438,75
INS,3059,30590000,1757,941,1197,1271,1011,412,224
INS,3060,30600000,1824,920,1257,1311,992,400,100
INS,3061,30610000,1805,866,1203,1290,974,392,199
INS,3062,30620000,1787,894,1183,1287,1018,385,240
INS,3063,30630000,1788,876,1185,1302,1010,366,230
INS,3064,30640000,1772,882,1212,1295,1012,395,32
INS,3065,30650000,1842,904,1222,1284,1037,375,145
INS,3066,30660000,1768,924,1190,1327,990,399,96
INS,3067,30670000,1783,930,1247,1307,1035,376,193
INS,3068,30680000,1853,931,1195,1333,1014,414,16
INS,3069,30690000,1808,899,1195,1292,989,418,150
INS,3070,30700000,1810,877,1209,1285,1029,394,170
INS,3071,30710000,1794,919,1156,1255,932,378,17
INS,3072,30720000,1794,957,1246,1300,993,379,13
INS,3073,30730000,1800,842,1213,1333,962,413,180
INS,3074,30740000,1785,891,1214,1335,1044,421,68
INS,3075,30750000,1802,886,1202,1363,1021,403,72
INS,3076,30760000,1807,908,1205,1288,1017,389,26
INS,3077,30770000,1793,905,1213,1264,1016,368,244
INS,3078,30780000,1781,905,1244,1294,1018,415,103
INS,3079,30790000,1747,873,1224,1330,992,441,70
INS,3080,30800000,1814,867,1196,1316,989,405,67
INS,3081,30810000,1798,883,1247,1268,998,436,127
INS,3082,30820000,1802,880,1202,1312,1015,419,144
INS,3083,30830000,1798,942,1195,1288,987,385,126
INS,3084,30840000,1807,896,1217,1297,994,418,177
INS,3085,30850000,1824,927,1169,1312,987,419,203
INS,3086,30860000,1752,887,1211,1268,997,399,96
INS,3087,30870000,1810,895,1187,1311,1012,386,200
INS,3088,30880000,1792,903,1237,1286,985,411,230
INS,3089,30890000,1754,895,1193,1367,1005,444,35
INS,3090,30900000,1816,895,1191,1304,1005,466,71
INS,3091,30910000,1777,879,1199,1322,1001,379,224
INS,3092,30920000,1815,888,1235,1305,1004,361,36
INS,3093,30930000,1826,899,1243,1299,1002,403,117
INS,3094,30940000,1790,873,1210,1291,974,410,10
INS,3095,30950000,1828,851,1237,1291,1003,399,88
INS,3096,30960000,1792,870,1164,1281,1042,385,30
INS,3097,30970000,1770,899,1132,1314,1024,398,50
INS,3098,30980000,1849,898,1181,1252,1018,419,147
INS,3099,30990000,1784,889,1245,1330,1031,378,204
INS,3100,31000000,1788,903,1202,1314,1000,359,130
INS,3101,31010000,1786,912,1221,1311,1007,420,238
INS,3102,31020000,1771,893,1239,1301,1037,427,10
INS,3103,31030000,1804,889,1264,1291,1022,407,36
INS,3104,31040000,1764,873,1202,1309,1005,427,212
INS,3105,31050000,1783,892,1220,1315,977,399,235
INS,3106,31060000,1802,890,1181,1295,1029,385,248
INS,3107,31070000,1791,860,1186,1306,1021,420,11
INS,3108,31080000,1831,906,1230,1322,986,411,130
INS,3109,31090000,1810,873,1230,1312,1026,390,102
INS,3110,31100000,1820,933,1173,1282,989,405,80
INS,3111,31110000,1783,938,1192,1324,1003,400,135
INS,3112,31120000,1798,962,1184,1313,986,419,174
INS,3113,31130000,1809,886,1223,1291,1017,408,163
INS,3114,31140000,1827,899,1201,1309,1002,394,178
INS,3115,31150000,1771,848,1190,1256,990,364,238
INS,3116,31160000,1805,902,1186,1301,1003,425,202
INS,3117,31170000,1790,896,1199,1299,1018,365,164
INS,3118,31180000,1801,897,1205,1289,984,410,200
INS,3119,31190000,1766,908,1166,1255,998,425,149
INS,3120,31200000,1785,873,1165,1325,967,397,160
INS,3121,31210000,1810,898,1193,1293,984,396,239
INS,3122,31220000,1800,905,1173,1309,989,356,214
INS,3123,31230000,1783,936,1184,1261,1022,404,33
INS,3124,31240000,1825,902,1240,1296,1018,412,153
INS,3125,31250000,1815,892,1192,1256,1011,391,34
INS,3126,31260000,1797,882,1182,1264,980,424,23
INS,3127,31270000,1806,904,1192,1304,1030,409,156
INS,3128,31280000,1789,873,1169,1301,990,421,71
INS,3129,31290000,1766,906,1186,1264,1001,384,52
INS,3130,31300000,1784,903,1207,1256,989,399,100
INS,3131,31310000,1765,891,1150,1281,980,435,81
INS,3132,31320000,1782,863,1200,1305,1037,426,209
INS,3133,31330000,1803,903,1163,1350,1001,420,253
INS,3134,31340000,1742,937,1174,1260,1064,440,247
INS,3135,31350000,1815,936,1226,1286,1008,424,86
INS,3136,31360000,1778,894,1183,1323,1032,414,32
INS,3137,31370000,1774,874,1200,1265,975,391,160
INS,3138,31380000,1775,912,1203,1286,1031,397,46
INS,3139,31390000,1834,889,1201,1277,1033,422,115
INS,3140,31400000,1814,881,1212,1284,994,443,104
INS,3141,31410000,1853,875,1194,1288,990,398,91
INS,3142,31420000,1760,894,1202,1296,982,377,21
INS,3143,31430000,1792,938,1223,1316,976,449,221
INS,3144,31440000,1797,844,1240,1262,989,397,73
INS,3145,31450000,1772,917,1252,1341,985,441,13
INS,3146,31460000,1795,945,1244,1293,983,406,244
INS,3147,31470000,1806,869,1163,1301,977,430,141
INS,3148,31480000,1806,907,1164,1301,1025,369,184
INS,3149,31490000,1778,896,1186,1289,996,391,165
INS,3150,31500000,1784,887,1182,1324,1003,405,231
INS,3151,31510000,1804,856,1202,1299,988,396,208
INS,3152,31520000,1774,946,1230,1293,993,403,63
INS,3153,31530000,1775,919,1228,1261,960,416,0
INS,3154,31540000,1783,918,1207,1272,954,368,216
INS,3155,31550000,1759,880,1202,1306,1058,379,59
INS,3156,31560000,1782,942,1179,1314,1037,414,160
INS,3157,31570000,1816,901,1194,1280,990,431,121
INS,3158,31580000,1793,889,1198,1322,996,404,128
INS,3159,31590000,1820,853,1227,1246,978,373,40
INS,3160,31600000,1778,875,1178,1288,994,434,107
INS,3161,31610000,1851,926,1226,1348,998,390,60
INS,3162,31620000,1785,936,1163,1294,1000,348,120
INS,3163,31630000,1813,886,1154,1281,1004,464,213
INS,3164,31640000,1837,903,1177,1357,1029,401,76
INS,3165,31650000,1755,920,1209,1349,1011,404,37
INS,3166,31660000,1808,918,1196,1262,984,428,2
INS,3167,31670000,1834,838,1219,1305,1034,429,82
INS,3168,31680000,1793,828,1180,1287,1011,420,215
INS,3169,31690000,1804,885,1205,1299,1019,406,75
INS,3170,31700000,1790,877,1224,1280,971,380,252
INS,3171,31710000,1769,943,1201,1323,1037,345,109
INS,3172,31720000,1785,874,1197,1302,998,394,58
INS,3173,31730000,1796,892,1230,1296,972,400,111
INS,3174,31740000,1744,901,1191,1280,972,410,40
INS,3175,31750000,1803,885,1210,1270,984,378,89
INS,3176,31760000,1820,909,1185,1300,963,426,179
INS,3177,31770000,1776,911,1190,1317,988,388,163
INS,3178,31780000,1771,872,1202,1290,1014,372,131
INS,3179,31790000,1768,887,1191,1301,1071,401,246
INS,3180,31800000,1807,915,1174,1318,1031,381,14
INS,3181,31810000,1784,879,1197,1276,1017,383,197
INS,3182,31820000,1829,861,1192,1347,1002,390,43
INS,3183,31830000,1789,890,1206,1292,972,389,233
INS,3184,31840000,1808,884,1253,1309,1000,406,116
INS,3185,31850000,1792,900,1175,1297,985,358,236
INS,3186,31860000,1797,895,1207,1276,1038,407,110
INS,3187,31870000,1798,895,1201,1300,1005,371,77
INS,3188,31880000,1794,889,1163,1297,1003,344,14
INS,3189,31890000,1763,923,1215,1285,950,343,20
INS,3190,31900000,1831,906,1163,1316,1030,412,216
INS,3191,31910000,1790,928,1217,1317,1047,384,2
INS,3192,31920000,1848,873,1182,1307,964,382,148
INS,3193,31930000,1786,888,1162,1296,992,400,133
INS,3194,31940000,1838,891,1141,1251,999,387,133
INS,3195,31950000,1764,844,1180,1303,973,470,177
INS,3196,31960000,1810,878,1245,1300,1017,407,61
INS,3197,31970000,1849,922,1196,1297,979,403,67
INS,3198,31980000,1819,901,1202,1305,977,432,74
INS,3199,31990000,1820,918,1223,1311,965,412,104
INS,3200,32000000,1748,872,1206,1331,937,386,208
INS,3201,32010000,1788,905,1239,1306,1004,403,134
INS,3202,32020000,1793,886,1157,1324,956,364,242
INS,3203,32030000,1773,897,1246,1354,1024,434,251
INS,3204,32040000,1778,896,1212,1294,966,383,69
INS,3205,32050000,1774,868,1199,1327,953,401,79
INS,3206,32060000,1821,892,1172,1363,966,372,160
INS,3207,32070000,1778,911,1200,1341,1022,414,1
INS,3208,32080000,1832,840,1218,1264,1002,358,122
INS,3209,32090000,1806,922,1238,1295,996,395,21
INS,3210,32100000,1792,910,1188,1277,995,416,220
INS,3211,32110000,1806,950,1222,1291,932,384,244
INS,3212,32120000,1779,904,1175,1272,977,381,164
INS,3213,32130000,1779,937,1246,1327,1043,437,206
INS,3214,32140000,1810,947,1219,1284,1031,394,139
INS,3215,32150000,1773,924,1237,1275,984,374,38
INS,3216,32160000,1804,909,1166,1278,1047,423,115
INS,3217,32170000,1809,925,1194,1285,1023,371,112
INS,3218,32180000,1801,893,1200,1326,1005,464,211
INS,3219,32190000,1782,901,1235,1299,969,378,103
INS,3220,32200000,1774,890,1193,1268,978,427,86
INS,3221,32210000,1773,866,1194,1273,993,443,115
INS,3222,32220000,1819,903,1213,1280,1024,398,227
INS,3223,32230000,1778,908,1212,1288,1055,421,13
INS,3224,32240000,1773,900,1228,1327,1000,418,14
INS,3225,32250000,1798,872,1168,1365,999,411,254
INS,3226,32260000,1807,892,1189,1288,1010,390,234
INS,3227,32270000,1814,900,1223,1276,985,390,7
INS,3228,32280000,1792,898,1228,1287,1030,399,70
INS,3229,32290000,1783,870,1180,1288,1013,400,243
INS,3230,32300000,1783,939,1194,1329,1031,369,115
INS,3231,32310000,1845,900,1175,1300,1016,397,120
INS,3232,32320000,1762,903,1221,1307,932,378,7
INS,3233,32330000,1761,892,1239,1236,1010,437,96
INS,3234,32340000,1804,880,1237,1324,998,404,185
INS,3235,32350000,1790,884,1175,1318,947,410,79
INS,3236,32360000,1816,914,1222,1285,1019,377,205
INS,3237,32370000,1799,928,1190,1328,1021,355,210
INS,3238,32380000,1789,889,1198,1296,996,413,187
INS,3239,32390000,1783,882,1239,1298,1001,409,235
INS,3240,32400000,1805,928,1169,1295,1017,359,213
INS,3241,32410000,1840,938,1186,1279,1056,331,31
INS,3242,32420000,1796,919,1210,1292,1044,388,67
INS,3243,32430000,1807,887,1189,1254,981,431,240
INS,3244,32440000,1844,910,1200,1244,980,390,20
INS,3245,32450000,1769,870,1197,1284,989,401,235
INS,3246,32460000,1828,855,1244,1279,999,352,43
INS,3247,32470000,1822,907,1194,1304,983,375,88
INS,3248,32480000,1842,898,1140,1274,1008,377,59
INS,3249,32490000,1814,930,1179,1305,1002,396,163
INS,3250,32500000,1808,929,1183,1363,994,421,252
INS,3251,32510000,1805,898,1188,1319,1009,373,163
INS,3252,32520000,1772,907,1197,1332,1039,404,239
INS,3253,32530000,1790,921,1171,1278,977,400,142
INS,3254,32540000,1762,872,1191,1296,1022,421,186
INS,3255,32550000,1817,948,1203,1275,1004,402,32
INS,3256,32560000,1753,923,1192,1338,975,415,252
INS,3257,32570000,1804,891,1240,1304,1007,418,81
INS,3258,32580000,1795,881,1197,1302,1029,415,53
INS,3259,32590000,1808,888,1217,1265,956,421,6
INS,3260,32600000,1809,919,1156,1301,999,397,49
INS,3261,32610000,1824,924,1166,1269,993,432,93
INS,3262,32620000,1795,867,1211,1277,1001,360,13
INS,3263,32630000,1780,930,1176,1305,973,376,59
INS,3264,32640000,1812,911,1190,1308,1022,399,178
INS,3265,32650000,1770,892,1224,1330,1023,368,160
INS,3266,32660000,1850,881,1208,1339,1013,404,9
INS,3267,32670000,1766,920,1179,1315,1053,409,229
INS,3268,32680000,1808,881,1208,1311,1032,417,5
INS,3269,32690000,1838,882,1196,1309,1010,398,254
INS,3270,32700000,1780,880,1195,1279,1010,427,209
INS,3271,32710000,1803,922,1157,1322,998,364,221
INS,3272,32720000,1833,869,1208,1300,997,377,0
INS,3273,32730000,1813,913,1167,1304,978,409,17
INS,3274,32740000,1765,892,1174,1316,988,450,35
INS,3275,32750000,1825,938,1208,1261,1008,413,120
INS,3276,32760000,1817,918,1267,1330,990,389,195
INS,3277,32770000,1828,905,1196,1286,1010,441,167
INS,3278,32780000,1821,903,1146,1305,985,422,100
INS,3279,32790000,1813,879,1188,1324,998,422,159
INS,3280,32800000,1828,924,1187,1283,1034,376,184
INS,3281,32810000,1829,914,1145,1287,979,399,122
INS,3282,32820000,1799,896,1257,1257,983,424,202
INS,3283,32830000,1785,913,1184,1305,1018,372,180
INS,3284,32840000,1798,930,1166,1269,994,406,183
INS,3285,32850000,1790,886,1209,1327,978,421,248
INS,3286,32860000,1823,930,1218,1310,1001,382,62
INS,3287,32870000,1854,892,1141,1279,980,412,229
INS,3288,32880000,1769,920,1221,1290,1019,419,70
INS,3289,32890000,1820,875,1194,1309,1038,403,88
INS,3290,32900000,1861,880,1233,1311,984,390,125
INS,3291,32910000,1770,911,1152,1303,1000,423,42
INS,3292,32920000,1810,872,1242,1275,998,368,65
INS,3293,32930000,1781,889,1244,1298,960,412,101
INS,3294,32940000,1760,940,1166,1311,1032,432,175
INS,3295,32950000,1803,911,1222,1251,990,424,152
INS,3296,32960000,1821,907,1169,1315,1028,379,187
INS,3297,32970000,1766,917,1156,1321,1015,374,134
INS,3298,32980000,1777,912,1187,1312,1009,403,202
INS,3299,32990000,1829,911,1169,1287,1020,442,21
INS,3300,33000000,1801,896,1251,1314,1008,409,59
INS,3301,33010000,1821,894,1171,1301,969,440,249
INS,3302,33020000,1807,921,1208,1293,1040,432,115
INS,3303,33030000,1785,901,1216,1294,944,412,239
INS,3304,33040000,1769,933,1192,1292,1002,402,38
INS,3305,33050000,1790,921,1188,1306,1026,357,53
INS,3306,33060000,1781,914,1176,1321,981,365,20
INS,3307,33070000,1821,879,1213,1276,1021,384,93
INS,3308,33080000,1820,902,1210,1305,943,369,65
INS,3309,33090000,1787,928,1201,1318,971,407,145
INS,3310,33100000,1829,902,1229,1304,974,422,210
INS,3311,33110000,1794,899,1147,1354,981,414,156
INS,3312,33120000,1805,859,1197,1325,1011,408,189
INS,3313,33130000,1823,917,1196,1316,1035,414,46
INS,3314,33140000,1777,962,1196,1280,994,363,190
INS,3315,33150000,1781,887,1193,1323,972,388,179
INS,3316,33160000,1801,945,1175,1296,1006,424,43
INS,3317,33170000,1834,907,1266,1291,1033,425,169
INS,3318,33180000,1806,857,1202,1286,1027,422,30
INS,3319,33190000,1829,930,1214,1287,992,397,96
INS,3320,33200000,1795,928,1218,1271,1013,380,69
INS,3321,33210000,1832,907,1208,1256,991,376,51
INS,3322,33220000,1808,894,1218,1331,983,443,175
INS,3323,33230000,1819,930,1198,1293,1034,418,207
INS,3324,33240000,1798,902,1209,1284,1056,416,197
INS,3325,33250000,1814,898,1235,1331,1021,409,1
INS,3326,33260000,1773,953,1197,1317,989,414,209
INS,3327,33270000,1736,846,1178,1331,990,430,94
INS,3328,33280000,1785,884,1178,1315,971,412,145
INS,3329,33290000,1777,907,1189,1310,1016,380,196
INS,3330,33300000,1754,895,1223,1299,956,453,214
INS,3331,33310000,1852,863,1207,1306,1008,384,15
INS,3332,33320000,1783,870,1187,1286,1019,398,211
INS,3333,33330000,1842,900,1251,1267,989,426,104
INS,3334,33340000,1801,907,1189,1302,961,433,39
INS,3335,33350000,1838,882,1205,1321,1009,390,108
INS,3336,33360000,1796,903,1196,1307,994,388,64
INS,3337,33370000,1783,877,1232,1262,986,425,62
INS,3338,33380000,1801,921,1170,1274,1044,423,147
INS,3339,33390000,1851,872,1184,1246,1021,364,69
INS,3340,33400000,1778,925,1222,1274,1029,401,177
INS,3341,33410000,1804,964,1143,1314,1017,412,219
INS,3342,33420000,1808,887,1214,1281,1014,390,176
INS,3343,33430000,1833,904,1239,1260,1018,414,11
INS,3344,33440000,1798,883,1240,1333,1007,399,20
INS,3345,33450000,1756,875,1210,1271,978,405,128
INS,3346,33460000,1794,928,1214,1293,991,365,235
INS,3347,33470000,1766,897,1216,1313,995,401,255
INS,3348,33480000,1807,926,1204,1319,984,380,48
INS,3349,33490000,1832,893,1204,1289,985,397,45
INS,3350,33500000,1768,890,1231,1332,979,394,56
INS,3351,33510000,1771,887,1214,1348,968,412,79
INS,3352,33520000,1801,873,1209,1331,1005,417,132
INS,3353,33530000,1730,903,1216,1304,973,368,7
INS,3354,33540000,1753,950,1193,1293,1013,412,144
INS,3355,33550000,1813,945,1193,1298,985,385,166
INS,3356,33560000,1815,897,1194,1274,978,366,88
INS,3357,33570000,1846,925,1197,1335,1032,391,51
INS,3358,33580000,1814,942,1235,1331,993,414,71
INS,3359,33590000,1787,913,1178,1247,988,441,169
INS,3360,33600000,1785,900,1163,1310,1000,374,164
INS,3361,33610000,1803,911,1172,1290,1004,413,242
INS,3362,33620000,1792,957,1192,1300,1004,395,50
INS,3363,33630000,1777,906,1181,1279,1039,410,19
INS,3364,33640000,1810,910,1226,1338,1025,418,171
INS,3365,33650000,1773,932,1212,1337,1012,417,144
INS,3366,33660000,1820,897,1196,1278,1002,394,65
INS,3367,33670000,1789,894,1191,1259,999,408,35
INS,3368,33680000,1799,897,1212,1325,978,414,137
INS,3369,33690000,1794,916,1193,1324,981,437,174
INS,3370,33700000,1801,949,1161,1287,1040,409,193
INS,3371,33710000,1781,918,1197,1291,1015,359,124
INS,3372,33720000,1798,868,1214,1266,974,378,78
INS,3373,33730000,1785,900,1238,1305,1009,429,7
INS,3374,33740000,1777,914,1253,1306,997,416,21
INS,3375,33750000,1778,909,1173,1310,1000,449,250
INS,3376,33760000,1801,937,1207,1304,1004,431,76
INS,3377,33770000,1798,889,1180,1315,1016,409,16
INS,3378,33780000,1802,913,1186,1302,1003,374,6
INS,3379,33790000,1764,895,1175,1316,1019,440,52
INS,3380,33800000,1773,881,1196,1311,1027,407,55
INS,3381,33810000,1803,897,1183,1298,1021,413,92
INS,3382,33820000,1766,913,1196,1273,979,386,7
INS,3383,33830000,1786,895,1219,1255,1015,393,74
INS,3384,33840000,1826,895,1144,1264,967,392,16
INS,3385,33850000,1788,925,1224,1336,989,404,211
INS,3386,33860000,1744,929,1181,1310,1016,369,111
INS,3387,33870000,1803,908,1205,1294,981,401,171
INS,3388,33880000,1822,889,1211,1313,985,397,213
INS,3389,33890000,1780,880,1149,1313,983,433,151
INS,3390,33900000,1788,918,1209,1295,979,386,205
INS,3391,33910000,1777,916,1212,1265,1006,374,197
INS,3392,33920000,1836,911,1221,1289,1020,405,90
INS,3393,33930000,1835,867,1189,1286,1014,388,4
INS,3394,33940000,1777,925,1186,1317,956,398,1
INS,3395,33950000,1793,866,1205,1319,1020,370,32
INS,3396,33960000,1797,914,1246,1258,1014,421,126
INS,3397,33970000,1808,881,1193,1320,988,398,81
INS,3398,33980000,1794,892,1165,1277,991,417,46
INS,3399,33990000,1771,903,1245,1294,996,373,109
INS,3400,34000000,1804,884,1192,1343,967,358,92
INS,3401,34010000,1782,894,1185,1283,1041,385,131
INS,3402,34020000,1812,828,1167,1294,986,370,35
INS,3403,34030000,1798,918,1181,1278,1011,397,178
INS,3404,34040000,1779,886,1183,1313,981,379,133
INS,3405,34050000,1795,870,1176,1358,1015,412,255
INS,3406,34060000,1787,874,1175,1301,966,395,144
INS,3407,34070000,1813,864,1160,1290,991,413,194
INS,3408,34080000,1846,880,1216,1298,1029,414,107
INS,3409,34090000,1767,869,1194,1290,1018,409,244
INS,3410,34100000,1786,908,1218,1282,993,387,32
INS,3411,34110000,1804,884,1216,1305,969,405,58
INS,3412,34120000,1806,861,1201,1258,987,388,249
INS,3413,34130000,1801,880,1231,1284,1009,388,102
INS,3414,34140000,1844,873,1176,1271,974,375,39
INS,3415,34150000,1806,907,1206,1316,1000,409,187
INS,3416,34160000,1809,917,1201,1303,1012,405,207
INS,3417,34170000,1827,909,1223,1266,1025,400,227
INS,3418,34180000,1837,927,1216,1242,958,343,117
INS,3419,34190000,1824,903,1170,1331,1024,425,32
INS,3420,34200000,1786,915,1189,1306,1010,405,239
INS,3421,34210000,1783,932,1196,1248,1027,420,251
INS,3422,34220000,1795,922,1207,1240,1011,393,230
INS,3423,34230000,1798,902,1174,1309,994,405,5
INS,3424,34240000,1778,908,1229,1274,1027,385,41
INS,3425,34250000,1788,902,1233,1280,960,439,59
INS,3426,34260000,1752,882,1223,1303,1014,402,50
INS,3427,34270000,1829,892,1215,1325,1065,402,219
INS,3428,34280000,1789,884,1165,1292,1014,395,47
INS,3429,34290000,1827,912,1174,1291,1007,379,115
INS,3430,34300000,1838,885,1176,1275,1025,384,125
INS,3431,34310000,1838,904,1218,1290,988,379,176
INS,3432,34320000,1785,925,1247,1311,977,406,227
INS,3433,34330000,1797,918,1203,1291,1011,403,216
INS,3434,34340000,1786,889,1198,1294,987,434,198
INS,3435,34350000,1829,935,1191,1276,1015,415,32
INS,3436,34360000,1766,889,1208,1293,967,391,158
INS,3437,34370000,1803,868,1186,1352,1000,419,33
INS,3438,34380000,1808,891,1197,1275,1004,427,24
INS,3439,34390000,1748,887,1201,1324,979,407,241
INS,3440,34400000,1820,869,1202,1293,994,435,69
INS,3441,34410000,1817,895,1205,1236,981,331,194
INS,3442,34420000,1781,896,1227,1278,985,417,74
INS,3443,34430000,1795,881,1179,1270,982,386,0
INS,3444,34440000,1792,897,1183,1311,1022,397,126
INS,3445,34450000,1793,908,1255,1284,1008,385,174
INS,3446,34460000,1787,912,1175,1300,1041,419,192
INS,3447,34470000,1824,911,1189,1302,1008,367,176
INS,3448,34480000,1816,898,1218,1307,1007,373,211
INS,3449,34490000,1769,893,1169,1294,946,352,32
INS,3450,34500000,1819,897,1204,1334,1036,411,71
INS,3451,34510000,1821,911,1189,1310,995,386,255
INS,3452,34520000,1804,949,1161,1306,983,404,11
INS,3453,34530000,1805,912,1198,1279,1041,394,50
INS,3454,34540000,1793,917,1248,1264,1024,388,72
INS,3455,34550000,1812,929,1188,1280,999,357,20
INS,3456,34560000,1867,902,1183,1303,1029,416,172
INS,3457,34570000,1767,915,1192,1361,982,382,88
INS,3458,34580000,1809,933,1173,1353,1078,443,39
INS,3459,34590000,1814,936,1245,1278,984,419,199
INS,3460,34600000,1819,877,1194,1299,1046,431,206
INS,3461,34610000,1807,916,1208,1253,1023,386,150
INS,3462,34620000,1848,931,1184,1294,966,403,200
INS,3463,34630000,1742,928,1189,1317,1041,414,222
INS,3464,34640000,1827,880,1221,1264,998,459,1
INS,3465,34650000,1779,936,1185,1284,1003,372,184
INS,3466,34660000,1826,951,1187,1288,1027,346,11
INS,3467,34670000,1813,914,1195,1296,993,432,46
INS,3468,34680000,1856,900,1199,1313,989,393,70
INS,3469,34690000,1814,897,1189,1337,997,420,91
INS,3470,34700000,1828,901,1205,1299,999,406,92
INS,3471,34710000,1769,959,1221,1280,1040,372,112
INS,3472,34720000,1826,901,1218,1300,1043,422,198
INS,3473,34730000,1807,921,1207,1311,1000,415,166
INS,3474,34740000,1782,918,1209,1291,974,367,63
INS,3475,34750000,1833,895,1224,1282,979,381,133
INS,3476,34760000,1805,854,1169,1369,1009,391,153
INS,3477,34770000,1826,928,1214,1315,1016,408,24
INS,3478,34780000,1795,858,1223,1316,1050,390,222
INS,3479,34790000,1802,897,1190,1244,1010,408,158
INS,3480,34800000,1773,887,1205,1296,966,385,136
INS,3481,34810000,1845,929,1257,1282,1007,377,82
INS,3482,34820000,1822,871,1192,1283,976,367,169
INS,3483,34830000,1845,908,1173,1293,958,396,248
INS,3484,34840000,1794,927,1186,1291,1049,398,81
INS,3485,34850000,1859,920,1159,1284,1016,388,79
INS,3486,34860000,1832,918,1242,1294,1012,416,184
INS,3487,34870000,1832,915,1203,1325,965,390,117
INS,3488,34880000,1775,866,1222,1300,996,426,89
INS,3489,34890000,1842,928,1222,1271,984,405,173
INS,3490,34900000,1779,885,1157,1279,1064,370,72
INS,3491,34910000,1801,833,1176,1299,1037,438,139
INS,3492,34920000,1812,892,1204,1284,976,378,118
INS,3493,34930000,1763,897,1155,1323,1020,395,142
INS,3494,34940000,1803,861,1195,1277,982,431,155
INS,3495,34950000,1779,888,1205,1319,1012,398,224
INS,3496,34960000,1786,865,1230,1275,953,432,181
INS,3497,34970000,1826,910,1206,1259,1003,326,187
INS,3498,34980000,1798,903,1191,1279,989,388,222
INS,3499,34990000,1821,868,1224,1278,987,362,231
INS,3500,35000000,1819,863,1210,1319,986,427,76
INS,3501,35010000,1808,919,1221,1258,953,409,37
INS,3502,35020000,1816,854,1227,1302,1003,398,86
INS,3503,35030000,1833,913,1212,1328,969,412,170
INS,3504,35040000,1838,913,1180,1274,1007,401,133
INS,3505,35050000,1838,926,1183,1310,1018,360,172
INS,3506,35060000,1840,936,1172,1320,1038,413,17
INS,3507,35070000,1806,917,1175,1282,1029,434,214
INS,3508,35080000,1810,894,1208,1351,1005,361,217
INS,3509,35090000,1768,901,1224,1273,1002,382,155
INS,3510,35100000,1785,901,1219,1317,986,404,234
INS,3511,35110000,1843,882,1200,1287,974,391,216
INS,3512,35120000,1790,894,1151,1290,973,371,125
INS,3513,35130000,1829,943,1248,1284,971,398,90
INS,3514,35140000,1852,884,1180,1333,981,355,19
INS,3515,35150000,1826,926,1210,1244,1003,409,69
INS,3516,35160000,1803,927,1147,1287,1044,386,62
INS,3517,35170000,1759,875,1173,1305,1035,417,49
INS,3518,35180000,1807,889,1163,1324,971,402,58
INS,3519,35190000,1794,902,1201,1338,993,352,99
INS,3520,35200000,1821,926,1256,1287,994,381,201
INS,3521,35210000,1804,933,1167,1315,1032,413,217
INS,3522,35220000,1803,889,1221,1303,1008,424,218
INS,3523,35230000,1847,934,1186,1254,1026,422,0
INS,3524,35240000,1805,953,1218,1334,1027,407,92
INS,3525,35250000,1814,901,1189,1305,975,401,206
INS,3526,35260000,1763,880,1190,1298,1022,437,228
INS,3527,35270000,1836,869,1167,1295,962,336,120
INS,3528,35280000,1781,877,1194,1317,985,416,242
INS,3529,35290000,1843,894,1204,1305,1020,379,78
INS,3530,35300000,1858,867,1204,1312,969,424,84
INS,3531,35310000,1807,902,1199,1349,1039,379,142
INS,3532,35320000,1837,899,1197,1292,1003,429,141
INS,3533,35330000,1792,851,1223,1262,1079,452,160
INS,3534,35340000,1815,871,1199,1304,1029,407,143
INS,3535,35350000,1788,898,1154,1285,972,406,38
INS,3536,35360000,1793,867,1224,1311,1002,410,159
INS,3537,35370000,1806,921,1211,1307,985,398,197
INS,3538,35380000,1798,889,1185,1255,1015,384,112
INS,3539,35390000,1758,931,1215,1338,973,436,254
INS,3540,35400000,1783,897,1185,1324,1013,395,217
INS,3541,35410000,1788,874,1194,1309,978,420,200
INS,3542,35420000,1804,928,1241,1304,938,355,224
INS,3543,35430000,1792,892,1179,1304,993,444,19
INS,3544,35440000,1808,920,1223,1312,1018,387,100
INS,3545,35450000,1859,886,1181,1301,981,477,134
INS,3546,35460000,1783,881,1201,1282,1012,389,14
INS,3547,35470000,1827,878,1201,1277,997,425,88
INS,3548,35480000,1783,946,1225,1279,1014,396,143
INS,3549,35490000,1796,870,1201,1325,1027,415,151
INS,3550,35500000,1798,905,1222,1322,1012,372,165
INS,3551,35510000,1784,946,1220,1299,985,400,185
INS,3552,35520000,1784,880,1195,1266,1073,448,214
INS,3553,35530000,1768,905,1186,1316,975,394,129
INS,3554,35540000,1752,910,1208,1310,1005,408,195
INS,3555,35550000,1796,941,1191,1302,983,411,243
INS,3556,35560000,1825,885,1181,1285,955,366,133
INS,3557,35570000,1792,947,1217,1303,999,376,31
INS,3558,35580000,1765,912,1175,1329,987,401,239
INS,3559,35590000,1834,861,1167,1323,1006,381,3
INS,3560,35600000,1783,905,1213,1289,990,420,48
INS,3561,35610000,1745,894,1220,1347,982,394,47
INS,3562,35620000,1814,904,1203,1298,977,416,94
INS,3563,35630000,1829,896,1174,1304,1026,425,153
INS,3564,35640000,1770,911,1235,1260,1020,405,117
INS,3565,35650000,1826,877,1190,1253,999,398,76
INS,3566,35660000,1812,907,1194,1287,1004,439,193
INS,3567,35670000,1801,918,1162,1292,982,377,99
INS,3568,35680000,1778,893,1173,1283,1038,412,161
INS,3569,35690000,1795,945,1215,1293,1032,420,45
INS,3570,35700000,1830,886,1199,1295,985,397,210
INS,3571,35710000,1809,887,1215,1345,994,403,32
INS,3572,35720000,1803,908,1221,1277,1033,380,18
INS,3573,35730000,1819,922,1190,1264,1009,447,64
INS,3574,35740000,1830,909,1221,1339,1034,355,118
INS,3575,35750000,1818,871,1201,1265,978,375,211
INS,3576,35760000,1825,911,1199,1221,982,441,43
INS,3577,35770000,1811,883,1241,1316,1006,404,142
INS,3578,35780000,1783,905,1205,1322,1023,454,190
INS,3579,35790000,1818,936,1165,1283,979,412,108
INS,3580,35800000,1855,907,1189,1294,960,371,108
INS,3581,35810000,1827,900,1233,1307,983,423,222
INS,3582,35820000,1805,920,1221,1305,983,398,198
INS,3583,35830000,1777,903,1209,1355,1040,389,0
INS,3584,35840000,1799,923,1225,1329,995,392,7
INS,3585,35850000,1776,916,1177,1288,993,408,175
INS,3586,35860000,1797,863,1232,1327,1003,370,226
INS,3587,35870000,1869,886,1219,1294,964,345,228
INS,3588,35880000,1763,889,1217,1314,1025,376,252
INS,3589,35890000,1798,879,1227,1297,1044,368,42
INS,3590,35900000,1781,931,1202,1315,964,356,251
INS,3591,35910000,1810,966,1193,1288,974,417,111
INS,3592,35920000,1775,926,1145,1352,998,431,107
INS,3593,35930000,1766,851,1160,1294,1009,383,216
INS,3594,35940000,1801,903,1191,1352,994,395,150
INS,3595,35950000,1793,830,1192,1288,983,386,3
INS,3596,35960000,1781,901,1232,1298,978,411,149
INS,3597,35970000,1780,867,1139,1324,1000,377,52
INS,3598,35980000,1805,916,1239,1290,978,426,236
INS,3599,35990000,1815,893,1178,1314,1044,404,247
INS,3600,36000000,1806,874,1184,1277,982,388,127
INS,3601,36010000,1835,901,1216,1302,994,396,21
INS,3602,36020000,1822,1011,1211,1322,974,435,169
INS,3603,36030000,1843,957,1233,1295,977,376,92
INS,3604,36040000,1761,897,1161,1303,1003,396,205
INS,3605,36050000,1828,875,1202,1279,961,407,253
INS,3606,36060000,1807,947,1189,1344,1016,416,181
INS,3607,36070000,1778,861,1202,1300,1016,392,28
INS,3608,36080000,1778,924,1211,1306,1001,401,117
INS,3609,36090000,1823,866,1207,1299,995,386,89
INS,3610,36100000,1833,854,1181,1260,1002,395,55
INS,3611,36110000,1774,921,1162,1297,989,387,77
INS,3612,36120000,1782,880,1228,1301,985,400,140
INS,3613,36130000,1807,928,1216,1303,1024,405,8
INS,3614,36140000,1817,913,1216,1287,1012,334,177
INS,3615,36150000,1816,889,1235,1341,985,393,18
INS,3616,36160000,1798,931,1167,1322,1023,399,16
INS,3617,36170000,1782,914,1171,1302,1008,402,228
INS,3618,36180000,1822,910,1221,1230,1020,378,247
INS,3619,36190000,1799,900,1223,1323,1013,416,101
INS,3620,36200000,1783,869,1243,1311,1046,403,99
INS,3621,36210000,1829,905,1255,1265,1016,370,101
INS,3622,36220000,1821,902,1180,1321,999,401,102
INS,3623,36230000,1835,861,1208,1262,992,415,68
INS,3624,36240000,1768,880,1167,1291,999,367,240
INS,3625,36250000,1828,914,1187,1366,998,370,192
INS,3626,36260000,1765,860,1198,1320,1020,438,147
INS,3627,36270000,1777,905,1216,1302,1030,395,188
INS,3628,36280000,1794,958,1165,1336,967,375,175
INS,3629,36290000,1833,887,1202,1261,992,456,228
INS,3630,36300000,1785,913,1196,1342,1013,413,20
INS,3631,36310000,1756,863,1190,1306,983,426,155
INS,3632,36320000,1743,960,1183,1305,1036,406,25
INS,3633,36330000,1856,867,1169,1299,990,336,182
INS,3634,36340000,1830,892,1191,1288,1000,402,29
INS,3635,36350000,1793,872,1222,1262,1015,390,253
INS,3636,36360000,1789,942,1196,1296,1036,400,119
INS,3637,36370000,1770,898,1227,1319,1025,379,95
INS,3638,36380000,1782,833,1165,1297,987,377,191
INS,3639,36390000,1787,897,1199,1312,963,408,77
INS,3640,36400000,1835,878,1197,1300,1007,445,190
INS,3641,36410000,1760,915,1182,1330,998,408,138
INS,3642,36420000,1778,881,1195,1313,1015,412,156
INS,3643,36430000,1784,895,1191,1310,994,400,153
INS,3644,36440000,1802,867,1186,1268,965,388,72
INS,3645,36450000,1789,896,1179,1341,1023,409,250
INS,3646,36460000,1853,895,1189,1259,1013,385,224
INS,3647,36470000,1786,885,1201,1287,997,367,170
INS,3648,36480000,1849,912,1198,1290,1042,415,114
INS,3649,36490000,1780,884,1205,1286,1017,431,28
INS,3650,36500000,1805,896,1211,1307,1006,433,100
INS,3651,36510000,1813,942,1232,1295,983,392,116
INS,3652,36520000,1833,899,1244,1371,983,425,231
INS,3653,36530000,1822,912,1242,1253,1000,392,114
INS,3654,36540000,1763,904,1188,1288,1015,435,103
INS,3655,36550000,1804,926,1190,1308,1041,407,203
INS,3656,36560000,1776,926,1221,1334,962,426,189
INS,3657,36570000,1801,879,1216,1307,1061,414,239
INS,3658,36580000,1816,913,1218,1324,1009,419,21
INS,3659,36590000,1743,916,1209,1289,1003,331,86
INS,3660,36600000,1785,902,1234,1316,1002,402,253
INS,3661,36610000,1788,887,1202,1307,916,443,172
INS,3662,36620000,1782,844,1208,1274,1028,405,187
INS,3663,36630000,1820,883,1182,1281,1000,396,225
INS,3664,36640000,1770,887,1186,1338,995,373,229
INS,3665,36650000,1829,917,1204,1299,1025,398,113
INS,3666,36660000,1769,893,1177,1269,1012,401,235
INS,3667,36670000,1807,899,1171,1272,1042,409,75
INS,3668,36680000,1795,911,1235,1283,1014,365,95
INS,3669,36690000,1800,899,1184,1291,973,394,50
INS,3670,36700000,1796,872,1208,1321,1023,408,154
INS,3671,36710000,1792,932,1184,1290,951,399,91
INS,3672,36720000,1805,878,1172,1342,1001,336,94
INS,3673,36730000,1806,882,1158,1268,974,392,57
INS,3674,36740000,1784,903,1180,1349,1038,408,0
INS,3675,36750000,1783,938,1189,1303,994,405,223
INS,3676,36760000,1801,887,1212,1279,975,388,170
INS,3677,36770000,1737,844,1248,1288,1000,390,152
INS,3678,36780000,1825,889,1180,1307,1037,386,30
INS,3679,36790000,1781,898,1235,1287,1068,405,97
INS,3680,36800000,1812,896,1180,1272,990,393,239
INS,3681,36810000,1819,922,1190,1346,993,424,151
INS,3682,36820000,1778,873,1243,1301,1002,384,55
INS,3683,36830000,1794,889,1210,1299,981,450,114
INS,3684,36840000,1857,905,1187,1323,968,396,144
INS,3685,36850000,1756,872,1180,1294,963,375,221
INS,3686,36860000,1828,921,1203,1324,1046,395,3
INS,3687,36870000,1780,896,1228,1336,1010,404,213
INS,3688,36880000,1846,901,1176,1292,993,394,178
INS,3689,36890000,1818,898,1183,1249,997,430,168
INS,3690,36900000,1762,914,1186,1315,981,368,136
INS,3691,36910000,1770,871,1160,1270,1002,429,129
INS,3692,36920000,1810,880,1183,1291,987,430,225
INS,3693,36930000,1816,907,1223,1283,961,403,254
INS,3694,36940000,1765,827,1175,1271,1022,418,156
INS,3695,36950000,1839,874,1155,1274,1018,363,218
INS,3696,36960000,1804,888,1174,1315,969,411,17
INS,3697,36970000,1848,940,1201,1300,989,396,147
INS,3698,36980000,1828,909,1198,1338,1028,362,153
INS,3699,36990000,1803,866,1167,1288,1020,400,51
INS,3700,37000000,1780,896,1228,1353,993,397,171
INS,3701,37010000,1830,885,1230,1359,968,418,231
INS,3702,37020000,1763,903,1197,1285,1029,413,148
INS,3703,37030000,1756,881,1187,1324,971,381,75
INS,3704,37040000,1852,882,1190,1324,1047,436,67
INS,3705,37050000,1788,884,1242,1314,1013,372,222
INS,3706,37060000,1833,871,1186,1248,966,454,184
INS,3707,37070000,1803,911,1173,1306,1024,408,12
INS,3708,37080000,1800,907,1179,1298,952,374,170
INS,3709,37090000,1787,889,1191,1326,955,417,242
INS,3710,37100000,1818,923,1170,1308,1024,410,91
INS,3711,37110000,1846,896,1164,1293,1000,418,72
INS,3712,37120000,1845,902,1202,1293,994,382,90
INS,3713,37130000,1804,907,1165,1304,971,376,16
INS,3714,37140000,1782,900,1199,1324,1004,408,123
INS,3715,37150000,1794,942,1208,1288,995,366,116
INS,3716,37160000,1785,921,1220,1219,978,374,37
INS,3717,37170000,1771,909,1222,1276,995,421,151
INS,3718,37180000,1816,888,1200,1300,1020,391,189
INS,3719,37190000,1800,914,1211,1333,1034,386,13
INS,3720,37200000,1840,944,1171,1290,988,434,19
INS,3721,37210000,1813,939,1219,1332,983,441,96
INS,3722,37220000,1802,906,1202,1278,976,393,199
INS,3723,37230000,1792,952,1226,1290,1043,369,75
INS,3724,37240000,1782,927,1207,1277,1009,406,28
INS,3725,37250000,1802,917,1200,1300,991,409,56
INS,3726,37260000,1821,943,1189,1291,1009,365,72
INS,3727,37270000,1815,936,1226,1299,1015,392,154
INS,3728,37280000,1783,897,1186,1235,1011,409,9
INS,3729,37290000,1843,908,1176,1321,1001,387,141
INS,3730,37300000,1847,883,1206,1267,1025,424,174
INS,3731,37310000,1822,877,1249,1310,1010,454,5
INS,3732,37320000,1786,908,1209,1274,1003,442,178
INS,3733,37330000,1758,860,1172,1267,1009,407,46
INS,3734,37340000,1794,854,1183,1307,1007,379,114
INS,3735,37350000,1832,906,1231,1331,1036,413,100
INS,3736,37360000,1776,900,1191,1297,969,382,139
INS,3737,37370000,1735,926,1185,1269,993,394,143
INS,3738,37380000,1769,910,1194,1326,995,415,11
INS,3739,37390000,1812,911,1199,1276,1035,433,85
INS,3740,37400000,1824,936,1189,1283,1000,380,48
INS,3741,37410000,1789,885,1181,1302,1045,411,66
INS,3742,37420000,1842,916,1236,1326,972,455,217
INS,3743,37430000,1763,918,1209,1291,1047,404,119
INS,3744,37440000,1840,881,1270,1299,992,426,212
INS,3745,37450000,1784,914,1172,1252,992,411,46
INS,3746,37460000,1807,933,1194,1330,981,404,187
INS,3747,37470000,1796,914,1179,1304,997,436,181
INS,3748,37480000,1789,848,1165,1297,1033,408,112
INS,3749,37490000,1812,880,1168,1330,972,384,135
INS,3750,37500000,1785,861,1209,1283,1031,413,188
INS,3751,37510000,1759,947,1198,1303,1019,406,255
INS,3752,37520000,1767,868,1214,1308,989,403,189
INS,3753,37530000,1806,873,1201,1308,976,396,217
INS,3754,37540000,1810,913,1220,1313,956,361,247
INS,3755,37550000,1763,860,1200,1354,1007,345,220
INS,3756,37560000,1788,873,1154,1307,1036,415,25
INS,3757,37570000,1805,874,1178,1303,998,411,38
INS,3758,37580000,1754,938,1234,1311,991,415,129
INS,3759,37590000,1826,869,1204,1363,969,394,128
INS,3760,37600000,1777,892,1213,1307,1036,358,103
INS,3761,37610000,1796,892,1162,1340,1018,398,143
INS,3762,37620000,1816,914,1208,1303,988,377,160
INS,3763,37630000,1841,897,1201,1295,980,340,125
INS,3764,37640000,1787,871,1217,1288,1013,417,181
INS,3765,37650000,1801,939,1143,1326,1016,403,233
INS,3766,37660000,1757,892,1183,1332,980,390,156
INS,3767,37670000,1798,873,1230,1328,995,412,19
INS,3768,37680000,1819,880,1214,1278,1000,422,13
INS,3769,37690000,1802,903,1206,1283,1035,406,52
INS,3770,37700000,1808,919,1225,1333,1003,364,86
INS,3771,37710000,1777,898,1203,1288,985,407,9
INS,3772,37720000,1787,875,1160,1274,998,423,241
INS,3773,37730000,1836,862,1233,1271,1033,434,154
INS,3774,37740000,1783,921,1220,1302,991,389,108
INS,3775,37750000,1870,950,1170,1303,964,388,164
INS,3776,37760000,1810,883,1178,1323,974,387,91
INS,3777,37770000,1783,909,1194,1292,993,405,129
INS,3778,37780000,1770,908,1206,1312,989,380,135
INS,3779,37790000,1796,870,1159,1279,990,420,101
INS,3780,37800000,1801,887,1190,1332,1011,414,239
INS,3781,37810000,1778,888,1176,1324,984,402,173
INS,3782,37820000,1762,861,1242,1303,1036,371,213
INS,3783,37830000,1794,871,1215,1315,945,425,220
INS,3784,37840000,1769,908,1219,1306,991,410,19
INS,3785,37850000,1825,901,1168,1299,1039,396,61
INS,3786,37860000,1833,916,1206,1335,1006,375,121
INS,3787,37870000,1787,921,1258,1251,998,434,116
INS,3788,37880000,1767,881,1197,1319,1046,449,143
INS,3789,37890000,1797,862,1233,1279,997,428,97
INS,3790,37900000,1799,930,1249,1287,980,376,139
INS,3791,37910000,1828,907,1212,1263,1027,371,143
INS,3792,37920000,1797,870,1247,1335,1005,398,204
INS,3793,37930000,1773,922,1205,1299,998,391,157
INS,3794,37940000,1800,927,1227,1255,999,406,200
INS,3795,37950000,1822,903,1226,1262,1015,403,234
INS,3796,37960000,1807,919,1167,1321,970,409,213
INS,3797,37970000,1791,912,1210,1295,1041,382,12
INS,3798,37980000,1779,865,1214,1328,1018,429,31
INS,3799,37990000,1811,911,1186,1278,1029,395,25
INS,3800,38000000,1780,940,1210,1317,1007,389,75
INS,3801,38010000,1821,892,1136,1344,992,388,22
INS,3802,38020000,1755,896,1209,1314,968,383,247
INS,3803,38030000,1783,907,1174,1338,969,447,101
INS,3804,38040000,1801,883,1247,1293,996,397,117
INS,3805,38050000,1854,946,1202,1255,990,386,150
INS,3806,38060000,1782,918,1215,1276,992,428,145
INS,3807,38070000,1805,910,1248,1325,1035,364,238
INS,3808,38080000,1777,909,1170,1284,1008,403,119
INS,3809,38090000,1795,896,1181,1315,998,404,174
INS,3810,38100000,1751,909,1226,1291,1024,440,243
INS,3811,38110000,1799,904,1225,1316,1015,402,24
INS,3812,38120000,1791,878,1223,1308,989,420,245
INS,3813,38130000,1807,902,1215,1301,1021,442,85
INS,3814,38140000,1797,904,1187,1307,1028,372,9
INS,3815,38150000,1796,907,1198,1311,967,357,223
INS,3816,38160000,1800,941,1168,1245,1006,397,5
INS,3817,38170000,1816,956,1208,1306,1023,390,164
INS,3818,38180000,1811,928,1194,1340,995,406,156
INS,3819,38190000,1777,929,1194,1337,1018,406,160
INS,3820,38200000,1805,877,1200,1299,1036,440,173
INS,3821,38210000,1824,929,1219,1320,1000,390,215
INS,3822,38220000,1792,901,1233,1294,1025,404,199
INS,3823,38230000,1795,922,1210,1279,1019,403,195
INS,3824,38240000,1801,951,1209,1304,985,412,246
INS,3825,38250000,1792,872,1179,1291,1042,398,175
INS,3826,38260000,1837,915,1200,1318,1020,403,55
INS,3827,38270000,1784,934,1160,1262,1000,390,165
INS,3828,38280000,1833,892,1186,1293,1017,427,44
INS,3829,38290000,1796,880,1191,1316,1010,415,21
INS,3830,38300000,1804,922,1209,1271,996,373,5
INS,3831,38310000,1830,882,1175,1317,994,431,76
INS,3832,38320000,1751,891,1189,1270,990,431,242
INS,3833,38330000,1767,938,1214,1302,1004,381,87
INS,3834,38340000,1767,886,1197,1303,1018,409,78
INS,3835,38350000,1765,898,1217,1325,989,371,80
INS,3836,38360000,1809,867,1198,1258,1014,409,87
INS,3837,38370000,1820,916,1241,1278,993,408,205
INS,3838,38380000,1792,914,1219,1311,1043,392,237
INS,3839,38390000,1774,923,1205,1260,987,412,144
INS,3840,38400000,1782,883,1177,1359,1016,361,178
INS,3841,38410000,1796,893,1238,1344,1021,411,64
INS,3842,38420000,1843,915,1248,1301,1008,394,87
INS,3843,38430000,1847,878,1194,1271,998,398,237
INS,3844,38440000,1827,926,1249,1324,990,379,107
INS,3845,38450000,1832,923,1210,1369,1034,388,185
INS,3846,38460000,1761,885,1137,1293,987,424,189
INS,3847,38470000,1800,950,1179,1324,1018,396,130
INS,3848,38480000,1861,879,1190,1286,974,433,103
INS,3849,38490000,1839,921,1200,1319,1010,401,187
INS,3850,38500000,1793,909,1143,1330,977,385,51
INS,3851,38510000,1783,892,1197,1282,974,375,34
INS,3852,38520000,1770,843,1268,1296,1008,373,106
INS,3853,38530000,1825,930,1148,1305,1034,434,241
INS,3854,38540000,1753,901,1224,1330,1009,426,225
INS,3855,38550000,1819,906,1221,1282,1008,356,191
INS,3856,38560000,1794,871,1118,1321,957,389,66
INS,3857,38570000,1772,876,1171,1291,1062,419,224
INS,3858,38580000,1828,913,1208,1283,1018,327,227
INS,3859,38590000,1801,886,1161,1305,1009,381,210
INS,3860,38600000,1784,860,1239,1296,1004,398,9
INS,3861,38610000,1760,888,1184,1251,1032,364,180
INS,3862,38620000,1824,882,1159,1301,998,382,8
INS,3863,38630000,1763,911,1193,1303,990,376,15
INS,3864,38640000,1841,944,1189,1331,959,394,154
INS,3865,38650000,1785,903,1178,1280,1050,397,106
INS,3866,38660000,1805,904,1223,1296,1006,418,182
INS,3867,38670000,1826,892,1206,1304,1029,416,220
INS,3868,38680000,1796,897,1206,1308,1018,401,190
INS,3869,38690000,1791,902,1192,1313,976,442,197
INS,3870,38700000,1799,920,1188,1317,988,403,213
INS,3871,38710000,1822,875,1201,1326,979,428,246
INS,3872,38720000,1819,864,1176,1295,1028,420,234
INS,3873,38730000,1744,928,1212,1279,978,409,199
INS,3874,38740000,1806,934,1204,1281,1018,427,80
INS,3875,38750000,1813,929,1152,1320,1004,413,58
INS,3876,38760000,1791,870,1184,1310,992,374,221
INS,3877,38770000,1832,861,1144,1331,986,391,6
INS,3878,38780000,1754,907,1154,1299,984,387,219
INS,3879,38790000,1783,939,1221,1317,944,404,103
INS,3880,38800000,1773,938,1216,1301,1014,455,209
INS,3881,38810000,1819,878,1217,1245,954,396,38
INS,3882,38820000,1777,935,1179,1307,995,413,152
INS,3883,38830000,1775,910,1205,1296,1043,411,203
INS,3884,38840000,1820,917,1180,1315,961,348,121
INS,3885,38850000,1795,873,1175,1269,1009,412,130
INS,3886,38860000,1770,926,1202,1323,1033,395,7
INS,3887,38870000,1816,894,1247,1248,989,390,215
INS,3888,38880000,1801,913,1220,1311,1010,426,73
INS,3889,38890000,1788,930,1164,1305,988,378,218
INS,3890,38900000,1776,911,1255,1266,1032,443,109
INS,3891,38910000,1827,877,1212,1293,983,438,73
INS,3892,38920000,1787,869,1205,1343,990,396,50
INS,3893,38930000,1811,895,1203,1317,1013,379,95
INS,3894,38940000,1770,922,1219,1263,1004,387,59
INS,3895,38950000,1813,871,1185,1318,987,355,40
INS,3896,38960000,1844,867,1157,1334,997,391,118
INS,3897,38970000,1838,862,1195,1267,996,374,77
INS,3898,38980000,1800,864,1202,1329,1002,428,187
INS,3899,38990000,1780,919,1187,1320,1044,405,234
INS,3900,39000000,1774,882,1219,1313,1011,387,182
INS,3901,39010000,1811,869,1177,1287,989,423,169
INS,3902,39020000,1794,931,1247,1297,1039,409,91
INS,3903,39030000,1824,959,1199,1291,1027,421,112
INS,3904,39040000,1814,906,1214,1290,979,408,19
INS,3905,39050000,1772,885,1182,1292,1013,380,205
INS,3906,39060000,1811,915,1166,1296,1009,384,23
INS,3907,39070000,1794,909,1213,1255,1016,370,16
INS,3908,39080000,1755,897,1215,1284,966,371,220
INS,3909,39090000,1781,946,1187,1322,1045,386,160
INS,3910,39100000,1773,927,1235,1312,1019,359,135
INS,3911,39110000,1830,870,1203,1289,1044,410,173
INS,3912,39120000,1808,891,1239,1315,1028,396,221
INS,3913,39130000,1823,912,1194,1297,993,357,137
INS,3914,39140000,1777,876,1207,1287,986,433,144
INS,3915,39150000,1824,960,1225,1275,1005,381,9
INS,3916,39160000,1816,896,1224,1284,1014,392,238
INS,3917,39170000,1788,892,1184,1273,1023,413,202
INS,3918,39180000,1840,895,1193,1277,998,342,191
INS,3919,39190000,1777,884,1164,1319,1031,415,253
INS,3920,39200000,1786,884,1185,1344,984,388,251
INS,3921,39210000,1820,916,1165,1304,997,378,21
INS,3922,39220000,1803,895,1241,1231,1004,391,23
INS,3923,39230000,1825,895,1207,1285,1031,349,67
INS,3924,39240000,1817,903,1137,1304,1020,388,61
INS,3925,39250000,1770,875,1187,1299,976,378,250
INS,3926,39260000,1784,884,1203,1304,1009,420,130
INS,3927,39270000,1815,837,1206,1289,1015,410,115
INS,3928,39280000,1826,889,1172,1304,1017,420,188
INS,3929,39290000,1817,892,1209,1376,1001,386,2
INS,3930,39300000,1806,874,1197,1287,1014,363,135
INS,3931,39310000,1788,912,1216,1304,970,398,199
INS,3932,39320000,1816,870,1187,1308,976,416,201
INS,3933,39330000,1789,828,1168,1294,986,418,128
INS,3934,39340000,1827,936,1228,1276,1014,422,109
INS,3935,39350000,1788,907,1191,1294,990,392,241
INS,3936,39360000,1740,916,1130,1333,990,401,206
INS,3937,39370000,1827,879,1144,1286,1012,422,27
INS,3938,39380000,1811,908,1238,1286,1009,428,154
INS,3939,39390000,1767,934,1248,1308,1007,392,147
INS,3940,39400000,1806,904,1228,1279,955,407,87
INS,3941,39410000,1806,897,1248,1277,1040,416,209
INS,3942,39420000,1799,909,1204,1295,1014,424,187
INS,3943,39430000,1846,892,1227,1267,1002,413,206
INS,3944,39440000,1829,938,1154,1299,963,391,150
INS,3945,39450000,1730,863,1191,1293,1023,434,127
INS,3946,39460000,1770,903,1213,1266,1050,385,197
INS,3947,39470000,1769,883,1174,1273,1042,417,185
INS,3948,39480000,1804,868,1219,1312,990,425,6
INS,3949,39490000,1810,852,1258,1295,989,412,21
INS,3950,39500000,1797,925,1231,1319,1042,427,163
INS,3951,39510000,1765,934,1201,1298,1023,414,74
INS,3952,39520000,1819,870,1193,1272,1034,433,77
INS,3953,39530000,1793,862,1234,1333,999,404,98
INS,3954,39540000,1800,872,1224,1293,974,373,26
INS,3955,39550000,1804,919,1243,1281,969,431,154
INS,3956,39560000,1831,884,1195,1305,1006,389,134
INS,3957,39570000,1772,930,1187,1296,1010,395,131
INS,3958,39580000,1781,922,1219,1286,1061,391,218
INS,3959,39590000,1800,927,1220,1290,992,401,205
INS,3960,39600000,1797,875,1189,1327,996,408,184
INS,3961,39610000,1808,857,1263,1276,985,403,201
INS,3962,39620000,1785,932,1221,1342,1018,364,32
INS,3963,39630000,1784,891,1212,1316,1054,321,221
INS,3964,39640000,1863,841,1181,1290,956,372,163
INS,3965,39650000,1804,906,1231,1328,983,408,81
INS,3966,39660000,1749,882,1195,1306,996,367,189
INS,3967,39670000,1811,884,1194,1282,1007,415,48
INS,3968,39680000,1816,871,1224,1334,985,384,86
INS,3969,39690000,1767,917,1195,1292,1004,423,87
INS,3970,39700000,1796,909,1211,1302,963,395,82
INS,3971,39710000,1803,841,1221,1313,989,427,117
INS,3972,39720000,1843,907,1180,1301,1028,426,225
INS,3973,39730000,1819,869,1217,1298,1009,398,167
INS,3974,39740000,1768,869,1194,1266,992,363,26
INS,3975,39750000,1830,919,1206,1294,1037,390,11
INS,3976,39760000,1783,908,1216,1313,1051,391,14
INS,3977,39770000,1771,880,1189,1280,1013,382,140
INS,3978,39780000,1802,861,1197,1338,1040,399,23
INS,3979,39790000,1811,930,1187,1271,1000,403,5
INS,3980,39800000,1803,905,1182,1294,995,420,19
INS,3981,39810000,1777,891,1206,1296,988,396,247
INS,3982,39820000,1816,896,1211,1339,996,447,159
INS,3983,39830000,1813,911,1173,1333,1022,369,92
INS,3984,39840000,1766,913,1167,1281,991,395,1
INS,3985,39850000,1813,869,1241,1270,996,454,148
INS,3986,39860000,1789,888,1206,1334,983,404,126
INS,3987,39870000,1752,850,1201,1308,1041,391,82
INS,3988,39880000,1805,920,1151,1317,1016,434,199
INS,3989,39890000,1788,864,1200,1301,1051,393,170
INS,3990,39900000,1857,868,1200,1285,972,376,148
INS,3991,39910000,1808,897,1216,1304,999,378,209
INS,3992,39920000,1751,910,1226,1356,995,391,253
INS,3993,39930000,1775,932,1170,1299,987,389,193
INS,3994,39940000,1822,929,1204,1244,981,385,223
INS,3995,39950000,1797,921,1186,1307,1011,409,50
INS,3996,39960000,1805,911,1131,1340,980,393,252
INS,3997,39970000,1820,942,1183,1303,1014,410,125
INS,3998,39980000,1825,935,1228,1306,997,394,155
INS,3999,39990000,1791,892,1232,1325,971,421,119
INS,4000,40000000,1780,907,1203,1264,980,374,12
INS,4001,40010000,1777,941,1165,1323,1003,392,122
INS,4002,40020000,1751,904,1177,1282,976,376,4
INS,4003,40030000,1814,960,1221,1272,1012,401,235
INS,4004,40040000,1803,914,1219,1296,1036,416,0
INS,4005,40050000,1782,890,1183,1288,954,411,97
INS,4006,40060000,1841,908,1224,1303,1001,408,35
INS,4007,40070000,1786,908,1161,1321,1053,394,246
INS,4008,40080000,1827,904,1224,1317,995,378,29
INS,4009,40090000,1801,919,1208,1265,1016,390,0
INS,4010,40100000,1800,923,1190,1357,1021,400,109
INS,4011,40110000,1821,894,1190,1338,988,412,78
INS,4012,40120000,1820,888,1156,1331,997,421,65
INS,4013,40130000,1787,929,1167,1280,989,419,40
INS,4014,40140000,1772,932,1189,1293,998,385,55
INS,4015,40150000,1823,909,1195,1295,1023,336,84
INS,4016,40160000,1776,890,1186,1316,1023,369,80
INS,4017,40170000,1806,883,1196,1331,996,403,152
INS,4018,40180000,1825,851,1212,1269,1028,414,153
INS,4019,40190000,1785,920,1195,1326,1000,443,240
INS,4020,40200000,1804,890,1231,1308,973,422,216
INS,4021,40210000,1781,931,1169,1259,967,430,142
INS,4022,40220000,1823,922,1221,1291,1008,376,7
INS,4023,40230000,1805,838,1174,1291,991,421,159
INS,4024,40240000,1810,896,1200,1253,970,373,158
INS,4025,40250000,1775,854,1197,1281,993,424,197
INS,4026,40260000,1806,901,1180,1262,1004,347,190
INS,4027,40270000,1795,889,1243,1310,1019,425,132
INS,4028,40280000,1824,922,1208,1309,987,407,125
INS,4029,40290000,1818,902,1218,1338,1000,400,161
INS,4030,40300000,1818,892,1236,1266,997,384,95
INS,4031,40310000,1789,869,1197,1343,1004,356,77
INS,4032,40320000,1792,904,1194,1304,1017,375,122
INS,4033,40330000,1797,871,1167,1332,979,417,116
INS,4034,40340000,1796,898,1201,1300,1023,391,179
INS,4035,40350000,1797,906,1215,1324,1002,397,228
INS,4036,40360000,1793,902,1155,1305,964,404,127
INS,4037,40370000,1804,897,1233,1297,998,410,4
INS,4038,40380000,1811,889,1261,1375,945,389,52
INS,4039,40390000,1781,856,1175,1304,1004,435,210
INS,4040,40400000,1790,886,1189,1363,978,386,8
INS,4041,40410000,1814,896,1216,1385,1038,402,184
INS,4042,40420000,1747,937,1210,1266,1013,413,36
INS,4043,40430000,1810,932,1196,1300,992,392,89
INS,4044,40440000,1817,896,1207,1350,1033,434,221
INS,4045,40450000,1807,856,1223,1328,961,434,110
INS,4046,40460000,1768,904,1223,1333,971,407,124
INS,4047,40470000,1806,921,1160,1278,975,407,82
INS,4048,40480000,1829,908,1188,1250,1074,442,243
INS,4049,40490000,1799,884,1233,1359,989,392,225
INS,4050,40500000,1800,886,1156,1323,1037,365,153
INS,4051,40510000,1841,909,1220,1301,965,399,238
INS,4052,40520000,1783,897,1200,1313,1002,401,216
INS,4053,40530000,1796,910,1229,1303,991,436,46
INS,4054,40540000,1829,895,1245,1338,978,411,94
INS,4055,40550000,1751,880,1168,1268,1046,376,160
INS,4056,40560000,1816,903,1202,1326,1008,437,124
INS,4057,40570000,1784,919,1191,1241,1012,391,243
INS,4058,40580000,1798,847,1215,1267,1015,421,29
INS,4059,40590000,1758,875,1193,1299,991,406,5
INS,4060,40600000,1819,861,1198,1330,1022,368,98
INS,4061,40610000,1791,867,1181,1315,1001,435,107
INS,4062,40620000,1813,879,1184,1304,992,395,101
INS,4063,40630000,1798,876,1175,1284,1007,405,96
INS,4064,40640000,1801,864,1215,1290,1004,393,135
INS,4065,40650000,1783,932,1234,1296,1003,457,34
INS,4066,40660000,1816,916,1168,1297,994,354,147
INS,4067,40670000,1761,882,1183,1260,1033,423,161
INS,4068,40680000,1799,879,1216,1308,1003,373,214
INS,4069,40690000,1800,911,1235,1320,993,432,88
INS,4070,40700000,1839,880,1221,1316,968,367,5
INS,4071,40710000,1827,889,1190,1292,1032,369,30
INS,4072,40720000,1811,895,1243,1294,1024,391,106
INS,4073,40730000,1829,917,1181,1288,1008,438,126
INS,4074,40740000,1829,889,1182,1305,1012,417,116
INS,4075,40750000,1774,876,1179,1315,962,406,11
INS,4076,40760000,1819,875,1224,1294,955,403,86
INS,4077,40770000,1784,924,1213,1305,1021,364,144
INS,4078,40780000,1815,906,1237,1314,996,429,247
INS,4079,40790000,1775,933,1205,1268,983,390,121
INS,4080,40800000,1812,845,1221,1306,1008,413,189
INS,4081,40810000,1788,927,1216,1289,1008,385,214
INS,4082,40820000,1778,914,1239,1312,1045,389,39
INS,4083,40830000,1852,904,1170,1265,1025,403,254
INS,4084,40840000,1802,925,1209,1299,982,405,18
INS,4085,40850000,1828,902,1186,1337,1005,386,57
INS,4086,40860000,1797,899,1250,1251,977,400,4
INS,4087,40870000,1840,868,1182,1332,1024,361,54
INS,4088,40880000,1792,889,1185,1301,988,399,18
INS,4089,40890000,1813,916,1191,1350,1026,363,140
INS,4090,40900000,1794,905,1267,1336,1001,403,204
INS,4091,40910000,1785,870,1159,1327,1003,421,80
INS,4092,40920000,1801,885,1189,1289,994,431,121
INS,4093,40930000,1805,853,1178,1292,1028,387,92
INS,4094,40940000,1814,929,1217,1308,1003,391,228
INS,4095,40950000,1775,900,1211,1277,1028,404,178
INS,4096,40960000,1800,892,1179,1311,1035,412,229
INS,4097,40970000,1803,898,1173,1344,1013,349,197
INS,4098,40980000,1806,901,1179,1302,988,394,204
INS,4099,40990000,1781,911,1150,1286,1008,438,225
INS,4100,41000000,1804,889,1166,1261,1009,423,220
INS,4101,41010000,1821,912,1195,1315,998,384,54
INS,4102,41020000,1729,891,1177,1301,1034,409,243
INS,4103,41030000,1787,931,1190,1280,1016,432,99
INS,4104,41040000,1765,879,1194,1312,1021,400,51
INS,4105,41050000,1819,921,1196,1292,1038,417,180
INS,4106,41060000,1796,916,1193,1323,973,400,115
INS,4107,41070000,1783,918,1174,1329,997,408,140
INS,4108,41080000,1805,900,1239,1295,1039,416,242
INS,4109,41090000,1841,840,1193,1348,985,428,200
INS,4110,41100000,1806,907,1165,1282,981,456,179
INS,4111,41110000,1822,912,1171,1284,1004,356,148
INS,4112,41120000,1793,861,1193,1304,1007,374,148
INS,4113,41130000,1857,899,1231,1297,991,434,86
INS,4114,41140000,1778,885,1192,1286,1022,435,248
INS,4115,41150000,1833,923,1164,1283,1021,391,26
INS,4116,41160000,1793,944,1193,1310,1029,437,134
INS,4117,41170000,1810,910,1179,1277,1013,354,244
INS,4118,41180000,1838,866,1262,1284,981,401,94
INS,4119,41190000,1816,905,1198,1325,1021,420,164
INS,4120,41200000,1788,906,1185,1306,981,400,62
INS,4121,41210000,1782,914,1217,1340,985,409,160
INS,4122,41220000,1803,946,1197,1328,1023,391,218
INS,4123,41230000,1766,908,1195,1276,986,399,77
INS,4124,41240000,1832,859,1150,1281,999,399,84
INS,4125,41250000,1829,879,1232,1282,1005,424,232
INS,4126,41260000,1832,943,1231,1289,1029,385,51
INS,4127,41270000,1806,843,1222,1306,1023,410,225
INS,4128,41280000,1800,915,1197,1266,1001,425,236
INS,4129,41290000,1758,900,1238,1328,1040,407,64
INS,4130,41300000,1808,896,1190,1333,1004,382,23
INS,4131,41310000,1861,893,1250,1248,998,392,69
INS,4132,41320000,1800,928,1183,1300,986,417,58
INS,4133,41330000,1835,891,1200,1290,944,415,36
INS,4134,41340000,1788,944,1203,1320,1020,365,118
INS,4135,41350000,1771,885,1223,1305,965,399,43
INS,4136,41360000,1766,911,1238,1309,1020,424,180
INS,4137,41370000,1786,886,1224,1312,988,446,171
INS,4138,41380000,1797,890,1177,1324,983,421,138
INS,4139,41390000,1774,927,1187,1321,1002,364,138
INS,4140,41400000,1806,901,1211,1291,1013,406,208
INS,4141,41410000,1803,907,1244,1311,1002,414,22
INS,4142,41420000,1792,880,1203,1322,969,398,178
INS,4143,41430000,1801,941,1199,1309,991,409,25
INS,4144,41440000,1793,868,1182,1315,982,376,164
INS,4145,41450000,1870,863,1218,1264,1023,390,37
INS,4146,41460000,1772,870,1152,1309,1006,369,160
INS,4147,41470000,1812,900,1166,1317,947,364,205
INS,4148,41480000,1792,897,1188,1299,1005,420,61
INS,4149,41490000,1830,916,1240,1291,973,412,139
INS,4150,41500000,1774,873,1186,1315,1049,418,109
INS,4151,41510000,1768,948,1180,1321,964,365,57
INS,4152,41520000,1812,896,1202,1361,1035,374,208
INS,4153,41530000,1802,910,1213,1315,1015,452,252
INS,4154,41540000,1749,883,1238,1280,962,368,42
INS,4155,41550000,1790,903,1184,1344,984,409,193
INS,4156,41560000,1780,933,1209,1306,1041,420,29
INS,4157,41570000,1772,916,1185,1299,1012,375,172
INS,4158,41580000,1847,888,1182,1331,1025,393,40
INS,4159,41590000,1819,891,1232,1337,1001,406,77
INS,4160,41600000,1774,878,1229,1247,975,382,149
INS,4161,41610000,1775,907,1191,1312,1067,407,84
INS,4162,41620000,1767,908,1194,1289,1063,385,48
INS,4163,41630000,1766,879,1200,1311,979,400,250
INS,4164,41640000,1788,903,1227,1312,1023,393,122
INS,4165,41650000,1780,889,1162,1298,1008,439,69
INS,4166,41660000,1803,902,1199,1334,994,403,145
INS,4167,41670000,1770,868,1156,1284,1015,393,13
INS,4168,41680000,1801,931,1213,1263,994,382,128
INS,4169,41690000,1837,914,1191,1307,1051,412,17
INS,4170,41700000,1790,902,1200,1317,979,416,182
INS,4171,41710000,1800,886,1195,1328,993,441,238
INS,4172,41720000,1784,848,1237,1299,964,392,136
INS,4173,41730000,1760,884,1197,1275,1012,380,137
INS,4174,41740000,1850,911,1218,1247,981,408,5
INS,4175,41750000,1845,894,1198,1307,1010,413,74
INS,4176,41760000,1821,861,1216,1289,1029,363,3
INS,4177,41770000,1823,899,1194,1320,939,367,239
INS,4178,41780000,1796,925,1202,1297,997,371,46
INS,4179,41790000,1812,878,1201,1305,978,350,255
INS,4180,41800000,1806,903,1202,1269,1002,429,103
INS,4181,41810000,1747,906,1199,1332,1010,430,133
INS,4182,41820000,1829,917,1204,1282,985,424,167
INS,4183,41830000,1802,911,1155,1286,1032,420,149
INS,4184,41840000,1813,907,1224,1275,1025,422,226
INS,4185,41850000,1804,885,1203,1292,1002,377,140
INS,4186,41860000,1831,940,1202,1304,1026,352,249
INS,4187,41870000,1834,894,1234,1325,990,375,7
INS,4188,41880000,1759,938,1209,1312,1005,423,18
INS,4189,41890000,1867,906,1171,1310,1041,440,124
INS,4190,41900000,1821,892,1223,1320,946,365,229
INS,4191,41910000,1813,867,1196,1272,1023,366,216
INS,4192,41920000,1745,883,1183,1236,977,414,134
INS,4193,41930000,1829,907,1211,1295,979,407,85
INS,4194,41940000,1827,908,1207,1291,1045,396,148
INS,4195,41950000,1810,869,1210,1273,1002,468,123
INS,4196,41960000,1790,907,1205,1315,1035,350,110
INS,4197,41970000,1787,939,1160,1284,1010,384,89
INS,4198,41980000,1794,902,1170,1297,977,384,66
INS,4199,41990000,1755,904,1202,1297,1014,420,151
INS,4200,42000000,1801,915,1181,1278,1026,401,178
INS,4201,42010000,1832,892,1151,1301,1005,380,154
INS,4202,42020000,1787,906,1169,1302,1009,437,220
INS,4203,42030000,1794,932,1198,1266,1022,411,250
INS,4204,42040000,1811,918,1219,1311,1023,421,91
INS,4205,42050000,1791,885,1189,1260,995,436,217
INS,4206,42060000,1766,884,1174,1322,963,389,176
INS,4207,42070000,1789,898,1230,1273,987,446,62
INS,4208,42080000,1821,939,1183,1280,997,408,84
INS,4209,42090000,1776,890,1197,1314,1017,415,82
INS,4210,42100000,1783,882,1191,1323,1027,442,138
INS,4211,42110000,1790,872,1176,1284,1013,401,43
INS,4212,42120000,1777,936,1186,1317,966,411,117
INS,4213,42130000,1848,865,1231,1359,1028,415,31
INS,4214,42140000,1830,887,1191,1266,1005,409,146
INS,4215,42150000,1773,922,1206,1295,1003,415,189
INS,4216,42160000,1788,874,1220,1307,1009,412,202
INS,4217,42170000,1826,927,1216,1314,1017,399,52
INS,4218,42180000,1833,875,1183,1256,1036,417,226
INS,4219,42190000,1812,904,1158,1309,974,402,202
INS,4220,42200000,1824,927,1251,1275,974,439,94
INS,4221,42210000,1811,901,1218,1309,984,367,11
INS,4222,42220000,1798,931,1187,1307,979,423,63
INS,4223,42230000,1805,939,1181,1267,1025,406,78
INS,4224,42240000,1824,845,1181,1315,994,361,248
INS,4225,42250000,1841,914,1198,1316,1025,379,162
INS,4226,42260000,1769,892,1175,1300,1000,351,249
INS,4227,42270000,1787,918,1221,1277,1017,366,109
INS,4228,42280000,1801,875,1220,1354,951,366,107
INS,4229,42290000,1832,850,1190,1269,1002,387,87
INS,4230,42300000,1835,893,1175,1264,987,411,139
INS,4231,42310000,1799,920,1159,1304,1056,419,248
INS,4232,42320000,1796,885,1211,1275,993,416,184
INS,4233,42330000,1767,930,1251,1317,1015,424,73
INS,4234,42340000,1794,907,1188,1329,1002,383,245
INS,4235,42350000,1791,889,1181,1262,985,372,139
INS,4236,42360000,1810,903,1193,1242,1012,399,235
INS,4237,42370000,1801,870,1184,1274,979,362,163
INS,4238,42380000,1814,902,1204,1333,992,385,84
INS,4239,42390000,1810,882,1213,1330,996,382,84
INS,4240,42400000,1798,896,1228,1319,1009,363,101
INS,4241,42410000,1855,921,1198,1315,934,433,161
INS,4242,42420000,1792,942,1167,1318,1006,418,165
INS,4243,42430000,1797,857,1182,1325,1017,427,144
INS,4244,42440000,1743,922,1226,1315,999,383,144
INS,4245,42450000,1756,932,1195,1270,993,421,140
INS,4246,42460000,1726,860,1200,1321,996,420,113
INS,4247,42470000,1810,946,1185,1319,1037,418,66
INS,4248,42480000,1778,910,1178,1306,989,373,158
INS,4249,42490000,1794,937,1220,1303,994,412,45
INS,4250,42500000,1790,903,1202,1342,1045,363,47
INS,4251,42510000,1799,906,1195,1322,1000,422,63
INS,4252,42520000,1836,905,1193,1295,1004,420,89
INS,4253,42530000,1802,944,1214,1280,1022,406,121
INS,4254,42540000,1801,892,1179,1292,1015,357,6
INS,4255,42550000,1811,863,1152,1300,975,427,15
INS,4256,42560000,1811,930,1211,1316,1031,396,199
INS,4257,42570000,1861,878,1174,1321,1035,354,144
INS,4258,42580000,1802,938,1242,1306,1032,476,78
INS,4259,42590000,1794,860,1179,1267,1014,409,78
INS,4260,42600000,1808,884,1204,1271,1033,381,153
INS,4261,42610000,1763,898,1206,1313,1026,373,168
INS,4262,42620000,1829,939,1221,1288,1004,393,24
INS,4263,42630000,1774,917,1212,1309,994,381,210
INS,4264,42640000,1796,883,1156,1275,1003,432,185
INS,4265,42650000,1829,882,1223,1313,977,425,50
INS,4266,42660000,1811,926,1231,1322,952,426,86
INS,4267,42670000,1795,914,1193,1315,985,415,52
INS,4268,42680000,1744,896,1174,1280,1027,398,227
INS,4269,42690000,1818,874,1176,1291,1010,374,12
INS,4270,42700000,1789,921,1198,1298,985,382,59
INS,4271,42710000,1804,877,1199,1292,986,452,113
INS,4272,42720000,1779,904,1181,1310,947,409,50
INS,4273,42730000,1830,873,1186,1296,1021,446,189
INS,4274,42740000,1751,907,1196,1300,994,374,76
INS,4275,42750000,1774,923,1179,1302,982,409,140
INS,4276,42760000,1814,924,1211,1303,1000,376,216
INS,4277,42770000,1799,887,1183,1316,969,417,176
INS,4278,42780000,1858,916,1190,1313,1052,393,88
INS,4279,42790000,1777,900,1208,1249,957,439,169
INS,4280,42800000,1801,884,1206,1295,1001,393,236
INS,4281,42810000,1790,916,1246,1329,1061,394,153
INS,4282,42820000,1811,917,1211,1321,1067,339,100
INS,4283,42830000,1795,941,1215,1266,987,391,46
INS,4284,42840000,1774,884,1192,1325,957,388,244
INS,4285,42850000,1806,895,1157,1347,979,409,78
INS,4286,42860000,1776,918,1180,1305,949,442,72
INS,4287,42870000,1795,898,1220,1283,1017,394,126
INS,4288,42880000,1822,920,1205,1278,997,374,132
INS,4289,42890000,1801,903,1204,1302,984,447,194
INS,4290,42900000,1814,923,1212,1324,1011,414,12
INS,4291,42910000,1767,903,1175,1310,1058,424,224
INS,4292,42920000,1847,841,1181,1306,990,460,229
INS,4293,42930000,1788,863,1204,1270,989,413,148
INS,4294,42940000,1794,895,1194,1306,1017,387,231
INS,4295,42950000,1798,891,1171,1356,1024,411,50
INS,4296,42960000,1807,876,1176,1275,975,414,195
INS,4297,42970000,1790,881,1199,1293,988,411,251
INS,4298,42980000,1827,910,1212,1267,1029,403,98
INS,4299,42990000,1783,913,1232,1280,1001,406,82
INS,4300,43000000,1739,894,1199,1300,967,440,23
INS,4301,43010000,1787,919,1184,1319,1005,412,127
INS,4302,43020000,1830,893,1155,1253,984,425,58
INS,4303,43030000,1847,887,1189,1276,1003,414,151
INS,4304,43040000,1788,891,1158,1300,1058,422,169
INS,4305,43050000,1791,900,1206,1311,993,412,182
INS,4306,43060000,1792,876,1255,1318,1002,365,194
INS,4307,43070000,1841,906,1143,1323,1005,374,195
INS,4308,43080000,1821,923,1173,1306,985,409,237
INS,4309,43090000,1783,928,1184,1302,1037,386,1
INS,4310,43100000,1781,926,1166,1303,972,452,254
INS,4311,43110000,1826,888,1211,1290,936,392,214
INS,4312,43120000,1776,913,1209,1290,982,437,39
INS,4313,43130000,1845,899,1175,1326,1005,382,81
INS,4314,43140000,1815,910,1148,1245,985,418,243
INS,4315,43150000,1822,902,1189,1317,1001,373,87
INS,4316,43160000,1791,882,1171,1329,1016,369,58
INS,4317,43170000,1799,914,1242,1323,1014,378,187
INS,4318,43180000,1803,902,1171,1322,1055,367,154
INS,4319,43190000,1783,906,1232,1299,1025,402,198
INS,4320,43200000,1812,904,1204,1300,997,400,185
INS,4321,43210000,1818,952,1185,1252,946,397,135
INS,4322,43220000,1787,927,1190,1303,1011,396,216
INS,4323,43230000,1763,905,1221,1272,944,401,125
INS,4324,43240000,1752,952,1215,1268,995,376,194
INS,4325,43250000,1831,888,1192,1341,1005,402,56
INS,4326,43260000,1835,872,1232,1268,976,384,237
INS,4327,43270000,1831,882,1176,1281,1007,464,72
INS,4328,43280000,1818,907,1251,1331,1046,384,185
INS,4329,43290000,1830,903,1187,1271,1013,366,35
INS,4330,43300000,1829,888,1194,1266,994,417,70
INS,4331,43310000,1784,884,1189,1281,1012,392,41
INS,4332,43320000,1814,901,1215,1285,1010,417,158
INS,4333,43330000,1834,889,1175,1253,981,375,40
INS,4334,43340000,1746,905,1178,1319,1038,425,161
INS,4335,43350000,1835,833,1256,1346,984,401,222
INS,4336,43360000,1747,919,1188,1286,993,354,71
INS,4337,43370000,1825,863,1213,1309,1023,407,241
INS,4338,43380000,1798,900,1226,1260,967,410,179
INS,4339,43390000,1828,888,1190,1313,1001,397,252
INS,4340,43400000,1783,883,1180,1286,1001,382,167
INS,4341,43410000,1754,875,1176,1286,1007,456,223
INS,4342,43420000,1810,898,1227,1319,959,402,45
INS,4343,43430000,1790,924,1184,1294,994,404,37
INS,4344,43440000,1815,886,1203,1325,973,414,80
INS,4345,43450000,1768,878,1167,1260,979,365,154
INS,4346,43460000,1822,919,1204,1315,996,396,150
INS,4347,43470000,1813,897,1193,1297,1006,382,103
INS,4348,43480000,1868,890,1211,1297,1023,392,213
INS,4349,43490000,1798,892,1147,1299,993,358,36
INS,4350,43500000,1806,899,1230,1325,980,391,197
INS,4351,43510000,1783,888,1172,1280,1006,436,148
INS,4352,43520000,1806,892,1236,1331,998,417,24
INS,4353,43530000,1785,857,1204,1312,965,335,75
INS,4354,43540000,1816,954,1171,1293,1038,411,61
INS,4355,43550000,1764,857,1187,1332,1006,362,159
INS,4356,43560000,1768,886,1178,1256,1003,353,112
INS,4357,43570000,1794,867,1125,1325,1058,406,4
INS,4358,43580000,1796,885,1163,1333,956,367,202
INS,4359,43590000,1814,882,1203,1325,970,390,47
INS,4360,43600000,1804,893,1173,1244,1020,431,45
INS,4361,43610000,1822,927,1163,1237,955,427,28
INS,4362,43620000,1790,906,1248,1302,958,412,130
INS,4363,43630000,1785,873,1209,1314,996,382,90
INS,4364,43640000,1773,903,1171,1278,985,389,47
INS,4365,43650000,1790,854,1251,1273,1000,427,160
INS,4366,43660000,1824,926,1194,1278,976,394,174
INS,4367,43670000,1783,876,1221,1286,980,450,195
INS,4368,43680000,1791,886,1219,1278,974,382,146
INS,4369,43690000,1814,888,1225,1308,978,362,208
INS,4370,43700000,1732,882,1186,1268,1008,385,111
INS,4371,43710000,1768,922,1161,1304,954,389,165
INS,4372,43720000,1836,904,1173,1291,1059,413,104
INS,4373,43730000,1791,905,1228,1275,992,395,31
INS,4374,43740000,1807,867,1203,1321,997,411,68
INS,4375,43750000,1796,885,1164,1293,955,418,246
INS,4376,43760000,1804,879,1206,1309,1007,391,92
INS,4377,43770000,1780,903,1172,1276,941,395,236
INS,4378,43780000,1765,916,1229,1325,985,365,115
INS,4379,43790000,1793,931,1191,1311,970,406,149
INS,4380,43800000,1765,868,1186,1325,997,363,68
INS,4381,43810000,1791,907,1194,1329,993,377,172
INS,4382,43820000,1792,901,1193,1293,971,415,163
INS,4383,43830000,1817,919,1258,1298,975,417,43
INS,4384,43840000,1833,953,1221,1281,998,392,54
INS,4385,43850000,1816,870,1201,1301,980,401,218
INS,4386,43860000,1794,906,1245,1326,1048,411,140
INS,4387,43870000,1822,873,1232,1302,999,425,80
INS,4388,43880000,1803,961,1178,1280,983,388,37
INS,4389,43890000,1809,861,1188,1276,1000,405,0
INS,4390,43900000,1758,848,1180,1349,981,437,31
INS,4391,43910000,1841,875,1148,1255,1011,422,47
INS,4392,43920000,1798,915,1211,1257,1068,416,177
INS,4393,43930000,1747,913,1203,1336,1010,421,159
INS,4394,43940000,1806,879,1211,1323,1022,451,238
INS,4395,43950000,1779,913,1197,1351,971,427,201
INS,4396,43960000,1839,883,1167,1328,953,411,161
INS,4397,43970000,1768,925,1206,1274,1019,361,150
INS,4398,43980000,1833,939,1189,1292,1044,408,63
INS,4399,43990000,1811,891,1175,1315,1028,411,6
INS,4400,44000000,1788,887,1171,1279,979,375,127
INS,4401,44010000,1799,930,1196,1284,985,401,4
INS,4402,44020000,1808,941,1218,1327,1036,399,155
INS,4403,44030000,1754,898,1201,1317,981,432,26
INS,4404,44040000,1828,875,1223,1267,981,417,51
INS,4405,44050000,1752,901,1179,1313,995,440,57
INS,4406,44060000,1801,933,1192,1261,1045,389,115
INS,4407,44070000,1782,883,1209,1253,1019,369,26
INS,4408,44080000,1803,868,1202,1317,999,437,154
INS,4409,44090000,1813,836,1207,1297,1000,372,70
INS,4410,44100000,1807,930,1202,1292,1030,366,189
INS,4411,44110000,1805,896,1221,1324,1010,414,249
INS,4412,44120000,1830,870,1166,1322,1025,363,172
INS,4413,44130000,1764,930,1212,1293,968,387,167
INS,4414,44140000,1842,902,1193,1274,999,402,242
INS,4415,44150000,1818,858,1180,1294,998,389,184
INS,4416,44160000,1838,887,1171,1295,1003,458,60
INS,4417,44170000,1777,909,1203,1304,1045,417,80
INS,4418,44180000,1813,871,1204,1250,965,362,163
INS,4419,44190000,1786,887,1181,1265,1016,399,249
INS,4420,44200000,1759,881,1212,1262,989,405,240
INS,4421,44210000,1764,883,1219,1310,1016,393,78
INS,4422,44220000,1787,924,1192,1281,1027,434,155
INS,4423,44230000,1777,911,1206,1324,1014,387,146
INS,4424,44240000,1785,861,1169,1289,988,441,77
INS,4425,44250000,1798,920,1218,1279,977,400,153
INS,4426,44260000,1805,892,1230,1277,1015,411,208
INS,4427,44270000,1822,938,1238,1312,968,401,18
INS,4428,44280000,1796,906,1227,1290,1007,388,226
INS,4429,44290000,1787,890,1236,1307,1016,416,25
INS,4430,44300000,1770,900,1185,1256,967,408,132
INS,4431,44310000,1841,956,1197,1299,1005,361,66
INS,4432,44320000,1834,919,1185,1331,1007,406,106
INS,4433,44330000,1802,925,1239,1280,1018,390,95
INS,4434,44340000,1830,887,1227,1275,980,411,68
INS,4435,44350000,1819,913,1192,1327,980,409,115
INS,4436,44360000,1794,928,1167,1309,933,391,14
INS,4437,44370000,1762,867,1179,1269,972,380,194
INS,4438,44380000,1802,930,1175,1281,1021,419,154
INS,4439,44390000,1784,912,1193,1277,1010,387,106
INS,4440,44400000,1813,890,1189,1307,942,375,76
INS,4441,44410000,1757,875,1219,1285,982,402,97
INS,4442,44420000,1778,929,1232,1270,1003,376,182
INS,4443,44430000,1794,921,1172,1289,970,436,193
INS,4444,44440000,1796,882,1172,1278,969,437,162
INS,4445,44450000,1827,864,1204,1309,986,405,240
INS,4446,44460000,1808,956,1197,1314,983,370,34
INS,4447,44470000,1765,866,1202,1279,994,394,179
INS,4448,44480000,1800,885,1194,1309,1017,359,4
INS,4449,44490000,1809,916,1183,1281,1005,346,253
INS,4450,44500000,1815,897,1167,1284,1013,369,19
INS,4451,44510000,1829,865,1176,1280,1021,364,26
INS,4452,44520000,1788,911,1189,1305,1000,384,85
INS,4453,44530000,1808,889,1164,1302,1052,389,129
INS,4454,44540000,1835,910,1230,1317,951,440,225
INS,4455,44550000,1809,889,1219,1324,1011,386,197
INS,4456,44560000,1773,872,1205,1326,990,401,143
INS,4457,44570000,1781,906,1164,1294,952,442,132
INS,4458,44580000,1792,907,1196,1284,1008,361,158
INS,4459,44590000,1808,923,1231,1307,959,387,242
INS,4460,44600000,1810,872,1197,1292,1017,428,4
INS,4461,44610000,1764,892,1228,1274,1010,423,252
INS,4462,44620000,1786,907,1189,1244,988,379,171
INS,4463,44630000,1789,886,1172,1296,987,424,249
INS,4464,44640000,1817,892,1190,1336,999,414,104
INS,4465,44650000,1838,901,1185,1339,1036,390,162
INS,4466,44660000,1771,877,1189,1293,984,405,9
INS,4467,44670000,1828,886,1211,1282,1019,373,106
INS,4468,44680000,1791,913,1231,1284,1027,402,172
INS,4469,44690000,1820,888,1172,1279,1034,414,148
INS,4470,44700000,1812,922,1246,1288,982,455,7
INS,4471,44710000,1780,878,1165,1319,952,448,117
INS,4472,44720000,1824,901,1262,1311,996,389,19
INS,4473,44730000,1837,942,1235,1303,1034,409,113
INS,4474,44740000,1784,888,1175,1285,1005,374,137
INS,4475,44750000,1805,893,1196,1267,969,360,133
INS,4476,44760000,1826,933,1202,1312,981,408,66
INS,4477,44770000,1829,957,1212,1361,935,362,77
INS,4478,44780000,1835,893,1196,1291,1043,432,128
INS,4479,44790000,1800,895,1215,1298,965,378,6
INS,4480,44800000,1810,929,1183,1315,984,422,115
INS,4481,44810000,1827,888,1135,1241,992,430,2
INS,4482,44820000,1780,936,1201,1344,991,378,136
INS,4483,44830000,1797,909,1196,1310,971,428,134
INS,4484,44840000,1809,890,1176,1316,1004,376,111
INS,4485,44850000,1796,946,1213,1310,993,415,230
INS,4486,44860000,1800,948,1209,1320,1027,363,241
INS,4487,44870000,1800,916,1168,1285,1008,411,179
INS,4488,44880000,1777,865,1196,1310,1008,409,173
INS,4489,44890000,1784,945,1178,1298,979,405,214
INS,4490,44900000,1808,921,1165,1283,975,403,197
INS,4491,44910000,1800,932,1210,1320,986,420,71
INS,4492,44920000,1798,907,1163,1304,983,422,253
INS,4493,44930000,1784,895,1238,1323,1013,402,92
INS,4494,44940000,1856,904,1188,1323,1044,438,207
INS,4495,44950000,1800,876,1197,1345,1003,425,117
INS,4496,44960000,1788,871,1179,1298,1015,402,41
INS,4497,44970000,1782,890,1189,1306,1020,433,125
INS,4498,44980000,1828,871,1159,1364,1008,423,175
INS,4499,44990000,1765,893,1198,1282,1002,415,94
INS,4500,45000000,1800,946,1190,1290,1035,424,241
INS,4501,45010000,1802,891,1225,1334,1021,434,24
INS,4502,45020000,1792,871,1199,1292,1012,387,143
INS,4503,45030000,1806,889,1206,1278,966,348,100
INS,4504,45040000,1838,906,1229,1290,982,421,34
INS,4505,45050000,1785,908,1217,1277,1003,384,215
INS,4506,45060000,1821,909,1170,1266,971,405,200
INS,4507,45070000,1817,893,1194,1303,1002,383,11
INS,4508,45080000,1772,828,1236,1247,1006,345,126
INS,4509,45090000,1813,904,1194,1319,1021,441,145
INS,4510,45100000,1785,907,1199,1281,1019,417,78
INS,4511,45110000,1793,881,1221,1289,973,387,31
INS,4512,45120000,1798,834,1177,1291,990,378,228
INS,4513,45130000,1758,895,1165,1347,1010,418,114
INS,4514,45140000,1813,902,1195,1309,993,366,116
INS,4515,45150000,1793,884,1199,1247,960,377,15
INS,4516,45160000,1813,935,1216,1294,996,364,190
INS,4517,45170000,1798,908,1176,1315,1006,397,189
INS,4518,45180000,1750,921,1201,1321,1019,427,245
INS,4519,45190000,1787,891,1190,1257,979,392,119
INS,4520,45200000,1766,906,1203,1285,1014,384,198
INS,4521,45210000,1822,845,1205,1290,971,376,166
INS,4522,45220000,1829,861,1189,1321,1006,354,234
INS,4523,45230000,1783,866,1218,1281,1019,389,247
INS,4524,45240000,1817,901,1152,1319,992,388,21
INS,4525,45250000,1793,859,1169,1333,977,385,241
INS,4526,45260000,1809,901,1199,1330,970,378,73
INS,4527,45270000,1809,904,1208,1307,983,390,104
INS,4528,45280000,1815,885,1219,1296,1047,375,157
INS,4529,45290000,1809,887,1186,1289,1003,421,132
INS,4530,45300000,1806,852,1172,1293,982,389,48
INS,4531,45310000,1757,891,1203,1281,1018,423,144
INS,4532,45320000,1812,871,1162,1302,1005,403,143
INS,4533,45330000,1747,898,1198,1299,1008,371,126
INS,4534,45340000,1819,922,1199,1329,1005,430,70
INS,4535,45350000,1847,928,1186,1322,981,381,28
INS,4536,45360000,1824,895,1201,1324,1012,393,49
INS,4537,45370000,1835,889,1237,1298,1007,401,84
INS,4538,45380000,1815,933,1215,1326,999,401,123
INS,4539,45390000,1823,916,1186,1283,999,373,31
INS,4540,45400000,1819,904,1207,1293,975,391,57
INS,4541,45410000,1844,902,1196,1276,1059,409,171
INS,4542,45420000,1774,870,1205,1289,1033,436,109
INS,4543,45430000,1812,901,1203,1320,1019,411,185
INS,4544,45440000,1827,905,1208,1312,996,406,190
INS,4545,45450000,1814,909,1217,1317,1086,381,21
INS,4546,45460000,1816,955,1226,1347,1042,395,95
INS,4547,45470000,1762,911,1229,1322,995,349,155
INS,4548,45480000,1807,924,1209,1290,1040,406,24
INS,4549,45490000,1778,877,1177,1288,1012,356,109
INS,4550,45500000,1812,896,1214,1286,1006,404,0
INS,4551,45510000,1778,919,1197,1275,980,425,229
INS,4552,45520000,1759,867,1193,1266,976,415,148
INS,4553,45530000,1776,891,1199,1292,1036,438,65
INS,4554,45540000,1836,899,1248,1279,965,426,103
INS,4555,45550000,1771,892,1195,1301,1031,401,58
INS,4556,45560000,1803,931,1189,1306,986,397,96
INS,4557,45570000,1760,932,1198,1299,979,435,104
INS,4558,45580000,1807,917,1219,1328,1020,419,228
INS,4559,45590000,1779,878,1216,1294,1009,413,124
INS,4560,45600000,1751,896,1182,1344,973,394,92
INS,4561,45610000,1789,903,1197,1312,987,385,142
INS,4562,45620000,1792,878,1194,1287,1020,407,164
INS,4563,45630000,1813,896,1204,1341,1053,369,23
INS,4564,45640000,1796,915,1180,1295,964,405,175
INS,4565,45650000,1816,932,1222,1278,987,438,54
INS,4566,45660000,1760,918,1236,1256,1003,385,212
INS,4567,45670000,1808,884,1143,1279,1002,350,137
INS,4568,45680000,1826,930,1207,1277,949,371,248
INS,4569,45690000,1807,928,1197,1308,1013,428,130
INS,4570,45700000,1793,900,1206,1289,1001,457,112
INS,4571,45710000,1791,912,1205,1319,1009,424,143
INS,4572,45720000,1824,927,1218,1293,988,407,157
INS,4573,45730000,1890,890,1194,1331,1003,411,236
INS,4574,45740000,1781,902,1216,1348,995,360,136
INS,4575,45750000,1795,905,1174,1254,1015,407,101
INS,4576,45760000,1758,887,1186,1294,987,430,110
INS,4577,45770000,1833,863,1220,1269,926,392,88
INS,4578,45780000,1781,886,1178,1334,1006,377,164
INS,4579,45790000,1785,910,1209,1329,1000,389,241
INS,4580,45800000,1812,898,1210,1293,980,425,254
INS,4581,45810000,1817,851,1193,1304,989,393,200
INS,4582,45820000,1846,927,1237,1310,1002,419,155
INS,4583,45830000,1794,904,1231,1322,993,403,78
INS,4584,45840000,1781,928,1125,1262,1055,415,14
INS,4585,45850000,1805,887,1219,1304,985,388,53
INS,4586,45860000,1791,923,1154,1268,1007,417,42
INS,4587,45870000,1804,892,1200,1310,988,373,66
INS,4588,45880000,1791,880,1177,1320,972,377,33
INS,4589,45890000,1818,886,1202,1304,1039,435,217
INS,4590,45900000,1858,912,1184,1315,1020,417,0
INS,4591,45910000,1784,882,1210,1322,995,415,175
INS,4592,45920000,1779,883,1196,1293,998,380,113
INS,4593,45930000,1778,908,1175,1230,961,418,71
INS,4594,45940000,1791,915,1203,1259,976,381,143
INS,4595,45950000,1790,889,1211,1268,992,411,196
INS,4596,45960000,1817,910,1142,1295,966,398,180
INS,4597,45970000,1778,924,1209,1260,1006,402,248
INS,4598,45980000,1792,892,1191,1282,1022,383,248
INS,4599,45990000,1778,939,1186,1308,970,408,36
INS,4600,46000000,1788,882,1178,1288,1038,394,32
INS,4601,46010000,1814,867,1187,1259,985,389,238
INS,4602,46020000,1818,866,1193,1299,1014,391,79
INS,4603,46030000,1824,933,1250,1300,1029,357,208
INS,4604,46040000,1768,870,1155,1287,1016,379,7
INS,4605,46050000,1812,921,1248,1276,1018,412,236
INS,4606,46060000,1846,888,1231,1332,994,405,6
INS,4607,46070000,1818,903,1175,1319,1010,403,211
INS,4608,46080000,1757,871,1191,1316,976,402,113
INS,4609,46090000,1801,879,1181,1304,1055,379,216
INS,4610,46100000,1781,851,1154,1276,996,418,110
INS,4611,46110000,1824,904,1187,1326,1012,379,27
INS,4612,46120000,1818,903,1175,1257,1000,439,4
INS,4613,46130000,1813,868,1177,1255,1037,403,238
INS,4614,46140000,1790,929,1155,1261,1006,432,19
INS,4615,46150000,1797,922,1183,1290,947,420,22
INS,4616,46160000,1779,901,1184,1292,1016,420,72
INS,4617,46170000,1815,888,1212,1305,982,395,94
INS,4618,46180000,1795,871,1196,1313,967,391,47
INS,4619,46190000,1771,938,1195,1297,994,411,137
INS,4620,46200000,1778,882,1242,1335,974,417,176
INS,4621,46210000,1820,919,1171,1281,1004,404,164
INS,4622,46220000,1787,918,1237,1261,1031,405,221
INS,4623,46230000,1841,889,1191,1294,1011,374,199
INS,4624,46240000,1803,906,1206,1313,972,385,201
INS,4625,46250000,1747,895,1182,1243,1021,400,121
INS,4626,46260000,1813,889,1213,1288,1029,388,14
INS,4627,46270000,1789,929,1241,1304,978,339,247
INS,4628,46280000,1765,891,1204,1289,978,432,243
INS,4629,46290000,1832,888,1185,1283,1018,436,87
INS,4630,46300000,1813,871,1201,1258,982,413,0
INS,4631,46310000,1819,840,1241,1294,948,390,11
INS,4632,46320000,1786,848,1201,1306,1014,439,90
INS,4633,46330000,1800,880,1188,1294,1008,362,45
INS,4634,46340000,1783,900,1249,1302,1016,408,188
INS,4635,46350000,1786,959,1231,1312,1025,440,44
INS,4636,46360000,1749,875,1217,1260,986,395,46
INS,4637,46370000,1803,908,1213,1287,1002,396,190
INS,4638,46380000,1793,862,1214,1248,984,369,68
INS,4639,46390000,1776,876,1176,1322,982,384,131
INS,4640,46400000,1795,910,1208,1250,1002,409,206
INS,4641,46410000,1776,911,1234,1299,977,377,223
INS,4642,46420000,1826,890,1201,1284,1013,412,36
INS,4643,46430000,1799,852,1169,1309,1071,419,46
INS,4644,46440000,1831,953,1204,1278,999,418,127
INS,4645,46450000,1801,904,1177,1279,990,402,14
INS,4646,46460000,1761,904,1224,1290,1039,365,61
INS,4647,46470000,1828,909,1189,1313,1007,378,119
INS,4648,46480000,1791,882,1189,1259,994,390,17
INS,4649,46490000,1778,887,1237,1259,1015,444,149
INS,4650,46500000,1794,885,1200,1270,1069,411,175
INS,4651,46510000,1748,885,1227,1289,983,409,104
INS,4652,46520000,1789,899,1186,1282,978,389,103
INS,4653,46530000,1776,925,1226,1344,994,375,237
INS,4654,46540000,1793,919,1186,1266,1062,423,7
INS,4655,46550000,1825,858,1199,1263,991,408,175
INS,4656,46560000,1781,903,1194,1312,990,407,235
INS,4657,46570000,1794,900,1152,1309,984,424,228
INS,4658,46580000,1776,861,1207,1287,993,429,235
INS,4659,46590000,1811,893,1188,1342,959,425,61
INS,4660,46600000,1772,867,1176,1302,995,404,232
INS,4661,46610000,1808,922,1198,1306,993,392,96
INS,4662,46620000,1870,875,1222,1297,993,417,168
INS,4663,46630000,1783,921,1219,1280,980,429,123
INS,4664,46640000,1827,882,1163,1277,998,412,87
INS,4665,46650000,1801,844,1197,1295,1034,369,85
INS,4666,46660000,1806,924,1180,1337,974,394,177
INS,4667,46670000,1785,909,1192,1267,1051,402,185
INS,4668,46680000,1777,931,1196,1288,1031,417,236
INS,4669,46690000,1794,898,1204,1309,993,394,205
INS,4670,46700000,1793,921,1187,1313,1020,435,43
INS,4671,46710000,1765,899,1190,1283,1027,408,219
INS,4672,46720000,1815,893,1217,1248,1033,427,41
INS,4673,46730000,1766,898,1184,1311,1012,395,247
INS,4674,46740000,1770,897,1277,1298,978,348,10
INS,4675,46750000,1814,895,1244,1332,1023,407,174
INS,4676,46760000,1816,915,1199,1303,988,370,67
INS,4677,46770000,1811,904,1184,1329,1007,411,139
INS,4678,46780000,1767,939,1216,1294,1002,414,142
INS,4679,46790000,1732,865,1245,1252,985,381,243
INS,4680,46800000,1770,888,1230,1325,1000,394,151
INS,4681,46810000,1857,884,1225,1278,962,394,161
INS,4682,46820000,1794,877,1254,1305,998,410,216
INS,4683,46830000,1828,936,1211,1271,1006,411,2
INS,4684,46840000,1791,934,1199,1265,974,405,180
INS,4685,46850000,1747,946,1212,1284,990,403,211
INS,4686,46860000,1796,939,1195,1330,989,391,30
INS,4687,46870000,1773,860,1186,1335,1023,415,255
INS,4688,46880000,1821,933,1212,1358,1039,398,185
INS,4689,46890000,1784,842,1243,1254,999,376,195
INS,4690,46900000,1776,906,1213,1317,1023,378,71
INS,4691,46910000,1760,892,1237,1268,1019,391,42
INS,4692,46920000,1741,919,1208,1299,1031,428,118
INS,4693,46930000,1795,928,1199,1327,987,395,140
INS,4694,46940000,1821,898,1157,1281,1010,426,119
INS,4695,46950000,1811,919,1245,1303,997,383,201
INS,4696,46960000,1787,876,1214,1286,982,440,145
INS,4697,46970000,1769,892,1221,1310,987,378,134
INS,4698,46980000,1795,925,1196,1298,974,363,145
INS,4699,46990000,1810,912,1211,1271,999,396,210
INS,4700,47000000,1767,931,1181,1254,981,437,179
INS,4701,47010000,1776,933,1216,1283,1003,394,250
INS,4702,47020000,1819,933,1176,1301,991,375,1
INS,4703,47030000,1767,892,1227,1324,983,436,52
INS,4704,47040000,1804,919,1192,1289,997,411,52
INS,4705,47050000,1810,850,1142,1258,1004,376,153
INS,4706,47060000,1768,869,1226,1339,1041,442,159
INS,4707,47070000,1828,938,1210,1294,1018,414,193
INS,4708,47080000,1771,901,1218,1260,1030,364,52
INS,4709,47090000,1814,888,1198,1324,965,381,95
INS,4710,47100000,1784,894,1217,1269,992,373,71
INS,4711,47110000,1830,888,1212,1290,971,403,153
INS,4712,47120000,1805,890,1180,1318,979,414,162
INS,4713,47130000,1796,942,1192,1330,1007,422,26
INS,4714,47140000,1821,878,1211,1272,1001,402,195
INS,4715,47150000,1804,935,1199,1292,1003,390,250
INS,4716,47160000,1813,927,1204,1291,1049,420,92
INS,4717,47170000,1838,892,1254,1291,1025,373,78
INS,4718,47180000,1815,913,1220,1302,1010,402,84
INS,4719,47190000,1811,891,1178,1321,1039,375,54
INS,4720,47200000,1808,824,1197,1270,992,370,173
INS,4721,47210000,1773,855,1216,1325,990,418,50
INS,4722,47220000,1806,868,1239,1309,1006,392,110
INS,4723,47230000,1754,910,1225,1305,958,394,53
INS,4724,47240000,1787,867,1207,1307,966,417,75
INS,4725,47250000,1806,905,1223,1265,991,362,93
INS,4726,47260000,1811,914,1175,1281,1017,390,146
INS,4727,47270000,1801,919,1200,1306,952,420,173
INS,4728,47280000,1735,922,1208,1315,1004,403,179
INS,4729,47290000,1737,935,1181,1294,985,429,170
INS,4730,47300000,1793,941,1173,1298,1013,454,42
INS,4731,47310000,1804,910,1231,1281,1017,415,45
INS,4732,47320000,1829,863,1214,1251,1019,419,255
INS,4733,47330000,1754,907,1234,1338,962,383,255
INS,4734,47340000,1779,878,1237,1286,1052,402,72
INS,4735,47350000,1852,898,1230,1304,1020,417,176
INS,4736,47360000,1768,846,1246,1294,1006,410,42
INS,4737,47370000,1811,912,1179,1262,963,422,38
INS,4738,47380000,1782,890,1181,1268,1012,387,26
INS,4739,47390000,1763,891,1182,1287,1007,337,246
INS,4740,47400000,1822,934,1176,1267,1005,410,154
INS,4741,47410000,1790,911,1164,1316,1028,379,145
INS,4742,47420000,1808,914,1197,1299,1021,381,194
INS,4743,47430000,1825,876,1207,1264,1001,406,170
INS,4744,47440000,1800,902,1191,1332,1025,360,218
INS,4745,47450000,1788,870,1218,1357,986,449,37
INS,4746,47460000,1785,930,1189,1312,955,415,228
INS,4747,47470000,1813,911,1179,1338,978,403,25
INS,4748,47480000,1797,901,1226,1293,963,373,229
INS,4749,47490000,1827,896,1173,1302,1046,399,80
INS,4750,47500000,1816,888,1188,1329,1021,408,104
INS,4751,47510000,1779,878,1193,1284,1000,380,241
INS,4752,47520000,1774,908,1218,1344,1002,432,166
INS,4753,47530000,1838,894,1207,1306,999,354,103
INS,4754,47540000,1809,880,1211,1315,988,394,119
INS,4755,47550000,1785,856,1177,1273,987,383,0
INS,4756,47560000,1771,838,1176,1263,1053,415,72
INS,4757,47570000,1841,885,1212,1322,987,412,232
INS,4758,47580000,1816,899,1196,1249,993,421,164
INS,4759,47590000,1778,897,1188,1292,975,417,154
INS,4760,47600000,1777,886,1186,1250,997,409,129
INS,4761,47610000,1810,932,1179,1283,1019,393,1
INS,4762,47620000,1791,877,1150,1285,1005,380,146
INS,4763,47630000,1792,844,1209,1306,1034,412,16
INS,4764,47640000,1747,896,1209,1300,995,382,221
INS,4765,47650000,1760,907,1209,1265,994,368,212
INS,4766,47660000,1726,925,1181,1235,990,398,181
INS,4767,47670000,1789,911,1196,1325,992,390,90
INS,4768,47680000,1851,909,1183,1264,979,396,86
INS,4769,47690000,1835,925,1242,1272,986,359,140
INS,4770,47700000,1811,952,1200,1293,973,402,169
INS,4771,47710000,1750,921,1251,1355,973,411,216
INS,4772,47720000,1765,859,1147,1291,1016,399,49
INS,4773,47730000,1798,897,1206,1270,972,439,171
INS,4774,47740000,1821,900,1199,1303,966,456,251
INS,4775,47750000,1786,909,1183,1288,1012,340,141
INS,4776,47760000,1769,918,1202,1308,1015,436,32
INS,4777,47770000,1790,907,1191,1290,1009,426,14
INS,4778,47780000,1776,907,1216,1366,973,368,24
INS,4779,47790000,1818,867,1192,1280,1016,384,248
INS,4780,47800000,1761,911,1191,1276,941,414,202
INS,4781,47810000,1758,849,1163,1278,1004,407,184
INS,4782,47820000,1816,895,1184,1298,977,392,48
INS,4783,47830000,1741,934,1196,1313,994,376,57
INS,4784,47840000,1825,879,1231,1282,1000,369,106
INS,4785,47850000,1780,882,1201,1310,951,367,28
INS,4786,47860000,1805,881,1217,1365,1007,414,243
INS,4787,47870000,1795,871,1198,1301,993,357,86
INS,4788,47880000,1820,913,1201,1253,1022,360,157
INS,4789,47890000,1845,904,1204,1313,975,386,232
INS,4790,47900000,1777,880,1198,1302,989,385,153
INS,4791,47910000,1767,878,1207,1289,1002,416,198
INS,4792,47920000,1785,871,1198,1315,1035,433,37
INS,4793,47930000,1814,872,1224,1294,1002,366,245
INS,4794,47940000,1855,936,1241,1278,977,460,181
INS,4795,47950000,1787,901,1204,1331,983,417,74
INS,4796,47960000,1785,928,1214,1318,1017,380,110
INS,4797,47970000,1748,941,1181,1329,994,423,101
INS,4798,47980000,1792,870,1205,1279,999,388,35
INS,4799,47990000,1820,898,1191,1253,993,411,85
INS,4800,48000000,1793,910,1240,1293,1015,418,205
INS,4801,48010000,1768,925,1203,1310,970,424,153
INS,4802,48020000,1753,900,1186,1317,1003,394,123
INS,4803,48030000,1847,895,1231,1270,1008,388,226
INS,4804,48040000,1787,900,1192,1230,1035,378,126
INS,4805,48050000,1821,865,1203,1316,982,375,183
INS,4806,48060000,1780,941,1177,1305,987,384,212
INS,4807,48070000,1834,910,1188,1329,1009,390,59
INS,4808,48080000,1788,921,1173,1306,981,444,29
INS,4809,48090000,1808,926,1198,1320,1012,385,82
INS,4810,48100000,1808,943,1198,1279,1020,432,130
INS,4811,48110000,1785,844,1194,1267,989,380,182
INS,4812,48120000,1825,916,1215,1312,1027,447,226
INS,4813,48130000,1823,908,1230,1322,983,377,144
INS,4814,48140000,1781,896,1215,1318,965,428,121
INS,4815,48150000,1759,883,1217,1273,998,384,49
INS,4816,48160000,1827,901,1218,1295,1016,400,209
INS,4817,48170000,1840,917,1207,1314,995,369,211
INS,4818,48180000,1755,881,1195,1298,992,371,78
INS,4819,48190000,1799,932,1221,1296,1024,422,41
INS,4820,48200000,1779,896,1184,1294,969,422,164
INS,4821,48210000,1765,858,1204,1296,997,405,162
INS,4822,48220000,1823,958,1213,1321,1047,434,194
INS,4823,48230000,1821,896,1194,1279,967,363,191
INS,4824,48240000,1754,924,1206,1283,990,370,215
INS,4825,48250000,1789,914,1199,1272,1002,401,26
INS,4826,48260000,1804,930,1207,1301,974,398,80
INS,4827,48270000,1812,888,1182,1298,996,457,116
INS,4828,48280000,1797,889,1206,1311,995,402,100
INS,4829,48290000,1837,908,1238,1296,1002,375,173
INS,4830,48300000,1828,896,1188,1327,998,398,169
INS,4831,48310000,1815,915,1231,1273,1044,431,4
INS,4832,48320000,1781,915,1180,1286,1002,419,151
INS,4833,48330000,1780,929,1237,1326,1013,341,211
INS,4834,48340000,1831,868,1188,1304,995,387,175
INS,4835,48350000,1787,866,1205,1283,1005,425,190
INS,4836,48360000,1766,967,1204,1292,1003,365,233
INS,4837,48370000,1839,902,1174,1325,993,435,65
INS,4838,48380000,1782,881,1195,1253,975,393,149
INS,4839,48390000,1793,890,1227,1274,977,343,191
INS,4840,48400000,1834,890,1203,1245,996,384,0
INS,4841,48410000,1813,874,1202,1300,984,424,62
INS,4842,48420000,1763,885,1228,1279,1053,359,49
INS,4843,48430000,1802,898,1187,1320,993,373,72
INS,4844,48440000,1781,884,1213,1311,1007,385,97
INS,4845,48450000,1824,860,1222,1284,1027,455,205
INS,4846,48460000,1824,901,1186,1331,1003,414,209
INS,4847,48470000,1855,897,1192,1254,1000,389,154
INS,4848,48480000,1789,910,1174,1294,1022,354,127
INS,4849,48490000,1835,921,1199,1303,1000,375,234
INS,4850,48500000,1851,944,1177,1316,1003,365,18
INS,4851,48510000,1784,907,1270,1312,999,382,33
INS,4852,48520000,1805,877,1234,1362,1018,389,81
INS,4853,48530000,1810,850,1193,1307,1028,453,54
INS,4854,48540000,1779,954,1206,1307,1011,432,119
INS,4855,48550000,1792,934,1190,1287,1008,402,60
INS,4856,48560000,1817,907,1181,1322,994,408,93
INS,4857,48570000,1757,949,1203,1325,1008,415,138
INS,4858,48580000,1756,919,1185,1285,943,417,3
INS,4859,48590000,1794,881,1201,1279,968,399,37
INS,4860,48600000,1791,915,1183,1283,971,409,84
INS,4861,48610000,1814,934,1170,1260,965,368,60
INS,4862,48620000,1799,872,1167,1317,972,367,60
INS,4863,48630000,1771,918,1179,1311,970,439,171
INS,4864,48640000,1819,861,1188,1293,996,401,158
INS,4865,48650000,1803,923,1145,1318,995,409,210
INS,4866,48660000,1804,898,1213,1333,1001,383,10
INS,4867,48670000,1785,870,1189,1283,988,445,211
INS,4868,48680000,1795,838,1236,1326,1016,424,47
INS,4869,48690000,1824,903,1227,1255,1012,410,60
INS,4870,48700000,1815,887,1218,1345,988,400,99
INS,4871,48710000,1816,886,1188,1311,1003,372,39
INS,4872,48720000,1767,918,1138,1305,1022,423,53
INS,4873,48730000,1812,928,1177,1294,965,443,116
INS,4874,48740000,1818,905,1189,1346,999,405,176
INS,4875,48750000,1790,922,1158,1293,978,427,99
INS,4876,48760000,1800,915,1208,1241,1011,428,151
INS,4877,48770000,1807,952,1232,1290,973,394,213
INS,4878,48780000,1832,900,1217,1302,975,399,207
INS,4879,48790000,1816,908,1168,1314,999,402,206
INS,4880,48800000,1805,914,1174,1311,1028,422,14
INS,4881,48810000,1836,912,1232,1309,1018,383,67
INS,4882,48820000,1825,906,1248,1297,1006,359,35
INS,4883,48830000,1851,915,1165,1292,1026,418,78
INS,4884,48840000,1800,937,1206,1287,1036,445,139
INS,4885,48850000,1821,891,1199,1240,985,411,248
INS,4886,48860000,1831,876,1186,1299,1007,434,95
INS,4887,48870000,1757,945,1221,1276,986,413,77
INS,4888,48880000,1771,953,1217,1318,986,385,126
INS,4889,48890000,1806,890,1245,1288,1002,421,165
INS,4890,48900000,1787,878,1217,1306,1023,390,131
INS,4891,48910000,1822,922,1231,1291,992,376,181
INS,4892,48920000,1825,914,1225,1294,961,452,235
INS,4893,48930000,1815,884,1176,1275,1010,353,94
INS,4894,48940000,1795,893,1208,1312,1002,385,193
INS,4895,48950000,1809,922,1186,1335,983,428,22
INS,4896,48960000,1847,877,1198,1303,1004,381,242
INS,4897,48970000,1735,887,1240,1259,1006,393,169
INS,4898,48980000,1768,862,1194,1354,1007,347,198
INS,4899,48990000,1798,910,1226,1338,1012,379,90
INS,4900,49000000,1814,860,1185,1271,1031,402,7
INS,4901,49010000,1798,894,1182,1325,970,396,26
INS,4902,49020000,1799,893,1229,1281,994,371,45
INS,4903,49030000,1769,873,1189,1310,955,420,11
INS,4904,49040000,1807,902,1204,1266,1039,401,131
INS,4905,49050000,1813,901,1154,1308,1001,411,117
INS,4906,49060000,1774,911,1181,1306,1015,389,122
INS,4907,49070000,1813,943,1211,1293,993,406,222
INS,4908,49080000,1786,921,1192,1277,994,392,142
INS,4909,49090000,1802,899,1210,1323,1044,372,247
INS,4910,49100000,1797,887,1206,1311,998,395,208
INS,4911,49110000,1839,884,1183,1318,964,463,26
INS,4912,49120000,1791,902,1198,1301,993,396,229
INS,4913,49130000,1796,900,1187,1273,1013,435,13
INS,4914,49140000,1811,890,1195,1281,981,449,33
INS,4915,49150000,1787,945,1189,1276,1024,413,77
INS,4916,49160000,1807,893,1175,1309,1016,370,30
INS,4917,49170000,1800,906,1185,1294,1000,388,50
INS,4918,49180000,1766,880,1179,1292,982,406,255
INS,4919,49190000,1775,895,1166,1311,957,401,16
INS,4920,49200000,1780,945,1208,1342,975,397,175
INS,4921,49210000,1757,927,1203,1323,1011,423,189
INS,4922,49220000,1792,913,1209,1292,1027,370,165
INS,4923,49230000,1818,907,1183,1292,1014,382,175
INS,4924,49240000,1820,901,1195,1298,1002,372,184
INS,4925,49250000,1809,871,1207,1291,993,424,208
INS,4926,49260000,1761,877,1179,1268,1013,387,115
INS,4927,49270000,1775,926,1193,1306,1025,433,49
INS,4928,49280000,1806,924,1142,1293,981,359,169
INS,4929,49290000,1803,929,1164,1282,968,436,7
INS,4930,49300000,1825,908,1175,1335,1028,398,111
INS,4931,49310000,1780,901,1199,1267,1005,427,38
INS,4932,49320000,1780,898,1213,1281,1020,443,111
INS,4933,49330000,1795,917,1204,1311,977,407,104
INS,4934,49340000,1775,928,1203,1333,1014,337,100
INS,4935,49350000,1831,928,1219,1291,972,402,170
INS,4936,49360000,1804,907,1225,1266,981,365,92
INS,4937,49370000,1816,929,1182,1276,1007,389,160
INS,4938,49380000,1775,869,1188,1322,1003,427,162
INS,4939,49390000,1759,910,1233,1280,1006,385,168
INS,4940,49400000,1811,910,1197,1265,971,412,178
INS,4941,49410000,1800,918,1187,1313,1026,347,220
INS,4942,49420000,1781,881,1193,1356,1032,369,2
INS,4943,49430000,1755,922,1230,1306,1013,382,15
INS,4944,49440000,1772,872,1200,1247,989,387,147
INS,4945,49450000,1802,876,1186,1362,1039,400,106
INS,4946,49460000,1768,888,1219,1324,1011,412,80
INS,4947,49470000,1826,915,1179,1312,1011,424,142
INS,4948,49480000,1807,903,1195,1318,1008,489,212
INS,4949,49490000,1807,858,1191,1276,992,345,234
INS,4950,49500000,1767,893,1195,1345,1050,402,178
INS,4951,49510000,1797,890,1149,1290,1037,398,104
INS,4952,49520000,1748,890,1190,1288,989,382,47
INS,4953,49530000,1813,910,1208,1278,979,388,153
INS,4954,49540000,1795,905,1180,1300,1003,397,174
INS,4955,49550000,1810,892,1205,1305,1017,389,229
INS,4956,49560000,1838,949,1176,1311,1017,415,78
INS,4957,49570000,1759,864,1185,1304,994,438,189
INS,4958,49580000,1734,904,1166,1307,976,399,148
INS,4959,49590000,1763,919,1168,1306,937,414,186
INS,4960,49600000,1815,891,1200,1290,988,389,13
INS,4961,49610000,1811,883,1214,1295,977,425,62
INS,4962,49620000,1801,930,1170,1291,1015,385,66
INS,4963,49630000,1768,922,1213,1273,967,432,66
INS,4964,49640000,1804,941,1196,1311,981,391,132
INS,4965,49650000,1778,935,1185,1318,989,391,121
INS,4966,49660000,1801,895,1234,1288,963,354,77
INS,4967,49670000,1780,889,1222,1289,1017,394,150
INS,4968,49680000,1757,861,1236,1325,957,371,83
INS,4969,49690000,1741,901,1165,1282,998,393,73
INS,4970,49700000,1815,874,1157,1245,991,363,55
INS,4971,49710000,1847,885,1205,1292,1024,347,227
INS,4972,49720000,1770,843,1216,1320,1022,420,235
INS,4973,49730000,1812,929,1177,1324,1027,407,81
INS,4974,49740000,1823,928,1180,1297,984,401,35
INS,4975,49750000,1788,890,1186,1274,989,404,226
INS,4976,49760000,1830,887,1208,1288,1006,388,63
INS,4977,49770000,1843,875,1183,1296,1019,428,117
INS,4978,49780000,1772,912,1231,1280,972,447,104
INS,4979,49790000,1747,845,1202,1253,1017,410,237
INS,4980,49800000,1826,904,1226,1281,965,389,115
INS,4981,49810000,1793,907,1189,1364,984,391,169
INS,4982,49820000,1767,863,1152,1313,994,350,253
INS,4983,49830000,1823,886,1191,1308,969,402,154
INS,4984,49840000,1805,902,1205,1245,1043,365,157
INS,4985,49850000,1821,933,1201,1269,962,414,209
INS,4986,49860000,1795,961,1132,1291,965,410,180
INS,4987,49870000,1794,869,1191,1281,1004,412,194
INS,4988,49880000,1771,895,1223,1319,1000,359,227
INS,4989,49890000,1816,917,1230,1282,1025,425,116
INS,4990,49900000,1770,880,1199,1294,940,423,200
INS,4991,49910000,1793,888,1209,1288,984,432,49
INS,4992,49920000,1798,883,1208,1305,940,361,223
INS,4993,49930000,1784,867,1209,1264,1026,396,35
INS,4994,49940000,1810,945,1196,1313,1012,409,191
INS,4995,49950000,1787,904,1201,1274,991,399,79
INS,4996,49960000,1832,896,1234,1325,992,373,192
INS,4997,49970000,1775,872,1124,1299,962,398,243
INS,4998,49980000,1867,869,1243,1318,1028,379,22
INS,4999,49990000,1782,903,1233,1282,985,445,221
INS,5000,50000000,1818,907,1200,1287,1019,425,8
INS,5001,50010000,1803,884,1205,1288,977,352,134
INS,5002,50020000,1792,911,1240,1270,987,367,209
INS,5003,50030000,1791,912,1179,1309,988,420,2
INS,5004,50040000,1817,902,1174,1339,978,361,247
INS,5005,50050000,1816,878,1220,1285,984,403,23
INS,5006,50060000,1819,867,1229,1266,1008,401,44
INS,5007,50070000,1725,898,1193,1346,992,405,30
INS,5008,50080000,1795,941,1198,1300,1003,381,106
INS,5009,50090000,1833,928,1204,1330,958,413,171
INS,5010,50100000,1797,892,1181,1276,1027,400,95
INS,5011,50110000,1800,885,1214,1280,997,393,108
INS,5012,50120000,1813,919,1188,1315,981,382,154
INS,5013,50130000,1796,904,1163,1288,955,426,105
INS,5014,50140000,1796,910,1197,1287,1016,353,149
INS,5015,50150000,1817,898,1179,1274,1006,442,223
INS,5016,50160000,1828,840,1209,1316,999,366,182
INS,5017,50170000,1801,910,1197,1294,971,407,221
INS,5018,50180000,1793,875,1196,1336,1016,432,50
INS,5019,50190000,1795,884,1208,1353,1040,429,128
INS,5020,50200000,1779,921,1200,1318,1004,426,84
INS,5021,50210000,1789,930,1198,1318,1037,428,153
INS,5022,50220000,1796,909,1210,1308,1030,392,115
INS,5023,50230000,1800,910,1220,1293,1013,422,145
INS,5024,50240000,1774,885,1218,1338,1017,422,158
INS,5025,50250000,1823,895,1167,1289,1002,377,74
INS,5026,50260000,1784,866,1190,1294,1035,392,99
INS,5027,50270000,1773,900,1183,1299,1024,407,141
INS,5028,50280000,1770,912,1173,1319,1012,439,197
INS,5029,50290000,1777,919,1206,1283,1030,368,172
INS,5030,50300000,1787,877,1186,1294,1041,379,170
INS,5031,50310000,1760,935,1227,1312,1012,403,16
INS,5032,50320000,1798,930,1187,1299,991,397,242
INS,5033,50330000,1798,882,1186,1276,951,412,162
INS,5034,50340000,1812,858,1180,1302,970,399,195
INS,5035,50350000,1772,877,1219,1322,975,403,3
INS,5036,50360000,1810,900,1177,1281,1026,391,37
INS,5037,50370000,1782,902,1237,1296,1028,401,115
INS,5038,50380000,1809,901,1205,1263,1046,414,124
INS,5039,50390000,1800,912,1152,1299,989,398,53
INS,5040,50400000,1835,920,1255,1282,969,432,213
INS,5041,50410000,1820,916,1153,1315,972,386,99
INS,5042,50420000,1784,874,1178,1307,1044,403,144
INS,5043,50430000,1819,913,1174,1265,1014,414,170
INS,5044,50440000,1801,872,1200,1260,1069,379,169
INS,5045,50450000,1756,911,1172,1277,1003,444,168
INS,5046,50460000,1771,894,1197,1302,1034,437,1
INS,5047,50470000,1798,844,1186,1303,977,362,109
INS,5048,50480000,1816,900,1210,1301,1033,401,61
INS,5049,50490000,1794,901,1185,1259,1007,418,237
INS,5050,50500000,1764,941,1187,1303,961,450,40
INS,5051,50510000,1787,915,1222,1295,962,404,36
INS,5052,50520000,1798,897,1217,1294,1032,392,98
INS,5053,50530000,1813,867,1187,1297,990,382,21
INS,5054,50540000,1774,894,1186,1310,998,451,115
INS,5055,50550000,1823,885,1196,1328,1030,396,177
INS,5056,50560000,1787,909,1224,1318,1041,383,198
INS,5057,50570000,1835,932,1189,1324,950,398,181
INS,5058,50580000,1824,872,1170,1313,1008,398,155
INS,5059,50590000,1844,894,1203,1300,990,384,202
INS,5060,50600000,1790,898,1179,1316,962,347,96
INS,5061,50610000,1842,891,1189,1318,996,378,235
INS,5062,50620000,1809,885,1181,1301,1016,374,204
INS,5063,50630000,1825,924,1242,1269,977,425,61
INS,5064,50640000,1788,884,1219,1309,1000,427,43
INS,5065,50650000,1819,901,1152,1304,941,414,220
INS,5066,50660000,1787,907,1251,1280,1006,374,55
INS,5067,50670000,1802,875,1164,1332,985,421,46
INS,5068,50680000,1814,872,1246,1301,1032,402,151
INS,5069,50690000,1786,878,1175,1308,1004,393,45
INS,5070,50700000,1775,914,1171,1322,971,405,76
INS,5071,50710000,1815,953,1169,1310,1041,393,216
INS,5072,50720000,1798,910,1209,1336,972,413,190
INS,5073,50730000,1797,916,1193,1341,1046,385,247
INS,5074,50740000,1781,912,1215,1314,1010,417,235
INS,5075,50750000,1811,876,1225,1313,1002,403,233
INS,5076,50760000,1780,911,1170,1296,1011,424,212
INS,5077,50770000,1814,911,1229,1332,1007,336,10
INS,5078,50780000,1807,880,1190,1290,1000,428,249
INS,5079,50790000,1814,873,1163,1321,1030,405,21
INS,5080,50800000,1744,927,1227,1321,1001,378,30
INS,5081,50810000,1767,921,1165,1314,1020,425,61
INS,5082,50820000,1806,881,1137,1317,1010,371,244
INS,5083,50830000,1846,930,1178,1288,1010,426,161
INS,5084,50840000,1833,934,1209,1265,1024,414,179
INS,5085,50850000,1822,884,1165,1289,1009,421,107
INS,5086,50860000,1845,909,1205,1319,983,400,195
INS,5087,50870000,1787,861,1202,1272,997,447,117
INS,5088,50880000,1779,872,1215,1300,1028,410,172
INS,5089,50890000,1762,926,1264,1300,1033,389,3
INS,5090,50900000,1837,899,1176,1340,966,409,229
INS,5091,50910000,1768,897,1210,1284,966,391,135
INS,5092,50920000,1832,872,1199,1280,1023,435,21
INS,5093,50930000,1788,897,1224,1339,1018,406,69
INS,5094,50940000,1852,884,1256,1307,947,411,71
INS,5095,50950000,1792,885,1169,1301,1021,383,238
INS,5096,50960000,1820,906,1184,1353,1040,409,160
INS,5097,50970000,1806,949,1188,1355,988,387,138
INS,5098,50980000,1831,899,1171,1319,1014,415,131
INS,5099,50990000,1784,925,1233,1328,983,385,137
INS,5100,51000000,1818,886,1221,1291,1002,396,130
INS,5101,51010000,1825,894,1205,1274,988,399,118
INS,5102,51020000,1772,924,1197,1319,974,351,87
INS,5103,51030000,1810,892,1180,1312,1037,440,238
INS,5104,51040000,1804,879,1196,1295,1017,422,197
INS,5105,51050000,1765,938,1206,1330,925,415,180
INS,5106,51060000,1757,945,1161,1260,1041,405,187
INS,5107,51070000,1842,933,1177,1291,1013,378,13
INS,5108,51080000,1803,883,1195,1297,965,368,163
INS,5109,51090000,1785,910,1219,1307,961,346,197
INS,5110,51100000,1830,915,1177,1280,989,374,251
INS,5111,51110000,1807,918,1193,1345,1007,383,100
INS,5112,51120000,1812,900,1192,1386,1002,383,139
INS,5113,51130000,1785,908,1215,1283,981,398,51
INS,5114,51140000,1789,946,1240,1280,1019,378,150
INS,5115,51150000,1820,878,1162,1294,989,391,49
INS,5116,51160000,1774,921,1225,1281,1016,393,142
INS,5117,51170000,1811,905,1185,1353,965,450,218
INS,5118,51180000,1817,938,1200,1314,1026,358,219
INS,5119,51190000,1830,891,1185,1345,1004,390,228
INS,5120,51200000,1773,910,1207,1358,984,435,11
INS,5121,51210000,1816,925,1150,1303,1016,406,233
INS,5122,51220000,1814,873,1215,1320,975,415,246
INS,5123,51230000,1791,920,1171,1355,963,377,228
INS,5124,51240000,1766,922,1157,1264,995,376,148
INS,5125,51250000,1779,920,1192,1304,977,420,21
INS,5126,51260000,1836,918,1215,1335,1022,393,165
INS,5127,51270000,1815,900,1214,1313,1023,394,122
INS,5128,51280000,1831,937,1220,1254,1060,388,170
INS,5129,51290000,1773,893,1172,1322,1007,413,77
INS,5130,51300000,1809,889,1202,1339,1008,371,132
INS,5131,51310000,1780,900,1213,1280,1003,390,97
INS,5132,51320000,1735,912,1185,1322,1029,400,131
INS,5133,51330000,1843,884,1195,1273,966,402,128
INS,5134,51340000,1843,927,1225,1328,1072,412,133
INS,5135,51350000,1846,931,1186,1288,1034,382,10
INS,5136,51360000,1794,937,1199,1336,979,388,249
INS,5137,51370000,1808,914,1249,1313,1024,384,69
INS,5138,51380000,1818,912,1175,1274,1003,399,231
INS,5139,51390000,1779,894,1217,1257,974,357,145
INS,5140,51400000,1825,862,1169,1290,1059,428,61
INS,5141,51410000,1774,858,1171,1324,1007,415,250
INS,5142,51420000,1779,892,1248,1301,998,399,79
INS,5143,51430000,1777,913,1204,1277,1013,379,42
INS,5144,51440000,1784,890,1216,1272,974,406,38
INS,5145,51450000,1813,895,1206,1287,941,369,24
INS,5146,51460000,1810,854,1195,1312,1025,393,119
INS,5147,51470000,1818,931,1190,1257,1016,397,156
INS,5148,51480000,1777,875,1184,1280,953,400,33
INS,5149,51490000,1797,918,1177,1313,1005,435,226
INS,5150,51500000,1777,903,1259,1302,987,381,207
INS,5151,51510000,1773,897,1217,1296,995,399,192
INS,5152,51520000,1802,911,1190,1291,1004,399,229
INS,5153,51530000,1857,916,1172,1296,1013,414,61
INS,5154,51540000,1787,918,1200,1319,1027,436,97
INS,5155,51550000,1834,874,1182,1304,992,386,255
INS,5156,51560000,1820,890,1194,1321,990,378,37
INS,5157,51570000,1871,896,1179,1288,982,392,69
INS,5158,51580000,1782,881,1170,1300,969,393,229
INS,5159,51590000,1817,871,1209,1307,986,359,44
INS,5160,51600000,1827,887,1197,1258,946,463,90
INS,5161,51610000,1836,935,1239,1322,1017,381,3
INS,5162,51620000,1806,911,1190,1268,981,435,137
INS,5163,51630000,1756,924,1211,1329,980,406,169
INS,5164,51640000,1796,928,1200,1338,1032,362,236
INS,5165,51650000,1798,907,1196,1337,1025,396,0
INS,5166,51660000,1795,887,1161,1282,1003,413,155
INS,5167,51670000,1816,902,1228,1271,1003,423,18
INS,5168,51680000,1820,879,1212,1308,967,390,224
INS,5169,51690000,1796,886,1193,1319,987,423,13
INS,5170,51700000,1756,907,1131,1301,1022,453,252
INS,5171,51710000,1780,886,1194,1325,1018,411,57
INS,5172,51720000,1820,935,1179,1342,998,420,154
INS,5173,51730000,1793,869,1219,1299,996,419,72
INS,5174,51740000,1844,915,1206,1315,996,358,128
INS,5175,51750000,1780,953,1188,1293,946,455,126
INS,5176,51760000,1775,894,1147,1274,999,422,39
INS,5177,51770000,1822,885,1172,1302,1027,364,117
INS,5178,51780000,1808,880,1177,1344,1023,359,153
INS,5179,51790000,1801,907,1210,1278,970,439,184
INS,5180,51800000,1839,888,1235,1305,1002,429,38
INS,5181,51810000,1740,935,1189,1285,990,370,122
INS,5182,51820000,1771,893,1208,1258,965,372,97
INS,5183,51830000,1764,886,1208,1285,983,391,164
INS,5184,51840000,1767,906,1211,1290,1005,340,183
INS,5185,51850000,1793,907,1230,1320,971,403,49
INS,5186,51860000,1825,928,1242,1291,1007,407,142
INS,5187,51870000,1779,905,1202,1240,995,416,252
INS,5188,51880000,1809,927,1199,1297,1017,442,167
INS,5189,51890000,1759,936,1207,1319,1008,396,118
INS,5190,51900000,1797,918,1219,1290,973,447,154
INS,5191,51910000,1765,890,1196,1286,990,400,54
INS,5192,51920000,1805,949,1206,1320,977,419,220
INS,5193,51930000,1864,881,1202,1300,999,393,200
INS,5194,51940000,1867,907,1188,1328,1040,383,35
INS,5195,51950000,1820,879,1205,1309,978,399,185
INS,5196,51960000,1779,922,1177,1284,1045,390,209
INS,5197,51970000,1794,923,1217,1338,980,429,54
INS,5198,51980000,1764,874,1194,1288,1009,387,162
INS,5199,51990000,1866,880,1230,1326,953,402,64
INS,5200,52000000,1824,903,1209,1333,966,368,27
INS,5201,52010000,1769,906,1184,1292,1004,411,7
INS,5202,52020000,1819,888,1217,1288,1001,445,116
INS,5203,52030000,1839,864,1245,1250,1036,380,89
INS,5204,52040000,1802,905,1172,1256,1031,411,69
INS,5205,52050000,1810,895,1184,1262,1000,395,55
INS,5206,52060000,1792,890,1160,1300,968,391,27
INS,5207,52070000,1786,906,1260,1284,1022,375,176
INS,5208,52080000,1843,872,1144,1317,977,401,114
INS,5209,52090000,1814,876,1215,1318,968,460,228
INS,5210,52100000,1817,903,1170,1312,1039,359,194
INS,5211,52110000,1794,932,1158,1313,1004,422,234
INS,5212,52120000,1843,917,1205,1320,1022,465,144
INS,5213,52130000,1798,890,1200,1287,996,423,239
INS,5214,52140000,1832,862,1241,1310,982,428,61
INS,5215,52150000,1810,924,1201,1307,1029,378,72
INS,5216,52160000,1814,912,1182,1327,1015,413,103
INS,5217,52170000,1771,891,1194,1301,1035,398,47
INS,5218,52180000,1809,876,1239,1291,971,403,63
INS,5219,52190000,1852,892,1211,1275,1007,417,145
INS,5220,52200000,1780,903,1223,1316,1010,399,139
INS,5221,52210000,1791,926,1215,1288,1003,422,170
INS,5222,52220000,1789,907,1216,1264,992,422,132
INS,5223,52230000,1815,933,1187,1270,1005,391,160
INS,5224,52240000,1773,918,1197,1273,1049,411,197
INS,5225,52250000,1833,927,1165,1267,1040,386,211
INS,5226,52260000,1786,927,1217,1284,1013,393,230
INS,5227,52270000,1785,888,1191,1292,986,414,183
INS,5228,52280000,1812,873,1165,1306,979,382,161
INS,5229,52290000,1789,874,1234,1286,985,356,185
INS,5230,52300000,1805,956,1222,1273,1020,372,70
INS,5231,52310000,1811,907,1165,1275,985,392,230
INS,5232,52320000,1784,883,1222,1313,982,384,24
INS,5233,52330000,1764,903,1192,1277,990,409,8
INS,5234,52340000,1821,925,1228,1271,1015,410,160
INS,5235,52350000,1789,875,1197,1230,1001,457,56
INS,5236,52360000,1787,860,1209,1309,980,423,92
INS,5237,52370000,1807,898,1193,1288,974,379,80
INS,5238,52380000,1817,870,1181,1269,1007,362,64
INS,5239,52390000,1743,902,1256,1285,999,356,116
INS,5240,52400000,1818,895,1216,1279,1013,370,183
INS,5241,52410000,1775,883,1208,1334,1005,440,254
INS,5242,52420000,1760,910,1190,1287,1022,413,208
INS,5243,52430000,1790,878,1196,1274,983,402,166
INS,5244,52440000,1803,918,1173,1300,970,427,251
INS,5245,52450000,1772,914,1190,1302,1025,392,16
INS,5246,52460000,1770,942,1189,1285,951,422,253
INS,5247,52470000,1812,928,1197,1321,1009,395,117
INS,5248,52480000,1787,927,1185,1305,980,413,69
INS,5249,52490000,1792,930,1218,1332,945,435,141
INS,5250,52500000,1789,956,1168,1292,1026,388,125
INS,5251,52510000,1810,927,1209,1335,1039,367,210
INS,5252,52520000,1745,915,1198,1315,1025,370,108
INS,5253,52530000,1806,895,1182,1331,976,394,141
INS,5254,52540000,1789,907,1181,1302,1008,404,165
INS,5255,52550000,1814,866,1211,1255,993,430,160
INS,5256,52560000,1811,931,1151,1266,974,395,136
INS,5257,52570000,1811,923,1165,1288,1038,342,192
INS,5258,52580000,1784,870,1184,1341,985,376,182
INS,5259,52590000,1835,889,1186,1300,1029,387,29
INS,5260,52600000,1820,883,1222,1287,1014,393,39
INS,5261,52610000,1808,850,1224,1298,1005,396,18
INS,5262,52620000,1821,912,1162,1302,1004,428,83
INS,5263,52630000,1776,915,1183,1265,999,427,36
INS,5264,52640000,1805,873,1187,1309,1028,381,71
INS,5265,52650000,1804,904,1214,1307,1002,387,123
INS,5266,52660000,1797,885,1233,1275,1036,419,167
INS,5267,52670000,1771,928,1179,1321,1007,403,148
INS,5268,52680000,1803,912,1158,1329,987,368,113
INS,5269,52690000,1796,906,1219,1301,1020,414,229
INS,5270,52700000,1781,935,1205,1287,960,414,172
INS,5271,52710000,1834,913,1212,1337,1003,393,43
INS,5272,52720000,1825,908,1188,1323,1037,381,30
INS,5273,52730000,1781,922,1246,1306,983,399,22
INS,5274,52740000,1769,876,1190,1284,998,435,210
INS,5275,52750000,1789,897,1216,1287,980,385,229
INS,5276,52760000,1812,899,1219,1279,990,421,56
INS,5277,52770000,1755,870,1186,1257,1011,374,162
INS,5278,52780000,1796,901,1222,1274,984,433,80
INS,5279,52790000,1760,898,1238,1333,1007,391,114
INS,5280,52800000,1789,925,1229,1280,988,412,127
INS,5281,52810000,1819,901,1188,1299,957,394,79
INS,5282,52820000,1827,932,1228,1300,998,412,235
INS,5283,52830000,1819,904,1232,1312,962,417,201
INS,5284,52840000,1777,893,1206,1281,1035,397,161
INS,5285,52850000,1819,894,1250,1352,1016,398,62
INS,5286,52860000,1810,879,1194,1295,1048,415,247
INS,5287,52870000,1794,886,1225,1301,973,357,159
INS,5288,52880000,1805,924,1219,1321,1028,451,132
INS,5289,52890000,1812,894,1210,1283,1015,402,17
INS,5290,52900000,1793,844,1192,1305,971,432,211
INS,5291,52910000,1793,949,1183,1313,986,392,51
INS,5292,52920000,1756,865,1235,1343,958,383,248
INS,5293,52930000,1817,922,1202,1281,1002,427,120
INS,5294,52940000,1816,900,1204,1329,998,397,130
INS,5295,52950000,1786,869,1194,1294,960,352,214
INS,5296,52960000,1779,906,1165,1271,960,429,30
INS,5297,52970000,1812,924,1193,1300,1023,459,248
INS,5298,52980000,1809,917,1174,1328,964,399,145
INS,5299,52990000,1788,882,1187,1269,1008,429,134
INS,5300,53000000,1834,900,1234,1310,1006,377,249
INS,5301,53010000,1832,888,1195,1278,991,397,186
INS,5302,53020000,1797,888,1226,1254,1005,437,229
INS,5303,53030000,1775,843,1194,1274,1010,415,150
INS,5304,53040000,1811,907,1190,1315,980,456,59
INS,5305,53050000,1734,915,1200,1313,980,383,198
INS,5306,53060000,1840,910,1206,1244,1022,422,78
INS,5307,53070000,1798,894,1205,1310,971,433,62
INS,5308,53080000,1779,926,1198,1319,940,376,6
INS,5309,53090000,1814,927,1188,1293,971,411,89
INS,5310,53100000,1811,908,1157,1317,977,391,63
INS,5311,53110000,1841,880,1163,1298,1013,403,117
INS,5312,53120000,1824,862,1198,1264,956,378,18
INS,5313,53130000,1787,875,1180,1289,1025,404,113
INS,5314,53140000,1817,890,1218,1330,1009,437,15
INS,5315,53150000,1742,899,1140,1282,967,418,35
INS,5316,53160000,1785,956,1187,1277,963,374,146
INS,5317,53170000,1812,879,1199,1328,994,387,220
INS,5318,53180000,1825,956,1214,1301,990,425,93
INS,5319,53190000,1813,893,1191,1318,1005,386,5
INS,5320,53200000,1785,900,1187,1278,1025,410,1
INS,5321,53210000,1857,921,1148,1312,992,420,83
INS,5322,53220000,1771,849,1162,1289,970,363,110
INS,5323,53230000,1806,924,1197,1303,1021,373,91
INS,5324,53240000,1803,873,1143,1294,1011,430,38
INS,5325,53250000,1822,927,1193,1286,950,403,82
INS,5326,53260000,1763,902,1158,1298,1017,389,45
INS,5327,53270000,1771,881,1215,1265,1008,404,79
INS,5328,53280000,1768,954,1164,1304,1015,426,183
INS,5329,53290000,1802,865,1194,1262,1014,401,107
INS,5330,53300000,1791,922,1192,1274,978,408,151
INS,5331,53310000,1779,925,1177,1324,1020,406,234
INS,5332,53320000,1817,890,1175,1280,1010,412,204
INS,5333,53330000,1823,916,1239,1259,1020,439,77
INS,5334,53340000,1764,845,1193,1272,1034,389,151
INS,5335,53350000,1812,923,1190,1376,959,400,75
INS,5336,53360000,1783,900,1232,1295,984,326,208
INS,5337,53370000,1823,912,1237,1264,1048,423,156
INS,5338,53380000,1815,918,1234,1321,973,377,104
INS,5339,53390000,1767,888,1225,1275,980,383,1
INS,5340,53400000,1764,891,1256,1268,980,358,17
INS,5341,53410000,1816,906,1190,1286,1013,429,157
INS,5342,53420000,1780,896,1240,1264,991,395,100
INS,5343,53430000,1793,908,1215,1307,978,437,189
INS,5344,53440000,1771,876,1202,1324,1014,391,146
INS,5345,53450000,1801,857,1231,1280,981,438,173
INS,5346,53460000,1812,899,1175,1305,1008,411,212
INS,5347,53470000,1786,882,1198,1261,998,426,170
INS,5348,53480000,1813,870,1196,1277,994,390,176
INS,5349,53490000,1791,904,1179,1335,1013,360,235
INS,5350,53500000,1754,898,1184,1302,1014,365,187
INS,5351,53510000,1784,915,1172,1292,967,345,162
INS,5352,53520000,1805,885,1240,1354,1036,372,140
INS,5353,53530000,1808,897,1195,1322,972,423,82
INS,5354,53540000,1792,866,1195,1333,1031,375,74
INS,5355,53550000,1836,909,1183,1328,1016,380,151
INS,5356,53560000,1821,887,1218,1322,979,436,179
INS,5357,53570000,1778,890,1204,1274,991,392,62
INS,5358,53580000,1828,901,1216,1307,1009,423,234
INS,5359,53590000,1811,912,1210,1297,1045,401,243
INS,5360,53600000,1832,890,1150,1282,982,426,146
INS,5361,53610000,1795,920,1230,1295,1031,431,47
INS,5362,53620000,1798,867,1204,1293,973,414,167
INS,5363,53630000,1790,903,1189,1285,988,403,193
INS,5364,53640000,1815,932,1233,1268,974,426,44
INS,5365,53650000,1800,890,1181,1323,976,394,233
INS,5366,53660000,1772,898,1152,1305,1003,345,161
INS,5367,53670000,1810,928,1204,1235,1026,400,50
INS,5368,53680000,1842,879,1203,1291,992,398,69
INS,5369,53690000,1794,895,1200,1290,964,395,19
INS,5370,53700000,1785,906,1172,1272,988,410,31
INS,5371,53710000,1808,922,1144,1325,999,369,82
INS,5372,53720000,1759,858,1174,1253,986,391,209
INS,5373,53730000,1802,875,1185,1316,998,404,129
INS,5374,53740000,1813,932,1218,1324,1011,383,247
INS,5375,53750000,1763,908,1235,1309,1034,406,238
INS,5376,53760000,1810,902,1160,1309,1051,363,195
INS,5377,53770000,1766,910,1216,1313,997,386,205
INS,5378,53780000,1753,902,1209,1281,997,400,176
INS,5379,53790000,1807,901,1236,1258,1002,436,35
INS,5380,53800000,1803,886,1218,1251,978,439,243
INS,5381,53810000,1842,871,1220,1313,968,409,52
INS,5382,53820000,1836,928,1178,1331,966,389,74
INS,5383,53830000,1740,945,1202,1342,1004,395,91
INS,5384,53840000,1819,878,1189,1306,973,358,3
INS,5385,53850000,1771,894,1178,1300,1031,403,74
INS,5386,53860000,1783,870,1191,1327,1011,395,91
INS,5387,53870000,1825,900,1207,1320,1035,407,225
INS,5388,53880000,1818,863,1194,1296,1001,396,116
INS,5389,53890000,1824,889,1199,1275,982,433,167
INS,5390,53900000,1843,905,1208,1286,1032,403,3
INS,5391,53910000,1782,964,1184,1325,983,402,239
INS,5392,53920000,1799,881,1192,1312,986,411,197
INS,5393,53930000,1761,898,1140,1299,983,365,79
INS,5394,53940000,1800,918,1189,1317,975,416,9
INS,5395,53950000,1795,910,1204,1345,986,423,74
INS,5396,53960000,1769,918,1181,1331,973,352,208
INS,5397,53970000,1797,918,1170,1303,965,393,247
INS,5398,53980000,1781,879,1189,1298,1027,363,255
INS,5399,53990000,1768,895,1207,1243,987,397,232
INS,5400,54000000,1825,920,1196,1314,1025,331,107
INS,5401,54010000,1778,885,1191,1278,965,403,13
INS,5402,54020000,1789,910,1183,1318,998,375,103
INS,5403,54030000,1792,918,1182,1311,1009,417,176
INS,5404,54040000,1808,875,1137,1391,1020,399,194
INS,5405,54050000,1769,913,1229,1337,1028,392,249
INS,5406,54060000,1784,913,1175,1278,971,385,104
INS,5407,54070000,1772,932,1156,1338,1028,407,248
INS,5408,54080000,1756,950,1213,1329,991,430,45
INS,5409,54090000,1802,908,1158,1267,1016,421,221
INS,5410,54100000,1787,915,1208,1272,1025,428,45
INS,5411,54110000,1787,873,1199,1323,1017,404,30
INS,5412,54120000,1781,929,1206,1319,1019,448,146
INS,5413,54130000,1853,903,1187,1276,1011,405,96
INS,5414,54140000,1822,855,1231,1302,1009,392,89
INS,5415,54150000,1803,900,1195,1319,1027,392,131
INS,5416,54160000,1793,902,1250,1287,970,357,71
INS,5417,54170000,1803,893,1198,1319,1074,350,166
INS,5418,54180000,1800,909,1210,1292,998,423,178
INS,5419,54190000,1807,898,1176,1322,1021,417,204
INS,5420,54200000,1767,874,1175,1291,1025,365,77
INS,5421,54210000,1797,905,1168,1292,1032,394,185
INS,5422,54220000,1753,912,1184,1304,991,399,157
INS,5423,54230000,1820,900,1162,1317,1006,443,23
INS,5424,54240000,1799,863,1182,1331,1015,364,202
INS,5425,54250000,1745,855,1208,1320,1021,397,211
INS,5426,54260000,1783,917,1224,1242,984,396,228
INS,5427,54270000,1804,916,1217,1327,978,437,122
INS,5428,54280000,1793,910,1202,1305,1052,348,70
INS,5429,54290000,1804,888,1199,1303,1002,383,56
INS,5430,54300000,1787,879,1201,1329,974,406,70
INS,5431,54310000,1818,925,1228,1307,995,392,176
INS,5432,54320000,1821,908,1195,1317,998,415,182
INS,5433,54330000,1798,914,1232,1315,1012,408,224
INS,5434,54340000,1804,850,1204,1313,1033,349,115
INS,5435,54350000,1779,915,1234,1284,1017,412,220
INS,5436,54360000,1735,870,1183,1236,999,392,11
INS,5437,54370000,1812,890,1188,1310,985,398,196
INS,5438,54380000,1806,878,1180,1266,968,402,130
INS,5439,54390000,1812,898,1205,1314,1012,425,57
INS,5440,54400000,1751,896,1158,1273,975,397,114
INS,5441,54410000,1824,912,1190,1305,996,409,61
INS,5442,54420000,1798,872,1208,1299,1011,421,51
INS,5443,54430000,1841,903,1246,1362,1034,404,249
INS,5444,54440000,1793,880,1210,1290,953,412,14
INS,5445,54450000,1790,890,1220,1331,974,400,98
INS,5446,54460000,1806,884,1217,1299,992,445,153
INS,5447,54470000,1800,923,1234,1324,989,376,173
INS,5448,54480000,1758,914,1194,1312,1031,421,174
INS,5449,54490000,1796,892,1222,1310,1020,367,168
INS,5450,54500000,1768,882,1174,1282,983,383,50
INS,5451,54510000,1803,891,1202,1287,990,395,163
INS,5452,54520000,1811,892,1172,1292,987,388,154
INS,5453,54530000,1781,881,1192,1258,963,449,153
INS,5454,54540000,1775,922,1212,1319,1004,360,238
INS,5455,54550000,1822,863,1187,1351,1026,396,52
INS,5456,54560000,1785,902,1203,1303,982,385,240
INS,5457,54570000,1820,872,1176,1298,961,409,233
INS,5458,54580000,1789,928,1196,1286,1005,385,47
INS,5459,54590000,1766,873,1203,1305,1009,431,62
INS,5460,54600000,1824,934,1133,1280,979,418,60
INS,5461,54610000,1808,883,1216,1284,1026,342,68
INS,5462,54620000,1805,929,1217,1305,934,401,117
INS,5463,54630000,1797,920,1216,1283,1030,387,176
INS,5464,54640000,1772,908,1207,1307,985,415,154
INS,5465,54650000,1852,819,1186,1291,958,396,79
INS,5466,54660000,1778,837,1178,1294,1039,353,73
INS,5467,54670000,1857,886,1163,1280,947,401,145
INS,5468,54680000,1791,939,1223,1308,987,424,44
INS,5469,54690000,1811,875,1182,1264,1028,349,154
INS,5470,54700000,1773,905,1199,1327,986,384,236
INS,5471,54710000,1839,924,1185,1321,963,389,44
INS,5472,54720000,1782,903,1228,1300,1002,379,34
INS,5473,54730000,1787,908,1202,1315,1022,401,92
INS,5474,54740000,1786,909,1171,1327,1029,445,141
INS,5475,54750000,1736,884,1204,1317,945,392,225
INS,5476,54760000,1759,851,1232,1308,990,402,50
INS,5477,54770000,1789,907,1194,1294,981,423,113
INS,5478,54780000,1755,896,1216,1273,985,437,104
INS,5479,54790000,1772,893,1196,1283,995,473,171
INS,5480,54800000,1842,908,1181,1323,1009,406,245
INS,5481,54810000,1802,890,1240,1324,1027,382,2
INS,5482,54820000,1780,909,1241,1315,1012,395,6
INS,5483,54830000,1817,908,1226,1332,1051,439,144
INS,5484,54840000,1775,911,1186,1323,1009,400,248
INS,5485,54850000,1787,883,1197,1344,1002,394,12
INS,5486,54860000,1831,916,1190,1294,970,398,21
INS,5487,54870000,1847,912,1225,1314,1007,418,162
INS,5488,54880000,1815,919,1149,1308,1018,410,75
INS,5489,54890000,1780,938,1204,1281,989,409,74
INS,5490,54900000,1822,894,1171,1282,965,407,31
INS,5491,54910000,1797,938,1221,1268,976,426,133
INS,5492,54920000,1810,885,1192,1271,980,404,66
INS,5493,54930000,1790,878,1182,1258,989,427,65
INS,5494,54940000,1794,908,1187,1312,1017,395,171
INS,5495,54950000,1791,908,1198,1269,1005,404,150
INS,5496,54960000,1742,879,1177,1304,1000,400,94
INS,5497,54970000,1826,916,1169,1352,1000,461,77
INS,5498,54980000,1819,913,1177,1325,1017,415,36
INS,5499,54990000,1758,922,1199,1296,1015,413,246
INS,5500,55000000,1815,895,1192,1290,1017,400,13
INS,5501,55010000,1790,876,1183,1311,994,402,233
INS,5502,55020000,1813,932,1181,1283,1010,403,60
INS,5503,55030000,1825,928,1185,1301,926,390,10
INS,5504,55040000,1756,917,1267,1289,1008,361,70
INS,5505,55050000,1732,943,1175,1246,983,396,220
INS,5506,55060000,1795,886,1152,1258,982,407,242
INS,5507,55070000,1845,909,1194,1304,1003,422,200
INS,5508,55080000,1820,925,1227,1296,997,395,200
INS,5509,55090000,1795,912,1239,1313,1002,388,206
INS,5510,55100000,1735,874,1217,1281,1040,381,102
INS,5511,55110000,1790,915,1213,1320,1001,371,201
INS,5512,55120000,1802,900,1215,1282,999,416,222
INS,5513,55130000,1834,921,1175,1328,1024,369,20
INS,5514,55140000,1794,872,1196,1320,981,339,144
INS,5515,55150000,1791,937,1143,1296,957,423,206
INS,5516,55160000,1801,867,1220,1270,992,396,222
INS,5517,55170000,1790,882,1209,1315,982,410,25
INS,5518,55180000,1814,940,1147,1344,1038,382,119
INS,5519,55190000,1815,942,1187,1282,1008,416,121
INS,5520,55200000,1825,917,1168,1285,974,383,40
INS,5521,55210000,1788,915,1165,1264,1015,440,92
INS,5522,55220000,1756,869,1182,1254,964,411,214
INS,5523,55230000,1790,917,1192,1306,1005,440,189
INS,5524,55240000,1804,900,1163,1301,1011,380,115
INS,5525,55250000,1845,868,1214,1280,1021,413,214
INS,5526,55260000,1790,903,1227,1275,1002,419,206
INS,5527,55270000,1789,840,1191,1319,1012,406,164
INS,5528,55280000,1825,897,1176,1326,998,370,216
INS,5529,55290000,1826,931,1174,1306,1007,403,32
INS,5530,55300000,1795,892,1231,1279,969,440,8
INS,5531,55310000,1807,964,1175,1269,1040,368,42
INS,5532,55320000,1765,916,1243,1271,987,386,4
INS,5533,55330000,1814,945,1217,1282,1023,430,164
INS,5534,55340000,1796,880,1213,1281,1000,396,36
INS,5535,55350000,1787,908,1199,1291,1046,396,114
INS,5536,55360000,1811,871,1199,1289,985,426,85
INS,5537,55370000,1787,894,1231,1319,1002,418,172
INS,5538,55380000,1766,877,1198,1263,979,439,60
INS,5539,55390000,1816,914,1203,1291,1010,399,188
INS,5540,55400000,1789,924,1196,1362,1033,409,29
INS,5541,55410000,1815,938,1221,1298,990,421,16
INS,5542,55420000,1802,921,1223,1295,1015,361,223
INS,5543,55430000,1781,900,1197,1315,985,415,216
INS,5544,55440000,1754,889,1242,1257,1027,411,220
INS,5545,55450000,1781,898,1270,1259,980,412,1
INS,5546,55460000,1854,919,1214,1275,1009,443,132
INS,5547,55470000,1776,863,1195,1315,975,384,199
INS,5548,55480000,1817,875,1197,1304,995,423,63
INS,5549,55490000,1815,894,1214,1309,979,372,52
INS,5550,55500000,1803,861,1173,1261,1002,383,225
INS,5551,55510000,1769,882,1204,1249,978,368,209
INS,5552,55520000,1842,880,1162,1309,1000,323,36
INS,5553,55530000,1806,910,1236,1394,1010,371,8
INS,5554,55540000,1832,884,1193,1323,976,408,170
INS,5555,55550000,1835,925,1196,1298,997,400,222
INS,5556,55560000,1777,899,1273,1289,975,400,201
INS,5557,55570000,1758,924,1191,1285,996,366,125
INS,5558,55580000,1804,892,1194,1320,1001,373,206
INS,5559,55590000,1763,883,1188,1252,961,416,102
INS,5560,55600000,1809,899,1179,1334,918,427,222
INS,5561,55610000,1825,896,1161,1304,1011,390,4
INS,5562,55620000,1826,864,1204,1303,977,404,12
INS,5563,55630000,1824,910,1218,1338,1032,460,233
INS,5564,55640000,1772,870,1198,1274,1025,413,20
INS,5565,55650000,1835,887,1209,1341,982,393,132
INS,5566,55660000,1766,923,1226,1318,1011,415,161
INS,5567,55670000,1763,873,1215,1280,982,345,233
INS,5568,55680000,1805,844,1209,1317,986,423,120
INS,5569,55690000,1826,928,1200,1286,1016,415,224
INS,5570,55700000,1802,923,1153,1291,999,392,130
INS,5571,55710000,1796,920,1146,1290,986,420,145
INS,5572,55720000,1818,902,1173,1319,1031,377,224
INS,5573,55730000,1814,944,1227,1239,983,401,229
INS,5574,55740000,1790,902,1162,1332,972,400,196
INS,5575,55750000,1762,886,1251,1332,1027,422,79
INS,5576,55760000,1770,941,1186,1266,1026,402,7
INS,5577,55770000,1786,889,1206,1310,1028,400,52
INS,5578,55780000,1816,922,1192,1334,976,406,96
INS,5579,55790000,1804,889,1169,1264,971,376,196
INS,5580,55800000,1774,895,1248,1304,1009,407,121
INS,5581,55810000,1817,911,1178,1330,977,423,137
INS,5582,55820000,1802,895,1234,1289,1035,408,181
INS,5583,55830000,1824,878,1199,1283,1021,408,148
INS,5584,55840000,1799,888,1199,1317,978,408,141
INS,5585,55850000,1775,904,1188,1293,997,346,72
INS,5586,55860000,1800,909,1194,1335,1036,414,18
INS,5587,55870000,1800,890,1227,1296,987,409,212
INS,5588,55880000,1846,873,1160,1272,962,391,124
INS,5589,55890000,1799,908,1173,1276,984,397,174
INS,5590,55900000,1800,898,1190,1253,983,422,200
INS,5591,55910000,1742,923,1205,1326,981,369,217
INS,5592,55920000,1774,930,1205,1345,996,376,58
INS,5593,55930000,1802,867,1154,1281,952,394,155
INS,5594,55940000,1790,929,1208,1305,985,376,59
INS,5595,55950000,1824,928,1230,1266,993,422,146
INS,5596,55960000,1821,887,1208,1321,997,417,151
INS,5597,55970000,1815,911,1182,1334,1016,426,201
INS,5598,55980000,1781,885,1192,1318,1011,416,137
INS,5599,55990000,1788,963,1230,1270,979,435,216
INS,5600,56000000,1788,906,1187,1270,968,371,58
INS,5601,56010000,1754,944,1162,1313,1026,400,184
INS,5602,56020000,1837,922,1205,1308,1015,418,51
INS,5603,56030000,1770,930,1194,1308,980,390,191
INS,5604,56040000,1787,852,1173,1273,954,400,75
INS,5605,56050000,1754,937,1208,1317,1031,419,63
INS,5606,56060000,1750,889,1226,1303,993,393,224
INS,5607,56070000,1803,943,1205,1334,946,376,38
INS,5608,56080000,1811,901,1246,1345,995,406,152
INS,5609,56090000,1823,930,1194,1295,1052,386,145
INS,5610,56100000,1870,858,1201,1314,991,412,128
INS,5611,56110000,1758,910,1232,1298,1018,412,127
INS,5612,56120000,1807,934,1188,1310,992,378,125
INS,5613,56130000,1759,913,1227,1276,1015,394,117
INS,5614,56140000,1807,892,1198,1298,984,386,115
INS,5615,56150000,1711,935,1204,1310,1012,411,150
INS,5616,56160000,1749,915,1210,1302,997,402,159
INS,5617,56170000,1768,912,1208,1274,1009,381,153
INS,5618,56180000,1847,876,1236,1284,981,406,248
INS,5619,56190000,1772,894,1214,1292,1004,376,187
INS,5620,56200000,1780,912,1203,1332,967,390,236
INS,5621,56210000,1792,902,1268,1310,997,352,34
INS,5622,56220000,1802,901,1157,1264,999,406,215
INS,5623,56230000,1782,911,1230,1312,1052,389,123
INS,5624,56240000,1834,896,1228,1283,1060,403,168
INS,5625,56250000,1805,885,1217,1309,986,381,64
INS,5626,56260000,1829,884,1212,1278,1000,400,101
INS,5627,56270000,1795,888,1165,1301,976,430,70
INS,5628,56280000,1815,909,1177,1325,960,415,133
INS,5629,56290000,1842,890,1219,1270,1001,411,182
INS,5630,56300000,1798,937,1206,1323,981,412,223
INS,5631,56310000,1826,915,1199,1255,975,380,133
INS,5632,56320000,1817,891,1207,1321,976,375,187
INS,5633,56330000,1854,904,1213,1321,1016,392,61
INS,5634,56340000,1813,880,1199,1283,961,423,193
INS,5635,56350000,1769,924,1262,1282,1036,407,75
INS,5636,56360000,1787,872,1206,1331,977,398,239
INS,5637,56370000,1840,921,1224,1291,1014,419,138
INS,5638,56380000,1774,898,1194,1321,1014,359,6
INS,5639,56390000,1801,924,1227,1313,982,416,126
INS,5640,56400000,1746,914,1215,1308,1035,383,81
INS,5641,56410000,1791,911,1205,1295,989,427,115
INS,5642,56420000,1757,910,1168,1262,989,441,41
INS,5643,56430000,1796,890,1190,1344,1024,408,183
INS,5644,56440000,1803,876,1194,1298,1016,414,149
INS,5645,56450000,1808,947,1232,1275,1002,403,232
INS,5646,56460000,1758,852,1197,1269,1017,391,66
INS,5647,56470000,1760,929,1212,1340,994,425,3
INS,5648,56480000,1808,882,1223,1298,1050,433,54
INS,5649,56490000,1780,933,1196,1284,977,359,162
INS,5650,56500000,1805,857,1160,1329,994,408,203
INS,5651,56510000,1818,943,1205,1286,1002,361,26
INS,5652,56520000,1824,926,1205,1289,1046,394,112
INS,5653,56530000,1807,933,1196,1326,1008,389,104
INS,5654,56540000,1802,920,1193,1328,1012,446,163
INS,5655,56550000,1792,897,1199,1336,969,417,89
INS,5656,56560000,1806,873,1198,1279,995,425,72
INS,5657,56570000,1783,918,1201,1281,967,359,22
INS,5658,56580000,1772,906,1209,1262,1042,344,65
INS,5659,56590000,1774,959,1204,1302,1024,408,218
INS,5660,56600000,1778,879,1204,1275,992,375,67
INS,5661,56610000,1754,870,1195,1313,1000,383,96
INS,5662,56620000,1827,889,1229,1279,1004,398,224
INS,5663,56630000,1788,902,1173,1275,983,420,156
INS,5664,56640000,1842,856,1219,1313,995,396,253
INS,5665,56650000,1808,890,1199,1275,1003,390,214
INS,5666,56660000,1808,888,1151,1322,1030,381,246
INS,5667,56670000,1781,898,1148,1280,968,393,151
INS,5668,56680000,1767,948,1186,1323,994,387,49
INS,5669,56690000,1813,894,1191,1291,941,387,234
INS,5670,56700000,1782,893,1203,1302,966,440,64
INS,5671,56710000,1790,852,1241,1326,979,383,66
INS,5672,56720000,1870,904,1193,1328,957,372,136
INS,5673,56730000,1829,957,1240,1310,1001,368,234
INS,5674,56740000,1795,871,1188,1292,1005,385,82
INS,5675,56750000,1817,847,1135,1298,984,424,68
INS,5676,56760000,1750,860,1202,1295,966,396,49
INS,5677,56770000,1857,882,1163,1219,1010,407,135
INS,5678,56780000,1770,903,1226,1340,975,396,224
INS,5679,56790000,1793,866,1178,1284,1030,410,192
INS,5680,56800000,1807,944,1246,1339,1010,420,158
INS,5681,56810000,1771,900,1175,1325,951,413,200
INS,5682,56820000,1771,878,1196,1301,961,406,195
INS,5683,56830000,1802,870,1164,1304,993,435,11
INS,5684,56840000,1779,869,1203,1245,1000,433,245
INS,5685,56850000,1823,882,1185,1302,994,406,69
INS,5686,56860000,1797,950,1190,1278,978,397,84
INS,5687,56870000,1786,871,1230,1269,1002,351,20
INS,5688,56880000,1776,875,1203,1321,1017,386,106
INS,5689,56890000,1837,921,1225,1265,1007,400,200
INS,5690,56900000,1804,868,1206,1299,1001,399,139
INS,5691,56910000,1801,923,1162,1280,1012,414,171
INS,5692,56920000,1770,866,1167,1311,953,402,65
INS,5693,56930000,1810,902,1195,1308,1011,388,227
INS,5694,56940000,1805,873,1243,1279,1076,418,68
INS,5695,56950000,1776,870,1209,1275,1001,355,133
INS,5696,56960000,1779,918,1186,1308,1016,369,240
INS,5697,56970000,1789,903,1188,1281,1010,418,14
INS,5698,56980000,1762,903,1171,1278,1006,413,231
INS,5699,56990000,1774,898,1248,1287,1032,393,91
INS,5700,57000000,1788,908,1173,1289,1037,418,89
INS,5701,57010000,1796,890,1233,1277,961,354,4
INS,5702,57020000,1822,865,1208,1315,1020,403,143
INS,5703,57030000,1799,934,1171,1298,1015,396,140
INS,5704,57040000,1835,896,1229,1328,1015,397,244
INS,5705,57050000,1827,904,1169,1320,1050,400,231
INS,5706,57060000,1821,935,1201,1313,1040,389,21
INS,5707,57070000,1796,877,1224,1306,1000,393,191
INS,5708,57080000,1804,860,1211,1284,992,444,207
INS,5709,57090000,1835,899,1231,1282,1033,361,14
INS,5710,57100000,1797,884,1195,1305,999,377,203
INS,5711,57110000,1813,924,1165,1311,1036,381,37
INS,5712,57120000,1789,895,1210,1290,984,379,227
INS,5713,57130000,1829,882,1194,1315,972,403,36
INS,5714,57140000,1828,873,1233,1271,997,405,65
INS,5715,57150000,1807,908,1204,1313,1012,400,119
INS,5716,57160000,1803,906,1169,1301,986,414,71
INS,5717,57170000,1795,896,1200,1289,1000,343,32
INS,5718,57180000,1797,904,1215,1328,981,421,172
INS,5719,57190000,1829,934,1189,1293,1027,371,186
INS,5720,57200000,1795,859,1215,1300,1002,431,162
INS,5721,57210000,1812,938,1207,1327,1031,411,47
INS,5722,57220000,1818,859,1188,1314,1019,380,172
INS,5723,57230000,1812,911,1192,1276,978,385,165
INS,5724,57240000,1794,877,1159,1296,966,421,141
INS,5725,57250000,1782,902,1229,1317,986,354,215
INS,5726,57260000,1793,907,1182,1296,979,417,236
INS,5727,57270000,1799,941,1173,1293,953,448,30
INS,5728,57280000,1781,902,1170,1323,956,388,216
INS,5729,57290000,1814,875,1247,1299,1054,421,167
INS,5730,57300000,1786,851,1217,1314,1008,413,63
INS,5731,57310000,1786,911,1223,1290,1065,416,182
INS,5732,57320000,1831,907,1193,1276,1004,395,114
INS,5733,57330000,1801,933,1200,1334,1038,411,242
INS,5734,57340000,1843,865,1190,1277,1027,390,134
INS,5735,57350000,1812,883,1171,1253,972,405,55
INS,5736,57360000,1784,869,1207,1284,997,368,85
INS,5737,57370000,1813,900,1206,1305,1007,401,225
INS,5738,57380000,1805,857,1175,1324,1000,403,174
INS,5739,57390000,1835,870,1187,1260,1006,385,170
INS,5740,57400000,1828,940,1186,1256,989,448,35
INS,5741,57410000,1773,900,1209,1312,973,342,170
INS,5742,57420000,1834,908,1218,1328,966,407,83
INS,5743,57430000,1843,927,1222,1239,1010,392,72
INS,5744,57440000,1779,916,1225,1252,1000,403,31
INS,5745,57450000,1805,876,1240,1348,1045,408,195
INS,5746,57460000,1807,904,1232,1339,970,384,126
INS,5747,57470000,1831,944,1173,1288,959,442,144
INS,5748,57480000,1811,906,1221,1294,1019,410,185
INS,5749,57490000,1808,921,1210,1297,1010,382,169
INS,5750,57500000,1794,862,1202,1337,1056,393,202
INS,5751,57510000,1760,915,1203,1336,1021,355,165
INS,5752,57520000,1799,946,1174,1266,994,415,186
INS,5753,57530000,1809,906,1214,1349,984,399,14
INS,5754,57540000,1803,907,1167,1300,1013,407,223
INS,5755,57550000,1808,890,1156,1264,1008,418,187
INS,5756,57560000,1791,893,1172,1297,963,399,175
INS,5757,57570000,1800,828,1191,1333,1033,401,7
INS,5758,57580000,1829,880,1173,1253,1004,418,251
INS,5759,57590000,1876,871,1232,1296,1001,401,132
INS,5760,57600000,1768,871,1209,1277,994,432,23
INS,5761,57610000,1805,905,1185,1295,985,407,71
INS,5762,57620000,1786,869,1210,1311,956,351,245
INS,5763,57630000,1847,940,1170,1309,998,416,203
INS,5764,57640000,1824,877,1217,1312,982,449,201
INS,5765,57650000,1777,887,1186,1339,1001,398,145
INS,5766,57660000,1762,905,1213,1295,1032,364,145
INS,5767,57670000,1792,888,1184,1275,998,379,107
INS,5768,57680000,1798,893,1231,1300,992,377,199
INS,5769,57690000,1791,910,1229,1315,1044,387,45
INS,5770,57700000,1795,899,1215,1282,992,401,226
INS,5771,57710000,1785,910,1202,1287,1024,407,18
INS,5772,57720000,1838,907,1265,1281,1046,429,186
INS,5773,57730000,1824,930,1202,1312,1006,409,120
INS,5774,57740000,1810,888,1249,1320,983,363,67
INS,5775,57750000,1851,888,1196,1341,977,378,102
INS,5776,57760000,1836,915,1179,1257,976,405,56
INS,5777,57770000,1795,881,1221,1291,1005,368,66
INS,5778,57780000,1776,872,1201,1372,1021,399,163
INS,5779,57790000,1813,864,1202,1343,1030,383,174
INS,5780,57800000,1812,916,1205,1279,1029,453,250
INS,5781,57810000,1779,917,1210,1285,1037,386,187
INS,5782,57820000,1815,898,1218,1320,1007,386,234
INS,5783,57830000,1808,894,1209,1335,977,377,207
INS,5784,57840000,1787,892,1198,1292,1023,400,216
INS,5785,57850000,1793,900,1223,1302,1028,425,56
INS,5786,57860000,1806,895,1181,1280,983,418,221
INS,5787,57870000,1810,877,1254,1288,992,441,81
INS,5788,57880000,1822,915,1192,1306,994,366,31
INS,5789,57890000,1826,924,1183,1315,978,408,87
INS,5790,57900000,1834,875,1209,1325,1037,412,162
INS,5791,57910000,1794,918,1203,1308,1038,396,144
INS,5792,57920000,1790,856,1210,1269,1001,382,12
INS,5793,57930000,1782,829,1163,1257,1056,371,235
INS,5794,57940000,1748,905,1204,1320,1038,384,137
INS,5795,57950000,1810,919,1223,1332,991,369,199
INS,5796,57960000,1776,884,1175,1330,1021,382,140
INS,5797,57970000,1807,901,1162,1313,1022,435,229
INS,5798,57980000,1788,908,1230,1318,1025,424,43
INS,5799,57990000,1782,899,1207,1319,1027,390,247
INS,5800,58000000,1780,894,1203,1243,1063,377,200
INS,5801,58010000,1749,913,1262,1299,1028,442,94
INS,5802,58020000,1778,923,1232,1352,943,367,13
INS,5803,58030000,1854,909,1175,1274,1005,383,35
INS,5804,58040000,1845,842,1213,1269,981,403,5
INS,5805,58050000,1793,890,1220,1283,988,419,62
INS,5806,58060000,1791,900,1210,1307,1024,394,112
INS,5807,58070000,1820,870,1183,1306,945,407,34
INS,5808,58080000,1807,904,1180,1311,984,417,123
INS,5809,58090000,1778,918,1206,1275,991,382,87
INS,5810,58100000,1831,927,1202,1319,1010,393,236
INS,5811,58110000,1819,925,1148,1308,1001,428,200
INS,5812,58120000,1810,880,1182,1266,995,438,159
INS,5813,58130000,1822,919,1205,1281,995,374,201
INS,5814,58140000,1810,915,1246,1305,995,403,40
INS,5815,58150000,1795,882,1194,1329,1041,336,216
INS,5816,58160000,1847,920,1199,1286,995,393,40
INS,5817,58170000,1847,886,1205,1312,970,426,63
INS,5818,58180000,1761,905,1224,1329,987,426,66
INS,5819,58190000,1806,923,1219,1286,1007,425,117
INS,5820,58200000,1811,882,1191,1333,1013,401,99
INS,5821,58210000,1820,921,1188,1276,983,367,40
INS,5822,58220000,1784,896,1195,1299,1004,418,98
INS,5823,58230000,1778,947,1153,1275,1018,403,93
INS,5824,58240000,1783,885,1242,1269,1001,376,92
INS,5825,58250000,1796,899,1158,1314,992,411,123
INS,5826,58260000,1824,884,1207,1347,1023,373,228
INS,5827,58270000,1808,906,1230,1326,983,359,199
INS,5828,58280000,1807,898,1191,1335,965,382,182
INS,5829,58290000,1786,906,1198,1330,1014,389,244
INS,5830,58300000,1757,909,1243,1317,995,424,27
INS,5831,58310000,1776,889,1178,1344,981,418,241
INS,5832,58320000,1802,861,1202,1330,981,427,19
INS,5833,58330000,1763,902,1185,1274,962,380,155
INS,5834,58340000,1835,897,1237,1290,1005,402,116
INS,5835,58350000,1804,918,1208,1269,1005,408,79
INS,5836,58360000,1812,887,1196,1301,971,400,51
INS,5837,58370000,1847,912,1158,1318,1040,441,217
INS,5838,58380000,1831,874,1195,1249,965,410,42
INS,5839,58390000,1784,937,1203,1313,1023,382,177
INS,5840,58400000,1807,918,1181,1276,1031,445,210
INS,5841,58410000,1820,913,1224,1307,997,378,208
INS,5842,58420000,1808,907,1217,1315,1000,409,242
INS,5843,58430000,1829,911,1175,1306,1022,388,234
INS,5844,58440000,1778,874,1185,1341,1055,433,30
INS,5845,58450000,1807,909,1212,1312,1016,407,44
INS,5846,58460000,1840,880,1218,1295,976,395,2
INS,5847,58470000,1809,904,1218,1312,972,411,41
INS,5848,58480000,1819,882,1206,1322,1034,433,128
INS,5849,58490000,1769,922,1180,1249,1033,437,39
INS,5850,58500000,1789,934,1232,1277,1003,409,110
INS,5851,58510000,1798,922,1181,1323,980,396,83
INS,5852,58520000,1801,930,1200,1297,1004,418,150
INS,5853,58530000,1795,924,1183,1310,1000,332,61
INS,5854,58540000,1800,903,1180,1325,951,411,104
INS,5855,58550000,1856,868,1225,1303,977,412,192
INS,5856,58560000,1794,886,1240,1303,1003,397,191
INS,5857,58570000,1815,886,1186,1320,953,418,163
INS,5858,58580000,1752,920,1238,1276,1054,371,213
INS,5859,58590000,1805,855,1167,1317,991,410,164
INS,5860,58600000,1807,923,1218,1306,973,379,242
INS,5861,58610000,1819,920,1176,1295,959,437,3
INS,5862,58620000,1799,866,1218,1296,1018,370,237
INS,5863,58630000,1802,867,1202,1286,970,361,175
INS,5864,58640000,1778,929,1211,1314,992,439,111
INS,5865,58650000,1805,915,1179,1263,1022,397,46
INS,5866,58660000,1837,869,1179,1293,1034,433,127
INS,5867,58670000,1814,895,1208,1324,1001,346,87
INS,5868,58680000,1810,875,1193,1300,1034,382,110
INS,5869,58690000,1757,891,1262,1315,977,477,212
INS,5870,58700000,1825,923,1208,1304,1018,398,226
INS,5871,58710000,1762,897,1210,1309,1018,402,165
INS,5872,58720000,1801,933,1196,1271,1001,429,215
INS,5873,58730000,1820,936,1214,1300,983,401,255
INS,5874,58740000,1842,874,1193,1283,1004,406,220
INS,5875,58750000,1769,910,1202,1303,1035,366,220
INS,5876,58760000,1845,905,1199,1298,992,374,9
INS,5877,58770000,1761,908,1210,1271,974,386,179
INS,5878,58780000,1749,892,1151,1338,1021,415,252
INS,5879,58790000,1802,882,1191,1301,1020,443,86
INS,5880,58800000,1806,904,1173,1293,1032,368,40
INS,5881,58810000,1816,900,1192,1313,1008,358,68
INS,5882,58820000,1790,918,1168,1306,978,382,40
INS,5883,58830000,1825,887,1173,1316,1022,382,120
INS,5884,58840000,1786,937,1225,1344,1011,376,211
INS,5885,58850000,1825,935,1188,1329,1037,423,30
INS,5886,58860000,1779,886,1160,1275,976,408,50
INS,5887,58870000,1830,897,1155,1298,1008,422,193
INS,5888,58880000,1823,925,1150,1318,994,373,183
INS,5889,58890000,1829,917,1180,1278,975,372,168
INS,5890,58900000,1824,882,1209,1314,1016,416,39
INS,5891,58910000,1810,910,1213,1318,984,427,57
INS,5892,58920000,1778,923,1168,1270,999,378,184
INS,5893,58930000,1790,911,1163,1333,1003,371,0
INS,5894,58940000,1801,914,1176,1260,995,399,247
INS,5895,58950000,1789,868,1206,1329,976,461,92
INS,5896,58960000,1751,864,1195,1288,1003,431,12
INS,5897,58970000,1799,916,1182,1306,1012,400,112
INS,5898,58980000,1786,900,1246,1298,982,402,128
INS,5899,58990000,1817,940,1232,1316,1019,372,227
INS,5900,59000000,1792,877,1173,1287,1021,387,85
INS,5901,59010000,1809,902,1202,1317,989,377,161
INS,5902,59020000,1764,857,1203,1274,964,415,59
INS,5903,59030000,1757,876,1193,1307,949,372,53
INS,5904,59040000,1798,908,1179,1310,995,413,219
INS,5905,59050000,1809,843,1152,1302,986,387,112
INS,5906,59060000,1810,874,1211,1275,1043,427,34
INS,5907,59070000,1857,857,1249,1323,1025,387,109
INS,5908,59080000,1845,888,1237,1316,980,417,111
INS,5909,59090000,1828,860,1206,1314,1025,417,95
INS,5910,59100000,1817,895,1240,1337,963,428,142
INS,5911,59110000,1815,859,1191,1307,1036,402,89
INS,5912,59120000,1781,906,1189,1319,1017,331,39
INS,5913,59130000,1817,883,1216,1268,987,422,106
INS,5914,59140000,1794,911,1168,1355,1018,410,186
INS,5915,59150000,1818,873,1204,1260,992,384,78
INS,5916,59160000,1794,929,1166,1310,1028,434,225
INS,5917,59170000,1838,930,1172,1293,1009,416,239
INS,5918,59180000,1796,923,1187,1322,995,394,215
INS,5919,59190000,1824,885,1199,1291,1008,331,153
INS,5920,59200000,1815,895,1145,1346,998,351,182
INS,5921,59210000,1772,879,1181,1348,1015,372,216
INS,5922,59220000,1795,902,1206,1268,987,463,31
INS,5923,59230000,1844,878,1212,1298,995,402,56
INS,5924,59240000,1775,889,1207,1313,1011,411,50
INS,5925,59250000,1802,915,1222,1301,955,398,54
INS,5926,59260000,1814,913,1208,1277,1012,422,124
INS,5927,59270000,1838,910,1159,1297,1027,391,117
INS,5928,59280000,1798,903,1146,1329,1019,422,129
INS,5929,59290000,1784,896,1214,1346,1002,436,207
INS,5930,59300000,1807,897,1192,1264,981,378,65
INS,5931,59310000,1780,928,1217,1294,990,388,160
INS,5932,59320000,1811,914,1246,1339,1039,384,57
INS,5933,59330000,1765,868,1234,1295,979,377,115
INS,5934,59340000,1782,894,1178,1294,997,407,166
INS,5935,59350000,1836,890,1228,1307,984,401,21
INS,5936,59360000,1746,868,1157,1262,1022,361,64
INS,5937,59370000,1802,918,1176,1354,1039,347,45
INS,5938,59380000,1807,869,1196,1290,1019,400,7
INS,5939,59390000,1772,882,1181,1310,1036,357,237
INS,5940,59400000,1817,868,1174,1346,976,421,62
INS,5941,59410000,1804,885,1208,1278,984,412,48
INS,5942,59420000,1800,898,1188,1289,953,415,37
INS,5943,59430000,1770,884,1161,1292,949,395,218
INS,5944,59440000,1782,920,1220,1316,1001,372,139
INS,5945,59450000,1830,926,1233,1320,999,393,246
INS,5946,59460000,1796,884,1211,1302,991,371,117
INS,5947,59470000,1805,838,1165,1300,1019,443,149
INS,5948,59480000,1792,921,1211,1301,951,459,231
INS,5949,59490000,1825,854,1158,1267,1035,400,152
INS,5950,59500000,1795,928,1180,1267,991,416,207
INS,5951,59510000,1864,874,1230,1307,1006,406,78
INS,5952,59520000,1812,903,1225,1319,983,397,47
INS,5953,59530000,1769,916,1176,1282,982,310,116
INS,5954,59540000,1798,863,1214,1314,994,413,38
INS,5955,59550000,1839,902,1208,1313,983,388,92
INS,5956,59560000,1811,895,1202,1309,1024,363,80
INS,5957,59570000,1755,933,1175,1264,1036,389,45
INS,5958,59580000,1806,895,1208,1258,967,387,31
INS,5959,59590000,1792,902,1150,1335,977,358,41
INS,5960,59600000,1832,898,1167,1281,1017,398,137
INS,5961,59610000,1838,918,1161,1309,990,394,171
INS,5962,59620000,1827,934,1214,1292,991,392,228
INS,5963,59630000,1801,912,1155,1271,986,432,152
INS,5964,59640000,1801,867,1206,1326,1000,373,185
INS,5965,59650000,1806,896,1214,1354,994,396,33
INS,5966,59660000,1795,947,1222,1318,987,433,92
INS,5967,59670000,1795,901,1185,1299,1014,388,245
INS,5968,59680000,1788,899,1239,1264,1006,369,245
INS,5969,59690000,1772,901,1226,1312,1029,423,104
INS,5970,59700000,1770,911,1237,1278,981,393,28
INS,5971,59710000,1791,931,1201,1294,1034,394,120
INS,5972,59720000,1785,838,1162,1290,958,406,187
INS,5973,59730000,1794,918,1179,1276,1018,359,53
INS,5974,59740000,1822,947,1164,1285,1018,458,220
INS,5975,59750000,1834,907,1201,1319,1013,401,218
INS,5976,59760000,1761,879,1180,1305,1018,410,113
INS,5977,59770000,1806,863,1231,1255,993,378,103
INS,5978,59780000,1796,921,1185,1297,953,414,160
INS,5979,59790000,1769,865,1200,1286,998,379,108
INS,5980,59800000,1815,883,1173,1312,1030,373,214
INS,5981,59810000,1750,897,1246,1314,1004,377,233
INS,5982,59820000,1776,929,1217,1295,974,390,243
INS,5983,59830000,1789,887,1178,1289,993,346,161
INS,5984,59840000,1785,906,1220,1366,1002,381,100
INS,5985,59850000,1780,851,1196,1326,1008,421,39
INS,5986,59860000,1791,891,1196,1333,976,392,53
INS,5987,59870000,1800,897,1193,1319,997,357,54
INS,5988,59880000,1776,887,1220,1235,1003,383,12
INS,5989,59890000,1786,909,1185,1327,978,379,89
INS,5990,59900000,1823,864,1243,1302,988,363,125
INS,5991,59910000,1793,892,1210,1290,1011,349,104
INS,5992,59920000,1796,867,1184,1313,1023,374,133
INS,5993,59930000,1815,896,1191,1297,1025,419,236
INS,5994,59940000,1820,866,1201,1309,1017,422,245
INS,5995,59950000,1787,913,1198,1273,961,435,194
INS,5996,59960000,1811,897,1174,1270,995,402,193
INS,5997,59970000,1801,870,1197,1271,1004,374,178
INS,5998,59980000,1789,895,1182,1340,991,400,19
INS,5999,59990000,1773,912,1172,1250,970,419,191
