INS,0,0,45,0,23,0,0,5,73
INS,1,10000,307,0,0,0,64,0,132
INS,2,20000,667,0,32,0,24,0,245
INS,3,30000,991,0,0,0,0,16,34
INS,4,40000,1287,14,8,0,16,6,119
INS,5,50000,1624,30,25,0,0,0,228
INS,6,60000,1829,0,16,0,14,0,169
INS,7,70000,2224,22,7,0,0,22,90
INS,8,80000,2401,0,0,6,23,0,6
INS,9,90000,2617,0,28,19,0,3,4
INS,10,100000,2729,26,19,12,0,20,160
INS,11,110000,2932,0,0,0,0,12,59
INS,12,120000,2987,22,0,12,0,0,153
INS,13,130000,3138,26,0,27,41,29,154
INS,14,140000,3201,6,0,38,0,22,177
INS,15,150000,3211,0,0,46,26,5,215
INS,16,160000,3166,160,6,0,0,0,20
INS,17,170000,3146,270,15,61,30,37,8
INS,18,180000,3007,434,0,27,0,0,190
INS,19,190000,2955,584,0,43,0,0,65
INS,20,200000,2756,719,0,18,11,0,4
INS,21,210000,2606,835,0,0,40,0,254
INS,22,220000,2397,931,26,3,0,3,150
INS,23,230000,2169,1030,0,20,0,1,27
INS,24,240000,1889,1117,23,10,0,0,119
INS,25,250000,1576,1297,0,0,0,0,226
INS,26,260000,1288,1266,0,0,0,0,180
INS,27,270000,1026,1344,9,0,0,32,54
INS,28,280000,656,1406,0,0,10,0,244
INS,29,290000,376,1367,0,0,1,0,189
INS,30,300000,0,1412,41,0,10,0,181
INS,31,310000,0,1389,348,41,45,15,61
INS,32,320000,0,1332,643,11,0,0,226
INS,33,330000,17,1334,957,335,12,31,175
INS,34,340000,0,1252,1274,711,0,7,238
INS,35,350000,0,1192,1516,1019,0,0,226
INS,36,360000,7,1128,1793,1351,326,0,97
INS,37,370000,0,1055,1987,1611,623,0,17
INS,38,380000,0,936,2142,1917,886,0,127
INS,39,390000,0,834,2361,2143,1154,0,243
INS,40,400000,0,694,2499,2370,1358,1,178
INS,41,410000,0,556,2564,2571,1607,7,66
INS,42,420000,32,426,2567,2658,1806,15,26
INS,43,430000,0,300,2582,2803,1973,10,207
INS,44,440000,21,107,2540,2820,2054,18,116
INS,45,450000,6,0,2481,2788,2174,0,22
INS,46,460000,0,0,2350,2748,2206,393,31
INS,47,470000,0,12,2234,2678,2235,647,157
INS,48,480000,0,42,2027,2491,2115,946,245
INS,49,490000,4,28,1771,2344,2074,1238,100
INS,50,500000,0,0,1504,2137,1961,1444,216
INS,51,510000,0,0,1262,1947,1793,1592,37
INS,52,520000,11,12,935,1676,1626,1759,247
INS,53,530000,0,0,655,1339,1405,1772,184
INS,54,540000,0,71,316,1037,1187,1835,244
INS,55,550000,0,0,2,727,870,1743,181
INS,56,560000,0,27,2,348,575,1628,204
INS,57,570000,53,14,0,2,255,1421,154
INS,58,580000,38,33,51,40,22,1223,89
INS,59,590000,0,0,17,0,0,934,162
INS,60,600000,0,0,0,7,19,663,173
INS,61,610000,12,0,6,0,0,308,83
INS,62,620000,12,56,0,26,23,0,147
INS,63,630000,0,0,0,0,40,0,87
INS,64,640000,19,0,0,0,0,1,84
INS,65,650000,0,42,13,0,22,0,158
INS,66,660000,31,0,50,0,13,0,192
INS,67,670000,19,0,0,10,0,0,144
INS,68,680000,0,28,0,0,2,45,207
INS,69,690000,19,5,13,0,1,0,187
INS,70,700000,0,38,0,0,13,20,237
INS,71,710000,11,0,6,10,11,0,221
INS,72,720000,6,31,45,0,56,0,82
INS,73,730000,31,0,0,9,0,14,15
INS,74,740000,5,0,0,0,0,20,3
INS,75,750000,0,0,0,0,0,0,251
INS,76,760000,0,0,0,0,0,0,12
INS,77,770000,0,48,0,0,0,0,77
INS,78,780000,1,0,2,21,11,30,111
INS,79,790000,1,27,0,2,0,21,114
INS,80,800000,41,22,41,0,0,0,184
INS,81,810000,0,8,0,0,0,6,111
INS,82,820000,46,0,2,0,0,17,179
INS,83,830000,0,0,0,0,8,20,159
INS,84,840000,0,0,2,0,0,0,150
INS,85,850000,0,6,0,8,0,0,179
INS,86,860000,0,11,21,0,0,19,233
INS,87,870000,0,0,0,0,0,0,199
INS,88,880000,0,4,6,0,0,22,248
INS,89,890000,8,0,0,11,14,0,10
INS,90,900000,31,0,0,0,0,0,25
INS,91,910000,0,0,20,0,0,23,54
INS,92,920000,0,15,80,0,0,9,132
INS,93,930000,0,0,0,22,0,0,67
INS,94,940000,0,0,7,0,0,32,101
INS,95,950000,0,0,0,52,0,0,131
INS,96,960000,0,7,0,0,21,0,124
INS,97,970000,11,29,0,0,0,20,173
INS,98,980000,6,0,24,0,5,14,179
INS,99,990000,12,0,34,0,7,0,200
INS,100,1000000,0,18,28,2,34,15,5
INS,101,1010000,336,0,0,14,0,0,19
INS,102,1020000,646,0,0,23,0,9,108
INS,103,1030000,994,64,3,14,44,28,82
INS,104,1040000,1305,39,10,37,25,0,112
INS,105,1050000,1604,20,0,13,11,0,105
INS,106,1060000,1900,0,5,9,17,0,149
INS,107,1070000,2189,0,41,0,0,0,209
INS,108,1080000,2386,11,59,0,0,12,208
INS,109,1090000,2548,0,0,0,0,0,49
INS,110,1100000,2733,8,0,20,0,29,52
INS,111,1110000,2947,12,7,4,0,0,249
INS,112,1120000,3064,23,23,0,0,0,150
INS,113,1130000,3103,31,20,0,40,24,19
INS,114,1140000,3141,0,2,0,1,13,231
INS,115,1150000,3214,37,1,3,20,0,110
INS,116,1160000,3172,152,2,0,0,0,178
INS,117,1170000,3132,262,0,0,6,0,13
INS,118,1180000,3039,402,27,3,29,23,153
INS,119,1190000,2925,564,0,0,11,41,188
INS,120,1200000,2744,692,1,39,0,2,142
INS,121,1210000,2617,791,31,0,0,16,136
INS,122,1220000,2383,923,0,0,0,0,4
INS,123,1230000,2102,1030,4,0,0,33,140
INS,124,1240000,1853,1155,0,17,31,0,44
INS,125,1250000,1595,1236,0,3,0,0,95
INS,126,1260000,1251,1275,35,0,24,0,119
INS,127,1270000,995,1323,31,0,0,0,156
INS,128,1280000,683,1366,9,52,0,0,190
INS,129,1290000,341,1405,0,0,39,0,138
INS,130,1300000,0,1368,16,0,0,22,32
INS,131,1310000,46,1395,328,12,0,16,184
INS,132,1320000,76,1406,649,41,13,0,77
INS,133,1330000,0,1307,974,321,41,8,48
INS,134,1340000,0,1255,1233,690,2,0,82
INS,135,1350000,0,1233,1525,1053,15,0,233
INS,136,1360000,9,1117,1793,1324,276,2,177
INS,137,1370000,0,1058,2012,1671,583,10,239
INS,138,1380000,0,925,2214,1937,914,0,144
INS,139,1390000,5,809,2354,2149,1116,13,105
INS,140,1400000,1,705,2490,2356,1392,12,120
INS,141,1410000,0,571,2602,2533,1550,11,192
INS,142,1420000,0,408,2607,2662,1817,0,180
INS,143,1430000,25,323,2603,2756,1971,9,134
INS,144,1440000,0,141,2489,2753,2104,22,229
INS,145,1450000,0,19,2475,2817,2175,0,223
INS,146,1460000,0,0,2338,2733,2166,357,92
INS,147,1470000,0,4,2205,2648,2207,631,210
INS,148,1480000,0,0,2017,2570,2155,946,220
INS,149,1490000,0,0,1794,2355,2066,1208,228
INS,150,1500000,0,0,1507,2160,1939,1416,100
INS,151,1510000,6,0,1231,1933,1823,1637,237
INS,152,1520000,0,0,948,1642,1605,1715,46
INS,153,1530000,13,32,688,1394,1417,1809,18
INS,154,1540000,0,0,277,1049,1148,1733,169
INS,155,1550000,0,0,4,678,863,1690,238
INS,156,1560000,0,18,20,320,610,1609,109
INS,157,1570000,70,16,0,9,295,1439,146
INS,158,1580000,11,58,22,41,29,1217,224
INS,159,1590000,0,0,14,0,0,953,86
INS,160,1600000,0,0,0,32,0,626,50
INS,161,1610000,0,0,14,7,11,385,82
INS,162,1620000,23,0,0,0,0,0,217
INS,163,1630000,0,11,6,0,0,0,228
INS,164,1640000,0,15,29,0,10,0,26
INS,165,1650000,21,0,14,4,0,6,34
INS,166,1660000,0,0,0,39,0,1,46
INS,167,1670000,0,0,0,11,0,30,64
INS,168,1680000,0,0,0,0,0,0,40
INS,169,1690000,12,4,16,0,0,0,89
INS,170,1700000,7,0,0,38,13,0,132
INS,171,1710000,0,0,23,0,6,11,131
INS,172,1720000,7,5,8,0,0,0,128
INS,173,1730000,0,0,29,1,0,13,168
INS,174,1740000,0,0,0,0,23,20,185
INS,175,1750000,0,0,10,0,0,17,186
INS,176,1760000,36,21,20,3,1,0,1
INS,177,1770000,0,0,0,0,9,0,202
INS,178,1780000,0,0,35,0,0,0,245
INS,179,1790000,0,10,0,0,5,0,242
INS,180,1800000,10,0,16,10,11,17,52
INS,181,1810000,0,25,27,0,0,31,88
INS,182,1820000,0,0,0,0,4,0,26
INS,183,1830000,13,0,0,18,44,0,114
INS,184,1840000,10,8,1,0,12,0,87
INS,185,1850000,0,15,0,0,20,14,122
INS,186,1860000,0,30,3,0,0,3,126
INS,187,1870000,0,31,0,0,2,0,140
INS,188,1880000,38,0,8,0,0,17,187
INS,189,1890000,0,0,6,11,14,0,172
INS,190,1900000,0,7,0,38,0,0,203
INS,191,1910000,0,0,0,19,0,28,222
INS,192,1920000,4,7,9,0,0,23,235
INS,193,1930000,38,47,6,0,36,0,80
INS,194,1940000,11,0,0,0,0,1,238
INS,195,1950000,0,26,34,24,0,23,94
INS,196,1960000,29,0,3,5,0,10,51
INS,197,1970000,4,0,0,0,22,7,54
INS,198,1980000,21,29,0,0,48,18,154
INS,199,1990000,48,20,0,0,3,6,132
INS,200,2000000,0,0,0,0,27,0,99
INS,201,2010000,336,5,31,0,0,0,205
INS,202,2020000,660,0,0,0,0,48,46
INS,203,2030000,965,0,6,9,0,30,109
INS,204,2040000,1284,4,0,0,0,46,194
INS,205,2050000,1601,0,46,0,26,27,65
INS,206,2060000,1943,0,0,26,21,0,116
INS,207,2070000,2161,16,0,4,0,0,68
INS,208,2080000,2387,0,7,7,31,24,104
INS,209,2090000,2579,0,0,30,0,0,18
INS,210,2100000,2743,0,0,0,0,0,169
INS,211,2110000,2929,5,23,0,8,0,152
INS,212,2120000,3069,0,0,38,0,27,82
INS,213,2130000,3146,3,22,4,55,0,195
INS,214,2140000,3169,8,37,30,0,0,226
INS,215,2150000,3226,7,22,17,64,25,104
INS,216,2160000,3190,134,0,0,41,0,125
INS,217,2170000,3128,286,27,0,22,17,1
INS,218,2180000,3054,472,18,0,0,20,102
INS,219,2190000,2904,582,17,17,0,0,75
INS,220,2200000,2766,664,4,0,0,0,6
INS,221,2210000,2609,819,19,0,19,0,55
INS,222,2220000,2353,956,0,0,0,0,171
INS,223,2230000,2144,1053,0,0,0,0,76
INS,224,2240000,1878,1118,12,20,0,0,180
INS,225,2250000,1582,1203,0,45,32,19,50
INS,226,2260000,1293,1259,4,0,0,39,37
INS,227,2270000,995,1345,9,0,4,24,92
INS,228,2280000,692,1377,0,0,0,0,57
INS,229,2290000,275,1403,3,13,9,14,234
INS,230,2300000,4,1414,0,7,18,0,233
INS,231,2310000,6,1407,349,53,0,0,110
INS,232,2320000,0,1375,651,0,0,0,82
INS,233,2330000,33,1320,992,368,0,1,19
INS,234,2340000,5,1287,1272,745,0,0,119
INS,235,2350000,0,1183,1507,1055,0,0,60
INS,236,2360000,4,1103,1793,1365,296,5,130
INS,237,2370000,0,1060,1995,1611,580,11,70
INS,238,2380000,0,958,2225,1939,889,37,110
INS,239,2390000,14,829,2363,2134,1085,28,20
INS,240,2400000,0,767,2463,2345,1413,0,60
INS,241,2410000,5,541,2555,2570,1622,7,133
INS,242,2420000,0,401,2573,2640,1807,0,15
INS,243,2430000,0,340,2615,2740,1965,3,18
INS,244,2440000,0,160,2523,2765,2115,0,191
INS,245,2450000,21,36,2472,2777,2133,14,98
INS,246,2460000,0,14,2376,2772,2208,336,112
INS,247,2470000,25,23,2227,2672,2167,676,213
INS,248,2480000,0,20,2039,2550,2180,920,149
INS,249,2490000,0,0,1793,2323,2075,1234,138
INS,250,2500000,18,0,1523,2137,1933,1472,69
INS,251,2510000,0,0,1263,1895,1773,1564,10
INS,252,2520000,47,0,964,1647,1634,1759,95
INS,253,2530000,0,32,621,1352,1351,1784,225
INS,254,2540000,4,18,324,1045,1100,1830,191
INS,255,2550000,34,17,34,660,838,1707,201
INS,256,2560000,0,0,6,391,578,1599,14
INS,257,2570000,31,22,33,0,292,1466,69
INS,258,2580000,3,0,1,0,13,1169,196
INS,259,2590000,0,16,27,8,58,982,118
INS,260,2600000,23,0,0,4,16,649,248
INS,261,2610000,17,0,0,0,14,294,154
INS,262,2620000,0,11,0,61,32,26,232
INS,263,2630000,0,0,0,44,0,0,163
INS,264,2640000,0,0,29,33,0,0,198
INS,265,2650000,6,2,0,0,10,0,171
INS,266,2660000,0,0,5,10,0,0,185
INS,267,2670000,0,8,1,0,0,8,204
INS,268,2680000,22,19,0,34,22,0,45
INS,269,2690000,18,0,0,0,0,0,239
INS,270,2700000,32,0,1,0,0,64,79
INS,271,2710000,0,53,0,0,0,6,58
INS,272,2720000,18,6,11,11,0,0,62
INS,273,2730000,0,0,9,8,0,0,50
INS,274,2740000,0,13,16,34,0,0,113
INS,275,2750000,35,37,0,3,1,39,182
INS,276,2760000,1,0,0,0,0,0,85
INS,277,2770000,0,0,0,18,0,0,119
INS,278,2780000,49,18,14,4,15,0,218
INS,279,2790000,1,4,32,0,11,9,192
INS,280,2800000,0,0,19,0,0,24,195
INS,281,2810000,0,6,11,16,4,0,206
INS,282,2820000,0,14,11,0,0,10,221
INS,283,2830000,21,0,0,22,0,7,253
INS,284,2840000,0,0,3,29,0,3,255
INS,285,2850000,0,18,13,56,1,20,89
INS,286,2860000,30,0,0,41,0,0,69
INS,287,2870000,0,14,24,0,0,0,53
INS,288,2880000,21,0,0,5,0,32,90
INS,289,2890000,0,0,19,56,0,5,129
INS,290,2900000,8,34,0,11,0,0,119
INS,291,2910000,0,12,25,20,0,0,140
INS,292,2920000,0,0,0,52,51,55,2
INS,293,2930000,0,13,0,0,17,0,147
INS,294,2940000,25,0,13,9,0,0,181
INS,295,2950000,3,0,0,11,0,14,179
INS,296,2960000,28,10,11,0,19,3,239
INS,297,2970000,49,35,0,0,0,10,23
INS,298,2980000,34,24,0,0,18,28,50
INS,299,2990000,67,10,0,45,30,22,137
INS,300,3000000,0,26,0,0,28,0,34
INS,301,3010000,335,0,0,28,0,23,127
INS,302,3020000,643,0,19,0,0,6,170
INS,303,3030000,968,31,0,0,0,43,49
INS,304,3040000,1285,0,35,0,8,0,96
INS,305,3050000,1560,0,0,14,0,1,104
INS,306,3060000,1888,21,0,0,18,23,240
INS,307,3070000,2104,0,22,0,66,20,7
INS,308,3080000,2337,23,0,63,0,0,235
INS,309,3090000,2597,21,4,4,23,0,222
INS,310,3100000,2752,26,0,19,8,27,166
INS,311,3110000,2864,0,15,24,44,2,44
INS,312,3120000,3060,0,0,11,41,0,224
INS,313,3130000,3132,23,0,40,0,0,68
INS,314,3140000,3200,0,0,39,23,15,167
INS,315,3150000,3219,0,0,21,0,0,147
INS,316,3160000,3184,169,0,1,5,10,37
INS,317,3170000,3128,314,16,52,0,10,205
INS,318,3180000,3007,409,0,37,0,26,181
INS,319,3190000,2950,571,20,0,5,31,40
INS,320,3200000,2764,735,0,0,0,0,235
INS,321,3210000,2540,799,0,0,0,0,92
INS,322,3220000,2371,896,42,0,0,0,79
INS,323,3230000,2092,1081,0,0,20,2,238
INS,324,3240000,1893,1175,10,0,31,33,202
INS,325,3250000,1619,1228,0,0,32,0,212
INS,326,3260000,1295,1280,17,0,0,16,214
INS,327,3270000,994,1328,6,15,9,6,237
INS,328,3280000,685,1368,20,0,18,0,243
INS,329,3290000,326,1384,18,0,0,2,155
INS,330,3300000,23,1377,0,18,0,23,139
INS,331,3310000,0,1394,366,0,4,31,254
INS,332,3320000,0,1304,676,0,28,1,229
INS,333,3330000,0,1370,937,388,0,34,198
INS,334,3340000,2,1294,1249,684,0,1,204
INS,335,3350000,0,1233,1528,1029,41,14,68
INS,336,3360000,22,1132,1773,1341,248,0,244
INS,337,3370000,10,1033,2026,1664,637,0,91
INS,338,3380000,0,923,2176,1914,911,5,155
INS,339,3390000,18,818,2332,2130,1113,8,150
INS,340,3400000,0,702,2496,2354,1404,0,192
INS,341,3410000,23,592,2522,2535,1596,0,9
INS,342,3420000,0,413,2559,2694,1815,44,27
INS,343,3430000,0,313,2560,2749,2004,9,154
INS,344,3440000,35,112,2510,2785,2079,0,57
INS,345,3450000,0,0,2477,2812,2182,0,24
INS,346,3460000,2,6,2311,2711,2208,349,157
INS,347,3470000,28,6,2184,2661,2158,613,237
INS,348,3480000,0,0,2014,2499,2177,976,14
INS,349,3490000,35,27,1794,2369,2107,1252,205
INS,350,3500000,0,0,1535,2180,1942,1419,226
INS,351,3510000,0,0,1269,1917,1797,1613,19
INS,352,3520000,0,0,941,1658,1594,1710,111
INS,353,3530000,0,36,682,1380,1428,1795,58
INS,354,3540000,7,0,292,1003,1155,1781,16
INS,355,3550000,11,35,10,681,903,1720,179
INS,356,3560000,19,0,0,360,588,1600,171
INS,357,3570000,0,37,9,45,317,1460,1
INS,358,3580000,8,0,23,37,7,1192,185
INS,359,3590000,45,14,6,0,0,949,205
INS,360,3600000,0,4,20,0,22,653,163
INS,361,3610000,0,14,21,14,0,304,90
INS,362,3620000,37,64,29,0,0,0,140
INS,363,3630000,0,13,0,0,0,0,40
INS,364,3640000,0,0,0,2,0,1,47
INS,365,3650000,0,20,13,41,28,60,223
INS,366,3660000,50,42,21,0,0,15,206
INS,367,3670000,1,25,2,18,11,1,153
INS,368,3680000,25,35,6,0,0,0,178
INS,369,3690000,0,12,16,24,0,10,191
INS,370,3700000,0,0,0,21,0,27,194
INS,371,3710000,28,62,0,0,0,5,2
INS,372,3720000,11,25,0,35,0,6,1
INS,373,3730000,37,9,21,0,18,15,41
INS,374,3740000,3,0,22,0,0,14,253
INS,375,3750000,10,20,55,0,0,0,60
INS,376,3760000,24,0,0,10,1,0,27
INS,377,3770000,0,52,41,38,0,0,140
INS,378,3780000,46,0,0,0,15,0,87
INS,379,3790000,0,0,0,13,1,13,70
INS,380,3800000,0,15,0,77,0,2,154
INS,381,3810000,4,23,0,17,10,10,141
INS,382,3820000,15,1,0,13,37,27,187
INS,383,3830000,11,17,23,23,5,38,228
INS,384,3840000,15,0,0,43,0,0,186
INS,385,3850000,11,0,0,32,0,23,211
INS,386,3860000,8,57,27,0,19,11,28
INS,387,3870000,0,16,3,30,5,0,233
INS,388,3880000,15,3,29,0,0,0,243
INS,389,3890000,0,0,0,0,48,0,5
INS,390,3900000,1,0,0,0,0,29,4
INS,391,3910000,0,0,0,0,0,34,25
INS,392,3920000,0,10,0,4,0,4,26
INS,393,3930000,0,0,0,9,0,3,37
INS,394,3940000,11,21,0,0,0,9,83
INS,395,3950000,25,8,0,5,25,21,143
INS,396,3960000,0,7,36,0,9,0,128
INS,397,3970000,0,0,0,7,0,35,135
INS,398,3980000,0,17,27,27,37,0,218
INS,399,3990000,25,0,0,49,44,0,245
INS,400,4000000,20,19,8,17,33,20,5
INS,401,4010000,277,0,0,0,33,25,240
INS,402,4020000,636,2,0,25,27,4,104
INS,403,4030000,985,35,0,0,37,0,228
INS,404,4040000,1313,18,0,0,0,0,7
INS,405,4050000,1591,41,1,0,4,0,74
INS,406,4060000,1862,41,1,0,67,0,169
INS,407,4070000,2106,7,0,0,0,0,72
INS,408,4080000,2324,0,0,0,11,0,55
INS,409,4090000,2663,0,0,0,0,0,144
INS,410,4100000,2727,0,0,21,0,9,255
INS,411,4110000,2934,0,15,0,0,24,232
INS,412,4120000,3111,0,2,30,0,11,174
INS,413,4130000,3149,0,0,38,0,16,240
INS,414,4140000,3166,0,17,0,0,0,237
INS,415,4150000,3202,0,0,6,0,0,23
INS,416,4160000,3164,171,5,0,0,34,206
INS,417,4170000,3125,284,0,0,0,24,26
INS,418,4180000,3015,422,8,0,0,1,56
INS,419,4190000,2924,582,0,8,2,15,158
INS,420,4200000,2771,639,34,28,19,23,158
INS,421,4210000,2576,827,23,0,0,3,90
INS,422,4220000,2383,919,37,0,0,38,55
INS,423,4230000,2135,1045,0,0,0,16,147
INS,424,4240000,1875,1107,0,40,0,0,246
INS,425,4250000,1605,1194,0,0,26,0,66
INS,426,4260000,1334,1250,0,40,14,0,152
INS,427,4270000,1022,1392,0,11,0,45,1
INS,428,4280000,673,1397,0,0,2,0,132
INS,429,4290000,362,1417,0,35,0,0,147
INS,430,4300000,44,1394,34,19,0,3,100
INS,431,4310000,0,1383,342,0,0,0,92
INS,432,4320000,0,1369,617,21,0,10,145
INS,433,4330000,3,1310,948,342,15,11,6
INS,434,4340000,0,1250,1308,666,30,11,147
INS,435,4350000,0,1216,1509,1053,15,0,180
INS,436,4360000,0,1111,1730,1338,279,9,103
INS,437,4370000,0,998,1985,1642,575,13,98
INS,438,4380000,0,943,2206,1925,853,0,61
INS,439,4390000,12,839,2365,2160,1181,0,196
INS,440,4400000,0,706,2474,2369,1393,47,133
INS,441,4410000,0,620,2556,2569,1627,0,21
INS,442,4420000,26,407,2605,2630,1809,28,171
INS,443,4430000,32,279,2541,2740,1932,29,236
INS,444,4440000,25,123,2534,2782,2072,0,236
INS,445,4450000,22,52,2452,2800,2143,0,186
INS,446,4460000,22,15,2340,2760,2187,306,108
INS,447,4470000,0,0,2155,2662,2221,607,140
INS,448,4480000,0,21,2015,2544,2163,940,195
INS,449,4490000,0,4,1778,2396,2082,1230,19
INS,450,4500000,26,0,1558,2193,1950,1421,206
INS,451,4510000,14,0,1270,1900,1823,1595,189
INS,452,4520000,0,0,921,1645,1560,1700,198
INS,453,4530000,0,0,633,1375,1382,1810,101
INS,454,4540000,0,0,294,1094,1127,1790,247
INS,455,4550000,0,0,0,681,856,1689,209
INS,456,4560000,0,14,0,360,584,1632,102
INS,457,4570000,19,0,29,1,287,1391,24
INS,458,4580000,0,0,9,0,0,1189,24
INS,459,4590000,7,0,0,6,7,993,112
INS,460,4600000,0,20,2,0,0,670,64
INS,461,4610000,0,0,5,0,52,338,40
INS,462,4620000,43,0,0,0,0,0,217
INS,463,4630000,0,34,0,25,13,30,37
INS,464,4640000,5,0,0,8,0,17,238
INS,465,4650000,40,0,0,0,0,0,9
INS,466,4660000,0,4,13,52,31,8,94
INS,467,4670000,22,0,0,0,0,31,56
INS,468,4680000,66,0,0,20,0,9,115
INS,469,4690000,11,0,18,0,0,36,102
INS,470,4700000,0,10,0,36,19,17,136
INS,471,4710000,44,0,20,0,0,34,169
INS,472,4720000,0,0,20,0,0,0,108
INS,473,4730000,19,14,0,0,0,8,146
INS,474,4740000,0,0,0,2,5,2,131
INS,475,4750000,0,0,0,0,0,3,142
INS,476,4760000,24,22,0,0,0,0,202
INS,477,4770000,0,0,0,0,0,0,173
INS,478,4780000,0,0,0,0,0,0,190
INS,479,4790000,0,0,0,0,0,0,207
INS,480,4800000,22,40,5,0,0,2,37
INS,481,4810000,47,0,1,11,37,0,81
INS,482,4820000,22,7,0,0,0,47,78
INS,483,4830000,0,0,7,19,0,0,45
INS,484,4840000,0,13,0,0,41,24,114
INS,485,4850000,0,0,0,0,0,5,58
INS,486,4860000,0,0,0,16,16,0,102
INS,487,4870000,0,0,23,0,20,0,130
INS,488,4880000,0,0,49,32,0,0,185
INS,489,4890000,2,1,0,0,0,0,124
INS,490,4900000,18,0,0,0,1,14,171
INS,491,4910000,0,0,0,35,0,0,190
INS,492,4920000,0,21,0,0,0,0,193
INS,493,4930000,0,0,0,18,0,0,207
INS,494,4940000,13,0,29,56,6,20,74
INS,495,4950000,14,0,42,0,0,0,23
INS,496,4960000,0,0,27,5,20,0,36
INS,497,4970000,10,0,14,0,0,6,31
INS,498,4980000,28,3,17,0,0,26,92
INS,499,4990000,38,0,0,0,0,0,73
INS,500,5000000,59,0,0,0,18,0,129
INS,501,5010000,343,0,22,0,0,0,178
INS,502,5020000,674,0,0,0,0,0,248
INS,503,5030000,997,0,47,16,0,0,139
INS,504,5040000,1329,24,0,0,14,40,247
INS,505,5050000,1588,33,0,42,11,0,19
INS,506,5060000,1871,0,0,19,0,34,30
INS,507,5070000,2166,7,28,0,11,19,98
INS,508,5080000,2364,0,0,0,0,0,248
INS,509,5090000,2598,2,32,4,18,14,57
INS,510,5100000,2771,7,12,32,0,1,229
INS,511,5110000,2900,44,0,0,0,27,138
INS,512,5120000,3056,35,0,36,33,33,121
INS,513,5130000,3124,0,0,0,13,17,99
INS,514,5140000,3148,0,0,0,0,0,110
INS,515,5150000,3224,0,0,13,13,0,229
INS,516,5160000,3202,124,10,17,1,17,111
INS,517,5170000,3090,263,13,9,0,0,132
INS,518,5180000,3062,379,16,33,19,0,27
INS,519,5190000,2925,582,0,0,0,0,42
INS,520,5200000,2772,738,0,0,20,0,82
INS,521,5210000,2600,817,24,0,18,13,41
INS,522,5220000,2391,935,0,17,28,0,213
INS,523,5230000,2148,1075,0,0,0,0,82
INS,524,5240000,1880,1146,17,12,11,8,206
INS,525,5250000,1579,1201,42,0,21,18,10
INS,526,5260000,1291,1261,21,0,0,0,251
INS,527,5270000,999,1323,33,34,0,0,84
INS,528,5280000,688,1389,13,0,26,0,84
INS,529,5290000,326,1401,17,0,0,13,254
INS,530,5300000,0,1358,9,22,0,4,163
INS,531,5310000,0,1373,328,11,0,0,243
INS,532,5320000,15,1338,665,0,0,0,54
INS,533,5330000,7,1342,955,367,31,0,243
INS,534,5340000,31,1333,1263,715,0,0,132
INS,535,5350000,0,1201,1551,1016,0,0,63
INS,536,5360000,26,1089,1770,1347,322,0,98
INS,537,5370000,0,1022,2028,1592,615,7,57
INS,538,5380000,0,919,2226,1908,860,4,215
INS,539,5390000,3,814,2325,2177,1173,19,58
INS,540,5400000,0,764,2452,2337,1353,0,214
INS,541,5410000,0,557,2599,2590,1539,13,111
INS,542,5420000,0,441,2582,2664,1755,0,16
INS,543,5430000,0,292,2552,2776,1944,7,162
INS,544,5440000,0,110,2528,2798,2091,47,182
INS,545,5450000,47,0,2463,2769,2162,0,66
INS,546,5460000,19,29,2387,2742,2198,319,80
INS,547,5470000,0,0,2178,2635,2187,639,42
INS,548,5480000,1,13,2064,2549,2152,899,98
INS,549,5490000,0,13,1810,2355,2031,1212,114
INS,550,5500000,0,0,1555,2130,1946,1430,27
INS,551,5510000,0,0,1215,1926,1821,1659,116
INS,552,5520000,55,1,955,1605,1583,1741,220
INS,553,5530000,4,5,615,1349,1369,1792,199
INS,554,5540000,0,58,316,1027,1127,1780,158
INS,555,5550000,26,0,24,703,857,1728,229
INS,556,5560000,17,0,55,360,609,1606,67
INS,557,5570000,56,0,0,0,283,1412,212
INS,558,5580000,16,0,57,0,13,1225,45
INS,559,5590000,0,20,0,0,0,932,215
INS,560,5600000,0,0,10,0,0,626,172
INS,561,5610000,1,18,0,0,9,303,140
INS,562,5620000,37,0,0,21,23,0,163
INS,563,5630000,35,19,0,5,0,3,161
INS,564,5640000,0,0,24,24,0,9,173
INS,565,5650000,27,32,9,17,3,0,221
INS,566,5660000,0,50,0,16,5,25,246
INS,567,5670000,0,0,0,0,1,9,177
INS,568,5680000,11,35,4,19,28,0,25
INS,569,5690000,12,0,0,20,30,2,9
INS,570,5700000,4,0,34,26,27,0,53
INS,571,5710000,0,0,1,0,0,1,237
INS,572,5720000,15,0,0,0,29,0,40
INS,573,5730000,21,0,0,36,0,0,70
INS,574,5740000,5,31,0,0,0,0,66
INS,575,5750000,17,0,0,3,0,21,88
INS,576,5760000,0,0,0,28,28,0,120
INS,577,5770000,0,0,6,0,16,17,120
INS,578,5780000,0,10,0,30,0,3,141
INS,579,5790000,0,17,0,29,0,5,166
INS,580,5800000,24,0,36,0,6,0,198
INS,581,5810000,0,0,16,10,0,0,175
INS,582,5820000,0,6,24,7,0,0,203
INS,583,5830000,33,0,0,7,16,0,239
INS,584,5840000,0,0,32,3,11,30,20
INS,585,5850000,0,10,27,0,0,0,254
INS,586,5860000,15,44,6,4,5,29,81
INS,587,5870000,0,0,4,31,18,9,57
INS,588,5880000,28,0,10,0,40,0,90
INS,589,5890000,24,18,20,16,0,0,107
INS,590,5900000,0,44,14,0,7,0,111
INS,591,5910000,0,6,0,28,0,0,97
INS,592,5920000,0,0,0,0,0,0,80
INS,593,5930000,0,0,0,0,0,43,140
INS,594,5940000,0,26,8,0,4,0,152
INS,595,5950000,39,0,0,20,48,17,255
INS,596,5960000,23,59,0,21,5,3,3
INS,597,5970000,42,0,27,0,0,23,1
INS,598,5980000,7,9,29,0,3,0,230
INS,599,5990000,22,0,0,38,44,0,47
INS,600,6000000,0,9,3,0,6,16,250
INS,601,6010000,318,2,0,44,0,33,118
INS,602,6020000,705,0,7,0,15,12,221
INS,603,6030000,1005,0,0,6,2,15,15
INS,604,6040000,1360,8,8,24,37,21,206
INS,605,6050000,1628,43,0,23,0,0,203
INS,606,6060000,1891,0,0,58,0,0,219
INS,607,6070000,2161,0,25,0,0,0,217
INS,608,6080000,2336,0,0,0,0,0,128
INS,609,6090000,2613,30,0,0,6,0,202
INS,610,6100000,2789,13,21,3,35,17,192
INS,611,6110000,2928,0,10,31,30,0,74
INS,612,6120000,3019,33,14,12,27,0,197
INS,613,6130000,3076,0,15,0,48,0,248
INS,614,6140000,3165,28,0,14,32,4,113
INS,615,6150000,3238,0,0,31,0,0,156
INS,616,6160000,3186,138,0,0,0,0,228
INS,617,6170000,3106,313,5,28,13,32,162
INS,618,6180000,3064,443,35,0,0,58,26
INS,619,6190000,2893,544,20,0,0,30,186
INS,620,6200000,2822,667,17,7,0,0,229
INS,621,6210000,2590,820,32,5,0,30,210
INS,622,6220000,2379,944,0,0,27,0,100
INS,623,6230000,2165,1095,40,0,19,10,96
INS,624,6240000,1842,1193,0,4,4,4,87
INS,625,6250000,1602,1251,0,13,0,0,179
INS,626,6260000,1291,1275,30,0,0,21,203
INS,627,6270000,999,1291,10,0,0,9,168
INS,628,6280000,594,1354,0,0,7,0,87
INS,629,6290000,340,1393,18,5,0,0,161
INS,630,6300000,17,1420,37,0,0,0,152
INS,631,6310000,2,1369,289,23,0,0,122
INS,632,6320000,21,1392,673,27,67,53,177
INS,633,6330000,40,1379,926,343,23,49,209
INS,634,6340000,0,1261,1197,716,0,0,128
INS,635,6350000,0,1177,1486,1003,18,11,154
INS,636,6360000,48,1143,1789,1318,312,27,89
INS,637,6370000,13,1052,2004,1662,559,42,33
INS,638,6380000,16,912,2201,1874,885,30,124
INS,639,6390000,16,809,2349,2137,1103,0,125
INS,640,6400000,0,711,2460,2362,1411,0,160
INS,641,6410000,15,575,2546,2524,1602,0,239
INS,642,6420000,0,385,2619,2634,1823,38,237
INS,643,6430000,2,279,2605,2793,1953,34,165
INS,644,6440000,17,148,2568,2760,2060,0,69
INS,645,6450000,0,6,2486,2752,2152,1,186
INS,646,6460000,0,4,2325,2719,2177,300,75
INS,647,6470000,0,18,2191,2676,2172,629,253
INS,648,6480000,9,0,1979,2559,2157,928,216
INS,649,6490000,53,0,1778,2376,2073,1203,84
INS,650,6500000,13,1,1539,2161,1963,1455,6
INS,651,6510000,36,6,1228,1926,1792,1601,248
INS,652,6520000,0,0,996,1635,1610,1720,149
INS,653,6530000,14,37,661,1357,1390,1753,185
INS,654,6540000,3,1,303,1033,1118,1785,1
INS,655,6550000,0,26,4,662,841,1727,59
INS,656,6560000,0,0,27,317,621,1603,152
INS,657,6570000,51,16,0,0,299,1377,112
INS,658,6580000,0,42,0,26,0,1221,187
INS,659,6590000,0,0,17,32,22,975,217
INS,660,6600000,24,0,0,20,14,618,120
INS,661,6610000,0,0,7,4,0,372,100
INS,662,6620000,0,0,3,22,6,20,41
INS,663,6630000,0,8,0,15,13,0,43
INS,664,6640000,17,20,52,8,9,0,130
INS,665,6650000,19,0,38,15,5,0,118
INS,666,6660000,0,15,19,0,0,0,92
INS,667,6670000,0,3,0,15,0,0,93
INS,668,6680000,20,76,0,0,0,0,188
INS,669,6690000,5,0,45,13,0,0,172
INS,670,6700000,47,5,0,22,16,48,8
INS,671,6710000,0,0,14,0,14,0,171
INS,672,6720000,13,0,23,0,13,0,209
INS,673,6730000,28,0,0,0,12,0,217
INS,674,6740000,46,4,8,9,0,0,5
INS,675,6750000,3,55,9,14,0,21,57
INS,676,6760000,13,0,0,0,0,16,1
INS,677,6770000,5,0,0,30,1,26,51
INS,678,6780000,79,28,0,0,0,0,113
INS,679,6790000,27,0,0,5,8,0,63
INS,680,6800000,0,33,0,0,0,39,112
INS,681,6810000,0,0,45,0,12,47,161
INS,682,6820000,0,0,0,0,42,0,116
INS,683,6830000,1,0,0,21,36,0,149
INS,684,6840000,42,34,22,0,0,0,206
INS,685,6850000,0,0,0,0,9,15,149
INS,686,6860000,0,14,39,0,38,0,233
INS,687,6870000,8,14,21,0,16,25,243
INS,688,6880000,0,19,0,27,9,0,231
INS,689,6890000,15,0,0,0,0,29,237
INS,690,6900000,0,27,19,0,37,10,47
INS,691,6910000,0,0,10,0,0,0,237
INS,692,6920000,20,0,13,0,47,0,68
INS,693,6930000,12,12,18,0,7,0,54
INS,694,6940000,12,30,0,58,0,0,122
INS,695,6950000,0,19,9,0,0,7,74
INS,696,6960000,8,0,29,8,0,0,101
INS,697,6970000,30,0,47,0,17,42,209
INS,698,6980000,0,0,0,17,6,0,113
INS,699,6990000,0,17,0,0,0,0,124
INS,700,7000000,23,0,32,0,0,0,179
INS,701,7010000,280,0,31,9,0,0,205
INS,702,7020000,677,0,20,0,0,23,110
INS,703,7030000,967,10,10,0,0,0,138
INS,704,7040000,1307,0,4,0,0,0,223
INS,705,7050000,1594,0,68,0,0,0,79
INS,706,7060000,1863,7,0,24,0,7,79
INS,707,7070000,2138,0,0,8,0,26,111
INS,708,7080000,2391,0,0,46,0,25,162
INS,709,7090000,2552,0,27,15,5,0,60
INS,710,7100000,2780,0,0,35,0,0,37
INS,711,7110000,2879,51,0,53,16,2,240
INS,712,7120000,3082,0,0,3,1,0,86
INS,713,7130000,3097,0,42,0,0,40,196
INS,714,7140000,3171,42,1,0,0,18,10
INS,715,7150000,3201,0,0,0,48,0,44
INS,716,7160000,3222,147,0,41,0,0,222
INS,717,7170000,3075,308,10,0,61,0,27
INS,718,7180000,3011,452,19,13,19,29,133
INS,719,7190000,2918,579,0,19,0,0,123
INS,720,7200000,2763,712,0,0,0,0,99
INS,721,7210000,2571,815,0,21,9,18,75
INS,722,7220000,2358,958,0,0,28,30,32
INS,723,7230000,2149,1058,0,0,14,7,159
INS,724,7240000,1898,1144,8,0,0,8,6
INS,725,7250000,1598,1231,0,0,9,0,59
INS,726,7260000,1270,1261,18,0,0,2,45
INS,727,7270000,1005,1352,0,34,3,0,161
INS,728,7280000,670,1368,0,5,32,0,115
INS,729,7290000,324,1397,0,0,26,0,60
INS,730,7300000,0,1384,38,0,10,14,32
INS,731,7310000,42,1419,326,0,0,0,134
INS,732,7320000,0,1375,650,1,8,5,147
INS,733,7330000,0,1350,957,388,0,19,71
INS,734,7340000,5,1324,1248,663,0,0,102
INS,735,7350000,30,1213,1506,1014,0,0,130
INS,736,7360000,17,1141,1827,1308,275,13,197
INS,737,7370000,0,1078,2058,1627,573,0,201
INS,738,7380000,9,958,2189,1910,844,6,30
INS,739,7390000,0,835,2354,2184,1110,24,126
INS,740,7400000,3,700,2516,2357,1430,0,130
INS,741,7410000,0,558,2554,2582,1699,0,22
INS,742,7420000,13,458,2599,2631,1807,0,154
INS,743,7430000,22,328,2582,2718,1952,1,10
INS,744,7440000,0,150,2530,2806,2061,0,227
INS,745,7450000,40,0,2478,2767,2135,0,117
INS,746,7460000,0,29,2362,2758,2172,274,53
INS,747,7470000,6,19,2226,2661,2170,669,226
INS,748,7480000,27,4,2001,2513,2179,933,149
INS,749,7490000,0,0,1781,2365,2092,1226,229
INS,750,7500000,2,0,1506,2121,1930,1499,96
INS,751,7510000,0,33,1269,1840,1825,1616,150
INS,752,7520000,12,2,991,1652,1616,1703,72
INS,753,7530000,0,15,658,1353,1352,1765,24
INS,754,7540000,8,15,310,1029,1133,1794,211
INS,755,7550000,0,4,10,690,877,1714,2
INS,756,7560000,19,0,32,308,602,1592,45
INS,757,7570000,0,0,21,63,296,1416,73
INS,758,7580000,48,0,4,0,0,1222,80
INS,759,7590000,0,12,0,0,0,934,25
INS,760,7600000,0,3,0,0,0,608,219
INS,761,7610000,21,0,0,34,30,291,1
INS,762,7620000,37,0,0,0,0,0,191
INS,763,7630000,6,36,8,0,0,0,221
INS,764,7640000,0,18,0,0,0,39,245
INS,765,7650000,20,8,0,0,0,21,254
INS,766,7660000,0,51,0,0,0,0,17
INS,767,7670000,0,0,0,0,0,0,239
INS,768,7680000,0,0,0,35,37,0,72
INS,769,7690000,23,0,0,13,0,0,53
INS,770,7700000,0,0,0,0,0,0,34
INS,771,7710000,38,0,2,11,5,18,125
INS,772,7720000,0,13,11,0,0,26,118
INS,773,7730000,22,7,43,4,0,22,183
INS,774,7740000,0,3,0,0,0,10,115
INS,775,7750000,6,0,0,0,14,0,139
INS,776,7760000,33,22,1,0,27,14,233
INS,777,7770000,2,4,18,52,26,0,255
INS,778,7780000,0,0,18,28,0,0,216
INS,779,7790000,0,16,0,0,0,0,203
INS,780,7800000,22,9,0,0,0,0,235
INS,781,7810000,28,0,0,0,2,0,251
INS,782,7820000,6,0,15,0,0,14,17
INS,783,7830000,0,0,0,5,4,40,48
INS,784,7840000,11,11,45,9,0,14,106
INS,785,7850000,31,0,0,0,0,0,64
INS,786,7860000,0,2,0,13,11,0,76
INS,787,7870000,0,14,2,30,0,3,116
INS,788,7880000,13,0,0,10,10,0,117
INS,789,7890000,5,0,0,36,9,26,177
INS,790,7900000,0,28,0,0,27,0,173
INS,791,7910000,0,0,0,41,0,0,176
INS,792,7920000,21,9,38,4,0,0,224
INS,793,7930000,0,18,0,0,24,39,250
INS,794,7940000,0,0,0,19,0,0,205
INS,795,7950000,1,5,12,23,21,0,9
INS,796,7960000,0,0,34,9,0,16,23
INS,797,7970000,19,22,0,0,0,0,22
INS,798,7980000,0,0,0,39,50,1,88
INS,799,7990000,0,0,0,27,0,0,42
INS,800,8000000,11,18,2,12,3,0,78
INS,801,8010000,349,0,0,0,15,0,157
INS,802,8020000,666,12,36,11,51,0,74
INS,803,8030000,968,27,0,18,45,0,117
INS,804,8040000,1307,0,0,61,0,33,221
INS,805,8050000,1571,0,0,0,0,9,161
INS,806,8060000,1847,10,0,37,0,45,25
INS,807,8070000,2148,0,24,0,2,0,21
INS,808,8080000,2354,0,12,22,0,24,20
INS,809,8090000,2594,0,0,0,0,35,254
INS,810,8100000,2791,0,7,0,35,3,222
INS,811,8110000,2958,25,18,0,0,0,148
INS,812,8120000,3033,4,9,0,37,0,247
INS,813,8130000,3163,0,12,52,0,0,152
INS,814,8140000,3191,0,0,5,0,0,138
INS,815,8150000,3221,0,0,65,0,0,245
INS,816,8160000,3210,149,0,0,8,6,93
INS,817,8170000,3100,303,8,0,2,0,150
INS,818,8180000,3048,400,10,0,0,0,212
INS,819,8190000,2925,543,14,0,0,0,253
INS,820,8200000,2786,710,32,7,12,38,117
INS,821,8210000,2555,842,0,0,0,0,202
INS,822,8220000,2373,944,0,0,22,0,161
INS,823,8230000,2197,1066,0,0,0,0,102
INS,824,8240000,1867,1112,19,0,0,0,110
INS,825,8250000,1594,1206,18,0,25,0,228
INS,826,8260000,1298,1270,66,0,6,0,42
INS,827,8270000,970,1330,15,0,7,3,0
INS,828,8280000,629,1379,0,43,48,2,49
INS,829,8290000,353,1395,0,6,17,0,248
INS,830,8300000,32,1358,0,7,0,26,173
INS,831,8310000,30,1387,337,14,0,28,51
INS,832,8320000,6,1344,659,49,23,0,97
INS,833,8330000,0,1355,967,348,2,30,223
INS,834,8340000,40,1298,1289,711,0,37,145
INS,835,8350000,0,1218,1500,1070,28,17,108
INS,836,8360000,27,1085,1775,1358,304,45,118
INS,837,8370000,0,1018,2048,1627,606,0,72
INS,838,8380000,0,934,2201,1895,876,14,198
INS,839,8390000,33,756,2346,2206,1142,0,10
INS,840,8400000,0,706,2472,2391,1383,0,240
INS,841,8410000,44,562,2549,2502,1556,0,6
INS,842,8420000,0,405,2576,2666,1756,27,240
INS,843,8430000,27,307,2585,2768,1957,5,220
INS,844,8440000,0,199,2587,2806,2103,0,27
INS,845,8450000,0,37,2459,2794,2176,4,75
INS,846,8460000,6,0,2349,2774,2166,315,232
INS,847,8470000,4,0,2176,2679,2212,630,84
INS,848,8480000,0,9,1982,2519,2201,945,56
INS,849,8490000,0,3,1761,2369,2078,1219,103
INS,850,8500000,0,19,1521,2112,1947,1397,198
INS,851,8510000,0,35,1177,1894,1837,1605,23
INS,852,8520000,0,5,984,1628,1602,1707,186
INS,853,8530000,28,0,625,1327,1386,1771,182
INS,854,8540000,0,16,349,1022,1176,1830,223
INS,855,8550000,0,0,0,685,827,1751,134
INS,856,8560000,0,0,34,359,615,1654,62
INS,857,8570000,0,0,0,15,305,1427,188
INS,858,8580000,0,8,15,12,0,1200,205
INS,859,8590000,5,18,29,37,19,1000,95
INS,860,8600000,0,3,29,0,0,645,193
INS,861,8610000,0,9,0,0,0,314,112
INS,862,8620000,7,0,0,0,0,0,69
INS,863,8630000,0,0,2,0,0,0,81
INS,864,8640000,0,1,0,0,0,0,97
INS,865,8650000,14,0,0,0,32,32,191
INS,866,8660000,0,77,1,0,0,0,208
INS,867,8670000,5,0,24,5,39,0,220
INS,868,8680000,17,21,0,0,16,35,253
INS,869,8690000,20,0,31,0,0,14,246
INS,870,8700000,0,0,24,3,0,4,229
INS,871,8710000,22,26,0,20,1,0,28
INS,872,8720000,11,26,0,12,8,0,33
INS,873,8730000,0,0,16,0,0,0,9
INS,874,8740000,0,24,38,0,0,8,80
INS,875,8750000,0,21,0,0,0,0,48
INS,876,8760000,0,0,46,0,0,0,90
INS,877,8770000,11,13,0,17,16,0,118
INS,878,8780000,0,1,18,8,0,10,115
INS,879,8790000,23,0,0,0,0,12,130
INS,880,8800000,0,16,0,0,0,0,128
INS,881,8810000,2,0,0,14,1,0,146
INS,882,8820000,0,19,29,0,0,0,194
INS,883,8830000,0,0,24,0,31,25,243
INS,884,8840000,0,0,0,4,0,0,184
INS,885,8850000,9,16,17,41,0,20,44
INS,886,8860000,0,0,0,23,0,0,237
INS,887,8870000,12,4,6,0,16,0,13
INS,888,8880000,0,0,21,34,13,27,87
INS,889,8890000,0,6,2,0,6,12,35
INS,890,8900000,19,0,0,6,29,0,80
INS,891,8910000,0,10,0,0,0,43,96
INS,892,8920000,19,6,2,25,46,6,164
INS,893,8930000,0,26,56,10,51,10,230
INS,894,8940000,80,4,22,0,1,0,201
INS,895,8950000,13,0,34,0,17,1,176
INS,896,8960000,2,0,10,0,9,0,149
INS,897,8970000,35,47,41,17,29,0,58
INS,898,8980000,0,30,2,23,0,0,217
INS,899,8990000,19,0,0,42,31,0,15
INS,900,9000000,16,0,0,4,0,5,221
INS,901,9010000,313,4,0,0,0,0,18
INS,902,9020000,717,0,2,28,63,41,57
INS,903,9030000,990,0,0,0,0,0,213
INS,904,9040000,1297,0,2,0,3,4,34
INS,905,9050000,1615,25,0,0,51,13,193
INS,906,9060000,1908,0,0,0,4,0,162
INS,907,9070000,2106,0,0,0,0,0,117
INS,908,9080000,2363,20,10,58,10,0,233
INS,909,9090000,2603,12,0,1,0,0,149
INS,910,9100000,2771,0,0,0,12,56,133
INS,911,9110000,2939,0,13,0,21,41,69
INS,912,9120000,3021,0,0,3,1,4,101
INS,913,9130000,3105,4,0,19,24,6,247
INS,914,9140000,3175,25,42,2,0,31,125
INS,915,9150000,3187,38,34,0,18,0,144
INS,916,9160000,3167,123,0,0,0,19,193
INS,917,9170000,3094,277,0,0,10,36,62
INS,918,9180000,3066,428,22,0,14,26,218
INS,919,9190000,2913,551,39,11,25,0,218
INS,920,9200000,2794,692,5,23,0,0,210
INS,921,9210000,2564,822,37,1,0,0,137
INS,922,9220000,2341,932,0,25,22,0,50
INS,923,9230000,2121,1012,0,0,0,23,159
INS,924,9240000,1895,1176,0,3,0,29,123
INS,925,9250000,1642,1190,27,50,0,19,221
INS,926,9260000,1365,1271,16,34,11,0,7
INS,927,9270000,992,1342,21,10,9,0,213
INS,928,9280000,668,1383,11,0,18,0,192
INS,929,9290000,385,1364,11,8,10,0,163
INS,930,9300000,0,1404,23,0,34,24,143
INS,931,9310000,0,1396,306,0,0,55,176
INS,932,9320000,12,1315,646,0,0,0,153
INS,933,9330000,0,1336,963,306,0,0,34
INS,934,9340000,21,1285,1241,693,38,3,215
INS,935,9350000,0,1208,1501,1018,0,5,171
INS,936,9360000,29,1148,1811,1307,263,0,246
INS,937,9370000,0,1044,2035,1680,580,19,39
INS,938,9380000,9,951,2221,1929,880,0,176
INS,939,9390000,17,849,2381,2091,1155,18,202
INS,940,9400000,0,708,2468,2342,1337,13,64
INS,941,9410000,0,576,2495,2525,1663,0,216
INS,942,9420000,43,416,2606,2686,1819,17,49
INS,943,9430000,0,287,2576,2734,1985,6,67
INS,944,9440000,0,145,2564,2762,2079,0,46
INS,945,9450000,0,0,2485,2775,2125,0,154
INS,946,9460000,0,12,2359,2726,2200,249,76
INS,947,9470000,13,10,2192,2643,2188,621,214
INS,948,9480000,0,0,1974,2489,2170,927,124
INS,949,9490000,0,26,1774,2347,2041,1227,252
INS,950,9500000,0,0,1535,2145,1957,1443,190
INS,951,9510000,0,0,1234,1949,1771,1606,199
INS,952,9520000,0,0,973,1643,1614,1741,139
INS,953,9530000,0,0,655,1340,1354,1771,73
INS,954,9540000,0,0,341,1044,1134,1799,56
INS,955,9550000,0,0,4,687,861,1734,65
INS,956,9560000,0,0,0,377,584,1629,154
INS,957,9570000,0,28,22,0,309,1457,165
INS,958,9580000,0,0,0,4,0,1204,86
INS,959,9590000,0,5,0,0,13,947,116
INS,960,9600000,38,4,0,0,0,656,122
INS,961,9610000,0,0,0,3,9,337,46
INS,962,9620000,0,1,0,0,0,32,3
INS,963,9630000,0,0,0,22,0,0,9
INS,964,9640000,0,0,0,3,39,0,46
INS,965,9650000,0,35,40,35,2,6,139
INS,966,9660000,0,0,0,13,0,18,69
INS,967,9670000,0,0,0,6,4,0,65
INS,968,9680000,0,0,0,0,0,21,93
INS,969,9690000,0,0,1,0,2,61,153
INS,970,9700000,19,0,14,4,4,0,147
INS,971,9710000,13,12,3,21,0,28,200
INS,972,9720000,22,0,11,31,31,26,5
INS,973,9730000,21,0,0,27,2,38,245
INS,974,9740000,9,0,0,7,29,0,219
INS,975,9750000,0,0,5,45,15,0,0
INS,976,9760000,0,22,11,0,58,42,85
INS,977,9770000,48,0,7,27,0,9,60
INS,978,9780000,0,66,9,2,0,0,63
INS,979,9790000,0,4,0,0,19,0,26
INS,980,9800000,1,6,20,0,0,1,48
INS,981,9810000,0,12,0,40,0,0,89
INS,982,9820000,0,0,4,0,14,0,72
INS,983,9830000,1,0,0,39,0,29,140
INS,984,9840000,0,4,0,10,0,14,116
INS,985,9850000,23,34,0,0,17,0,179
INS,986,9860000,0,0,0,0,43,0,165
INS,987,9870000,13,13,0,8,0,0,173
INS,988,9880000,0,0,0,0,10,0,166
INS,989,9890000,33,0,5,6,2,19,238
INS,990,9900000,0,0,0,0,5,0,195
INS,991,9910000,0,0,0,0,0,33,240
INS,992,9920000,3,17,35,9,0,4,36
INS,993,9930000,0,0,0,13,25,0,23
INS,994,9940000,20,0,12,25,0,0,59
INS,995,9950000,16,0,0,29,0,0,64
INS,996,9960000,19,0,20,0,15,29,119
INS,997,9970000,0,0,0,19,11,0,83
INS,998,9980000,0,12,0,0,13,4,99
INS,999,9990000,0,15,0,28,59,0,189
INS,1000,10000000,35,0,0,30,4,19,192
INS,1001,10010000,361,10,0,0,31,0,11
INS,1002,10020000,629,32,39,0,0,15,85
INS,1003,10030000,1013,14,13,0,0,0,171
INS,1004,10040000,1265,5,0,12,48,2,224
INS,1005,10050000,1610,0,1,0,0,20,28
INS,1006,10060000,1837,55,0,42,65,15,172
INS,1007,10070000,2164,0,48,11,0,6,148
INS,1008,10080000,2337,0,57,0,4,0,78
INS,1009,10090000,2541,0,0,0,0,0,238
INS,1010,10100000,2730,0,0,0,13,0,201
INS,1011,10110000,2923,0,0,0,1,0,143
INS,1012,10120000,3079,26,0,0,0,0,85
INS,1013,10130000,3141,0,0,0,0,13,151
INS,1014,10140000,3179,0,4,0,17,27,241
INS,1015,10150000,3215,24,0,0,26,3,43
INS,1016,10160000,3179,173,2,0,25,0,171
INS,1017,10170000,3104,299,10,9,83,6,64
INS,1018,10180000,3042,493,0,0,23,0,128
INS,1019,10190000,2928,575,9,0,0,48,147
INS,1020,10200000,2792,709,28,20,52,17,222
INS,1021,10210000,2631,832,34,23,29,0,170
INS,1022,10220000,2341,919,1,0,12,26,193
INS,1023,10230000,2127,1017,31,42,0,0,128
INS,1024,10240000,1849,1135,0,0,0,29,197
INS,1025,10250000,1607,1200,0,0,0,0,8
INS,1026,10260000,1315,1273,26,32,47,13,180
INS,1027,10270000,973,1390,28,4,0,0,142
INS,1028,10280000,705,1365,1,2,0,0,93
INS,1029,10290000,291,1382,0,38,10,0,14
INS,1030,10300000,0,1408,6,0,23,23,26
INS,1031,10310000,0,1401,331,37,5,7,108
INS,1032,10320000,0,1375,627,0,13,32,135
INS,1033,10330000,21,1361,929,371,16,16,51
INS,1034,10340000,0,1264,1224,749,0,0,79
INS,1035,10350000,14,1208,1524,1031,12,61,197
INS,1036,10360000,0,1156,1741,1314,302,0,109
INS,1037,10370000,4,1077,2025,1653,604,0,208
INS,1038,10380000,0,905,2205,1902,908,0,14
INS,1039,10390000,21,809,2418,2109,1134,0,90
INS,1040,10400000,0,723,2477,2345,1416,7,72
INS,1041,10410000,0,534,2582,2572,1648,0,201
INS,1042,10420000,0,441,2593,2668,1797,0,125
INS,1043,10430000,0,354,2645,2739,1951,0,76
INS,1044,10440000,27,202,2586,2817,2046,15,97
INS,1045,10450000,0,34,2486,2774,2180,14,165
INS,1046,10460000,29,0,2346,2682,2220,341,56
INS,1047,10470000,0,27,2172,2689,2158,613,114
INS,1048,10480000,0,28,1970,2517,2174,958,119
INS,1049,10490000,9,0,1787,2390,2123,1204,2
INS,1050,10500000,6,0,1511,2158,1946,1448,87
INS,1051,10510000,43,6,1298,1913,1802,1594,203
INS,1052,10520000,37,54,1028,1668,1617,1781,5
INS,1053,10530000,22,0,642,1326,1387,1797,35
INS,1054,10540000,38,1,320,1035,1172,1767,235
INS,1055,10550000,51,0,3,695,874,1719,29
INS,1056,10560000,26,0,39,367,617,1592,113
INS,1057,10570000,37,25,4,49,329,1446,147
INS,1058,10580000,23,5,0,14,0,1197,25
INS,1059,10590000,9,6,0,45,0,955,74
INS,1060,10600000,31,24,6,0,5,680,78
INS,1061,10610000,11,0,26,7,13,316,234
INS,1062,10620000,0,0,0,0,22,0,156
INS,1063,10630000,14,14,0,11,2,0,192
INS,1064,10640000,0,43,6,28,26,0,15
INS,1065,10650000,2,11,0,0,0,29,227
INS,1066,10660000,7,4,25,24,0,0,6
INS,1067,10670000,15,3,0,0,0,0,237
INS,1068,10680000,36,1,29,0,32,18,96
INS,1069,10690000,0,0,0,3,2,36,38
INS,1070,10700000,0,18,0,17,0,0,49
INS,1071,10710000,32,0,3,0,24,10,100
INS,1072,10720000,0,14,29,17,11,24,143
INS,1073,10730000,11,0,19,0,0,10,105
INS,1074,10740000,4,0,0,14,6,0,106
INS,1075,10750000,19,0,0,0,3,20,141
INS,1076,10760000,29,30,0,0,0,0,175
INS,1077,10770000,0,33,0,0,0,0,166
INS,1078,10780000,0,0,0,0,17,0,167
INS,1079,10790000,9,44,5,10,0,8,243
INS,1080,10800000,10,0,22,9,0,0,225
INS,1081,10810000,23,7,35,0,18,0,28
INS,1082,10820000,27,37,0,13,0,10,49
INS,1083,10830000,0,33,0,0,0,0,12
INS,1084,10840000,15,0,24,22,41,43,141
INS,1085,10850000,31,18,0,15,0,0,77
INS,1086,10860000,7,9,0,8,56,0,110
INS,1087,10870000,3,0,43,13,0,0,106
INS,1088,10880000,26,26,0,0,0,14,130
INS,1089,10890000,0,0,77,0,28,0,186
INS,1090,10900000,4,0,20,0,0,13,135
INS,1091,10910000,6,0,11,26,0,47,205
INS,1092,10920000,0,0,21,16,0,6,175
INS,1093,10930000,0,0,0,11,20,28,208
INS,1094,10940000,0,29,6,0,21,17,239
INS,1095,10950000,19,32,0,8,10,0,252
INS,1096,10960000,53,13,8,0,0,0,18
INS,1097,10970000,0,0,0,0,5,21,243
INS,1098,10980000,0,46,14,16,0,19,73
INS,1099,10990000,0,7,0,36,16,0,54
INS,1100,11000000,0,0,0,18,0,13,43
INS,1101,11010000,366,0,0,0,0,0,139
INS,1102,11020000,694,31,0,0,0,0,3
INS,1103,11030000,990,0,0,17,0,0,46
INS,1104,11040000,1325,0,26,3,12,0,166
INS,1105,11050000,1583,27,24,58,0,2,255
INS,1106,11060000,1881,0,0,86,31,0,64
INS,1107,11070000,2130,0,0,30,0,8,251
INS,1108,11080000,2392,0,0,0,11,8,255
INS,1109,11090000,2579,2,22,0,0,0,208
INS,1110,11100000,2762,10,0,0,30,0,168
INS,1111,11110000,2986,12,3,37,0,0,165
INS,1112,11120000,3035,0,0,29,16,0,224
INS,1113,11130000,3131,4,0,0,0,3,43
INS,1114,11140000,3198,3,17,0,0,0,140
INS,1115,11150000,3199,25,24,0,0,14,201
INS,1116,11160000,3167,173,15,23,16,0,94
INS,1117,11170000,3134,267,0,42,0,14,174
INS,1118,11180000,3017,467,0,0,38,8,8
INS,1119,11190000,2871,521,13,19,0,0,175
INS,1120,11200000,2771,685,0,0,0,14,238
INS,1121,11210000,2580,803,0,13,7,0,188
INS,1122,11220000,2349,957,0,0,0,0,108
INS,1123,11230000,2147,1002,63,0,10,16,57
INS,1124,11240000,1893,1118,0,0,0,18,121
INS,1125,11250000,1579,1219,3,0,15,32,213
INS,1126,11260000,1330,1200,15,3,0,22,208
INS,1127,11270000,972,1330,14,34,22,16,43
INS,1128,11280000,618,1325,0,7,0,10,144
INS,1129,11290000,389,1410,6,0,0,0,6
INS,1130,11300000,13,1447,0,0,0,0,190
INS,1131,11310000,0,1386,330,3,45,30,29
INS,1132,11320000,0,1388,630,0,0,6,20
INS,1133,11330000,7,1368,1024,339,26,0,9
INS,1134,11340000,15,1304,1221,640,16,0,202
INS,1135,11350000,0,1236,1550,1061,0,0,102
INS,1136,11360000,0,1120,1814,1318,314,6,76
INS,1137,11370000,0,1081,1994,1651,611,24,114
INS,1138,11380000,32,941,2196,1922,889,14,252
INS,1139,11390000,31,838,2386,2158,1156,0,76
INS,1140,11400000,0,750,2518,2375,1361,0,16
INS,1141,11410000,0,548,2537,2505,1608,17,244
INS,1142,11420000,37,466,2594,2674,1770,0,75
INS,1143,11430000,11,311,2626,2732,1981,22,234
INS,1144,11440000,0,184,2576,2803,2095,25,251
INS,1145,11450000,32,9,2523,2813,2179,37,178
INS,1146,11460000,20,20,2303,2739,2189,291,164
INS,1147,11470000,0,45,2168,2635,2201,685,97
INS,1148,11480000,6,24,1939,2591,2148,970,58
INS,1149,11490000,0,9,1777,2367,2036,1163,5
INS,1150,11500000,0,0,1532,2131,1921,1385,151
INS,1151,11510000,25,0,1210,1897,1791,1618,252
INS,1152,11520000,0,9,985,1659,1598,1735,226
INS,1153,11530000,0,12,670,1290,1377,1804,178
INS,1154,11540000,0,0,339,1018,1151,1784,102
INS,1155,11550000,2,49,0,692,837,1772,203
INS,1156,11560000,0,0,0,330,610,1620,196
INS,1157,11570000,2,0,27,28,280,1471,229
INS,1158,11580000,2,49,19,0,25,1199,244
INS,1159,11590000,34,5,0,0,29,954,245
INS,1160,11600000,16,31,24,0,0,657,224
INS,1161,11610000,8,5,8,36,0,318,144
INS,1162,11620000,0,4,31,31,6,0,114
INS,1163,11630000,32,21,21,17,47,8,205
INS,1164,11640000,0,37,0,40,0,0,153
INS,1165,11650000,0,0,0,2,20,0,115
INS,1166,11660000,4,0,0,40,0,0,154
INS,1167,11670000,37,0,39,0,10,0,213
INS,1168,11680000,28,9,23,0,18,10,232
INS,1169,11690000,13,0,3,0,0,25,202
INS,1170,11700000,0,30,0,25,0,42,19
INS,1171,11710000,0,35,0,0,0,13,243
INS,1172,11720000,11,3,0,0,22,0,248
INS,1173,11730000,0,20,0,9,0,0,2
INS,1174,11740000,0,0,0,7,0,0,253
INS,1175,11750000,0,0,0,18,15,0,40
INS,1176,11760000,0,0,17,0,0,0,41
INS,1177,11770000,0,0,0,0,3,0,44
INS,1178,11780000,23,26,7,0,54,0,168
INS,1179,11790000,8,0,0,30,0,6,119
INS,1180,11800000,24,33,7,3,0,6,165
INS,1181,11810000,0,0,0,0,0,26,135
INS,1182,11820000,0,0,0,0,1,0,127
INS,1183,11830000,0,0,0,13,0,0,156
INS,1184,11840000,6,0,26,0,0,0,192
INS,1185,11850000,7,18,0,0,5,0,207
INS,1186,11860000,6,0,8,22,0,23,253
INS,1187,11870000,0,16,45,0,0,12,28
INS,1188,11880000,0,10,0,14,11,36,43
INS,1189,11890000,0,32,0,0,37,24,82
INS,1190,11900000,2,39,21,3,0,22,93
INS,1191,11910000,0,1,3,0,15,0,42
INS,1192,11920000,0,29,0,0,37,0,106
INS,1193,11930000,29,20,25,4,36,16,187
INS,1194,11940000,0,15,0,0,0,0,89
INS,1195,11950000,0,0,34,20,0,18,163
INS,1196,11960000,9,36,4,29,3,58,247
INS,1197,11970000,21,0,8,18,0,17,189
INS,1198,11980000,31,0,0,22,3,7,205
INS,1199,11990000,2,0,5,8,0,6,180
INS,1200,12000000,20,0,0,7,7,0,210
INS,1201,12010000,322,0,0,0,0,0,3
INS,1202,12020000,634,33,0,0,0,0,109
INS,1203,12030000,1044,0,0,5,0,0,252
INS,1204,12040000,1316,19,52,0,15,0,110
INS,1205,12050000,1610,0,20,23,0,40,162
INS,1206,12060000,1830,0,7,29,8,0,104
INS,1207,12070000,2152,21,35,0,35,50,28
INS,1208,12080000,2386,0,0,0,0,0,138
INS,1209,12090000,2570,17,13,0,17,0,130
INS,1210,12100000,2754,15,24,2,0,28,97
INS,1211,12110000,2903,0,0,48,4,0,246
INS,1212,12120000,3058,0,0,0,17,22,149
INS,1213,12130000,3133,0,0,1,7,14,224
INS,1214,12140000,3195,33,8,16,25,10,117
INS,1215,12150000,3190,0,0,0,0,0,37
INS,1216,12160000,3186,149,2,0,0,0,201
INS,1217,12170000,3103,308,0,8,1,6,51
INS,1218,12180000,3075,381,0,0,3,7,108
INS,1219,12190000,2916,547,3,0,0,1,126
INS,1220,12200000,2797,701,17,0,9,26,226
INS,1221,12210000,2590,801,0,7,0,0,91
INS,1222,12220000,2369,948,0,45,0,15,87
INS,1223,12230000,2184,1074,0,15,19,0,19
INS,1224,12240000,1862,1145,0,0,34,4,45
INS,1225,12250000,1610,1228,0,0,0,1,112
INS,1226,12260000,1298,1275,0,5,8,0,132
INS,1227,12270000,1010,1342,0,23,0,0,194
INS,1228,12280000,664,1404,29,14,0,41,244
INS,1229,12290000,337,1399,17,0,15,0,133
INS,1230,12300000,35,1392,6,0,9,29,109
INS,1231,12310000,0,1388,313,71,7,6,184
INS,1232,12320000,20,1392,619,52,0,0,243
INS,1233,12330000,37,1370,974,360,39,6,195
INS,1234,12340000,0,1328,1302,710,0,8,6
INS,1235,12350000,0,1165,1536,1031,0,0,151
INS,1236,12360000,5,1193,1805,1398,291,0,104
INS,1237,12370000,0,1065,1992,1608,585,0,167
INS,1238,12380000,5,949,2168,1889,838,0,15
INS,1239,12390000,0,782,2345,2173,1097,0,68
INS,1240,12400000,0,700,2455,2336,1445,0,112
INS,1241,12410000,0,542,2612,2544,1616,0,251
INS,1242,12420000,0,431,2612,2682,1799,0,222
INS,1243,12430000,67,269,2589,2724,1929,24,61
INS,1244,12440000,33,135,2548,2833,2024,47,96
INS,1245,12450000,0,0,2493,2785,2174,4,205
INS,1246,12460000,8,29,2375,2774,2208,313,217
INS,1247,12470000,0,0,2176,2655,2205,667,230
INS,1248,12480000,23,0,2032,2494,2152,990,235
INS,1249,12490000,32,11,1741,2388,2065,1176,230
INS,1250,12500000,6,2,1515,2158,1967,1430,168
INS,1251,12510000,0,0,1271,1920,1764,1618,192
INS,1252,12520000,67,1,939,1637,1560,1730,82
INS,1253,12530000,13,27,642,1337,1375,1832,159
INS,1254,12540000,32,42,281,1040,1160,1809,82
INS,1255,12550000,0,0,27,656,850,1771,63
INS,1256,12560000,27,15,0,340,535,1588,49
INS,1257,12570000,21,0,17,6,338,1426,137
INS,1258,12580000,28,0,0,1,38,1233,158
INS,1259,12590000,0,1,0,0,13,959,104
INS,1260,12600000,0,12,0,0,0,679,95
INS,1261,12610000,0,29,0,31,0,349,86
INS,1262,12620000,3,11,0,0,42,16,22
INS,1263,12630000,48,0,1,59,0,0,75
INS,1264,12640000,24,0,11,4,16,0,39
INS,1265,12650000,10,0,0,15,0,0,26
INS,1266,12660000,0,5,0,0,0,0,23
INS,1267,12670000,6,0,37,23,20,0,121
INS,1268,12680000,18,0,29,0,6,7,112
INS,1269,12690000,0,0,5,0,12,0,86
INS,1270,12700000,0,0,5,0,0,0,91
INS,1271,12710000,54,0,0,10,30,37,234
INS,1272,12720000,0,13,0,0,0,13,146
INS,1273,12730000,7,0,0,55,0,0,199
INS,1274,12740000,24,0,28,12,22,35,19
INS,1275,12750000,12,13,0,0,0,44,240
INS,1276,12760000,28,0,0,17,0,8,241
INS,1277,12770000,0,0,0,0,0,5,210
INS,1278,12780000,0,10,17,33,1,11,38
INS,1279,12790000,47,43,8,12,0,9,102
INS,1280,12800000,0,0,39,0,4,0,43
INS,1281,12810000,31,0,0,11,0,0,59
INS,1282,12820000,0,55,36,0,14,28,167
INS,1283,12830000,44,7,57,7,0,5,171
INS,1284,12840000,0,0,17,0,37,0,122
INS,1285,12850000,0,9,16,0,0,0,110
INS,1286,12860000,9,3,7,0,33,18,172
INS,1287,12870000,0,12,0,0,0,0,131
INS,1288,12880000,0,0,16,28,0,20,200
INS,1289,12890000,0,19,0,12,32,0,216
INS,1290,12900000,4,45,19,0,25,0,7
INS,1291,12910000,13,14,0,0,44,0,2
INS,1292,12920000,10,8,14,11,0,31,22
INS,1293,12930000,0,0,0,0,5,33,3
INS,1294,12940000,0,56,29,0,0,0,67
INS,1295,12950000,0,0,0,24,0,0,23
INS,1296,12960000,0,39,0,0,0,0,55
INS,1297,12970000,24,20,37,0,5,15,134
INS,1298,12980000,13,4,0,0,0,9,76
INS,1299,12990000,19,11,0,0,26,0,123
INS,1300,13000000,5,3,0,0,0,0,92
INS,1301,13010000,346,55,0,0,0,4,250
INS,1302,13020000,689,0,11,0,2,0,52
INS,1303,13030000,1006,69,0,0,0,4,190
INS,1304,13040000,1291,10,46,18,0,0,237
INS,1305,13050000,1586,19,0,16,9,0,7
INS,1306,13060000,1908,8,0,21,47,0,122
INS,1307,13070000,2167,1,43,41,16,33,200
INS,1308,13080000,2334,0,18,0,0,8,20
INS,1309,13090000,2573,1,25,0,0,0,20
INS,1310,13100000,2795,5,0,0,0,0,238
INS,1311,13110000,2912,4,0,19,0,0,134
INS,1312,13120000,3051,0,0,12,0,0,23
INS,1313,13130000,3171,0,21,0,2,0,171
INS,1314,13140000,3186,11,0,1,3,0,195
INS,1315,13150000,3220,4,0,0,0,37,16
INS,1316,13160000,3195,128,16,0,22,0,133
INS,1317,13170000,3130,329,0,18,24,23,57
INS,1318,13180000,3046,421,0,5,45,0,67
INS,1319,13190000,2897,640,0,13,0,14,131
INS,1320,13200000,2806,696,29,0,0,0,115
INS,1321,13210000,2574,811,5,6,3,0,0
INS,1322,13220000,2383,959,0,36,19,11,26
INS,1323,13230000,2104,1041,0,25,20,23,104
INS,1324,13240000,1864,1131,0,0,7,0,166
INS,1325,13250000,1601,1218,0,0,0,0,0
INS,1326,13260000,1319,1283,9,12,0,0,77
INS,1327,13270000,986,1345,0,0,10,1,69
INS,1328,13280000,616,1337,0,0,28,6,243
INS,1329,13290000,315,1443,0,0,0,0,31
INS,1330,13300000,0,1398,30,24,5,0,3
INS,1331,13310000,32,1358,322,6,0,15,40
INS,1332,13320000,0,1378,677,23,4,0,150
INS,1333,13330000,26,1387,949,352,18,18,67
INS,1334,13340000,23,1261,1240,673,29,40,88
INS,1335,13350000,22,1247,1480,1010,9,0,95
INS,1336,13360000,0,1131,1780,1377,294,1,159
INS,1337,13370000,2,1018,2020,1644,596,20,125
INS,1338,13380000,23,925,2226,1895,890,0,33
INS,1339,13390000,0,821,2369,2152,1176,0,97
INS,1340,13400000,40,658,2462,2406,1396,37,83
INS,1341,13410000,5,520,2594,2543,1606,0,113
INS,1342,13420000,26,435,2558,2673,1805,0,103
INS,1343,13430000,44,290,2620,2757,1949,0,27
INS,1344,13440000,0,181,2534,2813,2040,0,208
INS,1345,13450000,0,11,2536,2837,2147,0,188
INS,1346,13460000,33,20,2349,2775,2256,379,230
INS,1347,13470000,3,4,2152,2657,2213,620,84
INS,1348,13480000,6,31,2011,2541,2131,985,157
INS,1349,13490000,0,48,1776,2355,2078,1208,190
INS,1350,13500000,0,0,1562,2127,1951,1449,87
INS,1351,13510000,13,0,1242,1914,1804,1642,142
INS,1352,13520000,2,0,972,1641,1617,1726,14
INS,1353,13530000,0,0,610,1400,1343,1839,33
INS,1354,13540000,5,0,353,1013,1146,1797,196
INS,1355,13550000,30,0,0,711,864,1748,20
INS,1356,13560000,0,0,0,399,545,1638,34
INS,1357,13570000,0,0,0,26,297,1466,26
INS,1358,13580000,17,20,0,0,48,1193,44
INS,1359,13590000,10,0,0,0,11,941,1
INS,1360,13600000,0,19,26,33,0,679,69
INS,1361,13610000,21,43,22,0,0,289,216
INS,1362,13620000,34,0,12,20,24,19,223
INS,1363,13630000,3,31,0,0,19,0,184
INS,1364,13640000,0,21,0,4,19,9,201
INS,1365,13650000,0,0,0,31,0,0,196
INS,1366,13660000,34,11,0,0,0,0,227
INS,1367,13670000,0,19,0,34,0,23,19
INS,1368,13680000,0,0,0,0,20,2,238
INS,1369,13690000,20,0,0,0,0,0,253
INS,1370,13700000,0,0,41,0,0,58,93
INS,1371,13710000,0,0,0,0,4,44,59
INS,1372,13720000,0,0,34,74,0,0,136
INS,1373,13730000,0,1,0,55,0,13,114
INS,1374,13740000,27,21,8,20,0,12,150
INS,1375,13750000,3,1,4,6,8,0,101
INS,1376,13760000,0,28,6,39,0,0,169
INS,1377,13770000,0,0,16,41,25,0,195
INS,1378,13780000,16,46,0,0,0,0,192
INS,1379,13790000,0,15,0,27,0,27,216
INS,1380,13800000,14,0,13,10,0,34,235
INS,1381,13810000,0,5,29,30,0,0,245
INS,1382,13820000,0,6,6,0,0,0,210
INS,1383,13830000,0,16,0,0,14,12,1
INS,1384,13840000,14,12,25,44,0,19,90
INS,1385,13850000,0,25,0,0,9,0,27
INS,1386,13860000,2,1,2,8,0,13,36
INS,1387,13870000,2,1,59,15,49,0,153
INS,1388,13880000,39,5,0,41,57,28,214
INS,1389,13890000,0,1,4,0,0,10,76
INS,1390,13900000,50,0,24,0,27,0,179
INS,1391,13910000,0,15,16,38,0,0,164
INS,1392,13920000,14,13,0,0,0,31,170
INS,1393,13930000,5,31,29,28,21,9,252
INS,1394,13940000,0,40,54,0,0,42,26
INS,1395,13950000,11,0,0,16,0,34,224
INS,1396,13960000,0,12,0,0,0,0,192
INS,1397,13970000,0,0,13,0,0,36,246
INS,1398,13980000,0,0,0,0,0,12,226
INS,1399,13990000,0,2,0,0,27,0,4
INS,1400,14000000,14,0,3,19,6,5,39
INS,1401,14010000,373,11,19,0,18,0,174
INS,1402,14020000,645,0,0,0,14,0,173
INS,1403,14030000,955,6,0,3,0,0,239
INS,1404,14040000,1313,0,12,51,4,16,176
INS,1405,14050000,1580,0,0,0,0,0,121
INS,1406,14060000,1879,0,0,14,0,0,195
INS,1407,14070000,2114,0,0,0,0,26,203
INS,1408,14080000,2311,53,29,11,0,0,228
INS,1409,14090000,2597,11,20,0,24,32,13
INS,1410,14100000,2771,0,27,0,26,24,194
INS,1411,14110000,2921,26,0,35,0,11,100
INS,1412,14120000,3066,76,0,18,7,31,66
INS,1413,14130000,3140,0,0,55,22,5,107
INS,1414,14140000,3179,14,0,22,46,0,163
INS,1415,14150000,3190,17,0,0,19,0,145
INS,1416,14160000,3202,147,22,0,0,0,51
INS,1417,14170000,3170,297,0,0,9,10,183
INS,1418,14180000,3074,413,0,6,0,29,236
INS,1419,14190000,2893,584,46,0,4,0,2
INS,1420,14200000,2786,646,0,0,50,0,230
INS,1421,14210000,2569,832,0,26,9,33,234
INS,1422,14220000,2375,940,0,0,10,0,107
INS,1423,14230000,2182,1052,0,16,0,0,49
INS,1424,14240000,1884,1131,0,2,17,0,106
INS,1425,14250000,1594,1193,0,19,23,1,175
INS,1426,14260000,1295,1284,6,0,0,30,233
INS,1427,14270000,994,1364,22,0,24,0,39
INS,1428,14280000,668,1376,0,0,0,0,208
INS,1429,14290000,333,1394,0,0,3,0,167
INS,1430,14300000,9,1435,0,0,0,0,154
INS,1431,14310000,23,1438,351,28,16,7,78
INS,1432,14320000,11,1382,637,22,0,0,28
INS,1433,14330000,1,1323,1017,379,0,0,201
INS,1434,14340000,0,1289,1312,732,56,18,137
INS,1435,14350000,0,1191,1571,1033,27,5,62
INS,1436,14360000,0,1095,1785,1328,341,28,61
INS,1437,14370000,0,1049,2000,1639,603,0,24
INS,1438,14380000,0,912,2193,1937,868,0,148
INS,1439,14390000,9,847,2354,2143,1159,3,2
INS,1440,14400000,0,686,2491,2342,1424,0,191
INS,1441,14410000,23,554,2540,2549,1588,0,7
INS,1442,14420000,35,456,2620,2656,1836,2,119
INS,1443,14430000,0,333,2612,2726,1952,0,154
INS,1444,14440000,15,133,2598,2819,2090,11,214
INS,1445,14450000,6,0,2455,2824,2178,27,55
INS,1446,14460000,0,29,2353,2757,2233,326,24
INS,1447,14470000,0,0,2149,2686,2202,690,70
INS,1448,14480000,0,0,2042,2509,2137,968,16
INS,1449,14490000,0,0,1801,2397,2104,1197,132
INS,1450,14500000,79,1,1546,2176,1946,1464,118
INS,1451,14510000,0,0,1229,1873,1830,1563,186
INS,1452,14520000,0,0,932,1611,1649,1743,155
INS,1453,14530000,0,0,666,1372,1440,1807,34
INS,1454,14540000,3,21,327,966,1114,1780,1
INS,1455,14550000,23,14,0,695,929,1760,252
INS,1456,14560000,0,33,5,348,574,1612,188
INS,1457,14570000,0,13,0,0,325,1455,194
INS,1458,14580000,0,8,0,0,6,1221,165
INS,1459,14590000,0,0,6,0,0,924,133
INS,1460,14600000,0,17,57,0,20,661,231
INS,1461,14610000,41,42,0,28,0,306,166
INS,1462,14620000,4,22,0,6,6,0,60
INS,1463,14630000,28,0,42,8,6,0,123
INS,1464,14640000,17,20,28,0,0,0,121
INS,1465,14650000,0,3,0,0,3,23,102
INS,1466,14660000,13,3,17,0,0,57,180
INS,1467,14670000,36,0,33,0,5,0,181
INS,1468,14680000,0,29,0,0,16,37,206
INS,1469,14690000,0,16,23,0,0,26,206
INS,1470,14700000,0,0,12,47,0,50,11
INS,1471,14710000,0,0,9,7,0,0,191
INS,1472,14720000,0,0,7,6,0,0,205
INS,1473,14730000,1,19,0,57,0,0,30
INS,1474,14740000,0,0,23,40,0,0,33
INS,1475,14750000,0,30,0,19,0,26,62
INS,1476,14760000,12,0,19,0,0,15,50
INS,1477,14770000,0,34,20,19,0,0,94
INS,1478,14780000,32,0,8,0,37,31,146
INS,1479,14790000,0,0,0,0,0,3,58
INS,1480,14800000,0,18,0,11,6,0,107
INS,1481,14810000,10,6,0,19,0,0,124
INS,1482,14820000,0,42,23,13,14,0,198
INS,1483,14830000,14,12,8,0,29,0,186
INS,1484,14840000,15,0,27,0,0,0,182
INS,1485,14850000,0,0,0,14,26,0,197
INS,1486,14860000,0,0,0,1,5,0,180
INS,1487,14870000,0,0,0,0,0,56,247
INS,1488,14880000,16,0,0,14,5,36,23
INS,1489,14890000,4,0,25,6,9,0,13
INS,1490,14900000,0,26,16,5,7,0,40
INS,1491,14910000,5,0,0,0,0,0,8
INS,1492,14920000,0,16,0,16,0,10,62
INS,1493,14930000,0,0,7,0,20,4,68
INS,1494,14940000,0,27,28,22,44,0,175
INS,1495,14950000,64,5,0,0,52,0,192
INS,1496,14960000,0,0,0,28,0,43,159
INS,1497,14970000,0,6,11,12,39,2,175
INS,1498,14980000,0,0,21,12,24,0,179
INS,1499,14990000,17,2,0,0,0,18,176
INS,1500,15000000,54,20,29,0,8,33,44
INS,1501,15010000,356,0,15,6,1,0,39
INS,1502,15020000,690,17,3,0,44,0,176
INS,1503,15030000,965,25,48,35,0,16,16
INS,1504,15040000,1309,0,11,0,26,10,44
INS,1505,15050000,1599,36,15,0,0,32,131
INS,1506,15060000,1900,7,0,0,0,11,128
INS,1507,15070000,2152,0,33,0,0,0,156
INS,1508,15080000,2378,0,62,0,5,0,177
INS,1509,15090000,2607,6,26,0,5,8,145
INS,1510,15100000,2769,14,2,0,0,0,39
INS,1511,15110000,2959,33,0,0,0,16,23
INS,1512,15120000,3075,16,0,8,42,2,175
INS,1513,15130000,3132,24,20,18,23,0,10
INS,1514,15140000,3189,12,0,3,0,0,14
INS,1515,15150000,3260,2,6,51,21,0,167
INS,1516,15160000,3207,159,0,60,6,0,20
INS,1517,15170000,3084,287,0,9,0,28,13
INS,1518,15180000,3053,438,18,12,14,36,193
INS,1519,15190000,2936,588,15,0,0,0,178
INS,1520,15200000,2769,667,0,0,7,28,127
INS,1521,15210000,2570,827,6,0,0,0,76
INS,1522,15220000,2417,903,19,0,11,5,45
INS,1523,15230000,2152,1009,19,45,0,0,188
INS,1524,15240000,1857,1137,53,0,5,0,32
INS,1525,15250000,1608,1232,3,0,0,0,96
INS,1526,15260000,1287,1274,0,31,30,20,168
INS,1527,15270000,990,1304,0,0,0,0,93
INS,1528,15280000,696,1371,14,0,0,0,153
INS,1529,15290000,320,1409,12,3,0,26,115
INS,1530,15300000,0,1375,0,69,0,6,68
INS,1531,15310000,10,1424,308,43,0,0,164
INS,1532,15320000,0,1359,628,0,0,18,145
INS,1533,15330000,12,1354,984,338,0,3,80
INS,1534,15340000,0,1280,1271,703,2,0,150
INS,1535,15350000,0,1186,1527,1022,0,0,134
INS,1536,15360000,0,1122,1746,1319,323,0,158
INS,1537,15370000,23,994,1987,1679,614,0,194
INS,1538,15380000,18,977,2191,1911,901,0,144
INS,1539,15390000,19,849,2356,2199,1141,3,218
INS,1540,15400000,0,686,2471,2348,1397,0,58
INS,1541,15410000,20,583,2587,2568,1623,0,42
INS,1542,15420000,2,462,2617,2676,1825,26,30
INS,1543,15430000,0,295,2613,2793,1983,0,123
INS,1544,15440000,0,129,2551,2797,2053,1,243
INS,1545,15450000,14,0,2489,2800,2194,20,246
INS,1546,15460000,20,0,2344,2733,2207,367,161
INS,1547,15470000,0,23,2170,2619,2188,645,152
INS,1548,15480000,0,0,1996,2586,2144,938,188
INS,1549,15490000,0,0,1787,2345,2101,1194,224
INS,1550,15500000,0,0,1523,2143,1946,1409,91
INS,1551,15510000,42,10,1268,1953,1791,1609,16
INS,1552,15520000,0,35,941,1647,1655,1725,131
INS,1553,15530000,22,23,676,1335,1367,1782,118
INS,1554,15540000,10,0,357,1036,1128,1787,16
INS,1555,15550000,0,26,0,681,895,1720,61
INS,1556,15560000,13,0,0,309,573,1613,32
INS,1557,15570000,24,0,7,36,253,1432,61
INS,1558,15580000,0,20,31,0,29,1200,118
INS,1559,15590000,0,17,7,21,0,920,76
INS,1560,15600000,0,9,26,0,31,656,106
INS,1561,15610000,22,2,0,22,0,342,45
INS,1562,15620000,2,17,44,0,0,0,249
INS,1563,15630000,12,4,7,23,42,40,75
INS,1564,15640000,0,0,0,0,0,0,220
INS,1565,15650000,0,0,5,0,50,0,36
INS,1566,15660000,0,0,0,0,34,0,32
INS,1567,15670000,0,2,0,0,29,0,46
INS,1568,15680000,20,0,0,0,22,0,74
INS,1569,15690000,0,15,0,23,11,23,121
INS,1570,15700000,0,5,0,30,0,0,101
INS,1571,15710000,0,0,0,5,0,27,115
INS,1572,15720000,0,15,34,6,15,0,170
INS,1573,15730000,0,0,0,6,0,0,123
INS,1574,15740000,32,0,0,4,29,37,236
INS,1575,15750000,22,0,0,0,0,12,185
INS,1576,15760000,0,18,0,4,21,0,211
INS,1577,15770000,0,0,16,0,0,30,231
INS,1578,15780000,0,54,37,13,4,37,91
INS,1579,15790000,15,0,0,0,23,4,5
INS,1580,15800000,25,0,46,24,1,35,111
INS,1581,15810000,0,0,0,0,38,0,35
INS,1582,15820000,0,0,0,7,34,46,101
INS,1583,15830000,15,32,0,59,13,0,150
INS,1584,15840000,0,6,36,0,0,20,110
INS,1585,15850000,0,0,46,24,19,0,154
INS,1586,15860000,0,20,0,27,11,0,140
INS,1587,15870000,0,0,13,23,0,14,149
INS,1588,15880000,50,0,0,13,6,10,195
INS,1589,15890000,14,12,0,24,15,0,198
INS,1590,15900000,0,0,8,25,10,0,193
INS,1591,15910000,35,23,4,0,15,0,244
INS,1592,15920000,0,0,0,0,0,0,184
INS,1593,15930000,0,1,0,0,0,14,216
INS,1594,15940000,0,3,6,0,0,0,227
INS,1595,15950000,0,16,17,20,22,0,54
INS,1596,15960000,5,0,10,30,0,0,41
INS,1597,15970000,0,7,16,0,0,1,37
INS,1598,15980000,0,0,0,0,0,0,30
INS,1599,15990000,31,0,27,0,21,40,166
INS,1600,16000000,0,0,0,0,0,7,71
INS,1601,16010000,347,17,0,0,0,27,216
INS,1602,16020000,664,0,0,0,0,0,250
INS,1603,16030000,944,0,19,0,49,29,132
INS,1604,16040000,1285,5,3,0,0,0,145
INS,1605,16050000,1606,0,39,15,0,54,71
INS,1606,16060000,1836,23,21,21,21,0,40
INS,1607,16070000,2139,0,0,8,0,36,62
INS,1608,16080000,2386,0,44,24,0,0,94
INS,1609,16090000,2618,0,0,2,22,0,43
INS,1610,16100000,2804,0,33,0,28,5,32
INS,1611,16110000,2944,0,42,7,1,37,210
INS,1612,16120000,3029,0,24,0,0,2,251
INS,1613,16130000,3129,0,11,0,2,0,99
INS,1614,16140000,3201,23,21,44,71,0,78
INS,1615,16150000,3183,0,3,6,0,15,198
INS,1616,16160000,3222,138,7,9,43,23,194
INS,1617,16170000,3117,248,0,29,0,0,163
INS,1618,16180000,3035,444,1,0,0,46,56
INS,1619,16190000,2931,521,0,0,13,0,12
INS,1620,16200000,2755,697,0,0,0,0,16
INS,1621,16210000,2586,748,49,15,0,0,235
INS,1622,16220000,2342,888,0,0,62,21,167
INS,1623,16230000,2168,1067,12,0,0,0,118
INS,1624,16240000,1899,1142,0,9,5,0,199
INS,1625,16250000,1589,1232,28,8,26,23,67
INS,1626,16260000,1299,1250,4,15,16,0,18
INS,1627,16270000,977,1316,0,0,20,0,20
INS,1628,16280000,634,1378,0,0,15,0,7
INS,1629,16290000,362,1384,20,17,1,3,40
INS,1630,16300000,0,1385,0,0,32,0,199
INS,1631,16310000,0,1396,334,0,0,37,54
INS,1632,16320000,15,1324,642,20,0,30,79
INS,1633,16330000,1,1343,968,355,0,15,235
INS,1634,16340000,9,1263,1235,725,0,38,72
INS,1635,16350000,10,1223,1512,1017,31,6,106
INS,1636,16360000,0,1147,1806,1344,303,23,179
INS,1637,16370000,24,1053,1985,1642,603,0,112
INS,1638,16380000,35,962,2197,1917,845,14,24
INS,1639,16390000,0,817,2342,2156,1179,32,85
INS,1640,16400000,23,660,2458,2371,1418,0,250
INS,1641,16410000,0,548,2571,2532,1578,1,55
INS,1642,16420000,0,436,2598,2667,1820,0,107
INS,1643,16430000,0,296,2545,2770,1955,29,198
INS,1644,16440000,0,140,2599,2761,2072,0,192
INS,1645,16450000,0,7,2424,2774,2128,0,226
INS,1646,16460000,0,36,2352,2725,2240,298,49
INS,1647,16470000,0,5,2210,2640,2218,624,112
INS,1648,16480000,51,6,1973,2488,2158,901,9
INS,1649,16490000,23,0,1792,2354,2060,1242,176
INS,1650,16500000,12,23,1542,2121,1914,1417,7
INS,1651,16510000,0,0,1217,1883,1800,1547,210
INS,1652,16520000,39,0,976,1647,1613,1726,37
INS,1653,16530000,12,0,628,1367,1389,1760,233
INS,1654,16540000,0,0,276,1035,1190,1755,118
INS,1655,16550000,0,1,16,732,898,1707,1
INS,1656,16560000,0,21,0,327,585,1595,216
INS,1657,16570000,10,0,19,3,320,1444,13
INS,1658,16580000,53,56,0,6,0,1202,63
INS,1659,16590000,0,1,0,0,33,948,1
INS,1660,16600000,0,17,2,0,10,668,245
INS,1661,16610000,46,0,7,22,0,321,217
INS,1662,16620000,4,0,0,0,22,0,120
INS,1663,16630000,0,0,0,0,5,0,116
INS,1664,16640000,31,0,0,21,0,15,195
INS,1665,16650000,30,9,1,19,3,19,226
INS,1666,16660000,0,0,28,0,0,14,204
INS,1667,16670000,0,35,0,0,23,0,237
INS,1668,16680000,0,29,0,6,17,57,49
INS,1669,16690000,11,0,21,12,4,0,5
INS,1670,16700000,4,17,0,0,0,0,251
INS,1671,16710000,0,22,10,0,12,51,86
INS,1672,16720000,3,12,5,14,0,0,42
INS,1673,16730000,0,0,17,0,10,0,52
INS,1674,16740000,6,0,19,0,0,22,89
INS,1675,16750000,0,0,0,33,0,0,92
INS,1676,16760000,0,0,44,0,0,15,135
INS,1677,16770000,14,25,22,8,11,11,184
INS,1678,16780000,0,0,0,13,12,26,161
INS,1679,16790000,0,0,0,0,15,0,142
INS,1680,16800000,0,13,0,0,0,9,166
INS,1681,16810000,0,3,0,28,0,9,201
INS,1682,16820000,10,28,29,21,32,30,72
INS,1683,16830000,17,3,22,0,0,0,237
INS,1684,16840000,0,22,1,8,36,0,23
INS,1685,16850000,0,0,0,22,0,40,35
INS,1686,16860000,0,0,0,16,0,16,22
INS,1687,16870000,0,0,29,41,0,4,81
INS,1688,16880000,0,2,7,30,0,20,83
INS,1689,16890000,15,22,0,0,12,37,127
INS,1690,16900000,0,0,0,0,37,10,105
INS,1691,16910000,26,21,26,4,18,11,181
INS,1692,16920000,23,0,0,0,0,0,115
INS,1693,16930000,0,0,0,0,0,0,109
INS,1694,16940000,6,29,19,10,4,34,228
INS,1695,16950000,0,34,0,32,0,41,250
INS,1696,16960000,14,0,0,25,0,0,199
INS,1697,16970000,0,0,0,17,27,10,231
INS,1698,16980000,6,1,0,17,1,0,219
INS,1699,16990000,6,0,8,0,0,18,243
INS,1700,17000000,6,38,6,4,0,0,26
INS,1701,17010000,349,6,0,0,0,27,115
INS,1702,17020000,661,0,17,0,13,0,185
INS,1703,17030000,978,8,14,9,0,0,8
INS,1704,17040000,1292,0,5,0,0,0,57
INS,1705,17050000,1590,0,0,0,0,15,126
INS,1706,17060000,1890,5,47,34,45,4,51
INS,1707,17070000,2149,4,15,13,0,0,224
INS,1708,17080000,2390,31,40,10,0,14,33
INS,1709,17090000,2551,8,45,48,0,0,217
INS,1710,17100000,2782,0,6,0,12,0,126
INS,1711,17110000,2927,0,0,0,35,29,78
INS,1712,17120000,3028,0,14,0,39,0,185
INS,1713,17130000,3105,13,0,4,0,43,30
INS,1714,17140000,3218,0,0,9,0,0,109
INS,1715,17150000,3174,0,12,26,0,8,119
INS,1716,17160000,3189,121,35,27,29,27,88
INS,1717,17170000,3137,265,0,0,3,0,82
INS,1718,17180000,3001,477,13,0,11,0,196
INS,1719,17190000,2939,570,11,4,1,0,236
INS,1720,17200000,2767,710,0,0,6,20,231
INS,1721,17210000,2588,837,27,0,3,0,200
INS,1722,17220000,2377,911,0,0,0,0,50
INS,1723,17230000,2176,1044,3,0,0,35,37
INS,1724,17240000,1888,1152,5,17,0,0,114
INS,1725,17250000,1568,1235,0,0,0,0,128
INS,1726,17260000,1283,1299,0,13,0,58,251
INS,1727,17270000,955,1343,26,6,39,0,240
INS,1728,17280000,609,1359,2,19,0,0,133
INS,1729,17290000,284,1378,1,0,11,19,110
INS,1730,17300000,0,1409,0,0,0,50,149
INS,1731,17310000,0,1415,363,0,0,43,16
INS,1732,17320000,5,1339,638,18,5,25,242
INS,1733,17330000,0,1340,981,312,0,0,94
INS,1734,17340000,0,1283,1254,708,14,0,225
INS,1735,17350000,0,1264,1528,1054,0,22,83
INS,1736,17360000,0,1136,1759,1380,303,13,55
INS,1737,17370000,0,1061,1976,1635,578,0,219
INS,1738,17380000,37,944,2196,1893,862,16,166
INS,1739,17390000,2,882,2386,2179,1190,0,106
INS,1740,17400000,0,692,2482,2389,1365,0,156
INS,1741,17410000,45,539,2542,2572,1613,0,44
INS,1742,17420000,0,400,2587,2659,1751,16,163
INS,1743,17430000,0,248,2615,2725,1952,0,51
INS,1744,17440000,0,173,2592,2775,2108,13,189
INS,1745,17450000,0,0,2517,2800,2212,0,74
INS,1746,17460000,0,2,2295,2762,2227,308,156
INS,1747,17470000,0,6,2214,2647,2194,644,28
INS,1748,17480000,8,0,2025,2544,2148,952,17
INS,1749,17490000,8,5,1802,2369,2084,1263,144
INS,1750,17500000,3,0,1539,2192,1959,1413,248
INS,1751,17510000,24,17,1266,1899,1800,1608,29
INS,1752,17520000,0,3,953,1655,1617,1743,171
INS,1753,17530000,27,13,704,1387,1378,1753,247
INS,1754,17540000,0,5,350,984,1147,1797,53
INS,1755,17550000,43,17,0,677,941,1768,1
INS,1756,17560000,0,12,0,299,522,1599,28
INS,1757,17570000,0,0,0,0,282,1417,80
INS,1758,17580000,0,26,0,0,0,1256,192
INS,1759,17590000,22,0,13,59,9,939,225
INS,1760,17600000,0,0,31,12,0,649,148
INS,1761,17610000,3,0,35,0,0,311,78
INS,1762,17620000,0,12,21,38,28,32,133
INS,1763,17630000,0,0,0,0,0,0,19
INS,1764,17640000,0,0,0,0,0,8,44
INS,1765,17650000,16,0,20,34,0,0,123
INS,1766,17660000,0,0,21,0,38,8,137
INS,1767,17670000,0,45,35,5,0,0,172
INS,1768,17680000,0,13,0,0,0,0,117
INS,1769,17690000,0,0,50,0,0,0,171
INS,1770,17700000,26,15,0,0,0,0,179
INS,1771,17710000,0,0,0,0,0,0,155
INS,1772,17720000,0,15,18,34,0,27,10
INS,1773,17730000,0,23,52,15,23,0,46
INS,1774,17740000,0,11,2,25,1,0,245
INS,1775,17750000,6,5,0,33,0,6,17
INS,1776,17760000,9,33,0,6,0,23,55
INS,1777,17770000,30,0,0,44,14,0,89
INS,1778,17780000,0,2,6,0,0,0,26
INS,1779,17790000,6,0,0,0,26,0,67
INS,1780,17800000,0,0,0,66,57,0,175
INS,1781,17810000,28,1,7,20,40,0,165
INS,1782,17820000,0,0,27,8,0,0,121
INS,1783,17830000,0,0,20,24,0,2,149
INS,1784,17840000,12,11,7,0,0,6,156
INS,1785,17850000,10,3,0,23,0,40,213
INS,1786,17860000,30,0,19,8,13,33,1
INS,1787,17870000,0,50,0,25,0,0,246
INS,1788,17880000,0,0,0,11,85,0,28
INS,1789,17890000,21,33,52,17,20,2,94
INS,1790,17900000,0,0,36,0,0,0,2
INS,1791,17910000,2,0,0,0,0,0,241
INS,1792,17920000,0,0,0,14,0,24,38
INS,1793,17930000,22,0,1,0,1,7,48
INS,1794,17940000,0,0,0,0,0,0,34
INS,1795,17950000,0,10,0,7,0,0,68
INS,1796,17960000,22,0,0,45,0,0,135
INS,1797,17970000,26,0,0,0,0,0,111
INS,1798,17980000,46,0,9,0,0,16,173
INS,1799,17990000,19,26,0,1,0,0,165
INS,1800,18000000,0,9,0,12,0,0,157
INS,1801,18010000,321,0,26,40,0,0,28
INS,1802,18020000,670,27,74,10,0,71,254
INS,1803,18030000,983,0,49,7,0,8,210
INS,1804,18040000,1335,0,0,0,19,0,22
INS,1805,18050000,1634,0,0,0,34,18,115
INS,1806,18060000,1850,14,0,10,0,10,74
INS,1807,18070000,2121,0,2,1,43,18,136
INS,1808,18080000,2402,13,0,0,45,0,172
INS,1809,18090000,2548,0,0,38,32,0,91
INS,1810,18100000,2757,2,10,0,0,46,49
INS,1811,18110000,2918,0,25,19,0,39,252
INS,1812,18120000,3053,15,19,0,0,0,99
INS,1813,18130000,3151,0,30,10,0,0,220
INS,1814,18140000,3174,0,2,18,0,0,240
INS,1815,18150000,3261,0,0,39,0,55,162
INS,1816,18160000,3173,116,6,10,2,0,131
INS,1817,18170000,3136,284,9,0,0,0,14
INS,1818,18180000,3047,446,9,0,26,0,130
INS,1819,18190000,2888,542,0,0,24,4,77
INS,1820,18200000,2784,669,11,18,2,19,139
INS,1821,18210000,2590,869,0,0,18,37,167
INS,1822,18220000,2374,984,17,0,0,3,48
INS,1823,18230000,2131,1034,0,7,0,0,115
INS,1824,18240000,1901,1153,0,0,21,0,35
INS,1825,18250000,1608,1206,0,0,0,0,47
INS,1826,18260000,1334,1278,34,27,0,0,179
INS,1827,18270000,1043,1309,21,0,14,0,166
INS,1828,18280000,662,1353,51,0,0,0,118
INS,1829,18290000,330,1429,0,14,46,10,154
INS,1830,18300000,19,1398,29,22,0,0,66
INS,1831,18310000,22,1383,303,0,0,0,67
INS,1832,18320000,0,1447,622,0,16,48,253
INS,1833,18330000,48,1367,955,352,10,15,116
INS,1834,18340000,0,1260,1305,726,0,0,165
INS,1835,18350000,0,1209,1498,1015,0,50,151
INS,1836,18360000,27,1137,1832,1370,308,5,51
INS,1837,18370000,18,1018,1992,1656,632,0,193
INS,1838,18380000,4,961,2199,1879,859,5,33
INS,1839,18390000,20,832,2359,2148,1153,1,144
INS,1840,18400000,0,696,2517,2380,1427,25,181
INS,1841,18410000,2,592,2550,2522,1605,0,168
INS,1842,18420000,26,408,2559,2673,1754,0,78
INS,1843,18430000,51,312,2543,2760,1985,0,70
INS,1844,18440000,19,167,2600,2765,2102,3,92
INS,1845,18450000,39,0,2488,2824,2174,0,234
INS,1846,18460000,4,13,2376,2763,2198,380,204
INS,1847,18470000,31,0,2158,2675,2159,640,150
INS,1848,18480000,0,0,1992,2523,2202,951,172
INS,1849,18490000,0,0,1792,2369,2011,1203,152
INS,1850,18500000,0,24,1554,2150,1948,1455,181
INS,1851,18510000,39,3,1237,1912,1812,1600,182
INS,1852,18520000,25,11,981,1616,1601,1716,58
INS,1853,18530000,0,26,579,1299,1353,1775,181
INS,1854,18540000,0,35,362,968,1162,1807,12
INS,1855,18550000,30,0,10,661,883,1674,233
INS,1856,18560000,7,0,0,388,624,1626,149
INS,1857,18570000,0,0,3,44,263,1431,30
INS,1858,18580000,0,4,0,0,0,1226,48
INS,1859,18590000,0,0,15,29,13,948,96
INS,1860,18600000,61,0,11,0,0,665,101
INS,1861,18610000,0,5,0,9,25,300,232
INS,1862,18620000,0,0,0,19,18,0,203
INS,1863,18630000,0,0,0,0,0,0,183
INS,1864,18640000,0,0,0,5,1,1,207
INS,1865,18650000,0,54,25,0,41,0,81
INS,1866,18660000,10,0,7,37,24,47,103
INS,1867,18670000,0,0,0,8,0,0,3
INS,1868,18680000,0,2,0,10,39,45,108
INS,1869,18690000,0,0,27,4,16,32,108
INS,1870,18700000,33,0,0,10,0,30,119
INS,1871,18710000,0,0,20,0,0,46,129
INS,1872,18720000,0,9,47,0,43,0,179
INS,1873,18730000,12,0,9,0,0,0,118
INS,1874,18740000,0,14,13,31,0,8,180
INS,1875,18750000,0,0,0,16,8,0,155
INS,1876,18760000,11,4,0,0,0,38,201
INS,1877,18770000,57,10,26,23,0,5,30
INS,1878,18780000,0,10,17,4,0,0,213
INS,1879,18790000,49,0,14,0,9,0,15
INS,1880,18800000,2,45,0,0,0,0,7
INS,1881,18810000,0,0,0,61,18,0,56
INS,1882,18820000,12,0,38,0,0,60,104
INS,1883,18830000,0,0,18,0,54,0,83
INS,1884,18840000,28,0,0,0,21,0,77
INS,1885,18850000,0,0,0,0,18,0,63
INS,1886,18860000,7,0,0,0,35,34,138
INS,1887,18870000,0,8,50,0,6,4,147
INS,1888,18880000,33,0,13,0,0,0,142
INS,1889,18890000,0,7,3,2,0,0,125
INS,1890,18900000,0,0,0,9,44,0,183
INS,1891,18910000,0,25,5,0,3,22,202
INS,1892,18920000,0,26,1,14,11,0,216
INS,1893,18930000,0,12,14,0,0,0,207
INS,1894,18940000,15,0,0,0,0,53,10
INS,1895,18950000,0,0,0,0,40,0,255
INS,1896,18960000,0,0,45,7,0,2,30
INS,1897,18970000,15,28,0,1,0,0,37
INS,1898,18980000,0,0,0,0,0,15,25
INS,1899,18990000,0,0,0,6,0,18,51
INS,1900,19000000,22,19,0,6,0,0,91
INS,1901,19010000,371,9,10,0,41,45,25
INS,1902,19020000,674,21,18,0,33,0,56
INS,1903,19030000,978,2,0,38,45,24,158
INS,1904,19040000,1299,16,0,0,0,30,177
INS,1905,19050000,1612,15,0,0,0,0,220
INS,1906,19060000,1849,0,5,40,0,19,11
INS,1907,19070000,2149,13,37,11,0,20,89
INS,1908,19080000,2388,0,10,22,24,22,86
INS,1909,19090000,2600,39,0,43,14,43,120
INS,1910,19100000,2792,13,0,8,25,33,13
INS,1911,19110000,2953,25,0,11,19,36,203
INS,1912,19120000,3062,0,0,3,21,13,19
INS,1913,19130000,3130,0,0,0,0,27,94
INS,1914,19140000,3158,0,49,0,1,11,173
INS,1915,19150000,3192,0,30,0,0,23,216
INS,1916,19160000,3203,126,12,0,0,19,92
INS,1917,19170000,3195,287,0,45,14,53,87
INS,1918,19180000,3054,415,1,0,31,18,29
INS,1919,19190000,2913,536,19,0,0,0,251
INS,1920,19200000,2789,738,20,0,9,5,105
INS,1921,19210000,2601,817,20,8,0,10,17
INS,1922,19220000,2361,923,0,0,2,12,132
INS,1923,19230000,2119,993,0,5,0,25,249
INS,1924,19240000,1870,1122,0,8,0,0,124
INS,1925,19250000,1562,1185,32,0,0,0,176
INS,1926,19260000,1309,1299,5,0,37,21,85
INS,1927,19270000,962,1340,0,8,43,0,40
INS,1928,19280000,673,1367,0,6,10,3,19
INS,1929,19290000,369,1424,17,0,0,27,70
INS,1930,19300000,0,1427,13,0,0,0,202
INS,1931,19310000,13,1406,339,0,0,15,40
INS,1932,19320000,7,1358,641,0,0,37,71
INS,1933,19330000,0,1337,941,276,0,0,87
INS,1934,19340000,14,1254,1282,710,6,0,48
INS,1935,19350000,9,1237,1552,998,12,0,95
INS,1936,19360000,0,1114,1765,1332,310,0,57
INS,1937,19370000,5,1028,1989,1676,550,0,33
INS,1938,19380000,16,917,2191,1900,934,0,248
INS,1939,19390000,51,780,2382,2153,1120,15,40
INS,1940,19400000,0,671,2518,2333,1419,23,8
INS,1941,19410000,0,615,2518,2539,1549,0,26
INS,1942,19420000,36,454,2599,2703,1788,0,146
INS,1943,19430000,0,321,2577,2727,1940,35,183
INS,1944,19440000,0,111,2529,2813,2086,42,181
INS,1945,19450000,0,0,2437,2791,2158,0,3
INS,1946,19460000,0,0,2388,2749,2202,320,37
INS,1947,19470000,0,5,2247,2661,2183,652,143
INS,1948,19480000,4,0,1986,2510,2184,955,51
INS,1949,19490000,9,65,1831,2332,2057,1249,228
INS,1950,19500000,0,0,1526,2153,1929,1435,1
INS,1951,19510000,0,1,1208,1900,1796,1626,18
INS,1952,19520000,0,37,971,1672,1607,1731,34
INS,1953,19530000,0,0,700,1320,1420,1775,16
INS,1954,19540000,0,0,345,1020,1142,1797,146
INS,1955,19550000,0,0,5,689,889,1743,209
INS,1956,19560000,17,0,0,312,567,1640,204
INS,1957,19570000,0,0,0,10,335,1457,255
INS,1958,19580000,8,0,0,0,2,1213,205
INS,1959,19590000,0,0,0,0,0,934,189
INS,1960,19600000,6,0,0,38,45,662,23
INS,1961,19610000,0,57,19,5,8,352,242
INS,1962,19620000,0,0,6,50,0,8,138
INS,1963,19630000,36,16,27,0,27,17,214
INS,1964,19640000,63,29,0,18,10,6,234
INS,1965,19650000,24,16,0,3,47,17,232
INS,1966,19660000,11,0,31,10,0,40,234
INS,1967,19670000,0,43,0,0,1,0,203
INS,1968,19680000,0,0,32,47,1,0,0
INS,1969,19690000,8,51,0,23,8,47,74
INS,1970,19700000,12,0,0,0,13,12,247
INS,1971,19710000,11,0,15,5,0,0,2
INS,1972,19720000,0,0,0,2,24,0,14
INS,1973,19730000,6,0,0,0,0,46,57
INS,1974,19740000,0,0,18,15,0,3,58
INS,1975,19750000,0,0,19,29,7,0,94
INS,1976,19760000,6,9,1,13,23,37,145
INS,1977,19770000,0,35,0,2,0,0,110
INS,1978,19780000,59,41,0,62,0,8,4
INS,1979,19790000,0,0,51,22,0,6,186
INS,1980,19800000,27,8,11,36,0,2,208
INS,1981,19810000,0,23,26,0,7,0,197
INS,1982,19820000,0,0,32,0,4,0,194
INS,1983,19830000,1,0,17,0,6,13,212
INS,1984,19840000,3,0,14,5,42,0,0
INS,1985,19850000,0,0,85,20,0,0,58
INS,1986,19860000,1,0,0,0,54,15,40
INS,1987,19870000,0,0,13,0,21,0,21
INS,1988,19880000,0,14,20,5,12,28,83
INS,1989,19890000,0,21,0,29,33,10,114
INS,1990,19900000,6,0,19,0,0,0,63
INS,1991,19910000,0,0,0,0,5,0,60
INS,1992,19920000,0,0,0,0,0,0,72
INS,1993,19930000,53,0,0,0,0,26,168
INS,1994,19940000,0,0,0,1,29,44,180
INS,1995,19950000,4,0,0,32,37,6,202
INS,1996,19960000,0,0,0,50,0,14,204
INS,1997,19970000,5,0,7,0,0,0,169
INS,1998,19980000,0,0,17,0,26,11,228
INS,1999,19990000,0,25,6,9,3,0,234
INS,2000,20000000,0,4,31,0,21,0,8
INS,2001,20010000,0,0,0,19,23,10,21
INS,2002,20020000,0,0,0,0,0,0,242
INS,2003,20030000,0,0,30,0,0,0,33
INS,2004,20040000,0,4,0,29,0,0,53
INS,2005,20050000,0,6,0,0,0,51,94
INS,2006,20060000,0,0,21,21,0,11,107
INS,2007,20070000,0,0,0,0,19,0,90
INS,2008,20080000,0,0,38,0,0,0,126
INS,2009,20090000,0,0,0,3,15,1,124
INS,2010,20100000,0,0,13,0,7,50,192
INS,2011,20110000,0,1,14,1,0,17,172
INS,2012,20120000,0,0,34,0,14,30,234
INS,2013,20130000,0,28,5,0,0,28,234
INS,2014,20140000,0,0,0,22,0,48,4
INS,2015,20150000,0,0,39,0,31,4,25
INS,2016,20160000,0,92,0,29,0,0,89
INS,2017,20170000,0,326,34,4,23,0,116
INS,2018,20180000,0,474,0,0,6,0,226
INS,2019,20190000,0,562,24,0,0,0,93
INS,2020,20200000,0,701,13,0,16,17,15
INS,2021,20210000,0,851,0,0,23,0,159
INS,2022,20220000,0,940,26,7,8,0,27
INS,2023,20230000,0,1016,15,0,0,28,122
INS,2024,20240000,0,1138,20,11,28,20,41
INS,2025,20250000,0,1174,0,48,0,20,83
INS,2026,20260000,0,1282,21,0,6,0,167
INS,2027,20270000,0,1332,0,34,2,6,249
INS,2028,20280000,0,1342,6,0,37,30,51
INS,2029,20290000,0,1427,0,0,4,3,87
INS,2030,20300000,0,1374,3,0,0,12,59
INS,2031,20310000,0,1355,335,4,0,0,125
INS,2032,20320000,0,1393,637,17,43,15,41
INS,2033,20330000,0,1343,966,362,16,6,134
INS,2034,20340000,0,1290,1286,707,14,12,255
INS,2035,20350000,0,1198,1516,1012,0,0,177
INS,2036,20360000,0,1149,1785,1374,268,0,20
INS,2037,20370000,0,1038,1977,1617,561,34,176
INS,2038,20380000,0,920,2215,1929,880,0,142
INS,2039,20390000,0,831,2383,2201,1155,19,36
INS,2040,20400000,0,752,2468,2334,1375,64,201
INS,2041,20410000,0,585,2545,2550,1636,14,43
INS,2042,20420000,0,445,2588,2675,1819,8,9
INS,2043,20430000,0,320,2640,2780,1952,2,185
INS,2044,20440000,0,87,2562,2832,2045,12,46
INS,2045,20450000,0,0,2499,2773,2065,0,118
INS,2046,20460000,0,26,2399,2741,2180,318,206
INS,2047,20470000,0,14,2142,2687,2187,616,205
INS,2048,20480000,0,35,2046,2532,2138,960,31
INS,2049,20490000,0,4,1825,2370,2058,1208,58
INS,2050,20500000,0,0,1507,2123,1924,1429,105
INS,2051,20510000,0,4,1254,1956,1796,1570,231
INS,2052,20520000,0,0,981,1609,1574,1680,24
INS,2053,20530000,0,0,653,1346,1405,1785,154
INS,2054,20540000,0,0,338,1034,1152,1824,98
INS,2055,20550000,0,0,14,698,885,1737,125
INS,2056,20560000,0,0,0,326,611,1637,150
INS,2057,20570000,0,0,17,0,326,1405,109
INS,2058,20580000,0,4,0,0,14,1221,129
INS,2059,20590000,0,0,0,38,0,939,140
INS,2060,20600000,0,3,0,5,47,614,105
INS,2061,20610000,0,6,6,5,39,334,99
INS,2062,20620000,0,0,5,0,0,23,10
INS,2063,20630000,0,0,0,45,0,0,44
INS,2064,20640000,0,19,0,9,0,21,65
INS,2065,20650000,0,0,0,39,61,0,133
INS,2066,20660000,0,0,11,0,42,3,106
INS,2067,20670000,0,0,7,0,0,0,74
INS,2068,20680000,0,19,0,0,0,0,103
INS,2069,20690000,0,11,9,10,0,2,133
INS,2070,20700000,0,0,0,4,11,18,151
INS,2071,20710000,0,0,26,0,1,0,162
INS,2072,20720000,0,8,28,30,0,0,218
INS,2073,20730000,0,0,0,4,0,0,173
INS,2074,20740000,0,0,0,23,35,0,244
INS,2075,20750000,0,0,22,0,83,83,135
INS,2076,20760000,0,0,9,1,34,21,29
INS,2077,20770000,0,0,0,0,35,0,16
INS,2078,20780000,0,30,5,0,26,0,59
INS,2079,20790000,0,0,78,26,0,24,143
INS,2080,20800000,0,2,0,0,22,0,56
INS,2081,20810000,0,5,31,10,0,21,116
INS,2082,20820000,0,0,23,11,13,26,139
INS,2083,20830000,0,0,41,0,0,0,124
INS,2084,20840000,0,31,0,7,4,2,144
INS,2085,20850000,0,0,0,0,0,17,134
INS,2086,20860000,0,0,16,18,7,15,190
INS,2087,20870000,0,0,42,0,39,24,0
INS,2088,20880000,0,0,0,18,9,0,195
INS,2089,20890000,0,0,0,27,3,0,215
INS,2090,20900000,0,18,0,0,0,0,220
INS,2091,20910000,0,0,0,0,0,6,225
INS,2092,20920000,0,8,0,16,4,11,19
INS,2093,20930000,0,13,0,0,0,0,10
INS,2094,20940000,0,14,1,41,0,0,70
INS,2095,20950000,0,25,0,12,21,9,98
INS,2096,20960000,0,0,0,0,0,33,81
INS,2097,20970000,0,0,19,2,0,0,86
INS,2098,20980000,0,1,8,6,3,0,100
INS,2099,20990000,0,0,4,0,0,20,123
INS,2100,21000000,0,29,21,0,0,42,208
INS,2101,21010000,0,0,0,0,0,25,158
INS,2102,21020000,0,36,0,0,0,19,205
INS,2103,21030000,0,0,0,0,10,0,177
INS,2104,21040000,0,0,0,19,0,8,211
INS,2105,21050000,0,19,29,22,0,30,45
INS,2106,21060000,0,27,8,1,0,0,254
INS,2107,21070000,0,0,40,0,8,0,27
INS,2108,21080000,0,8,36,0,32,32,104
INS,2109,21090000,0,16,5,0,22,24,80
INS,2110,21100000,0,6,36,0,0,5,77
INS,2111,21110000,0,0,30,0,27,19,123
INS,2112,21120000,0,0,0,11,0,0,75
INS,2113,21130000,0,41,0,28,0,0,150
INS,2114,21140000,0,0,27,43,10,0,178
INS,2115,21150000,0,16,0,30,0,0,161
INS,2116,21160000,0,176,0,42,22,10,126
INS,2117,21170000,0,313,33,67,1,10,61
INS,2118,21180000,0,429,0,20,16,0,119
INS,2119,21190000,0,552,5,1,0,57,30
INS,2120,21200000,0,650,28,41,4,0,155
INS,2121,21210000,0,824,0,0,3,13,33
INS,2122,21220000,0,956,6,0,0,0,172
INS,2123,21230000,0,1042,17,0,40,0,70
INS,2124,21240000,0,1085,3,24,2,0,102
INS,2125,21250000,0,1225,28,0,0,26,28
INS,2126,21260000,0,1252,11,0,0,17,46
INS,2127,21270000,0,1348,7,81,0,0,219
INS,2128,21280000,0,1365,1,0,31,22,219
INS,2129,21290000,0,1443,16,0,11,0,31
INS,2130,21300000,0,1376,28,0,0,0,238
INS,2131,21310000,0,1367,341,12,12,0,71
INS,2132,21320000,0,1368,569,32,0,0,69
INS,2133,21330000,0,1347,969,344,0,0,9
INS,2134,21340000,0,1282,1237,693,16,0,82
INS,2135,21350000,0,1263,1540,1027,0,7,196
INS,2136,21360000,0,1107,1780,1310,279,0,84
INS,2137,21370000,0,1029,2007,1630,587,39,149
INS,2138,21380000,0,944,2187,1876,906,2,21
INS,2139,21390000,0,880,2362,2173,1104,18,148
INS,2140,21400000,0,691,2482,2363,1338,2,248
INS,2141,21410000,0,563,2482,2564,1642,0,128
INS,2142,21420000,0,424,2581,2690,1800,0,133
INS,2143,21430000,0,233,2596,2749,1926,0,159
INS,2144,21440000,0,134,2559,2782,2083,60,34
INS,2145,21450000,0,0,2472,2805,2164,0,130
INS,2146,21460000,0,0,2394,2743,2195,312,94
INS,2147,21470000,0,16,2175,2664,2214,680,216
INS,2148,21480000,0,24,1999,2544,2167,961,179
INS,2149,21490000,0,1,1810,2365,2078,1214,225
INS,2150,21500000,0,5,1521,2135,1975,1451,117
INS,2151,21510000,0,0,1265,1962,1785,1652,223
INS,2152,21520000,0,0,938,1632,1619,1735,12
INS,2153,21530000,0,12,676,1365,1384,1815,125
INS,2154,21540000,0,17,336,1030,1105,1752,154
INS,2155,21550000,0,0,32,672,896,1709,8
INS,2156,21560000,0,0,3,359,586,1594,26
INS,2157,21570000,0,25,0,0,311,1427,32
INS,2158,21580000,0,0,0,23,0,1207,28
INS,2159,21590000,0,52,13,27,0,948,111
INS,2160,21600000,0,0,0,0,15,641,0
INS,2161,21610000,0,18,0,15,0,387,37
INS,2162,21620000,0,0,0,27,0,24,197
INS,2163,21630000,0,3,0,0,7,58,231
INS,2164,21640000,0,17,34,0,23,0,254
INS,2165,21650000,0,0,29,0,0,0,226
INS,2166,21660000,0,6,18,11,17,0,10
INS,2167,21670000,0,8,0,0,0,0,239
INS,2168,21680000,0,0,13,43,2,14,64
INS,2169,21690000,0,0,5,0,42,0,56
INS,2170,21700000,0,0,38,0,30,0,94
INS,2171,21710000,0,0,0,0,0,0,43
INS,2172,21720000,0,0,14,0,0,0,74
INS,2173,21730000,0,0,0,25,0,0,102
INS,2174,21740000,0,0,0,0,0,0,94
INS,2175,21750000,0,10,0,3,0,45,169
INS,2176,21760000,0,30,0,51,0,0,209
INS,2177,21770000,0,2,17,16,15,39,234
INS,2178,21780000,0,0,7,9,4,0,182
INS,2179,21790000,0,0,1,0,0,0,180
INS,2180,21800000,0,10,32,2,8,0,248
INS,2181,21810000,0,0,0,0,0,4,217
INS,2182,21820000,0,12,49,0,5,0,40
INS,2183,21830000,0,2,9,33,0,0,35
INS,2184,21840000,0,0,0,17,18,0,43
INS,2185,21850000,0,7,9,0,0,7,48
INS,2186,21860000,0,28,16,38,27,0,151
INS,2187,21870000,0,14,0,0,0,0,73
INS,2188,21880000,0,38,0,0,0,0,114
INS,2189,21890000,0,12,56,0,0,0,161
INS,2190,21900000,0,21,18,6,24,0,179
INS,2191,21910000,0,0,0,0,0,0,127
INS,2192,21920000,0,0,0,0,0,0,144
INS,2193,21930000,0,0,3,3,0,0,167
INS,2194,21940000,0,6,0,0,0,23,207
INS,2195,21950000,0,20,21,4,24,0,8
INS,2196,21960000,0,0,77,0,0,0,33
INS,2197,21970000,0,0,76,0,0,9,58
INS,2198,21980000,0,0,0,0,14,35,39
INS,2199,21990000,0,0,0,0,0,63,70
INS,2200,22000000,0,5,19,23,0,4,75
INS,2201,22010000,0,0,7,0,0,12,60
INS,2202,22020000,0,0,0,0,0,3,61
INS,2203,22030000,0,0,0,0,0,0,75
INS,2204,22040000,0,1,0,0,28,14,135
INS,2205,22050000,0,0,11,0,0,24,144
INS,2206,22060000,0,0,35,0,24,34,219
INS,2207,22070000,0,0,0,0,19,26,188
INS,2208,22080000,0,3,0,0,0,37,200
INS,2209,22090000,0,4,0,0,15,21,217
INS,2210,22100000,0,14,0,11,11,0,230
INS,2211,22110000,0,0,3,0,0,0,214
INS,2212,22120000,0,13,0,0,5,47,37
INS,2213,22130000,0,0,21,0,0,0,10
INS,2214,22140000,0,22,15,42,44,0,129
INS,2215,22150000,0,0,0,7,0,16,46
INS,2216,22160000,0,126,0,0,0,14,180
INS,2217,22170000,0,292,14,59,0,0,166
INS,2218,22180000,0,412,19,0,0,16,9
INS,2219,22190000,0,525,0,0,0,0,104
INS,2220,22200000,0,704,22,27,0,0,93
INS,2221,22210000,0,780,0,9,0,53,199
INS,2222,22220000,0,911,0,14,0,0,43
INS,2223,22230000,0,1005,20,0,18,0,178
INS,2224,22240000,0,1123,0,0,32,0,51
INS,2225,22250000,0,1242,5,0,0,0,160
INS,2226,22260000,0,1272,0,9,0,0,211
INS,2227,22270000,0,1307,0,21,39,16,74
INS,2228,22280000,0,1391,0,22,12,0,133
INS,2229,22290000,0,1381,0,25,15,34,180
INS,2230,22300000,0,1408,1,16,17,1,185
INS,2231,22310000,0,1394,307,38,0,0,242
INS,2232,22320000,0,1374,645,2,16,0,45
INS,2233,22330000,0,1392,940,393,43,0,25
INS,2234,22340000,0,1290,1248,743,0,0,43
INS,2235,22350000,0,1241,1539,1015,0,7,69
INS,2236,22360000,0,1143,1743,1352,346,0,100
INS,2237,22370000,0,1054,1991,1588,569,0,223
INS,2238,22380000,0,914,2172,1876,905,0,137
INS,2239,22390000,0,811,2336,2201,1152,0,19
INS,2240,22400000,0,671,2447,2371,1377,0,146
INS,2241,22410000,0,554,2544,2540,1642,22,87
INS,2242,22420000,0,407,2636,2673,1763,17,42
INS,2243,22430000,0,294,2554,2766,1989,1,167
INS,2244,22440000,0,107,2569,2811,2082,2,151
INS,2245,22450000,0,0,2477,2799,2143,0,16
INS,2246,22460000,0,0,2347,2728,2148,301,138
INS,2247,22470000,0,31,2211,2666,2209,664,156
INS,2248,22480000,0,0,2003,2548,2170,940,53
INS,2249,22490000,0,3,1778,2333,2046,1230,55
INS,2250,22500000,0,0,1598,2180,1957,1430,103
INS,2251,22510000,0,48,1245,1902,1798,1597,57
INS,2252,22520000,0,0,974,1626,1584,1705,141
INS,2253,22530000,0,7,678,1321,1433,1802,22
INS,2254,22540000,0,0,329,1049,1092,1823,115
INS,2255,22550000,0,9,0,692,865,1696,125
INS,2256,22560000,0,0,0,360,627,1583,218
INS,2257,22570000,0,0,7,0,278,1490,208
INS,2258,22580000,0,0,43,12,4,1195,216
INS,2259,22590000,0,11,0,0,14,998,2
INS,2260,22600000,0,0,0,0,22,624,154
INS,2261,22610000,0,47,0,4,0,363,195
INS,2262,22620000,0,0,0,0,11,0,65
INS,2263,22630000,0,27,32,0,0,0,130
INS,2264,22640000,0,6,35,11,57,0,197
INS,2265,22650000,0,0,6,33,2,0,146
INS,2266,22660000,0,17,20,0,13,33,205
INS,2267,22670000,0,17,34,0,18,26,234
INS,2268,22680000,0,5,0,0,5,0,166
INS,2269,22690000,0,15,0,55,0,8,251
INS,2270,22700000,0,5,3,0,19,15,232
INS,2271,22710000,0,17,0,10,0,0,234
INS,2272,22720000,0,0,27,21,25,5,46
INS,2273,22730000,0,45,0,0,16,0,46
INS,2274,22740000,0,3,4,0,42,17,68
INS,2275,22750000,0,0,55,0,38,0,112
INS,2276,22760000,0,0,0,3,18,9,66
INS,2277,22770000,0,36,0,19,13,8,129
INS,2278,22780000,0,1,12,0,0,26,109
INS,2279,22790000,0,0,0,0,15,0,102
INS,2280,22800000,0,0,38,0,0,0,142
INS,2281,22810000,0,0,0,6,39,0,166
INS,2282,22820000,0,2,0,40,0,0,180
INS,2283,22830000,0,0,0,44,20,0,219
INS,2284,22840000,0,14,0,9,0,0,195
INS,2285,22850000,0,15,26,0,35,8,17
INS,2286,22860000,0,29,0,0,0,0,235
INS,2287,22870000,0,5,0,14,24,0,10
INS,2288,22880000,0,18,17,5,27,22,73
INS,2289,22890000,0,13,0,5,6,17,42
INS,2290,22900000,0,19,72,0,43,20,172
INS,2291,22910000,0,0,0,3,0,0,38
INS,2292,22920000,0,0,35,39,16,0,142
INS,2293,22930000,0,12,0,0,0,27,108
INS,2294,22940000,0,44,8,0,20,0,158
INS,2295,22950000,0,48,3,18,0,7,179
INS,2296,22960000,0,0,11,0,0,0,131
INS,2297,22970000,0,0,6,0,12,2,157
INS,2298,22980000,0,0,24,1,0,18,197
INS,2299,22990000,0,0,0,26,29,0,226
INS,2300,23000000,0,0,0,41,1,0,230
INS,2301,23010000,0,0,0,0,0,43,248
INS,2302,23020000,0,0,0,11,8,22,7
INS,2303,23030000,0,16,16,0,0,35,50
INS,2304,23040000,0,20,0,8,0,21,49
INS,2305,23050000,0,0,0,0,45,0,62
INS,2306,23060000,0,0,38,0,3,15,90
INS,2307,23070000,0,0,21,0,12,32,116
INS,2308,23080000,0,4,0,65,0,60,197
INS,2309,23090000,0,24,0,9,0,4,122
INS,2310,23100000,0,39,0,0,0,0,141
INS,2311,23110000,0,0,18,29,0,0,166
INS,2312,23120000,0,0,27,0,3,4,170
INS,2313,23130000,0,21,0,39,0,0,213
INS,2314,23140000,0,32,0,11,16,0,229
INS,2315,23150000,0,8,34,34,0,10,17
INS,2316,23160000,0,141,0,0,0,3,92
INS,2317,23170000,0,280,27,0,0,0,16
INS,2318,23180000,0,445,0,0,31,0,202
INS,2319,23190000,0,567,0,20,0,6,80
INS,2320,23200000,0,670,17,26,51,0,12
INS,2321,23210000,0,832,0,0,8,0,105
INS,2322,23220000,0,921,6,2,84,15,54
INS,2323,23230000,0,1092,1,0,0,6,142
INS,2324,23240000,0,1134,0,0,0,0,194
INS,2325,23250000,0,1196,0,0,23,35,75
INS,2326,23260000,0,1299,0,0,2,22,161
INS,2327,23270000,0,1340,3,46,0,15,3
INS,2328,23280000,0,1377,24,8,0,0,25
INS,2329,23290000,0,1425,0,0,0,5,63
INS,2330,23300000,0,1446,26,23,0,0,145
INS,2331,23310000,0,1378,330,29,0,0,148
INS,2332,23320000,0,1385,658,0,13,14,242
INS,2333,23330000,0,1313,984,349,19,0,86
INS,2334,23340000,0,1313,1238,678,4,40,199
INS,2335,23350000,0,1202,1568,1060,47,19,71
INS,2336,23360000,0,1140,1772,1324,326,16,2
INS,2337,23370000,0,1011,2019,1667,563,64,253
INS,2338,23380000,0,936,2204,1949,869,0,136
INS,2339,23390000,0,807,2306,2192,1157,0,145
INS,2340,23400000,0,665,2475,2400,1392,0,120
INS,2341,23410000,0,592,2527,2573,1624,0,9
INS,2342,23420000,0,424,2553,2688,1784,0,159
INS,2343,23430000,0,261,2609,2719,1939,0,255
INS,2344,23440000,0,119,2569,2765,2062,46,49
INS,2345,23450000,0,18,2475,2763,2167,0,184
INS,2346,23460000,0,9,2355,2794,2196,293,169
INS,2347,23470000,0,0,2197,2641,2219,671,11
INS,2348,23480000,0,7,1978,2521,2124,928,114
INS,2349,23490000,0,0,1736,2353,2038,1208,164
INS,2350,23500000,0,0,1580,2183,1957,1406,228
INS,2351,23510000,0,0,1262,1936,1787,1620,236
INS,2352,23520000,0,27,980,1659,1608,1735,169
INS,2353,23530000,0,0,622,1337,1402,1840,146
INS,2354,23540000,0,0,330,1055,1185,1762,62
INS,2355,23550000,0,7,38,723,885,1735,159
INS,2356,23560000,0,0,0,350,629,1622,157
INS,2357,23570000,0,27,0,0,302,1459,129
INS,2358,23580000,0,10,0,0,0,1169,49
INS,2359,23590000,0,0,33,0,0,973,149
INS,2360,23600000,0,16,31,0,0,712,175
INS,2361,23610000,0,0,0,0,3,358,50
INS,2362,23620000,0,0,0,0,0,12,230
INS,2363,23630000,0,0,15,7,8,0,9
INS,2364,23640000,0,12,0,0,40,0,48
INS,2365,23650000,0,3,0,0,0,11,27
INS,2366,23660000,0,1,0,0,11,0,42
INS,2367,23670000,0,37,3,0,20,22,129
INS,2368,23680000,0,0,0,0,10,0,74
INS,2369,23690000,0,0,60,21,0,35,197
INS,2370,23700000,0,17,14,4,11,4,148
INS,2371,23710000,0,49,31,0,0,0,195
INS,2372,23720000,0,30,0,0,0,8,170
INS,2373,23730000,0,0,17,0,0,6,172
INS,2374,23740000,0,0,0,38,28,0,232
INS,2375,23750000,0,0,18,11,26,0,238
INS,2376,23760000,0,34,0,0,0,0,234
INS,2377,23770000,0,3,0,0,41,47,52
INS,2378,23780000,0,25,33,0,0,0,36
INS,2379,23790000,0,7,35,0,6,1,44
INS,2380,23800000,0,33,8,0,0,3,56
INS,2381,23810000,0,12,0,44,9,0,94
INS,2382,23820000,0,43,25,0,21,10,145
INS,2383,23830000,0,0,0,0,27,27,117
INS,2384,23840000,0,54,12,0,0,1,147
INS,2385,23850000,0,55,35,2,4,0,193
INS,2386,23860000,0,0,0,2,9,0,125
INS,2387,23870000,0,43,0,0,9,56,239
INS,2388,23880000,0,35,45,28,0,7,7
INS,2389,23890000,0,0,4,7,0,0,176
INS,2390,23900000,0,28,22,35,0,57,68
INS,2391,23910000,0,0,0,6,0,37,242
INS,2392,23920000,0,0,13,0,87,0,60
INS,2393,23930000,0,8,20,21,6,39,71
INS,2394,23940000,0,16,5,0,22,42,79
INS,2395,23950000,0,0,0,18,0,0,29
INS,2396,23960000,0,28,1,36,25,16,134
INS,2397,23970000,0,25,20,0,0,3,93
INS,2398,23980000,0,13,0,0,0,19,94
INS,2399,23990000,0,11,34,0,0,0,124
INS,2400,24000000,0,0,45,0,0,14,155
INS,2401,24010000,0,6,0,24,2,19,164
INS,2402,24020000,0,0,4,0,0,22,156
INS,2403,24030000,0,18,0,0,7,31,203
INS,2404,24040000,0,44,33,39,0,16,40
INS,2405,24050000,0,0,38,11,0,0,230
INS,2406,24060000,0,0,0,20,25,40,27
INS,2407,24070000,0,47,16,37,0,6,65
INS,2408,24080000,0,0,0,44,16,0,36
INS,2409,24090000,0,0,0,0,0,0,249
INS,2410,24100000,0,19,0,0,0,0,29
INS,2411,24110000,0,16,0,0,0,0,43
INS,2412,24120000,0,0,6,4,28,0,82
INS,2413,24130000,0,0,0,0,14,0,75
INS,2414,24140000,0,50,1,24,54,0,207
INS,2415,24150000,0,20,17,15,3,0,150
INS,2416,24160000,0,176,0,26,14,0,72
INS,2417,24170000,0,266,21,0,41,0,201
INS,2418,24180000,0,428,0,4,31,28,125
INS,2419,24190000,0,569,21,19,0,13,17
INS,2420,24200000,0,708,10,0,0,6,136
INS,2421,24210000,0,832,0,6,12,0,23
INS,2422,24220000,0,935,10,0,0,0,135
INS,2423,24230000,0,1071,0,0,1,8,31
INS,2424,24240000,0,1174,0,50,0,56,248
INS,2425,24250000,0,1208,1,0,0,59,253
INS,2426,24260000,0,1282,16,19,32,0,95
INS,2427,24270000,0,1347,63,0,15,0,188
INS,2428,24280000,0,1344,27,7,0,6,164
INS,2429,24290000,0,1334,3,65,0,0,199
INS,2430,24300000,0,1421,0,0,30,11,20
INS,2431,24310000,0,1393,372,0,0,24,108
INS,2432,24320000,0,1383,677,0,11,0,151
INS,2433,24330000,0,1364,935,300,13,0,197
INS,2434,24340000,0,1249,1238,742,16,7,86
INS,2435,24350000,0,1232,1519,1028,0,25,143
INS,2436,24360000,0,1133,1780,1345,344,0,190
INS,2437,24370000,0,1057,2024,1650,580,31,179
INS,2438,24380000,0,944,2161,1888,889,34,2
INS,2439,24390000,0,814,2352,2141,1157,0,55
INS,2440,24400000,0,688,2445,2367,1384,2,238
INS,2441,24410000,0,534,2528,2526,1608,19,72
INS,2442,24420000,0,429,2598,2651,1828,0,124
INS,2443,24430000,0,324,2586,2751,1958,0,254
INS,2444,24440000,0,115,2515,2830,2062,0,174
INS,2445,24450000,0,15,2485,2831,2119,0,119
INS,2446,24460000,0,0,2338,2739,2228,356,91
INS,2447,24470000,0,16,2194,2679,2191,632,159
INS,2448,24480000,0,25,2058,2529,2193,975,244
INS,2449,24490000,0,0,1777,2373,2090,1224,201
INS,2450,24500000,0,14,1540,2165,1943,1429,101
INS,2451,24510000,0,0,1285,1930,1794,1627,175
INS,2452,24520000,0,4,984,1657,1609,1726,48
INS,2453,24530000,0,0,584,1334,1387,1749,163
INS,2454,24540000,0,44,349,1014,1153,1779,233
INS,2455,24550000,0,46,12,708,876,1788,109
INS,2456,24560000,0,62,0,375,609,1610,120
INS,2457,24570000,0,8,0,0,275,1436,224
INS,2458,24580000,0,32,0,0,0,1222,32
INS,2459,24590000,0,0,0,0,0,921,228
INS,2460,24600000,0,0,0,33,4,674,35
INS,2461,24610000,0,0,0,8,0,336,197
INS,2462,24620000,0,2,24,0,0,0,152
INS,2463,24630000,0,0,1,0,52,2,198
INS,2464,24640000,0,0,0,14,35,0,209
INS,2465,24650000,0,14,0,43,8,5,247
INS,2466,24660000,0,0,35,6,0,17,252
INS,2467,24670000,0,6,0,2,2,25,246
INS,2468,24680000,0,0,0,2,6,13,249
INS,2469,24690000,0,23,0,0,0,17,29
INS,2470,24700000,0,4,0,0,28,17,55
INS,2471,24710000,0,0,11,0,3,0,37
INS,2472,24720000,0,0,0,10,23,40,113
INS,2473,24730000,0,0,21,0,0,15,93
INS,2474,24740000,0,0,2,18,0,0,94
INS,2475,24750000,0,0,0,0,0,16,107
INS,2476,24760000,0,12,35,15,0,0,170
INS,2477,24770000,0,27,0,19,20,17,208
INS,2478,24780000,0,0,0,0,0,0,142
INS,2479,24790000,0,28,6,15,0,12,220
INS,2480,24800000,0,40,0,11,24,0,251
INS,2481,24810000,0,0,0,0,19,0,212
INS,2482,24820000,0,0,0,0,0,9,219
INS,2483,24830000,0,31,0,0,4,15,21
INS,2484,24840000,0,0,0,0,1,11,0
INS,2485,24850000,0,7,5,0,0,0,17
INS,2486,24860000,0,17,41,0,25,5,110
INS,2487,24870000,0,0,10,0,0,0,49
INS,2488,24880000,0,11,7,64,0,21,159
INS,2489,24890000,0,0,0,10,5,1,89
INS,2490,24900000,0,0,0,0,37,0,127
INS,2491,24910000,0,31,31,14,17,5,205
INS,2492,24920000,0,24,0,0,54,24,226
INS,2493,24930000,0,0,29,0,0,11,181
INS,2494,24940000,0,11,8,0,0,0,177
INS,2495,24950000,0,31,0,0,0,9,215
INS,2496,24960000,0,39,0,0,0,48,23
INS,2497,24970000,0,8,5,0,8,0,230
INS,2498,24980000,0,0,22,25,12,0,29
INS,2499,24990000,0,34,0,14,0,0,35
INS,2500,25000000,0,0,15,0,0,0,19
INS,2501,25010000,0,14,0,0,0,19,54
INS,2502,25020000,0,11,29,20,7,3,108
INS,2503,25030000,0,0,0,18,19,39,131
INS,2504,25040000,0,22,0,16,30,18,158
INS,2505,25050000,0,9,21,0,0,27,146
INS,2506,25060000,0,0,34,55,37,3,235
INS,2507,25070000,0,18,0,0,34,13,188
INS,2508,25080000,0,10,18,34,25,0,227
INS,2509,25090000,0,52,0,0,26,0,235
INS,2510,25100000,0,42,0,2,28,1,247
INS,2511,25110000,0,15,24,0,14,0,244
INS,2512,25120000,0,0,0,0,23,28,3
INS,2513,25130000,0,1,1,0,27,30,28
INS,2514,25140000,0,30,0,0,0,15,31
INS,2515,25150000,0,8,13,13,0,0,37
INS,2516,25160000,0,120,24,26,40,0,230
INS,2517,25170000,0,281,36,10,0,0,108
INS,2518,25180000,0,400,9,0,0,0,207
INS,2519,25190000,0,543,0,22,2,3,129
INS,2520,25200000,0,703,0,0,0,0,23
INS,2521,25210000,0,802,0,0,0,0,139
INS,2522,25220000,0,982,24,0,0,2,106
INS,2523,25230000,0,1049,10,0,11,0,185
INS,2524,25240000,0,1164,0,0,0,12,52
INS,2525,25250000,0,1230,0,2,15,0,140
INS,2526,25260000,0,1287,0,3,4,0,204
INS,2527,25270000,0,1304,29,0,8,0,12
INS,2528,25280000,0,1387,2,11,0,0,88
INS,2529,25290000,0,1439,2,0,35,0,181
INS,2530,25300000,0,1410,2,0,9,0,143
INS,2531,25310000,0,1414,323,44,0,0,8
INS,2532,25320000,0,1369,700,2,18,0,77
INS,2533,25330000,0,1349,984,329,4,0,159
INS,2534,25340000,0,1284,1216,699,0,20,217
INS,2535,25350000,0,1226,1515,1047,0,0,35
INS,2536,25360000,0,1134,1787,1333,289,30,69
INS,2537,25370000,0,1033,1954,1673,590,0,251
INS,2538,25380000,0,946,2166,1962,884,39,247
INS,2539,25390000,0,812,2393,2162,1123,0,245
INS,2540,25400000,0,714,2511,2330,1366,0,181
INS,2541,25410000,0,578,2543,2503,1599,0,244
INS,2542,25420000,0,429,2618,2647,1811,34,65
INS,2543,25430000,0,292,2642,2706,1962,0,145
INS,2544,25440000,0,110,2607,2774,2040,36,127
INS,2545,25450000,0,0,2495,2750,2120,0,198
INS,2546,25460000,0,56,2378,2738,2181,336,27
INS,2547,25470000,0,0,2214,2677,2208,680,134
INS,2548,25480000,0,26,1981,2582,2170,923,54
INS,2549,25490000,0,0,1755,2390,2048,1230,68
INS,2550,25500000,0,0,1513,2171,1917,1449,224
INS,2551,25510000,0,0,1239,1896,1801,1639,22
INS,2552,25520000,0,0,925,1682,1629,1769,237
INS,2553,25530000,0,18,624,1370,1388,1805,222
INS,2554,25540000,0,0,340,1059,1133,1795,129
INS,2555,25550000,0,0,0,688,930,1757,218
INS,2556,25560000,0,5,24,337,608,1592,194
INS,2557,25570000,0,21,0,5,312,1436,187
INS,2558,25580000,0,0,0,41,0,1195,178
INS,2559,25590000,0,43,0,3,0,922,183
INS,2560,25600000,0,13,0,7,38,661,207
INS,2561,25610000,0,0,0,0,0,352,113
INS,2562,25620000,0,0,0,0,23,0,57
INS,2563,25630000,0,0,20,0,39,0,110
INS,2564,25640000,0,0,0,44,3,0,115
INS,2565,25650000,0,0,0,0,0,4,89
INS,2566,25660000,0,0,0,0,0,79,181
INS,2567,25670000,0,0,8,0,21,12,160
INS,2568,25680000,0,10,4,0,0,0,150
INS,2569,25690000,0,10,0,0,20,4,187
INS,2570,25700000,0,9,0,0,0,0,179
INS,2571,25710000,0,0,7,23,28,0,245
INS,2572,25720000,0,0,21,1,0,11,237
INS,2573,25730000,0,88,0,0,0,1,54
INS,2574,25740000,0,0,39,0,11,0,32
INS,2575,25750000,0,0,5,0,0,0,4
INS,2576,25760000,0,0,0,8,0,15,39
INS,2577,25770000,0,0,10,4,0,26,73
INS,2578,25780000,0,27,12,0,0,0,89
INS,2579,25790000,0,19,37,24,39,8,194
INS,2580,25800000,0,61,0,21,29,32,227
INS,2581,25810000,0,0,43,0,59,54,1
INS,2582,25820000,0,0,0,0,29,15,162
INS,2583,25830000,0,0,0,0,0,0,135
INS,2584,25840000,0,0,0,17,15,0,184
INS,2585,25850000,0,16,0,43,0,0,228
INS,2586,25860000,0,0,0,30,47,25,32
INS,2587,25870000,0,17,0,43,0,0,7
INS,2588,25880000,0,0,0,8,0,36,8
INS,2589,25890000,0,19,29,0,38,0,67
INS,2590,25900000,0,14,5,23,28,0,68
INS,2591,25910000,0,19,52,9,0,25,120
INS,2592,25920000,0,29,20,6,0,6,93
INS,2593,25930000,0,15,15,18,32,0,129
INS,2594,25940000,0,42,0,33,34,0,175
INS,2595,25950000,0,0,0,10,25,10,128
INS,2596,25960000,0,0,0,2,3,0,105
INS,2597,25970000,0,22,0,54,7,0,200
INS,2598,25980000,0,20,0,15,44,0,213
INS,2599,25990000,0,12,0,0,0,61,224
INS,2600,26000000,0,48,41,4,6,0,11
INS,2601,26010000,0,0,29,48,4,7,17
INS,2602,26020000,0,29,0,1,0,24,0
INS,2603,26030000,0,20,33,11,0,0,27
INS,2604,26040000,0,0,0,0,47,7,34
INS,2605,26050000,0,47,0,28,5,0,77
INS,2606,26060000,0,28,0,18,0,0,60
INS,2607,26070000,0,0,36,15,12,11,105
INS,2608,26080000,0,0,0,0,0,48,96
INS,2609,26090000,0,41,27,23,2,0,158
INS,2610,26100000,0,37,0,0,24,0,143
INS,2611,26110000,0,0,0,0,0,0,99
INS,2612,26120000,0,7,0,0,9,0,132
INS,2613,26130000,0,42,4,40,4,1,224
INS,2614,26140000,0,24,0,0,22,34,230
INS,2615,26150000,0,36,8,0,22,0,233
INS,2616,26160000,0,110,27,0,19,20,104
INS,2617,26170000,0,270,15,24,9,4,11
INS,2618,26180000,0,399,0,0,0,0,105
INS,2619,26190000,0,563,19,0,12,0,61
INS,2620,26200000,0,689,0,0,0,0,173
INS,2621,26210000,0,856,0,5,22,12,140
INS,2622,26220000,0,904,21,39,15,0,241
INS,2623,26230000,0,992,0,40,21,0,76
INS,2624,26240000,0,1130,5,29,44,13,5
INS,2625,26250000,0,1220,0,1,21,34,77
INS,2626,26260000,0,1310,20,0,0,0,148
INS,2627,26270000,0,1357,1,0,8,20,221
INS,2628,26280000,0,1360,14,0,0,7,233
INS,2629,26290000,0,1371,36,41,5,27,93
INS,2630,26300000,0,1368,68,0,0,0,66
INS,2631,26310000,0,1405,359,0,0,10,165
INS,2632,26320000,0,1373,676,0,32,2,235
INS,2633,26330000,0,1315,949,377,33,0,75
INS,2634,26340000,0,1228,1256,673,0,0,63
INS,2635,26350000,0,1178,1530,1009,23,13,164
INS,2636,26360000,0,1114,1765,1386,316,22,7
INS,2637,26370000,0,1093,1978,1623,605,26,234
INS,2638,26380000,0,951,2202,1868,865,0,44
INS,2639,26390000,0,827,2348,2112,1177,0,127
INS,2640,26400000,0,725,2453,2349,1424,0,119
INS,2641,26410000,0,582,2544,2548,1599,36,238
INS,2642,26420000,0,420,2535,2649,1787,0,81
INS,2643,26430000,0,309,2611,2737,1946,17,71
INS,2644,26440000,0,172,2563,2783,2071,19,76
INS,2645,26450000,0,42,2463,2767,2229,0,242
INS,2646,26460000,0,20,2382,2727,2224,334,189
INS,2647,26470000,0,4,2183,2663,2172,671,212
INS,2648,26480000,0,0,2052,2516,2104,985,193
INS,2649,26490000,0,49,1790,2385,2070,1242,89
INS,2650,26500000,0,9,1474,2174,1958,1452,149
INS,2651,26510000,0,0,1232,1888,1760,1595,86
INS,2652,26520000,0,28,943,1634,1598,1749,92
INS,2653,26530000,0,0,638,1358,1356,1785,62
INS,2654,26540000,0,4,349,1019,1199,1771,52
INS,2655,26550000,0,0,0,713,860,1725,49
INS,2656,26560000,0,17,0,359,606,1634,152
INS,2657,26570000,0,0,0,0,313,1440,74
INS,2658,26580000,0,0,5,0,0,1211,66
INS,2659,26590000,0,7,5,0,52,957,144
INS,2660,26600000,0,0,0,1,14,641,52
INS,2661,26610000,0,0,46,10,0,296,21
INS,2662,26620000,0,0,48,0,0,6,252
INS,2663,26630000,0,1,0,15,5,0,236
INS,2664,26640000,0,0,0,0,0,0,232
INS,2665,26650000,0,15,6,0,4,0,18
INS,2666,26660000,0,0,0,0,26,0,36
INS,2667,26670000,0,0,33,0,0,37,97
INS,2668,26680000,0,30,35,19,18,0,146
INS,2669,26690000,0,23,11,27,46,0,168
INS,2670,26700000,0,0,17,0,0,0,95
INS,2671,26710000,0,11,40,55,1,0,202
INS,2672,26720000,0,0,0,15,1,0,128
INS,2673,26730000,0,0,0,0,0,15,144
INS,2674,26740000,0,19,3,10,0,0,178
INS,2675,26750000,0,0,18,11,29,3,224
INS,2676,26760000,0,2,0,7,23,31,243
INS,2677,26770000,0,10,0,45,23,0,19
INS,2678,26780000,0,40,13,0,25,49,85
INS,2679,26790000,0,0,0,15,0,0,246
INS,2680,26800000,0,0,0,18,5,0,15
INS,2681,26810000,0,22,0,1,0,0,32
INS,2682,26820000,0,0,0,37,31,0,94
INS,2683,26830000,0,50,0,0,0,19,112
INS,2684,26840000,0,2,14,30,0,0,106
INS,2685,26850000,0,38,0,20,0,2,137
INS,2686,26860000,0,8,0,21,0,0,123
INS,2687,26870000,0,0,9,0,18,0,138
INS,2688,26880000,0,0,45,0,11,8,192
INS,2689,26890000,0,26,21,26,0,27,245
INS,2690,26900000,0,2,0,2,0,0,166
INS,2691,26910000,0,35,51,0,0,0,9
INS,2692,26920000,0,0,47,37,8,0,32
INS,2693,26930000,0,0,1,30,12,0,0
INS,2694,26940000,0,13,0,0,0,0,243
INS,2695,26950000,0,0,48,6,0,21,66
INS,2696,26960000,0,58,5,0,0,0,71
INS,2697,26970000,0,23,0,6,46,0,100
INS,2698,26980000,0,12,0,51,16,0,121
INS,2699,26990000,0,35,0,26,24,0,144
INS,2700,27000000,0,0,14,11,36,0,137
INS,2701,27010000,0,42,26,11,10,6,188
INS,2702,27020000,0,23,18,54,37,0,242
INS,2703,27030000,0,29,0,43,0,0,199
INS,2704,27040000,0,6,0,7,0,6,163
INS,2705,27050000,0,23,0,0,0,0,184
INS,2706,27060000,0,0,0,0,0,0,178
INS,2707,27070000,0,0,0,13,0,5,213
INS,2708,27080000,0,0,11,0,27,0,250
INS,2709,27090000,0,1,0,24,0,24,22
INS,2710,27100000,0,4,0,0,0,0,250
INS,2711,27110000,0,1,0,0,22,21,51
INS,2712,27120000,0,24,0,0,0,25,73
INS,2713,27130000,0,19,2,0,25,0,87
INS,2714,27140000,0,31,0,47,0,0,136
INS,2715,27150000,0,44,0,5,4,6,134
INS,2716,27160000,0,134,0,0,0,0,226
INS,2717,27170000,0,362,0,0,0,20,235
INS,2718,27180000,0,461,0,49,0,2,126
INS,2719,27190000,0,563,3,0,42,47,30
INS,2720,27200000,0,683,0,0,0,0,75
INS,2721,27210000,0,801,47,8,0,19,28
INS,2722,27220000,0,942,18,41,22,3,196
INS,2723,27230000,0,1036,24,0,0,34,25
INS,2724,27240000,0,1137,2,4,0,0,91
INS,2725,27250000,0,1230,3,18,8,5,229
INS,2726,27260000,0,1334,0,0,12,0,72
INS,2727,27270000,0,1342,0,0,28,0,113
INS,2728,27280000,0,1327,19,0,15,0,121
INS,2729,27290000,0,1423,47,8,0,16,15
INS,2730,27300000,0,1382,31,4,0,34,245
INS,2731,27310000,0,1363,337,0,0,0,255
INS,2732,27320000,0,1359,656,0,10,0,85
INS,2733,27330000,0,1349,945,391,10,0,4
INS,2734,27340000,0,1225,1294,711,6,0,50
INS,2735,27350000,0,1195,1544,1004,0,4,66
INS,2736,27360000,0,1118,1744,1383,254,9,76
INS,2737,27370000,0,1043,1984,1665,589,13,111
INS,2738,27380000,0,954,2188,1844,890,0,198
INS,2739,27390000,0,780,2331,2167,1150,0,255
INS,2740,27400000,0,667,2458,2366,1402,0,225
INS,2741,27410000,0,532,2530,2524,1619,0,42
INS,2742,27420000,0,444,2577,2684,1804,0,107
INS,2743,27430000,0,274,2563,2728,1955,10,145
INS,2744,27440000,0,156,2594,2809,2072,21,28
INS,2745,27450000,0,6,2492,2849,2181,0,177
INS,2746,27460000,0,28,2368,2784,2165,288,43
INS,2747,27470000,0,0,2201,2656,2211,661,156
INS,2748,27480000,0,42,1959,2537,2084,959,25
INS,2749,27490000,0,25,1745,2352,2028,1201,68
INS,2750,27500000,0,0,1529,2175,1961,1425,80
INS,2751,27510000,0,16,1285,1864,1801,1640,125
INS,2752,27520000,0,12,969,1654,1654,1723,60
INS,2753,27530000,0,20,642,1347,1382,1816,40
INS,2754,27540000,0,3,330,998,1135,1781,121
INS,2755,27550000,0,5,22,712,901,1716,15
INS,2756,27560000,0,0,11,336,560,1593,200
INS,2757,27570000,0,0,0,0,287,1464,236
INS,2758,27580000,0,0,0,0,5,1203,222
INS,2759,27590000,0,0,0,0,14,939,240
INS,2760,27600000,0,0,0,0,27,642,229
INS,2761,27610000,0,53,25,0,0,307,218
INS,2762,27620000,0,0,15,31,14,1,167
INS,2763,27630000,0,10,16,0,0,33,182
INS,2764,27640000,0,0,2,16,12,48,218
INS,2765,27650000,0,5,18,0,28,7,215
INS,2766,27660000,0,35,31,0,0,0,240
INS,2767,27670000,0,49,1,0,30,0,15
INS,2768,27680000,0,0,33,0,5,11,1
INS,2769,27690000,0,45,0,0,35,0,49
INS,2770,27700000,0,28,25,0,0,14,53
INS,2771,27710000,0,19,0,17,0,0,39
INS,2772,27720000,0,8,13,0,0,24,65
INS,2773,27730000,0,0,0,0,0,33,70
INS,2774,27740000,0,31,29,0,25,31,170
INS,2775,27750000,0,42,0,0,0,27,140
INS,2776,27760000,0,0,0,6,0,0,94
INS,2777,27770000,0,13,0,0,21,35,174
INS,2778,27780000,0,0,40,1,0,1,164
INS,2779,27790000,0,36,6,0,38,0,219
INS,2780,27800000,0,0,10,0,0,0,166
INS,2781,27810000,0,15,0,19,10,0,217
INS,2782,27820000,0,36,0,0,15,0,241
INS,2783,27830000,0,0,0,11,0,37,255
INS,2784,27840000,0,0,0,7,5,0,236
INS,2785,27850000,0,32,19,0,0,10,46
INS,2786,27860000,0,0,19,0,0,26,47
INS,2787,27870000,0,0,0,18,12,0,49
INS,2788,27880000,0,10,0,0,0,1,47
INS,2789,27890000,0,18,6,0,25,0,102
INS,2790,27900000,0,11,3,0,31,0,115
INS,2791,27910000,0,18,40,8,0,2,155
INS,2792,27920000,0,0,0,9,7,0,120
INS,2793,27930000,0,0,8,0,0,0,129
INS,2794,27940000,0,31,0,0,6,0,175
INS,2795,27950000,0,0,25,0,0,0,180
INS,2796,27960000,0,2,17,0,43,1,235
INS,2797,27970000,0,15,25,6,15,31,25
INS,2798,27980000,0,0,0,9,16,0,231
INS,2799,27990000,0,0,0,2,19,0,244
INS,2800,28000000,0,14,0,7,0,0,5
INS,2801,28010000,0,5,0,0,0,0,6
INS,2802,28020000,0,38,0,2,40,2,100
INS,2803,28030000,0,12,0,0,47,0,94
INS,2804,28040000,0,0,52,0,62,43,209
INS,2805,28050000,0,18,27,43,9,2,168
INS,2806,28060000,0,62,1,0,0,0,149
INS,2807,28070000,0,0,0,9,10,0,122
INS,2808,28080000,0,5,0,14,0,6,145
INS,2809,28090000,0,8,0,0,0,50,195
INS,2810,28100000,0,0,0,0,0,0,154
INS,2811,28110000,0,18,0,0,0,0,189
INS,2812,28120000,0,14,0,0,55,0,1
INS,2813,28130000,0,35,7,21,0,33,45
INS,2814,28140000,0,31,39,38,0,5,79
INS,2815,28150000,0,0,0,0,59,6,48
INS,2816,28160000,0,149,0,0,0,35,184
INS,2817,28170000,0,293,9,14,21,0,98
INS,2818,28180000,0,428,0,0,0,3,209
INS,2819,28190000,0,592,19,8,7,13,178
INS,2820,28200000,0,670,0,0,0,0,226
INS,2821,28210000,0,859,8,27,0,0,211
INS,2822,28220000,0,935,0,0,0,0,13
INS,2823,28230000,0,1046,0,7,22,36,206
INS,2824,28240000,0,1145,0,0,0,24,25
INS,2825,28250000,0,1189,0,0,38,28,128
INS,2826,28260000,0,1248,0,2,0,30,170
INS,2827,28270000,0,1298,0,84,1,3,37
INS,2828,28280000,0,1355,0,7,34,25,89
INS,2829,28290000,0,1376,0,40,0,0,101
INS,2830,28300000,0,1401,17,32,16,0,168
INS,2831,28310000,0,1354,355,16,20,6,214
INS,2832,28320000,0,1390,635,0,26,0,19
INS,2833,28330000,0,1377,950,296,20,14,130
INS,2834,28340000,0,1309,1297,672,3,25,28
INS,2835,28350000,0,1206,1497,1006,24,0,216
INS,2836,28360000,0,1119,1761,1361,324,0,41
INS,2837,28370000,0,1044,1978,1673,595,32,47
INS,2838,28380000,0,971,2156,1893,841,0,91
INS,2839,28390000,0,804,2367,2146,1136,0,188
INS,2840,28400000,0,694,2524,2352,1401,0,211
INS,2841,28410000,0,578,2557,2540,1631,0,51
INS,2842,28420000,0,439,2633,2677,1813,5,73
INS,2843,28430000,0,291,2575,2752,1916,15,72
INS,2844,28440000,0,148,2538,2785,2116,0,127
INS,2845,28450000,0,11,2437,2790,2133,26,210
INS,2846,28460000,0,0,2340,2717,2195,299,125
INS,2847,28470000,0,22,2185,2642,2201,651,36
INS,2848,28480000,0,23,1997,2567,2165,993,97
INS,2849,28490000,0,10,1784,2403,2090,1180,92
INS,2850,28500000,0,0,1523,2197,1915,1457,246
INS,2851,28510000,0,0,1226,1944,1787,1635,19
INS,2852,28520000,0,0,934,1649,1572,1711,78
INS,2853,28530000,0,0,638,1352,1347,1780,114
INS,2854,28540000,0,0,289,1011,1149,1815,46
INS,2855,28550000,0,20,0,745,858,1763,209
INS,2856,28560000,0,0,25,339,559,1669,200
INS,2857,28570000,0,30,0,0,316,1443,182
INS,2858,28580000,0,0,29,31,0,1170,152
INS,2859,28590000,0,12,0,2,4,942,155
INS,2860,28600000,0,0,0,0,4,683,155
INS,2861,28610000,0,0,21,17,0,336,115
INS,2862,28620000,0,0,17,36,0,10,77
INS,2863,28630000,0,1,0,0,0,0,32
INS,2864,28640000,0,0,2,0,0,0,50
INS,2865,28650000,0,0,0,6,8,0,79
INS,2866,28660000,0,0,7,0,0,0,89
INS,2867,28670000,0,0,0,0,0,0,99
INS,2868,28680000,0,9,1,0,38,19,183
INS,2869,28690000,0,0,0,33,3,0,169
INS,2870,28700000,0,0,0,18,0,0,168
INS,2871,28710000,0,0,5,10,53,0,235
INS,2872,28720000,0,0,27,20,18,6,255
INS,2873,28730000,0,0,44,0,0,0,245
INS,2874,28740000,0,0,0,11,0,0,229
INS,2875,28750000,0,16,24,18,0,2,39
INS,2876,28760000,0,0,14,16,20,14,60
INS,2877,28770000,0,0,32,19,0,1,65
INS,2878,28780000,0,5,0,0,9,17,61
INS,2879,28790000,0,13,0,6,26,0,92
INS,2880,28800000,0,13,0,0,9,0,86
INS,2881,28810000,0,0,22,11,8,14,136
INS,2882,28820000,0,0,0,17,13,79,207
INS,2883,28830000,0,17,0,0,24,0,156
INS,2884,28840000,0,7,17,16,21,0,193
INS,2885,28850000,0,5,5,15,19,0,193
INS,2886,28860000,0,10,3,0,0,31,210
INS,2887,28870000,0,0,0,24,0,14,221
INS,2888,28880000,0,2,0,45,0,0,247
INS,2889,28890000,0,64,18,4,0,17,64
INS,2890,28900000,0,6,6,9,44,0,43
INS,2891,28910000,0,0,2,0,23,0,20
INS,2892,28920000,0,12,58,14,29,26,151
INS,2893,28930000,0,0,24,0,0,10,63
INS,2894,28940000,0,28,30,0,0,0,104
INS,2895,28950000,0,0,21,9,0,1,94
INS,2896,28960000,0,0,0,48,44,0,172
INS,2897,28970000,0,0,19,5,0,38,159
INS,2898,28980000,0,25,23,7,24,17,210
INS,2899,28990000,0,2,14,0,2,3,152
INS,2900,29000000,0,0,0,21,20,0,189
INS,2901,29010000,0,0,0,0,0,0,165
INS,2902,29020000,0,0,22,0,0,7,211
INS,2903,29030000,0,0,24,0,6,0,229
INS,2904,29040000,0,0,0,0,0,0,216
INS,2905,29050000,0,6,8,0,0,15,6
INS,2906,29060000,0,0,0,11,0,0,5
INS,2907,29070000,0,9,4,0,0,11,35
INS,2908,29080000,0,0,0,0,0,0,28
INS,2909,29090000,0,13,31,0,0,5,94
INS,2910,29100000,0,0,2,37,0,0,101
INS,2911,29110000,0,0,35,4,0,0,118
INS,2912,29120000,0,0,0,51,25,0,172
INS,2913,29130000,0,32,0,0,0,0,145
INS,2914,29140000,0,3,1,0,21,7,162
INS,2915,29150000,0,2,19,0,4,0,172
INS,2916,29160000,0,123,0,37,19,13,100
INS,2917,29170000,0,287,0,1,0,6,219
INS,2918,29180000,0,435,5,15,0,13,154
INS,2919,29190000,0,582,0,0,0,6,35
INS,2920,29200000,0,728,0,17,0,3,212
INS,2921,29210000,0,782,9,28,0,0,44
INS,2922,29220000,0,943,0,0,0,0,185
INS,2923,29230000,0,1035,0,13,17,5,73
INS,2924,29240000,0,1114,88,21,39,0,26
INS,2925,29250000,0,1189,23,20,0,2,15
INS,2926,29260000,0,1262,8,34,0,0,102
INS,2927,29270000,0,1314,5,15,0,15,164
INS,2928,29280000,0,1382,0,0,24,0,238
INS,2929,29290000,0,1402,47,0,43,0,85
INS,2930,29300000,0,1360,34,0,41,19,64
INS,2931,29310000,0,1360,330,19,0,36,116
INS,2932,29320000,0,1395,693,25,0,0,245
INS,2933,29330000,0,1318,972,379,0,42,92
INS,2934,29340000,0,1324,1262,660,2,0,134
INS,2935,29350000,0,1236,1518,1013,0,0,158
INS,2936,29360000,0,1182,1735,1352,303,0,212
INS,2937,29370000,0,1065,1957,1646,592,39,188
INS,2938,29380000,0,933,2185,1893,827,0,232
INS,2939,29390000,0,879,2400,2168,1133,26,249
INS,2940,29400000,0,682,2485,2379,1359,0,53
INS,2941,29410000,0,552,2533,2492,1613,16,115
INS,2942,29420000,0,402,2559,2665,1795,0,91
INS,2943,29430000,0,269,2595,2727,1956,0,234
INS,2944,29440000,0,127,2584,2826,2072,0,57
INS,2945,29450000,0,31,2534,2829,2143,0,2
INS,2946,29460000,0,9,2341,2709,2211,294,46
INS,2947,29470000,0,0,2175,2693,2222,667,0
INS,2948,29480000,0,20,2007,2557,2100,942,142
INS,2949,29490000,0,0,1768,2359,2045,1209,170
INS,2950,29500000,0,7,1561,2155,1917,1477,179
INS,2951,29510000,0,0,1255,1935,1811,1612,204
INS,2952,29520000,0,61,964,1664,1642,1734,185
INS,2953,29530000,0,5,638,1333,1414,1825,120
INS,2954,29540000,0,0,325,1046,1203,1743,7
INS,2955,29550000,0,0,17,694,886,1722,50
INS,2956,29560000,0,0,3,307,602,1612,40
INS,2957,29570000,0,18,18,37,307,1466,147
INS,2958,29580000,0,1,4,0,0,1208,43
INS,2959,29590000,0,6,6,15,23,955,108
INS,2960,29600000,0,49,18,0,0,671,114
INS,2961,29610000,0,0,1,28,4,324,6
INS,2962,29620000,0,20,4,0,0,33,235
INS,2963,29630000,0,2,25,4,0,0,226
INS,2964,29640000,0,2,8,0,0,3,225
INS,2965,29650000,0,0,8,0,0,28,9
INS,2966,29660000,0,42,0,0,0,0,32
INS,2967,29670000,0,10,15,3,6,0,41
INS,2968,29680000,0,14,13,0,0,8,59
INS,2969,29690000,0,0,0,3,32,0,76
INS,2970,29700000,0,0,0,0,0,0,58
INS,2971,29710000,0,2,13,10,0,0,100
INS,2972,29720000,0,0,24,0,0,4,120
INS,2973,29730000,0,0,2,37,19,24,191
INS,2974,29740000,0,0,0,0,34,26,186
INS,2975,29750000,0,0,0,0,0,0,143
INS,2976,29760000,0,56,0,0,8,31,255
INS,2977,29770000,0,1,0,0,0,9,187
INS,2978,29780000,0,0,7,0,0,0,201
INS,2979,29790000,0,14,0,0,76,3,48
INS,2980,29800000,0,21,0,0,0,19,12
INS,2981,29810000,0,0,0,18,0,2,9
INS,2982,29820000,0,0,36,15,0,20,77
INS,2983,29830000,0,7,0,0,0,29,59
INS,2984,29840000,0,46,36,15,23,0,160
INS,2985,29850000,0,0,0,0,0,7,64
INS,2986,29860000,0,19,24,17,0,7,141
INS,2987,29870000,0,13,0,0,37,0,141
INS,2988,29880000,0,0,0,0,13,3,124
INS,2989,29890000,0,0,0,0,0,0,125
INS,2990,29900000,0,33,0,0,0,0,175
INS,2991,29910000,0,0,0,0,17,0,176
INS,2992,29920000,0,15,11,51,21,10,28
INS,2993,29930000,0,0,0,13,0,6,212
INS,2994,29940000,0,0,9,0,18,55,36
INS,2995,29950000,0,0,0,20,0,22,13
INS,2996,29960000,0,0,37,12,0,34,71
INS,2997,29970000,0,11,9,0,7,0,32
INS,2998,29980000,0,0,9,0,11,36,78
INS,2999,29990000,0,0,0,0,49,6,94
INS,3000,30000000,0,28,0,0,0,0,84
INS,3001,30010000,0,0,0,0,25,0,98
INS,3002,30020000,0,0,14,0,0,0,104
INS,3003,30030000,0,13,0,16,0,0,136
INS,3004,30040000,0,6,0,0,3,0,133
INS,3005,30050000,0,20,0,0,0,0,161
INS,3006,30060000,0,29,0,12,25,2,226
INS,3007,30070000,0,0,0,31,0,0,206
INS,3008,30080000,0,10,0,6,32,9,249
INS,3009,30090000,0,15,15,3,3,10,255
INS,3010,30100000,0,0,0,44,5,22,41
INS,3011,30110000,0,12,0,0,0,0,255
INS,3012,30120000,0,80,0,3,0,0,87
INS,3013,30130000,0,0,0,10,0,0,31
INS,3014,30140000,0,4,0,16,20,0,78
INS,3015,30150000,0,35,0,0,0,4,94
INS,3016,30160000,0,122,7,0,6,18,225
INS,3017,30170000,0,324,18,9,0,0,184
INS,3018,30180000,0,444,6,0,0,0,44
INS,3019,30190000,0,565,0,7,0,0,183
INS,3020,30200000,0,684,0,0,13,25,94
INS,3021,30210000,0,838,36,32,0,34,73
INS,3022,30220000,0,893,12,0,0,31,86
INS,3023,30230000,0,1044,0,0,0,5,216
INS,3024,30240000,0,1162,0,12,0,64,166
INS,3025,30250000,0,1201,0,11,0,0,157
INS,3026,30260000,0,1290,17,0,0,4,17
INS,3027,30270000,0,1315,36,0,20,0,94
INS,3028,30280000,0,1373,19,13,7,13,165
INS,3029,30290000,0,1386,8,46,3,0,200
INS,3030,30300000,0,1351,23,29,0,0,177
INS,3031,30310000,0,1424,317,28,0,0,48
INS,3032,30320000,0,1360,655,5,2,0,62
INS,3033,30330000,0,1346,1007,333,0,18,249
INS,3034,30340000,0,1317,1263,677,0,0,51
INS,3035,30350000,0,1202,1533,1033,17,0,84
INS,3036,30360000,0,1076,1789,1354,278,0,45
INS,3037,30370000,0,1038,2013,1641,571,0,60
INS,3038,30380000,0,909,2181,1940,897,12,241
INS,3039,30390000,0,825,2392,2155,1126,21,70
INS,3040,30400000,0,681,2429,2346,1424,0,192
INS,3041,30410000,0,566,2529,2509,1586,0,7
INS,3042,30420000,0,440,2592,2682,1735,0,27
INS,3043,30430000,0,319,2614,2752,2003,52,79
INS,3044,30440000,0,154,2534,2807,2039,0,146
INS,3045,30450000,0,0,2492,2799,2185,0,105
INS,3046,30460000,0,0,2301,2739,2166,337,189
INS,3047,30470000,0,0,2180,2680,2194,667,128
INS,3048,30480000,0,17,1984,2576,2178,917,96
INS,3049,30490000,0,5,1764,2412,2072,1209,159
INS,3050,30500000,0,19,1583,2165,1977,1425,139
INS,3051,30510000,0,0,1239,1929,1801,1616,84
INS,3052,30520000,0,0,934,1616,1620,1773,227
INS,3053,30530000,0,39,647,1339,1379,1779,252
INS,3054,30540000,0,0,329,1014,1121,1775,93
INS,3055,30550000,0,4,0,700,862,1719,180
INS,3056,30560000,0,24,29,349,607,1565,254
INS,3057,30570000,0,0,0,0,317,1451,233
INS,3058,30580000,0,0,0,0,0,1226,220
INS,3059,30590000,0,9,17,3,8,936,240
INS,3060,30600000,0,7,0,0,36,640,223
INS,3061,30610000,0,0,4,0,0,345,162
INS,3062,30620000,0,30,0,0,0,0,116
INS,3063,30630000,0,7,8,16,17,0,151
INS,3064,30640000,0,0,0,12,0,0,132
INS,3065,30650000,0,0,38,0,0,1,176
INS,3066,30660000,0,0,0,0,19,0,173
INS,3067,30670000,0,0,0,1,1,0,173
INS,3068,30680000,0,9,0,18,0,37,252
INS,3069,30690000,0,0,2,1,0,3,211
INS,3070,30700000,0,28,16,22,5,0,37
INS,3071,30710000,0,29,0,32,0,14,58
INS,3072,30720000,0,0,0,26,1,2,29
INS,3073,30730000,0,2,0,0,0,0,19
INS,3074,30740000,0,41,20,0,0,0,95
INS,3075,30750000,0,0,0,0,36,0,87
INS,3076,30760000,0,27,0,0,9,11,115
INS,3077,30770000,0,19,0,12,0,10,126
INS,3078,30780000,0,19,2,13,0,25,161
INS,3079,30790000,0,0,0,59,0,0,178
INS,3080,30800000,0,0,10,29,20,0,195
INS,3081,30810000,0,29,8,0,12,7,209
INS,3082,30820000,0,11,0,0,0,42,223
INS,3083,30830000,0,18,23,0,0,0,228
INS,3084,30840000,0,0,0,17,14,0,235
INS,3085,30850000,0,47,5,29,0,0,46
INS,3086,30860000,0,3,0,0,22,49,56
INS,3087,30870000,0,31,0,19,0,0,49
INS,3088,30880000,0,9,0,0,44,11,80
INS,3089,30890000,0,30,0,5,0,26,94
INS,3090,30900000,0,16,26,17,20,56,185
INS,3091,30910000,0,0,0,45,0,0,112
INS,3092,30920000,0,0,41,0,0,13,138
INS,3093,30930000,0,0,0,2,37,0,140
INS,3094,30940000,0,3,44,1,15,38,219
INS,3095,30950000,0,21,14,0,22,0,192
INS,3096,30960000,0,2,24,25,0,0,203
INS,3097,30970000,0,11,52,34,23,0,33
INS,3098,30980000,0,0,39,0,0,0,225
INS,3099,30990000,0,31,0,10,0,0,244
INS,3100,31000000,0,8,0,2,31,0,5
INS,3101,31010000,0,21,0,0,5,0,7
INS,3102,31020000,0,0,5,0,0,54,57
INS,3103,31030000,0,0,4,10,0,0,29
INS,3104,31040000,0,0,3,0,0,0,35
INS,3105,31050000,0,0,0,0,0,0,49
INS,3106,31060000,0,43,0,6,0,19,134
INS,3107,31070000,0,0,25,6,0,47,161
INS,3108,31080000,0,0,18,17,35,0,170
INS,3109,31090000,0,11,0,0,0,0,128
INS,3110,31100000,0,1,11,35,0,0,181
INS,3111,31110000,0,13,0,28,33,0,225
INS,3112,31120000,0,0,1,0,8,0,177
INS,3113,31130000,0,0,0,0,15,0,200
INS,3114,31140000,0,0,41,0,0,0,243
INS,3115,31150000,0,16,0,25,17,2,23
INS,3116,31160000,0,168,0,24,0,6,178
INS,3117,31170000,0,282,0,34,1,1,59
INS,3118,31180000,0,405,0,28,0,0,191
INS,3119,31190000,0,579,17,49,0,14,178
INS,3120,31200000,0,701,0,0,0,0,237
INS,3121,31210000,0,836,20,0,0,0,153
INS,3122,31220000,0,903,0,75,0,21,57
INS,3123,31230000,0,1081,0,0,0,11,167
INS,3124,31240000,0,1119,7,0,2,22,242
INS,3125,31250000,0,1172,0,0,0,1,26
INS,3126,31260000,0,1261,11,7,26,0,175
INS,3127,31270000,0,1317,0,0,0,0,204
INS,3128,31280000,0,1389,19,0,0,23,79
INS,3129,31290000,0,1363,28,18,13,0,87
INS,3130,31300000,0,1418,7,34,0,30,171
INS,3131,31310000,0,1394,343,0,13,44,237
INS,3132,31320000,0,1347,604,0,0,0,155
INS,3133,31330000,0,1326,930,326,0,0,35
INS,3134,31340000,0,1284,1238,699,11,0,190
INS,3135,31350000,0,1221,1519,1000,0,27,230
INS,3136,31360000,0,1125,1827,1330,337,0,75
INS,3137,31370000,0,1045,2013,1644,577,0,240
INS,3138,31380000,0,941,2208,1864,854,0,77
INS,3139,31390000,0,790,2357,2182,1186,0,230
INS,3140,31400000,0,698,2465,2377,1409,0,169
INS,3141,31410000,0,563,2512,2549,1585,0,190
INS,3142,31420000,0,402,2574,2662,1782,32,194
INS,3143,31430000,0,290,2645,2728,1974,0,140
INS,3144,31440000,0,144,2612,2766,2096,4,142
INS,3145,31450000,0,0,2514,2800,2138,0,245
INS,3146,31460000,0,14,2359,2746,2195,335,203
INS,3147,31470000,0,7,2219,2634,2177,683,35
INS,3148,31480000,0,18,2036,2544,2136,951,17
INS,3149,31490000,0,4,1781,2331,2106,1230,57
INS,3150,31500000,0,9,1487,2107,1960,1437,134
INS,3151,31510000,0,0,1282,1963,1781,1596,29
INS,3152,31520000,0,1,978,1661,1601,1722,155
INS,3153,31530000,0,15,657,1362,1414,1788,213
INS,3154,31540000,0,12,366,1022,1160,1777,99
INS,3155,31550000,0,0,41,703,904,1728,179
INS,3156,31560000,0,0,0,349,572,1615,124
INS,3157,31570000,0,0,0,14,310,1426,123
INS,3158,31580000,0,0,0,6,31,1202,141
INS,3159,31590000,0,17,0,46,0,982,220
INS,3160,31600000,0,0,32,0,0,644,124
INS,3161,31610000,0,2,1,0,0,367,91
INS,3162,31620000,0,52,0,0,0,0,46
INS,3163,31630000,0,0,3,11,0,25,50
INS,3164,31640000,0,9,1,1,39,0,78
INS,3165,31650000,0,22,10,13,0,0,90
INS,3166,31660000,0,0,17,29,14,0,122
INS,3167,31670000,0,20,21,13,0,30,163
INS,3168,31680000,0,8,36,37,7,0,184
INS,3169,31690000,0,0,23,22,0,6,164
INS,3170,31700000,0,18,0,0,0,21,169
INS,3171,31710000,0,17,0,1,20,0,185
INS,3172,31720000,0,0,2,8,0,0,174
INS,3173,31730000,0,0,0,0,26,22,229
INS,3174,31740000,0,0,0,0,22,0,220
INS,3175,31750000,0,9,0,0,15,0,239
INS,3176,31760000,0,1,24,0,0,3,4
INS,3177,31770000,0,9,0,37,0,16,55
INS,3178,31780000,0,0,0,31,0,27,68
INS,3179,31790000,0,3,20,15,0,0,65
INS,3180,31800000,0,48,0,0,48,0,140
INS,3181,31810000,0,0,0,0,11,0,72
INS,3182,31820000,0,0,0,0,0,0,78
INS,3183,31830000,0,20,0,12,38,0,165
INS,3184,31840000,0,4,11,8,0,1,136
INS,3185,31850000,0,31,0,0,4,0,164
INS,3186,31860000,0,10,0,25,0,24,205
INS,3187,31870000,0,17,26,39,13,0,2
INS,3188,31880000,0,0,0,0,0,21,201
INS,3189,31890000,0,0,16,0,0,13,226
INS,3190,31900000,0,0,0,0,0,0,214
INS,3191,31910000,0,0,20,0,0,0,251
INS,3192,31920000,0,0,12,1,0,0,5
INS,3193,31930000,0,0,0,0,56,51,116
INS,3194,31940000,0,0,65,0,0,0,91
INS,3195,31950000,0,0,0,0,2,0,45
INS,3196,31960000,0,0,0,12,0,0,72
INS,3197,31970000,0,0,0,5,0,45,127
INS,3198,31980000,0,49,45,2,8,0,198
INS,3199,31990000,0,20,18,3,29,37,218
INS,3200,32000000,0,0,26,0,0,42,196
INS,3201,32010000,0,1,0,0,0,0,146
INS,3202,32020000,0,0,43,0,8,0,213
INS,3203,32030000,0,1,24,0,0,7,211
INS,3204,32040000,0,11,18,0,9,0,234
INS,3205,32050000,0,0,0,19,16,0,248
INS,3206,32060000,0,0,18,0,19,0,11
INS,3207,32070000,0,20,6,0,0,30,47
INS,3208,32080000,0,0,0,19,0,0,27
INS,3209,32090000,0,1,43,0,0,7,76
INS,3210,32100000,0,27,0,0,36,1,106
INS,3211,32110000,0,17,0,41,15,0,132
INS,3212,32120000,0,0,0,0,0,20,96
INS,3213,32130000,0,4,8,44,0,25,174
INS,3214,32140000,0,32,10,9,0,0,161
INS,3215,32150000,0,21,0,0,10,0,158
INS,3216,32160000,0,116,0,0,26,22,52
INS,3217,32170000,0,306,31,11,6,0,3
INS,3218,32180000,0,453,28,0,36,0,183
INS,3219,32190000,0,567,11,50,4,0,59
INS,3220,32200000,0,701,19,32,0,34,230
INS,3221,32210000,0,815,0,0,0,9,29
INS,3222,32220000,0,954,0,0,1,0,177
INS,3223,32230000,0,1048,21,15,17,8,92
INS,3224,32240000,0,1168,0,25,5,10,208
INS,3225,32250000,0,1222,0,30,0,0,13
INS,3226,32260000,0,1280,0,0,0,0,58
INS,3227,32270000,0,1330,16,10,27,0,178
INS,3228,32280000,0,1391,1,28,21,0,253
INS,3229,32290000,0,1370,0,25,0,3,227
INS,3230,32300000,0,1458,0,0,0,3,51
INS,3231,32310000,0,1369,378,0,4,5,107
INS,3232,32320000,0,1339,659,0,11,38,159
INS,3233,32330000,0,1327,965,377,35,0,65
INS,3234,32340000,0,1262,1279,720,45,0,172
INS,3235,32350000,0,1188,1528,975,0,27,89
INS,3236,32360000,0,1125,1808,1331,317,24,225
INS,3237,32370000,0,1018,2044,1644,591,43,209
INS,3238,32380000,0,892,2224,1987,856,6,83
INS,3239,32390000,0,798,2392,2208,1160,0,181
INS,3240,32400000,0,683,2529,2336,1333,0,9
INS,3241,32410000,0,577,2501,2529,1575,40,111
INS,3242,32420000,0,456,2559,2674,1799,0,138
INS,3243,32430000,0,285,2514,2702,1945,0,113
INS,3244,32440000,0,129,2527,2818,2053,16,227
INS,3245,32450000,0,0,2464,2833,2138,0,136
INS,3246,32460000,0,54,2340,2756,2245,317,174
INS,3247,32470000,0,0,2207,2632,2209,612,139
INS,3248,32480000,0,2,2009,2543,2167,954,171
INS,3249,32490000,0,0,1769,2377,2094,1247,0
INS,3250,32500000,0,55,1537,2107,2010,1448,199
INS,3251,32510000,0,0,1263,1901,1785,1610,130
INS,3252,32520000,0,0,954,1611,1615,1736,16
INS,3253,32530000,0,5,624,1311,1419,1808,52
INS,3254,32540000,0,32,354,1010,1143,1739,204
INS,3255,32550000,0,0,0,703,884,1751,49
INS,3256,32560000,0,38,0,338,591,1603,66
INS,3257,32570000,0,0,0,0,313,1452,46
INS,3258,32580000,0,0,4,0,0,1260,74
INS,3259,32590000,0,0,14,0,0,929,26
INS,3260,32600000,0,0,1,43,0,647,47
INS,3261,32610000,0,0,22,0,30,306,243
INS,3262,32620000,0,13,0,14,14,0,199
INS,3263,32630000,0,25,12,0,0,0,212
INS,3264,32640000,0,54,22,0,0,0,12
INS,3265,32650000,0,0,0,11,0,0,220
INS,3266,32660000,0,65,8,0,20,5,68
INS,3267,32670000,0,0,15,18,0,0,20
INS,3268,32680000,0,18,0,0,0,0,22
INS,3269,32690000,0,14,0,6,16,11,68
INS,3270,32700000,0,0,21,0,0,6,65
INS,3271,32710000,0,10,11,14,9,14,113
INS,3272,32720000,0,0,50,0,30,32,184
INS,3273,32730000,0,20,0,65,10,0,184
INS,3274,32740000,0,0,0,0,0,0,106
INS,3275,32750000,0,0,38,0,0,0,161
INS,3276,32760000,0,0,34,0,0,0,174
INS,3277,32770000,0,5,0,19,0,0,181
INS,3278,32780000,0,34,1,23,1,0,233
INS,3279,32790000,0,0,84,0,0,5,24
INS,3280,32800000,0,0,0,10,3,30,251
INS,3281,32810000,0,0,0,18,35,17,39
INS,3282,32820000,0,23,9,25,34,12,89
INS,3283,32830000,0,0,0,6,35,58,102
INS,3284,32840000,0,36,20,27,0,0,103
INS,3285,32850000,0,0,0,0,0,32,69
INS,3286,32860000,0,0,2,0,0,0,56
INS,3287,32870000,0,0,0,0,0,0,71
INS,3288,32880000,0,21,1,0,9,0,119
INS,3289,32890000,0,0,0,12,0,2,119
INS,3290,32900000,0,14,19,10,0,9,174
INS,3291,32910000,0,0,20,0,2,0,161
INS,3292,32920000,0,0,8,11,29,0,204
INS,3293,32930000,0,36,0,0,13,8,230
INS,3294,32940000,0,0,3,0,0,0,193
INS,3295,32950000,0,36,0,37,0,19,43
INS,3296,32960000,0,0,0,0,14,0,238
INS,3297,32970000,0,0,21,0,0,0,6
INS,3298,32980000,0,17,45,11,16,2,93
INS,3299,32990000,0,2,0,34,17,0,72
INS,3300,33000000,0,13,0,0,1,0,50
INS,3301,33010000,0,0,43,0,28,0,124
INS,3302,33020000,0,36,0,9,32,0,147
INS,3303,33030000,0,11,0,66,0,46,210
INS,3304,33040000,0,28,0,0,65,44,241
INS,3305,33050000,0,44,3,0,28,0,196
INS,3306,33060000,0,0,0,24,0,0,162
INS,3307,33070000,0,0,0,21,5,41,222
INS,3308,33080000,0,0,42,0,0,0,214
INS,3309,33090000,0,18,0,0,10,0,217
INS,3310,33100000,0,2,0,65,0,5,22
INS,3311,33110000,0,0,0,0,7,26,0
INS,3312,33120000,0,38,8,0,11,0,41
INS,3313,33130000,0,0,4,14,0,0,19
INS,3314,33140000,0,16,63,0,31,6,134
INS,3315,33150000,0,19,0,23,7,34,118
INS,3316,33160000,0,156,0,0,0,3,211
INS,3317,33170000,0,281,0,9,65,25,193
INS,3318,33180000,0,395,39,0,0,0,8
INS,3319,33190000,0,572,0,41,7,0,211
INS,3320,33200000,0,661,0,2,8,0,23
INS,3321,33210000,0,813,0,34,13,35,8
INS,3322,33220000,0,924,0,0,4,10,68
INS,3323,33230000,0,1043,0,0,0,0,190
INS,3324,33240000,0,1096,8,0,0,0,12
INS,3325,33250000,0,1240,0,0,9,24,198
INS,3326,33260000,0,1263,4,47,0,0,0
INS,3327,33270000,0,1311,0,60,52,47,173
INS,3328,33280000,0,1317,33,12,0,0,82
INS,3329,33290000,0,1401,14,57,40,0,249
INS,3330,33300000,0,1392,0,0,26,0,172
INS,3331,33310000,0,1391,369,0,0,18,37
INS,3332,33320000,0,1377,694,25,39,25,180
INS,3333,33330000,0,1308,961,326,9,45,174
INS,3334,33340000,0,1285,1243,729,0,0,31
INS,3335,33350000,0,1232,1493,1056,0,0,60
INS,3336,33360000,0,1168,1795,1348,314,0,153
INS,3337,33370000,0,1020,2062,1623,561,0,43
INS,3338,33380000,0,888,2204,1892,868,0,134
INS,3339,33390000,0,869,2359,2186,1151,0,96
INS,3340,33400000,0,747,2436,2349,1391,0,215
INS,3341,33410000,0,574,2598,2525,1612,15,121
INS,3342,33420000,0,402,2608,2641,1786,15,10
INS,3343,33430000,0,316,2601,2812,1989,0,37
INS,3344,33440000,0,123,2581,2756,2060,0,112
INS,3345,33450000,0,0,2475,2797,2149,30,60
INS,3346,33460000,0,22,2359,2760,2232,309,52
INS,3347,33470000,0,0,2190,2667,2208,639,91
INS,3348,33480000,0,0,2002,2504,2160,980,50
INS,3349,33490000,0,15,1805,2350,2034,1247,128
INS,3350,33500000,0,0,1539,2159,1936,1440,24
INS,3351,33510000,0,0,1247,1935,1837,1628,126
INS,3352,33520000,0,0,916,1649,1602,1737,168
INS,3353,33530000,0,17,620,1339,1383,1821,229
INS,3354,33540000,0,0,326,990,1173,1827,150
INS,3355,33550000,0,0,13,713,904,1742,247
INS,3356,33560000,0,0,28,374,601,1574,237
INS,3357,33570000,0,0,0,0,295,1419,159
INS,3358,33580000,0,57,28,0,0,1210,13
INS,3359,33590000,0,23,50,0,32,990,86
INS,3360,33600000,0,0,5,16,0,663,204
INS,3361,33610000,0,0,30,0,0,340,163
INS,3362,33620000,0,23,4,11,10,27,141
INS,3363,33630000,0,3,46,0,62,4,198
INS,3364,33640000,0,43,0,0,36,7,186
INS,3365,33650000,0,14,41,0,0,37,209
INS,3366,33660000,0,2,0,17,50,0,203
INS,3367,33670000,0,0,7,10,0,28,196
INS,3368,33680000,0,0,0,0,1,0,169
INS,3369,33690000,0,12,0,0,9,3,209
INS,3370,33700000,0,0,0,0,0,0,202
INS,3371,33710000,0,0,0,0,0,0,219
INS,3372,33720000,0,0,25,0,0,27,32
INS,3373,33730000,0,0,0,24,2,19,42
INS,3374,33740000,0,0,0,14,0,0,28
INS,3375,33750000,0,24,0,0,9,0,64
INS,3376,33760000,0,0,0,16,2,21,87
INS,3377,33770000,0,1,14,2,0,4,86
INS,3378,33780000,0,2,12,13,0,0,109
INS,3379,33790000,0,32,0,14,0,0,145
INS,3380,33800000,0,21,28,0,13,0,178
INS,3381,33810000,0,14,0,14,19,21,201
INS,3382,33820000,0,0,0,0,0,18,168
INS,3383,33830000,0,0,0,3,0,0,170
INS,3384,33840000,0,0,0,13,8,36,241
INS,3385,33850000,0,0,24,0,0,0,225
INS,3386,33860000,0,17,0,3,0,15,253
INS,3387,33870000,0,8,2,13,0,0,2
INS,3388,33880000,0,0,39,0,0,1,36
INS,3389,33890000,0,0,7,0,0,0,20
INS,3390,33900000,0,6,0,19,0,6,61
INS,3391,33910000,0,48,0,0,0,0,95
INS,3392,33920000,0,7,0,0,10,0,81
INS,3393,33930000,0,0,0,0,37,16,134
INS,3394,33940000,0,5,28,13,1,10,155
INS,3395,33950000,0,0,0,11,23,0,149
INS,3396,33960000,0,0,0,0,5,8,145
INS,3397,33970000,0,0,0,17,10,0,176
INS,3398,33980000,0,10,5,18,46,0,245
INS,3399,33990000,0,31,0,0,0,0,214
INS,3400,34000000,0,68,2,0,31,27,72
INS,3401,34010000,0,0,18,36,0,0,15
INS,3402,34020000,0,9,0,31,61,0,79
INS,3403,34030000,0,60,0,0,18,23,96
INS,3404,34040000,0,26,0,11,0,4,53
INS,3405,34050000,0,24,25,0,1,0,79
INS,3406,34060000,0,0,0,20,24,16,106
INS,3407,34070000,0,38,0,0,13,0,114
INS,3408,34080000,0,0,0,1,0,0,81
INS,3409,34090000,0,0,0,0,21,0,118
INS,3410,34100000,0,0,11,0,0,0,125
INS,3411,34110000,0,48,0,0,0,24,203
INS,3412,34120000,0,0,1,0,17,0,166
INS,3413,34130000,0,24,0,23,0,0,212
INS,3414,34140000,0,27,46,3,20,0,22
INS,3415,34150000,0,51,1,9,0,0,4
INS,3416,34160000,0,163,21,7,9,0,160
INS,3417,34170000,0,265,45,0,0,33,64
INS,3418,34180000,0,452,0,16,0,0,206
INS,3419,34190000,0,602,1,0,0,0,102
INS,3420,34200000,0,699,0,27,0,0,242
INS,3421,34210000,0,885,0,3,0,21,186
INS,3422,34220000,0,924,0,0,5,18,241
INS,3423,34230000,0,1097,0,0,33,0,185
INS,3424,34240000,0,1138,18,17,0,0,245
INS,3425,34250000,0,1221,0,25,0,0,79
INS,3426,34260000,0,1252,0,13,0,0,115
INS,3427,34270000,0,1326,1,12,0,0,206
INS,3428,34280000,0,1368,2,0,17,0,15
INS,3429,34290000,0,1428,0,0,0,20,93
INS,3430,34300000,0,1431,3,28,11,14,149
INS,3431,34310000,0,1404,297,18,0,33,175
INS,3432,34320000,0,1361,667,15,14,0,241
INS,3433,34330000,0,1269,926,314,31,1,230
INS,3434,34340000,0,1278,1277,701,0,9,203
INS,3435,34350000,0,1240,1542,1037,0,0,6
INS,3436,34360000,0,1104,1756,1322,293,0,167
INS,3437,34370000,0,1015,1986,1604,573,33,152
INS,3438,34380000,0,928,2179,1912,900,6,115
INS,3439,34390000,0,826,2320,2136,1148,0,125
INS,3440,34400000,0,693,2474,2364,1382,18,131
INS,3441,34410000,0,571,2536,2573,1623,0,8
INS,3442,34420000,0,420,2609,2668,1802,0,221
INS,3443,34430000,0,309,2593,2831,2000,39,255
INS,3444,34440000,0,123,2550,2782,2058,0,13
INS,3445,34450000,0,15,2465,2807,2152,0,212
INS,3446,34460000,0,0,2385,2756,2166,309,150
INS,3447,34470000,0,0,2187,2656,2177,632,203
INS,3448,34480000,0,5,2007,2530,2126,927,163
INS,3449,34490000,0,0,1774,2369,2073,1240,41
INS,3450,34500000,0,0,1553,2122,1972,1497,2
INS,3451,34510000,0,44,1262,1889,1813,1598,249
INS,3452,34520000,0,13,1019,1644,1614,1719,181
INS,3453,34530000,0,0,586,1314,1360,1756,229
INS,3454,34540000,0,0,348,1039,1152,1778,59
INS,3455,34550000,0,0,10,714,851,1688,46
INS,3456,34560000,0,17,0,355,659,1574,173
INS,3457,34570000,0,3,55,0,296,1446,153
INS,3458,34580000,0,12,0,21,0,1309,224
INS,3459,34590000,0,0,0,0,16,964,135
INS,3460,34600000,0,16,1,0,0,640,85
INS,3461,34610000,0,0,36,0,0,337,74
INS,3462,34620000,0,23,0,51,37,0,85
INS,3463,34630000,0,49,0,3,0,17,60
INS,3464,34640000,0,33,39,44,0,0,124
INS,3465,34650000,0,0,2,19,25,0,71
INS,3466,34660000,0,0,0,16,0,9,67
INS,3467,34670000,0,48,0,47,0,25,179
INS,3468,34680000,0,39,0,34,0,0,149
INS,3469,34690000,0,0,15,0,0,0,108
INS,3470,34700000,0,0,0,8,0,29,147
INS,3471,34710000,0,17,19,0,0,0,163
INS,3472,34720000,0,10,0,55,0,20,229
INS,3473,34730000,0,37,0,0,17,0,215
INS,3474,34740000,0,0,0,0,29,0,207
INS,3475,34750000,0,30,0,0,0,11,236
INS,3476,34760000,0,40,0,0,0,0,252
INS,3477,34770000,0,8,17,0,0,0,254
INS,3478,34780000,0,0,13,0,23,0,26
INS,3479,34790000,0,0,22,16,35,0,80
INS,3480,34800000,0,0,0,0,18,13,55
INS,3481,34810000,0,39,0,0,0,0,80
INS,3482,34820000,0,0,0,0,0,12,70
INS,3483,34830000,0,0,0,0,13,8,96
INS,3484,34840000,0,0,20,40,0,15,167
INS,3485,34850000,0,52,0,0,0,0,161
INS,3486,34860000,0,0,10,39,0,45,220
INS,3487,34870000,0,5,0,5,10,14,177
INS,3488,34880000,0,0,16,0,0,17,193
INS,3489,34890000,0,22,30,0,27,65,65
INS,3490,34900000,0,5,15,0,0,19,233
INS,3491,34910000,0,2,0,0,0,0,213
INS,3492,34920000,0,42,1,62,0,0,77
INS,3493,34930000,0,0,0,0,0,0,245
INS,3494,34940000,0,4,23,0,0,0,33
INS,3495,34950000,0,0,17,5,0,0,45
INS,3496,34960000,0,17,2,0,17,0,76
INS,3497,34970000,0,0,10,0,5,5,77
INS,3498,34980000,0,20,0,6,51,12,163
INS,3499,34990000,0,17,0,10,51,0,169
INS,3500,35000000,0,0,0,0,0,27,135
INS,3501,35010000,0,0,0,32,22,40,219
INS,3502,35020000,0,61,8,0,43,0,254
INS,3503,35030000,0,0,6,19,0,22,206
INS,3504,35040000,0,0,8,21,0,0,205
INS,3505,35050000,0,0,18,41,28,0,24
INS,3506,35060000,0,0,17,0,0,12,239
INS,3507,35070000,0,0,20,0,0,0,247
INS,3508,35080000,0,0,0,10,22,0,20
INS,3509,35090000,0,31,11,14,0,53,114
INS,3510,35100000,0,34,4,0,65,9,134
INS,3511,35110000,0,0,22,0,0,0,61
INS,3512,35120000,0,23,0,5,0,16,100
INS,3513,35130000,0,49,6,18,27,0,173
INS,3514,35140000,0,0,0,0,5,0,95
INS,3515,35150000,0,0,51,0,0,0,158
INS,3516,35160000,0,142,0,0,4,9,23
INS,3517,35170000,0,289,48,23,0,33,22
INS,3518,35180000,0,442,0,7,36,22,153
INS,3519,35190000,0,574,46,0,0,6,33
INS,3520,35200000,0,664,21,0,18,14,141
INS,3521,35210000,0,826,9,22,0,0,42
INS,3522,35220000,0,965,0,22,0,15,204
INS,3523,35230000,0,1015,0,19,31,43,71
INS,3524,35240000,0,1113,19,2,0,0,114
INS,3525,35250000,0,1235,10,0,0,32,18
INS,3526,35260000,0,1282,1,10,0,0,51
INS,3527,35270000,0,1302,0,51,29,0,157
INS,3528,35280000,0,1417,0,27,4,18,2
INS,3529,35290000,0,1371,0,8,0,32,220
INS,3530,35300000,0,1382,0,4,46,0,2
INS,3531,35310000,0,1399,304,21,0,26,81
INS,3532,35320000,0,1369,652,39,0,0,152
INS,3533,35330000,0,1325,956,351,0,0,229
INS,3534,35340000,0,1273,1257,703,23,0,102
INS,3535,35350000,0,1174,1550,1047,38,0,160
INS,3536,35360000,0,1153,1754,1380,308,2,197
INS,3537,35370000,0,1045,1975,1638,573,0,80
INS,3538,35380000,0,952,2221,1877,851,0,255
INS,3539,35390000,0,833,2388,2131,1141,0,96
INS,3540,35400000,0,700,2481,2389,1400,21,99
INS,3541,35410000,0,606,2536,2561,1619,0,191
INS,3542,35420000,0,450,2550,2697,1799,29,155
INS,3543,35430000,0,306,2579,2786,1936,0,254
INS,3544,35440000,0,118,2544,2787,2088,3,204
INS,3545,35450000,0,0,2488,2806,2162,0,137
INS,3546,35460000,0,24,2328,2777,2184,344,99
INS,3547,35470000,0,37,2210,2622,2183,679,190
INS,3548,35480000,0,0,2024,2567,2110,992,169
INS,3549,35490000,0,0,1753,2357,2078,1198,135
INS,3550,35500000,0,0,1567,2189,1961,1422,161
INS,3551,35510000,0,17,1253,1901,1783,1610,115
INS,3552,35520000,0,24,942,1626,1644,1719,35
INS,3553,35530000,0,0,633,1348,1387,1795,28
INS,3554,35540000,0,0,345,1027,1127,1753,158
INS,3555,35550000,0,18,0,680,840,1719,204
INS,3556,35560000,0,0,0,352,622,1640,90
INS,3557,35570000,0,12,3,3,318,1426,23
INS,3558,35580000,0,0,8,42,0,1239,79
INS,3559,35590000,0,5,27,0,0,944,39
INS,3560,35600000,0,42,17,30,0,665,90
INS,3561,35610000,0,2,0,5,28,348,248
INS,3562,35620000,0,0,0,0,0,0,138
INS,3563,35630000,0,0,0,20,22,20,217
INS,3564,35640000,0,0,0,0,0,0,172
INS,3565,35650000,0,36,16,16,38,0,39
INS,3566,35660000,0,0,22,0,0,0,228
INS,3567,35670000,0,0,0,11,12,0,246
INS,3568,35680000,0,0,0,0,20,0,4
INS,3569,35690000,0,5,64,0,0,4,74
INS,3570,35700000,0,0,0,61,54,0,133
INS,3571,35710000,0,0,0,0,0,14,49
INS,3572,35720000,0,0,0,0,0,0,52
INS,3573,35730000,0,12,32,0,34,7,154
INS,3574,35740000,0,15,17,0,0,2,120
INS,3575,35750000,0,0,1,20,0,0,124
INS,3576,35760000,0,26,9,0,0,24,179
INS,3577,35770000,0,0,6,9,0,9,161
INS,3578,35780000,0,20,11,0,8,0,193
INS,3579,35790000,0,0,9,0,0,62,242
INS,3580,35800000,0,0,10,0,0,21,219
INS,3581,35810000,0,9,0,15,11,0,240
INS,3582,35820000,0,23,0,15,26,0,30
INS,3583,35830000,0,6,0,0,0,0,245
INS,3584,35840000,0,0,0,12,14,0,26
INS,3585,35850000,0,0,0,0,0,15,32
INS,3586,35860000,0,0,0,37,0,0,71
INS,3587,35870000,0,3,0,8,48,0,110
INS,3588,35880000,0,0,0,0,0,18,86
INS,3589,35890000,0,7,0,27,0,0,119
INS,3590,35900000,0,0,34,36,6,13,191
INS,3591,35910000,0,0,32,2,25,0,178
INS,3592,35920000,0,0,0,0,18,3,157
INS,3593,35930000,0,0,26,50,25,4,2
INS,3594,35940000,0,0,0,18,0,16,204
INS,3595,35950000,0,15,0,0,0,11,213
INS,3596,35960000,0,18,0,15,47,9,37
INS,3597,35970000,0,0,0,12,47,0,24
INS,3598,35980000,0,22,0,15,0,0,19
INS,3599,35990000,0,0,0,0,32,0,31
INS,3600,36000000,0,0,3,25,1,23,68
INS,3601,36010000,0,0,25,0,0,0,58
INS,3602,36020000,0,0,0,20,44,43,157
INS,3603,36030000,0,5,11,0,0,9,92
INS,3604,36040000,0,30,3,0,14,18,149
INS,3605,36050000,0,6,0,0,37,0,144
INS,3606,36060000,0,0,0,0,0,2,120
INS,3607,36070000,0,0,30,0,0,11,176
INS,3608,36080000,0,19,0,0,21,24,216
INS,3609,36090000,0,4,0,0,14,10,197
INS,3610,36100000,0,0,0,0,23,11,220
INS,3611,36110000,0,0,30,0,0,0,233
INS,3612,36120000,0,0,0,0,19,17,0
INS,3613,36130000,0,0,6,0,0,59,46
INS,3614,36140000,0,18,32,0,21,0,69
INS,3615,36150000,0,0,30,0,7,4,56
INS,3616,36160000,0,159,0,0,0,0,191
INS,3617,36170000,0,240,8,9,21,0,71
INS,3618,36180000,0,422,55,0,0,0,31
INS,3619,36190000,0,582,37,7,13,0,210
INS,3620,36200000,0,646,26,0,46,20,70
INS,3621,36210000,0,831,0,0,0,0,180
INS,3622,36220000,0,937,0,0,0,5,52
INS,3623,36230000,0,1063,0,0,0,15,205
INS,3624,36240000,0,1139,0,0,0,0,27
INS,3625,36250000,0,1220,19,0,0,7,151
INS,3626,36260000,0,1293,25,0,20,46,50
INS,3627,36270000,0,1363,1,2,0,0,49
INS,3628,36280000,0,1357,0,13,0,0,70
INS,3629,36290000,0,1347,15,0,26,3,108
INS,3630,36300000,0,1392,0,0,52,23,201
INS,3631,36310000,0,1411,339,8,67,13,77
INS,3632,36320000,0,1391,662,0,12,6,71
INS,3633,36330000,0,1290,975,336,44,0,150
INS,3634,36340000,0,1277,1235,683,41,28,18
INS,3635,36350000,0,1220,1549,1023,0,0,51
INS,3636,36360000,0,1089,1775,1378,246,0,252
INS,3637,36370000,0,998,1994,1646,622,0,17
INS,3638,36380000,0,922,2195,1913,858,0,150
INS,3639,36390000,0,782,2367,2111,1115,0,142
INS,3640,36400000,0,635,2439,2365,1370,0,81
INS,3641,36410000,0,576,2586,2525,1590,0,54
INS,3642,36420000,0,399,2598,2669,1759,0,219
INS,3643,36430000,0,298,2635,2745,1921,0,154
INS,3644,36440000,0,146,2576,2775,2057,0,126
INS,3645,36450000,0,0,2480,2830,2126,11,36
INS,3646,36460000,0,0,2384,2712,2224,354,24
INS,3647,36470000,0,1,2193,2625,2228,638,52
INS,3648,36480000,0,0,2005,2534,2175,955,53
INS,3649,36490000,0,0,1808,2340,2026,1222,53
INS,3650,36500000,0,0,1520,2177,1975,1415,17
INS,3651,36510000,0,0,1263,1957,1783,1621,83
INS,3652,36520000,0,5,955,1649,1605,1725,183
INS,3653,36530000,0,0,620,1320,1396,1829,194
INS,3654,36540000,0,0,315,1044,1104,1791,68
INS,3655,36550000,0,3,33,710,929,1771,45
INS,3656,36560000,0,0,17,357,561,1585,160
INS,3657,36570000,0,21,0,44,290,1420,200
INS,3658,36580000,0,12,10,0,0,1217,193
INS,3659,36590000,0,10,0,0,21,947,205
INS,3660,36600000,0,14,0,4,0,670,188
INS,3661,36610000,0,26,0,0,20,293,112
INS,3662,36620000,0,35,0,1,24,30,136
INS,3663,36630000,0,1,0,0,0,0,64
INS,3664,36640000,0,11,20,4,0,11,126
INS,3665,36650000,0,26,0,19,0,22,164
INS,3666,36660000,0,38,36,0,19,31,238
INS,3667,36670000,0,11,0,23,0,2,167
INS,3668,36680000,0,0,5,16,9,18,196
INS,3669,36690000,0,9,26,2,0,0,202
INS,3670,36700000,0,25,0,15,0,0,222
INS,3671,36710000,0,0,0,0,0,2,201
INS,3672,36720000,0,9,0,58,0,58,85
INS,3673,36730000,0,18,0,0,18,26,39
INS,3674,36740000,0,0,21,7,7,0,29
INS,3675,36750000,0,0,21,37,8,0,77
INS,3676,36760000,0,0,0,0,0,20,48
INS,3677,36770000,0,18,0,0,0,0,63
INS,3678,36780000,0,12,0,0,20,10,104
INS,3679,36790000,0,14,4,6,6,0,109
INS,3680,36800000,0,18,0,17,0,0,131
INS,3681,36810000,0,16,0,0,0,0,129
INS,3682,36820000,0,0,0,26,0,0,156
INS,3683,36830000,0,0,49,0,0,0,196
INS,3684,36840000,0,14,30,0,9,9,226
INS,3685,36850000,0,0,0,0,41,0,222
INS,3686,36860000,0,0,11,1,20,12,242
INS,3687,36870000,0,5,9,6,17,0,252
INS,3688,36880000,0,0,4,5,0,35,20
INS,3689,36890000,0,33,50,0,0,0,76
INS,3690,36900000,0,0,60,10,46,5,131
INS,3691,36910000,0,0,2,0,0,19,48
INS,3692,36920000,0,1,7,0,11,0,63
INS,3693,36930000,0,0,0,0,12,0,73
INS,3694,36940000,0,30,0,3,0,0,111
INS,3695,36950000,0,23,0,13,0,42,173
INS,3696,36960000,0,7,18,0,0,58,195
INS,3697,36970000,0,0,0,19,0,29,177
INS,3698,36980000,0,0,0,0,0,6,152
INS,3699,36990000,0,14,23,7,3,3,213
INS,3700,37000000,0,0,0,0,0,0,180
INS,3701,37010000,0,0,23,11,0,8,239
INS,3702,37020000,0,0,0,1,23,0,238
INS,3703,37030000,0,4,7,0,52,0,38
INS,3704,37040000,0,42,0,12,28,0,74
INS,3705,37050000,0,24,0,0,0,16,49
INS,3706,37060000,0,0,21,0,0,22,69
INS,3707,37070000,0,13,74,0,0,0,130
INS,3708,37080000,0,0,0,0,28,0,88
INS,3709,37090000,0,3,7,0,9,0,96
INS,3710,37100000,0,24,3,9,7,7,144
INS,3711,37110000,0,0,0,27,30,4,172
INS,3712,37120000,0,0,0,0,16,6,150
INS,3713,37130000,0,3,17,0,0,0,165
INS,3714,37140000,0,3,0,11,14,20,210
INS,3715,37150000,0,20,17,21,20,39,40
INS,3716,37160000,0,121,0,0,0,0,61
INS,3717,37170000,0,282,20,0,0,4,7
INS,3718,37180000,0,474,25,27,0,35,23
INS,3719,37190000,0,588,0,6,0,39,112
INS,3720,37200000,0,732,1,0,6,0,235
INS,3721,37210000,0,822,0,28,0,13,120
INS,3722,37220000,0,950,24,0,0,0,248
INS,3723,37230000,0,1022,7,0,0,32,96
INS,3724,37240000,0,1156,0,16,0,2,226
INS,3725,37250000,0,1256,0,49,0,0,118
INS,3726,37260000,0,1304,0,28,0,0,162
INS,3727,37270000,0,1365,0,1,0,0,213
INS,3728,37280000,0,1401,15,0,0,0,24
INS,3729,37290000,0,1378,12,23,14,0,52
INS,3730,37300000,0,1367,0,0,4,14,27
INS,3731,37310000,0,1389,321,0,5,0,118
INS,3732,37320000,0,1340,653,0,0,0,157
INS,3733,37330000,0,1294,969,332,39,10,57
INS,3734,37340000,0,1237,1278,704,0,3,140
INS,3735,37350000,0,1166,1484,1048,0,0,121
INS,3736,37360000,0,1138,1787,1348,323,0,12
INS,3737,37370000,0,1038,2010,1647,584,18,218
INS,3738,37380000,0,931,2143,1902,854,33,33
INS,3739,37390000,0,839,2351,2127,1162,12,166
INS,3740,37400000,0,724,2480,2321,1372,0,77
INS,3741,37410000,0,600,2543,2511,1597,6,198
INS,3742,37420000,0,478,2626,2701,1772,15,38
INS,3743,37430000,0,277,2599,2735,1990,5,69
INS,3744,37440000,0,196,2552,2746,2103,15,92
INS,3745,37450000,0,0,2503,2840,2180,9,29
INS,3746,37460000,0,7,2378,2738,2235,283,155
INS,3747,37470000,0,0,2195,2653,2209,594,182
INS,3748,37480000,0,22,2021,2556,2099,942,188
INS,3749,37490000,0,0,1748,2363,2093,1212,237
INS,3750,37500000,0,1,1541,2201,1969,1476,26
INS,3751,37510000,0,0,1255,1923,1794,1616,211
INS,3752,37520000,0,1,982,1645,1609,1767,156
INS,3753,37530000,0,22,671,1301,1354,1785,70
INS,3754,37540000,0,0,274,1020,1204,1813,33
INS,3755,37550000,0,0,0,686,823,1737,9
INS,3756,37560000,0,21,0,336,620,1604,129
INS,3757,37570000,0,14,48,4,320,1455,174
INS,3758,37580000,0,23,0,0,0,1153,38
INS,3759,37590000,0,9,0,23,21,951,139
INS,3760,37600000,0,2,0,8,0,610,28
INS,3761,37610000,0,0,0,0,0,343,24
INS,3762,37620000,0,31,0,33,1,0,19
INS,3763,37630000,0,7,0,27,2,0,7
INS,3764,37640000,0,0,67,34,0,0,89
INS,3765,37650000,0,20,1,0,5,0,31
INS,3766,37660000,0,0,20,15,0,0,57
INS,3767,37670000,0,27,0,0,32,0,98
INS,3768,37680000,0,24,0,0,31,0,111
INS,3769,37690000,0,0,0,0,0,0,73
INS,3770,37700000,0,0,0,0,0,0,90
INS,3771,37710000,0,0,0,0,0,7,114
INS,3772,37720000,0,14,0,0,0,11,149
INS,3773,37730000,0,4,31,3,0,0,179
INS,3774,37740000,0,0,0,13,0,0,171
INS,3775,37750000,0,8,0,15,0,0,198
INS,3776,37760000,0,0,14,15,49,43,57
INS,3777,37770000,0,0,0,6,0,0,215
INS,3778,37780000,0,4,55,3,10,0,42
INS,3779,37790000,0,10,0,36,0,0,33
INS,3780,37800000,0,0,0,0,24,0,28
INS,3781,37810000,0,28,2,31,0,0,82
INS,3782,37820000,0,17,28,0,18,29,130
INS,3783,37830000,0,0,0,7,2,0,64
INS,3784,37840000,0,0,0,0,4,0,76
INS,3785,37850000,0,0,11,25,17,0,142
INS,3786,37860000,0,6,6,20,12,23,173
INS,3787,37870000,0,17,0,17,35,14,206
INS,3788,37880000,0,0,0,0,0,6,146
INS,3789,37890000,0,30,20,0,20,21,248
INS,3790,37900000,0,0,0,0,0,0,174
INS,3791,37910000,0,15,0,12,0,12,230
INS,3792,37920000,0,0,13,0,48,3,16
INS,3793,37930000,0,0,6,0,7,0,238
INS,3794,37940000,0,0,28,0,0,0,14
INS,3795,37950000,0,0,48,1,0,8,60
INS,3796,37960000,0,22,16,0,0,0,58
INS,3797,37970000,0,0,0,0,14,52,103
INS,3798,37980000,0,9,0,0,13,0,76
INS,3799,37990000,0,2,0,0,13,15,101
INS,3800,38000000,0,47,6,0,0,13,154
INS,3801,38010000,0,0,0,16,11,6,138
INS,3802,38020000,0,0,0,4,0,0,126
INS,3803,38030000,0,0,0,0,0,0,139
INS,3804,38040000,0,1,6,24,0,0,187
INS,3805,38050000,0,22,46,0,23,0,8
INS,3806,38060000,0,0,0,14,0,41,245
INS,3807,38070000,0,3,0,0,0,13,223
INS,3808,38080000,0,0,0,0,0,24,248
INS,3809,38090000,0,0,0,42,0,0,27
INS,3810,38100000,0,12,0,28,0,0,42
INS,3811,38110000,0,0,0,38,6,0,63
INS,3812,38120000,0,0,14,0,0,0,50
INS,3813,38130000,0,0,0,9,10,9,81
INS,3814,38140000,0,21,9,0,43,39,182
INS,3815,38150000,0,12,1,3,0,27,130
INS,3816,38160000,0,138,4,0,23,4,17
INS,3817,38170000,0,263,0,0,28,24,180
INS,3818,38180000,0,426,0,17,56,23,148
INS,3819,38190000,0,622,0,0,0,0,9
INS,3820,38200000,0,688,6,0,0,33,131
INS,3821,38210000,0,819,9,0,0,0,249
INS,3822,38220000,0,951,0,0,0,33,166
INS,3823,38230000,0,1020,29,0,2,2,252
INS,3824,38240000,0,1099,0,18,26,0,103
INS,3825,38250000,0,1260,0,0,0,0,237
INS,3826,38260000,0,1320,7,1,0,0,66
INS,3827,38270000,0,1310,0,21,0,15,101
INS,3828,38280000,0,1373,5,0,0,4,154
INS,3829,38290000,0,1413,5,3,39,0,249
INS,3830,38300000,0,1386,0,35,26,1,254
INS,3831,38310000,0,1350,325,0,28,25,39
INS,3832,38320000,0,1377,637,32,0,34,152
INS,3833,38330000,0,1340,982,346,32,0,21
INS,3834,38340000,0,1316,1245,670,0,4,61
INS,3835,38350000,0,1252,1538,1041,19,0,181
INS,3836,38360000,0,1149,1838,1385,237,45,234
INS,3837,38370000,0,1056,1996,1681,579,27,168
INS,3838,38380000,0,894,2216,1900,892,0,236
INS,3839,38390000,0,811,2347,2166,1127,19,53
INS,3840,38400000,0,688,2506,2362,1430,6,80
INS,3841,38410000,0,575,2550,2500,1632,0,106
INS,3842,38420000,0,405,2617,2678,1834,0,144
INS,3843,38430000,0,288,2599,2752,1930,32,228
INS,3844,38440000,0,108,2504,2781,2148,0,185
INS,3845,38450000,0,0,2483,2824,2181,19,168
INS,3846,38460000,0,0,2327,2773,2155,327,4
INS,3847,38470000,0,27,2220,2665,2224,591,166
INS,3848,38480000,0,17,1994,2533,2163,987,150
INS,3849,38490000,0,6,1749,2385,2079,1205,153
INS,3850,38500000,0,9,1578,2138,1994,1437,158
INS,3851,38510000,0,3,1269,1945,1822,1608,178
INS,3852,38520000,0,0,932,1623,1605,1724,200
INS,3853,38530000,0,0,668,1350,1424,1786,73
INS,3854,38540000,0,0,308,1041,1118,1746,99
INS,3855,38550000,0,0,0,669,831,1716,143
INS,3856,38560000,0,0,0,369,543,1606,230
INS,3857,38570000,0,2,57,0,328,1407,35
INS,3858,38580000,0,3,0,0,0,1219,248
INS,3859,38590000,0,0,0,0,6,936,241
INS,3860,38600000,0,2,11,23,0,643,251
INS,3861,38610000,0,12,0,13,0,306,176
INS,3862,38620000,0,16,46,9,13,41,243
INS,3863,38630000,0,0,42,0,0,0,177
INS,3864,38640000,0,5,0,12,21,0,190
INS,3865,38650000,0,18,4,0,0,24,215
INS,3866,38660000,0,62,0,29,0,32,53
INS,3867,38670000,0,0,6,0,4,7,220
INS,3868,38680000,0,0,0,17,0,0,237
INS,3869,38690000,0,0,38,40,0,1,60
INS,3870,38700000,0,0,0,64,10,0,72
INS,3871,38710000,0,0,17,40,0,5,77
INS,3872,38720000,0,0,19,0,0,28,79
INS,3873,38730000,0,14,13,0,28,16,120
INS,3874,38740000,0,0,10,0,38,0,114
INS,3875,38750000,0,0,34,9,0,0,126
INS,3876,38760000,0,0,0,0,0,21,121
INS,3877,38770000,0,0,12,0,0,44,173
INS,3878,38780000,0,0,0,3,21,34,192
INS,3879,38790000,0,0,7,9,0,0,167
INS,3880,38800000,0,0,0,0,7,8,183
INS,3881,38810000,0,31,8,0,0,24,248
INS,3882,38820000,0,10,0,39,0,0,251
INS,3883,38830000,0,0,2,0,10,0,231
INS,3884,38840000,0,16,0,0,0,0,252
INS,3885,38850000,0,62,1,43,0,4,107
INS,3886,38860000,0,0,0,0,0,0,14
INS,3887,38870000,0,23,13,32,24,0,123
INS,3888,38880000,0,16,8,0,0,0,72
INS,3889,38890000,0,4,0,5,0,0,74
INS,3890,38900000,0,0,58,52,55,0,247
INS,3891,38910000,0,31,0,0,7,38,175
INS,3892,38920000,0,0,23,2,0,15,156
INS,3893,38930000,0,0,0,66,6,0,205
INS,3894,38940000,0,0,1,0,0,0,151
INS,3895,38950000,0,14,0,25,9,12,227
INS,3896,38960000,0,0,21,2,0,20,227
INS,3897,38970000,0,0,0,15,0,32,248
INS,3898,38980000,0,15,0,13,23,5,18
INS,3899,38990000,0,13,0,0,0,14,6
INS,3900,39000000,0,12,30,0,0,26,64
INS,3901,39010000,0,0,0,51,3,0,67
INS,3902,39020000,0,0,10,0,19,0,59
INS,3903,39030000,0,0,0,2,16,35,100
INS,3904,39040000,0,0,47,0,16,16,143
INS,3905,39050000,0,0,0,0,0,0,81
INS,3906,39060000,0,17,17,0,17,3,152
INS,3907,39070000,0,0,0,27,2,0,144
INS,3908,39080000,0,0,1,0,0,0,133
INS,3909,39090000,0,0,0,0,3,0,152
INS,3910,39100000,0,0,7,0,0,0,173
INS,3911,39110000,0,0,15,0,62,0,4
INS,3912,39120000,0,17,68,25,0,0,54
INS,3913,39130000,0,33,0,30,9,24,57
INS,3914,39140000,0,0,36,0,0,0,14
INS,3915,39150000,0,0,0,0,0,0,251
INS,3916,39160000,0,133,29,0,17,24,215
INS,3917,39170000,0,297,1,18,6,0,95
INS,3918,39180000,0,404,13,9,12,0,228
INS,3919,39190000,0,595,0,11,0,1,158
INS,3920,39200000,0,705,0,2,0,0,19
INS,3921,39210000,0,841,7,0,0,34,211
INS,3922,39220000,0,934,0,31,0,16,71
INS,3923,39230000,0,1005,14,0,0,0,126
INS,3924,39240000,0,1161,0,0,7,10,46
INS,3925,39250000,0,1208,5,0,0,2,100
INS,3926,39260000,0,1260,0,24,0,45,231
INS,3927,39270000,0,1328,19,0,5,8,23
INS,3928,39280000,0,1391,0,0,32,0,103
INS,3929,39290000,0,1404,33,0,0,15,149
INS,3930,39300000,0,1391,0,0,0,14,119
INS,3931,39310000,0,1404,331,34,15,14,17
INS,3932,39320000,0,1425,626,20,0,0,51
INS,3933,39330000,0,1359,944,329,23,24,164
INS,3934,39340000,0,1291,1265,698,0,0,244
INS,3935,39350000,0,1244,1549,1060,0,0,92
INS,3936,39360000,0,1125,1782,1344,282,27,48
INS,3937,39370000,0,1036,2031,1644,601,0,49
INS,3938,39380000,0,951,2190,1932,826,0,141
INS,3939,39390000,0,801,2302,2184,1147,12,193
INS,3940,39400000,0,752,2508,2370,1422,11,59
INS,3941,39410000,0,578,2564,2524,1615,37,75
INS,3942,39420000,0,450,2557,2645,1766,0,192
INS,3943,39430000,0,284,2601,2749,1965,0,134
INS,3944,39440000,0,141,2520,2800,2103,24,140
INS,3945,39450000,0,0,2473,2812,2188,7,49
INS,3946,39460000,0,19,2336,2684,2211,302,138
INS,3947,39470000,0,18,2131,2664,2144,661,221
INS,3948,39480000,0,22,1995,2574,2121,911,243
INS,3949,39490000,0,0,1768,2422,2082,1250,159
INS,3950,39500000,0,0,1532,2165,1928,1425,216
INS,3951,39510000,0,11,1264,1926,1773,1583,252
INS,3952,39520000,0,0,945,1606,1645,1704,124
INS,3953,39530000,0,10,637,1316,1392,1831,195
INS,3954,39540000,0,5,302,1052,1149,1752,54
INS,3955,39550000,0,19,17,714,898,1734,217
INS,3956,39560000,0,0,0,333,592,1594,139
INS,3957,39570000,0,0,49,0,320,1457,231
INS,3958,39580000,0,0,0,4,43,1195,176
INS,3959,39590000,0,49,0,0,21,928,205
INS,3960,39600000,0,29,37,0,5,655,206
INS,3961,39610000,0,2,15,0,4,324,98
INS,3962,39620000,0,17,0,0,92,14,149
INS,3963,39630000,0,38,0,0,8,41,130
INS,3964,39640000,0,44,0,0,34,0,138
INS,3965,39650000,0,0,20,0,46,0,143
INS,3966,39660000,0,0,16,2,11,10,133
INS,3967,39670000,0,24,18,32,0,0,185
INS,3968,39680000,0,18,18,19,11,0,194
INS,3969,39690000,0,1,16,0,0,26,188
INS,3970,39700000,0,0,0,11,12,0,185
INS,3971,39710000,0,2,0,24,11,18,234
INS,3972,39720000,0,6,4,1,15,11,233
INS,3973,39730000,0,0,17,0,3,3,236
INS,3974,39740000,0,3,11,0,0,9,253
INS,3975,39750000,0,0,4,0,23,11,29
INS,3976,39760000,0,0,4,0,0,0,12
INS,3977,39770000,0,0,0,0,39,14,78
INS,3978,39780000,0,24,0,5,14,57,142
INS,3979,39790000,0,0,0,0,30,7,96
INS,3980,39800000,0,31,1,0,52,0,160
INS,3981,39810000,0,0,2,0,0,0,95
INS,3982,39820000,0,0,0,6,0,0,116
INS,3983,39830000,0,0,3,0,0,59,189
INS,3984,39840000,0,43,45,0,23,0,255
INS,3985,39850000,0,8,35,0,4,0,208
INS,3986,39860000,0,1,44,12,2,0,237
INS,3987,39870000,0,0,0,9,17,0,221
INS,3988,39880000,0,24,0,0,18,24,22
INS,3989,39890000,0,0,0,36,44,22,75
INS,3990,39900000,0,34,38,0,0,1,63
INS,3991,39910000,0,0,0,0,0,0,7
INS,3992,39920000,0,0,20,1,28,13,86
INS,3993,39930000,0,10,20,5,0,6,82
INS,3994,39940000,0,17,0,0,0,0,75
INS,3995,39950000,0,0,0,0,76,10,161
INS,3996,39960000,0,24,14,0,0,0,130
INS,3997,39970000,0,0,20,0,0,22,151
INS,3998,39980000,0,1,0,0,0,3,130
INS,3999,39990000,0,8,0,0,0,3,154
INS,4000,40000000,0,32,0,0,7,0,199
INS,4001,40010000,342,0,17,1,19,40,84
INS,4002,40020000,654,0,26,0,35,22,163
INS,4003,40030000,986,24,0,9,0,0,206
INS,4004,40040000,1266,0,18,0,4,39,19
INS,4005,40050000,1568,45,26,34,6,0,132
INS,4006,40060000,1863,4,12,44,24,0,161
INS,4007,40070000,2156,0,0,0,16,41,188
INS,4008,40080000,2379,0,2,16,11,53,197
INS,4009,40090000,2582,37,0,0,49,0,165
INS,4010,40100000,2802,23,21,0,0,0,104
INS,4011,40110000,2897,0,0,7,5,0,184
INS,4012,40120000,3049,19,0,0,22,0,126
INS,4013,40130000,3150,0,14,18,42,0,21
INS,4014,40140000,3169,10,0,0,0,0,249
INS,4015,40150000,3195,0,0,5,0,0,31
INS,4016,40160000,3130,149,37,22,0,0,186
INS,4017,40170000,3110,278,0,37,0,2,36
INS,4018,40180000,3044,431,17,13,0,43,174
INS,4019,40190000,2919,534,0,9,21,0,126
INS,4020,40200000,2733,687,0,0,0,0,80
INS,4021,40210000,2588,789,39,0,0,9,102
INS,4022,40220000,2396,908,0,0,32,0,30
INS,4023,40230000,2169,1041,12,0,16,40,245
INS,4024,40240000,1895,1145,17,11,13,0,65
INS,4025,40250000,1555,1227,0,0,0,23,62
INS,4026,40260000,1300,1293,0,6,0,0,129
INS,4027,40270000,958,1293,6,0,0,1,61
INS,4028,40280000,655,1402,0,0,0,36,169
INS,4029,40290000,328,1364,0,0,0,13,54
INS,4030,40300000,0,1386,0,0,23,0,31
INS,4031,40310000,9,1360,330,0,0,0,82
INS,4032,40320000,13,1335,596,30,1,21,140
INS,4033,40330000,0,1331,939,335,6,0,4
INS,4034,40340000,29,1281,1243,697,0,21,169
INS,4035,40350000,27,1230,1549,1047,0,31,31
INS,4036,40360000,24,1098,1778,1316,279,9,156
INS,4037,40370000,0,1044,1991,1646,566,5,153
INS,4038,40380000,0,904,2177,1925,877,0,33
INS,4039,40390000,0,825,2324,2132,1105,0,41
INS,4040,40400000,0,712,2474,2322,1422,0,90
INS,4041,40410000,0,591,2603,2536,1622,29,46
INS,4042,40420000,6,420,2554,2617,1764,13,56
INS,4043,40430000,9,300,2579,2791,1947,12,81
INS,4044,40440000,0,179,2520,2827,2059,0,45
INS,4045,40450000,0,13,2485,2788,2169,0,188
INS,4046,40460000,34,0,2294,2725,2192,363,102
INS,4047,40470000,34,0,2192,2617,2192,659,205
INS,4048,40480000,15,0,1995,2508,2124,934,104
INS,4049,40490000,10,16,1787,2358,2082,1228,26
INS,4050,40500000,0,6,1499,2114,1933,1436,62
INS,4051,40510000,0,0,1247,1921,1777,1566,114
INS,4052,40520000,0,0,982,1678,1621,1738,151
INS,4053,40530000,9,0,670,1311,1391,1781,79
INS,4054,40540000,0,0,344,1015,1132,1813,6
INS,4055,40550000,17,24,0,702,897,1660,43
INS,4056,40560000,18,0,0,309,574,1655,84
INS,4057,40570000,0,0,6,30,299,1443,91
INS,4058,40580000,0,0,0,0,45,1215,102
INS,4059,40590000,0,62,0,2,0,942,121
INS,4060,40600000,24,0,24,34,0,610,80
INS,4061,40610000,0,0,15,0,0,298,230
INS,4062,40620000,0,18,88,14,39,0,93
INS,4063,40630000,0,0,37,0,3,0,247
INS,4064,40640000,0,0,4,48,32,39,91
INS,4065,40650000,12,18,0,3,0,0,18
INS,4066,40660000,0,0,0,0,0,24,26
INS,4067,40670000,0,46,0,0,40,5,110
INS,4068,40680000,1,0,0,0,0,0,37
INS,4069,40690000,42,0,0,0,11,19,125
INS,4070,40700000,6,24,19,0,0,3,122
INS,4071,40710000,0,1,1,16,19,18,142
INS,4072,40720000,11,20,5,0,0,11,151
INS,4073,40730000,0,0,0,25,16,15,177
INS,4074,40740000,0,20,0,5,0,0,163
INS,4075,40750000,0,0,0,0,0,18,173
INS,4076,40760000,0,21,0,17,8,12,230
INS,4077,40770000,0,0,0,0,16,0,205
INS,4078,40780000,0,0,11,0,6,0,223
INS,4079,40790000,0,28,29,0,0,31,55
INS,4080,40800000,11,0,16,13,0,3,27
INS,4081,40810000,0,14,0,0,0,0,15
INS,4082,40820000,0,0,1,22,0,15,56
INS,4083,40830000,42,52,9,0,8,51,197
INS,4084,40840000,7,17,0,0,0,11,87
INS,4085,40850000,0,0,0,10,20,0,99
INS,4086,40860000,0,0,0,27,0,0,113
INS,4087,40870000,11,7,13,9,0,17,160
INS,4088,40880000,25,1,0,0,0,50,196
INS,4089,40890000,51,0,19,0,0,4,211
INS,4090,40900000,0,6,0,0,0,0,160
INS,4091,40910000,14,0,2,0,0,0,187
INS,4092,40920000,0,11,61,0,0,7,11
INS,4093,40930000,4,0,0,0,39,38,30
INS,4094,40940000,19,22,9,16,0,48,80
INS,4095,40950000,4,0,16,0,0,0,3
INS,4096,40960000,0,0,11,8,0,0,19
INS,4097,40970000,5,0,0,14,21,24,81
INS,4098,40980000,0,0,29,0,0,0,63
INS,4099,40990000,0,0,0,19,0,0,70
INS,4100,41000000,22,14,0,24,12,0,140
INS,4101,41010000,331,0,0,15,0,0,175
INS,4102,41020000,682,0,9,32,0,18,75
INS,4103,41030000,947,36,0,0,0,13,91
INS,4104,41040000,1307,14,5,0,5,21,208
INS,4105,41050000,1589,0,2,22,36,36,46
INS,4106,41060000,1907,0,0,8,0,0,37
INS,4107,41070000,2148,5,0,0,3,0,39
INS,4108,41080000,2408,0,0,0,0,12,64
INS,4109,41090000,2584,13,0,45,0,20,67
INS,4110,41100000,2788,0,0,0,0,26,236
INS,4111,41110000,2913,0,0,0,36,22,154
INS,4112,41120000,3015,58,8,0,8,0,33
INS,4113,41130000,3157,0,0,6,0,0,124
INS,4114,41140000,3167,0,11,0,0,28,184
INS,4115,41150000,3190,0,1,0,32,13,231
INS,4116,41160000,3174,135,1,0,0,0,66
INS,4117,41170000,3107,283,28,0,0,7,198
INS,4118,41180000,3069,400,0,24,0,27,54
INS,4119,41190000,2914,529,0,42,52,22,110
INS,4120,41200000,2798,701,0,0,0,49,116
INS,4121,41210000,2585,828,11,0,3,0,12
INS,4122,41220000,2357,915,0,0,35,0,165
INS,4123,41230000,2154,1078,0,0,7,29,143
INS,4124,41240000,1939,1149,3,13,5,47,48
INS,4125,41250000,1572,1204,0,0,0,0,197
INS,4126,41260000,1304,1265,5,0,0,0,12
INS,4127,41270000,1040,1345,21,12,10,25,164
INS,4128,41280000,652,1350,7,0,9,4,6
INS,4129,41290000,352,1360,0,0,0,12,237
INS,4130,41300000,0,1386,0,9,23,35,239
INS,4131,41310000,0,1398,341,0,0,22,52
INS,4132,41320000,22,1336,661,0,35,0,106
INS,4133,41330000,0,1278,942,353,21,26,177
INS,4134,41340000,22,1249,1258,700,0,2,37
INS,4135,41350000,0,1209,1537,1024,0,0,81
INS,4136,41360000,11,1111,1776,1342,304,35,139
INS,4137,41370000,0,1011,1988,1682,606,6,102
INS,4138,41380000,0,899,2224,1935,905,55,76
INS,4139,41390000,0,804,2343,2184,1143,13,50
INS,4140,41400000,41,721,2491,2405,1381,0,107
INS,4141,41410000,33,584,2573,2560,1606,0,185
INS,4142,41420000,0,414,2554,2684,1826,13,81
INS,4143,41430000,39,315,2551,2728,1941,42,223
INS,4144,41440000,0,131,2595,2823,2072,0,245
INS,4145,41450000,0,7,2447,2837,2147,10,89
INS,4146,41460000,38,9,2345,2729,2220,324,67
INS,4147,41470000,20,17,2204,2645,2197,676,178
INS,4148,41480000,0,0,1987,2513,2141,924,1
INS,4149,41490000,3,0,1785,2309,2091,1211,108
INS,4150,41500000,0,0,1532,2144,1987,1430,75
INS,4151,41510000,0,26,1233,1927,1818,1610,125
INS,4152,41520000,13,0,967,1604,1607,1760,247
INS,4153,41530000,0,0,628,1340,1381,1791,221
INS,4154,41540000,5,44,351,1019,1116,1787,188
INS,4155,41550000,32,0,0,688,916,1702,245
INS,4156,41560000,36,0,0,362,596,1610,40
INS,4157,41570000,12,0,0,0,311,1437,237
INS,4158,41580000,23,0,0,39,0,1193,5
INS,4159,41590000,2,0,0,0,54,941,20
INS,4160,41600000,0,0,13,21,1,655,242
INS,4161,41610000,0,0,0,0,9,355,189
INS,4162,41620000,0,2,0,30,0,0,130
INS,4163,41630000,10,0,5,0,0,1,131
INS,4164,41640000,5,0,0,23,0,20,180
INS,4165,41650000,15,48,1,27,0,38,22
INS,4166,41660000,0,0,8,0,1,0,175
INS,4167,41670000,10,20,0,36,0,0,249
INS,4168,41680000,30,46,34,0,4,2,60
INS,4169,41690000,0,0,0,43,0,0,4
INS,4170,41700000,0,0,29,1,3,10,21
INS,4171,41710000,0,8,0,0,20,0,23
INS,4172,41720000,0,15,0,0,0,0,27
INS,4173,41730000,0,55,15,0,46,14,159
INS,4174,41740000,2,0,0,53,20,47,168
INS,4175,41750000,0,0,1,48,0,4,116
INS,4176,41760000,0,10,0,21,11,0,122
INS,4177,41770000,17,0,0,0,0,5,119
INS,4178,41780000,0,23,18,5,0,0,160
INS,4179,41790000,15,16,0,4,0,12,178
INS,4180,41800000,0,14,14,12,15,37,240
INS,4181,41810000,0,43,0,0,0,6,214
INS,4182,41820000,0,0,0,3,42,0,227
INS,4183,41830000,0,23,38,0,23,29,56
INS,4184,41840000,0,0,1,0,0,23,240
INS,4185,41850000,3,0,0,11,21,24,36
INS,4186,41860000,0,15,0,19,0,0,28
INS,4187,41870000,7,0,0,0,30,10,58
INS,4188,41880000,24,0,0,12,0,0,64
INS,4189,41890000,0,0,59,0,3,36,143
INS,4190,41900000,26,0,0,14,0,23,125
INS,4191,41910000,0,0,0,41,0,4,124
INS,4192,41920000,5,57,18,0,25,0,201
INS,4193,41930000,9,18,0,9,0,19,168
INS,4194,41940000,22,5,20,3,23,8,211
INS,4195,41950000,0,20,0,0,0,18,185
INS,4196,41960000,5,0,42,0,47,0,2
INS,4197,41970000,0,12,5,34,34,0,10
INS,4198,41980000,22,1,1,34,5,29,34
INS,4199,41990000,0,0,0,3,11,1,230
INS,4200,42000000,7,36,12,0,19,12,62
INS,4201,42010000,336,1,16,15,29,20,154
INS,4202,42020000,682,0,0,0,0,0,180
INS,4203,42030000,948,0,9,0,0,0,216
INS,4204,42040000,1301,7,0,3,33,0,108
INS,4205,42050000,1616,0,0,0,39,11,191
INS,4206,42060000,1867,0,0,0,27,0,180
INS,4207,42070000,2165,36,1,1,0,0,250
INS,4208,42080000,2362,0,0,30,0,30,230
INS,4209,42090000,2625,17,29,20,13,15,32
INS,4210,42100000,2750,0,4,0,35,1,120
INS,4211,42110000,2945,0,0,0,24,38,98
INS,4212,42120000,3022,0,0,0,0,24,154
INS,4213,42130000,3128,20,2,54,0,13,86
INS,4214,42140000,3192,0,5,0,0,0,83
INS,4215,42150000,3207,0,3,0,0,0,113
INS,4216,42160000,3198,156,0,0,0,0,18
INS,4217,42170000,3117,247,0,6,0,24,75
INS,4218,42180000,3059,386,4,0,0,0,147
INS,4219,42190000,2958,554,26,1,0,40,38
INS,4220,42200000,2753,699,0,0,33,0,217
INS,4221,42210000,2589,820,0,5,22,0,185
INS,4222,42220000,2343,932,0,0,0,10,51
INS,4223,42230000,2140,1074,0,0,10,20,27
INS,4224,42240000,1852,1134,0,0,31,22,95
INS,4225,42250000,1553,1224,0,0,0,0,106
INS,4226,42260000,1301,1261,5,0,0,0,169
INS,4227,42270000,1004,1290,30,0,7,2,208
INS,4228,42280000,650,1391,0,15,0,0,204
INS,4229,42290000,355,1375,0,0,0,8,159
INS,4230,42300000,13,1399,15,0,59,10,190
INS,4231,42310000,7,1389,348,0,3,0,202
INS,4232,42320000,4,1395,656,0,0,0,15
INS,4233,42330000,13,1347,985,421,25,0,0
INS,4234,42340000,0,1271,1234,713,15,0,203
INS,4235,42350000,28,1258,1530,1050,0,0,85
INS,4236,42360000,39,1152,1764,1367,257,2,49
INS,4237,42370000,0,1044,2011,1645,599,0,16
INS,4238,42380000,20,935,2194,1889,860,5,125
INS,4239,42390000,3,829,2412,2155,1130,18,18
INS,4240,42400000,32,677,2533,2353,1431,11,13
INS,4241,42410000,0,558,2567,2568,1578,10,18
INS,4242,42420000,0,439,2599,2650,1748,6,196
INS,4243,42430000,43,287,2591,2750,1938,0,124
INS,4244,42440000,30,148,2545,2743,2087,0,85
INS,4245,42450000,14,8,2463,2798,2132,11,231
INS,4246,42460000,0,27,2314,2755,2192,345,199
INS,4247,42470000,0,0,2188,2643,2170,697,25
INS,4248,42480000,0,22,2042,2524,2159,931,22
INS,4249,42490000,0,0,1788,2401,2048,1195,49
INS,4250,42500000,2,0,1597,2182,1936,1476,83
INS,4251,42510000,0,0,1248,1870,1766,1606,165
INS,4252,42520000,43,31,946,1608,1629,1720,181
INS,4253,42530000,0,14,622,1366,1382,1756,129
INS,4254,42540000,3,42,282,1030,1164,1782,77
INS,4255,42550000,7,0,0,677,847,1735,81
INS,4256,42560000,11,35,9,354,591,1615,215
INS,4257,42570000,35,0,9,9,293,1429,160
INS,4258,42580000,24,8,22,0,18,1266,252
INS,4259,42590000,14,0,0,29,0,957,187
INS,4260,42600000,0,0,0,22,0,651,133
INS,4261,42610000,0,3,0,36,0,325,97
INS,4262,42620000,12,1,15,8,0,6,48
INS,4263,42630000,14,0,14,0,29,0,80
INS,4264,42640000,16,26,25,22,0,0,129
INS,4265,42650000,47,0,18,6,13,50,191
INS,4266,42660000,21,9,0,20,0,10,134
INS,4267,42670000,16,0,0,11,7,0,125
INS,4268,42680000,9,0,50,15,0,9,191
INS,4269,42690000,19,6,2,0,0,0,152
INS,4270,42700000,0,0,0,8,0,40,190
INS,4271,42710000,23,0,0,5,2,0,189
INS,4272,42720000,1,8,0,56,34,0,19
INS,4273,42730000,0,0,30,0,0,0,223
INS,4274,42740000,0,4,0,63,0,10,31
INS,4275,42750000,7,0,0,2,11,0,247
INS,4276,42760000,1,0,0,0,0,0,245
INS,4277,42770000,25,20,0,47,1,44,142
INS,4278,42780000,21,4,26,12,0,0,85
INS,4279,42790000,1,16,0,22,22,0,100
INS,4280,42800000,0,16,28,3,0,0,103
INS,4281,42810000,0,41,0,0,0,14,128
INS,4282,42820000,27,0,28,0,0,12,157
INS,4283,42830000,0,0,11,15,0,2,135
INS,4284,42840000,19,0,0,31,18,21,213
INS,4285,42850000,14,21,0,16,0,0,192
INS,4286,42860000,0,0,37,0,12,0,207
INS,4287,42870000,15,0,0,13,12,33,248
INS,4288,42880000,15,6,0,0,0,33,246
INS,4289,42890000,18,0,0,0,0,3,230
INS,4290,42900000,0,30,0,30,0,29,59
INS,4291,42910000,29,0,0,27,15,63,121
INS,4292,42920000,8,0,0,13,26,0,51
INS,4293,42930000,0,0,8,0,15,53,97
INS,4294,42940000,46,0,40,0,34,0,158
INS,4295,42950000,55,0,14,24,0,10,158
INS,4296,42960000,27,0,16,0,0,0,115
INS,4297,42970000,42,7,0,0,0,0,138
INS,4298,42980000,21,0,0,1,0,2,130
INS,4299,42990000,0,0,14,0,0,4,141
INS,4300,43000000,25,0,0,0,0,0,165
INS,4301,43010000,339,0,39,0,19,49,91
INS,4302,43020000,718,12,0,0,0,0,136
INS,4303,43030000,1045,0,0,17,0,2,231
INS,4304,43040000,1303,0,2,0,0,0,233
INS,4305,43050000,1646,25,20,0,2,17,143
INS,4306,43060000,1853,0,0,0,1,26,74
INS,4307,43070000,2118,0,0,0,8,0,81
INS,4308,43080000,2368,0,21,47,0,16,168
INS,4309,43090000,2533,0,0,0,0,0,10
INS,4310,43100000,2793,0,13,8,8,0,60
INS,4311,43110000,2960,12,23,1,0,42,37
INS,4312,43120000,3077,54,0,0,0,8,155
INS,4313,43130000,3071,6,0,0,0,5,115
INS,4314,43140000,3214,21,0,0,0,0,29
INS,4315,43150000,3217,0,0,10,0,8,46
INS,4316,43160000,3192,163,4,9,15,0,211
INS,4317,43170000,3068,356,0,22,25,20,80
INS,4318,43180000,3033,454,0,0,30,0,123
INS,4319,43190000,2983,540,0,0,63,2,211
INS,4320,43200000,2774,706,0,8,20,0,148
INS,4321,43210000,2598,848,0,29,0,0,132
INS,4322,43220000,2360,879,0,0,0,0,169
INS,4323,43230000,2127,1058,46,12,0,5,195
INS,4324,43240000,1881,1112,39,14,37,0,47
INS,4325,43250000,1579,1222,24,4,0,0,66
INS,4326,43260000,1261,1289,0,38,0,10,108
INS,4327,43270000,948,1303,0,0,0,0,34
INS,4328,43280000,695,1384,8,31,0,0,174
INS,4329,43290000,322,1388,0,13,8,0,60
INS,4330,43300000,29,1437,10,0,23,0,101
INS,4331,43310000,0,1437,311,16,0,52,179
INS,4332,43320000,17,1334,642,0,37,27,181
INS,4333,43330000,0,1322,986,332,24,0,37
INS,4334,43340000,31,1306,1243,679,0,0,137
INS,4335,43350000,0,1196,1535,1041,0,0,155
INS,4336,43360000,21,1134,1805,1349,271,0,212
INS,4337,43370000,0,1036,2042,1629,602,0,190
INS,4338,43380000,0,925,2150,1922,863,31,21
INS,4339,43390000,0,768,2361,2171,1144,5,84
INS,4340,43400000,0,711,2457,2363,1411,3,85
INS,4341,43410000,17,606,2543,2556,1603,0,226
INS,4342,43420000,0,423,2622,2621,1786,0,114
INS,4343,43430000,0,321,2597,2743,1956,0,40
INS,4344,43440000,0,184,2528,2799,2059,0,10
INS,4345,43450000,0,31,2451,2769,2131,4,99
INS,4346,43460000,46,21,2356,2744,2192,283,116
INS,4347,43470000,10,28,2215,2670,2166,663,243
INS,4348,43480000,19,15,2037,2465,2158,954,156
INS,4349,43490000,0,18,1766,2358,2015,1166,104
INS,4350,43500000,0,47,1532,2117,1942,1473,165
INS,4351,43510000,14,8,1251,1911,1821,1627,215
INS,4352,43520000,18,0,994,1593,1570,1717,4
INS,4353,43530000,0,11,667,1344,1396,1777,92
INS,4354,43540000,0,37,280,1019,1129,1785,188
INS,4355,43550000,9,7,14,669,853,1723,254
INS,4356,43560000,29,0,27,361,551,1583,59
INS,4357,43570000,0,0,0,7,293,1426,19
INS,4358,43580000,0,0,23,0,3,1222,70
INS,4359,43590000,3,0,0,0,0,994,92
INS,4360,43600000,17,50,62,9,0,662,168
INS,4361,43610000,18,60,28,0,17,334,98
INS,4362,43620000,18,0,0,6,9,0,203
INS,4363,43630000,33,34,0,0,0,0,254
INS,4364,43640000,0,2,21,0,0,11,238
INS,4365,43650000,5,0,0,0,0,3,229
INS,4366,43660000,11,0,21,55,0,0,69
INS,4367,43670000,0,13,15,0,0,19,46
INS,4368,43680000,0,0,0,12,0,51,79
INS,4369,43690000,60,0,0,13,4,0,110
INS,4370,43700000,0,0,13,0,0,13,76
INS,4371,43710000,0,2,45,0,0,0,114
INS,4372,43720000,30,0,12,0,0,24,150
INS,4373,43730000,0,14,0,0,0,0,115
INS,4374,43740000,0,28,0,0,31,13,190
INS,4375,43750000,4,0,0,48,0,0,187
INS,4376,43760000,17,18,0,0,0,0,187
INS,4377,43770000,0,0,0,7,15,45,236
INS,4378,43780000,0,15,20,0,1,31,253
INS,4379,43790000,16,9,38,28,13,6,57
INS,4380,43800000,0,0,7,11,0,0,238
INS,4381,43810000,0,0,0,0,39,36,56
INS,4382,43820000,4,0,0,0,0,0,2
INS,4383,43830000,6,0,8,0,9,0,38
INS,4384,43840000,0,27,0,0,40,0,99
INS,4385,43850000,0,1,30,17,11,32,140
INS,4386,43860000,0,0,0,0,0,0,66
INS,4387,43870000,19,0,0,0,0,4,106
INS,4388,43880000,25,0,0,6,0,0,131
INS,4389,43890000,54,0,33,10,0,0,214
INS,4390,43900000,0,0,0,0,0,0,134
INS,4391,43910000,0,6,24,0,0,18,199
INS,4392,43920000,38,11,8,0,0,18,243
INS,4393,43930000,0,0,0,7,22,16,230
INS,4394,43940000,0,0,57,0,24,58,85
INS,4395,43950000,0,0,14,0,10,27,14
INS,4396,43960000,0,28,1,0,37,0,46
INS,4397,43970000,0,7,1,2,3,0,10
INS,4398,43980000,65,40,25,2,0,16,162
INS,4399,43990000,0,0,11,8,0,0,50
INS,4400,44000000,0,0,0,28,0,0,76
INS,4401,44010000,357,40,5,26,0,28,9
INS,4402,44020000,698,10,3,0,0,0,25
INS,4403,44030000,974,0,8,0,29,0,86
INS,4404,44040000,1293,4,0,0,0,8,141
INS,4405,44050000,1598,0,0,0,0,33,228
INS,4406,44060000,1893,0,16,0,0,8,19
INS,4407,44070000,2153,0,31,21,0,32,100
INS,4408,44080000,2380,0,0,0,3,0,7
INS,4409,44090000,2584,0,17,0,8,0,250
INS,4410,44100000,2777,3,0,19,0,0,201
INS,4411,44110000,2887,0,0,27,18,0,95
INS,4412,44120000,3102,16,0,1,19,0,62
INS,4413,44130000,3154,0,0,24,0,0,119
INS,4414,44140000,3179,6,18,0,8,0,169
INS,4415,44150000,3179,33,7,8,0,0,202
INS,4416,44160000,3186,140,0,0,5,0,67
INS,4417,44170000,3146,263,5,6,4,0,177
INS,4418,44180000,3044,460,0,0,15,0,33
INS,4419,44190000,2912,549,0,0,0,0,248
INS,4420,44200000,2752,673,0,25,11,0,9
INS,4421,44210000,2602,825,24,0,34,12,62
INS,4422,44220000,2376,918,22,0,0,4,158
INS,4423,44230000,2141,1026,0,43,3,46,114
INS,4424,44240000,1886,1084,7,0,0,14,119
INS,4425,44250000,1598,1209,0,0,0,0,208
INS,4426,44260000,1338,1270,0,61,0,0,87
INS,4427,44270000,968,1340,6,0,0,4,9
INS,4428,44280000,672,1344,0,0,13,0,249
INS,4429,44290000,320,1379,0,0,4,0,196
INS,4430,44300000,0,1376,0,17,4,20,183
INS,4431,44310000,0,1389,309,4,0,19,248
INS,4432,44320000,0,1387,636,0,0,15,70
INS,4433,44330000,6,1334,940,332,0,3,152
INS,4434,44340000,0,1234,1274,705,0,0,255
INS,4435,44350000,0,1178,1567,1021,0,0,57
INS,4436,44360000,22,1098,1802,1289,267,0,18
INS,4437,44370000,35,1068,1953,1623,588,0,56
INS,4438,44380000,0,930,2250,1933,888,0,39
INS,4439,44390000,0,825,2339,2175,1133,14,29
INS,4440,44400000,32,750,2527,2347,1425,0,129
INS,4441,44410000,29,564,2571,2538,1588,0,99
INS,4442,44420000,0,442,2555,2656,1849,0,72
INS,4443,44430000,15,293,2624,2769,1963,36,31
INS,4444,44440000,2,144,2558,2794,2046,0,148
INS,4445,44450000,0,0,2481,2819,2140,0,61
INS,4446,44460000,0,13,2290,2713,2165,331,150
INS,4447,44470000,15,0,2181,2680,2162,649,86
INS,4448,44480000,0,0,2027,2512,2153,1020,128
INS,4449,44490000,0,0,1789,2397,2100,1215,190
INS,4450,44500000,0,3,1552,2173,1945,1459,94
INS,4451,44510000,0,0,1246,1922,1795,1603,57
INS,4452,44520000,0,5,950,1606,1594,1729,160
INS,4453,44530000,0,0,620,1350,1409,1762,202
INS,4454,44540000,6,44,323,1025,1196,1770,210
INS,4455,44550000,31,0,0,665,905,1750,238
INS,4456,44560000,18,0,0,379,605,1632,50
INS,4457,44570000,10,28,0,29,293,1412,229
INS,4458,44580000,20,0,0,26,2,1200,234
INS,4459,44590000,0,0,0,34,13,928,234
INS,4460,44600000,12,2,27,21,0,613,207
INS,4461,44610000,0,39,39,2,4,346,235
INS,4462,44620000,0,2,42,0,4,24,150
INS,4463,44630000,4,0,0,0,12,0,111
INS,4464,44640000,0,30,0,24,17,0,183
INS,4465,44650000,38,0,29,7,10,0,213
INS,4466,44660000,0,19,38,17,5,41,10
INS,4467,44670000,1,12,0,0,40,0,216
INS,4468,44680000,14,21,18,0,0,0,233
INS,4469,44690000,0,1,0,14,13,0,225
INS,4470,44700000,0,0,19,0,0,19,252
INS,4471,44710000,0,9,0,0,1,21,6
INS,4472,44720000,5,3,0,0,0,32,32
INS,4473,44730000,16,0,15,45,0,16,101
INS,4474,44740000,42,4,3,10,0,30,115
INS,4475,44750000,10,27,6,12,0,0,98
INS,4476,44760000,36,0,10,8,8,0,122
INS,4477,44770000,0,0,0,11,0,11,99
INS,4478,44780000,0,0,0,0,7,8,109
INS,4479,44790000,54,0,31,0,7,0,203
INS,4480,44800000,0,0,0,27,0,0,155
INS,4481,44810000,0,15,0,0,26,0,186
INS,4482,44820000,26,0,20,0,0,0,208
INS,4483,44830000,6,26,0,0,0,0,211
INS,4484,44840000,0,22,16,9,0,0,243
INS,4485,44850000,28,13,0,0,26,0,24
INS,4486,44860000,0,20,9,2,12,0,17
INS,4487,44870000,0,13,0,30,0,0,34
INS,4488,44880000,0,1,63,12,0,40,124
INS,4489,44890000,0,0,30,6,0,6,67
INS,4490,44900000,0,5,46,0,14,33,140
INS,4491,44910000,0,0,0,0,0,0,59
INS,4492,44920000,14,22,47,0,9,1,169
INS,4493,44930000,73,0,0,0,0,24,190
INS,4494,44940000,0,38,53,13,0,1,215
INS,4495,44950000,1,0,6,27,28,9,198
INS,4496,44960000,0,8,0,0,13,1,166
INS,4497,44970000,0,18,14,0,0,1,194
INS,4498,44980000,0,0,0,0,3,0,181
INS,4499,44990000,1,0,24,0,0,0,220
INS,4500,45000000,1,12,1,0,22,10,2
INS,4501,45010000,380,0,0,0,0,0,97
INS,4502,45020000,659,0,18,0,40,8,203
INS,4503,45030000,992,0,40,0,0,0,15
INS,4504,45040000,1241,4,0,0,56,0,45
INS,4505,45050000,1602,11,21,32,0,43,214
INS,4506,45060000,1883,0,44,5,1,0,199
INS,4507,45070000,2175,13,0,7,0,0,222
INS,4508,45080000,2343,0,23,1,15,0,170
INS,4509,45090000,2603,0,0,7,31,34,224
INS,4510,45100000,2804,0,0,0,0,7,121
INS,4511,45110000,2941,0,0,0,0,7,19
INS,4512,45120000,3056,0,29,0,0,20,193
INS,4513,45130000,3116,10,14,8,0,0,253
INS,4514,45140000,3163,4,22,24,0,0,79
INS,4515,45150000,3217,4,18,0,14,0,136
INS,4516,45160000,3128,177,18,25,0,0,248
INS,4517,45170000,3134,320,0,3,40,0,158
INS,4518,45180000,3000,402,22,13,12,0,127
INS,4519,45190000,2913,597,11,13,19,6,254
INS,4520,45200000,2796,731,25,14,5,0,27
INS,4521,45210000,2603,841,2,20,4,33,232
INS,4522,45220000,2315,950,0,0,21,0,32
INS,4523,45230000,2130,1073,1,42,0,0,9
INS,4524,45240000,1835,1091,5,0,0,0,223
INS,4525,45250000,1574,1228,24,37,10,0,182
INS,4526,45260000,1344,1264,9,4,43,0,246
INS,4527,45270000,979,1320,0,0,19,0,173
INS,4528,45280000,685,1358,0,39,12,0,222
INS,4529,45290000,316,1363,0,0,0,0,80
INS,4530,45300000,0,1415,0,15,25,53,182
INS,4531,45310000,0,1371,350,0,0,0,156
INS,4532,45320000,12,1372,636,2,8,0,226
INS,4533,45330000,14,1321,947,354,0,21,102
INS,4534,45340000,37,1288,1265,670,0,0,210
INS,4535,45350000,0,1234,1552,1071,25,0,81
INS,4536,45360000,25,1113,1799,1328,328,78,119
INS,4537,45370000,34,1035,2023,1635,571,0,251
INS,4538,45380000,27,938,2156,1934,911,0,168
INS,4539,45390000,7,823,2358,2188,1128,18,229
INS,4540,45400000,0,719,2472,2334,1376,7,120
INS,4541,45410000,0,579,2527,2534,1628,14,255
INS,4542,45420000,0,453,2589,2694,1848,0,62
INS,4543,45430000,2,300,2601,2788,1960,40,186
INS,4544,45440000,0,110,2598,2817,2071,0,108
INS,4545,45450000,34,0,2468,2758,2146,0,191
INS,4546,45460000,0,31,2364,2767,2210,296,214
INS,4547,45470000,6,10,2154,2709,2164,655,5
INS,4548,45480000,0,5,1976,2554,2160,945,220
INS,4549,45490000,0,0,1741,2341,2094,1193,222
INS,4550,45500000,11,46,1529,2147,1908,1468,235
INS,4551,45510000,13,9,1287,1931,1814,1627,80
INS,4552,45520000,0,0,984,1649,1588,1751,156
INS,4553,45530000,0,0,632,1363,1371,1811,146
INS,4554,45540000,0,2,309,1053,1118,1803,39
INS,4555,45550000,47,28,0,715,917,1774,20
INS,4556,45560000,0,0,0,317,597,1589,83
INS,4557,45570000,32,48,0,2,281,1451,179
INS,4558,45580000,25,0,38,0,19,1209,185
INS,4559,45590000,0,11,25,0,15,952,170
INS,4560,45600000,15,21,4,5,23,640,148
INS,4561,45610000,13,27,0,39,35,327,154
INS,4562,45620000,43,0,0,11,0,0,40
INS,4563,45630000,0,0,0,13,9,0,25
INS,4564,45640000,5,44,12,21,0,11,113
INS,4565,45650000,8,1,0,0,0,7,53
INS,4566,45660000,26,14,0,2,0,0,96
INS,4567,45670000,11,0,8,2,0,51,143
INS,4568,45680000,0,0,0,0,20,4,112
INS,4569,45690000,0,33,0,0,48,3,189
INS,4570,45700000,0,0,15,5,0,0,142
INS,4571,45710000,5,0,35,62,0,0,241
INS,4572,45720000,3,0,3,20,0,0,182
INS,4573,45730000,0,6,0,0,14,0,193
INS,4574,45740000,0,44,8,0,29,4,19
INS,4575,45750000,0,5,0,2,0,0,214
INS,4576,45760000,10,0,0,0,0,0,234
INS,4577,45770000,0,0,0,0,54,2,41
INS,4578,45780000,3,8,5,0,28,0,46
INS,4579,45790000,0,0,0,0,41,17,77
INS,4580,45800000,15,0,3,8,10,30,102
INS,4581,45810000,32,0,7,0,0,12,104
INS,4582,45820000,19,16,11,0,0,0,116
INS,4583,45830000,1,38,46,22,0,47,241
INS,4584,45840000,0,12,3,3,0,13,135
INS,4585,45850000,5,6,17,33,0,0,182
INS,4586,45860000,9,33,15,9,24,10,238
INS,4587,45870000,0,15,10,27,5,0,212
INS,4588,45880000,11,0,18,0,3,25,229
INS,4589,45890000,0,0,10,0,1,23,223
INS,4590,45900000,0,0,0,0,0,26,232
INS,4591,45910000,0,35,21,0,28,0,51
INS,4592,45920000,0,0,0,0,26,0,10
INS,4593,45930000,0,5,36,0,37,0,79
INS,4594,45940000,0,0,0,0,0,0,18
INS,4595,45950000,0,28,0,2,12,17,94
INS,4596,45960000,27,32,0,0,16,0,127
INS,4597,45970000,9,0,12,0,0,0,90
INS,4598,45980000,15,83,0,17,11,36,248
INS,4599,45990000,0,9,0,0,0,46,158
INS,4600,46000000,0,0,51,5,0,0,176
INS,4601,46010000,350,0,0,3,5,0,239
INS,4602,46020000,684,31,13,3,0,0,117
INS,4603,46030000,988,15,29,22,14,0,215
INS,4604,46040000,1253,14,3,0,1,18,197
INS,4605,46050000,1595,0,0,11,40,0,59
INS,4606,46060000,1922,33,0,6,0,40,175
INS,4607,46070000,2116,21,6,0,50,3,131
INS,4608,46080000,2372,0,19,0,23,14,124
INS,4609,46090000,2602,4,0,4,7,0,74
INS,4610,46100000,2742,39,0,7,2,0,8
INS,4611,46110000,2947,21,28,16,22,0,13
INS,4612,46120000,3076,19,0,0,0,0,91
INS,4613,46130000,3110,0,19,0,14,0,156
INS,4614,46140000,3181,27,1,0,0,0,239
INS,4615,46150000,3212,0,14,19,0,10,46
INS,4616,46160000,3190,151,0,15,0,41,205
INS,4617,46170000,3147,231,17,13,13,9,255
INS,4618,46180000,3070,413,28,0,0,0,97
INS,4619,46190000,2924,600,26,0,0,17,170
INS,4620,46200000,2753,710,16,17,0,69,185
INS,4621,46210000,2584,831,0,0,0,26,78
INS,4622,46220000,2337,912,2,0,3,3,167
INS,4623,46230000,2131,1061,0,0,0,16,135
INS,4624,46240000,1877,1145,0,0,6,0,228
INS,4625,46250000,1621,1255,0,18,0,0,111
INS,4626,46260000,1321,1287,49,8,30,0,185
INS,4627,46270000,983,1352,46,35,0,0,179
INS,4628,46280000,654,1404,3,15,19,0,131
INS,4629,46290000,309,1378,24,0,0,0,20
INS,4630,46300000,0,1339,14,0,0,0,191
INS,4631,46310000,20,1399,331,0,20,27,140
INS,4632,46320000,0,1341,637,0,0,0,82
INS,4633,46330000,0,1352,977,376,48,0,106
INS,4634,46340000,0,1359,1248,708,6,0,179
INS,4635,46350000,25,1185,1526,996,0,0,95
INS,4636,46360000,48,1143,1819,1369,298,17,50
INS,4637,46370000,25,1052,2023,1601,604,0,166
INS,4638,46380000,0,916,2196,1917,859,2,0
INS,4639,46390000,10,829,2348,2159,1151,0,112
INS,4640,46400000,26,695,2492,2347,1408,27,115
INS,4641,46410000,19,523,2512,2581,1668,0,184
INS,4642,46420000,0,407,2583,2610,1809,42,93
INS,4643,46430000,40,294,2601,2812,1961,0,111
INS,4644,46440000,0,116,2488,2826,2098,1,205
INS,4645,46450000,0,17,2435,2801,2164,0,110
INS,4646,46460000,22,18,2347,2723,2173,339,76
INS,4647,46470000,0,3,2198,2639,2230,668,209
INS,4648,46480000,41,18,2035,2524,2151,975,232
INS,4649,46490000,37,0,1760,2358,2084,1244,244
INS,4650,46500000,0,0,1538,2189,2002,1457,220
INS,4651,46510000,0,12,1221,1914,1785,1603,98
INS,4652,46520000,0,0,975,1654,1592,1725,38
INS,4653,46530000,0,0,668,1339,1382,1768,34
INS,4654,46540000,0,16,331,1062,1112,1764,203
INS,4655,46550000,0,0,57,713,864,1752,89
INS,4656,46560000,52,75,0,308,616,1610,149
INS,4657,46570000,0,27,3,0,316,1421,40
INS,4658,46580000,0,0,0,0,0,1193,251
INS,4659,46590000,0,0,0,19,0,946,40
INS,4660,46600000,42,0,0,0,0,661,51
INS,4661,46610000,0,0,0,27,0,342,246
INS,4662,46620000,0,0,0,19,11,0,180
INS,4663,46630000,0,17,37,17,38,0,20
INS,4664,46640000,3,0,18,8,8,10,231
INS,4665,46650000,20,73,22,0,0,18,78
INS,4666,46660000,8,21,30,19,1,8,49
INS,4667,46670000,27,38,25,16,14,22,121
INS,4668,46680000,0,0,18,0,0,0,14
INS,4669,46690000,0,1,0,0,0,0,14
INS,4670,46700000,2,11,0,18,0,24,85
INS,4671,46710000,63,0,0,0,0,0,110
INS,4672,46720000,0,9,0,6,0,0,79
INS,4673,46730000,0,0,1,0,0,3,85
INS,4674,46740000,0,0,0,0,1,0,99
INS,4675,46750000,1,5,0,25,36,0,182
INS,4676,46760000,0,1,0,2,41,0,176
INS,4677,46770000,0,0,29,0,28,0,206
INS,4678,46780000,8,1,0,0,0,0,175
INS,4679,46790000,0,6,0,0,0,29,218
INS,4680,46800000,28,0,61,5,0,16,54
INS,4681,46810000,0,10,6,14,0,2,249
INS,4682,46820000,33,0,24,4,0,7,46
INS,4683,46830000,46,38,0,1,66,0,146
INS,4684,46840000,0,31,0,50,0,2,95
INS,4685,46850000,9,11,0,18,0,60,127
INS,4686,46860000,0,0,18,0,0,0,64
INS,4687,46870000,0,0,0,11,36,0,110
INS,4688,46880000,0,26,26,0,0,0,132
INS,4689,46890000,9,0,3,21,17,0,147
INS,4690,46900000,0,24,0,5,82,0,225
INS,4691,46910000,7,57,0,0,13,4,212
INS,4692,46920000,30,0,50,0,0,5,233
INS,4693,46930000,0,24,16,0,0,49,254
INS,4694,46940000,35,0,0,0,15,0,232
INS,4695,46950000,0,67,0,39,13,4,66
INS,4696,46960000,13,27,0,0,0,1,1
INS,4697,46970000,14,0,0,44,8,0,43
INS,4698,46980000,0,1,10,1,0,21,27
INS,4699,46990000,0,0,51,0,11,22,95
INS,4700,47000000,8,0,0,0,18,12,66
INS,4701,47010000,325,6,43,0,0,0,163
INS,4702,47020000,676,0,0,0,11,12,249
INS,4703,47030000,985,0,0,21,0,0,61
INS,4704,47040000,1314,10,2,12,0,1,155
INS,4705,47050000,1583,29,42,0,0,0,231
INS,4706,47060000,1917,41,0,0,0,0,40
INS,4707,47070000,2167,6,22,0,0,0,38
INS,4708,47080000,2398,0,16,0,0,0,18
INS,4709,47090000,2614,22,43,28,0,14,86
INS,4710,47100000,2793,25,0,0,0,0,200
INS,4711,47110000,2899,14,0,1,62,21,140
INS,4712,47120000,3040,0,21,0,0,15,236
INS,4713,47130000,3114,0,0,0,0,17,52
INS,4714,47140000,3174,13,0,7,0,4,136
INS,4715,47150000,3203,0,8,0,0,27,193
INS,4716,47160000,3205,143,0,0,0,0,64
INS,4717,47170000,3139,311,44,27,13,20,31
INS,4718,47180000,3005,401,0,13,0,32,201
INS,4719,47190000,2876,580,28,0,0,0,251
INS,4720,47200000,2790,680,0,26,0,26,50
INS,4721,47210000,2668,807,8,48,44,0,120
INS,4722,47220000,2401,902,0,0,14,8,143
INS,4723,47230000,2128,1058,0,5,0,0,26
INS,4724,47240000,1877,1115,4,43,0,0,147
INS,4725,47250000,1584,1230,0,4,21,0,220
INS,4726,47260000,1322,1265,9,3,0,60,57
INS,4727,47270000,985,1320,0,0,0,9,241
INS,4728,47280000,692,1382,0,22,51,0,91
INS,4729,47290000,311,1402,0,0,0,0,186
INS,4730,47300000,0,1374,0,0,3,12,135
INS,4731,47310000,25,1362,306,27,0,9,236
INS,4732,47320000,1,1346,651,8,0,44,62
INS,4733,47330000,23,1339,948,327,0,34,188
INS,4734,47340000,0,1263,1253,719,0,18,19
INS,4735,47350000,32,1192,1499,1027,7,0,28
INS,4736,47360000,15,1144,1736,1369,331,0,115
INS,4737,47370000,8,1009,2002,1614,626,45,73
INS,4738,47380000,0,923,2206,1905,865,4,177
INS,4739,47390000,17,785,2365,2174,1140,43,47
INS,4740,47400000,9,673,2504,2403,1403,1,21
INS,4741,47410000,0,598,2593,2503,1661,25,169
INS,4742,47420000,0,418,2523,2693,1788,23,251
INS,4743,47430000,10,296,2580,2749,1928,0,130
INS,4744,47440000,0,125,2554,2733,2088,0,84
INS,4745,47450000,0,0,2489,2798,2139,0,27
INS,4746,47460000,0,6,2339,2778,2169,328,238
INS,4747,47470000,0,0,2191,2693,2234,656,153
INS,4748,47480000,11,0,1957,2552,2174,881,227
INS,4749,47490000,44,0,1837,2364,2101,1205,220
INS,4750,47500000,0,10,1552,2131,1904,1426,221
INS,4751,47510000,43,0,1259,1932,1796,1626,127
INS,4752,47520000,39,0,990,1649,1573,1703,210
INS,4753,47530000,0,0,687,1325,1442,1777,16
INS,4754,47540000,6,21,337,1039,1157,1783,169
INS,4755,47550000,0,0,0,673,869,1747,156
INS,4756,47560000,8,0,2,331,572,1645,210
INS,4757,47570000,0,0,0,1,312,1474,224
INS,4758,47580000,0,0,0,0,0,1227,193
INS,4759,47590000,0,0,35,25,0,969,12
INS,4760,47600000,8,0,3,0,0,671,194
INS,4761,47610000,0,22,9,9,4,319,148
INS,4762,47620000,0,0,3,25,2,19,107
INS,4763,47630000,0,0,0,0,0,12,87
INS,4764,47640000,0,0,0,0,53,0,145
INS,4765,47650000,10,0,8,23,17,15,182
INS,4766,47660000,0,95,51,37,0,23,76
INS,4767,47670000,5,0,0,0,29,0,177
INS,4768,47680000,23,19,0,0,1,4,207
INS,4769,47690000,0,0,11,0,5,0,193
INS,4770,47700000,7,33,35,0,18,50,81
INS,4771,47710000,16,0,0,0,3,0,230
INS,4772,47720000,0,0,0,0,0,0,228
INS,4773,47730000,0,21,43,53,0,0,106
INS,4774,47740000,8,22,0,0,0,18,54
INS,4775,47750000,11,0,56,0,57,0,147
INS,4776,47760000,13,0,0,0,14,15,82
INS,4777,47770000,0,0,35,1,22,15,130
INS,4778,47780000,0,25,7,17,0,0,123
INS,4779,47790000,0,25,43,12,0,0,171
INS,4780,47800000,0,21,14,0,3,0,146
INS,4781,47810000,26,26,0,0,0,0,177
INS,4782,47820000,0,30,59,13,0,0,244
INS,4783,47830000,17,0,0,5,14,0,195
INS,4784,47840000,0,0,25,30,0,15,246
INS,4785,47850000,0,0,2,0,0,2,197
INS,4786,47860000,19,0,0,0,1,20,250
INS,4787,47870000,0,0,0,0,0,0,227
INS,4788,47880000,11,15,11,35,35,1,96
INS,4789,47890000,11,0,0,12,0,5,33
INS,4790,47900000,7,4,0,5,17,0,55
INS,4791,47910000,0,19,7,25,56,0,146
INS,4792,47920000,0,0,0,12,0,0,68
INS,4793,47930000,29,0,0,36,31,8,177
INS,4794,47940000,0,0,0,0,0,1,91
INS,4795,47950000,31,18,0,49,7,8,220
INS,4796,47960000,0,0,0,0,9,0,133
INS,4797,47970000,19,0,1,0,16,8,185
INS,4798,47980000,0,24,0,0,0,21,203
INS,4799,47990000,0,13,0,44,0,31,7
INS,4800,48000000,3,20,0,0,33,28,20
INS,4801,48010000,323,3,0,0,0,22,45
INS,4802,48020000,682,0,65,15,0,0,220
INS,4803,48030000,1020,8,0,0,0,0,247
INS,4804,48040000,1309,0,0,0,0,0,33
INS,4805,48050000,1599,42,38,0,15,6,185
INS,4806,48060000,1865,0,0,0,9,0,120
INS,4807,48070000,2100,0,14,12,28,21,182
INS,4808,48080000,2390,0,13,4,0,0,175
INS,4809,48090000,2609,30,58,2,0,34,6
INS,4810,48100000,2776,0,3,0,14,36,119
INS,4811,48110000,2897,0,21,0,11,35,15
INS,4812,48120000,3027,0,31,0,0,59,185
INS,4813,48130000,3125,0,25,0,0,0,235
INS,4814,48140000,3187,0,0,0,0,0,33
INS,4815,48150000,3192,23,10,0,23,0,111
INS,4816,48160000,3170,216,72,0,41,25,148
INS,4817,48170000,3158,269,11,0,0,36,115
INS,4818,48180000,3057,404,19,14,12,41,205
INS,4819,48190000,2936,572,3,7,0,0,193
INS,4820,48200000,2807,640,20,0,2,19,180
INS,4821,48210000,2600,792,0,34,0,0,135
INS,4822,48220000,2387,924,0,19,43,0,99
INS,4823,48230000,2171,1015,0,17,0,9,211
INS,4824,48240000,1897,1132,0,40,9,37,131
INS,4825,48250000,1596,1235,0,0,0,0,120
INS,4826,48260000,1330,1287,3,0,38,29,249
INS,4827,48270000,1030,1367,13,25,0,0,14
INS,4828,48280000,685,1339,0,2,20,0,154
INS,4829,48290000,328,1424,2,0,3,0,138
INS,4830,48300000,2,1456,43,2,28,0,185
INS,4831,48310000,15,1411,307,1,10,39,198
INS,4832,48320000,0,1379,668,0,0,0,223
INS,4833,48330000,23,1353,978,325,29,0,133
INS,4834,48340000,0,1262,1275,701,37,19,224
INS,4835,48350000,0,1271,1449,1115,7,10,31
INS,4836,48360000,0,1158,1758,1374,314,0,32
INS,4837,48370000,33,1019,2035,1680,605,0,49
INS,4838,48380000,0,925,2187,1884,864,9,51
INS,4839,48390000,0,805,2358,2179,1169,0,198
INS,4840,48400000,0,700,2477,2381,1387,0,137
INS,4841,48410000,10,552,2521,2479,1649,0,164
INS,4842,48420000,0,513,2596,2650,1806,26,49
INS,4843,48430000,26,306,2584,2736,1926,0,53
INS,4844,48440000,0,119,2573,2815,2048,13,60
INS,4845,48450000,57,11,2457,2779,2102,0,171
INS,4846,48460000,0,0,2337,2737,2188,316,104
INS,4847,48470000,0,0,2163,2681,2182,605,174
INS,4848,48480000,0,34,2007,2500,2161,916,178
INS,4849,48490000,21,0,1795,2343,2078,1210,24
INS,4850,48500000,0,29,1534,2123,2000,1373,165
INS,4851,48510000,13,41,1270,1917,1806,1584,10
INS,4852,48520000,0,21,962,1648,1581,1723,99
INS,4853,48530000,0,0,650,1333,1351,1837,120
INS,4854,48540000,29,12,308,998,1157,1778,16
INS,4855,48550000,0,16,0,726,855,1751,123
INS,4856,48560000,0,0,0,354,601,1599,114
INS,4857,48570000,0,32,0,0,270,1412,59
INS,4858,48580000,0,4,0,0,0,1252,130
INS,4859,48590000,25,11,0,0,0,974,157
INS,4860,48600000,0,13,0,0,0,625,58
INS,4861,48610000,19,0,12,0,18,310,52
INS,4862,48620000,44,0,14,16,0,18,58
INS,4863,48630000,0,0,11,0,23,22,39
INS,4864,48640000,0,0,9,23,25,0,57
INS,4865,48650000,5,0,0,0,11,1,34
INS,4866,48660000,0,0,35,0,21,8,98
INS,4867,48670000,11,0,9,7,14,0,92
INS,4868,48680000,2,4,0,0,0,0,74
INS,4869,48690000,8,13,15,0,19,22,162
INS,4870,48700000,0,1,22,0,30,0,155
INS,4871,48710000,0,24,2,0,0,10,155
INS,4872,48720000,43,12,52,38,15,2,42
INS,4873,48730000,0,7,0,0,8,0,168
INS,4874,48740000,10,6,0,0,65,14,9
INS,4875,48750000,10,7,0,33,0,7,244
INS,4876,48760000,24,0,0,0,35,42,49
INS,4877,48770000,15,12,23,0,21,0,36
INS,4878,48780000,0,5,5,0,0,7,255
INS,4879,48790000,0,14,0,43,25,0,81
INS,4880,48800000,0,34,0,36,1,25,112
INS,4881,48810000,52,23,0,4,18,0,130
INS,4882,48820000,0,0,0,0,2,0,52
INS,4883,48830000,3,3,0,42,0,0,115
INS,4884,48840000,26,58,0,7,1,3,179
INS,4885,48850000,0,8,0,7,12,34,162
INS,4886,48860000,24,0,3,0,0,16,161
INS,4887,48870000,0,0,0,2,0,46,183
INS,4888,48880000,0,2,0,0,2,0,156
INS,4889,48890000,0,0,28,0,0,24,221
INS,4890,48900000,15,40,31,40,19,27,102
INS,4891,48910000,0,14,0,42,0,0,3
INS,4892,48920000,0,9,43,10,0,0,26
INS,4893,48930000,0,12,40,13,0,2,48
INS,4894,48940000,0,0,0,0,0,0,254
INS,4895,48950000,0,0,0,0,3,0,18
INS,4896,48960000,16,32,2,6,0,0,88
INS,4897,48970000,38,18,42,0,18,17,182
INS,4898,48980000,0,0,11,48,0,0,125
INS,4899,48990000,4,6,3,33,0,0,129
INS,4900,49000000,40,0,11,0,45,32,228
INS,4901,49010000,330,9,0,0,0,10,210
INS,4902,49020000,644,0,0,0,15,11,36
INS,4903,49030000,992,26,18,0,18,0,181
INS,4904,49040000,1286,0,0,0,27,29,230
INS,4905,49050000,1587,0,0,0,48,0,28
INS,4906,49060000,1888,0,2,23,0,14,81
INS,4907,49070000,2128,9,0,18,0,0,70
INS,4908,49080000,2355,9,2,17,1,0,60
INS,4909,49090000,2611,24,0,0,9,0,81
INS,4910,49100000,2807,0,9,0,0,0,14
INS,4911,49110000,2909,15,0,4,0,11,154
INS,4912,49120000,3040,0,0,0,0,45,61
INS,4913,49130000,3122,0,0,49,25,0,189
INS,4914,49140000,3213,0,0,0,0,6,229
INS,4915,49150000,3225,0,0,2,0,0,254
INS,4916,49160000,3182,176,0,0,0,3,149
INS,4917,49170000,3163,306,14,13,0,0,45
INS,4918,49180000,3058,440,3,15,0,0,82
INS,4919,49190000,2953,542,33,12,1,0,124
INS,4920,49200000,2749,676,0,0,36,0,61
INS,4921,49210000,2573,820,0,30,8,35,83
INS,4922,49220000,2394,932,10,62,35,22,89
INS,4923,49230000,2142,1018,24,2,0,1,94
INS,4924,49240000,1903,1122,30,0,27,0,6
INS,4925,49250000,1589,1194,14,0,3,0,253
INS,4926,49260000,1332,1285,0,0,0,7,94
INS,4927,49270000,1010,1300,0,0,26,0,79
INS,4928,49280000,670,1355,49,3,8,0,101
INS,4929,49290000,317,1391,39,27,27,29,119
INS,4930,49300000,0,1393,51,0,0,0,6
INS,4931,49310000,0,1425,319,0,0,0,67
INS,4932,49320000,0,1374,616,0,0,0,74
INS,4933,49330000,0,1315,943,349,0,13,209
INS,4934,49340000,0,1310,1258,663,0,38,107
INS,4935,49350000,11,1197,1507,993,0,8,59
INS,4936,49360000,17,1128,1770,1321,275,25,128
INS,4937,49370000,0,1016,1947,1639,600,5,48
INS,4938,49380000,21,953,2151,1960,894,0,69
INS,4939,49390000,15,849,2339,2193,1118,0,109
INS,4940,49400000,0,700,2472,2365,1392,0,29
INS,4941,49410000,16,591,2553,2578,1605,20,224
INS,4942,49420000,0,434,2592,2668,1799,48,163
INS,4943,49430000,0,286,2592,2752,1890,0,159
INS,4944,49440000,0,148,2553,2767,2087,0,211
INS,4945,49450000,5,0,2474,2823,2118,0,93
INS,4946,49460000,0,0,2375,2740,2158,341,48
INS,4947,49470000,0,38,2221,2673,2189,666,238
INS,4948,49480000,9,3,1993,2553,2175,970,171
INS,4949,49490000,0,20,1783,2382,2045,1166,137
INS,4950,49500000,15,36,1500,2143,1948,1413,69
INS,4951,49510000,0,0,1235,1926,1816,1638,158
INS,4952,49520000,0,23,953,1657,1601,1721,27
INS,4953,49530000,0,11,662,1362,1357,1806,55
INS,4954,49540000,34,0,327,1072,1167,1763,5
INS,4955,49550000,0,27,15,674,915,1690,4
INS,4956,49560000,0,6,6,346,567,1641,34
INS,4957,49570000,20,0,1,22,297,1405,254
INS,4958,49580000,30,10,30,18,6,1196,72
INS,4959,49590000,0,0,0,1,20,907,239
INS,4960,49600000,0,6,0,32,0,665,31
INS,4961,49610000,45,50,0,0,0,299,251
INS,4962,49620000,0,27,0,34,0,0,191
INS,4963,49630000,0,38,13,0,39,33,14
INS,4964,49640000,0,29,0,45,0,9,247
INS,4965,49650000,20,27,0,0,31,0,3
INS,4966,49660000,0,49,6,23,0,45,65
INS,4967,49670000,25,0,0,28,45,25,82
INS,4968,49680000,0,0,21,0,13,4,14
INS,4969,49690000,8,0,0,0,0,4,5
INS,4970,49700000,0,0,29,2,0,0,41
INS,4971,49710000,0,26,0,0,10,18,81
INS,4972,49720000,18,0,0,0,0,0,62
INS,4973,49730000,0,11,0,0,19,23,114
INS,4974,49740000,12,0,0,3,0,32,125
INS,4975,49750000,0,33,0,30,0,0,158
INS,4976,49760000,16,0,33,1,0,0,162
INS,4977,49770000,0,1,0,0,0,0,130
INS,4978,49780000,6,4,0,0,26,0,182
INS,4979,49790000,19,11,15,0,61,0,13
INS,4980,49800000,0,0,0,0,0,7,187
INS,4981,49810000,0,0,21,7,0,30,255
INS,4982,49820000,47,32,0,0,11,16,64
INS,4983,49830000,33,16,0,0,13,19,56
INS,4984,49840000,44,0,9,6,36,0,87
INS,4985,49850000,0,0,24,0,19,0,52
INS,4986,49860000,0,0,25,25,0,22,98
INS,4987,49870000,0,0,39,43,0,7,132
INS,4988,49880000,0,32,12,0,12,59,175
INS,4989,49890000,0,0,0,0,0,0,77
INS,4990,49900000,0,0,35,0,8,0,137
INS,4991,49910000,0,21,5,44,0,0,181
INS,4992,49920000,0,35,0,2,0,0,165
INS,4993,49930000,0,0,7,0,17,0,169
INS,4994,49940000,0,24,0,0,21,0,207
INS,4995,49950000,0,17,0,0,34,7,237
INS,4996,49960000,12,0,0,25,0,17,250
INS,4997,49970000,12,0,6,4,0,27,6
INS,4998,49980000,0,0,0,0,4,0,234
INS,4999,49990000,16,7,26,0,0,45,85
INS,5000,50000000,0,0,43,21,6,27,105
INS,5001,50010000,330,0,3,14,9,5,130
INS,5002,50020000,606,25,4,0,0,0,165
INS,5003,50030000,946,29,6,21,0,0,37
INS,5004,50040000,1301,0,0,20,0,0,117
INS,5005,50050000,1586,24,0,46,9,14,236
INS,5006,50060000,1827,1,12,31,0,17,206
INS,5007,50070000,2135,72,0,0,23,0,53
INS,5008,50080000,2379,1,0,0,0,0,220
INS,5009,50090000,2608,55,31,15,0,0,54
INS,5010,50100000,2783,0,14,8,0,0,167
INS,5011,50110000,2890,0,11,3,0,1,28
INS,5012,50120000,3067,0,7,0,0,0,214
INS,5013,50130000,3119,55,0,53,0,0,128
INS,5014,50140000,3142,0,3,0,0,0,63
INS,5015,50150000,3164,0,13,0,0,0,112
INS,5016,50160000,3180,149,28,34,34,0,121
INS,5017,50170000,3177,305,3,35,17,0,250
INS,5018,50180000,3061,452,0,0,11,15,13
INS,5019,50190000,2945,534,0,4,20,0,250
INS,5020,50200000,2775,697,3,0,0,24,7
INS,5021,50210000,2548,810,0,0,14,0,153
INS,5022,50220000,2365,925,0,0,0,2,90
INS,5023,50230000,2133,1041,21,0,0,11,21
INS,5024,50240000,1895,1149,0,0,0,0,132
INS,5025,50250000,1609,1184,0,30,28,0,212
INS,5026,50260000,1338,1239,0,14,0,14,239
INS,5027,50270000,934,1342,26,0,0,40,249
INS,5028,50280000,643,1371,22,23,0,31,14
INS,5029,50290000,351,1353,0,0,0,12,169
INS,5030,50300000,1,1368,20,36,5,63,219
INS,5031,50310000,16,1410,297,0,0,18,228
INS,5032,50320000,0,1366,661,13,59,9,100
INS,5033,50330000,0,1313,964,346,0,0,120
INS,5034,50340000,3,1258,1255,697,0,0,215
INS,5035,50350000,0,1209,1545,1009,13,5,32
INS,5036,50360000,0,1138,1797,1342,300,30,107
INS,5037,50370000,0,1040,1979,1643,577,0,244
INS,5038,50380000,0,941,2212,1926,917,8,2
INS,5039,50390000,37,877,2332,2150,1142,36,77
INS,5040,50400000,45,702,2490,2381,1423,22,71
INS,5041,50410000,0,577,2583,2532,1606,1,68
INS,5042,50420000,6,459,2609,2647,1800,0,51
INS,5043,50430000,20,311,2611,2743,1980,0,212
INS,5044,50440000,15,170,2573,2742,2107,0,171
INS,5045,50450000,22,0,2494,2788,2158,0,43
INS,5046,50460000,0,20,2389,2734,2247,322,54
INS,5047,50470000,9,29,2227,2636,2196,659,115
INS,5048,50480000,0,0,2026,2539,2111,939,247
INS,5049,50490000,0,0,1790,2374,2033,1221,67
INS,5050,50500000,26,53,1546,2168,1921,1403,39
INS,5051,50510000,7,16,1272,1885,1747,1664,42
INS,5052,50520000,54,6,934,1681,1575,1710,196
INS,5053,50530000,37,0,625,1391,1411,1804,33
INS,5054,50540000,0,34,337,1012,1112,1818,119
INS,5055,50550000,24,0,0,727,857,1753,208
INS,5056,50560000,0,0,7,377,566,1587,169
INS,5057,50570000,2,0,38,0,279,1464,200
INS,5058,50580000,0,0,0,0,0,1238,184
INS,5059,50590000,0,2,21,0,0,976,218
INS,5060,50600000,10,34,17,8,0,625,186
INS,5061,50610000,0,0,0,0,34,334,133
INS,5062,50620000,4,0,0,0,0,0,42
INS,5063,50630000,18,0,6,31,1,6,117
INS,5064,50640000,0,0,13,2,0,10,97
INS,5065,50650000,0,0,1,19,0,21,130
INS,5066,50660000,0,0,26,0,0,0,132
INS,5067,50670000,0,14,17,45,0,5,204
INS,5068,50680000,0,0,0,0,0,0,140
INS,5069,50690000,0,0,0,10,12,25,204
INS,5070,50700000,0,20,0,0,26,0,220
INS,5071,50710000,0,0,0,7,29,22,249
INS,5072,50720000,41,0,0,22,0,0,15
INS,5073,50730000,15,8,30,0,0,0,22
INS,5074,50740000,0,0,28,0,0,10,24
INS,5075,50750000,27,0,8,5,7,0,50
INS,5076,50760000,59,49,47,9,35,20,239
INS,5077,50770000,7,3,0,0,0,0,47
INS,5078,50780000,0,36,22,0,25,0,137
INS,5079,50790000,0,17,0,49,0,0,137
INS,5080,50800000,2,49,0,56,10,0,205
INS,5081,50810000,35,0,0,0,17,19,176
INS,5082,50820000,18,0,0,0,68,0,208
INS,5083,50830000,0,0,25,15,0,0,179
INS,5084,50840000,10,0,0,0,5,38,209
INS,5085,50850000,0,50,0,0,0,0,223
INS,5086,50860000,27,0,5,0,0,38,4
INS,5087,50870000,24,0,0,26,29,3,33
INS,5088,50880000,6,43,0,0,7,0,24
INS,5089,50890000,18,0,49,0,1,0,53
INS,5090,50900000,33,22,3,0,0,0,60
INS,5091,50910000,12,15,21,0,7,0,74
INS,5092,50920000,23,0,0,0,32,3,94
INS,5093,50930000,32,0,8,0,30,0,123
INS,5094,50940000,0,0,0,12,0,0,82
INS,5095,50950000,0,0,20,0,0,17,124
INS,5096,50960000,0,4,0,8,11,0,127
INS,5097,50970000,0,0,0,3,0,0,124
INS,5098,50980000,0,0,0,13,0,31,182
INS,5099,50990000,24,0,0,21,10,0,210
INS,5100,51000000,0,0,0,62,0,5,239
INS,5101,51010000,293,26,27,7,0,0,30
INS,5102,51020000,654,23,31,0,3,0,149
INS,5103,51030000,970,22,9,0,20,0,220
INS,5104,51040000,1256,0,0,5,39,0,4
INS,5105,51050000,1626,0,0,0,0,0,91
INS,5106,51060000,1903,9,0,19,22,51,230
INS,5107,51070000,2146,0,0,0,29,1,163
INS,5108,51080000,2377,17,0,38,0,0,180
INS,5109,51090000,2576,0,0,0,0,44,129
INS,5110,51100000,2767,29,7,31,33,0,137
INS,5111,51110000,2920,0,0,0,0,8,215
INS,5112,51120000,3020,0,3,29,21,16,137
INS,5113,51130000,3146,16,0,0,0,0,227
INS,5114,51140000,3187,0,0,0,13,45,71
INS,5115,51150000,3251,0,35,0,0,41,170
INS,5116,51160000,3211,105,0,58,10,0,244
INS,5117,51170000,3144,296,0,19,14,0,94
INS,5118,51180000,3036,431,42,0,0,8,155
INS,5119,51190000,2915,580,0,9,0,53,212
INS,5120,51200000,2810,694,0,28,8,52,8
INS,5121,51210000,2586,863,3,0,1,33,175
INS,5122,51220000,2354,971,31,3,10,0,75
INS,5123,51230000,2119,1035,1,3,20,19,176
INS,5124,51240000,1850,1135,17,24,56,38,116
INS,5125,51250000,1589,1194,0,18,0,0,70
INS,5126,51260000,1328,1275,41,6,0,30,222
INS,5127,51270000,992,1310,58,3,0,21,199
INS,5128,51280000,656,1373,0,0,0,0,117
INS,5129,51290000,282,1432,0,0,0,14,89
INS,5130,51300000,0,1424,0,9,14,0,81
INS,5131,51310000,0,1380,313,0,0,52,140
INS,5132,51320000,0,1338,631,0,3,0,128
INS,5133,51330000,35,1330,978,368,38,0,154
INS,5134,51340000,16,1284,1232,673,0,0,115
INS,5135,51350000,2,1170,1549,1023,0,33,192
INS,5136,51360000,0,1133,1765,1330,312,27,231
INS,5137,51370000,5,1032,1984,1634,597,12,177
INS,5138,51380000,18,959,2200,1872,882,0,93
INS,5139,51390000,0,858,2390,2178,1137,19,249
INS,5140,51400000,7,716,2466,2385,1355,25,126
INS,5141,51410000,50,554,2557,2525,1641,3,7
INS,5142,51420000,47,446,2566,2658,1809,0,220
INS,5143,51430000,0,210,2570,2798,1986,0,19
INS,5144,51440000,0,142,2576,2738,2077,0,5
INS,5145,51450000,19,37,2463,2768,2152,5,189
INS,5146,51460000,21,33,2367,2750,2183,342,202
INS,5147,51470000,5,46,2163,2688,2185,629,239
INS,5148,51480000,22,29,2004,2551,2134,1008,32
INS,5149,51490000,48,16,1789,2378,2077,1208,73
INS,5150,51500000,0,0,1522,2156,1953,1429,146
INS,5151,51510000,0,0,1262,1951,1800,1595,223
INS,5152,51520000,38,0,940,1662,1609,1760,153
INS,5153,51530000,32,43,684,1350,1425,1769,232
INS,5154,51540000,0,29,330,1031,1038,1795,193
INS,5155,51550000,2,6,0,669,899,1740,71
INS,5156,51560000,35,0,0,353,576,1598,102
INS,5157,51570000,0,16,0,0,325,1386,52
INS,5158,51580000,22,20,0,14,0,1230,140
INS,5159,51590000,0,13,0,0,5,938,83
INS,5160,51600000,0,5,0,0,0,665,70
INS,5161,51610000,0,25,26,7,0,361,92
INS,5162,51620000,0,41,0,0,0,0,243
INS,5163,51630000,9,0,25,0,0,0,253
INS,5164,51640000,24,0,0,35,0,40,79
INS,5165,51650000,0,48,28,0,0,28,101
INS,5166,51660000,0,1,3,0,0,0,18
INS,5167,51670000,59,0,0,0,13,0,103
INS,5168,51680000,34,25,11,0,25,38,181
INS,5169,51690000,28,20,25,20,0,8,166
INS,5170,51700000,0,0,0,0,1,9,92
INS,5171,51710000,0,19,0,0,6,0,124
INS,5172,51720000,30,0,0,16,0,6,168
INS,5173,51730000,1,0,32,0,21,0,187
INS,5174,51740000,0,35,24,0,14,0,223
INS,5175,51750000,9,0,0,2,13,0,191
INS,5176,51760000,0,0,1,0,0,7,192
INS,5177,51770000,0,20,0,0,16,0,237
INS,5178,51780000,1,26,36,0,54,37,116
INS,5179,51790000,39,2,0,5,0,0,25
INS,5180,51800000,0,0,34,0,0,0,30
INS,5181,51810000,0,28,0,0,21,22,84
INS,5182,51820000,0,7,0,6,2,0,45
INS,5183,51830000,13,0,5,38,27,46,176
INS,5184,51840000,11,0,0,0,15,0,90
INS,5185,51850000,34,33,29,3,21,21,222
INS,5186,51860000,2,1,0,11,0,0,112
INS,5187,51870000,35,0,0,5,0,0,155
INS,5188,51880000,0,0,16,0,55,31,234
INS,5189,51890000,35,0,0,17,0,20,221
INS,5190,51900000,25,0,1,1,13,10,216
INS,5191,51910000,57,17,12,0,13,27,53
INS,5192,51920000,0,0,0,72,0,0,16
INS,5193,51930000,6,26,0,0,34,0,27
INS,5194,51940000,18,0,37,0,16,0,49
INS,5195,51950000,0,39,27,0,32,0,93
INS,5196,51960000,14,0,0,19,0,0,45
INS,5197,51970000,0,3,0,35,0,19,86
INS,5198,51980000,0,0,0,0,18,0,64
INS,5199,51990000,6,0,26,9,0,10,114
INS,5200,52000000,0,51,0,0,0,0,131
INS,5201,52010000,308,0,12,0,0,5,166
INS,5202,52020000,645,33,0,0,0,0,24
INS,5203,52030000,1000,56,0,0,8,0,171
INS,5204,52040000,1306,0,9,0,17,11,211
INS,5205,52050000,1580,0,36,0,33,0,22
INS,5206,52060000,1904,20,0,0,0,10,68
INS,5207,52070000,2166,13,0,0,0,31,105
INS,5208,52080000,2423,52,0,0,0,0,131
INS,5209,52090000,2552,7,0,0,26,0,2
INS,5210,52100000,2721,0,0,0,10,15,180
INS,5211,52110000,2935,17,12,17,29,59,8
INS,5212,52120000,3050,27,0,0,17,3,53
INS,5213,52130000,3115,0,1,28,0,7,124
INS,5214,52140000,3191,48,0,23,0,0,252
INS,5215,52150000,3233,0,0,16,20,0,20
INS,5216,52160000,3167,123,0,0,21,0,79
INS,5217,52170000,3125,291,0,15,21,33,14
INS,5218,52180000,3015,417,0,0,28,0,6
INS,5219,52190000,2941,553,19,26,2,7,111
INS,5220,52200000,2747,682,10,0,0,0,19
INS,5221,52210000,2614,888,0,12,46,40,197
INS,5222,52220000,2384,969,22,0,0,2,247
INS,5223,52230000,2179,1036,0,0,0,12,114
INS,5224,52240000,1876,1134,22,0,0,0,192
INS,5225,52250000,1590,1246,7,0,3,13,36
INS,5226,52260000,1301,1291,0,0,24,0,66
INS,5227,52270000,1009,1307,0,0,35,29,103
INS,5228,52280000,691,1405,27,6,16,0,141
INS,5229,52290000,358,1398,15,0,12,14,66
INS,5230,52300000,0,1447,0,0,22,0,11
INS,5231,52310000,1,1403,351,0,7,0,65
INS,5232,52320000,0,1377,637,12,11,0,101
INS,5233,52330000,0,1326,967,358,0,0,220
INS,5234,52340000,30,1250,1257,708,18,0,81
INS,5235,52350000,43,1200,1538,1036,0,32,172
INS,5236,52360000,0,1119,1801,1336,321,4,153
INS,5237,52370000,0,1032,2008,1667,620,2,150
INS,5238,52380000,0,924,2222,1920,855,32,23
INS,5239,52390000,0,805,2366,2206,1147,0,99
INS,5240,52400000,3,668,2467,2355,1358,20,207
INS,5241,52410000,57,560,2551,2499,1628,2,138
INS,5242,52420000,0,417,2563,2627,1806,0,15
INS,5243,52430000,0,359,2648,2761,1978,0,109
INS,5244,52440000,8,156,2555,2764,2104,17,240
INS,5245,52450000,43,0,2461,2764,2142,0,63
INS,5246,52460000,0,0,2355,2749,2124,389,31
INS,5247,52470000,0,12,2162,2679,2225,615,124
INS,5248,52480000,0,0,1983,2559,2147,977,114
INS,5249,52490000,0,0,1746,2366,2034,1197,64
INS,5250,52500000,0,21,1530,2159,1925,1412,41
INS,5251,52510000,15,8,1275,1934,1775,1580,110
INS,5252,52520000,14,0,977,1625,1566,1719,209
INS,5253,52530000,3,18,625,1389,1371,1750,249
INS,5254,52540000,5,0,343,971,1155,1770,122
INS,5255,52550000,26,24,36,689,875,1713,26
INS,5256,52560000,0,0,0,318,622,1616,4
INS,5257,52570000,0,0,0,0,308,1423,220
INS,5258,52580000,41,60,30,0,0,1222,115
INS,5259,52590000,5,0,0,17,0,944,1
INS,5260,52600000,0,0,0,19,27,607,217
INS,5261,52610000,0,18,0,0,16,346,217
INS,5262,52620000,0,30,0,29,0,0,169
INS,5263,52630000,0,0,0,15,0,0,142
INS,5264,52640000,0,12,24,0,17,0,197
INS,5265,52650000,15,15,0,10,0,0,201
INS,5266,52660000,0,7,47,29,36,8,49
INS,5267,52670000,0,16,0,3,14,0,228
INS,5268,52680000,0,31,21,0,0,0,8
INS,5269,52690000,0,6,39,0,0,0,18
INS,5270,52700000,23,0,6,30,35,43,127
INS,5271,52710000,0,0,1,0,5,3,16
INS,5272,52720000,39,0,0,0,52,0,115
INS,5273,52730000,0,9,0,7,10,4,71
INS,5274,52740000,27,10,19,0,0,32,146
INS,5275,52750000,40,0,0,0,0,0,115
INS,5276,52760000,5,0,22,47,0,20,186
INS,5277,52770000,34,1,0,0,0,21,165
INS,5278,52780000,11,0,12,26,27,31,233
INS,5279,52790000,0,27,4,0,0,2,176
INS,5280,52800000,0,12,0,0,24,17,213
INS,5281,52810000,0,1,6,22,0,0,206
INS,5282,52820000,0,0,25,14,0,0,233
INS,5283,52830000,0,0,9,0,0,0,220
INS,5284,52840000,0,0,5,16,30,7,30
INS,5285,52850000,29,17,0,0,18,1,54
INS,5286,52860000,0,0,6,0,0,35,47
INS,5287,52870000,0,0,0,0,17,27,67
INS,5288,52880000,0,0,10,0,0,35,85
INS,5289,52890000,8,0,78,29,40,15,227
INS,5290,52900000,0,0,0,0,0,3,77
INS,5291,52910000,3,0,12,24,16,0,146
INS,5292,52920000,2,0,0,0,0,0,110
INS,5293,52930000,8,6,5,3,0,0,147
INS,5294,52940000,0,18,0,1,1,0,162
INS,5295,52950000,0,0,5,0,0,0,164
INS,5296,52960000,9,0,0,0,15,20,220
INS,5297,52970000,0,0,9,30,0,0,232
INS,5298,52980000,0,22,0,87,26,1,90
INS,5299,52990000,0,0,0,15,35,19,40
INS,5300,53000000,0,0,0,0,0,25,13
INS,5301,53010000,338,0,53,0,0,14,154
INS,5302,53020000,666,8,0,57,0,28,13
INS,5303,53030000,1036,0,17,0,9,17,94
INS,5304,53040000,1330,0,0,0,15,19,140
INS,5305,53050000,1578,0,3,2,15,0,135
INS,5306,53060000,1912,0,0,0,19,0,229
INS,5307,53070000,2143,31,0,0,0,38,15
INS,5308,53080000,2343,0,38,0,0,0,201
INS,5309,53090000,2580,0,0,0,0,5,166
INS,5310,53100000,2762,0,0,0,25,0,129
INS,5311,53110000,2925,16,2,16,0,0,62
INS,5312,53120000,3031,0,21,0,39,20,231
INS,5313,53130000,3118,23,2,36,0,0,60
INS,5314,53140000,3199,0,0,0,0,14,111
INS,5315,53150000,3175,9,0,5,23,0,127
INS,5316,53160000,3159,154,0,15,26,46,76
INS,5317,53170000,3155,309,18,0,10,18,203
INS,5318,53180000,3051,449,0,14,0,17,241
INS,5319,53190000,2926,589,10,0,0,9,5
INS,5320,53200000,2766,692,0,16,13,0,231
INS,5321,53210000,2591,827,6,19,0,0,204
INS,5322,53220000,2418,911,0,3,14,0,124
INS,5323,53230000,2133,1052,0,0,0,7,243
INS,5324,53240000,1869,1153,16,0,8,0,114
INS,5325,53250000,1609,1177,0,6,0,20,153
INS,5326,53260000,1298,1266,0,12,1,0,191
INS,5327,53270000,968,1276,0,0,25,0,156
INS,5328,53280000,668,1355,0,0,20,9,212
INS,5329,53290000,333,1443,0,27,0,8,244
INS,5330,53300000,0,1368,0,28,21,0,123
INS,5331,53310000,0,1404,319,0,18,0,208
INS,5332,53320000,34,1369,629,22,0,14,40
INS,5333,53330000,20,1332,969,341,16,0,155
INS,5334,53340000,16,1304,1277,736,26,3,88
INS,5335,53350000,0,1176,1532,1054,51,7,51
INS,5336,53360000,0,1128,1784,1354,299,34,79
INS,5337,53370000,12,1026,1999,1599,628,0,249
INS,5338,53380000,0,928,2164,1899,871,0,96
INS,5339,53390000,16,794,2356,2123,1169,25,222
INS,5340,53400000,0,680,2463,2338,1379,14,118
INS,5341,53410000,0,621,2514,2525,1637,14,60
INS,5342,53420000,0,440,2569,2714,1798,14,45
INS,5343,53430000,14,335,2587,2793,1941,4,201
INS,5344,53440000,13,110,2566,2764,2066,23,86
INS,5345,53450000,0,0,2476,2784,2165,4,246
INS,5346,53460000,0,7,2340,2751,2215,333,224
INS,5347,53470000,21,0,2192,2609,2203,600,220
INS,5348,53480000,31,0,2024,2572,2203,980,166
INS,5349,53490000,30,0,1775,2346,2111,1137,28
INS,5350,53500000,0,3,1486,2137,2018,1421,223
INS,5351,53510000,0,32,1272,1896,1782,1581,250
INS,5352,53520000,1,38,947,1689,1580,1753,224
INS,5353,53530000,3,0,653,1344,1398,1858,1
INS,5354,53540000,0,0,323,1046,1176,1802,133
INS,5355,53550000,0,17,10,715,850,1726,145
INS,5356,53560000,0,0,0,344,552,1608,116
INS,5357,53570000,11,38,0,8,305,1442,201
INS,5358,53580000,1,13,14,4,32,1174,164
INS,5359,53590000,7,0,0,0,0,994,200
INS,5360,53600000,11,0,0,0,0,636,119
INS,5361,53610000,0,0,21,14,0,343,123
INS,5362,53620000,0,7,0,6,44,14,89
INS,5363,53630000,29,28,24,0,0,0,116
INS,5364,53640000,0,0,0,0,0,1,53
INS,5365,53650000,0,0,0,0,0,44,113
INS,5366,53660000,16,0,0,0,12,14,128
INS,5367,53670000,0,0,0,30,0,0,133
INS,5368,53680000,0,10,0,0,18,2,150
INS,5369,53690000,0,0,0,0,6,0,143
INS,5370,53700000,3,36,0,0,45,0,238
INS,5371,53710000,20,0,1,0,10,28,230
INS,5372,53720000,0,20,0,26,16,11,5
INS,5373,53730000,19,0,15,0,37,13,33
INS,5374,53740000,46,0,48,22,25,2,109
INS,5375,53750000,0,0,4,55,0,0,42
INS,5376,53760000,0,32,8,0,23,29,92
INS,5377,53770000,22,0,0,43,12,0,94
INS,5378,53780000,0,0,0,10,4,0,48
INS,5379,53790000,0,25,25,13,2,14,130
INS,5380,53800000,0,40,0,0,16,15,139
INS,5381,53810000,2,54,0,7,0,0,148
INS,5382,53820000,30,28,9,0,3,16,188
INS,5383,53830000,0,5,7,8,42,0,181
INS,5384,53840000,4,0,0,0,39,11,190
INS,5385,53850000,21,16,4,20,0,3,217
INS,5386,53860000,18,0,27,0,0,0,215
INS,5387,53870000,0,17,0,31,0,14,249
INS,5388,53880000,0,15,0,0,1,7,227
INS,5389,53890000,0,0,0,29,10,18,22
INS,5390,53900000,10,0,0,0,36,25,53
INS,5391,53910000,0,0,40,0,34,0,73
INS,5392,53920000,0,9,8,46,24,0,103
INS,5393,53930000,21,1,14,16,11,16,112
INS,5394,53940000,0,0,30,0,0,0,80
INS,5395,53950000,45,0,0,0,79,4,195
INS,5396,53960000,24,0,26,0,0,0,134
INS,5397,53970000,0,31,17,0,1,5,155
INS,5398,53980000,52,0,4,2,0,0,176
INS,5399,53990000,2,0,0,17,14,0,168
INS,5400,54000000,0,0,0,0,6,0,158
INS,5401,54010000,334,23,19,17,15,0,65
INS,5402,54020000,700,13,57,0,39,7,234
INS,5403,54030000,989,0,13,0,24,0,205
INS,5404,54040000,1292,10,10,30,0,0,26
INS,5405,54050000,1546,36,10,0,21,0,58
INS,5406,54060000,1914,37,4,0,0,15,176
INS,5407,54070000,2142,14,0,27,26,11,187
INS,5408,54080000,2342,0,0,0,12,0,82
INS,5409,54090000,2569,23,1,28,34,0,144
INS,5410,54100000,2752,29,9,0,13,15,68
INS,5411,54110000,2923,0,9,0,17,4,220
INS,5412,54120000,3047,6,0,34,0,41,156
INS,5413,54130000,3177,22,6,0,25,11,30
INS,5414,54140000,3141,53,6,0,0,7,13
INS,5415,54150000,3192,27,0,8,12,22,84
INS,5416,54160000,3159,160,1,26,0,0,186
INS,5417,54170000,3102,294,0,0,0,15,12
INS,5418,54180000,3050,402,13,0,0,44,127
INS,5419,54190000,2925,539,11,0,0,18,128
INS,5420,54200000,2744,727,0,1,13,5,142
INS,5421,54210000,2585,845,0,1,15,11,126
INS,5422,54220000,2346,927,0,0,38,0,253
INS,5423,54230000,2167,988,6,4,18,0,142
INS,5424,54240000,1927,1125,9,0,0,0,37
INS,5425,54250000,1612,1210,0,57,3,0,131
INS,5426,54260000,1356,1285,34,0,0,0,197
INS,5427,54270000,978,1354,1,31,15,0,174
INS,5428,54280000,681,1358,0,0,0,23,130
INS,5429,54290000,357,1404,27,0,0,5,134
INS,5430,54300000,0,1339,0,1,24,1,235
INS,5431,54310000,10,1418,293,0,0,0,96
INS,5432,54320000,5,1360,616,48,0,0,165
INS,5433,54330000,43,1352,923,375,5,9,92
INS,5434,54340000,10,1301,1237,700,0,44,182
INS,5435,54350000,0,1205,1547,1001,0,29,177
INS,5436,54360000,36,1147,1754,1372,286,3,242
INS,5437,54370000,0,996,2002,1668,576,13,148
INS,5438,54380000,0,926,2195,1957,946,0,166
INS,5439,54390000,0,853,2329,2131,1101,0,61
INS,5440,54400000,0,688,2424,2384,1394,27,69
INS,5441,54410000,0,527,2518,2587,1617,16,178
INS,5442,54420000,24,468,2556,2677,1872,0,15
INS,5443,54430000,0,271,2594,2797,1991,0,88
INS,5444,54440000,37,120,2553,2826,2049,0,37
INS,5445,54450000,10,0,2457,2821,2128,0,141
INS,5446,54460000,23,0,2410,2730,2182,361,192
INS,5447,54470000,0,0,2198,2643,2196,669,209
INS,5448,54480000,20,34,2040,2512,2168,937,231
INS,5449,54490000,0,0,1822,2358,2061,1203,237
INS,5450,54500000,0,0,1491,2162,1966,1431,116
INS,5451,54510000,15,22,1267,1888,1764,1601,152
INS,5452,54520000,10,36,948,1661,1642,1738,159
INS,5453,54530000,10,19,608,1354,1390,1820,110
INS,5454,54540000,0,9,329,1024,1144,1775,231
INS,5455,54550000,9,0,0,712,843,1734,33
INS,5456,54560000,0,0,26,349,603,1596,94
INS,5457,54570000,12,0,24,13,303,1414,71
INS,5458,54580000,0,0,0,1,0,1213,48
INS,5459,54590000,22,6,8,18,0,957,118
INS,5460,54600000,10,0,0,2,21,684,97
INS,5461,54610000,0,28,50,0,0,312,43
INS,5462,54620000,0,11,0,0,0,0,193
INS,5463,54630000,0,20,23,23,6,0,15
INS,5464,54640000,12,11,0,0,0,0,239
INS,5465,54650000,0,10,12,0,0,0,255
INS,5466,54660000,0,0,22,0,45,40,101
INS,5467,54670000,13,27,27,8,0,0,86
INS,5468,54680000,0,0,0,0,0,0,28
INS,5469,54690000,0,0,0,11,0,14,70
INS,5470,54700000,0,64,24,0,0,0,150
INS,5471,54710000,0,0,18,0,16,9,122
INS,5472,54720000,20,0,19,0,42,0,177
INS,5473,54730000,32,39,0,32,59,0,19
INS,5474,54740000,0,0,0,0,0,11,141
INS,5475,54750000,20,0,0,0,28,0,195
INS,5476,54760000,5,0,0,0,19,0,188
INS,5477,54770000,7,0,0,9,31,11,239
INS,5478,54780000,0,0,0,7,0,0,205
INS,5479,54790000,11,0,29,0,41,3,43
INS,5480,54800000,32,24,17,2,0,8,59
INS,5481,54810000,0,0,0,8,0,0,1
INS,5482,54820000,34,11,11,0,0,40,106
INS,5483,54830000,0,0,0,0,0,5,32
INS,5484,54840000,0,0,50,19,24,18,155
INS,5485,54850000,0,0,0,5,0,7,73
INS,5486,54860000,27,19,12,0,8,0,144
INS,5487,54870000,1,0,4,31,17,0,148
INS,5488,54880000,3,25,0,6,3,0,149
INS,5489,54890000,2,1,0,7,0,0,139
INS,5490,54900000,9,24,29,0,0,0,208
INS,5491,54910000,0,14,0,0,0,0,177
INS,5492,54920000,0,0,0,14,0,0,194
INS,5493,54930000,0,13,0,34,0,0,244
INS,5494,54940000,0,0,6,16,17,0,253
INS,5495,54950000,41,1,0,43,0,16,76
INS,5496,54960000,7,5,28,0,0,5,37
INS,5497,54970000,7,0,0,19,28,0,63
INS,5498,54980000,45,0,2,0,0,28,101
INS,5499,54990000,0,0,28,0,0,0,71
INS,5500,55000000,40,0,0,30,0,0,130
INS,5501,55010000,350,0,20,11,1,16,219
INS,5502,55020000,677,43,15,0,42,0,103
INS,5503,55030000,1003,0,0,11,0,0,101
INS,5504,55040000,1313,0,24,0,7,0,192
INS,5505,55050000,1600,29,0,0,19,0,1
INS,5506,55060000,1828,22,0,24,0,0,244
INS,5507,55070000,2145,12,0,0,30,3,65
INS,5508,55080000,2399,0,19,0,0,0,54
INS,5509,55090000,2600,0,2,0,0,26,25
INS,5510,55100000,2794,0,32,0,0,0,240
INS,5511,55110000,2893,0,20,43,34,7,172
INS,5512,55120000,3034,0,12,0,38,6,26
INS,5513,55130000,3102,0,20,30,20,46,171
INS,5514,55140000,3167,0,0,17,0,26,180
INS,5515,55150000,3187,12,0,0,15,46,247
INS,5516,55160000,3114,134,0,0,0,40,36
INS,5517,55170000,3164,294,12,0,0,22,1
INS,5518,55180000,3001,496,11,13,0,0,47
INS,5519,55190000,2914,536,0,0,17,0,10
INS,5520,55200000,2770,710,5,0,55,44,144
INS,5521,55210000,2601,808,16,33,37,0,72
INS,5522,55220000,2392,948,0,5,0,0,195
INS,5523,55230000,2168,1059,0,0,0,0,94
INS,5524,55240000,1889,1144,0,0,8,0,181
INS,5525,55250000,1605,1227,4,4,10,0,7
INS,5526,55260000,1319,1287,0,15,0,0,51
INS,5527,55270000,993,1312,0,2,35,0,45
INS,5528,55280000,708,1388,0,30,2,13,117
INS,5529,55290000,333,1380,62,0,0,0,24
INS,5530,55300000,0,1390,8,18,0,0,194
INS,5531,55310000,0,1397,325,24,0,8,37
INS,5532,55320000,8,1378,638,0,16,0,84
INS,5533,55330000,0,1260,945,397,0,2,153
INS,5534,55340000,0,1261,1282,679,21,0,41
INS,5535,55350000,0,1218,1560,998,33,17,129
INS,5536,55360000,0,1164,1754,1338,297,14,119
INS,5537,55370000,0,1058,1979,1663,597,0,98
INS,5538,55380000,0,917,2187,1903,902,39,254
INS,5539,55390000,0,810,2355,2124,1121,27,248
INS,5540,55400000,0,703,2526,2356,1380,0,25
INS,5541,55410000,0,561,2537,2519,1604,0,42
INS,5542,55420000,0,424,2592,2629,1764,24,15
INS,5543,55430000,0,255,2566,2730,1944,0,94
INS,5544,55440000,0,129,2537,2758,2094,0,134
INS,5545,55450000,0,24,2464,2753,2133,8,15
INS,5546,55460000,1,0,2345,2750,2187,321,254
INS,5547,55470000,0,0,2221,2696,2143,655,126
INS,5548,55480000,0,0,2025,2505,2220,951,129
INS,5549,55490000,19,18,1761,2351,2093,1204,147
INS,5550,55500000,0,19,1511,2141,1973,1458,76
INS,5551,55510000,6,0,1233,1934,1835,1565,76
INS,5552,55520000,38,0,962,1663,1580,1697,228
INS,5553,55530000,0,0,664,1354,1452,1770,57
INS,5554,55540000,16,0,335,1026,1120,1810,165
INS,5555,55550000,0,0,0,704,868,1694,165
INS,5556,55560000,12,0,1,381,574,1591,243
INS,5557,55570000,0,0,0,52,322,1456,43
INS,5558,55580000,37,41,0,0,0,1193,13
INS,5559,55590000,18,14,1,22,0,906,232
INS,5560,55600000,23,15,0,9,0,648,239
INS,5561,55610000,0,0,22,33,53,301,226
INS,5562,55620000,12,0,15,2,45,5,169
INS,5563,55630000,0,46,14,6,7,25,205
INS,5564,55640000,0,16,17,0,0,0,157
INS,5565,55650000,0,4,25,18,8,0,196
INS,5566,55660000,0,0,0,0,1,23,182
INS,5567,55670000,2,23,0,0,0,19,219
INS,5568,55680000,3,0,0,0,0,0,195
INS,5569,55690000,28,0,0,15,0,0,252
INS,5570,55700000,38,0,0,34,40,0,82
INS,5571,55710000,1,3,0,12,49,0,52
INS,5572,55720000,7,0,0,0,11,0,22
INS,5573,55730000,0,0,0,0,0,5,26
INS,5574,55740000,0,0,3,43,0,14,98
INS,5575,55750000,0,0,16,0,0,0,71
INS,5576,55760000,17,30,0,0,9,23,151
INS,5577,55770000,0,0,0,0,0,0,89
INS,5578,55780000,34,55,13,7,0,5,220
INS,5579,55790000,0,0,7,0,12,0,142
INS,5580,55800000,0,18,0,30,21,20,229
INS,5581,55810000,56,0,0,18,0,0,231
INS,5582,55820000,25,17,0,0,3,29,248
INS,5583,55830000,0,0,0,0,0,19,210
INS,5584,55840000,0,0,16,14,0,0,238
INS,5585,55850000,28,0,9,1,18,0,25
INS,5586,55860000,26,0,0,0,0,0,12
INS,5587,55870000,21,0,0,0,6,0,30
INS,5588,55880000,0,0,0,0,13,0,33
INS,5589,55890000,19,5,10,0,0,14,85
INS,5590,55900000,0,20,0,0,0,21,95
INS,5591,55910000,13,0,0,30,0,4,118
INS,5592,55920000,0,0,0,15,7,29,139
INS,5593,55930000,0,33,0,4,0,14,156
INS,5594,55940000,38,0,3,0,52,30,245
INS,5595,55950000,0,1,0,17,0,0,157
INS,5596,55960000,0,0,0,0,0,0,156
INS,5597,55970000,0,0,0,9,69,0,251
INS,5598,55980000,33,19,0,0,0,0,242
INS,5599,55990000,3,0,0,26,0,13,249
INS,5600,56000000,0,0,32,0,0,0,0
INS,5601,56010000,344,6,22,0,16,4,121
INS,5602,56020000,658,0,0,5,2,6,161
INS,5603,56030000,970,18,25,0,0,0,8
INS,5604,56040000,1267,0,0,63,0,28,114
INS,5605,56050000,1615,25,0,14,28,0,199
INS,5606,56060000,1856,13,0,47,1,5,200
INS,5607,56070000,2095,0,2,0,0,29,165
INS,5608,56080000,2322,0,0,0,0,9,131
INS,5609,56090000,2611,0,23,15,5,20,235
INS,5610,56100000,2774,0,14,0,7,0,117
INS,5611,56110000,2946,0,0,4,0,0,33
INS,5612,56120000,3064,20,13,0,14,0,211
INS,5613,56130000,3108,0,0,36,0,0,5
INS,5614,56140000,3173,0,0,0,0,0,51
INS,5615,56150000,3156,0,22,10,0,8,91
INS,5616,56160000,3149,162,6,0,0,68,41
INS,5617,56170000,3110,282,42,0,0,8,115
INS,5618,56180000,3055,461,0,0,0,1,207
INS,5619,56190000,2923,610,28,15,26,0,53
INS,5620,56200000,2729,702,50,0,9,6,220
INS,5621,56210000,2560,816,1,40,0,0,158
INS,5622,56220000,2395,927,8,23,28,12,151
INS,5623,56230000,2093,1009,5,19,0,0,157
INS,5624,56240000,1876,1132,0,0,16,0,72
INS,5625,56250000,1603,1255,2,0,0,19,200
INS,5626,56260000,1304,1272,31,0,53,6,4
INS,5627,56270000,981,1359,0,0,2,34,243
INS,5628,56280000,697,1385,0,0,10,5,237
INS,5629,56290000,319,1365,38,26,11,17,189
INS,5630,56300000,33,1407,0,0,51,2,179
INS,5631,56310000,51,1396,345,5,5,0,249
INS,5632,56320000,0,1358,605,0,0,0,171
INS,5633,56330000,5,1344,944,364,17,19,150
INS,5634,56340000,0,1276,1288,687,5,0,218
INS,5635,56350000,0,1221,1524,1051,15,12,34
INS,5636,56360000,17,1116,1803,1372,264,8,40
INS,5637,56370000,0,1090,1957,1618,605,4,239
INS,5638,56380000,0,992,2217,1907,939,0,13
INS,5639,56390000,26,813,2334,2153,1152,0,197
INS,5640,56400000,0,697,2451,2405,1422,30,229
INS,5641,56410000,0,522,2550,2541,1614,37,249
INS,5642,56420000,0,432,2637,2654,1763,0,232
INS,5643,56430000,25,305,2592,2768,1952,8,157
INS,5644,56440000,45,153,2547,2801,2035,0,105
INS,5645,56450000,9,18,2480,2817,2103,0,224
INS,5646,56460000,0,0,2359,2789,2183,335,224
INS,5647,56470000,0,45,2179,2672,2188,669,72
INS,5648,56480000,0,29,1968,2534,2173,954,250
INS,5649,56490000,0,0,1804,2423,2077,1219,132
INS,5650,56500000,0,0,1528,2140,1974,1468,248
INS,5651,56510000,23,0,1249,1963,1836,1605,87
INS,5652,56520000,23,0,1014,1641,1640,1746,4
INS,5653,56530000,8,33,594,1333,1396,1820,165
INS,5654,56540000,40,0,378,1065,1127,1768,144
INS,5655,56550000,23,0,27,739,876,1746,218
INS,5656,56560000,7,20,28,323,613,1639,222
INS,5657,56570000,59,0,23,9,294,1457,219
INS,5658,56580000,0,8,6,14,29,1203,166
INS,5659,56590000,34,0,36,0,0,953,202
INS,5660,56600000,28,39,43,30,0,630,222
INS,5661,56610000,0,3,13,0,18,288,47
INS,5662,56620000,6,29,0,41,0,0,74
INS,5663,56630000,0,0,0,15,0,13,43
INS,5664,56640000,27,0,4,0,0,11,74
INS,5665,56650000,0,32,42,20,0,0,143
INS,5666,56660000,0,0,32,0,0,0,98
INS,5667,56670000,0,0,0,0,34,10,127
INS,5668,56680000,1,0,0,0,38,11,150
INS,5669,56690000,0,0,24,0,0,1,142
INS,5670,56700000,0,0,20,5,0,0,159
INS,5671,56710000,0,6,0,37,37,0,231
INS,5672,56720000,0,3,0,0,7,20,198
INS,5673,56730000,0,56,7,14,0,3,9
INS,5674,56740000,21,1,0,58,38,0,64
INS,5675,56750000,22,0,0,0,4,0,245
INS,5676,56760000,0,0,0,0,0,0,236
INS,5677,56770000,0,7,35,0,0,0,39
INS,5678,56780000,3,15,0,3,0,0,35
INS,5679,56790000,69,0,33,26,47,0,206
INS,5680,56800000,35,18,0,1,1,0,103
INS,5681,56810000,0,13,0,24,29,24,155
INS,5682,56820000,4,0,28,36,7,29,186
INS,5683,56830000,16,26,6,0,0,35,182
INS,5684,56840000,1,0,40,9,10,7,183
INS,5685,56850000,15,28,0,20,1,21,218
INS,5686,56860000,41,0,27,0,0,44,6
INS,5687,56870000,3,0,0,13,31,0,214
INS,5688,56880000,15,1,8,9,36,0,253
INS,5689,56890000,5,8,25,0,20,0,3
INS,5690,56900000,0,1,36,0,56,47,102
INS,5691,56910000,14,0,0,0,9,0,2
INS,5692,56920000,7,3,0,13,16,0,35
INS,5693,56930000,17,11,0,0,0,53,94
INS,5694,56940000,0,0,0,0,17,0,47
INS,5695,56950000,34,15,6,0,33,0,135
INS,5696,56960000,0,0,22,3,25,0,114
INS,5697,56970000,0,0,10,0,18,0,109
INS,5698,56980000,0,5,20,0,0,0,123
INS,5699,56990000,23,29,33,0,18,49,11
INS,5700,57000000,21,0,0,16,7,17,193
INS,5701,57010000,376,11,33,0,24,18,99
INS,5702,57020000,644,0,13,11,59,6,131
INS,5703,57030000,971,0,0,0,0,11,141
INS,5704,57040000,1356,14,25,0,36,0,95
INS,5705,57050000,1578,0,0,51,0,0,54
INS,5706,57060000,1830,0,0,0,0,0,16
INS,5707,57070000,2095,0,0,7,20,0,69
INS,5708,57080000,2388,0,7,0,0,0,103
INS,5709,57090000,2568,0,0,0,0,51,88
INS,5710,57100000,2774,4,14,3,0,0,25
INS,5711,57110000,2961,0,0,0,0,3,211
INS,5712,57120000,3031,0,6,27,5,52,129
INS,5713,57130000,3155,27,13,6,37,0,7
INS,5714,57140000,3120,35,0,0,26,0,223
INS,5715,57150000,3220,0,25,22,50,9,129
INS,5716,57160000,3210,140,0,0,0,0,170
INS,5717,57170000,3123,315,31,28,12,1,91
INS,5718,57180000,3032,477,2,0,0,0,109
INS,5719,57190000,2910,556,2,0,3,7,93
INS,5720,57200000,2750,662,22,1,0,9,76
INS,5721,57210000,2637,858,4,0,40,23,211
INS,5722,57220000,2343,907,5,2,0,0,179
INS,5723,57230000,2167,1042,0,27,13,0,188
INS,5724,57240000,1894,1151,7,12,0,13,33
INS,5725,57250000,1595,1256,29,0,21,40,170
INS,5726,57260000,1320,1270,0,3,0,0,95
INS,5727,57270000,1006,1357,30,6,0,12,186
INS,5728,57280000,686,1369,0,0,0,0,103
INS,5729,57290000,348,1415,4,0,21,0,109
INS,5730,57300000,0,1418,0,3,8,0,23
INS,5731,57310000,0,1409,298,0,0,71,133
INS,5732,57320000,2,1366,641,5,0,51,181
INS,5733,57330000,16,1295,937,374,6,0,249
INS,5734,57340000,0,1290,1233,665,39,16,113
INS,5735,57350000,0,1182,1553,1040,69,5,224
INS,5736,57360000,0,1084,1746,1364,287,15,120
INS,5737,57370000,51,1021,2030,1667,583,0,225
INS,5738,57380000,0,920,2195,1960,925,8,130
INS,5739,57390000,43,833,2358,2136,1152,12,161
INS,5740,57400000,2,692,2489,2379,1418,18,130
INS,5741,57410000,36,566,2530,2513,1634,12,184
INS,5742,57420000,9,419,2597,2671,1789,0,139
INS,5743,57430000,0,306,2607,2782,1955,19,84
INS,5744,57440000,34,115,2563,2815,2070,0,29
INS,5745,57450000,0,0,2449,2752,2204,0,110
INS,5746,57460000,0,0,2361,2766,2168,341,102
INS,5747,57470000,0,0,2219,2661,2226,665,254
INS,5748,57480000,0,0,2015,2549,2190,927,181
INS,5749,57490000,0,25,1811,2345,2084,1239,21
INS,5750,57500000,0,0,1538,2186,1948,1409,127
INS,5751,57510000,0,0,1252,1960,1773,1619,179
INS,5752,57520000,1,38,950,1616,1651,1728,88
INS,5753,57530000,23,27,627,1346,1372,1759,43
INS,5754,57540000,31,0,307,1039,1132,1756,195
INS,5755,57550000,35,32,0,667,906,1700,55
INS,5756,57560000,3,0,0,346,566,1628,43
INS,5757,57570000,0,0,4,23,293,1451,56
INS,5758,57580000,22,6,0,1,25,1231,99
INS,5759,57590000,35,8,20,0,0,938,88
INS,5760,57600000,0,0,32,0,0,639,31
INS,5761,57610000,0,0,9,0,8,341,247
INS,5762,57620000,0,4,10,11,13,18,218
INS,5763,57630000,1,6,0,0,0,0,186
INS,5764,57640000,0,0,0,0,0,12,208
INS,5765,57650000,0,0,0,0,20,0,233
INS,5766,57660000,8,35,0,0,0,12,29
INS,5767,57670000,0,0,0,0,4,0,251
INS,5768,57680000,0,5,3,21,0,0,37
INS,5769,57690000,0,36,21,4,51,0,137
INS,5770,57700000,8,0,9,44,0,0,103
INS,5771,57710000,0,16,0,0,9,22,106
INS,5772,57720000,34,20,0,0,8,7,145
INS,5773,57730000,6,0,0,13,0,7,119
INS,5774,57740000,0,6,0,0,0,32,148
INS,5775,57750000,0,49,0,0,40,10,226
INS,5776,57760000,15,7,0,34,0,0,200
INS,5777,57770000,10,0,48,3,32,0,254
INS,5778,57780000,6,0,11,0,41,3,239
INS,5779,57790000,56,0,9,18,0,0,22
INS,5780,57800000,23,0,46,26,17,12,80
INS,5781,57810000,8,0,0,20,0,13,14
INS,5782,57820000,0,0,0,5,11,0,6
INS,5783,57830000,0,11,0,0,20,0,38
INS,5784,57840000,35,10,5,11,27,0,112
INS,5785,57850000,4,30,0,0,4,0,79
INS,5786,57860000,0,20,0,44,11,21,154
INS,5787,57870000,63,10,0,0,0,0,148
INS,5788,57880000,42,3,0,49,1,4,191
INS,5789,57890000,23,44,19,0,15,0,210
INS,5790,57900000,0,32,12,41,0,0,211
INS,5791,57910000,0,0,0,1,0,31,175
INS,5792,57920000,20,0,17,0,21,82,44
INS,5793,57930000,53,0,0,0,0,0,230
INS,5794,57940000,32,0,3,0,0,0,229
INS,5795,57950000,0,18,0,0,32,0,5
INS,5796,57960000,0,0,0,9,0,0,237
INS,5797,57970000,0,0,4,29,0,5,27
INS,5798,57980000,0,0,29,0,16,18,69
INS,5799,57990000,33,26,0,0,3,2,87
INS,5800,58000000,25,10,0,24,0,34,133
INS,5801,58010000,319,0,0,3,0,0,123
INS,5802,58020000,653,14,0,0,0,0,229
INS,5803,58030000,946,0,32,0,0,0,45
INS,5804,58040000,1283,0,0,0,0,0,111
INS,5805,58050000,1606,7,0,23,32,1,2
INS,5806,58060000,1832,0,0,1,0,0,183
INS,5807,58070000,2134,0,0,0,29,11,29
INS,5808,58080000,2388,15,18,21,10,0,68
INS,5809,58090000,2590,24,0,0,0,0,247
INS,5810,58100000,2801,10,0,32,18,0,255
INS,5811,58110000,2933,0,0,0,0,0,88
INS,5812,58120000,3032,0,29,8,20,0,5
INS,5813,58130000,3161,6,0,0,6,20,126
INS,5814,58140000,3181,0,0,0,0,26,157
INS,5815,58150000,3163,3,12,0,0,13,158
INS,5816,58160000,3153,147,46,18,0,17,109
INS,5817,58170000,3116,322,15,12,0,0,210
INS,5818,58180000,3092,431,0,16,0,17,62
INS,5819,58190000,2910,546,0,0,0,16,251
INS,5820,58200000,2740,691,0,0,41,0,12
INS,5821,58210000,2551,788,0,4,32,16,204
INS,5822,58220000,2381,950,0,28,46,20,255
INS,5823,58230000,2133,1066,9,4,9,0,68
INS,5824,58240000,1865,1128,0,0,0,12,125
INS,5825,58250000,1618,1257,0,3,17,0,32
INS,5826,58260000,1294,1303,0,0,0,11,18
INS,5827,58270000,963,1321,12,41,2,19,41
INS,5828,58280000,678,1397,0,0,12,0,43
INS,5829,58290000,325,1359,0,0,54,0,223
INS,5830,58300000,0,1398,0,0,29,12,197
INS,5831,58310000,17,1368,342,0,50,17,57
INS,5832,58320000,0,1383,633,0,0,0,40
INS,5833,58330000,10,1325,962,351,0,0,177
INS,5834,58340000,12,1249,1266,724,11,29,69
INS,5835,58350000,0,1178,1525,1020,8,3,17
INS,5836,58360000,0,1147,1791,1346,292,5,113
INS,5837,58370000,0,1050,1992,1629,596,0,48
INS,5838,58380000,0,937,2167,1948,901,0,239
INS,5839,58390000,14,829,2337,2136,1136,0,243
INS,5840,58400000,0,708,2484,2308,1381,0,177
INS,5841,58410000,1,525,2591,2539,1575,15,47
INS,5842,58420000,16,404,2577,2687,1889,22,157
INS,5843,58430000,0,286,2607,2715,1955,0,142
INS,5844,58440000,0,153,2563,2775,2049,0,136
INS,5845,58450000,22,75,2494,2764,2138,0,106
INS,5846,58460000,0,0,2344,2722,2150,340,186
INS,5847,58470000,9,23,2185,2637,2163,659,67
INS,5848,58480000,0,0,2012,2520,2156,966,62
INS,5849,58490000,0,0,1774,2352,2055,1236,98
INS,5850,58500000,22,0,1539,2123,1968,1405,11
INS,5851,58510000,0,54,1236,1942,1822,1619,156
INS,5852,58520000,16,27,978,1651,1580,1744,8
INS,5853,58530000,4,7,657,1311,1357,1792,181
INS,5854,58540000,0,8,314,1051,1137,1776,124
INS,5855,58550000,9,0,10,696,913,1720,227
INS,5856,58560000,28,0,0,358,551,1599,200
INS,5857,58570000,0,2,0,23,304,1410,188
INS,5858,58580000,0,0,10,29,0,1226,243
INS,5859,58590000,10,0,3,0,0,931,195
INS,5860,58600000,3,10,0,13,0,658,208
INS,5861,58610000,0,0,0,0,28,303,128
INS,5862,58620000,16,42,0,26,48,0,202
INS,5863,58630000,12,0,31,7,0,0,137
INS,5864,58640000,29,1,8,0,48,0,190
INS,5865,58650000,21,10,0,1,0,0,153
INS,5866,58660000,23,0,47,16,0,25,249
INS,5867,58670000,0,4,21,8,23,0,211
INS,5868,58680000,0,0,0,0,30,10,212
INS,5869,58690000,7,21,0,0,0,0,217
INS,5870,58700000,22,6,7,0,0,0,241
INS,5871,58710000,0,13,12,1,13,1,7
INS,5872,58720000,0,0,0,24,8,3,19
INS,5873,58730000,12,0,22,0,0,0,35
INS,5874,58740000,0,9,0,32,3,13,75
INS,5875,58750000,5,24,0,18,0,14,96
INS,5876,58760000,10,20,4,14,0,0,100
INS,5877,58770000,0,0,0,3,19,0,91
INS,5878,58780000,0,29,0,0,27,24,166
INS,5879,58790000,41,13,16,0,0,10,183
INS,5880,58800000,11,0,0,0,15,17,163
INS,5881,58810000,25,9,0,0,0,0,171
INS,5882,58820000,9,23,0,6,13,17,222
INS,5883,58830000,0,0,16,7,0,8,202
INS,5884,58840000,0,28,0,0,19,8,243
INS,5885,58850000,3,18,17,0,0,0,243
INS,5886,58860000,22,0,5,0,65,12,70
INS,5887,58870000,0,10,13,6,26,0,38
INS,5888,58880000,42,0,28,0,0,0,70
INS,5889,58890000,11,0,16,39,0,28,111
INS,5890,58900000,0,0,0,0,0,52,86
INS,5891,58910000,53,0,0,12,2,0,118
INS,5892,58920000,81,0,0,9,0,10,168
INS,5893,58930000,33,15,0,0,74,27,234
INS,5894,58940000,38,0,8,25,4,22,199
INS,5895,58950000,42,21,0,0,0,19,201
INS,5896,58960000,0,24,6,8,3,25,202
INS,5897,58970000,18,0,13,1,10,0,195
INS,5898,58980000,21,12,59,26,0,34,66
INS,5899,58990000,26,0,0,0,29,0,242
INS,5900,59000000,11,0,0,67,45,31,102
INS,5901,59010000,363,10,32,23,0,2,139
INS,5902,59020000,687,13,1,3,35,0,209
INS,5903,59030000,1024,0,3,5,0,20,27
INS,5904,59040000,1321,0,0,0,36,22,115
INS,5905,59050000,1555,0,0,0,0,0,52
INS,5906,59060000,1864,35,0,30,47,0,234
INS,5907,59070000,2133,0,49,34,5,0,240
INS,5908,59080000,2401,28,0,4,0,0,213
INS,5909,59090000,2575,4,62,3,6,0,191
INS,5910,59100000,2782,0,0,40,0,20,144
INS,5911,59110000,2875,11,25,42,0,11,27
INS,5912,59120000,3034,23,15,0,22,0,174
INS,5913,59130000,3175,25,0,0,1,0,42
INS,5914,59140000,3210,12,0,0,13,0,93
INS,5915,59150000,3224,0,0,54,33,15,201
INS,5916,59160000,3202,154,0,60,31,0,83
INS,5917,59170000,3147,279,6,47,0,36,168
INS,5918,59180000,3073,412,0,4,24,3,186
INS,5919,59190000,2953,568,0,0,0,40,248
INS,5920,59200000,2767,672,15,0,0,0,158
INS,5921,59210000,2612,792,27,9,0,0,161
INS,5922,59220000,2364,935,0,10,0,0,47
INS,5923,59230000,2137,1030,20,0,0,0,198
INS,5924,59240000,1900,1098,0,10,0,7,43
INS,5925,59250000,1608,1197,7,0,2,12,127
INS,5926,59260000,1298,1299,5,0,0,33,209
INS,5927,59270000,963,1402,44,0,0,0,0
INS,5928,59280000,666,1362,0,0,24,0,172
INS,5929,59290000,337,1379,0,19,0,0,128
INS,5930,59300000,35,1404,7,0,21,20,153
INS,5931,59310000,22,1370,342,53,0,0,214
INS,5932,59320000,11,1334,630,6,0,0,169
INS,5933,59330000,17,1319,970,319,0,3,65
INS,5934,59340000,0,1264,1247,692,0,0,145
INS,5935,59350000,19,1203,1510,1017,0,27,223
INS,5936,59360000,24,1176,1811,1369,309,14,143
INS,5937,59370000,25,1031,1993,1683,573,0,250
INS,5938,59380000,26,910,2179,1876,818,0,3
INS,5939,59390000,0,860,2338,2155,1150,1,203
INS,5940,59400000,13,705,2457,2395,1434,0,208
INS,5941,59410000,15,561,2520,2495,1554,2,112
INS,5942,59420000,8,435,2549,2666,1811,0,195
INS,5943,59430000,0,296,2607,2724,1978,4,96
INS,5944,59440000,14,145,2527,2779,2059,0,28
INS,5945,59450000,11,24,2492,2808,2148,0,4
INS,5946,59460000,0,7,2331,2787,2177,329,169
INS,5947,59470000,0,0,2192,2663,2193,629,232
INS,5948,59480000,11,0,2002,2520,2162,974,241
INS,5949,59490000,67,12,1807,2356,2058,1217,106
INS,5950,59500000,46,2,1484,2175,1947,1434,206
INS,5951,59510000,39,0,1260,1923,1812,1598,23
INS,5952,59520000,45,0,949,1631,1605,1753,159
INS,5953,59530000,0,10,661,1353,1405,1792,182
INS,5954,59540000,0,0,338,1030,1089,1771,230
INS,5955,59550000,0,15,0,646,912,1729,89
INS,5956,59560000,49,29,0,303,543,1587,83
INS,5957,59570000,12,4,0,0,308,1388,69
INS,5958,59580000,0,7,0,0,0,1213,106
INS,5959,59590000,0,33,4,18,0,941,155
INS,5960,59600000,25,0,13,0,1,672,143
INS,5961,59610000,1,24,31,0,0,350,111
INS,5962,59620000,28,3,0,44,33,0,86
INS,5963,59630000,17,0,0,0,7,3,22
INS,5964,59640000,0,11,27,0,0,3,53
INS,5965,59650000,33,0,0,56,0,3,121
INS,5966,59660000,8,0,9,0,0,0,63
INS,5967,59670000,0,0,22,0,0,0,85
INS,5968,59680000,0,0,34,7,65,0,186
INS,5969,59690000,5,12,0,3,11,0,128
INS,5970,59700000,0,11,0,0,2,0,127
INS,5971,59710000,41,0,14,29,0,0,215
INS,5972,59720000,0,10,29,0,36,33,0
INS,5973,59730000,14,6,0,0,10,0,195
INS,5974,59740000,25,52,0,17,0,16,36
INS,5975,59750000,0,0,8,10,8,0,225
INS,5976,59760000,0,40,21,18,21,1,61
INS,5977,59770000,0,0,0,0,14,21,12
INS,5978,59780000,0,30,0,33,9,24,90
INS,5979,59790000,6,0,0,0,0,1,18
INS,5980,59800000,6,0,4,14,12,0,64
INS,5981,59810000,1,0,0,0,3,0,49
INS,5982,59820000,0,33,0,0,2,0,97
INS,5983,59830000,9,28,0,7,0,0,123
INS,5984,59840000,0,0,0,28,23,5,152
INS,5985,59850000,0,0,57,36,22,0,228
INS,5986,59860000,19,33,0,17,7,14,220
INS,5987,59870000,0,1,0,0,0,6,154
INS,5988,59880000,0,0,49,49,0,0,6
INS,5989,59890000,3,0,0,0,0,0,184
INS,5990,59900000,4,42,18,20,0,42,68
INS,5991,59910000,0,0,16,0,0,0,231
INS,5992,59920000,0,25,43,31,31,11,117
INS,5993,59930000,0,33,0,0,15,0,41
INS,5994,59940000,0,0,37,0,0,0,47
INS,5995,59950000,0,12,0,0,11,17,67
INS,5996,59960000,0,0,10,10,0,0,64
INS,5997,59970000,0,0,9,0,23,0,93
INS,5998,59980000,4,10,0,13,0,0,105
INS,5999,59990000,0,0,0,0,20,27,142
