seq,ts_us,s0,s1,s2,s3,s4,s5
2434,24927632,0,199,0,6,0,0
2435,24937632,75,403,0,8,0,0
2436,24947632,222,546,0,1,0,0
2437,24957632,371,665,0,0,0,0
2438,24967632,457,716,0,0,0,0
2439,24977632,521,747,0,0,0,0
2440,24987633,550,789,0,0,0,0
2441,24997632,636,817,0,0,0,0
2442,25007632,684,845,0,0,0,0
2443,25017632,723,860,0,0,0,0
2444,25027632,742,877,0,0,0,0
2445,25037632,768,887,0,0,0,0
2446,25047632,779,906,0,0,0,0
2447,25057632,812,915,0,0,0,0
2448,25067632,847,937,0,0,0,0
2449,25077632,898,963,0,0,0,0
2450,25087632,952,1014,0,0,0,0
2451,25097632,1022,1058,0,1,0,0
2452,25107632,1080,1111,0,5,0,0
2453,25117632,1139,1144,42,32,0,0
2454,25127632,1179,1183,65,54,0,0
2455,25137632,1214,1209,109,76,0,0
2456,25147632,1235,1246,153,96,0,0
2457,25157632,1255,1264,204,122,0,0
2458,25167632,1273,1296,238,153,0,0
2459,25177632,1295,1308,282,173,0,0
2460,25187632,1309,1335,313,203,0,0
2461,25197632,1326,1358,347,224,0,0
2462,25207632,1347,1376,381,246,0,0
2463,25217632,1361,1385,409,261,0,0
2464,25227632,1370,1403,439,285,0,0
2465,25237632,1376,1411,463,296,0,0
2466,25247632,1383,1424,489,314,0,0
2467,25257632,1391,1428,512,331,0,0
2468,25267632,1383,1440,542,362,0,0
2469,25277632,1385,1447,568,391,0,0
2470,25287632,1259,1389,609,433,0,0
2471,25297632,1386,1436,659,461,0,0
2472,25307633,1378,1436,689,508,0,5
2473,25317632,1367,1432,734,553,0,30
2474,25327632,1227,1368,772,592,0,58
2475,25337632,1334,1417,810,637,0,85
2476,25347633,1313,1412,844,680,0,114
2477,25357632,1284,1404,865,714,0,145
2478,25367632,1261,1392,893,743,0,168
2479,25377632,1237,1375,924,767,0,182
2480,25387632,1206,1369,940,803,0,198
2481,25397632,1172,1356,962,813,0,209
2482,25407632,1132,1349,983,844,0,222
2483,25417632,1099,1335,994,855,0,229
2484,25427632,1067,1326,1009,879,0,234
2485,25437632,1032,1319,1016,899,0,238
2486,25447632,1001,1307,1038,912,0,241
2487,25457632,981,1296,1050,915,0,249
2488,25467632,958,1291,1053,929,0,266
2489,25477632,955,1282,1061,932,0,278
2490,25487632,948,1274,1059,941,0,283
2491,25497632,945,1274,1052,950,0,295
2492,25507632,957,1266,1058,949,0,309
2493,25517632,966,1259,1062,948,0,321
2494,25527633,965,1262,1058,959,0,329
2495,25537632,954,1262,1059,967,0,334
2496,25547632,949,1255,1064,970,0,334
2497,25557632,942,1251,1067,980,0,341
2498,25567632,930,1238,1073,981,0,341
2499,25577632,911,1223,1079,987,0,356
2500,25587632,896,1211,1083,996,0,372
2501,25597632,878,1194,1074,1004,0,404
2502,25607632,882,1174,1069,1001,0,427
2503,25617632,897,1157,1052,986,0,452
2504,25627632,922,1154,1024,980,0,489
2505,25637632,948,1145,1006,967,3,510
2506,25647632,974,1142,982,960,17,531
2507,25657632,975,1140,959,951,29,565
2508,25667632,979,1124,952,941,54,572
2509,25677632,979,1115,941,939,84,592
2510,25687632,953,1101,0,942,115,625
2511,25697632,931,1075,730,940,147,654
2512,25707632,890,1053,891,951,197,667
2513,25717632,852,1036,927,959,241,695
2514,25727632,820,999,939,957,310,716
2515,25737632,762,965,943,967,356,738
2516,25747633,707,928,949,980,407,754
2517,25757632,623,885,951,993,452,768
2518,25767632,550,849,959,1007,505,791
2519,25777632,451,804,965,1019,555,810
2520,25787632,362,751,967,1031,615,837
2521,25797632,245,688,963,1052,663,866
2522,25807633,153,622,974,1060,714,883
2523,25817632,58,565,973,1072,751,914
2524,25827632,0,508,972,1089,788,947
2525,25837632,0,442,978,1102,818,977
2526,25847632,0,364,990,1108,863,999
2527,25857632,0,279,985,1130,876,1039
2528,25867633,0,166,993,1136,912,1062
2529,25877632,0,59,981,1138,933,1086
2530,25887632,0,0,956,1146,938,1105
2531,25897632,0,0,902,1135,939,1118
2532,25907632,0,0,808,1124,924,1129
2533,25917632,0,0,703,1096,875,1150
2534,25927632,0,0,656,1060,798,1186
2535,25937632,0,0,588,983,677,1217
2536,25947632,0,0,487,913,531,1248
2537,25957632,0,0,417,828,409,1262
2538,25967632,0,0,374,750,251,1274
2539,25977632,0,0,354,681,83,1252
2540,25987632,0,0,307,619,0,1260
2541,25997632,0,0,279,551,0,1207
2542,26007633,0,0,241,487,0,1158
2543,26017632,0,0,207,421,0,1097
2544,26027633,0,0,175,367,0,1038
2545,26037632,0,0,151,288,0,932
2546,26047632,0,0,107,232,0,803
2547,26057632,0,0,80,169,0,623
2548,26067633,0,0,57,121,0,413
2549,26077632,0,0,26,68,0,178
2550,26087632,0,0,2,26,0,2
2551,26097632,0,0,0,1,0,0
2552,26107632,0,0,0,0,0,5
2553,26117632,0,0,0,0,0,16
2554,26127632,0,0,0,0,0,14
2555,26137632,0,0,0,0,0,0
2556,26147632,0,0,0,0,0,0
2557,26157632,0,0,0,0,0,0
2558,26167633,0,0,0,0,0,0
2559,26177632,0,0,0,0,0,0
2560,26187632,0,0,0,0,0,0
2561,26197632,0,0,0,0,0,0
2562,26207632,0,0,0,0,0,0
2563,26217632,0,0,0,0,0,0
2564,26227632,0,0,0,0,0,0
2565,26237632,0,0,0,0,0,0
2566,26247632,0,0,0,3,0,0
2567,26257632,0,0,0,5,0,0
2568,26267632,0,0,0,8,0,0
2569,26277632,0,0,0,7,0,0
2570,26287632,0,0,0,4,0,0
2571,26297632,0,0,0,5,0,0
2572,26307632,0,0,0,6,0,0
2573,26317632,0,0,0,4,0,2
2574,26327632,0,0,0,10,0,3
2575,26337632,0,0,0,10,0,6
2576,26347632,0,0,0,10,0,14
2577,26357632,0,0,0,6,0,24
2578,26367632,0,0,0,5,0,19
2579,26377632,0,0,0,4,0,5
2580,26387632,0,0,0,1,0,0
2581,26397632,0,0,0,0,0,0
2582,26407632,0,0,0,0,0,0
2583,26417632,0,0,0,0,0,0
2584,26427632,0,0,0,0,0,0
2585,26437632,0,0,0,0,0,0
2586,26447632,0,0,0,0,0,0
2587,26457632,0,0,0,0,0,0
2588,26467632,0,0,0,0,0,0
2589,26477632,0,0,0,1,0,0
2590,26487632,0,0,0,0,0,0
2591,26497633,0,0,0,0,0,0
2592,26507632,0,0,0,0,0,0
2593,26517632,0,0,0,1,0,0
2594,26527632,0,0,0,2,0,0
2595,26537632,0,0,0,3,0,0
2596,26547632,0,0,0,1,0,0
2597,26557632,0,0,0,1,0,0
2598,26567632,0,6,0,0,0,0
2599,26577632,0,132,0,0,0,0
2600,26587632,49,305,0,0,0,0
2601,26597632,279,598,0,0,0,0
2602,26607632,489,717,0,0,0,0
2603,26617632,590,790,0,0,0,0
2604,26627632,683,855,0,0,0,0
2605,26637632,796,919,1,0,0,0
2606,26647632,877,975,2,0,0,0
2607,26657632,945,998,14,0,0,0
2608,26667632,985,1008,27,4,0,0
2609,26677632,979,919,19,11,0,0
2610,26687632,1023,1058,137,102,0,0
2611,26697632,1066,1082,193,142,0,0
2612,26707632,1077,1083,204,153,0,6
2613,26717632,1064,1085,232,176,0,29
2614,26727632,1058,1097,254,207,0,45
2615,26737632,1058,1101,288,213,0,56
2616,26747632,1073,1106,316,233,0,76
2617,26757632,1098,1124,340,258,0,98
2618,26767633,1084,1037,302,231,0,119
2619,26777632,1149,1162,374,297,0,138
2620,26787632,1176,1183,397,304,0,162
2621,26797632,1201,1197,410,324,0,184
2622,26807632,1223,1216,428,335,0,204
2623,26817632,1241,1241,449,354,0,227
2624,26827632,1261,1250,469,359,0,239
2625,26837632,1282,1258,488,374,0,260
2626,26847632,1294,1270,505,384,0,274
2627,26857632,1276,1166,450,349,0,286
2628,26867632,1319,1291,532,418,0,311
2629,26877632,1328,1302,555,435,0,344
2630,26887632,1335,1309,568,452,0,377
2631,26897632,1339,1316,576,477,0,411
2632,26907632,1341,1328,590,491,0,437
2633,26917632,1344,1324,601,499,0,464
2634,26927632,1356,1322,615,509,0,482
2635,26937632,1354,1322,624,516,0,498
2636,26947632,1313,1200,556,463,0,448
2637,26957632,1326,1322,638,542,0,546
2638,26967632,1316,1308,649,553,0,574
2639,26977632,1302,1293,662,563,0,594
2640,26987632,1282,1282,666,576,0,626
2641,26997632,1263,1273,666,589,0,649
2642,27007632,1254,1256,671,591,10,659
2643,27017632,1242,1240,672,594,24,676
2644,27027632,1216,1243,675,603,26,695
2645,27037632,1180,1110,599,541,27,696
2646,27047632,1205,1214,685,616,46,721
2647,27057632,1192,1209,682,621,58,739
2648,27067632,1183,1209,686,632,63,750
2649,27077632,1183,1206,691,639,71,758
2650,27087632,1181,1204,697,643,83,763
2651,27097632,1185,1199,700,644,93,763
2652,27107632,1187,1199,701,650,95,762
2653,27117632,1186,1210,695,652,93,766
2654,27127632,1172,1103,620,575,85,750
2655,27137632,1206,1215,707,650,102,754
2656,27147632,1201,1220,699,656,111,756
2657,27157632,1199,1212,706,661,120,758
2658,27167632,1193,1210,711,663,122,763
2659,27177632,1186,1210,717,670,130,770
2660,27187632,1185,1206,0,675,142,772
2661,27197632,1188,1200,0,679,148,773
2662,27207632,1180,1196,0,681,158,773
2663,27217632,1158,1087,0,612,144,765
2664,27227632,1180,1190,0,694,161,770
2665,27237632,1183,1192,0,698,162,765
2666,27247632,1185,1196,0,708,165,760
2667,27257632,1187,1197,0,712,166,748
2668,27267632,1188,1208,0,716,151,739
2669,27277632,1196,1207,0,712,140,711
2670,27287632,1214,1209,0,702,135,672
2671,27297632,1224,1215,0,701,121,653
2672,27307632,1204,1107,0,634,109,643
2673,27317632,1225,1214,0,705,133,636
2674,27327632,1213,1207,0,717,136,633
2675,27337632,1203,1198,0,724,136,625
2676,27347632,1186,1189,0,727,118,619
2677,27357632,1168,1172,0,733,105,605
2678,27367632,1130,1151,0,744,74,595
2679,27377632,1086,1116,0,748,54,569
2680,27387632,1002,1059,0,751,34,568
2681,27397632,865,861,0,675,21,605
2682,27407632,694,806,0,751,41,664
2683,27417632,420,589,0,749,59,722
2684,27427632,141,364,0,744,86,777
2685,27437632,0,0,485,760,103,809
2686,27447632,0,0,426,754,134,840
2687,27457632,0,0,364,723,148,843
2688,27467632,0,0,287,640,144,852
2689,27477632,0,0,246,532,101,829
2690,27487633,0,0,171,407,16,824
2691,27497632,0,0,164,371,0,801
2692,27507632,0,0,130,293,0,717
2693,27517632,0,0,100,240,0,597
2694,27527632,0,0,82,207,0,477
2695,27537632,0,0,60,165,0,264
2696,27547632,0,0,37,125,0,139
2697,27557632,0,0,32,91,0,0
2698,27567632,0,13,7,34,0,0
2699,27577632,0,0,0,6,0,0
2700,27587632,0,16,0,11,0,0
2701,27597632,0,9,0,9,0,0
2702,27607632,0,7,0,6,0,0
2703,27617632,0,5,0,5,0,0
2704,27627632,0,4,0,4,0,0
2705,27637632,0,0,0,2,0,0
2706,27647632,0,0,0,7,0,0
2707,27657632,0,0,0,7,0,0
2708,27667632,0,0,0,3,0,0
2709,27677632,0,0,0,14,0,0
2710,27687632,0,0,0,15,0,0
2711,27697632,0,0,0,15,0,0
2712,27707632,0,0,0,15,0,0
2713,27717632,0,0,0,14,0,0
2714,27727632,0,0,0,13,0,0
2715,27737632,0,0,0,11,0,0
2716,27747632,0,0,0,4,0,0
2717,27757632,0,0,0,0,0,0
2718,27767632,0,0,0,0,0,0
2719,27777632,0,0,0,0,0,0
2720,27787632,0,0,0,0,0,0
2721,27797632,0,0,0,0,0,0
2722,27807632,0,0,0,0,0,0
2723,27817632,0,0,0,0,0,0
2724,27827632,0,0,0,0,0,0
2725,27837632,0,0,0,0,0,0
2726,27847632,0,0,0,0,0,0
2727,27857632,0,0,0,0,0,0
2728,27867632,0,0,0,0,0,0
2729,27877632,0,0,0,0,0,0
2730,27887632,0,0,0,0,0,0
2731,27897632,0,0,0,0,0,0
2732,27907632,0,0,0,0,0,0
2733,27917632,0,0,0,0,0,0
2734,27927632,0,0,0,0,0,0
2735,27937632,0,0,0,0,0,0
2736,27947632,0,0,0,0,0,0
2737,27957632,0,0,0,0,0,0
2738,27967632,0,0,0,0,0,0
2739,27977632,0,0,0,0,0,0
2740,27987632,0,0,0,0,0,0
2741,27997632,0,0,0,0,0,0
2742,28007632,0,0,0,0,0,0
2743,28017632,0,0,0,0,0,0
2744,28027632,0,0,0,0,0,0
2745,28037632,0,0,0,0,0,0
2746,28047632,0,0,0,0,0,0
2747,28057632,0,0,0,0,0,0
2748,28067632,0,0,0,0,0,0
2749,28077632,0,0,0,0,0,0
2750,28087632,0,0,0,0,0,0
2751,28097632,0,0,0,0,0,0
2752,28107632,0,16,0,0,0,0
2753,28117633,0,104,0,0,0,0
2754,28127632,0,304,0,0,0,0
2755,28137632,65,440,0,0,0,0
2756,28147632,200,539,0,0,0,0
2757,28157632,300,586,0,6,0,0
2758,28167632,354,619,0,20,0,0
2759,28177632,371,638,0,23,0,0
2760,28187632,347,621,1,24,0,0
2761,28197632,311,603,5,31,0,0
2762,28207632,276,522,0,18,0,0
2763,28217632,281,602,16,46,0,0
2764,28227632,306,612,34,52,0,0
2765,28237632,329,622,52,57,0,0
2766,28247632,373,643,59,73,0,0
2767,28257632,429,655,61,76,0,0
2768,28267632,469,668,75,82,0,11
2769,28277632,523,696,87,91,0,22
2770,28287632,568,724,88,102,0,38
2771,28297632,618,663,57,77,0,9
2772,28307632,687,776,115,108,0,48
2773,28317632,740,798,131,114,0,67
2774,28327632,762,818,139,120,0,74
2775,28337632,805,839,151,130,0,92
2776,28347632,849,862,161,134,0,109
2777,28357632,891,886,175,140,0,127
2778,28367633,940,914,188,150,0,151
2779,28377632,980,943,205,159,0,170
2780,28387632,999,874,171,128,0,200
2781,28397632,1055,997,232,181,0,231
2782,28407632,1083,1027,240,198,0,263
2783,28417632,1118,1058,264,205,0,289
2784,28427632,1147,1085,282,223,0,318
2785,28437632,1173,1108,293,241,0,348
2786,28447632,1194,1124,310,249,0,378
2787,28457632,1220,1140,324,267,0,411
2788,28467632,1236,1155,340,291,0,439
2789,28477632,1225,1063,297,264,0,454
2790,28487632,1264,1178,380,345,0,490
2791,28497632,1275,1192,405,373,0,533
2792,28507632,1287,1208,421,405,0,557
2793,28517632,1300,1223,447,427,0,576
2794,28527632,1316,1236,472,442,0,596
2795,28537632,1330,1244,483,446,5,609
2796,28547632,1347,1251,497,458,20,620
2797,28557632,1356,1256,503,469,39,637
2798,28567632,1344,1155,444,418,54,658
2799,28577632,1369,1264,526,492,82,664
2800,28587632,1373,1268,532,501,97,678
2801,28597632,1365,1278,533,513,108,693
2802,28607632,1368,1272,541,520,126,700
2803,28617632,1362,1276,541,528,135,709
2804,28627632,1362,1268,547,535,154,713
2805,28637632,1359,1263,551,531,161,715
2806,28647632,1347,1262,553,535,180,721
2807,28657632,1326,1143,480,463,170,702
2808,28667632,1339,1250,559,541,194,733
2809,28677632,1335,1246,561,542,210,733
2810,28687632,1328,1248,560,548,222,743
2811,28697632,1325,1235,565,551,233,743
2812,28707632,1322,1243,566,565,241,752
2813,28717632,1320,1242,564,561,253,756
2814,28727632,1323,1238,571,560,265,749
2815,28737632,1319,1246,570,568,269,760
2816,28747632,1308,1135,498,496,266,738
2817,28757632,1328,1242,576,572,294,762
2818,28767632,1329,1242,584,579,288,760
2819,28777632,1326,1246,588,590,295,765
2820,28787632,1329,1243,594,588,304,759
2821,28797632,1324,1242,600,599,300,765
2822,28807632,1319,1248,602,605,305,766
2823,28817632,1325,1237,611,607,315,762
2824,28827632,1316,1240,616,622,336,768
2825,28837632,1290,1130,554,557,327,747
2826,28847632,1302,1224,633,638,362,776
2827,28857632,1294,1215,638,651,373,782
2828,28867632,1285,1206,617,665,390,781
2829,28877632,1268,1199,0,670,406,785
2830,28887632,1256,1186,0,684,417,763
2831,28897632,1245,1174,0,689,416,0
2832,28907632,1232,1169,0,695,420,0
2833,28917632,1223,1158,0,695,412,0
2834,28927632,1198,1053,0,618,384,0
2835,28937632,1203,1138,0,702,370,0
2836,28947632,1184,1127,0,708,311,0
2837,28957632,1151,1106,0,719,259,0
2838,28967632,1084,1070,0,732,220,0
2839,28977632,977,1000,0,751,181,0
2840,28987632,834,881,0,756,166,0
2841,28997632,550,685,0,768,143,0
2842,29007632,355,586,0,779,126,0
2843,29017632,106,352,0,711,92,0
2844,29027632,0,250,562,792,88,0
2845,29037632,0,174,494,790,80,0
2846,29047632,0,94,450,782,46,0
2847,29057632,0,46,427,765,8,355
2848,29067632,0,11,391,741,0,405
2849,29077632,0,0,351,691,0,326
2850,29087632,0,0,329,618,0,246
2851,29097632,0,0,312,542,0,155
2852,29107632,0,0,237,427,0,0
2853,29117632,0,0,267,398,0,0
2854,29127632,0,0,252,341,0,0
2855,29137632,0,0,229,280,0,0
2856,29147632,0,0,171,193,0,0
2857,29157632,0,0,116,117,0,0
2858,29167632,0,0,85,86,0,0
2859,29177632,0,0,69,68,0,0
2860,29187632,0,0,54,50,0,0
2861,29197632,0,0,5,23,0,0
2862,29207632,0,0,29,27,0,0
2863,29217632,0,0,17,23,0,0
2864,29227632,0,0,16,27,0,0
2865,29237632,0,0,11,30,0,0
2866,29247632,0,0,19,35,0,0
2867,29257632,0,0,21,40,0,0
2868,29267632,0,0,24,45,0,0
2869,29277632,0,0,27,46,0,0
2870,29287632,0,0,0,37,0,0
2871,29297632,0,0,28,58,0,0
2872,29307632,0,0,26,62,0,0
2873,29317632,0,0,25,62,0,0
2874,29327632,0,0,23,61,0,0
2875,29337632,0,0,9,56,0,0
2876,29347632,0,0,7,45,0,0
2877,29357632,0,0,4,40,0,0
2878,29367632,0,0,4,36,0,0
2879,29377632,0,0,0,21,0,0
2880,29387632,0,0,0,34,0,0
2881,29397632,0,0,0,27,0,0
2882,29407632,0,0,0,21,0,0
2883,29417632,0,0,0,11,0,0
2884,29427632,0,0,0,4,0,0
2885,29437632,0,0,0,7,0,0
2886,29447632,0,0,0,5,0,0
2887,29457632,0,0,0,2,0,0
2888,29467632,0,0,0,0,0,0
2889,29477632,0,0,0,1,0,0
2890,29487632,0,0,0,0,0,0
2891,29497632,0,0,0,0,0,0
2892,29507632,0,0,0,0,0,0
2893,29517632,0,0,0,0,0,0
2894,29527632,0,0,0,0,0,0
2895,29537632,0,0,0,2,0,0
2896,29547632,0,0,0,1,0,0
2897,29557632,0,0,0,0,0,0
2898,29567632,0,0,0,2,0,0
2899,29577632,0,0,0,2,0,0
2900,29587632,0,0,0,1,0,0
2901,29597632,0,0,0,0,0,0
2902,29607632,0,0,0,0,0,0
2903,29617632,0,0,0,0,0,0
2904,29627632,0,0,0,0,0,0
2905,29637632,0,170,0,0,0,0
2906,29647632,165,401,0,0,0,0
2907,29657632,463,664,0,0,0,0
2908,29667632,651,792,0,0,0,0
2909,29677632,783,879,0,0,0,0
2910,29687632,913,956,0,0,0,0
2911,29697632,1023,1036,0,0,0,0
2912,29707632,1090,1099,81,63,0,0
2913,29717632,1160,1129,125,85,0,10
2914,29727632,1170,1134,137,95,0,16
2915,29737632,1125,1031,104,63,0,30
2916,29747632,1132,1121,155,106,0,41
2917,29757632,1104,1122,170,128,0,59
2918,29767632,1085,1127,206,150,0,93
2919,29777632,1105,1142,226,168,0,125
2920,29787632,1147,1161,245,192,0,146
2921,29797632,1184,1183,288,217,0,160
2922,29807632,1222,1211,302,235,0,171
2923,29817632,1252,1243,325,251,0,180
2924,29827633,1255,1165,283,222,0,171
2925,29837632,1302,1289,365,293,0,191
2926,29847632,1313,1311,394,335,0,199
2927,29857632,1332,1324,426,354,0,203
2928,29867632,1341,1341,460,376,0,213
2929,29877632,1364,1351,480,397,0,221
2930,29887632,1375,1361,499,408,0,229
2931,29897632,1387,1370,514,414,0,234
2932,29907632,1401,1381,524,428,0,245
2933,29917632,1393,1286,457,376,0,233
2934,29927632,1428,1397,539,448,0,252
2935,29937632,1435,1406,544,458,0,257
2936,29947632,1440,1422,551,466,0,270
2937,29957632,1443,1425,556,471,0,275
2938,29967632,1450,1427,567,475,0,276
2939,29977632,1449,1433,576,490,0,280
2940,29987632,1458,1429,594,495,0,275
2941,29997632,1458,1427,607,509,0,276
2942,30007632,1435,1325,536,451,0,263
2943,30017632,1457,1425,622,531,0,277
2944,30027632,1459,1429,628,533,0,277
2945,30037632,1452,1433,628,541,0,282
2946,30047632,1456,1427,636,543,0,278
2947,30057632,1456,1430,639,551,0,280
2948,30067632,1447,1435,637,555,0,282
2949,30077632,1459,1426,641,551,0,279
2950,30087632,1457,1430,635,551,0,279
2951,30097632,1433,1323,562,476,0,258
2952,30107632,1460,1426,643,552,0,266
2953,30117632,1461,1424,644,554,0,267
2954,30127632,1454,1427,648,563,0,275
2955,30137632,1455,1419,656,566,0,280
2956,30147632,1449,1418,660,579,0,285
2957,30157632,1436,1419,668,589,0,295
2958,30167632,1437,1402,682,594,0,301
2959,30177632,1433,1401,689,605,0,308
2960,30187632,1406,1297,614,545,0,300
2961,30197632,1422,1395,706,623,0,325
2962,30207632,1418,1388,720,634,0,334
2963,30217632,1405,1388,729,656,0,351
2964,30227632,1400,1378,744,673,0,359
2965,30237632,1395,1374,0,691,0,371
2966,30247632,1388,1365,0,708,0,380
2967,30257632,1379,1363,0,726,0,393
2968,30267632,1369,1358,0,740,0,409
2969,30277632,1337,1249,0,673,0,402
2970,30287632,1352,1338,0,758,0,424
2971,30297632,1339,1330,0,771,0,439
2972,30307632,1321,1323,0,785,0,455
2973,30317632,1308,1309,0,792,0,468
2974,30327632,1293,1305,0,806,0,478
2975,30337632,1281,1289,0,809,0,487
2976,30347632,1265,1268,0,814,0,500
2977,30357632,1252,1253,0,824,0,510
2978,30367632,1214,1153,0,753,0,524
2979,30377632,1221,1225,0,855,0,549
2980,30387632,1194,1220,0,874,0,569
2981,30397632,1183,1210,0,887,0,592
2982,30407632,1161,1203,0,906,0,607
2983,30417632,1151,1189,0,918,0,616
2984,30427632,1141,1175,0,922,0,627
2985,30437632,1127,1165,0,937,0,641
2986,30447632,1113,1155,0,945,0,657
2987,30457633,1084,1067,0,860,0,646
2988,30467632,1094,1138,0,961,8,672
2989,30477632,1081,1129,0,970,9,681
2990,30487632,1066,1128,0,984,17,691
2991,30497632,1049,1112,0,989,25,698
2992,30507632,1030,1100,0,997,30,710
2993,30517632,1015,1084,0,999,43,714
2994,30527632,999,1077,0,1010,53,731
2995,30537632,976,1069,0,1024,62,746
2996,30547632,938,975,0,926,60,730
2997,30557632,938,1047,0,1035,81,761
2998,30567632,919,1024,0,1044,84,768
2999,30577632,887,1009,0,1055,108,783
3000,30587632,857,977,0,1057,124,795
3001,30597632,806,945,0,1070,143,819
3002,30607632,749,908,0,1077,159,849
3003,30617633,695,866,0,1076,197,855
3004,30627632,618,830,0,1085,232,872
3005,30637632,516,720,0,991,254,858
3006,30647632,426,724,0,1098,291,906
3007,30657632,311,651,0,1109,326,920
3008,30667632,174,546,969,1115,368,934
3009,30677632,43,433,964,1111,404,936
3010,30687632,0,287,938,1109,439,944
3011,30697632,0,144,893,1100,466,950
3012,30707632,0,28,832,1089,480,961
3013,30717632,0,0,745,1074,497,964
3014,30727632,0,0,578,951,478,952
3015,30737632,0,0,593,1031,479,987
3016,30747632,0,0,542,1008,442,1006
3017,30757632,0,0,484,981,374,1014
3018,30767632,0,0,448,965,312,1029
3019,30777632,0,0,429,936,235,1035
3020,30787632,0,0,402,909,151,1018
3021,30797632,0,0,404,887,69,991
3022,30807632,0,0,406,865,0,917
3023,30817632,0,0,348,753,0,833
3024,30827632,0,0,425,808,0,766
3025,30837632,0,0,423,764,0,676
3026,30847632,0,0,429,730,0,531
3027,30857632,0,0,426,693,0,384
3028,30867632,0,0,424,662,0,228
3029,30877632,0,0,416,601,0,85
3030,30887632,0,0,407,552,0,0
3031,30897632,0,0,393,506,0,0
3032,30907632,0,0,304,404,0,0
3033,30917632,0,0,321,406,0,0
3034,30927632,0,0,282,319,0,0
3035,30937632,0,0,220,236,0,0
3036,30947632,0,0,167,180,0,0
3037,30957632,0,0,114,139,0,0
3038,30967632,0,0,83,108,0,0
3039,30977632,0,0,67,100,0,0
3040,30987632,0,0,51,69,0,0
3041,30997632,0,0,12,29,0,0
3042,31007632,0,0,38,61,0,0
3043,31017632,0,0,42,61,0,0
3044,31027632,0,0,49,70,0,0
3045,31037632,0,0,52,69,0,0
3046,31047632,0,0,52,78,0,0
3047,31057632,0,0,60,85,0,0
3048,31067632,0,0,66,86,0,0
3049,31077632,0,0,64,87,0,0
3050,31087632,0,0,26,61,0,0
3051,31097632,0,0,65,85,0,0
3052,31107632,0,0,60,85,0,0
3053,31117632,0,0,59,84,0,0
3054,31127632,0,0,54,78,0,0
3055,31137632,0,0,56,79,0,0
3056,31147632,0,0,51,74,0,0
3057,31157632,0,0,47,70,0,0
3058,31167632,0,0,40,65,0,0
3059,31177632,0,0,1,39,0,0
3060,31187632,0,0,21,56,0,0
3061,31197632,0,0,9,55,0,0
3062,31207632,0,0,10,50,0,0
3063,31217632,0,0,8,47,0,0
3064,31227632,0,0,10,53,0,0
3065,31237632,0,0,8,50,0,0
3066,31247632,0,0,9,54,0,0
3067,31257632,0,0,7,49,0,0
3068,31267632,0,0,0,26,0,0
3069,31277632,0,0,5,48,0,0
3070,31287632,0,0,6,45,0,0
3071,31297632,0,0,2,46,0,0
3072,31307632,0,0,0,41,0,0
3073,31317632,0,0,0,37,0,0
3074,31327632,0,0,0,32,0,0
3075,31337632,0,0,0,31,0,0
3076,31347632,0,0,2,34,0,0
3077,31357632,0,0,0,15,0,0
3078,31367632,0,0,1,40,0,0
3079,31377632,0,0,0,45,0,0
3080,31387632,0,0,1,45,0,0
3081,31397632,0,0,0,44,0,0
3082,31407632,0,0,0,44,0,0
3083,31417632,0,0,0,39,0,0
3084,31427632,0,0,0,30,0,0
3085,31437632,0,0,0,30,0,0
3086,31447632,0,0,0,7,0,0
3087,31457632,0,0,0,20,0,0
3088,31467632,0,0,0,19,0,0
3089,31477632,0,0,0,25,0,0
3090,31487632,0,0,0,26,0,0
3091,31497632,0,0,0,25,0,0
3092,31507632,0,0,0,31,0,0
3093,31517632,0,0,0,29,0,0
3094,31527632,0,0,0,33,0,0
3095,31537632,0,0,0,18,0,0
3096,31547632,0,0,0,45,0,0
3097,31557632,0,0,0,43,0,0
3098,31567632,0,0,0,47,0,0
3099,31577632,0,0,0,51,0,0
3100,31587632,0,0,0,50,0,0
3101,31597632,0,0,0,55,0,0
3102,31607632,0,0,0,60,0,0
3103,31617632,0,0,0,66,0,0
3104,31627632,0,0,0,40,0,0
3105,31637632,0,0,0,68,0,0
3106,31647632,0,0,0,60,0,0
3107,31657632,0,0,0,54,0,0
3108,31667632,0,0,0,45,0,0
3109,31677632,0,0,0,36,0,0
3110,31687632,0,0,0,27,0,0
3111,31697632,0,0,0,23,0,0
3112,31707632,0,0,0,15,0,0
3113,31717632,0,3,0,0,0,0
3114,31727632,0,98,0,0,0,0
3115,31737632,76,286,0,0,0,0
3116,31747632,323,498,0,1,0,0
3117,31757632,574,667,7,4,0,0
3118,31767632,749,792,43,28,0,0
3119,31777632,882,881,82,59,0,0
3120,31787632,950,916,109,78,0,0
3121,31797632,952,925,117,86,0,0
3122,31807632,926,867,108,67,0,0
3123,31817632,945,935,169,120,0,0
3124,31827632,961,945,181,133,0,0
3125,31837632,972,968,208,154,0,0
3126,31847632,998,995,224,174,0,0
3127,31857632,1041,1028,244,196,0,3
3128,31867632,1080,1059,266,207,0,10
3129,31877632,1119,1091,287,221,0,12
3130,31887632,1151,1128,314,240,0,12
3131,31897633,1167,1084,284,210,0,9
3132,31907632,1221,1193,361,274,0,19
3133,31917632,1241,1226,378,301,0,23
3134,31927632,1262,1250,411,325,0,32
3135,31937632,1283,1273,445,350,0,37
3136,31947632,1306,1302,483,365,0,37
3137,31957632,1320,1321,502,393,0,42
3138,31967633,1342,1330,538,409,0,42
3139,31977632,1356,1351,554,432,0,44
3140,31987633,1362,1273,498,375,0,30
3141,31997632,1385,1372,586,464,0,48
3142,32007632,1394,1380,610,473,0,55
3143,32017632,1401,1395,629,497,0,73
3144,32027632,1419,1393,647,511,0,83
3145,32037632,1425,1405,652,530,0,93
3146,32047632,1424,1415,659,548,0,98
3147,32057632,1436,1411,679,554,0,104
3148,32067632,1441,1414,690,570,0,115
3149,32077632,1424,1334,614,511,0,111
3150,32087632,1444,1419,700,589,0,137
3151,32097632,1449,1419,708,600,0,143
3152,32107632,1448,1425,711,604,0,153
3153,32117632,1453,1422,715,612,0,155
3154,32127632,1454,1424,713,614,0,164
3155,32137632,1455,1422,711,617,0,175
3156,32147632,1457,1421,708,616,0,183
3157,32157632,1458,1424,707,620,0,188
3158,32167632,1439,1334,626,547,0,182
3159,32177632,1461,1421,714,624,0,204
3160,32187632,1459,1418,716,629,0,205
3161,32197632,1449,1424,719,641,0,213
3162,32207632,1447,1422,723,646,0,214
3163,32217632,1451,1408,734,650,0,216
3164,32227632,1448,1403,739,654,0,215
3165,32237632,1447,1402,746,662,0,218
3166,32247632,1434,1408,741,674,0,0
3167,32257632,1424,1312,665,603,0,0
3168,32267632,1436,1394,757,686,0,81
3169,32277632,1434,1391,766,692,0,167
3170,32287632,1427,1392,766,705,0,150
3171,32297632,1424,1385,783,714,0,233
3172,32307632,1416,1383,795,726,0,256
3173,32317632,1405,1377,806,742,0,274
3174,32327632,1396,1371,817,758,0,286
3175,32337632,1386,1367,828,778,0,292
3176,32347632,1365,1279,755,712,0,284
3177,32357632,1367,1357,856,804,0,308
3178,32367632,1360,1349,868,820,0,311
3179,32377632,1343,1350,873,845,0,327
3180,32387632,1342,1331,888,849,0,332
3181,32397632,1332,1326,894,864,0,345
3182,32407632,1316,1322,897,880,0,358
3183,32417632,1308,1302,920,884,0,366
3184,32427632,1293,1290,930,900,0,376
3185,32437632,1260,1197,844,820,0,374
3186,32447632,1259,1262,954,924,0,409
3187,32457632,1246,1248,963,933,0,421
3188,32467632,1231,1235,973,948,0,431
3189,32477632,1212,1217,979,957,0,448
3190,32487632,1194,1213,980,978,0,466
3191,32497632,1177,1191,996,973,0,478
3192,32507633,1156,1181,1001,994,0,490
3193,32517632,1132,1171,1003,1010,0,507
3194,32527632,1107,1077,915,919,0,497
3195,32537632,1100,1132,1027,1032,0,538
3196,32547632,1070,1126,1027,1047,0,553
3197,32557632,1053,1103,1041,1048,0,559
3198,32567632,1033,1086,1045,1059,0,573
3199,32577632,1002,1072,1050,1066,0,586
3200,32587632,975,1046,1052,1074,5,594
3201,32597632,942,1033,1054,1083,14,604
3202,32607632,907,1012,1054,1101,23,620
3203,32617632,870,914,960,997,17,603
3204,32627632,838,942,1076,1114,53,641
3205,32637632,796,908,1073,1127,68,660
3206,32647632,751,864,1080,1131,79,671
3207,32657632,691,824,1088,1142,93,679
3208,32667632,618,788,1092,1157,101,692
3209,32677632,532,730,1095,1163,111,698
3210,32687632,397,634,1093,1171,121,713
3211,32697632,265,529,1088,1170,139,727
3212,32707632,103,391,962,1061,142,713
3213,32717632,0,304,1048,1170,199,770
3214,32727632,0,155,1011,1172,226,797
3215,32737632,0,36,968,1168,250,823
3216,32747632,0,0,921,1155,270,842
3217,32757632,0,0,872,1145,284,872
3218,32767632,0,0,805,1129,294,909
3219,32777632,0,0,738,1105,278,928
3220,32787632,0,0,661,1067,230,947
3221,32797632,0,0,522,922,165,933
3222,32807632,0,0,537,974,147,973
3223,32817632,0,0,470,925,84,997
3224,32827632,0,0,428,870,20,1022
3225,32837632,0,0,405,831,0,1005
3226,32847632,0,0,384,788,0,993
3227,32857632,0,0,369,733,0,950
3228,32867632,0,0,355,685,0,873
3229,32877632,0,0,338,634,0,777
3230,32887632,0,0,266,514,0,667
3231,32897632,0,0,306,549,0,592
3232,32907632,0,0,280,488,0,458
3233,32917632,0,0,258,437,0,294
3234,32927632,0,0,238,403,0,159
3235,32937632,0,0,217,357,0,27
3236,32947632,0,0,196,291,0,0
3237,32957632,0,0,177,229,0,0
3238,32967632,0,0,144,169,0,0
3239,32977632,0,0,78,105,0,0
3240,32987632,0,0,110,129,0,0
3241,32997632,0,0,98,117,0,0
3242,33007632,0,0,82,106,0,0
3243,33017632,0,0,85,85,0,0
3244,33027632,0,0,72,79,0,0
3245,33037632,0,0,59,71,0,0
3246,33047632,0,0,61,64,0,0
3247,33057632,0,0,52,64,0,0
3248,33067632,0,0,19,29,0,0
3249,33077632,0,0,50,67,0,0
3250,33087632,0,0,57,68,0,0
3251,33097632,0,0,57,68,0,0
3252,33107632,0,0,54,76,0,0
3253,33117632,0,0,58,82,0,0
3254,33127632,0,0,61,77,0,0
3255,33137632,0,0,58,74,0,0
3256,33147632,0,0,50,71,0,0
3257,33157633,0,0,9,39,0,0
3258,33167632,0,0,39,65,0,0
3259,33177632,0,0,33,57,0,0
3260,33187632,0,0,22,54,0,0
3261,33197632,0,0,13,48,0,0
3262,33207632,0,0,0,46,0,0
3263,33217632,0,0,0,35,0,0
3264,33227632,0,0,0,27,0,0
3265,33237632,0,0,0,27,0,0
3266,33247632,0,0,0,4,0,0
3267,33257632,0,0,0,22,0,0
3268,33267632,0,0,0,25,0,0
3269,33277632,0,0,0,25,0,0
3270,33287632,0,0,0,25,0,0
3271,33297632,0,0,0,22,0,0
3272,33307632,0,0,0,22,0,0
3273,33317632,0,0,0,19,0,0
3274,33327632,0,0,0,19,0,0
3275,33337633,0,0,0,1,0,0
3276,33347632,0,0,0,17,0,0
3277,33357632,0,0,0,6,0,0
3278,33367632,0,0,0,4,0,0
3279,33377632,0,0,0,2,0,0
3280,33387632,0,0,0,0,0,0
3281,33397632,0,0,0,0,0,0
3282,33407632,0,0,0,0,0,0
3283,33417632,0,0,0,1,0,0
3284,33427632,0,0,0,0,0,0
3285,33437632,0,0,0,4,0,0
3286,33447632,0,0,0,5,0,0
3287,33457632,0,0,0,6,0,0
3288,33467632,0,0,0,7,0,0
3289,33477632,0,0,0,7,0,0
3290,33487632,0,0,0,7,0,0
3291,33497632,0,0,0,3,0,0
3292,33507632,0,0,0,3,0,0
3293,33517633,0,0,0,0,0,0
3294,33527632,0,0,0,5,0,0
3295,33537632,0,0,0,2,0,0
3296,33547632,0,0,0,7,0,0
3297,33557632,0,0,0,6,0,0
3298,33567632,0,0,0,7,0,0
3299,33577632,0,0,0,6,0,0
3300,33587632,0,0,0,3,0,0
3301,33597632,0,0,0,4,0,0
3302,33607632,0,0,0,1,0,0
3303,33617632,0,0,0,5,0,0
3304,33627632,0,0,0,11,0,0
3305,33637632,0,0,0,8,0,0
3306,33647632,0,0,0,8,0,0
3307,33657632,0,43,0,1,0,0
3308,33667632,0,189,0,0,0,0
3309,33677632,99,364,0,0,0,0
3310,33687632,286,540,0,0,0,0
3311,33697632,489,631,0,0,0,0
3312,33707632,683,797,4,1,0,0
3313,33717632,794,891,36,25,0,0
3314,33727632,902,958,67,48,0,0
3315,33737632,958,995,89,59,0,0
3316,33747632,986,1016,128,84,0,0
3317,33757632,1004,1026,157,98,0,0
3318,33767632,1017,1042,175,116,0,0
3319,33777632,1041,1061,195,121,0,0
3320,33787632,1057,1026,164,94,0,4
3321,33797632,1098,1117,244,153,0,12
3322,33807632,1126,1149,256,165,0,17
3323,33817632,1151,1183,274,173,0,20
3324,33827632,1179,1204,285,189,0,27
3325,33837632,1207,1223,306,206,0,28
3326,33847632,1232,1242,330,215,0,28
3327,33857632,1252,1261,353,231,0,36
3328,33867632,1264,1278,368,250,0,39
3329,33877633,1274,1226,322,219,0,35
3330,33887632,1295,1310,395,282,0,53
3331,33897632,1310,1319,419,294,0,54
3332,33907632,1321,1338,438,318,0,62
3333,33917632,1338,1346,460,335,0,70
3334,33927632,1358,1356,469,347,0,80
3335,33937632,1367,1369,485,368,0,88
3336,33947632,1381,1382,504,392,0,97
3337,33957632,1387,1395,509,405,0,103
3338,33967633,1389,1330,469,358,0,95
3339,33977632,1402,1417,563,441,0,14
3340,33987632,1417,1419,579,463,0,21
3341,33997632,1417,1429,601,487,0,127
3342,34007632,1430,1424,625,506,0,125
3343,34017632,1434,1427,639,535,0,147
3344,34027632,1434,1431,654,555,0,151
3345,34037632,1433,1435,670,586,0,166
3346,34047632,1435,1433,699,606,0,169
3347,34057632,1425,1353,634,557,0,157
3348,34067632,1423,1437,733,652,0,182
3349,34077632,1427,1430,751,667,0,183
3350,34087632,1416,1438,761,688,0,184
3351,34097632,1414,1434,779,698,0,186
3352,34107632,1422,1427,796,713,0,185
3353,34117632,1416,1423,805,721,0,186
3354,34127632,1410,1424,809,729,0,182
3355,34137632,1408,1418,819,734,0,186
3356,34147633,1393,1338,737,662,0,172
3357,34157632,1393,1409,838,750,0,188
3358,34167632,1379,1411,843,770,0,199
3359,34177632,1379,1398,862,780,0,206
3360,34187632,1372,1393,868,790,0,211
3361,34197632,1367,1391,880,805,0,218
3362,34207632,1360,1385,900,815,0,225
3363,34217632,1355,1381,909,822,0,232
3364,34227632,1344,1386,915,841,0,239
3365,34237632,1344,1300,828,757,0,219
3366,34247632,1345,1375,938,856,0,239
3367,34257632,1339,1369,947,867,0,245
3368,34267632,1334,1368,955,878,0,249
3369,34277632,1323,1372,964,898,0,257
3370,34287632,1323,1369,976,905,0,259
3371,34297632,1327,1363,986,908,0,259
3372,34307633,1320,1360,998,919,0,261
3373,34317632,1309,1364,1000,933,0,266
3374,34327633,1304,1278,910,844,0,245
3375,34337632,1308,1350,1019,937,0,266
3376,34347632,1302,1345,1023,954,0,265
3377,34357632,1300,1340,1036,965,0,268
3378,34367632,1297,1336,1036,971,0,269
3379,34377632,1296,1337,1041,977,0,271
3380,34387632,1291,1333,1048,978,0,273
3381,34397632,1286,1331,1050,990,0,274
3382,34407632,1288,1327,1055,995,0,274
3383,34417632,1271,1266,947,908,0,255
3384,34427632,1275,1321,1061,1007,0,276
3385,34437632,1264,1322,1060,1013,0,279
3386,34447632,1265,1312,1074,1023,0,271
3387,34457632,1257,1308,1071,1035,0,275
3388,34467632,1254,1309,1078,1045,0,278
3389,34477632,1254,1299,1091,1048,0,277
3390,34487633,1246,1294,1093,1054,0,277
3391,34497632,1243,1288,1097,1056,0,275
3392,34507632,1230,1227,990,964,0,251
3393,34517632,1233,1274,1107,1068,0,271
3394,34527632,1225,1267,1110,1075,0,280
3395,34537632,1213,1261,1112,1079,0,292
3396,34547632,1200,1251,1116,1090,0,303
3397,34557632,1190,1245,1122,1099,0,302
3398,34567632,1174,1240,1119,1108,0,325
3399,34577632,1163,1227,1128,1113,0,327
3400,34587632,1139,1222,1127,1123,0,340
3401,34597632,1126,1145,1033,1019,0,317
3402,34607632,1120,1197,1148,1129,0,345
3403,34617632,1102,1181,1151,1139,0,350
3404,34627632,1082,1168,1153,1143,0,353
3405,34637632,1056,1155,1158,1149,0,350
3406,34647632,1034,1134,1164,1151,0,346
3407,34657632,1004,1111,1160,1155,0,340
3408,34667632,970,1090,1157,1155,0,340
3409,34677632,939,1054,1157,1145,0,345
3410,34687633,880,960,1038,1039,0,325
3411,34697632,813,954,1145,1134,0,371
3412,34707632,725,908,1127,1132,0,389
3413,34717632,612,862,1110,1132,0,412
3414,34727632,489,787,1088,1124,0,430
3415,34737632,350,681,1077,1112,0,449
3416,34747632,193,577,1055,1107,0,461
3417,34757632,48,440,1022,1105,0,477
3418,34767632,0,302,994,1098,0,484
3419,34777632,0,134,870,987,0,451
3420,34787632,0,75,932,1091,0,461
3421,34797632,0,13,901,1078,0,447
3422,34807632,0,0,849,1076,0,449
3423,34817632,0,0,811,1056,0,449
3424,34827632,0,0,767,1034,0,428
3425,34837632,0,0,710,993,0,416
3426,34847632,0,0,666,950,0,385
3427,34857632,0,0,618,894,0,378
3428,34867632,0,0,482,742,0,356
3429,34877632,0,0,502,777,0,380
3430,34887632,0,0,454,712,0,319
3431,34897632,0,0,420,638,0,227
3432,34907632,0,0,393,572,0,157
3433,34917632,0,0,366,526,0,92
3434,34927632,0,0,331,471,0,15
3435,34937633,0,0,308,404,0,0
3436,34947632,0,0,269,370,0,0
3437,34957632,0,0,197,235,0,0
3438,34967632,0,0,232,230,0,0
3439,34977632,0,0,205,182,0,0
3440,34987632,0,0,200,173,0,0
3441,34997632,0,0,187,161,0,0
3442,35007632,0,0,168,143,0,0
3443,35017632,0,0,150,123,0,0
3444,35027632,0,0,139,110,0,0
3445,35037632,0,0,119,103,0,0
3446,35047632,0,0,74,51,0,0
3447,35057632,0,0,99,88,0,0
3448,35067632,0,0,90,81,0,0
3449,35077632,0,0,86,82,0,0
3450,35087632,0,0,78,86,0,0
3451,35097632,0,0,82,89,0,0
3452,35107632,0,0,77,86,0,0
3453,35117632,0,0,80,86,0,0
3454,35127632,0,0,77,86,0,0
3455,35137632,0,0,35,48,0,0
3456,35147632,0,0,68,80,0,0
3457,35157632,0,0,68,71,0,0
3458,35167632,0,0,56,60,0,0
3459,35177632,0,0,51,57,0,0
3460,35187632,0,0,38,55,0,0
3461,35197632,0,0,22,47,0,0
3462,35207632,0,0,7,44,0,0
3463,35217632,0,0,0,37,0,0
3464,35227632,0,0,0,27,0,0
3465,35237632,0,0,0,19,0,0
3466,35247632,0,0,0,19,0,0
3467,35257632,0,0,0,25,0,0
3468,35267632,0,0,0,26,0,0
3469,35277632,0,0,0,29,0,0
3470,35287632,0,0,0,27,0,0
3471,35297633,0,0,0,26,0,0
3472,35307632,0,0,0,24,0,0
3473,35317632,0,0,0,1,0,0
3474,35327632,0,0,0,26,0,0
3475,35337632,0,0,0,25,0,0
3476,35347632,0,0,0,26,0,0
3477,35357632,0,0,0,20,0,0
3478,35367632,0,0,0,22,0,0
3479,35377632,0,0,0,20,0,0
3480,35387633,0,0,0,21,0,0
3481,35397632,0,0,0,23,0,0
3482,35407632,0,0,0,0,0,0
3483,35417632,0,0,0,21,0,0
3484,35427632,0,0,0,22,0,0
3485,35437632,0,0,0,15,0,0
3486,35447632,0,0,0,16,0,0
3487,35457632,0,0,0,20,0,0
3488,35467632,0,0,0,18,0,0
3489,35477632,0,0,0,17,0,0
3490,35487632,0,0,0,14,0,0
3491,35497633,0,0,0,0,0,0
3492,35507632,0,0,0,11,0,0
3493,35517632,0,0,0,1,0,0
3494,35527632,0,4,0,0,0,0
3495,35537632,0,48,0,0,0,0
3496,35547632,0,130,0,0,0,0
3497,35557632,0,214,0,0,0,0
3498,35567632,56,314,0,0,0,0
3499,35577632,155,426,0,0,0,0
3500,35587632,281,487,0,0,0,0
3501,35597632,439,634,0,0,0,0
3502,35607632,589,726,0,0,0,0
3503,35617632,728,831,23,7,0,0
3504,35627632,832,890,64,37,0,0
3505,35637632,896,932,92,63,0,0
3506,35647632,936,960,137,86,0,0
3507,35657632,979,993,172,124,0,22
3508,35667632,1013,1034,191,165,0,57
3509,35677632,1045,1014,172,143,0,90
3510,35687632,1079,1097,243,213,0,116
3511,35697632,1119,1116,282,234,0,135
3512,35707632,1145,1143,298,253,0,153
3513,35717632,1175,1168,318,280,0,167
3514,35727632,1202,1193,348,305,0,181
3515,35737632,1226,1213,373,319,0,187
3516,35747632,1244,1236,384,346,0,194
3517,35757632,1256,1257,399,360,0,201
3518,35767632,1269,1219,415,377,0,196
3519,35777632,1275,1285,438,397,0,199
3520,35787632,1291,1293,471,410,0,188
3521,35797632,1308,1304,488,419,0,185
3522,35807632,1315,1316,493,435,0,183
3523,35817632,1332,1327,505,440,0,182
3524,35827632,1341,1339,517,449,0,189
3525,35837632,1353,1351,534,468,0,190
3526,35847632,1367,1361,550,484,0,192
3527,35857632,1374,1306,490,428,0,173
3528,35867632,1377,1384,574,514,0,0
3529,35877632,1386,1390,591,530,0,0
3530,35887632,1392,1396,611,543,0,196
3531,35897632,1398,1404,630,557,0,216
3532,35907632,1415,1404,653,566,0,226
3533,35917632,1417,1417,665,585,0,230
3534,35927632,1420,1425,675,596,0,237
3535,35937632,1430,1428,689,608,0,240
3536,35947633,1428,1377,624,547,0,223
3537,35957632,1439,1438,715,633,0,246
3538,35967632,1443,1439,731,651,0,241
3539,35977632,1442,1452,741,667,0,250
3540,35987632,1448,1449,756,680,0,240
3541,35997632,1450,1448,772,694,0,232
3542,36007632,1448,1451,778,710,0,230
3543,36017633,1447,1457,795,724,0,229
3544,36027632,1450,1451,805,729,0,226
3545,36037632,1445,1431,803,741,0,223
3546,36047632,1447,1451,822,751,0,219
3547,36057632,1447,1451,840,758,0,213
3548,36067632,1444,1451,849,772,0,207
3549,36077632,1439,1448,858,785,0,197
3550,36087632,1438,1447,873,797,0,189
3551,36097632,1432,1447,884,808,0,178
3552,36107632,1429,1447,889,816,0,178
3553,36117632,1420,1453,894,827,0,168
3554,36127632,1421,1400,877,742,0,119
3555,36137632,1425,1447,920,842,0,152
3556,36147632,1428,1445,934,840,0,147
3557,36157632,1428,1449,936,850,0,146
3558,36167632,1426,1448,946,854,0,134
3559,36177632,1425,1456,949,864,0,127
3560,36187632,1423,1454,960,869,0,119
3561,36197632,1426,1457,972,873,0,113
3562,36207632,1428,1454,980,879,0,109
3563,36217632,1422,1433,994,881,0,103
3564,36227632,1428,1455,998,889,0,109
3565,36237632,1425,1459,1003,895,0,103
3566,36247632,1429,1453,1017,903,0,94
3567,36257632,1429,1449,1030,910,0,98
3568,36267632,1422,1461,1031,926,0,102
3569,36277632,1420,1452,1050,928,0,99
3570,36287632,1414,1457,1054,937,0,103
3571,36297632,1412,1450,1062,944,0,102
3572,36307632,1410,1391,964,859,0,82
3573,36317632,1402,1449,1080,957,0,104
3574,36327632,1396,1451,1080,969,0,105
3575,36337632,1395,1451,1088,974,0,109
3576,36347632,1401,1440,1104,973,0,101
3577,36357632,1400,1437,1111,980,0,96
3578,36367632,1395,1438,1116,983,0,86
3579,36377632,1387,1442,1115,991,0,77
3580,36387632,1380,1446,1117,1000,0,74
3581,36397632,1384,1383,1011,901,0,49
3582,36407632,1383,1438,1132,998,0,57
3583,36417632,1384,1434,1137,1000,0,61
3584,36427632,1384,1433,1143,1004,0,78
3585,36437632,1382,1435,1143,1005,0,102
3586,36447632,1392,1436,1143,1008,0,123
3587,36457632,1395,1435,1146,1004,0,143
3588,36467632,1398,1433,1147,1003,0,159
3589,36477632,1395,1442,1144,1009,0,175
3590,36487632,1403,1384,1038,914,0,158
3591,36497632,1411,1444,1155,1004,0,172
3592,36507632,1408,1452,1146,1013,0,164
3593,36517632,1417,1449,1151,1007,0,155
3594,36527632,1425,1449,1156,1001,0,147
3595,36537632,1426,1449,1160,986,0,123
3596,36547632,1428,1444,1159,975,0,85
3597,36557633,1417,1454,1152,979,0,75
3598,36567632,1416,1442,1155,964,0,72
3599,36577632,1401,1382,1042,865,0,51
3600,36587632,1389,1424,1149,955,0,61
3601,36597632,1362,1417,1137,956,0,59
3602,36607632,1350,1395,1146,944,0,58
3603,36617632,1322,1383,1136,945,0,54
3604,36627632,1297,1360,1134,938,0,51
3605,36637632,1257,1332,1125,921,0,46
3606,36647632,1203,1305,1096,910,0,38
3607,36657632,1140,1261,1088,884,0,15
3608,36667632,1073,1167,1054,868,0,9
3609,36677632,992,1165,1037,837,0,0
3610,36687632,915,1099,998,804,0,0
3611,36697632,838,1017,961,755,0,0
3612,36707632,726,927,905,701,0,0
3613,36717632,600,850,842,640,0,0
3614,36727632,455,729,765,571,0,0
3615,36737632,297,606,681,503,0,0
3616,36747632,170,496,599,453,0,0
3617,36757632,54,391,473,327,0,0
3618,36767632,0,300,483,339,0,0
3619,36777632,0,194,370,268,0,0
3620,36787632,0,55,286,211,0,0
3621,36797632,0,1,223,168,0,0
3622,36807632,0,0,161,107,0,0
3623,36817632,0,0,109,68,0,0
3624,36827632,0,0,80,41,0,0
3625,36837632,0,0,52,20,0,0
3626,36847632,0,0,3,0,0,0
3627,36857632,0,0,20,19,0,0
3628,36867632,0,0,11,13,0,0
3629,36877632,0,0,4,12,0,0
3630,36887632,0,0,5,9,0,0
3631,36897632,0,0,3,4,0,0
3632,36907632,0,0,3,3,0,0
3633,36917632,0,2,1,6,0,0
3634,36927632,0,6,2,2,0,0
3635,36937633,0,2,0,0,0,0
3636,36947632,0,14,6,8,0,0
3637,36957632,0,15,7,12,0,0
3638,36967632,0,19,10,17,0,0
3639,36977632,0,19,15,21,0,0
3640,36987632,0,17,14,15,0,0
3641,36997632,0,22,19,24,0,0
3642,37007633,0,21,22,13,0,0
3643,37017632,0,20,11,13,0,0
3644,37027632,0,8,0,0,0,0
3645,37037632,0,14,5,10,0,0
3646,37047632,0,7,1,9,0,0
3647,37057632,0,5,0,5,0,0
3648,37067632,0,2,0,2,0,0
3649,37077632,0,0,0,2,0,0
3650,37087632,0,0,0,2,0,0
3651,37097632,0,0,0,1,0,0
3652,37107632,0,0,0,1,0,0
3653,37117632,0,0,0,0,0,0
3654,37127632,0,0,0,4,0,0
3655,37137632,0,0,0,2,0,0
3656,37147632,0,0,0,8,0,0
3657,37157632,0,0,0,11,0,0
3658,37167632,0,0,0,8,0,0
3659,37177632,0,0,0,11,0,0
3660,37187632,0,0,0,10,0,0
3661,37197632,0,0,0,13,0,0
3662,37207633,0,0,0,0,0,0
3663,37217632,0,0,0,15,0,0
3664,37227632,0,0,0,17,0,0
3665,37237632,0,0,0,18,0,0
3666,37247632,0,0,0,21,0,0
3667,37257632,0,0,0,21,0,0
3668,37267632,0,0,0,18,0,0
3669,37277632,0,0,0,17,0,0
3670,37287632,0,0,0,19,0,0
3671,37297632,0,0,0,0,0,0
3672,37307632,0,0,0,19,0,0
3673,37317632,0,0,0,14,0,0
3674,37327632,0,0,0,11,0,0
3675,37337632,0,0,0,7,0,0
3676,37347632,0,0,0,7,0,0
3677,37357632,0,0,0,1,0,0
3678,37367632,0,0,0,0,0,0
3679,37377632,0,0,0,0,0,0
3680,37387632,0,0,0,0,0,0
3681,37397632,0,0,0,1,0,0
3682,37407632,0,0,0,0,0,0
3683,37417632,0,0,0,0,0,0
3684,37427632,0,0,0,0,0,0
3685,37437632,0,5,0,0,0,0
3686,37447632,0,7,0,1,0,0
3687,37457632,0,10,0,0,0,0
3688,37467632,0,194,0,0,0,0
3689,37477632,84,341,0,0,0,0
3690,37487632,249,485,0,0,0,0
3691,37497632,390,561,0,0,0,0
3692,37507632,492,582,0,0,0,0
3693,37517632,618,609,0,0,0,0
3694,37527632,778,695,0,0,0,0
3695,37537632,901,838,0,0,0,0
3696,37547632,1014,983,71,38,0,40
3697,37557632,1074,1071,125,91,0,119
3698,37567632,1097,1049,129,93,0,143
3699,37577632,1077,1081,224,181,0,199
3700,37587632,1056,1074,273,247,0,0
3701,37597632,1058,1080,327,294,0,0
3702,37607632,1079,1095,365,354,0,340
3703,37617632,1105,1116,423,401,0,385
3704,37627632,1127,1138,469,443,0,419
3705,37637632,1148,1154,506,473,0,450
3706,37647632,1162,1172,549,520,0,490
3707,37657632,1168,1138,504,483,0,493
3708,37667632,1168,1181,615,591,0,552
3709,37677632,1178,1183,641,612,0,576
3710,37687632,1189,1183,678,632,0,609
3711,37697632,1192,1189,701,660,0,628
3712,37707632,1201,1190,718,679,2,659
3713,37717632,1204,1194,730,695,20,677
3714,37727632,1203,1202,743,719,31,708
3715,37737632,1201,1205,754,735,48,740
3716,37747632,1202,1161,0,669,30,737
3717,37757632,1191,1195,0,771,80,794
3718,37767632,1180,1182,0,790,102,813
3719,37777632,1164,1171,0,809,116,838
3720,37787632,1148,1156,0,818,139,848
3721,37797632,1137,1145,0,830,153,865
3722,37807632,1118,1143,0,854,167,877
3723,37817632,1107,1138,0,863,173,884
3724,37827632,1103,1124,0,870,187,887
3725,37837633,1084,1087,0,793,150,869
3726,37847632,1059,1113,0,901,205,913
3727,37857632,1047,1099,0,909,216,915
3728,37867632,1026,1090,0,927,218,808
3729,37877632,1016,1080,0,931,232,0
3730,37887632,998,1075,0,946,241,0
3731,37897632,983,1060,0,952,247,0
3732,37907632,964,1061,0,968,246,0
3733,37917632,948,1046,0,976,248,919
3734,37927632,945,1004,0,884,220,906
3735,37937632,928,1038,0,998,251,950
3736,37947632,923,1030,0,1005,254,955
3737,37957632,918,1029,0,1016,251,956
3738,37967632,915,1024,0,1028,259,965
3739,37977632,914,1016,0,1035,269,964
3740,37987632,911,1017,0,1045,274,966
3741,37997632,910,1026,0,1056,273,975
3742,38007632,919,1019,0,1058,278,971
3743,38017633,920,996,0,956,228,943
3744,38027632,917,1036,0,1077,266,982
3745,38037632,921,1031,0,1079,271,981
3746,38047632,924,1039,0,1081,268,982
3747,38057632,928,1039,0,1089,268,982
3748,38067632,934,1036,0,1094,271,980
3749,38077632,928,1039,0,1098,266,984
3750,38087632,921,1041,0,1104,263,988
3751,38097632,920,1030,0,1105,259,982
3752,38107632,918,997,0,1003,221,947
3753,38117632,913,1028,0,1110,265,986
3754,38127632,907,1018,0,1113,266,986
3755,38137632,902,1005,0,1110,272,985
3756,38147632,882,995,0,1113,271,989
3757,38157632,865,978,0,1115,279,986
3758,38167632,847,967,0,1122,280,990
3759,38177632,816,953,0,1127,289,997
3760,38187632,796,927,0,1127,307,993
3761,38197632,764,884,0,1027,263,963
3762,38207632,731,889,0,1133,318,1000
3763,38217632,703,875,0,1140,329,1006
3764,38227632,684,864,0,1152,349,1020
3765,38237632,666,848,0,1157,362,1032
3766,38247632,636,838,0,1164,363,1046
3767,38257632,604,821,0,1172,375,1056
3768,38267632,578,806,0,1183,386,1072
3769,38277632,549,786,0,1187,405,1082
3770,38287632,530,742,0,1073,375,1051
3771,38297632,491,753,0,1192,438,1105
3772,38307632,465,727,0,1191,451,1110
3773,38317632,435,691,0,1195,473,1120
3774,38327632,409,668,0,1195,490,1124
3775,38337632,373,640,0,1199,502,1130
3776,38347632,327,602,0,1202,527,1140
3777,38357632,284,571,0,1212,540,1156
3778,38367632,248,536,0,1211,553,1159
3779,38377632,225,479,0,1102,520,1122
3780,38387632,188,475,0,1228,586,1179
3781,38397632,158,442,0,1226,603,1183
3782,38407632,131,411,1054,1226,625,1187
3783,38417632,99,377,1063,1227,637,1191
3784,38427632,56,332,1066,1233,653,1201
3785,38437632,35,294,1062,1243,661,1212
3786,38447632,1,251,1061,1252,680,1224
3787,38457632,0,209,1067,1245,699,1217
3788,38467633,0,142,956,1132,619,1191
3789,38477632,0,114,1053,1252,704,1232
3790,38487632,0,74,1043,1244,696,1221
3791,38497632,0,39,1028,1238,689,1221
3792,38507632,0,2,1000,1224,664,1207
3793,38517632,0,0,978,1210,622,1191
3794,38527632,0,0,946,1194,584,1179
3795,38537632,0,0,896,1172,556,1165
3796,38547632,0,0,829,1145,542,1142
3797,38557632,0,0,639,988,477,1074
3798,38567632,0,0,613,1040,508,1141
3799,38577632,0,0,529,940,463,1173
3800,38587632,0,0,436,855,400,1199
3801,38597632,0,0,364,749,314,1233
3802,38607632,0,0,290,646,217,1250
3803,38617632,0,0,237,547,92,1254
3804,38627632,0,0,177,461,11,1248
3805,38637632,0,0,108,364,0,1208
3806,38647633,0,0,29,241,0,1114
3807,38657632,0,0,25,226,0,1097
3808,38667632,0,0,3,173,0,1029
3809,38677632,0,0,0,130,0,940
3810,38687632,0,0,0,98,0,826
3811,38697632,0,0,0,70,0,687
3812,38707632,0,0,0,40,0,491
3813,38717632,0,0,0,25,0,255
3814,38727632,0,0,0,5,0,75
3815,38737632,0,0,0,0,0,0
3816,38747632,0,0,0,0,0,0
3817,38757632,0,0,0,0,0,1
3818,38767632,0,0,0,1,0,0
3819,38777632,0,0,0,6,0,0
3820,38787632,0,0,0,10,0,0
3821,38797632,0,0,0,12,0,0
3822,38807632,0,0,0,11,0,0
3823,38817632,0,0,0,11,0,0
3824,38827632,0,0,0,0,0,0
3825,38837632,0,0,0,13,0,0
3826,38847632,0,0,0,13,0,0
3827,38857632,0,0,0,10,0,0
3828,38867632,0,0,0,9,0,0
3829,38877632,0,0,0,13,0,0
3830,38887632,0,0,0,13,0,0
3831,38897632,0,0,0,15,0,0
3832,38907632,0,0,0,10,0,0
3833,38917632,0,0,0,0,0,0
3834,38927632,0,0,0,18,0,0
3835,38937632,0,0,0,19,0,0
3836,38947632,0,0,0,18,0,0
3837,38957632,0,0,0,21,0,0
3838,38967632,0,0,0,27,0,0
3839,38977632,0,0,0,24,0,0
3840,38987632,0,0,0,22,0,0
3841,38997632,0,0,0,19,0,0
3842,39007632,0,0,0,0,0,0
3843,39017632,0,0,0,11,0,0
3844,39027632,0,0,0,4,0,0
3845,39037632,0,0,0,0,0,0
3846,39047632,0,0,0,0,0,0
3847,39057632,0,0,0,0,0,0
3848,39067632,0,0,0,0,0,0
3849,39077632,0,0,0,0,0,0
3850,39087632,0,0,0,0,0,0
3851,39097632,0,0,0,0,0,0
3852,39107632,0,0,0,0,0,0
3853,39117632,0,0,0,0,0,0
3854,39127632,0,0,0,0,0,0
3855,39137632,0,0,0,0,0,0
3856,39147632,0,0,0,0,0,0
3857,39157632,0,0,0,0,0,0
3858,39167632,0,0,0,0,0,0
3859,39177632,0,0,0,0,0,0
3860,39187633,0,0,0,0,0,0
3861,39197632,0,0,0,2,0,0
3862,39207632,0,0,0,2,0,0
3863,39217632,0,0,0,4,0,0
3864,39227632,0,0,0,4,0,0
3865,39237632,0,0,0,13,0,0
3866,39247632,0,0,0,14,0,0
3867,39257632,0,0,0,12,0,0
3868,39267632,0,0,0,13,0,0
3869,39277633,0,0,0,0,0,0
3870,39287632,0,0,0,17,0,0
3871,39297632,0,0,0,17,0,0
3872,39307632,0,0,0,11,0,0
3873,39317632,0,0,0,11,0,0
3874,39327632,0,0,0,13,0,0
3875,39337632,0,0,0,10,0,0
3876,39347632,0,0,0,14,0,0
3877,39357632,0,0,0,18,0,0
3878,39367633,0,0,0,1,0,0
3879,39377632,0,0,0,16,0,0
3880,39387632,0,57,0,11,0,0
3881,39397632,49,287,0,2,0,0
3882,39407632,285,571,1,0,0,0
3883,39417632,525,740,0,0,0,0
3884,39427632,667,849,0,0,0,0
3885,39437632,764,925,0,0,0,0
3886,39447632,857,1004,0,0,0,0
3887,39457632,939,1051,0,0,0,0
3888,39467632,1000,1126,26,0,0,0
3889,39477632,1043,1156,44,9,0,0
3890,39487632,1070,1175,66,31,0,0
3891,39497632,1085,1188,83,55,0,0
3892,39507632,1105,1202,134,88,0,0
3893,39517632,1126,1218,169,135,0,0
3894,39527632,1136,1238,221,167,0,0
3895,39537632,1148,1247,263,186,0,0
3896,39547632,1171,1236,240,165,0,2
3897,39557632,1189,1270,312,243,0,54
3898,39567632,1212,1283,339,274,0,67
3899,39577632,1237,1298,368,289,0,95
3900,39587632,1257,1304,393,318,0,116
3901,39597632,1270,1314,434,357,0,150
3902,39607632,1270,1330,473,390,0,178
3903,39617632,1279,1336,504,429,0,203
3904,39627632,1293,1337,546,454,0,218
3905,39637632,1295,1323,506,423,0,218
3906,39647632,1297,1358,609,529,0,250
3907,39657632,1309,1361,645,548,0,266
3908,39667632,1318,1366,671,575,0,293
3909,39677632,1323,1367,699,610,0,331
3910,39687632,1324,1371,724,647,0,355
3911,39697632,1322,1372,747,668,0,388
3912,39707632,1301,1377,761,692,0,410
3913,39717632,1325,1370,788,716,0,421
3914,39727632,1330,1348,715,657,0,422
3915,39737632,1331,1366,826,759,0,457
3916,39747632,1328,1367,849,789,0,470
3917,39757632,1322,1364,863,813,0,487
3918,39767632,1316,1358,880,828,0,496
3919,39777632,1304,1362,889,859,0,520
3920,39787632,1305,1348,903,860,0,531
3921,39797632,1273,1354,913,881,0,547
3922,39807632,1289,1334,925,890,0,552
3923,39817632,1262,1312,835,814,0,549
3924,39827632,1259,1310,944,919,0,583
3925,39837632,1236,1298,950,930,0,594
3926,39847632,1212,1273,956,944,0,614
3927,39857632,1191,1257,967,951,0,630
3928,39867632,1175,1244,972,961,1,649
3929,39877632,1162,1230,980,971,8,660
3930,39887632,1139,1224,983,986,11,673
3931,39897632,1130,1206,990,992,21,689
3932,39907633,1122,1176,895,900,0,678
3933,39917632,1111,1185,1003,1005,39,711
3934,39927632,1093,1179,1004,1018,49,720
3935,39937632,1077,1173,1013,1028,56,736
3936,39947632,1064,1163,1014,1045,68,747
3937,39957632,1053,1155,1022,1053,76,763
3938,39967632,1046,1144,1033,1054,93,772
3939,39977632,1033,1147,1027,1067,103,790
3940,39987632,1029,1134,1039,1069,120,799
3941,39997632,1018,1117,1042,1076,123,804
3942,40007632,1015,1133,1041,1083,133,812
3943,40017632,1019,1124,1050,1079,148,807
3944,40027632,1015,1131,1048,1092,151,816
3945,40037632,1016,1123,1053,1092,153,817
3946,40047632,1016,1122,1063,1091,157,818
3947,40057632,1013,1119,1058,1097,157,820
3948,40067632,981,1130,1056,1104,156,827
3949,40077632,1022,1125,1060,1100,151,819
3950,40087632,1034,1113,954,990,99,788
3951,40097632,1049,1134,1060,1089,123,793
3952,40107632,1059,1146,1056,1084,106,770
3953,40117632,1074,1155,1054,1084,95,765
3954,40127632,1080,1160,1053,1080,85,757
3955,40137632,1081,1166,1051,1087,82,763
3956,40147632,1093,1161,1056,1081,85,760
3957,40157632,1089,1163,1055,1085,91,763
3958,40167632,1082,1165,1053,1094,88,773
3959,40177632,1085,1135,1058,1090,92,770
3960,40187632,1079,1156,1058,1088,103,770
3961,40197632,1079,1148,1062,1087,103,767
3962,40207632,1068,1152,1058,1093,99,778
3963,40217632,1053,1146,1056,1091,108,776
3964,40227632,1047,1145,1055,1087,107,779
3965,40237632,1047,1139,1052,1078,106,762
3966,40247632,1042,1148,1046,1073,93,750
3967,40257632,1056,1150,1046,1061,84,722
3968,40267632,1073,1136,933,946,34,663
3969,40277632,1079,1160,1030,1043,71,677
3970,40287632,1073,1160,1024,1037,77,673
3971,40297632,1052,1143,1020,1030,83,681
3972,40307632,1010,1127,1013,1031,85,688
3973,40317632,973,1104,1003,1026,88,692
3974,40327632,942,1066,1000,1010,96,679
3975,40337632,898,1024,984,1010,98,665
3976,40347632,852,943,977,993,93,658
3977,40357632,755,862,914,893,50,588
3978,40367632,640,772,924,965,85,680
3979,40377632,444,609,901,968,104,731
3980,40387632,174,392,868,971,168,783
3981,40397632,0,153,814,973,233,844
3982,40407632,0,21,732,972,332,909
3983,40417632,0,0,628,968,379,955
3984,40427632,0,0,532,952,410,1012
3985,40437632,0,0,462,911,409,1044
3986,40447632,0,0,339,767,311,1034
3987,40457632,0,0,340,778,300,1087
3988,40467632,0,0,301,714,202,1093
3989,40477632,0,0,289,661,89,1109
3990,40487632,0,0,263,580,3,1086
3991,40497632,0,0,235,514,0,1035
3992,40507632,0,0,210,465,0,947
3993,40517632,0,0,186,409,0,801
3994,40527632,0,0,170,364,0,663
3995,40537632,0,0,102,249,0,445
3996,40547632,0,0,133,264,0,247
3997,40557632,0,0,115,225,0,28
3998,40567632,0,0,104,176,0,0
3999,40577632,0,0,88,139,0,0
4000,40587632,0,0,86,139,0,0
4001,40597632,0,0,89,134,0,0
4002,40607632,0,0,80,122,0,0
4003,40617632,0,0,76,107,0,0
4004,40627633,0,0,31,58,0,0
4005,40637632,0,0,58,97,0,0
4006,40647632,0,0,52,87,0,0
4007,40657632,0,0,41,81,0,0
4008,40667632,0,0,37,62,0,0
4009,40677632,0,0,30,58,0,0
4010,40687632,0,0,24,52,0,0
4011,40697632,0,0,24,48,0,0
4012,40707632,0,0,11,48,0,0
4013,40717633,0,0,0,15,0,0
4014,40727632,0,0,13,44,0,0
4015,40737632,0,0,9,43,0,0
4016,40747632,0,0,7,48,0,0
4017,40757632,0,0,2,45,0,0
4018,40767632,0,0,2,44,0,0
4019,40777632,0,0,0,41,0,0
4020,40787632,0,0,0,42,0,0
4021,40797632,0,0,0,39,0,0
4022,40807632,0,0,0,3,0,0
4023,40817632,0,0,0,28,0,0
4024,40827632,0,0,0,27,0,0
4025,40837632,0,0,0,25,0,0
4026,40847632,0,0,0,23,0,0
4027,40857632,0,0,0,24,0,0
4028,40867632,0,0,0,24,0,0
4029,40877632,0,0,0,26,0,0
4030,40887632,0,0,0,26,0,0
4031,40897632,0,0,0,1,0,0
4032,40907632,0,0,0,26,0,0
4033,40917632,0,0,0,26,0,0
4034,40927632,0,0,0,25,0,0
4035,40937632,0,0,0,22,0,0
4036,40947632,0,0,0,18,0,0
4037,40957632,0,0,0,11,0,0
4038,40967632,0,0,0,19,0,0
4039,40977632,0,0,0,12,0,0
4040,40987633,0,0,0,0,0,0
4041,40997632,0,0,3,8,0,0
4042,41007632,0,0,0,7,0,0
4043,41017632,0,0,0,5,0,0
4044,41027632,0,0,0,2,0,0
4045,41037632,0,0,0,2,0,0
4046,41047632,0,0,0,5,0,0
4047,41057633,0,0,0,5,0,0
4048,41067632,0,0,0,4,0,0
4049,41077632,0,0,0,0,0,0
4050,41087632,0,0,0,6,0,0
4051,41097632,0,0,0,5,0,0
4052,41107632,0,0,0,8,0,0
4053,41117632,0,0,0,8,0,0
4054,41127632,0,0,0,4,0,0
4055,41137632,0,0,0,2,0,0
4056,41147632,0,0,0,5,0,0
4057,41157632,0,0,0,3,0,0
4058,41167633,0,0,0,0,0,0
4059,41177632,0,0,0,9,0,0
4060,41187632,0,0,0,7,0,0
4061,41197632,0,0,0,10,0,0
4062,41207632,0,0,0,10,0,0
4063,41217632,0,0,0,20,0,0
4064,41227632,0,40,0,20,0,0
4065,41237632,0,142,0,27,0,0
4066,41247632,0,222,0,34,0,0
4067,41257632,8,308,0,6,0,0
4068,41267632,55,400,4,53,0,0
4069,41277632,103,455,16,67,0,0
4070,41287632,173,507,29,77,0,0
4071,41297632,254,559,36,81,0,0
4072,41307632,333,611,54,82,0,5
4073,41317632,413,663,65,88,0,24
4074,41327632,500,715,69,92,0,39
4075,41337632,576,758,74,91,0,50
4076,41347632,646,789,48,56,0,50
4077,41357632,714,871,88,100,0,80
4078,41367632,809,934,96,105,0,98
4079,41377632,891,994,112,112,0,119
4080,41387632,959,1048,131,119,0,136
4081,41397632,1023,1099,152,134,0,147
4082,41407632,1066,1142,185,170,0,165
4083,41417632,1102,1178,203,185,0,175
4084,41427632,1137,1209,233,213,0,165
4085,41437632,1172,1222,211,186,0,146
4086,41447632,1187,1276,292,254,0,156
4087,41457632,1212,1292,326,281,0,155
4088,41467632,1230,1317,346,329,0,156
4089,41477632,1248,1331,385,355,0,163
4090,41487632,1257,1348,426,388,0,164
4091,41497632,1258,1365,468,430,0,169
4092,41507633,1266,1373,502,465,0,172
4093,41517632,1277,1378,536,480,0,178
4094,41527632,1290,1364,496,444,0,169
4095,41537632,1290,1398,579,548,0,185
4096,41547632,1301,1397,606,560,0,193
4097,41557632,1309,1400,617,569,0,202
4098,41567632,1316,1401,634,583,0,209
4099,41577632,1319,1411,647,599,0,221
4100,41587632,1313,1417,651,615,0,234
4101,41597632,1318,1416,663,624,0,244
4102,41607632,1329,1411,669,627,0,255
4103,41617632,1329,1393,604,558,0,253
4104,41627632,1333,1411,690,641,0,279
4105,41637632,1330,1408,701,663,0,292
4106,41647632,1330,1410,714,678,0,312
4107,41657632,1325,1405,727,694,0,338
4108,41667632,1322,1406,739,714,0,0
4109,41677632,1320,1401,758,719,0,0
4110,41687633,1312,1412,762,738,0,0
4111,41697632,1316,1407,781,746,0,0
4112,41707632,1314,1382,712,673,0,0
4113,41717632,1300,1405,798,771,0,0
4114,41727632,1301,1395,814,782,0,0
4115,41737632,1290,1391,829,791,0,436
4116,41747632,1280,1385,845,806,0,462
4117,41757632,1264,1385,848,818,0,488
4118,41767632,1254,1386,855,835,0,496
4119,41777632,1246,1378,863,845,0,506
4120,41787632,1239,1368,873,853,0,523
4121,41797633,1232,1338,804,775,0,514
4122,41807632,1224,1356,889,871,0,552
4123,41817632,1210,1351,901,878,0,556
4124,41827632,1200,1349,910,890,0,572
4125,41837632,1195,1344,916,902,0,589
4126,41847632,1179,1347,917,918,0,596
4127,41857632,1177,1336,934,920,0,598
4128,41867632,1159,1344,940,935,0,605
4129,41877632,1158,1334,951,938,0,609
4130,41887633,1146,1311,876,854,0,602
4131,41897632,1140,1327,970,953,0,622
4132,41907632,1125,1329,976,962,0,623
4133,41917632,1122,1325,984,975,0,633
4134,41927632,1114,1326,989,987,2,643
4135,41937632,1109,1325,998,996,2,649
4136,41947632,1104,1320,1008,1002,5,647
4137,41957632,1081,1320,1010,1021,4,655
4138,41967632,1066,1315,1023,1027,6,658
4139,41977633,1055,1287,940,944,0,636
4140,41987632,1042,1304,1044,1052,20,666
4141,41997632,1017,1301,1050,1064,22,670
4142,42007632,1003,1299,1056,1075,25,680
4143,42017632,991,1285,1065,1080,32,680
4144,42027632,972,1292,1064,1098,33,693
4145,42037632,957,1276,1080,1098,42,696
4146,42047632,934,1275,1080,1112,50,711
4147,42057632,920,1264,1093,1117,69,717
4148,42067632,908,1237,1007,1016,38,690
4149,42077632,888,1248,1111,1129,79,733
4150,42087632,859,1243,1114,1137,84,737
4151,42097632,831,1234,1126,1143,89,752
4152,42107632,807,1229,1122,1159,95,758
4153,42117632,778,1212,1128,1168,105,778
4154,42127632,749,1184,1139,1166,114,778
4155,42137632,706,1175,1139,1179,121,791
4156,42147632,672,1149,1154,1186,132,799
4157,42157632,619,1113,1067,1084,98,774
4158,42167632,581,1109,1171,1199,156,826
4159,42177632,544,1084,1175,1205,169,842
4160,42187632,491,1057,1183,1210,171,857
4161,42197632,459,1025,1186,1223,173,875
4162,42207632,413,992,1184,1233,167,887
4163,42217632,372,970,1190,1226,156,880
4164,42227632,330,952,1190,1234,121,884
4165,42237632,321,923,1196,1229,95,871
4166,42247632,302,881,1190,1227,72,866
4167,42257632,279,872,1195,1233,50,859
4168,42267632,256,841,1198,1235,30,851
4169,42277632,219,808,1200,1236,11,852
4170,42287632,175,741,1206,1227,0,832
4171,42297632,99,654,1206,1225,0,822
4172,42307632,20,543,1200,1218,0,0
4173,42317633,0,431,1183,1218,0,0
4174,42327632,0,281,1173,1209,0,0
4175,42337632,0,153,1068,1093,0,0
4176,42347632,0,71,1127,1196,0,0
4177,42357632,0,1,1108,1177,0,0
4178,42367632,0,0,1069,1157,0,541
4179,42377632,0,0,1031,1122,0,688
4180,42387632,0,0,993,1088,0,673
4181,42397632,0,0,945,1053,0,629
4182,42407632,0,0,895,1003,0,568
4183,42417632,0,0,867,952,0,487
4184,42427632,0,0,749,804,0,388
4185,42437632,0,0,792,840,0,302
4186,42447632,0,0,761,782,0,224
4187,42457632,0,0,710,731,0,169
4188,42467632,0,0,621,650,0,88
4189,42477632,0,0,581,563,0,27
4190,42487632,0,0,512,473,0,0
4191,42497633,0,0,458,407,0,0
4192,42507632,0,0,393,316,0,0
4193,42517632,0,0,266,175,0,0
4194,42527632,0,0,286,198,0,0
4195,42537632,0,0,260,184,0,0
4196,42547632,0,0,237,176,0,0
4197,42557632,0,0,206,148,0,0
4198,42567632,0,0,185,107,0,0
4199,42577632,0,0,165,86,0,0
4200,42587633,0,0,130,71,0,0
4201,42597632,0,0,120,65,0,0
4202,42607632,0,0,75,23,0,0
4203,42617632,0,0,106,60,0,0
4204,42627632,0,0,115,71,0,0
4205,42637632,0,0,127,80,0,0
4206,42647632,0,0,138,102,0,0
4207,42657632,0,0,144,109,0,0
4208,42667632,0,0,153,109,0,0
4209,42677633,0,0,151,116,0,0
4210,42687632,0,0,150,118,0,0
4211,42697632,0,0,111,77,0,0
4212,42707632,0,0,136,112,0,0
4213,42717632,0,0,119,102,0,0
4214,42727632,0,0,110,99,0,0
4215,42737632,0,0,104,96,0,0
4216,42747632,0,0,93,93,0,0
4217,42757632,0,0,84,82,0,0
4218,42767632,0,0,84,85,0,0
4219,42777632,0,0,81,79,0,0
4220,42787632,0,0,55,37,0,0
4221,42797632,0,0,73,77,0,0
4222,42807632,0,0,61,66,0,0
4223,42817632,0,0,56,69,0,0
4224,42827632,0,0,50,64,0,0
4225,42837632,0,0,42,67,0,0
4226,42847632,0,0,42,61,0,0
4227,42857632,0,0,28,59,0,0
4228,42867632,0,0,20,56,0,0
4229,42877632,0,0,2,21,0,0
4230,42887632,0,0,10,48,0,0
4231,42897632,0,0,14,53,0,0
4232,42907632,0,0,6,49,0,0
4233,42917632,0,0,12,41,0,0
4234,42927633,0,0,12,39,0,0
4235,42937632,0,0,9,39,0,0
4236,42947632,0,0,8,36,0,0
4237,42957632,0,0,6,36,0,0
4238,42967633,0,0,0,4,0,0
4239,42977632,0,0,10,31,0,0
4240,42987632,0,0,14,37,0,0
4241,42997632,0,0,10,40,0,0
4242,43007632,0,0,7,40,0,0
4243,43017632,0,0,7,44,0,0
4244,43027632,0,0,7,38,0,0
4245,43037632,0,0,4,36,0,0
4246,43047632,0,0,0,15,0,0
4247,43057632,0,0,0,0,0,0
4248,43067632,0,4,0,3,0,0
4249,43077632,0,87,0,0,0,0
4250,43087632,14,226,0,0,0,0
4251,43097632,137,334,0,0,0,0
4252,43107632,300,463,0,0,0,0
4253,43117632,518,613,0,0,0,0
4254,43127632,732,813,4,0,0,0
4255,43137632,904,927,32,0,0,0
4256,43147633,1006,993,12,0,0,0
4257,43157632,1071,1068,39,0,0,0
4258,43167632,1132,1111,60,10,0,0
4259,43177632,1168,1149,96,35,0,0
4260,43187632,1203,1177,138,55,0,0
4261,43197632,1228,1206,183,105,0,0
4262,43207632,1259,1244,247,173,0,0
4263,43217632,1303,1274,289,215,0,0
4264,43227632,1363,1309,348,256,0,2
4265,43237632,1407,1334,353,265,0,21
4266,43247632,1441,1395,473,370,0,51
4267,43257632,1475,1426,505,401,0,60
4268,43267632,1504,1445,550,429,0,83
4269,43277632,1514,1463,585,450,0,97
4270,43287632,1521,1488,603,483,0,100
4271,43297632,1544,1494,621,495,0,91
4272,43307633,1545,1511,637,512,0,88
4273,43317632,1560,1516,657,523,0,72
4274,43327633,1563,1512,600,461,0,40
4275,43337632,1574,1534,669,533,0,39
4276,43347632,1578,1539,673,531,0,24
4277,43357632,1581,1544,669,520,0,2
4278,43367632,1586,1548,664,504,0,0
4279,43377632,1582,1562,654,503,0,0
4280,43387632,1591,1556,654,488,0,0
4281,43397632,1587,1563,643,490,0,0
4282,43407632,1591,1561,644,485,0,0
4283,43417632,1590,1541,583,421,0,0
4284,43427632,1583,1566,640,489,0,0
4285,43437632,1586,1559,640,489,0,0
4286,43447632,1588,1556,647,492,0,0
4287,43457632,1585,1550,649,491,0,0
4288,43467632,1580,1553,646,500,0,0
4289,43477632,1571,1553,653,504,0,9
4290,43487633,1565,1547,662,506,0,26
4291,43497632,1570,1526,672,505,0,50
4292,43507633,1559,1504,614,458,0,71
4293,43517632,1556,1510,683,561,0,115
4294,43527632,1536,1514,699,598,0,141
4295,43537632,1542,1500,714,614,0,155
4296,43547632,1534,1500,729,635,0,180
4297,43557632,1525,1502,734,662,0,203
4298,43567632,1520,1498,742,677,0,215
4299,43577632,1520,1494,750,686,0,227
4300,43587632,1517,1490,758,695,0,245
4301,43597633,1507,1476,704,625,0,245
4302,43607632,1515,1475,773,706,0,273
4303,43617632,1499,1479,774,721,0,281
4304,43627632,1505,1465,786,722,0,287
4305,43637632,1498,1464,783,726,0,292
4306,43647632,1489,1472,784,738,0,296
4307,43657632,1495,1461,792,735,0,291
4308,43667633,1493,1466,797,741,0,280
4309,43677632,1495,1466,800,745,0,278
4310,43687632,1495,1451,738,669,0,254
4311,43697632,1487,1477,794,753,0,266
4312,43707632,1491,1473,802,755,0,252
4313,43717632,1493,1469,809,754,0,246
4314,43727632,1489,1472,810,760,0,249
4315,43737632,1488,1484,812,770,0,239
4316,43747632,1495,1475,823,770,0,222
4317,43757632,1493,1490,828,782,0,214
4318,43767632,1498,1491,842,786,0,205
4319,43777632,1507,1477,778,701,0,175
4320,43787632,1513,1496,851,785,0,184
4321,43797632,1516,1500,845,783,0,172
4322,43807632,1521,1503,850,778,0,171
4323,43817632,1521,1508,844,774,0,165
4324,43827632,1524,1516,846,775,0,155
4325,43837632,1536,1514,849,762,0,121
4326,43847633,1529,1531,837,759,0,100
4327,43857632,1542,1527,838,749,0,79
4328,43867632,1545,1513,772,660,0,54
4329,43877632,1552,1534,840,736,0,67
4330,43887632,1555,1536,838,732,0,61
4331,43897632,1559,1541,834,731,0,59
4332,43907632,1561,1547,828,724,0,55
4333,43917632,1568,1548,822,715,0,54
4334,43927632,1566,1550,806,701,0,48
4335,43937632,1556,1555,786,688,0,44
4336,43947632,1560,1543,781,678,0,49
4337,43957632,1547,1535,718,600,0,43
4338,43967632,1553,1531,778,673,0,59
4339,43977632,1551,1525,776,677,0,66
4340,43987632,1552,1520,777,678,0,73
4341,43997632,1539,1517,776,683,0,77
4342,44007632,1526,1512,768,682,0,75
4343,44017632,1507,1505,756,685,0,70
4344,44027632,1457,1500,750,684,0,73
4345,44037632,1490,1482,746,679,0,69
4346,44047632,1466,1459,685,603,0,65
4347,44057632,1457,1449,740,679,0,81
4348,44067632,1437,1430,739,679,0,86
4349,44077632,1409,1410,736,681,0,92
4350,44087632,1385,1388,727,677,0,94
4351,44097632,1363,1369,719,665,0,98
4352,44107632,1338,1357,715,671,0,97
4353,44117632,1271,1356,711,677,0,109
4354,44127632,1299,1328,717,674,0,120
4355,44137632,1271,1298,659,604,0,121
4356,44147632,1261,1289,726,691,0,152
4357,44157632,1249,1275,735,694,0,181
4358,44167632,1240,1259,741,699,0,204
4359,44177632,1217,1248,740,700,0,225
4360,44187632,1190,1234,739,709,0,237
4361,44197632,1169,1208,744,703,0,255
4362,44207633,1140,1195,747,710,0,293
4363,44217632,1121,1181,759,714,0,321
4364,44227633,1106,1156,703,636,0,347
4365,44237632,1089,1154,767,717,0,419
4366,44247632,1071,1143,769,720,0,445
4367,44257632,1064,1132,770,711,0,484
4368,44267632,1058,1134,773,716,0,506
4369,44277632,1047,1133,774,723,0,530
4370,44287632,1049,1118,783,724,0,547
4371,44297632,1033,1115,789,731,0,562
4372,44307632,1007,1109,791,737,0,572
4373,44317632,999,1083,739,659,0,555
4374,44327632,989,1096,803,750,0,599
4375,44337632,980,1076,811,757,0,606
4376,44347632,971,1065,822,769,0,613
4377,44357632,954,1058,824,779,0,625
4378,44367632,939,1058,829,797,0,638
4379,44377632,929,1049,839,807,0,645
4380,44387632,917,1041,845,814,0,654
4381,44397632,913,1026,854,818,0,657
4382,44407632,910,1010,797,738,0,625
4383,44417632,904,1028,862,835,0,667
4384,44427632,902,1017,868,842,0,667
4385,44437632,903,1007,879,844,0,670
4386,44447632,898,1007,883,854,0,679
4387,44457632,891,1010,884,868,0,691
4388,44467632,900,999,894,870,0,688
4389,44477633,896,1004,892,876,0,699
4390,44487632,901,1004,898,876,0,699
4391,44497633,907,995,832,787,0,667
4392,44507632,909,1010,893,876,0,699
4393,44517632,918,1011,886,868,0,691
4394,44527632,919,1010,885,861,0,688
4395,44537632,916,1003,876,855,0,688
4396,44547632,908,1006,870,855,0,691
4397,44557632,899,1002,863,849,0,687
4398,44567632,906,995,864,843,0,681
4399,44577632,913,999,862,836,0,670
4400,44587632,916,1002,792,743,0,626
4401,44597632,923,1017,844,822,0,636
4402,44607632,935,1012,836,803,0,606
4403,44617632,936,1013,824,795,0,592
4404,44627632,923,1006,812,783,0,575
4405,44637632,909,1001,797,772,0,571
4406,44647632,895,988,790,760,0,567
4407,44657633,876,971,782,755,0,556
4408,44667632,856,940,772,741,0,545
4409,44677633,832,909,699,649,0,506
4410,44687632,807,892,734,713,0,520
4411,44697632,772,859,717,698,0,507
4412,44707632,725,828,694,687,0,502
4413,44717632,679,795,679,673,0,496
4414,44727632,636,763,654,662,0,504
4415,44737632,578,727,631,655,0,505
4416,44747632,537,683,621,636,0,508
4417,44757632,479,648,595,620,0,517
4418,44767633,410,600,529,538,0,496
4419,44777632,345,557,552,591,0,536
4420,44787632,281,506,526,572,0,539
4421,44797632,212,453,499,560,0,549
4422,44807632,140,391,478,546,0,561
4423,44817633,66,339,440,540,0,576
4424,44827632,19,272,407,533,0,576
4425,44837632,0,204,363,534,0,588
4426,44847632,0,158,334,520,0,593
4427,44857632,0,119,276,442,0,569
4428,44867632,0,91,288,496,0,607
4429,44877632,0,68,272,470,0,598
4430,44887632,0,54,249,433,0,588
4431,44897632,0,23,231,405,0,575
4432,44907632,0,0,200,361,0,553
4433,44917632,0,0,171,323,0,521
4434,44927632,0,0,142,268,0,494
4435,44937632,0,0,116,220,0,432
4436,44947633,0,0,66,137,0,345
4437,44957632,0,0,69,131,0,273
4438,44967632,0,10,46,78,0,188
4439,44977632,0,28,12,29,0,111
4440,44987632,0,41,0,6,0,38
4441,44997632,0,55,0,3,0,0
4442,45007632,0,64,0,0,0,0
4443,45017633,0,81,0,4,0,0
4444,45027632,0,92,0,7,0,0
4445,45037632,0,95,0,0,0,0
4446,45047632,0,97,8,20,0,0
4447,45057632,0,94,14,24,0,0
4448,45067632,0,93,22,27,0,0
4449,45077632,0,83,22,31,0,0
4450,45087632,0,72,23,32,0,0
4451,45097632,0,64,20,30,0,0
4452,45107632,0,62,12,27,0,0
4453,45117632,0,47,3,22,0,0
4454,45127632,0,35,0,0,0,0
4455,45137632,0,31,0,15,0,0
4456,45147632,0,24,0,8,0,0
4457,45157632,0,17,0,7,0,0
4458,45167632,0,16,0,8,0,0
4459,45177632,0,3,0,3,0,0
4460,45187632,0,0,0,2,0,0
4461,45197632,0,0,0,8,0,0
4462,45207632,0,0,0,4,0,0
4463,45217632,0,0,0,0,0,0
4464,45227632,0,0,0,10,0,0
4465,45237632,0,0,0,11,0,0
4466,45247632,0,0,0,16,0,0
4467,45257632,0,0,0,16,0,0
4468,45267632,0,0,0,18,0,0
4469,45277632,0,0,0,13,0,0
4470,45287633,0,0,0,18,0,0
4471,45297632,0,0,0,18,0,0
4472,45307632,0,0,0,0,0,0
4473,45317632,0,0,0,18,0,0
4474,45327632,0,0,0,12,0,0
4475,45337632,0,0,0,13,0,0
4476,45347632,0,0,0,10,0,0
4477,45357632,0,0,0,8,0,0
4478,45367632,0,0,0,6,0,0
4479,45377633,0,0,0,11,0,0
4480,45387632,0,0,0,14,0,0
4481,45397633,0,0,0,0,0,0
4482,45407632,0,0,0,16,0,0
4483,45417632,0,18,0,15,0,0
4484,45427632,0,228,0,10,0,0
4485,45437632,185,498,0,1,0,0
4486,45447632,442,714,0,0,0,0
4487,45457632,668,872,0,0,0,0
4488,45467633,793,970,0,0,0,0
4489,45477632,881,1021,0,0,0,0
4490,45487633,946,1081,0,0,0,0
4491,45497632,1013,1152,14,0,0,0
4492,45507632,1079,1202,32,0,0,0
4493,45517632,1130,1251,52,4,0,0
4494,45527632,1184,1287,55,4,0,0
4495,45537632,1211,1320,62,11,0,0
4496,45547632,1238,1355,88,24,0,0
4497,45557632,1265,1376,120,36,0,0
4498,45567632,1302,1393,143,46,0,0
4499,45577632,1326,1407,144,34,0,0
4500,45587632,1344,1440,213,119,0,0
4501,45597632,1372,1453,254,151,0,0
4502,45607632,1383,1458,289,173,0,0
4503,45617632,1393,1471,321,210,0,0
4504,45627632,1391,1494,350,255,0,0
4505,45637632,1395,1497,385,289,0,0
4506,45647633,1403,1503,425,333,0,0
4507,45657632,1414,1506,467,357,0,18
4508,45667632,1427,1503,460,317,0,13
4509,45677632,1433,1525,515,411,0,30
4510,45687632,1448,1528,544,431,0,36
4511,45697632,1457,1540,561,453,0,36
4512,45707632,1463,1552,566,464,0,40
4513,45717632,1464,1566,583,474,0,43
4514,45727632,1472,1568,594,488,0,45
4515,45737633,1473,1573,605,502,0,44
4516,45747632,1481,1571,616,519,0,46
4517,45757632,1485,1559,585,458,0,30
4518,45767632,1484,1575,643,541,0,53
4519,45777632,1482,1578,651,554,0,54
4520,45787632,1492,1571,664,567,0,57
4521,45797632,1489,1572,673,579,0,60
4522,45807632,1481,1575,680,591,0,69
4523,45817632,1483,1565,689,598,0,74
4524,45827633,1474,1565,703,626,0,87
4525,45837632,1463,1560,715,655,0,108
4526,45847632,1458,1539,691,592,0,108
4527,45857632,1442,1545,762,699,0,150
4528,45867632,1434,1528,792,721,0,156
4529,45877632,1423,1516,814,744,0,175
4530,45887632,1401,1509,846,767,0,187
4531,45897632,1383,1510,862,794,0,199
4532,45907632,1375,1497,881,810,0,208
4533,45917632,1370,1485,904,822,0,212
4534,45927632,1358,1484,913,843,0,226
4535,45937632,1348,1464,872,766,0,218
4536,45947632,1346,1463,936,869,0,256
4537,45957632,1338,1457,944,877,0,268
4538,45967632,1332,1462,946,896,0,284
4539,45977632,1328,1461,954,905,0,294
4540,45987632,1326,1457,962,918,0,307
4541,45997632,1324,1452,971,918,0,328
4542,46007633,1324,1438,981,925,0,341
4543,46017632,1308,1438,981,936,0,358
4544,46027633,1305,1419,929,842,0,334
4545,46037632,1292,1421,994,948,0,381
4546,46047632,1285,1412,994,952,0,401
4547,46057632,1284,1400,0,953,0,413
4548,46067632,1278,1393,0,960,0,436
4549,46077632,1267,1391,0,965,0,461
4550,46087632,1259,1387,0,969,0,489
4551,46097632,1256,1376,0,969,0,507
4552,46107632,1251,1361,0,973,0,527
4553,46117632,1241,1345,0,887,0,516
4554,46127632,1232,1350,0,989,0,568
4555,46137632,1228,1336,0,995,0,575
4556,46147632,1219,1326,0,1000,0,590
4557,46157632,1209,1318,0,1005,0,601
4558,46167632,1197,1316,0,1015,0,627
4559,46177632,1198,1300,0,1012,0,639
4560,46187633,1189,1295,0,1012,0,670
4561,46197632,1190,1287,0,1009,6,0
4562,46207632,1184,1279,0,922,0,0
4563,46217632,1178,1280,0,1028,28,0
4564,46227632,1167,1265,0,1036,31,0
4565,46237632,1150,1259,0,1044,41,730
4566,46247632,1133,1250,0,1051,49,746
4567,46257632,1112,1245,0,1064,55,757
4568,46267632,1101,1236,0,1071,67,766
4569,46277633,1089,1228,0,1073,73,778
4570,46287632,1071,1210,0,1076,86,784
4571,46297632,1055,1192,0,975,55,735
4572,46307632,1032,1187,0,1087,107,790
4573,46317632,996,1167,0,1092,115,793
4574,46327632,968,1147,0,1099,132,805
4575,46337632,938,1123,0,1106,154,815
4576,46347632,912,1107,0,1119,164,835
4577,46357632,889,1075,0,1122,177,843
4578,46367633,855,1047,0,1129,197,856
4579,46377632,809,1011,0,1139,221,866
4580,46387633,759,974,0,1036,206,826
4581,46397632,710,935,0,1158,290,894
4582,46407632,635,896,0,1165,320,907
4583,46417632,576,849,0,1170,357,928
4584,46427632,477,787,0,1178,395,941
4585,46437632,376,721,0,1190,420,970
4586,46447632,266,628,464,1192,454,985
4587,46457632,151,543,1064,1190,474,992
4588,46467632,40,446,1061,1199,490,1005
4589,46477632,0,320,988,1079,438,952
4590,46487632,0,172,1044,1194,546,1027
4591,46497632,0,51,1019,1191,586,1046
4592,46507632,0,0,975,1187,611,1067
4593,46517632,0,0,926,1184,617,1085
4594,46527632,0,0,854,1179,625,1116
4595,46537632,0,0,778,1161,625,1129
4596,46547633,0,0,674,1129,630,1153
4597,46557632,0,0,619,1082,589,1173
4598,46567632,0,0,517,925,445,1148
4599,46577632,0,0,477,960,448,1231
4600,46587632,0,0,414,904,370,1251
4601,46597632,0,0,367,844,294,1281
4602,46607632,0,0,332,800,180,1292
4603,46617632,0,0,287,754,78,1295
4604,46627632,0,0,270,691,18,1283
4605,46637632,0,0,251,639,0,1253
4606,46647632,0,0,228,593,0,1217
4607,46657633,0,0,172,469,0,1121
4608,46667632,0,0,180,492,0,1099
4609,46677632,0,0,149,420,0,1005
4610,46687632,0,0,137,379,0,906
4611,46697632,0,0,119,328,0,789
4612,46707632,0,0,103,279,0,663
4613,46717632,0,0,90,235,0,520
4614,46727633,0,0,81,215,0,294
4615,46737632,0,0,80,172,0,74
4616,46747633,0,0,38,67,0,0
4617,46757632,0,0,36,80,0,0
4618,46767632,0,0,45,81,0,0
4619,46777632,0,0,44,83,0,0
4620,46787632,0,0,43,76,0,0
4621,46797632,0,0,31,70,0,0
4622,46807632,0,0,25,60,0,0
4623,46817632,0,0,24,53,0,0
4624,46827632,0,0,18,51,0,0
4625,46837632,0,0,10,10,0,0
4626,46847632,0,0,17,45,0,0
4627,46857632,0,0,14,44,0,0
4628,46867632,0,0,21,49,0,0
4629,46877632,0,0,25,46,0,0
4630,46887632,0,0,28,50,0,0
4631,46897632,0,0,30,51,0,0
4632,46907632,0,0,35,54,0,0
4633,46917632,0,0,35,56,0,0
4634,46927632,0,0,19,21,0,0
4635,46937632,0,0,35,50,0,0
4636,46947632,0,0,35,47,0,0
4637,46957632,0,0,36,47,0,0
4638,46967632,0,0,32,47,0,0
4639,46977632,0,0,32,46,0,0
4640,46987632,0,0,25,42,0,0
4641,46997632,0,0,22,29,0,0
4642,47007632,0,0,9,28,0,0
4643,47017632,0,0,1,0,0,0
4644,47027632,0,0,0,21,0,0
4645,47037632,0,0,0,14,0,0
4646,47047632,0,0,0,12,0,0
4647,47057632,0,0,0,10,0,0
4648,47067632,0,0,0,5,0,0
4649,47077632,0,0,0,4,0,0
4650,47087632,0,0,0,1,0,0
4651,47097632,0,0,0,0,0,0
4652,47107632,0,0,0,0,0,0
4653,47117632,0,0,0,0,0,0
4654,47127632,0,0,0,0,0,0
4655,47137632,0,0,0,0,0,0
4656,47147632,0,0,0,0,0,0
4657,47157632,0,0,0,0,0,0
4658,47167632,0,0,0,1,0,0
4659,47177632,0,0,0,1,0,0
4660,47187632,0,0,0,6,0,0
4661,47197632,0,0,0,0,0,0
4662,47207632,0,0,0,6,0,0
4663,47217632,0,0,0,10,0,0
4664,47227632,0,0,0,11,0,0
4665,47237632,0,0,0,17,0,0
4666,47247632,0,0,0,17,0,0
4667,47257632,0,0,0,20,0,0
4668,47267632,0,0,0,23,0,0
4669,47277632,0,0,0,15,0,0
4670,47287632,0,0,0,0,0,0
4671,47297632,0,38,0,6,0,0
4672,47307632,0,183,0,0,0,0
4673,47317632,91,361,0,1,0,0
4674,47327632,326,575,1,0,0,0
4675,47337632,552,722,0,0,0,0
4676,47347632,684,818,0,0,0,0
4677,47357632,790,913,0,0,0,0
4678,47367632,886,975,0,0,0,0
4679,47377632,949,1016,0,0,0,0
4680,47387632,992,1078,5,0,0,0
4681,47397632,1035,1114,22,0,0,0
4682,47407632,1074,1146,28,0,0,0
4683,47417632,1107,1186,38,0,0,0
4684,47427632,1145,1210,49,0,0,0
4685,47437632,1183,1239,59,0,0,0
4686,47447632,1209,1268,74,7,0,0
4687,47457632,1244,1293,78,4,0,0
4688,47467632,1272,1305,67,0,0,0
4689,47477632,1302,1332,117,24,0,0
4690,47487632,1327,1353,134,24,0,0
4691,47497632,1353,1367,152,36,0,0
4692,47507632,1368,1383,168,41,0,0
4693,47517632,1374,1408,183,48,0,0
4694,47527632,1389,1417,203,61,0,0
4695,47537632,1402,1431,205,79,0,0
4696,47547632,1419,1439,242,103,0,0
4697,47557632,1431,1449,251,120,0,0
4698,47567632,1438,1470,281,151,0,0
4699,47577632,1458,1478,299,153,0,0
4700,47587632,1464,1495,308,168,0,0
4701,47597632,1481,1497,314,173,0,0
4702,47607632,1484,1512,322,182,0,0
4703,47617632,1496,1513,336,205,0,0
4704,47627632,1505,1513,351,221,0,0
4705,47637632,1510,1516,364,233,0,0
4706,47647632,1508,1518,355,197,0,0
4707,47657632,1510,1523,409,275,0,0
4708,47667632,1514,1520,433,307,0,0
4709,47677632,1509,1517,475,354,0,0
4710,47687632,1503,1515,510,392,0,0
4711,47697632,1491,1517,551,435,0,19
4712,47707632,1486,1506,583,476,0,69
4713,47717633,1475,1499,613,523,0,118
4714,47727632,1464,1484,652,569,0,177
4715,47737632,1449,1468,644,529,0,207
4716,47747632,1427,1462,709,648,0,301
4717,47757632,1390,1447,736,682,0,331
4718,47767632,1374,1441,750,718,0,422
4719,47777632,1363,1431,773,745,0,468
4720,47787632,1360,1409,795,761,0,506
4721,47797632,1344,1399,812,791,0,502
4722,47807633,1323,1393,829,813,0,0
4723,47817632,1306,1379,0,828,0,0
4724,47827632,1286,1347,0,760,0,513
4725,47837632,1259,1333,0,872,0,660
4726,47847632,1233,1316,0,891,2,694
4727,47857632,1209,1295,0,908,13,724
4728,47867632,1188,1272,0,920,29,744
4729,47877632,1169,1255,0,936,43,765
4730,47887632,1161,1231,0,933,55,780
4731,47897633,1140,1222,0,938,69,793
4732,47907632,1134,1213,0,942,74,810
4733,47917632,1128,1205,0,853,47,769
4734,47927632,1130,1201,0,949,97,833
4735,47937632,1128,1195,0,952,108,839
4736,47947632,1127,1193,0,962,117,848
4737,47957632,1126,1189,0,967,120,856
4738,47967632,1123,1199,0,974,123,862
4739,47977632,1136,1198,0,971,128,857
4740,47987632,1144,1203,0,971,126,854
4741,47997632,1155,1209,0,971,124,850
4742,48007632,1158,1218,0,879,84,789
4743,48017632,1167,1221,0,983,120,852
4744,48027632,1168,1222,0,981,120,848
4745,48037632,1166,1220,0,986,119,853
4746,48047632,1157,1220,0,992,117,857
4747,48057632,1150,1222,0,997,112,860
4748,48067632,1153,1214,0,992,122,854
4749,48077633,1153,1211,0,992,124,852
4750,48087632,1156,1214,0,994,123,848
4751,48097633,1146,1217,0,902,81,785
4752,48107632,1147,1209,0,1000,121,854
4753,48117632,1143,1202,0,1001,121,850
4754,48127632,1135,1196,0,1006,123,862
4755,48137632,1122,1188,0,1009,123,870
4756,48147632,1112,1184,0,1015,136,874
4757,48157632,1110,1171,0,1015,141,872
4758,48167632,1102,1163,0,1018,145,874
4759,48177632,1090,1160,0,1021,155,879
4760,48187632,1073,1149,0,927,115,822
4761,48197632,1065,1142,0,1034,169,890
4762,48207632,1052,1134,0,1041,174,894
4763,48217632,1042,1129,0,1045,189,907
4764,48227632,1021,1128,0,1051,201,913
4765,48237632,1018,1117,0,1054,213,914
4766,48247632,1012,1111,0,1053,227,915
4767,48257632,1004,1102,0,1055,235,916
4768,48267632,1001,1097,0,1058,250,919
4769,48277632,991,1097,0,958,212,846
4770,48287632,991,1089,0,1066,274,924
4771,48297632,983,1077,0,1068,280,925
4772,48307632,973,1068,0,1073,276,930
4773,48317632,966,1060,0,1074,281,934
4774,48327632,955,1061,0,1082,286,941
4775,48337632,955,1045,0,1082,288,940
4776,48347632,947,1040,0,1084,287,939
4777,48357632,934,1027,0,1089,288,938
4778,48367632,918,1022,0,981,240,879
4779,48377632,906,1018,0,1096,296,946
4780,48387632,892,1012,0,1097,309,944
4781,48397632,879,1008,0,1103,316,954
4782,48407632,863,1002,0,1106,328,960
4783,48417632,849,993,0,1111,338,967
4784,48427632,836,992,984,1111,346,966
4785,48437632,822,987,1000,1113,361,972
4786,48447632,807,971,1013,1115,379,978
4787,48457632,782,955,980,1011,335,910
4788,48467632,758,954,1024,1127,404,998
4789,48477632,727,946,1023,1135,414,1002
4790,48487632,698,933,1033,1135,430,1013
4791,48497632,670,919,1040,1136,446,1013
4792,48507632,645,913,1041,1143,463,1026
4793,48517632,616,912,1039,1156,479,1042
4794,48527632,596,888,1047,1148,496,1043
4795,48537632,578,874,1049,1151,507,1048
4796,48547632,556,866,1003,1047,446,965
4797,48557632,541,859,1046,1164,533,1066
4798,48567632,526,842,1054,1162,546,1070
4799,48577632,496,828,1054,1167,555,1079
4800,48587632,472,812,1050,1170,565,1085
4801,48597632,445,791,1056,1166,583,1090
4802,48607632,419,764,1049,1171,580,1101
4803,48617632,404,749,1056,1163,594,1101
4804,48627632,382,723,1049,1162,600,1103
4805,48637632,371,710,1001,1046,529,1007
4806,48647632,363,699,1039,1146,598,1101
4807,48657632,360,699,1017,1142,570,1100
4808,48667632,366,699,1011,1128,544,1090
4809,48677632,371,701,1005,1112,527,1069
4810,48687632,369,701,991,1110,504,1074
4811,48697632,347,666,983,1093,494,1066
4812,48707632,298,632,965,1093,482,1072
4813,48717632,238,575,960,1078,482,1072
4814,48727632,170,501,905,964,411,981
4815,48737632,99,440,919,1069,465,1077
4816,48747632,29,367,897,1057,452,1073
4817,48757632,0,286,875,1045,432,1072
4818,48767632,0,216,840,1038,406,1067
4819,48777632,0,159,809,1014,393,1051
4820,48787632,0,108,768,994,367,1019
4821,48797632,0,87,724,974,354,988
4822,48807632,0,58,676,952,326,978
4823,48817632,0,43,602,844,239,915
4824,48827632,0,23,591,917,271,963
4825,48837632,0,3,539,891,232,946
4826,48847632,0,0,488,875,191,947
4827,48857632,0,0,457,850,165,920
4828,48867632,0,0,428,835,150,918
4829,48877632,0,0,406,807,135,894
4830,48887632,0,0,389,778,115,882
4831,48897632,0,0,367,758,105,868
4832,48907632,0,0,313,656,55,803
4833,48917632,0,0,320,726,95,843
4834,48927632,0,0,310,694,85,826
4835,48937632,0,0,287,667,77,822
4836,48947632,0,0,264,636,68,812
4837,48957632,0,0,246,622,71,803
4838,48967632,0,0,238,612,69,796
4839,48977633,0,0,216,598,69,795
4840,48987632,0,0,207,580,63,783
4841,48997633,0,0,168,490,20,728
4842,49007632,0,0,180,546,51,755
4843,49017632,0,0,175,536,43,732
4844,49027632,0,0,166,527,37,706
4845,49037632,0,0,159,503,29,677
4846,49047632,0,0,155,490,16,644
4847,49057632,0,0,158,469,0,561
4848,49067632,0,0,162,433,0,0
4849,49077632,0,0,158,404,0,396
4850,49087632,0,0,137,306,0,266
4851,49097632,0,0,150,329,0,153
4852,49107632,0,0,136,278,0,31
4853,49117632,0,0,120,240,0,0
4854,49127632,0,0,106,201,0,0
4855,49137632,0,0,99,159,0,0
4856,49147632,0,0,83,117,0,0
4857,49157632,0,0,81,102,0,0
4858,49167632,0,0,83,103,0,0
4859,49177632,0,0,70,61,0,0
4860,49187632,0,0,84,91,0,0
4861,49197632,0,0,78,79,0,0
4862,49207632,0,0,75,78,0,0
4863,49217632,0,0,76,76,0,0
4864,49227632,0,0,78,75,0,0
4865,49237632,0,0,75,75,0,0
4866,49247632,0,0,73,73,0,0
4867,49257632,0,0,68,70,0,0
4868,49267633,0,0,55,34,0,0
4869,49277632,0,0,70,77,0,0
4870,49287632,0,0,71,76,0,0
4871,49297632,0,0,72,74,0,0
4872,49307632,0,0,71,72,0,0
4873,49317632,0,0,67,73,0,0
4874,49327632,0,0,68,66,0,0
4875,49337632,0,0,64,65,0,0
4876,49347632,0,0,62,58,0,0
4877,49357633,0,0,48,21,0,0
4878,49367632,0,0,62,56,0,0
4879,49377632,0,0,56,54,0,0
4880,49387632,0,0,53,54,0,0
4881,49397632,0,2,56,56,0,0
4882,49407632,0,5,56,56,0,0
4883,49417632,0,7,61,54,0,0
4884,49427633,0,8,60,58,0,0
4885,49437632,0,12,69,56,0,0
4886,49447632,0,14,51,24,0,0
4887,49457632,0,20,64,58,0,0
4888,49467632,0,22,69,59,0,0
4889,49477632,0,28,72,63,0,0
4890,49487632,0,34,73,62,0,0
4891,49497632,0,37,79,58,0,0
4892,49507632,0,46,81,62,0,0
4893,49517632,0,54,88,69,0,0
4894,49527632,0,57,84,68,0,0
4895,49537632,0,60,72,30,0,0
4896,49547632,0,68,89,67,0,0
4897,49557632,0,67,92,66,0,0
4898,49567632,0,73,93,73,0,0
4899,49577632,0,77,93,70,0,0
4900,49587632,0,78,101,72,0,0
4901,49597632,0,84,100,73,0,0
4902,49607633,0,88,96,75,0,0
4903,49617632,0,86,103,72,0,0
4904,49627632,0,83,92,34,0,0
4905,49637632,0,82,101,74,0,0
4906,49647632,0,83,99,73,0,0
4907,49657632,0,86,98,77,0,0
4908,49667632,0,80,97,81,0,0
4909,49677632,0,75,90,70,0,0
4910,49687632,0,74,87,64,0,0
4911,49697632,0,82,82,57,0,0
4912,49707632,0,198,73,40,0,0
4913,49717632,0,276,61,0,0,0
4914,49727632,26,329,66,9,0,0
4915,49737632,58,352,53,1,0,0
4916,49747632,93,377,45,0,0,0
4917,49757632,146,393,40,0,0,0
4918,49767632,173,423,30,0,0,0
4919,49777632,229,469,23,0,0,0
4920,49787633,302,496,24,0,0,0
4921,49797632,372,534,29,0,0,0
4922,49807632,452,596,13,0,0,0
4923,49817632,522,630,25,0,0,0
4924,49827632,597,685,20,0,0,0
4925,49837632,701,769,18,0,0,0
4926,49847632,824,864,21,0,0,0
4927,49857632,900,940,23,0,0,0
4928,49867632,950,979,33,0,0,0
4929,49877632,987,1014,24,0,0,0
4930,49887632,1019,1043,21,0,0,0
4931,49897632,1051,1069,13,0,0,0
4932,49907632,1082,1098,23,0,0,0
4933,49917632,1114,1125,21,0,0,0
4934,49927632,1144,1151,24,0,0,0
4935,49937632,1163,1182,24,0,0,0
4936,49947632,1174,1206,33,0,0,0
4937,49957632,1185,1214,53,0,0,0
4938,49967632,1194,1227,94,19,0,0
4939,49977632,1201,1240,156,62,0,0
4940,49987632,1204,1254,182,74,0,0
4941,49997632,1229,1261,240,164,0,0
4942,50007632,1235,1272,282,201,0,0
4943,50017632,1244,1287,318,235,0,30
4944,50027632,1254,1298,336,255,0,61
4945,50037632,1258,1313,365,296,0,109
4946,50047632,1272,1315,403,322,0,152
4947,50057633,1275,1321,437,357,0,199
4948,50067632,1281,1333,476,391,0,228
4949,50077633,1282,1328,490,355,0,217
4950,50087632,1291,1335,534,440,0,282
4951,50097632,1295,1341,556,470,0,314
4952,50107632,1291,1351,567,492,0,347
4953,50117632,1292,1356,589,529,0,364
4954,50127632,1298,1360,601,543,0,387
4955,50137632,1301,1355,616,557,0,399
4956,50147632,1301,1357,630,573,0,414
4957,50157632,1305,1357,649,586,0,426
4958,50167632,1301,1355,638,526,0,383
4959,50177632,1300,1365,666,618,0,446
4960,50187632,1305,1357,685,628,0,448
4961,50197632,1302,1359,695,634,0,456
4962,50207632,1298,1357,701,651,0,467
4963,50217632,1297,1350,715,657,0,473
4964,50227632,1287,1350,724,672,0,484
4965,50237632,1237,1340,738,685,0,503
4966,50247632,1265,1341,747,699,0,525
4967,50257632,1256,1327,735,624,0,473
4968,50267632,1250,1322,782,726,0,558
4969,50277632,1241,1318,800,743,0,572
4970,50287632,1226,1316,816,770,3,601
4971,50297632,1217,1301,845,794,11,615
4972,50307632,1193,1293,860,826,22,656
4973,50317632,1170,1274,882,853,42,694
4974,50327632,1142,1246,909,888,63,0
4975,50337632,1108,1209,940,917,85,0
4976,50347632,1059,1180,939,950,119,0
4977,50357632,995,1147,971,984,153,0
4978,50367632,946,1109,1002,1014,189,0
4979,50377632,874,1065,1026,1045,239,0
4980,50387632,802,1015,1034,1068,306,1013
4981,50397632,718,962,1046,1087,371,1064
4982,50407632,636,915,1057,1099,421,1091
4983,50417632,569,874,1065,1115,471,1115
4984,50427632,500,838,1062,1132,516,1142
4985,50437632,446,804,1036,1041,489,1053
4986,50447632,395,763,1079,1154,597,1174
4987,50457632,353,715,1079,1164,621,1191
4988,50467632,314,696,1082,1176,655,1205
4989,50477632,287,680,1084,1178,669,1212
4990,50487632,251,687,1088,1193,686,1231
4991,50497632,227,682,1093,1192,713,1233
4992,50507632,203,681,1087,1200,736,1243
4993,50517632,184,680,1085,1203,770,1253
4994,50527632,169,680,1047,1090,718,1145
4995,50537632,159,678,1068,1198,836,1270
4996,50547632,158,667,1054,1196,869,1282
4997,50557632,154,667,1040,1203,888,1309
4998,50567632,154,667,1042,1186,918,1310
4999,50577632,148,666,1038,1198,943,1319
5000,50587632,142,663,1029,1203,963,1332
5001,50597632,131,652,1028,1199,994,1336
5002,50607632,124,652,1027,1200,1012,1343
5003,50617632,121,647,997,1090,925,1237
5004,50627632,122,647,1024,1200,1050,1357
5005,50637632,121,657,1018,1205,1054,1363
5006,50647632,125,665,1016,1209,1065,1372
5007,50657632,134,667,1021,1201,1074,1366
5008,50667632,146,679,1021,1201,1075,1369
5009,50677632,158,682,1022,1198,1068,1369
5010,50687633,179,696,1025,1198,1059,1368
5011,50697632,197,727,1021,1205,1037,1371
5012,50707632,229,742,1001,1087,908,1237
5013,50717632,272,770,1034,1191,978,1339
5014,50727632,303,802,1028,1188,930,1329
5015,50737632,343,829,1028,1180,893,1313
5016,50747632,391,858,1022,1179,866,1305
5017,50757632,425,873,1030,1170,850,1288
5018,50767632,448,895,1022,1171,834,1281
5019,50777632,477,902,1023,1158,833,1262
5020,50787632,493,916,1029,1153,822,1247
5021,50797632,511,925,1005,1044,721,1125
5022,50807632,535,939,1025,1154,787,1226
5023,50817632,558,945,1027,1140,769,1202
5024,50827632,581,953,1026,1137,749,1189
5025,50837632,603,969,1025,1133,726,1171
5026,50847632,619,986,1021,1130,706,1152
5027,50857632,634,999,1012,1127,690,1145
5028,50867633,636,912,913,1010,678,1134
5029,50877632,687,1016,1017,1108,680,1117
5030,50887632,701,1034,986,991,598,1004
5031,50897632,721,1049,1007,1107,669,1111
5032,50907632,739,1055,1013,1096,670,1089
5033,50917632,745,1070,1005,1100,664,1090
5034,50927632,763,1071,1006,1085,668,1076
5035,50937632,774,1078,1007,1083,666,1074
5036,50947632,780,1087,1004,1082,665,1076
5037,50957632,790,1092,1004,1079,656,1070
5038,50967632,793,1103,1002,1083,650,1071
5039,50977632,802,1103,979,1052,650,1064
5040,50987632,810,1112,1004,1076,631,1055
5041,50997632,812,1121,1001,1077,613,1052
5042,51007632,823,1121,1003,1071,599,1047
5043,51017632,833,1124,1004,1067,583,1033
5044,51027632,844,1133,1008,1062,564,1022
5045,51037632,848,1139,1005,1061,548,1009
5046,51047633,862,1142,1008,1054,520,999
5047,51057632,873,1149,1008,1051,474,987
5048,51067632,875,1167,980,941,365,877
5049,51077632,890,1177,1006,1052,382,968
5050,51087632,907,1177,1011,1043,349,948
5051,51097632,915,1191,1007,1042,335,941
5052,51107632,933,1192,1009,1019,321,918
5053,51117632,941,1202,1007,1014,303,903
5054,51127632,952,1212,1003,998,276,884
5055,51137632,966,1228,995,987,248,858
5056,51147632,977,1245,986,984,226,854
5057,51157632,990,1248,966,969,209,840
5058,51167632,1003,1256,980,956,201,830
5059,51177632,1012,1264,974,948,194,0
5060,51187632,1022,1270,972,938,181,0
5061,51197632,1030,1279,965,931,165,0
5062,51207632,1038,1290,957,925,156,0
5063,51217632,1043,1297,952,918,144,0
5064,51227633,1050,1298,946,907,141,0
5065,51237632,1056,1301,943,894,133,0
5066,51247632,1055,1307,912,797,80,0
5067,51257632,1070,1309,933,880,118,0
5068,51267632,1076,1312,931,876,114,0
5069,51277632,1073,1318,926,876,116,0
5070,51287632,1074,1324,917,871,109,0
5071,51297632,1081,1325,917,862,104,0
5072,51307632,1094,1321,917,854,101,0
5073,51317632,1060,1313,913,851,95,0
5074,51327632,1091,1323,904,846,105,0
5075,51337632,1082,1321,878,752,66,0
5076,51347632,1075,1325,890,843,106,0
5077,51357632,1070,1317,886,839,108,0
5078,51367632,1070,1311,883,836,110,0
5079,51377632,1065,1315,873,833,116,0
5080,51387632,1065,1307,873,823,123,0
5081,51397632,1059,1299,865,819,125,0
5082,51407632,1055,1293,858,816,131,0
5083,51417632,1044,1284,851,807,133,0
5084,51427632,1029,1281,813,717,92,0
5085,51437632,1041,1264,820,790,137,0
5086,51447632,1022,1255,811,781,142,0
5087,51457632,1016,1248,794,777,142,0
5088,51467632,1020,1233,782,773,142,0
5089,51477632,1035,1212,771,761,150,0
5090,51487632,1043,1203,755,750,151,0
5091,51497632,1047,1191,744,741,154,0
5092,51507632,1044,1181,737,727,156,0
5093,51517632,1036,1175,702,630,108,0
5094,51527632,1040,1169,707,698,143,0
5095,51537632,1044,1170,685,685,126,0
5096,51547632,1038,1180,668,675,105,0
5097,51557632,1043,1183,638,656,85,0
5098,51567632,1061,1183,612,623,58,375
5099,51577632,1064,1183,574,597,40,638
5100,51587633,1027,1184,550,567,24,608
5101,51597632,1071,1186,516,535,10,582
5102,51607632,1052,1179,477,438,0,490
5103,51617632,1039,1160,476,481,0,537
5104,51627632,1007,1140,439,462,0,513
5105,51637632,970,1110,407,432,0,493
5106,51647632,937,1069,377,409,0,479
5107,51657633,895,1027,345,378,0,457
5108,51667632,850,982,328,362,0,429
5109,51677632,795,932,291,333,0,405
5110,51687632,726,878,260,305,0,377
5111,51697632,639,827,228,233,0,308
5112,51707632,572,765,213,274,0,335
5113,51717632,486,715,189,235,0,307
5114,51727632,390,657,170,207,0,269
5115,51737632,293,606,133,189,0,218
5116,51747632,240,545,103,167,0,165
5117,51757632,170,490,71,116,0,121
5118,51767633,118,430,46,77,0,65
5119,51777632,70,374,34,38,0,31
5120,51787632,44,337,15,0,0,0
5121,51797632,23,307,12,17,0,0
5122,51807632,3,281,0,2,0,0
5123,51817632,0,263,0,0,0,0
5124,51827632,0,239,0,0,0,0
5125,51837632,0,216,0,0,0,0
5126,51847632,0,201,0,0,0,0
5127,51857632,0,172,0,0,0,0
5128,51867632,0,157,0,0,0,0
5129,51877632,0,132,0,0,0,0
5130,51887632,0,111,0,0,0,0
5131,51897632,0,118,0,0,0,0
5132,51907632,0,115,0,0,0,0
5133,51917632,0,116,0,0,0,0
5134,51927632,0,120,0,0,0,0
5135,51937632,0,122,0,0,0,0
5136,51947633,0,124,0,0,0,0
5137,51957632,0,120,0,2,0,0
5138,51967632,0,128,0,0,0,0
5139,51977632,0,122,0,5,0,0
5140,51987632,0,118,0,7,0,0
5141,51997632,0,121,0,6,0,0
5142,52007632,0,120,0,6,0,0
5143,52017632,0,121,0,7,0,0
5144,52027632,0,123,0,6,0,0
5145,52037632,0,123,1,8,0,0
5146,52047632,0,125,3,10,0,0
5147,52057632,0,132,1,0,0,0
5148,52067632,0,130,6,9,0,0
5149,52077632,0,138,5,13,0,0
5150,52087632,0,140,9,10,0,0
5151,52097632,0,139,13,19,0,0
5152,52107632,0,139,17,22,0,0
5153,52117632,0,139,23,20,0,0
5154,52127632,0,135,23,22,0,0
5155,52137632,0,135,26,24,0,0
5156,52147632,0,136,25,0,0,0
5157,52157632,0,136,31,25,0,0
5158,52167632,0,140,35,27,0,0
5159,52177632,0,140,37,27,0,0
5160,52187632,0,141,41,27,0,0
5161,52197632,0,145,43,29,0,0
5162,52207632,0,141,42,28,0,0
5163,52217633,0,143,44,27,0,0
5164,52227632,0,139,45,25,0,0
5165,52237632,0,140,42,0,0,0
5166,52247632,0,139,52,27,0,0
5167,52257632,0,141,54,27,0,0
5168,52267632,0,140,56,27,0,0
5169,52277632,0,144,55,29,0,0
5170,52287632,0,145,57,31,0,0
5171,52297632,0,144,69,30,0,0
5172,52307633,0,148,65,30,0,0
5173,52317632,0,149,70,28,0,0
5174,52327632,0,146,64,3,0,0
5175,52337632,0,142,74,35,0,0
5176,52347632,0,140,80,34,0,0
5177,52357632,0,138,87,39,0,0
5178,52367632,0,137,91,39,0,0
5179,52377632,0,142,86,38,0,0
5180,52387632,0,138,94,38,0,0
5181,52397633,0,137,100,41,0,0
5182,52407632,0,136,99,38,0,0
5183,52417632,0,137,93,10,0,0
5184,52427632,0,140,103,46,0,0
5185,52437632,0,141,115,48,0,0
5186,52447632,0,146,115,47,0,0
5187,52457632,0,140,120,54,0,0
5188,52467632,0,140,123,54,0,0
5189,52477632,0,185,127,55,0,0
5190,52487632,0,264,129,61,0,0
5191,52497632,0,345,129,58,0,0
5192,52507632,38,418,135,31,0,0
5193,52517632,107,471,145,56,0,0
5194,52527632,186,549,147,46,0,0
5195,52537632,306,656,138,41,0,0
5196,52547632,409,748,121,23,0,0
5197,52557632,517,812,113,14,0,0
5198,52567632,593,865,112,6,0,0
5199,52577633,649,911,90,1,0,0
5200,52587632,695,952,93,0,0,0
5201,52597632,732,989,87,0,0,0
5202,52607632,792,1022,99,0,0,0
5203,52617632,842,1064,102,1,0,0
5204,52627632,890,1102,99,0,0,0
5205,52637632,924,1141,109,2,0,0
5206,52647632,969,1179,122,5,0,0
5207,52657632,998,1195,144,4,0,0
5208,52667632,1035,1218,168,20,0,0
5209,52677632,1060,1244,187,31,0,0
5210,52687632,1077,1270,195,16,0,0
5211,52697632,1110,1282,232,91,0,0
5212,52707632,1134,1299,276,145,0,0
5213,52717632,1156,1314,306,199,0,0
5214,52727632,1174,1328,336,247,0,0
5215,52737632,1200,1340,378,308,0,0
5216,52747632,1222,1347,429,366,0,0
5217,52757632,1238,1359,477,410,0,0
5218,52767632,1253,1370,524,453,0,0
5219,52777632,1264,1378,559,425,0,0
5220,52787632,1290,1389,600,532,0,9
5221,52797632,1309,1404,626,569,0,36
5222,52807632,1323,1422,654,602,0,45
5223,52817632,1336,1441,676,624,0,59
5224,52827632,1356,1445,703,640,0,77
5225,52837632,1366,1453,716,658,0,94
5226,52847633,1376,1462,725,669,0,106
5227,52857632,1386,1466,743,680,0,113
5228,52867632,1394,1476,740,616,0,84
5229,52877632,1402,1486,760,699,0,130
5230,52887632,1412,1490,770,710,0,141
5231,52897632,1411,1505,770,719,0,151
5232,52907632,1427,1501,780,718,0,158
5233,52917632,1434,1510,784,722,0,164
5234,52927632,1440,1513,788,724,0,165
5235,52937632,1445,1516,788,725,0,166
5236,52947632,1453,1522,786,724,0,168
5237,52957632,1452,1527,768,646,0,136
5238,52967632,1463,1530,779,718,0,183
5239,52977632,1463,1548,769,716,0,187
5240,52987632,1467,1552,765,715,0,194
5241,52997632,1480,1546,764,701,0,188
5242,53007632,1483,1551,759,699,0,198
5243,53017632,1488,1553,756,695,0,209
5244,53027633,1489,1553,750,691,0,209
5245,53037632,1491,1554,745,684,0,212
5246,53047632,1489,1553,732,607,0,170
5247,53057632,1494,1560,739,677,0,222
5248,53067632,1499,1559,736,670,0,226
5249,53077632,1495,1570,727,672,0,234
5250,53087632,1496,1572,723,666,0,237
5251,53097632,1507,1566,724,652,0,239
5252,53107632,1509,1565,722,643,0,251
5253,53117632,1511,1566,714,632,0,264
5254,53127632,1515,1566,709,626,0,276
5255,53137632,1506,1570,686,546,0,222
5256,53147632,1517,1568,692,604,0,281
5257,53157632,1513,1577,682,600,0,284
5258,53167632,1514,1581,673,594,0,287
5259,53177632,1516,1581,665,582,0,291
5260,53187632,1527,1578,666,566,0,288
5261,53197632,1528,1578,660,554,0,286
5262,53207633,1531,1577,651,551,0,288
5263,53217632,1527,1583,641,547,0,287
5264,53227632,1531,1578,630,463,0,232
5265,53237632,1539,1580,631,524,0,279
5266,53247632,1534,1587,623,516,0,268
5267,53257632,1529,1591,616,506,0,248
5268,53267632,1541,1584,615,491,0,241
5269,53277632,1542,1587,602,483,0,236
5270,53287632,1541,1587,593,470,0,233
5271,53297632,1544,1588,583,459,0,231
5272,53307632,1545,1587,567,446,0,225
5273,53317632,1537,1587,536,378,0,174
5274,53327632,1550,1588,540,427,0,219
5275,53337632,1551,1588,530,409,0,218
5276,53347632,1541,1599,512,408,0,225
5277,53357632,1549,1591,503,397,0,222
5278,53367632,1551,1592,495,391,0,227
5279,53377632,1555,1590,492,378,0,224
5280,53387632,1551,1596,490,366,0,226
5281,53397632,1547,1602,477,365,0,232
5282,53407632,1552,1592,468,301,0,181
5283,53417632,1558,1592,473,344,0,228
5284,53427632,1555,1597,466,334,0,231
5285,53437632,1548,1604,461,328,0,233
5286,53447632,1547,1604,453,322,0,233
5287,53457632,1555,1595,442,311,0,232
5288,53467632,1554,1595,440,302,0,232
5289,53477633,1554,1590,435,297,0,238
5290,53487632,1548,1588,429,287,0,242
5291,53497632,1534,1589,407,233,0,199
5292,53507632,1533,1588,411,275,0,249
5293,53517632,1525,1583,402,263,0,249
5294,53527632,1507,1588,394,259,0,253
5295,53537632,1494,1579,379,253,0,253
5296,53547632,1490,1570,376,247,0,256
5297,53557632,1482,1563,365,244,0,257
5298,53567632,1475,1554,359,236,0,263
5299,53577632,1466,1540,345,234,0,266
5300,53587632,1445,1537,317,188,0,215
5301,53597632,1442,1517,315,224,0,270
5302,53607632,1437,1503,304,217,0,271
5303,53617632,1411,1500,290,223,0,273
5304,53627632,1398,1485,287,214,0,270
5305,53637632,1394,1465,282,202,0,265
5306,53647632,1382,1452,279,194,0,266
5307,53657633,1365,1443,269,192,0,267
5308,53667632,1341,1436,254,188,0,272
5309,53677632,1325,1412,241,137,0,219
5310,53687632,1318,1389,238,173,0,270
5311,53697632,1306,1378,231,171,0,272
5312,53707632,1286,1368,226,177,0,278
5313,53717632,1266,1350,217,167,0,278
5314,53727632,1256,1323,214,162,0,279
5315,53737632,1244,1313,213,156,0,277
5316,53747632,1233,1300,203,153,0,274
5317,53757632,1217,1289,196,146,0,270
5318,53767632,1202,1275,179,105,0,206
5319,53777632,1199,1253,173,139,0,254
5320,53787632,1188,1242,174,125,0,252
5321,53797632,1171,1239,162,121,0,253
5322,53807632,1154,1232,154,118,0,252
5323,53817632,1146,1212,153,109,0,244
5324,53827632,1129,1197,137,108,0,230
5325,53837633,1110,1180,120,96,0,214
5326,53847632,1092,1164,98,89,0,186
5327,53857632,1054,1140,74,37,0,118
5328,53867632,1036,1101,70,55,0,132
5329,53877632,993,1060,50,32,0,107
5330,53887632,935,1009,26,24,0,92
5331,53897632,877,951,4,7,0,65
5332,53907632,827,905,0,0,0,41
5333,53917632,767,863,0,0,0,7
5334,53927633,696,802,0,0,0,0
5335,53937632,621,740,0,0,0,0
5336,53947632,540,685,0,0,0,0
5337,53957632,448,623,0,0,0,0
5338,53967632,328,568,0,0,0,0
5339,53977632,226,491,0,0,0,0
5340,53987632,166,432,0,0,0,0
5341,53997632,119,395,0,0,0,0
5342,54007632,90,378,0,0,0,0
5343,54017632,91,368,0,0,0,0
5344,54027632,99,383,0,0,0,0
5345,54037632,111,399,0,0,0,0
5346,54047632,133,411,0,0,0,0
5347,54057632,157,419,0,0,0,0
5348,54067632,171,430,0,0,0,0
5349,54077632,171,434,0,0,0,0
5350,54087632,179,444,0,0,0,0
5351,54097632,186,442,0,0,0,0
5352,54107633,178,442,0,0,0,0
5353,54117632,149,424,0,0,0,0
5354,54127632,118,383,0,0,0,0
5355,54137632,80,340,0,0,0,0
5356,54147632,39,283,0,0,0,0
5357,54157632,0,239,0,0,0,0
5358,54167632,0,173,0,0,0,0
5359,54177632,0,140,0,0,0,0
5360,54187632,0,142,0,0,0,0
5361,54197632,0,160,0,0,0,0
5362,54207632,0,160,0,0,0,0
5363,54217632,0,158,0,0,0,0
5364,54227632,0,153,0,0,0,0
5365,54237632,0,152,0,0,0,0
5366,54247632,0,142,0,0,0,0
5367,54257632,0,136,0,0,0,0
5368,54267632,0,118,0,0,0,0
5369,54277632,0,108,0,0,0,0
5370,54287633,0,93,0,0,0,0
5371,54297632,0,88,0,0,0,0
5372,54307632,0,71,0,0,0,0
5373,54317632,0,55,0,0,0,0
5374,54327632,0,47,0,0,0,0
5375,54337632,0,45,0,0,0,0
5376,54347632,0,40,0,0,0,0
5377,54357632,0,36,0,0,0,0
5378,54367632,0,39,0,0,0,0
5379,54377632,0,30,0,0,0,0
5380,54387632,0,27,0,0,0,0
5381,54397632,0,17,0,0,0,0
5382,54407632,0,8,0,0,0,0
5383,54417632,0,1,0,0,0,0
5384,54427632,0,1,0,0,0,0
5385,54437632,0,0,0,0,0,0
5386,54447632,0,6,0,0,0,0
5387,54457632,0,5,0,0,0,0
5388,54467633,0,9,0,0,0,0
5389,54477632,0,9,0,0,0,0
5390,54487632,0,13,0,0,0,0
5391,54497632,0,15,0,0,0,0
5392,54507632,0,18,0,0,0,0
5393,54517632,0,18,0,0,0,0
5394,54527632,0,22,0,0,0,0
5395,54537632,0,45,0,0,0,0
5396,54547632,0,75,0,0,0,0
5397,54557632,0,149,0,0,0,0
5398,54567632,0,223,0,0,0,0
5399,54577632,0,332,0,0,0,0
5400,54587632,0,457,0,0,0,0
5401,54597632,113,626,0,0,0,0
5402,54607632,259,726,0,0,0,0
5403,54617632,325,788,0,0,0,0
5404,54627632,382,817,0,0,0,0
5405,54637632,449,841,0,0,0,0
5406,54647632,519,870,0,0,0,0
5407,54657632,594,917,0,0,0,0
5408,54667632,665,973,0,0,0,0
5409,54677632,774,1015,0,0,0,0
5410,54687632,864,1063,0,0,0,0
5411,54697632,941,1115,0,0,0,0
5412,54707632,999,1159,0,0,0,0
5413,54717632,1038,1184,0,2,0,0
5414,54727632,1059,1192,2,0,0,0
5415,54737632,1075,1205,18,7,0,0
5416,54747632,1097,1224,44,16,0,0
5417,54757632,1105,1246,58,3,0,0
5418,54767632,1128,1262,82,45,0,0
5419,54777632,1155,1276,105,72,0,0
5420,54787632,1167,1302,122,91,0,0
5421,54797632,1181,1322,145,114,0,0
5422,54807632,1200,1333,177,145,0,0
5423,54817632,1212,1342,207,168,0,0
5424,54827632,1229,1357,232,185,0,0
5425,54837632,1243,1368,251,202,0,1
5426,54847632,1245,1378,262,219,0,9
5427,54857632,1261,1389,296,239,0,24
5428,54867632,1268,1392,313,256,0,39
5429,54877632,1276,1397,337,280,0,59
5430,54887632,1278,1400,351,301,0,91
5431,54897632,1270,1408,376,354,0,124
5432,54907632,1269,1404,422,394,0,171
5433,54917632,1234,1269,402,383,0,217
5434,54927632,1255,1394,492,470,0,271
5435,54937632,1240,1388,500,504,0,316
5436,54947632,1235,1379,541,546,0,361
5437,54957632,1222,1370,563,567,0,413
5438,54967632,1203,1371,581,604,0,455
5439,54977632,1194,1367,602,620,0,494
5440,54987632,1190,1364,616,633,0,519
5441,54997632,1188,1355,631,648,0,550
5442,55007632,1149,1244,569,587,0,0
5443,55017632,1191,1360,661,676,0,0
5444,55027632,1186,1354,660,618,0,0
5445,55037632,1199,1352,685,692,0,0
5446,55047632,1200,1346,696,699,1,0
5447,55057632,1192,1344,710,713,3,0
5448,55067632,1186,1343,717,732,11,0
5449,55077632,1183,1343,725,746,17,0
5450,55087632,1184,1333,731,749,26,0
5451,55097632,1184,1326,744,758,46,0
5452,55107632,1186,1323,751,764,58,0
5453,55117632,1179,1318,737,709,34,0
5454,55127632,1175,1328,754,785,79,0
5455,55137632,1182,1323,763,787,77,0
5456,55147632,1186,1320,775,790,96,0
5457,55157632,1178,1313,776,796,102,0
5458,55167632,1169,1309,790,808,107,721
5459,55177632,1157,1302,788,813,115,765
5460,55187632,1145,1278,803,817,135,784
5461,55197632,1129,1260,810,823,152,795
5462,55207632,1109,1251,800,761,119,724
5463,55217632,1097,1239,823,844,173,815
5464,55227632,1081,1233,828,853,186,831
5465,55237632,1073,1220,840,856,206,838
5466,55247632,1062,1209,844,872,216,851
5467,55257632,1061,1197,853,876,231,856
5468,55267632,1050,1192,860,881,239,866
5469,55277632,1042,1188,865,897,264,878
5470,55287632,1033,1174,874,900,273,883
5471,55297632,1014,1171,864,836,219,802
5472,55307632,1012,1164,883,916,286,899
5473,55317632,1003,1165,887,927,307,908
5474,55327632,995,1161,892,935,315,916
5475,55337632,985,1160,894,944,318,923
5476,55347632,986,1151,904,944,335,925
5477,55357632,977,1151,906,950,345,927
5478,55367633,968,1150,910,957,351,933
5479,55377632,962,1145,918,957,358,932
5480,55387632,946,1145,903,892,303,845
5481,55397632,939,1144,915,977,371,945
5482,55407632,936,1132,921,976,383,941
5483,55417632,924,1127,927,981,393,943
5484,55427632,917,1116,929,988,402,942
5485,55437632,910,1114,932,989,408,946
5486,55447632,898,1103,934,993,411,949
5487,55457632,888,1100,934,998,426,949
5488,55467632,867,1095,935,1005,432,955
5489,55477632,862,1078,929,933,377,858
5490,55487632,843,1070,938,1019,439,959
5491,55497632,818,1051,946,1028,455,960
5492,55507632,802,1031,952,1041,462,958
5493,55517632,787,1005,961,1046,476,966
5494,55527632,755,988,956,1054,490,973
5495,55537632,728,971,970,1065,506,976
5496,55547633,701,948,974,1074,519,984
5497,55557632,666,929,978,1084,543,993
5498,55567632,615,909,966,1007,487,903
5499,55577632,594,878,980,1103,577,1013
5500,55587632,563,856,985,1112,598,1015
5501,55597632,527,823,989,1124,612,1028
5502,55607632,474,789,994,1134,633,1039
5503,55617632,433,747,1000,1138,657,1041
5504,55627632,370,708,998,1149,666,1059
5505,55637632,307,657,1000,1154,686,1071
5506,55647632,262,605,1005,1161,713,1083
5507,55657632,183,563,988,1086,647,988
5508,55667632,135,520,1003,1177,736,1102
5509,55677632,86,466,1003,1179,749,1111
5510,55687632,35,410,993,1192,755,1122
5511,55697632,0,346,989,1195,788,1134
5512,55707632,0,274,985,1193,808,1143
5513,55717632,0,215,963,1197,818,1158
5514,55727632,0,164,946,1199,826,1168
5515,55737632,0,123,923,1194,829,1169
5516,55747632,0,58,883,1103,737,1059
5517,55757632,0,13,866,1178,808,1161
5518,55767632,0,0,821,1164,775,1162
5519,55777632,0,0,746,1146,723,1175
5520,55787632,0,0,703,1131,694,1175
5521,55797632,0,0,661,1103,665,1186
5522,55807632,0,0,620,1076,634,1182
5523,55817632,0,0,585,1050,595,1174
5524,55827632,0,0,523,1017,570,1172
5525,55837632,0,0,463,907,458,1048
5526,55847632,0,0,445,946,487,1140
5527,55857632,0,0,412,910,438,1123
5528,55867632,0,0,384,873,345,1111
5529,55877632,0,0,368,819,273,1082
5530,55887632,0,0,353,774,230,1053
5531,55897632,0,0,337,725,145,1017
5532,55907633,0,0,306,685,89,986
5533,55917632,0,0,304,653,32,937
5534,55927632,0,0,294,551,0,763
5535,55937632,0,0,290,570,0,774
5536,55947632,0,0,274,530,0,687
5537,55957632,0,0,254,468,0,540
5538,55967632,0,0,227,422,0,490
5539,55977632,0,0,197,381,0,390
5540,55987632,0,0,181,333,0,292
5541,55997632,0,0,165,290,0,225
5542,56007632,0,0,147,261,0,159
5543,56017632,0,0,119,200,0,93
5544,56027632,0,0,109,215,0,72
5545,56037632,0,0,104,199,0,44
5546,56047632,0,0,94,180,0,24
5547,56057632,0,0,90,164,0,3
5548,56067632,0,0,84,145,0,0
5549,56077632,0,0,79,118,0,0
5550,56087633,0,0,79,96,0,0
5551,56097632,0,0,76,81,0,0
5552,56107632,0,0,76,40,0,0
5553,56117632,0,0,87,73,0,0
5554,56127632,0,0,103,91,0,0
5555,56137632,0,0,117,106,0,0
5556,56147632,0,0,132,133,0,0
5557,56157632,0,0,143,146,0,0
5558,56167632,0,0,158,158,0,0
5559,56177633,0,0,173,163,0,0
5560,56187632,0,0,182,167,0,0
5561,56197632,0,0,179,123,0,0
5562,56207632,0,0,175,151,0,0
5563,56217632,0,0,166,141,0,0
5564,56227632,0,0,151,119,0,0
5565,56237632,0,0,127,105,0,0
5566,56247632,0,0,114,93,0,0
5567,56257632,0,0,105,72,0,0
5568,56267632,0,0,89,69,0,0
5569,56277632,0,0,77,49,0,0
5570,56287632,0,0,66,30,0,0
5571,56297632,0,0,55,51,0,0
5572,56307632,0,0,47,53,0,0
5573,56317632,0,0,47,48,0,0
5574,56327632,0,0,44,49,0,0
5575,56337632,0,0,42,54,0,0
5576,56347632,0,0,43,53,0,0
5577,56357632,0,0,42,54,0,0
5578,56367632,0,0,44,55,0,0
5579,56377632,0,0,31,31,0,0
5580,56387632,0,0,32,55,0,0
5581,56397632,0,0,26,53,0,0
5582,56407632,0,0,29,54,0,0
5583,56417632,0,0,27,59,0,0
5584,56427632,0,0,25,56,0,0
5585,56437632,0,0,25,52,0,0
5586,56447632,0,0,21,54,0,0
5587,56457632,0,0,17,53,0,0
5588,56467632,0,0,13,25,0,0
5589,56477632,0,0,8,45,0,0
5590,56487632,0,0,7,40,0,0
5591,56497632,0,0,4,36,0,0
5592,56507632,0,0,3,35,0,0
5593,56517632,0,0,2,35,0,0
5594,56527632,0,0,3,31,0,0
5595,56537632,0,0,0,31,0,0
5596,56547632,0,0,1,30,0,0
5597,56557632,0,0,0,5,0,0
5598,56567632,0,0,1,12,0,0
5599,56577632,0,1,0,7,0,0
5600,56587632,0,19,0,2,0,0
5601,56597632,0,61,0,0,0,0
5602,56607632,0,107,0,0,0,0
5603,56617632,0,172,0,0,0,0
5604,56627632,7,224,0,0,0,0
5605,56637632,45,287,0,0,0,0
5606,56647632,91,340,0,0,0,0
5607,56657632,150,380,0,0,0,0
5608,56667632,217,425,0,0,0,0
5609,56677632,281,451,0,0,0,0
5610,56687632,345,482,0,0,0,0
5611,56697632,394,523,0,0,0,0
5612,56707632,461,567,0,0,0,0
5613,56717632,511,609,0,0,0,0
5614,56727632,569,645,0,0,0,0
5615,56737632,624,685,0,0,0,0
5616,56747632,694,728,0,0,0,0
5617,56757632,776,783,0,0,0,0
5618,56767632,840,851,0,0,0,0
5619,56777632,905,903,0,0,0,0
5620,56787632,969,951,0,0,0,0
5621,56797632,1012,991,0,0,0,0
5622,56807632,1042,1014,11,0,0,0
5623,56817632,1043,1042,19,2,0,0
5624,56827632,1054,1045,23,1,0,0
5625,56837632,1065,1064,38,18,0,0
5626,56847632,1067,1075,43,22,0,0
5627,56857632,1070,1089,53,27,0,0
5628,56867632,1088,1111,67,28,0,0
5629,56877632,1111,1123,60,28,0,0
5630,56887632,1131,1138,74,31,0,0
5631,56897632,1150,1155,83,32,0,0
5632,56907632,1168,1173,87,36,0,0
5633,56917632,1172,1192,86,23,0,0
5634,56927632,1202,1202,104,44,0,0
5635,56937632,1219,1219,111,48,0,0
5636,56947632,1226,1241,117,56,0,0
5637,56957632,1240,1250,125,53,0,0
5638,56967632,1257,1257,138,54,0,0
5639,56977632,1269,1263,141,53,0,0
5640,56987632,1285,1273,142,52,0,0
5641,56997632,1293,1286,141,53,0,0
5642,57007632,1294,1296,142,38,0,0
5643,57017632,1309,1300,154,60,0,0
5644,57027632,1313,1307,160,73,0,0
5645,57037632,1319,1316,169,81,0,0
5646,57047632,1325,1321,182,89,0,0
5647,57057632,1331,1332,190,104,0,12
5648,57067632,1331,1345,209,121,0,27
5649,57077632,1343,1343,231,146,0,49
5650,57087632,1345,1348,248,171,0,71
5651,57097632,1335,1359,276,170,0,76
5652,57107632,1348,1353,314,222,0,160
5653,57117632,1345,1353,341,245,0,200
5654,57127632,1329,1361,348,275,0,246
5655,57137632,1336,1357,381,301,0,273
5656,57147632,1332,1351,433,338,0,309
5657,57157632,1323,1352,473,378,0,344
5658,57167632,1317,1349,500,404,0,378
5659,57177632,1309,1353,537,438,0,410
5660,57187632,1303,1341,548,421,0,367
5661,57197632,1303,1334,582,488,0,452
5662,57207632,1293,1331,594,516,0,472
5663,57217632,1294,1323,615,534,0,487
5664,57227632,1286,1317,629,547,0,508
5665,57237632,1278,1310,652,570,0,530
5666,57247632,1258,1300,672,600,0,555
5667,57257632,1246,1290,682,615,7,0
5668,57267632,1235,1279,692,629,20,0
5669,57277632,1217,1278,686,594,2,0
5670,57287632,1222,1267,711,653,55,0
5671,57297632,1215,1258,718,663,85,0
5672,57307632,1199,1256,720,677,96,0
5673,57317632,1191,1246,728,687,113,0
5674,57327632,1192,1233,739,692,127,0
5675,57337632,1181,1229,739,706,151,0
5676,57347632,1176,1218,748,719,178,0
5677,57357632,1166,1213,751,730,200,0
5678,57367632,1153,1202,752,684,175,0
5679,57377632,1152,1192,768,744,258,744
5680,57387632,1140,1178,776,754,282,759
5681,57397632,1130,1170,784,766,295,772
5682,57407632,1118,1157,786,771,326,786
5683,57417632,1107,1146,791,784,351,795
5684,57427632,1089,1137,792,796,372,808
5685,57437632,1065,1127,795,807,400,822
5686,57447632,1050,1108,808,815,431,827
5687,57457632,1022,1089,808,768,403,753
5688,57467632,1005,1073,821,837,496,851
5689,57477632,980,1063,832,846,529,859
5690,57487632,953,1051,835,865,538,875
5691,57497632,938,1034,847,872,563,878
5692,57507632,920,1013,858,883,572,0
5693,57517632,897,997,866,893,586,0
5694,57527632,878,987,871,909,599,0
5695,57537632,863,972,879,918,611,0
5696,57547632,846,957,877,867,542,0
5697,57557632,843,949,892,937,619,0
5698,57567632,837,946,896,944,617,0
5699,57577632,829,953,900,956,616,0
5700,57587632,836,953,906,965,605,0
5701,57597632,852,952,917,965,609,0
5702,57607632,854,957,922,975,601,0
5703,57617632,857,965,919,984,599,0
5704,57627632,856,966,927,992,598,0
5705,57637632,856,965,925,923,523,0
5706,57647632,863,967,939,990,589,0
5707,57657632,862,968,942,992,585,874
5708,57667632,856,974,941,1003,576,900
5709,57677632,854,964,950,1001,576,911
5710,57687632,841,956,956,1006,578,912
5711,57697632,818,954,953,1020,570,920
5712,57707632,756,914,966,1027,573,923
5713,57717632,794,934,972,1037,569,924
5714,57727632,767,923,967,979,499,835
5715,57737632,744,911,981,1051,578,930
5716,57747632,726,901,983,1056,583,934
5717,57757632,697,893,983,1068,593,938
5718,57767632,680,881,992,1070,600,942
5719,57777632,661,875,994,1074,605,945
5720,57787632,646,866,996,1078,616,949
5721,57797633,630,858,998,1086,629,959
5722,57807632,617,846,1002,1085,642,956
5723,57817632,598,841,998,1021,572,868
5724,57827632,587,823,1005,1100,663,975
5725,57837632,563,812,1008,1103,675,979
5726,57847632,546,801,1010,1108,688,987
5727,57857632,534,786,1013,1110,701,989
5728,57867632,526,772,1016,1111,708,999
5729,57877632,503,760,1015,1114,714,1003
5730,57887632,488,750,1017,1120,721,1009
5731,57897632,469,740,1022,1124,729,1018
5732,57907632,442,726,1017,1064,651,930
5733,57917632,422,706,1029,1133,742,1045
5734,57927632,382,687,1026,1146,736,1057
5735,57937632,359,654,1039,1142,759,1060
5736,57947632,326,629,1034,1149,762,1073
5737,57957632,293,612,1034,1161,772,1095
5738,57967632,264,579,1040,1160,783,1104
5739,57977632,196,527,1041,1165,801,1124
5740,57987632,189,526,1043,1165,807,1131
5741,57997632,153,494,1029,1098,728,1044
5742,58007632,126,461,1043,1173,827,1165
5743,58017632,96,422,1047,1176,843,1171
5744,58027632,70,404,1043,1184,853,1183
5745,58037632,42,367,1049,1184,862,1185
5746,58047632,17,341,1046,1199,872,1203
5747,58057632,2,303,1052,1199,891,1206
5748,58067632,0,280,1053,1201,909,1212
5749,58077632,0,251,1047,1211,922,1230
5750,58087632,0,210,1041,1142,853,1123
5751,58097632,0,169,1056,1214,973,1242
5752,58107632,0,140,1054,1221,995,1255
5753,58117632,0,110,1050,1228,1017,1270
5754,58127632,0,76,1048,1236,1039,1294
5755,58137632,0,40,1053,1235,1066,1302
5756,58147632,0,25,1045,1244,1080,0
5757,58157632,0,0,1044,1245,1102,0
5758,58167632,0,0,1034,1254,1114,0
5759,58177632,0,0,1012,1174,1024,0
5760,58187632,0,0,1006,1250,1161,0
5761,58197632,0,0,975,1244,1175,0
5762,58207632,0,0,920,1245,1185,0
5763,58217632,0,0,840,1231,1192,0
5764,58227632,0,0,749,1214,1202,0
5765,58237632,0,0,682,1186,1203,0
5766,58247633,0,0,602,1147,1201,0
5767,58257632,0,0,535,1108,1191,1424
5768,58267632,0,0,469,1000,1056,1315
5769,58277632,0,0,408,997,1131,1445
5770,58287632,0,0,360,943,1082,1453
5771,58297632,0,0,333,877,1015,1466
5772,58307632,0,0,289,829,944,1474
5773,58317632,0,0,265,790,873,1474
5774,58327632,0,0,238,740,768,1481
5775,58337632,0,0,212,699,662,1482
5776,58347632,0,0,183,668,538,1478
5777,58357632,0,0,168,575,372,1339
5778,58367632,0,0,151,584,306,1448
5779,58377632,0,0,119,543,213,1433
5780,58387632,0,0,104,528,135,0
5781,58397632,0,0,89,487,86,1368
5782,58407632,0,0,72,457,44,1334
5783,58417632,0,0,55,422,14,1290
5784,58427632,0,0,37,389,0,1237
5785,58437632,0,0,27,366,0,1182
5786,58447632,0,0,21,310,0,1004
5787,58457632,0,0,16,318,0,1044
5788,58467632,0,0,12,290,0,949
5789,58477632,0,0,4,275,0,853
5790,58487632,0,0,3,250,0,749
5791,58497632,0,0,4,217,0,628
5792,58507632,0,0,0,187,0,492
5793,58517632,0,0,1,159,0,336
5794,58527632,0,0,0,140,0,178
5795,58537632,0,0,0,83,0,28
5796,58547632,0,0,0,70,0,0
5797,58557632,0,0,0,49,0,0
5798,58567632,0,0,0,47,0,0
5799,58577632,0,0,0,47,0,0
5800,58587632,0,0,0,43,0,0
5801,58597632,0,0,0,38,0,0
5802,58607632,0,0,0,29,0,0
5803,58617632,0,0,0,25,0,0
5804,58627632,0,0,0,8,0,0
5805,58637632,0,0,0,23,0,0
5806,58647632,0,0,0,25,0,0
5807,58657632,0,0,0,18,0,0
5808,58667632,0,0,0,19,0,0
5809,58677632,0,0,0,18,0,0
5810,58687632,0,0,0,16,0,0
5811,58697632,0,0,0,18,0,0
5812,58707632,0,0,0,17,0,0
5813,58717632,0,0,0,8,0,0
5814,58727632,0,0,0,24,0,0
5815,58737632,0,0,0,28,0,0
5816,58747632,0,0,0,28,0,0
5817,58757632,0,0,0,29,0,0
5818,58767632,0,0,0,33,0,0
5819,58777632,0,0,0,27,0,0
5820,58787632,0,0,0,29,0,0
5821,58797632,0,0,0,29,0,0
5822,58807632,0,0,0,9,0,0
5823,58817632,0,0,0,21,0,0
5824,58827632,0,0,0,17,0,0
5825,58837632,0,0,0,21,0,0
5826,58847632,0,0,0,22,0,0
5827,58857632,0,0,0,25,0,0
5828,58867632,0,0,0,25,0,0
5829,58877632,0,0,0,22,0,0
5830,58887632,0,0,0,26,0,0
5831,58897632,0,0,0,8,0,0
5832,58907632,0,0,0,27,0,0
5833,58917632,0,0,0,26,0,0
5834,58927632,0,0,0,26,0,0
5835,58937632,0,0,0,27,0,0
5836,58947632,0,0,0,24,0,0
5837,58957632,0,0,0,24,0,0
5838,58967632,0,0,0,22,0,0
5839,58977632,0,0,0,21,0,0
5840,58987632,0,0,0,8,0,0
5841,58997632,0,0,0,20,0,0
5842,59007632,0,0,0,15,0,0
5843,59017632,0,0,0,13,0,0
5844,59027632,0,0,0,10,0,0
5845,59037632,0,0,0,10,0,0
5846,59047632,0,0,0,6,0,0
5847,59057632,0,0,0,7,0,0
5848,59067632,0,0,0,11,0,0
5849,59077632,0,0,0,6,0,0
5850,59087632,0,0,0,13,0,0
5851,59097632,0,0,0,8,0,0
5852,59107632,0,0,0,9,0,0
5853,59117632,0,0,0,12,0,0
5854,59127632,0,0,0,9,0,0
5855,59137632,0,0,0,9,0,0
5856,59147633,0,0,0,11,0,0
5857,59157632,0,0,0,11,0,0
5858,59167632,0,0,0,7,0,0
5859,59177632,0,0,0,17,0,0
5860,59187632,0,0,0,15,0,0
5861,59197632,0,0,0,19,0,0
5862,59207632,0,0,0,19,0,0
5863,59217632,0,0,0,20,0,0
5864,59227632,0,0,0,19,2,0
5865,59237632,0,0,0,18,0,0
5866,59247632,0,0,0,20,0,0
5867,59257632,0,0,0,6,0,0
5868,59267632,0,0,0,22,0,0
5869,59277632,0,0,0,20,0,2
5870,59287632,0,0,0,23,0,0
5871,59297632,0,0,0,23,0,0
5872,59307632,0,0,0,20,0,0
5873,59317632,0,0,0,12,0,0
5874,59327633,0,0,0,12,0,0
5875,59337632,0,0,0,17,0,0
5876,59347632,0,0,0,3,0,0
5877,59357632,0,0,0,14,0,0
5878,59367632,0,0,0,12,0,0
5879,59377632,0,20,0,4,0,0
5880,59387632,0,54,0,0,0,0
5881,59397632,0,96,0,0,0,0
5882,59407632,0,144,0,0,0,0
5883,59417632,0,194,0,0,0,0
5884,59427632,0,240,0,0,0,0
5885,59437632,9,297,0,0,0,0
5886,59447632,45,364,0,0,0,0
5887,59457632,109,447,0,0,0,0
5888,59467632,189,519,0,0,0,0
5889,59477632,278,597,0,0,0,0
5890,59487632,374,668,0,0,0,0
5891,59497632,450,715,0,0,0,0
5892,59507632,535,763,0,0,0,0
5893,59517632,613,806,0,0,0,0
5894,59527632,673,851,0,0,0,0
5895,59537632,742,895,0,0,0,0
5896,59547632,791,930,0,0,0,0
5897,59557632,825,965,0,0,0,0
5898,59567632,869,998,3,0,0,0
5899,59577632,913,1023,9,0,0,0
5900,59587632,963,1047,25,0,0,0
5901,59597632,1005,1073,34,0,0,0
5902,59607632,1042,1107,40,3,0,0
5903,59617632,1066,1135,42,1,0,0
5904,59627632,1106,1158,59,15,0,0
5905,59637632,1130,1182,72,22,0,0
5906,59647632,1157,1211,82,33,0,0
5907,59657632,1188,1229,98,38,0,0
5908,59667632,1219,1245,114,44,0,0
5909,59677632,1247,1261,123,58,0,0
5910,59687632,1260,1292,146,71,0,0
5911,59697632,1279,1312,156,82,0,0
5912,59707632,1300,1326,168,66,0,0
5913,59717632,1320,1347,183,92,0,0
5914,59727632,1337,1365,199,95,0,0
5915,59737632,1356,1376,214,102,0,0
5916,59747632,1374,1388,221,110,0,0
5917,59757632,1388,1396,230,114,0,1
5918,59767632,1397,1413,244,124,0,17
5919,59777632,1399,1427,248,132,0,30
5920,59787632,1409,1434,264,147,0,45
5921,59797632,1418,1433,283,133,0,30
5922,59807632,1427,1439,301,186,0,96
5923,59817632,1424,1446,325,225,0,125
5924,59827632,1428,1446,348,234,0,146
5925,59837632,1432,1452,368,249,0,176
5926,59847632,1440,1448,388,269,0,194
5927,59857632,1441,1453,411,288,0,216
5928,59867632,1439,1458,433,303,0,237
5929,59877632,1440,1457,458,327,0,262
5930,59887632,1436,1452,485,321,0,240
5931,59897632,1435,1452,508,374,0,319
5932,59907632,1429,1454,531,396,0,348
5933,59917632,1426,1446,549,414,0,369
5934,59927632,1421,1439,561,427,0,394
5935,59937632,1415,1438,576,437,0,417
5936,59947632,1397,1436,586,464,0,444
5937,59957632,1385,1434,597,480,0,467
5938,59967632,1382,1428,611,503,0,482
5939,59977632,1372,1418,618,486,0,428
5940,59987632,1375,1419,635,538,0,507
5941,59997632,1374,1413,643,548,0,521
5942,60007632,1369,1417,649,562,0,533
5943,60017632,1362,1419,653,579,0,545
5944,60027632,1362,1406,664,591,0,553
5945,60037632,1348,1406,668,605,0,568
5946,60047633,1341,1403,673,618,0,574
5947,60057632,1341,1395,687,626,0,575
5948,60067632,1338,1393,693,597,0,506
5949,60077632,1340,1395,704,652,0,586
5950,60087632,1327,1394,712,664,0,599
5951,60097632,1319,1386,723,670,0,614
5952,60107632,1307,1380,738,690,0,630
5953,60117632,1298,1362,755,711,7,639
5954,60127632,1270,1349,770,731,21,654
5955,60137632,1249,1329,792,763,40,680
5956,60147632,1229,1304,812,785,60,708
5957,60157632,1194,1275,825,771,48,0
5958,60167632,1163,1254,848,836,104,0
5959,60177632,1119,1231,858,857,137,0
5960,60187632,1081,1203,873,881,170,0
5961,60197632,1040,1174,887,905,214,0
5962,60207632,993,1134,907,928,266,0
5963,60217632,926,1099,921,951,302,0
5964,60227632,870,1067,932,978,346,0
5965,60237632,819,1032,941,998,393,0
5966,60247632,768,1003,951,996,427,0
5967,60257632,718,978,966,1032,460,0
5968,60267632,671,955,977,1047,486,0
5969,60277632,632,942,982,1062,504,0
5970,60287632,597,928,985,1075,520,986
5971,60297632,565,923,987,1094,529,998
5972,60307632,544,904,1001,1094,542,1001
5973,60317632,519,887,1008,1104,547,1009
5974,60327632,490,882,1014,1113,564,1016
5975,60337632,468,868,1019,1064,490,931
5976,60347632,439,862,1029,1128,574,1040
5977,60357632,421,853,1039,1131,585,1045
5978,60367632,396,846,1045,1136,598,1048
5979,60377632,367,839,1046,1149,604,1057
5980,60387633,352,829,1052,1156,611,1060
5981,60397632,332,814,1056,1161,617,1060
5982,60407632,310,814,1053,1172,621,1070
5983,60417632,290,809,1059,1176,627,1072
5984,60427632,274,799,1058,1126,555,971
5985,60437632,260,795,1066,1180,639,1076
5986,60447632,249,802,1064,1189,635,1083
5987,60457632,256,800,1073,1184,645,1077
5988,60467632,271,802,1076,1186,648,1075
5989,60477632,280,811,1074,1187,647,1081
5990,60487632,298,816,1079,1187,650,1078
5991,60497633,302,826,1076,1193,648,1086
5992,60507632,307,826,1082,1189,653,1079
5993,60517632,314,833,1078,1133,571,976
5994,60527632,326,842,1079,1195,647,1083
5995,60537632,342,851,1083,1192,646,1077
5996,60547632,356,858,1085,1192,631,1073
5997,60557632,376,870,1084,1191,622,1067
5998,60567632,397,884,1083,1195,611,1064
5999,60577632,412,902,1078,1194,602,1058
6000,60587632,435,914,1082,1190,595,1047
6001,60597632,460,923,1085,1184,583,1036
6002,60607632,485,936,1080,1124,486,922
6003,60617632,505,952,1078,1185,541,1016
6004,60627632,537,969,1078,1180,519,998
6005,60637632,565,984,1083,1175,502,985
6006,60647632,591,1000,1079,1175,485,978
6007,60657633,616,1012,1080,1173,478,975
6008,60667632,634,1017,1080,1167,471,963
6009,60677632,647,1039,1075,1172,461,966
6010,60687632,666,1040,1082,1164,457,954
6011,60697632,673,1047,1078,1108,383,858
6012,60707632,682,1057,1076,1171,441,953
6013,60717632,697,1055,1080,1163,436,949
6014,60727632,709,1061,1081,1162,435,947
6015,60737632,714,1067,1081,1162,432,943
6016,60747632,723,1072,1080,1164,429,947
6017,60757632,726,1075,1075,1165,426,949
6018,60767632,658,1042,1076,1165,425,948
6019,60777632,744,1076,1080,1154,429,943
6020,60787632,747,1079,1077,1100,364,852
6021,60797632,754,1081,1076,1151,426,943
6022,60807632,753,1088,1070,1156,420,949
6023,60817632,762,1083,1079,1146,414,942
6024,60827632,766,1086,1074,1143,418,942
6025,60837632,773,1097,1072,1147,415,944
6026,60847632,783,1093,1075,1138,420,939
6027,60857632,790,1100,1068,1141,410,942
6028,60867632,806,1100,1070,1132,408,934
6029,60877632,807,1102,1065,1084,335,841
6030,60887632,823,1104,1068,1125,379,924
6031,60897632,839,1114,1063,1117,366,917
6032,60907632,851,1122,1059,1110,356,111
6033,60917632,876,1132,1051,1102,336,886
6034,60927632,892,1147,1043,1099,319,871
6035,60937632,923,1153,1048,1086,308,864
6036,60947632,931,1171,1038,1083,284,795
6037,60957632,952,1179,1040,1068,253,0
6038,60967632,971,1188,1027,1015,179,0
6039,60977632,989,1206,1013,1049,200,0
6040,60987632,1012,1208,1009,1030,186,0
6041,60997632,1019,1222,998,1024,169,0
6042,61007632,1039,1234,986,1013,149,0
6043,61017632,1060,1242,984,1005,130,0
6044,61027632,1076,1244,976,992,118,0
6045,61037632,1093,1258,968,982,103,0
6046,61047632,1102,1268,953,974,87,0
6047,61057632,1114,1269,945,904,26,0
6048,61067632,1128,1285,922,936,43,0
6049,61077632,1138,1297,903,920,35,0
6050,61087632,1145,1292,892,901,25,0
6051,61097632,1142,1290,879,882,27,0
6052,61107632,1134,1286,867,866,22,0
6053,61117632,1124,1279,857,852,17,0
6054,61127632,1099,1272,834,835,12,0
6055,61137632,1091,1265,815,825,8,0
6056,61147632,1087,1251,804,767,0,0
6057,61157632,1080,1249,784,797,0,0
6058,61167632,1076,1237,760,773,0,0
6059,61177632,1073,1235,730,746,0,0
6060,61187632,1066,1213,700,719,0,0
6061,61197632,1060,1213,674,690,0,0
6062,61207632,1050,1205,646,676,0,504
6063,61217632,1035,1199,621,667,0,503
6064,61227632,1016,1186,597,648,0,506
6065,61237632,1010,1166,574,590,0,428
6066,61247632,997,1156,554,610,0,484
6067,61257632,975,1143,523,591,0,469
6068,61267632,959,1116,502,564,0,439
6069,61277632,933,1090,480,533,0,412
6070,61287632,910,1063,459,502,0,391
6071,61297632,870,1037,424,483,0,368
6072,61307633,821,1001,386,460,0,338
6073,61317632,770,957,341,428,0,296
6074,61327632,701,891,306,356,0,203
6075,61337632,622,832,281,329,0,198
6076,61347632,518,765,239,297,0,157
6077,61357632,402,682,212,265,0,109
6078,61367632,299,604,181,220,0,74
6079,61377632,192,503,146,174,0,17
6080,61387632,111,421,103,141,0,0
6081,61397632,48,343,71,90,0,0
6082,61407632,14,286,26,51,0,0
6083,61417632,0,235,15,5,0,0
6084,61427632,0,212,4,13,0,0
6085,61437632,0,182,3,14,0,0
6086,61447632,0,155,11,13,0,0
6087,61457632,0,123,15,20,0,0
6088,61467632,0,99,21,20,0,0
6089,61477632,0,106,28,23,0,0
6090,61487632,0,110,29,24,0,0
6091,61497632,0,114,28,22,0,0
6092,61507632,0,107,28,9,0,0
6093,61517632,0,116,32,22,0,0
6094,61527632,0,115,31,18,0,0
6095,61537632,0,119,24,15,0,0
6096,61547632,0,125,22,13,0,0
6097,61557632,0,122,20,13,0,0
6098,61567632,0,129,25,12,0,0
6099,61577632,0,134,23,12,0,0
6100,61587632,0,137,19,13,0,0
6101,61597632,0,142,18,3,0,0
6102,61607632,0,150,18,11,0,0
6103,61617632,0,154,18,8,0,0
6104,61627632,0,157,17,6,0,0
6105,61637632,0,163,15,9,0,0
6106,61647632,0,167,20,11,0,0
6107,61657632,0,171,28,9,0,0
6108,61667632,0,177,27,14,0,0
6109,61677632,0,178,30,10,0,0
6110,61687632,0,177,35,3,0,0
6111,61697632,0,181,33,15,0,0
6112,61707632,0,186,38,11,0,0
6113,61717632,0,188,36,12,0,0
6114,61727632,0,195,39,14,0,0
6115,61737632,0,195,37,12,0,0
6116,61747632,0,200,39,11,0,0
6117,61757632,0,201,38,14,0,0
6118,61767632,0,205,42,18,0,0
6119,61777632,0,205,36,6,0,0
6120,61787632,0,203,39,14,0,0
6121,61797632,0,202,39,15,0,0
6122,61807632,0,201,39,18,0,0
6123,61817632,0,200,43,18,0,0
6124,61827632,0,202,39,16,0,0
6125,61837632,0,195,40,17,0,0
6126,61847632,0,196,37,19,0,0
6127,61857632,0,192,37,19,0,0
6128,61867632,0,185,40,9,0,0
6129,61877632,0,183,38,22,0,0
6130,61887632,0,182,44,20,0,0
6131,61897632,0,178,44,22,0,0
6132,61907632,0,173,43,23,0,0
6133,61917632,0,171,43,25,0,0
6134,61927632,0,168,43,22,0,0
6135,61937633,0,167,47,22,0,0
6136,61947632,0,166,44,23,0,0
6137,61957632,0,163,46,11,0,0
6138,61967632,0,167,45,29,0,0
6139,61977632,0,165,43,29,0,0
6140,61987632,0,169,53,32,0,0
6141,61997632,0,168,48,34,0,0
6142,62007632,0,170,53,35,0,0
6143,62017632,0,171,59,36,0,0
6144,62027632,0,173,67,37,0,0
6145,62037632,0,176,62,39,0,0
6146,62047632,0,178,67,24,0,0
6147,62057632,0,181,73,41,0,0
6148,62067632,0,184,82,42,0,0
6149,62077632,0,191,80,41,0,0
6150,62087632,0,193,86,40,0,0
6151,62097632,0,201,87,42,0,0
6152,62107632,0,200,87,40,0,0
6153,62117632,0,201,91,40,0,0
6154,62127632,0,203,88,42,0,0
6155,62137632,0,201,92,33,0,0
6156,62147632,0,206,92,45,0,0
6157,62157632,0,192,102,46,0,0
6158,62167632,0,201,105,51,0,0
6159,62177632,0,201,105,53,0,0
6160,62187632,0,197,108,55,0,0
6161,62197632,0,202,109,57,0,0
6162,62207633,0,203,110,60,0,0
6163,62217632,0,206,113,67,0,0
6164,62227632,0,206,114,45,0,0
6165,62237632,0,211,114,63,0,0
6166,62247632,0,212,106,58,0,0
6167,62257632,0,244,141,62,0,0
6168,62267632,39,419,186,69,0,0
6169,62277632,222,617,200,77,0,0
6170,62287632,380,724,212,83,0,0
6171,62297632,478,791,224,95,0,0
6172,62307632,568,828,227,110,0,0
6173,62317632,631,859,243,116,0,0
6174,62327632,692,907,271,156,0,0
6175,62337632,744,952,290,183,0,0
6176,62347632,818,994,314,222,0,0
6177,62357632,908,1053,363,248,0,0
6178,62367632,987,1109,404,295,0,0
6179,62377632,1057,1162,443,343,0,0
6180,62387633,1107,1197,480,393,0,0
6181,62397632,1144,1237,526,423,0,0
6182,62407632,1178,1257,559,438,0,8
6183,62417632,1208,1286,603,507,0,96
6184,62427632,1240,1305,630,546,0,152
6185,62437632,1264,1329,664,574,0,202
6186,62447632,1288,1358,685,607,0,236
6187,62457632,1320,1372,718,629,0,279
6188,62467632,1333,1392,735,660,0,303
6189,62477632,1352,1409,747,674,0,325
6190,62487632,1369,1416,762,690,0,341
6191,62497632,1380,1421,779,671,0,310
6192,62507632,1383,1435,789,724,0,394
6193,62517632,1387,1441,802,741,0,408
6194,62527632,1399,1440,821,744,0,417
6195,62537632,1404,1444,823,752,0,428
6196,62547632,1411,1451,833,757,0,437
6197,62557632,1409,1460,830,764,0,436
6198,62567632,1414,1464,832,764,0,430
6199,62577632,1430,1463,832,759,0,415
6200,62587632,1427,1466,823,734,0,345
6201,62597632,1431,1475,819,759,0,396
6202,62607632,1439,1474,818,752,0,373
6203,62617632,1443,1480,815,751,0,345
6204,62627632,1448,1483,811,746,0,335
6205,62637632,1449,1493,808,747,0,315
6206,62647632,1458,1495,806,737,0,279
6207,62657632,1460,1507,796,736,0,240
6208,62667632,1464,1517,792,736,0,206
6209,62677632,1472,1517,788,695,0,137
6210,62687632,1483,1535,781,720,0,146
6211,62697632,1499,1534,781,707,0,135
6212,62707632,1507,1549,771,695,0,109
6213,62717632,1516,1556,765,687,0,97
6214,62727632,1525,1565,757,678,0,84
6215,62737632,1528,1577,749,672,0,70
6216,62747632,1531,1588,740,660,0,54
6217,62757632,1547,1586,731,643,0,34
6218,62767632,1556,1589,725,591,0,0
6219,62777632,1556,1608,711,605,0,3
6220,62787632,1559,1617,698,593,0,0
6221,62797632,1568,1614,699,576,0,0
6222,62807632,1567,1617,684,572,0,0
6223,62817632,1566,1618,681,573,0,0
6224,62827632,1561,1621,687,569,0,0
6225,62837632,1437,1571,688,566,0,0
6226,62847632,1550,1628,694,566,0,0
6227,62857632,1555,1616,704,541,0,0
6228,62867632,1552,1626,709,572,0,4
6229,62877632,1547,1630,710,587,0,8
6230,62887632,1552,1624,717,586,0,11
6231,62897632,1554,1621,720,593,0,14
6232,62907632,1552,1623,722,612,0,25
6233,62917632,1546,1627,717,619,0,37
6234,62927632,1541,1626,715,618,0,52
6235,62937632,1551,1619,717,618,0,70
6236,62947632,1544,1622,712,599,0,43
6237,62957632,1550,1623,712,626,0,84
6238,62967632,1551,1625,710,629,0,87
6239,62977632,1557,1621,709,627,0,83
6240,62987632,1560,1622,707,622,0,89
6241,62997632,1557,1631,698,630,0,93
6242,63007632,1562,1625,703,627,0,102
6243,63017632,1558,1631,699,626,0,107
6244,63027632,1566,1623,695,621,0,118
6245,63037632,1557,1621,690,598,0,87
6246,63047632,1564,1630,689,621,0,133
6247,63057632,1572,1623,687,617,0,135
6248,63067632,1574,1626,682,614,0,131
6249,63077632,1578,1626,684,610,0,117
6250,63087632,1577,1634,678,608,0,113
6251,63097632,1582,1631,678,599,0,106
6252,63107632,1574,1643,666,595,0,109
6253,63117632,1582,1639,663,581,0,102
6254,63127632,1581,1636,654,549,0,68
6255,63137632,1580,1651,648,568,0,103
6256,63147632,1588,1639,647,556,0,101
6257,63157632,1590,1639,643,550,0,97
6258,63167632,1592,1640,637,545,0,93
6259,63177632,1592,1645,630,539,0,97
6260,63187632,1595,1642,627,532,0,93
6261,63197632,1588,1651,621,534,0,94
6262,63207632,1596,1643,620,527,0,91
6263,63217632,1594,1637,619,498,0,57
6264,63227632,1589,1651,614,528,0,101
6265,63237632,1588,1652,599,525,0,110
6266,63247632,1596,1643,591,517,0,115
6267,63257632,1596,1644,582,511,0,118
6268,63267632,1594,1648,572,504,0,124
6269,63277632,1588,1651,565,499,0,129
6270,63287632,1586,1651,559,497,0,137
6271,63297632,1587,1650,556,491,0,137
6272,63307632,1586,1640,552,466,0,98
6273,63317632,1587,1646,543,486,0,158
6274,63327632,1586,1643,534,472,0,170
6275,63337632,1592,1643,531,458,0,174
6276,63347632,1592,1632,521,444,0,180
6277,63357632,1589,1634,499,432,0,197
6278,63367632,1581,1636,487,421,0,207
6279,63377632,1582,1628,473,401,0,221
6280,63387632,1576,1625,445,380,0,235
6281,63397632,1572,1612,434,341,0,190
6282,63407632,1564,1616,417,350,0,251
6283,63417632,1562,1608,401,333,0,262
6284,63427632,1561,1595,396,318,0,269
6285,63437632,1555,1586,375,307,0,276
6286,63447632,1539,1582,364,309,0,283
6287,63457632,1514,1575,348,289,0,288
6288,63467632,1496,1560,332,265,0,283
6289,63477632,1474,1534,307,237,0,268
6290,63487632,1440,1501,277,203,0,180
6291,63497632,1387,1488,244,197,0,198
6292,63507632,1336,1443,221,172,0,171
6293,63517632,1277,1401,199,155,0,145
6294,63527632,1226,1361,168,128,0,121
6295,63537632,1159,1304,157,109,0,103
6296,63547632,1077,1254,114,97,0,75
6297,63557632,1004,1194,65,70,0,40
6298,63567632,946,1134,35,28,0,4
6299,63577632,859,1062,3,1,0,0
6300,63587632,780,1012,0,0,0,0
6301,63597632,680,938,0,0,0,0
6302,63607632,572,854,0,0,0,0
6303,63617632,456,784,0,0,0,0
6304,63627632,327,701,0,0,0,0
6305,63637632,223,632,0,0,0,0
6306,63647633,130,536,0,0,0,0
6307,63657632,64,448,0,0,0,0
6308,63667632,18,374,0,0,0,0
6309,63677632,0,297,0,0,0,0
6310,63687632,0,240,0,0,0,0
6311,63697632,0,171,0,0,0,0
6312,63707632,0,126,0,0,0,0
6313,63717632,0,111,0,0,0,0
6314,63727632,0,118,0,0,0,0
6315,63737632,0,122,0,0,0,0
6316,63747632,0,114,0,0,0,0
6317,63757632,0,115,0,0,0,0
6318,63767632,0,117,0,0,0,0
6319,63777632,0,119,0,0,0,0
6320,63787632,0,119,0,0,0,0
6321,63797632,0,131,0,0,0,0
6322,63807632,0,132,0,0,0,0
6323,63817632,0,132,0,0,0,0
6324,63827632,0,138,0,0,0,0
6325,63837632,0,136,0,0,0,0
6326,63847632,0,137,0,0,0,0
6327,63857632,0,138,0,0,0,0
6328,63867632,0,144,0,0,0,0
6329,63877632,0,140,0,0,0,0
6330,63887632,0,144,0,0,0,0
6331,63897632,0,140,0,0,0,0
6332,63907632,0,143,0,0,0,0
6333,63917632,0,147,0,0,0,0
6334,63927632,0,145,0,0,0,0
6335,63937632,0,128,0,0,0,0
6336,63947632,0,142,0,0,0,0
6337,63957632,0,139,0,0,0,0
6338,63967632,0,141,0,0,0,0
6339,63977632,0,144,0,0,0,0
6340,63987632,0,142,0,0,0,0
6341,63997632,0,140,0,0,0,0
6342,64007632,0,140,0,0,0,0
6343,64017632,0,141,0,0,0,0
6344,64027632,0,135,0,0,0,0
6345,64037632,0,138,0,0,0,0
6346,64047632,0,136,0,0,0,0
6347,64057632,0,139,0,0,0,0
6348,64067632,0,138,0,0,0,0
6349,64077632,0,137,0,0,0,0
6350,64087632,0,131,0,0,0,0
6351,64097632,0,133,0,0,0,0
6352,64107632,0,125,0,0,0,0
6353,64117632,0,121,0,0,0,0
6354,64127632,0,124,0,0,0,0
6355,64137632,0,119,0,0,0,0
6356,64147632,0,121,0,0,0,0
6357,64157632,0,178,0,0,0,0
6358,64167632,0,242,0,0,0,0
6359,64177632,0,282,0,0,0,0
6360,64187632,0,344,0,0,0,0
6361,64197632,40,427,0,0,0,0
6362,64207632,92,487,0,0,0,0
6363,64217632,137,537,0,0,0,0
6364,64227632,181,585,0,0,0,0
6365,64237632,233,630,0,0,0,0
6366,64247632,294,666,0,0,0,0
6367,64257632,361,698,0,0,0,0
6368,64267632,426,732,0,0,0,0
6369,64277632,511,790,3,0,0,0
6370,64287632,582,842,11,14,0,0
6371,64297632,664,890,36,16,0,0
6372,64307632,729,948,61,28,0,0
6373,64317632,799,999,88,56,0,0
6374,64327632,869,1051,118,93,0,0
6375,64337632,948,1103,168,135,0,0
6376,64347632,1011,1161,220,182,0,0
6377,64357632,1059,1204,275,227,0,0
6378,64367632,1098,1250,314,280,0,36
6379,64377632,1136,1271,351,327,0,71
6380,64387632,1171,1295,395,351,0,77
6381,64397632,1185,1333,451,410,0,166
6382,64407632,1209,1349,480,433,0,188
6383,64417632,1228,1365,516,466,0,232
6384,64427632,1240,1376,547,502,0,264
6385,64437632,1250,1392,571,542,0,322
6386,64447632,1260,1392,610,568,0,376
6387,64457632,1257,1403,622,618,0,440
6388,64467632,1264,1401,669,651,0,479
6389,64477632,1262,1399,699,667,0,467
6390,64487632,1256,1416,723,723,0,583
6391,64497632,1263,1411,751,744,0,618
6392,64507632,1264,1416,776,763,3,680
6393,64517632,1263,1418,797,789,27,748
6394,64527632,1260,1428,823,824,46,800
6395,64537632,1269,1423,851,843,60,838
6396,64547633,1259,1433,862,870,89,876
6397,64557632,1263,1426,887,882,121,908
6398,64567632,1255,1417,898,875,114,843
6399,64577632,1237,1426,908,922,201,977
6400,64587632,1234,1408,924,932,250,1002
6401,64597632,1229,1404,927,943,295,1026
6402,64607632,1219,1400,929,949,345,1048
6403,64617632,1210,1404,929,955,400,1067
6404,64627632,1209,1389,932,951,457,1084
6405,64637633,1196,1392,923,955,494,1114
6406,64647632,1194,1377,927,949,563,1128
6407,64657632,1182,1370,925,928,531,1044
6408,64667632,1171,1367,928,954,641,1168
6409,64677632,1154,1359,930,953,678,1173
6410,64687632,1132,1352,940,957,704,1189
6411,64697632,1103,1348,928,966,729,1202
6412,64707632,1072,1334,933,971,750,1210
6413,64717632,1050,1317,942,973,774,1211
6414,64727632,1013,1317,942,983,780,1225
6415,64737632,995,1300,955,986,790,1226
6416,64747632,976,1288,965,971,703,1119
6417,64757632,949,1289,972,1003,794,1236
6418,64767632,916,1286,974,1016,789,1243
6419,64777632,888,1272,987,1028,782,1246
6420,64787632,851,1263,995,1041,763,1245
6421,64797632,790,1263,1004,1065,733,1255
6422,64807632,743,1244,1018,1073,696,1249
6423,64817632,695,1244,1034,1101,676,0
6424,64827632,657,1233,1045,1110,661,0
6425,64837632,618,1223,1065,1104,553,0
6426,64847632,584,1227,1083,1150,599,0
6427,64857632,553,1215,1104,1169,564,0
6428,64867632,532,1200,1127,1179,503,1214
6429,64877632,491,1193,1139,1198,445,1210
6430,64887632,457,1181,1156,1217,382,1198
6431,64897632,426,1150,1182,1232,330,1185
6432,64907632,370,1141,1195,1251,279,1179
6433,64917632,315,1105,1225,1257,234,1163
6434,64927632,255,1084,1240,1241,152,1039
6435,64937632,211,1069,1257,1278,169,1130
6436,64947632,152,1053,1268,1292,129,1113
6437,64957632,122,1038,1289,1300,86,1093
6438,64967632,88,1019,1302,1308,49,1065
6439,64977632,55,1009,1306,1323,19,1052
6440,64987632,29,985,1323,1324,2,1039
6441,64997632,3,967,1329,1335,0,930
6442,65007632,0,949,1343,1337,0,1004
6443,65017632,0,931,1360,1314,0,889
6444,65027632,0,924,1370,1351,0,976
6445,65037632,0,918,1375,1358,0,947
6446,65047632,0,922,1381,1369,0,919
6447,65057632,0,924,1391,1370,0,874
6448,65067632,0,922,1404,1369,0,836
6449,65077632,0,929,1405,1375,0,803
6450,65087633,0,932,1415,1378,0,760
6451,65097632,0,931,1426,1375,0,720
6452,65107632,0,928,1428,1355,0,593
6453,65117632,0,926,1435,1382,0,639
6454,65127632,0,916,1440,1383,0,616
6455,65137632,0,903,1454,1381,0,576
6456,65147632,0,898,1454,1389,0,552
6457,65157632,0,890,1464,1391,0,525
6458,65167632,0,879,1475,1390,0,473
6459,65177633,0,872,1476,1397,0,434
6460,65187632,0,858,1486,1397,0,392
6461,65197632,0,841,1494,1375,0,301
6462,65207632,0,837,1495,1411,0,345
6463,65217632,0,817,1500,1413,0,345
6464,65227632,0,802,1515,1409,0,348
6465,65237632,0,781,1513,1413,0,357
6466,65247632,0,763,1511,1424,0,377
6467,65257632,0,745,1513,1423,0,392
6468,65267633,0,743,1509,1426,0,405
6469,65277632,0,740,1516,1422,0,412
6470,65287632,0,735,1516,1394,0,358
6471,65297632,0,746,1510,1428,0,427
6472,65307632,0,745,1509,1428,0,432
6473,65317632,0,747,1515,1422,0,429
6474,65327632,0,749,1519,1421,0,424
6475,65337632,0,752,1517,1426,0,423
6476,65347632,0,761,1510,1428,0,418
6477,65357632,0,762,1511,1429,0,407
6478,65367632,0,763,1514,1428,0,390
6479,65377632,0,759,1518,1396,0,361
6480,65387632,0,767,1521,1424,0,333
6481,65397632,0,776,1517,1427,0,308
6482,65407632,0,781,1522,1423,0,278
6483,65417632,0,782,1525,1421,0,248
6484,65427632,0,790,1518,1430,0,234
6485,65437632,0,789,1521,1428,0,217
6486,65447632,0,760,1518,1429,0,201
6487,65457632,0,796,1523,1429,0,180
6488,65467632,0,795,1521,1401,0,105
6489,65477632,0,805,1522,1429,0,129
6490,65487632,0,809,1529,1425,0,109
6491,65497632,0,808,1537,1419,0,84
6492,65507632,0,813,1540,1419,0,64
6493,65517632,0,822,1537,1423,0,51
6494,65527632,0,820,1530,1428,0,39
6495,65537632,0,819,1537,1429,0,19
6496,65547632,0,812,1544,1426,0,0
6497,65557632,0,798,1553,1401,0,0
6498,65567632,0,802,1548,1430,0,0
6499,65577632,0,791,1556,1420,0,0
6500,65587632,0,777,1564,1424,0,0
6501,65597632,0,751,1568,1423,0,0
6502,65607632,0,738,1569,1429,0,0
6503,65617632,0,709,1566,1433,0,0
6504,65627632,0,694,1569,1434,0,0
6505,65637632,0,668,1580,1432,0,0
6506,65647632,0,633,1583,1406,0,0
6507,65657632,0,623,1580,1436,0,0
6508,65667632,0,595,1589,1429,0,0
6509,65677632,0,572,1594,1432,0,0
6510,65687632,0,551,1596,1432,0,0
6511,65697632,0,521,1602,1436,0,0
6512,65707632,0,497,1591,1443,0,0
6513,65717633,0,476,1595,1447,0,0
6514,65727632,0,461,1608,1441,0,0
6515,65737632,0,440,1608,1420,0,0
6516,65747632,0,437,1602,1448,0,0
6517,65757632,0,437,1609,1448,0,0
6518,65767632,0,438,1617,1443,0,0
6519,65777632,0,442,1615,1441,0,0
6520,65787632,0,445,1617,1444,0,0
6521,65797632,0,452,1609,1450,0,0
6522,65807632,0,458,1607,1449,0,0
6523,65817632,0,461,1616,1445,0,0
6524,65827632,0,467,1616,1418,0,0
6525,65837632,0,482,1612,1446,0,0
6526,65847632,0,489,1611,1443,0,0
6527,65857632,0,501,1616,1437,0,0
6528,65867632,0,508,1619,1435,0,0
6529,65877632,0,525,1608,1438,0,0
6530,65887632,0,538,1594,1443,0,0
6531,65897632,0,554,1592,1440,0,0
6532,65907632,0,565,1592,1431,0,0
6533,65917632,0,572,1582,1406,0,0
6534,65927632,0,591,1564,1431,0,0
6535,65937632,0,603,1552,1428,0,5
6536,65947632,0,615,1540,1422,0,55
6537,65957632,0,626,1521,1414,0,105
6538,65967632,0,646,1501,1419,0,146
6539,65977632,0,668,1478,1411,0,205
6540,65987632,0,688,1462,1408,0,254
6541,65997632,23,705,1455,1396,0,296
6542,66007632,58,719,1447,1369,0,278
6543,66017632,99,741,1431,1391,0,356
6544,66027632,148,753,1432,1377,0,377
6545,66037632,188,765,1420,1367,0,415
6546,66047632,266,788,1400,1353,0,448
6547,66057632,342,817,1381,1351,0,477
6548,66067632,420,847,1375,1329,0,477
6549,66077632,491,884,1362,1327,0,477
6550,66087632,546,901,1368,1312,0,457
6551,66097632,598,923,1362,1285,0,376
6552,66107632,638,951,1353,1304,0,426
6553,66117632,692,965,1352,1293,0,406
6554,66127632,739,975,1349,1276,0,406
6555,66137632,771,990,1333,1272,0,415
6556,66147632,809,1000,1306,1258,0,461
6557,66157632,874,1003,1286,1230,0,499
6558,66167633,934,1031,1259,1216,0,530
6559,66177632,985,1038,1262,1190,0,533
6560,66187632,1013,1041,1246,1168,0,464
6561,66197632,1019,1060,1251,1190,0,532
6562,66207632,1034,1057,1257,1183,0,519
6563,66217632,1035,1058,1259,1184,1,512
6564,66227632,1027,1058,1258,1181,1,508
6565,66237632,1017,1066,1255,1187,4,521
6566,66247632,1014,1059,1259,1182,17,540
6567,66257632,1001,1064,1244,1186,36,570
6568,66267632,994,1055,1247,1179,53,591
6569,66277632,982,1042,1248,1156,44,545
6570,66287632,972,1049,1244,1181,108,646
6571,66297632,954,1043,1245,1184,123,664
6572,66307632,949,1035,1252,1181,148,673
6573,66317632,937,1031,1250,1185,161,677
6574,66327632,927,1032,1249,1193,175,687
6575,66337632,922,1024,1253,1194,187,690
6576,66347632,910,1028,1248,1201,189,694
6577,66357632,910,1017,1259,1200,192,695
6578,66367632,901,1011,1263,1182,155,618
6579,66377632,886,1018,1263,1209,191,696
6580,66387632,864,1007,1271,1209,200,691
6581,66397632,855,1002,1279,1213,199,689
6582,66407632,837,999,1282,1222,182,682
6583,66417632,820,996,1279,1230,162,679
6584,66427632,813,989,1286,1232,152,668
6585,66437632,794,989,1285,1242,144,660
6586,66447632,789,979,1294,1242,146,652
6587,66457632,775,967,1299,1225,100,569
6588,66467632,751,966,1297,1255,138,646
6589,66477632,733,950,1305,1260,139,652
6590,66487632,705,941,1311,1263,139,658
6591,66497632,679,925,1320,1263,142,657
6592,66507632,648,918,1316,1275,142,673
6593,66517632,611,895,1324,1279,148,680
6594,66527632,570,881,1321,1290,151,696
6595,66537632,539,856,1332,1291,167,702
6596,66547632,487,828,1334,1280,138,644
6597,66557632,434,811,1342,1299,189,739
6598,66567632,374,800,1340,1312,204,762
6599,66577632,342,778,1352,1312,218,769
6600,66587632,290,753,1350,1318,223,786
6601,66597632,235,735,1347,1330,235,792
6602,66607632,181,707,1352,1337,244,799
6603,66617632,130,691,1351,1349,253,809
6604,66627632,86,669,1357,1345,259,807
6605,66637632,39,639,1361,1327,216,729
6606,66647632,12,617,1363,1347,252,811
6607,66657632,0,596,1357,1354,219,807
6608,66667632,0,566,1367,1350,186,789
6609,66677632,0,532,1358,1346,153,762
6610,66687632,0,462,1341,1350,124,752
6611,66697632,0,330,1336,1340,107,744
6612,66707632,0,161,1323,1331,101,743
6613,66717632,0,3,1305,1321,98,743
6614,66727632,0,0,1256,1286,47,676
6615,66737632,0,0,1170,1301,60,773
6616,66747632,0,0,1098,1280,48,770
6617,66757632,0,0,1023,1249,32,775
6618,66767632,0,0,972,1215,4,767
6619,66777632,0,0,915,1179,0,768
6620,66787632,0,0,874,1122,0,739
6621,66797632,0,0,826,1064,0,725
6622,66807632,0,0,774,1000,0,712
6623,66817632,0,0,737,942,0,600
6624,66827632,0,0,695,919,0,617
6625,66837632,0,0,685,856,0,550
6626,66847632,0,0,676,826,0,535
6627,66857632,0,0,648,778,0,487
6628,66867632,0,0,606,732,0,396
6629,66877632,0,0,551,659,0,274
6630,66887632,0,0,510,607,0,170
6631,66897632,0,0,468,542,0,64
6632,66907632,0,0,428,457,0,0
6633,66917632,0,0,406,394,0,0
6634,66927632,0,0,396,331,0,0
6635,66937632,0,0,362,241,0,0
6636,66947632,0,0,343,206,0,0
6637,66957632,0,0,337,200,0,0
6638,66967632,0,0,329,186,0,0
6639,66977632,0,0,303,180,0,0
6640,66987632,0,0,281,166,0,0
6641,66997632,0,0,265,144,0,0
6642,67007632,0,0,250,135,0,0
6643,67017632,0,0,231,123,0,0
6644,67027632,0,0,217,115,0,0
6645,67037632,0,0,213,112,0,0
6646,67047632,0,0,203,116,0,0
6647,67057632,0,0,198,110,0,0
6648,67067632,0,0,201,122,0,0
6649,67077632,0,0,212,121,0,0
6650,67087632,0,0,223,128,0,0
6651,67097632,0,0,220,141,0,0
6652,67107632,0,0,229,146,0,0
6653,67117632,0,0,231,152,0,0
6654,67127632,0,0,220,147,0,0
6655,67137632,0,0,204,140,0,0
6656,67147632,0,0,183,130,0,0
6657,67157632,0,0,168,120,0,0
6658,67167632,0,0,146,110,0,0
6659,67177632,0,0,132,89,0,0
6660,67187632,0,0,110,75,0,0
6661,67197632,0,0,94,65,0,0
6662,67207632,0,0,78,58,0,0
6663,67217632,0,0,72,48,0,0
6664,67227632,0,0,54,39,0,0
6665,67237632,0,0,44,44,0,0
6666,67247633,0,0,33,43,0,0
6667,67257632,0,0,23,40,0,0
6668,67267632,0,0,22,35,0,0
6669,67277632,0,0,23,41,0,0
6670,67287632,0,0,24,45,0,0
6671,67297632,0,0,29,44,0,0
6672,67307632,0,0,28,45,0,0
6673,67317632,0,0,31,45,0,0
6674,67327632,0,0,26,44,0,0
6675,67337632,0,0,27,47,0,0
6676,67347632,0,0,30,47,0,0
6677,67357632,0,0,30,31,0,0
6678,67367632,0,0,35,27,0,0
6679,67377632,0,0,27,26,0,0
6680,67387632,0,0,34,19,0,0
6681,67397632,0,38,45,18,0,0
6682,67407632,0,104,52,11,0,0
6683,67417632,0,166,61,9,0,0
6684,67427632,0,240,57,5,0,0
6685,67437632,14,310,46,0,0,0
6686,67447632,59,400,28,0,0,0
6687,67457632,128,475,22,0,0,0
6688,67467632,224,554,23,0,0,0
6689,67477632,330,621,21,0,0,0
6690,67487632,442,696,23,0,0,0
6691,67497632,552,759,36,0,0,0
6692,67507632,661,835,38,0,0,0
6693,67517632,753,909,46,0,0,0
6694,67527632,847,959,56,0,0,0
6695,67537632,921,996,70,0,0,0
6696,67547632,965,1042,74,6,0,0
6697,67557632,1004,1065,83,20,0,0
6698,67567632,1040,1092,91,27,0,0
6699,67577632,1065,1110,115,47,0,0
6700,67587632,1089,1139,153,90,0,0
6701,67597632,1101,1166,196,139,0,0
6702,67607632,1120,1177,226,178,0,0
6703,67617632,1129,1196,251,214,0,0
6704,67627632,1143,1198,278,231,0,0
6705,67637632,1145,1219,323,287,0,0
6706,67647632,1146,1211,361,344,0,9
6707,67657632,1131,1208,424,381,0,56
6708,67667632,1131,1204,463,427,0,117
6709,67677632,1114,1207,491,469,0,168
6710,67687632,1115,1202,532,515,0,225
6711,67697633,1113,1203,562,560,0,270
6712,67707632,1117,1198,596,593,0,314
6713,67717632,1116,1195,624,608,0,293
6714,67727632,1119,1202,648,629,0,363
6715,67737632,1122,1200,676,651,0,392
6716,67747632,1118,1200,689,680,0,419
6717,67757632,1115,1198,696,694,0,443
6718,67767632,1109,1195,715,715,0,478
6719,67777632,1097,1194,729,730,0,512
6720,67787632,985,1153,718,749,0,537
6721,67797632,1093,1182,761,763,0,554
6722,67807632,1084,1182,767,766,0,487
6723,67817632,1088,1186,787,790,0,0
6724,67827632,1092,1179,803,800,0,0
6725,67837632,1094,1181,816,811,0,0
6726,67847632,1092,1180,825,822,0,0
6727,67857632,1082,1188,827,842,0,0
6728,67867632,1082,1180,848,846,0,0
6729,67877632,1070,1184,852,863,0,0
6730,67887632,1070,1174,865,871,0,0
6731,67897632,1065,1161,872,863,0,0
6732,67907632,1054,1168,876,888,10,0
6733,67917632,1053,1150,888,891,20,0
6734,67927632,1044,1143,894,899,29,0
6735,67937632,1027,1136,902,913,46,0
6736,67947632,1004,1130,902,928,57,675
6737,67957632,993,1109,908,937,70,739
6738,67967632,972,1084,918,947,87,764
6739,67977632,953,1059,929,951,108,779
6740,67987632,933,1048,934,947,126,799
6741,67997632,916,1041,949,976,155,809
6742,68007632,895,1040,950,989,174,827
6743,68017632,873,1027,962,1002,197,844
6744,68027632,851,1006,969,1009,229,855
6745,68037632,819,999,971,1028,263,872
6746,68047632,787,971,981,1037,295,884
6747,68057632,756,949,980,1048,329,906
6748,68067632,738,935,988,1055,362,921
6749,68077632,719,915,989,1048,352,841
6750,68087632,694,898,999,1066,442,948
6751,68097632,666,892,1004,1075,495,966
6752,68107632,634,876,1009,1084,534,979
6753,68117632,610,861,1012,1096,547,993
6754,68127632,575,841,1015,1110,570,1009
6755,68137632,534,820,1020,1117,598,1016
6756,68147632,498,804,1019,1131,618,1043
6757,68157632,460,775,1037,1135,647,1048
6758,68167632,432,765,1042,1131,607,957
6759,68177632,405,759,1047,1156,685,1075
6760,68187632,381,750,1056,1161,703,1083
6761,68197632,358,735,1060,1171,725,1095
6762,68207632,340,726,1062,1177,743,1100
6763,68217633,312,714,1068,1184,755,1106
6764,68227632,291,698,1066,1190,759,1117
6765,68237632,267,695,1068,1199,780,1123
6766,68247632,263,687,1080,1194,789,1120
6767,68257632,246,679,1084,1182,719,1015
6768,68267632,231,681,1088,1204,802,1127
6769,68277632,225,677,1093,1207,807,1126
6770,68287632,205,679,1088,1217,800,1133
6771,68297632,196,681,1094,1223,799,1130
6772,68307632,191,683,1103,1227,791,1124
6773,68317632,198,685,1110,1226,787,1118
6774,68327632,203,706,1110,1236,766,1118
6775,68337632,204,718,1115,1239,757,1111
6776,68347632,210,718,1122,1222,678,999
6777,68357632,211,724,1130,1242,744,1101
6778,68367632,204,729,1135,1245,739,1094
6779,68377632,203,739,1137,1253,727,1093
6780,68387632,206,739,1144,1253,715,1081
6781,68397632,214,744,1157,1255,700,1073
6782,68407632,218,750,1158,1256,679,1067
6783,68417633,217,761,1154,1265,667,1066
6784,68427632,230,761,1162,1264,659,1057
6785,68437632,240,763,1167,1247,580,949
6786,68447632,240,780,1169,1271,632,1046
6787,68457632,256,788,1173,1273,624,1035
6788,68467632,269,794,1176,1272,604,1020
6789,68477632,283,801,1178,1274,584,1011
6790,68487632,302,815,1182,1274,563,999
6791,68497632,331,839,1177,1280,548,991
6792,68507632,364,862,1178,1283,523,976
6793,68517632,407,879,1187,1274,495,949
6794,68527632,428,901,1190,1259,407,840
6795,68537632,469,938,1185,1281,433,910
6796,68547632,503,963,1191,1276,399,877
6797,68557632,549,994,1188,1283,365,861
6798,68567632,597,1015,1191,1272,334,828
6799,68577633,646,1051,1191,1274,296,803
6800,68587632,703,1080,1193,1266,258,765
6801,68597632,743,1118,1183,1270,212,745
6802,68607632,790,1138,1187,1263,173,706
6803,68617632,834,1156,1186,1243,100,599
6804,68627632,870,1187,1182,1258,106,658
6805,68637632,902,1205,1178,1254,85,621
6806,68647632,934,1231,1175,1251,64,591
6807,68657632,963,1238,1181,1237,52,565
6808,68667632,985,1258,1173,1237,35,544
6809,68677632,1000,1273,1168,1236,17,531
6810,68687632,1025,1290,1166,1225,14,502
6811,68697632,1048,1294,1167,1215,8,488
6812,68707632,1061,1297,1164,1195,0,413
6813,68717632,1069,1312,1166,1209,0,457
6814,68727632,1078,1326,1160,1211,0,454
6815,68737632,1090,1329,1167,1211,0,442
6816,68747632,1099,1331,1169,1201,0,431
6817,68757633,1105,1342,1166,1203,0,428
6818,68767632,1112,1346,1166,1203,0,425
6819,68777632,1117,1355,1162,1200,0,416
6820,68787632,1128,1355,1165,1194,0,405
6821,68797632,1137,1353,1164,1177,0,335
6822,68807632,1143,1366,1163,1191,0,384
6823,68817632,1153,1372,1165,1186,0,377
6824,68827632,1160,1376,1162,1184,0,363
6825,68837632,1167,1381,1160,1181,0,347
6826,68847633,1176,1390,1156,1177,0,342
6827,68857632,1184,1394,1156,1170,0,332
6828,68867632,1187,1407,1144,1168,0,324
6829,68877632,1197,1412,1142,1160,0,305
6830,68887632,1209,1406,1141,1130,0,237
6831,68897632,1222,1420,1138,1135,0,279
6832,68907632,1229,1427,1135,1127,0,263
6833,68917632,1237,1431,1130,1117,0,249
6834,68927632,1246,1436,1125,1112,0,239
6835,68937632,1252,1448,1120,1101,0,227
6836,68947632,1259,1456,1109,1097,0,217
6837,68957632,1268,1461,1104,1088,0,205
6838,68967632,1283,1462,1101,1074,0,194
6839,68977632,1289,1469,1091,1055,0,140
6840,68987632,1299,1479,1091,1057,0,177
6841,68997632,1309,1479,1092,1048,0,168
6842,69007632,1310,1492,1081,1048,0,162
6843,69017632,1320,1486,1085,1036,0,148
6844,69027632,1322,1497,1077,1028,0,143
6845,69037632,1325,1500,1070,1015,0,135
6846,69047632,1326,1508,1065,1015,0,126
6847,69057632,1337,1508,1060,1004,0,114
6848,69067632,1345,1504,1055,978,0,70
6849,69077632,1350,1519,1048,984,0,103
6850,69087632,1360,1516,1041,974,0,96
6851,69097632,1366,1514,1034,967,0,88
6852,69107632,1369,1520,1019,958,0,86
6853,69117632,1373,1528,1009,956,0,84
6854,69127632,1379,1529,1001,945,0,75
6855,69137632,1378,1542,991,938,0,60
6856,69147632,1388,1529,985,920,0,44
6857,69157632,1387,1523,969,893,0,7
6858,69167632,1383,1537,953,891,0,31
6859,69177632,1381,1526,947,872,0,22
6860,69187632,1373,1520,937,860,0,9
6861,69197632,1359,1514,916,842,0,4
6862,69207632,1338,1513,889,826,0,4
6863,69217632,1329,1493,877,804,0,0
6864,69227633,1306,1488,849,790,0,0
6865,69237632,1290,1470,838,765,0,0
6866,69247632,1266,1452,817,738,0,0
6867,69257632,1243,1445,799,728,0,0
6868,69267632,1227,1426,783,700,0,0
6869,69277632,1208,1408,751,676,0,0
6870,69287632,1193,1399,718,641,0,0
6871,69297632,1173,1398,663,620,0,0
6872,69307632,1167,1378,630,581,0,0
6873,69317632,1147,1367,592,539,0,0
6874,69327632,1136,1343,549,479,0,0
6875,69337632,1120,1321,484,417,0,0
6876,69347632,1092,1309,416,372,0,0
6877,69357632,1064,1273,369,310,0,0
6878,69367632,1013,1240,299,253,0,0
6879,69377632,950,1191,269,213,0,0
6880,69387632,886,1126,245,188,0,0
6881,69397632,806,1065,237,167,0,0
6882,69407632,725,999,207,146,0,0
6883,69417632,632,920,187,121,0,0
6884,69427632,524,838,157,107,0,0
6885,69437632,394,772,142,98,0,0
6886,69447632,294,698,135,92,0,0
6887,69457632,205,630,119,87,0,0
6888,69467632,122,557,111,78,0,0
6889,69477632,74,503,105,71,0,0
6890,69487632,27,429,89,68,0,0
6891,69497632,0,332,84,72,0,0
6892,69507632,0,243,78,64,0,0
6893,69517632,0,161,69,54,0,0
6894,69527632,0,99,60,53,0,0
6895,69537632,0,52,42,47,0,0
6896,69547632,0,14,25,43,0,0
6897,69557632,0,2,18,26,0,0
6898,69567632,0,13,13,25,0,0
6899,69577632,0,20,11,27,0,0
6900,69587633,0,20,2,26,0,0
6901,69597632,0,25,3,26,0,0
6902,69607632,0,23,1,20,0,0
6903,69617632,0,20,1,21,0,0
6904,69627632,0,21,1,19,0,0
6905,69637632,0,25,2,20,0,0
6906,69647632,0,26,0,20,0,0
6907,69657633,0,30,0,21,0,0
6908,69667632,0,36,1,16,0,0
6909,69677632,0,38,1,19,0,0
6910,69687632,0,41,1,19,0,0
6911,69697632,0,38,0,18,0,0
6912,69707632,0,40,0,22,0,0
6913,69717632,0,42,1,20,0,0
6914,69727632,0,48,0,19,0,0
6915,69737632,0,48,0,17,0,0
6916,69747632,0,52,0,16,0,0
6917,69757632,0,49,0,14,0,0
6918,69767632,0,54,0,11,0,0
6919,69777632,0,59,0,10,0,0
6920,69787632,0,63,1,7,0,0
6921,69797632,0,71,0,9,0,0
6922,69807632,0,67,0,10,0,0
6923,69817632,0,71,0,13,0,0
6924,69827632,0,71,1,10,0,0
6925,69837632,0,74,1,10,0,0
6926,69847632,0,76,0,9,0,0
6927,69857632,0,78,0,10,0,0
6928,69867632,0,79,2,13,0,0
6929,69877632,0,79,4,6,0,0
6930,69887632,0,82,10,12,0,0
6931,69897632,0,82,8,11,0,0
6932,69907632,0,88,10,14,0,0
6933,69917632,0,88,9,13,0,0
6934,69927632,0,88,12,10,0,0
6935,69937632,0,91,17,11,0,0
6936,69947633,0,92,14,9,0,0
6937,69957632,0,100,17,9,0,0
6938,69967632,0,96,19,6,0,0
6939,69977632,0,101,20,12,0,0
6940,69987632,0,98,22,9,0,0
6941,69997632,0,100,28,9,0,0
6942,70007632,0,105,26,9,0,0
6943,70017632,0,109,27,10,0,0
6944,70027632,0,115,29,9,0,0
6945,70037632,0,121,30,12,0,0
6946,70047632,0,120,30,12,0,0
6947,70057632,0,116,35,9,0,0
6948,70067632,0,174,35,3,0,0
6949,70077632,0,230,27,0,0,0
6950,70087632,1,317,32,0,0,0
6951,70097632,69,407,31,0,0,0
6952,70107632,129,463,25,0,0,0
6953,70117632,176,488,19,0,0,0
6954,70127632,213,529,14,0,0,0
6955,70137632,265,553,16,0,0,0
6956,70147632,308,571,20,0,0,0
6957,70157632,336,599,21,0,0,0
6958,70167632,361,613,26,0,0,0
6959,70177632,387,624,29,0,0,0
6960,70187632,416,644,34,0,0,0
6961,70197632,447,667,40,0,0,0
6962,70207632,485,699,40,0,0,0
6963,70217633,573,754,56,0,0,0
6964,70227632,712,853,46,0,0,0
6965,70237632,793,929,47,0,0,0
6966,70247632,866,1000,54,0,0,0
6967,70257632,925,1039,62,0,0,0
6968,70267632,972,1066,69,2,0,0
6969,70277632,1006,1102,69,0,0,0
6970,70287632,1043,1134,76,0,0,0
6971,70297632,1071,1172,77,0,0,0
6972,70307632,1109,1196,82,0,0,0
6973,70317632,1145,1224,88,0,0,0
6974,70327632,1184,1249,92,0,0,0
6975,70337632,1216,1291,96,3,0,0
6976,70347632,1256,1310,103,5,0,0
6977,70357632,1295,1341,115,4,0,0
6978,70367632,1327,1370,129,4,0,0
6979,70377632,1351,1398,126,10,0,0
6980,70387632,1380,1421,146,10,0,0
6981,70397632,1404,1447,157,15,0,0
6982,70407632,1432,1463,160,19,0,0
6983,70417632,1453,1477,177,14,0,0
6984,70427632,1467,1501,179,23,0,0
6985,70437632,1483,1514,194,28,0,0
6986,70447632,1506,1523,209,26,0,0
6987,70457632,1518,1538,213,36,0,0
6988,70467632,1524,1562,219,35,0,0
6989,70477632,1540,1565,232,39,0,0
6990,70487632,1548,1574,236,46,0,0
6991,70497632,1560,1577,247,49,0,0
6992,70507632,1570,1576,251,44,0,0
6993,70517632,1569,1592,255,45,0,0
6994,70527632,1578,1593,251,51,0,0
6995,70537632,1571,1602,256,55,0,0
6996,70547632,1571,1608,256,59,0,0
6997,70557632,1579,1610,265,66,0,0
6998,70567632,1580,1605,278,88,0,0
6999,70577633,1574,1610,291,122,0,0
7000,70587632,1578,1601,314,174,0,0
7001,70597632,1575,1593,361,196,0,0
7002,70607632,1567,1600,392,230,0,0
7003,70617632,1567,1590,434,285,0,0
7004,70627632,1562,1585,468,339,0,0
7005,70637632,1556,1577,509,369,0,0
7006,70647632,1546,1582,547,417,0,0
7007,70657632,1547,1569,579,445,0,0
7008,70667633,1531,1573,609,476,0,3
7009,70677632,1530,1559,637,520,0,29
7010,70687632,1521,1548,663,554,0,38
7011,70697632,1506,1547,691,607,0,120
7012,70707632,1498,1526,730,656,0,165
7013,70717632,1481,1512,764,697,0,204
7014,70727632,1457,1497,790,729,0,264
7015,70737632,1430,1487,818,779,0,310
7016,70747632,1396,1459,849,811,0,344
7017,70757632,1367,1442,872,843,0,378
7018,70767632,1345,1417,895,874,0,425
7019,70777632,1314,1391,912,894,0,0
7020,70787632,1292,1369,931,930,0,0
7021,70797632,1270,1346,948,943,0,0
7022,70807632,1253,1327,959,965,0,504
7023,70817632,1235,1311,970,976,0,541
7024,70827632,1216,1299,982,994,0,560
7025,70837632,1201,1278,989,1000,6,583
7026,70847632,1182,1268,995,1017,18,604
7027,70857632,1168,1252,1004,1031,26,622
7028,70867632,1151,1227,1010,1028,16,562
7029,70877632,1134,1226,1016,1054,49,655
7030,70887632,1117,1224,1021,1070,54,673
7031,70897632,1117,1208,1038,1072,68,678
7032,70907632,1110,1199,1043,1079,75,690
7033,70917632,1102,1194,1050,1089,85,705
7034,70927632,1093,1184,1050,1098,95,720
7035,70937633,974,1105,1016,1109,104,734
7036,70947632,1064,1168,1058,1112,107,747
7037,70957632,1046,1154,1058,1111,88,674
7038,70967632,1037,1141,1070,1121,125,766
7039,70977632,1015,1140,1065,1127,140,783
7040,70987632,1010,1129,1076,1127,150,789
7041,70997632,1003,1121,1079,1127,166,791
7042,71007632,996,1113,1084,1135,180,795
7043,71017632,989,1108,1084,1141,187,800
7044,71027632,984,1104,1085,1145,194,809
7045,71037632,969,1104,1078,1156,205,817
7046,71047632,964,1082,1087,1143,181,729
7047,71057632,951,1081,1091,1157,225,818
7048,71067632,936,1069,1098,1158,233,820
7049,71077632,919,1067,1092,1170,238,835
7050,71087632,917,1056,1102,1166,250,834
7051,71097633,908,1054,1105,1169,260,839
7052,71107632,896,1054,1106,1174,261,846
7053,71117633,896,1051,1100,1178,266,847
7054,71127632,893,1048,1102,1176,275,853
7055,71137632,898,1041,1107,1164,243,762
7056,71147632,891,1044,1106,1177,286,858
7057,71157632,882,1043,1103,1183,285,864
7058,71167632,877,1034,1110,1181,295,865
7059,71177632,872,1020,1112,1178,299,862
7060,71187632,866,1017,1113,1181,308,866
7061,71197632,858,1017,1110,1184,307,874
7062,71207632,854,1012,1111,1187,314,875
7063,71217632,845,1012,1110,1191,325,882
7064,71227632,846,996,1113,1175,294,793
7065,71237632,843,1003,1112,1189,331,886
7066,71247632,845,997,1117,1186,335,882
7067,71257632,843,1003,1111,1194,332,889
7068,71267632,850,997,1117,1188,340,886
7069,71277632,851,998,1117,1188,340,884
7070,71287632,854,996,1117,1188,341,884
7071,71297632,854,1000,1116,1190,342,887
7072,71307632,852,1002,1112,1195,342,890
7073,71317632,859,997,1119,1181,305,797
7074,71327632,858,1001,1118,1189,345,885
7075,71337632,864,1001,1120,1188,342,879
7076,71347632,867,1008,1118,1189,335,879
7077,71357632,873,1014,1119,1186,333,874
7078,71367633,879,1017,1119,1186,332,867
7079,71377632,876,1021,1116,1190,330,869
7080,71387632,878,1023,1114,1190,324,866
7081,71397632,883,1019,1119,1185,328,862
7082,71407632,878,1025,1110,1181,290,772
7083,71417632,883,1021,1116,1184,323,863
7084,71427632,875,1029,1112,1190,324,858
7085,71437632,874,1026,1114,1187,333,865
7086,71447632,874,1016,1117,1180,338,860
7087,71457633,870,1012,1118,1177,347,860
7088,71467632,865,1009,1117,1177,349,862
7089,71477632,853,1004,1115,1176,358,867
7090,71487632,840,998,1108,1181,361,877
7091,71497632,837,979,1112,1166,337,790
7092,71507632,824,969,1113,1174,384,882
7093,71517632,810,958,1108,1177,393,888
7094,71527632,803,947,1110,1173,408,885
7095,71537632,798,937,1113,1168,421,883
7096,71547633,788,939,1109,1166,425,886
7097,71557632,787,931,1108,1159,429,881
7098,71567633,777,937,1102,1158,432,881
7099,71577632,772,938,1098,1156,432,877
7100,71587632,774,930,1097,1139,381,780
7101,71597632,769,933,1093,1146,406,855
7102,71607632,764,927,1089,1134,392,825
7103,71617632,746,929,1078,1129,373,805
7104,71627632,724,908,1067,1110,352,777
7105,71637633,680,865,1052,1106,354,776
7106,71647632,608,783,1039,1088,364,789
7107,71657632,494,681,1017,1085,375,816
7108,71667632,348,568,1005,1084,415,844
7109,71677632,210,444,984,1072,424,779
7110,71687632,66,348,962,1075,506,894
7111,71697632,0,214,932,1074,555,923
7112,71707632,0,102,901,1074,602,946
7113,71717632,0,33,865,1068,631,973
7114,71727632,0,0,822,1057,669,988
7115,71737632,0,0,778,1047,695,1004
7116,71747632,0,0,695,1042,703,1036
7117,71757632,0,0,657,1011,714,1040
7118,71767632,0,0,597,988,667,939
7119,71777632,0,0,550,980,710,1057
7120,71787632,0,0,507,954,709,1063
7121,71797632,0,0,474,922,695,1069
7122,71807632,0,0,419,890,656,1073
7123,71817632,0,0,389,856,595,1066
7124,71827632,0,0,350,805,524,1067
7125,71837632,0,0,302,772,438,1058
7126,71847632,0,0,287,721,348,1038
7127,71857632,0,0,278,684,227,918
7128,71867632,0,0,275,656,130,975
7129,71877632,0,0,267,598,34,922
7130,71887632,0,0,251,538,0,870
7131,71897632,0,0,239,456,0,778
7132,71907632,0,0,228,404,0,560
7133,71917632,0,0,206,363,0,478
7134,71927633,0,0,175,305,0,316
7135,71937632,0,0,168,266,0,155
7136,71947632,0,0,147,227,0,0
7137,71957632,0,0,127,201,0,0
7138,71967632,0,0,115,149,0,0
7139,71977632,0,0,99,118,0,0
7140,71987632,0,0,105,103,0,0
7141,71997632,0,0,102,101,0,0
7142,72007632,0,0,102,100,0,0
7143,72017632,0,0,101,91,0,0
7144,72027632,0,0,94,74,0,0
7145,72037632,0,0,87,67,0,0
7146,72047632,0,0,89,61,0,0
7147,72057632,0,0,83,59,0,0
7148,72067632,0,0,83,56,0,0
7149,72077632,0,0,78,52,0,0
7150,72087632,0,0,77,51,0,0
7151,72097632,0,0,72,53,0,0
7152,72107632,0,0,70,51,0,0
7153,72117632,0,0,72,51,0,0
7154,72127632,0,0,71,49,0,0
7155,72137632,0,0,72,52,0,0
7156,72147632,0,0,76,51,0,0
7157,72157632,0,0,78,50,0,0
7158,72167632,0,0,79,54,0,0
7159,72177632,0,0,75,54,0,0
7160,72187632,0,0,76,56,0,0
7161,72197632,0,0,74,56,0,0
7162,72207632,0,0,75,54,0,0
7163,72217632,0,0,72,54,0,0
7164,72227632,0,0,71,55,0,0
7165,72237632,0,0,71,54,0,0
7166,72247632,0,0,66,54,0,0
7167,72257632,0,0,58,54,0,0
7168,72267632,0,0,63,50,0,0
7169,72277632,0,0,59,52,0,0
7170,72287632,0,0,58,52,0,0
7171,72297632,0,0,58,50,0,0
7172,72307632,0,0,58,49,0,0
7173,72317632,0,0,60,52,0,0
7174,72327632,0,0,57,55,0,0
7175,72337632,0,0,60,56,0,0
7176,72347632,0,0,58,58,0,0
7177,72357632,0,0,57,52,0,0
7178,72367632,0,0,51,52,0,0
7179,72377632,0,0,51,49,0,0
7180,72387632,0,0,54,45,0,0
7181,72397632,0,0,53,46,0,0
7182,72407632,0,0,57,47,0,0
7183,72417632,0,0,59,52,0,0
7184,72427632,0,0,60,53,0,0
7185,72437632,0,0,60,55,0,0
7186,72447632,0,0,62,53,0,0
7187,72457632,0,0,60,53,0,0
7188,72467632,0,0,59,54,0,0
7189,72477632,0,0,60,53,0,0
7190,72487632,0,0,62,51,0,0
7191,72497632,0,0,65,53,0,0
7192,72507632,0,0,69,53,0,0
7193,72517632,0,0,68,53,0,0
7194,72527632,0,0,70,54,0,0
7195,72537632,0,0,74,58,0,0
7196,72547632,0,0,75,58,0,0
7197,72557632,0,0,76,60,0,0
7198,72567632,0,0,82,61,0,0
7199,72577632,0,0,83,59,0,0
7200,72587632,0,0,89,61,0,0
7201,72597632,0,0,90,64,0,0
7202,72607632,0,0,92,67,0,0
7203,72617632,0,0,89,70,0,0
7204,72627632,0,0,88,69,0,0
7205,72637632,0,0,92,72,0,0
7206,72647632,0,0,97,75,0,0
7207,72657632,0,0,99,76,0,0
7208,72667632,0,0,100,75,0,0
7209,72677632,0,0,107,77,0,0
7210,72687632,0,0,110,78,0,0
7211,72697632,0,0,106,83,0,0
7212,72707632,0,0,107,80,0,0
7213,72717632,0,0,112,84,0,0
7214,72727632,0,0,106,81,0,0
7215,72737632,0,0,102,65,0,0
7216,72747632,0,12,152,111,0,0
7217,72757632,0,46,169,119,0,0
7218,72767632,0,87,189,144,0,0
7219,72777632,0,193,186,169,0,0
7220,72787632,0,267,239,200,0,0
7221,72797632,8,319,276,244,0,0
7222,72807633,39,364,315,299,0,4
7223,72817632,55,390,367,348,0,58
7224,72827632,51,400,428,407,0,117
7225,72837632,55,409,489,456,0,172
7226,72847632,72,431,527,512,0,178
7227,72857632,102,461,579,575,0,281
7228,72867632,152,501,630,621,0,318
7229,72877632,209,560,677,659,0,355
7230,72887632,294,633,721,702,0,373
7231,72897633,411,722,750,731,0,389
7232,72907632,530,791,782,746,0,394
7233,72917632,626,864,798,759,0,403
7234,72927632,718,920,821,767,0,409
7235,72937632,795,965,830,771,0,348
7236,72947632,851,1012,840,785,0,410
7237,72957632,910,1049,846,779,0,411
7238,72967632,957,1081,852,778,0,410
7239,72977632,1007,1111,851,768,0,411
7240,72987632,1056,1142,848,764,0,424
7241,72997632,1102,1167,849,758,0,434
7242,73007632,1132,1190,848,754,0,443
7243,73017632,1164,1214,851,750,0,456
7244,73027632,1188,1232,848,744,0,389
7245,73037632,1211,1266,851,749,0,466
7246,73047632,1229,1280,847,752,0,475
7247,73057632,1251,1293,849,746,0,480
7248,73067632,1266,1299,855,745,0,490
7249,73077632,1275,1310,855,749,0,511
7250,73087632,1285,1314,853,749,0,525
7251,73097632,1289,1326,852,751,0,539
7252,73107632,1298,1327,855,746,0,546
7253,73117632,1296,1330,847,745,0,484
7254,73127632,1307,1333,855,746,14,566
7255,73137632,1312,1332,855,744,26,568
7256,73147632,1313,1333,850,744,33,568
7257,73157632,1316,1333,846,743,54,579
7258,73167633,1315,1335,845,741,76,586
7259,73177632,1311,1334,837,737,90,599
7260,73187632,1303,1333,831,735,112,607
7261,73197632,1304,1326,827,733,125,616
7262,73207632,1299,1317,824,731,110,553
7263,73217632,1293,1320,822,732,153,631
7264,73227632,1294,1315,815,729,164,633
7265,73237632,1286,1317,813,729,180,642
7266,73247632,1281,1312,810,723,194,650
7267,73257633,1278,1313,806,717,205,655
7268,73267632,1276,1317,800,712,217,661
7269,73277633,1276,1312,798,703,228,659
7270,73287632,1269,1324,787,702,230,673
7271,73297632,1279,1315,786,692,207,594
7272,73307632,1280,1327,783,695,233,674
7273,73317632,1291,1328,782,692,233,670
7274,73327632,1287,1341,772,693,227,675
7275,73337632,1301,1339,778,683,219,665
7276,73347632,1306,1351,770,678,213,663
7277,73357632,1308,1355,764,670,205,659
7278,73367632,1306,1368,755,668,198,660
7279,73377632,1320,1372,751,660,191,650
7280,73387632,1324,1374,740,648,175,648
7281,73397632,1338,1379,740,632,172,632
7282,73407632,1351,1385,728,616,149,613
7283,73417632,1367,1395,716,598,117,598
7284,73427632,1378,1404,692,568,101,576
7285,73437632,1391,1417,668,538,67,550
7286,73447632,1405,1426,639,504,37,515
7287,73457632,1423,1439,607,470,9,476
7288,73467632,1444,1451,580,440,0,432
7289,73477632,1460,1457,562,409,0,393
7290,73487632,1464,1483,544,398,0,356
7291,73497632,1477,1494,533,368,0,321
7292,73507632,1497,1496,520,340,0,286
7293,73517632,1507,1503,497,310,0,241
7294,73527632,1518,1515,487,297,0,211
7295,73537632,1524,1521,470,285,0,185
7296,73547632,1527,1533,450,280,0,173
7297,73557632,1537,1537,441,268,0,157
7298,73567632,1546,1540,426,258,0,104
7299,73577632,1553,1550,409,256,0,149
7300,73587632,1558,1553,404,245,0,146
7301,73597632,1558,1558,386,243,0,134
7302,73607632,1559,1562,374,242,0,116
7303,73617633,1560,1571,371,235,0,102
7304,73627632,1566,1566,362,218,0,89
7305,73637632,1565,1572,362,221,0,87
7306,73647632,1568,1567,361,218,0,86
7307,73657632,1568,1564,355,221,0,50
7308,73667632,1563,1571,360,223,0,89
7309,73677632,1561,1567,351,216,0,90
7310,73687632,1554,1568,343,214,0,85
7311,73697632,1547,1567,332,216,0,82
7312,73707632,1542,1566,326,202,0,83
7313,73717632,1542,1561,320,193,0,82
7314,73727632,1534,1560,318,195,0,84
7315,73737632,1529,1551,312,180,0,75
7316,73747632,1520,1540,298,171,0,32
7317,73757632,1514,1534,292,168,0,59
7318,73767632,1502,1524,280,156,0,53
7319,73777632,1493,1515,259,158,0,43
7320,73787632,1473,1506,245,147,0,33
7321,73797632,1459,1495,239,137,0,23
7322,73807632,1445,1477,222,127,0,15
7323,73817632,1426,1464,209,119,0,11
7324,73827632,1411,1442,196,115,0,9
7325,73837632,1397,1422,175,106,0,8
7326,73847632,1366,1413,171,104,0,5
7327,73857632,1345,1385,164,101,0,4
7328,73867632,1316,1367,147,88,0,2
7329,73877632,1287,1344,130,77,0,0
7330,73887633,1264,1321,124,64,0,0
7331,73897632,1240,1294,101,49,0,0
7332,73907632,1093,1206,77,40,0,0
7333,73917632,1174,1242,72,26,0,0
7334,73927632,1134,1201,55,15,0,0
7335,73937632,1097,1160,41,7,0,0
7336,73947632,1051,1113,23,0,0,0
7337,73957632,1001,1065,3,0,0,0
7338,73967632,949,1021,0,0,0,0
7339,73977632,902,980,0,0,0,0
7340,73987632,854,936,0,0,0,0
7341,73997632,804,895,0,0,0,0
7342,74007632,762,856,0,0,0,0
7343,74017632,715,807,0,0,0,0
7344,74027632,659,777,0,0,0,0
7345,74037632,619,745,0,0,0,0
7346,74047632,580,723,0,0,0,0
7347,74057632,551,710,0,0,0,0
7348,74067632,556,722,0,0,0,0
7349,74077632,566,729,0,0,0,0
7350,74087632,497,718,0,0,0,0
7351,74097632,584,742,0,0,0,0
7352,74107632,580,739,0,0,0,0
7353,74117632,560,731,0,0,0,0
7354,74127632,532,710,0,0,0,0
7355,74137632,489,692,0,0,0,0
7356,74147632,445,671,0,0,0,0
7357,74157632,405,649,0,0,0,0
7358,74167632,359,610,0,0,0,0
7359,74177632,309,553,0,0,0,0
7360,74187632,257,496,0,0,0,0
7361,74197632,219,442,0,0,0,0
7362,74207632,162,388,0,0,0,0
7363,74217632,110,297,0,0,0,0
7364,74227632,22,243,0,0,0,0
7365,74237632,0,201,0,0,0,0
7366,74247632,0,166,0,0,0,0
7367,74257632,0,160,0,0,0,0
7368,74267632,0,160,0,0,0,0
7369,74277632,0,161,0,0,0,0
7370,74287632,0,148,0,0,0,0
7371,74297632,0,136,0,0,0,0
7372,74307632,0,123,0,0,0,0
7373,74317632,0,106,0,0,0,0
7374,74327632,0,96,0,0,0,0
7375,74337632,0,89,0,0,0,0
7376,74347632,0,79,0,0,0,0
7377,74357632,0,72,0,0,0,0
7378,74367632,0,59,0,0,0,0
7379,74377632,0,58,0,0,0,0
7380,74387632,0,60,0,0,0,0
7381,74397632,0,53,0,0,0,0
7382,74407632,0,41,0,0,0,0
7383,74417632,0,35,0,0,0,0
7384,74427632,0,23,0,0,0,0
7385,74437632,0,19,0,0,0,0
7386,74447632,0,8,0,0,0,0
7387,74457632,0,5,0,0,0,0
7388,74467632,0,0,0,0,0,0
7389,74477632,0,0,0,0,0,0
7390,74487632,0,0,0,0,0,0
7391,74497632,0,0,0,0,0,0
7392,74507632,0,0,0,0,0,0
7393,74517632,0,0,0,0,0,0
7394,74527632,0,0,0,0,0,0
7395,74537632,0,0,0,0,0,0
7396,74547632,0,0,0,0,0,0
7397,74557632,0,2,0,0,0,0
7398,74567632,0,2,0,0,0,0
7399,74577632,0,6,0,0,0,0
7400,74587632,0,10,0,0,0,0
7401,74597632,0,20,0,0,0,0
7402,74607632,0,33,0,0,0,0
7403,74617632,0,53,0,0,0,0
7404,74627632,0,90,0,0,0,0
7405,74637632,0,145,0,0,0,0
7406,74647632,0,191,0,0,0,0
7407,74657632,0,235,0,0,0,0
7408,74667632,0,297,0,0,0,0
7409,74677632,4,368,0,0,0,0
7410,74687632,74,473,0,0,0,0
7411,74697632,168,552,0,0,0,0
7412,74707632,244,606,0,0,0,0
7413,74717633,300,652,0,0,0,0
7414,74727632,361,683,0,0,0,0
7415,74737632,421,722,0,0,0,0
7416,74747632,490,774,0,0,0,0
7417,74757632,585,830,0,0,0,0
7418,74767632,661,883,0,0,0,0
7419,74777632,738,931,0,0,0,0
7420,74787633,812,987,0,0,0,0
7421,74797632,864,1022,8,7,0,0
7422,74807632,926,1067,48,39,0,0
7423,74817632,969,1086,81,66,0,0
7424,74827632,983,1095,103,102,0,0
7425,74837632,985,1107,144,143,0,0
7426,74847632,992,1110,171,168,0,3
7427,74857632,987,1124,187,199,0,28
7428,74867632,998,1129,216,218,0,60
7429,74877632,1014,1138,238,235,0,93
7430,74887632,1047,1155,266,248,0,123
7431,74897632,1061,1174,283,262,0,147
7432,74907632,1088,1186,300,292,0,159
7433,74917632,1106,1194,311,299,0,126
7434,74927632,1119,1215,329,324,0,184
7435,74937632,1125,1229,336,334,0,200
7436,74947632,1128,1241,343,352,0,222
7437,74957632,1129,1247,364,374,0,240
7438,74967632,1141,1246,381,392,0,271
7439,74977632,1145,1249,412,410,0,296
7440,74987632,1149,1257,430,445,0,313
7441,74997632,1163,1261,457,459,0,329
7442,75007632,1173,1268,480,477,0,289
7443,75017632,1186,1282,491,492,0,360
7444,75027632,1196,1294,499,496,0,368
7445,75037632,1206,1307,513,518,0,385
7446,75047632,1206,1315,530,536,0,398
7447,75057633,1223,1317,553,548,0,411
7448,75067632,1232,1322,576,572,0,423
7449,75077632,1235,1329,587,588,0,435
7450,75087632,1241,1335,610,601,0,452
7451,75097632,1247,1334,624,610,0,394
7452,75107632,1256,1345,642,618,0,467
7453,75117632,1262,1355,652,626,0,472
7454,75127632,1262,1366,661,631,0,476
7455,75137632,1274,1364,669,637,0,478
7456,75147632,1283,1369,682,648,0,484
7457,75157632,1287,1373,687,656,0,485
7458,75167633,1288,1380,693,661,0,494
7459,75177632,1293,1382,698,666,0,504
7460,75187632,1296,1381,699,672,0,442
7461,75197632,1299,1392,712,684,0,525
7462,75207632,1301,1393,726,691,0,533
7463,75217632,1300,1400,731,705,0,540
7464,75227632,1299,1401,736,716,0,546
7465,75237632,1307,1396,760,721,0,550
7466,75247632,1309,1397,774,738,0,0
7467,75257632,1307,1394,790,752,0,0
7468,75267632,1305,1392,803,764,0,0
7469,75277632,1301,1388,815,777,0,0
7470,75287632,1299,1389,819,792,0,0
7471,75297632,1298,1385,833,806,4,0
7472,75307632,1289,1383,843,821,8,0
7473,75317632,1274,1385,845,836,10,0
7474,75327633,1277,1373,853,827,23,0
7475,75337632,1269,1371,866,834,24,0
7476,75347632,1267,1368,871,844,29,0
7477,75357632,1260,1362,876,850,35,0
7478,75367632,1252,1356,877,853,21,0
7479,75377632,1248,1350,885,859,38,0
7480,75387632,1239,1347,888,869,41,0
7481,75397632,1226,1341,893,882,47,0
7482,75407632,1207,1337,894,894,54,0
7483,75417632,1204,1323,910,905,63,0
7484,75427632,1192,1314,917,910,69,0
7485,75437632,1184,1305,924,921,78,0
7486,75447632,1175,1297,934,932,86,0
7487,75457632,1168,1278,937,938,81,0
7488,75467632,1151,1270,948,949,107,0
7489,75477632,1136,1257,956,956,121,0
7490,75487632,1112,1249,960,968,136,704
7491,75497632,1092,1237,966,976,149,698
7492,75507633,1074,1216,978,983,168,752
7493,75517632,1049,1208,985,992,185,792
7494,75527633,1032,1197,992,1002,199,809
7495,75537632,1013,1185,1000,1013,226,822
7496,75547632,989,1171,1003,1026,217,751
7497,75557632,962,1160,1008,1044,253,858
7498,75567632,946,1133,1022,1048,269,869
7499,75577632,921,1115,1035,1062,292,889
7500,75587632,889,1093,1042,1072,308,911
7501,75597632,861,1069,1048,1080,335,932
7502,75607632,826,1046,1048,1097,348,950
7503,75617632,794,1027,1054,1104,365,960
7504,75627632,762,1009,1054,1114,386,980
7505,75637632,742,983,1059,1117,376,888
7506,75647632,703,966,1062,1132,419,1008
7507,75657632,668,937,1071,1136,437,1017
7508,75667632,625,923,1072,1144,457,1043
7509,75677632,597,901,1081,1145,476,1048
7510,75687633,557,880,1077,1158,496,1065
7511,75697632,525,864,1076,1167,520,1076
7512,75707632,424,758,1049,1157,536,1081
7513,75717632,451,823,1081,1177,550,1097
7514,75727632,421,792,1086,1173,531,999
7515,75737632,375,768,1088,1183,576,1115
7516,75747632,342,736,1096,1184,591,1123
7517,75757632,302,717,1093,1193,616,1134
7518,75767632,263,681,1096,1199,638,1140
7519,75777633,229,646,1100,1198,661,1145
7520,75787632,196,612,1100,1204,671,1159
7521,75797633,154,596,1103,1206,688,1163
7522,75807632,124,574,1107,1208,701,1171
7523,75817632,98,552,1102,1218,690,1071
7524,75827632,71,523,1111,1215,757,1184
7525,75837632,39,486,1107,1228,779,1199
7526,75847632,9,440,1104,1235,807,1213
7527,75857632,0,401,1112,1231,829,1213
7528,75867633,0,371,1117,1237,851,1225
7529,75877632,0,337,1112,1242,859,1237
7530,75887633,0,296,1115,1243,879,1241
7531,75897632,0,262,1114,1248,897,1250
7532,75907632,0,240,1108,1253,871,1141
7533,75917632,0,193,1104,1263,924,1271
7534,75927632,0,161,1103,1259,941,1270
7535,75937632,0,110,1083,1267,949,1287
7536,75947632,0,55,1071,1269,961,1293
7537,75957633,0,9,1056,1257,976,1284
7538,75967632,0,0,1022,1252,979,1289
7539,75977632,0,0,977,1239,977,1289
7540,75987632,0,0,919,1219,978,1276
7541,75997632,0,0,846,1182,932,1152
7542,76007632,0,0,759,1141,972,1253
7543,76017632,0,0,679,1092,973,1249
7544,76027632,0,0,606,1032,960,1253
7545,76037632,0,0,526,970,930,1253
7546,76047633,0,0,442,908,891,1237
7547,76057632,0,0,391,832,862,1214
7548,76067632,0,0,338,776,816,1199
7549,76077632,0,0,275,707,762,1183
7550,76087632,0,0,236,633,674,1053
7551,76097632,0,0,195,559,617,1148
7552,76107632,0,0,152,491,551,1126
7553,76117632,0,0,113,439,463,1107
7554,76127632,0,0,74,380,323,1084
7555,76137632,0,0,58,341,225,1059
7556,76147632,0,0,31,281,130,1013
7557,76157632,0,0,3,239,60,969
7558,76167632,0,0,0,200,28,908
7559,76177632,0,0,0,167,0,731
7560,76187632,0,0,0,143,0,725
7561,76197632,0,0,0,132,0,636
7562,76207632,0,0,0,112,0,552
7563,76217632,0,0,0,103,0,462
7564,76227632,0,0,0,83,0,333
7565,76237632,0,0,0,54,0,211
7566,76247632,0,0,0,43,0,88
7567,76257632,0,0,0,29,0,0
7568,76267632,0,0,0,12,0,0
7569,76277632,0,0,0,0,0,0
7570,76287632,0,0,0,0,0,0
7571,76297632,0,0,0,0,0,0
7572,76307632,0,0,0,0,0,0
7573,76317632,0,0,0,2,0,0
7574,76327632,0,0,0,1,0,0
7575,76337632,0,0,0,3,0,0
7576,76347632,0,0,0,4,0,0
7577,76357632,0,0,0,9,0,0
7578,76367632,0,0,0,17,0,0
7579,76377632,0,0,0,25,0,0
7580,76387632,0,0,0,31,0,0
7581,76397632,0,0,0,34,0,0
7582,76407632,0,0,0,39,0,0
7583,76417632,0,0,0,43,0,0
7584,76427632,0,0,0,47,0,0
7585,76437632,0,0,0,42,0,0
7586,76447632,0,0,0,39,0,0
7587,76457632,0,0,0,36,0,0
7588,76467632,0,0,0,39,0,0
7589,76477632,0,0,0,30,0,0
7590,76487632,0,0,0,26,0,0
7591,76497632,0,0,0,24,0,0
7592,76507632,0,0,0,21,0,0
7593,76517632,0,0,0,21,0,0
7594,76527632,0,0,0,19,0,0
7595,76537632,0,0,0,21,0,0
7596,76547632,0,0,0,23,0,0
7597,76557632,0,0,0,19,0,0
7598,76567632,0,0,0,22,0,0
7599,76577632,0,0,0,18,0,0
7600,76587632,0,0,0,16,0,0
7601,76597632,0,0,0,15,0,0
7602,76607633,0,0,0,10,0,0
7603,76617632,0,0,0,11,0,0
7604,76627632,0,0,0,8,0,0
7605,76637632,1,0,0,5,0,0
7606,76647632,0,0,0,7,0,0
7607,76657632,0,0,0,9,0,0
7608,76667632,0,0,0,11,0,0
7609,76677632,0,0,0,7,0,0
7610,76687632,0,0,0,7,0,0
7611,76697632,0,0,0,4,0,0
7612,76707632,0,0,0,6,0,0
7613,76717632,0,0,0,9,0,0
7614,76727632,0,0,0,8,0,0
7615,76737632,0,0,0,9,0,0
7616,76747632,0,0,0,8,0,0
7617,76757632,0,0,0,7,0,0
7618,76767632,0,0,0,7,0,0
7619,76777632,0,11,0,2,0,0
7620,76787632,0,152,0,0,0,0
7621,76797632,7,299,0,0,0,0
7622,76807632,119,480,0,0,0,0
7623,76817632,295,648,0,0,0,0
7624,76827632,452,750,0,0,0,0
7625,76837632,569,835,0,0,0,0
7626,76847632,672,896,0,0,0,0
7627,76857632,739,943,0,0,0,0
7628,76867632,793,958,0,0,0,0
7629,76877632,812,969,0,0,0,0
7630,76887632,833,973,0,0,0,0
7631,76897632,844,975,0,0,0,0
7632,76907632,848,956,0,0,0,0
7633,76917632,852,957,0,0,0,0
7634,76927632,875,983,29,22,0,0
7635,76937632,910,999,47,30,0,0
7636,76947633,908,1004,61,71,0,0
7637,76957632,906,1004,89,88,0,0
7638,76967632,903,1010,108,109,0,0
7639,76977632,907,1006,122,136,0,23
7640,76987632,913,1011,160,168,0,22
7641,76997632,927,1018,176,182,0,101
7642,77007632,929,1017,201,195,0,160
7643,77017632,921,1022,217,213,0,188
7644,77027632,915,1010,233,238,0,233
7645,77037633,905,1009,254,251,0,277
7646,77047632,905,1004,279,278,0,317
7647,77057632,901,1001,286,300,0,343
7648,77067632,905,1006,307,317,0,375
7649,77077632,901,1011,316,330,0,339
7650,77087632,911,1015,337,341,0,423
7651,77097632,907,1017,352,352,0,455
7652,77107632,893,1022,360,372,0,489
7653,77117632,884,1014,368,382,1,532
7654,77127632,874,998,373,397,12,559
7655,77137632,856,987,378,407,40,583
7656,77147632,840,983,381,416,61,603
7657,77157632,839,956,397,425,91,618
7658,77167632,821,947,402,431,99,620
7659,77177632,813,945,408,448,135,658
7660,77187632,809,946,416,466,160,674
7661,77197632,802,948,421,482,185,695
7662,77207632,799,948,423,488,209,719
7663,77217633,808,943,447,508,234,743
7664,77227632,804,949,446,534,245,761
7665,77237632,811,949,461,540,265,790
7666,77247632,813,952,476,560,275,802
7667,77257632,821,965,494,582,278,695
7668,77267632,833,974,510,605,305,0
7669,77277632,848,981,533,624,326,0
7670,77287632,855,1001,543,642,330,0
7671,77297632,860,1008,565,658,335,0
7672,77307633,875,1010,593,666,354,0
7673,77317632,882,1020,611,677,364,0
7674,77327633,889,1032,635,694,377,0
7675,77337632,897,1044,652,710,388,0
7676,77347632,903,1047,664,730,382,0
7677,77357632,912,1055,684,746,411,0
7678,77367632,918,1060,707,762,418,0
7679,77377632,918,1075,719,780,426,0
7680,77387632,920,1078,735,794,437,0
7681,77397633,926,1071,750,797,470,0
7682,77407632,921,1069,760,813,482,0
7683,77417632,914,1070,775,822,500,0
7684,77427632,909,1067,782,840,531,0
7685,77437632,897,1063,793,851,532,0
7686,77447632,889,1057,808,863,580,0
7687,77457632,880,1055,815,874,608,0
7688,77467632,869,1063,820,895,624,0
7689,77477632,859,1058,830,901,637,0
7690,77487632,854,1044,844,910,659,0
7691,77497632,836,1047,851,923,670,0
7692,77507632,823,1035,868,927,690,0
7693,77517632,804,1036,867,946,697,0
7694,77527632,792,1027,875,946,686,0
7695,77537632,784,1017,884,956,714,1127
7696,77547632,768,1020,885,968,715,1136
7697,77557632,762,1011,893,975,723,1122
7698,77567632,752,1008,895,984,730,0
7699,77577632,747,998,906,979,738,0
7700,77587632,734,1001,907,986,739,0
7701,77597632,727,993,909,986,745,0
7702,77607632,724,989,914,987,754,0
7703,77617632,719,990,909,991,736,0
7704,77627632,724,993,917,993,764,0
7705,77637632,728,995,917,992,762,0
7706,77647632,729,1003,914,1000,758,0
7707,77657632,736,1002,918,1001,760,0
7708,77667633,750,1003,924,997,767,0
7709,77677632,758,1012,920,997,763,0
7710,77687632,771,1015,924,996,765,0
7711,77697632,781,1027,925,997,762,0
7712,77707632,793,1034,921,995,737,0
7713,77717632,804,1047,927,998,746,0
7714,77727632,814,1053,929,998,733,0
7715,77737632,825,1070,923,1004,725,0
7716,77747632,842,1079,922,1003,712,0
7717,77757632,863,1081,931,998,707,0
7718,77767632,875,1089,931,996,698,0
7719,77777632,889,1096,931,996,695,0
7720,77787632,894,1099,933,999,687,0
7721,77797632,904,1106,930,996,664,0
7722,77807632,909,1110,937,1000,680,0
7723,77817632,915,1115,936,1003,671,0
7724,77827632,912,1124,935,1011,650,0
7725,77837632,918,1126,933,1011,650,0
7726,77847633,926,1121,940,1002,651,0
7727,77857632,926,1125,936,1008,645,0
7728,77867632,932,1123,941,1005,637,0
7729,77877632,936,1120,945,1007,634,0
7730,77887632,935,1124,936,1010,610,0
7731,77897632,938,1124,943,1011,618,0
7732,77907632,936,1125,942,1016,618,0
7733,77917632,933,1119,945,1017,619,0
7734,77927632,929,1114,943,1021,609,0
7735,77937633,916,1111,950,1029,613,0
7736,77947632,912,1098,953,1035,618,0
7737,77957632,806,988,930,942,551,0
7738,77967632,883,1078,969,1050,633,0
7739,77977632,859,1067,961,1061,615,0
7740,77987632,832,1047,978,1067,633,0
7741,77997632,804,1037,976,1078,621,0
7742,78007632,769,1019,978,1088,605,0
7743,78017632,743,1000,987,1089,598,0
7744,78027633,707,990,987,1103,587,0
7745,78037632,667,958,996,1105,582,0
7746,78047632,609,923,1001,1114,572,0
7747,78057632,558,875,1004,1127,569,0
7748,78067632,484,816,1004,1139,551,0
7749,78077632,397,747,1007,1149,577,0
7750,78087632,299,663,1012,1159,599,0
7751,78097632,179,576,1011,1166,609,0
7752,78107632,57,461,999,1169,613,0
7753,78117632,0,348,991,1173,588,0
7754,78127632,0,218,970,1178,570,1042
7755,78137632,0,140,952,1178,544,1075
7756,78147632,0,56,922,1177,515,1095
7757,78157632,0,5,881,1174,462,1005
7758,78167632,0,0,844,1172,443,1120
7759,78177632,0,0,795,1160,422,1122
7760,78187632,0,0,749,1157,362,1130
7761,78197632,0,0,722,1139,272,1127
7762,78207633,0,0,700,1113,203,1117
7763,78217632,0,0,675,1091,143,1094
7764,78227632,0,0,655,1067,90,1063
7765,78237632,0,0,639,1036,42,1031
7766,78247632,0,0,611,995,0,895
7767,78257632,0,0,582,965,0,953
7768,78267632,0,0,558,924,0,895
7769,78277632,0,0,539,884,0,817
7770,78287632,0,0,531,840,0,730
7771,78297632,0,0,516,796,0,575
7772,78307632,0,0,496,744,0,548
7773,78317632,0,0,482,687,0,415
7774,78327632,0,0,470,647,0,329
7775,78337632,0,0,438,609,0,202
7776,78347632,0,0,410,553,0,172
7777,78357632,0,0,365,492,0,51
7778,78367632,0,0,341,434,0,0
7779,78377632,0,0,321,386,0,0
7780,78387633,0,0,312,358,0,0
7781,78397632,0,0,293,283,0,0
7782,78407632,0,0,277,233,0,0
7783,78417632,0,0,266,216,0,0
7784,78427632,0,0,255,205,0,0
7785,78437632,0,0,245,204,0,0
7786,78447632,0,0,234,193,0,0
7787,78457632,0,0,220,182,0,0
7788,78467632,0,0,187,174,0,0
7789,78477633,0,0,176,164,0,0
7790,78487632,0,0,157,154,0,0
7791,78497632,0,0,147,147,0,0
7792,78507632,0,0,139,138,0,0
7793,78517632,0,0,113,140,0,0
7794,78527632,0,0,105,130,0,0
7795,78537632,0,0,89,122,0,0
7796,78547632,0,0,85,112,0,0
7797,78557632,0,0,73,109,0,0
7798,78567632,0,0,68,101,0,0
7799,78577632,0,0,64,91,0,0
7800,78587632,0,0,53,91,0,0
7801,78597632,0,0,45,84,0,0
7802,78607632,0,0,37,78,0,0
7803,78617632,0,0,35,74,0,0
7804,78627632,0,0,32,72,0,0
7805,78637632,0,0,26,68,0,0
7806,78647632,0,0,19,61,0,0
7807,78657632,0,0,9,64,0,0
7808,78667632,0,0,1,57,0,0
7809,78677632,0,0,0,49,0,0
7810,78687632,0,0,0,45,0,0
7811,78697632,0,0,0,44,0,0
7812,78707632,0,0,0,42,0,0
7813,78717632,0,0,0,41,0,0
7814,78727632,0,0,0,28,0,0
7815,78737632,0,0,0,24,0,0
7816,78747632,0,0,0,19,0,0
7817,78757632,0,0,0,9,0,0
7818,78767632,0,0,0,6,0,0
7819,78777632,0,0,0,3,0,0
7820,78787632,0,0,0,0,0,0
7821,78797632,0,0,0,0,0,0
7822,78807632,0,0,0,0,0,0
7823,78817632,0,26,0,0,0,0
7824,78827632,0,89,0,0,0,0
7825,78837632,11,190,0,0,0,0
7826,78847632,89,300,0,0,0,0
7827,78857632,232,468,0,0,0,0
7828,78867632,394,617,0,0,0,0
7829,78877632,538,720,0,0,0,0
7830,78887632,637,793,0,0,0,0
7831,78897632,743,863,0,0,0,0
7832,78907632,816,921,0,0,0,0
7833,78917632,893,968,0,0,0,0
7834,78927632,955,1003,0,0,0,0
7835,78937632,994,1032,0,0,0,0
7836,78947632,1023,1058,0,0,0,0
7837,78957632,1043,1075,0,0,0,0
7838,78967632,1057,1099,0,0,0,0
7839,78977632,1081,1112,0,0,0,0
7840,78987632,1105,1129,0,0,0,0
7841,78997632,1127,1152,0,0,0,0
7842,79007632,1145,1178,0,0,0,0
7843,79017632,1177,1196,8,0,0,0
7844,79027632,1197,1219,19,0,0,0
7845,79037632,1220,1238,29,0,0,0
7846,79047632,1250,1261,35,0,0,0
7847,79057632,1271,1286,43,0,0,0
7848,79067632,1298,1298,58,0,0,0
7849,79077632,1304,1310,66,0,0,0
7850,79087632,1309,1326,70,2,0,0
7851,79097632,1316,1336,77,5,0,0
7852,79107633,1323,1346,88,9,0,0
7853,79117632,1331,1355,92,8,0,0
7854,79127632,1343,1371,106,11,0,0
7855,79137632,1356,1381,113,15,0,0
7856,79147632,1365,1395,122,17,0,0
7857,79157632,1379,1400,133,23,0,0
7858,79167632,1394,1418,148,27,0,0
7859,79177632,1395,1436,155,38,0,0
7860,79187632,1404,1447,161,43,0,0
7861,79197632,1430,1450,182,58,0,0
7862,79207632,1437,1457,203,69,0,0
7863,79217633,1443,1466,210,83,0,0
7864,79227632,1448,1474,228,92,0,0
7865,79237632,1455,1486,244,106,0,0
7866,79247632,1461,1492,269,121,0,0
7867,79257632,1464,1501,280,143,0,0
7868,79267632,1476,1507,301,167,0,0
7869,79277632,1486,1512,326,187,0,0
7870,79287633,1485,1519,346,215,0,0
7871,79297632,1492,1523,367,229,0,0
7872,79307632,1497,1522,388,250,0,0
7873,79317632,1499,1525,417,286,0,0
7874,79327632,1501,1525,441,324,0,0
7875,79337632,1503,1526,478,362,0,7
7876,79347632,1502,1531,511,397,0,42
7877,79357632,1497,1538,526,418,0,74
7878,79367632,1496,1539,539,434,0,109
7879,79377632,1509,1524,553,445,0,149
7880,79387632,1504,1526,560,461,0,180
7881,79397632,1508,1521,570,467,0,217
7882,79407632,1510,1518,573,467,0,242
7883,79417632,1506,1521,579,472,0,219
7884,79427632,1509,1516,580,475,0,286
7885,79437632,1498,1520,580,482,0,317
7886,79447632,1499,1515,584,487,0,347
7887,79457632,1498,1510,589,491,0,367
7888,79467633,1503,1502,597,499,0,381
7889,79477632,1496,1502,601,512,0,407
7890,79487632,1499,1496,607,515,0,421
7891,79497632,1498,1493,615,528,0,430
7892,79507632,1495,1491,619,543,0,383
7893,79517632,1493,1488,642,557,0,459
7894,79527632,1484,1484,652,576,0,470
7895,79537632,1470,1483,661,601,0,487
7896,79547632,1468,1465,678,620,0,500
7897,79557632,1464,1458,693,639,0,531
7898,79567632,1450,1456,703,658,0,550
7899,79577633,1451,1445,715,666,0,554
7900,79587632,1445,1438,727,675,0,570
7901,79597632,1436,1437,729,687,0,507
7902,79607632,1430,1436,736,697,0,588
7903,79617632,1430,1426,749,707,0,593
7904,79627632,1424,1420,758,714,0,596
7905,79637632,1416,1408,765,724,0,602
7906,79647633,1398,1406,773,738,0,616
7907,79657632,1400,1394,782,744,12,619
7908,79667632,1394,1387,791,755,17,633
7909,79677632,1382,1385,798,765,30,648
7910,79687632,1369,1383,800,780,38,351
7911,79697632,1372,1370,814,788,59,0
7912,79707632,1368,1364,819,793,64,0
7913,79717632,1357,1367,823,807,69,0
7914,79727632,1361,1357,827,807,78,0
7915,79737632,1360,1356,836,811,86,0
7916,79747632,1355,1356,839,819,88,0
7917,79757632,1352,1353,844,824,94,0
7918,79767632,1349,1347,852,825,98,0
7919,79777632,1346,1339,854,827,102,0
7920,79787632,1330,1344,850,841,112,0
7921,79797632,1332,1334,857,841,119,0
7922,79807632,1327,1336,859,846,124,0
7923,79817632,1331,1329,866,847,147,0
7924,79827632,1329,1326,867,851,147,0
7925,79837632,1322,1328,867,855,148,0
7926,79847632,1324,1324,872,855,145,0
7927,79857632,1321,1322,874,859,153,0
7928,79867632,1316,1321,872,861,149,0
7929,79877632,1316,1315,879,868,153,0
7930,79887632,1308,1313,879,870,160,0
7931,79897632,1301,1310,878,874,165,0
7932,79907632,1300,1302,884,872,171,0
7933,79917632,1295,1297,887,875,171,0
7934,79927632,1284,1296,881,882,180,0
7935,79937632,1278,1280,886,878,200,0
7936,79947632,1271,1273,887,880,198,0
7937,79957632,1253,1274,877,888,185,0
7938,79967632,1252,1259,891,887,220,0
7939,79977632,1236,1249,892,889,237,0
7940,79987632,1214,1241,886,893,252,633
7941,79997632,1200,1227,889,898,269,634
7942,80007632,1191,1211,895,897,276,683
7943,80017632,1171,1198,896,899,273,706
7944,80027633,1158,1185,899,910,280,731
7945,80037632,1139,1172,904,912,286,753
7946,80047632,1121,1153,901,915,284,687
7947,80057632,1093,1132,909,926,299,776
7948,80067632,1053,1108,912,930,315,790
7949,80077632,1014,1077,916,943,335,808
7950,80087632,963,1039,920,947,350,817
7951,80097632,917,992,919,961,357,834
7952,80107632,856,936,923,964,367,837
7953,80117632,703,792,889,875,331,762
7954,80127632,692,810,910,974,410,866
7955,80137632,562,721,888,970,424,781
7956,80147632,418,601,873,956,467,869
7957,80157632,260,467,830,947,492,870
7958,80167632,95,295,782,939,510,882
7959,80177632,0,170,725,940,531,884
7960,80187633,0,95,658,929,550,878
7961,80197632,0,15,585,919,548,890
7962,80207633,0,0,527,899,554,878
7963,80217632,0,0,468,881,547,878
7964,80227632,0,0,427,852,523,818
7965,80237632,0,0,383,826,529,910
7966,80247632,0,0,347,781,500,931
7967,80257632,0,0,300,740,465,954
7968,80267632,0,0,274,692,421,973
7969,80277632,0,0,244,651,363,987
7970,80287632,0,0,233,629,296,1007
7971,80297633,0,0,206,605,186,1011
7972,80307632,0,0,186,552,104,998
7973,80317632,0,0,163,508,24,887
7974,80327632,0,0,146,468,0,948
7975,80337632,0,0,136,436,0,896
7976,80347632,0,0,113,403,0,842
7977,80357632,0,0,102,373,0,765
7978,80367632,0,0,93,335,0,713
7979,80377632,0,0,79,298,0,638
7980,80387633,0,0,71,267,0,557
7981,80397632,0,0,58,235,0,442
7982,80407632,0,0,51,206,0,269
7983,80417632,0,0,43,187,0,181
7984,80427632,0,0,38,147,0,58
7985,80437632,0,0,33,101,0,0
7986,80447632,0,0,24,71,0,0
7987,80457632,0,0,9,44,0,0
7988,80467632,0,0,16,48,0,0
7989,80477632,0,0,11,46,0,0
7990,80487632,0,0,23,44,0,0
7991,80497632,0,0,15,43,0,0
7992,80507632,0,0,12,40,0,0
7993,80517632,0,0,10,41,0,0
7994,80527632,0,0,8,34,0,0
7995,80537632,0,0,8,33,0,0
7996,80547632,0,0,9,37,0,0
7997,80557632,0,0,13,38,0,0
7998,80567633,0,0,19,38,0,0
7999,80577632,0,0,22,44,0,0
8000,80587632,0,0,25,44,0,0
8001,80597632,0,0,24,44,0,0
8002,80607632,0,0,24,42,0,0
8003,80617632,0,0,23,45,0,0
8004,80627632,0,0,16,45,0,0
8005,80637632,0,0,11,42,0,0
8006,80647632,0,0,8,40,0,0
8007,80657632,0,0,9,38,0,0
8008,80667632,0,0,6,31,0,0
8009,80677632,0,0,0,27,0,0
8010,80687632,0,0,0,24,0,0
8011,80697632,0,0,0,19,0,0
8012,80707632,0,0,0,17,0,0
8013,80717632,0,0,0,13,0,0
8014,80727633,0,0,0,14,0,0
8015,80737632,0,0,0,12,0,0
8016,80747632,0,0,0,17,0,0
8017,80757632,0,0,0,19,0,0
8018,80767632,0,0,0,16,0,0
8019,80777632,0,0,0,20,0,0
8020,80787632,0,0,0,16,0,0
8021,80797632,0,0,0,19,0,0
8022,80807632,0,0,0,20,0,0
8023,80817632,0,0,0,20,0,0
8024,80827632,0,0,0,19,0,0
8025,80837632,0,0,0,13,0,0
8026,80847632,0,0,0,9,0,0
8027,80857632,0,0,0,18,0,0
8028,80867632,0,0,0,21,0,0
8029,80877632,0,0,0,21,0,0
8030,80887632,0,0,0,22,0,0
8031,80897632,0,0,0,27,0,0
8032,80907632,0,0,0,29,0,0
8033,80917632,0,0,0,28,0,0
8034,80927632,0,0,0,26,0,0
8035,80937632,0,0,0,28,0,0
8036,80947632,0,0,0,28,0,0
8037,80957632,0,0,0,28,0,0
8038,80967632,0,0,0,27,0,0
8039,80977632,0,0,0,31,0,0
8040,80987632,0,0,0,36,0,0
8041,80997632,0,0,0,37,0,0
8042,81007632,0,0,0,39,0,0
8043,81017632,0,0,0,37,0,0
8044,81027632,0,0,0,38,0,0
8045,81037632,0,0,0,36,0,0
8046,81047632,0,0,0,33,0,0
8047,81057632,0,0,1,26,0,0
8048,81067632,0,32,3,24,0,0
8049,81077632,0,78,4,25,0,0
8050,81087632,0,132,9,24,0,0
8051,81097632,0,191,12,19,0,0
8052,81107632,9,218,11,20,0,0
8053,81117632,35,257,15,23,0,0
8054,81127632,68,292,16,22,0,0
8055,81137632,110,326,19,21,0,0
8056,81147632,159,396,25,18,0,0
8057,81157632,291,531,26,15,0,0
8058,81167632,450,660,29,13,0,0
8059,81177632,565,743,37,7,0,0
8060,81187632,663,801,44,12,0,0
8061,81197632,711,848,50,19,0,0
8062,81207632,751,869,62,24,0,0
8063,81217632,775,885,70,30,0,0
8064,81227632,785,892,70,41,0,0
8065,81237632,780,909,81,69,0,0
8066,81247632,780,921,98,90,0,0
8067,81257632,787,928,120,120,0,0
8068,81267632,796,935,151,156,0,0
8069,81277632,812,946,173,175,0,0
8070,81287632,826,966,216,214,0,13
8071,81297632,848,982,250,234,0,43
8072,81307632,879,1005,284,267,0,49
8073,81317632,920,1024,316,308,0,107
8074,81327632,946,1049,354,357,0,134
8075,81337632,969,1070,385,380,0,154
8076,81347632,985,1089,415,409,0,173
8077,81357632,1007,1101,454,434,0,189
8078,81367632,1020,1119,486,456,0,210
8079,81377632,1044,1132,511,475,0,221
8080,81387632,1054,1145,532,497,0,249
8081,81397632,1062,1163,547,532,0,246
8082,81407632,1072,1169,575,552,0,310
8083,81417632,1081,1179,593,576,0,344
8084,81427632,1090,1184,611,595,0,367
8085,81437632,1103,1186,635,608,0,398
8086,81447632,1108,1195,656,630,0,421
8087,81457632,1113,1199,675,644,0,432
8088,81467632,1118,1204,683,657,0,450
8089,81477632,1113,1212,692,677,0,473
8090,81487632,1120,1218,703,686,0,438
8091,81497632,1131,1219,729,700,0,513
8092,81507632,1130,1230,738,721,0,542
8093,81517632,1138,1231,754,734,0,560
8094,81527632,1139,1235,769,755,0,584
8095,81537633,1144,1233,797,762,0,601
8096,81547632,1146,1237,817,785,0,612
8097,81557632,1147,1240,831,800,0,637
8098,81567632,1144,1248,846,820,0,658
8099,81577632,1154,1244,857,831,0,643
8100,81587632,1155,1244,872,846,0,685
8101,81597632,1157,1244,884,857,0,695
8102,81607632,1159,1252,890,868,0,711
8103,81617632,1159,1253,904,879,0,725
8104,81627632,1162,1258,908,890,5,737
8105,81637632,1160,1265,909,904,10,749
8106,81647633,1170,1263,917,904,19,749
8107,81657632,1178,1268,922,903,29,753
8108,81667632,1183,1274,922,912,28,687
8109,81677632,1192,1280,927,920,41,749
8110,81687632,1202,1286,933,920,52,695
8111,81697632,1205,1297,934,928,53,0
8112,81707632,1215,1304,939,931,58,0
8113,81717632,1221,1305,943,933,58,0
8114,81727632,1217,1319,938,939,60,0
8115,81737632,1233,1314,947,934,60,0
8116,81747632,1240,1321,948,936,59,0
8117,81757632,1242,1329,940,935,45,0
8118,81767632,1247,1335,946,931,51,706
8119,81777632,1254,1337,948,926,54,736
8120,81787632,1254,1347,940,925,55,742
8121,81797632,1261,1347,939,916,57,737
8122,81807632,1260,1362,931,916,54,740
8123,81817632,1268,1358,934,907,56,730
8124,81827632,1153,1244,893,868,56,726
8125,81837632,1271,1369,926,890,63,721
8126,81847632,1282,1367,920,880,65,653
8127,81857632,1276,1378,914,879,73,711
8128,81867632,1287,1378,904,876,78,706
8129,81877632,1295,1379,916,866,83,701
8130,81887632,1290,1388,903,867,89,712
8131,81897633,1301,1385,906,854,107,711
8132,81907632,1300,1388,895,847,111,716
8133,81917632,1305,1385,898,840,128,711
8134,81927632,1296,1390,886,842,143,722
8135,81937632,1299,1386,881,833,152,660
8136,81947632,1299,1385,880,830,175,728
8137,81957632,1291,1391,868,828,171,738
8138,81967632,1296,1383,869,818,194,735
8139,81977632,1292,1379,862,809,201,737
8140,81987632,1292,1381,849,806,212,745
8141,81997632,1291,1378,843,797,227,744
8142,82007632,1294,1379,827,793,234,744
8143,82017632,1283,1385,815,789,243,752
8144,82027632,1291,1380,807,779,250,686
8145,82037632,1283,1383,797,774,268,753
8146,82047632,1283,1378,786,762,270,756
8147,82057632,1282,1374,778,750,283,755
8148,82067632,1275,1369,767,742,298,758
8149,82077632,1263,1369,755,741,304,761
8150,82087632,1259,1361,745,733,309,763
8151,82097632,1136,1236,694,697,313,764
8152,82107632,1251,1344,732,719,324,769
8153,82117632,1235,1338,717,715,321,705
8154,82127632,1236,1328,716,707,334,780
8155,82137632,1227,1318,712,699,339,779
8156,82147632,1219,1318,697,695,340,786
8157,82157632,1208,1320,683,689,340,788
8158,82167632,1212,1311,685,688,346,788
8159,82177632,1223,1302,681,680,349,789
8160,82187632,1222,1294,678,683,354,791
8161,82197632,1223,1289,679,686,354,793
8162,82207632,1223,1294,674,688,343,731
8163,82217632,1225,1290,680,689,344,797
8164,82227632,1220,1299,676,693,332,806
8165,82237632,1222,1294,680,683,331,801
8166,82247632,1230,1286,682,683,326,801
8167,82257632,1231,1287,678,681,312,807
8168,82267632,1234,1289,677,679,297,806
8169,82277632,1236,1289,668,680,294,803
8170,82287632,1236,1290,663,676,277,801
8171,82297632,1238,1293,656,675,261,740
8172,82307632,1237,1287,655,669,255,804
8173,82317632,1230,1291,644,671,234,808
8174,82327632,1232,1281,638,663,230,802
8175,82337632,1232,1273,635,657,216,795
8176,82347633,1225,1267,627,654,203,793
8177,82357632,1213,1258,617,650,187,791
8178,82367632,1210,1241,613,639,185,782
8179,82377632,1202,1231,602,627,175,778
8180,82387632,1194,1230,584,620,159,706
8181,82397632,1195,1224,571,607,155,761
8182,82407632,1193,1214,557,593,146,745
8183,82417632,1191,1211,538,580,133,730
8184,82427632,1184,1210,521,560,117,709
8185,82437632,1183,1207,496,540,97,689
8186,82447632,1176,1207,474,516,85,677
8187,82457632,1177,1200,453,492,68,661
8188,82467632,1173,1196,437,477,57,642
8189,82477632,1159,1194,408,459,41,562
8190,82487632,1147,1183,389,439,38,602
8191,82497632,1133,1175,366,426,15,579
8192,82507632,1114,1158,344,390,1,559
8193,82517632,1082,1131,324,381,0,533
8194,82527633,1050,1110,295,352,0,495
8195,82537632,1006,1079,278,331,0,470
8196,82547632,981,1053,255,295,0,436
8197,82557632,944,1022,237,273,0,412
8198,82567632,910,999,205,252,0,337
8199,82577632,875,964,187,220,0,334
8200,82587632,835,936,165,189,0,274
8201,82597632,796,901,130,156,0,228
8202,82607632,751,869,77,102,0,161
8203,82617633,712,842,42,54,0,112
8204,82627632,651,807,8,13,0,73
8205,82637632,618,744,0,0,0,14
8206,82647632,555,701,0,0,0,0
8207,82657632,492,665,0,0,0,0
8208,82667632,439,626,0,0,0,0
8209,82677632,371,593,0,0,0,0
8210,82687632,285,551,0,0,0,0
8211,82697632,214,486,0,0,0,0
8212,82707632,162,431,0,0,0,0
8213,82717632,102,382,0,0,0,0
8214,82727632,49,310,0,0,0,0
8215,82737632,9,256,0,0,0,0
8216,82747632,0,218,0,0,0,0
8217,82757632,0,180,0,0,0,0
8218,82767632,0,165,0,0,0,0
8219,82777632,0,144,0,0,0,0
8220,82787632,0,117,0,0,0,0
8221,82797632,0,93,0,0,0,0
8222,82807632,0,66,0,0,0,0
8223,82817632,0,57,0,0,0,0
8224,82827632,0,57,0,0,0,0
8225,82837632,0,58,0,0,0,0
8226,82847632,0,56,0,0,0,0
8227,82857632,0,55,0,0,0,0
8228,82867632,0,58,0,0,0,0
8229,82877632,0,53,0,0,0,0
8230,82887632,0,49,0,0,0,0
8231,82897632,0,45,0,0,0,0
8232,82907632,0,44,0,0,0,0
8233,82917632,0,49,0,0,0,0
8234,82927632,0,43,0,0,0,0
8235,82937632,0,41,0,0,0,0
8236,82947632,0,35,0,0,0,0
8237,82957632,0,25,0,0,0,0
8238,82967632,0,20,0,0,0,0
8239,82977633,0,14,0,0,0,0
8240,82987632,0,9,0,0,0,0
8241,82997632,0,2,0,0,0,0
8242,83007632,0,0,0,0,0,0
8243,83017632,0,0,0,0,0,0
8244,83027632,0,0,0,0,0,0
8245,83037632,0,0,0,0,0,0
8246,83047632,0,0,0,0,0,0
8247,83057632,0,0,0,0,0,0
8248,83067632,0,0,0,0,0,0
8249,83077632,0,0,0,0,0,0
8250,83087632,0,0,0,0,0,0
8251,83097632,0,0,0,0,0,0
8252,83107632,0,0,0,0,0,0
8253,83117632,0,0,0,0,0,0
8254,83127632,0,0,0,0,0,0
8255,83137632,0,0,0,0,0,0
8256,83147632,0,0,0,0,0,0
8257,83157632,0,0,0,0,0,0
8258,83167632,0,0,0,0,0,0
8259,83177632,0,0,0,0,0,0
8260,83187632,0,0,0,0,0,0
8261,83197632,0,0,0,0,0,0
8262,83207632,0,0,0,0,0,0
8263,83217632,0,0,0,0,0,0
8264,83227632,0,0,0,0,0,0
8265,83237632,0,0,0,0,0,0
8266,83247632,0,0,0,0,0,0
8267,83257632,0,0,0,0,0,0
8268,83267632,0,0,0,0,0,0
8269,83277632,0,0,0,0,0,0
8270,83287632,0,0,0,0,0,0
8271,83297632,0,0,0,0,0,0
8272,83307632,0,0,0,0,0,0
8273,83317632,0,0,0,0,0,0
8274,83327632,0,0,0,0,0,0
8275,83337632,0,0,0,0,0,0
8276,83347632,0,0,0,0,0,0
8277,83357632,0,0,0,0,0,0
8278,83367632,0,0,0,0,0,0
8279,83377632,0,0,0,0,0,0
8280,83387632,0,0,0,0,0,0
8281,83397632,0,0,0,0,0,0
8282,83407632,0,0,0,3,0,0
8283,83417632,0,0,3,5,0,0
8284,83427632,0,0,0,7,0,0
8285,83437632,0,54,0,11,0,0
8286,83447632,0,198,0,10,0,0
8287,83457632,2,357,0,16,0,0
8288,83467632,103,591,8,17,0,0
8289,83477632,244,781,24,23,0,0
8290,83487632,470,948,6,11,0,0
8291,83497632,622,1034,0,3,0,0
8292,83507632,704,1073,0,0,0,0
8293,83517632,812,1121,0,0,0,0
8294,83527632,932,1183,0,4,0,0
8295,83537632,1028,1246,38,19,0,0
8296,83547632,1089,1295,63,50,0,0
8297,83557632,1125,1324,104,102,0,0
8298,83567632,1161,1357,231,206,0,0
8299,83577632,1194,1395,304,280,0,0
8300,83587632,1207,1419,348,332,0,2
8301,83597632,1214,1428,415,376,0,42
8302,83607632,1227,1438,470,402,0,85
8303,83617632,1230,1448,489,424,0,123
8304,83627632,1238,1456,520,454,0,164
8305,83637632,1241,1470,537,477,0,190
8306,83647632,1253,1476,545,502,0,193
8307,83657632,1260,1484,551,523,0,250
8308,83667632,1263,1490,553,535,0,264
8309,83677632,1273,1494,553,533,0,270
8310,83687632,1279,1493,554,536,0,273
8311,83697632,1276,1509,549,541,0,287
8312,83707632,1286,1511,550,541,0,291
8313,83717632,1303,1514,558,538,0,289
8314,83727632,1310,1521,557,536,0,300
8315,83737632,1310,1536,552,542,0,290
8316,83747632,1326,1534,560,540,0,360
8317,83757632,1328,1543,560,547,0,397
8318,83767632,1343,1536,576,547,0,440
8319,83777632,1346,1545,569,555,0,489
8320,83787632,1329,1550,574,557,0,526
8321,83797632,1367,1554,572,560,0,542
8322,83807632,1385,1546,580,554,0,534
8323,83817632,1389,1555,577,554,0,491
8324,83827632,1403,1548,575,549,0,0
8325,83837632,1402,1552,580,552,0,0
8326,83847632,1405,1557,578,553,0,0
8327,83857632,1412,1554,578,547,0,0
8328,83867632,1418,1549,579,541,0,0
8329,83877632,1421,1553,575,537,1,0
8330,83887632,1419,1552,568,532,4,595
8331,83897632,1423,1550,563,524,7,616
8332,83907632,1417,1556,553,522,5,616
8333,83917632,1412,1559,543,514,5,558
8334,83927632,1421,1550,543,506,4,597
8335,83937632,1426,1549,543,501,8,592
8336,83947632,1424,1552,539,501,9,598
8337,83957632,1425,1548,538,498,17,597
8338,83967632,1420,1558,535,503,21,607
8339,83977632,1419,1548,537,502,30,608
8340,83987632,1294,1419,505,482,41,609
8341,83997632,1422,1546,549,508,45,617
8342,84007632,1419,1542,550,509,47,0
8343,84017632,1418,1546,553,520,60,0
8344,84027632,1414,1548,554,522,76,0
8345,84037632,1421,1541,556,516,84,0
8346,84047632,1419,1538,560,523,96,0
8347,84057633,1419,1538,566,529,107,0
8348,84067632,1415,1541,568,531,111,0
8349,84077633,1412,1535,574,537,116,0
8350,84087632,1413,1534,581,542,122,0
8351,84097632,1404,1536,579,552,120,0
8352,84107632,1407,1527,589,558,135,0
8353,84117632,1400,1529,587,563,135,0
8354,84127632,1403,1515,598,566,140,0
8355,84137632,1398,1513,602,571,145,0
8356,84147633,1353,1519,600,583,147,0
8357,84157632,1382,1515,604,586,153,0
8358,84167632,1389,1505,610,589,160,282
8359,84177632,1380,1512,608,598,169,518
8360,84187632,1381,1499,613,597,165,352
8361,84197632,1378,1501,617,605,171,534
8362,84207632,1376,1495,620,607,174,445
8363,84217632,1374,1496,625,610,172,593
8364,84227632,1373,1491,625,616,175,464
8365,84237632,1368,1492,624,623,177,490
8366,84247632,1368,1488,630,622,173,455
8367,84257632,1365,1487,627,625,174,593
8368,84267632,1359,1489,626,631,170,597
8369,84277632,1344,1491,622,639,166,442
8370,84287632,1337,1488,628,647,173,521
8371,84297632,1329,1483,633,649,176,520
8372,84307632,1298,1481,631,656,186,508
8373,84317632,1308,1467,645,653,186,599
8374,84327632,1264,1475,643,664,189,592
8375,84337632,1331,1468,638,669,200,546
8376,84347632,1226,1337,596,639,202,613
8377,84357632,1345,1463,637,672,207,615
8378,84367632,1348,1452,645,675,205,555
8379,84377632,1334,1452,657,685,210,604
8380,84387632,1321,1435,678,694,220,648
8381,84397632,1309,1419,694,706,228,623
8382,84407632,1287,1399,708,724,234,717
8383,84417632,1262,1379,722,742,241,741
8384,84427632,1240,1338,742,756,244,750
8385,84437632,1209,1297,753,773,253,761
8386,84447632,1181,1254,762,788,265,723
8387,84457632,1139,1221,761,805,273,719
8388,84467632,1095,1175,772,814,288,802
8389,84477632,1037,1125,778,819,312,775
8390,84487632,967,1068,766,824,344,778
8391,84497632,889,995,756,828,366,866
8392,84507632,810,926,750,843,392,888
8393,84517632,724,838,735,853,404,906
8394,84527633,633,753,724,853,425,915
8395,84537632,507,652,710,858,430,929
8396,84547632,413,553,694,856,438,871
8397,84557632,284,479,653,862,451,938
8398,84567632,177,377,597,858,469,938
8399,84577632,74,289,546,858,471,929
8400,84587632,0,179,503,847,470,920
8401,84597632,0,105,480,822,478,0
8402,84607632,0,45,426,802,474,0
8403,84617632,0,0,387,745,478,0
8404,84627632,0,0,359,698,469,0
8405,84637632,0,0,303,663,442,824
8406,84647632,0,0,265,628,437,891
8407,84657632,0,0,227,591,396,889
8408,84667632,0,0,211,557,359,872
8409,84677632,0,0,180,518,294,861
8410,84687633,0,0,170,472,232,842
8411,84697632,0,0,148,426,118,812
8412,84707632,0,0,115,357,25,759
8413,84717632,0,0,93,316,0,708
8414,84727632,0,0,80,290,0,581
8415,84737632,0,0,62,254,0,513
8416,84747632,0,0,38,220,0,409
8417,84757632,0,0,22,189,0,254
8418,84767632,0,0,14,163,0,136
8419,84777632,0,0,6,148,0,22
8420,84787632,0,0,2,121,0,0
8421,84797632,0,0,0,95,0,0
8422,84807632,0,0,0,57,0,0
8423,84817632,0,0,0,28,0,0
8424,84827632,0,0,0,24,0,0
8425,84837632,0,0,0,30,0,0
8426,84847632,0,0,0,29,0,0
8427,84857632,0,0,0,28,0,0
8428,84867632,0,0,0,30,0,0
8429,84877632,0,0,0,30,0,0
8430,84887632,0,0,0,33,0,0
8431,84897632,0,0,0,36,0,0
8432,84907632,0,0,0,41,0,0
8433,84917632,0,0,0,45,0,0
8434,84927632,0,0,0,43,0,0
8435,84937632,0,0,0,43,0,0
8436,84947632,0,0,0,49,0,0
