seq,ts_us,s0,s1,s2,s3,s4,s5
142,124953647,711,866,570,561,0,241
143,124963647,640,812,502,507,0,194
144,124973647,561,749,432,443,0,153
145,124983647,482,677,361,378,0,97
146,124993647,382,610,309,331,0,53
147,125003647,310,529,265,264,0,18
148,125013647,224,439,211,206,0,0
149,125023647,138,365,154,147,0,0
150,125033647,73,314,120,104,0,0
151,125043647,22,272,91,84,0,0
152,125053647,0,195,55,36,0,0
153,125063647,0,216,49,42,0,0
154,125073647,0,185,41,34,0,0
155,125083647,0,149,33,22,0,0
156,125093647,0,116,28,21,2,0
157,125103647,0,85,24,21,0,0
158,125113647,0,51,19,25,0,0
159,125123647,0,9,15,21,0,0
160,125133647,0,0,16,19,0,0
161,125143647,0,0,19,18,0,0
162,125153647,0,2,21,14,0,0
163,125163647,0,2,27,12,0,0
164,125173647,0,9,30,13,0,0
165,125183647,0,12,34,17,0,0
166,125193647,0,20,38,16,0,0
167,125203647,0,25,39,17,0,0
168,125213647,0,30,43,15,0,0
169,125223647,0,37,47,16,0,0
170,125233647,0,41,50,18,0,0
171,125243647,0,43,54,10,0,0
172,125253647,0,47,58,18,0,0
173,125263647,0,56,62,19,0,0
174,125273647,0,60,62,17,0,0
175,125283647,0,70,60,15,0,0
176,125293647,0,72,61,18,0,0
177,125303647,0,76,66,18,0,0
178,125313647,0,86,63,20,0,0
179,125323647,0,90,64,17,0,0
180,125333647,0,94,64,18,0,0
181,125343647,0,95,64,17,0,0
182,125353647,0,101,67,16,0,0
183,125363647,0,100,71,21,0,0
184,125373647,0,104,74,18,0,0
185,125383647,0,107,80,20,0,0
186,125393647,0,114,82,20,0,0
187,125403647,0,120,85,22,0,0
188,125413647,0,124,87,21,0,0
189,125423647,0,122,86,22,0,0
190,125433647,0,119,83,21,0,0
191,125443647,0,96,94,37,0,0
192,125453647,0,87,103,50,0,0
193,125463647,0,98,115,63,0,0
194,125473647,0,118,136,94,0,0
195,125483647,0,151,164,116,0,0
196,125493647,0,161,208,141,0,0
197,125503647,0,200,274,191,0,0
198,125513647,4,343,324,254,0,0
199,125523647,62,432,361,327,0,5
200,125533647,104,479,405,393,0,40
201,125543647,142,509,452,460,0,88
202,125553647,181,547,533,525,0,122
203,125563647,245,600,591,588,0,169
204,125573647,317,597,643,660,0,214
205,125583647,422,738,711,715,0,247
206,125593647,523,807,768,765,0,277
207,125603647,610,871,823,812,0,309
208,125613647,678,928,867,844,0,327
209,125623647,732,975,897,870,0,350
210,125633647,784,1013,922,894,0,360
211,125643647,827,1048,941,914,0,374
212,125653647,861,1079,957,925,0,402
213,125663647,893,1101,978,935,0,426
214,125673647,920,0,984,946,0,452
215,125683647,936,0,990,952,0,484
216,125693647,947,0,1001,962,0,501
217,125703647,955,0,929,960,0,494
218,125713647,967,0,1022,989,0,543
219,125723647,976,0,1039,995,0,555
220,125733647,982,0,1044,1005,0,565
221,125743647,985,0,1049,1009,0,580
222,125753647,987,0,1047,1015,0,596
223,125763647,988,0,1055,1020,0,600
224,125773647,989,0,1057,1022,0,605
225,125783647,992,0,1053,1026,0,615
226,125793647,995,0,1060,1030,0,621
227,125803647,996,0,1062,1032,0,628
228,125813647,1000,0,1062,1033,0,633
229,125823647,1005,0,1062,1032,0,636
230,125833647,1011,0,1061,1033,0,639
231,125843647,1014,0,1063,1036,0,642
232,125853647,1016,0,1063,1037,0,648
233,125863647,1018,0,1064,1035,0,651
234,125873647,1019,0,1066,1037,0,645
235,125883647,1019,0,1066,1038,0,651
236,125893647,1030,0,1073,1039,0,654
237,125903647,1026,0,1066,1037,0,657
238,125913647,1029,0,1067,1040,0,657
239,125923647,1033,0,1065,1038,0,661
240,125933647,1031,0,1065,1040,0,658
241,125943647,1037,0,1065,1040,0,662
242,125953647,1040,0,1067,1039,0,664
243,125963647,1024,0,1028,981,0,664
244,125973647,1042,0,1064,1042,0,664
245,125983647,1039,0,1070,1046,0,665
246,125993647,1035,0,1073,1047,0,666
247,126003647,1029,0,1077,1050,0,672
248,126013647,1021,0,1078,1049,0,674
249,126023647,1012,0,994,1036,0,648
250,126033647,1010,0,1080,1055,0,683
251,126043647,1005,0,1081,1056,0,686
252,126053647,1006,0,1082,1053,0,692
253,126063647,1005,0,1082,1053,0,697
254,126073647,1006,0,1082,1053,0,697
255,126083647,1009,0,1082,1053,0,698
256,126093647,1011,0,1081,1056,0,697
257,126103647,1013,0,1082,1055,0,701
258,126113647,1014,0,1085,1056,0,701
259,126123647,1019,0,1080,1055,0,698
260,126133647,1018,0,1080,1053,0,699
261,126143647,1028,0,1079,1049,0,697
262,126153647,977,0,1078,1054,0,697
263,126163647,1041,0,1077,1054,0,690
264,126173647,1046,0,1074,1046,0,681
265,126183647,1050,0,1070,1043,0,676
266,126193647,1059,0,1065,1040,0,665
267,126203647,1062,0,1061,1031,0,665
268,126213647,1071,0,1063,1032,0,666
269,126223647,1069,0,1056,1022,0,660
270,126233647,1077,1248,1052,1016,0,651
271,126243647,1086,1255,1049,1009,0,643
272,126253647,1097,1262,1045,1003,0,631
273,126263647,1108,1271,1042,994,0,617
274,126273647,1117,1279,1033,988,0,602
275,126283647,1076,1285,1031,982,0,589
276,126293647,1143,1299,1020,970,0,574
277,126303647,1151,1309,1017,964,0,552
278,126313647,1169,1313,1013,951,0,532
279,126323647,1179,1325,1006,941,0,507
280,126333647,1192,1337,1002,932,0,481
281,126343647,1205,1352,999,922,0,467
282,126353647,1217,1360,997,918,0,453
283,126363647,1226,1368,995,913,0,455
284,126373647,1234,1371,994,910,0,458
285,126383647,1239,1378,996,910,0,460
286,126393647,1243,1384,997,912,0,465
287,126403647,1249,1386,998,916,0,467
288,126413647,1215,1322,943,886,0,462
289,126423647,1255,1397,1000,916,0,465
290,126433647,1258,1398,1001,916,0,462
291,126443647,1261,1404,1001,914,0,456
292,126453647,1269,1406,1001,914,0,456
293,126463647,1273,1416,1002,912,0,454
294,126473647,1282,1421,1002,912,0,444
295,126483647,1292,1428,1003,908,0,439
296,126493647,1299,1436,1002,907,0,431
297,126503647,1308,1445,1002,907,0,428
298,126513647,1317,1451,1002,905,0,423
299,126523647,1325,1459,1005,904,0,419
300,126533647,1330,1464,1005,898,0,411
301,126543647,1340,1469,1006,896,0,410
302,126553647,1350,1478,1006,895,0,408
303,126563647,1356,1482,1005,889,0,408
304,126573647,1363,1487,1003,891,0,406
305,126583647,1369,1493,1004,883,0,404
306,126593647,1372,1496,1003,878,0,398
307,126603647,1374,1497,1002,881,0,399
308,126613647,1383,1500,1002,878,0,397
309,126623647,1386,1505,1001,873,0,396
310,126633647,1389,1509,1000,869,0,394
311,126643647,1393,1511,997,868,0,385
312,126653647,1398,1513,995,861,0,380
313,126663647,1400,1516,997,860,0,382
314,126673647,1400,1517,994,862,0,384
315,126683647,1400,1516,997,865,0,391
316,126693647,1400,1516,998,868,0,394
317,126703647,1401,1516,999,867,0,395
318,126713647,1397,1518,1000,869,0,396
319,126723647,1403,1519,1001,871,0,397
320,126733647,1403,1517,1002,872,3,397
321,126743647,1404,1519,1001,874,0,399
322,126753647,1403,1519,1002,875,0,399
323,126763647,1404,1518,999,874,0,400
324,126773647,1404,1517,1006,876,0,400
325,126783647,1405,1519,1004,878,0,400
326,126793647,1406,1519,1008,879,0,403
327,126803647,1407,1519,1008,879,0,353
328,126813647,1408,1519,1012,884,0,405
329,126823647,1407,1518,1010,887,0,406
330,126833647,1407,1519,1013,885,0,408
331,126843647,1410,1520,1014,888,0,410
332,126853647,1411,1520,1015,891,0,412
333,126863647,1406,1521,1015,891,0,414
334,126873647,1406,1517,1017,893,0,417
335,126883647,1404,1516,1012,896,0,422
336,126893647,1403,1516,1018,902,0,423
337,126903647,1402,1514,1020,904,0,426
338,126913647,1402,1514,1022,906,0,428
339,126923647,1401,1513,1027,906,0,430
340,126933647,1401,1512,1026,909,0,432
341,126943647,1400,1511,1029,910,0,434
342,126953647,1398,1511,1031,914,0,439
343,126963647,1395,1508,1035,916,0,442
344,126973647,1391,1505,1034,919,0,442
345,126983647,1389,1500,1037,920,0,442
346,126993647,1385,1499,1036,924,0,464
347,127003647,1382,1495,1045,925,0,467
348,127013647,1379,1492,1039,929,0,476
349,127023647,1373,1487,1041,931,0,486
350,127033647,1366,1483,1044,934,0,498
351,127043647,1357,1478,1045,936,0,509
352,127053647,1352,1474,1049,940,0,523
353,127063647,1338,1466,1053,943,0,536
354,127073647,1330,1461,1055,956,0,554
355,127083647,1320,1453,1061,959,0,569
356,127093647,1309,1448,1074,955,0,585
357,127103647,1301,1438,1075,973,0,601
358,127113647,1292,1431,1080,981,0,611
359,127123647,1283,1422,1090,991,0,625
360,127133647,1269,1406,1095,1001,0,630
361,127143647,1253,1398,1098,1010,0,644
362,127153647,1239,1383,1108,1019,0,651
363,127163647,1223,1369,1116,1032,0,666
364,127173647,1201,1354,1120,1045,0,682
365,127183647,1180,1338,1129,1051,0,691
366,127193647,1168,1322,1133,1057,0,701
367,127203647,1133,1302,1144,1067,0,714
368,127213647,1100,1271,1147,1075,0,732
369,127223647,1052,1235,1148,1083,2,747
370,127233647,996,1185,1150,1094,7,750
371,127243647,936,0,1157,1099,21,773
372,127253647,870,0,1152,1104,24,783
373,127263647,785,0,1144,1107,27,787
374,127273647,694,0,1134,1106,34,791
375,127283647,574,0,1119,1096,31,788
376,127293647,439,0,1092,1078,27,785
377,127303647,282,0,1054,1061,21,777
378,127313647,110,0,1002,1044,24,763
379,127323647,2,0,943,1015,25,763
380,127333647,0,0,880,984,41,755
381,127343647,0,0,811,949,52,759
382,127353647,0,37,718,895,55,806
383,127363647,0,0,630,832,51,829
384,127373647,0,0,544,745,44,841
385,127383647,0,0,474,624,21,834
386,127393647,0,0,415,538,0,779
387,127403647,0,0,375,438,0,774
388,127413647,0,0,331,341,0,714
389,127423647,0,0,281,257,0,585
390,127433647,0,0,247,187,3,465
391,127443647,0,0,209,138,0,321
392,127453647,0,8,164,85,0,151
393,127463647,0,23,134,50,0,7
394,127473647,0,45,96,35,0,0
395,127483647,0,53,81,21,0,1
396,127493647,0,57,85,23,0,0
397,127503647,0,56,88,23,0,0
398,127513647,0,56,88,25,0,0
399,127523647,0,58,91,30,0,0
400,127533647,0,61,94,37,0,0
401,127543647,0,55,98,35,0,0
402,127553647,0,53,101,40,0,0
403,127563647,0,51,104,37,0,0
404,127573647,0,44,105,41,0,0
405,127583647,0,40,102,43,0,0
406,127593647,0,37,103,43,0,0
407,127603647,0,33,100,40,0,0
408,127613647,0,27,94,39,0,0
409,127623647,0,23,89,39,0,0
410,127633647,0,9,85,39,0,0
411,127643647,0,3,83,35,0,0
412,127653647,0,0,77,25,0,0
413,127663647,0,0,74,21,0,0
414,127673647,0,0,66,17,0,0
415,127683647,0,0,68,19,0,0
416,127693647,0,0,61,20,0,0
417,127703647,0,0,57,19,0,0
418,127713647,0,0,51,19,0,0
419,127723647,0,0,42,21,0,0
420,127733647,0,0,32,17,0,0
421,127743647,0,0,20,20,0,0
422,127753647,0,0,13,20,0,0
423,127763647,0,0,13,19,0,0
424,127773647,0,0,12,20,0,0
425,127783647,0,0,1,18,0,0
426,127793647,0,0,14,23,0,0
427,127803647,0,0,16,23,0,0
428,127813647,0,0,17,24,0,0
429,127823647,0,0,18,27,0,0
430,127833647,0,0,19,30,0,0
431,127843647,0,0,22,30,0,0
432,127853647,0,0,23,35,0,0
433,127863647,0,0,24,38,0,0
434,127873647,0,0,24,39,0,0
435,127883647,0,0,23,35,0,0
436,127893647,0,0,22,37,0,0
437,127903647,0,0,20,37,0,0
438,127913647,0,0,18,36,0,0
439,127923647,0,0,18,32,0,0
440,127933647,0,0,17,29,0,0
441,127943647,0,0,17,22,0,0
442,127953647,0,0,17,22,0,0
443,127963647,0,0,17,21,0,0
444,127973647,0,0,19,19,0,0
445,127983647,0,0,2,16,0,0
446,127993647,0,0,11,11,0,0
447,128003647,0,0,12,12,0,0
448,128013647,0,0,30,11,0,0
449,128023647,0,174,40,0,0,0
450,128033647,88,409,53,0,0,0
451,128043647,273,608,21,0,0,0
452,128053647,419,708,26,0,0,0
453,128063647,531,781,24,0,0,0
454,128073647,640,855,27,0,0,0
455,128083647,755,940,40,0,0,0
456,128093647,868,1008,56,0,0,0
457,128103647,950,1062,73,0,0,0
458,128113647,1001,1097,93,7,0,0
459,128123647,1035,1133,117,25,0,0
460,128133647,1058,1164,141,39,0,0
461,128143647,1074,1177,157,56,0,0
462,128153647,1093,1195,229,92,0,0
463,128163647,1121,1208,276,130,0,0
464,128173647,1145,1228,318,186,0,0
465,128183647,1182,1254,367,228,0,0
466,128193647,1224,1277,411,262,0,0
467,128203647,1263,1307,453,300,0,4
468,128213647,1296,1337,527,346,0,33
469,128223647,1314,1352,586,411,0,57
470,128233647,1323,1363,643,474,0,83
471,128243647,1327,1369,702,529,0,104
472,128253647,1325,1379,747,584,0,128
473,128263647,1326,1381,795,635,0,154
474,128273647,1327,1384,845,690,0,173
475,128283647,1323,1385,874,740,0,204
476,128293647,1318,1385,907,787,0,219
477,128303647,1309,1384,939,824,0,240
478,128313647,1307,1383,964,854,0,265
479,128323647,1299,1373,989,889,0,283
480,128333647,1287,1367,1016,921,0,303
481,128343647,1270,1354,1050,953,0,328
482,128353647,1254,1341,1071,985,0,343
483,128363647,1238,1334,1097,1014,0,365
484,128373647,1211,1321,1117,1043,0,336
485,128383647,1184,1302,1139,1065,0,398
486,128393647,1157,0,1156,1084,0,421
487,128403647,1121,0,1173,1105,0,439
488,128413647,1090,0,1189,1129,0,455
489,128423647,1059,0,1198,1146,0,462
490,128433647,1002,0,1209,1164,0,465
491,128443647,965,0,1133,1162,0,447
492,128453647,924,0,1227,1184,0,475
493,128463647,876,0,1238,1201,0,486
494,128473647,836,0,1243,1209,0,487
495,128483647,796,0,1249,1218,0,492
496,128493647,762,0,1255,1229,0,500
497,128503647,739,0,1264,1234,0,501
498,128513647,712,706,1268,1240,0,507
499,128523647,713,945,1274,1245,0,512
500,128533647,689,999,1284,1253,0,517
501,128543647,683,957,1290,1260,0,522
502,128553647,667,1035,1295,1265,0,526
503,128563647,659,1001,1301,1273,0,529
504,128573647,650,970,1305,1280,0,534
505,128583647,649,969,1319,1286,0,531
506,128593647,645,1016,1311,1287,0,530
507,128603647,653,1015,1315,1290,0,530
508,128613647,664,992,1314,1293,0,525
509,128623647,670,1016,1318,1293,0,535
510,128633647,677,1037,1318,1293,0,536
511,128643647,679,1020,1318,1297,0,539
512,128653647,674,1046,1323,1299,3,544
513,128663647,667,1028,1323,1302,7,550
514,128673647,670,1006,1323,1303,17,555
515,128683647,662,1017,1326,1304,27,568
516,128693647,669,1008,1322,1302,36,569
517,128703647,680,1018,1318,1301,44,592
518,128713647,701,1033,1313,1299,44,594
519,128723647,712,1035,1313,1298,59,601
520,128733647,712,1021,1310,1298,76,609
521,128743647,700,1006,1311,1300,88,614
522,128753647,670,985,1312,1302,109,626
523,128763647,617,965,1313,1308,123,638
524,128773647,553,918,1318,1310,152,647
525,128783647,499,905,1317,1314,173,660
526,128793647,463,871,1327,1320,184,668
527,128803647,430,851,1318,1324,210,678
528,128813647,382,820,1316,1323,234,697
529,128823647,330,790,1317,1317,273,711
530,128833647,283,787,1319,1330,300,733
531,128843647,226,0,1321,1294,309,730
532,128853647,158,0,1324,1348,379,806
533,128863647,94,0,1328,1356,417,857
534,128873647,31,0,1330,1361,461,889
535,128883647,6,0,1332,1368,494,926
536,128893647,0,530,1334,1371,526,968
537,128903647,0,512,1335,1379,563,1009
538,128913647,0,450,1337,1382,604,1048
539,128923647,0,375,1338,1389,642,1085
540,128933647,0,278,1338,1395,695,1127
541,128943647,0,203,1337,1396,730,1154
542,128953647,0,109,1336,1404,773,1177
543,128963647,0,56,1327,1403,806,1208
544,128973647,0,0,1206,1378,752,1184
545,128983647,0,0,1269,1386,827,1260
546,128993647,0,0,1218,1369,839,1285
547,129003647,0,0,1147,1342,848,1318
548,129013647,0,0,1068,1303,837,1354
549,129023647,0,0,983,1259,788,1374
550,129033647,0,0,891,1196,686,1391
551,129043647,0,0,812,1109,564,1418
552,129053647,0,0,722,1008,449,1445
553,129063647,0,0,607,905,329,1461
554,129073647,0,0,549,823,165,1461
555,129083647,0,0,473,722,39,1454
556,129093647,0,0,404,632,0,1434
557,129103647,0,0,340,545,0,1386
558,129113647,0,0,296,464,0,1320
559,129123647,0,0,254,411,0,1253
560,129133647,0,0,222,355,0,1136
561,129143647,0,0,185,300,0,976
562,129153647,0,0,169,257,0,798
563,129163647,0,0,148,203,0,550
564,129173647,0,0,128,134,0,214
565,129183647,0,0,99,97,0,26
566,129193647,0,0,54,40,0,0
567,129203647,0,0,47,36,0,0
568,129213647,0,0,47,34,0,0
569,129223647,0,0,40,31,0,0
570,129233647,0,0,36,29,0,0
571,129243647,0,0,4,18,0,0
572,129253647,0,0,31,24,0,0
573,129263647,0,0,27,22,0,0
574,129273647,0,0,26,23,0,0
575,129283647,0,0,30,24,0,0
576,129293647,0,0,34,26,0,0
577,129303647,0,0,40,27,0,0
578,129313647,0,0,42,32,0,0
579,129323647,0,0,41,34,0,0
580,129333647,0,0,44,35,0,0
581,129343647,0,0,50,39,0,0
582,129353647,0,0,56,42,0,0
583,129363647,0,0,63,47,0,0
584,129373647,0,0,72,46,0,0
585,129383647,0,0,73,52,0,0
586,129393647,0,0,79,48,0,0
587,129403647,0,0,81,56,0,0
588,129413647,0,0,86,63,0,0
589,129423647,0,0,89,70,0,0
590,129433647,0,0,89,72,0,0
591,129443647,0,0,82,72,0,0
592,129453647,0,0,66,70,1,0
593,129463647,0,0,57,61,0,0
594,129473647,0,0,43,56,0,0
595,129483647,0,0,32,51,0,0
596,129493647,0,0,25,52,0,0
597,129503647,0,0,26,45,0,0
598,129513647,0,0,25,46,0,0
599,129523647,0,0,28,47,0,0
600,129533647,0,0,28,50,0,0
601,129543647,0,0,28,54,0,0
602,129553647,0,0,40,56,0,0
603,129563647,0,0,43,56,0,0
604,129573647,0,0,39,56,0,0
605,129583647,0,0,28,49,2,0
606,129593647,0,0,29,41,0,0
607,129603647,0,0,22,41,0,0
608,129613647,0,0,23,39,0,0
609,129623647,0,0,41,34,0,0
610,129633647,0,0,40,21,0,0
611,129643647,0,140,49,3,0,0
612,129653647,58,384,45,1,0,0
613,129663647,315,693,57,0,0,0
614,129673647,600,875,69,0,0,0
615,129683647,744,971,61,0,0,0
616,129693647,822,1022,57,0,0,0
617,129703647,892,1074,54,0,0,0
618,129713647,969,1122,55,0,0,0
619,129723647,1027,1168,71,0,0,0
620,129733647,1079,1207,76,0,0,0
621,129743647,1135,1248,85,0,0,0
622,129753647,1189,1291,99,4,0,0
623,129763647,1238,1341,95,23,0,0
624,129773647,1290,1378,153,45,0,0
625,129783647,1328,1404,196,80,0,0
626,129793647,1365,1429,267,121,0,0
627,129803647,1384,1440,317,184,0,0
628,129813647,1401,1451,371,234,0,0
629,129823647,1419,1460,408,270,0,0
630,129833647,1436,1467,449,306,0,21
631,129843647,1452,1480,501,336,0,57
632,129853647,1465,1486,538,363,0,88
633,129863647,1480,1495,559,412,0,123
634,129873647,1483,1500,577,436,0,157
635,129883647,1494,1509,598,468,0,198
636,129893647,1499,1506,615,466,0,197
637,129903647,1507,1518,632,513,0,254
638,129913647,1510,1524,648,529,0,272
639,129923647,1515,1528,659,543,0,297
640,129933647,1518,1531,666,558,0,319
641,129943647,1523,1537,679,569,0,337
642,129953647,1526,1540,687,584,0,346
643,129963647,1529,1542,697,597,0,351
644,129973647,1528,1537,707,603,0,359
645,129983647,1534,1543,708,611,0,363
646,129993647,1539,1543,711,613,0,363
647,130003647,1539,1539,716,619,0,362
648,130013647,1536,1533,714,617,0,365
649,130023647,1538,1530,715,618,0,365
650,130033647,1530,1527,714,618,0,360
651,130043647,1529,1525,715,618,0,357
652,130053647,1531,1527,713,619,0,344
653,130063647,1526,1523,715,623,0,345
654,130073647,1528,1520,721,627,0,348
655,130083647,1523,1518,729,631,0,350
656,130093647,1515,1514,735,635,0,355
657,130103647,1514,1511,740,641,0,365
658,130113647,1513,1508,746,648,0,376
659,130123647,1510,1506,747,654,0,382
660,130133647,1501,1505,759,663,0,385
661,130143647,1506,1499,764,673,0,391
662,130153647,1431,1493,782,682,3,399
663,130163647,1497,1493,786,691,0,396
664,130173647,1494,1486,794,702,0,421
665,130183647,1483,1481,807,714,0,433
666,130193647,1474,1469,817,719,0,445
667,130203647,1459,1459,825,735,0,470
668,130213647,1453,1458,836,750,0,482
669,130223647,1445,1441,842,767,0,498
670,130233647,1434,1430,854,780,0,519
671,130243647,1423,1418,864,796,0,548
672,130253647,1407,1400,877,814,0,573
673,130263647,1391,1380,889,837,0,622
674,130273647,1371,1366,904,853,0,665
675,130283647,1359,1340,915,868,9,636
676,130293647,1332,1316,932,890,36,742
677,130303647,1308,1294,939,905,58,771
678,130313647,1287,1264,948,926,81,797
679,130323647,1259,1239,952,946,118,831
680,130333647,1230,1208,960,957,159,857
681,130343647,1188,1185,970,973,196,812
682,130353647,1144,1137,980,993,228,905
683,130363647,1097,1108,986,1005,254,943
684,130373647,1041,1067,994,1018,284,974
685,130383647,983,1019,997,1035,296,997
686,130393647,920,962,998,1044,300,1023
687,130403647,841,0,995,1044,288,1038
688,130413647,690,0,979,1052,280,1055
689,130423647,551,0,976,1053,263,1074
690,130433647,341,585,953,1052,256,1092
691,130443647,136,389,927,1051,267,1110
692,130453647,0,222,881,1045,281,1128
693,130463647,0,106,805,1035,288,1134
694,130473647,0,2,693,1007,301,1158
695,130483647,0,0,612,970,291,1169
696,130493647,0,0,545,893,251,1179
697,130503647,0,0,482,814,185,1198
698,130513647,0,0,402,711,110,1210
699,130523647,0,0,360,650,23,1205
700,130533647,0,0,308,540,0,1175
701,130543647,0,0,294,477,0,1113
702,130553647,0,0,274,409,0,997
703,130563647,0,0,247,341,0,859
704,130573647,0,0,208,284,0,724
705,130583647,0,0,176,239,0,536
706,130593647,0,0,149,187,0,276
707,130603647,0,0,121,136,0,107
708,130613647,0,0,95,79,0,0
709,130623647,0,9,61,43,0,0
710,130633647,0,8,61,38,0,0
711,130643647,0,8,56,38,0,0
712,130653647,0,0,55,37,0,0
713,130663647,0,0,53,36,0,0
714,130673647,0,0,52,34,0,0
715,130683647,0,0,52,36,0,0
716,130693647,0,0,45,41,0,0
717,130703647,0,0,52,41,0,0
718,130713647,0,0,54,47,0,0
719,130723647,0,0,26,42,0,0
720,130733647,0,0,50,53,0,0
721,130743647,0,0,50,46,0,0
722,130753647,0,0,47,52,0,0
723,130763647,0,0,46,55,0,0
724,130773647,0,0,46,56,0,0
725,130783647,0,0,43,57,0,0
726,130793647,0,0,32,56,5,0
727,130803647,0,0,24,53,0,0
728,130813647,0,0,16,46,0,0
729,130823647,0,0,9,37,0,0
730,130833647,0,0,2,35,0,0
731,130843647,0,0,0,30,0,0
732,130853647,0,0,0,29,0,0
733,130863647,0,0,0,29,0,0
734,130873647,0,0,0,29,0,0
735,130883647,0,0,0,25,0,0
736,130893647,0,0,0,26,0,0
737,130903647,0,0,0,26,0,0
738,130913647,0,0,0,27,0,0
739,130923647,0,0,0,25,0,0
740,130933647,0,0,0,26,0,0
741,130943647,0,0,0,25,0,0
742,130953647,0,0,0,31,0,0
743,130963647,0,0,0,35,0,0
744,130973647,0,0,0,39,0,0
745,130983647,0,0,0,42,0,0
746,130993647,0,0,0,38,0,0
747,131003647,0,0,0,28,0,0
748,131013647,0,0,0,24,0,0
749,131023647,0,24,0,14,0,0
750,131033647,0,53,0,7,0,0
751,131043647,0,110,0,1,0,0
752,131053647,0,195,0,0,0,0
753,131063647,0,278,0,0,0,0
754,131073647,21,370,0,0,0,0
755,131083647,42,439,2,0,0,0
756,131093647,80,501,2,0,0,0
757,131103647,145,573,5,0,0,0
758,131113647,207,619,8,0,0,0
759,131123647,267,659,14,0,0,0
760,131133647,323,691,21,0,0,0
761,131143647,398,733,25,3,0,0
762,131153647,494,793,31,5,0,0
763,131163647,608,849,52,12,0,0
764,131173647,720,897,61,9,0,0
765,131183647,790,870,68,20,0,0
766,131193647,924,1003,95,33,0,0
767,131203647,1014,1069,118,52,0,0
768,131213647,1079,1115,146,62,0,0
769,131223647,1117,1150,180,95,0,0
770,131233647,1155,1179,230,112,0,1
771,131243647,1192,1206,284,132,0,0
772,131253647,1243,1243,313,176,0,0
773,131263647,1296,1278,333,216,0,0
774,131273647,1342,1321,367,251,0,0
775,131283647,1380,1354,411,267,0,0
776,131293647,1405,1379,432,287,0,0
777,131303647,1424,1395,462,293,0,0
778,131313647,1397,1313,488,318,0,0
779,131323647,1452,1432,512,347,0,0
780,131333647,1465,1447,546,370,0,0
781,131343647,1479,1458,565,386,0,0
782,131353647,1493,1467,585,412,0,0
783,131363647,1502,1478,602,428,0,0
784,131373647,1510,1488,620,442,0,0
785,131383647,1518,1494,639,459,0,0
786,131393647,1528,1499,658,469,0,0
787,131403647,1538,1508,657,476,0,0
788,131413647,1549,1514,664,483,0,5
789,131423647,1556,1518,672,491,0,17
790,131433647,1566,1524,675,497,0,34
791,131443647,1554,1426,649,462,0,53
792,131453647,1583,1529,678,495,0,86
793,131463647,1585,1530,679,495,0,109
794,131473647,1592,1533,678,494,0,131
795,131483647,1598,1531,675,491,0,161
796,131493647,1600,1530,674,501,0,183
797,131503647,1602,1527,675,503,0,216
798,131513647,1606,1524,675,505,0,225
799,131523647,1604,1520,679,506,0,242
800,131533647,1603,1513,687,522,0,260
801,131543647,1598,1512,690,535,0,279
802,131553647,1592,1510,696,548,0,289
803,131563647,1588,1509,703,562,0,297
804,131573647,1584,1506,712,573,0,305
805,131583647,1583,1502,722,591,0,312
806,131593647,1582,1499,731,602,0,317
807,131603647,1579,1497,741,612,0,318
808,131613647,1576,1497,747,619,0,327
809,131623647,1572,1491,761,634,0,334
810,131633647,1564,1486,765,652,0,344
811,131643647,1558,1482,780,663,0,352
812,131653647,1556,1478,793,677,0,359
813,131663647,1548,1470,801,690,0,366
814,131673647,1545,1467,812,698,0,373
815,131683647,1541,1463,825,715,0,373
816,131693647,1529,1455,846,732,0,373
817,131703647,1519,1453,862,756,0,375
818,131713647,1470,1349,872,781,0,378
819,131723647,1507,1445,897,809,0,374
820,131733647,1495,1442,915,825,0,379
821,131743647,1486,1438,931,845,0,387
822,131753647,1478,1431,949,867,0,396
823,131763647,1471,1429,959,888,0,400
824,131773647,1461,1425,975,904,0,401
825,131783647,1416,1321,977,928,0,414
826,131793647,1445,1421,999,938,0,420
827,131803647,1434,1417,1013,950,0,437
828,131813647,1424,1403,1028,975,0,462
829,131823647,1405,1395,1044,985,0,483
830,131833647,1390,1386,1057,999,0,506
831,131843647,1378,1374,1068,1014,0,540
832,131853647,1357,1363,1083,1034,0,559
833,131863647,1325,1345,1099,1048,0,597
834,131873647,1303,1330,1113,1063,0,630
835,131883647,1282,1317,1124,1079,0,669
836,131893647,1268,1305,1135,1096,0,700
837,131903647,1254,1293,1143,1106,0,732
838,131913647,1239,1285,1155,1122,10,758
839,131923647,1211,1262,1163,1130,32,787
840,131933647,1190,1253,1170,1142,48,809
841,131943647,1159,1230,1177,1152,62,839
842,131953647,1122,1208,1181,1162,79,859
843,131963647,1084,1183,1188,1173,95,886
844,131973647,1038,1157,1099,1159,79,881
845,131983647,985,1128,1192,1183,111,943
846,131993647,926,1100,1194,1187,110,955
847,132003647,861,1070,1196,1190,92,969
848,132013647,787,1041,1196,1189,69,969
849,132023647,703,995,1196,1189,45,978
850,132033647,566,932,1190,1190,24,979
851,132043647,406,777,1182,1191,2,979
852,132053647,292,751,1192,1194,0,972
853,132063647,160,620,1187,1194,0,962
854,132073647,43,466,1183,1196,0,936
855,132083647,0,323,1174,1196,0,912
856,132093647,0,188,1147,1195,0,893
857,132103647,0,80,1112,1186,0,865
858,132113647,0,6,1070,1163,0,823
859,132123647,0,0,1018,1131,0,784
860,132133647,0,0,967,1073,0,728
861,132143647,0,0,924,1007,0,649
862,132153647,0,0,881,925,0,572
863,132163647,0,0,829,857,0,466
864,132173647,0,0,710,790,0,323
865,132183647,0,0,716,728,0,243
866,132193647,0,0,649,627,0,127
867,132203647,0,0,594,529,0,17
868,132213647,0,0,533,428,0,0
869,132223647,0,0,465,314,0,0
870,132233647,0,0,414,223,0,0
871,132243647,0,0,393,192,0,0
872,132253647,0,0,379,171,0,0
873,132263647,0,0,361,152,0,0
874,132273647,0,0,332,140,0,0
875,132283647,0,0,313,114,0,0
876,132293647,0,1,290,97,0,0
877,132303647,0,0,278,88,0,0
878,132313647,0,0,261,86,0,0
879,132323647,0,0,248,81,0,0
880,132333647,0,0,226,84,0,0
881,132343647,0,0,228,92,0,0
882,132353647,0,0,218,92,0,0
883,132363647,0,0,185,80,0,0
884,132373647,0,0,207,84,0,0
885,132383647,0,0,204,93,0,0
886,132393647,0,0,203,94,0,0
887,132403647,0,0,197,93,0,0
888,132413647,0,0,179,92,0,0
889,132423647,0,0,168,84,0,0
890,132433647,0,0,118,64,0,0
891,132443647,0,0,125,72,0,0
892,132453647,0,0,117,60,0,0
893,132463647,0,0,103,50,0,0
894,132473647,0,0,92,43,0,0
895,132483647,0,0,91,39,0,0
896,132493647,0,0,87,33,0,0
897,132503647,0,0,70,19,0,0
898,132513647,0,0,91,38,0,0
899,132523647,0,0,83,35,0,0
900,132533647,0,0,79,39,0,0
901,132543647,0,0,82,40,0,1
902,132553647,0,0,88,41,0,0
903,132563647,0,0,94,43,0,0
904,132573647,0,0,79,40,0,0
905,132583647,0,0,102,25,0,0
906,132593647,0,114,82,9,0,0
907,132603647,49,279,54,0,0,0
908,132613647,392,625,80,0,0,0
909,132623647,714,888,104,0,0,0
910,132633647,857,929,101,0,0,0
911,132643647,987,1096,106,0,0,0
912,132653647,1069,1172,110,0,0,0
913,132663647,1141,1223,124,0,0,0
914,132673647,1203,1280,154,0,0,0
915,132683647,1253,1334,206,11,0,0
916,132693647,1264,1314,206,19,0,0
917,132703647,1336,1423,282,46,0,0
918,132713647,1374,1464,327,93,0,0
919,132723647,1405,1507,406,163,0,0
920,132733647,1443,1532,448,223,0,0
921,132743647,1472,1565,492,272,0,0
922,132753647,1498,1585,539,303,0,0
923,132763647,1476,1491,566,347,0,0
924,132773647,1537,1625,616,372,0,0
925,132783647,1550,1626,647,399,0,0
926,132793647,1558,1636,670,414,0,0
927,132803647,1564,1642,684,428,0,0
928,132813647,1563,1646,699,437,0,0
929,132823647,1568,1652,717,442,0,0
930,132833647,1570,1659,732,445,0,0
931,132843647,1570,1660,744,457,0,0
932,132853647,1570,1662,753,469,0,0
933,132863647,1571,1661,767,484,0,0
934,132873647,1571,1661,782,492,0,0
935,132883647,1567,1660,797,515,0,0
936,132893647,1492,1652,817,531,0,0
937,132903647,1561,1653,841,558,0,0
938,132913647,1553,1646,865,573,0,0
939,132923647,1537,1645,889,603,0,0
940,132933647,1523,1638,917,636,0,0
941,132943647,1510,1632,940,665,0,0
942,132953647,1499,1624,963,694,0,0
943,132963647,1492,1617,986,726,0,0
944,132973647,1477,1609,1011,756,0,0
945,132983647,1466,1601,1035,783,0,0
946,132993647,1465,1592,1048,809,0,0
947,133003647,1458,1589,1064,832,0,0
948,133013647,1450,1583,1082,855,0,0
949,133023647,1443,1579,1105,870,0,0
950,133033647,1431,1575,1124,889,0,0
951,133043647,1423,1568,1137,915,0,2
952,133053647,1415,1565,1154,924,0,4
953,133063647,1410,1560,1169,943,0,7
954,133073647,1402,1553,1176,953,0,14
955,133083647,1403,1547,1183,968,0,20
956,133093647,1384,1532,1190,982,0,32
957,133103647,1374,1522,1195,988,0,45
958,133113647,1367,1513,1200,1001,0,60
959,133123647,1357,1501,1205,1013,0,72
960,133133647,1338,1491,1208,1027,0,87
961,133143647,1319,1474,1211,1041,0,101
962,133153647,1300,1460,1220,1052,0,115
963,133163647,1277,1446,1225,1062,0,134
964,133173647,1263,1432,1230,1071,0,155
965,133183647,1250,1420,1234,1084,0,175
966,133193647,1241,1403,1239,1098,0,201
967,133203647,1233,1395,1242,1108,0,233
968,133213647,1217,1380,1150,1098,0,229
969,133223647,1209,1360,1247,1123,0,284
970,133233647,1204,1335,1244,1124,0,339
971,133243647,1200,1319,1237,1124,0,400
972,133253647,1206,1309,1226,1120,0,452
973,133263647,1207,1303,1223,1122,0,482
974,133273647,1204,1298,1130,1109,0,482
975,133283647,1193,1274,1225,1135,2,543
976,133293647,1176,1255,1227,1144,2,567
977,133303647,1141,1230,1230,1154,9,600
978,133313647,1108,1205,1234,1169,27,630
979,133323647,1073,1174,1237,1179,47,664
980,133333647,1041,1146,1240,1185,70,695
981,133343647,984,1066,1174,1162,63,715
982,133353647,982,1099,1243,1206,129,763
983,133363647,952,1076,1244,1213,165,803
984,133373647,916,1049,1246,1224,218,842
985,133383647,860,1012,1247,1229,263,884
986,133393647,812,979,1251,1238,310,921
987,133403647,748,949,1252,1245,359,958
988,133413647,675,909,1255,1253,411,987
989,133423647,602,868,1253,1260,459,1017
990,133433647,534,826,1256,1268,508,1050
991,133443647,440,783,1255,1275,554,1084
992,133453647,356,731,1256,1288,605,1123
993,133463647,258,675,1258,1294,669,1165
994,133473647,157,613,1259,1304,725,1197
995,133483647,78,0,1261,1314,786,1228
996,133493647,8,0,1263,1323,830,1265
997,133503647,0,0,1262,1330,886,1296
998,133513647,0,244,1259,1336,932,1318
999,133523647,0,135,1254,1342,967,1344
1000,133533647,0,43,1244,1351,982,1366
1001,133543647,0,0,1230,1351,988,1382
1002,133553647,0,0,1208,1351,977,1397
1003,133563647,0,0,1176,1351,955,1420
1004,133573647,0,0,1130,1340,922,1445
1005,133583647,0,0,1074,1332,855,1478
1006,133593647,0,0,1004,1308,777,1508
1007,133603647,0,0,920,1236,611,1456
1008,133613647,0,0,860,1223,515,1563
1009,133623647,0,0,802,1147,437,1579
1010,133633647,0,0,734,1068,284,1592
1011,133643647,0,0,700,1000,139,1593
1012,133653647,0,0,674,941,31,1583
1013,133663647,0,0,633,878,0,1556
1014,133673647,0,0,601,811,0,1492
1015,133683647,0,0,554,738,0,1419
1016,133693647,0,0,483,649,0,1352
1017,133703647,0,0,401,563,0,1251
1018,133713647,0,0,342,461,0,1128
1019,133723647,0,0,300,380,0,941
1020,133733647,0,0,237,266,0,692
1021,133743647,0,0,239,210,0,403
1022,133753647,0,0,191,148,0,85
1023,133763647,0,0,126,54,0,0
1024,133773647,0,0,108,41,0,0
1025,133783647,0,0,114,44,0,1
1026,133793647,0,0,104,42,0,1
1027,133803647,0,0,84,35,0,0
1028,133813647,0,0,69,23,0,0
1029,133823647,0,0,58,25,0,0
1030,133833647,0,0,48,27,0,0
1031,133843647,0,0,50,25,0,0
1032,133853647,0,0,54,24,0,0
1033,133863647,0,0,54,33,0,0
1034,133873647,0,0,54,33,0,0
1035,133883647,0,0,56,32,0,0
1036,133893647,0,0,53,35,0,0
1037,133903647,0,0,57,37,0,0
1038,133913647,0,0,60,39,0,0
1039,133923647,0,0,65,34,0,0
1040,133933647,0,0,78,44,0,0
1041,133943647,0,0,76,44,0,0
1042,133953647,0,0,81,45,0,0
1043,133963647,0,0,90,49,0,0
1044,133973647,0,0,101,55,0,0
1045,133983647,0,0,98,57,0,0
1046,133993647,0,0,108,60,0,0
1047,134003647,0,0,105,70,0,0
1048,134013647,0,0,89,60,0,0
1049,134023647,0,0,69,54,0,0
1050,134033647,0,0,51,45,0,0
1051,134043647,0,0,38,39,0,0
1052,134053647,0,0,31,38,0,0
1053,134063647,0,0,36,40,0,0
1054,134073647,0,0,46,45,0,0
1055,134083647,0,0,51,44,0,0
1056,134093647,0,0,54,43,0,0
1057,134103647,0,0,54,47,0,0
1058,134113647,0,0,56,45,0,0
1059,134123647,0,0,59,43,0,0
1060,134133647,0,0,53,47,0,0
1061,134143647,0,0,51,44,0,0
1062,134153647,0,0,57,44,0,0
1063,134163647,0,0,78,29,0,0
1064,134173647,24,226,90,2,0,0
1065,134183647,248,556,96,0,0,0
1066,134193647,622,832,102,0,0,0
1067,134203647,820,974,98,0,0,0
1068,134213647,927,1056,99,0,0,0
1069,134223647,1007,1122,105,0,0,0
1070,134233647,1094,1192,117,0,0,0
1071,134243647,1162,1257,142,0,0,0
1072,134253647,1208,1302,159,17,0,0
1073,134263647,1258,1341,175,28,0,0
1074,134273647,1286,1378,217,40,0,0
1075,134283647,1318,1416,244,55,0,0
1076,134293647,1355,1442,275,78,0,0
1077,134303647,1381,1461,301,100,0,0
1078,134313647,1402,1481,366,146,0,0
1079,134323647,1411,1402,402,173,0,0
1080,134333647,1449,1514,477,249,0,0
1081,134343647,1462,1528,530,308,0,0
1082,134353647,1481,1543,566,360,0,0
1083,134363647,1490,1556,611,419,0,0
1084,134373647,1497,1559,663,467,0,0
1085,134383647,1496,1563,697,519,0,0
1086,134393647,1493,1564,741,555,0,0
1087,134403647,1486,1565,776,599,0,2
1088,134413647,1483,1566,805,634,0,18
1089,134423647,1479,1568,828,669,0,30
1090,134433647,1476,1565,855,697,0,53
1091,134443647,1476,1562,873,720,0,68
1092,134453647,1471,1552,889,715,0,72
1093,134463647,1461,1554,913,768,0,113
1094,134473647,1456,1545,923,794,0,131
1095,134483647,1444,1531,939,813,0,153
1096,134493647,1432,1521,953,838,0,173
1097,134503647,1419,1512,968,859,0,196
1098,134513647,1400,1498,982,873,0,214
1099,134523647,1349,1382,987,899,0,227
1100,134533647,1377,1468,1005,918,0,245
1101,134543647,1366,1454,1017,931,0,250
1102,134553647,1350,1435,1033,949,0,268
1103,134563647,1343,1422,1043,964,0,279
1104,134573647,1332,1414,1053,980,0,287
1105,134583647,1327,1414,1064,992,0,297
1106,134593647,1261,1404,1071,1004,0,303
1107,134603647,1326,1415,1078,1006,0,305
1108,134613647,1328,1416,1087,1013,0,310
1109,134623647,1331,1421,1094,1019,0,301
1110,134633647,1333,1422,1096,1031,0,295
1111,134643647,1335,1427,1099,1037,0,285
1112,134653647,1338,1432,1100,1039,0,280
1113,134663647,1343,1436,1102,1038,0,268
1114,134673647,1349,1444,1102,1030,0,262
1115,134683647,1360,1449,1095,1021,0,247
1116,134693647,1367,1456,1083,1010,0,237
1117,134703647,1379,1463,1082,1003,0,247
1118,134713647,1383,1463,1079,1003,0,276
1119,134723647,1383,1461,1080,1004,0,296
1120,134733647,1380,1455,1083,1009,0,319
1121,134743647,1374,1449,1082,1012,0,345
1122,134753647,1371,1443,1083,1023,0,362
1123,134763647,1364,1436,1088,1017,0,386
1124,134773647,1358,1431,1090,1024,0,408
1125,134783647,1355,1420,1091,1000,0,386
1126,134793647,1352,1418,1096,1031,0,439
1127,134803647,1350,1407,1099,1037,0,454
1128,134813647,1339,1403,1100,1037,0,457
1129,134823647,1335,1397,1100,1041,0,472
1130,134833647,1332,1389,1107,1047,0,484
1131,134843647,1324,1378,1113,1055,0,501
1132,134853647,1308,1365,1028,1050,0,494
1133,134863647,1300,1353,1125,1079,0,520
1134,134873647,1281,1335,1130,1086,0,528
1135,134883647,1259,1324,1138,1098,0,539
1136,134893647,1239,1309,1144,1108,0,547
1137,134903647,1212,1296,1154,1119,0,553
1138,134913647,1187,0,1166,1130,0,562
1139,134923647,1160,0,1173,1143,0,564
1140,134933647,1126,0,1181,1158,0,584
1141,134943647,1086,0,1187,1172,0,596
1142,134953647,1046,0,1194,1181,0,610
1143,134963647,1001,0,1195,1195,0,620
1144,134973647,952,0,1206,1205,0,632
1145,134983647,843,0,1213,1222,10,659
1146,134993647,810,0,1223,1234,42,678
1147,135003647,713,0,1226,1242,58,713
1148,135013647,571,0,1227,1254,107,745
1149,135023647,393,0,1231,1266,156,775
1150,135033647,197,526,1230,1278,216,810
1151,135043647,27,0,1227,1295,286,852
1152,135053647,0,0,1212,1304,364,895
1153,135063647,0,0,1191,1308,436,942
1154,135073647,0,0,1148,1305,468,975
1155,135083647,0,0,1085,1295,507,1005
1156,135093647,0,0,994,1274,541,1043
1157,135103647,0,0,897,1236,549,1064
1158,135113647,0,0,811,1175,508,1111
1159,135123647,0,0,728,1097,430,1148
1160,135133647,0,0,636,1016,355,1192
1161,135143647,0,0,564,927,243,1244
1162,135153647,0,0,524,861,106,1258
1163,135163647,0,0,461,769,18,1281
1164,135173647,0,0,402,672,0,1279
1165,135183647,0,0,366,600,0,1227
1166,135193647,0,0,318,513,0,1136
1167,135203647,0,0,277,441,0,1017
1168,135213647,0,0,243,376,0,878
1169,135223647,0,0,203,306,0,713
1170,135233647,0,0,167,258,0,501
1171,135243647,0,0,141,204,0,224
1172,135253647,0,0,122,141,0,16
1173,135263647,0,0,92,73,0,0
1174,135273647,0,0,73,51,0,0
1175,135283647,0,2,82,54,0,0
1176,135293647,0,0,79,53,0,0
1177,135303647,0,0,78,50,0,0
1178,135313647,0,0,71,44,0,0
1179,135323647,0,0,71,41,0,0
1180,135333647,0,0,68,43,0,0
1181,135343647,0,0,70,38,0,0
1182,135353647,0,0,70,41,0,0
1183,135363647,0,0,77,41,0,0
1184,135373647,0,0,78,45,0,0
1185,135383647,0,0,83,45,0,0
1186,135393647,0,0,90,44,0,0
1187,135403647,0,0,99,53,0,0
1188,135413647,0,0,121,63,0,0
1189,135423647,0,0,122,69,0,2
1190,135433647,0,0,132,73,0,0
1191,135443647,0,0,145,79,0,0
1192,135453647,0,0,152,85,0,0
1193,135463647,0,0,154,88,0,0
1194,135473647,0,0,156,90,0,0
1195,135483647,0,0,159,91,0,0
1196,135493647,0,0,160,90,0,0
1197,135503647,0,0,155,88,2,0
1198,135513647,0,0,140,78,0,0
1199,135523647,0,0,114,69,0,0
1200,135533647,0,0,88,57,0,0
1201,135543647,0,0,72,46,0,0
1202,135553647,0,0,54,37,0,0
1203,135563647,0,0,32,24,0,1
1204,135573647,0,0,20,20,0,0
1205,135583647,0,0,18,20,0,0
1206,135593647,0,0,13,19,0,0
1207,135603647,0,0,15,22,0,0
1208,135613647,0,5,17,26,0,0
1209,135623647,0,0,21,27,0,0
1210,135633647,0,0,30,31,0,0
1211,135643647,1,0,35,32,0,0
1212,135653647,0,0,41,33,0,0
1213,135663647,0,0,40,17,0,0
1214,135673647,0,0,39,325,0,535
1215,135683647,0,20,54,268,0,460
1216,135693647,0,0,8,139,0,117
1217,135703647,0,0,0,71,0,0
1218,135713647,0,0,0,38,0,0
1219,135723647,0,0,0,38,0,0
1220,135733647,0,39,0,22,0,0
1221,135743647,0,121,0,16,0,0
1222,135753647,92,412,4,4,0,0
1223,135763647,485,824,9,0,0,0
1224,135773647,814,1024,2,0,0,0
1225,135783647,973,1114,9,3,0,0
1226,135793647,1060,1188,45,32,0,0
1227,135803647,1088,1199,107,50,0,0
1228,135813647,1061,1180,192,147,0,0
1229,135823647,966,1104,289,249,0,31
1230,135833647,936,1115,434,386,0,160
1231,135843647,817,1062,591,543,0,329
1232,135853647,753,1015,715,697,0,494
1233,135863647,653,978,831,806,0,631
1234,135873647,565,947,910,910,34,751
1235,135883647,503,925,967,978,105,857
1236,135893647,461,838,991,1028,199,932
1237,135903647,482,908,1033,1067,291,993
1238,135913647,466,903,1050,1094,364,1050
1239,135923647,446,0,1069,1125,434,1089
1240,135933647,377,0,1086,1150,499,1124
1241,135943647,305,0,1103,1177,571,1141
1242,135953647,227,0,1118,1194,624,1172
1243,135963647,167,0,1138,1214,669,1186
1244,135973647,124,0,1134,1231,714,1203
1245,135983647,95,0,1149,1246,742,1215
1246,135993647,79,660,1156,1251,766,1223
1247,136003647,87,663,1164,1256,798,1229
1248,136013647,100,684,1168,1262,808,1235
1249,136023647,110,655,1108,1231,742,1225
1250,136033647,148,0,1177,1268,812,1234
1251,136043647,182,762,1181,1268,805,1232
1252,136053647,214,802,1186,1269,797,1229
1253,136063647,248,828,1192,1269,791,1224
1254,136073647,281,856,1195,1270,777,1222
1255,136083647,314,876,1199,1271,763,1212
1256,136093647,355,906,1204,1268,752,1205
1257,136103647,400,936,1204,1265,726,1193
1258,136113647,455,971,1205,1262,682,1180
1259,136123647,503,1010,1208,1260,661,1169
1260,136133647,552,1042,1208,1259,648,1159
1261,136143647,587,1076,1214,1258,635,1149
1262,136153647,610,1097,1214,1257,628,1146
1263,136163647,630,1112,1213,1253,617,1141
1264,136173647,647,1125,1220,1251,603,1135
1265,136183647,663,986,1224,1250,589,1129
1266,136193647,677,0,1225,1251,580,1125
1267,136203647,685,0,1218,1247,572,1122
1268,136213647,688,0,1129,1225,519,1078
1269,136223647,692,0,1221,1243,570,1117
1270,136233647,694,0,1219,1240,574,1116
1271,136243647,690,0,1219,1238,579,1116
1272,136253647,684,0,1213,1236,585,1117
1273,136263647,679,0,1215,1235,593,1118
1274,136273647,668,0,1211,1225,598,1030
1275,136283647,662,0,1210,1223,606,1123
1276,136293647,659,0,1207,1217,618,1122
1277,136303647,659,0,1204,1211,625,1126
1278,136313647,660,0,1207,1206,633,1127
1279,136323647,663,0,1200,1203,648,1129
1280,136333647,665,0,1196,1194,659,1043
1281,136343647,663,0,1195,1194,670,1134
1282,136353647,662,0,1193,1188,680,1137
1283,136363647,663,0,1188,1181,693,1138
1284,136373647,663,0,1183,1175,699,1136
1285,136383647,669,0,1177,1166,701,1132
1286,136393647,684,0,1173,1159,711,1130
1287,136403647,700,0,1169,1148,710,1133
1288,136413647,717,0,1165,1142,712,1119
1289,136423647,736,0,1158,1128,715,1112
1290,136433647,742,0,1145,1115,715,1101
1291,136443647,765,0,1134,1101,700,1090
1292,136453647,811,0,1124,1083,687,1076
1293,136463647,868,0,1113,1061,659,1053
1294,136473647,920,0,1104,1040,613,1029
1295,136483647,967,0,1093,1028,586,1001
1296,136493647,1003,0,1076,1004,564,986
1297,136503647,1031,0,1064,1006,565,988
1298,136513647,1042,0,1054,989,568,999
1299,136523647,1035,0,1041,982,569,1002
1300,136533647,1003,0,962,946,502,996
1301,136543647,1007,0,1003,962,542,1002
1302,136553647,987,0,984,945,518,993
1303,136563647,948,1049,958,933,481,978
1304,136573647,902,1004,933,908,448,950
1305,136583647,829,947,895,881,409,917
1306,136593647,745,873,855,823,334,821
1307,136603647,627,795,809,816,295,815
1308,136613647,513,725,749,770,201,743
1309,136623647,369,647,673,723,125,645
1310,136633647,265,570,596,647,41,537
1311,136643647,138,483,488,536,0,427
1312,136653647,54,425,376,409,0,299
1313,136663647,20,356,312,298,0,133
1314,136673647,0,294,247,220,0,20
1315,136683647,0,235,186,177,0,0
1316,136693647,0,190,143,139,0,0
1317,136703647,0,156,109,105,0,0
1318,136713647,0,158,78,71,0,0
1319,136723647,0,181,66,55,0,0
1320,136733647,0,210,65,56,0,0
1321,136743647,0,225,64,57,0,0
1322,136753647,0,230,63,68,0,0
1323,136763647,0,238,68,73,0,0
1324,136773647,0,246,71,84,0,0
1325,136783647,0,248,77,81,0,0
1326,136793647,0,251,75,85,0,0
1327,136803647,0,246,77,87,0,0
1328,136813647,0,233,78,90,0,0
1329,136823647,0,229,84,92,0,0
1330,136833647,0,213,87,90,0,0
1331,136843647,0,209,86,87,0,0
1332,136853647,0,202,84,86,0,0
1333,136863647,0,201,83,76,0,0
1334,136873647,0,200,85,75,0,0
1335,136883647,0,192,82,75,0,0
1336,136893647,0,203,80,71,0,0
1337,136903647,0,200,78,71,0,0
1338,136913647,0,196,78,71,0,0
1339,136923647,0,197,78,73,0,0
1340,136933647,0,198,81,72,0,0
1341,136943647,0,194,87,74,0,0
1342,136953647,0,194,91,78,0,0
1343,136963647,0,188,93,81,0,0
1344,136973647,0,187,96,70,0,0
1345,136983647,0,182,103,90,0,0
1346,136993647,0,174,109,88,0,0
1347,137003647,0,171,113,90,0,0
1348,137013647,0,166,111,94,0,0
1349,137023647,0,165,109,96,0,0
1350,137033647,0,159,104,93,0,0
1351,137043647,0,153,99,90,0,0
1352,137053647,0,148,89,85,0,1
1353,137063647,0,137,80,82,0,0
1354,137073647,0,129,68,68,0,0
1355,137083647,0,117,53,55,0,0
1356,137093647,0,115,43,46,0,0
1357,137103647,0,80,22,42,0,0
1358,137113647,0,87,38,51,0,0
1359,137123647,0,77,30,48,0,0
1360,137133647,0,59,25,50,0,0
1361,137143647,0,48,22,42,0,0
1362,137153647,0,42,19,41,0,0
1363,137163647,0,31,18,45,0,0
1364,137173647,0,17,14,46,0,0
1365,137183647,0,10,9,46,0,0
1366,137193647,0,4,7,44,0,0
1367,137203647,0,0,1,38,0,0
1368,137213647,0,0,0,36,0,0
1369,137223647,0,3,0,32,0,0
1370,137233647,0,5,0,40,0,0
1371,137243647,0,8,7,48,0,0
1372,137253647,0,6,12,48,0,0
1373,137263647,0,10,20,46,0,0
1374,137273647,0,10,23,55,0,0
1375,137283647,0,20,24,56,0,0
1376,137293647,0,5,11,47,0,0
1377,137303647,0,101,34,38,0,0
1378,137313647,0,279,35,33,0,0
1379,137323647,7,457,42,36,0,0
1380,137333647,237,755,40,31,0,0
1381,137343647,669,1057,31,29,0,0
1382,137353647,980,1232,83,47,0,0
1383,137363647,1095,1306,155,94,0,0
1384,137373647,1144,1338,246,214,0,0
1385,137383647,1148,1352,327,283,0,0
1386,137393647,1155,1362,424,411,0,0
1387,137403647,1159,1370,529,504,0,0
1388,137413647,1156,1373,623,585,0,0
1389,137423647,1159,1381,726,689,0,26
1390,137433647,1175,1386,804,762,0,67
1391,137443647,1195,1401,858,811,0,98
1392,137453647,1217,1419,892,848,0,133
1393,137463647,1240,1430,920,875,2,175
1394,137473647,1253,1435,936,902,0,222
1395,137483647,1269,1442,948,916,0,263
1396,137493647,1279,1449,958,929,0,291
1397,137503647,1288,1449,969,928,0,318
1398,137513647,1290,1458,973,939,0,345
1399,137523647,1287,1455,978,943,0,367
1400,137533647,1287,1459,988,955,0,389
1401,137543647,1287,1460,996,970,0,403
1402,137553647,1288,1463,1004,983,0,416
1403,137563647,1297,1468,1015,992,0,425
1404,137573647,1306,1474,1026,997,0,431
1405,137583647,1309,1475,1033,999,0,440
1406,137593647,1312,1477,1034,1002,0,443
1407,137603647,1315,1476,1033,1000,0,457
1408,137613647,1313,1478,1033,1000,0,461
1409,137623647,1312,1474,1034,999,0,415
1410,137633647,1305,1468,1041,1003,0,474
1411,137643647,1291,1460,1046,1010,0,486
1412,137653647,1273,1451,1049,1015,0,498
1413,137663647,1256,1442,1054,1019,0,516
1414,137673647,1245,1432,1060,1029,3,535
1415,137683647,1236,1425,1070,1043,11,556
1416,137693647,1223,1416,1077,1050,20,576
1417,137703647,1210,1402,1086,1060,38,597
1418,137713647,1199,1395,1088,1067,45,616
1419,137723647,1185,1379,1095,1077,68,640
1420,137733647,1172,1376,1107,1086,84,663
1421,137743647,1153,1365,1109,1096,111,694
1422,137753647,1100,1285,1057,1070,102,706
1423,137763647,1116,1335,1122,1115,157,745
1424,137773647,1103,1320,1127,1116,181,772
1425,137783647,1086,1310,1132,1125,201,793
1426,137793647,1069,1301,1142,1130,215,809
1427,137803647,1050,1288,1141,1139,250,832
1428,137813647,1021,1269,1146,1107,256,806
1429,137823647,997,1260,1153,1157,325,887
1430,137833647,972,1244,1160,1164,359,915
1431,137843647,940,1225,1164,1172,394,946
1432,137853647,908,1208,1168,1177,422,970
1433,137863647,866,1187,1174,1184,462,992
1434,137873647,825,1166,1179,1188,491,1015
1435,137883647,765,1059,1174,1195,530,1044
1436,137893647,744,1117,1186,1203,565,1065
1437,137903647,696,1089,1191,1207,607,1078
1438,137913647,657,1056,1192,1212,649,1096
1439,137923647,614,0,1197,1225,673,1121
1440,137933647,568,0,1197,1228,700,1135
1441,137943647,536,0,1203,1231,728,1151
1442,137953647,501,936,1205,1237,748,1164
1443,137963647,471,917,1205,1239,773,1172
1444,137973647,434,890,1207,1246,795,1184
1445,137983647,397,865,1210,1248,816,1193
1446,137993647,344,840,1212,1255,843,1204
1447,138003647,284,807,1216,1264,862,1225
1448,138013647,209,767,1222,1226,836,1171
1449,138023647,127,719,1225,1272,910,1260
1450,138033647,53,659,1219,1280,934,1264
1451,138043647,9,585,1223,1283,951,1289
1452,138053647,0,504,1219,1287,981,1293
1453,138063647,0,433,1211,1290,1003,1304
1454,138073647,0,339,1197,1295,1029,1324
1455,138083647,0,198,1179,1299,1057,1337
1456,138093647,0,156,1170,1301,1079,1349
1457,138103647,0,84,1138,1301,1110,1355
1458,138113647,0,22,1095,1295,1126,1365
1459,138123647,0,0,1034,1285,1143,1371
1460,138133647,0,0,967,1268,1147,1381
1461,138143647,0,0,896,1242,1140,1387
1462,138153647,0,0,813,1203,1113,1392
1463,138163647,0,0,694,1135,1062,1401
1464,138173647,0,0,612,1075,995,1414
1465,138183647,0,0,552,1006,911,1421
1466,138193647,0,0,490,934,808,1433
1467,138203647,0,0,436,821,673,1442
1468,138213647,0,0,379,722,480,1437
1469,138223647,0,0,331,605,303,1415
1470,138233647,0,0,291,491,141,1377
1471,138243647,0,0,240,405,57,1320
1472,138253647,0,0,186,336,6,1255
1473,138263647,0,0,156,307,0,1185
1474,138273647,0,0,124,265,0,1079
1475,138283647,0,0,95,207,0,912
1476,138293647,0,0,67,160,0,696
1477,138303647,0,0,40,104,0,361
1478,138313647,0,23,13,65,0,38
1479,138323647,0,37,8,55,0,9
1480,138333647,0,39,8,53,0,29
1481,138343647,0,30,14,44,0,12
1482,138353647,0,37,18,57,0,0
1483,138363647,0,42,15,64,0,0
1484,138373647,0,44,16,63,0,0
1485,138383647,0,46,19,68,0,0
1486,138393647,0,44,15,66,0,0
1487,138403647,0,43,14,62,0,0
1488,138413647,0,38,11,53,0,0
1489,138423647,0,30,6,52,0,0
1490,138433647,2,32,5,50,0,0
1491,138443647,0,23,1,45,0,0
1492,138453647,0,17,0,44,0,0
1493,138463647,0,14,0,37,0,0
1494,138473647,0,9,0,35,0,0
1495,138483647,0,7,0,37,0,0
1496,138493647,0,4,0,35,0,0
1497,138503647,0,0,0,38,0,0
1498,138513647,1,0,0,40,0,0
1499,138523647,0,0,0,41,0,0
1500,138533647,0,0,0,46,0,0
1501,138543647,0,0,0,30,0,0
1502,138553647,0,0,3,54,0,0
1503,138563647,0,0,3,54,0,0
1504,138573647,0,0,0,58,0,0
1505,138583647,0,0,0,58,0,0
1506,138593647,0,0,0,60,0,0
1507,138603647,0,0,0,55,0,0
1508,138613647,0,0,0,49,0,0
1509,138623647,0,0,0,40,0,0
1510,138633647,0,0,0,35,0,0
1511,138643647,0,0,0,29,0,0
1512,138653647,0,0,0,28,0,0
1513,138663647,0,0,0,21,0,0
1514,138673647,0,0,0,19,0,0
1515,138683647,0,0,0,19,0,0
1516,138693647,0,0,0,20,0,0
1517,138703647,0,0,0,22,0,0
1518,138713647,0,0,0,31,0,0
1519,138723647,0,0,0,26,0,0
1520,138733647,0,0,0,28,0,0
1521,138743647,0,0,0,30,0,1
1522,138753647,0,0,0,32,0,0
1523,138763647,0,0,0,35,0,0
1524,138773647,0,0,0,39,0,0
1525,138783647,0,0,3,36,0,0
1526,138793647,0,18,0,27,0,0
1527,138803647,0,102,0,14,0,0
1528,138813647,0,227,0,12,0,0
1529,138823647,43,411,0,1,0,0
1530,138833647,211,618,0,0,0,0
1531,138843647,465,789,0,0,0,0
1532,138853647,647,916,0,0,0,0
1533,138863647,775,988,0,0,0,0
1534,138873647,873,1055,0,0,0,0
1535,138883647,994,1123,5,0,0,0
1536,138893647,1074,1180,16,21,0,0
1537,138903647,1133,1242,45,43,0,0
1538,138913647,1179,1277,94,74,0,0
1539,138923647,1212,1308,152,132,0,0
1540,138933647,1232,1323,222,181,0,0
1541,138943647,1203,1272,264,220,0,0
1542,138953647,1255,1357,347,281,0,0
1543,138963647,1268,1367,390,329,0,0
1544,138973647,1292,1381,420,356,0,16
1545,138983647,1310,1393,458,381,0,40
1546,138993647,1327,1403,479,399,0,46
1547,139003647,1346,1413,489,411,0,47
1548,139013647,1364,1429,505,417,0,54
1549,139023647,1378,1438,516,420,0,71
1550,139033647,1389,1449,526,430,0,75
1551,139043647,1402,1451,530,437,0,88
1552,139053647,1415,1458,535,442,0,101
1553,139063647,1429,1462,539,444,0,116
1554,139073647,1438,1472,541,444,0,139
1555,139083647,1451,1483,548,446,0,168
1556,139093647,1468,1493,550,455,0,202
1557,139103647,1489,1501,565,457,0,230
1558,139113647,1502,1513,570,461,0,240
1559,139123647,1518,1526,581,466,0,265
1560,139133647,1542,1542,586,473,0,274
1561,139143647,1558,1556,599,475,0,288
1562,139153647,1569,1562,607,477,0,295
1563,139163647,1579,1570,615,486,0,311
1564,139173647,1588,1578,622,493,0,312
1565,139183647,1594,1582,627,494,0,326
1566,139193647,1596,1588,632,499,0,333
1567,139203647,1556,1479,627,500,0,332
1568,139213647,1603,1590,638,501,0,329
1569,139223647,1605,1590,642,502,0,327
1570,139233647,1606,1591,645,501,0,316
1571,139243647,1605,1588,650,505,0,317
1572,139253647,1599,1583,651,506,0,313
1573,139263647,1592,1578,653,501,0,279
1574,139273647,1588,1574,655,500,0,332
1575,139283647,1579,1570,661,504,0,341
1576,139293647,1574,1566,661,515,0,346
1577,139303647,1569,1562,663,531,0,347
1578,139313647,1564,1557,668,539,0,350
1579,139323647,1559,1554,679,545,0,360
1580,139333647,1555,1551,686,555,0,373
1581,139343647,1551,1545,694,572,0,380
1582,139353647,1544,1540,702,589,0,396
1583,139363647,1536,1529,712,598,0,408
1584,139373647,1528,1530,727,618,0,419
1585,139383647,1522,1526,738,635,0,423
1586,139393647,1516,1519,751,653,0,438
1587,139403647,1512,1519,767,667,0,446
1588,139413647,1506,1511,781,684,0,468
1589,139423647,1500,1507,794,702,0,490
1590,139433647,1494,1502,804,722,0,505
1591,139443647,1490,1498,815,731,0,519
1592,139453647,1484,1494,827,743,0,531
1593,139463647,1477,1488,838,755,0,546
1594,139473647,1464,1480,852,764,0,563
1595,139483647,1450,1470,860,783,0,569
1596,139493647,1438,1465,874,795,1,579
1597,139503647,1432,1457,882,809,7,585
1598,139513647,1420,1447,889,825,19,596
1599,139523647,1405,1437,898,838,27,610
1600,139533647,1395,1429,908,850,35,618
1601,139543647,1376,1418,919,859,47,632
1602,139553647,1357,1401,929,874,68,643
1603,139563647,1334,1388,937,885,78,668
1604,139573647,1302,1368,948,905,100,680
1605,139583647,1273,1347,954,918,139,699
1606,139593647,1242,1318,967,935,160,727
1607,139603647,1198,1286,973,949,182,756
1608,139613647,1148,1244,981,965,220,789
1609,139623647,1097,1209,989,984,246,819
1610,139633647,1042,1174,1000,998,276,849
1611,139643647,957,1117,1004,1015,321,890
1612,139653647,867,1041,1006,1034,358,940
1613,139663647,724,934,1008,1043,399,983
1614,139673647,528,811,1002,1051,439,1033
1615,139683647,285,660,987,1058,490,1082
1616,139693647,32,493,964,1064,563,1135
1617,139703647,0,303,924,1071,666,1191
1618,139713647,0,0,854,1080,734,1235
1619,139723647,0,44,737,1077,797,1267
1620,139733647,0,0,625,1064,837,1298
1621,139743647,0,0,551,1038,854,1318
1622,139753647,0,0,481,986,806,1344
1623,139763647,0,0,406,906,710,1379
1624,139773647,0,0,336,802,599,1413
1625,139783647,0,0,306,742,373,1420
1626,139793647,0,0,278,658,175,1396
1627,139803647,0,0,230,589,65,1368
1628,139813647,0,0,183,505,0,1305
1629,139823647,0,0,154,441,0,1238
1630,139833647,0,0,105,373,0,1136
1631,139843647,0,0,55,292,0,986
1632,139853647,0,0,60,266,0,809
1633,139863647,0,0,45,203,0,585
1634,139873647,0,0,26,160,0,298
1635,139883647,0,14,5,104,0,60
1636,139893647,0,26,0,85,0,39
1637,139903647,0,22,1,84,0,64
1638,139913647,0,1,0,63,0,64
1639,139923647,0,7,0,71,0,47
1640,139933647,0,11,0,70,0,35
1641,139943647,0,16,0,70,0,10
1642,139953647,0,17,0,59,0,3
1643,139963647,0,14,0,65,0,0
1644,139973647,0,13,0,71,0,0
1645,139983647,0,6,0,76,0,0
1646,139993647,0,5,0,79,0,0
1647,140003647,0,6,0,83,0,0
1648,140013647,0,7,0,85,0,0
1649,140023647,0,1,0,88,0,0
1650,140033647,0,0,1,94,0,0
1651,140043647,0,0,0,85,0,0
1652,140053647,0,0,4,101,0,0
1653,140063647,0,0,5,104,0,0
1654,140073647,0,0,9,101,0,0
1655,140083647,0,0,13,106,0,0
1656,140093647,0,0,16,109,0,0
1657,140103647,0,0,19,115,0,0
1658,140113647,0,0,7,108,0,0
1659,140123647,0,0,20,118,0,0
1660,140133647,0,0,8,116,0,0
1661,140143647,0,0,4,115,0,0
1662,140153647,0,0,1,116,0,0
1663,140163647,0,0,0,116,0,0
1664,140173647,0,0,0,113,0,0
1665,140183647,0,0,0,114,0,0
1666,140193647,0,0,0,108,0,0
1667,140203647,0,0,0,99,0,0
1668,140213647,0,0,0,90,0,0
1669,140223647,0,0,0,76,0,0
1670,140233647,0,0,0,61,0,0
1671,140243647,0,0,2,42,0,0
1672,140253647,0,0,0,47,2,0
1673,140263647,0,0,0,45,0,0
1674,140273647,0,0,0,40,0,0
1675,140283647,0,0,0,41,0,0
1676,140293647,0,0,0,42,0,0
1677,140303647,0,0,0,43,0,0
1678,140313647,0,0,0,43,0,0
1679,140323647,0,0,0,43,0,0
1680,140333647,0,0,0,42,0,0
1681,140343647,0,0,0,35,0,0
1682,140353647,0,61,0,23,0,0
1683,140363647,0,203,0,19,0,0
1684,140373647,19,389,0,0,0,0
1685,140383647,179,588,0,0,0,0
1686,140393647,400,745,0,0,0,0
1687,140403647,558,841,0,0,0,0
1688,140413647,694,925,0,0,0,0
1689,140423647,839,994,0,0,0,0
1690,140433647,953,1058,2,20,0,0
1691,140443647,1041,1110,23,47,0,0
1692,140453647,1081,1135,89,103,0,0
1693,140463647,1095,1141,140,135,0,39
1694,140473647,1071,1137,197,199,0,102
1695,140483647,1040,1132,247,238,0,188
1696,140493647,1030,1129,301,283,0,257
1697,140503647,1021,1126,343,333,0,308
1698,140513647,1045,1138,391,374,0,355
1699,140523647,1075,1160,420,405,0,384
1700,140533647,1106,1182,465,448,0,408
1701,140543647,1129,1208,500,483,0,426
1702,140553647,1155,1238,533,509,0,440
1703,140563647,1182,1263,567,541,0,455
1704,140573647,1206,1295,590,565,0,459
1705,140583647,1234,1325,606,586,0,459
1706,140593647,1258,1352,623,601,0,447
1707,140603647,1292,1379,645,612,0,445
1708,140613647,1320,1406,650,613,0,426
1709,140623647,1355,1432,662,619,0,423
1710,140633647,1381,1454,669,625,0,423
1711,140643647,1336,1468,678,623,0,434
1712,140653647,1418,1484,686,634,0,452
1713,140663647,1436,1495,698,662,0,469
1714,140673647,1447,1499,717,676,0,477
1715,140683647,1452,1510,732,699,0,482
1716,140693647,1469,1515,746,722,0,480
1717,140703647,1460,1515,766,747,0,485
1718,140713647,1456,1517,782,763,0,492
1719,140723647,1450,1515,809,785,0,502
1720,140733647,1440,1509,820,801,0,522
1721,140743647,1433,1500,844,822,0,533
1722,140753647,1421,1492,858,844,0,551
1723,140763647,1401,1482,878,856,0,564
1724,140773647,1380,1470,891,879,0,579
1725,140783647,1361,1458,909,890,0,595
1726,140793647,1350,1444,921,917,0,603
1727,140803647,1333,1443,932,933,0,607
1728,140813647,1322,1433,939,949,0,618
1729,140823647,1315,1427,949,961,2,633
1730,140833647,1305,1417,960,972,8,647
1731,140843647,1290,1408,973,984,12,655
1732,140853647,1280,1399,979,997,20,672
1733,140863647,1265,1390,988,1008,29,681
1734,140873647,1258,1385,999,1016,41,693
1735,140883647,1251,1378,1004,1029,55,710
1736,140893647,1243,1371,1012,1034,61,717
1737,140903647,1235,1363,1018,1043,73,725
1738,140913647,1224,1356,1024,1051,85,733
1739,140923647,1210,1347,1036,1056,92,746
1740,140933647,1201,1336,1040,1064,109,761
1741,140943647,1190,1326,1047,1067,126,777
1742,140953647,1189,1321,1044,1076,140,787
1743,140963647,1179,1318,1051,1077,164,795
1744,140973647,1177,1315,1059,1081,174,804
1745,140983647,1173,1308,1061,1087,172,808
1746,140993647,1170,1302,1063,1093,173,810
1747,141003647,1165,1299,1066,1098,173,820
1748,141013647,1163,1296,1067,1098,177,817
1749,141023647,1160,1292,1068,1103,189,824
1750,141033647,1139,1200,1032,1048,199,830
1751,141043647,1146,1279,1073,1114,204,830
1752,141053647,1141,1268,1073,1114,222,838
1753,141063647,1133,1260,1075,1117,230,844
1754,141073647,1116,1251,1078,1119,238,854
1755,141083647,1104,1240,1080,1127,244,856
1756,141093647,1098,1233,1081,1127,257,862
1757,141103647,1056,1135,1075,1135,275,868
1758,141113647,1076,1211,1092,1136,290,877
1759,141123647,1052,1196,1094,1142,311,890
1760,141133647,1018,1174,1095,1146,335,899
1761,141143647,986,1160,1100,1156,367,918
1762,141153647,944,1126,1105,1164,399,934
1763,141163647,905,1093,1109,1172,438,947
1764,141173647,847,1054,1113,1179,470,967
1765,141183647,764,996,1117,1190,497,989
1766,141193647,677,936,1120,1198,523,1029
1767,141203647,567,873,1119,1203,542,1054
1768,141213647,452,795,1122,1210,584,1087
1769,141223647,299,704,1116,1222,624,1140
1770,141233647,122,589,1111,1232,681,1178
1771,141243647,2,440,1093,1238,746,1209
1772,141253647,0,280,1061,1242,788,1241
1773,141263647,0,151,1019,1246,842,1263
1774,141273647,0,55,969,1242,870,1291
1775,141283647,0,0,879,1232,889,1309
1776,141293647,0,0,767,1211,888,1324
1777,141303647,0,0,683,1177,868,1356
1778,141313647,0,0,585,1112,800,1385
1779,141323647,0,0,503,1041,719,1427
1780,141333647,0,0,401,960,599,1461
1781,141343647,0,0,357,884,435,1482
1782,141353647,0,0,317,782,255,1479
1783,141363647,0,0,279,688,108,1460
1784,141373647,0,0,243,625,20,1405
1785,141383647,0,0,197,567,4,1338
1786,141393647,0,0,153,494,0,1270
1787,141403647,0,0,119,432,0,1174
1788,141413647,0,0,91,350,0,1062
1789,141423647,0,0,72,289,0,905
1790,141433647,0,0,46,240,0,701
1791,141443647,0,0,29,196,0,434
1792,141453647,0,7,11,128,0,160
1793,141463647,0,20,0,76,0,41
1794,141473647,0,15,0,59,0,61
1795,141483647,0,11,0,60,0,73
1796,141493647,0,1,0,44,0,46
1797,141503647,0,3,0,56,0,27
1798,141513647,0,3,0,56,0,10
1799,141523647,0,3,0,59,0,0
1800,141533647,0,4,0,62,0,0
1801,141543647,0,1,0,61,0,0
1802,141553647,0,0,0,71,0,0
1803,141563647,0,0,6,66,0,0
1804,141573647,0,0,0,80,0,0
1805,141583647,0,0,0,85,0,0
1806,141593647,0,0,0,88,0,0
1807,141603647,0,0,0,92,0,0
1808,141613647,0,0,2,100,0,0
1809,141623647,0,3,3,105,0,0
1810,141633647,0,1,6,104,0,0
1811,141643647,0,0,6,108,0,0
1812,141653647,0,2,7,111,0,0
1813,141663647,0,0,13,116,0,0
1814,141673647,0,0,10,119,0,0
1815,141683647,0,0,5,118,0,0
1816,141693647,0,0,1,115,0,0
1817,141703647,0,0,4,102,0,0
1818,141713647,0,0,0,92,0,0
1819,141723647,0,0,2,85,0,0
1820,141733647,0,0,0,80,0,0
1821,141743647,0,0,0,73,0,0
1822,141753647,0,0,0,62,0,0
1823,141763647,0,0,0,60,0,0
1824,141773647,0,0,0,60,0,0
1825,141783647,0,0,0,62,0,0
1826,141793647,0,0,0,61,0,0
1827,141803647,0,0,0,67,0,0
1828,141813647,0,0,0,56,0,0
1829,141823647,0,0,0,29,0,0
1830,141833647,0,0,0,43,0,0
1831,141843647,0,0,0,34,0,0
1832,141853647,0,6,0,36,0,0
1833,141863647,0,47,0,32,0,0
1834,141873647,0,103,0,30,0,0
1835,141883647,0,162,0,30,0,0
1836,141893647,0,226,0,28,0,0
1837,141903647,0,296,0,26,0,0
1838,141913647,0,406,0,35,0,0
1839,141923647,52,516,0,31,0,0
1840,141933647,148,610,0,37,0,0
1841,141943647,270,693,0,40,0,0
1842,141953647,404,757,0,45,0,0
1843,141963647,506,804,2,46,0,0
1844,141973647,599,835,10,54,0,0
1845,141983647,653,856,23,70,0,0
1846,141993647,683,865,37,79,0,0
1847,142003647,711,870,52,84,0,9
1848,142013647,743,878,67,92,0,55
1849,142023647,781,901,88,108,0,110
1850,142033647,831,919,109,141,0,179
1851,142043647,862,935,156,151,0,236
1852,142053647,906,965,170,184,0,291
1853,142063647,950,996,204,213,0,336
1854,142073647,985,1021,241,236,0,384
1855,142083647,1019,1063,261,262,0,408
1856,142093647,1059,1101,294,285,0,437
1857,142103647,1096,1132,334,312,0,461
1858,142113647,1127,1168,361,349,0,470
1859,142123647,1154,1196,386,381,0,476
1860,142133647,1182,1227,417,408,0,487
1861,142143647,1203,1262,438,430,0,490
1862,142153647,1224,1284,457,472,0,508
1863,142163647,1248,1312,483,504,0,508
1864,142173647,1263,1337,511,535,0,520
1865,142183647,1285,1363,534,562,0,516
1866,142193647,1306,1385,557,586,0,509
1867,142203647,1325,1398,587,618,0,526
1868,142213647,1341,1413,622,651,0,540
1869,142223647,1350,1422,662,677,0,552
1870,142233647,1355,1430,685,711,0,567
1871,142243647,1362,1438,726,738,0,577
1872,142253647,1368,1440,751,758,4,591
1873,142263647,1371,1451,779,781,13,594
1874,142273647,1377,1454,796,799,8,588
1875,142283647,1382,1458,814,819,14,588
1876,142293647,1385,1461,827,839,14,584
1877,142303647,1386,1464,844,859,17,567
1878,142313647,1388,1465,858,873,17,565
1879,142323647,1385,1468,871,892,19,556
1880,142333647,1384,1469,879,906,14,552
1881,142343647,1378,1470,888,919,8,479
1882,142353647,1373,1472,899,934,4,518
1883,142363647,1371,1472,910,941,6,510
1884,142373647,1371,1474,915,949,1,481
1885,142383647,1380,1483,919,952,0,435
1886,142393647,1389,1489,919,951,0,395
1887,142403647,1404,1499,919,943,0,344
1888,142413647,1421,1512,917,934,0,294
1889,142423647,1436,1523,912,924,0,257
1890,142433647,1446,1532,910,918,0,229
1891,142443647,1459,1547,906,908,0,191
1892,142453647,1468,1559,906,896,0,170
1893,142463647,1482,1569,905,886,0,146
1894,142473647,1495,1577,907,878,0,123
1895,142483647,1501,1583,908,871,0,103
1896,142493647,1511,1591,909,862,0,82
1897,142503647,1517,1602,913,859,0,73
1898,142513647,1524,1607,916,860,0,68
1899,142523647,1529,1613,918,855,0,59
1900,142533647,1462,1613,920,858,0,54
1901,142543647,1543,1623,923,860,0,42
1902,142553647,1547,1625,929,859,0,41
1903,142563647,1548,1631,933,859,0,27
1904,142573647,1550,1635,937,859,0,20
1905,142583647,1551,1635,940,864,0,20
1906,142593647,1552,1633,947,864,0,21
1907,142603647,1553,1643,953,870,0,26
1908,142613647,1555,1645,957,875,0,25
1909,142623647,1557,1647,965,883,0,26
1910,142633647,1559,1649,974,890,0,23
1911,142643647,1559,1648,983,903,0,31
1912,142653647,1559,1647,995,913,0,36
1913,142663647,1552,1646,1002,926,0,32
1914,142673647,1546,1648,1012,937,0,38
1915,142683647,1541,1642,1020,947,0,48
1916,142693647,1530,1638,1035,954,0,68
1917,142703647,1524,1634,1046,969,0,89
1918,142713647,1516,1629,1057,980,0,103
1919,142723647,1506,1624,1064,989,0,121
1920,142733647,1487,1623,1072,1001,0,140
1921,142743647,1470,1618,1082,1009,0,157
1922,142753647,1462,1613,1090,1018,0,188
1923,142763647,1451,1610,1101,1030,0,213
1924,142773647,1438,1606,1107,1045,0,232
1925,142783647,1426,1596,1119,1054,0,262
1926,142793647,1403,1591,1128,1063,0,293
1927,142803647,1380,1582,1131,1068,0,326
1928,142813647,1353,1576,1140,1074,0,362
1929,142823647,1317,1565,1145,1080,3,393
1930,142833647,1300,1559,1153,1082,27,428
1931,142843647,1275,1550,1154,1090,55,473
1932,142853647,1260,1544,1154,1094,73,530
1933,142863647,1254,1525,1145,1095,93,562
1934,142873647,1248,1514,1135,1092,113,621
1935,142883647,1226,1508,1135,1091,151,663
1936,142893647,1145,1493,1137,1095,183,693
1937,142903647,1110,1463,1144,1099,212,729
1938,142913647,1029,1422,1146,1102,227,746
1939,142923647,916,1358,1152,1111,235,765
1940,142933647,790,1273,1153,1081,218,730
1941,142943647,650,1161,1160,1123,246,797
1942,142953647,476,995,1164,1126,243,810
1943,142963647,296,842,1165,1131,216,822
1944,142973647,114,694,1160,1140,185,825
1945,142983647,0,554,1153,1144,150,824
1946,142993647,0,407,1139,1119,84,788
1947,143003647,0,264,1119,1164,61,871
1948,143013647,0,150,1096,1172,25,879
1949,143023647,0,46,1062,1173,0,888
1950,143033647,0,0,1038,1163,0,888
1951,143043647,0,0,997,1146,0,867
1952,143053647,0,0,979,1127,0,811
1953,143063647,0,0,942,1081,0,737
1954,143073647,0,0,890,1040,0,653
1955,143083647,0,0,838,997,0,609
1956,143093647,0,0,759,936,0,476
1957,143103647,0,0,667,847,0,333
1958,143113647,0,0,574,739,0,199
1959,143123647,0,0,507,593,0,61
1960,143133647,0,0,443,483,0,0
1961,143143647,0,0,366,344,0,0
1962,143153647,0,0,342,263,0,0
1963,143163647,0,0,339,267,0,0
1964,143173647,0,0,320,246,0,0
1965,143183647,0,0,291,230,0,0
1966,143193647,0,0,262,204,0,0
1967,143203647,0,0,222,175,0,0
1968,143213647,0,0,172,151,0,0
1969,143223647,0,0,152,138,0,0
1970,143233647,0,2,140,133,0,0
1971,143243647,0,4,125,121,0,0
1972,143253647,0,0,107,116,0,0
1973,143263647,0,0,101,119,0,0
1974,143273647,0,0,98,121,0,0
1975,143283647,0,0,96,131,0,0
1976,143293647,0,0,102,140,0,0
1977,143303647,0,0,109,150,0,0
1978,143313647,0,0,115,168,0,0
1979,143323647,0,0,126,171,0,0
1980,143333647,0,0,115,173,0,0
1981,143343647,0,0,107,171,0,0
1982,143353647,0,0,113,170,0,0
1983,143363647,0,0,118,180,0,0
1984,143373647,0,0,118,175,0,0
1985,143383647,0,0,96,151,0,0
1986,143393647,0,0,88,132,0,0
1987,143403647,0,0,75,111,0,0
1988,143413647,0,0,55,94,0,0
1989,143423647,0,0,41,91,0,0
1990,143433647,0,0,30,89,0,0
1991,143443647,0,0,28,88,0,0
1992,143453647,0,0,28,89,0,0
1993,143463647,0,0,29,92,0,0
1994,143473647,0,0,37,97,0,0
1995,143483647,0,0,43,102,0,0
1996,143493647,0,0,67,89,0,0
1997,143503647,0,87,62,53,0,0
1998,143513647,67,375,69,39,0,0
1999,143523647,458,725,58,25,0,0
2000,143533647,813,949,88,15,0,0
2001,143543647,999,1081,83,7,0,0
2002,143553647,1110,1158,83,6,0,0
2003,143563647,1202,1244,95,24,0,0
2004,143573647,1291,1321,119,40,0,0
2005,143583647,1356,1371,144,58,0,4
2006,143593647,1394,1411,156,66,0,0
2007,143603647,1426,1439,167,92,0,0
2008,143613647,1453,1458,196,111,0,0
2009,143623647,1464,1482,216,129,0,0
2010,143633647,1481,1496,247,170,0,0
2011,143643647,1496,1512,306,228,0,0
2012,143653647,1517,1520,345,273,0,0
2013,143663647,1536,1534,378,331,0,0
2014,143673647,1551,1548,417,377,0,0
2015,143683647,1563,1558,452,417,0,50
2016,143693647,1567,1563,475,445,0,75
2017,143703647,1572,1571,507,470,0,136
2018,143713647,1578,1578,536,498,0,183
2019,143723647,1587,1581,561,506,0,223
2020,143733647,1591,1592,578,528,0,244
2021,143743647,1599,1594,587,540,0,255
2022,143753647,1608,1595,596,549,0,263
2023,143763647,1619,1603,601,551,0,264
2024,143773647,1624,1607,603,553,0,265
2025,143783647,1621,1611,609,556,0,268
2026,143793647,1637,1615,611,556,0,256
2027,143803647,1642,1618,611,553,0,233
2028,143813647,1646,1621,602,538,0,198
2029,143823647,1653,1621,587,528,0,171
2030,143833647,1658,1627,575,512,0,142
2031,143843647,1661,1631,566,502,0,121
2032,143853647,1665,1635,560,496,0,110
2033,143863647,1668,1634,558,494,0,103
2034,143873647,1671,1635,557,498,0,104
2035,143883647,1672,1635,553,496,0,81
2036,143893647,1674,1635,560,506,0,119
2037,143903647,1673,1634,557,516,0,116
2038,143913647,1677,1635,562,521,0,124
2039,143923647,1677,1637,569,530,0,133
2040,143933647,1677,1636,583,538,0,140
2041,143943647,1679,1634,589,546,0,146
2042,143953647,1677,1634,598,556,0,120
2043,143963647,1682,1636,603,568,0,166
2044,143973647,1682,1635,613,571,0,166
2045,143983647,1681,1636,620,584,0,174
2046,143993647,1680,1635,624,591,0,173
2047,144003647,1678,1633,631,596,0,182
2048,144013647,1678,1631,639,600,0,200
2049,144023647,1602,1626,652,612,0,201
2050,144033647,1677,1627,664,618,0,219
2051,144043647,1673,1624,672,629,0,234
2052,144053647,1671,1628,680,647,0,254
2053,144063647,1670,1613,688,659,0,261
2054,144073647,1664,1617,694,674,0,269
2055,144083647,1658,1612,705,691,0,277
2056,144093647,1661,1611,714,693,0,293
2057,144103647,1656,1608,722,702,0,296
2058,144113647,1655,1608,728,715,0,305
2059,144123647,1651,1602,739,723,0,333
2060,144133647,1650,1596,742,731,0,364
2061,144143647,1642,1591,755,740,0,409
2062,144153647,1565,1582,764,756,0,445
2063,144163647,1633,1580,775,763,0,480
2064,144173647,1627,1575,789,774,11,510
2065,144183647,1622,1567,799,787,25,530
2066,144193647,1612,1560,811,795,41,552
2067,144203647,1595,1548,822,812,70,569
2068,144213647,1582,1530,839,814,75,589
2069,144223647,1568,1517,852,834,84,604
2070,144233647,1552,1499,867,844,87,619
2071,144243647,1529,1476,881,865,99,633
2072,144253647,1499,1447,899,885,99,649
2073,144263647,1462,1404,909,904,118,667
2074,144273647,1405,1351,923,918,140,680
2075,144283647,1328,1282,934,934,166,691
2076,144293647,1245,1197,936,948,179,703
2077,144303647,1118,1085,926,950,195,726
2078,144313647,958,941,912,955,226,761
2079,144323647,750,775,890,957,246,797
2080,144333647,474,602,860,967,293,829
2081,144343647,212,412,739,950,310,834
2082,144353647,39,254,740,965,408,884
2083,144363647,0,183,586,952,427,906
2084,144373647,0,85,499,925,436,933
2085,144383647,0,18,453,876,410,943
2086,144393647,0,0,405,808,350,954
2087,144403647,0,0,358,723,269,971
2088,144413647,0,0,342,648,110,974
2089,144423647,0,0,313,529,6,956
2090,144433647,0,0,286,459,0,904
2091,144443647,0,0,267,393,0,769
2092,144453647,0,3,228,349,0,617
2093,144463647,0,22,198,293,0,459
2094,144473647,0,65,129,223,0,233
2095,144483647,0,71,135,171,0,54
2096,144493647,0,88,84,104,0,0
2097,144503647,0,84,59,70,0,0
2098,144513647,0,75,56,68,0,0
2099,144523647,0,68,53,61,0,0
2100,144533647,0,69,47,58,0,0
2101,144543647,0,68,36,57,0,0
2102,144553647,0,64,37,55,0,0
2103,144563647,0,57,39,58,0,0
2104,144573647,0,55,38,56,0,0
2105,144583647,0,51,37,62,0,0
2106,144593647,0,47,39,70,0,0
2107,144603647,0,36,40,76,0,0
2108,144613647,0,35,47,84,0,0
2109,144623647,0,29,43,91,0,0
2110,144633647,0,24,39,93,0,0
2111,144643647,0,21,40,104,0,0
2112,144653647,0,17,32,110,0,0
2113,144663647,0,6,29,114,0,0
2114,144673647,0,0,26,117,0,0
2115,144683647,0,0,22,113,0,0
2116,144693647,0,0,12,105,0,0
2117,144703647,0,0,4,101,0,0
2118,144713647,0,0,0,90,0,0
2119,144723647,0,0,1,87,0,0
2120,144733647,0,0,0,64,0,0
2121,144743647,0,0,0,72,0,0
2122,144753647,0,0,0,66,0,0
2123,144763647,0,0,0,65,0,0
2124,144773647,0,0,0,69,0,0
2125,144783647,0,0,0,71,0,0
2126,144793647,0,0,0,76,0,0
2127,144803647,0,0,0,81,0,0
2128,144813647,0,0,0,76,0,0
2129,144823647,0,0,0,78,0,0
2130,144833647,0,0,0,80,0,0
2131,144843647,0,0,0,77,0,0
2132,144853647,0,55,0,53,0,0
2133,144863647,0,149,0,33,0,0
2134,144873647,0,254,0,41,0,0
2135,144883647,48,399,0,29,0,0
2136,144893647,225,568,0,7,0,0
2137,144903647,436,738,0,6,0,0
2138,144913647,633,875,12,11,0,0
2139,144923647,790,976,6,9,0,0
2140,144933647,916,1071,8,18,0,0
2141,144943647,1056,1152,15,26,0,0
2142,144953647,1143,1219,55,47,0,0
2143,144963647,1211,1269,89,86,0,0
2144,144973647,1261,1314,142,132,0,0
2145,144983647,1297,1339,175,180,0,0
2146,144993647,1318,1359,235,202,0,0
2147,145003647,1318,1372,289,241,0,0
2148,145013647,1332,1385,330,287,0,18
2149,145023647,1368,1401,372,343,0,50
2150,145033647,1392,1422,420,377,0,83
2151,145043647,1414,1449,458,409,0,113
2152,145053647,1431,1459,485,442,0,126
2153,145063647,1401,1404,492,455,0,138
2154,145073647,1451,1485,564,514,0,144
2155,145083647,1459,1493,596,538,0,159
2156,145093647,1462,1499,617,570,0,180
2157,145103647,1466,1500,644,600,0,197
2158,145113647,1467,1505,662,619,0,217
2159,145123647,1472,1510,680,657,0,236
2160,145133647,1456,1414,657,628,0,252
2161,145143647,1486,1516,703,687,0,262
2162,145153647,1494,1527,728,713,0,280
2163,145163647,1500,1535,739,726,0,283
2164,145173647,1507,1547,749,748,0,302
2165,145183647,1510,1550,780,777,0,309
2166,145193647,1511,1546,806,804,0,313
2167,145203647,1470,1448,831,824,0,338
2168,145213647,1512,1556,857,850,0,360
2169,145223647,1513,1556,876,864,0,376
2170,145233647,1513,1556,892,875,0,404
2171,145243647,1512,1557,908,893,0,429
2172,145253647,1510,1556,923,907,0,456
2173,145263647,1506,1551,934,921,0,468
2174,145273647,1501,1545,947,942,0,484
2175,145283647,1494,1545,958,954,0,490
2176,145293647,1485,1538,971,966,0,505
2177,145303647,1470,1528,982,984,0,508
2178,145313647,1463,1519,992,999,0,515
2179,145323647,1452,1516,1004,1013,0,529
2180,145333647,1376,1503,1017,1029,0,528
2181,145343647,1433,1501,1036,1050,0,539
2182,145353647,1423,1491,1048,1059,0,549
2183,145363647,1406,1488,1065,1071,0,555
2184,145373647,1395,1481,1078,1091,0,556
2185,145383647,1382,1471,1096,1109,0,562
2186,145393647,1369,1462,1109,1128,0,568
2187,145403647,1356,1458,1118,1141,0,574
2188,145413647,1344,1450,1129,1156,0,577
2189,145423647,1333,1443,1130,1171,0,586
2190,145433647,1322,1435,1150,1183,0,590
2191,145443647,1319,1429,1159,1192,0,595
2192,145453647,1307,1419,1170,1199,0,597
2193,145463647,1300,1411,1175,1208,0,600
2194,145473647,1286,1402,1183,1214,0,604
2195,145483647,1274,1392,1189,1228,0,611
2196,145493647,1261,1382,1195,1236,0,615
2197,145503647,1245,1370,1199,1243,0,621
2198,145513647,1231,1351,1207,1252,5,629
2199,145523647,1209,1333,1213,1260,0,639
2200,145533647,1191,1320,1217,1269,0,645
2201,145543647,1178,1307,1226,1275,0,653
2202,145553647,1165,1295,1233,1282,0,663
2203,145563647,1146,1283,1237,1289,0,671
2204,145573647,1134,1271,1243,1296,0,677
2205,145583647,1117,1254,1247,1298,3,682
2206,145593647,1096,1241,1253,1304,9,692
2207,145603647,1075,1230,1255,1309,19,700
2208,145613647,1052,1210,1257,1315,20,712
2209,145623647,1029,1197,1263,1319,23,727
2210,145633647,997,1182,1275,1325,28,736
2211,145643647,970,1161,1274,1333,37,752
2212,145653647,933,1134,1281,1336,48,772
2213,145663647,888,1115,1287,1342,61,793
2214,145673647,849,1083,1290,1352,74,808
2215,145683647,805,1051,1297,1357,89,827
2216,145693647,757,1025,1302,1362,106,843
2217,145703647,687,990,1308,1367,139,864
2218,145713647,622,963,1308,1374,158,878
2219,145723647,552,0,1311,1382,178,889
2220,145733647,493,891,1314,1386,223,909
2221,145743647,414,855,1316,1390,258,927
2222,145753647,337,809,1318,1397,288,952
2223,145763647,250,759,1323,1402,322,981
2224,145773647,157,694,1323,1407,355,1002
2225,145783647,68,619,1324,1416,379,1032
2226,145793647,9,548,1323,1375,381,990
2227,145803647,0,468,1320,1423,436,1080
2228,145813647,0,371,1310,1426,478,1106
2229,145823647,0,252,1302,1429,479,1123
2230,145833647,0,153,1287,1437,478,1142
2231,145843647,0,73,1261,1425,481,1168
2232,145853647,0,1,1227,1419,480,1196
2233,145863647,0,0,1178,1402,476,1210
2234,145873647,0,0,1121,1388,479,1234
2235,145883647,0,0,1055,1368,473,1255
2236,145893647,0,0,973,1339,412,1275
2237,145903647,0,0,863,1303,347,1302
2238,145913647,0,0,744,1253,277,1321
2239,145923647,0,0,671,1182,203,1250
2240,145933647,0,0,608,1112,120,1380
2241,145943647,0,0,563,1058,42,1387
2242,145953647,0,0,534,1015,0,1367
2243,145963647,0,0,495,966,0,1352
2244,145973647,0,0,457,916,0,1308
2245,145983647,0,0,416,863,0,1254
2246,145993647,0,0,379,807,0,1197
2247,146003647,0,0,332,748,0,1148
2248,146013647,0,0,302,662,0,1050
2249,146023647,0,0,281,573,0,918
2250,146033647,0,0,267,492,0,761
2251,146043647,0,0,235,428,0,599
2252,146053647,0,0,205,364,0,379
2253,146063647,0,0,161,291,0,133
2254,146073647,0,0,113,201,0,0
2255,146083647,0,0,83,152,0,0
2256,146093647,0,0,89,154,0,3
2257,146103647,0,0,82,140,0,0
2258,146113647,0,0,43,124,0,0
2259,146123647,0,0,57,120,0,0
2260,146133647,0,0,44,109,0,0
2261,146143647,0,0,44,102,0,0
2262,146153647,0,0,42,110,0,0
2263,146163647,0,0,40,115,0,0
2264,146173647,0,0,51,126,0,0
2265,146183647,0,1,57,133,0,0
2266,146193647,0,0,61,137,0,0
2267,146203647,0,0,71,146,0,0
2268,146213647,0,0,80,155,0,0
2269,146223647,0,0,90,163,0,0
2270,146233647,0,0,103,173,0,0
2271,146243647,0,0,110,183,0,0
2272,146253647,0,0,117,191,0,0
2273,146263647,0,0,117,193,0,0
2274,146273647,0,0,122,200,0,0
2275,146283647,0,0,129,206,0,0
2276,146293647,0,0,134,209,0,0
2277,146303647,0,0,132,203,0,0
2278,146313647,0,0,121,188,0,0
2279,146323647,0,0,108,180,0,0
2280,146333647,0,0,93,171,0,0
2281,146343647,0,0,75,164,0,0
2282,146353647,0,0,61,151,0,0
2283,146363647,0,0,45,143,0,0
2284,146373647,0,0,31,133,0,0
2285,146383647,0,0,25,122,0,0
2286,146393647,0,0,10,105,0,0
2287,146403647,0,0,5,94,0,0
2288,146413647,0,0,1,85,0,0
2289,146423647,0,0,0,74,0,0
2290,146433647,0,0,0,76,0,0
2291,146443647,0,0,0,72,0,0
2292,146453647,0,0,0,73,0,0
2293,146463647,0,0,0,74,0,0
2294,146473647,0,0,0,80,0,0
2295,146483647,0,0,0,82,0,0
2296,146493647,0,0,1,80,0,0
2297,146503647,0,0,3,79,0,0
2298,146513647,0,0,10,75,0,0
2299,146523647,0,8,17,78,0,0
2300,146533647,0,77,16,80,0,0
2301,146543647,0,176,25,63,0,0
2302,146553647,28,315,38,44,0,0
2303,146563647,183,531,50,46,0,0
2304,146573647,403,697,51,51,0,0
2305,146583647,539,796,41,46,0,0
2306,146593647,638,863,41,46,0,0
2307,146603647,751,928,56,62,0,0
2308,146613647,850,995,76,88,0,0
2309,146623647,934,1049,98,103,0,0
2310,146633647,992,1085,132,137,0,0
2311,146643647,1028,1110,165,181,0,0
2312,146653647,1035,1111,186,204,0,0
2313,146663647,1012,1098,217,234,0,21
2314,146673647,997,1100,252,265,0,54
2315,146683647,1001,1108,289,290,0,76
2316,146693647,1020,1123,314,325,0,76
2317,146703647,1031,1141,360,369,0,140
2318,146713647,1066,1162,408,412,0,163
2319,146723647,1102,1188,459,471,0,205
2320,146733647,1142,1213,536,531,0,242
2321,146743647,1188,1254,590,590,0,268
2322,146753647,1221,1278,647,643,0,289
2323,146763647,1254,1302,692,686,0,297
2324,146773647,1273,1330,735,717,0,306
2325,146783647,1282,1351,774,745,0,312
2326,146793647,1304,1367,808,780,0,329
2327,146803647,1315,1380,853,811,0,348
2328,146813647,1323,1394,883,839,0,362
2329,146823647,1335,1407,913,872,0,380
2330,146833647,1349,1425,933,896,0,392
2331,146843647,1362,1434,948,915,0,404
2332,146853647,1374,1446,963,930,0,413
2333,146863647,1386,1456,974,946,0,421
2334,146873647,1398,1465,983,957,0,428
2335,146883647,1403,1478,908,954,0,410
2336,146893647,1422,1485,998,980,0,441
2337,146903647,1426,1491,1006,985,0,444
2338,146913647,1430,1494,1012,989,0,457
2339,146923647,1431,1497,1016,996,0,462
2340,146933647,1431,1499,1022,1000,0,470
2341,146943647,1437,1500,1021,1004,0,473
2342,146953647,1439,1499,1022,1004,0,477
2343,146963647,1440,1501,1026,1007,0,480
2344,146973647,1440,1501,1027,1009,0,481
2345,146983647,1440,1502,1026,1012,0,477
2346,146993647,1441,1501,1029,1015,0,470
2347,147003647,1437,1500,1026,1015,0,467
2348,147013647,1434,1498,1034,1018,0,459
2349,147023647,1431,1494,1041,1022,0,460
2350,147033647,1425,1489,1042,1028,0,463
2351,147043647,1419,1483,1045,1036,0,466
2352,147053647,1415,1479,1051,1042,0,467
2353,147063647,1408,1471,1059,1047,0,467
2354,147073647,1402,1469,1076,1051,0,461
2355,147083647,1397,1466,989,1041,0,440
2356,147093647,1397,1465,1081,1065,0,468
2357,147103647,1393,1459,1091,1072,0,475
2358,147113647,1386,1452,1102,1084,0,479
2359,147123647,1379,1445,1112,1099,0,494
2360,147133647,1366,1444,1120,1115,0,515
2361,147143647,1353,1424,1131,1128,0,541
2362,147153647,1338,1415,1140,1140,0,565
2363,147163647,1330,1402,1145,1148,0,587
2364,147173647,1322,1393,1154,1163,0,604
2365,147183647,1314,1387,1161,1173,0,617
2366,147193647,1304,1377,1169,1179,0,624
2367,147203647,1292,1367,1172,1187,4,636
2368,147213647,1278,1353,1177,1194,12,648
2369,147223647,1262,1334,1176,1202,24,657
2370,147233647,1249,1316,1184,1208,30,669
2371,147243647,1233,1299,1189,1214,44,682
2372,147253647,1211,1288,1194,1224,59,696
2373,147263647,1194,1269,1195,1226,69,709
2374,147273647,1176,1253,1197,1190,66,671
2375,147283647,1157,1246,1201,1236,101,732
2376,147293647,1143,1237,1199,1238,116,739
2377,147303647,1133,1224,1200,1239,120,741
2378,147313647,1122,1209,1199,1241,132,743
2379,147323647,1103,1195,1202,1241,143,748
2380,147333647,1082,1177,1202,1244,148,756
2381,147343647,1061,1145,1205,1248,168,764
2382,147353647,1039,1120,1205,1255,179,769
2383,147363647,1015,1092,1207,1253,186,779
2384,147373647,1001,1064,1205,1256,193,775
2385,147383647,989,1072,1207,1256,199,765
2386,147393647,972,1068,1207,1256,212,760
2387,147403647,939,1052,1205,1259,230,760
2388,147413647,879,993,1205,1260,243,764
2389,147423647,798,930,1205,1261,276,788
2390,147433647,675,0,1204,1272,310,808
2391,147443647,508,788,1195,1268,349,823
2392,147453647,291,664,1185,1263,405,848
2393,147463647,91,480,1166,1262,429,869
2394,147473647,1,284,1137,1257,476,890
2395,147483647,0,111,1098,1247,515,903
2396,147493647,0,0,1036,1236,547,919
2397,147503647,0,0,967,1221,568,940
2398,147513647,0,0,883,1192,586,970
2399,147523647,0,0,764,1120,573,941
2400,147533647,0,0,678,1094,584,1045
2401,147543647,0,0,596,1048,553,1088
2402,147553647,1,0,514,987,478,1131
2403,147563647,0,0,435,920,408,1187
2404,147573647,0,0,372,850,319,1231
2405,147583647,0,0,330,773,177,1231
2406,147593647,0,0,298,679,82,1236
2407,147603647,0,0,276,588,24,1197
2408,147613647,0,0,237,506,0,1139
2409,147623647,0,0,180,443,0,1066
2410,147633647,0,0,151,371,0,977
2411,147643647,0,0,118,320,0,848
2412,147653647,0,0,89,271,0,677
2413,147663647,0,0,65,217,0,455
2414,147673647,0,0,44,166,0,179
2415,147683647,0,0,25,110,0,0
2416,147693647,0,2,7,59,0,0
2417,147703647,0,2,4,59,0,0
2418,147713647,0,0,10,48,0,0
2419,147723647,0,0,14,60,0,0
2420,147733647,0,0,14,59,0,0
2421,147743647,0,0,15,67,0,0
2422,147753647,0,0,17,72,5,0
2423,147763647,0,8,20,75,0,0
2424,147773647,0,0,22,81,0,0
2425,147783647,0,0,25,84,0,0
2426,147793647,0,0,26,83,0,0
2427,147803647,0,0,27,84,0,0
2428,147813647,0,0,28,89,0,0
2429,147823647,0,0,33,89,0,0
2430,147833647,0,0,36,95,0,0
2431,147843647,0,0,11,92,0,0
2432,147853647,0,0,44,102,0,0
2433,147863647,0,2,51,105,0,0
2434,147873647,0,0,56,106,0,0
2435,147883647,0,0,58,114,0,0
2436,147893647,0,0,57,116,0,0
2437,147903647,0,0,57,109,0,0
2438,147913647,0,0,53,73,0,0
2439,147923647,0,0,58,112,0,0
2440,147933647,0,0,58,116,0,0
2441,147943647,0,0,61,114,0,0
2442,147953647,0,0,63,120,0,0
2443,147963647,0,0,63,122,0,0
2444,147973647,0,0,67,125,0,0
2445,147983647,0,0,61,122,0,0
2446,147993647,0,0,48,117,0,0
2447,148003647,0,0,40,110,0,0
2448,148013647,0,0,26,97,2,0
2449,148023647,0,0,20,92,0,0
2450,148033647,0,0,19,88,0,0
2451,148043647,0,0,5,72,0,0
2452,148053647,0,0,18,74,0,0
2453,148063647,0,0,19,86,0,0
2454,148073647,0,0,21,88,0,0
2455,148083647,0,0,21,89,0,0
2456,148093647,0,0,22,69,2,0
2457,148103647,0,3,21,52,0,0
2458,148113647,0,5,18,44,0,0
2459,148123647,0,25,11,38,0,0
2460,148133647,0,44,7,35,0,0
2461,148143647,0,75,6,26,0,0
2462,148153647,0,106,6,28,0,0
2463,148163647,0,180,11,23,0,0
2464,148173647,0,263,2,18,0,0
2465,148183647,25,380,23,22,0,0
2466,148193647,141,552,25,26,0,0
2467,148203647,303,706,33,23,0,0
2468,148213647,501,842,30,13,0,0
2469,148223647,694,960,40,19,0,0
2470,148233647,851,1061,52,29,0,0
2471,148243647,966,1131,38,40,0,0
2472,148253647,1040,1169,115,92,0,0
2473,148263647,1078,1189,168,147,0,0
2474,148273647,1110,1202,219,201,0,0
2475,148283647,1125,1221,276,257,0,11
2476,148293647,1140,1232,327,317,0,56
2477,148303647,1151,1243,380,375,0,101
2478,148313647,1129,1171,435,440,0,140
2479,148323647,1176,1278,497,488,0,174
2480,148333647,1196,1292,557,538,0,197
2481,148343647,1220,1310,600,581,0,214
2482,148353647,1238,1325,632,613,0,232
2483,148363647,1255,1338,664,649,0,247
2484,148373647,1269,1355,685,679,0,217
2485,148383647,1285,1366,714,700,0,268
2486,148393647,1295,1375,736,724,0,285
2487,148403647,1299,1380,754,748,0,301
2488,148413647,1302,1382,778,764,0,334
2489,148423647,1302,1385,794,783,0,355
2490,148433647,1303,1386,820,796,0,377
2491,148443647,1303,1389,850,813,0,404
2492,148453647,1303,1394,871,841,0,429
2493,148463647,1305,1396,891,859,0,449
2494,148473647,1307,1396,912,877,0,471
2495,148483647,1309,1400,926,892,0,489
2496,148493647,1314,1404,941,909,0,506
2497,148503647,1318,1410,955,925,0,529
2498,148513647,1320,1416,974,938,0,544
2499,148523647,1321,1417,986,952,0,554
2500,148533647,1323,1421,996,965,0,564
2501,148543647,1326,1427,1007,974,0,577
2502,148553647,1334,1432,1014,983,0,589
2503,148563647,1338,1437,1019,990,0,597
2504,148573647,1346,1442,1032,998,0,603
2505,148583647,1349,1443,1043,1004,0,610
2506,148593647,1341,1443,1051,1016,0,611
2507,148603647,1335,1441,1064,1033,0,618
2508,148613647,1321,1435,1076,1046,1,634
2509,148623647,1307,1426,1085,1058,12,652
2510,148633647,1291,1417,1098,1067,22,666
2511,148643647,1271,1403,1106,1079,37,683
2512,148653647,1250,1396,1108,1091,50,704
2513,148663647,1235,1387,1113,1099,58,715
2514,148673647,1222,1379,1121,1107,73,727
2515,148683647,1204,1368,1129,1115,85,741
2516,148693647,1190,1360,1137,1127,100,755
2517,148703647,1175,1350,1136,1144,110,760
2518,148713647,1159,1333,1147,1146,121,775
2519,148723647,1141,1323,1155,1157,136,792
2520,148733647,1128,1317,1160,1168,157,808
2521,148743647,1116,1308,1166,1178,179,828
2522,148753647,1104,1300,1171,1180,192,844
2523,148763647,1096,1289,1172,1149,178,803
2524,148773647,1087,1280,1176,1190,228,871
2525,148783647,1081,1275,1177,1193,245,887
2526,148793647,1076,1271,1179,1195,261,899
2527,148803647,1064,1259,1182,1196,295,912
2528,148813647,1049,1246,1181,1196,325,929
2529,148823647,1011,1228,1179,1201,352,938
2530,148833647,984,1208,1184,1203,376,951
2531,148843647,970,1191,1184,1202,392,962
2532,148853647,949,1177,1183,1204,409,968
2533,148863647,939,1162,1179,1203,424,978
2534,148873647,934,1148,1181,1202,438,985
2535,148883647,939,1147,1179,1199,445,989
2536,148893647,938,1137,1089,1180,413,953
2537,148903647,938,1146,1179,1197,471,993
2538,148913647,942,1160,1177,1193,477,995
2539,148923647,945,1162,1178,1190,477,993
2540,148933647,938,1172,1174,1187,488,993
2541,148943647,934,1177,1175,1185,493,996
2542,148953647,924,1181,1172,1183,518,1002
2543,148963647,912,1176,1171,1185,527,1006
2544,148973647,898,1162,1171,1184,543,1014
2545,148983647,880,1153,1172,1183,563,1016
2546,148993647,870,1144,1170,1180,567,1021
2547,149003647,871,1128,1170,1180,580,1031
2548,149013647,867,1129,1165,1180,587,1036
2549,149023647,858,1114,1163,1179,590,1043
2550,149033647,835,1080,1163,1180,606,1049
2551,149043647,802,1044,1157,1178,615,1053
2552,149053647,763,999,1152,1172,630,1063
2553,149063647,717,955,1142,1162,640,1063
2554,149073647,686,908,1130,1142,638,1062
2555,149083647,664,870,1106,1123,622,1047
2556,149093647,612,829,1077,1098,590,1017
2557,149103647,567,791,1043,1067,551,991
2558,149113647,484,729,999,1045,501,963
2559,149123647,350,644,964,1016,490,962
2560,149133647,175,520,921,999,495,971
2561,149143647,24,373,870,981,501,976
2562,149153647,0,233,786,959,524,967
2563,149163647,0,153,675,925,543,926
2564,149173647,0,92,559,873,566,917
2565,149183647,0,42,469,795,567,906
2566,149193647,0,9,410,701,557,892
2567,149203647,0,0,342,597,483,884
2568,149213647,0,0,305,484,388,847
2569,149223647,0,0,264,394,282,816
2570,149233647,0,0,203,325,130,730
2571,149243647,0,0,153,232,4,596
2572,149253647,0,0,123,176,0,480
2573,149263647,0,0,79,106,0,270
2574,149273647,0,2,42,69,0,99
2575,149283647,0,27,13,36,0,0
2576,149293647,0,56,2,20,0,0
2577,149303647,0,72,4,24,0,0
2578,149313647,0,76,8,34,0,0
2579,149323647,0,72,17,41,0,0
2580,149333647,0,74,38,56,0,0
2581,149343647,0,73,46,69,0,0
2582,149353647,0,76,58,84,0,0
2583,149363647,0,73,70,98,0,0
2584,149373647,0,73,81,104,0,0
2585,149383647,0,69,93,114,0,0
2586,149393647,0,48,82,98,0,0
2587,149403647,0,73,106,128,0,0
2588,149413647,0,72,108,132,0,0
2589,149423647,0,77,110,122,0,0
2590,149433647,0,74,109,112,0,0
2591,149443647,0,80,104,94,0,0
2592,149453647,0,77,99,81,0,0
2593,149463647,0,78,81,78,1,0
2594,149473647,0,80,73,78,0,0
2595,149483647,0,79,73,74,0,0
2596,149493647,0,79,75,75,0,0
2597,149503647,0,77,79,88,0,0
2598,149513647,0,71,80,85,0,0
2599,149523647,0,63,85,90,0,0
2600,149533647,0,58,86,94,0,0
2601,149543647,0,55,92,99,0,0
2602,149553647,0,52,93,99,0,0
2603,149563647,0,50,93,96,0,0
2604,149573647,0,48,87,97,0,0
2605,149583647,0,42,77,95,1,0
2606,149593647,0,37,76,89,0,0
2607,149603647,0,36,62,88,0,0
2608,149613647,0,28,56,84,0,0
2609,149623647,0,18,52,78,0,0
2610,149633647,0,11,40,65,0,0
2611,149643647,0,6,30,54,0,0
2612,149653647,0,8,23,44,0,0
2613,149663647,0,4,19,43,0,0
2614,149673647,0,0,20,45,0,0
2615,149683647,0,0,16,43,0,0
2616,149693647,0,0,17,45,0,0
2617,149703647,0,0,17,49,0,0
2618,149713647,0,0,14,49,0,0
2619,149723647,0,0,12,57,0,0
2620,149733647,0,0,12,54,0,0
2621,149743647,0,0,11,55,0,0
2622,149753647,0,0,3,50,0,0
2623,149763647,0,0,2,51,0,0
2624,149773647,0,0,0,47,0,0
2625,149783647,0,0,1,46,0,0
2626,149793647,0,0,2,49,1,0
2627,149803647,0,0,7,54,0,0
2628,149813647,0,0,12,59,0,0
2629,149823647,0,0,17,62,0,0
2630,149833647,0,0,17,71,0,0
2631,149843647,0,0,19,70,0,0
2632,149853647,0,0,19,69,0,0
2633,149863647,0,0,20,71,0,0
2634,149873647,0,0,21,72,0,0
2635,149883647,0,1,31,56,0,0
2636,149893647,0,73,32,47,0,0
2637,149903647,0,164,42,50,0,0
2638,149913647,0,253,39,55,0,0
2639,149923647,52,442,29,45,0,0
2640,149933647,237,634,38,42,0,0
2641,149943647,528,789,47,36,0,0
2642,149953647,715,892,56,34,0,0
2643,149963647,840,958,75,45,0,0
2644,149973647,849,985,108,76,0,0
2645,149983647,925,1000,177,129,0,0
2646,149993647,923,1003,282,233,0,0
2647,150003647,907,1002,374,358,0,0
2648,150013647,888,999,481,478,0,34
2649,150023647,876,999,590,570,0,132
2650,150033647,879,1010,677,683,0,258
2651,150043647,881,1016,751,762,0,366
2652,150053647,867,1018,821,843,0,479
2653,150063647,844,1016,889,909,0,574
2654,150073647,822,1010,932,953,11,669
2655,150083647,802,1004,959,995,67,746
2656,150093647,786,997,989,1033,104,804
2657,150103647,760,985,1009,1026,120,799
2658,150113647,742,982,1033,1094,182,886
2659,150123647,720,976,1049,1116,232,922
2660,150133647,702,969,1066,1135,281,949
2661,150143647,688,960,1081,1151,332,971
2662,150153647,674,954,1098,1174,379,996
2663,150163647,642,943,1120,1189,426,1018
2664,150173647,603,929,1127,1204,473,1046
2665,150183647,568,911,1141,1218,507,1065
2666,150193647,541,904,1149,1225,551,1086
2667,150203647,529,898,1160,1237,586,1105
2668,150213647,515,892,1165,1247,613,1115
2669,150223647,508,887,1171,1254,630,1127
2670,150233647,507,821,1136,1197,642,1134
2671,150243647,538,898,1178,1262,655,1136
2672,150253647,551,915,1180,1264,651,1129
2673,150263647,566,927,1184,1262,649,1127
2674,150273647,579,942,1189,1264,646,1126
2675,150283647,581,950,1183,1267,646,1128
2676,150293647,587,953,1191,1271,639,1127
2677,150303647,579,882,1154,1212,638,1126
2678,150313647,593,960,1195,1273,639,1126
2679,150323647,596,964,1198,1276,646,1127
2680,150333647,595,966,1199,1274,644,1128
2681,150343647,596,957,1202,1278,645,1129
2682,150353647,596,966,1204,1277,643,1127
2683,150363647,593,966,1204,1278,645,1127
2684,150373647,597,964,1206,1280,651,1126
2685,150383647,594,955,1207,1283,658,1126
2686,150393647,577,943,1209,1284,666,1127
2687,150403647,555,933,1210,1285,681,1128
2688,150413647,552,921,1212,1288,696,1126
2689,150423647,546,913,1211,1287,709,1125
2690,150433647,510,890,1212,1288,723,1128
2691,150443647,545,901,1213,1288,727,1126
2692,150453647,548,912,1211,1288,733,1123
2693,150463647,552,920,1211,1286,740,1126
2694,150473647,554,926,1215,1288,754,1125
2695,150483647,554,924,1214,1288,747,1126
2696,150493647,520,853,1206,1290,762,1128
2697,150503647,534,924,1218,1289,765,1130
2698,150513647,527,926,1215,1290,773,1130
2699,150523647,517,925,1218,1289,786,1130
2700,150533647,499,928,1217,1288,786,1128
2701,150543647,488,933,1215,1287,794,1130
2702,150553647,474,928,1215,1287,797,1131
2703,150563647,433,850,1205,1287,807,1134
2704,150573647,440,915,1215,1285,817,1140
2705,150583647,427,908,1212,1280,819,1143
2706,150593647,420,910,1211,1277,836,1143
2707,150603647,409,912,1210,1274,856,1153
2708,150613647,402,900,1210,1274,863,1161
2709,150623647,384,891,1210,1274,868,1165
2710,150633647,373,0,1211,1277,885,1168
2711,150643647,357,0,1213,1275,896,1176
2712,150653647,349,0,1212,1273,912,1179
2713,150663647,332,0,1212,1274,919,1183
2714,150673647,328,0,1212,1275,928,1190
2715,150683647,316,0,1213,1274,937,1193
2716,150693647,315,833,1211,1274,946,1198
2717,150703647,314,824,1213,1276,953,1203
2718,150713647,313,809,1215,1277,961,1208
2719,150723647,301,788,1214,1278,971,1206
2720,150733647,282,772,1216,1284,979,1210
2721,150743647,268,746,1215,1282,987,1215
2722,150753647,236,718,1123,1264,921,1175
2723,150763647,189,683,1211,1287,1000,1219
2724,150773647,153,644,1208,1286,1001,1224
2725,150783647,110,599,1202,1282,1008,1226
2726,150793647,57,556,1192,1275,1003,1227
2727,150803647,27,507,1178,1273,1004,1223
2728,150813647,4,447,1163,1258,998,1214
2729,150823647,0,335,1063,1223,998,1208
2730,150833647,0,271,1108,1234,994,1200
2731,150843647,0,187,1068,1213,989,1191
2732,150853647,0,0,1002,1191,988,1173
2733,150863647,0,53,925,1146,970,1134
2734,150873647,0,1,834,1090,949,1086
2735,150883647,0,0,704,1031,937,1085
2736,150893647,0,0,599,968,911,1077
2737,150903647,0,0,525,878,865,1055
2738,150913647,0,0,463,760,761,1017
2739,150923647,0,0,393,611,620,938
2740,150933647,0,0,332,502,461,850
2741,150943647,0,0,286,411,246,662
2742,150953647,0,0,243,326,77,395
2743,150963647,0,0,188,278,0,147
2744,150973647,0,0,140,202,0,0
2745,150983647,0,0,95,132,0,0
2746,150993647,0,0,56,85,0,0
2747,151003647,0,21,50,54,0,0
2748,151013647,0,39,43,53,0,0
2749,151023647,0,37,48,56,0,0
2750,151033647,0,40,56,66,0,0
2751,151043647,0,50,53,68,0,0
2752,151053647,0,57,60,78,0,0
2753,151063647,0,57,65,86,0,0
2754,151073647,0,58,69,94,0,0
2755,151083647,0,59,70,99,0,0
2756,151093647,0,58,67,99,0,0
2757,151103647,0,55,62,97,0,0
2758,151113647,0,52,60,92,0,0
2759,151123647,0,44,55,87,0,0
2760,151133647,0,38,46,78,0,0
2761,151143647,0,27,37,68,0,0
2762,151153647,0,26,20,60,0,0
2763,151163647,0,22,13,52,0,0
2764,151173647,0,17,12,46,0,0
2765,151183647,0,13,9,42,0,0
2766,151193647,0,11,7,41,0,0
2767,151203647,0,15,6,45,0,0
2768,151213647,0,8,7,46,0,0
2769,151223647,0,6,6,49,0,0
2770,151233647,0,0,9,56,0,0
2771,151243647,0,0,4,54,0,0
2772,151253647,0,0,3,63,0,0
2773,151263647,0,0,0,54,0,0
2774,151273647,0,0,0,54,0,0
2775,151283647,0,0,3,53,0,0
2776,151293647,0,0,0,50,0,1
2777,151303647,0,0,0,47,0,0
2778,151313647,0,0,0,39,0,0
2779,151323647,0,0,0,38,0,0
2780,151333647,0,0,0,36,0,0
2781,151343647,0,0,0,33,0,0
2782,151353647,0,0,0,28,0,0
2783,151363647,0,0,0,25,0,0
2784,151373647,0,0,0,22,0,0
2785,151383647,0,0,0,21,0,0
2786,151393647,0,0,0,19,0,0
2787,151403647,0,0,0,17,0,0
2788,151413647,0,0,0,21,0,1
2789,151423647,0,0,0,24,0,0
2790,151433647,0,0,0,28,0,0
2791,151443647,0,0,0,29,0,0
2792,151453647,0,0,0,30,0,0
2793,151463647,0,0,0,30,0,0
2794,151473647,0,0,0,29,0,0
2795,151483647,0,0,0,31,0,0
2796,151493647,0,0,0,37,0,0
2797,151503647,0,0,0,36,0,0
2798,151513647,0,0,0,39,0,0
2799,151523647,0,0,0,37,0,0
2800,151533647,0,0,0,35,0,0
2801,151543647,0,0,0,27,0,0
2802,151553647,0,77,0,25,0,0
2803,151563647,0,247,0,14,0,0
2804,151573647,61,453,0,2,0,0
2805,151583647,237,619,0,0,0,0
2806,151593647,409,739,0,0,0,0
2807,151603647,535,810,0,0,0,0
2808,151613647,615,874,0,0,0,0
2809,151623647,739,953,2,0,0,0
2810,151633647,853,1039,6,0,0,0
2811,151643647,974,1093,0,0,0,0
2812,151653647,1036,1137,7,13,0,0
2813,151663647,1071,1163,6,32,0,0
2814,151673647,1095,1177,59,52,0,0
2815,151683647,1099,1179,120,101,0,0
2816,151693647,1076,1163,158,153,0,0
2817,151703647,1041,1157,222,214,0,52
2818,151713647,1030,1143,294,272,0,146
2819,151723647,1010,1128,343,328,0,268
2820,151733647,1003,1122,399,378,0,399
2821,151743647,1004,1114,440,438,0,516
2822,151753647,1007,1112,481,468,0,595
2823,151763647,1016,1115,518,511,29,670
2824,151773647,1011,1107,547,549,95,743
2825,151783647,1015,1102,572,588,181,817
2826,151793647,1002,1101,593,630,283,905
2827,151803647,1000,1107,603,654,407,980
2828,151813647,1005,1111,611,678,505,1034
2829,151823647,1012,1117,616,705,607,1078
2830,151833647,1018,1127,629,718,680,1118
2831,151843647,1035,1144,650,734,743,1151
2832,151853647,1050,1161,664,750,797,1183
2833,151863647,1066,1185,680,763,842,1204
2834,151873647,1076,1201,709,779,875,1211
2835,151883647,1097,1222,736,794,903,1229
2836,151893647,1112,1245,769,821,916,1237
2837,151903647,1121,1257,809,854,907,1244
2838,151913647,1125,1264,844,888,889,0
2839,151923647,1123,1270,879,935,858,0
2840,151933647,1115,1272,919,971,810,0
2841,151943647,1105,1275,953,1001,760,0
2842,151953647,1095,1277,982,1034,712,1229
2843,151963647,1080,1276,1003,1061,684,1224
2844,151973647,1075,1275,1017,1083,656,1206
2845,151983647,1053,1273,1041,1106,633,1195
2846,151993647,1031,1272,1053,1122,628,1178
2847,152003647,1008,1268,1069,1141,613,1171
2848,152013647,987,1259,1080,1158,614,1159
2849,152023647,962,1252,1093,1171,610,1153
2850,152033647,937,1243,1105,1181,613,1145
2851,152043647,909,1233,1110,1155,577,1079
2852,152053647,875,1224,1115,1200,623,1139
2853,152063647,853,1212,1124,1213,648,1141
2854,152073647,823,1205,1127,1224,668,1145
2855,152083647,803,1194,1130,1229,688,1147
2856,152093647,787,1191,1131,1237,716,1155
2857,152103647,777,1182,1134,1237,731,1156
2858,152113647,766,1171,1136,1238,742,1165
2859,152123647,750,1167,1140,1242,762,1163
2860,152133647,740,1162,1142,1244,775,1167
2861,152143647,726,1152,1145,1250,787,1169
2862,152153647,705,1142,1146,1254,793,1173
2863,152163647,683,1130,1147,1257,805,1176
2864,152173647,644,1035,1113,1195,808,1184
2865,152183647,619,1099,1153,1260,828,1189
2866,152193647,597,1079,1154,1264,853,1195
2867,152203647,570,1055,1152,1266,883,1208
2868,152213647,558,1047,1148,1275,920,1219
2869,152223647,553,1041,1148,1265,944,1228
2870,152233647,550,1027,1143,1264,965,1237
2871,152243647,539,1013,1136,1261,995,1247
2872,152253647,519,998,1129,1254,1017,1254
2873,152263647,490,979,1125,1249,1058,1261
2874,152273647,456,961,1117,1251,1095,1270
2875,152283647,421,946,1111,1251,1129,1276
2876,152293647,370,924,1111,1254,1149,1288
2877,152303647,323,895,1110,1257,1171,1289
2878,152313647,279,868,1108,1259,1189,1294
2879,152323647,219,837,1102,1261,1203,1300
2880,152333647,170,808,1098,1267,1217,1304
2881,152343647,142,778,1098,1268,1225,1305
2882,152353647,109,743,1094,1269,1237,1312
2883,152363647,76,702,1093,1270,1241,1310
2884,152373647,41,621,1080,1274,1241,1307
2885,152383647,38,664,1089,1274,1219,1308
2886,152393647,31,658,1092,1274,1177,1299
2887,152403647,34,660,1091,1273,1121,1286
2888,152413647,40,657,1086,1274,1057,1271
2889,152423647,42,650,1083,1269,999,1256
2890,152433647,19,0,1075,1261,945,1244
2891,152443647,0,0,1052,1253,915,1246
2892,152453647,0,406,1020,1241,890,0
2893,152463647,0,272,988,1228,877,0
2894,152473647,0,180,937,1206,861,0
2895,152483647,0,88,872,1180,824,1301
2896,152493647,0,8,794,1147,788,1319
2897,152503647,0,0,668,1052,737,1341
2898,152513647,0,0,605,1061,640,1361
2899,152523647,0,0,520,994,502,1372
2900,152533647,0,0,445,910,365,1382
2901,152543647,0,0,406,849,243,1387
2902,152553647,0,0,374,812,107,1351
2903,152563647,0,0,343,746,27,1312
2904,152573647,0,0,330,687,0,1253
2905,152583647,0,0,308,622,0,1179
2906,152593647,0,0,290,566,0,1093
2907,152603647,0,0,264,489,0,987
2908,152613647,0,0,233,420,0,829
2909,152623647,0,0,202,350,0,618
2910,152633647,0,0,160,280,0,347
2911,152643647,0,0,121,208,0,98
2912,152653647,0,4,85,142,0,0
2913,152663647,0,2,66,87,0,3
2914,152673647,0,0,62,84,0,0
2915,152683647,0,0,58,81,0,0
2916,152693647,0,0,55,74,0,0
2917,152703647,0,0,44,57,0,0
2918,152713647,0,0,34,67,0,0
2919,152723647,0,0,27,64,0,0
2920,152733647,0,0,24,69,0,0
2921,152743647,0,0,25,70,0,0
2922,152753647,0,0,24,73,0,0
2923,152763647,0,0,28,79,0,0
2924,152773647,0,0,27,83,0,0
2925,152783647,0,0,37,90,0,0
2926,152793647,0,0,42,96,0,0
2927,152803647,0,0,48,107,0,0
2928,152813647,0,0,53,110,0,0
2929,152823647,0,0,53,121,0,0
2930,152833647,0,0,69,126,0,0
2931,152843647,0,0,74,134,0,0
2932,152853647,0,0,74,138,0,0
2933,152863647,0,0,58,138,0,2
2934,152873647,0,0,47,135,0,0
2935,152883647,0,0,30,121,0,0
2936,152893647,0,0,19,107,0,0
2937,152903647,0,0,10,93,0,0
2938,152913647,0,0,5,85,0,0
2939,152923647,0,0,0,76,0,0
2940,152933647,0,0,0,73,0,0
2941,152943647,0,0,0,69,0,0
2942,152953647,0,0,0,57,0,0
2943,152963647,0,0,0,53,0,0
2944,152973647,0,0,0,52,0,0
2945,152983647,2,0,0,54,0,0
2946,152993647,0,0,0,51,0,0
2947,153003647,0,0,0,52,0,0
2948,153013647,0,0,0,54,0,0
2949,153023647,0,0,0,53,0,0
2950,153033647,0,0,0,36,0,0
2951,153043647,0,0,0,54,0,0
2952,153053647,0,0,0,54,0,0
2953,153063647,0,0,0,55,3,0
2954,153073647,0,0,0,55,0,0
2955,153083647,0,0,0,58,0,0
2956,153093647,0,0,0,59,0,0
2957,153103647,0,0,0,51,0,0
2958,153113647,0,0,0,41,0,0
2959,153123647,0,0,0,28,0,0
2960,153133647,0,6,0,27,0,0
2961,153143647,0,64,0,22,0,0
2962,153153647,0,154,0,12,0,0
2963,153163647,28,282,0,11,0,0
2964,153173647,138,450,0,9,0,0
2965,153183647,300,588,0,0,0,0
2966,153193647,460,731,0,0,0,0
2967,153203647,624,841,0,5,0,0
2968,153213647,796,946,8,10,0,0
2969,153223647,935,1036,12,28,0,0
2970,153233647,1032,1105,39,47,0,0
2971,153243647,1093,1155,75,72,0,0
2972,153253647,1134,1184,109,102,0,0
2973,153263647,1148,1196,139,138,0,0
2974,153273647,1149,1198,164,171,0,0
2975,153283647,1142,1202,201,211,0,0
2976,153293647,1149,1206,232,240,0,38
2977,153303647,1124,1132,275,275,0,76
2978,153313647,1180,1235,311,329,0,131
2979,153323647,1212,1253,341,361,0,155
2980,153333647,1236,1278,372,383,0,175
2981,153343647,1265,1303,409,408,0,196
2982,153353647,1298,1326,434,435,0,216
2983,153363647,1325,1352,466,473,0,232
2984,153373647,1353,1379,507,492,0,248
2985,153383647,1373,1399,546,507,0,263
2986,153393647,1382,1421,568,538,0,267
2987,153403647,1399,1436,594,564,0,274
2988,153413647,1408,1447,617,589,0,282
2989,153423647,1420,1456,635,603,0,296
2990,153433647,1428,1468,661,625,0,302
2991,153443647,1433,1478,671,642,0,309
2992,153453647,1445,1490,685,657,0,325
2993,153463647,1455,1498,702,666,0,335
2994,153473647,1468,1508,713,680,0,351
2995,153483647,1483,1518,722,689,0,354
2996,153493647,1498,1528,732,700,0,301
2997,153503647,1506,1546,748,718,0,347
2998,153513647,1515,1557,765,734,0,346
2999,153523647,1525,1566,784,754,0,341
3000,153533647,1530,1576,793,766,0,334
3001,153543647,1541,1583,813,779,0,320
3002,153553647,1544,1588,836,791,0,307
3003,153563647,1476,1591,856,809,0,297
3004,153573647,1554,1599,869,823,0,303
3005,153583647,1556,1600,878,839,0,301
3006,153593647,1558,1605,894,854,0,299
3007,153603647,1558,1605,907,861,0,293
3008,153613647,1558,1608,919,876,3,294
3009,153623647,1556,1609,926,886,0,287
3010,153633647,1552,1608,934,894,0,277
3011,153643647,1546,1606,943,902,0,267
3012,153653647,1540,1604,949,910,0,274
3013,153663647,1529,1599,953,924,0,262
3014,153673647,1523,1592,959,921,0,267
3015,153683647,1513,1587,968,932,0,281
3016,153693647,1505,1581,980,942,0,280
3017,153703647,1492,1575,990,955,0,296
3018,153713647,1482,1570,997,968,0,295
3019,153723647,1469,1563,1007,981,0,309
3020,153733647,1459,1558,1012,989,0,314
3021,153743647,1449,1553,1019,998,0,332
3022,153753647,1442,1547,1036,1012,0,332
3023,153763647,1433,1540,1052,1027,0,354
3024,153773647,1423,1528,1064,1038,0,359
3025,153783647,1411,1525,1078,1049,0,372
3026,153793647,1395,1517,1087,1062,0,384
3027,153803647,1380,1511,1101,1079,0,400
3028,153813647,1372,1503,1111,1096,0,421
3029,153823647,1364,1496,1121,1109,0,431
3030,153833647,1354,1491,1130,1117,0,442
3031,153843647,1341,1481,1143,1128,0,454
3032,153853647,1333,1479,1143,1139,0,471
3033,153863647,1324,1468,1149,1146,0,485
3034,153873647,1315,1459,1156,1158,4,495
3035,153883647,1304,1450,1165,1168,3,508
3036,153893647,1289,1441,1171,1177,3,530
3037,153903647,1272,1431,1177,1189,8,541
3038,153913647,1256,1416,1183,1195,20,554
3039,153923647,1239,1401,1183,1203,25,568
3040,153933647,1224,1390,1190,1208,34,574
3041,153943647,1190,1282,1169,1146,23,584
3042,153953647,1195,1367,1200,1225,51,596
3043,153963647,1182,1354,1203,1231,55,602
3044,153973647,1170,1336,1208,1237,61,612
3045,153983647,1148,1324,1211,1241,75,618
3046,153993647,1128,1308,1213,1247,85,629
3047,154003647,1111,1297,1213,1255,96,637
3048,154013647,1092,1279,1223,1258,102,649
3049,154023647,1070,1267,1227,1263,105,661
3050,154033647,1051,1252,1226,1269,120,665
3051,154043647,1035,1237,1232,1274,142,670
3052,154053647,1011,1212,1233,1281,151,679
3053,154063647,989,1194,1238,1286,169,692
3054,154073647,966,1178,1241,1294,184,701
3055,154083647,926,1157,1249,1300,210,723
3056,154093647,876,1126,1252,1303,238,731
3057,154103647,814,1083,1254,1315,270,750
3058,154113647,735,1041,1257,1318,301,773
3059,154123647,662,987,1263,1327,339,795
3060,154133647,580,941,1266,1337,378,811
3061,154143647,484,890,1270,1344,411,840
3062,154153647,371,827,1272,1351,462,861
3063,154163647,272,473,1274,1355,503,884
3064,154173647,161,697,1277,1363,541,925
3065,154183647,63,615,1276,1367,600,956
3066,154193647,0,500,1275,1373,652,990
3067,154203647,0,407,1273,1380,698,1022
3068,154213647,0,284,1268,1385,738,1047
3069,154223647,0,151,1258,1388,770,1067
3070,154233647,0,48,1233,1387,797,1098
3071,154243647,0,0,1192,1386,820,1117
3072,154253647,0,0,1139,1374,844,1140
3073,154263647,0,0,1069,1355,856,1089
3074,154273647,0,0,986,1342,892,1216
3075,154283647,0,0,920,1316,915,1253
3076,154293647,0,0,826,1276,917,1292
3077,154303647,0,0,710,1238,888,1331
3078,154313647,0,0,607,1186,841,1367
3079,154323647,0,0,540,1123,752,1391
3080,154333647,0,0,449,1053,634,1420
3081,154343647,0,0,414,994,496,1439
3082,154353647,0,0,377,949,327,1433
3083,154363647,0,0,349,885,178,1431
3084,154373647,0,0,325,825,74,1391
3085,154383647,0,0,305,759,9,1315
3086,154393647,0,0,278,674,0,1172
3087,154403647,0,0,244,637,0,1147
3088,154413647,0,0,218,566,0,1044
3089,154423647,0,0,183,490,0,902
3090,154433647,0,0,149,429,0,744
3091,154443647,0,0,122,370,0,544
3092,154453647,0,0,103,290,0,251
3093,154463647,0,0,90,256,0,18
3094,154473647,0,0,55,170,0,0
3095,154483647,0,0,27,121,0,0
3096,154493647,0,0,21,111,0,0
3097,154503647,0,0,14,102,0,0
3098,154513647,0,0,16,89,0,0
3099,154523647,0,0,11,72,0,0
3100,154533647,0,0,4,72,0,0
3101,154543647,0,0,4,76,0,0
3102,154553647,0,0,3,81,0,0
3103,154563647,0,0,5,84,0,0
3104,154573647,0,0,7,97,0,0
3105,154583647,0,0,9,99,0,0
3106,154593647,0,0,12,110,0,0
3107,154603647,0,0,11,117,0,0
3108,154613647,0,0,17,120,0,0
3109,154623647,0,0,17,124,0,0
3110,154633647,0,0,19,133,0,0
3111,154643647,0,0,19,128,0,0
3112,154653647,0,0,18,124,0,0
3113,154663647,0,0,17,127,0,0
3114,154673647,0,0,17,120,0,0
3115,154683647,0,0,13,116,0,0
3116,154693647,0,0,7,111,0,0
3117,154703647,0,0,1,106,0,0
3118,154713647,0,0,0,97,0,0
3119,154723647,0,0,0,102,0,0
3120,154733647,0,0,0,101,0,0
3121,154743647,0,0,0,107,0,0
3122,154753647,0,0,0,117,0,0
3123,154763647,0,0,0,122,0,0
3124,154773647,0,0,0,127,0,0
3125,154783647,0,0,0,130,0,0
3126,154793647,0,0,0,120,0,0
3127,154803647,0,0,0,94,0,0
3128,154813647,0,0,0,80,0,0
3129,154823647,0,0,0,58,0,0
3130,154833647,0,0,0,46,0,0
3131,154843647,0,0,0,41,0,0
3132,154853647,0,0,0,28,0,0
3133,154863647,0,0,0,22,0,0
3134,154873647,0,0,0,22,0,0
3135,154883647,0,0,0,20,0,0
3136,154893647,0,0,0,9,0,0
3137,154903647,0,4,0,4,0,0
3138,154913647,0,51,0,7,0,0
3139,154923647,0,146,0,6,0,0
3140,154933647,12,336,0,1,0,0
3141,154943647,184,603,0,1,0,0
3142,154953647,559,835,0,3,0,0
3143,154963647,853,1004,4,20,0,0
3144,154973647,1024,1093,61,74,0,0
3145,154983647,1089,1125,113,107,0,0
3146,154993647,1107,1143,142,143,0,0
3147,155003647,1125,1170,199,186,0,34
3148,155013647,1143,1188,239,222,0,69
3149,155023647,1158,1209,293,260,0,100
3150,155033647,1180,1232,328,305,0,141
3151,155043647,1207,1248,359,343,0,170
3152,155053647,1231,1264,398,366,0,188
3153,155063647,1246,1277,429,391,0,222
3154,155073647,1271,1299,449,413,0,238
3155,155083647,1299,1316,474,422,5,266
3156,155093647,1318,1335,496,448,0,285
3157,155103647,1337,1356,527,472,0,309
3158,155113647,1354,1370,554,501,0,330
3159,155123647,1366,1380,586,534,0,356
3160,155133647,1373,1387,615,566,0,381
3161,155143647,1377,1389,636,596,0,427
3162,155153647,1379,1391,670,618,0,470
3163,155163647,1382,1399,691,642,0,506
3164,155173647,1389,1403,709,660,0,541
3165,155183647,1402,1414,724,667,0,565
3166,155193647,1415,1422,734,679,0,586
3167,155203647,1427,1427,741,692,0,604
3168,155213647,1434,1434,752,699,0,623
3169,155223647,1439,1438,764,710,4,639
3170,155233647,1440,1441,779,719,2,660
3171,155243647,1437,1439,790,729,9,677
3172,155253647,1434,1437,798,742,22,695
3173,155263647,1431,1436,809,752,38,713
3174,155273647,1425,1431,821,760,52,728
3175,155283647,1420,1426,830,769,75,743
3176,155293647,1413,1422,839,778,82,752
3177,155303647,1405,1416,847,790,94,756
3178,155313647,1399,1414,856,796,97,764
3179,155323647,1391,1405,864,803,99,776
3180,155333647,1383,1399,869,807,104,779
3181,155343647,1377,1397,875,820,103,788
3182,155353647,1372,1392,880,825,107,789
3183,155363647,1369,1388,887,828,108,791
3184,155373647,1367,1388,888,841,111,791
3185,155383647,1364,1386,892,848,109,791
3186,155393647,1363,1386,904,858,111,790
3187,155403647,1363,1387,913,867,108,791
3188,155413647,1364,1388,917,871,104,790
3189,155423647,1365,1388,922,881,97,786
3190,155433647,1367,1391,927,888,91,780
3191,155443647,1369,1392,932,893,84,774
3192,155453647,1372,1395,933,903,76,766
3193,155463647,1373,1396,939,907,73,764
3194,155473647,1373,1395,948,917,74,760
3195,155483647,1376,1395,950,921,76,763
3196,155493647,1373,1394,954,926,82,765
3197,155503647,1377,1397,957,930,86,765
3198,155513647,1375,1394,959,933,93,767
3199,155523647,1374,1391,959,934,102,769
3200,155533647,1373,1390,966,938,102,778
3201,155543647,1370,1388,967,940,115,770
3202,155553647,1369,1383,970,945,123,697
3203,155563647,1365,1381,976,951,127,0
3204,155573647,1363,1375,976,953,139,0
3205,155583647,1355,1371,979,957,151,0
3206,155593647,1350,1365,981,962,164,0
3207,155603647,1343,1358,984,965,183,0
3208,155613647,1335,1350,987,967,198,0
3209,155623647,1294,1250,983,970,212,0
3210,155633647,1322,1337,992,975,222,0
3211,155643647,1319,1327,994,980,230,0
3212,155653647,1313,1325,996,981,244,0
3213,155663647,1307,1318,997,983,251,0
3214,155673647,1300,1307,997,986,270,0
3215,155683647,1287,1296,998,955,264,763
3216,155693647,1270,1291,1002,993,316,839
3217,155703647,1260,1279,1005,998,343,848
3218,155713647,1253,1270,1010,1005,365,860
3219,155723647,1243,1260,1016,1012,388,871
3220,155733647,1236,1250,1026,1018,413,880
3221,155743647,1219,1238,1033,999,391,846
3222,155753647,1197,1231,1040,1044,450,918
3223,155763647,1175,1211,1046,1053,474,935
3224,155773647,1134,1181,1048,1060,513,978
3225,155783647,1088,1152,1051,1070,552,1004
3226,155793647,1048,1117,1057,1079,591,1046
3227,155803647,990,1082,1059,1089,633,1074
3228,155813647,925,1036,1062,1098,672,1109
3229,155823647,855,980,1062,1108,726,1144
3230,155833647,750,927,1061,1113,752,1177
3231,155843647,652,871,1054,1119,787,1200
3232,155853647,540,808,1051,1128,807,1226
3233,155863647,416,735,1041,1128,826,1239
3234,155873647,286,663,1025,1132,840,1250
3235,155883647,154,574,1007,1140,855,1270
3236,155893647,27,449,990,1143,870,1292
3237,155903647,0,305,971,1151,911,0
3238,155913647,0,173,934,1157,967,0
3239,155923647,0,95,877,1155,1002,0
3240,155933647,0,8,796,1150,1038,0
3241,155943647,0,0,717,1141,1047,0
3242,155953647,0,0,645,1117,1016,1450
3243,155963647,0,0,571,1082,938,1475
3244,155973647,0,0,503,1038,838,1501
3245,155983647,0,0,460,1002,713,1525
3246,155993647,0,0,422,953,573,1545
3247,156003647,0,0,397,919,428,1547
3248,156013647,0,0,398,892,271,1528
3249,156023647,0,0,397,853,141,1486
3250,156033647,0,0,377,805,58,1429
3251,156043647,0,0,360,752,0,1337
3252,156053647,0,0,338,702,0,1263
3253,156063647,0,0,310,645,0,1193
3254,156073647,0,0,273,564,0,1103
3255,156083647,0,0,222,489,0,968
3256,156093647,0,0,173,430,0,816
3257,156103647,2,0,147,380,0,650
3258,156113647,0,0,132,329,0,473
3259,156123647,0,0,113,280,0,250
3260,156133647,0,0,97,216,0,56
3261,156143647,0,0,61,136,0,0
3262,156153647,0,0,55,98,0,0
3263,156163647,0,0,58,105,0,0
3264,156173647,0,0,58,100,0,0
3265,156183647,0,0,53,89,0,0
3266,156193647,0,0,42,84,0,0
3267,156203647,0,0,38,78,0,0
3268,156213647,0,0,29,80,0,0
3269,156223647,0,0,34,86,0,0
3270,156233647,0,0,39,93,0,0
3271,156243647,0,0,43,109,0,0
3272,156253647,0,0,50,119,0,0
3273,156263647,0,0,57,131,0,0
3274,156273647,0,0,60,140,0,0
3275,156283647,0,0,72,145,0,0
3276,156293647,0,0,90,155,0,0
3277,156303647,0,0,89,169,0,0
3278,156313647,0,0,99,178,0,0
3279,156323647,0,0,108,182,0,0
3280,156333647,0,0,111,186,0,0
3281,156343647,0,0,119,191,0,0
3282,156353647,0,0,123,198,0,0
3283,156363647,0,0,133,202,0,0
3284,156373647,0,0,133,199,0,0
3285,156383647,0,0,133,201,0,0
3286,156393647,0,0,122,191,0,0
3287,156403647,0,0,104,188,0,0
3288,156413647,0,0,94,178,0,0
3289,156423647,0,0,78,168,0,0
3290,156433647,0,0,63,152,2,0
3291,156443647,0,0,41,118,0,0
3292,156453647,0,0,34,125,0,0
3293,156463647,0,0,21,117,0,0
3294,156473647,0,0,20,103,0,0
3295,156483647,0,0,17,92,0,0
3296,156493647,0,0,10,88,0,0
3297,156503647,0,0,6,70,0,0
3298,156513647,0,0,10,60,0,0
3299,156523647,0,21,11,44,0,0
3300,156533647,0,80,8,36,0,0
3301,156543647,0,189,13,28,0,0
3302,156553647,39,330,17,21,0,0
3303,156563647,169,505,23,21,0,0
3304,156573647,343,672,2,14,0,0
3305,156583647,486,785,21,10,0,0
3306,156593647,624,867,19,6,0,0
3307,156603647,763,951,19,2,0,0
3308,156613647,853,1008,19,6,0,0
3309,156623647,931,1045,19,8,0,0
3310,156633647,971,1064,27,11,0,0
3311,156643647,992,1069,25,17,0,0
3312,156653647,1001,1074,33,24,0,0
3313,156663647,1015,1080,42,36,0,0
3314,156673647,1041,1096,72,56,0,0
3315,156683647,1064,1106,94,90,0,0
3316,156693647,1082,1115,123,111,0,3
3317,156703647,1053,1064,124,119,0,4
3318,156713647,1098,1131,170,157,0,45
3319,156723647,1110,1142,188,187,0,68
3320,156733647,1129,1157,211,209,0,116
3321,156743647,1147,1171,231,229,0,161
3322,156753647,1165,1181,253,240,0,190
3323,156763647,1176,1193,270,249,0,228
3324,156773647,1178,1192,294,265,0,263
3325,156783647,1175,1184,316,280,0,293
3326,156793647,1174,1189,321,299,0,325
3327,156803647,1177,1196,337,324,0,361
3328,156813647,1178,1223,351,344,0,381
3329,156823647,1181,1244,370,356,0,406
3330,156833647,1187,1261,394,377,0,428
3331,156843647,1192,1275,403,394,0,454
3332,156853647,1201,1293,425,413,0,477
3333,156863647,1223,1305,442,420,0,498
3334,156873647,1232,1318,463,438,0,515
3335,156883647,1243,1329,486,460,0,547
3336,156893647,1248,1341,507,478,0,574
3337,156903647,1260,1355,541,514,0,587
3338,156913647,1273,1368,563,547,0,606
3339,156923647,1287,1383,585,564,0,615
3340,156933647,1310,1398,611,590,0,625
3341,156943647,1322,1414,633,616,0,617
3342,156953647,1336,1431,664,635,0,600
3343,156963647,1350,1445,685,659,0,566
3344,156973647,1360,1464,700,676,0,485
3345,156983647,1369,1476,725,693,0,520
3346,156993647,1384,1486,743,710,0,489
3347,157003647,1387,1498,763,728,0,479
3348,157013647,1393,1511,788,751,0,459
3349,157023647,1402,1519,803,768,0,432
3350,157033647,1408,1532,823,784,0,419
3351,157043647,1418,1543,842,796,0,398
3352,157053647,1422,1550,856,808,0,375
3353,157063647,1427,1558,865,820,0,364
3354,157073647,1430,1563,875,830,0,351
3355,157083647,1435,1568,888,843,0,342
3356,157093647,1435,1569,902,858,0,341
3357,157103647,1436,1572,907,869,0,343
3358,157113647,1431,1568,919,878,0,346
3359,157123647,1429,1563,927,891,0,360
3360,157133647,1428,1561,934,905,0,369
3361,157143647,1426,1556,939,912,0,382
3362,157153647,1418,1551,943,919,0,398
3363,157163647,1410,1545,947,925,0,413
3364,157173647,1387,1440,918,883,0,436
3365,157183647,1403,1531,953,937,2,461
3366,157193647,1400,1527,961,941,11,484
3367,157203647,1396,1528,965,949,17,497
3368,157213647,1388,1516,968,953,22,510
3369,157223647,1379,1519,974,963,25,530
3370,157233647,1384,1518,982,972,25,539
3371,157243647,1380,1515,989,979,28,551
3372,157253647,1379,1513,994,981,35,558
3373,157263647,1376,1512,1000,992,36,564
3374,157273647,1369,1510,1007,1000,36,566
3375,157283647,1364,1505,1016,1009,38,576
3376,157293647,1353,1499,1029,1015,43,590
3377,157303647,1281,1490,1039,1024,47,602
3378,157313647,1334,1491,1048,1040,53,609
3379,157323647,1326,1486,1058,1054,59,614
3380,157333647,1320,1482,1069,1063,51,614
3381,157343647,1316,1481,1076,1074,43,619
3382,157353647,1310,1478,1084,1083,38,620
3383,157363647,1303,1474,1095,1097,34,620
3384,157373647,1291,1468,1101,1107,30,622
3385,157383647,1281,1468,1110,1115,28,623
3386,157393647,1266,1464,1116,1124,28,626
3387,157403647,1259,1463,1124,1134,25,627
3388,157413647,1255,1462,1130,1141,22,620
3389,157423647,1257,1463,1135,1146,11,614
3390,157433647,1257,1465,1139,1152,1,596
3391,157443647,1263,1468,1139,1151,0,556
3392,157453647,1276,1475,1139,1151,1,506
3393,157463647,1292,1484,1140,1151,0,459
3394,157473647,1296,1488,1142,1154,0,447
3395,157483647,1298,1490,1147,1160,0,460
3396,157493647,1292,1480,1157,1126,0,436
3397,157503647,1276,1481,1165,1176,0,490
3398,157513647,1259,1480,1173,1184,0,500
3399,157523647,1247,1469,1178,1193,0,508
3400,157533647,1233,1465,1185,1201,0,529
3401,157543647,1218,1462,1191,1206,0,534
3402,157553647,1206,1458,1195,1215,5,541
3403,157563647,1191,1450,1202,1226,6,548
3404,157573647,1162,1445,1209,1234,16,556
3405,157583647,1120,1433,1215,1242,24,573
3406,157593647,1070,1412,1225,1249,43,587
3407,157603647,1035,1385,1231,1253,70,603
3408,157613647,984,1358,1236,1264,89,617
3409,157623647,939,1326,1241,1271,105,628
3410,157633647,901,1301,1249,1284,123,649
3411,157643647,848,1267,1256,1289,153,662
3412,157653647,779,1228,1264,1300,184,683
3413,157663647,697,1170,1280,1303,216,700
3414,157673647,601,1082,1274,1311,246,730
3415,157683647,492,0,1280,1321,290,755
3416,157693647,361,892,1285,1328,338,775
3417,157703647,205,802,1290,1335,371,787
3418,157713647,69,695,1290,1339,400,810
3419,157723647,0,570,1295,1351,425,820
3420,157733647,0,430,1294,1354,432,828
3421,157743647,0,284,1291,1361,435,847
3422,157753647,0,141,1288,1365,427,866
3423,157763647,0,12,1275,0,414,889
3424,157773647,0,0,1258,1369,406,922
3425,157783647,0,0,1225,1371,370,946
3426,157793647,0,0,1188,1369,320,971
3427,157803647,0,0,1137,1358,263,988
3428,157813647,0,0,1078,1340,201,1009
3429,157823647,0,0,993,1309,130,1022
3430,157833647,0,0,918,1267,53,1034
3431,157843647,0,0,868,1207,0,1047
3432,157853647,0,0,822,1146,0,1036
3433,157863647,0,0,798,1099,0,997
3434,157873647,0,0,747,1040,0,942
3435,157883647,0,0,701,982,0,893
3436,157893647,0,0,632,928,0,816
3437,157903647,0,0,561,844,0,692
3438,157913647,0,0,497,775,0,567
3439,157923647,0,0,435,683,0,464
3440,157933647,0,0,378,584,0,350
3441,157943647,0,0,337,485,0,198
3442,157953647,0,0,306,397,0,34
3443,157963647,0,0,295,330,0,0
3444,157973647,0,0,255,228,0,0
3445,157983647,0,0,190,164,0,0
3446,157993647,0,0,189,165,0,0
3447,158003647,0,0,186,171,0,0
3448,158013647,0,0,179,170,0,0
3449,158023647,0,0,164,171,0,0
3450,158033647,0,0,147,157,0,0
3451,158043647,0,0,128,146,0,0
3452,158053647,0,0,111,128,0,0
3453,158063647,0,0,103,131,0,0
3454,158073647,0,0,102,126,0,0
3455,158083647,0,0,69,122,0,0
3456,158093647,0,0,92,140,0,0
3457,158103647,0,0,93,138,0,0
3458,158113647,0,0,94,139,0,0
3459,158123647,0,0,89,138,0,0
3460,158133647,0,0,97,141,0,0
3461,158143647,0,0,107,159,0,0
3462,158153647,0,0,117,172,0,0
3463,158163647,0,0,123,187,0,0
3464,158173647,0,0,136,192,0,0
3465,158183647,0,0,141,197,0,0
3466,158193647,0,0,146,202,0,0
3467,158203647,0,0,155,202,0,0
3468,158213647,0,0,151,196,0,0
3469,158223647,0,0,139,185,0,0
3470,158233647,0,0,122,165,0,0
3471,158243647,0,0,109,154,0,0
3472,158253647,0,0,91,146,0,0
3473,158263647,0,0,77,150,0,0
3474,158273647,0,0,70,149,0,0
3475,158283647,0,0,58,148,0,0
3476,158293647,0,0,59,149,0,0
3477,158303647,0,0,56,150,0,0
3478,158313647,0,0,50,145,0,0
3479,158323647,0,0,42,138,0,0
3480,158333647,0,0,44,115,0,0
3481,158343647,0,0,50,76,0,0
3482,158353647,0,54,42,60,0,0
3483,158363647,0,150,40,46,0,0
3484,158373647,89,341,42,36,0,0
3485,158383647,314,603,56,24,0,0
3486,158393647,565,809,71,21,0,0
3487,158403647,753,949,72,13,4,0
3488,158413647,874,1047,59,3,0,0
3489,158423647,989,1127,60,1,0,0
3490,158433647,1081,1197,72,6,0,0
3491,158443647,1150,1250,82,15,0,0
3492,158453647,1202,1287,87,22,0,0
3493,158463647,1242,1311,100,28,0,0
3494,158473647,1265,1333,119,40,0,0
3495,158483647,1258,1257,119,31,0,0
3496,158493647,1297,1362,154,67,0,0
3497,158503647,1313,1380,204,119,0,0
3498,158513647,1323,1393,283,188,0,0
3499,158523647,1333,1407,314,251,0,0
3500,158533647,1349,1426,375,297,0,0
3501,158543647,1366,1436,420,340,0,0
3502,158553647,1378,1449,468,381,0,24
3503,158563647,1385,1465,522,424,0,45
3504,158573647,1394,1475,560,458,0,73
3505,158583647,1405,1480,602,492,0,96
3506,158593647,1414,1485,635,534,0,136
3507,158603647,1414,1489,666,562,0,162
3508,158613647,1418,1493,693,610,0,186
3509,158623647,1419,1493,730,642,0,218
3510,158633647,1422,1497,754,667,0,239
3511,158643647,1425,1497,781,693,0,258
3512,158653647,1428,1503,807,716,0,282
3513,158663647,1433,1508,826,741,0,305
3514,158673647,1392,1437,796,739,0,316
3515,158683647,1435,1513,868,785,0,341
3516,158693647,1434,1510,889,813,0,353
3517,158703647,1430,1508,917,842,0,370
3518,158713647,1427,1506,940,867,0,384
3519,158723647,1417,1499,956,894,0,396
3520,158733647,1405,1495,972,922,0,409
3521,158743647,1397,1486,989,947,0,423
3522,158753647,1387,1478,1014,968,0,424
3523,158763647,1380,1466,1032,985,0,439
3524,158773647,1371,1458,1051,1000,0,445
3525,158783647,1355,1446,1064,1012,0,461
3526,158793647,1339,1434,1077,1033,0,470
3527,158803647,1302,1324,1052,990,0,482
3528,158813647,1310,1402,1100,1059,0,487
3529,158823647,1303,1388,1107,1078,0,498
3530,158833647,1296,1378,1112,1079,0,504
3531,158843647,1284,1363,1118,1090,0,518
3532,158853647,1273,1352,1125,1098,0,528
3533,158863647,1264,1339,1129,1103,0,539
3534,158873647,1255,1329,1133,1110,0,551
3535,158883647,1247,1319,1137,1118,1,558
3536,158893647,1239,1309,1142,1130,5,566
3537,158903647,1228,1305,1150,1139,6,572
3538,158913647,1223,1297,1158,1145,11,575
3539,158923647,1208,1292,1164,1154,17,579
3540,158933647,1202,1288,1166,1161,19,585
3541,158943647,1188,1273,1171,1169,18,590
3542,158953647,1173,1269,1176,1174,18,597
3543,158963647,1157,1257,1179,1180,26,605
3544,158973647,1135,1245,1182,1190,36,621
3545,158983647,1117,1233,1190,1201,47,630
3546,158993647,1094,1213,1195,1208,56,646
3547,159003647,1068,1200,1201,1213,65,659
3548,159013647,1050,1188,1206,1227,78,669
3549,159023647,1028,1173,1215,1237,85,679
3550,159033647,1002,1159,1219,1244,101,693
3551,159043647,981,1136,1228,1254,115,704
3552,159053647,955,1120,1235,1263,120,718
3553,159063647,922,1019,1201,1217,144,729
3554,159073647,898,1080,1248,1288,166,739
3555,159083647,856,1053,1255,1298,185,759
3556,159093647,805,1015,1259,1305,223,782
3557,159103647,743,986,1268,1314,254,817
3558,159113647,666,947,1275,1324,282,848
3559,159123647,595,905,1284,1292,301,828
3560,159133647,505,863,1292,1349,365,907
3561,159143647,426,814,1295,1357,410,933
3562,159153647,316,761,1305,1367,451,953
3563,159163647,233,702,1310,1375,483,987
3564,159173647,155,637,1313,1382,544,1014
3565,159183647,83,578,1319,1390,580,1050
3566,159193647,12,504,1324,1404,629,1077
3567,159203647,0,444,1324,1414,667,1098
3568,159213647,0,367,1324,1420,708,1120
3569,159223647,0,293,1327,1428,754,1143
3570,159233647,0,205,1330,1436,801,1173
3571,159243647,0,123,1329,1445,834,1192
3572,159253647,0,59,1329,1408,818,1149
3573,159263647,0,0,1326,1464,907,1238
3574,159273647,0,0,1326,1475,937,0
3575,159283647,0,0,1318,1483,956,0
3576,159293647,0,0,1306,1490,981,0
3577,159303647,0,0,1287,1496,994,0
3578,159313647,0,0,1262,1496,989,0
3579,159323647,0,0,1232,0,981,0
3580,159333647,0,0,1181,0,953,0
3581,159343647,0,0,1123,0,900,1335
3582,159353647,0,0,1019,0,835,1377
3583,159363647,0,0,918,0,774,1396
3584,159373647,0,0,848,1408,666,1419
3585,159383647,0,0,802,1328,498,1348
3586,159393647,0,0,777,1329,391,1430
3587,159403647,0,0,739,1266,246,1431
3588,159413647,0,0,708,1227,104,1413
3589,159423647,0,0,679,1178,21,1370
3590,159433647,0,0,634,1121,0,1330
3591,159443647,0,0,587,1065,0,1258
3592,159453647,0,0,530,1018,0,1190
3593,159463647,0,0,453,955,0,1104
3594,159473647,0,0,393,871,0,967
3595,159483647,0,0,348,778,0,813
3596,159493647,0,0,310,689,0,667
3597,159503647,0,0,279,584,0,482
3598,159513647,0,0,242,469,0,307
3599,159523647,0,0,196,391,0,108
3600,159533647,0,0,155,339,0,0
3601,159543647,0,0,129,249,0,0
3602,159553647,0,0,91,161,0,0
3603,159563647,0,0,84,148,0,0
3604,159573647,0,0,88,158,0,0
3605,159583647,0,0,63,122,0,0
3606,159593647,0,0,66,124,0,0
3607,159603647,0,0,54,105,0,0
3608,159613647,0,0,37,92,0,0
3609,159623647,0,0,25,84,0,0
3610,159633647,0,0,20,71,0,0
3611,159643647,0,0,20,54,0,0
3612,159653647,0,0,19,65,0,0
3613,159663647,0,0,17,60,0,0
3614,159673647,0,0,23,71,0,0
3615,159683647,0,0,26,77,0,0
3616,159693647,0,0,29,83,0,0
3617,159703647,0,0,40,91,0,0
3618,159713647,0,0,47,90,0,0
3619,159723647,0,0,53,121,0,0
3620,159733647,0,0,61,129,0,0
3621,159743647,0,0,66,136,0,0
3622,159753647,0,0,70,138,0,0
3623,159763647,0,0,77,144,0,0
3624,159773647,0,0,79,149,0,0
3625,159783647,0,0,65,124,0,0
3626,159793647,0,0,83,154,0,0
3627,159803647,0,0,73,152,1,0
3628,159813647,0,0,57,139,0,0
3629,159823647,0,0,44,121,0,0
3630,159833647,0,0,30,107,0,0
3631,159843647,0,0,8,88,0,0
3632,159853647,0,0,3,78,0,0
3633,159863647,0,0,0,75,0,0
3634,159873647,0,0,0,77,0,0
3635,159883647,0,0,1,74,0,0
3636,159893647,0,0,0,74,0,0
3637,159903647,0,0,1,73,0,0
3638,159913647,0,0,2,60,0,0
3639,159923647,0,0,2,75,0,0
3640,159933647,0,0,4,77,0,0
3641,159943647,0,0,3,76,0,0
3642,159953647,0,0,5,77,0,0
3643,159963647,0,0,5,81,0,0
3644,159973647,0,0,5,83,0,0
3645,159983647,0,0,7,86,0,0
3646,159993647,0,0,10,72,0,0
3647,160003647,0,0,25,62,0,0
3648,160013647,0,6,34,55,0,0
3649,160023647,0,80,44,49,0,0
3650,160033647,61,283,48,30,0,0
3651,160043647,276,573,52,21,0,0
3652,160053647,482,721,57,14,0,0
3653,160063647,683,888,55,8,0,0
3654,160073647,777,956,54,3,0,0
3655,160083647,857,1013,62,2,0,0
3656,160093647,924,1069,71,5,0,0
3657,160103647,977,1113,73,9,0,0
3658,160113647,976,1088,80,17,0,0
3659,160123647,1100,1196,97,23,0,0
3660,160133647,1151,1243,111,34,0,0
3661,160143647,1196,1277,117,47,0,0
3662,160153647,1242,1313,136,63,0,0
3663,160163647,1275,1347,163,93,0,0
3664,160173647,1315,1383,196,119,0,0
3665,160183647,1341,1418,254,170,0,0
3666,160193647,1369,1453,321,238,0,0
3667,160203647,1398,1484,377,283,0,0
3668,160213647,1418,1499,440,346,0,18
3669,160223647,1430,1516,505,390,0,50
3670,160233647,1445,1528,551,428,0,57
3671,160243647,1451,1538,595,469,0,42
3672,160253647,1459,1545,634,519,0,91
3673,160263647,1460,1551,677,554,0,110
3674,160273647,1463,1557,725,611,0,128
3675,160283647,1467,1561,765,657,0,142
3676,160293647,1484,1568,805,686,0,152
3677,160303647,1481,1574,830,712,0,164
3678,160313647,1486,1577,856,728,0,128
3679,160323647,1493,1581,874,760,0,168
3680,160333647,1496,1586,892,787,0,178
3681,160343647,1502,1589,916,806,0,188
3682,160353647,1507,1590,927,820,0,202
3683,160363647,1506,1592,938,834,0,211
3684,160373647,1513,1594,943,854,0,227
3685,160383647,1516,1595,952,864,0,239
3686,160393647,1516,1594,958,872,0,249
3687,160403647,1519,1594,963,877,0,259
3688,160413647,1517,1590,966,879,0,265
3689,160423647,1522,1587,967,882,0,268
3690,160433647,1523,1592,969,885,0,272
3691,160443647,1520,1591,970,888,0,276
3692,160453647,1521,1590,970,890,0,279
3693,160463647,1520,1588,971,891,0,281
3694,160473647,1521,1588,971,891,0,281
3695,160483647,1522,1586,969,890,0,283
3696,160493647,1523,1584,966,889,0,285
3697,160503647,1526,1586,965,887,0,293
3698,160513647,1528,1588,956,884,0,301
3699,160523647,1529,1588,952,879,0,307
3700,160533647,1537,1589,945,874,0,313
3701,160543647,1541,1589,943,871,0,311
3702,160553647,1545,1590,939,867,0,314
3703,160563647,1547,1590,934,862,0,320
3704,160573647,1549,1590,931,861,0,338
3705,160583647,1549,1589,938,863,0,342
3706,160593647,1551,1587,934,866,0,347
3707,160603647,1549,1585,932,866,0,355
3708,160613647,1551,1585,934,867,0,359
3709,160623647,1552,1587,933,868,0,359
3710,160633647,1549,1584,937,872,0,358
3711,160643647,1549,1581,942,875,0,318
3712,160653647,1546,1578,954,887,0,380
3713,160663647,1541,1574,962,893,0,393
3714,160673647,1532,1570,968,905,0,404
3715,160683647,1528,1565,972,914,0,413
3716,160693647,1525,1561,974,923,0,420
3717,160703647,1519,1555,980,927,0,436
3718,160713647,1471,1443,966,886,0,435
3719,160723647,1501,1541,990,937,0,446
3720,160733647,1494,1528,988,947,0,452
3721,160743647,1482,1520,996,952,0,460
3722,160753647,1472,1510,1001,958,0,469
3723,160763647,1459,1500,1005,969,0,475
3724,160773647,1440,1490,1015,978,0,486
3725,160783647,1361,1469,1020,987,0,500
3726,160793647,1413,1454,1023,990,0,506
3727,160803647,1394,1437,1032,1000,0,522
3728,160813647,1378,1422,1041,1012,0,532
3729,160823647,1356,1398,1048,1022,0,542
3730,160833647,1333,1366,1061,1044,0,542
3731,160843647,1307,1322,1072,1053,0,558
3732,160853647,1275,1286,1077,1065,0,582
3733,160863647,1241,1254,1086,1081,0,593
3734,160873647,1196,1213,1095,1098,0,604
3735,160883647,1136,1171,1098,1119,2,627
3736,160893647,1070,1127,1101,1118,18,649
3737,160903647,993,1081,1104,1128,39,674
3738,160913647,892,942,1067,1079,75,702
3739,160923647,801,936,1105,1140,103,728
3740,160933647,673,857,1102,1141,153,756
3741,160943647,509,0,1096,1147,200,789
3742,160953647,297,575,1084,1158,292,825
3743,160963647,62,387,1064,1164,373,871
3744,160973647,0,197,1027,1174,464,909
3745,160983647,0,22,961,1164,560,953
3746,160993647,0,0,889,1159,652,992
3747,161003647,0,0,783,1144,738,1034
3748,161013647,0,0,697,1114,810,1073
3749,161023647,0,0,615,1075,868,1124
3750,161033647,0,0,527,1015,886,1169
3751,161043647,0,0,445,948,869,1212
3752,161053647,0,0,365,849,813,1270
3753,161063647,0,0,298,753,720,1314
3754,161073647,0,0,273,687,544,1334
3755,161083647,0,0,236,626,333,1336
3756,161093647,0,0,182,554,183,1330
3757,161103647,0,0,148,501,116,1257
3758,161113647,0,0,118,438,43,1173
3759,161123647,0,0,84,387,0,1076
3760,161133647,0,0,61,318,0,974
3761,161143647,0,0,45,275,0,850
3762,161153647,0,0,34,241,0,698
3763,161163647,0,0,23,205,0,491
3764,161173647,0,0,10,164,0,250
3765,161183647,0,0,4,128,0,33
3766,161193647,0,0,0,68,0,0
3767,161203647,0,0,0,39,0,1
3768,161213647,0,0,0,46,0,0
3769,161223647,0,0,0,45,0,0
3770,161233647,0,0,0,45,0,0
3771,161243647,0,0,0,44,0,0
3772,161253647,0,0,0,45,0,0
3773,161263647,0,0,0,51,0,0
3774,161273647,0,0,0,53,0,0
3775,161283647,0,0,2,55,0,0
3776,161293647,0,0,4,58,0,0
3777,161303647,0,0,0,52,0,0
3778,161313647,0,0,7,59,0,0
3779,161323647,0,0,11,59,0,0
3780,161333647,0,0,17,66,0,0
3781,161343647,0,0,19,65,0,0
3782,161353647,0,0,25,70,0,0
3783,161363647,0,0,29,75,0,0
3784,161373647,0,0,37,83,0,0
3785,161383647,0,0,41,85,0,0
3786,161393647,0,0,44,88,0,0
3787,161403647,0,0,48,90,0,0
3788,161413647,0,0,48,95,0,0
3789,161423647,0,0,49,80,0,0
3790,161433647,0,0,46,71,0,0
3791,161443647,0,0,39,64,0,0
3792,161453647,0,0,29,57,0,0
3793,161463647,0,0,23,55,0,0
3794,161473647,0,0,15,53,0,0
3795,161483647,0,0,14,49,0,0
3796,161493647,0,0,8,35,0,0
3797,161503647,0,0,14,52,0,0
3798,161513647,0,0,16,53,0,0
3799,161523647,0,0,17,58,0,0
3800,161533647,0,0,19,60,0,0
3801,161543647,0,0,26,68,0,0
3802,161553647,0,0,27,36,0,0
3803,161563647,0,0,31,44,0,0
3804,161573647,0,1,34,39,0,0
3805,161583647,0,17,31,37,0,0
3806,161593647,0,68,42,41,0,0
3807,161603647,0,155,56,43,0,0
3808,161613647,29,299,66,48,0,0
3809,161623647,237,542,70,30,0,0
3810,161633647,550,811,74,22,0,0
3811,161643647,877,1045,74,13,0,0
3812,161653647,1057,1169,73,1,0,0
3813,161663647,1171,1257,98,2,0,0
3814,161673647,1253,1311,111,8,0,0
3815,161683647,1313,1362,115,19,0,0
3816,161693647,1313,1306,127,30,0,0
3817,161703647,1376,1433,158,40,0,0
3818,161713647,1393,1455,187,41,0,0
3819,161723647,1413,1478,212,47,0,0
3820,161733647,1432,1502,246,58,0,0
3821,161743647,1451,1527,274,74,0,0
3822,161753647,1474,1554,298,89,0,0
3823,161763647,1497,1573,318,100,0,0
3824,161773647,1513,1585,331,111,0,0
3825,161783647,1526,1604,336,119,0,0
3826,161793647,1541,1615,351,127,0,0
3827,161803647,1555,1628,356,133,0,0
3828,161813647,1560,1640,371,145,0,0
3829,161823647,1569,1642,390,135,0,0
3830,161833647,1575,1656,404,151,0,0
3831,161843647,1581,1664,421,172,0,0
3832,161853647,1587,1673,439,185,0,0
3833,161863647,1594,1679,453,199,0,0
3834,161873647,1597,1686,472,221,0,0
3835,161883647,1603,1691,491,235,0,0
3836,161893647,1605,1693,469,261,0,0
3837,161903647,1609,1700,556,300,0,0
3838,161913647,1610,1701,585,348,0,0
3839,161923647,1610,1702,619,395,0,0
3840,161933647,1613,1703,648,434,0,0
3841,161943647,1617,1704,673,466,4,0
3842,161953647,1619,1705,698,494,0,0
3843,161963647,1545,1702,727,521,0,0
3844,161973647,1620,1706,755,540,0,0
3845,161983647,1617,1705,779,564,0,0
3846,161993647,1611,1702,797,592,0,0
3847,162003647,1605,1698,820,622,0,0
3848,162013647,1595,1692,844,655,0,0
3849,162023647,1514,1680,866,686,0,0
3850,162033647,1576,1676,882,716,0,0
3851,162043647,1567,1663,892,749,0,15
3852,162053647,1558,1654,905,777,0,53
3853,162063647,1548,1642,918,803,0,79
3854,162073647,1533,1635,928,822,0,105
3855,162083647,1517,1623,935,847,0,128
3856,162093647,1500,1613,946,872,0,151
3857,162103647,1478,1598,954,889,0,192
3858,162113647,1459,1587,970,914,0,213
3859,162123647,1441,1573,984,933,0,225
3860,162133647,1426,1560,994,952,0,244
3861,162143647,1408,1549,1004,974,0,274
3862,162153647,1360,1437,1010,987,0,285
3863,162163647,1387,1527,1033,1000,0,298
3864,162173647,1377,1516,1043,1013,0,317
3865,162183647,1363,1508,1053,1029,0,340
3866,162193647,1338,1491,1061,1045,0,361
3867,162203647,1316,1468,1073,1062,0,384
3868,162213647,1291,1449,1085,1071,0,418
3869,162223647,1209,1427,1098,1086,0,444
3870,162233647,1255,1408,1107,1104,0,465
3871,162243647,1241,1391,1111,1113,0,491
3872,162253647,1226,1368,1118,1124,0,525
3873,162263647,1198,1332,1120,1132,6,551
3874,162273647,1163,1300,1130,1144,36,583
3875,162283647,1116,1276,1136,1114,45,594
3876,162293647,1066,1253,1145,1165,105,699
3877,162303647,1017,1231,1149,1175,122,751
3878,162313647,971,1206,1154,1182,159,792
3879,162323647,935,1187,1161,1189,187,824
3880,162333647,894,1163,1163,1198,206,847
3881,162343647,852,1139,1166,1206,242,872
3882,162353647,796,1029,1159,1212,270,893
3883,162363647,795,1095,1173,1215,292,912
3884,162373647,766,1070,1176,1223,313,925
3885,162383647,741,1051,1179,1225,339,936
3886,162393647,703,1036,1180,1231,369,940
3887,162403647,681,1015,1182,1235,396,952
3888,162413647,657,1005,1193,1237,411,960
3889,162423647,636,987,1192,1242,428,979
3890,162433647,611,970,1191,1246,467,1001
3891,162443647,573,946,1193,1252,494,1013
3892,162453647,532,920,1197,1257,530,1043
3893,162463647,490,888,1198,1261,559,1058
3894,162473647,435,0,1199,1266,603,1078
3895,162483647,373,0,1204,1271,652,1102
3896,162493647,287,0,1204,1273,692,1121
3897,162503647,209,684,1202,1276,736,1142
3898,162513647,110,621,1198,1287,781,1171
3899,162523647,34,545,1194,1289,819,1196
3900,162533647,0,468,1189,1293,873,1230
3901,162543647,0,331,1168,1295,926,1253
3902,162553647,0,270,1164,1295,972,1263
3903,162563647,0,179,1149,1298,1010,1279
3904,162573647,0,117,1135,1300,1042,1298
3905,162583647,0,71,1116,1303,1075,1310
3906,162593647,0,17,1093,1305,1104,1317
3907,162603647,0,0,1066,1305,1129,1323
3908,162613647,0,0,1026,1303,1169,1326
3909,162623647,0,0,967,1300,1184,1336
3910,162633647,0,0,917,1290,1214,1340
3911,162643647,0,0,872,1269,1234,1356
3912,162653647,0,0,815,1247,1242,1367
3913,162663647,0,0,759,1223,1249,1384
3914,162673647,0,0,707,1183,1235,1404
3915,162683647,0,0,656,1143,1222,1427
3916,162693647,0,0,611,1097,1195,1444
3917,162703647,0,0,538,1057,1160,1463
3918,162713647,0,0,474,1002,1112,1483
3919,162723647,0,0,431,949,1045,1499
3920,162733647,0,0,336,853,870,1504
3921,162743647,0,0,329,826,869,1520
3922,162753647,0,0,302,755,753,1516
3923,162763647,0,0,291,676,613,1503
3924,162773647,0,0,260,613,439,1483
3925,162783647,0,0,207,541,307,1450
3926,162793647,0,0,154,474,190,1392
3927,162803647,0,0,120,402,118,1322
3928,162813647,0,0,86,346,64,1260
3929,162823647,0,0,59,306,6,1195
3930,162833647,0,0,40,266,0,1079
3931,162843647,0,0,32,225,0,930
3932,162853647,0,0,21,160,0,711
3933,162863647,0,0,5,112,0,381
3934,162873647,0,0,0,69,0,55
3935,162883647,0,0,0,39,0,0
3936,162893647,0,0,0,40,0,0
3937,162903647,0,0,1,42,0,0
3938,162913647,0,0,3,51,0,0
3939,162923647,0,0,3,56,0,0
3940,162933647,0,2,4,56,0,0
3941,162943647,0,0,4,64,0,0
3942,162953647,0,0,7,60,0,0
3943,162963647,0,0,3,59,0,0
3944,162973647,0,0,6,52,0,0
3945,162983647,0,0,6,49,0,0
3946,162993647,0,0,11,44,0,0
3947,163003647,0,0,11,42,0,0
3948,163013647,0,0,12,43,0,0
3949,163023647,0,0,17,45,0,0
3950,163033647,0,0,23,45,0,0
3951,163043647,0,0,26,49,0,0
3952,163053647,0,0,31,51,0,0
3953,163063647,0,0,36,50,1,0
3954,163073647,0,0,24,34,0,0
3955,163083647,0,0,37,53,0,0
3956,163093647,0,0,38,59,0,0
3957,163103647,0,0,39,61,0,0
3958,163113647,0,0,48,65,0,0
3959,163123647,0,0,53,68,0,0
3960,163133647,0,0,44,52,0,0
3961,163143647,0,0,55,72,0,0
3962,163153647,0,0,56,73,0,0
3963,163163647,0,0,58,71,0,0
3964,163173647,0,0,60,71,0,0
3965,163183647,0,0,59,72,0,0
3966,163193647,0,0,61,67,0,0
3967,163203647,0,0,58,68,0,0
3968,163213647,0,0,54,63,0,0
3969,163223647,0,0,48,62,0,0
3970,163233647,0,0,40,58,0,0
3971,163243647,0,0,32,55,0,0
3972,163253647,0,0,27,52,0,0
3973,163263647,0,0,18,46,0,0
3974,163273647,0,0,8,43,0,0
3975,163283647,0,0,1,38,0,0
3976,163293647,0,0,0,27,0,0
3977,163303647,0,0,0,23,0,0
3978,163313647,0,0,0,16,0,0
3979,163323647,0,0,0,17,0,0
3980,163333647,0,0,0,17,0,0
3981,163343647,0,0,0,4,0,0
3982,163353647,0,0,0,1,0,0
3983,163363647,0,15,0,0,0,0
3984,163373647,0,60,1,3,0,0
3985,163383647,0,165,8,12,0,0
3986,163393647,11,318,18,14,0,0
3987,163403647,273,675,25,5,0,0
3988,163413647,691,950,34,0,0,0
3989,163423647,988,1113,44,0,0,0
3990,163433647,1133,1207,84,11,0,0
3991,163443647,1209,1256,114,23,0,0
3992,163453647,1249,1296,130,29,0,0
3993,163463647,1287,1329,149,35,0,0
3994,163473647,1316,1359,182,42,0,0
3995,163483647,1339,1385,203,58,0,0
3996,163493647,1366,1409,230,71,0,0
3997,163503647,1395,1435,264,90,0,0
3998,163513647,1429,1462,285,107,0,0
3999,163523647,1455,1487,301,118,0,2
4000,163533647,1480,1507,313,127,0,0
4001,163543647,1501,1522,326,137,0,0
4002,163553647,1520,1543,339,142,0,0
4003,163563647,1539,1557,332,142,0,0
4004,163573647,1551,1565,332,152,0,0
4005,163583647,1538,1471,313,120,0,0
4006,163593647,1569,1580,341,152,0,0
4007,163603647,1576,1591,347,170,0,0
4008,163613647,1585,1596,359,181,0,0
4009,163623647,1590,1607,377,220,0,0
4010,163633647,1595,1614,421,251,0,0
4011,163643647,1600,1619,466,283,0,0
4012,163653647,1606,1621,502,329,0,0
4013,163663647,1604,1622,538,381,0,0
4014,163673647,1605,1622,582,408,0,0
4015,163683647,1601,1620,613,465,0,0
4016,163693647,1597,1619,652,506,0,0
4017,163703647,1589,1615,683,554,0,1
4018,163713647,1573,1507,685,551,0,42
4019,163723647,1579,1607,739,614,0,59
4020,163733647,1568,1600,762,648,0,88
4021,163743647,1570,1594,783,669,0,116
4022,163753647,1562,1590,800,693,0,149
4023,163763647,1553,1579,812,712,0,188
4024,163773647,1538,1572,824,727,0,224
4025,163783647,1520,1561,839,743,0,250
4026,163793647,1506,1555,845,754,0,276
4027,163803647,1486,1544,855,761,0,295
4028,163813647,1463,1527,862,775,0,321
4029,163823647,1449,1516,870,781,1,343
4030,163833647,1433,1510,876,790,0,366
4031,163843647,1423,1496,886,795,0,392
4032,163853647,1406,1489,893,808,0,404
4033,163863647,1389,1478,903,823,0,415
4034,163873647,1372,1464,914,845,0,440
4035,163883647,1352,1450,925,857,0,458
4036,163893647,1318,1438,938,879,0,478
4037,163903647,1300,1425,949,898,0,493
4038,163913647,1271,1408,967,913,0,523
4039,163923647,1257,1393,977,932,2,548
4040,163933647,1237,1379,994,952,10,569
4041,163943647,1215,1360,1009,971,28,594
4042,163953647,1188,1336,1019,992,54,619
4043,163963647,1164,1317,1035,1001,82,649
4044,163973647,1143,1302,1044,1012,114,678
4045,163983647,1121,1282,1049,1029,135,700
4046,163993647,1099,1264,1058,1040,150,728
4047,164003647,1078,1244,1065,1050,178,752
4048,164013647,1054,1220,1067,1055,215,764
4049,164023647,1036,1188,1074,1064,230,778
4050,164033647,1011,1167,1077,1071,254,790
4051,164043647,985,1150,1079,1076,293,808
4052,164053647,956,1148,1084,1083,316,820
4053,164063647,936,1141,1090,1088,343,838
4054,164073647,916,1131,1095,1090,362,845
4055,164083647,886,1128,1098,1104,380,856
4056,164093647,861,1120,1102,1113,406,871
4057,164103647,840,1108,1017,1105,387,852
4058,164113647,810,1086,1108,1128,455,903
4059,164123647,794,1071,1110,1133,484,913
4060,164133647,765,1071,1114,1142,503,929
4061,164143647,749,1062,1118,1145,527,939
4062,164153647,730,1046,1120,1149,543,946
4063,164163647,708,1014,1120,1118,527,907
4064,164173647,685,1000,1125,1160,588,976
4065,164183647,658,972,1125,1169,604,982
4066,164193647,630,950,1128,1164,623,989
4067,164203647,600,920,1125,1162,651,994
4068,164213647,573,884,1118,1162,662,997
4069,164223647,537,847,1113,1154,672,995
4070,164233647,490,810,1105,1148,683,996
4071,164243647,424,0,1098,1144,703,1007
4072,164253647,350,0,1085,1143,734,1018
4073,164263647,222,0,1075,1143,778,1034
4074,164273647,101,0,1061,1143,818,1053
4075,164283647,3,1,1033,1152,864,1077
4076,164293647,0,0,988,1144,917,1105
4077,164303647,0,159,921,1131,967,1133
4078,164313647,0,74,845,1115,1016,1157
4079,164323647,0,0,745,1097,1066,1183
4080,164333647,0,0,669,1063,1109,1208
4081,164343647,0,0,607,1013,1127,1235
4082,164353647,0,0,511,942,1133,1262
4083,164363647,0,0,426,803,1119,1309
4084,164373647,0,0,342,703,1081,1355
4085,164383647,0,0,271,606,1005,1391
4086,164393647,0,0,212,506,882,1421
4087,164403647,0,0,136,406,723,1430
4088,164413647,0,0,90,323,515,1413
4089,164423647,0,0,40,250,350,1376
4090,164433647,0,0,8,182,236,1326
4091,164443647,0,0,0,135,142,1272
4092,164453647,0,0,0,93,70,1172
4093,164463647,0,0,0,57,0,1012
4094,164473647,0,0,0,29,0,790
4095,164483647,0,0,0,9,0,446
4096,164493647,0,0,0,0,0,59
4097,164503647,0,0,0,0,0,0
4098,164513647,0,0,0,0,0,0
4099,164523647,0,0,0,0,0,0
4100,164533647,0,0,0,0,0,0
4101,164543647,0,0,0,0,0,0
4102,164553647,0,0,0,1,0,0
4103,164563647,0,0,0,6,0,0
4104,164573647,0,0,0,8,0,0
4105,164583647,0,0,0,12,0,0
4106,164593647,0,0,0,12,0,0
4107,164603647,0,0,0,13,0,0
4108,164613647,0,0,0,2,0,0
4109,164623647,0,0,0,1,0,0
4110,164633647,0,0,0,0,2,0
4111,164643647,0,0,0,0,0,0
4112,164653647,0,0,0,0,0,0
4113,164663647,0,0,0,0,0,0
4114,164673647,0,0,0,0,0,0
4115,164683647,0,0,0,0,0,0
4116,164693647,0,0,0,0,0,0
4117,164703647,0,0,0,0,0,0
4118,164713647,0,0,0,0,0,0
4119,164723647,0,0,0,0,0,0
4120,164733647,0,0,0,0,0,0
4121,164743647,0,0,0,0,0,0
4122,164753647,0,0,0,8,0,3
4123,164763647,0,0,0,17,0,0
4124,164773647,0,0,0,17,0,0
4125,164783647,0,0,0,20,0,0
4126,164793647,0,0,0,20,0,0
4127,164803647,0,0,0,19,0,0
4128,164813647,0,0,0,16,0,0
4129,164823647,0,0,0,15,0,0
4130,164833647,0,0,0,16,0,0
4131,164843647,0,0,0,18,0,0
4132,164853647,0,0,0,21,0,0
4133,164863647,0,0,0,23,0,0
4134,164873647,0,0,0,23,0,0
4135,164883647,0,0,0,24,0,0
4136,164893647,0,0,0,24,0,0
4137,164903647,0,0,0,23,0,0
4138,164913647,0,0,0,24,0,0
4139,164923647,0,0,0,22,0,0
4140,164933647,0,0,0,20,0,0
4141,164943647,0,0,0,15,0,0
4142,164953647,0,0,0,12,0,0
4143,164963647,0,0,0,12,0,0
4144,164973647,0,0,0,9,0,0
4145,164983647,0,0,0,11,0,0
4146,164993647,0,0,0,15,0,0
4147,165003647,0,0,0,16,0,0
4148,165013647,0,18,0,11,0,0
4149,165023647,0,108,0,24,0,0
4150,165033647,0,237,0,17,0,0
4151,165043647,26,428,0,10,0,0
4152,165053647,169,604,0,6,0,0
4153,165063647,342,730,0,0,0,0
4154,165073647,414,788,0,0,0,0
4155,165083647,497,825,0,0,0,0
4156,165093647,542,857,0,0,0,0
4157,165103647,578,875,0,0,0,0
4158,165113647,613,901,0,0,0,0
4159,165123647,668,930,0,0,0,0
4160,165133647,715,916,0,0,0,0
4161,165143647,803,1004,0,0,0,0
4162,165153647,875,1046,0,0,0,0
4163,165163647,944,1079,0,0,0,0
4164,165173647,1018,1125,1,2,0,0
4165,165183647,1077,1172,7,12,0,0
4166,165193647,1120,1221,61,47,0,0
4167,165203647,1166,1243,100,58,0,0
4168,165213647,1171,1255,137,89,0,0
4169,165223647,1179,1267,160,139,0,15
4170,165233647,1186,1280,186,167,0,49
4171,165243647,1201,1300,218,205,0,58
4172,165253647,1224,1322,266,231,0,77
4173,165263647,1244,1349,303,268,0,106
4174,165273647,1267,1372,338,309,0,114
4175,165283647,1298,1403,376,346,0,118
4176,165293647,1325,1433,415,372,1,105
4177,165303647,1350,1454,449,399,0,98
4178,165313647,1371,1481,475,421,0,95
4179,165323647,1389,1499,497,438,0,85
4180,165333647,1403,1514,529,465,0,82
4181,165343647,1418,1525,549,481,0,85
4182,165353647,1434,1542,568,497,0,88
4183,165363647,1448,1558,595,508,0,85
4184,165373647,1461,1562,613,527,0,88
4185,165383647,1469,1578,627,540,0,82
4186,165393647,1483,1589,645,559,0,92
4187,165403647,1491,1599,665,586,0,101
4188,165413647,1500,1603,690,607,0,104
4189,165423647,1505,1610,710,630,0,110
4190,165433647,1507,1612,733,668,0,124
4191,165443647,1506,1611,769,705,0,157
4192,165453647,1505,1613,799,749,0,172
4193,165463647,1495,1608,748,751,0,185
4194,165473647,1499,1608,846,797,0,216
4195,165483647,1494,1608,864,819,0,227
4196,165493647,1489,1613,880,849,0,240
4197,165503647,1482,1602,892,872,1,253
4198,165513647,1471,1592,914,898,0,264
4199,165523647,1458,1578,928,883,0,247
4200,165533647,1449,1575,945,940,0,293
4201,165543647,1434,1565,956,959,0,307
4202,165553647,1424,1560,969,976,0,317
4203,165563647,1406,1551,977,990,0,334
4204,165573647,1385,1539,985,1001,0,342
4205,165583647,1379,1526,996,1013,0,361
4206,165593647,1324,1441,947,993,0,367
4207,165603647,1350,1507,1010,1036,0,398
4208,165613647,1337,1495,1016,1043,0,416
4209,165623647,1330,1484,1020,1049,0,431
4210,165633647,1321,1475,1033,1060,0,443
4211,165643647,1315,1465,1044,1071,0,465
4212,165653647,1310,1456,1048,1078,0,483
4213,165663647,1277,1350,1018,1032,0,505
4214,165673647,1288,1434,1062,1100,0,537
4215,165683647,1270,1425,1069,1111,3,564
4216,165693647,1251,1415,1078,1118,18,578
4217,165703647,1238,1400,1084,1128,32,601
4218,165713647,1215,1387,1090,1139,45,622
4219,165723647,1199,1373,1095,1143,61,634
4220,165733647,1186,1359,1099,1150,88,654
4221,165743647,1171,1341,1102,1159,99,671
4222,165753647,1158,1326,1103,1164,115,686
4223,165763647,1141,1315,1102,1170,150,702
4224,165773647,1129,1305,1106,1171,158,716
4225,165783647,1112,1292,1107,1173,180,732
4226,165793647,1085,1190,1068,1114,210,748
4227,165803647,1087,1268,1104,1171,235,776
4228,165813647,1083,1259,1097,1160,261,788
4229,165823647,1067,1252,1088,1149,302,797
4230,165833647,1059,1242,1081,1145,346,814
4231,165843647,1047,1231,1076,1144,383,853
4232,165853647,1027,1212,1071,1139,407,0
4233,165863647,1003,1197,1071,1141,438,0
4234,165873647,974,1178,1073,1139,464,0
4235,165883647,927,1148,1066,1138,485,857
4236,165893647,902,1129,1063,1141,525,82
4237,165903647,878,1101,1062,1142,567,0
4238,165913647,854,1072,1067,1147,612,0
4239,165923647,823,1033,1064,1150,637,0
4240,165933647,797,987,1068,1160,678,0
4241,165943647,754,965,1069,1164,713,0
4242,165953647,717,942,1069,1171,735,0
4243,165963647,656,924,1069,1176,762,0
4244,165973647,602,902,1067,1180,807,0
4245,165983647,537,869,1068,1186,852,0
4246,165993647,461,821,1067,1192,877,424
4247,166003647,376,0,1060,1199,906,1160
4248,166013647,276,0,1065,1208,927,1041
4249,166023647,138,0,1062,1219,966,1208
4250,166033647,24,0,1050,1225,995,1236
4251,166043647,0,0,1016,1225,1022,1256
4252,166053647,0,0,896,1203,975,1229
4253,166063647,0,0,933,1213,1081,1294
4254,166073647,0,0,868,1209,1097,1313
4255,166083647,0,0,784,1194,1107,1331
4256,166093647,0,0,719,1173,1109,1356
4257,166103647,0,0,662,1139,1100,1368
4258,166113647,0,0,599,1088,1047,1392
4259,166123647,0,0,524,1039,964,1407
4260,166133647,0,0,475,962,860,1431
4261,166143647,0,0,391,879,755,1454
4262,166153647,0,0,327,808,621,1473
4263,166163647,0,0,309,747,431,1468
4264,166173647,0,0,284,690,245,1439
4265,166183647,0,0,213,645,121,1351
4266,166193647,0,0,213,597,60,1328
4267,166203647,0,0,159,531,7,1247
4268,166213647,0,0,112,469,0,1172
4269,166223647,0,0,80,412,0,1079
4270,166233647,0,0,56,370,0,970
4271,166243647,0,0,40,321,0,840
4272,166253647,0,0,43,270,0,662
4273,166263647,0,0,31,229,0,443
4274,166273647,0,0,23,182,0,221
4275,166283647,0,0,0,105,0,22
4276,166293647,0,0,0,59,0,5
4277,166303647,0,0,0,44,0,30
4278,166313647,0,0,0,37,0,25
4279,166323647,0,0,0,29,0,25
4280,166333647,0,0,0,29,0,0
4281,166343647,0,0,0,29,0,0
4282,166353647,0,0,0,26,0,0
4283,166363647,0,0,0,27,0,0
4284,166373647,0,0,0,38,0,0
4285,166383647,0,0,0,39,0,0
4286,166393647,0,0,0,57,0,0
4287,166403647,0,0,0,60,0,0
4288,166413647,0,0,0,76,0,0
4289,166423647,0,0,2,80,0,0
4290,166433647,0,0,5,89,0,0
4291,166443647,0,0,13,93,0,0
4292,166453647,0,0,18,99,0,0
4293,166463647,0,0,20,108,0,0
4294,166473647,0,0,28,111,0,0
4295,166483647,0,0,28,117,0,0
4296,166493647,0,0,28,121,0,0
4297,166503647,0,0,36,132,0,0
4298,166513647,0,0,41,131,0,0
4299,166523647,0,0,39,135,0,0
4300,166533647,0,0,35,128,0,0
4301,166543647,0,0,25,122,0,0
4302,166553647,0,0,12,119,0,0
4303,166563647,0,0,4,114,0,0
4304,166573647,0,0,0,100,0,0
4305,166583647,0,0,0,100,0,0
4306,166593647,0,0,0,97,0,0
4307,166603647,0,0,0,88,0,0
4308,166613647,0,0,0,90,0,0
4309,166623647,0,0,0,88,0,0
4310,166633647,0,0,0,77,0,0
4311,166643647,0,0,0,80,0,0
4312,166653647,0,0,0,76,0,0
4313,166663647,0,0,0,66,0,0
4314,166673647,0,0,0,71,0,0
4315,166683647,0,0,0,61,0,0
4316,166693647,0,0,0,54,0,0
4317,166703647,0,0,0,42,0,0
4318,166713647,0,0,0,30,0,0
4319,166723647,0,0,0,21,0,0
4320,166733647,0,59,0,19,0,0
4321,166743647,0,150,0,9,0,0
4322,166753647,45,315,0,0,0,0
4323,166763647,175,515,0,0,0,0
4324,166773647,379,683,0,0,0,0
4325,166783647,527,791,0,0,0,0
4326,166793647,619,865,0,0,0,0
4327,166803647,714,926,0,0,0,0
4328,166813647,805,1009,2,0,0,0
4329,166823647,884,1019,3,6,0,0
4330,166833647,995,1123,41,26,0,0
4331,166843647,1048,1146,103,72,0,0
4332,166853647,1071,1164,149,130,0,0
4333,166863647,1081,1167,185,158,0,0
4334,166873647,1065,1161,233,183,0,3
4335,166883647,1045,1159,223,214,0,47
4336,166893647,1063,1164,302,249,0,118
4337,166903647,1080,1177,323,295,0,182
4338,166913647,1099,1198,368,341,0,237
4339,166923647,1124,1213,408,368,0,278
4340,166933647,1140,1228,443,397,0,325
4341,166943647,1156,1241,491,443,0,358
4342,166953647,1168,1258,534,471,0,399
4343,166963647,1179,1270,557,508,0,436
4344,166973647,1195,1291,589,550,0,464
4345,166983647,1213,1310,616,570,0,493
4346,166993647,1233,1321,636,605,0,524
4347,167003647,1241,1341,670,634,0,548
4348,167013647,1267,1363,681,665,0,574
4349,167023647,1281,1372,703,681,0,597
4350,167033647,1288,1386,724,714,0,622
4351,167043647,1304,1395,747,722,0,646
4352,167053647,1311,1404,761,733,0,671
4353,167063647,1321,1416,780,755,7,690
4354,167073647,1288,1355,745,740,1,694
4355,167083647,1334,1430,810,784,29,718
4356,167093647,1338,1436,823,794,40,726
4357,167103647,1342,1440,834,811,53,731
4358,167113647,1341,1446,846,829,58,739
4359,167123647,1340,1446,860,843,68,743
4360,167133647,1300,1376,819,838,57,742
4361,167143647,1336,1444,883,886,87,752
4362,167153647,1327,1445,895,890,104,756
4363,167163647,1324,1437,906,904,115,761
4364,167173647,1317,1438,911,910,119,762
4365,167183647,1310,1434,920,920,126,768
4366,167193647,1304,1427,927,930,134,773
4367,167203647,1293,1421,934,939,142,775
4368,167213647,1278,1407,937,952,153,776
4369,167223647,1262,1399,951,966,169,776
4370,167233647,1252,1388,957,974,175,784
4371,167243647,1237,1379,962,981,196,785
4372,167253647,1222,1367,971,993,211,793
4373,167263647,1207,1361,980,1001,217,798
4374,167273647,1196,1345,984,1012,232,0
4375,167283647,1184,1329,989,1027,242,0
4376,167293647,1173,1317,994,1037,256,0
4377,167303647,1160,1303,1000,1045,277,0
4378,167313647,1142,1289,1005,1052,308,837
4379,167323647,1127,1272,1012,1060,329,873
4380,167333647,1110,1257,1017,1067,350,899
4381,167343647,1093,1244,1022,1080,378,919
4382,167353647,1077,1234,1033,1090,404,935
4383,167363647,1066,1226,1036,1098,424,948
4384,167373647,1050,1217,1042,1108,448,957
4385,167383647,1040,1207,1046,1114,470,970
4386,167393647,1031,1204,1049,1123,488,980
4387,167403647,1017,1196,1051,1131,501,985
4388,167413647,1009,1191,1054,1134,520,993
4389,167423647,1003,1189,1053,1130,535,997
4390,167433647,1000,1183,1057,1142,538,1000
4391,167443647,1000,1189,1057,1143,542,1000
4392,167453647,987,1104,1023,1091,539,999
4393,167463647,1005,1191,1060,1145,538,997
4394,167473647,1007,1193,1061,1145,538,996
4395,167483647,1008,1188,1062,1150,549,997
4396,167493647,997,1182,1062,1151,555,999
4397,167503647,986,1174,1063,1160,580,1002
4398,167513647,970,1161,1065,1163,586,1005
4399,167523647,916,1063,1061,1168,603,1007
4400,167533647,922,1129,1073,1171,613,1011
4401,167543647,892,1107,1088,1175,627,1015
4402,167553647,860,1083,1080,1179,648,1020
4403,167563647,825,1053,1082,1187,660,1029
4404,167573647,782,1017,1089,1192,681,1036
4405,167583647,739,981,1092,1197,696,1050
4406,167593647,641,946,1095,1206,719,1063
4407,167603647,622,908,1096,1211,755,1081
4408,167613647,552,854,1098,1219,784,1100
4409,167623647,456,799,1096,1228,817,1123
4410,167633647,355,748,1097,1238,838,1137
4411,167643647,245,653,1090,1245,858,1138
4412,167653647,139,0,1084,1246,873,1141
4413,167663647,38,0,1061,1245,889,1147
4414,167673647,0,0,1027,1240,892,1168
4415,167683647,0,0,986,1233,892,1156
4416,167693647,0,0,934,1224,888,1161
4417,167703647,0,0,863,1205,871,1145
4418,167713647,0,0,765,1191,856,1161
4419,167723647,0,0,682,1173,842,1168
4420,167733647,0,0,616,1128,800,1166
4421,167743647,0,0,570,1083,725,1163
4422,167753647,0,0,537,1041,629,1166
4423,167763647,0,0,484,978,551,1170
4424,167773647,0,0,435,913,421,1182
4425,167783647,0,0,393,860,271,1165
4426,167793647,0,0,368,783,108,1111
4427,167803647,0,0,342,681,14,1053
4428,167813647,0,0,314,616,0,974
4429,167823647,0,0,290,563,0,842
4430,167833647,0,0,252,499,0,721
4431,167843647,0,0,211,435,0,594
4432,167853647,0,0,157,370,0,392
4433,167863647,0,0,122,315,0,152
4434,167873647,0,0,106,254,0,0
4435,167883647,0,0,88,190,0,0
4436,167893647,0,0,58,134,0,0
4437,167903647,0,0,56,121,0,0
4438,167913647,0,0,47,109,0,0
4439,167923647,0,0,48,98,0,0
4440,167933647,0,0,45,89,0,0
4441,167943647,0,0,39,89,0,0
4442,167953647,0,0,35,88,0,0
4443,167963647,0,0,29,86,0,0
4444,167973647,0,0,29,86,0,0
4445,167983647,0,0,24,87,0,0
4446,167993647,0,0,26,91,0,0
4447,168003647,0,0,28,102,0,0
4448,168013647,0,0,28,105,0,0
4449,168023647,0,0,29,108,0,0
4450,168033647,0,0,36,117,0,0
4451,168043647,0,0,35,121,0,0
4452,168053647,0,0,38,128,0,0
4453,168063647,0,0,38,133,0,0
4454,168073647,0,0,38,133,0,0
4455,168083647,0,0,32,127,0,0
4456,168093647,0,0,25,123,0,0
4457,168103647,0,2,16,118,0,0
4458,168113647,0,0,9,111,0,0
4459,168123647,0,0,5,105,0,0
4460,168133647,0,0,2,110,0,0
4461,168143647,0,0,0,115,0,0
4462,168153647,0,0,1,124,0,0
4463,168163647,0,0,0,123,0,0
4464,168173647,0,0,0,125,0,0
4465,168183647,0,0,0,128,0,0
4466,168193647,0,0,0,132,0,0
4467,168203647,0,0,0,140,0,0
4468,168213647,0,0,0,145,0,0
4469,168223647,0,0,0,142,0,0
4470,168233647,0,0,0,137,0,0
4471,168243647,0,0,0,121,0,0
4472,168253647,0,0,0,109,0,0
4473,168263647,0,0,0,92,0,0
4474,168273647,0,0,0,76,0,0
4475,168283647,0,0,0,70,0,0
4476,168293647,0,0,0,68,0,0
4477,168303647,0,0,0,69,0,0
4478,168313647,0,0,0,63,0,0
4479,168323647,0,0,0,62,0,0
4480,168333647,0,0,0,58,0,0
4481,168343647,0,0,0,56,0,0
4482,168353647,0,0,0,54,0,0
4483,168363647,0,0,0,42,0,0
4484,168373647,0,33,0,20,0,0
4485,168383647,0,191,0,1,0,0
4486,168393647,58,396,0,0,0,0
4487,168403647,282,655,1,0,0,0
4488,168413647,566,883,0,0,0,0
4489,168423647,801,1046,0,0,0,0
4490,168433647,974,1131,0,0,0,0
4491,168443647,1086,1195,0,0,0,0
4492,168453647,1160,1249,0,0,0,0
4493,168463647,1208,1287,4,0,0,0
4494,168473647,1247,1316,9,0,0,0
4495,168483647,1274,1339,19,0,0,0
4496,168493647,1287,1358,36,3,0,0
4497,168503647,1303,1370,60,19,0,0
4498,168513647,1313,1387,104,47,0,0
4499,168523647,1326,1403,138,48,0,0
4500,168533647,1352,1423,164,81,0,0
4501,168543647,1375,1446,215,118,0,0
4502,168553647,1402,1467,243,157,0,0
4503,168563647,1424,1492,275,184,0,0
4504,168573647,1443,1509,291,202,0,0
4505,168583647,1459,1524,314,229,0,0
4506,168593647,1470,1538,338,248,0,0
4507,168603647,1483,1549,346,266,0,0
4508,168613647,1491,1559,374,281,0,0
4509,168623647,1496,1565,399,300,0,10
4510,168633647,1503,1574,432,321,0,26
4511,168643647,1510,1579,459,362,0,52
4512,168653647,1511,1583,492,393,0,71
4513,168663647,1514,1585,547,430,0,115
4514,168673647,1516,1588,563,459,0,148
4515,168683647,1520,1590,595,497,0,187
4516,168693647,1524,1592,623,536,0,233
4517,168703647,1524,1593,643,557,0,268
4518,168713647,1521,1593,657,573,0,261
4519,168723647,1527,1595,665,585,0,337
4520,168733647,1533,1599,668,582,0,364
4521,168743647,1550,1601,669,572,0,392
4522,168753647,1560,1606,662,567,0,404
4523,168763647,1568,1606,657,550,0,405
4524,168773647,1577,1611,643,526,0,380
4525,168783647,1543,1539,585,480,0,352
4526,168793647,1595,1619,621,475,0,346
4527,168803647,1600,1622,611,458,0,332
4528,168813647,1605,1624,603,446,0,321
4529,168823647,1610,1624,600,445,0,329
4530,168833647,1611,1625,591,428,0,323
4531,168843647,1612,1624,585,420,0,317
4532,168853647,1568,1550,535,396,0,306
4533,168863647,1618,1626,569,409,0,300
4534,168873647,1620,1627,563,408,0,294
4535,168883647,1622,1628,553,406,0,289
4536,168893647,1624,1629,554,408,0,280
4537,168903647,1626,1631,556,411,0,280
4538,168913647,1628,1634,565,423,0,284
4539,168923647,1622,1634,565,431,0,290
4540,168933647,1628,1635,575,439,0,297
4541,168943647,1630,1636,585,458,0,307
4542,168953647,1632,1637,594,457,0,312
4543,168963647,1632,1636,600,474,0,315
4544,168973647,1634,1637,610,485,0,316
4545,168983647,1634,1637,616,492,0,330
4546,168993647,1635,1637,627,501,0,335
4547,169003647,1634,1636,637,517,0,344
4548,169013647,1634,1637,650,531,0,348
4549,169023647,1634,1636,659,540,0,354
4550,169033647,1634,1636,666,555,0,356
4551,169043647,1631,1631,674,561,0,363
4552,169053647,1627,1627,684,570,0,367
4553,169063647,1624,1633,695,583,0,377
4554,169073647,1618,1619,711,599,0,390
4555,169083647,1614,1613,720,613,0,402
4556,169093647,1608,1609,729,632,0,410
4557,169103647,1604,1606,736,650,0,420
4558,169113647,1597,1599,740,662,0,423
4559,169123647,1592,1593,758,671,0,425
4560,169133647,1589,1588,767,684,0,429
4561,169143647,1582,1582,779,699,0,442
4562,169153647,1575,1578,787,717,0,450
4563,169163647,1562,1569,798,731,0,456
4564,169173647,1552,1559,811,747,0,478
4565,169183647,1538,1545,830,764,0,490
4566,169193647,1524,1530,847,781,7,499
4567,169203647,1513,1518,859,795,18,523
4568,169213647,1498,1508,868,813,26,539
4569,169223647,1491,1497,883,828,39,543
4570,169233647,1479,1484,893,852,44,559
4571,169243647,1464,1467,910,871,59,569
4572,169253647,1443,1447,927,892,67,594
4573,169263647,1420,1422,947,921,86,625
4574,169273647,1365,1380,967,958,107,659
4575,169283647,1310,1330,986,982,136,696
4576,169293647,1255,1278,1008,1010,153,734
4577,169303647,1175,1225,1021,1044,188,762
4578,169313647,1086,1170,1042,1069,234,791
4579,169323647,988,1106,1056,1098,282,823
4580,169333647,876,1007,1067,1126,331,863
4581,169343647,714,894,1075,1155,383,0
4582,169353647,517,761,1081,1179,446,0
4583,169363647,260,580,1076,1198,515,0
4584,169373647,29,0,1059,1219,592,1002
4585,169383647,0,167,1035,1226,665,1046
4586,169393647,0,47,995,1239,724,1082
4587,169403647,0,0,944,1243,745,1094
4588,169413647,0,0,863,1241,783,1119
4589,169423647,0,0,729,1229,765,1140
4590,169433647,0,0,677,1202,731,1152
4591,169443647,0,0,630,1151,656,1173
4592,169453647,0,0,509,1075,495,1174
4593,169463647,0,0,536,1049,415,1217
4594,169473647,0,0,498,999,285,1221
4595,169483647,0,0,492,957,115,1160
4596,169493647,0,0,478,918,14,1096
4597,169503647,0,0,452,852,0,1025
4598,169513647,0,0,410,785,0,910
4599,169523647,0,0,374,712,0,823
4600,169533647,0,0,344,633,0,726
4601,169543647,0,0,297,532,0,567
4602,169553647,0,0,246,438,0,401
4603,169563647,0,0,212,377,0,228
4604,169573647,0,0,174,325,0,44
4605,169583647,0,0,135,232,0,0
4606,169593647,0,0,89,167,0,0
4607,169603647,0,0,80,145,0,0
4608,169613647,0,0,63,136,0,0
4609,169623647,0,0,47,114,0,1
4610,169633647,0,0,39,101,0,0
4611,169643647,0,0,24,89,0,0
4612,169653647,0,0,15,86,0,0
4613,169663647,0,0,15,83,0,0
4614,169673647,0,0,10,85,0,0
4615,169683647,0,0,18,94,0,0
4616,169693647,0,0,13,102,0,0
4617,169703647,0,0,17,110,0,0
4618,169713647,0,0,5,107,0,0
4619,169723647,0,0,23,121,0,0
4620,169733647,0,0,28,132,0,0
4621,169743647,0,0,34,137,0,0
4622,169753647,0,0,31,140,0,0
4623,169763647,0,0,31,141,0,0
4624,169773647,0,0,29,143,0,0
4625,169783647,0,0,28,146,0,0
4626,169793647,0,0,26,146,0,0
4627,169803647,0,0,23,143,0,0
4628,169813647,0,0,20,135,0,0
4629,169823647,0,0,9,123,0,0
4630,169833647,0,0,6,117,0,0
4631,169843647,0,0,2,108,0,0
4632,169853647,0,0,1,105,0,0
4633,169863647,0,0,0,100,0,0
4634,169873647,0,0,0,94,0,0
4635,169883647,0,0,0,88,0,0
4636,169893647,0,0,0,79,0,0
4637,169903647,0,0,0,73,0,0
4638,169913647,0,0,0,52,0,0
4639,169923647,0,0,0,57,0,0
4640,169933647,0,0,0,54,0,0
4641,169943647,0,0,0,55,0,0
4642,169953647,0,0,0,54,0,0
4643,169963647,0,0,0,54,0,0
4644,169973647,0,0,0,53,0,0
4645,169983647,0,0,0,55,0,0
4646,169993647,0,0,0,57,0,0
4647,170003647,0,0,0,51,1,0
4648,170013647,0,0,0,43,0,0
4649,170023647,0,0,0,38,0,0
4650,170033647,0,0,0,40,0,0
4651,170043647,0,31,0,39,0,0
4652,170053647,0,80,0,39,0,0
4653,170063647,0,124,0,35,0,0
4654,170073647,0,185,0,26,0,0
4655,170083647,0,221,0,19,0,0
4656,170093647,0,289,0,15,0,0
4657,170103647,16,366,0,11,0,0
4658,170113647,66,443,0,14,0,0
4659,170123647,117,508,0,10,0,0
4660,170133647,168,581,0,8,0,0
4661,170143647,250,658,0,8,0,0
4662,170153647,325,714,0,6,0,0
4663,170163647,411,758,0,5,0,0
4664,170173647,487,811,0,8,0,0
4665,170183647,552,860,2,8,0,0
4666,170193647,621,906,4,14,0,0
4667,170203647,686,938,4,17,0,0
4668,170213647,744,969,8,17,0,0
4669,170223647,784,994,11,17,0,0
4670,170233647,825,1017,11,19,0,0
4671,170243647,852,1037,18,23,0,0
4672,170253647,878,1048,37,33,0,0
4673,170263647,905,1055,50,48,0,0
4674,170273647,923,1063,72,65,0,0
4675,170283647,925,1062,87,90,0,0
4676,170293647,928,1063,75,105,0,31
4677,170303647,940,1067,129,141,0,80
4678,170313647,953,1077,146,150,0,129
4679,170323647,975,1093,165,168,0,166
4680,170333647,992,1102,184,187,0,196
4681,170343647,1008,1124,192,208,0,230
4682,170353647,1031,1140,216,228,0,248
4683,170363647,1051,1161,223,240,0,277
4684,170373647,1070,1176,237,250,0,304
4685,170383647,1097,1198,261,256,0,334
4686,170393647,1115,1219,273,273,0,347
4687,170403647,1140,1234,296,290,0,362
4688,170413647,1164,1247,312,298,0,371
4689,170423647,1179,1265,332,293,0,354
4690,170433647,1204,1287,354,333,0,408
4691,170443647,1226,1306,375,356,0,421
4692,170453647,1254,1334,402,375,0,439
4693,170463647,1279,1346,421,396,0,462
4694,170473647,1292,1369,443,411,0,477
4695,170483647,1317,1386,477,425,0,490
4696,170493647,1318,1316,479,424,0,503
4697,170503647,1358,1431,530,470,0,521
4698,170513647,1371,1448,547,486,0,532
4699,170523647,1390,1463,559,500,0,535
4700,170533647,1404,1476,572,507,0,542
4701,170543647,1418,1487,582,518,0,549
4702,170553647,1427,1499,594,531,0,556
4703,170563647,1436,1512,600,537,0,565
4704,170573647,1443,1515,615,543,0,573
4705,170583647,1447,1522,626,554,0,585
4706,170593647,1452,1527,640,568,0,590
4707,170603647,1459,1529,653,583,0,599
4708,170613647,1463,1531,660,591,0,604
4709,170623647,1446,1437,646,565,0,609
4710,170633647,1465,1541,687,616,0,611
4711,170643647,1464,1541,699,629,0,614
4712,170653647,1463,1543,717,637,0,623
4713,170663647,1459,1534,727,661,0,628
4714,170673647,1454,1530,737,677,0,632
4715,170683647,1451,1529,746,687,0,632
4716,170693647,1448,1524,756,697,0,637
4717,170703647,1443,1517,765,711,0,646
4718,170713647,1437,1511,773,720,0,651
4719,170723647,1432,1504,783,729,0,653
4720,170733647,1427,1499,792,746,4,661
4721,170743647,1420,1496,798,749,17,670
4722,170753647,1352,1490,808,762,23,675
4723,170763647,1418,1493,814,773,19,684
4724,170773647,1418,1490,823,781,25,683
4725,170783647,1416,1491,835,792,23,689
4726,170793647,1420,1482,845,798,29,690
4727,170803647,1413,1485,855,808,37,694
4728,170813647,1406,1483,866,819,44,703
4729,170823647,1407,1481,870,830,47,714
4730,170833647,1404,1479,877,841,57,729
4731,170843647,1402,1472,885,853,66,737
4732,170853647,1399,1468,892,863,87,744
4733,170863647,1398,1465,898,871,89,748
4734,170873647,1394,1461,909,883,93,754
4735,170883647,1385,1454,914,892,104,762
4736,170893647,1376,1448,922,907,115,780
4737,170903647,1368,1437,929,920,129,793
4738,170913647,1358,1434,936,932,142,807
4739,170923647,1354,1427,943,946,158,822
4740,170933647,1344,1418,952,953,188,832
4741,170943647,1335,1406,955,966,199,842
4742,170953647,1325,1397,963,979,219,854
4743,170963647,1319,1386,969,984,232,860
4744,170973647,1302,1373,976,999,251,872
4745,170983647,1286,1355,985,1011,280,886
4746,170993647,1262,1336,995,1024,302,902
4747,171003647,1240,1319,1001,1042,329,914
4748,171013647,1212,1297,1007,1014,321,879
4749,171023647,1183,1273,1018,1065,382,951
4750,171033647,1148,1252,1034,1077,399,971
4751,171043647,1110,1227,1043,1104,419,991
4752,171053647,1059,1195,1050,1114,445,1013
4753,171063647,998,1159,1061,1139,463,1034
4754,171073647,926,1112,1072,1147,487,1054
4755,171083647,800,1051,1079,1169,510,1083
4756,171093647,758,988,1089,1181,569,1115
4757,171103647,629,919,1092,1196,627,1147
4758,171113647,476,835,1094,1207,712,1175
4759,171123647,312,726,1087,1222,757,1197
4760,171133647,138,0,1078,1232,823,1150
4761,171143647,3,323,1047,1237,867,0
4762,171153647,0,224,1031,1241,893,0
4763,171163647,0,105,994,1247,917,0
4764,171173647,0,20,954,1250,937,0
4765,171183647,0,0,906,1247,922,0
4766,171193647,0,0,827,1245,889,0
4767,171203647,0,0,718,1230,841,1194
4768,171213647,0,0,674,1208,758,1306
4769,171223647,0,0,614,1173,666,1327
4770,171233647,0,0,562,1116,528,1356
4771,171243647,0,0,532,1065,398,1365
4772,171253647,0,0,519,1024,254,1340
4773,171263647,0,0,512,989,116,0
4774,171273647,0,0,495,938,24,1217
4775,171283647,0,0,480,876,0,1157
4776,171293647,0,0,443,809,0,1049
4777,171303647,0,0,395,743,0,981
4778,171313647,0,0,335,653,0,890
4779,171323647,0,0,288,553,0,752
4780,171333647,0,0,192,437,0,616
4781,171343647,0,0,206,380,0,485
4782,171353647,0,0,170,316,0,351
4783,171363647,0,0,120,251,0,202
4784,171373647,0,0,104,192,0,67
4785,171383647,0,0,59,116,0,2
4786,171393647,0,0,28,55,0,1
4787,171403647,0,0,18,46,0,15
4788,171413647,0,0,6,36,0,22
4789,171423647,0,0,1,25,0,25
4790,171433647,0,0,0,28,0,18
4791,171443647,0,0,0,34,0,10
4792,171453647,0,0,0,33,0,0
4793,171463647,0,0,5,32,0,0
4794,171473647,0,0,0,33,0,0
4795,171483647,0,0,0,39,0,0
4796,171493647,0,0,2,47,0,0
4797,171503647,0,0,0,50,0,3
4798,171513647,0,0,0,61,0,0
4799,171523647,0,0,0,74,0,0
4800,171533647,0,0,4,84,0,0
4801,171543647,0,0,8,101,0,0
4802,171553647,0,0,22,113,0,0
4803,171563647,0,0,29,124,0,0
4804,171573647,0,0,37,125,0,0
4805,171583647,0,0,36,117,0,0
4806,171593647,0,0,41,136,0,0
4807,171603647,0,0,41,140,0,0
4808,171613647,0,0,42,144,0,0
4809,171623647,0,0,35,142,0,0
4810,171633647,0,0,29,136,0,0
4811,171643647,0,0,21,134,0,0
4812,171653647,0,0,2,124,0,0
4813,171663647,0,0,13,138,0,0
4814,171673647,0,0,10,134,0,0
4815,171683647,0,0,7,137,0,0
4816,171693647,0,0,6,129,0,0
4817,171703647,0,0,4,122,0,0
4818,171713647,0,0,0,119,0,2
4819,171723647,0,0,4,110,0,0
4820,171733647,0,0,1,103,0,0
4821,171743647,0,0,0,91,0,0
4822,171753647,0,0,0,86,0,0
4823,171763647,0,0,0,79,0,0
4824,171773647,0,0,0,74,0,0
4825,171783647,0,0,0,53,0,0
4826,171793647,0,0,0,62,0,0
4827,171803647,0,0,0,51,0,0
4828,171813647,0,0,0,36,0,0
4829,171823647,0,45,0,23,0,0
4830,171833647,0,156,0,17,0,0
4831,171843647,41,296,0,2,0,0
4832,171853647,157,477,6,0,0,0
4833,171863647,335,647,10,0,0,0
4834,171873647,470,748,1,0,0,0
4835,171883647,551,813,0,0,0,0
4836,171893647,618,860,0,0,0,0
4837,171903647,685,915,0,0,0,0
4838,171913647,753,969,0,0,0,0
4839,171923647,813,1044,0,0,0,0
4840,171933647,914,1094,0,0,0,0
4841,171943647,956,1130,0,0,0,0
4842,171953647,990,1148,1,0,0,0
4843,171963647,1015,1167,5,21,0,0
4844,171973647,1039,1179,54,59,0,84
4845,171983647,1065,1198,102,94,0,143
4846,171993647,1073,1207,135,105,0,176
4847,172003647,1056,1207,153,140,0,229
4848,172013647,1073,1211,199,183,0,273
4849,172023647,1094,1223,222,216,0,306
4850,172033647,1117,1239,246,239,0,344
4851,172043647,1142,1259,283,264,0,374
4852,172053647,1167,1276,328,290,0,393
4853,172063647,1188,1297,349,320,0,408
4854,172073647,1208,1316,374,348,0,430
4855,172083647,1228,1331,393,379,0,453
4856,172093647,1248,1349,419,407,0,469
4857,172103647,1266,1358,455,424,0,491
4858,172113647,1278,1370,492,457,0,509
4859,172123647,1275,1286,509,450,0,535
4860,172133647,1304,1384,566,532,0,554
4861,172143647,1314,1392,597,553,0,572
4862,172153647,1323,1404,619,585,0,601
4863,172163647,1334,1419,642,594,0,617
4864,172173647,1349,1430,657,618,0,633
4865,172183647,1359,1438,672,628,0,652
4866,172193647,1369,1449,688,643,0,662
4867,172203647,1375,1459,699,654,0,670
4868,172213647,1385,1463,713,658,0,675
4869,172223647,1394,1475,721,664,0,680
4870,172233647,1402,1483,734,668,0,690
4871,172243647,1408,1491,747,679,10,695
4872,172253647,1418,1498,762,687,15,696
4873,172263647,1424,1502,771,696,15,707
4874,172273647,1427,1508,780,702,30,699
4875,172283647,1431,1507,786,712,26,703
4876,172293647,1433,1513,792,720,33,706
4877,172303647,1438,1512,797,727,34,710
4878,172313647,1433,1511,806,728,45,712
4879,172323647,1430,1509,813,744,54,712
4880,172333647,1427,1505,822,750,56,718
4881,172343647,1419,1499,827,761,61,719
4882,172353647,1416,1497,836,774,63,721
4883,172363647,1405,1486,844,780,61,720
4884,172373647,1399,1481,853,789,63,724
4885,172383647,1389,1467,858,777,59,682
4886,172393647,1383,1464,868,811,85,729
4887,172403647,1372,1449,873,821,97,732
4888,172413647,1364,1437,882,837,104,739
4889,172423647,1353,1430,892,856,109,747
4890,172433647,1339,1419,907,868,117,752
4891,172443647,1329,1407,919,880,118,760
4892,172453647,1315,1398,855,886,91,745
4893,172463647,1307,1387,946,924,126,788
4894,172473647,1294,1376,961,947,137,799
4895,172483647,1275,1362,980,963,142,810
4896,172493647,1259,1352,987,982,145,826
4897,172503647,1251,1336,1000,1006,150,848
4898,172513647,1225,1319,1013,981,143,814
4899,172523647,1203,1307,1027,1033,185,879
4900,172533647,1182,1288,1048,1057,195,899
4901,172543647,1161,1271,1062,1078,215,917
4902,172553647,1135,1256,1076,1098,235,936
4903,172563647,1105,1236,1093,1118,266,949
4904,172573647,1070,1215,1109,1138,299,0
4905,172583647,1034,1193,1120,1160,323,0
4906,172593647,995,1165,1128,1177,356,0
4907,172603647,955,1140,1138,1196,380,0
4908,172613647,917,1111,1147,1211,394,0
4909,172623647,867,1086,1160,1228,418,0
4910,172633647,811,1049,1172,1245,452,0
4911,172643647,732,926,1136,1199,468,1124
4912,172653647,670,954,1186,1275,507,1142
4913,172663647,594,915,1193,1289,539,1172
4914,172673647,504,869,1197,1304,568,1194
4915,172683647,418,826,1204,1313,614,1221
4916,172693647,341,669,1208,1322,659,1236
4917,172703647,271,0,1211,1334,685,1257
4918,172713647,172,0,1222,1342,712,1276
4919,172723647,124,0,1229,1355,748,1299
4920,172733647,43,510,1226,1364,793,1316
4921,172743647,6,440,1229,1372,829,1334
4922,172753647,0,368,1235,1382,871,1366
4923,172763647,0,274,1238,1393,904,0
4924,172773647,0,212,1142,1384,864,884
4925,172783647,0,146,1242,1418,963,0
4926,172793647,0,78,1240,1432,989,0
4927,172803647,0,2,1238,1441,1015,0
4928,172813647,0,0,1230,1446,1052,0
4929,172823647,0,0,1213,1453,1069,0
4930,172833647,0,0,1196,1454,1077,0
4931,172843647,0,0,1175,1456,1073,0
4932,172853647,0,0,1129,1454,1052,0
4933,172863647,0,0,1081,1447,1031,0
4934,172873647,0,0,990,1427,994,0
4935,172883647,0,0,876,1397,947,0
4936,172893647,0,0,821,1358,904,1528
4937,172903647,0,0,741,1305,814,1551
4938,172913647,0,0,649,1242,701,1564
4939,172923647,0,0,578,1162,570,1575
4940,172933647,0,0,520,1075,395,1578
4941,172943647,0,0,474,1015,203,1561
4942,172953647,0,0,433,955,88,0
4943,172963647,0,0,386,858,7,1419
4944,172973647,0,0,342,830,0,1432
4945,172983647,0,0,307,755,0,1351
4946,172993647,0,0,286,694,0,1258
4947,173003647,0,0,251,615,0,1173
4948,173013647,0,0,211,527,0,1057
4949,173023647,0,0,165,442,0,882
4950,173033647,0,0,134,372,0,673
4951,173043647,0,0,116,310,0,367
4952,173053647,0,0,99,244,0,57
4953,173063647,0,0,53,148,0,0
4954,173073647,0,0,52,117,0,0
4955,173083647,0,0,50,108,0,7
4956,173093647,0,0,40,90,0,8
4957,173103647,0,0,25,77,0,0
4958,173113647,0,0,16,68,0,0
4959,173123647,0,0,6,56,0,0
4960,173133647,0,0,6,53,0,0
4961,173143647,0,0,4,54,0,0
4962,173153647,0,0,6,60,0,0
4963,173163647,0,0,11,65,0,0
4964,173173647,0,0,9,62,0,0
4965,173183647,0,0,12,72,0,0
4966,173193647,0,0,10,74,0,0
4967,173203647,0,0,9,73,0,0
4968,173213647,0,0,14,77,0,0
4969,173223647,0,0,15,78,0,0
4970,173233647,0,0,18,78,0,0
4971,173243647,0,0,20,81,0,0
4972,173253647,0,0,21,82,0,0
4973,173263647,0,0,23,81,0,0
4974,173273647,0,0,22,77,0,0
4975,173283647,0,0,14,69,0,0
4976,173293647,0,0,3,60,0,0
4977,173303647,0,0,5,50,0,0
4978,173313647,0,0,0,48,0,0
4979,173323647,0,0,0,45,0,0
4980,173333647,0,0,0,45,0,1
4981,173343647,0,0,0,41,0,0
4982,173353647,0,0,0,39,0,0
4983,173363647,0,0,0,38,0,0
4984,173373647,0,0,0,34,0,0
4985,173383647,0,0,0,32,0,0
4986,173393647,0,0,0,34,0,0
4987,173403647,0,0,0,32,0,0
4988,173413647,0,0,0,39,0,0
4989,173423647,0,0,0,37,0,0
4990,173433647,0,0,0,38,0,0
4991,173443647,0,0,0,41,0,0
4992,173453647,0,0,0,47,0,0
4993,173463647,0,0,0,51,0,0
4994,173473647,0,0,0,56,0,0
4995,173483647,0,0,0,57,0,0
4996,173493647,0,0,0,62,0,0
4997,173503647,0,0,0,62,0,0
4998,173513647,0,0,0,67,0,0
4999,173523647,0,51,0,63,0,0
5000,173533647,0,152,0,50,0,0
5001,173543647,21,268,0,58,0,0
5002,173553647,117,427,0,46,0,0
5003,173563647,296,544,0,39,0,0
5004,173573647,428,646,0,34,0,0
5005,173583647,478,682,0,23,0,0
5006,173593647,478,682,0,13,0,0
5007,173603647,430,670,0,6,0,0
5008,173613647,414,662,0,5,0,0
5009,173623647,426,674,0,7,0,0
5010,173633647,463,695,0,6,0,0
5011,173643647,508,727,0,5,0,0
5012,173653647,560,743,0,12,0,0
5013,173663647,600,757,0,26,0,0
5014,173673647,654,789,12,39,0,0
5015,173683647,694,825,30,59,0,0
5016,173693647,728,879,52,71,0,0
5017,173703647,753,949,71,93,0,18
5018,173713647,802,992,106,110,0,53
5019,173723647,857,1048,125,121,0,87
5020,173733647,893,1081,149,148,0,126
5021,173743647,940,1119,170,173,0,166
5022,173753647,994,1159,212,199,0,221
5023,173763647,1047,1197,247,221,0,259
5024,173773647,1093,1227,286,251,0,301
5025,173783647,1129,1261,329,277,0,338
5026,173793647,1166,1287,370,317,0,376
5027,173803647,1188,1301,400,357,0,423
5028,173813647,1201,1308,385,373,0,449
5029,173823647,1221,1321,482,410,0,510
5030,173833647,1236,1325,527,456,0,546
5031,173843647,1251,1332,563,486,4,588
5032,173853647,1257,1338,590,519,23,618
5033,173863647,1273,1350,617,540,42,652
5034,173873647,1289,1365,640,560,60,675
5035,173883647,1305,1372,658,580,84,697
5036,173893647,1318,1382,686,603,111,722
5037,173903647,1322,1389,718,629,125,748
5038,173913647,1326,1390,745,664,147,780
5039,173923647,1326,1391,778,695,166,804
5040,173933647,1328,1390,803,725,205,825
5041,173943647,1329,1388,825,747,236,846
5042,173953647,1328,1386,839,765,276,861
5043,173963647,1324,1382,853,786,293,876
5044,173973647,1318,1374,858,795,318,889
5045,173983647,1308,1363,870,810,345,902
5046,173993647,1292,1338,878,824,370,922
5047,174003647,1265,1320,883,844,406,940
5048,174013647,1235,1281,891,857,437,957
5049,174023647,1200,1204,899,871,469,980
5050,174033647,1167,1164,908,886,504,997
5051,174043647,1132,1108,910,903,546,1010
5052,174053647,1101,1079,920,919,577,1020
5053,174063647,1067,1053,926,937,616,1036
5054,174073647,1030,1025,932,947,652,1049
5055,174083647,999,991,937,961,675,1058
5056,174093647,966,967,946,975,709,1071
5057,174103647,932,943,950,991,743,1081
5058,174113647,903,918,958,1003,788,1098
5059,174123647,872,880,965,1014,826,1109
5060,174133647,844,855,967,1029,860,1123
5061,174143647,813,824,974,1041,886,1128
5062,174153647,796,811,977,1044,903,1047
5063,174163647,779,793,979,1053,923,1141
5064,174173647,751,784,981,1064,947,1161
5065,174183647,716,763,995,1070,978,1171
5066,174193647,674,745,994,1081,1004,1182
5067,174203647,630,714,996,1095,1033,1193
5068,174213647,588,673,997,1102,1060,0
5069,174223647,535,646,999,1114,1084,0
5070,174233647,491,620,998,1126,1113,0
5071,174243647,429,584,997,1137,1142,0
5072,174253647,391,542,1001,1147,1166,0
5073,174263647,315,485,1002,1170,1191,0
5074,174273647,229,455,1002,1171,1225,0
5075,174283647,156,403,1005,1185,1245,0
5076,174293647,96,333,1012,1191,1265,0
5077,174303647,36,275,1015,1212,1280,0
5078,174313647,0,227,1029,1226,1291,0
5079,174323647,0,161,1037,1245,1301,0
5080,174333647,0,92,1039,1258,1307,0
5081,174343647,0,12,1000,1208,1310,0
5082,174353647,0,0,1028,1278,1314,0
5083,174363647,0,0,1006,1285,1300,0
5084,174373647,0,0,980,1290,1290,0
5085,174383647,0,0,943,1294,1277,0
5086,174393647,0,0,878,1296,1273,0
5087,174403647,0,0,813,1294,1271,0
5088,174413647,0,0,724,1227,1263,0
5089,174423647,0,0,688,1271,1239,0
5090,174433647,0,0,647,1245,1191,0
5091,174443647,0,0,577,1197,1080,1527
5092,174453647,0,0,541,1138,951,1580
5093,174463647,0,0,476,1064,811,1593
5094,174473647,0,0,420,1004,631,1606
5095,174483647,0,0,394,952,380,1589
5096,174493647,0,0,358,852,208,0
5097,174503647,0,0,333,764,97,1504
5098,174513647,0,0,309,696,43,1417
5099,174523647,0,0,272,627,0,1309
5100,174533647,0,0,210,556,0,1211
5101,174543647,0,0,147,474,0,1084
5102,174553647,0,0,115,415,0,942
5103,174563647,0,0,101,368,0,743
5104,174573647,0,0,94,297,0,504
5105,174583647,0,0,84,259,0,197
5106,174593647,0,0,71,207,1,0
5107,174603647,0,0,29,114,0,0
5108,174613647,0,0,37,120,0,0
5109,174623647,0,0,37,117,0,0
5110,174633647,0,0,26,103,0,0
5111,174643647,0,0,20,87,0,0
5112,174653647,0,0,11,79,0,0
5113,174663647,0,0,6,71,0,0
5114,174673647,0,0,4,70,0,0
5115,174683647,0,0,4,73,0,0
5116,174693647,0,0,4,73,0,0
5117,174703647,0,0,6,64,0,0
5118,174713647,0,0,6,69,0,0
5119,174723647,0,0,8,74,0,0
5120,174733647,0,0,12,86,0,0
5121,174743647,0,0,25,94,0,0
5122,174753647,0,0,34,106,0,0
5123,174763647,0,0,40,109,0,0
5124,174773647,0,0,45,110,0,0
5125,174783647,0,0,53,121,0,0
5126,174793647,0,0,56,127,0,0
5127,174803647,0,0,57,132,0,0
5128,174813647,0,0,59,132,0,0
5129,174823647,0,0,57,126,0,0
5130,174833647,0,0,44,119,0,0
5131,174843647,0,0,29,105,0,0
5132,174853647,0,0,16,92,0,0
5133,174863647,0,0,2,82,0,0
5134,174873647,0,0,0,72,0,0
5135,174883647,2,0,0,69,0,0
5136,174893647,0,0,0,57,0,0
5137,174903647,0,0,0,52,0,0
5138,174913647,0,0,0,41,0,0
5139,174923647,0,0,0,31,0,0
5140,174933647,0,0,0,31,0,0
5141,174943647,0,0,0,33,0,0
5142,174953647,0,0,0,34,0,0
5143,174963647,0,0,0,21,0,0
5144,174973647,0,0,0,34,0,0
5145,174983647,0,0,0,27,0,0
5146,174993647,0,0,0,27,0,0
5147,175003647,0,0,0,35,0,0
5148,175013647,0,0,0,39,0,0
5149,175023647,0,0,0,44,0,0
5150,175033647,0,0,0,51,0,0
5151,175043647,0,0,0,53,0,0
5152,175053647,0,0,0,53,0,0
5153,175063647,0,0,0,39,0,0
5154,175073647,0,0,3,51,0,0
5155,175083647,0,0,0,47,0,0
5156,175093647,0,0,0,48,0,0
5157,175103647,0,61,0,49,1,0
5158,175113647,4,182,0,36,0,0
5159,175123647,93,365,0,23,0,0
5160,175133647,303,576,11,18,0,0
5161,175143647,521,764,13,5,0,0
5162,175153647,647,882,5,0,0,0
5163,175163647,740,969,7,0,0,0
5164,175173647,819,1036,22,0,0,0
5165,175183647,904,1097,27,0,0,0
5166,175193647,964,1143,32,0,0,0
5167,175203647,1017,1179,37,7,0,0
5168,175213647,1066,1219,45,11,0,0
5169,175223647,1109,1251,69,27,0,0
5170,175233647,1136,1274,84,35,0,0
5171,175243647,1167,1301,99,40,0,0
5172,175253647,1200,1324,114,53,0,0
5173,175263647,1236,1349,136,75,0,0
5174,175273647,1269,1370,155,90,0,0
5175,175283647,1296,1389,176,114,0,0
5176,175293647,1319,1400,229,137,0,0
5177,175303647,1339,1418,264,178,0,0
5178,175313647,1367,1431,308,216,3,0
5179,175323647,1388,1443,337,256,0,0
5180,175333647,1394,1448,384,309,0,0
5181,175343647,1397,1458,463,373,0,0
5182,175353647,1396,1456,534,430,0,54
5183,175363647,1396,1462,601,490,0,103
5184,175373647,1399,1464,660,550,0,150
5185,175383647,1365,1371,697,605,0,183
5186,175393647,1405,1472,752,650,0,206
5187,175403647,1415,1478,789,695,0,218
5188,175413647,1418,1479,826,728,0,234
5189,175423647,1415,1480,863,766,0,252
5190,175433647,1405,1475,893,806,0,279
5191,175443647,1378,1372,886,785,0,301
5192,175453647,1386,1463,946,869,0,330
5193,175463647,1375,1455,962,891,0,355
5194,175473647,1365,1450,978,916,0,379
5195,175483647,1350,1439,997,938,0,419
5196,175493647,1336,1434,1013,963,0,435
5197,175503647,1304,1331,995,926,0,454
5198,175513647,1315,1425,1046,989,0,471
5199,175523647,1301,1410,1058,1003,0,496
5200,175533647,1283,1396,1065,1016,0,535
5201,175543647,1260,1381,1076,1033,0,572
5202,175553647,1241,1360,1081,1048,0,611
5203,175563647,1223,1341,1083,1055,0,575
5204,175573647,1205,1327,1091,1081,7,665
5205,175583647,1192,1316,1094,1080,24,696
5206,175593647,1178,1301,1097,1096,43,710
5207,175603647,1161,1284,1107,1107,69,0
5208,175613647,1140,1268,1111,1122,87,740
5209,175623647,1122,1257,1119,1131,117,787
5210,175633647,1067,1154,1109,1143,141,819
5211,175643647,1076,1228,1130,1148,173,857
5212,175653647,1046,1209,1133,1162,209,883
5213,175663647,1011,1195,1138,1179,245,907
5214,175673647,985,1179,1146,1187,284,924
5215,175683647,955,1162,1149,1194,320,942
5216,175693647,899,1065,1148,1204,358,945
5217,175703647,905,1132,1161,1208,375,964
5218,175713647,886,1123,1165,1212,395,971
5219,175723647,874,1114,1165,1212,420,979
5220,175733647,867,1107,1166,1215,440,985
5221,175743647,859,1099,1164,1212,442,984
5222,175753647,857,1100,1163,1211,456,987
5223,175763647,856,1097,1163,1211,471,995
5224,175773647,843,1102,1161,1209,472,993
5225,175783647,848,1099,1160,1206,475,994
5226,175793647,852,1098,1160,1205,490,996
5227,175803647,847,1095,1158,1204,499,998
5228,175813647,845,1093,1160,1205,519,1003
5229,175823647,843,1087,1163,1203,535,1004
5230,175833647,840,1082,1157,1203,542,1004
5231,175843647,831,1093,1157,1202,553,1011
5232,175853647,825,1096,1158,1199,553,1017
5233,175863647,829,1098,1156,1198,569,1031
5234,175873647,840,1104,1163,1196,594,1035
5235,175883647,851,1100,1157,1196,608,1043
5236,175893647,853,1101,1152,1194,628,1054
5237,175903647,853,1091,1152,1192,635,1059
5238,175913647,851,1079,1151,1191,650,1065
5239,175923647,851,1063,1149,1182,664,1072
5240,175933647,850,1061,1147,1180,675,1079
5241,175943647,847,1052,1147,1181,693,1085
5242,175953647,846,1043,1057,1163,650,1059
5243,175963647,847,1039,1141,1177,723,1101
5244,175973647,843,1027,1136,1174,737,1111
5245,175983647,838,1015,1132,1169,742,1115
5246,175993647,835,1007,1128,1159,746,1122
5247,176003647,829,998,1125,1151,757,1124
5248,176013647,827,981,1119,1141,769,1124
5249,176023647,819,973,1114,1141,778,1132
5250,176033647,816,960,1111,1137,786,1138
5251,176043647,813,946,1107,1130,790,1140
5252,176053647,813,944,1103,1120,795,1137
5253,176063647,820,955,1095,1108,795,1136
5254,176073647,831,957,1085,1092,795,1134
5255,176083647,844,962,1078,1078,789,1132
5256,176093647,854,960,1066,1066,776,1124
5257,176103647,853,960,1057,1050,752,1111
5258,176113647,859,956,1042,1029,716,1094
5259,176123647,862,954,1020,1004,675,265
5260,176133647,858,944,1002,991,649,0
5261,176143647,775,902,987,985,645,0
5262,176153647,740,839,976,986,657,0
5263,176163647,652,757,961,989,680,0
5264,176173647,532,672,941,994,700,0
5265,176183647,373,583,921,992,728,0
5266,176193647,220,472,888,995,759,0
5267,176203647,64,302,838,998,784,1140
5268,176213647,0,233,793,992,810,1146
5269,176223647,0,154,699,982,808,1132
5270,176233647,0,77,614,958,806,1130
5271,176243647,0,19,505,881,789,1112
5272,176253647,0,0,430,811,779,1103
5273,176263647,0,0,362,704,734,1100
5274,176273647,0,0,303,581,653,1097
5275,176283647,0,0,249,474,554,1089
5276,176293647,0,0,180,388,460,0
5277,176303647,0,0,127,312,358,1024
5278,176313647,0,0,98,260,246,950
5279,176323647,0,0,55,194,121,852
5280,176333647,0,0,26,118,21,712
5281,176343647,0,0,0,80,0,668
5282,176353647,0,0,0,41,0,587
5283,176363647,0,0,0,19,0,480
5284,176373647,0,2,0,0,0,350
5285,176383647,0,27,0,0,0,154
5286,176393647,0,52,0,0,0,20
5287,176403647,0,74,0,0,0,0
5288,176413647,0,73,0,0,0,0
5289,176423647,0,67,0,0,0,0
5290,176433647,0,67,0,3,0,0
5291,176443647,0,68,0,12,0,0
5292,176453647,0,78,0,14,0,0
5293,176463647,0,86,0,9,0,0
5294,176473647,0,98,0,6,0,0
5295,176483647,0,104,0,4,0,0
5296,176493647,0,107,0,7,0,0
5297,176503647,0,112,0,10,0,0
5298,176513647,0,115,0,12,0,0
5299,176523647,0,119,0,15,0,0
5300,176533647,0,122,1,17,0,0
5301,176543647,0,127,3,16,0,0
5302,176553647,0,133,5,19,0,0
5303,176563647,0,136,8,25,0,0
5304,176573647,0,139,21,30,0,0
5305,176583647,0,141,35,35,0,0
5306,176593647,0,140,46,40,0,0
5307,176603647,0,140,57,48,0,0
5308,176613647,0,143,70,55,0,0
5309,176623647,0,149,80,61,0,0
5310,176633647,0,148,89,71,0,0
5311,176643647,0,150,88,73,0,0
5312,176653647,0,152,93,69,0,0
5313,176663647,0,151,87,47,0,0
5314,176673647,0,151,74,52,0,0
5315,176683647,0,151,60,44,0,0
5316,176693647,0,147,51,38,0,0
5317,176703647,0,144,43,28,0,0
5318,176713647,0,138,44,28,0,0
5319,176723647,0,135,40,18,0,0
5320,176733647,0,129,42,28,0,0
5321,176743647,0,117,43,34,0,0
5322,176753647,0,111,43,36,0,0
5323,176763647,0,102,46,40,0,0
5324,176773647,0,106,41,38,0,0
5325,176783647,0,88,34,39,0,0
5326,176793647,0,86,37,38,0,0
5327,176803647,0,86,29,37,0,0
5328,176813647,0,83,29,33,0,0
5329,176823647,0,82,25,30,0,0
5330,176833647,0,80,24,26,0,0
5331,176843647,0,84,22,22,0,0
5332,176853647,0,86,20,21,0,0
5333,176863647,0,87,24,24,0,0
5334,176873647,0,84,23,23,0,0
5335,176883647,0,84,23,24,0,0
5336,176893647,0,85,26,22,0,0
5337,176903647,0,157,21,5,0,0
5338,176913647,0,249,26,4,0,0
5339,176923647,11,365,20,0,0,0
5340,176933647,122,538,26,0,0,0
5341,176943647,343,728,26,3,0,0
5342,176953647,563,913,20,0,0,0
5343,176963647,794,1065,4,0,0,0
5344,176973647,970,1188,5,0,0,0
5345,176983647,1098,1279,10,0,0,0
5346,176993647,1182,1341,9,0,0,0
5347,177003647,1245,1395,24,0,0,0
5348,177013647,1289,1433,41,0,0,0
5349,177023647,1338,1468,54,0,0,0
5350,177033647,1394,1510,105,0,0,0
5351,177043647,1437,1550,153,22,0,0
5352,177053647,1477,1574,200,35,0,0
5353,177063647,1504,1597,290,90,0,0
5354,177073647,1526,1617,343,163,0,0
5355,177083647,1548,1628,424,238,0,0
5356,177093647,1564,1641,505,329,0,0
5357,177103647,1574,1647,571,400,0,0
5358,177113647,1576,1653,634,470,0,0
5359,177123647,1581,1652,676,528,0,0
5360,177133647,1579,1656,714,565,0,0
5361,177143647,1581,1655,741,602,0,0
5362,177153647,1581,1655,761,632,0,26
5363,177163647,1584,1655,787,662,0,49
5364,177173647,1583,1653,797,680,0,79
5365,177183647,1580,1651,809,700,0,117
5366,177193647,1575,1637,817,715,0,167
5367,177203647,1565,1635,825,723,0,200
5368,177213647,1554,1628,828,729,0,226
5369,177223647,1538,1617,838,734,0,265
5370,177233647,1519,1609,842,747,0,287
5371,177243647,1499,1594,855,761,0,299
5372,177253647,1478,1582,861,776,0,314
5373,177263647,1458,1577,875,787,0,331
5374,177273647,1447,1565,879,798,0,339
5375,177283647,1437,1559,885,806,0,347
5376,177293647,1426,1548,895,824,0,358
5377,177303647,1415,1537,911,836,0,368
5378,177313647,1395,1525,919,851,0,391
5379,177323647,1371,1510,928,866,0,409
5380,177333647,1348,1492,940,886,0,435
5381,177343647,1326,1469,955,915,0,461
5382,177353647,1294,1447,969,931,0,481
5383,177363647,1261,1421,979,949,4,511
5384,177373647,1238,1390,1001,971,25,478
5385,177383647,1202,1356,1015,990,37,555
5386,177393647,1170,1322,1034,1008,75,595
5387,177403647,1125,1293,1048,1038,111,647
5388,177413647,1083,1264,1061,1052,149,702
5389,177423647,1043,1243,1074,1085,190,755
5390,177433647,1004,1227,1082,1102,236,795
5391,177443647,981,1209,1096,1112,299,755
5392,177453647,963,1194,1104,1136,327,855
5393,177463647,935,1182,1110,1139,357,877
5394,177473647,903,1162,1115,1150,390,899
5395,177483647,877,1147,1120,1161,416,919
5396,177493647,852,1132,1126,1168,443,928
5397,177503647,816,1122,1128,1178,469,940
5398,177513647,799,1109,1132,1179,488,951
5399,177523647,777,1097,1136,1185,513,957
5400,177533647,746,1087,1136,1188,519,965
5401,177543647,730,1074,1137,1189,548,974
5402,177553647,713,1058,1138,1192,574,983
5403,177563647,680,1043,1140,1191,594,989
5404,177573647,663,956,1102,1137,601,994
5405,177583647,659,1022,1140,1194,604,998
5406,177593647,644,1015,1141,1194,617,1000
5407,177603647,634,1012,1141,1193,625,1000
5408,177613647,621,1005,1142,1195,631,1004
5409,177623647,604,988,1143,1197,656,1007
5410,177633647,578,960,1144,1198,676,1019
5411,177643647,543,933,1145,1201,693,1025
5412,177653647,497,0,1145,1208,722,1037
5413,177663647,442,0,1145,1213,743,1046
5414,177673647,379,0,1145,1211,758,1056
5415,177683647,311,0,1142,1210,782,1082
5416,177693647,216,0,1139,1224,801,1092
5417,177703647,131,0,1135,1225,825,1108
5418,177713647,52,568,1129,1229,854,1126
5419,177723647,1,479,1122,1235,889,1146
5420,177733647,0,374,1114,1238,931,1173
5421,177743647,0,280,1102,1242,967,1194
5422,177753647,0,189,1086,1248,1021,1222
5423,177763647,0,0,1061,1212,1009,1179
5424,177773647,0,0,1015,1253,1107,1264
5425,177783647,0,0,955,1245,1144,1281
5426,177793647,0,0,889,1232,1199,1306
5427,177803647,0,0,816,1208,1243,1341
5428,177813647,0,0,729,1171,1278,1376
5429,177823647,0,0,633,1063,1236,1339
5430,177833647,0,0,559,1043,1317,1452
5431,177843647,0,0,461,966,1307,1489
5432,177853647,0,0,394,858,1272,1527
5433,177863647,0,0,295,760,1200,1561
5434,177873647,0,0,227,667,1106,1588
5435,177883647,0,0,149,575,1003,1608
5436,177893647,0,0,97,496,860,1617
5437,177903647,0,0,75,416,690,1611
5438,177913647,0,0,34,355,549,1585
5439,177923647,0,0,7,290,405,190
5440,177933647,0,0,0,234,301,1460
5441,177943647,0,0,0,186,214,1389
5442,177953647,0,0,0,145,114,1307
5443,177963647,0,0,0,121,24,1200
5444,177973647,0,0,0,84,0,1064
5445,177983647,0,0,1,69,0,884
5446,177993647,0,0,0,41,0,625
5447,178003647,0,0,0,22,0,291
5448,178013647,0,0,0,0,0,61
5449,178023647,0,0,0,0,0,29
5450,178033647,0,0,0,0,0,41
5451,178043647,0,0,0,0,0,44
5452,178053647,0,0,0,0,0,26
5453,178063647,0,0,0,0,0,2
5454,178073647,0,0,0,0,0,0
5455,178083647,0,0,0,0,0,0
5456,178093647,0,0,0,0,0,0
5457,178103647,0,0,0,0,0,3
5458,178113647,0,0,0,0,0,0
5459,178123647,0,0,0,0,0,1
5460,178133647,0,0,0,0,0,0
5461,178143647,0,0,0,0,0,0
5462,178153647,0,0,0,0,0,0
5463,178163647,0,0,0,0,0,0
5464,178173647,0,0,0,4,0,0
5465,178183647,0,0,0,8,0,3
5466,178193647,0,0,0,15,0,0
5467,178203647,0,0,0,16,0,0
5468,178213647,0,0,0,19,0,0
5469,178223647,0,0,0,20,0,0
5470,178233647,0,0,0,22,0,0
5471,178243647,0,0,0,29,0,0
5472,178253647,0,0,0,35,0,0
5473,178263647,0,0,0,40,0,0
5474,178273647,0,0,0,44,0,0
5475,178283647,0,0,0,39,0,0
5476,178293647,0,0,0,35,0,0
5477,178303647,0,0,0,36,0,0
5478,178313647,0,0,0,26,0,2
5479,178323647,0,0,0,23,0,0
5480,178333647,0,0,0,20,0,0
5481,178343647,0,0,0,16,0,0
5482,178353647,0,0,0,14,0,0
5483,178363647,0,0,0,14,0,4
5484,178373647,0,0,0,11,0,0
5485,178383647,0,0,0,13,0,0
5486,178393647,0,0,0,12,0,0
5487,178403647,0,0,0,6,0,0
5488,178413647,0,0,0,15,0,0
5489,178423647,0,0,0,14,0,0
5490,178433647,0,0,0,13,0,0
5491,178443647,0,0,0,13,0,0
5492,178453647,0,0,0,12,0,1
5493,178463647,0,0,0,7,0,0
5494,178473647,0,0,0,16,0,0
5495,178483647,0,0,0,3,0,0
5496,178493647,0,80,0,0,0,0
5497,178503647,1,251,0,0,0,0
5498,178513647,132,512,0,0,0,0
5499,178523647,424,690,0,0,0,0
5500,178533647,693,920,0,0,0,0
5501,178543647,853,1048,0,0,2,0
5502,178553647,996,1129,0,0,0,0
5503,178563647,1120,1225,0,0,0,0
5504,178573647,1217,1297,7,0,0,0
5505,178583647,1275,1354,18,5,0,0
5506,178593647,1313,1385,46,22,0,0
5507,178603647,1336,1409,82,32,0,0
5508,178613647,1348,1427,114,48,0,0
5509,178623647,1347,1434,143,65,0,0
5510,178633647,1338,1441,171,93,0,0
5511,178643647,1341,1453,222,155,0,0
5512,178653647,1325,1399,251,180,0,0
5513,178663647,1381,1482,318,230,0,0
5514,178673647,1398,1498,366,277,0,0
5515,178683647,1421,1510,404,326,0,0
5516,178693647,1434,1522,433,368,0,0
5517,178703647,1450,1531,468,384,0,0
5518,178713647,1466,1545,484,386,0,0
5519,178723647,1479,1559,505,424,0,0
5520,178733647,1490,1570,527,441,0,24
5521,178743647,1495,1575,544,461,0,45
5522,178753647,1501,1584,557,472,0,53
5523,178763647,1510,1591,576,488,0,58
5524,178773647,1512,1598,591,504,0,67
5525,178783647,1527,1612,599,507,0,79
5526,178793647,1544,1617,611,523,0,93
5527,178803647,1554,1624,615,530,0,108
5528,178813647,1560,1627,624,536,0,109
5529,178823647,1566,1635,630,549,0,117
5530,178833647,1572,1637,631,554,0,121
5531,178843647,1574,1641,638,558,0,125
5532,178853647,1578,1639,646,564,0,135
5533,178863647,1579,1639,648,566,0,142
5534,178873647,1581,1639,650,567,0,160
5535,178883647,1583,1639,651,573,0,180
5536,178893647,1583,1640,654,571,0,179
5537,178903647,1504,1558,648,571,0,205
5538,178913647,1587,1639,652,572,0,217
5539,178923647,1581,1641,652,563,0,233
5540,178933647,1587,1639,652,565,0,235
5541,178943647,1587,1638,650,565,0,245
5542,178953647,1585,1633,652,565,0,252
5543,178963647,1582,1633,652,567,0,262
5544,178973647,1579,1630,656,571,0,275
5545,178983647,1576,1627,662,578,0,286
5546,178993647,1572,1625,666,583,0,298
5547,179003647,1561,1623,672,593,0,313
5548,179013647,1562,1619,678,599,0,328
5549,179023647,1559,1617,681,615,0,339
5550,179033647,1558,1613,688,612,0,345
5551,179043647,1554,1610,697,616,0,356
5552,179053647,1548,1606,708,627,0,369
5553,179063647,1539,1598,715,643,2,380
5554,179073647,1527,1594,727,650,0,388
5555,179083647,1519,1588,737,659,0,404
5556,179093647,1515,1582,745,668,0,414
5557,179103647,1507,1578,756,684,3,418
5558,179113647,1496,1570,764,695,0,429
5559,179123647,1488,1565,775,714,0,441
5560,179133647,1479,1558,783,724,0,446
5561,179143647,1468,1552,794,744,0,464
5562,179153647,1461,1546,808,750,0,473
5563,179163647,1456,1532,819,736,0,445
5564,179173647,1444,1525,829,780,0,490
5565,179183647,1434,1516,840,792,5,502
5566,179193647,1426,1510,846,799,12,508
5567,179203647,1410,1500,854,809,27,520
5568,179213647,1399,1490,860,815,28,530
5569,179223647,1382,1481,864,827,34,540
5570,179233647,1367,1466,881,838,48,553
5571,179243647,1342,1455,887,851,76,567
5572,179253647,1323,1444,894,860,79,578
5573,179263647,1305,1430,903,872,98,592
5574,179273647,1287,1414,909,883,110,596
5575,179283647,1267,1394,917,891,118,613
5576,179293647,1244,1373,923,903,150,620
5577,179303647,1229,1353,930,915,167,633
5578,179313647,1210,1335,937,924,178,651
5579,179323647,1194,1320,942,934,201,663
5580,179333647,1185,1302,949,944,217,671
5581,179343647,1174,1285,954,952,230,681
5582,179353647,1158,1256,959,967,243,694
5583,179363647,1138,1234,974,973,270,708
5584,179373647,1106,1209,970,978,282,718
5585,179383647,1057,1181,971,982,306,727
5586,179393647,989,1146,969,984,331,610
5587,179403647,928,1102,966,988,348,0
5588,179413647,863,1050,957,992,361,0
5589,179423647,786,971,956,999,368,0
5590,179433647,657,901,954,1003,418,0
5591,179443647,517,796,954,1016,476,893
5592,179453647,340,653,948,1034,562,969
5593,179463647,115,531,935,1047,656,1020
5594,179473647,0,0,910,1055,743,1069
5595,179483647,0,192,860,1066,832,1115
5596,179493647,0,53,771,1070,898,1140
5597,179503647,0,0,696,1069,947,1171
5598,179513647,0,0,630,1062,1003,1193
5599,179523647,0,0,569,1042,1045,1228
5600,179533647,0,0,502,1001,1065,1252
5601,179543647,0,0,434,927,1046,1279
5602,179553647,0,0,360,861,1000,1304
5603,179563647,0,0,288,770,942,1332
5604,179573647,0,0,233,682,876,1353
5605,179583647,0,0,163,619,786,1367
5606,179593647,0,0,132,563,634,1357
5607,179603647,0,0,100,499,448,1349
5608,179613647,0,0,77,439,327,1307
5609,179623647,0,0,40,396,250,1239
5610,179633647,0,0,22,344,170,1172
5611,179643647,0,0,7,304,116,1078
5612,179653647,0,0,1,273,52,986
5613,179663647,0,0,0,247,0,870
5614,179673647,0,0,0,206,0,680
5615,179683647,0,0,0,181,0,576
5616,179693647,0,0,0,157,0,383
5617,179703647,0,0,0,124,0,184
5618,179713647,0,0,0,78,0,26
5619,179723647,0,0,0,28,0,0
5620,179733647,0,0,0,15,0,0
5621,179743647,0,0,0,14,0,0
5622,179753647,0,0,0,16,0,0
5623,179763647,0,2,0,12,0,0
5624,179773647,0,0,0,8,0,0
5625,179783647,0,0,0,12,0,0
5626,179793647,0,0,0,15,0,0
5627,179803647,0,0,0,18,0,0
5628,179813647,0,0,0,22,0,0
5629,179823647,0,0,0,24,0,0
5630,179833647,0,0,0,27,0,0
5631,179843647,0,0,0,30,0,0
5632,179853647,0,0,0,34,0,0
5633,179863647,0,0,0,32,0,0
5634,179873647,0,0,0,38,0,0
5635,179883647,0,0,0,39,0,0
5636,179893647,0,0,0,46,0,0
5637,179903647,0,0,0,51,0,0
5638,179913647,0,0,1,55,0,0
5639,179923647,0,0,0,54,0,0
5640,179933647,0,0,0,60,0,0
5641,179943647,0,0,0,60,0,0
5642,179953647,0,0,0,64,0,0
5643,179963647,0,0,0,67,0,0
5644,179973647,0,0,0,71,0,0
5645,179983647,0,0,0,75,0,0
5646,179993647,0,0,0,76,0,0
5647,180003647,0,0,0,77,0,0
5648,180013647,0,0,0,77,0,0
5649,180023647,0,0,0,76,0,0
5650,180033647,0,0,0,75,0,0
5651,180043647,0,0,0,70,0,0
5652,180053647,0,0,0,66,0,0
5653,180063647,0,0,0,53,0,0
5654,180073647,0,0,0,45,0,0
5655,180083647,0,0,0,39,0,0
5656,180093647,0,0,0,40,0,0
5657,180103647,0,0,0,37,0,0
5658,180113647,0,0,0,31,0,0
5659,180123647,0,0,0,23,0,0
5660,180133647,0,6,0,12,0,0
5661,180143647,0,120,0,4,0,0
5662,180153647,15,296,0,0,0,0
5663,180163647,137,507,0,0,0,0
5664,180173647,417,734,0,0,0,0
5665,180183647,658,894,0,0,0,0
5666,180193647,807,997,0,0,0,0
5667,180203647,902,1057,0,0,0,0
5668,180213647,968,1082,0,6,0,0
5669,180223647,998,1111,8,33,0,0
5670,180233647,1015,1114,44,47,0,0
5671,180243647,989,1092,63,55,0,0
5672,180253647,944,1074,75,85,0,0
5673,180263647,916,1060,109,113,0,0
5674,180273647,906,1051,141,146,0,46
5675,180283647,911,1055,165,173,0,108
5676,180293647,932,1062,184,208,0,194
5677,180303647,969,1092,222,229,0,267
5678,180313647,1000,1114,239,243,0,309
5679,180323647,1042,1139,272,268,0,354
5680,180333647,1061,1091,275,257,0,404
5681,180343647,1112,1206,314,298,0,437
5682,180353647,1136,1238,342,330,0,483
5683,180363647,1165,1258,361,364,0,530
5684,180373647,1182,1283,386,398,0,584
5685,180383647,1198,1296,411,428,0,626
5686,180393647,1222,1316,437,440,0,665
5687,180403647,1244,1339,469,471,15,696
5688,180413647,1261,1367,489,471,41,716
5689,180423647,1283,1386,512,481,63,741
5690,180433647,1299,1405,526,481,86,757
5691,180443647,1312,1418,539,490,113,778
5692,180453647,1322,1427,550,506,139,803
5693,180463647,1261,1432,565,532,203,830
5694,180473647,1326,1435,570,551,240,859
5695,180483647,1326,1431,593,574,279,888
5696,180493647,1324,1435,605,602,313,917
5697,180503647,1325,1435,622,620,350,931
5698,180513647,1323,1435,637,645,384,941
5699,180523647,1286,1369,611,649,367,944
5700,180533647,1325,1441,680,697,432,952
5701,180543647,1320,1445,695,723,447,970
5702,180553647,1317,1446,718,746,459,980
5703,180563647,1315,1446,732,778,472,989
5704,180573647,1313,1443,749,801,484,994
5705,180583647,1312,1440,765,820,479,998
5706,180593647,1309,1440,786,841,475,999
5707,180603647,1309,1441,798,857,461,997
5708,180613647,1300,1444,818,871,434,985
5709,180623647,1307,1443,833,884,398,971
5710,180633647,1308,1446,847,904,356,951
5711,180643647,1309,1449,859,923,304,924
5712,180653647,1310,1452,870,940,283,891
5713,180663647,1315,1458,881,954,247,859
5714,180673647,1321,1465,891,969,219,815
5715,180683647,1323,1474,900,981,188,786
5716,180693647,1328,1479,912,992,162,741
5717,180703647,1336,1485,920,999,133,714
5718,180713647,1340,1490,925,1005,127,624
5719,180723647,1343,1494,937,1020,106,660
5720,180733647,1346,1499,947,1031,89,623
5721,180743647,1356,1504,952,1042,72,602
5722,180753647,1360,1510,963,1053,61,588
5723,180763647,1364,1514,973,1064,52,591
5724,180773647,1365,1519,990,1079,46,590
5725,180783647,1364,1521,923,1074,30,566
5726,180793647,1370,1524,1010,1106,49,594
5727,180803647,1374,1526,1031,1121,55,598
5728,180813647,1375,1528,1041,1129,57,600
5729,180823647,1376,1527,1049,1140,51,596
5730,180833647,1381,1528,1053,1144,55,597
5731,180843647,1382,1529,1056,1150,54,592
5732,180853647,1384,1530,1061,1157,49,588
5733,180863647,1385,1528,1063,1161,45,584
5734,180873647,1386,1528,1063,1157,42,566
5735,180883647,1387,1528,1063,1157,43,565
5736,180893647,1387,1527,1068,1162,42,561
5737,180903647,1379,1524,1069,1167,49,573
5738,180913647,1364,1514,1074,1172,69,592
5739,180923647,1340,1506,1080,1180,84,612
5740,180933647,1313,1494,1084,1190,96,630
5741,180943647,1280,1480,1096,1197,106,648
5742,180953647,1251,1466,1101,1207,135,657
5743,180963647,1214,1450,1108,1215,145,668
5744,180973647,1166,1432,1032,1204,151,657
5745,180983647,1114,1413,1118,1229,214,709
5746,180993647,1042,1378,1120,1239,236,728
5747,181003647,956,1328,1126,1245,292,744
5748,181013647,872,1274,1133,1254,351,773
5749,181023647,765,1211,1135,1259,404,808
5750,181033647,641,1120,1050,1251,390,813
5751,181043647,536,994,1140,1277,471,829
5752,181053647,399,876,1144,1290,486,903
5753,181063647,290,0,1146,1296,484,933
5754,181073647,149,0,1143,1301,458,946
5755,181083647,28,0,1135,1301,406,949
5756,181093647,0,330,1128,1302,323,950
5757,181103647,0,119,1075,1236,261,940
5758,181113647,0,51,1076,1290,207,939
5759,181123647,0,0,1045,1274,126,931
5760,181133647,0,0,992,1255,57,927
5761,181143647,0,0,940,1218,2,915
5762,181153647,0,0,889,1174,0,892
5763,181163647,0,0,792,1081,0,871
5764,181173647,0,0,797,1030,0,827
5765,181183647,0,0,765,972,0,725
5766,181193647,0,0,735,909,0,634
5767,181203647,0,0,663,858,0,548
5768,181213647,0,0,596,762,0,422
5769,181223647,0,2,526,633,0,264
5770,181233647,0,0,472,522,0,101
5771,181243647,0,0,403,413,0,0
5772,181253647,0,0,323,261,0,0
5773,181263647,0,0,297,210,0,0
5774,181273647,0,0,304,217,0,0
5775,181283647,0,0,289,192,0,0
5776,181293647,0,0,253,173,0,0
5777,181303647,0,0,206,146,1,0
5778,181313647,0,0,165,105,0,0
5779,181323647,0,0,142,83,0,0
5780,181333647,0,0,113,72,0,0
5781,181343647,0,0,104,75,0,0
5782,181353647,0,0,92,77,0,0
5783,181363647,0,0,77,82,0,0
5784,181373647,0,0,80,88,0,0
5785,181383647,0,0,76,99,0,0
5786,181393647,0,0,74,105,0,0
5787,181403647,0,0,68,112,0,0
5788,181413647,0,0,69,121,0,0
5789,181423647,0,0,61,120,0,0
5790,181433647,0,0,57,124,0,0
5791,181443647,0,0,61,117,0,0
5792,181453647,0,0,59,121,0,0
5793,181463647,0,0,59,131,0,0
5794,181473647,0,0,57,134,0,0
5795,181483647,0,0,53,123,0,0
5796,181493647,0,0,26,81,0,0
5797,181503647,0,0,27,85,0,0
5798,181513647,0,0,20,74,0,0
5799,181523647,0,0,9,65,0,0
5800,181533647,0,0,3,61,0,0
5801,181543647,0,0,3,59,0,0
5802,181553647,0,0,0,59,0,0
5803,181563647,0,0,0,58,0,0
5804,181573647,0,0,7,58,0,0
5805,181583647,0,11,12,44,0,0
5806,181593647,0,150,16,33,0,0
5807,181603647,46,355,18,44,0,0
5808,181613647,263,612,24,31,0,0
5809,181623647,585,790,12,10,0,0
5810,181633647,878,1033,53,19,0,0
5811,181643647,1040,1148,63,22,0,0
5812,181653647,1123,1201,49,18,0,0
5813,181663647,1196,1241,40,24,0,0
5814,181673647,1240,1266,51,27,0,0
5815,181683647,1261,1291,74,41,0,0
5816,181693647,1285,1306,118,92,0,0
5817,181703647,1279,1314,153,121,0,0
5818,181713647,1261,1308,178,152,0,0
5819,181723647,1238,1288,215,191,0,0
5820,181733647,1207,1264,233,223,0,7
5821,181743647,1187,1259,252,236,0,56
5822,181753647,1160,1212,261,236,0,97
5823,181763647,1205,1297,302,272,0,177
5824,181773647,1213,1306,319,301,0,249
5825,181783647,1226,1304,340,330,0,302
5826,181793647,1235,1312,376,362,0,354
5827,181803647,1245,1305,408,402,0,403
5828,181813647,1254,1305,439,429,3,455
5829,181823647,1265,1312,476,468,22,515
5830,181833647,1271,1322,516,510,71,580
5831,181843647,1282,1325,550,551,107,623
5832,181853647,1296,1339,573,589,135,674
5833,181863647,1310,1354,593,620,167,714
5834,181873647,1321,1365,606,643,203,743
5835,181883647,1330,1376,622,661,251,703
5836,181893647,1338,1383,635,676,289,799
5837,181903647,1347,1387,650,691,335,819
5838,181913647,1351,1391,667,705,388,837
5839,181923647,1357,1397,678,721,424,852
5840,181933647,1358,1399,686,730,456,871
5841,181943647,1361,1400,693,741,483,884
5842,181953647,1326,1306,691,748,506,903
5843,181963647,1363,1408,702,754,538,908
5844,181973647,1364,1400,705,757,558,919
5845,181983647,1363,1400,705,763,573,918
5846,181993647,1362,1400,711,763,586,921
5847,182003647,1363,1401,708,762,596,921
5848,182013647,1363,1400,635,747,553,880
5849,182023647,1368,1403,698,756,597,903
5850,182033647,1370,1405,692,747,595,889
5851,182043647,1374,1414,694,743,589,879
5852,182053647,1377,1415,687,741,590,873
5853,182063647,1382,1417,687,739,593,861
5854,182073647,1385,1421,682,738,588,784
5855,182083647,1388,1421,682,742,594,858
5856,182093647,1388,1423,686,750,604,858
5857,182103647,1392,1426,693,750,618,862
5858,182113647,1396,1427,694,754,630,864
5859,182123647,1398,1428,692,756,637,857
5860,182133647,1399,1427,688,759,643,851
5861,182143647,1403,1427,682,758,638,854
5862,182153647,1404,1425,678,758,648,845
5863,182163647,1404,1428,674,752,666,842
5864,182173647,1405,1428,661,749,667,833
5865,182183647,1410,1429,651,735,666,826
5866,182193647,1413,1428,652,728,667,826
5867,182203647,1415,1428,649,726,665,828
5868,182213647,1419,1427,666,735,676,846
5869,182223647,1416,1423,668,739,689,861
5870,182233647,1409,1412,670,747,699,872
5871,182243647,1399,1396,671,753,714,887
5872,182253647,1382,1373,659,758,730,894
5873,182263647,1353,1331,647,761,744,911
5874,182273647,1313,1285,634,763,766,923
5875,182283647,1257,1221,620,768,771,934
5876,182293647,1190,1131,616,789,777,947
5877,182303647,1123,1038,629,805,755,957
5878,182313647,1021,928,648,818,721,953
5879,182323647,885,797,650,832,686,945
5880,182333647,713,647,580,827,596,896
5881,182343647,487,479,585,852,615,922
5882,182353647,246,335,520,850,587,906
5883,182363647,72,171,482,855,532,877
5884,182373647,0,97,433,825,450,811
5885,182383647,0,41,393,780,378,753
5886,182393647,0,7,340,711,317,704
5887,182403647,0,0,306,589,237,664
5888,182413647,0,0,278,511,117,560
5889,182423647,0,0,260,441,0,421
5890,182433647,0,4,219,353,0,230
5891,182443647,0,21,179,288,0,22
5892,182453647,0,42,165,237,0,0
5893,182463647,0,62,105,166,0,0
5894,182473647,0,82,102,117,0,0
5895,182483647,0,83,105,105,0,2
5896,182493647,0,83,104,93,0,0
5897,182503647,0,71,98,83,0,0
5898,182513647,0,74,86,73,0,0
5899,182523647,0,76,71,63,0,0
5900,182533647,0,65,62,68,0,0
5901,182543647,0,48,61,73,0,0
5902,182553647,0,40,60,76,0,0
5903,182563647,0,34,58,91,0,0
5904,182573647,0,21,53,89,0,0
5905,182583647,2,10,55,94,0,0
5906,182593647,0,9,52,96,0,0
5907,182603647,0,2,38,93,0,0
5908,182613647,0,0,35,92,0,0
5909,182623647,0,0,26,98,0,0
5910,182633647,0,0,21,94,0,0
5911,182643647,0,0,11,91,0,0
5912,182653647,0,0,3,88,0,0
5913,182663647,0,0,1,71,0,0
5914,182673647,0,0,0,62,0,0
5915,182683647,0,0,0,57,0,0
5916,182693647,0,0,0,53,0,0
5917,182703647,0,0,0,55,0,0
5918,182713647,0,0,0,54,0,0
5919,182723647,0,0,0,55,0,0
5920,182733647,0,0,0,51,0,0
5921,182743647,0,0,0,52,0,0
5922,182753647,0,0,0,49,0,0
5923,182763647,0,0,0,52,0,0
5924,182773647,0,0,0,45,0,0
5925,182783647,0,0,0,44,0,0
5926,182793647,0,0,0,45,0,0
5927,182803647,0,0,0,42,0,0
5928,182813647,0,0,0,36,0,0
5929,182823647,0,0,0,40,0,0
5930,182833647,0,0,0,39,0,0
5931,182843647,1,0,0,42,0,0
5932,182853647,0,0,0,31,0,0
5933,182863647,0,0,0,46,0,0
5934,182873647,0,0,0,45,0,0
5935,182883647,0,0,0,46,0,0
5936,182893647,0,0,0,52,0,0
5937,182903647,0,71,0,40,0,0
5938,182913647,0,201,0,27,0,0
5939,182923647,58,347,3,22,0,0
5940,182933647,162,521,7,15,0,0
5941,182943647,338,663,9,13,0,0
5942,182953647,505,790,9,5,0,0
5943,182963647,650,892,3,1,0,0
5944,182973647,790,989,4,0,0,0
5945,182983647,907,1078,2,0,0,0
5946,182993647,999,1140,5,1,0,0
5947,183003647,1072,1179,13,3,0,0
5948,183013647,1115,1206,22,19,0,0
5949,183023647,1146,1229,37,40,0,0
5950,183033647,1186,1254,60,43,0,0
5951,183043647,1213,1279,106,79,0,0
5952,183053647,1236,1301,132,96,0,0
5953,183063647,1242,1320,165,143,0,0
5954,183073647,1250,1335,203,175,0,0
5955,183083647,1272,1355,237,207,0,0
5956,183093647,1293,1379,286,237,0,0
5957,183103647,1319,1402,318,271,0,0
5958,183113647,1350,1429,344,311,0,1
5959,183123647,1379,1452,386,346,0,29
5960,183133647,1404,1469,427,375,0,45
5961,183143647,1430,1494,460,406,0,61
5962,183153647,1448,1512,498,445,0,77
5963,183163647,1465,1529,536,472,0,102
5964,183173647,1484,1552,568,496,0,77
5965,183183647,1498,1565,584,533,0,139
5966,183193647,1515,1581,605,554,0,168
5967,183203647,1527,1593,634,589,0,184
5968,183213647,1540,1605,661,618,0,212
5969,183223647,1548,1610,688,650,0,244
5970,183233647,1555,1612,715,683,0,270
5971,183243647,1555,1613,671,697,0,268
5972,183253647,1563,1618,759,734,0,314
5973,183263647,1565,1617,786,756,0,334
5974,183273647,1567,1618,800,777,0,348
5975,183283647,1568,1615,810,788,0,361
5976,183293647,1566,1613,821,800,0,371
5977,183303647,1564,1609,828,803,0,388
5978,183313647,1560,1605,837,820,0,402
5979,183323647,1557,1597,843,826,0,411
5980,183333647,1554,1590,846,829,0,423
5981,183343647,1552,1586,850,834,0,425
5982,183353647,1548,1580,851,840,0,427
5983,183363647,1546,1577,854,842,0,432
5984,183373647,1540,1571,785,837,0,412
5985,183383647,1539,1567,862,857,0,437
5986,183393647,1529,1562,870,866,0,440
5987,183403647,1526,1560,878,875,0,442
5988,183413647,1523,1559,884,886,0,447
5989,183423647,1519,1556,891,896,0,450
5990,183433647,1517,1553,906,911,0,451
5991,183443647,1474,1444,896,925,0,452
5992,183453647,1513,1545,918,934,0,454
5993,183463647,1511,1542,933,949,0,454
5994,183473647,1508,1538,942,967,0,456
5995,183483647,1501,1528,950,981,0,459
5996,183493647,1491,1520,962,998,0,470
5997,183503647,1478,1507,974,1005,0,422
5998,183513647,1463,1494,988,1022,0,486
5999,183523647,1449,1480,993,1038,0,492
6000,183533647,1439,1464,1003,1047,0,506
6001,183543647,1431,1454,1015,1055,5,520
6002,183553647,1421,1442,1023,1070,12,527
6003,183563647,1404,1429,1035,1083,23,528
6004,183573647,1351,1351,978,1066,8,0
6005,183583647,1378,1401,1047,1109,45,0
6006,183593647,1363,1388,1049,1117,67,519
6007,183603647,1351,1372,1056,1125,82,566
6008,183613647,1333,1356,1068,1131,99,578
6009,183623647,1316,1337,1068,1140,106,603
6010,183633647,1292,1317,988,1131,92,593
6011,183643647,1273,1302,1081,1161,136,638
6012,183653647,1249,1288,1089,1174,156,656
6013,183663647,1227,1268,1101,1186,172,680
6014,183673647,1192,1246,1108,1204,199,700
6015,183683647,1159,1225,1118,1218,220,725
6016,183693647,1121,1192,1126,1225,250,681
6017,183703647,1076,1168,1135,1245,273,777
6018,183713647,1020,1134,1146,1262,302,808
6019,183723647,974,1104,1159,1278,356,841
6020,183733647,914,1060,1167,1292,395,874
6021,183743647,850,1002,1170,1302,428,907
6022,183753647,768,954,1175,1311,474,939
6023,183763647,674,892,1181,1321,525,980
6024,183773647,567,820,1184,1328,570,1003
6025,183783647,422,0,1187,1336,636,1064
6026,183793647,269,0,1187,1344,719,1109
6027,183803647,135,0,1185,1352,799,1160
6028,183813647,21,416,1179,1358,868,1192
6029,183823647,0,260,1079,1341,859,1179
6030,183833647,0,141,1145,1363,971,1246
6031,183843647,0,42,1116,1363,1004,1261
6032,183853647,0,0,1077,1356,1049,1286
6033,183863647,0,0,1003,1348,1095,1309
6034,183873647,0,0,911,1332,1135,1326
6035,183883647,0,0,808,1310,1169,1350
6036,183893647,0,0,690,1238,1090,1362
6037,183903647,0,0,629,1214,1156,1397
6038,183913647,0,0,527,1124,1086,1434
6039,183923647,0,0,443,1021,1012,1468
6040,183933647,0,0,373,926,915,1505
6041,183943647,0,0,322,868,792,1518
6042,183953647,0,0,293,788,595,1509
6043,183963647,0,0,255,722,380,1483
6044,183973647,0,0,221,680,253,1415
6045,183983647,0,0,172,618,152,1314
6046,183993647,0,0,140,570,74,1214
6047,184003647,0,0,111,504,7,1114
6048,184013647,0,0,90,437,0,991
6049,184023647,0,0,85,374,0,829
6050,184033647,0,0,80,312,0,601
6051,184043647,0,0,78,270,0,313
6052,184053647,0,0,75,233,0,0
6053,184063647,0,0,51,160,0,0
6054,184073647,2,0,12,85,0,0
6055,184083647,0,0,0,63,0,0
6056,184093647,0,0,0,41,0,0
6057,184103647,0,0,0,26,0,0
6058,184113647,0,0,0,15,0,0
6059,184123647,0,0,0,16,0,0
6060,184133647,0,0,0,14,0,0
6061,184143647,0,0,0,20,0,0
6062,184153647,0,0,0,25,0,0
6063,184163647,0,0,0,31,0,0
6064,184173647,0,0,0,42,0,0
6065,184183647,0,0,0,52,0,0
6066,184193647,0,0,0,57,0,0
6067,184203647,0,0,0,68,0,0
6068,184213647,0,0,2,74,0,0
6069,184223647,0,0,3,78,0,0
6070,184233647,0,0,6,87,0,0
6071,184243647,0,0,7,90,0,0
6072,184253647,0,0,9,99,0,0
6073,184263647,0,0,15,102,0,0
6074,184273647,0,0,18,111,0,0
6075,184283647,0,0,20,110,0,0
6076,184293647,0,0,18,113,0,0
6077,184303647,0,0,9,115,0,0
6078,184313647,0,0,2,111,0,0
6079,184323647,0,0,0,97,0,0
6080,184333647,0,0,0,86,0,0
6081,184343647,0,0,0,58,0,0
6082,184353647,0,0,0,72,0,1
6083,184363647,0,0,0,61,0,0
6084,184373647,0,0,0,66,0,0
6085,184383647,0,0,0,77,0,0
6086,184393647,0,0,0,82,0,0
6087,184403647,0,0,0,84,0,0
6088,184413647,0,0,0,84,0,0
6089,184423647,0,0,0,84,0,0
6090,184433647,0,0,0,90,0,0
6091,184443647,0,0,0,89,0,0
6092,184453647,0,0,0,85,0,0
6093,184463647,0,0,0,79,0,0
6094,184473647,0,0,0,67,0,0
6095,184483647,0,0,0,59,0,0
6096,184493647,0,0,0,48,0,0
6097,184503647,0,0,0,36,0,0
6098,184513647,0,0,0,25,0,0
6099,184523647,0,76,0,18,0,0
6100,184533647,75,279,0,2,0,0
6101,184543647,341,582,3,0,0,0
6102,184553647,630,814,2,0,0,0
6103,184563647,778,940,1,0,0,0
6104,184573647,869,1012,0,0,0,0
6105,184583647,949,1074,0,0,0,0
6106,184593647,1031,1140,1,0,0,0
6107,184603647,1073,1113,15,0,0,0
6108,184613647,1173,1253,35,0,0,0
6109,184623647,1225,1298,49,17,0,0
6110,184633647,1271,1330,81,35,0,0
6111,184643647,1312,1363,110,60,0,0
6112,184653647,1322,1387,158,106,0,0
6113,184663647,1332,1395,224,172,0,0
6114,184673647,1333,1404,268,217,0,0
6115,184683647,1312,1406,331,277,0,0
6116,184693647,1323,1413,380,348,0,6
6117,184703647,1349,1424,428,396,0,74
6118,184713647,1367,1431,479,444,0,153
6119,184723647,1380,1436,527,488,0,230
6120,184733647,1351,1386,512,519,0,284
6121,184743647,1395,1467,592,570,0,344
6122,184753647,1401,1468,627,611,0,392
6123,184763647,1403,1474,645,644,0,415
6124,184773647,1412,1478,666,667,0,446
6125,184783647,1419,1480,687,690,0,481
6126,184793647,1419,1474,706,721,0,520
6127,184803647,1351,1463,730,747,0,555
6128,184813647,1419,1455,747,777,0,581
6129,184823647,1416,1450,767,798,2,599
6130,184833647,1415,1445,787,825,15,620
6131,184843647,1412,1441,797,847,29,645
6132,184853647,1408,1437,813,860,45,664
6133,184863647,1402,1437,825,872,58,681
6134,184873647,1395,1430,841,889,85,695
6135,184883647,1384,1418,853,914,109,715
6136,184893647,1370,1400,866,932,132,739
6137,184903647,1356,1382,875,947,155,750
6138,184913647,1339,1365,887,965,170,761
6139,184923647,1324,1341,892,979,185,774
6140,184933647,1308,1323,902,994,205,789
6141,184943647,1293,1304,915,1004,226,799
