INS,0,0,34,0,0,16,13,0,63
INS,1,10000,321,0,0,0,7,22,111
INS,2,20000,541,17,21,0,0,1,102
INS,3,30000,802,0,0,0,0,37,122
INS,4,40000,1108,0,0,0,22,0,174
INS,5,50000,1298,0,0,0,0,0,103
INS,6,60000,1404,13,0,0,18,0,1
INS,7,70000,1450,0,12,18,0,0,63
INS,8,80000,1400,36,9,0,0,0,45
INS,9,90000,1377,210,17,0,0,0,221
INS,10,100000,1196,332,10,0,0,7,179
INS,11,110000,1054,423,0,29,0,16,173
INS,12,120000,859,507,0,8,0,43,85
INS,13,130000,600,557,0,9,0,11,118
INS,14,140000,280,613,16,0,0,6,129
INS,15,150000,0,645,30,0,7,0,169
INS,16,160000,0,610,264,0,12,50,184
INS,17,170000,0,585,560,324,24,11,1
INS,18,180000,11,505,831,620,120,35,124
INS,19,190000,0,482,950,849,413,7,208
INS,20,200000,0,347,1085,1070,639,6,159
INS,21,210000,2,211,1179,1191,843,0,199
INS,22,220000,0,62,1122,1211,959,8,152
INS,23,230000,25,20,1044,1207,976,172,251
INS,24,240000,18,0,843,1158,929,414,186
INS,25,250000,10,0,693,952,866,632,250
INS,26,260000,0,0,417,747,707,785,26
INS,27,270000,0,0,154,495,539,803,146
INS,28,280000,0,21,18,134,255,717,85
INS,29,290000,26,22,0,0,0,581,98
INS,30,300000,0,32,31,0,0,253,58
INS,31,310000,23,0,2,20,0,10,70
INS,32,320000,0,0,8,0,0,0,40
INS,33,330000,9,0,0,0,15,0,73
INS,34,340000,9,27,0,0,12,27,141
INS,35,350000,3,26,53,0,3,10,178
INS,36,360000,14,0,59,0,0,0,173
INS,37,370000,0,4,22,6,0,16,165
INS,38,380000,14,0,9,0,0,0,157
INS,39,390000,75,0,19,0,0,0,245
INS,40,400000,0,0,34,0,0,0,202
INS,41,410000,0,13,0,21,0,12,231
INS,42,420000,0,16,0,43,0,3,8
INS,43,430000,3,0,25,0,20,0,11
INS,44,440000,0,24,0,0,1,2,7
INS,45,450000,0,1,0,28,35,20,81
INS,46,460000,19,0,15,19,2,15,84
INS,47,470000,0,42,0,26,13,0,112
INS,48,480000,0,11,19,21,20,15,134
INS,49,490000,0,0,32,22,0,0,119
INS,50,500000,27,0,4,24,0,13,150
INS,51,510000,301,23,5,20,24,0,216
INS,52,520000,596,0,0,18,4,8,230
INS,53,530000,841,0,0,0,0,9,215
INS,54,540000,1042,0,0,24,0,0,192
INS,55,550000,1268,0,0,0,41,0,196
INS,56,560000,1327,9,0,34,0,4,22
INS,57,570000,1437,0,0,0,4,3,109
INS,58,580000,1455,52,0,22,0,17,228
INS,59,590000,1389,162,23,0,30,15,62
INS,60,600000,1277,277,70,0,0,0,84
INS,61,610000,1081,404,28,24,14,10,38
INS,62,620000,870,538,2,13,42,0,215
INS,63,630000,639,601,28,24,0,0,59
INS,64,640000,271,613,16,1,0,24,221
INS,65,650000,30,636,58,0,18,0,55
INS,66,660000,23,586,299,29,0,0,11
INS,67,670000,0,579,582,301,1,18,60
INS,68,680000,29,515,833,571,112,15,159
INS,69,690000,0,401,983,865,338,16,192
INS,70,700000,16,345,1103,1007,621,38,224
INS,71,710000,19,232,1135,1245,841,51,122
INS,72,720000,0,85,1145,1226,958,0,30
INS,73,730000,3,0,1003,1241,983,106,225
INS,74,740000,0,0,927,1201,947,395,120
INS,75,750000,15,7,666,1016,875,650,152
INS,76,760000,0,19,380,730,701,741,23
INS,77,770000,0,0,109,459,522,842,169
INS,78,780000,0,31,4,181,244,698,180
INS,79,790000,5,33,0,8,1,558,156
INS,80,800000,0,0,0,0,0,267,91
INS,81,810000,0,0,0,19,9,0,125
INS,82,820000,0,0,52,0,23,28,217
INS,83,830000,4,2,0,0,13,0,150
INS,84,840000,0,40,0,0,37,28,253
INS,85,850000,0,22,1,4,6,0,198
INS,86,860000,23,0,0,5,11,11,232
INS,87,870000,0,21,18,21,0,0,3
INS,88,880000,0,0,2,0,14,5,237
INS,89,890000,30,0,7,0,0,0,14
INS,90,900000,0,52,16,0,76,22,160
INS,91,910000,0,0,8,1,44,0,64
INS,92,920000,11,0,0,39,49,0,127
INS,93,930000,0,39,19,6,0,6,115
INS,94,940000,0,7,0,0,0,2,71
INS,95,950000,0,0,0,36,0,0,115
INS,96,960000,5,35,0,3,0,32,171
INS,97,970000,0,22,14,0,15,0,164
INS,98,980000,0,10,0,0,23,17,180
INS,99,990000,0,67,19,26,0,43,46
INS,100,1000000,2,5,0,0,6,7,184
INS,101,1010000,264,23,34,9,2,7,8
INS,102,1020000,572,0,6,4,0,0,12
INS,103,1030000,818,0,31,0,12,31,83
INS,104,1040000,1041,0,36,38,0,0,67
INS,105,1050000,1273,36,0,0,65,0,87
INS,106,1060000,1359,0,8,0,0,39,136
INS,107,1070000,1407,0,1,0,0,0,155
INS,108,1080000,1443,109,7,2,0,5,74
INS,109,1090000,1429,196,0,60,11,19,240
INS,110,1100000,1209,343,0,21,31,17,163
INS,111,1110000,1046,445,38,20,0,0,108
INS,112,1120000,819,497,27,0,0,0,175
INS,113,1130000,583,583,15,0,4,54,88
INS,114,1140000,317,629,40,8,0,0,116
INS,115,1150000,0,663,18,0,0,0,76
INS,116,1160000,6,625,293,14,50,0,144
INS,117,1170000,0,561,589,312,0,26,149
INS,118,1180000,19,491,801,565,171,24,237
INS,119,1190000,0,464,999,876,336,31,121
INS,120,1200000,0,288,1112,1082,620,0,22
INS,121,1210000,13,220,1221,1208,827,0,170
INS,122,1220000,36,12,1101,1258,952,21,78
INS,123,1230000,0,0,1025,1214,1017,96,67
INS,124,1240000,0,0,924,1142,969,420,187
INS,125,1250000,0,28,699,967,900,632,231
INS,126,1260000,18,0,411,757,710,758,188
INS,127,1270000,0,9,122,483,526,809,12
INS,128,1280000,4,9,4,136,280,687,224
INS,129,1290000,25,11,0,24,2,574,13
INS,130,1300000,0,0,14,0,0,271,191
INS,131,1310000,27,0,0,0,0,0,206
INS,132,1320000,0,38,1,0,0,6,241
INS,133,1330000,35,32,15,48,0,27,114
INS,134,1340000,28,0,0,0,0,29,31
INS,135,1350000,0,2,19,10,38,28,88
INS,136,1360000,0,0,0,0,48,7,63
INS,137,1370000,0,13,0,0,0,0,38
INS,138,1380000,0,0,0,55,22,22,141
INS,139,1390000,0,0,0,0,5,0,64
INS,140,1400000,40,22,0,19,0,43,200
INS,141,1410000,19,0,0,0,26,0,138
INS,142,1420000,19,20,0,0,44,0,193
INS,143,1430000,0,0,22,0,26,0,175
INS,144,1440000,0,43,14,34,0,23,2
INS,145,1450000,0,20,15,5,6,22,229
INS,146,1460000,0,0,7,0,35,0,220
INS,147,1470000,9,26,18,26,16,6,40
INS,148,1480000,0,0,0,0,0,11,223
INS,149,1490000,39,3,0,33,7,23,78
INS,150,1500000,46,0,0,0,38,0,74
INS,151,1510000,289,6,18,0,0,17,81
INS,152,1520000,580,0,10,0,0,29,131
INS,153,1530000,808,19,0,19,33,42,194
INS,154,1540000,1086,0,0,0,6,14,140
INS,155,1550000,1237,48,0,0,21,0,101
INS,156,1560000,1354,0,0,0,0,0,166
INS,157,1570000,1437,0,5,0,3,0,18
INS,158,1580000,1413,88,0,0,44,0,135
INS,159,1590000,1409,211,4,0,0,12,243
INS,160,1600000,1258,333,19,0,7,6,247
INS,161,1610000,1056,372,10,0,0,0,79
INS,162,1620000,863,508,7,0,1,0,37
INS,163,1630000,554,622,17,11,3,0,138
INS,164,1640000,250,577,0,12,9,48,100
INS,165,1650000,0,603,35,6,22,48,191
INS,166,1660000,19,611,333,0,0,0,201
INS,167,1670000,25,533,585,342,0,9,237
INS,168,1680000,28,467,781,597,147,0,12
INS,169,1690000,8,434,975,880,408,2,204
INS,170,1700000,0,354,1099,1076,624,0,155
INS,171,1710000,0,186,1140,1205,776,0,70
INS,172,1720000,0,57,1164,1282,911,0,194
INS,173,1730000,27,0,1059,1214,985,155,237
INS,174,1740000,0,0,877,1118,929,406,144
INS,175,1750000,0,34,676,980,898,633,52
INS,176,1760000,0,5,440,768,728,753,54
INS,177,1770000,0,0,119,457,536,818,75
INS,178,1780000,21,13,0,139,249,743,95
INS,179,1790000,34,38,22,0,20,528,101
INS,180,1800000,0,27,0,0,6,327,92
INS,181,1810000,17,7,25,0,0,50,104
INS,182,1820000,0,30,4,0,30,7,93
INS,183,1830000,0,41,0,14,0,41,135
INS,184,1840000,23,0,2,6,0,0,87
INS,185,1850000,19,0,1,44,0,0,137
INS,186,1860000,0,0,0,0,24,0,114
INS,187,1870000,0,27,26,0,0,0,160
INS,188,1880000,14,20,0,26,0,0,184
INS,189,1890000,0,6,0,28,0,18,193
INS,190,1900000,15,0,15,1,10,0,199
INS,191,1910000,0,0,0,24,29,0,228
INS,192,1920000,0,0,30,0,0,1,223
INS,193,1930000,0,33,12,16,0,22,36
INS,194,1940000,6,18,0,0,0,0,250
INS,195,1950000,0,0,4,10,29,23,53
INS,196,1960000,22,0,0,59,12,0,97
INS,197,1970000,0,0,16,0,0,0,37
INS,198,1980000,0,0,13,0,41,0,92
INS,199,1990000,43,43,0,0,0,27,168
INS,200,2000000,0,54,0,12,0,0,138
INS,201,2010000,326,0,14,0,2,4,179
INS,202,2020000,605,0,30,0,0,32,5
INS,203,2030000,846,7,16,3,0,0,227
INS,204,2040000,1066,17,9,13,0,15,236
INS,205,2050000,1216,1,32,25,0,0,151
INS,206,2060000,1395,0,0,0,0,33,66
INS,207,2070000,1428,0,54,48,0,0,185
INS,208,2080000,1435,71,20,0,0,13,211
INS,209,2090000,1349,203,0,13,25,39,62
INS,210,2100000,1292,303,48,7,16,0,116
INS,211,2110000,1096,427,0,0,15,0,5
INS,212,2120000,856,545,0,0,0,0,141
INS,213,2130000,620,536,0,0,0,0,169
INS,214,2140000,280,647,18,22,0,0,253
INS,215,2150000,35,649,18,27,0,25,57
INS,216,2160000,3,659,274,0,0,18,18
INS,217,2170000,8,549,528,314,0,3,227
INS,218,2180000,19,545,800,594,117,6,155
INS,219,2190000,0,463,1012,859,391,0,48
INS,220,2200000,0,321,1138,1063,585,27,218
INS,221,2210000,18,232,1124,1203,813,27,6
INS,222,2220000,44,118,1099,1290,892,0,49
INS,223,2230000,44,0,1092,1259,985,146,149
INS,224,2240000,11,12,872,1148,988,438,109
INS,225,2250000,17,0,659,974,895,622,80
INS,226,2260000,49,0,382,718,711,714,16
INS,227,2270000,41,19,130,466,554,826,7
INS,228,2280000,0,3,0,130,236,663,44
INS,229,2290000,0,0,0,17,0,576,134
INS,230,2300000,0,40,14,11,42,301,222
INS,231,2310000,17,0,0,10,26,0,140
INS,232,2320000,0,4,0,0,0,0,108
INS,233,2330000,0,0,0,0,0,18,139
INS,234,2340000,35,30,21,26,0,0,250
INS,235,2350000,18,0,0,0,5,0,178
INS,236,2360000,5,0,12,0,0,0,189
INS,237,2370000,0,19,0,0,0,17,225
INS,238,2380000,0,10,0,0,0,0,216
INS,239,2390000,0,38,0,0,13,13,31
INS,240,2400000,3,15,30,15,0,0,47
INS,241,2410000,10,16,28,0,15,0,70
INS,242,2420000,9,38,36,0,22,10,133
INS,243,2430000,0,0,38,0,7,0,80
INS,244,2440000,0,60,0,0,0,0,112
INS,245,2450000,42,0,0,7,5,0,123
INS,246,2460000,0,19,0,6,0,0,111
INS,247,2470000,13,0,0,0,0,34,150
INS,248,2480000,0,0,4,21,0,0,145
INS,249,2490000,13,13,0,35,0,1,199
INS,250,2500000,0,44,19,0,4,13,234
INS,251,2510000,303,30,15,0,0,0,7
INS,252,2520000,609,8,0,0,0,0,37
INS,253,2530000,894,0,0,59,0,28,162
INS,254,2540000,1061,0,0,0,0,0,3
INS,255,2550000,1213,2,0,15,0,0,189
INS,256,2560000,1363,0,0,0,71,0,154
INS,257,2570000,1432,26,0,1,45,0,241
INS,258,2580000,1429,92,6,16,17,0,58
INS,259,2590000,1365,177,4,0,0,0,61
INS,260,2600000,1293,284,0,0,21,0,130
INS,261,2610000,1114,418,0,0,0,31,112
INS,262,2620000,840,494,11,38,21,13,239
INS,263,2630000,574,589,0,0,18,56,76
INS,264,2640000,266,624,9,26,0,26,63
INS,265,2650000,9,620,0,44,9,7,74
INS,266,2660000,7,616,309,17,0,6,101
INS,267,2670000,0,537,527,281,0,20,16
INS,268,2680000,0,481,821,608,128,2,196
INS,269,2690000,0,437,987,885,403,27,144
INS,270,2700000,0,307,1074,1030,640,6,223
INS,271,2710000,0,182,1176,1221,804,0,54
INS,272,2720000,24,71,1158,1264,974,0,179
INS,273,2730000,0,23,1044,1220,970,149,111
INS,274,2740000,26,9,911,1124,947,402,141
INS,275,2750000,16,0,670,982,896,684,243
INS,276,2760000,0,16,465,736,709,814,8
INS,277,2770000,0,0,158,490,545,764,10
INS,278,2780000,0,9,16,167,274,748,52
INS,279,2790000,0,0,0,0,0,553,176
INS,280,2800000,0,19,1,2,0,292,210
INS,281,2810000,0,24,0,0,0,0,193
INS,282,2820000,22,0,0,0,30,0,238
INS,283,2830000,21,0,0,11,0,0,235
INS,284,2840000,15,40,22,56,36,0,133
INS,285,2850000,0,0,0,15,0,0,252
INS,286,2860000,0,59,0,0,0,19,76
INS,287,2870000,5,60,22,7,16,0,125
INS,288,2880000,45,0,0,29,0,6,112
INS,289,2890000,0,0,28,13,0,6,96
INS,290,2900000,0,0,33,0,11,0,110
INS,291,2910000,3,37,0,0,0,0,123
INS,292,2920000,1,17,0,0,0,0,118
INS,293,2930000,0,10,0,0,0,20,147
INS,294,2940000,31,11,4,0,54,0,234
INS,295,2950000,2,15,4,0,0,0,172
INS,296,2960000,0,0,26,24,0,13,231
INS,297,2970000,0,20,0,0,19,24,248
INS,298,2980000,49,0,0,1,2,29,27
INS,299,2990000,0,0,0,4,22,0,245
INS,300,3000000,0,0,0,61,0,48,89
INS,301,3010000,289,34,11,1,0,0,76
INS,302,3020000,595,0,0,0,24,0,121
INS,303,3030000,877,0,8,0,45,26,219
INS,304,3040000,1078,0,60,8,0,0,170
INS,305,3050000,1256,5,4,33,19,8,110
INS,306,3060000,1347,16,0,11,13,0,189
INS,307,3070000,1474,7,0,11,0,0,55
INS,308,3080000,1433,109,0,38,0,0,160
INS,309,3090000,1356,206,3,0,19,0,181
INS,310,3100000,1252,366,0,2,10,7,251
INS,311,3110000,1075,417,11,22,22,58,236
INS,312,3120000,835,483,17,32,1,23,39
INS,313,3130000,590,578,31,57,6,33,216
INS,314,3140000,282,582,0,1,12,2,73
INS,315,3150000,40,626,27,0,0,0,160
INS,316,3160000,0,588,278,3,0,0,97
INS,317,3170000,0,550,534,333,0,0,150
INS,318,3180000,0,528,836,611,136,9,102
INS,319,3190000,3,450,976,854,421,13,204
INS,320,3200000,1,316,1165,1046,630,23,173
INS,321,3210000,30,162,1165,1202,846,0,158
INS,322,3220000,0,32,1123,1261,937,28,151
INS,323,3230000,0,0,1019,1258,989,187,240
INS,324,3240000,0,33,900,1127,1021,410,39
INS,325,3250000,6,0,674,981,881,661,24
INS,326,3260000,14,17,403,742,701,797,24
INS,327,3270000,0,0,173,460,493,775,36
INS,328,3280000,26,31,0,145,263,680,65
INS,329,3290000,13,0,0,0,30,564,56
INS,330,3300000,0,0,3,10,0,329,64
INS,331,3310000,0,5,0,14,3,41,58
INS,332,3320000,10,46,0,0,60,0,128
INS,333,3330000,9,0,6,0,0,0,44
INS,334,3340000,5,0,13,24,0,0,88
INS,335,3350000,48,0,0,0,29,5,145
INS,336,3360000,7,0,0,2,11,6,106
INS,337,3370000,0,35,0,0,0,0,132
INS,338,3380000,15,23,0,0,0,13,165
INS,339,3390000,1,0,0,68,0,18,218
INS,340,3400000,25,0,20,26,0,0,219
INS,341,3410000,0,36,45,13,0,0,3
INS,342,3420000,18,0,0,0,0,0,200
INS,343,3430000,0,26,38,0,0,0,7
INS,344,3440000,0,0,0,0,15,6,237
INS,345,3450000,0,5,0,19,20,23,44
INS,346,3460000,10,48,15,34,0,37,138
INS,347,3470000,0,1,12,61,0,0,85
INS,348,3480000,0,0,0,34,32,48,142
INS,349,3490000,0,6,30,0,0,0,81
INS,350,3500000,0,15,0,13,0,0,90
INS,351,3510000,270,30,0,0,0,0,123
INS,352,3520000,560,5,0,0,0,24,173
INS,353,3530000,874,0,0,0,27,0,246
INS,354,3540000,1084,0,0,0,20,13,223
INS,355,3550000,1288,0,9,0,0,9,173
INS,356,3560000,1403,18,0,9,0,0,58
INS,357,3570000,1450,0,0,42,0,0,137
INS,358,3580000,1487,71,0,16,0,39,19
INS,359,3590000,1356,165,32,0,0,0,232
INS,360,3600000,1272,297,0,0,8,0,17
INS,361,3610000,1110,421,5,17,0,0,10
INS,362,3620000,848,452,5,0,18,2,55
INS,363,3630000,593,554,3,40,10,0,203
INS,364,3640000,308,606,0,0,0,0,190
INS,365,3650000,25,633,0,42,12,14,19
INS,366,3660000,14,632,282,21,17,0,20
INS,367,3670000,17,563,586,349,15,0,89
INS,368,3680000,57,536,831,602,114,15,219
INS,369,3690000,8,435,950,857,380,23,222
INS,370,3700000,30,295,1118,1076,628,11,232
INS,371,3710000,0,219,1225,1194,811,0,28
INS,372,3720000,0,66,1135,1245,901,39,238
INS,373,3730000,46,26,1029,1242,997,140,93
INS,374,3740000,0,37,908,1142,956,418,91
INS,375,3750000,23,4,703,1015,837,602,87
INS,376,3760000,0,6,445,786,700,806,175
INS,377,3770000,38,3,113,442,513,787,113
INS,378,3780000,0,0,7,177,235,759,180
INS,379,3790000,0,0,16,27,0,579,153
INS,380,3800000,11,0,6,53,5,301,180
INS,381,3810000,14,0,0,0,0,0,91
INS,382,3820000,0,0,11,13,0,0,118
INS,383,3830000,38,20,8,9,18,31,235
INS,384,3840000,2,0,7,0,14,6,157
INS,385,3850000,23,13,26,0,0,11,218
INS,386,3860000,0,0,0,19,0,11,192
INS,387,3870000,5,0,0,54,0,18,0
INS,388,3880000,0,0,0,56,4,16,16
INS,389,3890000,0,22,0,0,17,0,252
INS,390,3900000,0,6,0,0,22,0,2
INS,391,3910000,35,0,45,0,26,0,97
INS,392,3920000,23,0,0,0,0,7,38
INS,393,3930000,46,3,30,35,21,0,160
INS,394,3940000,3,18,0,0,0,25,88
INS,395,3950000,0,32,2,0,2,0,95
INS,396,3960000,30,54,0,0,6,8,174
INS,397,3970000,0,0,26,0,0,39,158
INS,398,3980000,20,0,0,0,25,6,161
INS,399,3990000,19,32,0,0,0,0,178
INS,400,4000000,30,54,0,0,0,9,237
INS,401,4010000,275,0,0,0,17,0,197
INS,402,4020000,579,0,9,1,7,11,17
INS,403,4030000,857,0,29,0,0,19,76
INS,404,4040000,1046,0,0,15,43,0,36
INS,405,4050000,1236,1,0,8,0,0,194
INS,406,4060000,1367,0,19,21,10,0,127
INS,407,4070000,1430,0,15,0,0,13,185
INS,408,4080000,1483,93,0,0,0,5,69
INS,409,4090000,1400,226,0,0,0,9,140
INS,410,4100000,1258,334,0,0,0,0,114
INS,411,4110000,1065,454,11,0,21,0,90
INS,412,4120000,878,509,36,17,27,15,38
INS,413,4130000,550,584,0,0,0,47,10
INS,414,4140000,284,631,39,0,0,0,56
INS,415,4150000,0,631,0,29,11,0,46
INS,416,4160000,15,625,314,0,16,0,106
INS,417,4170000,0,566,574,343,0,24,148
INS,418,4180000,0,538,830,622,89,0,225
INS,419,4190000,35,396,989,817,376,0,8
INS,420,4200000,0,368,1127,1111,605,36,147
INS,421,4210000,0,216,1223,1162,822,0,84
INS,422,4220000,0,51,1142,1257,931,0,59
INS,423,4230000,0,0,1044,1196,996,142,73
INS,424,4240000,27,18,884,1133,973,393,140
INS,425,4250000,0,0,664,983,848,628,108
INS,426,4260000,11,23,412,787,773,756,20
INS,427,4270000,31,0,148,425,506,868,21
INS,428,4280000,22,0,7,160,273,744,34
INS,429,4290000,19,41,15,36,9,564,41
INS,430,4300000,15,0,0,0,14,265,180
INS,431,4310000,17,0,29,0,8,35,248
INS,432,4320000,23,59,19,37,0,2,60
INS,433,4330000,0,16,30,0,27,20,30
INS,434,4340000,0,2,14,0,0,0,226
INS,435,4350000,0,0,4,0,3,44,22
INS,436,4360000,0,17,0,42,31,41,119
INS,437,4370000,0,0,19,0,31,0,55
INS,438,4380000,21,0,19,7,25,0,94
INS,439,4390000,8,23,19,1,74,22,186
INS,440,4400000,0,0,0,6,0,14,76
INS,441,4410000,7,0,0,0,0,0,80
INS,442,4420000,0,0,0,2,22,3,117
INS,443,4430000,57,21,0,39,0,0,224
INS,444,4440000,13,0,0,16,0,38,191
INS,445,4450000,0,0,21,0,0,0,162
INS,446,4460000,30,0,54,0,0,36,22
INS,447,4470000,0,50,19,8,0,13,9
INS,448,4480000,0,0,0,76,0,31,43
INS,449,4490000,5,0,0,16,0,11,241
INS,450,4500000,0,0,0,0,0,23,249
INS,451,4510000,273,13,0,0,0,0,17
INS,452,4520000,558,0,16,0,48,34,148
INS,453,4530000,868,0,1,0,37,21,180
INS,454,4540000,1080,0,0,3,5,0,102
INS,455,4550000,1276,10,0,5,12,0,78
INS,456,4560000,1399,0,0,6,5,0,202
INS,457,4570000,1439,0,0,38,0,23,53
INS,458,4580000,1423,52,0,0,0,0,45
INS,459,4590000,1402,209,0,51,3,0,252
INS,460,4600000,1249,296,0,42,5,12,208
INS,461,4610000,1041,415,0,0,0,3,80
INS,462,4620000,823,542,0,0,3,36,42
INS,463,4630000,558,574,0,0,0,24,67
INS,464,4640000,300,625,0,8,12,39,168
INS,465,4650000,0,615,19,0,0,0,91
INS,466,4660000,0,590,275,19,8,0,110
INS,467,4670000,13,571,544,351,7,0,209
INS,468,4680000,0,465,823,599,110,10,235
INS,469,4690000,10,365,955,881,433,0,121
INS,470,4700000,0,295,1085,1063,613,0,38
INS,471,4710000,0,135,1204,1134,808,17,41
INS,472,4720000,37,69,1126,1229,913,3,137
INS,473,4730000,0,18,1101,1268,991,140,39
INS,474,4740000,0,0,929,1132,967,403,225
INS,475,4750000,13,0,660,993,847,628,208
INS,476,4760000,18,36,431,755,684,778,42
INS,477,4770000,0,54,136,437,488,805,45
INS,478,4780000,0,0,5,151,256,780,102
INS,479,4790000,9,29,18,0,43,535,73
INS,480,4800000,2,0,0,0,0,289,3
INS,481,4810000,0,0,0,0,0,0,241
INS,482,4820000,16,0,0,0,0,6,24
INS,483,4830000,9,0,10,0,0,8,46
INS,484,4840000,0,0,0,0,0,45,81
INS,485,4850000,27,9,9,0,0,0,98
INS,486,4860000,0,19,0,0,17,0,106
INS,487,4870000,49,1,43,0,0,20,200
INS,488,4880000,22,29,3,14,0,2,174
INS,489,4890000,0,0,0,0,0,0,121
INS,490,4900000,1,0,0,0,0,4,143
INS,491,4910000,0,0,0,0,22,45,222
INS,492,4920000,0,0,0,17,5,6,200
INS,493,4930000,39,0,12,17,0,5,6
INS,494,4940000,0,31,0,8,18,11,18
INS,495,4950000,0,0,34,0,0,0,1
INS,496,4960000,18,0,0,0,0,0,2
INS,497,4970000,0,11,67,0,0,0,79
INS,498,4980000,0,14,31,0,0,18,81
INS,499,4990000,0,0,10,0,6,7,58
INS,500,5000000,1,37,0,0,32,0,122
INS,501,5010000,282,0,0,2,0,0,97
INS,502,5020000,605,15,2,35,9,26,10
INS,503,5030000,816,11,0,0,20,6,188
INS,504,5040000,1060,25,0,0,38,0,219
INS,505,5050000,1270,0,32,0,48,27,234
INS,506,5060000,1399,0,37,0,13,0,67
INS,507,5070000,1449,12,0,0,41,11,148
INS,508,5080000,1477,91,0,11,20,0,251
INS,509,5090000,1379,215,14,4,0,10,35
INS,510,5100000,1264,305,30,0,47,0,76
INS,511,5110000,1098,406,3,0,3,32,245
INS,512,5120000,835,549,4,9,28,10,155
INS,513,5130000,606,540,0,10,0,0,149
INS,514,5140000,299,589,12,34,17,0,217
INS,515,5150000,22,631,0,21,52,22,31
INS,516,5160000,0,635,335,14,15,11,54
INS,517,5170000,3,533,582,316,0,0,239
INS,518,5180000,0,523,808,594,125,0,104
INS,519,5190000,0,399,982,861,360,0,161
INS,520,5200000,0,329,1141,1058,595,17,204
INS,521,5210000,0,187,1124,1186,835,0,157
INS,522,5220000,9,98,1102,1279,978,14,66
INS,523,5230000,0,22,1073,1288,999,133,118
INS,524,5240000,0,0,935,1144,969,428,96
INS,525,5250000,0,72,663,982,920,656,186
INS,526,5260000,27,0,420,749,695,755,68
INS,527,5270000,13,22,153,423,514,822,154
INS,528,5280000,0,0,26,169,281,710,178
INS,529,5290000,0,5,0,24,50,522,122
INS,530,5300000,22,0,9,28,0,255,108
INS,531,5310000,6,0,13,0,0,37,123
INS,532,5320000,0,0,10,41,0,0,135
INS,533,5330000,0,0,0,0,26,0,127
INS,534,5340000,0,0,45,21,0,0,184
INS,535,5350000,59,0,10,12,10,0,226
INS,536,5360000,0,16,0,5,40,17,230
INS,537,5370000,0,15,9,0,3,0,196
INS,538,5380000,0,0,25,21,0,0,232
INS,539,5390000,0,4,0,24,40,0,15
INS,540,5400000,0,10,0,0,3,0,233
INS,541,5410000,44,0,0,30,4,34,93
INS,542,5420000,19,28,0,0,0,10,55
INS,543,5430000,0,0,0,0,0,14,29
INS,544,5440000,0,0,0,25,24,0,81
INS,545,5450000,8,0,0,26,8,0,91
INS,546,5460000,0,17,3,0,0,0,86
INS,547,5470000,0,0,26,0,0,0,109
INS,548,5480000,14,43,0,29,0,2,188
INS,549,5490000,31,32,24,44,0,0,248
INS,550,5500000,5,0,10,12,29,8,198
INS,551,5510000,285,0,46,0,13,17,0
INS,552,5520000,590,0,0,0,39,0,29
INS,553,5530000,853,0,0,0,0,0,14
INS,554,5540000,1034,2,7,7,23,0,251
INS,555,5550000,1255,0,0,25,0,22,241
INS,556,5560000,1391,4,0,5,0,22,122
INS,557,5570000,1435,16,0,0,0,0,168
INS,558,5580000,1439,82,0,4,2,3,8
INS,559,5590000,1344,233,25,0,11,0,108
INS,560,5600000,1211,335,0,29,0,5,92
INS,561,5610000,1024,403,0,0,0,0,212
INS,562,5620000,836,536,26,8,0,34,242
INS,563,5630000,597,587,21,34,0,0,58
INS,564,5640000,318,637,0,0,52,0,99
INS,565,5650000,0,601,0,0,6,0,228
INS,566,5660000,0,616,339,0,23,0,104
INS,567,5670000,5,596,534,298,0,0,64
INS,568,5680000,0,507,794,608,117,0,162
INS,569,5690000,12,458,964,863,384,0,66
INS,570,5700000,0,307,1130,1029,571,22,205
INS,571,5710000,6,201,1191,1153,757,0,215
INS,572,5720000,0,77,1128,1258,923,0,54
INS,573,5730000,0,0,1076,1239,952,110,62
INS,574,5740000,0,18,901,1103,967,427,118
INS,575,5750000,6,0,668,933,906,623,111
INS,576,5760000,6,0,402,715,673,770,70
INS,577,5770000,0,1,140,492,517,834,17
INS,578,5780000,4,21,0,173,271,710,253
INS,579,5790000,29,0,0,1,46,514,193
INS,580,5800000,80,0,29,3,19,295,46
INS,581,5810000,8,26,11,12,4,2,212
INS,582,5820000,23,0,12,33,7,10,251
INS,583,5830000,19,5,6,0,11,16,240
INS,584,5840000,0,0,0,35,0,4,239
INS,585,5850000,62,2,36,4,0,9,74
INS,586,5860000,3,0,0,48,0,0,29
INS,587,5870000,15,0,15,3,0,10,38
INS,588,5880000,27,0,0,0,31,0,70
INS,589,5890000,10,23,0,0,1,1,64
INS,590,5900000,0,49,0,20,0,3,118
INS,591,5910000,0,0,0,0,48,0,111
INS,592,5920000,44,0,0,22,2,0,148
INS,593,5930000,1,30,16,5,28,0,177
INS,594,5940000,15,10,0,27,14,0,180
INS,595,5950000,7,51,9,0,14,23,235
INS,596,5960000,4,0,0,8,9,0,169
INS,597,5970000,0,26,0,38,33,0,6
INS,598,5980000,0,0,11,7,18,0,218
INS,599,5990000,0,0,0,3,42,45,33
INS,600,6000000,40,0,0,38,5,0,43
INS,601,6010000,259,0,24,0,0,19,23
INS,602,6020000,583,0,0,0,17,16,98
INS,603,6030000,838,0,0,24,0,0,105
INS,604,6040000,1089,0,4,29,8,0,134
INS,605,6050000,1248,40,0,56,19,0,128
INS,606,6060000,1399,18,17,7,0,12,235
INS,607,6070000,1438,38,0,0,68,24,111
INS,608,6080000,1453,36,20,60,4,23,156
INS,609,6090000,1368,183,0,0,21,0,149
INS,610,6100000,1252,304,22,19,28,23,242
INS,611,6110000,1066,447,43,3,0,7,177
INS,612,6120000,823,482,0,0,19,0,208
INS,613,6130000,620,595,0,8,0,0,124
INS,614,6140000,304,586,0,2,39,0,105
INS,615,6150000,0,619,0,0,0,0,66
INS,616,6160000,6,606,275,0,19,2,116
INS,617,6170000,14,529,524,311,3,27,121
INS,618,6180000,0,514,794,640,155,0,65
INS,619,6190000,0,413,943,907,391,23,144
INS,620,6200000,0,275,1143,1050,621,0,61
INS,621,6210000,49,220,1188,1215,838,5,248
INS,622,6220000,0,92,1147,1221,976,0,186
INS,623,6230000,22,0,1044,1234,975,186,228
INS,624,6240000,5,0,929,1129,970,402,219
INS,625,6250000,0,21,695,1004,911,698,130
INS,626,6260000,6,2,373,756,668,798,189
INS,627,6270000,0,55,112,461,505,836,84
INS,628,6280000,0,7,11,179,265,707,69
INS,629,6290000,36,0,0,0,0,550,15
INS,630,6300000,21,0,0,7,0,309,39
INS,631,6310000,21,37,0,0,39,23,95
INS,632,6320000,20,0,72,0,25,40,149
INS,633,6330000,23,0,0,0,0,18,50
INS,634,6340000,0,0,0,6,3,0,35
INS,635,6350000,0,0,0,7,16,50,116
INS,636,6360000,13,0,6,8,0,9,96
INS,637,6370000,0,0,0,26,21,15,139
INS,638,6380000,0,0,0,14,40,8,156
INS,639,6390000,3,0,7,4,0,0,125
INS,640,6400000,7,0,2,4,0,19,160
INS,641,6410000,0,0,0,1,8,17,171
INS,642,6420000,13,14,7,20,28,0,244
INS,643,6430000,4,0,0,0,34,0,217
INS,644,6440000,7,0,18,0,14,0,235
INS,645,6450000,28,47,0,0,7,9,48
INS,646,6460000,6,19,3,35,2,0,39
INS,647,6470000,0,0,0,0,0,0,247
INS,648,6480000,1,16,0,27,5,0,57
INS,649,6490000,0,0,11,15,0,0,51
INS,650,6500000,36,31,42,0,0,8,159
INS,651,6510000,281,0,0,0,25,0,109
INS,652,6520000,531,52,23,24,18,0,212
INS,653,6530000,843,19,0,31,0,6,224
INS,654,6540000,1035,0,0,0,0,37,158
INS,655,6550000,1244,15,0,0,9,39,154
INS,656,6560000,1334,0,0,0,0,0,198
INS,657,6570000,1460,0,18,5,0,53,161
INS,658,6580000,1490,28,27,0,0,0,187
INS,659,6590000,1388,197,0,0,0,0,244
INS,660,6600000,1240,322,0,25,0,0,7
INS,661,6610000,1063,379,12,8,0,0,155
INS,662,6620000,849,497,0,10,16,0,82
INS,663,6630000,600,584,0,0,0,31,198
INS,664,6640000,290,626,35,0,0,19,226
INS,665,6650000,0,653,0,0,30,0,212
INS,666,6660000,14,627,261,0,13,5,210
INS,667,6670000,13,547,575,310,0,5,245
INS,668,6680000,15,495,815,625,104,0,98
INS,669,6690000,19,405,1035,887,395,0,34
INS,670,6700000,20,308,1100,1076,638,0,196
INS,671,6710000,0,198,1150,1210,801,0,174
INS,672,6720000,0,83,1130,1240,936,0,221
INS,673,6730000,21,51,1107,1212,999,141,124
INS,674,6740000,15,0,901,1138,992,400,56
INS,675,6750000,0,44,712,969,881,598,87
INS,676,6760000,42,0,391,705,735,783,68
INS,677,6770000,30,0,124,414,522,805,92
INS,678,6780000,8,31,35,159,309,748,16
INS,679,6790000,1,0,10,48,21,576,167
INS,680,6800000,0,0,0,7,18,286,95
INS,681,6810000,0,44,0,0,0,0,101
INS,682,6820000,0,0,16,8,0,16,114
INS,683,6830000,29,6,25,0,29,28,208
INS,684,6840000,0,0,1,0,0,0,109
INS,685,6850000,36,0,23,0,0,2,186
INS,686,6860000,27,0,0,0,0,0,169
INS,687,6870000,0,0,25,0,31,0,215
INS,688,6880000,3,21,16,0,24,18,2
INS,689,6890000,0,0,0,0,17,1,211
INS,690,6900000,22,33,0,15,0,30,54
INS,691,6910000,5,5,0,0,15,5,1
INS,692,6920000,0,5,18,0,0,4,15
INS,693,6930000,14,52,1,0,0,4,76
INS,694,6940000,0,6,0,0,0,12,40
INS,695,6950000,34,0,6,39,0,0,118
INS,696,6960000,0,0,22,0,13,22,113
INS,697,6970000,17,0,0,19,9,0,118
INS,698,6980000,0,0,15,0,16,0,121
INS,699,6990000,0,0,35,0,24,48,214
INS,700,7000000,0,29,43,0,0,0,196
INS,701,7010000,314,21,19,44,0,0,27
INS,702,7020000,636,8,11,16,14,0,75
INS,703,7030000,871,4,0,0,0,0,26
INS,704,7040000,1068,0,0,12,0,0,248
INS,705,7050000,1230,7,31,24,37,0,2
INS,706,7060000,1383,0,0,0,12,1,86
INS,707,7070000,1443,17,27,0,0,10,204
INS,708,7080000,1453,113,5,0,48,0,87
INS,709,7090000,1371,118,0,16,0,14,4
INS,710,7100000,1244,358,13,0,0,0,117
INS,711,7110000,1067,457,0,8,0,0,51
INS,712,7120000,866,517,9,0,2,26,212
INS,713,7130000,631,564,0,0,23,0,27
INS,714,7140000,294,679,0,6,0,0,61
INS,715,7150000,48,628,0,4,0,0,35
INS,716,7160000,0,612,321,21,29,8,107
INS,717,7170000,0,564,547,314,15,8,69
INS,718,7180000,0,500,772,628,163,0,189
INS,719,7190000,0,399,943,829,408,0,210
INS,720,7200000,0,315,1148,1060,675,3,81
INS,721,7210000,18,186,1182,1147,786,0,216
INS,722,7220000,11,82,1122,1227,948,55,103
INS,723,7230000,0,0,1045,1229,981,112,42
INS,724,7240000,0,18,895,1155,977,371,108
INS,725,7250000,0,0,727,941,872,663,168
INS,726,7260000,25,3,477,753,752,737,241
INS,727,7270000,0,0,167,437,545,784,212
INS,728,7280000,0,1,84,145,284,738,60
INS,729,7290000,0,7,51,9,0,538,198
INS,730,7300000,0,0,0,4,0,276,146
INS,731,7310000,0,0,3,24,25,13,204
INS,732,7320000,0,3,0,15,0,0,174
INS,733,7330000,1,0,17,0,0,32,223
INS,734,7340000,0,9,0,0,7,5,211
INS,735,7350000,5,2,21,8,15,0,2
INS,736,7360000,23,0,19,0,25,0,35
INS,737,7370000,0,0,0,0,29,31,45
INS,738,7380000,0,11,0,0,46,0,59
INS,739,7390000,25,18,7,0,0,34,103
INS,740,7400000,47,4,0,0,10,0,97
INS,741,7410000,10,26,39,22,0,0,150
INS,742,7420000,19,0,17,2,0,0,108
INS,743,7430000,0,4,0,4,0,0,95
INS,744,7440000,36,0,0,7,10,29,186
INS,745,7450000,0,0,1,0,0,39,161
INS,746,7460000,2,0,0,0,13,0,153
INS,747,7470000,0,5,0,0,0,13,173
INS,748,7480000,2,0,0,0,24,0,198
INS,749,7490000,0,0,0,24,0,13,226
INS,750,7500000,27,13,0,0,27,0,17
INS,751,7510000,284,42,11,0,31,0,79
INS,752,7520000,567,32,0,1,40,4,116
INS,753,7530000,818,0,21,40,1,8,121
INS,754,7540000,1084,23,0,0,0,0,101
INS,755,7550000,1222,31,28,11,20,24,91
INS,756,7560000,1411,8,7,50,0,0,248
INS,757,7570000,1446,0,0,2,0,21,2
INS,758,7580000,1422,35,14,0,28,15,64
INS,759,7590000,1380,184,0,0,17,0,148
INS,760,7600000,1207,321,0,26,12,0,150
INS,761,7610000,1018,377,19,6,0,0,21
INS,762,7620000,842,509,13,32,20,3,37
INS,763,7630000,564,514,8,45,0,0,22
INS,764,7640000,299,627,42,0,0,0,132
INS,765,7650000,5,612,0,0,45,5,104
INS,766,7660000,53,659,269,6,31,0,216
INS,767,7670000,20,595,547,346,32,15,2
INS,768,7680000,0,522,813,592,126,0,5
INS,769,7690000,0,432,990,845,377,32,133
INS,770,7700000,11,310,1117,1115,663,31,209
INS,771,7710000,0,156,1175,1223,869,9,155
INS,772,7720000,0,45,1148,1306,892,13,144
INS,773,7730000,12,0,1044,1237,975,167,192
INS,774,7740000,0,21,933,1127,930,477,6
INS,775,7750000,0,8,636,953,893,631,168
INS,776,7760000,15,14,416,735,706,792,254
INS,777,7770000,1,0,158,468,532,787,51
INS,778,7780000,0,0,26,162,251,702,31
INS,779,7790000,0,0,0,0,0,545,220
INS,780,7800000,0,7,28,0,14,284,25
INS,781,7810000,0,0,22,0,0,5,248
INS,782,7820000,0,0,8,0,0,0,246
INS,783,7830000,0,1,16,8,29,0,53
INS,784,7840000,30,0,0,8,17,0,71
INS,785,7850000,0,1,0,0,45,32,111
INS,786,7860000,0,12,0,0,4,0,66
INS,787,7870000,1,0,0,9,1,0,78
INS,788,7880000,0,20,0,0,55,12,171
INS,789,7890000,20,0,20,20,7,2,170
INS,790,7900000,6,2,0,0,0,0,126
INS,791,7910000,0,0,14,33,0,9,191
INS,792,7920000,25,7,21,52,0,8,9
INS,793,7930000,17,0,0,16,15,39,0
INS,794,7940000,0,1,0,13,26,29,255
INS,795,7950000,0,5,35,0,0,0,243
INS,796,7960000,0,37,34,11,0,0,46
INS,797,7970000,0,0,0,25,22,6,34
INS,798,7980000,2,0,0,29,18,0,47
INS,799,7990000,8,0,0,0,43,32,98
INS,800,8000000,0,0,9,7,0,25,73
INS,801,8010000,311,0,0,23,0,0,127
INS,802,8020000,592,49,0,0,0,11,206
INS,803,8030000,837,0,17,0,0,0,169
INS,804,8040000,1101,0,0,16,12,0,205
INS,805,8050000,1229,0,0,37,0,0,103
INS,806,8060000,1351,52,0,0,0,0,1
INS,807,8070000,1423,0,45,0,8,0,91
INS,808,8080000,1390,52,0,11,21,0,106
INS,809,8090000,1403,197,0,7,0,20,20
INS,810,8100000,1220,322,0,0,0,0,208
INS,811,8110000,1063,469,0,0,0,0,215
INS,812,8120000,838,516,0,0,11,11,76
INS,813,8130000,535,576,0,0,2,21,107
INS,814,8140000,289,601,0,8,10,28,182
INS,815,8150000,16,604,5,24,0,25,193
INS,816,8160000,0,619,292,17,8,0,216
INS,817,8170000,0,580,558,301,0,49,17
INS,818,8180000,0,501,809,652,123,0,119
INS,819,8190000,10,430,1011,902,347,30,13
INS,820,8200000,24,344,1082,1047,596,11,148
INS,821,8210000,20,184,1151,1174,800,27,161
INS,822,8220000,26,69,1109,1253,956,0,235
INS,823,8230000,0,8,1066,1221,998,111,243
INS,824,8240000,0,0,930,1147,990,401,68
INS,825,8250000,0,17,645,989,880,676,80
INS,826,8260000,2,1,457,772,762,808,204
INS,827,8270000,0,0,144,421,526,831,109
INS,828,8280000,0,3,16,143,297,753,184
INS,829,8290000,31,0,18,0,6,549,105
INS,830,8300000,0,0,0,7,0,281,62
INS,831,8310000,0,2,11,0,5,0,65
INS,832,8320000,2,50,10,24,11,12,173
INS,833,8330000,46,0,0,0,8,0,135
INS,834,8340000,0,0,20,0,3,28,149
INS,835,8350000,48,28,0,0,79,5,19
INS,836,8360000,62,0,0,35,0,7,236
INS,837,8370000,0,0,11,0,0,0,160
INS,838,8380000,0,36,0,0,22,34,2
INS,839,8390000,39,43,0,12,0,25,46
INS,840,8400000,0,11,69,16,0,14,54
INS,841,8410000,0,0,10,0,54,0,25
INS,842,8420000,0,41,27,0,29,7,82
INS,843,8430000,0,0,0,0,0,29,24
INS,844,8440000,0,19,0,15,0,57,103
INS,845,8450000,0,0,0,5,0,13,47
INS,846,8460000,0,4,0,0,0,0,50
INS,847,8470000,0,0,24,0,32,0,119
INS,848,8480000,6,0,19,3,0,0,108
INS,849,8490000,0,9,22,4,21,0,153
INS,850,8500000,12,0,5,0,32,0,163
INS,851,8510000,306,45,0,0,0,19,245
INS,852,8520000,604,22,5,27,10,0,48
INS,853,8530000,875,18,0,0,0,0,34
INS,854,8540000,1099,59,22,0,0,3,85
INS,855,8550000,1267,71,0,12,0,2,15
INS,856,8560000,1381,31,9,0,0,0,101
INS,857,8570000,1414,0,25,3,15,0,154
INS,858,8580000,1445,66,0,0,0,0,225
INS,859,8590000,1380,188,0,14,0,8,65
INS,860,8600000,1260,336,0,29,0,15,132
INS,861,8610000,1040,415,0,0,0,18,238
INS,862,8620000,789,466,21,33,13,14,118
INS,863,8630000,561,595,42,24,0,6,27
INS,864,8640000,273,640,13,20,52,5,75
INS,865,8650000,0,658,0,0,19,23,45
INS,866,8660000,0,636,213,0,0,23,234
INS,867,8670000,6,622,552,297,0,8,96
INS,868,8680000,4,499,807,576,121,0,123
INS,869,8690000,35,443,1000,844,355,0,42
INS,870,8700000,0,318,1124,1046,628,57,43
INS,871,8710000,11,199,1182,1248,821,0,92
INS,872,8720000,53,50,1153,1261,953,0,118
INS,873,8730000,3,0,1059,1274,984,140,125
INS,874,8740000,0,27,904,1188,986,427,214
INS,875,8750000,56,0,672,988,853,637,161
INS,876,8760000,0,0,448,709,748,795,184
INS,877,8770000,0,32,116,505,532,812,10
INS,878,8780000,0,0,8,127,222,706,117
INS,879,8790000,22,21,29,18,2,602,21
INS,880,8800000,0,0,0,0,0,313,169
INS,881,8810000,19,0,10,15,8,5,186
INS,882,8820000,2,25,0,20,0,0,193
INS,883,8830000,0,0,0,0,0,0,163
INS,884,8840000,0,2,0,21,9,29,241
INS,885,8850000,37,0,41,22,0,21,62
INS,886,8860000,0,0,0,0,0,0,214
INS,887,8870000,0,0,0,50,13,0,38
INS,888,8880000,0,0,25,23,0,13,53
INS,889,8890000,0,25,28,0,74,44,180
INS,890,8900000,0,0,0,0,0,0,26
INS,891,8910000,0,0,12,0,25,0,80
INS,892,8920000,0,0,0,3,0,4,67
INS,893,8930000,0,31,19,10,7,12,156
INS,894,8940000,40,0,27,2,2,0,165
INS,895,8950000,10,2,31,2,0,23,179
INS,896,8960000,4,0,0,32,0,0,164
INS,897,8970000,0,6,10,6,19,0,186
INS,898,8980000,2,14,4,0,4,6,192
INS,899,8990000,0,1,0,0,0,0,180
INS,900,9000000,14,13,0,0,0,23,246
INS,901,9010000,250,0,26,0,0,0,233
INS,902,9020000,589,0,0,30,0,0,81
INS,903,9030000,858,0,0,30,50,36,197
INS,904,9040000,1090,0,0,9,0,0,83
INS,905,9050000,1227,9,0,0,0,0,237
INS,906,9060000,1397,0,0,0,49,0,208
INS,907,9070000,1428,15,8,0,26,16,16
INS,908,9080000,1448,63,0,10,4,0,65
INS,909,9090000,1359,192,40,0,16,22,186
INS,910,9100000,1239,364,0,0,0,0,177
INS,911,9110000,1102,388,12,12,1,59,165
INS,912,9120000,801,515,0,14,10,0,204
INS,913,9130000,572,561,0,0,0,0,14
INS,914,9140000,322,571,0,0,9,12,68
INS,915,9150000,26,614,0,0,19,6,92
INS,916,9160000,0,588,271,0,22,20,89
INS,917,9170000,40,591,576,317,39,9,9
INS,918,9180000,2,528,756,609,158,0,251
INS,919,9190000,0,426,997,856,394,0,120
INS,920,9200000,0,301,1116,1085,633,0,87
INS,921,9210000,18,203,1158,1152,803,8,55
INS,922,9220000,10,2,1157,1241,880,0,20
INS,923,9230000,0,0,1084,1225,983,181,220
INS,924,9240000,0,37,879,1124,967,391,162
INS,925,9250000,26,0,694,956,884,641,238
INS,926,9260000,24,9,423,757,672,768,219
INS,927,9270000,0,37,122,481,510,774,19
INS,928,9280000,5,8,0,124,211,733,217
INS,929,9290000,33,0,0,18,0,556,16
INS,930,9300000,0,11,3,19,0,307,22
INS,931,9310000,29,0,0,23,32,31,70
INS,932,9320000,23,15,0,40,0,0,50
INS,933,9330000,0,2,0,0,0,0,247
INS,934,9340000,19,19,0,20,45,0,109
INS,935,9350000,0,0,44,0,0,13,80
INS,936,9360000,0,12,8,0,19,13,92
INS,937,9370000,0,0,0,36,0,29,122
INS,938,9380000,23,38,0,0,30,0,165
INS,939,9390000,0,47,22,3,0,0,163
INS,940,9400000,30,0,13,10,8,0,169
INS,941,9410000,25,3,0,0,0,28,181
INS,942,9420000,0,0,0,8,0,8,158
INS,943,9430000,19,44,0,0,44,41,51
INS,944,9440000,1,0,0,0,17,10,204
INS,945,9450000,2,38,25,0,0,0,2
INS,946,9460000,0,16,29,0,0,0,255
INS,947,9470000,0,39,7,12,0,0,29
INS,948,9480000,23,0,24,0,0,35,70
INS,949,9490000,2,31,0,0,0,35,73
INS,950,9500000,0,0,15,11,0,27,75
INS,951,9510000,302,6,0,0,1,39,131
INS,952,9520000,585,0,33,0,0,4,166
INS,953,9530000,852,22,32,0,0,0,211
INS,954,9540000,1081,0,19,0,0,0,166
INS,955,9550000,1280,40,12,13,0,4,176
INS,956,9560000,1401,0,52,41,10,0,92
INS,957,9570000,1418,0,0,4,49,0,76
INS,958,9580000,1412,34,45,0,29,0,142
INS,959,9590000,1350,181,0,15,0,17,202
INS,960,9600000,1258,358,23,14,66,0,119
INS,961,9610000,1070,441,0,20,0,32,236
INS,962,9620000,833,528,0,0,0,30,81
INS,963,9630000,553,589,20,0,8,0,133
INS,964,9640000,260,659,0,34,0,0,189
INS,965,9650000,34,604,0,0,18,16,181
INS,966,9660000,15,645,295,3,0,0,228
INS,967,9670000,0,588,561,277,0,0,201
INS,968,9680000,16,495,789,654,134,20,132
INS,969,9690000,0,385,988,828,420,0,150
INS,970,9700000,0,281,1107,1025,600,0,47
INS,971,9710000,30,191,1136,1219,807,0,178
INS,972,9720000,2,92,1114,1309,928,0,1
INS,973,9730000,14,16,1108,1227,1036,185,159
INS,974,9740000,8,26,902,1177,980,439,122
INS,975,9750000,0,0,707,967,859,677,73
INS,976,9760000,12,0,438,741,696,785,64
INS,977,9770000,20,8,118,490,520,758,91
INS,978,9780000,0,6,0,131,251,731,81
INS,979,9790000,6,0,4,0,13,565,79
INS,980,9800000,10,46,5,0,8,282,115
INS,981,9810000,0,7,0,36,14,21,115
INS,982,9820000,0,5,27,33,4,19,142
INS,983,9830000,0,0,0,0,0,21,92
INS,984,9840000,32,16,0,9,23,0,168
INS,985,9850000,0,0,24,10,0,0,139
INS,986,9860000,4,31,0,14,0,27,198
INS,987,9870000,0,18,27,0,0,0,184
INS,988,9880000,19,0,0,0,4,20,199
INS,989,9890000,0,30,0,45,39,39,70
INS,990,9900000,7,1,0,0,8,0,206
INS,991,9910000,1,0,46,0,0,39,37
INS,992,9920000,29,0,0,7,19,21,44
INS,993,9930000,0,0,0,0,11,0,252
INS,994,9940000,0,46,29,0,31,0,108
INS,995,9950000,0,0,0,2,26,3,50
INS,996,9960000,0,2,6,10,41,0,95
INS,997,9970000,0,0,0,0,0,26,79
INS,998,9980000,0,30,20,11,49,3,183
INS,999,9990000,29,0,43,11,1,1,172
INS,1000,10000000,0,0,0,3,0,8,115
INS,1001,10010000,323,19,0,18,57,0,26
INS,1002,10020000,577,0,9,18,0,0,230
INS,1003,10030000,843,40,14,0,7,10,45
INS,1004,10040000,1092,10,0,8,24,0,26
INS,1005,10050000,1217,0,0,14,0,38,178
INS,1006,10060000,1330,1,20,38,0,33,92
INS,1007,10070000,1434,62,19,12,8,7,229
INS,1008,10080000,1485,49,15,19,0,12,28
INS,1009,10090000,1326,200,0,0,0,0,247
INS,1010,10100000,1249,252,3,0,36,0,22
INS,1011,10110000,1061,453,5,0,20,0,38
INS,1012,10120000,839,481,0,0,5,14,111
INS,1013,10130000,592,588,0,0,0,11,236
INS,1014,10140000,264,625,2,24,9,0,242
INS,1015,10150000,0,625,0,0,0,4,220
INS,1016,10160000,4,589,248,0,18,16,227
INS,1017,10170000,42,601,562,321,0,23,150
INS,1018,10180000,8,514,843,622,128,0,221
INS,1019,10190000,24,392,1000,859,406,0,36
INS,1020,10200000,7,305,1155,1096,648,0,71
INS,1021,10210000,0,227,1164,1182,826,0,20
INS,1022,10220000,0,12,1175,1283,963,8,79
INS,1023,10230000,23,0,1049,1281,975,125,108
INS,1024,10240000,0,0,941,1157,923,432,125
INS,1025,10250000,35,36,701,965,837,635,154
INS,1026,10260000,0,11,422,717,726,787,137
INS,1027,10270000,0,0,154,484,527,815,239
INS,1028,10280000,18,10,21,192,282,763,74
INS,1029,10290000,0,13,13,18,0,543,160
INS,1030,10300000,0,0,13,1,0,288,148
INS,1031,10310000,8,16,41,0,2,0,186
INS,1032,10320000,0,20,31,0,0,0,187
INS,1033,10330000,0,0,36,20,0,0,209
INS,1034,10340000,34,0,0,0,0,33,237
INS,1035,10350000,0,8,0,12,0,1,208
INS,1036,10360000,0,41,18,0,0,0,7
INS,1037,10370000,0,12,7,0,3,0,243
INS,1038,10380000,47,2,1,0,55,0,87
INS,1039,10390000,6,0,20,0,0,0,25
INS,1040,10400000,0,0,8,0,0,0,24
INS,1041,10410000,34,5,0,0,9,41,122
INS,1042,10420000,0,0,0,14,14,0,78
INS,1043,10430000,5,0,4,0,0,53,129
INS,1044,10440000,0,0,0,41,0,0,125
INS,1045,10450000,29,0,30,0,0,21,181
INS,1046,10460000,0,0,5,0,48,0,171
INS,1047,10470000,0,0,0,12,0,0,147
INS,1048,10480000,26,0,8,0,18,0,204
INS,1049,10490000,42,30,21,0,6,24,36
INS,1050,10500000,8,29,0,0,0,14,237
INS,1051,10510000,340,0,0,0,0,0,31
INS,1052,10520000,570,0,3,25,35,0,85
INS,1053,10530000,885,0,0,0,0,33,131
INS,1054,10540000,1066,6,0,0,0,10,56
INS,1055,10550000,1200,0,0,32,54,4,25
INS,1056,10560000,1385,7,0,0,2,0,146
INS,1057,10570000,1427,0,9,43,0,23,15
INS,1058,10580000,1428,64,0,0,17,0,39
INS,1059,10590000,1375,190,0,3,0,0,115
INS,1060,10600000,1237,309,0,19,0,9,138
INS,1061,10610000,1067,409,19,0,0,13,89
INS,1062,10620000,856,482,20,0,0,0,212
INS,1063,10630000,571,590,11,29,46,0,118
INS,1064,10640000,315,602,0,0,0,30,91
INS,1065,10650000,0,637,28,0,0,0,82
INS,1066,10660000,10,648,309,9,0,0,154
INS,1067,10670000,0,588,556,297,0,0,124
INS,1068,10680000,0,483,795,585,116,45,212
INS,1069,10690000,0,419,995,851,384,7,93
INS,1070,10700000,36,320,1096,1049,647,0,90
INS,1071,10710000,0,149,1146,1182,853,0,33
INS,1072,10720000,6,74,1194,1248,916,48,206
INS,1073,10730000,0,7,1035,1237,962,138,116
INS,1074,10740000,0,0,944,1129,981,460,12
INS,1075,10750000,31,0,674,932,895,629,188
INS,1076,10760000,21,17,452,744,714,841,89
INS,1077,10770000,0,0,148,468,527,781,9
INS,1078,10780000,0,0,11,159,309,723,72
INS,1079,10790000,0,0,16,0,64,545,24
INS,1080,10800000,7,10,0,0,24,294,7
INS,1081,10810000,23,0,23,0,0,0,247
INS,1082,10820000,11,0,50,0,2,20,45
INS,1083,10830000,0,0,0,16,0,0,251
INS,1084,10840000,0,0,0,0,0,0,252
INS,1085,10850000,8,2,0,0,3,11,37
INS,1086,10860000,24,0,0,0,0,0,54
INS,1087,10870000,15,19,0,11,24,0,116
INS,1088,10880000,7,24,21,0,0,18,134
INS,1089,10890000,0,42,43,0,28,0,194
INS,1090,10900000,0,8,32,11,2,4,155
INS,1091,10910000,0,30,5,29,26,0,205
INS,1092,10920000,28,0,14,0,0,0,174
INS,1093,10930000,26,21,0,0,0,27,223
INS,1094,10940000,0,0,0,9,0,26,201
INS,1095,10950000,0,0,9,19,0,0,211
INS,1096,10960000,11,38,0,0,0,19,12
INS,1097,10970000,4,0,0,0,15,7,243
INS,1098,10980000,0,0,41,17,35,6,77
INS,1099,10990000,23,0,67,5,35,3,128
INS,1100,11000000,14,31,39,5,0,0,101
INS,1101,11010000,303,7,0,0,38,0,121
INS,1102,11020000,610,8,24,0,34,0,210
INS,1103,11030000,822,0,0,16,24,35,192
INS,1104,11040000,1084,45,0,2,0,9,196
INS,1105,11050000,1237,0,39,0,10,0,103
INS,1106,11060000,1370,15,0,11,4,35,13
INS,1107,11070000,1433,25,0,28,0,0,81
INS,1108,11080000,1444,72,0,0,0,0,128
INS,1109,11090000,1346,224,17,0,0,0,216
INS,1110,11100000,1267,300,10,0,65,7,39
INS,1111,11110000,1064,423,0,0,0,15,165
INS,1112,11120000,850,470,0,0,0,4,4
INS,1113,11130000,590,557,0,0,11,32,143
INS,1114,11140000,230,610,0,0,26,29,121
INS,1115,11150000,10,656,20,0,29,10,224
INS,1116,11160000,0,631,316,0,0,0,207
INS,1117,11170000,14,540,543,354,0,4,220
INS,1118,11180000,71,476,796,641,153,0,151
INS,1119,11190000,0,440,978,823,386,23,169
INS,1120,11200000,25,325,1068,1055,642,0,139
INS,1121,11210000,35,179,1151,1178,800,13,141
INS,1122,11220000,0,68,1169,1223,978,0,240
INS,1123,11230000,23,0,1039,1248,1042,173,88
INS,1124,11240000,2,0,882,1155,987,406,12
INS,1125,11250000,3,26,721,978,860,644,85
INS,1126,11260000,0,0,405,744,697,778,6
INS,1127,11270000,0,29,125,485,516,804,126
INS,1128,11280000,0,0,0,196,230,768,146
INS,1129,11290000,20,14,7,0,0,561,83
INS,1130,11300000,0,12,57,5,5,288,121
INS,1131,11310000,6,17,0,0,0,20,70
INS,1132,11320000,32,0,6,0,5,0,87
INS,1133,11330000,0,0,15,0,7,0,83
INS,1134,11340000,0,0,0,6,0,0,84
INS,1135,11350000,2,2,0,0,14,0,113
INS,1136,11360000,0,0,0,32,5,0,149
INS,1137,11370000,0,0,8,56,0,40,233
INS,1138,11380000,0,37,13,0,5,23,224
INS,1139,11390000,0,0,0,1,0,35,199
INS,1140,11400000,42,7,0,0,0,0,229
INS,1141,11410000,0,19,2,0,20,0,238
INS,1142,11420000,0,0,41,27,0,7,33
INS,1143,11430000,16,17,0,1,0,0,9
INS,1144,11440000,36,0,0,0,0,1,29
INS,1145,11450000,14,0,0,0,46,11,80
INS,1146,11460000,11,36,0,16,0,60,149
INS,1147,11470000,10,0,0,32,0,0,85
INS,1148,11480000,36,22,15,11,0,5,149
INS,1149,11490000,9,37,0,0,5,0,128
INS,1150,11500000,3,11,7,10,0,0,125
INS,1151,11510000,278,9,0,0,26,0,168
INS,1152,11520000,582,13,35,0,0,38,28
INS,1153,11530000,767,0,0,6,3,0,153
INS,1154,11540000,1049,43,0,29,0,26,29
INS,1155,11550000,1259,0,0,1,55,0,214
INS,1156,11560000,1378,64,24,0,38,0,164
INS,1157,11570000,1419,0,7,0,0,0,103
INS,1158,11580000,1460,63,11,18,11,15,16
INS,1159,11590000,1330,201,0,0,0,0,242
INS,1160,11600000,1220,271,21,0,0,45,29
INS,1161,11610000,1044,424,17,0,49,28,51
INS,1162,11620000,879,500,32,14,14,0,201
INS,1163,11630000,572,594,10,34,0,0,245
INS,1164,11640000,288,583,0,6,33,9,227
INS,1165,11650000,16,628,37,14,0,51,71
INS,1166,11660000,0,597,340,0,0,0,23
INS,1167,11670000,0,582,537,315,37,0,62
INS,1168,11680000,24,530,755,589,146,0,140
INS,1169,11690000,0,398,1002,840,383,38,6
INS,1170,11700000,29,291,1090,1027,657,12,212
INS,1171,11710000,34,264,1177,1201,836,0,123
INS,1172,11720000,40,64,1152,1252,933,0,69
INS,1173,11730000,0,31,1066,1311,1016,151,220
INS,1174,11740000,2,0,944,1145,984,429,166
INS,1175,11750000,30,0,697,988,878,581,109
INS,1176,11760000,0,0,389,713,710,793,69
INS,1177,11770000,5,0,150,429,514,883,230
INS,1178,11780000,27,0,0,145,244,685,135
INS,1179,11790000,0,0,0,0,0,546,109
INS,1180,11800000,0,40,0,0,0,350,226
INS,1181,11810000,21,11,11,0,37,0,189
INS,1182,11820000,37,36,29,0,49,0,21
INS,1183,11830000,7,13,28,0,0,0,191
INS,1184,11840000,0,10,31,16,38,33,32
INS,1185,11850000,38,0,0,18,0,54,31
INS,1186,11860000,0,0,11,19,0,14,238
INS,1187,11870000,0,11,32,0,16,52,66
INS,1188,11880000,0,0,0,0,0,8,236
INS,1189,11890000,20,0,50,0,0,0,59
INS,1190,11900000,0,0,0,11,2,0,19
INS,1191,11910000,0,0,60,33,0,1,117
INS,1192,11920000,10,0,7,14,43,22,136
INS,1193,11930000,0,24,5,43,0,8,137
INS,1194,11940000,58,0,0,0,34,10,176
INS,1195,11950000,5,0,0,20,17,11,144
INS,1196,11960000,44,54,0,12,40,0,2
INS,1197,11970000,14,22,0,8,0,0,169
INS,1198,11980000,0,35,0,0,0,0,177
INS,1199,11990000,0,4,0,0,0,0,163
INS,1200,12000000,31,0,14,50,0,0,15
INS,1201,12010000,319,0,0,16,0,50,66
INS,1202,12020000,538,4,0,12,0,7,3
INS,1203,12030000,866,0,0,0,15,45,129
INS,1204,12040000,1065,0,11,21,0,0,61
INS,1205,12050000,1249,30,1,0,0,11,16
INS,1206,12060000,1352,0,29,13,21,6,163
INS,1207,12070000,1440,0,0,70,0,38,51
INS,1208,12080000,1414,31,0,32,34,0,31
INS,1209,12090000,1380,154,5,0,0,26,102
INS,1210,12100000,1279,321,45,0,5,0,204
INS,1211,12110000,1068,400,53,0,21,0,113
INS,1212,12120000,854,528,0,0,0,33,3
INS,1213,12130000,627,571,35,12,13,34,153
INS,1214,12140000,311,630,17,1,0,0,93
INS,1215,12150000,9,575,31,0,26,0,48
INS,1216,12160000,0,621,331,0,39,10,169
INS,1217,12170000,3,621,588,318,0,0,203
INS,1218,12180000,0,538,779,633,127,0,255
INS,1219,12190000,0,419,986,860,374,0,66
INS,1220,12200000,0,283,1098,1049,624,22,8
INS,1221,12210000,0,197,1125,1185,801,12,13
INS,1222,12220000,0,52,1152,1240,943,37,134
INS,1223,12230000,0,0,1051,1223,1015,161,177
INS,1224,12240000,0,63,887,1131,959,427,211
INS,1225,12250000,0,0,678,963,845,664,167
INS,1226,12260000,0,48,442,734,720,826,60
INS,1227,12270000,39,0,164,483,541,787,89
INS,1228,12280000,0,19,36,141,253,781,90
INS,1229,12290000,0,28,0,31,0,519,223
INS,1230,12300000,0,30,37,15,0,303,47
INS,1231,12310000,0,16,0,2,0,0,209
INS,1232,12320000,63,44,0,0,0,15,74
INS,1233,12330000,49,6,35,41,0,0,100
INS,1234,12340000,16,0,6,27,4,0,39
INS,1235,12350000,68,8,16,21,17,0,133
INS,1236,12360000,0,0,0,0,0,2,22
INS,1237,12370000,55,0,29,0,0,0,121
INS,1238,12380000,0,0,0,0,0,4,58
INS,1239,12390000,7,60,35,0,0,8,181
INS,1240,12400000,0,0,28,0,0,6,122
INS,1241,12410000,0,0,29,20,31,0,185
INS,1242,12420000,34,17,0,0,0,29,202
INS,1243,12430000,0,56,0,0,0,36,231
INS,1244,12440000,35,0,6,0,13,5,215
INS,1245,12450000,0,13,0,0,0,36,222
INS,1246,12460000,0,44,0,0,0,31,9
INS,1247,12470000,16,0,0,12,40,0,19
INS,1248,12480000,0,23,10,4,0,6,11
INS,1249,12490000,16,8,6,0,0,0,15
INS,1250,12500000,0,23,0,0,0,0,25
INS,1251,12510000,285,28,14,0,0,0,90
INS,1252,12520000,578,0,7,47,0,13,169
INS,1253,12530000,840,0,0,0,0,0,125
INS,1254,12540000,1043,20,10,0,0,0,119
INS,1255,12550000,1215,0,0,0,0,0,22
INS,1256,12560000,1369,0,9,0,0,0,202
INS,1257,12570000,1426,15,0,33,33,0,92
INS,1258,12580000,1430,51,14,0,16,0,113
INS,1259,12590000,1355,193,22,8,7,14,218
INS,1260,12600000,1257,326,55,20,10,0,48
INS,1261,12610000,1068,422,42,0,0,18,203
INS,1262,12620000,834,476,8,8,2,0,254
INS,1263,12630000,555,562,0,0,13,0,73
INS,1264,12640000,323,618,0,20,0,16,193
INS,1265,12650000,27,654,0,0,0,0,170
INS,1266,12660000,42,638,279,0,0,23,232
INS,1267,12670000,6,576,570,316,0,0,223
INS,1268,12680000,0,499,809,552,156,0,20
INS,1269,12690000,0,415,979,857,373,2,135
INS,1270,12700000,17,331,1098,1055,643,14,172
INS,1271,12710000,13,173,1219,1188,843,0,211
INS,1272,12720000,3,65,1134,1258,923,0,175
INS,1273,12730000,39,0,1098,1222,999,139,50
INS,1274,12740000,0,11,867,1116,990,396,206
INS,1275,12750000,0,0,712,977,894,582,8
INS,1276,12760000,25,12,482,764,730,780,165
INS,1277,12770000,9,23,158,443,537,826,153
INS,1278,12780000,0,9,2,203,248,706,110
INS,1279,12790000,0,0,0,0,0,553,24
INS,1280,12800000,16,5,0,0,0,285,50
INS,1281,12810000,0,21,12,0,0,0,50
INS,1282,12820000,0,0,29,13,32,38,146
INS,1283,12830000,24,0,0,0,21,0,96
INS,1284,12840000,0,2,0,37,26,0,133
INS,1285,12850000,0,9,8,12,31,39,184
INS,1286,12860000,0,23,43,31,2,0,201
INS,1287,12870000,0,23,23,32,13,0,210
INS,1288,12880000,34,0,0,38,0,0,208
INS,1289,12890000,0,0,0,0,19,0,172
INS,1290,12900000,12,0,0,0,0,0,182
INS,1291,12910000,0,0,0,0,17,0,204
INS,1292,12920000,0,0,0,4,0,10,218
INS,1293,12930000,25,37,25,0,43,6,101
INS,1294,12940000,0,29,23,38,24,10,106
INS,1295,12950000,19,0,39,0,0,12,69
INS,1296,12960000,0,0,14,0,14,0,44
INS,1297,12970000,0,0,0,0,14,0,47
INS,1298,12980000,39,0,0,0,0,0,89
INS,1299,12990000,0,0,0,31,24,3,125
INS,1300,13000000,0,0,6,0,0,0,90
INS,1301,13010000,297,0,0,0,0,14,156
INS,1302,13020000,613,28,0,0,7,12,10
INS,1303,13030000,864,15,6,0,0,7,3
INS,1304,13040000,1065,16,23,16,0,0,248
INS,1305,13050000,1283,9,4,0,15,14,214
INS,1306,13060000,1404,0,0,14,31,0,99
INS,1307,13070000,1419,0,4,0,2,0,92
INS,1308,13080000,1431,36,0,0,0,0,151
INS,1309,13090000,1394,195,23,13,1,0,71
INS,1310,13100000,1235,260,0,10,43,10,20
INS,1311,13110000,1052,421,19,32,0,0,3
INS,1312,13120000,824,504,0,30,0,16,126
INS,1313,13130000,602,578,0,0,0,0,205
INS,1314,13140000,302,583,0,4,0,0,187
INS,1315,13150000,12,656,62,18,22,20,105
INS,1316,13160000,5,608,288,40,70,37,124
INS,1317,13170000,0,563,511,331,6,31,23
INS,1318,13180000,9,487,837,609,147,0,175
INS,1319,13190000,0,424,1055,882,384,0,80
INS,1320,13200000,35,321,1106,1059,653,27,41
INS,1321,13210000,0,223,1133,1170,785,40,208
INS,1322,13220000,65,35,1172,1264,913,0,67
INS,1323,13230000,0,24,1048,1222,1004,116,49
INS,1324,13240000,40,0,904,1152,952,421,121
INS,1325,13250000,0,2,715,939,862,637,80
INS,1326,13260000,1,38,399,767,752,793,204
INS,1327,13270000,0,50,157,472,554,799,15
INS,1328,13280000,0,36,2,160,288,722,232
INS,1329,13290000,0,0,34,11,0,550,148
INS,1330,13300000,0,40,0,0,0,288,154
INS,1331,13310000,0,12,7,0,12,0,130
INS,1332,13320000,0,0,0,25,25,4,170
INS,1333,13330000,13,0,0,0,43,0,189
INS,1334,13340000,0,10,50,12,0,0,222
INS,1335,13350000,0,0,0,0,5,29,201
INS,1336,13360000,0,0,0,0,0,0,184
INS,1337,13370000,0,14,0,38,21,0,18
INS,1338,13380000,0,0,5,7,0,40,14
INS,1339,13390000,0,0,7,0,0,0,242
INS,1340,13400000,20,0,5,0,0,4,25
INS,1341,13410000,0,0,0,0,4,21,38
INS,1342,13420000,0,0,8,2,0,0,40
INS,1343,13430000,3,24,23,11,34,0,142
INS,1344,13440000,40,0,0,0,0,0,104
INS,1345,13450000,0,0,0,0,30,0,111
INS,1346,13460000,0,0,0,0,3,9,110
INS,1347,13470000,0,0,14,32,0,0,161
INS,1348,13480000,0,48,0,6,0,2,188
INS,1349,13490000,0,0,27,17,0,32,225
INS,1350,13500000,0,0,16,13,22,55,16
INS,1351,13510000,385,9,0,0,25,15,105
INS,1352,13520000,588,0,0,36,0,0,56
INS,1353,13530000,863,58,39,40,0,22,215
INS,1354,13540000,1072,0,24,6,0,0,56
INS,1355,13550000,1247,0,19,4,0,0,241
INS,1356,13560000,1380,52,0,0,13,7,184
INS,1357,13570000,1425,6,0,0,8,0,188
INS,1358,13580000,1416,52,0,0,0,0,234
INS,1359,13590000,1355,189,0,47,0,3,121
INS,1360,13600000,1244,315,0,21,0,0,124
INS,1361,13610000,1057,479,0,0,35,0,132
INS,1362,13620000,843,487,0,30,0,0,194
INS,1363,13630000,553,547,37,0,0,0,244
INS,1364,13640000,281,579,0,0,0,0,240
INS,1365,13650000,0,630,33,33,0,0,93
INS,1366,13660000,19,602,319,0,7,0,105
INS,1367,13670000,0,553,578,317,0,12,123
INS,1368,13680000,15,524,797,637,133,0,18
INS,1369,13690000,0,416,988,841,397,59,118
INS,1370,13700000,0,332,1112,1006,615,0,243
INS,1371,13710000,32,206,1183,1156,791,0,51
INS,1372,13720000,18,98,1135,1273,920,0,144
INS,1373,13730000,32,0,1007,1226,1003,105,90
INS,1374,13740000,14,0,909,1180,1000,423,4
INS,1375,13750000,0,0,723,953,869,632,184
INS,1376,13760000,17,39,436,744,731,774,21
INS,1377,13770000,8,0,150,478,555,789,45
INS,1378,13780000,0,8,1,191,275,777,102
INS,1379,13790000,10,35,0,9,0,551,240
INS,1380,13800000,4,0,13,0,34,270,229
INS,1381,13810000,0,5,2,14,0,0,202
INS,1382,13820000,0,0,0,0,29,11,238
INS,1383,13830000,0,0,0,18,0,0,233
INS,1384,13840000,21,17,60,18,0,7,99
INS,1385,13850000,15,0,0,12,0,0,20
INS,1386,13860000,49,0,0,67,17,0,143
INS,1387,13870000,0,0,0,18,0,0,45
INS,1388,13880000,10,30,0,0,34,24,142
INS,1389,13890000,10,0,12,21,0,0,104
INS,1390,13900000,10,0,9,23,21,14,155
INS,1391,13910000,22,0,0,0,2,0,119
INS,1392,13920000,0,11,0,0,0,11,134
INS,1393,13930000,17,0,0,0,1,31,178
INS,1394,13940000,0,15,36,19,0,0,216
INS,1395,13950000,0,17,0,0,29,4,213
INS,1396,13960000,16,0,1,19,0,0,216
INS,1397,13970000,23,0,27,12,0,0,3
INS,1398,13980000,0,20,0,14,12,0,4
INS,1399,13990000,56,0,0,0,0,0,31
INS,1400,14000000,10,21,0,16,10,0,49
INS,1401,14010000,299,0,38,0,13,0,103
INS,1402,14020000,628,0,12,4,23,14,195
INS,1403,14030000,835,8,43,17,22,6,206
INS,1404,14040000,1065,19,17,0,0,31,168
INS,1405,14050000,1291,6,24,52,5,12,187
INS,1406,14060000,1387,0,14,16,0,12,243
INS,1407,14070000,1421,42,0,24,0,0,62
INS,1408,14080000,1459,79,0,0,0,0,130
INS,1409,14090000,1340,208,0,0,0,9,166
INS,1410,14100000,1266,298,19,30,0,0,239
INS,1411,14110000,1070,436,16,0,0,0,165
INS,1412,14120000,839,552,12,16,0,31,110
INS,1413,14130000,578,528,4,0,0,44,87
INS,1414,14140000,313,640,10,1,45,0,215
INS,1415,14150000,19,667,0,0,0,0,165
INS,1416,14160000,15,606,250,0,33,16,160
INS,1417,14170000,9,572,544,307,0,0,177
INS,1418,14180000,24,519,790,586,119,0,32
INS,1419,14190000,24,401,972,825,371,27,119
INS,1420,14200000,1,317,1085,1087,615,0,109
INS,1421,14210000,24,193,1165,1200,828,40,215
INS,1422,14220000,0,57,1161,1260,924,0,184
INS,1423,14230000,1,27,1068,1221,1052,157,69
INS,1424,14240000,37,6,892,1131,955,454,35
INS,1425,14250000,25,0,694,984,887,606,29
INS,1426,14260000,45,0,413,769,708,819,116
INS,1427,14270000,0,0,134,528,468,754,31
INS,1428,14280000,0,0,15,134,274,749,104
INS,1429,14290000,6,16,0,0,17,555,55
INS,1430,14300000,0,36,21,0,24,310,125
INS,1431,14310000,0,6,0,40,0,48,101
INS,1432,14320000,13,0,0,11,31,5,84
INS,1433,14330000,0,8,0,11,20,42,122
INS,1434,14340000,0,28,0,18,0,0,104
INS,1435,14350000,31,17,0,0,3,7,133
INS,1436,14360000,20,23,45,19,0,33,232
INS,1437,14370000,0,14,34,39,0,5,201
INS,1438,14380000,0,0,15,0,13,0,154
INS,1439,14390000,45,39,0,7,0,0,234
INS,1440,14400000,4,14,51,7,0,0,236
INS,1441,14410000,0,28,33,37,0,0,19
INS,1442,14420000,0,0,29,14,0,0,237
INS,1443,14430000,20,0,12,5,0,0,248
INS,1444,14440000,32,2,7,50,61,0,124
INS,1445,14450000,0,23,31,0,52,8,103
INS,1446,14460000,0,0,14,0,13,0,33
INS,1447,14470000,26,28,31,13,0,0,121
INS,1448,14480000,7,0,0,48,12,3,110
INS,1449,14490000,0,0,0,19,25,0,101
INS,1450,14500000,0,0,2,0,0,0,76
INS,1451,14510000,298,0,0,3,0,0,136
INS,1452,14520000,596,0,0,0,0,0,192
INS,1453,14530000,834,0,3,10,5,80,33
INS,1454,14540000,1071,3,49,39,0,6,30
INS,1455,14550000,1251,63,5,18,0,0,216
INS,1456,14560000,1358,8,0,22,13,0,41
INS,1457,14570000,1451,0,0,26,5,4,143
INS,1458,14580000,1451,77,0,0,0,0,202
INS,1459,14590000,1355,194,6,7,0,0,253
INS,1460,14600000,1250,294,0,0,0,0,252
INS,1461,14610000,1027,452,3,0,54,0,5
INS,1462,14620000,834,527,14,1,11,0,129
INS,1463,14630000,581,564,32,4,0,0,196
INS,1464,14640000,241,566,0,0,0,28,123
INS,1465,14650000,19,632,0,0,46,0,2
INS,1466,14660000,6,564,318,15,0,5,230
INS,1467,14670000,0,578,558,305,29,0,41
INS,1468,14680000,0,519,785,633,173,14,200
INS,1469,14690000,0,420,1005,860,360,40,10
INS,1470,14700000,0,322,1103,1018,632,0,161
INS,1471,14710000,0,178,1145,1229,742,0,141
INS,1472,14720000,0,50,1132,1281,913,0,240
INS,1473,14730000,34,0,1083,1246,976,160,124
INS,1474,14740000,0,0,908,1135,955,444,84
INS,1475,14750000,77,49,696,1009,900,623,13
INS,1476,14760000,45,0,439,732,713,793,166
INS,1477,14770000,0,0,164,511,482,776,162
INS,1478,14780000,26,6,0,155,271,722,194
INS,1479,14790000,57,0,11,3,47,561,222
INS,1480,14800000,17,0,0,7,6,255,101
INS,1481,14810000,0,0,0,0,0,0,89
INS,1482,14820000,0,14,24,55,18,0,217
INS,1483,14830000,0,17,0,24,0,0,164
INS,1484,14840000,10,25,29,48,0,32,28
INS,1485,14850000,38,0,0,0,13,0,208
INS,1486,14860000,0,0,0,5,4,0,183
INS,1487,14870000,8,0,0,11,0,0,210
INS,1488,14880000,0,0,1,0,7,0,216
INS,1489,14890000,0,48,0,0,0,0,17
INS,1490,14900000,11,9,15,0,0,0,21
INS,1491,14910000,0,0,0,6,5,0,14
INS,1492,14920000,0,0,20,17,26,0,83
INS,1493,14930000,23,0,11,0,0,0,71
INS,1494,14940000,0,0,0,0,14,0,68
INS,1495,14950000,0,0,17,0,32,20,140
INS,1496,14960000,8,0,0,0,0,0,96
INS,1497,14970000,13,73,0,29,36,0,0
INS,1498,14980000,10,27,0,66,0,0,225
INS,1499,14990000,30,0,24,25,0,4,222
INS,1500,15000000,17,47,6,0,0,17,243
INS,1501,15010000,310,17,0,0,0,20,8
INS,1502,15020000,618,11,26,0,4,15,96
INS,1503,15030000,846,0,4,12,0,25,70
INS,1504,15040000,1053,23,0,11,0,0,31
INS,1505,15050000,1258,0,0,0,23,26,12
INS,1506,15060000,1399,14,0,0,41,0,176
INS,1507,15070000,1465,0,0,0,0,0,204
INS,1508,15080000,1422,93,0,39,0,0,54
INS,1509,15090000,1363,161,2,0,15,0,58
INS,1510,15100000,1249,322,0,5,0,43,153
INS,1511,15110000,1050,483,0,0,0,5,89
INS,1512,15120000,903,501,0,0,7,43,22
INS,1513,15130000,585,533,6,0,1,0,222
INS,1514,15140000,289,599,7,14,52,11,86
INS,1515,15150000,1,640,34,0,0,0,62
INS,1516,15160000,0,612,292,14,23,0,89
INS,1517,15170000,0,585,545,308,17,0,108
INS,1518,15180000,0,506,799,573,130,0,166
INS,1519,15190000,0,421,957,880,376,0,41
INS,1520,15200000,16,353,1105,1026,675,0,87
INS,1521,15210000,16,211,1218,1194,825,0,137
INS,1522,15220000,30,63,1159,1253,958,0,153
INS,1523,15230000,0,48,1024,1205,954,155,93
INS,1524,15240000,0,0,944,1181,964,446,3
INS,1525,15250000,55,10,671,989,861,635,218
INS,1526,15260000,0,0,397,719,675,780,97
INS,1527,15270000,0,18,166,498,519,802,58
INS,1528,15280000,0,5,21,149,272,761,48
INS,1529,15290000,0,0,13,0,0,535,173
INS,1530,15300000,0,0,1,0,0,302,201
INS,1531,15310000,3,23,9,18,0,0,224
INS,1532,15320000,0,7,5,0,0,5,205
INS,1533,15330000,0,4,0,38,25,0,16
INS,1534,15340000,0,43,35,25,0,0,69
INS,1535,15350000,10,0,22,0,33,1,49
INS,1536,15360000,14,0,44,0,0,22,80
INS,1537,15370000,17,23,0,0,2,10,69
INS,1538,15380000,0,0,36,25,0,0,95
INS,1539,15390000,0,0,0,22,0,0,73
INS,1540,15400000,15,27,0,0,14,0,124
INS,1541,15410000,10,0,0,0,12,3,110
INS,1542,15420000,12,11,0,16,21,0,162
INS,1543,15430000,0,0,11,47,19,13,209
INS,1544,15440000,34,0,0,22,28,0,220
INS,1545,15450000,5,0,22,0,0,0,180
INS,1546,15460000,0,10,0,10,0,0,190
INS,1547,15470000,0,18,11,0,0,9,225
INS,1548,15480000,5,11,0,0,37,25,26
INS,1549,15490000,5,10,0,37,23,12,52
INS,1550,15500000,0,54,0,0,6,0,42
INS,1551,15510000,307,37,0,0,29,25,141
INS,1552,15520000,593,7,0,0,2,3,109
INS,1553,15530000,859,0,21,0,0,15,160
INS,1554,15540000,1064,19,0,0,43,19,171
INS,1555,15550000,1249,5,0,13,39,0,93
INS,1556,15560000,1408,0,40,1,0,22,19
INS,1557,15570000,1404,0,9,0,53,16,47
INS,1558,15580000,1445,82,0,0,0,21,130
INS,1559,15590000,1405,181,4,46,21,0,0
INS,1560,15600000,1267,352,19,15,0,0,13
INS,1561,15610000,1075,443,13,0,30,10,204
INS,1562,15620000,848,499,0,0,0,0,253
INS,1563,15630000,601,543,49,44,21,0,181
INS,1564,15640000,321,582,0,0,0,0,99
INS,1565,15650000,8,629,0,7,7,0,120
INS,1566,15660000,27,597,347,0,0,0,201
INS,1567,15670000,19,606,571,292,0,24,247
INS,1568,15680000,71,535,821,584,151,0,146
INS,1569,15690000,5,418,1027,884,399,0,222
INS,1570,15700000,5,359,1138,1066,617,12,191
INS,1571,15710000,20,222,1190,1230,755,38,210
INS,1572,15720000,0,44,1150,1231,971,0,168
INS,1573,15730000,0,19,1054,1237,958,140,197
INS,1574,15740000,16,59,924,1159,964,453,125
INS,1575,15750000,0,11,647,919,859,643,158
INS,1576,15760000,0,0,420,727,697,784,236
INS,1577,15770000,0,0,141,475,517,748,18
INS,1578,15780000,13,8,9,122,289,729,92
INS,1579,15790000,22,0,69,32,0,547,121
INS,1580,15800000,0,4,0,0,0,263,247
INS,1581,15810000,0,0,0,0,18,57,72
INS,1582,15820000,2,0,0,0,8,0,24
INS,1583,15830000,17,69,20,0,0,0,137
INS,1584,15840000,27,0,11,27,0,0,113
INS,1585,15850000,0,17,0,0,30,19,131
INS,1586,15860000,0,0,17,3,0,0,102
INS,1587,15870000,0,0,0,11,0,0,110
INS,1588,15880000,40,0,0,15,14,0,185
INS,1589,15890000,33,0,9,0,0,50,225
INS,1590,15900000,0,36,12,25,0,0,223
INS,1591,15910000,26,56,9,10,0,0,12
INS,1592,15920000,16,0,0,30,0,0,230
INS,1593,15930000,1,0,11,0,0,0,213
INS,1594,15940000,0,0,15,17,6,0,0
INS,1595,15950000,0,10,0,13,19,0,21
INS,1596,15960000,27,4,0,0,0,42,69
INS,1597,15970000,6,0,36,18,0,27,100
INS,1598,15980000,24,0,0,20,0,0,74
INS,1599,15990000,0,10,41,0,2,0,100
INS,1600,16000000,23,25,0,1,0,2,115
INS,1601,16010000,271,0,12,1,43,0,152
INS,1602,16020000,610,0,16,33,29,0,18
INS,1603,16030000,819,43,26,9,33,0,21
INS,1604,16040000,1057,37,0,0,0,1,203
INS,1605,16050000,1232,0,0,0,0,48,149
INS,1606,16060000,1384,0,27,29,0,0,70
INS,1607,16070000,1402,0,22,0,0,0,71
INS,1608,16080000,1414,72,0,1,0,7,158
INS,1609,16090000,1416,217,0,5,22,38,123
INS,1610,16100000,1260,346,0,0,0,11,59
INS,1611,16110000,1094,365,0,0,49,46,13
INS,1612,16120000,835,528,0,0,29,0,124
INS,1613,16130000,595,556,1,12,0,0,169
INS,1614,16140000,313,592,9,33,0,6,231
INS,1615,16150000,17,617,23,11,19,0,238
INS,1616,16160000,0,608,249,0,4,28,201
INS,1617,16170000,8,535,560,320,0,16,0
INS,1618,16180000,0,484,833,598,142,0,123
INS,1619,16190000,31,450,979,918,400,0,93
INS,1620,16200000,24,286,1132,1066,632,33,249
INS,1621,16210000,0,186,1177,1193,818,0,211
INS,1622,16220000,8,74,1151,1322,925,23,101
INS,1623,16230000,8,3,1001,1221,980,116,200
INS,1624,16240000,0,0,923,1175,1020,383,133
INS,1625,16250000,2,0,704,1016,925,631,183
INS,1626,16260000,16,0,437,785,754,821,247
INS,1627,16270000,19,0,162,429,499,798,126
INS,1628,16280000,0,40,0,182,310,764,44
INS,1629,16290000,25,0,21,0,0,528,107
INS,1630,16300000,67,0,0,19,4,261,157
INS,1631,16310000,0,45,0,0,3,0,127
INS,1632,16320000,0,0,54,20,5,0,175
INS,1633,16330000,0,0,0,0,24,0,137
INS,1634,16340000,19,0,22,0,0,23,194
INS,1635,16350000,0,19,6,13,17,0,202
INS,1636,16360000,31,11,24,0,2,0,232
INS,1637,16370000,26,10,0,0,30,0,247
INS,1638,16380000,39,36,14,0,17,28,76
INS,1639,16390000,2,0,25,0,0,0,242
INS,1640,16400000,0,36,8,8,12,0,40
INS,1641,16410000,41,0,0,7,0,32,73
INS,1642,16420000,0,0,13,0,39,23,85
INS,1643,16430000,12,48,0,0,6,0,93
INS,1644,16440000,0,0,0,0,0,17,61
INS,1645,16450000,26,0,23,30,0,0,140
INS,1646,16460000,0,1,0,17,0,0,96
INS,1647,16470000,19,14,55,25,0,41,249
INS,1648,16480000,0,41,14,0,19,0,186
INS,1649,16490000,0,0,2,0,0,7,138
INS,1650,16500000,0,32,37,0,20,0,235
INS,1651,16510000,286,0,0,8,0,0,201
INS,1652,16520000,534,25,0,10,20,0,1
INS,1653,16530000,859,0,0,0,29,0,61
INS,1654,16540000,1051,0,0,12,0,27,24
INS,1655,16550000,1243,0,0,0,0,0,194
INS,1656,16560000,1392,0,2,0,12,0,118
INS,1657,16570000,1460,0,45,28,0,17,23
INS,1658,16580000,1391,79,12,40,0,0,12
INS,1659,16590000,1369,193,0,0,15,43,127
INS,1660,16600000,1226,332,0,28,0,51,161
INS,1661,16610000,1048,401,0,0,38,0,28
INS,1662,16620000,827,533,0,17,29,0,220
INS,1663,16630000,552,562,18,0,34,0,253
INS,1664,16640000,299,603,0,0,27,12,45
INS,1665,16650000,6,641,17,0,52,9,102
INS,1666,16660000,32,643,277,0,0,0,90
INS,1667,16670000,0,559,576,305,6,45,134
INS,1668,16680000,2,519,818,634,154,0,19
INS,1669,16690000,0,427,1004,887,398,0,113
INS,1670,16700000,21,321,1064,1026,668,21,23
INS,1671,16710000,5,199,1176,1189,763,0,251
INS,1672,16720000,0,75,1111,1312,937,0,115
INS,1673,16730000,0,0,1044,1279,969,156,145
INS,1674,16740000,15,0,900,1118,927,438,112
INS,1675,16750000,0,0,695,929,884,644,139
INS,1676,16760000,25,16,442,721,739,790,249
INS,1677,16770000,9,48,92,411,483,799,143
INS,1678,16780000,16,23,11,202,266,735,83
INS,1679,16790000,1,0,0,0,0,508,124
INS,1680,16800000,20,0,14,57,0,220,199
INS,1681,16810000,1,4,0,0,26,28,220
INS,1682,16820000,7,0,0,5,0,23,213
INS,1683,16830000,0,0,0,28,41,0,8
INS,1684,16840000,0,0,21,0,0,53,30
INS,1685,16850000,0,0,11,0,23,0,7
INS,1686,16860000,0,0,0,0,33,39,62
INS,1687,16870000,0,0,35,34,14,11,101
INS,1688,16880000,0,85,0,3,26,20,158
INS,1689,16890000,0,0,13,19,32,41,146
INS,1690,16900000,8,1,53,0,24,0,144
INS,1691,16910000,23,14,0,27,0,12,151
INS,1692,16920000,13,2,0,17,0,62,186
INS,1693,16930000,35,0,0,0,10,35,189
INS,1694,16940000,0,0,0,5,0,16,147
INS,1695,16950000,18,0,0,31,58,23,17
INS,1696,16960000,20,0,0,23,13,0,216
INS,1697,16970000,0,6,0,0,0,23,206
INS,1698,16980000,0,0,46,0,0,0,240
INS,1699,16990000,0,0,0,0,1,16,228
INS,1700,17000000,16,24,0,0,17,0,29
INS,1701,17010000,280,37,25,0,62,0,137
INS,1702,17020000,608,20,23,0,17,0,162
INS,1703,17030000,849,10,64,12,19,7,216
INS,1704,17040000,1083,0,0,0,0,38,137
INS,1705,17050000,1246,0,32,0,0,2,57
INS,1706,17060000,1343,1,30,34,0,22,224
INS,1707,17070000,1457,16,9,38,29,9,113
INS,1708,17080000,1417,40,1,0,0,8,38
INS,1709,17090000,1403,184,11,0,0,0,187
INS,1710,17100000,1210,333,0,0,23,0,172
INS,1711,17110000,1078,432,4,0,18,0,155
INS,1712,17120000,816,542,31,45,2,0,76
INS,1713,17130000,614,573,0,10,0,0,110
INS,1714,17140000,305,629,0,41,0,40,201
INS,1715,17150000,0,647,0,25,0,20,151
INS,1716,17160000,39,614,270,15,8,14,180
INS,1717,17170000,0,585,596,292,9,0,207
INS,1718,17180000,0,508,788,620,128,0,18
INS,1719,17190000,6,394,959,856,359,0,53
INS,1720,17200000,1,316,1097,1079,644,42,163
INS,1721,17210000,0,182,1187,1172,820,0,106
INS,1722,17220000,0,59,1135,1264,903,0,123
INS,1723,17230000,0,0,1080,1230,1004,90,183
INS,1724,17240000,39,0,883,1125,996,448,31
INS,1725,17250000,17,0,695,962,895,674,56
INS,1726,17260000,18,0,443,770,734,761,68
INS,1727,17270000,0,11,157,422,522,784,23
INS,1728,17280000,13,0,0,161,266,664,16
INS,1729,17290000,59,11,0,7,38,528,84
INS,1730,17300000,8,19,0,0,7,331,79
INS,1731,17310000,33,16,0,58,0,0,94
INS,1732,17320000,0,0,17,0,15,8,44
INS,1733,17330000,3,30,0,0,0,5,59
INS,1734,17340000,22,0,20,39,15,32,166
INS,1735,17350000,18,25,45,8,0,16,167
INS,1736,17360000,0,0,0,25,4,0,101
INS,1737,17370000,12,4,9,5,2,0,121
INS,1738,17380000,22,39,0,0,0,0,167
INS,1739,17390000,7,0,48,0,0,22,200
INS,1740,17400000,5,2,15,17,1,0,180
INS,1741,17410000,10,21,0,11,3,25,227
INS,1742,17420000,15,0,0,0,40,0,229
INS,1743,17430000,41,6,0,11,49,28,70
INS,1744,17440000,40,0,11,0,6,0,9
INS,1745,17450000,34,21,18,0,0,0,42
INS,1746,17460000,0,0,8,8,3,17,22
INS,1747,17470000,39,5,12,0,0,0,59
INS,1748,17480000,36,0,1,1,17,13,88
INS,1749,17490000,2,0,0,17,0,0,56
INS,1750,17500000,16,22,0,4,12,12,120
INS,1751,17510000,320,16,0,4,0,0,155
INS,1752,17520000,549,0,0,12,15,0,152
INS,1753,17530000,853,38,39,0,0,0,11
INS,1754,17540000,1073,14,0,0,0,0,185
INS,1755,17550000,1244,13,22,13,0,11,162
INS,1756,17560000,1415,0,24,0,14,0,73
INS,1757,17570000,1426,0,0,26,0,0,89
INS,1758,17580000,1406,65,0,0,21,0,146
INS,1759,17590000,1372,188,0,10,0,0,241
INS,1760,17600000,1233,326,0,0,36,0,27
INS,1761,17610000,1026,421,14,0,0,36,202
INS,1762,17620000,843,557,29,10,0,0,161
INS,1763,17630000,624,566,4,0,0,0,189
INS,1764,17640000,257,614,2,0,15,0,156
INS,1765,17650000,0,606,0,0,6,0,153
INS,1766,17660000,20,645,332,31,0,17,91
INS,1767,17670000,0,578,577,309,27,0,42
INS,1768,17680000,24,495,808,595,118,0,96
INS,1769,17690000,0,423,1003,837,437,17,22
INS,1770,17700000,0,319,1112,1052,573,11,133
INS,1771,17710000,11,180,1207,1174,844,31,18
INS,1772,17720000,0,78,1139,1276,981,0,62
INS,1773,17730000,4,5,1045,1226,979,186,50
INS,1774,17740000,0,0,909,1152,916,449,48
INS,1775,17750000,3,0,668,979,906,670,121
INS,1776,17760000,18,20,457,767,737,819,242
INS,1777,17770000,16,27,124,467,554,806,203
INS,1778,17780000,14,29,0,103,267,687,94
INS,1779,17790000,35,27,0,15,0,560,160
INS,1780,17800000,0,0,0,0,20,304,120
INS,1781,17810000,4,19,0,14,0,16,122
INS,1782,17820000,0,34,0,0,0,0,120
INS,1783,17830000,7,12,0,19,0,0,141
INS,1784,17840000,0,19,0,26,0,0,165
INS,1785,17850000,0,34,8,5,9,9,202
INS,1786,17860000,15,31,0,24,12,0,236
INS,1787,17870000,0,0,0,16,42,0,229
INS,1788,17880000,0,0,0,0,0,0,188
INS,1789,17890000,17,0,0,0,0,0,222
INS,1790,17900000,8,58,12,7,0,20,71
INS,1791,17910000,34,25,0,0,0,17,59
INS,1792,17920000,0,0,66,16,13,14,109
INS,1793,17930000,0,21,26,6,0,53,123
INS,1794,17940000,14,8,13,0,5,0,74
INS,1795,17950000,18,0,2,45,0,0,116
INS,1796,17960000,0,0,24,2,0,0,94
INS,1797,17970000,0,0,8,35,8,11,147
INS,1798,17980000,42,26,29,21,0,0,220
INS,1799,17990000,7,0,0,38,17,35,216
INS,1800,18000000,0,0,0,5,8,0,149
INS,1801,18010000,298,0,0,2,81,12,34
INS,1802,18020000,586,0,23,0,9,36,56
INS,1803,18030000,862,0,59,33,3,0,120
INS,1804,18040000,1039,1,0,0,49,33,46
INS,1805,18050000,1229,6,13,0,25,4,218
INS,1806,18060000,1343,0,0,0,29,33,107
INS,1807,18070000,1423,31,0,0,0,0,173
INS,1808,18080000,1414,18,0,0,0,0,168
INS,1809,18090000,1350,218,9,5,16,3,98
INS,1810,18100000,1261,349,0,64,4,0,192
INS,1811,18110000,1074,459,0,26,17,0,107
INS,1812,18120000,851,520,10,43,0,0,228
INS,1813,18130000,533,565,0,0,7,3,185
INS,1814,18140000,271,655,34,7,1,44,106
INS,1815,18150000,20,667,0,0,0,0,54
INS,1816,18160000,0,615,283,0,0,0,26
INS,1817,18170000,1,575,560,302,0,17,88
INS,1818,18180000,15,507,765,665,79,14,183
INS,1819,18190000,0,418,1000,844,415,0,64
INS,1820,18200000,0,304,1119,1079,617,15,26
INS,1821,18210000,0,170,1215,1190,806,0,34
INS,1822,18220000,0,64,1167,1208,897,5,11
INS,1823,18230000,0,0,1091,1270,988,126,162
INS,1824,18240000,0,0,895,1155,1003,418,175
INS,1825,18250000,14,21,645,956,865,666,144
INS,1826,18260000,20,21,424,708,704,733,116
INS,1827,18270000,0,29,179,445,517,814,19
INS,1828,18280000,0,0,0,177,273,711,237
INS,1829,18290000,21,2,9,37,37,544,255
INS,1830,18300000,0,11,7,0,0,301,197
INS,1831,18310000,31,0,0,23,0,3,208
INS,1832,18320000,65,11,0,28,0,31,47
INS,1833,18330000,18,9,0,2,0,0,214
INS,1834,18340000,25,14,12,0,32,0,29
INS,1835,18350000,36,0,0,0,17,0,16
INS,1836,18360000,0,0,0,0,38,7,25
INS,1837,18370000,11,39,28,0,6,39,120
INS,1838,18380000,0,0,14,2,45,0,75
INS,1839,18390000,0,73,5,43,0,0,152
INS,1840,18400000,31,0,0,0,0,0,79
INS,1841,18410000,0,0,0,53,11,0,129
INS,1842,18420000,4,2,0,26,17,0,131
INS,1843,18430000,0,0,9,17,33,0,158
INS,1844,18440000,17,0,0,0,0,0,133
INS,1845,18450000,0,0,0,0,0,0,133
INS,1846,18460000,29,0,0,50,0,0,229
INS,1847,18470000,9,2,0,0,1,0,179
INS,1848,18480000,0,17,2,28,8,43,26
INS,1849,18490000,0,0,21,42,0,53,61
INS,1850,18500000,0,0,0,26,0,2,246
INS,1851,18510000,286,0,0,0,0,0,9
INS,1852,18520000,628,53,14,20,19,15,233
INS,1853,18530000,824,0,0,0,29,31,129
INS,1854,18540000,1081,0,23,0,0,39,149
INS,1855,18550000,1173,0,27,15,37,0,19
INS,1856,18560000,1395,50,0,7,34,18,32
INS,1857,18570000,1418,11,0,0,0,0,230
INS,1858,18580000,1392,89,0,52,18,0,113
INS,1859,18590000,1418,215,0,7,0,0,219
INS,1860,18600000,1258,348,0,1,0,21,224
INS,1861,18610000,1093,419,0,10,0,3,138
INS,1862,18620000,844,476,8,0,0,34,248
INS,1863,18630000,515,605,0,52,0,25,100
INS,1864,18640000,271,631,24,50,15,0,167
INS,1865,18650000,0,593,18,21,4,20,105
INS,1866,18660000,0,585,294,0,29,12,130
INS,1867,18670000,16,551,546,350,0,1,179
INS,1868,18680000,6,532,862,636,174,0,174
INS,1869,18690000,0,444,996,873,405,38,225
INS,1870,18700000,80,325,1090,1037,645,0,151
INS,1871,18710000,13,206,1169,1195,839,26,183
INS,1872,18720000,1,25,1166,1280,885,0,109
INS,1873,18730000,23,5,1062,1225,951,117,152
INS,1874,18740000,39,0,935,1125,985,391,5
INS,1875,18750000,13,48,673,940,859,644,236
INS,1876,18760000,9,26,421,741,734,775,38
INS,1877,18770000,0,18,138,454,496,855,78
INS,1878,18780000,0,18,0,181,295,772,168
INS,1879,18790000,0,11,3,0,0,568,13
INS,1880,18800000,42,16,2,57,0,340,161
INS,1881,18810000,27,24,36,5,16,0,85
INS,1882,18820000,0,3,11,0,23,16,47
INS,1883,18830000,0,1,0,16,0,0,28
INS,1884,18840000,12,0,0,0,0,0,40
INS,1885,18850000,0,28,0,15,1,0,89
INS,1886,18860000,0,0,0,21,0,4,87
INS,1887,18870000,0,22,2,20,9,26,158
INS,1888,18880000,2,16,10,9,0,18,151
INS,1889,18890000,0,0,27,23,28,0,191
INS,1890,18900000,0,16,22,10,24,0,202
INS,1891,18910000,0,0,0,27,0,4,178
INS,1892,18920000,30,0,8,0,33,36,15
INS,1893,18930000,0,5,7,0,0,0,193
INS,1894,18940000,57,0,0,7,1,26,33
INS,1895,18950000,16,0,0,0,6,0,237
INS,1896,18960000,0,36,23,26,0,0,61
INS,1897,18970000,20,2,12,0,0,9,36
INS,1898,18980000,15,0,30,0,12,5,72
INS,1899,18990000,0,0,8,28,0,0,63
INS,1900,19000000,0,0,0,32,0,15,91
INS,1901,19010000,314,64,48,0,5,28,8
INS,1902,19020000,581,0,35,8,9,0,199
INS,1903,19030000,847,11,9,0,0,1,195
INS,1904,19040000,1075,0,0,0,8,1,172
INS,1905,19050000,1241,28,0,4,19,20,161
INS,1906,19060000,1346,0,2,4,0,18,236
INS,1907,19070000,1415,0,16,0,0,0,58
INS,1908,19080000,1474,95,0,0,0,0,213
INS,1909,19090000,1363,218,0,0,0,0,242
INS,1910,19100000,1241,314,0,0,28,21,26
INS,1911,19110000,1050,464,0,0,0,0,209
INS,1912,19120000,851,506,0,0,7,1,77
INS,1913,19130000,593,590,0,7,33,35,243
INS,1914,19140000,319,575,0,7,23,0,182
INS,1915,19150000,0,640,6,0,0,0,177
INS,1916,19160000,0,600,311,39,10,0,252
INS,1917,19170000,0,562,630,318,0,27,78
INS,1918,19180000,0,515,797,610,174,8,150
INS,1919,19190000,39,434,991,866,419,0,44
INS,1920,19200000,0,325,1137,1067,586,9,180
INS,1921,19210000,0,235,1233,1177,845,0,51
INS,1922,19220000,0,71,1173,1259,891,0,228
INS,1923,19230000,7,0,1087,1253,966,176,84
INS,1924,19240000,0,0,937,1139,1041,394,123
INS,1925,19250000,0,3,673,976,859,656,52
INS,1926,19260000,27,0,417,731,722,790,101
INS,1927,19270000,0,21,104,476,517,790,107
INS,1928,19280000,2,16,0,177,271,706,156
INS,1929,19290000,0,0,28,10,10,510,71
INS,1930,19300000,0,43,30,8,0,313,180
INS,1931,19310000,0,0,44,1,0,0,104
INS,1932,19320000,4,22,0,0,0,7,109
INS,1933,19330000,0,11,0,0,8,15,127
INS,1934,19340000,51,0,1,23,0,9,194
INS,1935,19350000,1,22,0,0,22,0,172
INS,1936,19360000,0,36,35,0,0,0,215
INS,1937,19370000,0,0,0,16,0,24,201
INS,1938,19380000,0,0,69,0,0,0,247
INS,1939,19390000,0,31,19,10,3,11,13
INS,1940,19400000,0,0,6,0,0,15,233
INS,1941,19410000,33,0,6,0,0,9,21
INS,1942,19420000,0,7,17,2,0,0,16
INS,1943,19430000,10,0,35,11,23,20,106
INS,1944,19440000,29,0,0,0,17,0,70
INS,1945,19450000,1,0,13,12,0,0,67
INS,1946,19460000,2,0,0,4,0,0,64
INS,1947,19470000,0,0,0,53,64,0,192
INS,1948,19480000,3,4,0,0,1,19,119
INS,1949,19490000,16,1,11,12,31,0,180
INS,1950,19500000,0,0,73,0,0,0,199
INS,1951,19510000,299,0,20,0,7,15,228
INS,1952,19520000,570,43,0,24,2,0,31
INS,1953,19530000,793,17,0,29,0,0,248
INS,1954,19540000,1086,40,0,0,33,30,103
INS,1955,19550000,1262,23,25,0,0,12,253
INS,1956,19560000,1332,0,0,0,27,2,53
INS,1957,19570000,1440,0,0,15,0,23,187
INS,1958,19580000,1420,64,30,0,0,0,240
INS,1959,19590000,1375,218,0,0,16,0,96
INS,1960,19600000,1235,309,0,0,0,5,53
INS,1961,19610000,1048,440,0,0,15,18,42
INS,1962,19620000,833,545,7,40,25,6,250
INS,1963,19630000,574,571,0,2,0,32,246
INS,1964,19640000,260,603,3,0,0,42,248
INS,1965,19650000,64,589,4,0,4,36,54
INS,1966,19660000,16,602,301,4,0,1,42
INS,1967,19670000,0,575,601,351,0,4,154
INS,1968,19680000,0,498,778,598,140,0,142
INS,1969,19690000,23,416,963,862,390,11,42
INS,1970,19700000,9,315,1101,1081,592,0,236
INS,1971,19710000,0,184,1163,1187,839,9,25
INS,1972,19720000,28,57,1154,1281,947,22,149
INS,1973,19730000,4,0,1044,1261,968,139,93
INS,1974,19740000,0,0,959,1154,972,387,166
INS,1975,19750000,20,0,733,953,858,607,138
INS,1976,19760000,8,0,408,767,737,775,191
INS,1977,19770000,0,0,151,440,497,830,199
INS,1978,19780000,0,0,31,179,276,735,31
INS,1979,19790000,0,0,0,3,0,554,152
INS,1980,19800000,6,13,21,7,31,267,213
INS,1981,19810000,20,0,0,0,0,13,174
INS,1982,19820000,0,0,4,13,0,0,175
INS,1983,19830000,0,25,20,0,12,10,242
INS,1984,19840000,27,0,0,40,5,0,8
INS,1985,19850000,0,0,0,10,0,0,219
INS,1986,19860000,0,45,0,0,11,0,26
INS,1987,19870000,0,0,38,56,0,0,81
INS,1988,19880000,42,5,38,0,8,0,97
INS,1989,19890000,0,0,35,30,42,0,128
INS,1990,19900000,43,0,0,0,1,0,82
INS,1991,19910000,42,0,9,0,14,10,130
INS,1992,19920000,9,0,0,0,44,0,125
INS,1993,19930000,0,0,0,0,16,0,105
INS,1994,19940000,0,0,7,13,8,0,134
INS,1995,19950000,0,32,7,0,17,3,182
INS,1996,19960000,0,24,0,0,5,0,169
INS,1997,19970000,0,0,0,0,51,0,208
INS,1998,19980000,40,0,0,5,1,0,220
INS,1999,19990000,4,0,0,0,0,37,232
INS,2000,20000000,9,10,21,0,0,0,248
INS,2001,20010000,317,0,0,20,0,4,54
INS,2002,20020000,589,0,5,0,0,0,68
INS,2003,20030000,836,0,8,0,4,16,99
INS,2004,20040000,1112,0,0,0,25,0,133
INS,2005,20050000,1240,13,17,0,29,0,56
INS,2006,20060000,1377,0,0,0,7,0,158
INS,2007,20070000,1424,0,37,55,2,0,53
INS,2008,20080000,1410,35,0,0,0,0,253
INS,2009,20090000,1315,176,0,16,10,0,86
INS,2010,20100000,1252,309,46,14,24,0,231
INS,2011,20110000,1074,393,49,56,25,15,215
INS,2012,20120000,809,510,39,6,0,24,8
INS,2013,20130000,568,593,18,8,16,1,97
INS,2014,20140000,329,643,1,16,34,5,194
INS,2015,20150000,0,598,41,0,10,0,88
INS,2016,20160000,7,593,272,0,0,7,79
INS,2017,20170000,0,541,585,301,55,0,187
INS,2018,20180000,8,516,821,621,103,0,23
INS,2019,20190000,0,384,987,867,366,6,69
INS,2020,20200000,5,278,1113,1050,636,0,46
INS,2021,20210000,0,173,1155,1197,842,0,92
INS,2022,20220000,0,108,1111,1266,931,0,158
INS,2023,20230000,20,42,1060,1219,994,129,223
INS,2024,20240000,7,0,899,1212,947,443,28
INS,2025,20250000,37,0,653,979,853,640,211
INS,2026,20260000,2,39,429,728,698,766,240
INS,2027,20270000,0,0,150,490,504,818,69
INS,2028,20280000,0,0,0,141,299,705,37
INS,2029,20290000,10,0,0,0,22,510,219
INS,2030,20300000,0,0,0,0,26,301,21
INS,2031,20310000,0,23,30,29,0,0,49
INS,2032,20320000,29,0,4,46,0,8,71
INS,2033,20330000,1,40,0,0,0,5,47
INS,2034,20340000,0,17,0,11,29,18,93
INS,2035,20350000,22,0,0,0,0,0,57
INS,2036,20360000,19,0,0,0,0,24,95
INS,2037,20370000,2,0,12,31,38,35,187
INS,2038,20380000,9,62,66,0,30,40,37
INS,2039,20390000,0,63,32,37,0,21,0
INS,2040,20400000,8,0,23,17,8,0,176
INS,2041,20410000,0,0,23,0,2,0,162
INS,2042,20420000,15,22,18,5,0,0,214
INS,2043,20430000,12,0,0,0,27,69,23
INS,2044,20440000,14,23,0,28,21,0,18
INS,2045,20450000,0,59,0,36,29,8,81
INS,2046,20460000,1,0,4,0,45,12,28
INS,2047,20470000,0,19,9,0,48,0,59
INS,2048,20480000,23,0,8,0,0,11,42
INS,2049,20490000,0,14,0,20,14,37,102
INS,2050,20500000,0,7,30,0,0,43,114
INS,2051,20510000,298,34,20,14,9,0,170
INS,2052,20520000,603,0,0,17,0,10,186
INS,2053,20530000,847,13,0,0,16,0,193
INS,2054,20540000,1063,0,1,19,0,0,161
INS,2055,20550000,1243,27,0,0,2,0,111
INS,2056,20560000,1334,12,0,14,0,4,220
INS,2057,20570000,1477,2,0,7,0,47,150
INS,2058,20580000,1500,92,13,0,0,31,14
INS,2059,20590000,1368,219,0,13,11,48,54
INS,2060,20600000,1277,302,0,0,34,0,25
INS,2061,20610000,1074,391,40,0,32,0,222
INS,2062,20620000,842,514,0,0,0,0,58
INS,2063,20630000,598,643,0,2,0,0,218
INS,2064,20640000,284,633,0,0,3,0,168
INS,2065,20650000,12,646,4,0,0,0,183
INS,2066,20660000,0,598,341,30,31,0,26
INS,2067,20670000,0,607,556,339,5,0,38
INS,2068,20680000,0,509,756,658,132,0,91
INS,2069,20690000,0,381,1010,862,362,2,158
INS,2070,20700000,0,293,1129,1080,642,15,205
INS,2071,20710000,0,215,1149,1222,831,0,224
INS,2072,20720000,2,65,1146,1251,894,51,233
INS,2073,20730000,32,0,1039,1235,996,147,34
INS,2074,20740000,39,0,847,1171,969,419,47
INS,2075,20750000,21,33,695,989,906,614,133
INS,2076,20760000,40,20,383,721,736,746,50
INS,2077,20770000,16,0,118,422,494,802,41
INS,2078,20780000,52,0,29,132,233,732,152
INS,2079,20790000,12,0,0,26,0,549,90
INS,2080,20800000,22,0,0,1,0,294,93
INS,2081,20810000,0,11,8,11,0,74,153
INS,2082,20820000,0,0,0,20,0,20,106
INS,2083,20830000,0,24,14,33,0,0,154
INS,2084,20840000,22,15,0,0,1,27,165
INS,2085,20850000,39,38,0,0,0,73,11
INS,2086,20860000,4,12,11,21,0,0,182
INS,2087,20870000,9,0,0,5,0,0,165
INS,2088,20880000,0,8,25,0,2,24,227
INS,2089,20890000,0,0,19,15,0,0,219
INS,2090,20900000,0,0,0,0,0,11,213
INS,2091,20910000,11,20,11,0,3,0,8
INS,2092,20920000,11,0,1,35,0,19,46
INS,2093,20930000,34,0,0,0,0,0,31
INS,2094,20940000,0,31,0,0,18,0,63
INS,2095,20950000,4,0,27,27,37,11,137
INS,2096,20960000,0,29,0,0,31,0,108
INS,2097,20970000,0,23,38,54,0,0,180
INS,2098,20980000,0,0,0,0,0,0,82
INS,2099,20990000,23,0,0,0,8,10,140
INS,2100,21000000,0,0,0,0,0,25,141
INS,2101,21010000,250,0,18,34,0,0,179
INS,2102,21020000,602,12,0,61,23,0,80
INS,2103,21030000,858,0,0,0,0,28,29
INS,2104,21040000,1056,19,14,2,25,23,43
INS,2105,21050000,1277,0,36,34,0,0,12
INS,2106,21060000,1352,0,0,0,0,4,38
INS,2107,21070000,1504,14,35,10,43,37,86
INS,2108,21080000,1419,74,0,3,0,0,212
INS,2109,21090000,1370,186,28,0,15,0,76
INS,2110,21100000,1218,307,0,8,3,0,30
INS,2111,21110000,1075,447,26,0,0,35,94
INS,2112,21120000,841,485,0,0,0,16,126
INS,2113,21130000,577,553,0,47,2,0,236
INS,2114,21140000,274,614,29,1,0,0,248
INS,2115,21150000,0,633,0,0,19,0,255
INS,2116,21160000,0,586,276,0,0,0,226
INS,2117,21170000,0,524,568,333,19,0,57
INS,2118,21180000,0,477,800,616,160,29,200
INS,2119,21190000,0,432,994,827,352,7,235
INS,2120,21200000,0,316,1127,1077,611,0,3
INS,2121,21210000,13,225,1218,1238,830,0,157
INS,2122,21220000,0,61,1111,1262,936,0,20
INS,2123,21230000,0,7,1023,1250,1012,140,99
INS,2124,21240000,8,31,873,1152,998,455,201
INS,2125,21250000,0,17,637,931,908,593,43
INS,2126,21260000,0,16,419,773,733,772,199
INS,2127,21270000,40,0,118,475,476,816,196
INS,2128,21280000,32,0,14,171,249,759,25
INS,2129,21290000,0,22,0,0,12,556,175
INS,2130,21300000,60,0,0,0,7,306,231
INS,2131,21310000,0,0,17,0,4,0,152
INS,2132,21320000,0,18,21,0,0,0,187
INS,2133,21330000,0,0,0,0,22,0,187
INS,2134,21340000,37,0,29,0,62,0,54
INS,2135,21350000,6,0,35,0,0,0,240
INS,2136,21360000,0,0,0,45,13,0,18
INS,2137,21370000,2,0,0,0,30,30,39
INS,2138,21380000,46,0,0,0,0,13,53
INS,2139,21390000,44,28,0,0,18,17,118
INS,2140,21400000,0,0,46,5,32,7,118
INS,2141,21410000,0,0,32,52,0,0,129
INS,2142,21420000,13,0,0,0,0,0,75
INS,2143,21430000,0,11,12,0,14,0,116
INS,2144,21440000,15,0,22,0,0,0,133
INS,2145,21450000,10,2,89,4,0,0,218
INS,2146,21460000,27,0,0,0,8,0,165
INS,2147,21470000,15,9,7,0,22,9,209
INS,2148,21480000,0,9,15,0,4,5,197
INS,2149,21490000,4,0,0,5,0,0,190
INS,2150,21500000,49,8,0,14,0,0,13
INS,2151,21510000,293,0,0,8,7,39,50
INS,2152,21520000,571,8,0,0,0,57,100
INS,2153,21530000,848,0,0,0,0,0,73
INS,2154,21540000,1090,28,0,0,14,0,118
INS,2155,21550000,1225,0,20,8,0,0,0
INS,2156,21560000,1361,0,10,22,105,0,6
INS,2157,21570000,1407,0,51,21,46,0,50
INS,2158,21580000,1405,99,0,49,0,16,111
INS,2159,21590000,1322,177,0,55,0,42,155
INS,2160,21600000,1238,317,0,1,0,0,132
INS,2161,21610000,1056,423,0,0,19,0,91
INS,2162,21620000,823,521,1,16,0,0,227
INS,2163,21630000,590,576,0,34,22,0,105
INS,2164,21640000,275,612,12,49,0,0,104
INS,2165,21650000,9,656,17,0,15,31,157
INS,2166,21660000,0,568,300,0,1,0,59
INS,2167,21670000,3,583,600,273,2,0,156
INS,2168,21680000,0,486,816,611,94,20,227
INS,2169,21690000,2,452,974,889,358,9,133
INS,2170,21700000,0,316,1155,1048,629,0,102
INS,2171,21710000,0,220,1158,1183,789,0,65
INS,2172,21720000,0,38,1150,1268,935,0,123
INS,2173,21730000,0,18,1035,1234,988,195,219
INS,2174,21740000,0,0,875,1165,960,420,186
INS,2175,21750000,3,0,699,936,861,656,194
INS,2176,21760000,0,0,428,697,732,776,201
INS,2177,21770000,13,27,136,481,521,803,78
INS,2178,21780000,12,0,0,172,257,741,64
INS,2179,21790000,0,1,0,0,20,563,251
INS,2180,21800000,44,25,0,0,0,315,68
INS,2181,21810000,0,0,0,30,0,9,252
INS,2182,21820000,0,18,0,0,5,0,253
INS,2183,21830000,25,0,0,0,28,26,70
INS,2184,21840000,0,11,40,0,0,27,86
INS,2185,21850000,47,0,0,8,0,0,80
INS,2186,21860000,20,0,5,0,12,0,79
INS,2187,21870000,0,1,0,0,0,12,72
INS,2188,21880000,0,15,0,21,0,0,112
INS,2189,21890000,0,28,0,26,0,0,147
INS,2190,21900000,32,0,0,0,0,0,142
INS,2191,21910000,9,1,39,0,3,4,183
INS,2192,21920000,4,20,0,42,21,44,19
INS,2193,21930000,25,27,5,0,0,0,218
INS,2194,21940000,0,11,0,0,16,7,212
INS,2195,21950000,0,31,0,0,0,0,226
INS,2196,21960000,0,0,15,0,32,0,3
INS,2197,21970000,0,0,43,21,0,36,73
INS,2198,21980000,0,18,43,59,9,0,119
INS,2199,21990000,11,4,3,17,23,62,127
INS,2200,22000000,44,18,0,0,6,13,105
INS,2201,22010000,279,40,47,0,12,0,163
INS,2202,22020000,580,13,0,0,0,0,139
INS,2203,22030000,878,0,0,0,0,11,196
INS,2204,22040000,1053,0,0,0,0,33,154
INS,2205,22050000,1228,15,0,2,0,0,74
INS,2206,22060000,1389,30,0,0,0,2,11
INS,2207,22070000,1418,18,0,0,0,25,68
INS,2208,22080000,1411,93,0,0,0,0,128
INS,2209,22090000,1371,162,8,0,0,0,182
INS,2210,22100000,1257,327,0,16,30,0,32
INS,2211,22110000,1076,396,30,36,13,0,226
INS,2212,22120000,835,530,24,32,0,0,113
INS,2213,22130000,599,530,13,0,0,44,151
INS,2214,22140000,325,611,0,0,0,27,201
INS,2215,22150000,0,637,0,0,0,45,193
INS,2216,22160000,0,659,321,0,46,0,42
INS,2217,22170000,0,570,580,353,0,12,36
INS,2218,22180000,0,482,767,575,109,8,223
INS,2219,22190000,16,420,987,860,379,59,252
INS,2220,22200000,4,281,1142,1044,597,3,107
INS,2221,22210000,22,205,1165,1228,836,8,5
INS,2222,22220000,16,74,1110,1257,903,32,206
INS,2223,22230000,0,0,1016,1263,973,139,222
INS,2224,22240000,8,14,937,1150,976,454,131
INS,2225,22250000,14,0,684,970,872,683,88
INS,2226,22260000,13,0,411,774,738,820,150
INS,2227,22270000,17,19,157,480,502,808,162
INS,2228,22280000,5,55,48,157,325,742,40
INS,2229,22290000,0,0,0,0,16,552,61
INS,2230,22300000,0,0,0,0,0,259,25
INS,2231,22310000,5,29,6,42,0,7,128
INS,2232,22320000,0,0,33,13,7,30,139
INS,2233,22330000,0,37,0,57,0,2,169
INS,2234,22340000,1,0,0,0,0,0,91
INS,2235,22350000,34,0,0,0,0,0,141
INS,2236,22360000,0,12,0,0,0,22,158
INS,2237,22370000,0,0,4,41,10,0,196
INS,2238,22380000,0,0,0,0,0,29,187
INS,2239,22390000,11,0,26,24,28,6,14
INS,2240,22400000,7,0,0,0,0,7,206
INS,2241,22410000,0,0,16,26,37,3,35
INS,2242,22420000,0,8,0,6,10,23,17
INS,2243,22430000,0,0,14,0,0,14,15
INS,2244,22440000,0,48,0,21,0,0,73
INS,2245,22450000,7,10,19,2,0,27,86
INS,2246,22460000,0,0,7,0,0,0,45
INS,2247,22470000,0,11,2,2,27,0,97
INS,2248,22480000,38,19,2,9,0,0,140
INS,2249,22490000,0,39,1,44,0,0,173
INS,2250,22500000,0,0,1,0,34,3,144
INS,2251,22510000,299,0,30,0,0,16,212
INS,2252,22520000,572,0,20,63,54,0,81
INS,2253,22530000,830,0,23,27,21,5,39
INS,2254,22540000,1039,0,17,0,0,0,206
INS,2255,22550000,1205,0,0,0,3,22,141
INS,2256,22560000,1355,0,30,0,5,0,62
INS,2257,22570000,1427,28,0,0,52,44,240
INS,2258,22580000,1428,73,15,0,20,12,254
INS,2259,22590000,1378,207,16,0,0,0,68
INS,2260,22600000,1228,319,4,0,41,0,76
INS,2261,22610000,1109,441,0,0,13,2,66
INS,2262,22620000,867,498,0,0,0,0,139
INS,2263,22630000,597,575,10,29,0,8,10
INS,2264,22640000,296,636,0,13,12,0,21
INS,2265,22650000,36,600,15,0,0,6,250
INS,2266,22660000,0,624,295,16,0,0,33
INS,2267,22670000,19,612,543,307,23,5,112
INS,2268,22680000,27,525,820,588,148,67,27
INS,2269,22690000,30,456,957,895,348,36,79
INS,2270,22700000,8,316,1148,1066,599,0,255
INS,2271,22710000,0,200,1135,1188,793,16,211
INS,2272,22720000,1,54,1164,1249,931,0,39
INS,2273,22730000,32,9,1046,1257,993,133,127
INS,2274,22740000,0,26,926,1127,971,371,95
INS,2275,22750000,12,4,652,993,888,578,74
INS,2276,22760000,0,31,412,723,720,767,129
INS,2277,22770000,0,34,165,494,516,832,46
INS,2278,22780000,24,0,15,135,262,728,210
INS,2279,22790000,0,0,0,0,0,509,84
INS,2280,22800000,5,2,46,28,0,321,250
INS,2281,22810000,28,42,25,1,0,23,240
INS,2282,22820000,4,15,0,0,0,0,157
INS,2283,22830000,0,19,0,64,0,0,238
INS,2284,22840000,20,0,57,16,0,0,9
INS,2285,22850000,33,5,0,0,9,19,255
INS,2286,22860000,0,43,12,0,0,0,5
INS,2287,22870000,0,33,0,0,0,0,0
INS,2288,22880000,0,0,0,0,4,0,244
INS,2289,22890000,6,0,0,24,32,30,93
INS,2290,22900000,50,0,3,0,8,21,100
INS,2291,22910000,0,0,0,57,25,0,117
INS,2292,22920000,5,0,0,0,0,22,79
INS,2293,22930000,0,0,11,33,5,0,118
INS,2294,22940000,7,0,0,22,30,0,145
INS,2295,22950000,6,8,7,0,0,0,124
INS,2296,22960000,1,0,0,0,0,0,121
INS,2297,22970000,0,0,0,41,0,13,191
INS,2298,22980000,0,0,1,10,0,0,165
INS,2299,22990000,15,0,33,0,0,0,219
INS,2300,23000000,4,15,0,0,0,6,213
INS,2301,23010000,283,12,0,0,17,0,5
INS,2302,23020000,643,14,5,0,17,0,133
INS,2303,23030000,822,0,12,0,0,0,49
INS,2304,23040000,1107,0,7,0,0,39,129
INS,2305,23050000,1275,12,0,0,5,0,29
INS,2306,23060000,1383,0,0,0,8,7,152
INS,2307,23070000,1449,7,18,0,0,16,5
INS,2308,23080000,1447,23,94,1,29,0,126
INS,2309,23090000,1388,174,0,1,4,0,116
INS,2310,23100000,1228,322,6,14,12,19,167
INS,2311,23110000,1056,412,29,0,5,0,85
INS,2312,23120000,901,506,10,2,0,19,38
INS,2313,23130000,615,581,0,21,0,0,90
INS,2314,23140000,318,606,0,0,11,21,102
INS,2315,23150000,0,605,0,37,0,34,95
INS,2316,23160000,49,578,300,0,8,63,178
INS,2317,23170000,0,618,608,299,0,15,225
INS,2318,23180000,0,513,828,544,139,0,214
INS,2319,23190000,0,425,978,907,408,57,214
INS,2320,23200000,5,297,1113,1115,619,0,93
INS,2321,23210000,26,172,1188,1178,774,0,43
INS,2322,23220000,27,67,1145,1240,946,42,189
INS,2323,23230000,25,0,1109,1253,942,142,210
INS,2324,23240000,0,0,925,1198,956,425,4
INS,2325,23250000,0,26,682,955,867,669,228
INS,2326,23260000,4,0,414,765,725,776,242
INS,2327,23270000,0,0,169,421,467,801,201
INS,2328,23280000,0,16,44,189,249,768,138
INS,2329,23290000,39,0,0,0,0,496,192
INS,2330,23300000,0,2,0,12,0,289,233
INS,2331,23310000,0,0,0,37,11,21,16
INS,2332,23320000,0,3,0,18,0,10,251
INS,2333,23330000,23,22,0,9,0,42,77
INS,2334,23340000,0,6,0,0,35,0,39
INS,2335,23350000,0,0,0,39,13,6,73
INS,2336,23360000,56,0,0,4,0,7,99
INS,2337,23370000,9,0,0,24,0,0,82
INS,2338,23380000,0,0,26,61,5,0,158
INS,2339,23390000,0,0,1,0,28,0,112
INS,2340,23400000,0,14,0,15,0,0,129
INS,2341,23410000,21,13,0,33,1,0,185
INS,2342,23420000,0,0,21,0,0,0,155
INS,2343,23430000,0,0,0,18,0,34,203
INS,2344,23440000,28,0,0,0,0,6,202
INS,2345,23450000,0,8,0,4,0,0,197
INS,2346,23460000,0,0,5,0,0,0,207
INS,2347,23470000,0,0,0,5,0,0,224
INS,2348,23480000,0,0,4,0,0,0,240
INS,2349,23490000,29,0,0,29,0,22,77
INS,2350,23500000,6,0,49,48,0,18,135
INS,2351,23510000,261,4,0,0,11,0,51
INS,2352,23520000,638,0,18,13,0,43,248
INS,2353,23530000,867,0,22,43,18,0,247
INS,2354,23540000,1051,0,0,0,0,19,128
INS,2355,23550000,1240,0,23,0,7,0,89
INS,2356,23560000,1371,0,0,0,41,16,8
INS,2357,23570000,1397,0,0,1,2,0,253
INS,2358,23580000,1454,94,0,38,0,0,200
INS,2359,23590000,1355,184,0,69,0,0,239
INS,2360,23600000,1254,318,3,0,0,26,249
INS,2361,23610000,1086,411,46,4,15,25,252
INS,2362,23620000,834,496,40,0,9,0,61
INS,2363,23630000,585,615,0,2,13,23,193
INS,2364,23640000,330,625,0,11,17,0,211
INS,2365,23650000,39,612,5,3,0,45,205
INS,2366,23660000,4,634,255,0,11,0,166
INS,2367,23670000,0,573,559,285,6,0,190
INS,2368,23680000,34,505,822,586,108,24,95
INS,2369,23690000,10,388,977,829,384,0,109
INS,2370,23700000,0,358,1116,1054,595,0,149
INS,2371,23710000,31,232,1172,1232,811,0,9
INS,2372,23720000,0,67,1144,1289,948,0,252
INS,2373,23730000,0,0,1070,1221,1011,127,250
INS,2374,23740000,25,2,924,1152,975,438,98
INS,2375,23750000,0,0,670,975,837,625,218
INS,2376,23760000,45,9,446,751,774,753,162
INS,2377,23770000,30,0,167,444,517,798,125
INS,2378,23780000,25,0,0,148,250,671,48
INS,2379,23790000,0,24,20,0,0,588,115
INS,2380,23800000,9,0,0,0,0,289,54
INS,2381,23810000,0,14,6,5,0,11,65
INS,2382,23820000,0,0,0,0,29,0,75
INS,2383,23830000,0,0,12,0,0,15,90
INS,2384,23840000,6,0,0,0,0,0,86
INS,2385,23850000,0,14,35,0,3,0,149
INS,2386,23860000,0,15,0,10,21,36,196
INS,2387,23870000,11,6,25,0,0,0,173
INS,2388,23880000,0,20,14,22,0,15,219
INS,2389,23890000,0,0,0,0,0,2,167
INS,2390,23900000,12,0,31,0,4,0,229
INS,2391,23910000,0,0,0,0,0,0,199
INS,2392,23920000,0,15,3,14,0,37,29
INS,2393,23930000,67,0,20,42,0,0,106
INS,2394,23940000,0,17,32,0,10,0,53
INS,2395,23950000,4,16,0,0,0,0,31
INS,2396,23960000,10,0,0,0,33,4,75
INS,2397,23970000,0,29,54,4,4,0,136
INS,2398,23980000,30,0,0,20,0,46,158
INS,2399,23990000,23,40,27,23,0,20,212
INS,2400,24000000,0,0,10,0,1,0,107
INS,2401,24010000,286,8,0,15,11,0,177
INS,2402,24020000,577,4,0,0,5,0,204
INS,2403,24030000,876,0,0,8,28,0,35
INS,2404,24040000,1110,60,0,0,0,0,54
INS,2405,24050000,1246,28,7,0,6,21,209
INS,2406,24060000,1381,0,0,0,0,0,43
INS,2407,24070000,1414,0,14,13,0,6,126
INS,2408,24080000,1430,83,0,14,0,22,245
INS,2409,24090000,1347,215,0,0,0,17,36
INS,2410,24100000,1252,321,61,52,0,6,166
INS,2411,24110000,1094,410,0,5,7,7,14
INS,2412,24120000,820,542,0,0,24,0,150
INS,2413,24130000,555,595,2,0,15,11,215
INS,2414,24140000,282,624,15,3,0,41,19
INS,2415,24150000,0,600,6,0,9,0,198
INS,2416,24160000,0,589,260,0,0,0,193
INS,2417,24170000,2,581,548,316,19,54,113
INS,2418,24180000,0,533,836,581,150,19,217
INS,2419,24190000,0,437,1009,894,419,0,106
INS,2420,24200000,23,309,1084,1087,634,6,251
INS,2421,24210000,0,194,1178,1127,808,0,176
INS,2422,24220000,28,84,1133,1253,934,15,77
INS,2423,24230000,3,0,1088,1200,1006,138,82
INS,2424,24240000,0,21,884,1148,974,459,150
INS,2425,24250000,17,24,698,969,866,674,185
INS,2426,24260000,2,0,446,767,743,769,193
INS,2427,24270000,7,0,130,478,524,843,233
INS,2428,24280000,14,23,36,127,307,687,230
INS,2429,24290000,0,13,0,41,14,528,161
INS,2430,24300000,21,0,46,0,0,255,160
INS,2431,24310000,22,0,0,0,0,19,152
INS,2432,24320000,6,14,3,0,0,0,151
INS,2433,24330000,13,0,11,26,31,5,231
INS,2434,24340000,16,0,26,34,0,10,248
INS,2435,24350000,0,18,0,0,0,9,206
INS,2436,24360000,5,0,68,58,13,0,84
INS,2437,24370000,2,32,17,0,7,0,15
INS,2438,24380000,2,0,5,0,0,12,249
INS,2439,24390000,0,0,7,45,0,12,55
INS,2440,24400000,20,0,0,0,22,12,62
INS,2441,24410000,3,12,27,54,7,9,137
INS,2442,24420000,0,25,0,15,0,0,82
INS,2443,24430000,12,0,6,0,10,0,87
INS,2444,24440000,0,20,0,15,10,0,121
INS,2445,24450000,14,34,0,0,11,12,164
INS,2446,24460000,0,34,0,0,0,26,170
INS,2447,24470000,0,0,0,44,0,12,183
INS,2448,24480000,0,25,0,47,41,1,2
INS,2449,24490000,0,0,22,53,5,16,1
INS,2450,24500000,0,5,0,0,0,5,188
INS,2451,24510000,329,0,0,0,3,48,63
INS,2452,24520000,560,19,0,48,0,0,71
INS,2453,24530000,807,0,0,7,0,1,20
INS,2454,24540000,1090,12,0,0,0,21,89
INS,2455,24550000,1273,0,0,15,0,44,59
INS,2456,24560000,1324,0,31,0,0,0,99
INS,2457,24570000,1430,0,7,0,0,23,221
INS,2458,24580000,1415,21,5,39,55,0,57
INS,2459,24590000,1360,231,4,0,34,32,200
INS,2460,24600000,1267,332,0,11,47,42,255
INS,2461,24610000,1095,488,52,25,0,43,20
INS,2462,24620000,851,459,32,17,42,2,249
INS,2463,24630000,574,563,16,5,0,0,21
INS,2464,24640000,297,643,29,4,3,0,112
INS,2465,24650000,5,620,33,0,51,8,126
INS,2466,24660000,0,590,243,6,29,9,47
INS,2467,24670000,21,583,582,301,0,0,162
INS,2468,24680000,0,515,799,662,86,9,251
INS,2469,24690000,12,384,1013,872,425,29,164
INS,2470,24700000,14,270,1099,1058,594,33,2
INS,2471,24710000,0,201,1157,1210,851,0,114
INS,2472,24720000,0,76,1165,1265,925,0,143
INS,2473,24730000,10,0,1086,1229,982,151,187
INS,2474,24740000,0,12,902,1136,963,438,197
INS,2475,24750000,0,0,656,1021,885,654,235
INS,2476,24760000,0,8,449,752,671,779,207
INS,2477,24770000,27,0,168,484,477,811,44
INS,2478,24780000,22,18,0,144,240,710,252
INS,2479,24790000,6,0,13,0,0,516,182
INS,2480,24800000,15,0,0,12,0,290,237
INS,2481,24810000,5,0,0,0,23,36,1
INS,2482,24820000,14,28,0,52,0,26,74
INS,2483,24830000,32,14,0,20,0,11,48
INS,2484,24840000,0,2,13,18,64,0,85
INS,2485,24850000,0,0,5,10,62,16,98
INS,2486,24860000,0,0,0,0,9,0,31
INS,2487,24870000,42,0,61,0,0,17,159
INS,2488,24880000,0,28,39,0,3,23,149
INS,2489,24890000,2,22,0,0,0,19,116
INS,2490,24900000,23,9,0,0,0,15,137
INS,2491,24910000,0,0,3,0,0,0,110
INS,2492,24920000,13,36,0,28,0,1,202
INS,2493,24930000,4,0,0,0,24,0,169
INS,2494,24940000,1,1,0,0,14,24,198
INS,2495,24950000,43,20,0,0,5,1,244
INS,2496,24960000,19,24,0,0,0,50,29
INS,2497,24970000,0,0,14,0,29,0,252
INS,2498,24980000,0,0,9,19,10,11,19
INS,2499,24990000,0,0,0,0,0,17,4
INS,2500,25000000,7,0,21,0,0,0,32
INS,2501,25010000,305,32,0,0,32,0,134
INS,2502,25020000,556,0,0,22,35,16,155
INS,2503,25030000,867,1,53,25,0,0,233
INS,2504,25040000,1100,0,0,0,0,3,151
INS,2505,25050000,1268,3,0,45,0,0,125
INS,2506,25060000,1338,28,2,0,36,15,245
INS,2507,25070000,1418,42,0,21,0,0,68
INS,2508,25080000,1428,43,0,44,4,0,123
INS,2509,25090000,1381,181,13,16,0,11,223
INS,2510,25100000,1227,273,0,0,0,0,138
INS,2511,25110000,1081,420,2,13,0,0,171
INS,2512,25120000,843,525,0,43,0,30,113
INS,2513,25130000,557,591,0,0,0,0,93
INS,2514,25140000,250,662,0,0,6,60,196
INS,2515,25150000,5,636,0,34,0,1,167
INS,2516,25160000,0,645,281,23,7,17,225
INS,2517,25170000,38,564,575,329,38,14,59
INS,2518,25180000,35,478,788,568,118,0,249
INS,2519,25190000,18,379,971,870,392,24,165
INS,2520,25200000,0,319,1168,1039,583,0,125
INS,2521,25210000,0,167,1170,1198,808,26,146
INS,2522,25220000,11,57,1142,1244,930,17,195
INS,2523,25230000,0,32,1028,1234,962,127,194
INS,2524,25240000,0,0,886,1182,933,415,244
INS,2525,25250000,13,16,716,944,879,680,93
INS,2526,25260000,17,0,441,795,686,746,59
INS,2527,25270000,32,0,154,468,509,823,145
INS,2528,25280000,5,18,0,197,298,707,169
INS,2529,25290000,0,0,0,0,0,576,49
INS,2530,25300000,39,17,0,25,22,286,135
INS,2531,25310000,26,41,0,14,0,29,129
INS,2532,25320000,0,0,5,0,0,0,41
INS,2533,25330000,0,0,0,0,0,3,56
INS,2534,25340000,25,0,0,0,0,1,96
INS,2535,25350000,42,4,0,0,0,30,163
INS,2536,25360000,0,17,0,0,20,0,141
INS,2537,25370000,0,0,0,7,0,0,128
INS,2538,25380000,0,11,0,0,5,0,154
INS,2539,25390000,0,10,16,0,3,14,198
INS,2540,25400000,0,0,0,0,8,17,197
INS,2541,25410000,20,26,8,41,0,0,28
INS,2542,25420000,2,0,25,44,0,1,22
INS,2543,25430000,0,24,0,20,0,0,11
INS,2544,25440000,0,23,0,0,0,24,31
INS,2545,25450000,0,35,4,45,0,0,85
INS,2546,25460000,7,23,0,16,0,19,83
INS,2547,25470000,0,0,39,9,0,0,83
INS,2548,25480000,0,0,3,0,6,11,72
INS,2549,25490000,1,0,11,25,14,1,121
INS,2550,25500000,0,18,0,12,0,0,116
INS,2551,25510000,287,0,0,0,0,8,142
INS,2552,25520000,611,0,0,0,18,13,250
INS,2553,25530000,794,0,14,0,0,7,184
INS,2554,25540000,1108,0,0,0,17,0,255
INS,2555,25550000,1223,66,0,29,21,13,243
INS,2556,25560000,1303,39,0,0,1,68,63
INS,2557,25570000,1434,24,64,0,32,25,248
INS,2558,25580000,1385,30,46,0,16,17,180
INS,2559,25590000,1394,178,32,0,0,15,66
INS,2560,25600000,1218,300,0,6,0,16,4
INS,2561,25610000,1033,393,0,0,0,0,163
INS,2562,25620000,825,541,56,37,36,35,28
INS,2563,25630000,550,558,0,0,40,23,198
INS,2564,25640000,321,584,0,0,0,0,205
INS,2565,25650000,0,601,67,0,0,4,245
INS,2566,25660000,0,596,271,0,3,6,210
INS,2567,25670000,30,601,577,309,0,0,100
INS,2568,25680000,3,457,812,653,140,0,153
INS,2569,25690000,0,389,1004,886,417,36,69
INS,2570,25700000,0,329,1072,1093,628,0,220
INS,2571,25710000,0,224,1197,1201,791,26,42
INS,2572,25720000,0,61,1157,1257,933,26,54
INS,2573,25730000,61,7,1056,1277,960,204,202
INS,2574,25740000,0,0,893,1111,988,441,87
INS,2575,25750000,0,40,681,1016,864,661,189
INS,2576,25760000,3,0,450,786,753,759,207
INS,2577,25770000,0,0,132,443,500,822,138
INS,2578,25780000,39,0,5,158,252,713,193
INS,2579,25790000,51,0,0,0,11,533,150
INS,2580,25800000,14,37,40,41,0,257,217
INS,2581,25810000,0,11,0,17,0,0,129
INS,2582,25820000,26,0,0,7,3,21,175
INS,2583,25830000,15,0,38,32,0,27,247
INS,2584,25840000,0,0,0,2,0,0,154
INS,2585,25850000,4,0,3,20,10,21,227
INS,2586,25860000,31,0,0,4,0,19,240
INS,2587,25870000,0,5,41,6,7,0,6
INS,2588,25880000,17,30,30,7,0,0,48
INS,2589,25890000,21,0,29,21,0,34,86
INS,2590,25900000,0,12,0,0,38,27,75
INS,2591,25910000,14,0,9,11,21,62,132
INS,2592,25920000,21,0,0,0,30,0,83
INS,2593,25930000,0,0,16,0,42,0,107
INS,2594,25940000,28,0,0,0,0,0,94
INS,2595,25950000,0,0,0,36,12,2,133
INS,2596,25960000,21,0,0,3,26,0,150
INS,2597,25970000,0,0,0,0,20,14,151
INS,2598,25980000,0,0,0,0,29,0,163
INS,2599,25990000,18,10,39,0,17,5,240
INS,2600,26000000,0,0,0,14,0,5,187
INS,2601,26010000,335,19,0,0,0,11,38
INS,2602,26020000,587,0,0,0,2,0,23
INS,2603,26030000,885,0,0,0,25,26,131
INS,2604,26040000,1060,33,0,9,0,8,66
INS,2605,26050000,1244,0,0,0,44,0,5
INS,2606,26060000,1368,18,9,12,15,0,156
INS,2607,26070000,1420,0,0,0,12,0,183
INS,2608,26080000,1422,86,37,0,9,0,66
INS,2609,26090000,1399,201,0,0,29,0,158
INS,2610,26100000,1248,260,22,6,0,18,100
INS,2611,26110000,1041,452,0,46,0,0,102
INS,2612,26120000,822,487,21,0,32,0,198
INS,2613,26130000,600,551,18,0,0,0,22
INS,2614,26140000,267,620,0,6,19,0,38
INS,2615,26150000,2,623,0,0,0,0,24
INS,2616,26160000,25,640,324,10,0,0,159
INS,2617,26170000,6,606,558,314,0,0,149
INS,2618,26180000,0,567,764,604,124,17,246
INS,2619,26190000,0,450,965,837,420,11,102
INS,2620,26200000,0,306,1079,1086,603,0,254
INS,2621,26210000,21,175,1172,1224,783,0,60
INS,2622,26220000,0,25,1165,1301,910,0,103
INS,2623,26230000,19,0,1004,1165,961,168,36
INS,2624,26240000,4,2,880,1094,926,417,59
INS,2625,26250000,0,13,644,956,894,637,153
INS,2626,26260000,0,19,450,745,700,788,240
INS,2627,26270000,0,25,162,451,509,803,17
INS,2628,26280000,53,6,0,180,273,761,125
INS,2629,26290000,26,0,0,4,0,515,182
INS,2630,26300000,48,36,0,0,35,257,30
INS,2631,26310000,9,0,0,0,0,26,218
INS,2632,26320000,0,48,31,0,0,0,23
INS,2633,26330000,0,4,0,0,0,0,221
INS,2634,26340000,16,54,18,11,0,0,77
INS,2635,26350000,10,0,0,0,40,10,55
INS,2636,26360000,0,29,24,0,0,45,110
INS,2637,26370000,43,0,11,46,0,0,129
INS,2638,26380000,0,24,1,0,0,63,134
INS,2639,26390000,20,0,10,26,0,22,141
INS,2640,26400000,0,0,8,7,12,11,118
INS,2641,26410000,12,0,0,0,20,0,129
INS,2642,26420000,0,0,33,0,0,0,147
INS,2643,26430000,32,53,13,0,0,18,247
INS,2644,26440000,28,57,0,13,23,8,21
INS,2645,26450000,0,0,0,0,44,0,209
INS,2646,26460000,27,33,0,26,0,5,17
INS,2647,26470000,0,8,0,43,6,6,6
INS,2648,26480000,2,0,8,0,20,0,246
INS,2649,26490000,0,0,0,0,0,0,233
INS,2650,26500000,0,20,9,13,4,38,78
INS,2651,26510000,307,0,12,16,3,0,93
INS,2652,26520000,606,15,0,0,22,0,159
INS,2653,26530000,852,0,0,0,47,0,176
INS,2654,26540000,1095,0,5,0,3,0,141
INS,2655,26550000,1214,0,23,59,5,4,104
INS,2656,26560000,1353,7,0,9,27,0,212
INS,2657,26570000,1433,45,28,7,0,0,90
INS,2658,26580000,1438,77,0,0,0,0,109
INS,2659,26590000,1383,199,56,42,0,27,62
INS,2660,26600000,1249,332,0,0,0,19,228
INS,2661,26610000,1052,403,0,3,0,32,135
INS,2662,26620000,874,538,0,0,1,0,75
INS,2663,26630000,606,610,23,0,31,0,205
INS,2664,26640000,330,626,0,13,9,0,186
INS,2665,26650000,0,621,0,35,0,0,137
INS,2666,26660000,4,629,268,0,19,0,162
INS,2667,26670000,1,599,526,308,0,18,199
INS,2668,26680000,22,511,773,577,146,0,25
INS,2669,26690000,23,446,963,864,364,2,163
INS,2670,26700000,15,283,1153,1062,619,26,164
INS,2671,26710000,0,166,1198,1238,834,0,203
INS,2672,26720000,0,50,1155,1253,921,0,163
INS,2673,26730000,0,2,1057,1214,966,111,151
INS,2674,26740000,0,9,884,1174,994,392,15
INS,2675,26750000,0,0,680,969,913,655,52
INS,2676,26760000,1,18,426,719,719,738,241
INS,2677,26770000,30,16,134,444,504,802,79
INS,2678,26780000,3,0,31,175,201,693,37
INS,2679,26790000,9,0,14,22,46,510,64
INS,2680,26800000,1,0,0,0,24,321,82
INS,2681,26810000,23,39,19,32,0,0,122
INS,2682,26820000,0,8,0,10,0,19,63
INS,2683,26830000,20,0,20,0,11,4,98
INS,2684,26840000,0,7,0,5,19,2,93
INS,2685,26850000,0,33,30,12,0,30,182
INS,2686,26860000,0,0,0,0,14,21,129
INS,2687,26870000,47,0,14,0,0,11,183
INS,2688,26880000,0,44,19,0,31,0,222
INS,2689,26890000,0,0,0,9,1,0,155
INS,2690,26900000,42,17,0,6,0,42,13
INS,2691,26910000,29,10,20,7,11,0,0
INS,2692,26920000,21,0,1,0,0,0,218
INS,2693,26930000,27,0,0,0,40,0,24
INS,2694,26940000,12,36,0,0,0,17,39
INS,2695,26950000,0,0,21,2,0,26,40
INS,2696,26960000,0,39,17,31,31,19,145
INS,2697,26970000,0,0,38,0,38,0,101
INS,2698,26980000,17,20,0,0,0,9,88
INS,2699,26990000,0,0,0,43,26,0,128
INS,2700,27000000,28,0,0,0,0,0,104
INS,2701,27010000,323,0,23,0,11,39,233
INS,2702,27020000,611,6,0,1,62,0,22
INS,2703,27030000,852,0,0,0,0,0,211
INS,2704,27040000,1054,15,9,0,0,19,217
INS,2705,27050000,1276,30,0,15,4,0,206
INS,2706,27060000,1354,43,45,0,0,0,84
INS,2707,27070000,1396,7,0,12,16,0,90
INS,2708,27080000,1470,50,0,32,30,12,14
INS,2709,27090000,1330,166,9,1,17,0,216
INS,2710,27100000,1222,329,15,0,15,13,48
INS,2711,27110000,1088,384,53,0,40,0,36
INS,2712,27120000,809,535,3,0,0,0,91
INS,2713,27130000,622,579,17,16,0,14,9
INS,2714,27140000,331,574,3,34,0,0,232
INS,2715,27150000,31,647,0,0,0,3,244
INS,2716,27160000,0,584,309,21,26,13,21
INS,2717,27170000,34,564,562,348,11,10,102
INS,2718,27180000,0,520,826,624,150,0,198
INS,2719,27190000,0,388,959,860,354,6,150
INS,2720,27200000,7,293,1091,1097,645,0,221
INS,2721,27210000,14,202,1163,1175,784,0,187
INS,2722,27220000,0,67,1151,1275,983,0,86
INS,2723,27230000,0,0,1054,1230,987,170,68
INS,2724,27240000,48,2,873,1220,968,394,149
INS,2725,27250000,0,0,678,986,923,658,162
INS,2726,27260000,0,30,405,730,661,785,57
INS,2727,27270000,1,15,156,458,507,829,197
INS,2728,27280000,0,0,0,189,267,721,193
INS,2729,27290000,20,0,0,0,6,577,148
INS,2730,27300000,17,0,0,28,20,262,145
INS,2731,27310000,28,38,10,2,0,3,172
INS,2732,27320000,15,0,0,0,36,0,159
INS,2733,27330000,12,13,0,12,14,4,180
INS,2734,27340000,0,0,0,0,0,0,142
INS,2735,27350000,36,5,0,13,0,19,232
INS,2736,27360000,21,16,0,11,39,47,54
INS,2737,27370000,0,0,26,0,0,0,219
INS,2738,27380000,0,10,7,17,0,19,7
INS,2739,27390000,0,0,0,31,2,0,4
INS,2740,27400000,21,0,61,11,0,0,81
INS,2741,27410000,5,0,0,0,25,24,59
INS,2742,27420000,0,0,19,2,2,2,47
INS,2743,27430000,18,8,0,0,0,0,65
INS,2744,27440000,0,16,0,18,0,46,136
INS,2745,27450000,0,5,2,0,0,0,80
INS,2746,27460000,16,17,0,51,0,0,174
INS,2747,27470000,0,18,0,0,18,40,183
INS,2748,27480000,33,11,0,33,0,50,251
INS,2749,27490000,0,0,13,0,11,0,165
INS,2750,27500000,21,16,0,0,0,19,214
INS,2751,27510000,332,0,37,10,19,0,61
INS,2752,27520000,577,18,0,0,0,0,19
INS,2753,27530000,828,0,7,31,2,27,80
INS,2754,27540000,1047,4,81,22,0,8,108
INS,2755,27550000,1236,0,0,10,0,16,225
INS,2756,27560000,1359,0,53,0,6,31,173
INS,2757,27570000,1421,14,1,0,11,9,197
INS,2758,27580000,1412,29,0,39,5,0,243
INS,2759,27590000,1394,191,3,38,22,0,167
INS,2760,27600000,1254,332,66,20,50,0,2
INS,2761,27610000,1112,392,0,15,8,48,128
INS,2762,27620000,891,503,33,28,8,28,61
INS,2763,27630000,586,508,26,31,46,44,84
INS,2764,27640000,306,632,0,13,11,3,81
INS,2765,27650000,29,624,16,0,0,40,98
INS,2766,27660000,0,635,288,0,38,28,139
INS,2767,27670000,0,555,559,286,0,0,55
INS,2768,27680000,0,518,776,567,135,35,191
INS,2769,27690000,0,405,1010,890,363,0,77
INS,2770,27700000,35,317,1124,1008,639,1,38
INS,2771,27710000,0,240,1190,1165,786,0,56
INS,2772,27720000,28,71,1172,1254,912,0,129
INS,2773,27730000,10,32,1045,1245,971,197,209
INS,2774,27740000,8,13,923,1172,919,417,178
INS,2775,27750000,0,0,682,981,874,620,156
INS,2776,27760000,0,0,432,760,703,772,195
INS,2777,27770000,26,0,171,484,465,811,14
INS,2778,27780000,0,21,20,190,254,690,17
INS,2779,27790000,0,43,3,5,1,553,232
INS,2780,27800000,23,29,20,0,4,262,238
INS,2781,27810000,0,22,0,21,0,14,230
INS,2782,27820000,0,0,0,0,0,0,190
INS,2783,27830000,5,53,23,31,5,24,92
INS,2784,27840000,0,17,27,0,0,9,21
INS,2785,27850000,0,32,33,0,0,23,73
INS,2786,27860000,0,0,8,74,0,0,84
INS,2787,27870000,0,3,40,0,0,0,62
INS,2788,27880000,0,0,0,0,0,4,40
INS,2789,27890000,0,16,2,30,34,9,144
INS,2790,27900000,19,3,0,0,0,0,92
INS,2791,27910000,0,14,0,0,3,0,104
INS,2792,27920000,0,35,0,0,30,0,169
INS,2793,27930000,15,10,0,14,0,0,160
INS,2794,27940000,0,0,0,0,0,43,181
INS,2795,27950000,45,1,11,9,0,7,228
INS,2796,27960000,55,15,9,27,2,22,46
INS,2797,27970000,11,30,0,9,33,0,16
INS,2798,27980000,7,9,14,46,65,29,120
INS,2799,27990000,0,29,7,2,0,2,7
INS,2800,28000000,4,44,20,19,0,0,71
INS,2801,28010000,293,0,12,0,0,0,50
INS,2802,28020000,580,34,0,0,0,0,120
INS,2803,28030000,869,24,0,24,0,22,206
INS,2804,28040000,1035,0,0,0,33,0,96
INS,2805,28050000,1243,19,2,3,15,0,71
INS,2806,28060000,1377,0,7,0,0,0,190
INS,2807,28070000,1454,0,0,25,0,1,47
INS,2808,28080000,1429,41,15,34,47,0,150
INS,2809,28090000,1395,170,0,0,0,20,186
INS,2810,28100000,1207,354,36,5,0,0,220
INS,2811,28110000,1081,371,0,18,29,0,134
INS,2812,28120000,844,493,5,0,0,40,34
INS,2813,28130000,547,595,10,0,0,29,106
INS,2814,28140000,300,606,16,0,0,0,120
INS,2815,28150000,0,623,0,11,0,49,154
INS,2816,28160000,26,645,327,0,13,21,8
INS,2817,28170000,0,552,555,318,0,0,162
INS,2818,28180000,0,509,773,611,125,0,4
INS,2819,28190000,0,362,975,860,373,0,61
INS,2820,28200000,29,294,1099,1039,620,9,86
INS,2821,28210000,0,186,1163,1219,784,0,109
INS,2822,28220000,0,81,1157,1288,902,0,202
INS,2823,28230000,30,48,1053,1240,1014,150,70
INS,2824,28240000,0,18,921,1162,930,413,252
INS,2825,28250000,24,0,684,943,912,670,58
INS,2826,28260000,13,0,438,736,706,772,19
INS,2827,28270000,0,4,126,464,546,824,103
INS,2828,28280000,0,11,10,132,268,722,67
INS,2829,28290000,24,0,24,0,6,546,53
INS,2830,28300000,0,17,0,0,0,275,18
INS,2831,28310000,0,0,6,0,13,0,18
INS,2832,28320000,0,10,0,14,0,0,40
INS,2833,28330000,0,0,0,22,33,0,88
INS,2834,28340000,0,3,0,0,0,10,63
INS,2835,28350000,0,50,0,0,29,55,201
INS,2836,28360000,35,1,0,0,0,37,157
INS,2837,28370000,0,1,0,12,40,6,160
INS,2838,28380000,26,0,3,0,38,0,185
INS,2839,28390000,19,27,0,34,0,0,215
INS,2840,28400000,0,0,0,0,0,0,152
INS,2841,28410000,10,12,27,17,0,16,251
INS,2842,28420000,4,0,11,17,0,0,218
INS,2843,28430000,3,0,4,31,21,10,16
INS,2844,28440000,0,0,0,0,0,33,253
INS,2845,28450000,0,20,8,7,6,0,22
INS,2846,28460000,0,4,0,0,9,22,33
INS,2847,28470000,12,0,10,25,23,17,102
INS,2848,28480000,0,0,59,21,11,0,123
INS,2849,28490000,1,0,0,0,0,0,50
INS,2850,28500000,0,0,0,0,0,11,77
INS,2851,28510000,302,0,16,45,0,13,203
INS,2852,28520000,597,8,19,0,0,16,228
INS,2853,28530000,855,37,4,2,48,25,64
INS,2854,28540000,1025,0,16,20,0,0,171
INS,2855,28550000,1256,0,33,25,0,25,210
INS,2856,28560000,1346,0,56,0,3,0,37
INS,2857,28570000,1431,28,36,0,0,25,169
INS,2858,28580000,1406,22,0,3,0,0,97
INS,2859,28590000,1348,201,0,0,0,0,232
INS,2860,28600000,1247,297,0,29,24,0,41
INS,2861,28610000,1081,388,0,19,12,0,217
INS,2862,28620000,884,479,25,37,0,5,164
INS,2863,28630000,546,564,0,5,0,0,122
INS,2864,28640000,294,606,0,0,0,0,180
INS,2865,28650000,0,681,5,20,36,0,39
INS,2866,28660000,4,601,328,0,11,2,4
INS,2867,28670000,0,584,527,344,14,0,32
INS,2868,28680000,45,532,810,589,132,39,215
INS,2869,28690000,23,428,988,859,399,0,14
INS,2870,28700000,0,266,1126,1037,644,0,151
INS,2871,28710000,0,213,1161,1201,792,6,212
INS,2872,28720000,6,58,1141,1286,939,0,30
INS,2873,28730000,27,0,1045,1243,1017,142,91
INS,2874,28740000,11,13,902,1137,943,382,22
INS,2875,28750000,0,18,671,960,894,622,72
INS,2876,28760000,0,11,404,719,691,817,78
INS,2877,28770000,0,0,190,456,503,813,183
INS,2878,28780000,11,11,0,109,271,698,106
INS,2879,28790000,0,27,2,0,0,523,87
INS,2880,28800000,25,2,4,0,27,267,133
INS,2881,28810000,0,24,0,0,0,0,105
INS,2882,28820000,25,0,0,0,0,0,123
INS,2883,28830000,7,0,0,0,48,61,231
INS,2884,28840000,0,26,0,19,0,43,220
INS,2885,28850000,7,0,0,8,19,0,183
INS,2886,28860000,0,0,2,0,33,0,201
INS,2887,28870000,3,0,0,0,0,0,186
INS,2888,28880000,0,0,0,17,5,0,222
INS,2889,28890000,0,18,30,0,19,0,28
INS,2890,28900000,0,2,0,0,36,0,16
INS,2891,28910000,0,23,0,30,0,0,48
INS,2892,28920000,8,2,0,9,0,0,31
INS,2893,28930000,18,0,2,0,0,0,49
INS,2894,28940000,0,62,0,28,7,9,152
INS,2895,28950000,0,35,0,54,0,0,152
INS,2896,28960000,0,8,0,7,4,0,99
INS,2897,28970000,26,0,0,0,2,30,155
INS,2898,28980000,3,55,0,30,0,0,202
INS,2899,28990000,0,14,4,41,34,0,224
INS,2900,29000000,14,0,0,2,0,0,164
INS,2901,29010000,324,2,17,0,8,0,4
INS,2902,29020000,597,0,42,0,0,23,76
INS,2903,29030000,867,0,9,0,4,20,75
INS,2904,29040000,1072,0,8,0,0,52,68
INS,2905,29050000,1268,57,0,0,26,20,68
INS,2906,29060000,1411,15,0,0,5,13,158
INS,2907,29070000,1392,0,30,0,0,23,176
INS,2908,29080000,1428,47,36,8,0,0,11
INS,2909,29090000,1433,195,13,0,0,6,156
INS,2910,29100000,1245,294,4,63,19,0,151
INS,2911,29110000,1078,389,0,3,0,24,37
INS,2912,29120000,878,480,27,0,28,0,229
INS,2913,29130000,583,581,0,0,8,24,29
INS,2914,29140000,296,570,0,0,4,0,232
INS,2915,29150000,0,596,0,0,0,0,231
INS,2916,29160000,0,586,300,13,0,4,43
INS,2917,29170000,17,538,552,300,0,21,73
INS,2918,29180000,7,469,805,576,148,6,161
INS,2919,29190000,12,444,978,854,384,0,71
INS,2920,29200000,0,282,1073,1051,603,0,169
INS,2921,29210000,2,209,1206,1189,837,41,149
INS,2922,29220000,0,15,1128,1279,919,0,23
INS,2923,29230000,0,9,1033,1242,989,99,71
INS,2924,29240000,5,0,931,1134,963,418,167
INS,2925,29250000,30,14,673,959,894,682,241
INS,2926,29260000,0,0,417,745,742,753,175
INS,2927,29270000,0,52,125,462,458,825,225
INS,2928,29280000,0,31,15,176,281,739,74
INS,2929,29290000,21,0,0,15,0,567,220
INS,2930,29300000,0,0,0,0,0,289,179
INS,2931,29310000,0,0,10,1,0,21,195
INS,2932,29320000,36,0,5,0,0,2,223
INS,2933,29330000,13,34,0,0,13,8,9
INS,2934,29340000,0,11,31,0,10,0,10
INS,2935,29350000,8,0,6,0,14,0,3
INS,2936,29360000,0,0,6,23,20,5,46
INS,2937,29370000,0,39,9,0,0,0,57
INS,2938,29380000,1,10,12,0,12,22,83
INS,2939,29390000,0,20,0,0,0,0,63
INS,2940,29400000,31,23,17,0,5,0,136
INS,2941,29410000,0,8,0,0,21,27,133
INS,2942,29420000,11,4,0,0,0,0,109
INS,2943,29430000,0,0,0,29,0,2,142
INS,2944,29440000,19,0,41,14,7,30,239
INS,2945,29450000,0,6,0,2,0,0,153
INS,2946,29460000,0,0,5,0,0,0,167
INS,2947,29470000,0,24,38,3,21,6,15
INS,2948,29480000,0,0,0,0,0,13,209
INS,2949,29490000,23,0,0,0,0,46,26
INS,2950,29500000,0,3,2,0,8,0,243
INS,2951,29510000,335,15,0,0,11,53,149
INS,2952,29520000,623,0,13,15,28,0,175
INS,2953,29530000,842,26,0,0,0,0,125
INS,2954,29540000,1107,0,24,0,22,4,175
INS,2955,29550000,1202,29,22,9,0,0,41
INS,2956,29560000,1381,0,0,0,0,27,204
INS,2957,29570000,1442,0,43,0,33,11,86
INS,2958,29580000,1439,50,0,0,0,0,63
INS,2959,29590000,1409,195,0,27,8,3,233
INS,2960,29600000,1248,322,2,0,11,14,205
INS,2961,29610000,1105,398,40,3,0,0,171
INS,2962,29620000,831,504,27,29,11,2,46
INS,2963,29630000,582,578,0,13,17,30,135
INS,2964,29640000,239,629,0,9,0,0,65
INS,2965,29650000,24,680,0,6,50,0,221
INS,2966,29660000,32,624,284,18,0,33,213
INS,2967,29670000,22,564,575,302,0,0,190
INS,2968,29680000,0,522,813,598,139,0,48
INS,2969,29690000,0,413,973,874,380,0,121
INS,2970,29700000,0,334,1101,1029,628,31,109
INS,2971,29710000,0,157,1207,1231,789,28,159
INS,2972,29720000,0,58,1104,1259,946,0,131
INS,2973,29730000,0,44,1054,1227,1004,171,25
INS,2974,29740000,21,11,887,1134,986,460,41
INS,2975,29750000,0,0,670,943,871,604,159
INS,2976,29760000,0,14,389,774,710,793,24
INS,2977,29770000,0,0,110,482,530,776,27
INS,2978,29780000,0,0,12,167,252,761,106
INS,2979,29790000,0,15,19,0,23,557,57
INS,2980,29800000,8,5,0,45,0,277,51
INS,2981,29810000,14,3,5,35,25,0,71
INS,2982,29820000,0,0,21,0,12,0,39
INS,2983,29830000,20,0,0,0,1,0,44
INS,2984,29840000,16,0,27,23,14,12,132
INS,2985,29850000,0,0,10,31,21,0,119
INS,2986,29860000,41,25,0,0,0,0,140
INS,2987,29870000,0,0,0,0,53,0,144
INS,2988,29880000,0,78,0,34,0,15,235
INS,2989,29890000,0,10,17,0,9,0,161
INS,2990,29900000,0,0,64,0,33,24,7
INS,2991,29910000,49,5,44,35,22,2,60
INS,2992,29920000,47,0,0,0,0,0,223
INS,2993,29930000,0,0,44,0,0,7,244
INS,2994,29940000,0,5,0,0,32,6,253
INS,2995,29950000,3,0,11,13,0,0,254
INS,2996,29960000,0,0,0,8,22,5,23
INS,2997,29970000,0,0,0,0,0,14,19
INS,2998,29980000,0,0,0,4,11,0,37
INS,2999,29990000,0,0,8,19,0,28,94
INS,3000,30000000,15,15,0,37,0,8,131
INS,3001,30010000,289,0,0,0,0,0,106
INS,3002,30020000,574,0,0,0,0,46,198
INS,3003,30030000,817,18,0,50,0,0,224
INS,3004,30040000,1120,12,0,0,32,0,8
INS,3005,30050000,1261,9,0,0,0,21,152
INS,3006,30060000,1402,0,4,28,0,0,56
INS,3007,30070000,1429,0,3,37,43,23,174
INS,3008,30080000,1387,77,0,0,21,0,141
INS,3009,30090000,1391,219,6,6,0,0,39
INS,3010,30100000,1292,295,12,12,0,14,59
INS,3011,30110000,1083,433,3,0,12,0,238
INS,3012,30120000,847,502,22,2,10,19,126
INS,3013,30130000,590,591,2,28,24,1,233
INS,3014,30140000,368,614,10,20,0,0,26
INS,3015,30150000,16,650,0,0,37,0,246
INS,3016,30160000,0,648,312,10,7,0,25
INS,3017,30170000,0,592,587,323,22,31,108
INS,3018,30180000,0,440,796,650,142,22,108
INS,3019,30190000,17,445,1029,862,405,23,88
INS,3020,30200000,0,354,1111,1100,664,14,55
INS,3021,30210000,7,175,1140,1219,792,0,162
INS,3022,30220000,0,53,1128,1277,942,6,252
INS,3023,30230000,22,19,1050,1238,940,162,38
INS,3024,30240000,55,0,900,1155,980,427,141
INS,3025,30250000,0,16,669,1005,873,631,91
INS,3026,30260000,13,11,433,775,722,756,136
INS,3027,30270000,12,18,152,470,527,800,190
INS,3028,30280000,22,0,0,210,278,740,246
INS,3029,30290000,0,0,1,0,0,539,65
INS,3030,30300000,4,13,9,0,9,264,97
INS,3031,30310000,13,0,0,0,22,0,106
INS,3032,30320000,0,0,0,0,0,0,88
INS,3033,30330000,0,0,17,28,26,0,176
INS,3034,30340000,0,32,1,12,21,23,211
INS,3035,30350000,0,62,33,0,15,28,21
INS,3036,30360000,0,0,0,0,0,25,181
INS,3037,30370000,46,0,0,22,0,0,241
INS,3038,30380000,0,2,0,0,4,8,204
INS,3039,30390000,0,0,0,0,0,15,222
INS,3040,30400000,21,7,38,0,18,0,52
INS,3041,30410000,0,0,0,7,0,0,248
INS,3042,30420000,7,0,0,0,6,42,57
INS,3043,30430000,17,0,0,38,0,24,98
INS,3044,30440000,31,9,0,0,0,21,97
INS,3045,30450000,0,21,0,0,4,30,108
INS,3046,30460000,0,0,0,16,0,21,107
INS,3047,30470000,0,26,0,27,0,0,140
INS,3048,30480000,0,5,27,0,48,37,221
INS,3049,30490000,55,0,0,0,23,0,199
INS,3050,30500000,26,15,0,0,34,38,251
INS,3051,30510000,274,16,0,25,0,0,214
INS,3052,30520000,589,11,0,3,0,0,7
INS,3053,30530000,823,16,0,30,0,20,54
INS,3054,30540000,1075,34,12,1,31,13,92
INS,3055,30550000,1255,0,14,5,0,7,224
INS,3056,30560000,1415,46,7,36,0,10,218
INS,3057,30570000,1442,32,26,0,0,0,221
INS,3058,30580000,1430,81,2,10,0,45,50
INS,3059,30590000,1341,200,0,37,0,35,112
INS,3060,30600000,1247,280,0,0,21,7,71
INS,3061,30610000,1079,393,0,0,0,0,5
INS,3062,30620000,860,542,0,18,0,0,226
INS,3063,30630000,637,601,22,26,0,0,109
INS,3064,30640000,347,658,16,0,8,39,164
INS,3065,30650000,3,627,24,0,27,9,59
INS,3066,30660000,0,653,282,4,0,0,69
INS,3067,30670000,36,587,547,315,0,0,120
INS,3068,30680000,18,509,778,622,179,0,246
INS,3069,30690000,0,427,963,833,400,0,12
INS,3070,30700000,0,382,1108,1025,618,0,27
INS,3071,30710000,16,245,1174,1174,802,0,66
INS,3072,30720000,29,62,1131,1228,959,13,94
INS,3073,30730000,15,3,1043,1238,980,130,98
INS,3074,30740000,0,1,872,1153,951,386,69
INS,3075,30750000,5,22,713,1001,865,669,254
INS,3076,30760000,43,37,423,726,712,715,164
INS,3077,30770000,3,0,168,451,502,788,205
INS,3078,30780000,0,0,20,132,280,703,213
INS,3079,30790000,0,33,23,0,20,556,239
INS,3080,30800000,0,0,15,0,0,294,189
INS,3081,30810000,5,0,0,26,0,16,200
INS,3082,30820000,0,0,2,4,15,0,191
INS,3083,30830000,15,36,0,34,0,15,31
INS,3084,30840000,0,0,0,57,0,0,5
INS,3085,30850000,17,0,0,0,0,0,238
INS,3086,30860000,0,5,0,0,0,28,15
INS,3087,30870000,0,0,0,0,8,21,28
INS,3088,30880000,0,0,0,0,0,0,16
INS,3089,30890000,0,28,1,0,7,0,69
INS,3090,30900000,10,0,0,11,0,2,73
INS,3091,30910000,0,0,0,71,0,0,138
INS,3092,30920000,0,0,0,0,44,15,143
INS,3093,30930000,0,0,0,28,19,0,148
INS,3094,30940000,4,34,0,0,0,6,162
INS,3095,30950000,0,0,0,9,19,0,163
INS,3096,30960000,0,51,7,0,0,0,210
INS,3097,30970000,0,0,27,24,0,0,220
INS,3098,30980000,0,0,22,0,0,0,208
INS,3099,30990000,0,6,0,21,0,0,230
INS,3100,31000000,15,0,0,5,12,43,39
INS,3101,31010000,308,0,0,4,7,19,63
INS,3102,31020000,571,23,0,6,10,0,96
INS,3103,31030000,863,0,6,7,0,15,138
INS,3104,31040000,1085,3,15,0,9,30,150
INS,3105,31050000,1249,7,27,0,16,28,96
INS,3106,31060000,1370,7,22,0,22,0,207
INS,3107,31070000,1467,7,0,0,21,0,42
INS,3108,31080000,1396,74,6,0,15,33,88
INS,3109,31090000,1375,180,15,5,0,16,172
INS,3110,31100000,1225,309,1,2,0,37,172
INS,3111,31110000,1094,446,0,6,0,2,163
INS,3112,31120000,841,489,23,0,0,35,20
INS,3113,31130000,579,552,0,0,0,0,36
INS,3114,31140000,322,586,0,3,0,0,89
INS,3115,31150000,19,644,0,0,0,0,114
INS,3116,31160000,14,587,304,0,16,14,147
INS,3117,31170000,0,570,566,337,10,0,200
INS,3118,31180000,0,544,748,603,127,26,14
INS,3119,31190000,19,381,938,869,404,0,82
INS,3120,31200000,5,339,1147,1040,594,40,141
INS,3121,31210000,0,232,1181,1182,754,0,86
INS,3122,31220000,0,109,1167,1240,888,4,162
INS,3123,31230000,0,0,1070,1238,997,189,9
INS,3124,31240000,0,29,894,1160,945,365,181
INS,3125,31250000,9,0,698,974,874,619,235
INS,3126,31260000,0,12,448,729,711,833,67
INS,3127,31270000,0,0,129,467,513,833,61
INS,3128,31280000,7,15,0,138,242,720,26
INS,3129,31290000,32,0,4,0,9,550,28
INS,3130,31300000,8,24,5,0,0,350,93
INS,3131,31310000,0,32,0,0,0,0,11
INS,3132,31320000,5,32,0,0,34,0,67
INS,3133,31330000,0,5,35,0,14,12,79
INS,3134,31340000,0,37,0,12,0,24,103
INS,3135,31350000,1,0,0,0,2,0,50
INS,3136,31360000,0,44,44,1,0,9,162
INS,3137,31370000,22,0,0,15,18,0,136
INS,3138,31380000,0,42,0,0,16,39,195
INS,3139,31390000,0,4,5,0,0,32,156
INS,3140,31400000,60,0,0,0,0,0,192
INS,3141,31410000,46,25,10,0,15,34,23
INS,3142,31420000,0,0,22,7,35,0,230
INS,3143,31430000,6,0,27,0,36,0,252
INS,3144,31440000,0,0,0,0,0,25,225
INS,3145,31450000,9,7,24,0,47,0,48
INS,3146,31460000,15,0,18,0,0,0,11
INS,3147,31470000,6,0,37,42,19,34,133
INS,3148,31480000,0,24,8,13,39,0,96
INS,3149,31490000,20,0,0,15,0,0,64
INS,3150,31500000,0,33,0,0,0,0,79
INS,3151,31510000,317,0,0,20,5,54,203
INS,3152,31520000,585,0,15,29,0,0,197
INS,3153,31530000,851,28,0,0,0,0,208
INS,3154,31540000,1053,16,10,19,6,0,194
INS,3155,31550000,1243,16,0,0,0,0,110
INS,3156,31560000,1365,19,44,5,0,6,51
INS,3157,31570000,1407,30,4,7,0,1,78
INS,3158,31580000,1453,66,0,0,0,0,165
INS,3159,31590000,1346,194,14,52,7,3,23
INS,3160,31600000,1246,306,19,15,5,0,15
INS,3161,31610000,1041,440,15,19,21,22,255
INS,3162,31620000,841,471,0,13,3,0,42
INS,3163,31630000,581,594,0,5,1,25,193
INS,3164,31640000,308,618,34,32,5,0,1
INS,3165,31650000,0,629,0,7,24,0,193
INS,3166,31660000,30,634,261,2,4,23,248
INS,3167,31670000,0,610,526,297,39,32,47
INS,3168,31680000,0,531,759,658,108,0,104
INS,3169,31690000,21,450,988,855,428,33,72
INS,3170,31700000,0,333,1089,1094,624,3,201
INS,3171,31710000,15,168,1168,1158,811,10,149
INS,3172,31720000,40,64,1143,1265,903,0,251
INS,3173,31730000,21,0,1048,1257,1021,137,81
INS,3174,31740000,0,0,892,1143,964,403,16
INS,3175,31750000,56,8,707,972,839,620,89
INS,3176,31760000,3,28,443,753,705,774,122
INS,3177,31770000,17,8,166,426,488,810,116
INS,3178,31780000,0,0,32,98,198,768,82
INS,3179,31790000,8,0,6,31,0,488,48
INS,3180,31800000,47,0,22,0,18,287,162
INS,3181,31810000,0,0,0,59,0,0,120
INS,3182,31820000,12,4,1,27,23,0,145
INS,3183,31830000,0,74,53,0,0,0,222
INS,3184,31840000,25,0,0,0,3,28,168
INS,3185,31850000,23,0,25,2,0,0,179
INS,3186,31860000,5,0,16,17,25,12,221
INS,3187,31870000,0,37,0,0,0,4,204
INS,3188,31880000,0,0,17,0,0,17,214
INS,3189,31890000,0,8,9,14,0,6,234
INS,3190,31900000,0,0,8,0,0,0,222
INS,3191,31910000,31,19,0,0,7,1,33
INS,3192,31920000,0,2,15,15,0,0,24
INS,3193,31930000,0,27,17,0,0,0,53
INS,3194,31940000,0,8,0,9,9,27,79
INS,3195,31950000,0,10,25,0,34,8,120
INS,3196,31960000,27,31,0,0,0,28,146
INS,3197,31970000,2,0,0,34,5,6,124
INS,3198,31980000,18,14,0,0,10,26,162
INS,3199,31990000,0,12,3,3,5,0,134
INS,3200,32000000,0,0,19,8,0,12,167
INS,3201,32010000,274,0,23,7,0,65,2
INS,3202,32020000,567,8,14,0,20,23,26
INS,3203,32030000,897,1,41,0,0,0,94
INS,3204,32040000,1056,23,0,0,0,15,10
INS,3205,32050000,1234,0,0,4,0,12,183
INS,3206,32060000,1404,0,0,17,21,0,136
INS,3207,32070000,1463,22,0,0,33,0,229
INS,3208,32080000,1422,63,59,0,22,0,38
INS,3209,32090000,1358,194,0,0,29,7,77
INS,3210,32100000,1239,307,45,17,24,19,157
INS,3211,32110000,1030,410,35,71,20,0,89
INS,3212,32120000,840,483,0,6,16,0,141
INS,3213,32130000,633,625,27,6,34,0,138
INS,3214,32140000,325,615,0,0,16,4,46
INS,3215,32150000,21,629,0,18,54,0,81
INS,3216,32160000,0,589,271,4,38,16,38
INS,3217,32170000,11,530,549,348,0,0,63
INS,3218,32180000,24,483,791,597,124,4,153
INS,3219,32190000,0,429,1023,884,394,0,109
INS,3220,32200000,36,306,1121,1065,644,0,56
INS,3221,32210000,0,203,1214,1207,818,0,87
INS,3222,32220000,0,75,1173,1273,969,12,164
INS,3223,32230000,59,15,1105,1261,991,137,247
INS,3224,32240000,28,0,921,1117,1000,444,206
INS,3225,32250000,1,0,633,1002,830,617,52
INS,3226,32260000,6,45,466,758,705,768,246
INS,3227,32270000,9,0,131,483,561,834,45
INS,3228,32280000,0,22,0,189,282,729,34
INS,3229,32290000,42,0,8,0,12,517,176
INS,3230,32300000,18,2,0,0,0,288,178
INS,3231,32310000,0,0,34,1,19,0,197
INS,3232,32320000,0,0,0,0,17,0,177
INS,3233,32330000,0,26,31,61,0,0,39
INS,3234,32340000,17,6,2,0,46,14,23
INS,3235,32350000,4,0,0,0,0,27,242
INS,3236,32360000,0,12,0,42,0,57,83
INS,3237,32370000,14,0,0,23,11,0,37
INS,3238,32380000,24,0,0,12,0,49,91
INS,3239,32390000,33,0,0,0,1,0,57
INS,3240,32400000,6,8,37,0,9,0,100
INS,3241,32410000,0,31,0,13,0,0,101
INS,3242,32420000,0,15,1,0,0,28,118
INS,3243,32430000,0,0,17,0,17,0,125
INS,3244,32440000,18,25,0,5,0,15,171
INS,3245,32450000,0,0,8,0,35,21,189
INS,3246,32460000,0,0,0,15,0,17,174
INS,3247,32470000,0,0,16,7,0,0,182
INS,3248,32480000,48,0,11,0,10,0,245
INS,3249,32490000,0,26,55,39,0,23,80
INS,3250,32500000,6,4,0,25,0,0,245
INS,3251,32510000,360,0,0,7,32,11,125
INS,3252,32520000,603,13,0,0,0,0,92
INS,3253,32530000,827,0,0,6,10,0,80
INS,3254,32540000,1097,0,24,0,26,0,145
INS,3255,32550000,1206,0,0,15,0,0,236
INS,3256,32560000,1393,8,0,0,31,0,208
INS,3257,32570000,1413,0,0,0,0,35,241
INS,3258,32580000,1422,67,0,0,31,6,80
INS,3259,32590000,1373,216,17,9,23,43,252
INS,3260,32600000,1281,258,0,3,16,2,148
INS,3261,32610000,1039,399,13,5,0,0,61
INS,3262,32620000,873,484,34,1,15,49,78
INS,3263,32630000,683,581,18,3,0,0,180
INS,3264,32640000,227,583,4,8,0,6,252
INS,3265,32650000,0,602,0,14,17,3,77
INS,3266,32660000,37,602,323,40,0,40,244
INS,3267,32670000,19,589,538,297,0,11,161
INS,3268,32680000,48,472,844,608,137,0,65
INS,3269,32690000,0,437,1019,888,404,0,209
INS,3270,32700000,0,285,1074,1083,666,26,100
INS,3271,32710000,34,226,1183,1200,834,0,204
INS,3272,32720000,0,51,1151,1292,928,3,169
INS,3273,32730000,10,2,1067,1263,1002,146,251
INS,3274,32740000,0,0,967,1138,986,377,246
INS,3275,32750000,13,0,699,967,886,669,29
INS,3276,32760000,8,0,442,766,721,792,53
INS,3277,32770000,14,12,132,416,482,781,202
INS,3278,32780000,0,13,0,167,243,714,31
INS,3279,32790000,0,0,5,0,29,550,7
INS,3280,32800000,0,14,0,37,0,300,47
INS,3281,32810000,0,0,0,0,5,0,230
INS,3282,32820000,5,50,10,7,20,31,109
INS,3283,32830000,0,38,0,14,0,0,55
INS,3284,32840000,0,9,5,0,18,0,52
INS,3285,32850000,0,6,17,5,29,4,98
INS,3286,32860000,3,2,25,0,0,42,126
INS,3287,32870000,0,19,24,38,0,44,196
INS,3288,32880000,0,0,0,0,0,0,88
INS,3289,32890000,0,0,0,17,0,20,142
INS,3290,32900000,0,0,4,0,3,7,136
INS,3291,32910000,7,12,0,21,0,0,179
INS,3292,32920000,4,0,0,62,0,5,227
INS,3293,32930000,11,44,4,12,3,42,33
INS,3294,32940000,0,0,0,10,0,0,200
INS,3295,32950000,0,0,0,0,32,0,239
INS,3296,32960000,0,0,0,10,10,27,15
INS,3297,32970000,0,8,13,42,15,0,63
INS,3298,32980000,0,0,0,12,0,25,39
INS,3299,32990000,30,0,0,23,0,25,97
INS,3300,33000000,17,0,0,0,0,0,53
INS,3301,33010000,318,13,14,0,0,4,146
INS,3302,33020000,575,17,0,8,14,31,203
INS,3303,33030000,834,0,7,0,0,0,160
INS,3304,33040000,1066,0,5,10,0,0,161
INS,3305,33050000,1256,0,14,4,0,3,118
INS,3306,33060000,1338,37,0,23,0,28,28
INS,3307,33070000,1445,0,12,0,0,0,76
INS,3308,33080000,1450,88,0,0,14,0,188
INS,3309,33090000,1368,195,0,14,23,0,253
INS,3310,33100000,1207,300,30,0,0,0,207
INS,3311,33110000,1055,386,0,58,11,0,197
INS,3312,33120000,816,516,10,32,0,0,78
INS,3313,33130000,578,588,2,0,8,3,156
INS,3314,33140000,286,610,18,0,14,11,189
INS,3315,33150000,3,644,0,8,0,0,178
INS,3316,33160000,15,623,345,45,28,16,100
INS,3317,33170000,0,549,563,366,21,0,32
INS,3318,33180000,0,502,792,581,108,0,21
INS,3319,33190000,2,440,994,849,342,0,170
INS,3320,33200000,0,312,1084,1053,599,0,96
INS,3321,33210000,39,220,1152,1186,850,0,0
INS,3322,33220000,0,30,1147,1278,936,0,217
INS,3323,33230000,0,21,1069,1238,1027,157,99
INS,3324,33240000,6,23,901,1146,951,450,81
INS,3325,33250000,24,15,683,972,883,621,75
INS,3326,33260000,18,15,422,745,747,769,122
INS,3327,33270000,10,9,167,444,472,762,55
INS,3328,33280000,7,14,27,149,236,735,144
INS,3329,33290000,22,0,0,0,2,530,59
INS,3330,33300000,15,0,27,2,0,300,122
INS,3331,33310000,0,2,43,2,0,0,98
INS,3332,33320000,0,0,0,42,0,0,110
INS,3333,33330000,0,20,22,0,38,0,165
INS,3334,33340000,28,2,0,0,0,2,134
INS,3335,33350000,0,9,23,0,25,0,176
INS,3336,33360000,3,0,24,0,8,0,171
INS,3337,33370000,0,0,0,44,0,14,211
INS,3338,33380000,6,32,0,0,0,22,230
INS,3339,33390000,15,9,0,0,0,12,223
INS,3340,33400000,19,26,12,5,0,0,10
INS,3341,33410000,0,30,0,0,34,0,29
INS,3342,33420000,0,38,22,2,14,10,68
INS,3343,33430000,0,6,11,34,11,0,61
INS,3344,33440000,21,21,0,0,13,20,91
INS,3345,33450000,0,26,28,10,5,0,102
INS,3346,33460000,0,30,2,0,0,45,127
INS,3347,33470000,57,29,41,0,26,0,220
INS,3348,33480000,40,39,31,13,0,10,217
INS,3349,33490000,0,0,0,1,25,11,138
INS,3350,33500000,0,4,0,6,0,6,134
INS,3351,33510000,305,23,14,0,0,3,224
INS,3352,33520000,587,0,17,43,0,0,31
INS,3353,33530000,835,2,0,0,17,0,255
INS,3354,33540000,1093,22,21,0,21,0,63
INS,3355,33550000,1236,0,0,0,0,1,160
INS,3356,33560000,1369,19,0,0,36,8,116
INS,3357,33570000,1406,0,0,23,0,1,131
INS,3358,33580000,1415,90,0,0,18,13,254
INS,3359,33590000,1357,226,0,0,19,0,81
INS,3360,33600000,1293,346,0,29,15,0,179
INS,3361,33610000,1066,450,36,7,0,0,72
INS,3362,33620000,863,479,0,0,0,51,179
INS,3363,33630000,527,569,0,0,14,0,169
INS,3364,33640000,285,656,0,0,48,13,78
INS,3365,33650000,31,652,0,0,0,0,32
INS,3366,33660000,0,607,263,2,13,0,251
INS,3367,33670000,0,600,553,316,34,18,136
INS,3368,33680000,0,562,840,615,123,20,24
INS,3369,33690000,0,451,979,864,363,0,26
INS,3370,33700000,50,311,1146,1060,599,15,55
INS,3371,33710000,0,232,1161,1195,848,0,71
INS,3372,33720000,11,94,1179,1224,948,28,136
INS,3373,33730000,8,28,1058,1263,996,148,170
INS,3374,33740000,23,0,904,1167,1006,431,217
INS,3375,33750000,7,0,725,995,861,683,230
INS,3376,33760000,0,20,428,737,716,821,210
INS,3377,33770000,0,0,126,506,491,796,192
INS,3378,33780000,18,31,27,97,315,698,244
INS,3379,33790000,38,0,0,8,0,515,148
INS,3380,33800000,0,0,0,0,30,287,177
INS,3381,33810000,3,11,32,49,0,9,237
INS,3382,33820000,8,6,0,13,43,12,232
INS,3383,33830000,15,0,26,11,0,33,252
INS,3384,33840000,0,0,9,2,0,4,199
INS,3385,33850000,56,53,32,24,0,0,110
INS,3386,33860000,16,0,13,0,0,0,247
INS,3387,33870000,0,0,0,0,0,0,235
INS,3388,33880000,15,0,51,27,7,25,121
INS,3389,33890000,0,0,0,16,7,0,36
INS,3390,33900000,0,46,16,0,0,34,126
INS,3391,33910000,41,0,0,31,48,13,180
INS,3392,33920000,21,0,5,0,3,0,93
INS,3393,33930000,0,26,25,18,0,0,150
INS,3394,33940000,0,2,41,16,4,0,161
INS,3395,33950000,4,0,0,26,5,23,173
INS,3396,33960000,9,0,2,0,19,0,162
INS,3397,33970000,15,56,0,25,0,0,245
INS,3398,33980000,0,0,29,0,0,17,212
INS,3399,33990000,21,0,7,0,13,33,1
INS,3400,34000000,8,0,22,0,0,0,230
INS,3401,34010000,268,0,0,0,0,23,252
INS,3402,34020000,583,0,0,0,31,4,84
INS,3403,34030000,860,0,0,0,0,0,87
INS,3404,34040000,1101,18,24,1,17,20,169
INS,3405,34050000,1238,0,7,1,0,7,2
INS,3406,34060000,1355,39,0,0,18,0,178
INS,3407,34070000,1469,0,30,22,30,0,78
INS,3408,34080000,1455,56,0,12,4,39,110
INS,3409,34090000,1358,183,38,0,0,0,140
INS,3410,34100000,1275,322,30,0,0,0,205
INS,3411,34110000,1043,436,36,3,0,1,114
INS,3412,34120000,817,536,0,3,15,38,21
INS,3413,34130000,596,581,0,24,2,43,131
INS,3414,34140000,317,607,37,22,13,1,155
INS,3415,34150000,0,639,0,40,0,13,123
INS,3416,34160000,0,611,325,0,0,14,142
INS,3417,34170000,1,573,592,327,0,0,190
INS,3418,34180000,0,537,796,634,158,0,71
INS,3419,34190000,27,420,988,827,401,2,116
INS,3420,34200000,0,288,1119,1110,607,5,85
INS,3421,34210000,38,206,1168,1168,823,42,162
INS,3422,34220000,0,74,1176,1274,905,8,171
INS,3423,34230000,0,0,1043,1255,984,182,215
INS,3424,34240000,0,10,908,1126,998,424,234
INS,3425,34250000,0,0,702,982,860,634,219
INS,3426,34260000,16,60,447,752,735,792,116
INS,3427,34270000,3,25,143,487,499,776,32
INS,3428,34280000,15,9,6,174,278,735,101
INS,3429,34290000,3,0,14,6,3,526,221
INS,3430,34300000,0,0,0,16,0,291,249
INS,3431,34310000,0,0,0,14,0,10,239
INS,3432,34320000,0,4,3,0,22,0,5
INS,3433,34330000,14,0,0,14,26,0,47
INS,3434,34340000,0,0,0,0,11,0,21
INS,3435,34350000,4,0,7,8,15,0,61
INS,3436,34360000,0,0,0,0,0,34,78
INS,3437,34370000,0,5,0,0,32,0,98
INS,3438,34380000,0,19,0,0,4,10,111
INS,3439,34390000,5,1,0,0,6,0,107
INS,3440,34400000,0,0,0,0,9,31,152
INS,3441,34410000,44,9,0,0,0,0,182
INS,3442,34420000,0,8,25,54,23,51,51
INS,3443,34430000,0,0,29,0,0,28,220
INS,3444,34440000,0,0,0,0,0,0,180
INS,3445,34450000,0,0,0,0,10,0,207
INS,3446,34460000,0,0,0,0,0,6,220
INS,3447,34470000,21,36,11,0,0,30,73
INS,3448,34480000,0,0,8,12,29,61,102
INS,3449,34490000,0,0,7,22,0,0,38
INS,3450,34500000,0,13,20,17,29,21,126
INS,3451,34510000,272,0,10,7,31,0,107
INS,3452,34520000,582,33,21,0,53,14,251
INS,3453,34530000,807,0,6,3,1,0,126
INS,3454,34540000,1095,0,0,67,56,4,36
INS,3455,34550000,1241,24,23,0,0,0,119
INS,3456,34560000,1357,8,24,0,21,19,21
INS,3457,34570000,1383,0,5,0,0,13,10
INS,3458,34580000,1472,80,1,18,0,6,203
INS,3459,34590000,1379,210,28,0,47,9,60
INS,3460,34600000,1220,312,47,0,0,0,239
INS,3461,34610000,1083,438,0,33,0,0,231
INS,3462,34620000,837,470,0,0,0,1,2
INS,3463,34630000,585,572,12,0,11,0,147
INS,3464,34640000,318,622,18,29,0,0,227
INS,3465,34650000,33,630,2,0,16,8,202
INS,3466,34660000,0,577,278,0,39,15,183
INS,3467,34670000,0,563,584,273,2,0,201
INS,3468,34680000,0,509,806,592,135,0,70
INS,3469,34690000,0,371,984,827,401,0,116
INS,3470,34700000,9,374,1069,1093,599,3,185
INS,3471,34710000,0,244,1144,1185,763,31,166
INS,3472,34720000,0,78,1131,1236,978,0,239
INS,3473,34730000,0,10,1057,1234,997,158,33
INS,3474,34740000,16,54,906,1156,981,451,158
INS,3475,34750000,0,2,731,947,870,652,69
INS,3476,34760000,15,0,407,745,683,729,231
INS,3477,34770000,0,31,143,469,541,794,159
INS,3478,34780000,41,0,43,164,263,701,178
INS,3479,34790000,0,9,27,0,31,535,97
INS,3480,34800000,0,0,0,20,8,304,100
INS,3481,34810000,0,25,0,3,0,17,86
INS,3482,34820000,7,0,0,45,0,0,110
INS,3483,34830000,17,0,0,0,32,9,133
INS,3484,34840000,4,24,3,0,6,9,138
INS,3485,34850000,0,5,38,9,0,0,161
INS,3486,34860000,39,0,0,0,0,0,165
INS,3487,34870000,0,0,0,0,24,50,217
INS,3488,34880000,52,0,0,0,0,0,212
INS,3489,34890000,11,0,30,0,0,0,218
INS,3490,34900000,36,35,16,0,9,0,34
INS,3491,34910000,1,0,0,0,4,0,216
INS,3492,34920000,0,56,0,24,3,48,103
INS,3493,34930000,6,0,0,0,0,17,12
INS,3494,34940000,0,0,0,9,17,0,32
INS,3495,34950000,0,3,15,0,12,14,67
INS,3496,34960000,5,0,31,0,0,0,76
INS,3497,34970000,5,0,0,0,0,0,62
INS,3498,34980000,0,14,17,0,5,0,110
INS,3499,34990000,43,9,11,0,0,0,154
INS,3500,35000000,17,4,2,0,4,22,157
INS,3501,35010000,275,34,0,0,1,59,238
INS,3502,35020000,587,0,0,0,20,0,237
INS,3503,35030000,834,0,0,0,0,0,225
INS,3504,35040000,1075,0,0,0,0,31,2
INS,3505,35050000,1243,36,28,6,20,17,7
INS,3506,35060000,1400,0,0,37,0,0,111
INS,3507,35070000,1472,0,0,32,0,0,195
INS,3508,35080000,1412,67,0,19,0,0,206
INS,3509,35090000,1369,173,16,0,0,0,27
INS,3510,35100000,1238,290,18,30,0,0,62
INS,3511,35110000,1020,407,11,0,19,0,216
INS,3512,35120000,847,510,4,0,0,0,137
INS,3513,35130000,600,567,11,31,0,2,4
INS,3514,35140000,343,626,0,0,0,0,35
INS,3515,35150000,15,592,17,29,0,0,248
INS,3516,35160000,0,610,353,34,29,0,126
INS,3517,35170000,0,602,609,290,0,28,134
INS,3518,35180000,38,509,754,587,152,15,165
INS,3519,35190000,2,393,986,871,409,3,23
INS,3520,35200000,0,311,1073,1068,634,0,206
INS,3521,35210000,21,195,1161,1212,790,0,4
INS,3522,35220000,26,4,1138,1246,955,11,22
INS,3523,35230000,8,2,1073,1216,1039,174,171
INS,3524,35240000,0,1,879,1089,972,417,34
INS,3525,35250000,0,8,634,990,911,652,144
INS,3526,35260000,2,0,410,746,710,759,105
INS,3527,35270000,46,0,131,510,503,828,25
INS,3528,35280000,0,36,57,128,279,702,250
INS,3529,35290000,21,0,0,0,0,548,146
INS,3530,35300000,50,0,1,36,2,250,189
INS,3531,35310000,0,0,0,22,0,0,145
INS,3532,35320000,0,0,0,20,9,0,169
INS,3533,35330000,0,0,0,0,0,20,177
INS,3534,35340000,0,18,25,36,0,0,253
INS,3535,35350000,0,83,8,0,12,0,38
INS,3536,35360000,0,28,10,25,0,26,41
INS,3537,35370000,0,19,14,9,0,24,35
INS,3538,35380000,9,62,0,37,26,35,155
INS,3539,35390000,0,67,0,8,19,0,97
INS,3540,35400000,12,51,0,4,12,0,99
INS,3541,35410000,49,0,9,6,8,0,109
INS,3542,35420000,24,0,8,0,2,34,122
INS,3543,35430000,24,0,0,0,0,0,95
INS,3544,35440000,6,0,0,17,0,14,125
INS,3545,35450000,0,0,17,7,3,29,161
INS,3546,35460000,15,16,32,0,18,0,203
INS,3547,35470000,13,0,0,0,6,14,172
INS,3548,35480000,20,0,0,11,0,0,187
INS,3549,35490000,5,9,41,3,63,5,43
INS,3550,35500000,0,2,0,0,0,0,192
INS,3551,35510000,301,0,0,0,40,0,36
INS,3552,35520000,546,0,13,11,28,34,88
INS,3553,35530000,863,33,0,0,7,17,137
INS,3554,35540000,1062,0,0,0,0,0,40
INS,3555,35550000,1224,0,0,10,15,53,41
INS,3556,35560000,1355,0,0,4,0,0,115
INS,3557,35570000,1442,15,29,0,6,2,11
INS,3558,35580000,1459,69,0,53,0,0,115
INS,3559,35590000,1420,204,0,2,0,0,177
INS,3560,35600000,1279,335,33,16,33,22,30
INS,3561,35610000,1067,404,0,12,0,0,68
INS,3562,35620000,834,518,6,0,0,10,226
INS,3563,35630000,564,633,28,27,36,17,180
INS,3564,35640000,224,663,0,0,0,0,35
INS,3565,35650000,13,670,17,32,8,0,161
INS,3566,35660000,0,600,322,0,0,18,122
INS,3567,35670000,12,591,580,335,9,0,214
INS,3568,35680000,30,489,816,597,142,0,10
INS,3569,35690000,0,421,963,856,377,11,69
INS,3570,35700000,0,330,1079,1052,645,0,52
INS,3571,35710000,0,193,1200,1207,769,0,76
INS,3572,35720000,47,64,1125,1234,919,12,125
INS,3573,35730000,11,8,1051,1237,1003,187,238
INS,3574,35740000,0,20,876,1097,941,440,132
INS,3575,35750000,0,15,691,947,904,611,199
INS,3576,35760000,23,41,423,773,722,713,255
INS,3577,35770000,0,0,153,475,498,807,22
INS,3578,35780000,20,0,0,174,247,704,19
INS,3579,35790000,10,0,0,0,3,533,205
INS,3580,35800000,0,0,31,8,0,289,4
INS,3581,35810000,38,0,0,18,24,39,68
INS,3582,35820000,0,30,0,0,8,23,27
INS,3583,35830000,0,0,0,6,20,0,9
INS,3584,35840000,0,0,12,13,19,0,44
INS,3585,35850000,40,6,0,0,52,0,115
INS,3586,35860000,0,0,30,0,4,0,68
INS,3587,35870000,53,0,0,12,0,0,116
INS,3588,35880000,60,0,0,0,0,0,128
INS,3589,35890000,2,18,23,11,19,14,172
INS,3590,35900000,0,0,28,0,0,12,142
INS,3591,35910000,0,0,29,29,0,0,177
INS,3592,35920000,22,0,7,7,16,15,203
INS,3593,35930000,0,24,0,18,0,0,195
INS,3594,35940000,0,0,0,0,24,0,194
INS,3595,35950000,20,30,0,0,22,0,3
INS,3596,35960000,6,20,49,5,0,0,28
INS,3597,35970000,32,2,0,0,0,0,255
INS,3598,35980000,0,0,4,8,31,0,25
INS,3599,35990000,13,0,0,0,12,8,32
INS,3600,36000000,0,0,0,22,0,22,60
INS,3601,36010000,251,0,15,0,25,34,102
INS,3602,36020000,592,33,6,31,28,23,251
INS,3603,36030000,824,0,0,21,0,17,161
INS,3604,36040000,1084,0,0,0,5,9,158
INS,3605,36050000,1277,0,15,0,1,0,114
INS,3606,36060000,1363,4,0,19,0,19,243
INS,3607,36070000,1378,41,38,0,15,0,71
INS,3608,36080000,1435,49,12,0,0,16,128
INS,3609,36090000,1389,203,12,0,0,0,237
INS,3610,36100000,1264,325,16,46,0,37,82
INS,3611,36110000,1072,427,22,39,0,0,227
INS,3612,36120000,812,554,0,25,2,0,77
INS,3613,36130000,601,606,61,0,5,38,12
INS,3614,36140000,319,627,0,52,6,10,244
INS,3615,36150000,0,665,2,12,9,0,191
INS,3616,36160000,0,574,292,2,5,0,137
INS,3617,36170000,34,566,567,348,29,32,89
INS,3618,36180000,5,529,819,608,117,16,112
INS,3619,36190000,0,461,999,853,365,8,209
INS,3620,36200000,0,337,1080,1089,546,15,95
INS,3621,36210000,0,211,1164,1173,819,0,156
INS,3622,36220000,0,69,1123,1282,924,23,227
INS,3623,36230000,26,0,1065,1218,1011,171,58
INS,3624,36240000,65,0,900,1120,979,449,97
INS,3625,36250000,14,0,687,998,891,621,68
INS,3626,36260000,0,0,422,725,756,751,40
INS,3627,36270000,29,13,160,456,518,765,112
INS,3628,36280000,9,0,0,200,262,723,150
INS,3629,36290000,54,0,3,3,35,566,146
INS,3630,36300000,17,31,0,52,17,308,183
INS,3631,36310000,8,47,43,0,0,0,129
INS,3632,36320000,5,37,0,0,27,2,119
INS,3633,36330000,0,0,0,0,0,15,80
INS,3634,36340000,0,0,12,9,0,4,107
INS,3635,36350000,51,23,22,0,10,0,205
INS,3636,36360000,0,7,18,4,12,0,157
INS,3637,36370000,0,0,2,0,0,5,140
INS,3638,36380000,9,16,0,0,0,0,175
INS,3639,36390000,0,17,0,2,0,0,186
INS,3640,36400000,5,16,9,29,20,0,7
INS,3641,36410000,0,0,0,0,16,0,217
INS,3642,36420000,0,0,0,7,0,0,225
INS,3643,36430000,9,5,0,0,0,0,249
INS,3644,36440000,0,0,0,0,22,26,44
INS,3645,36450000,51,0,1,2,56,0,123
INS,3646,36460000,59,0,55,0,15,0,159
INS,3647,36470000,0,0,24,0,77,2,150
INS,3648,36480000,35,8,0,28,4,0,139
INS,3649,36490000,0,41,48,0,11,30,211
INS,3650,36500000,0,33,0,12,0,8,151
INS,3651,36510000,313,0,32,27,32,0,7
INS,3652,36520000,547,75,8,0,0,0,250
INS,3653,36530000,834,0,8,0,15,4,242
INS,3654,36540000,1088,0,5,27,0,0,6
INS,3655,36550000,1217,0,0,2,26,0,148
INS,3656,36560000,1434,19,11,0,4,0,132
INS,3657,36570000,1447,38,0,20,0,0,186
INS,3658,36580000,1375,0,0,14,0,47,134
INS,3659,36590000,1341,227,0,0,0,4,31
INS,3660,36600000,1250,313,0,44,16,38,137
INS,3661,36610000,1041,422,24,37,14,31,62
INS,3662,36620000,843,467,6,0,28,0,110
INS,3663,36630000,578,568,0,3,0,20,208
INS,3664,36640000,313,593,0,0,0,0,218
INS,3665,36650000,0,653,0,30,0,0,12
INS,3666,36660000,0,630,297,29,7,0,53
INS,3667,36670000,0,592,561,293,0,26,67
INS,3668,36680000,0,473,791,593,108,0,65
INS,3669,36690000,0,458,969,860,418,0,54
INS,3670,36700000,0,347,1085,1095,624,58,63
INS,3671,36710000,13,193,1166,1178,737,10,168
INS,3672,36720000,0,118,1160,1253,885,12,60
INS,3673,36730000,15,11,1050,1247,969,178,119
INS,3674,36740000,40,17,896,1102,987,434,142
INS,3675,36750000,0,25,725,978,870,644,181
INS,3676,36760000,0,0,433,751,696,754,102
INS,3677,36770000,31,0,170,478,480,823,235
INS,3678,36780000,4,0,0,150,230,699,121
INS,3679,36790000,0,0,0,0,0,510,77
INS,3680,36800000,0,0,14,22,0,282,158
INS,3681,36810000,1,0,0,26,0,17,157
INS,3682,36820000,22,0,23,5,54,0,234
INS,3683,36830000,2,15,15,0,22,1,202
INS,3684,36840000,0,32,0,0,0,0,196
INS,3685,36850000,44,3,15,31,27,18,63
INS,3686,36860000,0,8,10,0,17,12,245
INS,3687,36870000,0,0,9,10,0,7,241
INS,3688,36880000,0,45,26,0,38,0,85
INS,3689,36890000,0,38,57,6,28,0,122
INS,3690,36900000,0,55,0,0,14,41,120
INS,3691,36910000,0,0,0,0,16,30,73
INS,3692,36920000,0,25,28,0,0,19,116
INS,3693,36930000,0,63,16,10,0,0,150
INS,3694,36940000,13,0,20,0,29,0,140
INS,3695,36950000,0,17,42,14,0,16,184
INS,3696,36960000,31,1,27,0,0,0,171
INS,3697,36970000,23,50,0,0,0,0,202
INS,3698,36980000,44,0,0,0,0,52,242
INS,3699,36990000,0,10,0,0,0,16,189
INS,3700,37000000,33,14,6,0,8,32,17
INS,3701,37010000,299,26,0,27,0,9,46
INS,3702,37020000,569,59,0,0,0,0,74
INS,3703,37030000,812,0,51,10,28,0,108
INS,3704,37040000,1022,0,12,0,10,0,12
INS,3705,37050000,1237,0,39,19,35,0,59
INS,3706,37060000,1363,0,5,25,0,51,190
INS,3707,37070000,1411,13,24,0,3,0,214
INS,3708,37080000,1382,60,0,32,0,0,254
INS,3709,37090000,1352,243,33,58,10,0,237
INS,3710,37100000,1224,312,10,0,41,0,145
INS,3711,37110000,1043,439,12,0,0,17,86
INS,3712,37120000,830,507,0,36,39,0,4
INS,3713,37130000,556,605,0,19,0,0,45
INS,3714,37140000,281,591,0,36,11,0,57
INS,3715,37150000,0,664,0,5,0,16,96
INS,3716,37160000,26,617,295,7,0,0,117
INS,3717,37170000,0,588,565,348,0,22,200
INS,3718,37180000,0,569,754,618,172,0,39
INS,3719,37190000,22,451,979,878,387,0,148
INS,3720,37200000,38,292,1082,1057,617,32,54
INS,3721,37210000,52,209,1148,1243,779,4,132
INS,3722,37220000,0,60,1152,1272,891,42,131
INS,3723,37230000,21,0,1084,1231,1055,154,20
INS,3724,37240000,0,46,889,1120,934,438,175
INS,3725,37250000,35,17,686,941,883,599,182
INS,3726,37260000,36,0,402,768,717,810,27
INS,3727,37270000,0,48,182,416,520,792,37
INS,3728,37280000,0,0,14,165,248,723,14
INS,3729,37290000,0,0,0,15,0,519,183
INS,3730,37300000,0,26,30,3,8,286,19
INS,3731,37310000,0,0,17,2,0,0,214
INS,3732,37320000,9,0,19,27,0,0,11
INS,3733,37330000,0,2,0,18,27,8,28
INS,3734,37340000,22,8,73,0,10,0,103
INS,3735,37350000,0,0,0,0,33,18,58
INS,3736,37360000,0,9,34,8,6,28,109
INS,3737,37370000,36,26,0,0,16,0,119
INS,3738,37380000,38,19,0,0,0,11,126
INS,3739,37390000,0,0,0,0,6,26,107
INS,3740,37400000,7,2,30,43,0,25,199
INS,3741,37410000,0,46,0,0,0,0,155
INS,3742,37420000,19,0,19,0,11,64,239
INS,3743,37430000,0,20,0,9,0,0,172
INS,3744,37440000,0,16,0,30,39,0,245
INS,3745,37450000,0,0,0,32,18,0,227
INS,3746,37460000,30,40,17,36,41,37,139
INS,3747,37470000,62,7,31,37,0,0,92
INS,3748,37480000,9,6,8,27,0,30,52
INS,3749,37490000,0,13,12,34,13,0,61
INS,3750,37500000,18,0,0,0,24,0,48
INS,3751,37510000,314,0,0,18,0,70,169
INS,3752,37520000,601,10,8,29,9,0,185
INS,3753,37530000,862,0,0,0,0,17,168
INS,3754,37540000,1098,44,0,0,2,19,213
INS,3755,37550000,1232,0,0,31,32,68,174
INS,3756,37560000,1363,42,18,0,0,0,251
INS,3757,37570000,1433,12,0,0,29,9,72
INS,3758,37580000,1443,70,0,0,32,0,151
INS,3759,37590000,1371,146,0,0,27,18,185
INS,3760,37600000,1220,274,20,31,0,0,185
INS,3761,37610000,1075,434,6,0,0,0,172
INS,3762,37620000,837,501,0,0,0,29,41
INS,3763,37630000,637,584,0,33,0,0,201
INS,3764,37640000,275,669,24,0,0,7,195
INS,3765,37650000,0,584,39,0,0,10,126
INS,3766,37660000,11,672,269,0,0,47,253
INS,3767,37670000,0,561,607,341,0,0,12
INS,3768,37680000,0,491,844,586,164,17,110
INS,3769,37690000,0,414,996,792,368,0,83
INS,3770,37700000,0,343,1074,1112,635,28,210
INS,3771,37710000,0,145,1193,1211,799,0,127
INS,3772,37720000,37,52,1181,1293,927,31,61
INS,3773,37730000,0,21,1098,1204,1001,110,247
INS,3774,37740000,38,0,902,1158,976,443,91
INS,3775,37750000,0,0,761,967,876,616,67
INS,3776,37760000,3,0,461,746,671,843,100
INS,3777,37770000,0,0,151,427,527,822,88
INS,3778,37780000,0,9,0,187,237,732,111
INS,3779,37790000,10,32,2,35,0,504,58
INS,3780,37800000,0,35,0,16,0,308,107
INS,3781,37810000,0,0,37,0,50,30,138
INS,3782,37820000,0,7,6,0,12,27,90
INS,3783,37830000,27,0,0,0,20,14,116
INS,3784,37840000,32,19,36,0,15,0,174
INS,3785,37850000,27,0,0,25,0,23,164
INS,3786,37860000,21,13,19,0,0,30,189
INS,3787,37870000,36,0,40,0,22,61,26
INS,3788,37880000,33,30,0,17,0,18,238
INS,3789,37890000,23,0,4,8,35,30,1
INS,3790,37900000,0,0,0,6,0,0,180
INS,3791,37910000,13,0,15,16,0,11,246
INS,3792,37920000,6,0,0,29,16,0,3
INS,3793,37930000,0,0,40,15,0,8,32
INS,3794,37940000,0,0,0,42,0,5,33
INS,3795,37950000,0,23,0,11,48,0,85
INS,3796,37960000,47,0,14,7,0,4,92
INS,3797,37970000,0,0,0,0,19,0,56
INS,3798,37980000,26,38,17,0,20,0,155
INS,3799,37990000,0,0,18,0,30,0,119
INS,3800,38000000,0,1,13,0,36,1,139
INS,3801,38010000,306,6,0,0,0,0,161
INS,3802,38020000,568,0,16,0,0,2,196
INS,3803,38030000,855,0,10,0,4,0,240
INS,3804,38040000,1076,4,0,0,0,0,212
INS,3805,38050000,1232,0,0,19,10,0,154
INS,3806,38060000,1366,0,0,0,39,0,59
INS,3807,38070000,1434,42,17,33,0,12,209
INS,3808,38080000,1437,99,28,0,0,52,48
INS,3809,38090000,1383,186,0,0,0,9,27
INS,3810,38100000,1278,306,45,0,0,0,95
INS,3811,38110000,1092,472,0,45,0,42,134
INS,3812,38120000,800,519,1,0,23,0,99
INS,3813,38130000,549,577,33,16,0,18,222
INS,3814,38140000,295,596,33,3,0,12,241
INS,3815,38150000,5,658,28,0,36,56,102
INS,3816,38160000,10,614,261,0,0,23,244
INS,3817,38170000,0,550,611,327,3,0,76
INS,3818,38180000,0,491,796,606,153,7,143
INS,3819,38190000,0,461,960,898,389,0,47
INS,3820,38200000,28,315,1087,1032,620,8,190
INS,3821,38210000,1,163,1174,1203,778,6,186
INS,3822,38220000,0,70,1123,1216,907,0,194
INS,3823,38230000,44,16,1035,1253,956,158,101
INS,3824,38240000,0,21,914,1136,978,399,104
INS,3825,38250000,0,0,679,975,875,661,119
INS,3826,38260000,9,36,467,769,691,773,203
INS,3827,38270000,32,18,125,478,477,809,182
INS,3828,38280000,51,0,0,184,279,707,249
INS,3829,38290000,18,0,9,4,26,525,139
INS,3830,38300000,10,1,0,18,17,269,145
INS,3831,38310000,35,2,8,8,0,61,217
INS,3832,38320000,23,0,60,36,8,0,247
INS,3833,38330000,7,1,0,26,0,0,171
INS,3834,38340000,0,5,0,22,44,11,236
INS,3835,38350000,14,0,71,49,0,0,49
INS,3836,38360000,27,14,0,30,15,0,18
INS,3837,38370000,8,9,0,0,0,25,247
INS,3838,38380000,0,0,0,66,0,0,32
INS,3839,38390000,0,0,0,0,4,47,34
INS,3840,38400000,0,0,0,0,0,10,10
INS,3841,38410000,6,2,24,0,0,0,49
INS,3842,38420000,0,0,0,0,5,16,55
INS,3843,38430000,0,0,37,0,50,0,138
INS,3844,38440000,0,25,0,45,0,0,138
INS,3845,38450000,0,0,0,38,0,0,123
INS,3846,38460000,5,0,0,0,20,0,127
INS,3847,38470000,0,0,0,0,0,0,119
INS,3848,38480000,17,42,1,28,2,0,226
INS,3849,38490000,0,14,22,16,0,20,225
INS,3850,38500000,0,0,4,0,51,0,225
INS,3851,38510000,286,0,0,0,0,0,217
INS,3852,38520000,586,13,0,0,0,48,83
INS,3853,38530000,847,77,39,0,25,2,187
INS,3854,38540000,1107,2,35,0,12,0,114
INS,3855,38550000,1253,0,46,6,0,34,58
INS,3856,38560000,1368,20,0,7,9,0,140
INS,3857,38570000,1437,30,13,37,0,0,14
INS,3858,38580000,1422,89,7,0,20,0,52
INS,3859,38590000,1390,237,9,34,5,23,229
INS,3860,38600000,1244,344,20,0,8,24,188
INS,3861,38610000,1059,398,2,17,0,0,41
INS,3862,38620000,833,505,8,40,18,0,242
INS,3863,38630000,598,592,0,26,20,6,97
INS,3864,38640000,290,626,0,0,9,41,94
INS,3865,38650000,16,653,0,0,0,0,70
INS,3866,38660000,24,583,304,0,1,29,103
INS,3867,38670000,32,582,558,325,14,9,187
INS,3868,38680000,79,537,746,597,81,22,234
INS,3869,38690000,0,447,978,841,388,20,95
INS,3870,38700000,52,322,1131,1064,647,17,159
INS,3871,38710000,10,214,1213,1209,771,31,135
INS,3872,38720000,67,84,1122,1234,922,21,154
INS,3873,38730000,4,15,1087,1263,993,150,233
INS,3874,38740000,0,10,875,1157,941,403,124
INS,3875,38750000,0,49,680,953,887,596,176
INS,3876,38760000,29,9,443,723,749,794,31
INS,3877,38770000,0,21,153,471,480,776,226
INS,3878,38780000,0,0,15,170,280,698,17
INS,3879,38790000,28,0,0,42,0,579,32
INS,3880,38800000,0,0,10,0,0,311,233
INS,3881,38810000,0,0,0,32,0,31,248
INS,3882,38820000,0,11,0,0,0,6,219
INS,3883,38830000,0,0,30,5,19,24,41
INS,3884,38840000,16,0,0,0,11,0,7
INS,3885,38850000,39,4,0,0,0,44,84
INS,3886,38860000,0,5,2,0,0,0,21
INS,3887,38870000,0,0,28,36,4,61,160
INS,3888,38880000,0,0,0,11,11,0,70
INS,3889,38890000,0,6,0,25,14,12,122
INS,3890,38900000,8,0,68,2,0,0,160
INS,3891,38910000,0,1,0,31,0,0,131
INS,3892,38920000,22,0,9,0,17,0,164
INS,3893,38930000,0,4,0,40,2,28,207
INS,3894,38940000,0,32,0,19,0,0,201
INS,3895,38950000,27,22,0,23,4,27,14
INS,3896,38960000,1,0,35,0,0,35,255
INS,3897,38970000,0,43,38,68,15,0,109
INS,3898,38980000,0,0,13,0,0,6,237
INS,3899,38990000,21,0,0,0,2,27,29
INS,3900,39000000,33,58,16,0,8,7,118
INS,3901,39010000,267,0,0,0,5,11,40
INS,3902,39020000,587,0,21,0,13,11,150
INS,3903,39030000,841,18,6,3,9,0,156
INS,3904,39040000,1071,0,33,12,0,3,159
INS,3905,39050000,1262,0,3,0,0,57,123
INS,3906,39060000,1393,2,51,21,25,0,54
INS,3907,39070000,1413,33,0,0,0,0,25
INS,3908,39080000,1432,117,47,17,0,0,209
INS,3909,39090000,1336,190,21,0,35,0,195
INS,3910,39100000,1255,341,28,0,19,0,17
INS,3911,39110000,1075,397,0,30,35,9,193
INS,3912,39120000,824,529,8,0,0,0,25
INS,3913,39130000,565,587,24,0,0,0,113
INS,3914,39140000,325,594,0,0,11,42,182
INS,3915,39150000,0,647,0,0,0,0,130
INS,3916,39160000,30,643,286,0,0,8,211
INS,3917,39170000,0,606,581,305,0,0,241
INS,3918,39180000,22,507,797,628,143,21,116
INS,3919,39190000,0,397,1006,858,397,0,161
INS,3920,39200000,0,339,1104,1067,607,0,125
INS,3921,39210000,30,191,1192,1133,809,24,148
INS,3922,39220000,0,27,1119,1267,950,0,149
INS,3923,39230000,4,60,1030,1259,969,150,19
INS,3924,39240000,0,47,915,1149,949,468,92
INS,3925,39250000,0,36,693,963,876,663,68
INS,3926,39260000,10,9,410,739,764,738,36
INS,3927,39270000,6,31,176,458,525,778,125
INS,3928,39280000,24,0,40,165,267,699,131
INS,3929,39290000,41,18,0,0,0,550,74
INS,3930,39300000,28,0,0,1,0,322,89
INS,3931,39310000,0,17,0,0,0,0,28
INS,3932,39320000,2,0,0,0,24,43,97
INS,3933,39330000,0,3,22,0,0,5,75
INS,3934,39340000,29,9,11,0,0,34,145
INS,3935,39350000,0,7,10,20,2,0,118
INS,3936,39360000,6,0,35,28,20,0,185
INS,3937,39370000,10,41,0,23,36,0,223
INS,3938,39380000,0,0,0,0,23,0,153
INS,3939,39390000,0,1,39,6,0,14,207
INS,3940,39400000,46,44,0,0,0,0,254
INS,3941,39410000,0,14,0,21,0,26,242
INS,3942,39420000,0,19,0,0,0,0,217
INS,3943,39430000,0,0,1,10,0,15,241
INS,3944,39440000,0,0,0,23,5,0,4
INS,3945,39450000,5,0,35,0,37,5,75
INS,3946,39460000,0,0,2,14,17,0,43
INS,3947,39470000,0,17,0,20,0,0,64
INS,3948,39480000,0,0,6,0,1,2,53
INS,3949,39490000,0,0,20,0,0,0,81
INS,3950,39500000,31,12,0,0,0,0,121
INS,3951,39510000,321,22,0,36,0,0,218
INS,3952,39520000,604,0,0,0,0,0,204
INS,3953,39530000,850,16,3,25,0,18,17
INS,3954,39540000,1080,24,30,0,0,0,0
INS,3955,39550000,1218,37,21,7,51,0,217
INS,3956,39560000,1378,27,0,28,0,41,118
INS,3957,39570000,1414,15,17,46,38,3,194
INS,3958,39580000,1401,56,0,19,5,0,159
INS,3959,39590000,1347,239,0,0,0,24,49
INS,3960,39600000,1230,299,21,0,0,0,6
INS,3961,39610000,1072,427,27,18,38,0,55
INS,3962,39620000,812,504,0,16,42,4,124
INS,3963,39630000,535,616,31,0,32,0,233
INS,3964,39640000,327,640,0,0,20,52,75
INS,3965,39650000,0,652,2,0,23,0,242
INS,3966,39660000,1,592,217,0,8,26,170
INS,3967,39670000,0,544,520,332,0,29,0
INS,3968,39680000,0,510,815,584,134,0,123
INS,3969,39690000,0,407,1036,898,387,0,57
INS,3970,39700000,0,328,1047,1044,602,0,111
INS,3971,39710000,0,184,1137,1204,833,3,212
INS,3972,39720000,16,75,1137,1252,905,3,0
INS,3973,39730000,0,3,1042,1269,979,164,86
INS,3974,39740000,38,18,932,1094,990,408,126
INS,3975,39750000,0,9,711,992,882,595,108
INS,3976,39760000,27,0,449,712,747,785,168
INS,3977,39770000,0,0,161,470,523,815,202
INS,3978,39780000,0,0,47,111,289,732,197
INS,3979,39790000,0,10,48,0,37,515,157
INS,3980,39800000,0,0,36,0,0,285,141
INS,3981,39810000,0,32,16,34,42,0,217
INS,3982,39820000,16,65,39,35,30,35,74
INS,3983,39830000,24,0,17,0,15,34,217
INS,3984,39840000,8,24,0,0,1,3,180
INS,3985,39850000,0,7,0,0,9,5,182
INS,3986,39860000,0,0,4,0,0,8,190
INS,3987,39870000,0,0,19,72,0,23,53
INS,3988,39880000,0,13,0,0,0,0,225
INS,3989,39890000,0,3,10,40,0,8,34
INS,3990,39900000,3,3,18,14,0,32,60
INS,3991,39910000,25,37,0,0,27,0,96
INS,3992,39920000,13,17,0,0,22,0,76
INS,3993,39930000,0,0,0,16,22,0,79
INS,3994,39940000,43,0,0,0,0,0,101
INS,3995,39950000,6,8,0,10,22,0,121
INS,3996,39960000,7,0,37,15,14,0,165
INS,3997,39970000,0,18,12,8,0,18,165
INS,3998,39980000,29,18,8,46,0,14,241
INS,3999,39990000,0,0,0,0,11,0,154
INS,4000,40000000,41,0,0,41,36,14,36
INS,4001,40010000,322,0,0,35,1,36,59
INS,4002,40020000,591,38,0,0,0,20,75
INS,4003,40030000,854,0,0,0,0,0,41
INS,4004,40040000,1046,0,0,0,0,0,250
INS,4005,40050000,1265,36,28,33,0,3,74
INS,4006,40060000,1412,1,39,0,12,0,190
INS,4007,40070000,1444,0,17,24,27,5,4
INS,4008,40080000,1423,68,0,0,14,24,33
INS,4009,40090000,1389,181,0,12,0,0,103
INS,4010,40100000,1249,296,0,6,11,5,105
INS,4011,40110000,1069,416,40,0,0,17,97
INS,4012,40120000,810,435,0,9,5,7,94
INS,4013,40130000,613,587,12,0,0,0,57
INS,4014,40140000,310,565,47,0,0,24,64
INS,4015,40150000,63,628,0,10,0,17,109
INS,4016,40160000,28,625,330,42,0,18,195
INS,4017,40170000,0,582,562,331,19,18,169
INS,4018,40180000,22,518,838,570,105,0,215
INS,4019,40190000,13,390,971,849,383,1,18
INS,4020,40200000,0,310,1138,1121,644,63,192
INS,4021,40210000,0,197,1200,1153,826,0,53
INS,4022,40220000,39,36,1116,1316,947,13,161
INS,4023,40230000,0,0,1067,1247,960,157,142
INS,4024,40240000,21,21,853,1145,966,406,140
INS,4025,40250000,0,1,721,948,898,658,227
INS,4026,40260000,27,1,378,741,721,775,173
INS,4027,40270000,25,0,131,480,532,820,47
INS,4028,40280000,0,17,5,168,270,728,32
INS,4029,40290000,26,36,8,0,35,569,47
INS,4030,40300000,6,43,15,0,0,245,211
INS,4031,40310000,0,10,0,4,0,19,208
INS,4032,40320000,0,0,17,35,0,0,244
INS,4033,40330000,24,0,0,6,0,1,240
INS,4034,40340000,0,0,12,0,0,0,238
INS,4035,40350000,0,0,0,2,28,0,17
INS,4036,40360000,0,0,0,5,0,0,9
INS,4037,40370000,0,0,24,20,20,34,119
INS,4038,40380000,6,0,0,0,0,18,62
INS,4039,40390000,22,31,3,0,0,10,121
INS,4040,40400000,0,0,25,2,0,0,99
INS,4041,40410000,13,6,0,0,0,0,108
INS,4042,40420000,53,49,0,0,7,0,215
INS,4043,40430000,0,18,0,11,0,0,152
INS,4044,40440000,49,20,3,16,0,14,242
INS,4045,40450000,0,0,0,0,0,0,157
INS,4046,40460000,0,20,0,4,51,0,249
INS,4047,40470000,5,0,15,0,0,0,211
INS,4048,40480000,0,0,50,0,28,0,30
INS,4049,40490000,8,0,0,0,0,0,233
INS,4050,40500000,0,0,0,0,0,0,242
INS,4051,40510000,297,12,0,27,8,0,91
INS,4052,40520000,567,0,1,0,0,28,104
INS,4053,40530000,841,0,0,11,0,27,148
INS,4054,40540000,1094,0,8,24,0,16,172
INS,4055,40550000,1232,0,0,0,0,0,23
INS,4056,40560000,1374,0,0,18,0,25,225
INS,4057,40570000,1420,4,14,8,0,0,15
INS,4058,40580000,1455,92,24,2,25,0,184
INS,4059,40590000,1381,196,23,28,0,0,231
INS,4060,40600000,1233,290,23,0,5,0,171
INS,4061,40610000,1047,414,39,22,6,4,169
INS,4062,40620000,835,548,0,0,0,0,37
INS,4063,40630000,607,568,17,0,9,5,133
INS,4064,40640000,281,572,0,62,0,0,115
INS,4065,40650000,0,589,0,16,1,32,111
INS,4066,40660000,0,604,284,19,0,13,154
INS,4067,40670000,32,562,555,320,21,0,229
INS,4068,40680000,35,515,815,569,128,17,67
INS,4069,40690000,73,402,1014,868,397,20,11
INS,4070,40700000,38,282,1108,1092,663,0,181
INS,4071,40710000,8,179,1173,1224,841,0,184
INS,4072,40720000,3,54,1097,1236,968,15,149
INS,4073,40730000,0,0,1084,1279,1046,174,120
INS,4074,40740000,0,0,940,1108,962,419,239
INS,4075,40750000,0,51,700,994,865,644,81
INS,4076,40760000,0,0,428,697,760,825,66
INS,4077,40770000,18,14,142,454,550,747,66
INS,4078,40780000,0,0,0,156,230,750,62
INS,4079,40790000,0,4,13,3,9,554,38
INS,4080,40800000,0,9,33,7,0,271,48
INS,4081,40810000,0,35,0,8,0,0,44
INS,4082,40820000,24,0,16,14,52,47,171
INS,4083,40830000,2,0,22,2,0,19,80
INS,4084,40840000,0,45,1,0,0,20,118
INS,4085,40850000,4,0,0,0,0,1,74
INS,4086,40860000,14,0,10,10,15,0,135
INS,4087,40870000,0,5,0,0,5,0,113
INS,4088,40880000,0,63,53,35,0,2,17
INS,4089,40890000,0,0,28,0,0,0,165
INS,4090,40900000,15,0,0,0,19,0,188
INS,4091,40910000,0,0,1,30,0,0,202
INS,4092,40920000,8,0,19,0,0,30,245
INS,4093,40930000,39,0,0,1,8,24,21
INS,4094,40940000,0,11,0,37,19,0,33
INS,4095,40950000,46,0,0,7,14,0,50
INS,4096,40960000,10,0,8,12,0,21,51
INS,4097,40970000,0,0,0,0,0,0,17
INS,4098,40980000,32,0,19,0,1,0,86
INS,4099,40990000,0,0,25,5,0,0,81
INS,4100,41000000,0,0,0,2,13,0,83
INS,4101,41010000,323,18,0,10,1,23,204
INS,4102,41020000,621,0,0,0,12,13,236
INS,4103,41030000,870,0,16,9,0,0,246
INS,4104,41040000,1112,0,12,15,29,0,24
INS,4105,41050000,1247,0,0,0,0,6,126
INS,4106,41060000,1400,0,40,0,0,17,91
INS,4107,41070000,1452,0,20,0,30,20,173
INS,4108,41080000,1439,69,0,0,61,0,237
INS,4109,41090000,1305,137,0,0,0,59,186
INS,4110,41100000,1239,325,0,10,16,0,36
INS,4111,41110000,1094,424,0,31,0,0,12
INS,4112,41120000,859,491,2,1,39,0,128
INS,4113,41130000,555,553,12,41,0,0,170
INS,4114,41140000,268,575,7,0,11,0,143
INS,4115,41150000,52,648,0,0,10,0,9
INS,4116,41160000,0,602,310,0,0,0,228
INS,4117,41170000,0,608,543,317,25,17,75
INS,4118,41180000,11,542,785,640,165,0,213
INS,4119,41190000,0,419,1012,823,385,31,245
INS,4120,41200000,22,360,1129,1104,642,17,98
INS,4121,41210000,26,220,1159,1179,836,0,5
INS,4122,41220000,21,81,1187,1222,907,22,42
INS,4123,41230000,0,0,1019,1261,954,146,255
INS,4124,41240000,0,31,877,1133,956,438,71
INS,4125,41250000,0,0,717,953,895,694,168
INS,4126,41260000,14,0,445,740,748,738,123
INS,4127,41270000,16,20,170,460,519,816,224
INS,4128,41280000,31,0,16,185,268,749,1
INS,4129,41290000,0,55,25,0,10,510,137
INS,4130,41300000,0,2,17,1,0,255,85
INS,4131,41310000,18,0,0,22,0,0,123
INS,4132,41320000,7,15,0,8,0,0,130
INS,4133,41330000,10,7,0,12,2,20,168
INS,4134,41340000,0,13,0,0,20,0,167
INS,4135,41350000,44,0,0,22,24,0,241
INS,4136,41360000,12,0,48,15,3,16,6
INS,4137,41370000,0,0,0,25,12,3,225
INS,4138,41380000,19,0,0,21,13,0,255
INS,4139,41390000,19,0,5,29,0,44,60
INS,4140,41400000,0,5,0,27,0,0,12
INS,4141,41410000,1,0,0,0,16,13,27
INS,4142,41420000,0,22,36,32,33,0,137
INS,4143,41430000,50,0,0,0,10,34,125
INS,4144,41440000,0,0,0,1,0,6,55
INS,4145,41450000,0,0,4,0,26,0,95
INS,4146,41460000,6,0,3,3,0,0,94
INS,4147,41470000,0,58,0,0,43,31,231
INS,4148,41480000,25,0,0,11,4,15,171
INS,4149,41490000,0,21,0,0,0,27,181
INS,4150,41500000,0,0,0,19,0,19,188
INS,4151,41510000,283,21,0,0,28,5,248
INS,4152,41520000,560,14,0,3,2,0,251
INS,4153,41530000,848,28,22,0,15,0,90
INS,4154,41540000,1062,14,67,5,47,14,147
INS,4155,41550000,1258,0,7,12,6,14,252
INS,4156,41560000,1424,17,18,48,0,4,227
INS,4157,41570000,1449,0,0,0,0,40,222
INS,4158,41580000,1429,48,0,5,0,0,232
INS,4159,41590000,1341,193,0,12,17,2,76
INS,4160,41600000,1245,338,17,0,6,16,150
INS,4161,41610000,1044,463,0,0,0,0,52
INS,4162,41620000,851,573,0,0,0,0,242
INS,4163,41630000,552,552,19,26,0,0,240
INS,4164,41640000,290,569,16,24,0,3,10
INS,4165,41650000,11,680,0,0,17,36,125
INS,4166,41660000,0,600,344,0,0,4,90
INS,4167,41670000,0,558,569,343,0,0,117
INS,4168,41680000,0,456,854,620,148,2,232
INS,4169,41690000,27,419,1005,838,371,11,72
INS,4170,41700000,3,349,1088,1082,626,12,66
INS,4171,41710000,0,156,1179,1189,827,0,18
INS,4172,41720000,13,85,1159,1266,927,18,152
INS,4173,41730000,0,0,1034,1241,1011,146,133
INS,4174,41740000,0,0,858,1183,1004,423,186
INS,4175,41750000,0,0,680,974,810,687,142
INS,4176,41760000,0,0,446,711,696,734,107
INS,4177,41770000,37,0,152,505,482,828,53
INS,4178,41780000,30,0,0,145,245,732,242
INS,4179,41790000,0,0,0,20,13,516,168
INS,4180,41800000,0,5,22,1,0,258,178
INS,4181,41810000,13,28,0,55,30,0,35
INS,4182,41820000,32,0,0,19,0,22,255
INS,4183,41830000,19,0,0,0,0,30,248
INS,4184,41840000,0,7,0,0,9,30,6
INS,4185,41850000,32,6,7,5,0,12,39
INS,4186,41860000,9,27,0,5,0,0,35
INS,4187,41870000,35,0,0,0,10,0,56
INS,4188,41880000,0,52,0,8,7,0,95
INS,4189,41890000,19,11,5,15,0,0,95
INS,4190,41900000,0,5,0,0,21,8,96
INS,4191,41910000,0,27,0,30,0,25,161
INS,4192,41920000,4,4,21,0,48,13,186
INS,4193,41930000,25,0,0,3,0,4,145
INS,4194,41940000,10,0,16,0,3,13,172
INS,4195,41950000,0,18,0,7,37,12,221
INS,4196,41960000,0,0,0,0,0,4,168
INS,4197,41970000,6,0,7,0,34,0,228
INS,4198,41980000,0,14,11,7,0,0,230
INS,4199,41990000,32,0,0,0,2,0,249
INS,4200,42000000,25,17,16,0,0,0,34
INS,4201,42010000,297,0,7,3,26,2,72
INS,4202,42020000,607,0,58,0,0,0,163
INS,4203,42030000,849,33,30,0,19,14,204
INS,4204,42040000,1110,0,0,8,11,22,171
INS,4205,42050000,1230,0,0,17,2,21,51
INS,4206,42060000,1356,0,0,0,0,0,154
INS,4207,42070000,1422,0,0,9,0,0,246
INS,4208,42080000,1479,30,12,8,0,0,105
INS,4209,42090000,1330,188,0,12,13,0,136
INS,4210,42100000,1247,303,0,0,11,0,171
INS,4211,42110000,1066,369,0,0,0,0,62
INS,4212,42120000,856,469,36,46,0,32,83
INS,4213,42130000,576,628,35,0,0,0,156
INS,4214,42140000,318,578,0,0,20,28,134
INS,4215,42150000,31,643,0,0,9,15,161
INS,4216,42160000,0,605,317,3,0,0,149
INS,4217,42170000,0,576,551,307,30,0,193
INS,4218,42180000,41,539,806,624,119,19,126
INS,4219,42190000,0,401,982,794,393,37,90
INS,4220,42200000,0,341,1117,1085,654,0,185
INS,4221,42210000,25,171,1104,1198,806,0,53
INS,4222,42220000,0,25,1147,1260,927,0,125
INS,4223,42230000,0,0,1047,1231,988,154,203
INS,4224,42240000,0,0,902,1182,961,455,44
INS,4225,42250000,14,0,699,969,853,651,3
INS,4226,42260000,0,15,427,745,720,736,245
INS,4227,42270000,22,0,135,443,536,790,57
INS,4228,42280000,0,29,0,178,297,751,171
INS,4229,42290000,0,9,4,89,0,542,89
INS,4230,42300000,0,0,0,52,15,316,101
INS,4231,42310000,13,0,1,36,0,33,74
INS,4232,42320000,28,0,13,49,8,0,106
INS,4233,42330000,11,0,7,0,0,40,83
INS,4234,42340000,0,0,0,0,7,0,49
INS,4235,42350000,1,0,24,0,23,4,111
INS,4236,42360000,0,18,0,26,4,42,166
INS,4237,42370000,0,0,0,8,22,7,130
INS,4238,42380000,32,0,0,24,40,10,216
INS,4239,42390000,11,0,52,14,0,23,227
INS,4240,42400000,0,30,0,0,0,0,174
INS,4241,42410000,0,25,0,0,7,0,193
INS,4242,42420000,30,20,0,0,13,29,14
INS,4243,42430000,24,0,46,28,23,38,98
INS,4244,42440000,20,0,0,0,46,3,25
INS,4245,42450000,10,4,0,0,0,33,20
INS,4246,42460000,21,23,0,0,18,8,60
INS,4247,42470000,0,0,23,0,8,14,52
INS,4248,42480000,13,4,28,15,46,14,144
INS,4249,42490000,0,1,0,0,0,34,76
INS,4250,42500000,0,0,0,36,0,1,95
INS,4251,42510000,307,0,0,14,0,0,140
INS,4252,42520000,572,0,5,0,0,37,194
INS,4253,42530000,856,31,0,29,37,32,70
INS,4254,42540000,1065,29,14,36,0,0,246
INS,4255,42550000,1259,3,18,0,13,31,187
INS,4256,42560000,1387,2,6,0,53,14,86
INS,4257,42570000,1397,23,0,0,0,4,65
INS,4258,42580000,1424,81,14,0,0,9,186
INS,4259,42590000,1365,190,0,0,0,0,230
INS,4260,42600000,1266,278,0,0,5,31,16
INS,4261,42610000,1050,456,0,0,0,0,215
INS,4262,42620000,872,508,0,24,0,9,139
INS,4263,42630000,541,551,25,0,0,2,118
INS,4264,42640000,309,639,0,4,12,0,236
INS,4265,42650000,4,607,10,7,0,56,229
INS,4266,42660000,0,629,292,0,0,0,227
INS,4267,42670000,8,578,510,315,0,3,225
INS,4268,42680000,49,522,814,604,149,0,198
INS,4269,42690000,0,446,981,816,389,35,232
INS,4270,42700000,7,308,1082,1057,608,40,172
INS,4271,42710000,41,210,1159,1184,792,10,227
INS,4272,42720000,10,76,1125,1287,902,0,248
INS,4273,42730000,0,0,1025,1271,966,184,55
INS,4274,42740000,56,24,901,1143,944,430,124
INS,4275,42750000,13,0,706,980,889,620,107
INS,4276,42760000,0,0,423,724,695,765,35
INS,4277,42770000,29,28,134,450,517,784,155
INS,4278,42780000,0,5,0,158,268,685,114
INS,4279,42790000,9,12,0,3,33,506,90
INS,4280,42800000,0,0,0,9,0,313,122
INS,4281,42810000,36,24,13,0,12,8,166
INS,4282,42820000,0,45,33,0,0,28,196
INS,4283,42830000,16,0,22,0,12,10,167
INS,4284,42840000,0,6,0,15,0,24,169
INS,4285,42850000,15,17,0,4,26,0,203
INS,4286,42860000,0,0,0,8,0,0,166
INS,4287,42870000,10,5,0,4,0,0,194
INS,4288,42880000,22,0,3,4,0,0,221
INS,4289,42890000,0,26,6,18,25,0,28
INS,4290,42900000,0,26,0,6,27,25,54
INS,4291,42910000,0,9,0,0,50,46,92
INS,4292,42920000,4,36,0,0,0,0,44
INS,4293,42930000,2,0,13,0,0,19,55
INS,4294,42940000,0,18,0,0,0,0,56
INS,4295,42950000,48,0,0,0,11,0,114
INS,4296,42960000,0,0,21,0,0,28,121
INS,4297,42970000,0,10,5,13,0,6,123
INS,4298,42980000,0,0,0,14,0,6,126
INS,4299,42990000,0,0,46,4,64,0,237
INS,4300,43000000,1,0,11,4,63,4,223
INS,4301,43010000,281,0,0,0,3,0,185
INS,4302,43020000,600,18,0,1,61,0,86
INS,4303,43030000,833,7,17,13,0,0,37
INS,4304,43040000,1080,0,0,58,0,0,66
INS,4305,43050000,1261,6,0,0,0,0,212
INS,4306,43060000,1398,0,0,28,31,15,178
INS,4307,43070000,1426,37,34,0,0,57,21
INS,4308,43080000,1475,55,27,0,0,0,41
INS,4309,43090000,1350,186,0,0,0,2,39
INS,4310,43100000,1252,309,0,0,0,0,79
INS,4311,43110000,1062,425,0,0,50,19,91
INS,4312,43120000,837,572,0,0,0,46,7
INS,4313,43130000,559,600,28,17,0,21,50
INS,4314,43140000,270,586,0,9,4,0,223
INS,4315,43150000,5,642,0,0,0,0,18
INS,4316,43160000,16,652,290,30,0,0,120
INS,4317,43170000,0,581,570,309,0,3,100
INS,4318,43180000,0,483,845,611,101,0,182
INS,4319,43190000,9,396,963,842,455,10,66
INS,4320,43200000,0,310,1145,1102,591,0,44
INS,4321,43210000,31,173,1170,1236,809,1,77
INS,4322,43220000,18,56,1149,1258,967,2,124
INS,4323,43230000,14,0,1025,1205,989,167,91
INS,4324,43240000,0,26,930,1153,950,441,208
INS,4325,43250000,0,0,708,979,862,684,214
INS,4326,43260000,11,22,474,752,698,759,226
INS,4327,43270000,0,0,139,481,492,755,162
INS,4328,43280000,0,6,6,166,298,720,20
INS,4329,43290000,19,3,0,1,11,536,179
INS,4330,43300000,5,8,22,22,13,314,10
INS,4331,43310000,0,0,22,0,32,0,209
INS,4332,43320000,19,20,0,0,24,0,235
INS,4333,43330000,9,7,0,0,21,14,240
INS,4334,43340000,30,0,0,0,0,0,236
INS,4335,43350000,4,28,0,0,0,0,255
INS,4336,43360000,6,2,0,13,0,0,5
INS,4337,43370000,44,0,46,0,6,0,97
INS,4338,43380000,8,20,0,12,0,4,62
INS,4339,43390000,6,27,0,17,6,12,103
INS,4340,43400000,18,21,28,0,12,0,131
INS,4341,43410000,5,0,30,0,0,8,112
INS,4342,43420000,0,26,0,21,38,0,171
INS,4343,43430000,0,0,1,0,16,45,165
INS,4344,43440000,14,7,0,51,25,36,253
INS,4345,43450000,3,11,0,0,1,0,152
INS,4346,43460000,26,0,1,0,6,0,187
INS,4347,43470000,3,0,25,17,35,0,251
INS,4348,43480000,27,0,0,0,22,0,237
INS,4349,43490000,0,0,30,0,0,0,235
INS,4350,43500000,20,0,0,3,17,0,6
INS,4351,43510000,309,0,0,1,0,0,37
INS,4352,43520000,631,0,0,0,0,10,129
INS,4353,43530000,882,5,19,23,44,25,247
INS,4354,43540000,1090,0,18,0,0,27,145
INS,4355,43550000,1245,0,0,1,6,0,23
INS,4356,43560000,1375,27,50,0,0,0,240
INS,4357,43570000,1433,0,22,0,37,0,41
INS,4358,43580000,1427,11,0,53,0,0,57
INS,4359,43590000,1331,198,12,0,17,3,144
INS,4360,43600000,1258,288,1,23,59,21,250
INS,4361,43610000,1022,384,0,0,2,28,53
INS,4362,43620000,858,517,0,36,36,17,98
INS,4363,43630000,574,595,12,0,15,0,103
INS,4364,43640000,300,634,0,2,0,0,116
INS,4365,43650000,19,598,5,0,41,27,143
INS,4366,43660000,0,587,293,14,0,39,147
INS,4367,43670000,0,578,553,308,13,0,171
INS,4368,43680000,0,504,831,605,144,0,52
INS,4369,43690000,10,478,995,848,392,5,201
INS,4370,43700000,19,282,1103,1087,639,5,113
INS,4371,43710000,1,185,1218,1205,840,0,188
INS,4372,43720000,0,25,1125,1265,933,9,113
INS,4373,43730000,25,36,1063,1245,957,123,222
INS,4374,43740000,6,19,882,1147,906,436,186
INS,4375,43750000,0,5,690,979,916,662,59
INS,4376,43760000,29,0,410,766,764,818,123
INS,4377,43770000,0,0,178,476,497,800,72
INS,4378,43780000,0,13,34,168,223,717,61
INS,4379,43790000,7,0,50,0,0,554,46
INS,4380,43800000,18,3,15,0,11,305,60
INS,4381,43810000,0,0,26,0,0,36,43
INS,4382,43820000,0,9,42,9,25,14,97
INS,4383,43830000,0,5,0,16,19,3,58
INS,4384,43840000,0,21,7,0,21,15,96
INS,4385,43850000,37,11,10,0,5,0,112
INS,4386,43860000,22,35,0,0,44,0,167
INS,4387,43870000,0,17,0,6,0,18,124
INS,4388,43880000,15,29,0,0,0,0,144
INS,4389,43890000,64,0,24,0,7,0,212
INS,4390,43900000,0,0,5,15,0,7,161
INS,4391,43910000,24,0,28,0,10,11,224
INS,4392,43920000,11,0,30,10,0,0,219
INS,4393,43930000,43,20,22,40,0,0,54
INS,4394,43940000,0,17,0,0,45,0,8
INS,4395,43950000,0,15,31,0,23,0,32
INS,4396,43960000,3,7,0,0,0,3,249
INS,4397,43970000,0,0,8,15,4,21,45
INS,4398,43980000,0,24,0,14,32,8,92
INS,4399,43990000,35,35,0,26,0,0,127
INS,4400,44000000,30,0,41,0,0,0,119
INS,4401,44010000,293,7,7,17,15,28,176
INS,4402,44020000,590,0,0,4,5,0,169
INS,4403,44030000,846,0,9,0,0,9,195
INS,4404,44040000,1044,0,36,0,10,19,201
INS,4405,44050000,1301,0,0,56,17,0,227
INS,4406,44060000,1397,0,1,0,0,11,23
INS,4407,44070000,1436,0,0,55,16,18,156
INS,4408,44080000,1422,100,0,0,0,3,173
INS,4409,44090000,1386,201,28,23,40,0,87
INS,4410,44100000,1203,255,7,0,23,0,170
INS,4411,44110000,1050,412,5,9,0,0,175
INS,4412,44120000,848,527,26,0,8,30,155
INS,4413,44130000,600,600,42,17,0,34,26
INS,4414,44140000,314,635,4,5,32,28,24
INS,4415,44150000,0,595,0,35,22,0,187
INS,4416,44160000,10,637,289,19,0,33,28
INS,4417,44170000,0,574,554,297,16,13,255
INS,4418,44180000,0,514,800,589,103,61,117
INS,4419,44190000,0,410,1011,875,389,0,240
INS,4420,44200000,0,367,1106,1081,617,0,231
INS,4421,44210000,36,194,1183,1221,803,0,2
INS,4422,44220000,0,77,1123,1229,938,0,205
INS,4423,44230000,28,0,1073,1250,987,166,103
INS,4424,44240000,0,26,907,1127,984,464,124
INS,4425,44250000,2,0,682,979,853,659,64
INS,4426,44260000,0,0,434,699,722,725,254
INS,4427,44270000,25,0,131,496,498,830,183
INS,4428,44280000,52,52,0,99,275,694,160
INS,4429,44290000,6,0,0,20,0,517,60
INS,4430,44300000,0,0,13,0,0,300,103
INS,4431,44310000,30,15,0,0,0,0,108
INS,4432,44320000,11,0,0,15,0,0,106
INS,4433,44330000,0,0,0,27,50,9,183
INS,4434,44340000,0,28,0,0,27,0,169
INS,4435,44350000,15,18,0,0,7,38,209
INS,4436,44360000,0,10,0,0,0,17,175
INS,4437,44370000,0,0,0,25,47,0,237
INS,4438,44380000,31,0,17,14,0,0,244
INS,4439,44390000,6,14,0,0,0,31,250
INS,4440,44400000,9,4,0,0,0,0,229
INS,4441,44410000,0,14,32,0,0,0,23
INS,4442,44420000,0,0,37,0,0,11,42
INS,4443,44430000,0,24,39,34,0,7,115
INS,4444,44440000,9,0,19,0,0,13,69
INS,4445,44450000,17,0,43,14,2,0,121
INS,4446,44460000,0,0,10,22,17,24,135
INS,4447,44470000,0,0,0,0,0,0,79
INS,4448,44480000,0,55,11,0,0,5,167
INS,4449,44490000,0,21,34,0,0,0,168
INS,4450,44500000,9,2,0,64,0,0,205
INS,4451,44510000,324,28,11,0,0,37,35
INS,4452,44520000,598,27,15,6,0,29,71
INS,4453,44530000,845,0,25,0,7,0,34
INS,4454,44540000,1086,0,27,0,22,6,59
INS,4455,44550000,1231,18,3,16,3,0,206
INS,4456,44560000,1342,0,0,0,8,0,46
INS,4457,44570000,1428,12,10,0,0,0,163
INS,4458,44580000,1444,26,0,0,11,10,221
INS,4459,44590000,1414,192,0,4,11,17,129
INS,4460,44600000,1283,340,0,33,28,0,192
INS,4461,44610000,1048,454,15,0,0,22,64
INS,4462,44620000,876,542,0,0,2,2,220
INS,4463,44630000,587,530,0,0,0,0,188
INS,4464,44640000,319,632,0,2,0,0,41
INS,4465,44650000,0,668,5,0,31,0,65
INS,4466,44660000,20,640,261,0,0,0,43
INS,4467,44670000,6,585,600,346,49,0,213
INS,4468,44680000,6,566,821,615,116,0,0
INS,4469,44690000,0,444,997,838,435,0,95
INS,4470,44700000,0,322,1137,1030,642,1,18
INS,4471,44710000,0,155,1181,1170,843,0,252
INS,4472,44720000,3,63,1120,1267,962,31,110
INS,4473,44730000,12,6,1091,1256,1017,127,190
INS,4474,44740000,0,46,907,1147,978,481,1
INS,4475,44750000,42,0,716,979,852,619,179
INS,4476,44760000,2,0,381,758,729,778,148
INS,4477,44770000,0,0,144,446,487,822,184
INS,4478,44780000,0,0,0,149,299,716,234
INS,4479,44790000,0,19,0,47,3,527,195
INS,4480,44800000,19,21,34,25,0,292,7
INS,4481,44810000,0,15,35,26,0,28,249
INS,4482,44820000,0,42,13,6,15,2,240
INS,4483,44830000,0,0,32,27,7,23,12
INS,4484,44840000,0,0,0,32,35,0,7
INS,4485,44850000,1,0,0,0,3,18,235
INS,4486,44860000,11,0,26,9,0,46,66
INS,4487,44870000,0,0,0,25,0,8,24
INS,4488,44880000,25,9,0,31,0,46,119
INS,4489,44890000,4,0,1,62,29,4,125
INS,4490,44900000,0,0,15,9,40,16,122
INS,4491,44910000,21,0,16,0,15,0,111
INS,4492,44920000,51,0,10,38,20,21,216
INS,4493,44930000,0,0,0,0,20,40,153
INS,4494,44940000,0,2,0,15,12,0,139
INS,4495,44950000,9,0,0,0,0,0,136
INS,4496,44960000,0,9,0,0,0,2,155
INS,4497,44970000,0,3,0,45,0,75,28
INS,4498,44980000,0,21,17,7,19,0,242
INS,4499,44990000,22,0,9,40,0,0,10
INS,4500,45000000,0,3,0,0,7,0,222
INS,4501,45010000,283,22,0,51,21,0,94
INS,4502,45020000,638,0,0,3,0,0,119
INS,4503,45030000,879,0,0,0,0,17,135
INS,4504,45040000,1029,0,0,0,21,13,63
INS,4505,45050000,1230,0,7,0,18,0,16
INS,4506,45060000,1333,6,0,0,23,0,140
INS,4507,45070000,1463,10,29,0,0,0,41
INS,4508,45080000,1489,66,14,0,24,15,164
INS,4509,45090000,1373,189,3,20,2,38,198
INS,4510,45100000,1197,315,0,0,0,0,102
INS,4511,45110000,1031,401,0,31,0,22,92
INS,4512,45120000,831,546,0,0,4,0,5
INS,4513,45130000,598,614,42,0,22,0,173
INS,4514,45140000,333,608,25,0,0,7,143
INS,4515,45150000,14,633,0,0,22,0,112
INS,4516,45160000,0,612,277,0,0,0,93
INS,4517,45170000,0,555,524,344,0,0,132
INS,4518,45180000,0,475,774,602,165,0,230
INS,4519,45190000,0,436,993,858,398,9,157
INS,4520,45200000,37,261,1107,1067,610,0,50
INS,4521,45210000,22,197,1139,1224,800,0,111
INS,4522,45220000,0,40,1118,1227,900,0,31
INS,4523,45230000,0,20,1044,1250,971,222,14
INS,4524,45240000,0,0,899,1073,962,423,137
INS,4525,45250000,34,0,669,930,873,626,185
INS,4526,45260000,0,19,410,720,707,804,242
INS,4527,45270000,0,0,173,488,544,790,106
INS,4528,45280000,0,0,0,160,313,678,47
INS,4529,45290000,11,0,0,0,0,577,13
INS,4530,45300000,0,35,22,0,0,312,67
INS,4531,45310000,26,0,0,7,0,27,31
INS,4532,45320000,0,0,0,77,0,0,65
INS,4533,45330000,7,0,0,0,0,0,12
INS,4534,45340000,0,0,0,0,30,0,52
INS,4535,45350000,0,0,15,0,0,0,54
INS,4536,45360000,5,15,1,0,2,0,79
INS,4537,45370000,0,0,0,0,13,0,86
INS,4538,45380000,0,3,45,11,2,0,151
INS,4539,45390000,0,0,37,0,22,12,178
INS,4540,45400000,5,35,7,8,2,26,207
INS,4541,45410000,7,0,4,0,44,9,205
INS,4542,45420000,0,0,0,0,8,0,166
INS,4543,45430000,0,0,26,0,0,19,220
INS,4544,45440000,19,0,0,10,12,0,233
INS,4545,45450000,0,0,27,0,0,0,236
INS,4546,45460000,27,1,38,0,0,0,36
INS,4547,45470000,0,0,0,0,0,12,255
INS,4548,45480000,0,36,0,14,2,0,56
INS,4549,45490000,5,0,0,27,0,4,57
INS,4550,45500000,0,16,16,0,0,0,70
INS,4551,45510000,297,17,0,26,0,0,139
INS,4552,45520000,615,0,9,55,0,14,253
INS,4553,45530000,846,9,0,0,9,4,189
INS,4554,45540000,1071,0,0,0,0,0,153
INS,4555,45550000,1235,0,26,0,20,0,124
INS,4556,45560000,1356,6,0,0,0,0,222
INS,4557,45570000,1396,27,0,4,0,0,48
INS,4558,45580000,1402,40,59,7,3,0,149
INS,4559,45590000,1313,188,0,0,43,13,212
INS,4560,45600000,1284,376,0,18,2,19,115
INS,4561,45610000,1079,448,0,0,5,35,0
INS,4562,45620000,826,476,34,0,6,4,52
INS,4563,45630000,576,557,3,6,0,0,121
INS,4564,45640000,294,608,10,0,67,0,231
INS,4565,45650000,0,632,0,0,32,0,189
INS,4566,45660000,0,641,272,16,10,0,225
INS,4567,45670000,0,547,508,327,0,0,173
INS,4568,45680000,0,465,776,623,121,28,53
INS,4569,45690000,18,453,961,879,394,8,2
INS,4570,45700000,0,315,1128,1075,608,0,176
INS,4571,45710000,0,167,1180,1165,804,7,134
INS,4572,45720000,32,70,1175,1247,945,1,42
INS,4573,45730000,15,0,1025,1219,962,165,231
INS,4574,45740000,52,14,917,1127,1003,452,171
INS,4575,45750000,0,0,729,944,905,628,85
INS,4576,45760000,26,0,464,715,743,795,151
INS,4577,45770000,0,0,150,444,529,811,127
INS,4578,45780000,2,7,0,178,280,748,193
INS,4579,45790000,0,0,0,11,17,563,98
INS,4580,45800000,14,0,5,0,0,267,66
INS,4581,45810000,0,19,0,0,20,0,92
INS,4582,45820000,0,47,38,0,17,0,172
INS,4583,45830000,33,0,0,19,0,20,159
INS,4584,45840000,0,10,0,0,21,0,135
INS,4585,45850000,0,0,58,0,0,0,179
INS,4586,45860000,0,3,12,4,0,0,157
INS,4587,45870000,0,0,0,0,10,0,165
INS,4588,45880000,17,0,0,0,5,0,194
INS,4589,45890000,0,53,31,0,19,7,43
INS,4590,45900000,3,0,0,12,0,0,221
INS,4591,45910000,10,46,0,0,31,0,54
INS,4592,45920000,32,0,0,0,17,18,51
INS,4593,45930000,14,28,3,0,0,0,46
INS,4594,45940000,0,0,20,3,12,3,56
INS,4595,45950000,0,5,6,10,25,14,95
INS,4596,45960000,0,10,28,6,0,0,96
INS,4597,45970000,0,19,0,10,0,36,134
INS,4598,45980000,2,0,14,17,0,0,119
INS,4599,45990000,0,29,0,17,0,0,149
INS,4600,46000000,0,36,14,56,3,13,242
INS,4601,46010000,281,0,54,4,10,0,230
INS,4602,46020000,614,4,50,0,14,1,69
INS,4603,46030000,837,0,0,0,0,23,7
INS,4604,46040000,1047,0,14,26,0,14,9
INS,4605,46050000,1274,0,16,32,9,34,34
INS,4606,46060000,1365,0,24,15,0,18,108
INS,4607,46070000,1407,0,19,0,25,20,174
INS,4608,46080000,1459,55,0,0,0,0,234
INS,4609,46090000,1360,225,0,0,0,16,82
INS,4610,46100000,1230,371,0,0,0,29,128
INS,4611,46110000,1044,383,28,20,12,4,6
INS,4612,46120000,839,493,0,0,0,0,120
INS,4613,46130000,651,514,0,0,31,25,26
INS,4614,46140000,278,645,4,1,0,0,6
INS,4615,46150000,0,576,0,16,67,21,31
INS,4616,46160000,0,595,338,19,0,0,64
INS,4617,46170000,0,624,553,322,0,13,129
INS,4618,46180000,0,515,784,610,108,32,171
INS,4619,46190000,0,456,963,846,397,12,45
INS,4620,46200000,0,336,1146,1070,619,44,91
INS,4621,46210000,28,186,1192,1170,795,2,10
INS,4622,46220000,0,96,1126,1276,932,0,84
INS,4623,46230000,0,0,1035,1239,951,169,65
INS,4624,46240000,0,0,898,1163,955,432,136
INS,4625,46250000,0,12,655,927,829,689,73
INS,4626,46260000,0,0,389,772,727,754,132
INS,4627,46270000,9,36,115,388,520,841,184
INS,4628,46280000,0,0,0,122,261,680,123
INS,4629,46290000,15,54,0,56,0,518,232
INS,4630,46300000,15,0,34,21,0,304,236
INS,4631,46310000,18,0,0,17,13,0,183
INS,4632,46320000,34,0,0,6,5,0,197
INS,4633,46330000,13,0,0,0,27,0,209
INS,4634,46340000,0,0,0,0,10,0,196
INS,4635,46350000,23,0,36,0,0,24,30
INS,4636,46360000,3,19,10,14,4,0,14
INS,4637,46370000,7,0,11,5,0,7,11
INS,4638,46380000,0,15,17,0,56,31,117
INS,4639,46390000,54,1,0,0,8,0,78
INS,4640,46400000,27,20,8,0,0,0,87
INS,4641,46410000,6,3,0,22,0,25,105
INS,4642,46420000,0,0,48,13,53,12,192
INS,4643,46430000,34,0,61,24,4,0,206
INS,4644,46440000,61,22,8,0,0,0,191
INS,4645,46450000,15,41,11,9,17,0,210
INS,4646,46460000,0,0,13,0,5,14,166
INS,4647,46470000,0,0,10,7,31,0,199
INS,4648,46480000,6,8,45,0,21,41,33
INS,4649,46490000,5,0,49,20,0,25,28
INS,4650,46500000,38,6,0,36,16,0,42
INS,4651,46510000,297,26,20,0,29,13,92
INS,4652,46520000,546,0,0,18,0,7,39
INS,4653,46530000,870,10,0,40,0,0,149
INS,4654,46540000,1042,0,0,0,0,0,32
INS,4655,46550000,1268,22,3,0,0,52,96
INS,4656,46560000,1385,3,31,20,15,3,225
INS,4657,46570000,1437,0,0,19,0,0,241
INS,4658,46580000,1440,32,3,0,33,1,55
INS,4659,46590000,1319,213,0,0,0,0,95
INS,4660,46600000,1231,341,17,9,7,34,219
INS,4661,46610000,1127,448,13,3,0,0,188
INS,4662,46620000,882,478,0,0,0,0,230
INS,4663,46630000,556,594,0,10,0,26,73
INS,4664,46640000,296,630,0,14,19,0,119
INS,4665,46650000,25,628,19,2,0,11,118
INS,4666,46660000,15,596,273,0,34,0,112
INS,4667,46670000,0,580,581,341,0,47,248
INS,4668,46680000,24,534,813,604,129,0,52
INS,4669,46690000,10,363,951,858,432,1,68
INS,4670,46700000,0,340,1140,1034,616,0,88
INS,4671,46710000,17,207,1176,1205,771,31,126
INS,4672,46720000,0,54,1121,1274,945,10,140
INS,4673,46730000,0,9,1032,1239,1001,98,132
INS,4674,46740000,4,1,906,1112,1015,411,219
INS,4675,46750000,4,0,684,999,915,683,72
INS,4676,46760000,14,0,452,713,701,751,203
INS,4677,46770000,0,32,183,478,461,847,102
INS,4678,46780000,5,60,0,134,297,717,99
INS,4679,46790000,0,0,13,16,33,519,252
INS,4680,46800000,55,10,19,0,22,277,71
INS,4681,46810000,18,0,16,0,0,40,35
INS,4682,46820000,44,20,8,0,5,0,55
INS,4683,46830000,0,56,0,0,56,0,107
INS,4684,46840000,34,0,18,0,33,0,97
INS,4685,46850000,0,27,0,4,20,11,91
INS,4686,46860000,0,0,1,0,21,0,68
INS,4687,46870000,31,59,0,14,0,58,225
INS,4688,46880000,12,1,0,47,0,0,140
INS,4689,46890000,0,32,0,25,1,31,186
INS,4690,46900000,0,30,9,12,0,15,180
INS,4691,46910000,6,20,25,0,0,0,182
INS,4692,46920000,0,0,0,1,0,0,149
INS,4693,46930000,9,10,0,35,37,0,0
INS,4694,46940000,0,7,37,0,52,0,22
INS,4695,46950000,7,35,0,29,4,0,18
INS,4696,46960000,0,0,0,0,7,1,224
INS,4697,46970000,0,0,0,32,0,0,9
INS,4698,46980000,20,0,52,0,0,0,66
INS,4699,46990000,8,17,0,0,0,0,36
INS,4700,47000000,0,0,0,0,9,0,37
INS,4701,47010000,360,21,0,25,7,0,202
INS,4702,47020000,564,0,0,20,18,0,152
INS,4703,47030000,840,0,0,0,0,19,170
INS,4704,47040000,1088,0,0,0,13,0,173
INS,4705,47050000,1261,48,0,0,0,13,155
INS,4706,47060000,1318,0,0,20,17,0,205
INS,4707,47070000,1436,25,0,9,0,15,96
INS,4708,47080000,1447,48,0,0,0,10,133
INS,4709,47090000,1331,203,0,0,27,11,217
INS,4710,47100000,1203,311,0,30,0,35,241
INS,4711,47110000,1102,442,0,0,17,13,253
INS,4712,47120000,872,481,0,10,0,0,59
INS,4713,47130000,588,600,30,17,17,0,221
INS,4714,47140000,279,618,2,29,0,3,173
INS,4715,47150000,0,627,0,4,14,0,160
INS,4716,47160000,0,604,243,1,5,15,144
INS,4717,47170000,0,553,558,304,51,0,247
INS,4718,47180000,0,503,802,578,125,7,45
INS,4719,47190000,0,400,966,832,412,0,145
INS,4720,47200000,18,349,1138,1067,580,9,201
INS,4721,47210000,27,214,1150,1216,753,0,161
INS,4722,47220000,0,80,1209,1217,934,0,2
INS,4723,47230000,0,0,1084,1207,965,151,242
INS,4724,47240000,30,0,928,1166,934,450,104
INS,4725,47250000,10,0,701,1001,901,685,167
INS,4726,47260000,21,0,394,751,668,781,13
INS,4727,47270000,0,0,168,459,509,824,143
INS,4728,47280000,0,28,22,183,242,708,151
INS,4729,47290000,0,5,10,49,0,525,86
INS,4730,47300000,0,36,0,0,0,288,94
INS,4731,47310000,5,0,5,0,0,28,81
INS,4732,47320000,0,1,0,26,0,35,122
INS,4733,47330000,0,0,0,61,0,7,145
INS,4734,47340000,22,0,0,0,0,0,116
INS,4735,47350000,41,16,0,0,12,0,180
INS,4736,47360000,0,0,0,10,0,0,138
INS,4737,47370000,13,20,0,27,42,0,247
INS,4738,47380000,0,15,27,0,23,0,227
INS,4739,47390000,11,0,0,0,56,18,8
INS,4740,47400000,0,9,0,10,0,11,226
INS,4741,47410000,0,0,0,0,1,0,214
INS,4742,47420000,0,32,74,0,7,0,87
INS,4743,47430000,0,4,21,0,0,0,16
INS,4744,47440000,0,4,0,0,2,0,14
INS,4745,47450000,20,0,0,24,36,0,105
INS,4746,47460000,22,24,6,43,0,0,137
INS,4747,47470000,25,9,6,13,0,0,112
INS,4748,47480000,0,0,33,0,2,0,111
INS,4749,47490000,13,44,24,0,0,10,184
INS,4750,47500000,0,13,12,14,17,3,169
INS,4751,47510000,337,0,0,7,32,20,11
INS,4752,47520000,579,18,0,37,0,0,10
INS,4753,47530000,858,0,0,4,0,0,255
INS,4754,47540000,1074,0,38,0,2,0,12
INS,4755,47550000,1222,0,36,0,21,23,217
INS,4756,47560000,1364,2,0,0,58,14,114
INS,4757,47570000,1423,11,0,0,0,0,127
INS,4758,47580000,1413,75,0,0,29,39,10
INS,4759,47590000,1402,179,0,12,0,18,82
INS,4760,47600000,1213,293,0,0,8,4,6
INS,4761,47610000,1083,377,0,0,0,52,17
INS,4762,47620000,907,565,1,5,0,0,0
INS,4763,47630000,579,600,0,0,0,0,230
INS,4764,47640000,333,620,0,0,0,0,21
INS,4765,47650000,0,636,14,0,0,8,255
INS,4766,47660000,18,642,301,61,19,19,162
INS,4767,47670000,0,590,554,334,0,0,85
INS,4768,47680000,14,528,804,604,136,0,198
INS,4769,47690000,28,411,952,850,373,0,231
INS,4770,47700000,12,351,1094,1095,616,0,34
INS,4771,47710000,0,170,1203,1262,797,7,66
INS,4772,47720000,0,84,1132,1314,891,0,65
INS,4773,47730000,43,0,1077,1255,967,171,174
INS,4774,47740000,0,0,887,1159,971,437,132
INS,4775,47750000,0,8,706,923,929,634,151
INS,4776,47760000,36,13,429,735,690,761,144
INS,4777,47770000,12,21,157,457,525,835,16
INS,4778,47780000,0,0,0,202,294,742,32
INS,4779,47790000,53,0,0,0,14,576,222
INS,4780,47800000,0,18,0,0,17,313,200
INS,4781,47810000,0,0,16,0,0,28,169
INS,4782,47820000,42,0,19,26,14,15,2
INS,4783,47830000,25,20,0,0,0,0,204
INS,4784,47840000,0,11,18,10,11,35,5
INS,4785,47850000,0,13,0,9,0,24,239
INS,4786,47860000,0,0,0,0,0,0,210
INS,4787,47870000,0,0,4,40,0,2,17
INS,4788,47880000,17,0,3,0,0,0,8
INS,4789,47890000,0,0,16,18,14,8,61
INS,4790,47900000,0,0,27,40,0,0,89
INS,4791,47910000,7,0,0,0,59,0,105
INS,4792,47920000,0,4,18,0,60,0,138
INS,4793,47930000,0,0,11,9,0,0,93
INS,4794,47940000,0,0,0,0,0,0,90
INS,4795,47950000,0,18,13,12,8,26,184
INS,4796,47960000,0,0,0,0,0,5,129
INS,4797,47970000,0,59,0,0,0,0,200
INS,4798,47980000,0,43,0,0,3,0,204
INS,4799,47990000,9,0,7,0,0,27,218
INS,4800,48000000,3,18,14,0,3,25,255
INS,4801,48010000,317,0,0,0,3,32,49
INS,4802,48020000,554,39,1,0,0,0,52
INS,4803,48030000,870,17,0,0,0,19,125
INS,4804,48040000,1093,14,0,0,0,0,87
INS,4805,48050000,1278,0,0,8,7,14,48
INS,4806,48060000,1364,17,0,12,0,0,151
INS,4807,48070000,1439,6,0,0,0,0,220
INS,4808,48080000,1413,94,0,30,49,0,122
INS,4809,48090000,1370,197,11,0,0,0,131
INS,4810,48100000,1269,277,12,0,14,0,142
INS,4811,48110000,1079,403,0,0,0,10,79
INS,4812,48120000,845,531,41,0,12,0,33
INS,4813,48130000,578,524,12,0,11,10,12
INS,4814,48140000,291,631,22,16,0,0,110
INS,4815,48150000,0,672,19,0,0,44,158
INS,4816,48160000,0,613,302,6,4,0,109
INS,4817,48170000,0,598,558,331,0,0,176
INS,4818,48180000,10,477,733,618,117,42,191
INS,4819,48190000,2,463,1008,848,429,46,239
INS,4820,48200000,0,292,1096,1048,589,0,229
INS,4821,48210000,37,210,1166,1164,754,0,40
INS,4822,48220000,0,22,1183,1232,946,2,111
INS,4823,48230000,0,4,1074,1240,1023,120,204
INS,4824,48240000,29,0,925,1168,985,435,46
INS,4825,48250000,4,38,689,998,870,647,23
INS,4826,48260000,25,0,413,740,688,755,183
INS,4827,48270000,0,6,108,491,493,798,243
INS,4828,48280000,0,36,21,172,238,679,22
INS,4829,48290000,3,0,29,49,6,546,38
INS,4830,48300000,16,3,0,6,0,286,245
INS,4831,48310000,11,30,0,14,57,0,63
INS,4832,48320000,0,58,17,0,15,0,58
INS,4833,48330000,0,0,0,0,19,23,27
INS,4834,48340000,19,16,0,0,0,0,37
INS,4835,48350000,5,0,6,0,0,0,30
INS,4836,48360000,0,0,0,0,0,0,36
INS,4837,48370000,0,0,34,0,12,0,99
INS,4838,48380000,0,0,0,0,0,0,70
INS,4839,48390000,0,0,18,0,0,0,105
INS,4840,48400000,0,0,0,0,0,33,137
INS,4841,48410000,18,1,0,6,0,0,146
INS,4842,48420000,0,19,0,11,0,0,168
INS,4843,48430000,0,0,0,0,14,0,169
INS,4844,48440000,1,21,26,0,15,5,240
INS,4845,48450000,0,16,19,0,12,0,236
INS,4846,48460000,39,0,0,0,0,7,252
INS,4847,48470000,5,11,27,1,1,0,12
INS,4848,48480000,0,0,75,0,39,0,98
INS,4849,48490000,18,16,23,14,2,4,78
INS,4850,48500000,0,0,0,32,0,7,57
INS,4851,48510000,350,0,60,0,0,0,189
INS,4852,48520000,577,0,0,22,30,0,169
INS,4853,48530000,822,0,17,24,0,0,164
INS,4854,48540000,1102,0,17,0,20,0,201
INS,4855,48550000,1270,0,14,9,17,0,133
INS,4856,48560000,1362,0,0,11,0,3,216
INS,4857,48570000,1458,3,0,12,22,0,96
INS,4858,48580000,1413,28,0,58,0,1,118
INS,4859,48590000,1398,140,49,43,0,0,9
INS,4860,48600000,1217,345,52,0,8,0,18
INS,4861,48610000,1077,430,23,17,0,9,225
INS,4862,48620000,848,528,0,23,0,0,85
INS,4863,48630000,559,609,0,5,0,14,146
INS,4864,48640000,283,603,13,0,0,0,131
INS,4865,48650000,14,616,43,13,25,0,216
INS,4866,48660000,9,625,331,0,0,0,231
INS,4867,48670000,31,594,522,320,0,1,239
INS,4868,48680000,0,463,821,618,113,51,86
INS,4869,48690000,0,423,962,879,338,0,127
INS,4870,48700000,0,268,1089,1060,636,0,83
INS,4871,48710000,7,171,1151,1199,758,11,88
INS,4872,48720000,0,79,1146,1244,929,32,238
INS,4873,48730000,0,72,1034,1278,1007,153,113
INS,4874,48740000,0,0,928,1131,985,460,90
INS,4875,48750000,0,0,693,959,903,625,39
INS,4876,48760000,2,0,410,726,753,769,48
INS,4877,48770000,0,0,157,495,527,804,156
INS,4878,48780000,20,0,18,145,242,734,117
INS,4879,48790000,0,0,54,0,15,547,103
INS,4880,48800000,18,0,34,0,15,300,127
INS,4881,48810000,5,0,52,16,0,0,106
INS,4882,48820000,7,6,0,0,16,26,105
INS,4883,48830000,22,39,13,30,0,57,228
INS,4884,48840000,0,5,0,0,8,36,133
INS,4885,48850000,5,0,36,0,3,0,145
INS,4886,48860000,1,3,0,0,0,0,122
INS,4887,48870000,0,0,0,53,34,70,36
INS,4888,48880000,43,0,41,0,0,0,236
INS,4889,48890000,0,0,0,8,21,8,206
INS,4890,48900000,0,6,0,0,0,12,204
INS,4891,48910000,21,0,51,0,0,7,26
INS,4892,48920000,24,13,68,0,0,0,69
INS,4893,48930000,0,0,39,0,14,0,34
INS,4894,48940000,4,0,0,0,31,34,67
INS,4895,48950000,0,15,14,43,0,0,87
INS,4896,48960000,0,0,14,6,0,0,52
INS,4897,48970000,17,47,0,0,0,16,129
INS,4898,48980000,16,20,40,14,0,12,168
INS,4899,48990000,0,0,0,7,0,26,116
INS,4900,49000000,0,0,0,21,40,0,161
INS,4901,49010000,281,26,0,0,0,0,168
INS,4902,49020000,579,0,0,66,0,23,34
INS,4903,49030000,849,9,0,0,10,0,251
INS,4904,49040000,1041,18,0,0,0,11,214
INS,4905,49050000,1282,2,0,13,32,16,250
INS,4906,49060000,1350,18,0,0,0,37,71
INS,4907,49070000,1462,41,0,8,14,55,7
INS,4908,49080000,1429,97,0,0,0,64,34
INS,4909,49090000,1373,213,3,0,29,31,110
INS,4910,49100000,1251,286,0,0,16,0,31
INS,4911,49110000,1097,451,0,13,0,0,56
INS,4912,49120000,869,477,13,0,0,0,127
INS,4913,49130000,629,585,0,0,0,0,255
INS,4914,49140000,303,616,38,2,0,19,36
INS,4915,49150000,0,654,0,0,11,1,253
INS,4916,49160000,0,570,320,18,8,15,23
INS,4917,49170000,0,605,587,324,51,0,164
INS,4918,49180000,0,503,822,614,111,24,176
INS,4919,49190000,0,460,1006,856,377,28,78
INS,4920,49200000,68,299,1111,1067,649,0,50
INS,4921,49210000,8,162,1179,1228,803,0,253
INS,4922,49220000,0,68,1120,1301,971,19,113
INS,4923,49230000,0,0,1040,1222,976,151,40
INS,4924,49240000,3,0,889,1138,980,455,133
INS,4925,49250000,0,16,720,948,823,627,75
INS,4926,49260000,0,5,431,747,739,787,179
INS,4927,49270000,0,17,85,486,485,823,151
INS,4928,49280000,0,0,0,177,266,698,181
INS,4929,49290000,3,20,0,50,29,580,251
INS,4930,49300000,0,0,0,0,0,285,127
INS,4931,49310000,0,0,0,10,0,0,125
INS,4932,49320000,26,0,15,0,0,0,173
INS,4933,49330000,0,0,0,0,0,24,173
INS,4934,49340000,2,14,46,19,0,0,247
INS,4935,49350000,10,0,0,0,27,0,220
INS,4936,49360000,0,0,0,0,0,9,209
INS,4937,49370000,13,34,13,15,36,0,72
INS,4938,49380000,5,15,0,7,0,0,5
INS,4939,49390000,28,0,26,0,26,9,84
INS,4940,49400000,2,19,0,0,24,0,57
INS,4941,49410000,0,20,0,0,0,0,49
INS,4942,49420000,0,8,32,7,22,40,155
INS,4943,49430000,36,71,0,0,0,0,170
INS,4944,49440000,28,0,8,9,0,0,125
INS,4945,49450000,0,19,17,0,32,21,186
INS,4946,49460000,31,0,0,0,0,47,192
INS,4947,49470000,0,13,0,22,0,3,169
INS,4948,49480000,31,0,0,17,0,38,234
INS,4949,49490000,0,4,0,0,2,5,176
INS,4950,49500000,10,0,9,32,12,9,254
INS,4951,49510000,338,17,0,0,0,0,42
INS,4952,49520000,561,0,35,0,0,26,70
INS,4953,49530000,908,0,0,0,0,0,117
INS,4954,49540000,1064,10,0,0,42,0,86
INS,4955,49550000,1248,0,9,0,0,0,244
INS,4956,49560000,1398,0,0,8,0,25,179
INS,4957,49570000,1429,0,10,0,15,33,252
INS,4958,49580000,1420,109,2,22,12,0,91
INS,4959,49590000,1353,201,29,6,1,0,133
INS,4960,49600000,1251,305,0,0,0,0,116
INS,4961,49610000,1068,427,15,39,29,22,177
INS,4962,49620000,850,461,59,0,8,0,228
INS,4963,49630000,604,518,34,27,0,20,70
INS,4964,49640000,271,603,0,0,0,0,14
INS,4965,49650000,43,610,0,15,0,39,120
INS,4966,49660000,16,613,303,52,14,43,215
INS,4967,49670000,15,553,580,318,10,36,191
INS,4968,49680000,0,517,805,598,167,20,35
INS,4969,49690000,0,423,948,891,385,3,83
INS,4970,49700000,10,286,1122,1083,655,25,119
INS,4971,49710000,5,195,1142,1183,834,0,58
INS,4972,49720000,47,98,1167,1253,958,12,251
INS,4973,49730000,0,0,1042,1223,997,86,81
INS,4974,49740000,28,15,902,1140,971,422,228
INS,4975,49750000,2,5,712,1000,894,661,41
INS,4976,49760000,6,5,353,758,688,775,137
INS,4977,49770000,0,0,146,455,461,776,175
INS,4978,49780000,34,0,13,182,277,713,85
INS,4979,49790000,0,12,53,0,44,539,43
INS,4980,49800000,31,0,4,0,0,315,18
INS,4981,49810000,0,11,0,0,0,30,238
INS,4982,49820000,0,2,0,0,0,0,216
INS,4983,49830000,0,0,5,0,0,50,30
INS,4984,49840000,6,36,33,4,0,0,71
INS,4985,49850000,13,0,36,21,4,2,85
INS,4986,49860000,11,29,0,29,12,28,135
INS,4987,49870000,24,0,0,0,3,9,79
INS,4988,49880000,0,0,0,0,31,0,91
INS,4989,49890000,0,0,7,0,1,17,102
INS,4990,49900000,0,25,0,0,5,0,124
INS,4991,49910000,14,6,0,0,0,3,134
INS,4992,49920000,24,36,33,0,0,21,242
INS,4993,49930000,0,0,0,0,0,16,161
INS,4994,49940000,7,23,33,10,2,0,237
INS,4995,49950000,36,0,37,15,0,0,11
INS,4996,49960000,0,1,1,11,0,0,209
INS,4997,49970000,0,0,0,0,0,46,3
INS,4998,49980000,0,25,0,0,24,5,28
INS,4999,49990000,12,0,5,0,30,1,39
INS,5000,50000000,0,0,0,16,0,0,24
INS,5001,50010000,293,0,0,9,5,0,76
INS,5002,50020000,569,0,11,18,0,14,142
INS,5003,50030000,896,0,0,1,0,0,188
INS,5004,50040000,1094,21,0,0,13,0,180
INS,5005,50050000,1267,24,20,0,7,0,131
INS,5006,50060000,1423,0,0,21,0,0,18
INS,5007,50070000,1418,24,0,0,0,26,59
INS,5008,50080000,1442,78,43,0,18,0,189
INS,5009,50090000,1361,225,0,0,32,36,23
INS,5010,50100000,1218,304,0,4,28,0,196
INS,5011,50110000,1051,455,0,0,0,0,165
INS,5012,50120000,836,502,0,26,61,37,138
INS,5013,50130000,605,616,11,0,31,4,216
INS,5014,50140000,312,642,0,0,8,8,192
INS,5015,50150000,13,693,0,7,0,20,228
INS,5016,50160000,0,623,260,0,0,0,139
INS,5017,50170000,0,589,570,292,0,41,253
INS,5018,50180000,2,476,796,632,150,12,78
INS,5019,50190000,0,398,983,848,416,20,180
INS,5020,50200000,0,362,1110,1060,618,27,197
INS,5021,50210000,0,224,1183,1234,798,38,2
INS,5022,50220000,6,41,1115,1252,935,21,168
INS,5023,50230000,0,0,1083,1257,989,163,51
INS,5024,50240000,1,10,900,1181,1029,450,147
INS,5025,50250000,4,5,740,941,889,646,74
INS,5026,50260000,2,0,413,744,689,807,33
INS,5027,50270000,0,7,154,532,531,808,195
INS,5028,50280000,0,16,15,161,282,741,163
INS,5029,50290000,0,8,20,0,0,558,63
INS,5030,50300000,38,0,0,0,26,292,106
INS,5031,50310000,0,6,23,2,0,0,54
INS,5032,50320000,0,4,0,0,0,29,73
INS,5033,50330000,0,0,0,23,9,0,89
INS,5034,50340000,0,0,0,58,2,37,171
INS,5035,50350000,57,13,0,27,1,7,196
INS,5036,50360000,7,12,0,0,22,0,149
INS,5037,50370000,0,0,0,0,11,0,136
INS,5038,50380000,0,9,27,0,0,12,190
INS,5039,50390000,38,0,0,0,17,31,245
INS,5040,50400000,0,0,0,8,0,0,184
INS,5041,50410000,18,0,34,0,0,16,5
INS,5042,50420000,0,0,10,0,51,0,15
INS,5043,50430000,0,0,10,0,0,0,237
INS,5044,50440000,0,0,29,0,0,57,74
INS,5045,50450000,0,3,24,0,0,0,32
INS,5046,50460000,8,13,23,0,0,10,76
INS,5047,50470000,1,0,0,17,28,0,85
INS,5048,50480000,0,35,0,0,13,0,104
INS,5049,50490000,4,35,0,6,0,0,118
INS,5050,50500000,0,0,0,0,0,48,138
INS,5051,50510000,298,14,0,0,0,7,170
INS,5052,50520000,555,0,12,0,11,0,190
INS,5053,50530000,874,0,35,3,8,12,49
INS,5054,50540000,1052,0,0,0,20,18,224
INS,5055,50550000,1243,0,0,35,0,10,183
INS,5056,50560000,1409,0,30,0,0,15,110
INS,5057,50570000,1432,0,42,3,0,35,185
INS,5058,50580000,1450,87,0,0,0,29,0
INS,5059,50590000,1294,194,11,12,28,0,246
INS,5060,50600000,1247,338,3,9,9,0,74
INS,5061,50610000,1132,407,0,0,0,17,41
INS,5062,50620000,829,525,0,0,0,0,112
INS,5063,50630000,606,616,19,1,0,10,27
INS,5064,50640000,272,622,0,8,17,7,230
INS,5065,50650000,0,638,0,0,0,0,215
INS,5066,50660000,12,610,283,0,0,34,21
INS,5067,50670000,42,592,585,290,7,19,122
INS,5068,50680000,24,553,799,627,94,29,218
INS,5069,50690000,0,429,978,870,357,0,231
INS,5070,50700000,31,334,1132,1073,664,0,80
INS,5071,50710000,0,222,1200,1202,795,0,26
INS,5072,50720000,48,79,1142,1232,933,0,58
INS,5073,50730000,8,9,1057,1226,968,162,71
INS,5074,50740000,0,11,911,1156,955,419,110
INS,5075,50750000,0,0,688,963,904,639,125
INS,5076,50760000,0,27,438,783,710,762,180
INS,5077,50770000,13,20,131,443,504,821,177
INS,5078,50780000,0,25,0,140,295,741,231
INS,5079,50790000,0,0,11,17,17,565,169
INS,5080,50800000,0,0,30,0,0,309,171
INS,5081,50810000,14,28,1,27,0,0,175
INS,5082,50820000,0,0,6,0,10,0,138
INS,5083,50830000,0,0,0,30,0,18,187
INS,5084,50840000,0,20,27,0,0,0,203
INS,5085,50850000,15,0,20,2,0,5,215
INS,5086,50860000,0,33,0,15,3,49,34
INS,5087,50870000,26,4,20,33,0,0,34
INS,5088,50880000,10,0,25,14,0,46,63
INS,5089,50890000,0,15,0,0,4,0,4
INS,5090,50900000,21,0,0,23,0,0,46
INS,5091,50910000,0,16,13,0,0,0,48
INS,5092,50920000,41,0,0,0,14,4,95
INS,5093,50930000,34,39,14,36,0,49,225
INS,5094,50940000,0,0,5,9,12,0,96
INS,5095,50950000,7,0,4,28,31,0,157
INS,5096,50960000,12,27,0,7,0,0,150
INS,5097,50970000,4,11,0,12,0,27,175
INS,5098,50980000,0,33,4,0,0,0,175
INS,5099,50990000,18,0,16,0,18,52,3
INS,5100,51000000,0,0,16,46,0,31,9
INS,5101,51010000,303,22,0,0,25,46,73
INS,5102,51020000,604,0,7,2,0,39,90
INS,5103,51030000,874,0,0,0,0,0,73
INS,5104,51040000,1067,0,0,0,0,1,28
INS,5105,51050000,1263,0,0,1,0,48,33
INS,5106,51060000,1345,0,0,0,13,0,96
INS,5107,51070000,1415,0,0,0,0,0,170
INS,5108,51080000,1425,34,0,6,0,0,237
INS,5109,51090000,1352,180,0,0,11,18,94
INS,5110,51100000,1248,308,0,29,17,0,152
INS,5111,51110000,1040,535,0,24,9,0,175
INS,5112,51120000,904,516,0,0,0,29,33
INS,5113,51130000,602,600,0,36,0,0,95
INS,5114,51140000,324,670,25,0,0,3,152
INS,5115,51150000,0,673,0,0,0,0,76
INS,5116,51160000,0,581,337,30,13,0,125
INS,5117,51170000,0,580,612,347,0,2,210
INS,5118,51180000,0,528,781,616,173,0,16
INS,5119,51190000,42,443,1013,869,430,0,220
INS,5120,51200000,17,326,1121,1016,677,19,104
INS,5121,51210000,0,160,1158,1194,824,0,25
INS,5122,51220000,58,60,1159,1264,918,15,180
INS,5123,51230000,11,32,1106,1242,995,191,44
INS,5124,51240000,14,0,891,1125,986,416,172
INS,5125,51250000,5,45,716,1013,940,581,57
INS,5126,51260000,29,35,468,710,719,782,29
INS,5127,51270000,0,24,133,452,515,810,5
INS,5128,51280000,6,3,0,183,286,732,66
INS,5129,51290000,22,24,44,0,0,553,28
INS,5130,51300000,0,9,0,16,0,283,222
INS,5131,51310000,0,12,0,18,4,0,221
INS,5132,51320000,0,0,23,0,17,0,244
INS,5133,51330000,0,18,0,0,2,22,7
INS,5134,51340000,0,0,0,18,34,0,34
INS,5135,51350000,16,16,0,0,17,5,53
INS,5136,51360000,10,0,72,0,39,0,137
INS,5137,51370000,0,0,0,3,0,0,36
INS,5138,51380000,0,0,0,0,0,0,50
INS,5139,51390000,42,0,22,37,0,29,197
INS,5140,51400000,20,0,34,7,28,0,173
INS,5141,51410000,0,0,57,0,0,19,177
INS,5142,51420000,26,36,0,0,0,8,188
INS,5143,51430000,19,20,14,10,0,29,227
INS,5144,51440000,0,0,17,0,8,0,177
INS,5145,51450000,0,28,1,0,21,3,222
INS,5146,51460000,0,0,40,0,0,9,235
INS,5147,51470000,0,0,0,0,0,0,203
INS,5148,51480000,30,0,1,0,48,41,84
INS,5149,51490000,0,12,10,0,0,0,3
INS,5150,51500000,0,0,7,31,16,11,63
INS,5151,51510000,323,0,8,48,32,7,177
INS,5152,51520000,556,0,0,0,0,9,85
INS,5153,51530000,812,0,37,30,0,0,160
INS,5154,51540000,1084,22,6,41,0,0,195
INS,5155,51550000,1243,5,0,10,0,10,71
INS,5156,51560000,1360,0,20,2,29,0,231
INS,5157,51570000,1426,0,0,0,11,49,67
INS,5158,51580000,1470,55,14,12,2,0,151
INS,5159,51590000,1393,227,0,0,0,16,251
INS,5160,51600000,1263,291,0,0,0,0,186
INS,5161,51610000,1054,361,2,18,11,10,105
INS,5162,51620000,838,474,39,26,0,41,84
INS,5163,51630000,611,558,24,0,0,26,158
INS,5164,51640000,260,584,8,0,28,6,98
INS,5165,51650000,0,587,15,31,0,22,140
INS,5166,51660000,26,581,332,39,0,0,224
INS,5167,51670000,0,578,586,332,0,0,247
INS,5168,51680000,0,482,771,661,157,0,71
INS,5169,51690000,0,452,990,884,386,0,217
INS,5170,51700000,0,349,1147,1044,647,0,197
INS,5171,51710000,3,183,1162,1212,859,0,190
INS,5172,51720000,15,63,1147,1279,936,0,228
INS,5173,51730000,5,0,1081,1276,972,109,248
INS,5174,51740000,13,0,894,1105,1000,465,43
INS,5175,51750000,16,0,720,984,893,615,67
INS,5176,51760000,0,0,378,783,740,777,46
INS,5177,51770000,35,0,121,458,516,805,88
INS,5178,51780000,9,0,17,105,303,719,91
INS,5179,51790000,0,41,36,70,17,529,160
INS,5180,51800000,33,10,0,5,33,307,128
INS,5181,51810000,0,0,0,0,2,0,15
INS,5182,51820000,0,3,0,0,12,0,45
INS,5183,51830000,0,0,0,0,0,14,61
INS,5184,51840000,0,13,0,0,0,0,77
INS,5185,51850000,11,0,14,35,0,42,183
INS,5186,51860000,0,53,0,4,0,17,172
INS,5187,51870000,57,11,0,0,28,0,211
INS,5188,51880000,22,0,45,0,0,0,199
INS,5189,51890000,27,9,0,7,23,1,216
INS,5190,51900000,0,30,0,0,14,0,210
INS,5191,51910000,0,25,5,26,13,38,34
INS,5192,51920000,8,2,8,0,85,0,47
INS,5193,51930000,12,10,2,3,0,1,245
INS,5194,51940000,9,0,0,0,12,0,255
INS,5195,51950000,12,0,18,0,10,0,35
INS,5196,51960000,2,6,12,27,25,0,84
INS,5197,51970000,48,0,3,0,0,40,120
INS,5198,51980000,14,2,0,12,0,6,80
INS,5199,51990000,0,0,38,0,0,3,104
INS,5200,52000000,0,19,6,5,0,0,110
INS,5201,52010000,311,0,31,20,0,12,215
INS,5202,52020000,549,0,6,0,0,0,157
INS,5203,52030000,817,11,0,16,0,38,245
INS,5204,52040000,1081,0,0,0,0,0,205
INS,5205,52050000,1243,0,0,18,1,8,155
INS,5206,52060000,1346,0,14,0,20,0,26
INS,5207,52070000,1439,22,35,0,8,0,167
INS,5208,52080000,1435,85,0,37,0,0,237
INS,5209,52090000,1325,195,0,0,7,0,224
INS,5210,52100000,1226,342,0,22,26,9,83
INS,5211,52110000,1071,424,0,6,45,0,21
INS,5212,52120000,843,498,7,15,7,24,142
INS,5213,52130000,599,545,0,0,21,40,226
INS,5214,52140000,283,606,0,3,0,10,196
INS,5215,52150000,0,656,0,0,13,0,236
INS,5216,52160000,0,659,306,0,28,6,71
INS,5217,52170000,0,574,582,342,0,32,107
INS,5218,52180000,0,479,842,627,96,15,141
INS,5219,52190000,0,425,947,804,388,0,151
INS,5220,52200000,0,374,1120,1012,611,0,209
INS,5221,52210000,20,188,1180,1194,839,0,18
INS,5222,52220000,25,46,1192,1287,963,5,132
INS,5223,52230000,0,14,1098,1198,978,181,100
INS,5224,52240000,9,0,951,1125,991,380,104
INS,5225,52250000,0,0,671,966,900,629,87
INS,5226,52260000,16,18,449,767,729,776,205
INS,5227,52270000,0,0,153,468,530,854,240
INS,5228,52280000,0,0,40,135,282,713,190
INS,5229,52290000,0,10,8,0,44,507,118
INS,5230,52300000,38,0,0,0,2,265,127
INS,5231,52310000,0,0,0,17,8,8,128
INS,5232,52320000,27,32,0,34,3,18,226
INS,5233,52330000,0,0,0,0,0,52,181
INS,5234,52340000,19,1,0,0,0,24,190
INS,5235,52350000,0,0,18,0,0,0,181
INS,5236,52360000,0,0,0,0,47,0,227
INS,5237,52370000,0,0,0,0,9,0,206
INS,5238,52380000,0,14,27,43,0,25,67
INS,5239,52390000,11,0,0,0,7,0,249
INS,5240,52400000,0,5,22,5,4,22,50
INS,5241,52410000,0,0,0,2,22,0,33
INS,5242,52420000,0,10,0,15,33,63,147
INS,5243,52430000,1,0,46,0,0,31,121
INS,5244,52440000,0,16,0,0,32,4,112
INS,5245,52450000,0,15,0,13,17,18,140
INS,5246,52460000,49,0,0,38,14,14,209
INS,5247,52470000,39,7,8,20,0,0,185
INS,5248,52480000,51,12,0,28,0,10,229
INS,5249,52490000,0,0,0,0,0,0,145
INS,5250,52500000,12,0,0,0,52,14,240
INS,5251,52510000,333,33,23,17,0,0,73
INS,5252,52520000,565,7,0,26,0,0,26
INS,5253,52530000,820,1,39,12,0,0,61
INS,5254,52540000,1119,0,0,0,80,0,149
INS,5255,52550000,1246,0,1,7,15,27,7
INS,5256,52560000,1347,0,9,0,0,0,84
INS,5257,52570000,1400,0,13,13,18,24,213
INS,5258,52580000,1440,115,0,9,32,25,127
INS,5259,52590000,1347,168,0,0,0,0,38
INS,5260,52600000,1253,354,0,0,0,15,162
INS,5261,52610000,1097,426,0,104,31,14,229
INS,5262,52620000,847,523,19,0,0,3,222
INS,5263,52630000,607,594,2,46,14,0,110
INS,5264,52640000,305,646,17,27,7,0,122
INS,5265,52650000,0,628,27,0,0,8,56
INS,5266,52660000,0,579,303,0,0,20,56
INS,5267,52670000,21,590,587,349,5,57,12
INS,5268,52680000,42,511,817,607,182,0,67
INS,5269,52690000,17,440,983,851,407,0,111
INS,5270,52700000,0,336,1085,1065,584,28,16
INS,5271,52710000,26,208,1174,1170,815,0,72
INS,5272,52720000,6,83,1129,1247,981,1,143
INS,5273,52730000,0,0,1095,1265,981,163,217
INS,5274,52740000,0,0,881,1138,982,392,123
INS,5275,52750000,20,0,684,993,869,613,182
INS,5276,52760000,0,0,429,764,727,791,243
INS,5277,52770000,15,0,106,477,486,814,215
INS,5278,52780000,23,23,0,164,196,706,214
INS,5279,52790000,0,0,10,0,0,539,180
INS,5280,52800000,0,0,20,14,46,280,8
INS,5281,52810000,0,0,13,0,0,0,190
INS,5282,52820000,39,0,20,0,0,27,24
INS,5283,52830000,0,11,0,7,0,23,252
INS,5284,52840000,20,39,0,12,47,26,116
INS,5285,52850000,12,0,11,18,0,3,33
INS,5286,52860000,0,52,42,36,0,22,158
INS,5287,52870000,8,24,10,50,0,0,115
INS,5288,52880000,0,15,0,8,3,8,74
INS,5289,52890000,3,8,0,36,0,0,104
INS,5290,52900000,60,30,0,10,2,0,176
INS,5291,52910000,0,0,0,23,0,0,114
INS,5292,52920000,0,0,0,17,0,0,125
INS,5293,52930000,52,29,0,0,11,18,235
INS,5294,52940000,0,12,32,0,0,0,186
INS,5295,52950000,16,0,0,0,0,55,230
INS,5296,52960000,4,1,37,0,5,0,223
INS,5297,52970000,53,50,31,9,0,0,80
INS,5298,52980000,6,3,11,0,0,52,26
INS,5299,52990000,0,16,14,0,0,27,28
INS,5300,53000000,0,13,4,0,33,41,79
INS,5301,53010000,310,35,0,0,35,0,129
INS,5302,53020000,569,0,0,1,41,20,141
INS,5303,53030000,836,3,0,0,0,0,110
INS,5304,53040000,1062,0,19,2,45,0,160
INS,5305,53050000,1265,8,4,0,0,0,70
INS,5306,53060000,1354,37,0,0,53,0,254
INS,5307,53070000,1456,14,0,0,0,26,67
INS,5308,53080000,1438,73,0,0,10,0,109
INS,5309,53090000,1371,181,0,18,0,0,175
INS,5310,53100000,1234,315,0,0,50,0,221
INS,5311,53110000,1100,424,0,0,0,6,169
INS,5312,53120000,836,556,3,0,1,59,111
INS,5313,53130000,546,602,0,6,30,26,139
INS,5314,53140000,313,632,13,0,37,13,210
INS,5315,53150000,46,636,0,20,44,0,221
INS,5316,53160000,0,623,306,11,0,37,213
INS,5317,53170000,0,569,561,341,0,0,212
INS,5318,53180000,16,526,792,556,112,0,248
INS,5319,53190000,0,421,1018,845,407,4,190
INS,5320,53200000,2,387,1115,1074,614,0,192
INS,5321,53210000,13,206,1166,1202,823,21,192
INS,5322,53220000,0,65,1150,1204,955,0,152
INS,5323,53230000,18,11,1016,1193,990,135,158
INS,5324,53240000,0,0,933,1157,973,473,92
INS,5325,53250000,0,0,679,970,849,606,189
INS,5326,53260000,50,32,445,768,693,810,156
INS,5327,53270000,0,1,109,467,508,795,23
INS,5328,53280000,8,0,5,146,316,674,77
INS,5329,53290000,0,0,34,31,0,566,88
INS,5330,53300000,0,0,27,0,0,304,61
INS,5331,53310000,0,0,0,0,29,0,32
INS,5332,53320000,0,35,0,3,0,23,81
INS,5333,53330000,0,28,0,0,30,0,95
INS,5334,53340000,3,24,12,0,0,0,93
INS,5335,53350000,0,6,0,30,10,13,130
INS,5336,53360000,16,2,0,0,0,0,106
INS,5337,53370000,0,15,0,0,0,12,132
INS,5338,53380000,0,12,0,0,42,0,176
INS,5339,53390000,0,15,7,0,0,0,161
INS,5340,53400000,40,0,21,30,22,25,38
INS,5341,53410000,38,14,0,2,0,0,227
INS,5342,53420000,0,44,0,0,20,16,14
INS,5343,53430000,0,0,0,20,18,0,245
INS,5344,53440000,0,17,0,0,22,0,7
INS,5345,53450000,12,0,41,0,5,8,51
INS,5346,53460000,0,0,23,0,0,27,52
INS,5347,53470000,0,0,0,0,38,14,71
INS,5348,53480000,17,0,16,7,61,25,162
INS,5349,53490000,0,6,14,18,4,0,95
INS,5350,53500000,27,9,5,0,0,0,111
INS,5351,53510000,268,7,0,49,21,35,211
INS,5352,53520000,561,0,0,0,20,33,206
INS,5353,53530000,842,22,7,22,0,14,4
INS,5354,53540000,1088,22,0,14,0,16,254
INS,5355,53550000,1281,55,43,53,9,0,60
INS,5356,53560000,1352,22,22,45,0,0,77
INS,5357,53570000,1478,18,27,28,36,23,7
INS,5358,53580000,1440,108,8,21,0,22,13
INS,5359,53590000,1396,231,26,6,0,18,108
INS,5360,53600000,1209,313,15,0,0,7,248
INS,5361,53610000,1104,429,8,0,16,2,24
INS,5362,53620000,858,506,21,24,0,7,154
INS,5363,53630000,596,611,31,0,0,4,253
INS,5364,53640000,254,665,23,2,0,0,228
INS,5365,53650000,17,619,7,24,7,0,231
INS,5366,53660000,21,613,278,17,12,0,3
INS,5367,53670000,13,594,521,285,0,0,236
INS,5368,53680000,42,527,797,624,148,3,213
INS,5369,53690000,13,407,1002,817,394,0,210
INS,5370,53700000,0,338,1102,1036,624,4,186
INS,5371,53710000,0,224,1163,1206,811,10,1
INS,5372,53720000,62,69,1133,1235,943,1,47
INS,5373,53730000,0,0,1069,1207,999,143,39
INS,5374,53740000,11,0,854,1125,960,431,19
INS,5375,53750000,18,0,680,965,888,688,150
INS,5376,53760000,23,0,416,705,746,767,97
INS,5377,53770000,23,3,151,434,520,792,148
INS,5378,53780000,22,0,2,132,270,771,207
INS,5379,53790000,22,0,22,0,5,556,144
INS,5380,53800000,0,2,0,42,0,279,135
INS,5381,53810000,2,9,2,20,48,12,178
INS,5382,53820000,0,10,0,0,8,0,120
INS,5383,53830000,0,33,38,18,0,0,208
INS,5384,53840000,0,2,35,33,37,0,243
INS,5385,53850000,0,0,0,0,7,6,166
INS,5386,53860000,25,0,0,0,0,7,202
INS,5387,53870000,0,0,14,12,7,0,220
INS,5388,53880000,34,0,27,0,0,1,10
INS,5389,53890000,9,17,0,0,0,0,247
INS,5390,53900000,22,5,26,13,7,0,55
INS,5391,53910000,6,0,5,29,0,16,55
INS,5392,53920000,0,0,0,0,18,13,47
INS,5393,53930000,0,0,0,20,9,16,78
INS,5394,53940000,0,0,0,0,0,0,50
INS,5395,53950000,0,29,35,22,0,0,153
INS,5396,53960000,10,0,1,0,30,16,141
INS,5397,53970000,14,0,12,2,4,0,133
INS,5398,53980000,21,0,0,29,0,0,168
INS,5399,53990000,0,0,8,0,25,0,168
INS,5400,54000000,0,0,48,9,0,40,249
INS,5401,54010000,282,0,0,0,7,9,211
INS,5402,54020000,584,0,0,0,8,39,49
INS,5403,54030000,856,27,20,0,3,12,97
INS,5404,54040000,1066,0,0,0,32,0,38
INS,5405,54050000,1222,9,20,2,3,0,213
INS,5406,54060000,1362,0,0,27,3,30,140
INS,5407,54070000,1468,0,0,0,0,0,203
INS,5408,54080000,1454,59,0,0,0,0,9
INS,5409,54090000,1382,143,0,34,0,0,72
INS,5410,54100000,1269,292,0,9,0,0,100
INS,5411,54110000,1047,401,0,0,21,16,32
INS,5412,54120000,820,466,0,45,19,0,170
INS,5413,54130000,618,541,23,11,7,0,37
INS,5414,54140000,301,615,28,0,16,46,116
INS,5415,54150000,21,639,0,0,16,0,59
INS,5416,54160000,18,612,293,0,5,0,72
INS,5417,54170000,0,611,544,294,10,11,119
INS,5418,54180000,0,514,750,580,163,0,161
INS,5419,54190000,38,421,980,843,387,0,72
INS,5420,54200000,3,297,1098,1099,639,3,47
INS,5421,54210000,0,197,1207,1192,799,27,91
INS,5422,54220000,0,123,1177,1268,903,8,165
INS,5423,54230000,32,16,1035,1220,973,176,155
INS,5424,54240000,0,22,920,1132,986,457,237
INS,5425,54250000,4,0,704,957,879,619,156
INS,5426,54260000,4,0,462,739,705,793,225
INS,5427,54270000,6,9,149,461,542,791,9
INS,5428,54280000,2,9,35,143,241,719,241
INS,5429,54290000,0,23,0,0,31,534,209
INS,5430,54300000,45,0,0,26,18,316,43
INS,5431,54310000,0,21,46,0,16,8,2
INS,5432,54320000,16,0,25,27,8,0,4
INS,5433,54330000,0,0,0,0,0,0,201
INS,5434,54340000,4,0,0,20,15,3,4
INS,5435,54350000,7,43,15,33,45,52,174
INS,5436,54360000,0,20,51,0,49,0,116
INS,5437,54370000,2,0,0,0,10,0,25
INS,5438,54380000,0,0,0,14,0,27,71
INS,5439,54390000,0,1,0,26,21,0,95
INS,5440,54400000,0,0,21,1,48,0,134
INS,5441,54410000,0,30,2,0,0,0,113
INS,5442,54420000,0,34,0,2,0,37,171
INS,5443,54430000,0,0,0,8,0,10,133
INS,5444,54440000,0,0,1,0,10,0,143
INS,5445,54450000,4,17,0,35,0,0,205
INS,5446,54460000,0,0,6,2,0,14,188
INS,5447,54470000,0,0,0,0,40,0,223
INS,5448,54480000,7,0,10,19,0,36,16
INS,5449,54490000,18,10,0,0,19,0,8
INS,5450,54500000,0,0,0,7,43,6,34
INS,5451,54510000,357,10,16,6,13,0,141
INS,5452,54520000,585,7,25,0,16,2,135
INS,5453,54530000,844,0,5,0,0,0,110
INS,5454,54540000,1073,4,0,0,15,0,114
INS,5455,54550000,1233,24,31,0,0,0,71
INS,5456,54560000,1372,14,0,0,9,26,221
INS,5457,54570000,1462,6,14,0,9,0,52
INS,5458,54580000,1421,87,0,16,0,8,110
INS,5459,54590000,1374,218,15,0,23,41,10
INS,5460,54600000,1276,299,50,0,0,17,254
INS,5461,54610000,1064,446,0,21,0,0,160
INS,5462,54620000,856,496,0,0,31,0,29
INS,5463,54630000,603,569,53,6,0,44,194
INS,5464,54640000,327,622,30,0,17,14,202
INS,5465,54650000,3,628,0,4,0,7,107
INS,5466,54660000,35,614,247,19,0,9,150
INS,5467,54670000,0,532,560,340,0,0,163
INS,5468,54680000,44,532,790,635,63,0,44
INS,5469,54690000,0,453,983,873,414,0,208
INS,5470,54700000,29,276,1075,1043,626,1,40
INS,5471,54710000,0,191,1174,1200,785,0,101
INS,5472,54720000,0,66,1176,1285,905,54,254
INS,5473,54730000,0,25,1035,1234,971,146,196
INS,5474,54740000,0,19,941,1158,968,411,43
INS,5475,54750000,0,17,661,951,844,653,201
INS,5476,54760000,0,32,466,768,751,795,160
INS,5477,54770000,15,14,129,516,488,855,150
INS,5478,54780000,11,0,20,144,303,668,64
INS,5479,54790000,0,0,0,0,0,507,210
INS,5480,54800000,22,12,54,27,0,263,98
INS,5481,54810000,17,0,38,0,1,0,49
INS,5482,54820000,0,0,0,32,23,0,65
INS,5483,54830000,0,0,56,33,0,0,116
INS,5484,54840000,0,21,0,19,7,0,91
INS,5485,54850000,0,30,2,0,0,54,147
INS,5486,54860000,0,0,0,22,0,0,100
INS,5487,54870000,15,5,0,43,0,17,175
INS,5488,54880000,4,0,0,25,0,18,159
INS,5489,54890000,0,4,2,0,0,50,185
INS,5490,54900000,0,4,9,9,0,6,174
INS,5491,54910000,8,28,19,13,6,0,237
INS,5492,54920000,18,0,3,0,10,16,227
INS,5493,54930000,83,0,0,0,23,0,47
INS,5494,54940000,14,33,9,0,0,0,14
INS,5495,54950000,0,0,13,2,32,11,33
INS,5496,54960000,0,59,0,0,5,2,58
INS,5497,54970000,4,20,45,31,0,11,120
INS,5498,54980000,45,51,0,4,37,0,163
INS,5499,54990000,7,0,0,9,0,8,67
INS,5500,55000000,6,9,1,8,0,0,84
INS,5501,55010000,291,3,2,13,0,40,170
INS,5502,55020000,562,0,0,27,9,39,219
INS,5503,55030000,862,0,19,17,8,33,26
INS,5504,55040000,1085,40,0,0,37,0,10
INS,5505,55050000,1260,0,0,2,17,0,144
INS,5506,55060000,1407,19,0,0,39,7,98
INS,5507,55070000,1443,0,0,1,0,0,87
INS,5508,55080000,1448,67,1,0,11,15,202
INS,5509,55090000,1379,176,0,0,39,6,21
INS,5510,55100000,1243,351,10,18,1,36,97
INS,5511,55110000,1040,432,0,15,0,0,198
INS,5512,55120000,869,529,19,24,12,0,181
INS,5513,55130000,591,599,0,0,0,16,207
INS,5514,55140000,264,680,10,36,0,0,8
INS,5515,55150000,20,606,0,6,26,0,205
INS,5516,55160000,0,613,283,7,16,12,239
INS,5517,55170000,6,592,596,320,0,0,71
INS,5518,55180000,0,523,782,598,146,0,111
INS,5519,55190000,11,418,961,881,413,8,3
INS,5520,55200000,0,307,1140,1053,638,0,210
INS,5521,55210000,0,218,1151,1169,743,0,114
INS,5522,55220000,23,42,1114,1242,913,0,184
INS,5523,55230000,48,5,1030,1185,955,127,217
INS,5524,55240000,0,0,910,1084,973,417,12
INS,5525,55250000,0,5,668,948,892,640,54
INS,5526,55260000,0,16,461,742,748,762,159
INS,5527,55270000,0,5,141,481,559,731,132
INS,5528,55280000,18,29,0,138,249,733,167
INS,5529,55290000,8,17,0,6,15,560,135
INS,5530,55300000,0,0,5,23,0,289,119
INS,5531,55310000,19,0,0,9,13,0,116
INS,5532,55320000,0,0,0,27,0,48,167
INS,5533,55330000,19,17,25,0,40,12,222
INS,5534,55340000,0,0,0,0,0,0,126
INS,5535,55350000,0,0,18,4,1,46,212
INS,5536,55360000,57,17,0,0,0,3,237
INS,5537,55370000,15,0,0,0,19,0,211
INS,5538,55380000,7,13,32,0,8,71,69
INS,5539,55390000,0,1,23,0,32,0,11
INS,5540,55400000,0,6,1,37,0,0,16
INS,5541,55410000,22,0,12,0,0,0,23
INS,5542,55420000,0,12,0,13,31,0,62
INS,5543,55430000,6,0,14,0,0,32,75
INS,5544,55440000,0,30,0,0,48,4,122
INS,5545,55450000,0,0,25,0,0,0,82
INS,5546,55460000,0,0,0,6,0,0,80
INS,5547,55470000,2,0,15,0,63,0,171
INS,5548,55480000,12,0,0,37,0,15,172
INS,5549,55490000,0,0,1,0,0,32,158
INS,5550,55500000,0,17,0,21,31,8,219
INS,5551,55510000,324,0,0,0,0,0,227
INS,5552,55520000,587,0,0,0,0,20,15
INS,5553,55530000,871,0,0,12,0,0,52
INS,5554,55540000,1108,0,0,22,16,28,104
INS,5555,55550000,1268,0,0,23,38,4,24
INS,5556,55560000,1361,0,32,14,0,16,131
INS,5557,55570000,1447,0,3,0,19,0,194
INS,5558,55580000,1436,38,21,0,0,0,237
INS,5559,55590000,1373,208,24,0,4,12,124
INS,5560,55600000,1254,268,17,0,33,0,92
INS,5561,55610000,1058,443,0,4,0,11,53
INS,5562,55620000,850,511,42,4,1,20,238
INS,5563,55630000,576,566,5,6,48,0,28
INS,5564,55640000,257,578,0,16,6,0,213
INS,5565,55650000,0,628,15,0,0,0,16
INS,5566,55660000,0,606,292,0,0,11,43
INS,5567,55670000,1,537,561,333,0,0,71
INS,5568,55680000,0,511,795,647,113,0,210
INS,5569,55690000,14,439,957,867,386,0,56
INS,5570,55700000,18,290,1124,1092,597,0,19
INS,5571,55710000,0,189,1173,1123,812,0,212
INS,5572,55720000,21,69,1130,1253,905,0,54
INS,5573,55730000,0,0,1059,1253,1022,131,158
INS,5574,55740000,0,0,886,1091,1014,463,164
INS,5575,55750000,0,21,677,966,907,650,204
INS,5576,55760000,0,19,385,728,723,727,94
INS,5577,55770000,6,15,163,515,510,787,37
INS,5578,55780000,0,0,39,122,266,705,214
INS,5579,55790000,0,0,0,0,0,551,162
INS,5580,55800000,0,2,0,12,40,284,222
INS,5581,55810000,36,45,0,0,4,0,242
INS,5582,55820000,22,0,5,15,0,21,237
INS,5583,55830000,0,0,0,0,4,18,213
INS,5584,55840000,0,0,0,0,0,3,211
INS,5585,55850000,0,19,0,0,30,0,18
INS,5586,55860000,5,23,0,17,0,0,31
INS,5587,55870000,24,0,0,0,0,0,27
INS,5588,55880000,9,12,0,0,8,41,90
INS,5589,55890000,0,0,8,40,0,0,85
INS,5590,55900000,0,9,0,0,0,0,63
INS,5591,55910000,9,45,45,16,0,28,214
INS,5592,55920000,5,7,7,0,0,0,107
INS,5593,55930000,0,0,41,0,0,7,153
INS,5594,55940000,3,21,39,0,0,10,195
INS,5595,55950000,13,0,0,57,0,0,209
INS,5596,55960000,0,10,22,0,0,0,188
INS,5597,55970000,39,54,0,20,21,0,51
INS,5598,55980000,3,0,5,0,0,0,198
INS,5599,55990000,7,0,33,0,65,0,56
INS,5600,56000000,0,56,14,0,0,26,64
INS,5601,56010000,328,1,38,0,0,25,121
INS,5602,56020000,584,16,5,0,0,3,98
INS,5603,56030000,887,0,0,36,4,37,215
INS,5604,56040000,1106,0,0,0,0,10,128
INS,5605,56050000,1261,31,0,12,16,33,126
INS,5606,56060000,1352,0,4,2,0,33,181
INS,5607,56070000,1431,0,2,0,0,0,240
INS,5608,56080000,1452,104,0,1,2,17,144
INS,5609,56090000,1344,190,0,4,6,0,129
INS,5610,56100000,1266,327,40,0,22,0,1
INS,5611,56110000,1099,436,0,15,0,43,212
INS,5612,56120000,803,475,0,0,0,0,170
INS,5613,56130000,606,608,34,0,0,5,162
INS,5614,56140000,251,596,0,39,0,40,108
INS,5615,56150000,17,646,0,5,0,0,123
INS,5616,56160000,0,623,284,0,0,15,138
INS,5617,56170000,0,553,595,303,0,0,172
INS,5618,56180000,0,487,794,613,117,4,241
INS,5619,56190000,10,428,985,791,358,0,47
INS,5620,56200000,0,308,1115,1069,584,0,56
INS,5621,56210000,0,189,1167,1174,834,0,105
INS,5622,56220000,0,87,1172,1242,907,0,166
INS,5623,56230000,0,0,1087,1250,993,144,249
INS,5624,56240000,0,0,922,1161,999,396,14
INS,5625,56250000,0,33,732,934,854,654,16
INS,5626,56260000,15,0,435,748,756,783,75
INS,5627,56270000,33,0,145,462,536,776,75
INS,5628,56280000,14,56,16,160,274,715,143
INS,5629,56290000,0,0,0,14,0,540,247
INS,5630,56300000,7,0,0,23,0,283,23
INS,5631,56310000,6,16,0,5,0,35,45
INS,5632,56320000,3,0,0,28,0,0,31
INS,5633,56330000,2,6,3,0,0,0,28
INS,5634,56340000,0,33,17,0,5,0,89
INS,5635,56350000,9,0,0,0,0,6,66
INS,5636,56360000,2,3,11,0,22,0,106
INS,5637,56370000,0,1,2,0,7,0,95
INS,5638,56380000,36,10,0,38,0,2,188
INS,5639,56390000,0,0,0,2,0,43,164
INS,5640,56400000,74,32,1,53,5,30,75
INS,5641,56410000,30,0,15,15,14,15,242
INS,5642,56420000,0,34,33,8,0,0,245
INS,5643,56430000,26,5,0,41,0,0,3
INS,5644,56440000,0,0,0,8,0,32,244
INS,5645,56450000,0,4,29,0,14,0,12
INS,5646,56460000,0,2,31,0,16,0,31
INS,5647,56470000,0,0,3,18,35,29,84
INS,5648,56480000,0,0,0,16,0,18,50
INS,5649,56490000,15,0,56,0,0,8,112
INS,5650,56500000,1,24,42,0,36,26,179
INS,5651,56510000,315,6,40,9,0,55,236
INS,5652,56520000,578,0,0,11,25,5,191
INS,5653,56530000,838,1,0,0,0,0,172
INS,5654,56540000,1066,1,12,13,0,15,201
INS,5655,56550000,1225,0,0,6,13,0,99
INS,5656,56560000,1372,0,0,15,0,2,5
INS,5657,56570000,1378,12,16,0,1,26,66
INS,5658,56580000,1438,34,34,25,27,0,208
INS,5659,56590000,1369,178,0,20,13,0,247
INS,5660,56600000,1232,324,0,50,59,0,93
INS,5661,56610000,1044,424,10,17,0,0,196
INS,5662,56620000,836,460,37,46,27,0,124
INS,5663,56630000,592,589,33,0,0,31,236
INS,5664,56640000,291,640,19,0,0,31,245
INS,5665,56650000,21,636,0,0,0,0,194
INS,5666,56660000,45,596,252,0,7,0,198
INS,5667,56670000,0,574,566,348,0,19,54
INS,5668,56680000,0,500,779,611,147,0,89
INS,5669,56690000,0,458,1038,879,439,0,115
INS,5670,56700000,15,352,1105,1062,626,31,253
INS,5671,56710000,10,174,1186,1249,823,0,9
INS,5672,56720000,16,99,1138,1295,908,46,86
INS,5673,56730000,0,7,1078,1234,1000,125,45
INS,5674,56740000,0,26,890,1160,940,417,51
INS,5675,56750000,45,0,680,936,879,661,92
INS,5676,56760000,0,0,409,730,714,758,31
INS,5677,56770000,33,0,187,499,514,815,253
INS,5678,56780000,8,18,0,168,273,750,207
INS,5679,56790000,17,17,3,0,28,557,141
INS,5680,56800000,0,22,0,0,0,336,150
INS,5681,56810000,0,0,0,0,12,32,109
INS,5682,56820000,0,27,26,21,6,0,162
INS,5683,56830000,0,8,0,21,20,20,168
INS,5684,56840000,41,0,0,0,0,0,157
INS,5685,56850000,0,0,4,0,39,0,176
INS,5686,56860000,0,10,36,44,0,0,240
INS,5687,56870000,0,3,10,30,9,1,220
INS,5688,56880000,0,0,0,0,5,17,206
INS,5689,56890000,16,0,0,0,2,3,222
INS,5690,56900000,17,0,19,0,0,36,34
INS,5691,56910000,0,12,23,28,33,0,75
INS,5692,56920000,8,0,0,0,0,9,13
INS,5693,56930000,0,0,0,0,0,35,48
INS,5694,56940000,0,0,37,13,0,16,96
INS,5695,56950000,55,0,28,0,0,41,171
INS,5696,56960000,0,17,53,33,0,64,231
INS,5697,56970000,0,19,16,0,0,0,116
INS,5698,56980000,0,22,0,0,15,0,135
INS,5699,56990000,0,0,9,20,18,2,164
INS,5700,57000000,0,0,0,26,15,0,173
INS,5701,57010000,297,0,0,39,0,7,236
INS,5702,57020000,553,13,25,0,0,12,1
INS,5703,57030000,848,10,16,30,12,16,91
INS,5704,57040000,1071,0,0,0,9,45,45
INS,5705,57050000,1229,0,15,16,25,0,222
INS,5706,57060000,1364,0,1,0,0,0,63
INS,5707,57070000,1437,0,0,0,0,0,152
INS,5708,57080000,1410,93,10,0,0,0,245
INS,5709,57090000,1392,173,0,13,0,0,71
INS,5710,57100000,1316,340,15,0,8,0,189
INS,5711,57110000,1066,412,0,0,31,0,36
INS,5712,57120000,813,461,0,0,5,0,79
INS,5713,57130000,581,623,0,0,0,0,21
INS,5714,57140000,288,611,25,39,30,0,83
INS,5715,57150000,0,606,0,0,44,0,13
INS,5716,57160000,39,646,279,3,0,0,91
INS,5717,57170000,0,538,546,295,24,2,34
INS,5718,57180000,0,509,835,563,166,18,225
INS,5719,57190000,46,435,992,868,376,0,100
INS,5720,57200000,12,303,1161,1069,603,41,77
INS,5721,57210000,0,164,1147,1211,846,0,17
INS,5722,57220000,0,48,1131,1260,928,31,64
INS,5723,57230000,0,4,1078,1266,1021,136,188
INS,5724,57240000,13,15,908,1139,969,426,170
INS,5725,57250000,17,0,648,963,896,656,153
INS,5726,57260000,30,10,417,714,691,771,135
INS,5727,57270000,16,9,181,475,499,824,35
INS,5728,57280000,0,0,0,157,261,720,210
INS,5729,57290000,0,0,0,0,73,553,227
INS,5730,57300000,20,0,0,0,27,322,243
INS,5731,57310000,4,0,22,5,15,34,227
INS,5732,57320000,14,0,21,20,0,5,224
INS,5733,57330000,0,8,0,0,0,17,206
INS,5734,57340000,0,6,1,13,11,23,252
INS,5735,57350000,34,9,0,41,3,0,46
INS,5736,57360000,0,0,10,0,0,0,242
INS,5737,57370000,0,0,0,0,28,25,46
INS,5738,57380000,0,28,0,35,33,21,127
INS,5739,57390000,23,0,0,0,4,0,54
INS,5740,57400000,22,0,3,30,0,18,117
INS,5741,57410000,0,2,23,33,0,5,124
INS,5742,57420000,22,0,0,47,28,0,175
INS,5743,57430000,0,24,0,0,60,17,196
INS,5744,57440000,37,0,0,0,38,0,187
INS,5745,57450000,0,13,15,44,20,36,1
INS,5746,57460000,0,14,26,0,19,0,205
INS,5747,57470000,47,0,3,10,0,0,223
INS,5748,57480000,16,0,3,0,0,11,210
INS,5749,57490000,14,22,0,0,35,0,12
INS,5750,57500000,0,9,38,3,29,6,43
INS,5751,57510000,284,0,0,0,24,17,44
INS,5752,57520000,609,3,0,10,0,46,148
INS,5753,57530000,833,0,0,0,13,0,87
INS,5754,57540000,1057,0,18,45,12,0,134
INS,5755,57550000,1273,0,12,70,0,0,118
INS,5756,57560000,1363,0,0,0,8,8,159
INS,5757,57570000,1435,36,3,0,26,25,66
INS,5758,57580000,1444,99,0,11,17,25,154
INS,5759,57590000,1352,172,13,0,27,0,139
INS,5760,57600000,1252,310,26,5,0,39,224
INS,5761,57610000,1067,427,0,0,0,3,106
INS,5762,57620000,841,500,1,0,0,0,224
INS,5763,57630000,637,591,39,0,29,35,230
INS,5764,57640000,289,624,0,0,0,0,85
INS,5765,57650000,12,636,6,16,5,4,124
INS,5766,57660000,0,604,291,0,0,29,130
INS,5767,57670000,10,588,569,272,0,0,150
INS,5768,57680000,35,486,787,618,112,6,4
INS,5769,57690000,14,426,931,879,420,46,181
INS,5770,57700000,17,297,1071,1053,671,26,105
INS,5771,57710000,0,201,1131,1167,780,19,29
INS,5772,57720000,2,76,1168,1270,948,4,216
INS,5773,57730000,6,0,1071,1247,978,162,229
INS,5774,57740000,7,0,944,1183,1004,458,122
INS,5775,57750000,0,2,697,1000,883,655,36
INS,5776,57760000,0,0,413,756,756,761,14
INS,5777,57770000,11,0,139,453,547,769,32
INS,5778,57780000,0,2,0,157,274,692,23
INS,5779,57790000,8,0,4,0,5,541,241
INS,5780,57800000,61,0,0,0,25,317,103
INS,5781,57810000,0,0,6,10,30,36,55
INS,5782,57820000,0,0,8,59,0,45,102
INS,5783,57830000,0,43,30,28,0,1,109
INS,5784,57840000,0,0,0,0,17,0,41
INS,5785,57850000,5,0,28,0,0,24,98
INS,5786,57860000,53,0,24,0,11,0,146
INS,5787,57870000,5,12,0,17,0,0,109
INS,5788,57880000,0,24,14,12,3,21,166
INS,5789,57890000,21,44,0,13,0,0,187
INS,5790,57900000,0,0,0,0,0,0,126
INS,5791,57910000,46,0,30,4,17,0,240
INS,5792,57920000,0,3,71,0,22,2,2
INS,5793,57930000,0,42,37,23,32,0,55
INS,5794,57940000,0,3,1,2,0,9,209
INS,5795,57950000,0,0,0,0,6,0,217
INS,5796,57960000,0,0,6,0,0,0,234
INS,5797,57970000,13,0,0,0,0,27,29
INS,5798,57980000,0,0,28,32,0,37,103
INS,5799,57990000,41,15,0,0,8,0,87
INS,5800,58000000,0,1,0,45,4,10,100
INS,5801,58010000,288,25,0,0,15,9,138
INS,5802,58020000,566,41,24,0,0,72,9
INS,5803,58030000,842,0,0,0,0,42,207
INS,5804,58040000,1098,14,14,57,0,0,11
INS,5805,58050000,1269,18,18,0,0,11,161
INS,5806,58060000,1368,0,0,0,20,0,250
INS,5807,58070000,1432,4,43,0,0,0,102
INS,5808,58080000,1490,66,0,0,18,10,224
INS,5809,58090000,1421,188,0,10,0,0,20
INS,5810,58100000,1260,312,0,0,0,0,246
INS,5811,58110000,1054,417,0,32,5,12,211
INS,5812,58120000,864,485,0,21,0,24,102
INS,5813,58130000,608,579,24,46,0,0,238
INS,5814,58140000,310,626,7,0,13,0,210
INS,5815,58150000,5,621,0,0,0,0,153
INS,5816,58160000,0,597,270,0,1,0,156
INS,5817,58170000,0,567,536,305,24,0,225
INS,5818,58180000,6,544,765,624,141,25,147
INS,5819,58190000,15,451,1012,847,366,0,238
INS,5820,58200000,0,281,1151,1067,610,25,186
INS,5821,58210000,15,225,1187,1192,819,30,25
INS,5822,58220000,0,47,1160,1264,924,0,225
INS,5823,58230000,0,0,1098,1246,981,150,66
INS,5824,58240000,0,0,863,1143,934,438,242
INS,5825,58250000,0,0,676,993,844,599,249
INS,5826,58260000,0,0,433,747,741,839,170
INS,5827,58270000,22,0,140,460,535,811,163
INS,5828,58280000,0,0,20,145,303,726,174
INS,5829,58290000,0,13,14,0,22,531,89
INS,5830,58300000,3,9,13,0,0,335,142
INS,5831,58310000,0,18,0,12,0,0,85
INS,5832,58320000,0,35,0,0,27,0,134
INS,5833,58330000,0,0,19,0,0,0,108
INS,5834,58340000,0,6,4,6,17,0,139
INS,5835,58350000,13,15,3,18,0,0,172
INS,5836,58360000,0,17,0,0,40,0,197
INS,5837,58370000,0,0,0,0,0,0,157
INS,5838,58380000,27,0,34,0,0,10,245
INS,5839,58390000,34,0,0,14,46,0,29
INS,5840,58400000,0,0,0,0,15,0,223
INS,5841,58410000,0,0,0,0,8,0,233
INS,5842,58420000,0,36,0,21,27,0,70
INS,5843,58430000,0,11,0,0,0,0,14
INS,5844,58440000,6,0,0,19,0,0,45
INS,5845,58450000,0,0,19,0,0,0,56
INS,5846,58460000,0,30,27,0,0,2,113
INS,5847,58470000,0,16,1,12,7,0,107
INS,5848,58480000,0,4,19,14,16,1,142
INS,5849,58490000,0,0,5,0,9,0,119
INS,5850,58500000,16,0,0,0,0,6,144
INS,5851,58510000,328,14,0,0,0,0,225
INS,5852,58520000,590,8,0,27,0,0,13
INS,5853,58530000,807,0,0,5,0,0,217
INS,5854,58540000,1100,0,0,17,7,35,69
INS,5855,58550000,1281,1,0,0,0,12,221
INS,5856,58560000,1406,53,0,0,29,0,176
INS,5857,58570000,1435,0,5,20,0,0,165
INS,5858,58580000,1461,54,0,0,0,20,1
INS,5859,58590000,1367,175,0,2,26,10,63
INS,5860,58600000,1234,340,0,50,0,8,132
INS,5861,58610000,1062,417,0,2,0,0,254
INS,5862,58620000,863,506,0,45,36,9,249
INS,5863,58630000,556,581,0,0,32,0,232
INS,5864,58640000,264,607,0,17,0,16,240
INS,5865,58650000,0,672,0,8,23,0,56
INS,5866,58660000,25,637,312,12,6,0,106
INS,5867,58670000,0,576,555,344,0,0,94
INS,5868,58680000,25,523,773,599,124,0,168
INS,5869,58690000,51,439,982,834,396,13,88
INS,5870,58700000,0,296,1091,1056,591,0,168
INS,5871,58710000,0,172,1195,1201,755,0,218
INS,5872,58720000,0,29,1105,1257,892,0,195
INS,5873,58730000,26,12,993,1246,995,166,111
INS,5874,58740000,8,38,869,1105,952,470,132
INS,5875,58750000,5,4,701,966,853,647,139
INS,5876,58760000,6,0,447,743,729,766,183
INS,5877,58770000,0,7,132,451,554,810,231
INS,5878,58780000,0,0,0,158,281,757,2
INS,5879,58790000,0,19,52,5,0,542,209
INS,5880,58800000,30,0,19,0,11,282,206
INS,5881,58810000,0,20,26,37,0,21,241
INS,5882,58820000,9,0,38,0,17,0,218
INS,5883,58830000,34,26,47,21,0,0,43
INS,5884,58840000,0,0,4,0,0,16,208
INS,5885,58850000,17,7,0,8,22,0,3
INS,5886,58860000,0,12,0,29,26,0,33
INS,5887,58870000,0,36,31,18,0,0,68
INS,5888,58880000,46,15,0,0,43,16,120
INS,5889,58890000,23,0,25,0,42,4,111
INS,5890,58900000,0,0,0,15,0,4,53
INS,5891,58910000,0,16,44,17,0,0,128
INS,5892,58920000,7,18,11,9,31,0,144
INS,5893,58930000,0,0,0,0,0,14,99
INS,5894,58940000,0,32,17,0,27,0,178
INS,5895,58950000,0,0,0,0,0,4,123
INS,5896,58960000,0,7,42,22,0,0,207
INS,5897,58970000,0,0,4,21,0,30,208
INS,5898,58980000,11,1,11,33,16,0,242
INS,5899,58990000,1,4,42,0,20,0,254
INS,5900,59000000,18,13,0,0,45,30,54
INS,5901,59010000,279,2,40,1,11,0,42
INS,5902,59020000,602,0,0,57,0,0,129
INS,5903,59030000,844,0,0,2,0,0,77
INS,5904,59040000,1072,0,21,0,0,0,85
INS,5905,59050000,1225,23,27,0,0,19,47
INS,5906,59060000,1364,7,2,0,31,16,190
INS,5907,59070000,1417,0,0,0,15,0,219
INS,5908,59080000,1427,38,56,0,4,23,96
INS,5909,59090000,1406,207,0,54,0,0,232
INS,5910,59100000,1260,339,20,0,13,0,214
INS,5911,59110000,1096,406,9,28,12,0,150
INS,5912,59120000,846,510,13,0,32,0,17
INS,5913,59130000,588,567,0,3,0,0,47
INS,5914,59140000,254,645,0,0,12,46,119
INS,5915,59150000,4,642,0,57,44,0,182
INS,5916,59160000,0,621,333,0,0,33,183
INS,5917,59170000,0,573,618,349,27,0,12
INS,5918,59180000,34,482,775,607,181,0,29
INS,5919,59190000,0,381,951,884,401,59,131
INS,5920,59200000,0,313,1121,1063,613,13,83
INS,5921,59210000,1,150,1176,1210,851,64,173
INS,5922,59220000,0,40,1143,1288,947,15,171
INS,5923,59230000,0,0,1029,1249,1007,221,5
INS,5924,59240000,0,0,869,1172,932,421,166
INS,5925,59250000,0,0,726,989,866,601,227
INS,5926,59260000,0,19,439,749,713,798,36
INS,5927,59270000,12,13,166,479,548,793,114
INS,5928,59280000,0,10,0,142,281,741,62
INS,5929,59290000,0,0,6,10,0,503,192
INS,5930,59300000,0,14,0,47,5,294,50
INS,5931,59310000,32,0,9,31,0,25,60
INS,5932,59320000,0,22,0,0,3,7,12
INS,5933,59330000,36,41,0,19,0,0,93
INS,5934,59340000,18,0,0,14,0,0,46
INS,5935,59350000,0,14,12,5,0,0,62
INS,5936,59360000,0,0,7,0,11,4,70
INS,5937,59370000,0,0,0,0,0,0,65
INS,5938,59380000,0,0,53,8,4,0,147
INS,5939,59390000,0,0,6,8,15,21,149
INS,5940,59400000,0,0,20,0,22,13,171
INS,5941,59410000,35,18,10,29,7,0,232
INS,5942,59420000,17,45,0,19,0,68,43
INS,5943,59430000,0,0,20,14,0,10,211
INS,5944,59440000,9,0,27,0,0,24,244
INS,5945,59450000,46,13,0,15,0,0,19
INS,5946,59460000,0,68,25,0,45,0,100
INS,5947,59470000,0,33,23,0,5,27,67
INS,5948,59480000,0,0,0,9,12,0,17
INS,5949,59490000,2,31,0,30,0,0,76
INS,5950,59500000,0,0,29,14,0,0,73
INS,5951,59510000,294,8,0,0,0,17,110
INS,5952,59520000,573,0,17,0,20,16,178
INS,5953,59530000,822,4,0,5,10,17,171
INS,5954,59540000,1086,1,19,29,20,2,231
INS,5955,59550000,1239,10,0,0,0,0,84
INS,5956,59560000,1421,13,0,54,0,26,110
INS,5957,59570000,1411,11,0,36,2,56,129
INS,5958,59580000,1451,53,0,0,12,40,186
INS,5959,59590000,1361,212,4,8,40,0,16
INS,5960,59600000,1213,324,31,25,0,11,12
INS,5961,59610000,1056,408,0,0,0,0,145
INS,5962,59620000,870,499,26,7,22,0,122
INS,5963,59630000,603,593,2,0,0,0,169
INS,5964,59640000,302,596,0,0,28,0,170
INS,5965,59650000,0,600,0,10,3,0,130
INS,5966,59660000,19,602,282,15,39,0,235
INS,5967,59670000,19,574,534,293,0,0,203
INS,5968,59680000,12,536,822,635,104,0,141
INS,5969,59690000,0,402,1032,861,395,35,6
INS,5970,59700000,0,370,1095,1081,667,12,11
INS,5971,59710000,0,219,1197,1212,803,0,234
INS,5972,59720000,0,31,1192,1280,914,47,28
INS,5973,59730000,5,0,1086,1272,989,168,101
INS,5974,59740000,22,13,906,1106,972,419,36
INS,5975,59750000,43,57,638,963,862,638,72
INS,5976,59760000,33,0,420,737,758,783,131
INS,5977,59770000,0,0,106,445,515,781,32
INS,5978,59780000,29,0,0,196,273,695,163
INS,5979,59790000,31,49,0,0,0,582,161
INS,5980,59800000,4,5,0,0,0,268,49
INS,5981,59810000,0,0,0,5,0,59,109
INS,5982,59820000,5,0,3,0,20,0,90
INS,5983,59830000,5,4,42,14,0,0,144
INS,5984,59840000,0,28,0,26,0,19,169
INS,5985,59850000,0,0,0,0,0,0,113
INS,5986,59860000,23,0,1,32,0,0,186
INS,5987,59870000,29,0,0,21,0,1,198
INS,5988,59880000,0,33,0,0,49,2,248
INS,5989,59890000,0,0,0,43,7,0,231
INS,5990,59900000,0,38,21,32,13,0,46
INS,5991,59910000,37,61,31,0,32,0,120
INS,5992,59920000,0,0,0,51,18,29,74
INS,5993,59930000,0,7,4,12,0,0,16
INS,5994,59940000,5,24,0,0,18,5,62
INS,5995,59950000,31,12,0,10,11,23,114
INS,5996,59960000,18,0,0,6,0,36,104
INS,5997,59970000,2,0,4,2,0,13,82
INS,5998,59980000,0,0,0,10,4,0,92
INS,5999,59990000,1,0,0,4,0,40,140
