seq,ts_us,s0,s1,s2,s3,s4,s5
120,41389221,0,1,173,30,0,0
121,41399221,0,0,168,25,0,0
122,41409221,0,0,160,17,0,0
123,41419221,0,0,153,25,0,0
124,41429221,0,0,151,18,0,0
125,41439221,0,0,149,21,0,0
126,41449221,0,0,158,27,0,0
127,41459221,0,0,165,27,0,0
128,41469221,0,0,169,39,0,0
129,41479221,0,0,179,48,0,0
130,41489221,0,0,185,52,0,0
131,41499221,0,0,192,48,0,0
132,41509221,0,0,194,55,0,0
133,41519221,0,0,193,58,0,0
134,41529221,0,0,195,56,0,0
135,41539221,0,0,198,58,0,0
136,41549221,0,0,197,61,0,0
137,41559221,0,0,186,54,0,0
138,41569221,0,0,204,58,0,0
139,41579221,0,0,209,61,0,0
140,41589221,0,0,216,94,0,0
141,41599221,2,0,261,162,0,0
142,41609221,0,0,304,254,0,7
143,41619221,0,0,347,348,0,147
144,41629221,0,0,412,478,49,304
145,41639221,0,0,495,600,147,426
146,41649221,0,0,572,722,204,519
147,41659221,0,0,667,837,248,599
148,41669221,0,0,741,934,293,661
149,41679221,0,0,844,1003,326,737
150,41689221,0,0,930,1054,302,761
151,41699221,0,0,1015,1125,344,846
152,41709221,0,0,1088,1165,358,891
153,41719221,0,0,1144,1196,367,923
154,41729221,0,0,1185,1222,372,945
155,41739221,0,0,1217,1238,372,955
156,41749221,74,1,1245,1248,368,961
157,41759221,179,463,1237,1180,360,957
158,41769221,330,648,1286,1261,351,950
159,41779221,456,756,1297,1268,331,941
160,41789221,578,834,1308,1272,312,929
161,41799221,672,901,1317,1275,273,914
162,41809221,757,946,1324,1278,235,893
163,41819221,820,0,1332,1260,175,829
164,41829221,877,0,1336,1286,195,854
165,41839221,917,0,1338,1288,158,827
166,41849221,946,0,1339,1287,150,812
167,41859221,964,0,1339,1285,137,800
168,41869221,978,0,1339,1280,125,792
169,41879221,988,0,1337,1276,119,788
170,41889221,926,0,1333,1271,116,779
171,41899221,1004,0,1326,1263,117,773
172,41909221,1016,0,1323,1256,116,764
173,41919221,1020,0,1319,1249,118,759
174,41929221,1033,0,1314,1241,135,762
175,41939221,1031,0,1304,1235,151,765
176,41949221,1031,0,1297,1227,176,778
177,41959221,1036,0,1291,1222,181,789
178,41969221,1034,0,1284,1216,201,795
179,41979221,1038,0,1277,1211,216,804
180,41989221,1042,0,1272,1207,229,811
181,41999221,1044,0,1269,1205,238,813
182,42009221,1048,0,1268,1202,251,820
183,42019221,1053,0,1266,1199,263,824
184,42029221,1057,0,1268,1202,267,831
185,42039221,1059,0,1270,1203,279,841
186,42049221,1060,0,1273,1206,293,850
187,42059221,1059,0,1274,1207,302,859
188,42069221,1056,0,1275,1208,328,870
189,42079221,1053,0,1275,1210,341,880
190,42089221,1025,0,1249,1140,359,895
191,42099221,1039,0,1276,1212,382,0
192,42109221,1027,0,1277,1212,404,0
193,42119221,1014,0,1277,1213,414,0
194,42129221,1004,0,1276,1213,425,0
195,42139221,998,0,1276,1214,444,0
196,42149221,990,0,1275,1212,455,0
197,42159221,987,0,1274,1211,469,0
198,42169221,983,0,1273,1210,474,0
199,42179221,985,0,1272,1206,481,0
200,42189221,992,0,1271,1202,490,0
201,42199221,999,0,1268,1197,491,0
202,42209221,1003,0,1262,1190,489,0
203,42219221,1017,0,1256,1182,485,0
204,42229221,1035,0,1251,1172,480,0
205,42239221,1052,0,1243,1158,468,0
206,42249221,1068,0,1237,1141,452,0
207,42259221,1086,0,1226,1127,428,0
208,42269221,1100,0,1215,1114,414,0
209,42279221,1114,0,1207,1100,403,0
210,42289220,1107,0,1142,1042,343,0
211,42299221,1143,0,1190,1074,369,0
212,42309221,1158,0,1177,1061,352,0
213,42319221,1173,0,1168,1045,341,0
214,42329221,1182,0,1152,1019,314,0
215,42339221,1192,0,1138,1004,287,0
216,42349221,1201,0,1127,986,262,0
217,42359221,1211,0,1114,970,235,764
218,42369221,1223,0,1103,952,212,749
219,42379221,1228,0,1092,931,195,727
220,42389221,1233,0,1073,909,181,690
221,42399221,1237,0,1054,887,144,655
222,42409221,1237,0,1035,861,101,618
223,42419221,1166,0,1002,826,88,575
224,42429221,1226,0,973,793,57,516
225,42439221,1205,0,934,744,32,455
226,42449221,1180,0,890,682,3,412
227,42459221,1147,0,841,627,0,364
228,42469221,1107,0,788,568,0,326
229,42479221,1033,0,695,456,0,263
230,42489221,993,0,635,401,0,157
231,42499221,904,0,504,293,0,76
232,42509221,786,0,360,167,0,0
233,42519221,662,0,244,76,0,0
234,42529221,561,0,159,29,0,0
235,42539221,468,0,79,0,0,0
236,42549221,314,0,49,0,0,0
237,42559221,223,0,29,0,0,0
238,42569221,88,0,28,0,0,0
239,42579221,0,0,37,0,0,0
240,42589221,0,0,42,0,0,0
241,42599221,0,0,47,0,0,0
242,42609221,2,0,53,0,0,0
243,42619221,6,0,56,0,0,0
244,42629221,5,0,60,0,0,0
245,42639221,0,0,66,0,0,0
246,42649221,0,0,73,5,0,2
247,42659221,0,0,83,9,0,0
248,42669221,0,0,89,11,0,0
249,42679221,0,0,91,15,0,0
250,42689221,0,0,99,17,0,0
251,42699221,0,0,101,16,0,0
252,42709221,0,0,106,16,0,0
253,42719221,0,0,109,20,0,0
254,42729221,0,0,111,16,0,0
255,42739221,0,0,110,12,0,0
256,42749221,0,0,105,11,0,0
257,42759221,0,0,98,6,0,0
258,42769221,0,0,93,5,0,0
259,42779221,0,0,91,4,0,2
260,42789221,0,0,88,9,0,0
261,42799221,0,0,89,8,0,0
262,42809221,0,15,89,6,0,0
263,42819221,0,46,93,10,0,0
264,42829221,0,0,95,10,0,0
265,42839221,0,0,106,17,0,0
266,42849221,0,0,110,23,0,0
267,42859221,0,0,120,30,0,0
268,42869221,0,0,114,17,0,0
269,42879221,0,0,127,41,0,0
270,42889221,0,0,135,44,0,0
271,42899221,0,0,140,47,0,0
272,42909221,0,0,142,50,0,0
273,42919221,0,0,145,50,0,0
274,42929221,0,0,144,51,0,0
275,42939221,0,0,144,48,0,0
276,42949221,0,0,146,23,0,0
277,42959221,0,0,137,7,0,0
278,42969221,91,0,120,0,0,0
279,42979221,236,0,121,0,0,0
280,42989221,442,735,104,0,0,0
281,42999221,650,883,104,0,0,0
282,43009221,805,986,109,0,0,0
283,43019221,892,1051,108,0,0,0
284,43029221,976,1105,104,5,0,0
285,43039221,1064,1164,104,0,0,0
286,43049221,1147,1230,102,0,0,0
287,43059221,1225,1298,96,0,0,0
288,43069221,1310,1359,105,0,0,0
289,43079221,1379,1421,135,2,0,0
290,43089221,1425,1469,181,24,0,0
291,43099221,1454,1496,219,47,0,0
292,43109221,1469,1510,266,72,0,0
293,43119221,1491,1527,315,86,0,0
294,43129221,1505,1548,374,127,0,0
295,43139221,1513,1559,416,158,0,0
296,43149221,1520,1572,461,208,0,0
297,43159221,1532,1580,491,239,0,0
298,43169221,1548,1588,516,263,0,0
299,43179221,1558,1596,540,275,0,0
300,43189221,1568,1605,551,290,0,0
301,43199221,1480,1605,568,300,0,0
302,43209221,1581,1616,582,315,0,0
303,43219221,1590,1621,597,324,0,0
304,43229221,1596,1624,615,351,0,0
305,43239221,1603,1629,630,370,0,0
306,43249221,1607,1633,637,399,0,0
307,43259221,1549,1532,651,425,0,0
308,43269221,1609,1633,689,452,0,0
309,43279221,1603,1632,720,475,0,0
310,43289221,1591,1627,748,508,0,0
311,43299221,1590,1623,781,553,0,0
312,43309221,1583,1619,811,597,0,0
313,43319221,1566,1610,845,641,0,0
314,43329221,1546,1597,883,684,0,0
315,43339221,1520,1584,920,731,0,6
316,43349221,1499,1565,946,778,0,24
317,43359221,1470,1543,973,827,0,45
318,43369221,1442,1515,1007,874,0,81
319,43379221,1403,1484,1044,924,0,126
320,43389221,1358,1444,1067,968,0,199
321,43399221,1307,0,1098,1017,0,264
322,43409221,1238,0,1123,1054,0,330
323,43419221,1160,0,1143,1079,18,396
324,43429221,1093,0,1168,1124,53,460
325,43439221,1008,0,1186,1163,99,501
326,43449221,935,0,1206,1197,139,561
327,43459221,819,0,1195,1152,182,615
328,43469221,727,0,1240,1253,248,668
329,43479221,600,0,1253,1273,308,723
330,43489221,463,0,1259,1296,376,793
331,43499221,345,0,1267,1308,438,862
332,43509221,220,0,1275,1322,505,924
333,43519221,119,0,1281,1334,572,985
334,43529221,38,0,1288,1349,632,1058
335,43539221,0,0,1293,1360,692,1113
336,43549221,0,0,1298,1359,748,1150
337,43559221,0,317,1301,1379,822,1195
338,43569221,0,219,1304,1391,879,1240
339,43579221,0,137,1306,1404,941,1288
340,43589221,0,50,1309,1419,991,1315
341,43599221,0,0,1310,1434,1044,1379
342,43609221,0,0,1312,1445,1083,1421
343,43619221,0,0,1311,1454,1138,1454
344,43629221,0,0,1305,1461,1187,1489
345,43639221,0,0,1297,1478,1235,1525
346,43649221,0,0,1281,1473,1264,1473
347,43659221,0,0,1255,1484,1305,1604
348,43669221,0,0,1222,1492,1327,1641
349,43679221,0,0,1189,1483,1343,1673
350,43689221,0,0,1145,1477,1354,1705
351,43699221,0,0,1105,1455,1356,1737
352,43709221,0,0,1046,1419,1341,1766
353,43719221,0,0,889,1348,1199,1745
354,43729221,0,0,889,1315,1236,1813
355,43739221,0,0,812,1224,1111,1836
356,43749221,0,0,744,1115,960,1851
357,43759221,0,0,680,1028,727,1860
358,43769221,0,0,595,916,443,1852
359,43779221,0,0,488,793,272,1824
360,43789221,0,0,360,648,152,1758
361,43799221,0,0,243,515,55,1668
362,43809221,0,0,163,408,0,1560
363,43819221,0,0,128,303,0,1412
364,43829221,0,0,114,202,0,1231
365,43839221,0,0,128,125,0,944
366,43849221,0,0,124,70,0,391
367,43859221,0,0,78,8,0,81
368,43869221,0,40,71,6,0,108
369,43879221,0,29,97,18,0,187
370,43889221,0,3,100,28,0,164
371,43899221,0,0,102,26,0,80
372,43909221,0,6,70,22,0,28
373,43919221,0,11,81,24,0,11
374,43929221,0,13,75,21,0,0
375,43939221,0,11,71,20,0,0
376,43949221,0,4,72,19,0,0
377,43959221,0,2,68,17,0,0
378,43969221,0,1,61,15,0,0
379,43979221,0,0,51,4,0,0
380,43989221,0,0,58,14,0,0
381,43999221,0,0,58,11,0,0
382,44009221,0,0,65,14,0,0
383,44019221,0,0,59,18,0,0
384,44029221,0,0,66,21,0,0
385,44039221,0,0,71,23,0,0
386,44049221,0,0,75,31,0,0
387,44059221,0,0,82,34,0,0
388,44069221,0,0,83,36,0,0
389,44079221,0,0,86,38,0,0
390,44089221,0,0,89,42,0,0
391,44099221,0,0,86,44,0,0
392,44109221,0,0,79,46,0,0
393,44119221,0,0,73,51,0,0
394,44129221,0,0,70,55,0,0
395,44139221,0,0,63,49,0,0
396,44149221,0,0,58,51,0,0
397,44159221,0,0,57,57,0,0
398,44169221,0,0,53,61,0,0
399,44179221,0,0,58,66,0,0
400,44189221,0,0,57,61,0,0
401,44199221,0,0,56,62,0,0
402,44209221,0,0,56,63,0,0
403,44219221,0,0,53,68,0,0
404,44229221,0,0,53,68,0,0
405,44239221,0,0,53,56,0,0
406,44249221,0,0,46,51,0,0
407,44259221,0,0,41,40,0,0
408,44269221,0,0,32,26,0,0
409,44279221,0,0,21,13,0,0
410,44289221,0,93,29,2,0,0
411,44299221,47,2,43,0,0,0
412,44309221,217,721,59,0,0,0
413,44319221,597,1043,64,0,0,0
414,44329221,897,1205,71,0,0,0
415,44339221,1031,1262,56,0,0,0
416,44349221,1115,1314,67,0,0,0
417,44359221,1224,1381,85,0,0,0
418,44369221,1293,1340,103,1,0,0
419,44379221,1380,1493,136,36,0,0
420,44389221,1413,1517,169,75,0,0
421,44399221,1431,1532,245,110,0,0
422,44409221,1448,1543,329,176,0,0
423,44419221,1464,1554,405,249,0,0
424,44429221,1485,1563,477,300,0,0
425,44439221,1509,1580,526,346,0,0
426,44449221,1536,1595,552,378,0,0
427,44459221,1558,1610,571,410,0,35
428,44469221,1575,1621,591,432,0,61
429,44479221,1585,1625,603,437,0,104
430,44489221,1594,1626,625,463,0,157
431,44499221,1588,1625,648,480,0,214
432,44509221,1579,1619,667,498,0,239
433,44519221,1566,1615,683,528,0,275
434,44529221,1552,1607,706,554,0,312
435,44539221,1537,1595,729,572,0,343
436,44549221,1526,1587,744,598,0,385
437,44559220,1513,1577,761,616,0,422
438,44569221,1497,1564,780,648,19,454
439,44579221,1469,1546,793,669,80,493
440,44589221,1447,1515,798,683,152,545
441,44599221,1418,1484,805,694,221,583
442,44609221,1385,1447,816,710,292,608
443,44619221,1348,1415,810,722,365,635
444,44629221,1305,1374,815,739,420,656
445,44639221,1265,1333,814,750,484,692
446,44649221,1233,1297,821,773,540,739
447,44659221,1195,1259,822,786,612,0
448,44669221,1174,1226,825,798,686,505
449,44679221,1141,1193,828,817,732,855
450,44689221,1091,1075,814,779,764,877
451,44699221,1080,1131,844,855,841,910
452,44709221,1046,1085,851,871,892,969
453,44719221,999,1019,855,888,953,1040
454,44729221,952,962,859,911,1012,1110
455,44739221,903,0,865,923,1074,1169
456,44749221,852,0,867,946,1114,1224
457,44759221,799,0,873,968,1162,1270
458,44769221,745,0,877,988,1213,1305
459,44779221,675,0,881,1005,1255,1340
460,44789221,593,0,884,1023,1294,1384
461,44799221,496,0,884,1042,1338,1423
462,44809221,369,0,885,1058,1375,1458
463,44819221,248,455,875,1066,1399,1493
464,44829221,159,368,863,1081,1434,1523
465,44839221,58,279,844,1088,1458,1560
466,44849221,0,209,817,1099,1481,1587
467,44859221,0,0,783,1107,1506,1620
468,44869221,0,0,747,1114,1526,1642
469,44879221,0,0,701,1117,1547,0
470,44889221,0,0,626,1043,1555,0
471,44899221,0,0,610,1106,1570,0
472,44909221,0,0,578,1080,1577,0
473,44919221,0,0,518,1047,1574,0
474,44929221,0,0,457,987,1563,0
475,44939221,0,0,407,923,1531,1772
476,44949221,0,0,357,862,1481,1785
477,44959221,0,0,301,757,1405,1802
478,44969221,0,0,251,698,1314,1813
479,44979221,0,0,230,659,1147,1815
480,44989221,0,0,211,584,980,1822
481,44999221,0,0,178,520,725,1815
482,45009221,0,0,140,433,418,1768
483,45019221,0,0,114,342,200,1685
484,45029221,0,0,102,283,34,1547
485,45039221,0,0,112,219,0,1385
486,45049221,0,0,127,181,0,1220
487,45059221,0,31,134,142,0,995
488,45069221,0,93,115,101,0,650
489,45079221,0,116,81,50,0,262
490,45089221,0,93,65,7,0,252
491,45099221,0,79,50,0,0,315
492,45109221,0,73,37,2,0,313
493,45119221,0,72,34,0,0,256
494,45129221,0,63,35,0,0,184
495,45139221,0,56,44,6,0,152
496,45149221,0,45,58,16,0,100
497,45159221,0,44,71,30,0,26
498,45169221,0,33,84,54,0,0
499,45179221,0,29,96,69,0,0
500,45189221,0,24,107,71,0,0
501,45199221,0,22,107,73,0,0
502,45209221,0,15,114,74,0,0
503,45219221,0,14,108,76,0,0
504,45229221,0,0,99,51,0,0
505,45239221,0,7,107,80,0,0
506,45249221,0,4,107,79,0,0
507,45259221,0,0,105,79,0,0
508,45269221,0,0,104,81,0,0
509,45279221,0,0,104,76,0,0
510,45289221,0,0,102,74,0,0
511,45299221,0,0,104,74,0,0
512,45309221,0,0,103,73,0,0
513,45319221,0,0,95,74,0,0
514,45329221,0,0,93,75,0,0
515,45339221,0,0,86,73,0,0
516,45349221,0,0,90,74,0,0
517,45359221,0,0,83,68,0,0
518,45369221,0,0,86,70,0,0
519,45379221,0,0,88,72,0,0
520,45389221,0,0,87,73,0,0
521,45399221,0,0,84,71,0,0
522,45409221,0,0,76,66,0,0
523,45419221,0,0,69,51,0,0
524,45429221,0,0,61,54,0,0
525,45439221,0,0,58,51,0,0
526,45449221,0,0,54,43,0,0
527,45459221,0,0,49,38,0,0
528,45469221,0,0,44,33,0,0
529,45479221,0,26,51,25,0,0
530,45489221,0,123,52,9,0,0
531,45499221,22,0,74,5,0,0
532,45509221,177,544,85,0,0,0
533,45519221,498,827,100,0,0,0
534,45529221,820,1024,105,0,0,0
535,45539221,1018,1171,108,0,0,0
536,45549221,1127,1247,144,10,0,0
537,45559221,1179,1284,184,35,0,0
538,45569221,1209,1310,222,60,0,0
539,45579221,1237,1337,269,86,0,0
540,45589221,1265,1359,318,123,0,0
541,45599221,1293,1383,361,165,0,0
542,45609221,1317,1406,406,236,0,0
543,45619221,1332,1428,458,291,0,10
544,45629221,1361,1438,532,364,0,69
545,45639221,1377,1454,572,428,0,131
546,45649221,1396,1468,624,475,0,204
547,45659221,1414,1481,664,524,0,243
548,45669221,1433,1495,699,571,0,306
549,45679221,1443,1503,738,610,0,356
550,45689221,1453,1509,765,647,0,380
551,45699221,1452,1510,803,681,0,419
552,45709221,1455,1508,840,717,0,473
553,45719221,1453,1505,859,752,3,517
554,45729221,1455,1499,880,776,17,550
555,45739221,1442,1490,899,798,40,571
556,45749221,1432,1478,853,806,37,581
557,45759221,1419,1462,933,836,91,627
558,45769221,1400,1443,948,858,123,656
559,45779221,1383,1428,957,876,151,659
560,45789221,1362,1402,971,892,184,0
561,45799221,1338,1381,979,913,217,0
562,45809221,1318,1355,984,926,260,0
563,45819221,1275,1226,966,871,276,0
564,45829221,1272,1303,998,943,296,0
565,45839221,1252,1273,1003,959,308,0
566,45849221,1234,0,1008,970,331,0
567,45859221,1212,0,1015,983,352,789
568,45869221,1203,0,1022,995,367,803
569,45879221,1189,0,1028,1001,391,819
570,45889221,1153,0,1022,956,356,825
571,45899221,1163,0,1044,1024,416,850
572,45909221,1153,0,1051,1041,432,857
573,45919221,1143,0,1055,1050,444,873
574,45929221,1130,0,1065,1058,468,881
575,45939221,1114,0,1074,1070,495,900
576,45949221,1089,0,1083,1078,531,858
577,45959221,1067,0,1090,1090,559,948
578,45969221,1049,0,1096,1104,583,973
579,45979221,1026,0,1102,1113,609,989
580,45989221,1000,0,1111,1125,651,1015
581,45999221,970,0,1114,1134,689,1042
582,46009221,923,0,1120,1144,727,1067
583,46019221,879,0,1127,1161,756,1103
584,46029221,818,0,1132,1176,801,1142
585,46039221,737,0,1134,1191,856,1177
586,46049221,650,0,1141,1207,904,1215
587,46059221,555,0,1147,1222,955,1250
588,46069221,432,720,1148,1234,1011,1288
589,46079221,325,623,1151,1250,1065,1324
590,46089221,181,516,1156,1266,1123,1366
591,46099221,61,389,1157,1277,1179,1404
592,46109221,0,253,1155,1294,1235,0
593,46119221,0,154,1144,1304,1279,0
594,46129221,0,34,1137,1315,1325,0
595,46139221,0,0,1122,1323,1373,0
596,46149221,0,0,1107,1333,1403,0
597,46159221,0,0,1077,1337,1436,0
598,46169221,0,0,1043,1338,1459,0
599,46179221,0,0,994,1341,1482,0
600,46189221,0,0,948,1337,1496,0
601,46199221,0,0,909,1331,1504,1443
602,46209221,0,0,818,1242,1502,0
603,46219221,0,0,765,1303,1505,0
604,46229221,0,0,699,1268,1480,0
605,46239221,0,0,648,1231,1440,0
606,46249221,0,0,599,1186,1380,0
607,46259221,0,0,577,1145,1298,1931
608,46269221,0,0,556,1101,1147,1950
609,46279221,0,0,547,1066,976,1962
610,46289221,0,0,520,995,725,1967
611,46299221,0,0,500,932,450,1961
612,46309221,0,0,452,885,266,1929
613,46319221,0,0,407,821,116,1874
614,46329221,0,0,360,753,38,1799
615,46339221,0,0,306,651,0,1614
616,46349221,0,0,251,539,0,1608
617,46359221,0,0,228,421,0,1423
618,46369221,0,0,197,323,0,1200
619,46379221,0,0,155,232,0,924
620,46389221,0,0,136,162,0,490
621,46399221,0,37,79,68,0,129
622,46409221,0,24,41,25,0,93
623,46419221,0,9,44,32,0,85
624,46429221,0,0,37,28,0,86
625,46439221,0,0,26,21,0,62
626,46449221,0,0,22,16,0,40
627,46459221,0,0,21,10,0,1
628,46469221,0,0,16,3,0,0
629,46479221,0,0,16,3,0,0
630,46489221,0,0,21,6,0,0
631,46499221,0,0,28,15,0,0
632,46509221,0,0,40,18,0,0
633,46519221,0,0,48,33,0,0
634,46529220,0,0,60,40,0,0
635,46539221,0,0,77,48,0,0
636,46549221,0,0,79,49,0,0
637,46559221,0,0,82,47,0,0
638,46569221,0,0,85,50,0,0
639,46579221,0,0,88,53,0,0
640,46589220,0,0,92,61,0,0
641,46599221,0,0,97,64,0,0
642,46609221,0,0,105,67,0,0
643,46619221,0,0,108,69,0,0
644,46629221,0,0,111,70,0,0
645,46639221,0,0,113,72,0,0
646,46649221,0,0,112,59,0,0
647,46659221,0,0,104,45,0,0
648,46669221,0,0,101,40,0,0
649,46679221,0,0,101,41,0,0
650,46689221,0,0,104,39,0,0
651,46699221,0,0,103,43,0,0
652,46709221,0,0,103,44,0,0
653,46719221,0,0,109,51,0,0
654,46729221,0,0,115,50,0,0
655,46739221,0,0,120,55,0,0
656,46749221,0,0,123,55,0,0
657,46759221,0,0,127,69,0,0
658,46769221,0,0,136,71,0,0
659,46779221,0,7,116,47,0,0
660,46789221,15,0,115,24,0,0
661,46799221,180,428,105,0,0,0
662,46809221,549,798,101,0,0,0
663,46819221,852,1014,103,0,0,0
664,46829221,996,1144,93,0,0,0
665,46839221,1084,1197,94,0,0,0
666,46849221,1156,1256,84,0,0,0
667,46859221,1223,1317,81,0,0,0
668,46869221,1281,1373,84,0,0,0
669,46879221,1345,1424,106,0,0,0
670,46889221,1389,1477,180,17,0,0
671,46899221,1426,1513,257,68,0,0
672,46909221,1449,1530,391,159,0,0
673,46919221,1457,1543,492,272,0,0
674,46929221,1461,1546,616,403,0,0
675,46939221,1472,1548,697,504,0,0
676,46949221,1484,1554,778,599,0,9
677,46959221,1494,1556,835,669,0,86
678,46969221,1504,1557,871,740,0,166
679,46979221,1508,1560,905,791,0,226
680,46989221,1510,1558,933,834,0,292
681,46999221,1504,1547,961,873,0,363
682,47009221,1491,1525,983,916,0,414
683,47019221,1467,1493,1015,956,0,453
684,47029221,1435,1441,1044,993,0,502
685,47039221,1404,1400,1064,1028,7,498
686,47049221,1369,1365,1081,1064,27,585
687,47059221,1336,1336,1102,1092,57,620
688,47069221,1299,1302,1108,1112,85,658
689,47079221,1261,1269,1115,1127,117,681
690,47089221,1220,1235,1126,1141,145,701
691,47099221,1164,1189,1132,1151,172,734
692,47109221,1035,799,1138,1168,210,758
693,47119221,1055,0,1143,1179,239,787
694,47129221,994,0,1149,1195,270,821
695,47139221,935,0,1160,1211,308,846
696,47149221,873,0,1164,1238,342,869
697,47159221,808,0,1166,1245,388,889
698,47169221,740,0,1174,1262,427,923
699,47179221,608,0,1179,1271,457,939
700,47189221,597,0,1188,1285,481,966
701,47199221,518,0,1192,1294,535,998
702,47209221,432,0,1195,1305,581,1039
703,47219221,360,0,1200,1314,624,1070
704,47229221,297,0,1208,1322,663,1095
705,47239221,232,0,1212,1328,715,1124
706,47249221,177,0,1220,1337,754,1167
707,47259221,126,0,1226,1349,798,1195
708,47269221,81,0,1230,1358,853,1237
709,47279221,46,0,1238,1367,893,1259
710,47289221,26,0,1244,1375,940,1282
711,47299221,0,0,1250,1384,984,1312
712,47309221,0,180,1253,1392,1016,1330
713,47319221,0,155,1255,1399,1068,1366
714,47329221,0,93,1257,1412,1107,1387
715,47339221,0,32,1261,1427,1148,1416
716,47349221,0,0,1265,1434,1191,1436
717,47359221,0,0,1261,1443,1229,1450
718,47369221,0,0,1176,1431,1169,1432
719,47379221,0,0,1246,1461,1306,1493
720,47389221,0,0,1237,1465,1336,1517
721,47399221,0,0,1222,1474,1374,1558
722,47409221,0,0,1200,1477,1399,1581
723,47419221,0,0,1167,1477,1430,1612
724,47429221,0,0,1127,1477,1451,1644
725,47439221,0,0,1085,1471,1467,1676
726,47449221,0,0,1036,1465,1480,1703
727,47459221,0,0,982,1452,1496,1734
728,47469221,0,0,915,1418,1502,1772
729,47479221,0,0,848,1384,1497,1811
730,47489221,0,0,760,1335,1476,1843
731,47499221,0,0,686,1252,1355,1802
732,47509221,0,0,616,1212,1366,1912
733,47519221,0,0,572,1147,1260,1938
734,47529221,0,0,535,1099,1116,1949
735,47539221,0,0,488,1040,892,1956
736,47549221,0,0,430,965,645,1959
737,47559221,0,0,388,906,426,1938
738,47569221,0,0,338,841,273,1891
739,47579221,0,0,277,768,147,1817
740,47589221,0,0,233,674,55,1720
741,47599221,0,0,212,563,0,1596
742,47609221,0,0,179,458,0,1417
743,47619221,0,0,157,349,0,1198
744,47629221,0,0,136,225,0,920
745,47639221,0,0,115,180,0,433
746,47649221,0,0,101,103,0,13
747,47659221,0,4,57,40,0,0
748,47669221,0,0,55,40,0,0
749,47679221,0,0,58,49,0,47
750,47689221,0,0,56,44,0,68
751,47699221,0,0,50,37,0,44
752,47709221,0,0,38,25,0,11
753,47719221,0,0,25,17,0,0
754,47729221,0,0,21,10,0,0
755,47739221,0,0,27,13,0,0
756,47749221,0,0,35,18,0,0
757,47759221,0,0,41,17,0,0
758,47769221,0,0,48,28,0,0
759,47779221,0,0,54,29,0,0
760,47789221,0,0,63,37,0,0
761,47799221,0,0,67,38,0,0
762,47809221,0,0,75,39,0,0
763,47819221,0,0,81,40,0,0
764,47829221,0,0,64,38,0,0
765,47839221,0,0,100,50,0,0
766,47849221,0,0,107,57,0,0
767,47859221,0,0,112,59,0,0
768,47869221,0,0,112,54,0,0
769,47879221,0,0,112,44,0,0
770,47889221,0,0,105,37,0,0
771,47899221,0,0,97,28,0,0
772,47909221,0,0,85,26,0,0
773,47919221,0,0,83,24,0,0
774,47929221,0,0,89,26,0,0
775,47939221,0,0,93,29,0,0
776,47949221,0,0,98,27,0,0
777,47959221,0,0,104,38,0,0
778,47969221,0,0,114,50,0,0
779,47979221,0,0,115,59,0,0
780,47989221,0,0,119,68,0,0
781,47999221,0,0,121,58,0,0
782,48009221,0,0,125,44,0,0
783,48019221,0,0,118,30,0,0
784,48029221,25,0,115,26,0,0
785,48039221,170,364,117,0,0,0
786,48049221,469,656,114,0,0,0
787,48059221,736,870,109,0,0,0
788,48069221,886,996,115,0,0,0
789,48079221,966,1063,113,0,0,0
790,48089221,1036,1126,121,0,0,0
791,48099221,1106,1190,142,0,0,0
792,48109221,1178,1255,189,6,0,0
793,48119221,1249,1318,242,48,0,0
794,48129221,1307,1366,335,97,0,0
795,48139221,1342,0,493,271,0,0
796,48149221,1356,0,642,438,0,0
797,48159221,1354,0,773,615,0,0
798,48169221,1353,0,854,754,0,0
799,48179221,1356,0,926,850,0,12
800,48189221,1354,0,981,942,0,101
801,48199221,1350,0,1022,1007,0,223
802,48209221,1341,1342,1055,1062,0,363
803,48219221,1339,1331,1080,1098,2,474
804,48229221,1332,1313,1104,1129,62,571
805,48239221,1315,1287,1123,1160,118,650
806,48249221,1285,1250,1138,1192,181,723
807,48259221,1236,1206,1159,1225,250,793
808,48269221,1166,1161,1172,1251,340,856
809,48279221,1016,0,1179,1271,419,910
810,48289221,1006,0,1183,1288,496,970
811,48299221,903,0,1184,1301,603,1041
812,48309221,792,0,1186,1309,684,1097
813,48319221,643,0,1185,1318,783,1144
814,48329221,506,0,1180,1325,859,1189
815,48339221,381,0,1104,1311,850,1188
816,48349221,267,0,1175,1335,996,1250
817,48359221,163,0,1169,1339,1052,1275
818,48369221,93,0,1164,1348,1109,1298
819,48379221,31,0,1162,1355,1169,1317
820,48389221,2,0,1159,1362,1210,1334
821,48399221,0,0,1152,1366,1253,1358
822,48409221,0,0,1148,1371,1289,1380
823,48419221,0,0,1144,1374,1316,1400
824,48429221,0,0,1140,1379,1342,1421
825,48439221,0,0,1134,1383,1373,1441
826,48449221,0,0,1131,1387,1401,1463
827,48459221,0,0,1127,1392,1428,1489
828,48469221,0,0,1050,1373,1343,1470
829,48479221,0,0,1122,1399,1466,1528
830,48489221,0,0,1115,1402,1482,1549
831,48499221,0,0,1108,1403,1496,1564
832,48509221,0,0,1096,1403,1505,1583
833,48519221,0,0,1082,1404,1513,1600
834,48529221,0,0,1074,1405,1522,1615
835,48539221,0,0,1053,1404,1527,1629
836,48549221,0,0,1035,1403,1542,1642
837,48559221,0,0,1016,1402,1545,1656
838,48569221,0,0,1001,1402,1550,1670
839,48579221,0,0,984,1401,1555,1679
840,48589221,0,0,958,1399,1555,1688
841,48599221,0,0,923,1381,1549,1593
842,48609221,0,0,863,1365,1537,1691
843,48619221,0,0,806,1331,1511,1688
844,48629221,0,0,748,1287,1487,1691
845,48639221,0,0,694,1233,1464,1700
846,48649221,0,0,627,1169,1428,1714
847,48659221,0,0,554,1092,1360,1710
848,48669221,0,0,489,988,1246,1703
849,48679221,0,0,414,871,1125,1697
850,48689221,0,0,357,747,963,1668
851,48699221,0,0,294,607,712,1619
852,48709221,0,0,243,487,428,1520
853,48719221,0,0,213,363,227,1365
854,48729221,0,0,179,289,65,1209
855,48739221,0,0,152,238,0,998
856,48749221,0,0,113,166,0,648
857,48759221,0,0,102,107,0,59
858,48769221,0,0,84,44,0,0
859,48779221,0,11,87,28,0,0
860,48789221,0,16,86,25,0,0
861,48799220,0,6,59,12,0,0
862,48809221,0,38,71,18,0,0
863,48819221,0,42,65,17,0,0
864,48829221,0,40,68,19,0,0
865,48839221,0,41,66,15,2,0
866,48849221,0,39,70,19,0,0
867,48859221,0,36,75,21,0,0
868,48869221,0,26,69,24,0,0
869,48879221,0,22,82,24,0,0
870,48889221,0,0,85,27,0,0
871,48899221,0,0,89,28,0,0
872,48909221,0,0,89,27,0,0
873,48919221,0,0,88,29,0,0
874,48929221,0,0,87,25,0,0
875,48939220,0,0,86,20,0,0
876,48949221,0,0,86,14,0,0
877,48959221,0,0,84,19,0,0
878,48969221,0,0,86,17,0,0
879,48979221,0,0,85,19,1,0
880,48989221,0,0,85,19,0,0
881,48999221,0,0,84,24,0,0
882,49009220,0,0,87,29,0,0
883,49019221,0,0,88,36,0,0
884,49029221,0,0,99,36,0,0
885,49039221,0,0,96,39,0,0
886,49049221,0,0,96,39,0,0
887,49059221,0,0,103,42,0,0
888,49069221,0,0,80,34,0,0
889,49079221,0,0,108,45,0,0
890,49089221,0,0,106,43,0,0
891,49099221,0,0,111,46,0,0
892,49109221,0,0,123,48,0,0
893,49119221,0,0,136,53,0,0
894,49129221,0,0,142,51,0,0
895,49139221,0,0,155,63,0,0
896,49149221,0,0,169,63,0,0
897,49159221,0,0,190,82,0,0
898,49169221,0,0,222,92,0,0
899,49179221,0,0,327,213,0,0
900,49189221,0,0,448,348,0,0
901,49199221,0,0,522,463,0,0
902,49209221,0,0,703,602,0,0
903,49219221,0,29,817,716,0,0
904,49229221,0,122,895,810,0,54
905,49239221,0,0,953,875,0,124
906,49249221,59,0,998,921,0,219
907,49259221,238,2,1044,958,0,296
908,49269221,417,0,1068,988,0,357
909,49279221,588,0,1096,1010,0,401
910,49289221,695,0,1118,1034,0,435
911,49299221,777,0,1139,1056,0,472
912,49309221,848,0,1157,1077,0,498
913,49319221,897,0,1166,1093,3,531
914,49329221,955,0,1177,1103,9,554
915,49339221,1004,0,1179,1108,12,587
916,49349221,1061,0,1182,1107,18,612
917,49359221,1106,0,1181,1106,38,633
918,49369221,1136,0,1181,1105,58,647
919,49379221,1167,0,1185,1100,81,659
920,49389221,1179,0,1187,1101,102,680
921,49399221,1189,0,1187,1102,123,701
922,49409221,1193,0,1187,1100,142,717
923,49419221,1192,0,1184,1098,155,733
924,49429221,1188,0,1182,1095,174,744
925,49439221,1186,0,1181,1091,185,756
926,49449220,1186,0,1179,1082,190,762
927,49459221,1187,0,1174,1075,203,769
928,49469221,1188,0,1169,1069,205,774
929,49479221,1190,0,1165,1064,208,778
930,49489221,1187,0,1162,1060,215,780
931,49499221,1189,0,1159,1052,217,782
932,49509221,1105,0,1158,1048,216,784
933,49519221,1194,0,1153,1043,214,783
934,49529221,1188,0,1148,1037,212,784
935,49539221,1184,0,1147,1032,217,786
936,49549221,1176,0,1148,1024,227,789
937,49559221,1172,0,1147,1021,234,791
938,49569221,1086,0,1145,1020,238,793
939,49579221,1162,0,1143,1013,246,795
940,49589221,1163,0,1144,1012,258,800
941,49599221,1153,0,1144,1012,269,803
942,49609221,1145,0,1144,1015,284,810
943,49619221,1141,0,1146,1018,297,820
944,49629221,1051,0,1148,1025,328,826
945,49639221,1116,0,1151,1034,344,840
946,49649221,1089,0,1158,1046,381,864
947,49659221,1049,0,1163,1053,401,888
948,49669221,994,0,1165,1062,439,923
949,49679221,940,0,1169,1072,487,957
950,49689221,883,0,1173,1085,545,1003
951,49699221,812,0,1177,1099,616,1045
952,49709221,745,0,1180,1114,689,1085
953,49719221,665,0,1187,1133,749,1133
954,49729221,566,0,1192,1144,807,1179
955,49739221,442,0,1194,1160,875,1213
956,49749221,327,581,1195,1175,950,1255
957,49759221,186,501,1193,1187,1010,1297
958,49769221,63,413,1190,1199,1071,1329
959,49779221,0,310,1179,1209,1131,1364
960,49789221,0,219,1161,1216,1182,1387
961,49799221,0,143,1129,1223,1237,1417
962,49809221,0,0,1091,1224,1271,1432
963,49819221,0,0,1043,1223,1301,1449
964,49829221,0,0,982,1216,1325,1469
965,49839221,0,0,924,1205,1353,1491
966,49849221,0,0,845,1176,1380,1524
967,49859221,0,0,771,1130,1401,1565
968,49869221,0,0,701,1080,1419,1597
969,49879221,0,0,620,1010,1424,1625
970,49889221,0,0,557,924,1398,1650
971,49899220,0,0,436,776,1261,1640
972,49909221,0,0,379,692,1310,1685
973,49919221,0,0,296,596,1234,1689
974,49929221,0,0,250,481,1132,1686
975,49939221,0,0,196,373,1039,1669
976,49949221,0,0,115,299,899,1635
977,49959221,0,0,47,218,737,1574
978,49969220,0,0,0,124,539,1453
979,49979221,0,0,0,66,437,1388
980,49989221,0,0,0,32,285,1285
981,49999221,0,0,0,0,143,1122
982,50009221,0,0,0,0,0,887
983,50019221,0,0,0,0,0,507
984,50029221,0,9,0,0,0,134
985,50039221,0,42,0,0,0,89
986,50049221,0,37,0,0,0,138
987,50059221,0,10,0,0,0,115
988,50069221,0,10,0,0,0,52
989,50079221,0,21,0,0,0,0
990,50089221,0,28,0,0,0,0
991,50099220,0,35,0,0,0,0
992,50109221,0,40,0,0,0,0
993,50119221,0,43,0,0,0,0
994,50129221,0,44,0,0,0,0
995,50139221,0,44,0,0,0,0
996,50149221,0,46,0,0,0,0
997,50159221,0,50,0,0,0,0
998,50169221,0,52,0,0,0,0
999,50179221,0,53,0,0,0,0
1000,50189221,0,53,0,0,0,0
1001,50199221,0,49,0,0,0,0
1002,50209221,0,42,0,0,0,0
1003,50219221,0,40,0,0,0,0
1004,50229221,0,36,0,0,0,0
1005,50239221,0,32,0,0,0,0
1006,50249221,0,29,0,0,0,0
1007,50259221,0,26,0,0,0,0
1008,50269221,0,20,0,0,0,0
1009,50279221,0,7,0,0,0,0
1010,50289221,0,0,0,0,0,0
1011,50299221,0,0,0,0,0,0
1012,50309221,0,0,0,0,0,0
1013,50319221,0,0,0,0,0,0
1014,50329221,0,0,0,0,0,0
1015,50339221,0,0,0,0,0,0
1016,50349221,0,0,0,0,0,0
1017,50359220,0,0,0,0,0,0
1018,50369221,0,0,0,0,0,0
1019,50379221,0,0,4,0,0,0
1020,50389221,0,0,9,0,0,0
1021,50399221,0,0,10,0,0,0
1022,50409221,0,0,18,0,0,0
1023,50419221,0,0,15,0,0,0
1024,50429221,0,0,18,0,0,0
1025,50439221,0,0,19,0,0,0
1026,50449221,111,0,23,0,0,0
1027,50459221,378,764,35,3,0,0
1028,50469221,734,1001,44,0,0,0
1029,50479221,975,1177,52,0,0,0
1030,50489220,1101,1202,41,0,0,0
1031,50499221,1226,1363,75,0,0,0
1032,50509221,1329,1437,110,0,0,0
1033,50519221,1398,1493,153,11,0,0
1034,50529221,1435,1521,211,46,0,0
1035,50539221,1447,1541,306,90,0,0
1036,50549221,1458,1555,381,185,0,0
1037,50559221,1464,1570,459,274,0,0
1038,50569221,1472,1586,531,335,0,0
1039,50579221,1494,1601,587,412,0,0
1040,50589221,1513,1618,625,455,0,0
1041,50599221,1541,1631,654,465,0,0
1042,50609221,1558,1646,675,488,5,0
1043,50619221,1509,1550,686,518,0,0
1044,50629221,1575,1662,727,541,0,0
1045,50639221,1577,1667,754,560,0,0
1046,50649221,1573,1661,784,587,0,0
1047,50659221,1564,1655,802,612,0,0
1048,50669221,1557,1650,822,628,0,4
1049,50679221,1518,1526,806,588,0,19
1050,50689221,1526,1629,844,654,0,46
1051,50699221,1511,1620,857,675,0,62
1052,50709221,1487,1597,876,704,0,89
1053,50719221,1460,0,897,755,0,137
1054,50729221,1428,0,918,782,0,177
1055,50739221,1390,0,936,813,0,236
1056,50749221,1298,0,938,847,0,299
1057,50759221,1300,0,981,872,1,347
1058,50769221,1251,0,1004,913,14,411
1059,50779221,1196,0,1020,945,45,471
1060,50789221,1147,0,1044,976,90,541
1061,50799221,1086,0,1065,1007,145,600
1062,50809221,1054,0,1081,1040,188,674
1063,50819221,1006,0,1103,1069,242,738
1064,50829221,951,0,1115,1097,304,798
1065,50839221,888,0,1130,1123,364,861
1066,50849221,796,0,1145,1149,431,931
1067,50859221,710,0,1161,1177,502,984
1068,50869221,598,0,1173,1199,575,1044
1069,50879221,489,1,1182,1224,654,1096
1070,50889221,366,0,1191,1243,728,1144
1071,50899221,253,0,1198,1263,792,1205
1072,50909221,124,0,1208,1282,855,1250
1073,50919221,27,0,1212,1302,924,1298
1074,50929221,0,0,1217,1316,994,1335
1075,50939221,0,0,1225,1330,1052,1378
1076,50949221,0,33,1226,1340,1104,1408
1077,50959221,0,165,1228,1356,1161,1436
1078,50969221,0,77,1227,1368,1210,1462
1079,50979221,0,3,1226,1382,1258,1489
1080,50989221,0,0,1212,1393,1295,1520
1081,50999221,0,0,1202,1401,1325,1557
1082,51009221,0,0,1188,1409,1353,1578
1083,51019221,0,0,1162,1415,1382,1604
1084,51029221,0,0,1129,1417,1405,1629
1085,51039221,0,0,1095,1420,1426,1655
1086,51049221,0,0,1050,1417,1437,1684
1087,51059221,0,0,963,1316,1444,1710
1088,51069221,0,0,918,1375,1450,1739
1089,51079221,0,0,845,1339,1440,1764
1090,51089221,0,0,748,1285,1405,1785
1091,51099221,0,0,689,1212,1335,1808
1092,51109221,0,0,614,1130,1237,1831
1093,51119221,0,0,557,1046,1089,1847
1094,51129221,0,0,511,956,857,1849
1095,51139221,0,0,445,849,587,1837
1096,51149221,0,0,366,723,349,1801
1097,51159221,0,0,294,591,213,1732
1098,51169221,0,0,216,485,110,1629
1099,51179221,0,0,165,406,25,1516
1100,51189221,0,0,147,319,0,1380
1101,51199221,0,0,126,234,0,1214
1102,51209221,0,0,106,163,0,971
1103,51219221,0,0,92,100,0,570
1104,51229221,0,0,51,38,0,117
1105,51239221,0,23,18,3,0,61
1106,51249221,0,0,21,6,0,125
1107,51259221,0,0,28,15,0,164
1108,51269221,0,0,32,19,0,137
1109,51279221,0,0,27,13,0,78
1110,51289221,0,0,20,10,0,43
1111,51299221,0,0,8,5,0,18
1112,51309221,0,0,6,4,0,0
1113,51319221,0,0,7,1,0,0
1114,51329221,0,0,8,4,0,0
1115,51339221,0,0,10,7,0,0
1116,51349221,0,0,11,7,0,0
1117,51359221,0,0,13,9,0,0
1118,51369221,0,0,12,10,0,0
1119,51379221,0,0,17,9,0,0
1120,51389221,0,0,18,9,0,0
1121,51399221,0,0,21,14,0,0
1122,51409221,0,0,29,20,0,0
1123,51419221,0,0,38,29,0,0
1124,51429221,0,0,46,31,0,0
1125,51439221,0,0,58,38,0,0
1126,51449221,0,0,68,44,0,0
1127,51459221,0,0,72,46,0,0
1128,51469221,0,0,78,52,0,0
1129,51479221,0,0,90,56,0,0
1130,51489221,0,0,99,61,0,0
1131,51499221,0,0,104,71,0,0
1132,51509221,0,0,98,73,0,0
1133,51519221,0,0,79,49,0,0
1134,51529221,0,0,79,74,0,0
1135,51539221,0,0,75,74,0,0
1136,51549221,0,0,72,72,0,0
1137,51559221,0,0,69,62,0,0
1138,51569221,0,0,66,61,0,0
1139,51579221,0,0,66,60,0,0
1140,51589221,0,0,63,57,0,0
1141,51599221,0,0,57,50,0,0
1142,51609221,0,0,54,36,0,0
1143,51619221,0,1,49,23,0,0
1144,51629221,0,56,38,9,0,0
1145,51639221,0,176,39,0,0,0
1146,51649221,103,0,33,0,0,1
1147,51659221,345,755,36,0,0,0
1148,51669221,663,976,40,0,0,0
1149,51679221,864,1098,37,0,0,0
1150,51689221,1001,1195,40,0,0,0
1151,51699221,1127,1286,58,0,0,0
1152,51709221,1234,1360,91,0,0,0
1153,51719220,1318,1432,138,39,0,0
1154,51729221,1363,1470,292,116,0,0
1155,51739221,1374,1484,397,232,0,0
1156,51749221,1360,1481,532,357,0,0
1157,51759221,1352,1477,622,460,0,0
1158,51769221,1345,1474,684,539,0,38
1159,51779221,1347,1465,747,588,0,135
1160,51789221,1351,1468,807,691,0,292
1161,51799221,1353,1465,857,738,0,386
1162,51809221,1352,1452,897,781,8,491
1163,51819221,1343,1442,926,819,58,565
1164,51829221,1331,1425,961,852,108,636
1165,51839221,1305,1391,987,889,170,692
1166,51849221,1250,1246,980,858,223,745
1167,51859221,1240,1300,1031,950,291,807
1168,51869221,1195,1258,1037,973,358,853
1169,51879221,1167,1222,1047,987,416,882
1170,51889221,1120,1197,1054,999,465,920
1171,51899221,1085,1171,1056,1005,525,949
1172,51909221,1043,1131,985,998,515,946
1173,51919221,997,1086,1059,1029,626,1002
1174,51929221,941,1043,1061,1041,679,1024
1175,51939221,891,0,1062,1047,727,1052
1176,51949221,827,0,1061,1053,756,1082
1177,51959221,767,0,1061,1063,791,1104
1178,51969221,721,0,1062,1068,821,1118
1179,51979221,677,0,1064,1081,865,1132
1180,51989221,630,0,1064,1085,895,1150
1181,51999221,583,0,1064,1095,934,1160
1182,52009221,545,0,1065,1100,959,1175
1183,52019221,505,0,1068,1103,986,1182
1184,52029221,461,0,1072,1108,1012,1192
1185,52039221,408,0,1046,1050,1038,1202
1186,52049221,384,0,1077,1134,1067,1223
1187,52059221,356,0,1083,1147,1088,1237
1188,52069221,325,0,1088,1149,1114,1252
1189,52079221,285,0,1090,1163,1144,1269
1190,52089221,227,0,1094,1177,1173,1286
1191,52099221,198,0,1100,1190,1198,1299
1192,52109221,148,0,1104,1198,1233,1314
1193,52119221,98,0,1109,1218,1257,1333
1194,52129221,51,0,1112,1229,1290,1361
1195,52139221,15,0,1114,1242,1317,1385
1196,52149221,0,0,1116,1259,1353,1409
1197,52159221,0,0,1113,1269,1377,1430
1198,52169221,0,0,1117,1286,1400,1455
1199,52179221,0,0,1118,1296,1434,1493
1200,52189221,0,0,1110,1306,1465,1526
1201,52199221,0,0,1099,1319,1489,1563
1202,52209221,0,0,1071,1326,1509,1593
1203,52219221,0,0,1021,1329,1529,1628
1204,52229221,0,0,957,1330,1553,1656
1205,52239221,0,0,907,1323,1560,1685
1206,52249221,0,0,819,1299,1573,1705
1207,52259221,0,0,748,1256,1573,1725
1208,52269221,0,0,667,1197,1575,1749
1209,52279221,0,0,569,1128,1555,1769
1210,52289221,0,0,474,1040,1508,1790
1211,52299221,0,0,405,899,1350,1739
1212,52309221,0,0,353,818,1299,1831
1213,52319221,0,0,310,740,1119,1841
1214,52329221,0,0,253,677,869,1832
1215,52339221,1,0,195,578,588,1800
1216,52349221,0,0,132,483,343,1718
1217,52359221,0,1,91,383,177,1608
1218,52369221,0,0,92,294,33,1399
1219,52379221,0,0,92,231,0,1298
1220,52389221,0,0,91,194,0,1117
1221,52399221,0,0,93,143,0,771
1222,52409221,0,36,75,97,0,128
1223,52419221,0,62,56,52,0,0
1224,52429221,0,29,57,53,0,58
1225,52439221,0,18,52,44,0,116
1226,52449221,0,21,38,29,0,59
1227,52459221,0,28,35,25,0,12
1228,52469221,0,24,31,25,0,0
1229,52479221,0,8,36,27,0,0
1230,52489221,0,5,35,32,0,0
1231,52499221,0,2,38,39,0,0
1232,52509221,0,0,39,44,0,0
1233,52519221,0,0,42,51,0,0
1234,52529221,0,0,49,60,0,0
1235,52539221,0,0,53,69,0,0
1236,52549221,0,0,55,73,0,0
1237,52559221,0,0,50,79,0,0
1238,52569221,0,0,67,79,0,0
1239,52579221,0,0,71,81,0,0
1240,52589221,0,0,72,80,0,0
1241,52599221,0,0,73,79,0,0
1242,52609221,0,0,71,76,0,0
1243,52619221,0,0,65,73,0,0
1244,52629221,0,0,59,74,0,0
1245,52639221,0,0,55,73,0,0
1246,52649221,0,0,53,73,0,0
1247,52659221,0,0,47,70,0,0
1248,52669221,0,0,49,70,0,0
1249,52679221,0,0,52,81,0,0
1250,52689221,0,0,54,86,0,0
1251,52699221,0,0,53,86,0,0
1252,52709221,0,0,48,86,0,0
1253,52719221,0,0,40,82,0,0
1254,52729221,0,0,37,79,0,0
1255,52739221,0,0,28,73,0,0
1256,52749221,0,0,22,52,0,0
1257,52759221,0,0,16,51,0,0
1258,52769221,0,0,7,38,0,0
1259,52779221,0,0,4,29,0,0
1260,52789221,0,0,8,36,0,0
1261,52799221,0,36,5,33,0,0
1262,52809221,0,93,1,27,0,0
1263,52819221,0,185,9,23,0,0
1264,52829221,0,0,17,22,0,0
1265,52839221,26,0,37,10,0,0
1266,52849221,116,0,57,10,0,0
1267,52859221,269,786,59,4,0,0
1268,52869221,526,962,57,0,0,0
1269,52879221,778,1095,53,0,0,0
1270,52889221,946,1183,84,2,0,0
1271,52899221,1036,1234,156,42,0,0
1272,52909221,1067,1237,199,72,0,0
1273,52919221,1064,1232,280,116,0,0
1274,52929221,1064,1233,362,207,0,23
1275,52939221,1070,1230,413,277,0,179
1276,52949220,1078,1240,469,348,0,363
1277,52959221,1100,1234,528,407,20,481
1278,52969221,1124,1234,580,462,85,600
1279,52979221,1141,1233,625,521,180,704
1280,52989221,1148,1233,664,576,278,824
1281,52999221,1149,1228,699,622,377,921
1282,53009221,1147,1216,734,671,486,995
1283,53019220,1148,1213,764,726,587,1067
1284,53029221,1144,1214,797,757,674,1124
1285,53039221,1131,1206,818,790,756,1171
1286,53049221,1109,1191,841,813,834,1207
1287,53059221,1086,1176,857,839,902,1244
1288,53069221,1066,1159,869,862,942,1250
1289,53079221,1036,1140,819,866,919,0
1290,53089221,1013,1116,886,897,1055,0
1291,53099221,988,1082,889,907,1091,0
1292,53109221,953,1052,889,913,1126,0
1293,53119221,918,1015,886,916,1153,0
1294,53129221,880,977,880,921,1183,0
1295,53139221,841,938,877,924,1205,0
1296,53149221,798,919,817,913,1143,0
1297,53159221,763,889,876,937,1259,0
1298,53169221,721,851,871,939,1281,1374
1299,53179221,668,810,867,947,1307,1399
1300,53189221,618,792,856,951,1330,1405
1301,53199221,581,772,849,954,1354,1409
1302,53209221,554,748,845,957,1369,1416
1303,53219221,538,730,843,963,1382,1422
1304,53229221,522,718,841,964,1396,1425
1305,53239221,503,699,839,967,1406,1431
1306,53249221,490,691,835,968,1417,1432
1307,53259221,484,682,838,973,1424,1434
1308,53269221,486,681,841,981,1430,1438
1309,53279221,484,678,847,985,1434,1446
1310,53289221,475,673,855,988,1444,1445
1311,53299221,462,659,858,994,1444,0
1312,53309221,443,646,862,1002,1459,0
1313,53319221,412,621,860,1005,1467,0
1314,53329221,380,585,859,1013,1475,0
1315,53339221,351,551,857,1019,1485,0
1316,53349221,315,516,847,1033,1498,0
1317,53359221,246,461,827,1041,1510,0
1318,53369221,180,398,798,1046,1515,0
1319,53379221,105,332,774,1048,1531,0
1320,53389221,41,245,755,1052,1539,0
1321,53399221,0,166,744,1051,1547,0
1322,53409221,0,112,726,1047,1555,0
1323,53419221,0,42,679,1038,1559,0
1324,53429221,0,0,632,1017,1556,0
1325,53439221,0,0,601,991,1542,0
1326,53449221,0,0,554,940,1513,0
1327,53459221,0,0,493,885,1464,0
1328,53469221,0,0,450,849,1404,0
1329,53479221,0,0,392,818,1326,1564
1330,53489221,0,0,332,752,1183,1562
1331,53499221,0,0,296,679,999,1553
1332,53509221,0,0,281,603,792,1517
1333,53519221,0,0,271,525,491,0
1334,53529221,0,0,249,434,212,1325
1335,53539221,0,0,227,363,34,1157
1336,53549221,0,0,216,319,0,930
1337,53559221,0,0,203,248,0,596
1338,53569221,0,8,198,206,0,130
1339,53579221,0,25,163,116,0,0
1340,53589221,0,38,142,72,0,0
1341,53599221,0,29,123,56,0,0
1342,53609221,0,23,109,46,0,0
1343,53619221,0,26,104,43,0,0
1344,53629221,0,24,100,44,0,0
1345,53639221,0,20,107,48,0,0
1346,53649221,0,10,110,60,0,0
1347,53659221,0,7,118,71,0,0
1348,53669221,0,1,127,74,0,0
1349,53679221,0,0,135,85,0,0
1350,53689221,0,0,130,88,0,0
1351,53699221,0,0,123,89,0,0
1352,53709221,0,0,120,91,0,0
1353,53719221,0,0,124,92,0,0
1354,53729221,0,0,120,95,0,0
1355,53739221,0,0,110,90,0,0
1356,53749221,0,0,98,84,0,0
1357,53759221,0,0,91,80,0,0
1358,53769221,0,0,83,72,0,0
1359,53779221,0,0,69,62,0,0
1360,53789221,0,0,59,58,0,0
1361,53799221,0,0,60,61,0,0
1362,53809221,0,0,58,62,0,0
1363,53819221,0,0,61,62,0,0
1364,53829221,0,0,63,66,0,0
1365,53839221,0,0,65,64,0,0
1366,53849221,0,0,65,64,0,0
1367,53859221,0,0,63,62,0,0
1368,53869220,0,0,59,60,0,0
1369,53879221,0,0,51,55,0,0
1370,53889221,0,0,40,49,0,0
1371,53899221,0,0,32,40,0,0
1372,53909221,0,8,30,30,0,0
1373,53919221,0,50,25,24,0,0
1374,53929221,0,80,15,3,0,0
1375,53939221,2,189,20,2,0,0
1376,53949221,19,0,16,0,0,0
1377,53959221,57,0,19,0,0,0
1378,53969221,106,0,28,0,0,0
1379,53979221,225,593,49,0,0,0
1380,53989221,377,729,60,0,0,0
1381,53999221,568,872,61,0,0,0
1382,54009221,764,1009,58,0,0,0
1383,54019221,967,1146,60,0,0,0
1384,54029221,1106,1252,84,2,0,0
1385,54039221,1191,1320,123,20,0,0
1386,54049221,1241,1358,159,44,0,0
1387,54059221,1277,1382,204,59,0,0
1388,54069221,1308,1416,267,97,0,0
1389,54079221,1336,1447,315,141,0,0
1390,54089221,1361,1465,361,199,0,0
1391,54099221,1378,1488,401,260,0,0
1392,54109221,1399,1506,456,307,0,21
1393,54119221,1422,1524,501,361,0,41
1394,54129221,1440,1546,554,421,0,93
1395,54139221,1462,1564,592,459,0,112
1396,54149221,1478,1578,627,492,0,117
1397,54159221,1492,1590,664,535,0,123
1398,54169221,1498,1604,700,570,0,123
1399,54179221,1505,1610,740,600,0,134
1400,54189221,1509,1615,785,642,0,151
1401,54199221,1509,1616,824,695,0,161
1402,54209221,1506,1612,856,746,0,172
1403,54219221,1500,1612,888,791,0,186
1404,54229221,1495,1609,920,815,0,209
1405,54239221,1488,1605,943,852,0,222
1406,54249221,1384,1588,971,878,0,236
1407,54259221,1454,1580,998,920,0,269
1408,54269221,1434,1568,1032,955,0,311
1409,54279221,1407,1551,1049,987,0,332
1410,54289221,1388,1529,1064,1015,0,364
1411,54299221,1367,1509,1079,1045,0,394
1412,54309221,1340,1486,1098,1066,0,435
1413,54319221,1314,1463,1113,1093,1,455
1414,54329221,1288,1440,1123,1110,12,492
1415,54339221,1260,1417,1134,1126,31,551
1416,54349221,1234,1390,1144,1142,46,594
1417,54359221,1200,1363,1151,1158,69,646
1418,54369221,1174,1331,1160,1175,89,691
1419,54379221,1158,0,1163,1182,106,731
1420,54389221,1142,0,1164,1188,128,776
1421,54399221,1130,0,1164,1194,154,823
1422,54409221,1120,0,1168,1203,169,864
1423,54419221,1099,0,1171,1210,209,912
1424,54429221,1066,0,1176,1225,250,954
1425,54439221,1028,0,1179,1239,302,987
1426,54449220,967,0,1131,1203,304,1005
1427,54459221,928,0,1191,1264,397,1065
1428,54469221,873,0,1193,1273,453,1111
1429,54479221,801,0,1196,1286,519,1147
1430,54489221,712,0,1197,1296,572,1192
1431,54499221,612,893,1197,1305,650,1227
1432,54509220,479,779,1147,1265,677,1243
1433,54519221,375,762,1201,1322,806,1303
1434,54529221,246,673,1204,1331,876,1338
1435,54539221,137,576,1205,1341,954,1368
1436,54549221,29,466,1204,1356,1033,1396
1437,54559221,0,332,1204,1367,1096,1427
1438,54569221,0,202,1203,1375,1161,1461
1439,54579220,0,71,1143,1333,1127,1463
1440,54589221,0,2,1190,1395,1260,0
1441,54599221,0,0,1175,1401,1304,0
1442,54609221,0,0,1149,1407,1335,0
1443,54619221,0,0,1125,1412,1367,0
1444,54629221,0,0,1091,1412,1394,0
1445,54639221,0,0,1052,1410,1419,0
1446,54649220,0,0,933,1347,1342,0
1447,54659221,0,0,914,1383,1444,0
1448,54669221,0,0,854,1356,1434,0
1449,54679221,0,0,786,1319,1399,0
1450,54689221,0,0,712,1273,1342,446
1451,54699221,0,0,650,1210,1271,1826
1452,54709221,0,0,593,1144,1148,1852
1453,54719221,0,0,562,1083,979,1877
1454,54729221,0,0,546,1025,707,1878
1455,54739221,0,0,507,942,410,1875
1456,54749221,0,0,468,870,199,1832
1457,54759221,0,0,433,797,74,1776
1458,54769221,0,0,381,702,0,1690
1459,54779221,0,0,325,621,0,1587
1460,54789221,0,0,304,538,0,1441
1461,54799221,0,0,294,444,0,1251
1462,54809221,0,0,269,369,0,966
1463,54819221,0,0,246,267,0,486
1464,54829221,0,37,171,116,0,79
1465,54839221,0,22,171,79,0,107
1466,54849221,0,0,174,74,0,141
1467,54859221,0,0,159,76,0,116
1468,54869221,0,0,138,64,0,45
1469,54879221,0,0,115,57,0,5
1470,54889221,0,0,96,44,0,0
1471,54899221,0,0,90,39,0,0
1472,54909221,0,0,89,36,0,0
1473,54919221,0,0,83,40,0,0
1474,54929221,0,0,100,40,0,0
1475,54939221,0,0,103,47,0,0
1476,54949221,0,0,110,50,0,0
1477,54959221,0,0,117,53,0,0
1478,54969221,0,0,121,58,0,0
1479,54979221,0,0,135,59,0,0
1480,54989221,0,0,131,72,0,0
1481,54999221,0,0,149,73,0,0
1482,55009221,0,0,163,85,0,0
1483,55019221,0,0,167,75,0,0
1484,55029221,0,0,167,81,0,0
1485,55039221,0,0,169,79,0,0
1486,55049221,0,0,169,84,0,0
1487,55059221,0,0,165,77,2,0
1488,55069221,0,0,150,69,0,0
1489,55079221,0,0,117,65,5,0
1490,55089221,0,0,94,60,0,0
1491,55099221,0,0,83,66,0,0
1492,55109221,0,0,81,59,0,0
1493,55119220,0,0,55,42,0,0
1494,55129221,0,0,70,57,0,0
1495,55139221,0,0,68,55,0,0
1496,55149221,0,0,71,57,0,0
1497,55159221,0,0,80,50,0,0
1498,55169221,0,0,85,58,0,0
1499,55179221,0,0,86,51,0,0
1500,55189221,0,0,92,66,0,0
1501,55199221,0,0,95,68,0,0
1502,55209221,0,0,92,61,0,0
1503,55219221,0,0,89,57,0,0
1504,55229221,0,0,90,51,0,0
1505,55239221,0,0,88,37,0,0
1506,55249221,0,0,94,22,0,0
1507,55259221,8,0,100,17,0,0
1508,55269221,191,425,90,0,0,0
1509,55279221,551,791,88,0,0,0
1510,55289221,872,1058,86,0,0,0
1511,55299221,1043,1203,70,0,0,0
1512,55309220,1156,1300,79,0,0,0
1513,55319221,1271,1408,103,0,0,0
1514,55329221,1391,1505,139,2,0,0
1515,55339221,1476,1570,206,39,0,0
1516,55349221,1508,1603,289,87,0,0
1517,55359221,1541,1629,390,161,0,0
1518,55369221,1491,1525,476,251,0,0
1519,55379221,1544,1637,595,359,0,0
1520,55389221,1542,1637,678,473,0,0
1521,55399221,1550,1637,742,538,0,0
1522,55409221,1562,1643,792,602,0,0
1523,55419221,1571,1645,829,667,0,32
1524,55429221,1577,1647,870,729,0,85
1525,55439221,1576,1643,892,771,0,155
1526,55449221,1570,1633,921,804,0,218
1527,55459221,1556,1620,950,839,0,270
1528,55469221,1524,1604,981,873,0,334
1529,55479221,1489,1577,1005,915,0,378
1530,55489221,1450,1541,1036,954,0,428
1531,55499221,1407,1481,1058,986,1,477
1532,55509221,1364,1426,1071,1016,15,522
1533,55519221,1317,1383,1083,1046,41,563
1534,55529221,1282,1342,1095,1066,68,595
1535,55539221,1235,1299,1103,1086,98,630
1536,55549221,1187,1258,1113,1106,124,669
1537,55559221,1138,1224,1118,1125,151,695
1538,55569221,1094,1150,1127,1137,202,725
1539,55579221,1045,0,1137,1151,247,759
1540,55589221,997,0,1142,1171,301,792
1541,55599221,957,0,1146,1188,346,820
1542,55609221,916,0,1155,1205,386,859
1543,55619221,863,0,1163,1222,420,889
1544,55629221,809,0,1171,1239,472,921
1545,55639221,746,0,1176,1256,522,958
1546,55649221,690,0,1180,1270,588,1001
1547,55659221,636,0,1188,1284,641,1032
1548,55669221,589,0,1191,1295,688,1062
1549,55679221,551,0,1196,1304,749,1099
1550,55689221,506,0,1201,1314,796,1132
1551,55699221,440,0,1206,1322,847,1165
1552,55709221,373,0,1209,1330,904,1199
1553,55719221,309,0,1210,1338,951,1231
1554,55729221,229,0,1209,1347,1000,1257
1555,55739221,165,0,1210,1354,1056,1276
1556,55749221,99,0,1209,1364,1107,1301
1557,55759221,39,0,1210,1372,1156,1331
1558,55769221,0,0,1210,1381,1204,1365
1559,55779221,0,0,1208,1389,1246,1389
1560,55789221,0,0,1207,1396,1281,1416
1561,55799221,0,0,1199,1403,1323,1439
1562,55809221,0,0,1188,1413,1359,1460
1563,55819221,0,0,1143,1329,1383,1486
1564,55829221,0,0,1141,1420,1427,1508
1565,55839221,0,0,1112,1422,1453,1527
1566,55849221,0,0,1066,1417,1479,1558
1567,55859221,0,0,994,1402,1493,1579
1568,55869221,0,0,920,1385,1507,1603
1569,55879221,0,0,839,1352,1511,1624
1570,55889221,0,0,745,1230,1502,1643
1571,55899221,0,0,702,1257,1484,1656
1572,55909221,0,0,652,1194,1425,1671
1573,55919221,0,0,578,1127,1319,1685
1574,55929221,0,0,523,1051,1201,1694
1575,55939221,0,0,479,983,1056,1699
1576,55949221,0,0,459,918,820,1687
1577,55959221,0,0,407,804,526,1651
1578,55969221,0,0,390,702,293,1583
1579,55979221,0,0,349,621,118,1470
1580,55989221,0,0,312,548,14,1333
1581,55999221,0,0,285,487,0,1205
1582,56009221,0,0,275,423,0,1039
1583,56019221,0,0,234,351,0,762
1584,56029221,0,0,257,295,0,354
1585,56039221,0,0,236,200,0,0
1586,56049221,0,0,211,116,0,0
1587,56059221,0,0,211,109,0,0
1588,56069221,0,0,207,109,0,0
1589,56079221,0,0,195,93,0,0
1590,56089221,0,0,168,52,0,0
1591,56099221,0,0,167,61,0,0
1592,56109221,0,0,157,56,0,0
1593,56119221,0,0,150,58,0,0
1594,56129221,0,0,145,60,0,0
1595,56139221,0,0,142,58,0,0
1596,56149221,0,0,136,57,0,0
1597,56159221,0,0,137,59,0,0
1598,56169221,0,0,140,61,0,0
1599,56179221,0,0,143,66,0,0
1600,56189221,0,0,151,69,0,0
1601,56199221,0,0,156,75,0,0
1602,56209221,0,0,166,83,0,0
1603,56219221,0,0,173,87,0,0
1604,56229221,0,0,175,87,0,0
1605,56239221,0,0,179,93,0,0
1606,56249221,0,0,182,94,0,0
1607,56259221,0,0,183,98,0,0
1608,56269221,0,0,178,95,0,0
1609,56279221,0,0,162,89,0,0
1610,56289221,0,0,135,78,0,0
1611,56299221,0,0,99,68,0,0
1612,56309221,0,0,77,59,0,0
1613,56319221,0,0,58,55,0,1
1614,56329221,0,0,53,46,0,0
1615,56339221,0,0,56,42,0,0
1616,56349221,0,0,60,44,0,0
1617,56359221,0,0,70,51,0,0
1618,56369221,0,0,82,58,0,0
1619,56379221,0,0,89,62,0,0
1620,56389221,0,0,96,67,0,0
1621,56399221,0,0,100,73,0,0
1622,56409221,0,0,102,73,0,0
1623,56419221,0,0,103,73,0,0
1624,56429221,0,0,105,71,0,0
1625,56439221,0,0,109,76,0,1
1626,56449221,0,0,114,78,0,0
1627,56459221,0,0,111,71,0,0
1628,56469221,0,0,104,58,0,2
1629,56479221,0,1,116,39,0,0
1630,56489221,0,0,106,21,0,0
1631,56499221,37,0,107,16,0,0
1632,56509221,141,377,114,14,0,0
1633,56519221,397,640,102,0,0,0
1634,56529221,647,787,86,0,0,0
1635,56539221,837,982,99,0,0,0
1636,56549221,929,1063,93,3,0,0
1637,56559221,999,1122,106,0,0,0
1638,56569221,1068,1189,122,0,0,0
1639,56579221,1126,1240,154,10,0,0
1640,56589221,1171,1281,207,49,0,0
1641,56599221,1192,1303,333,138,0,0
1642,56609221,1183,1299,487,292,0,0
1643,56619221,1159,1261,639,474,0,0
1644,56629221,1131,1219,776,625,0,0
1645,56639221,1118,1188,871,774,0,139
1646,56649221,1105,1166,944,873,0,345
1647,56659221,1012,1140,1003,954,42,518
1648,56669221,1065,1124,1052,1014,124,641
1649,56679221,1054,1113,1081,1065,217,743
1650,56689221,1049,1107,1102,1102,306,832
1651,56699221,1036,1093,1120,1129,384,903
1652,56709221,999,1066,1128,1164,458,962
1653,56719221,961,1025,1156,1184,554,1026
1654,56729221,840,973,1170,1216,641,1081
1655,56739221,830,0,1178,1240,708,1127
1656,56749221,758,0,1187,1259,769,1172
1657,56759221,669,0,1190,1275,845,1204
1658,56769221,567,0,1200,1291,910,1234
1659,56779221,475,1,1201,1304,970,1257
1660,56789221,371,0,1132,1293,938,1246
1661,56799221,269,0,1204,1324,1068,1302
1662,56809221,176,0,1205,1326,1113,1325
1663,56819221,99,0,1196,1336,1160,1339
1664,56829221,43,0,1196,1346,1196,1363
1665,56839221,7,0,1195,1352,1229,1377
1666,56849221,0,0,1117,1340,1162,1354
1667,56859221,0,0,1192,1368,1286,1397
1668,56869221,0,0,1185,1369,1317,1414
1669,56879221,0,0,1184,1374,1339,1431
1670,56889221,0,0,1176,1377,1364,1445
1671,56899221,0,0,1172,1380,1384,1454
1672,56909221,0,0,1172,1383,1405,1464
1673,56919221,0,0,1168,1386,1428,1478
1674,56929221,0,0,1166,1388,1447,1491
1675,56939221,0,0,1161,1393,1463,1508
1676,56949221,0,0,1159,1395,1478,1521
1677,56959221,0,0,1156,1398,1492,1542
1678,56969221,1,0,1150,1401,1501,1560
1679,56979220,0,0,1145,1403,1512,1576
1680,56989221,0,0,1142,1404,1519,1590
1681,56999221,0,0,1136,1408,1527,1604
1682,57009221,0,0,1129,1412,1534,1619
1683,57019221,0,0,1120,1414,1545,1626
1684,57029221,0,0,1113,1415,1551,1635
1685,57039221,0,0,1103,1415,1558,1645
1686,57049221,0,0,1095,1417,1562,1655
1687,57059221,0,0,1082,1418,1565,1667
1688,57069221,0,0,1068,1418,1571,1676
1689,57079221,0,0,1055,1418,1574,1687
1690,57089221,0,0,1040,1418,1575,1695
1691,57099221,0,0,1014,1418,1577,1702
1692,57109221,0,0,985,1415,1577,1708
1693,57119221,0,0,952,1405,1575,1714
1694,57129221,0,0,913,1390,1565,1716
1695,57139221,0,0,870,1370,1546,1711
1696,57149221,0,0,814,1339,1509,1704
1697,57159221,0,0,763,1298,1452,1694
1698,57169221,0,0,727,1228,1337,1678
1699,57179221,0,0,679,1153,1203,1656
1700,57189221,0,0,618,1065,1059,1636
1701,57199221,0,0,539,952,862,1606
1702,57209221,0,0,480,863,639,1556
1703,57219221,0,0,424,708,332,1455
1704,57229221,0,0,365,550,119,1321
1705,57239221,0,0,310,428,0,1158
1706,57249221,0,0,221,294,0,928
1707,57259221,0,0,211,219,0,662
1708,57269221,0,0,173,118,0,195
1709,57279221,0,0,153,63,0,0
1710,57289221,0,0,150,53,0,0
1711,57299221,0,0,153,52,0,0
1712,57309221,0,0,151,46,0,0
1713,57319221,0,0,143,39,0,0
1714,57329221,0,0,132,35,0,0
1715,57339221,0,0,117,28,0,0
1716,57349221,0,0,107,23,0,0
1717,57359221,0,0,100,19,0,0
1718,57369221,0,0,88,17,0,0
1719,57379221,0,0,71,2,0,0
1720,57389221,0,27,73,0,0,0
1721,57399221,0,24,59,0,0,0
1722,57409221,0,19,59,0,0,0
1723,57419221,0,9,69,1,0,0
1724,57429221,0,3,84,10,0,0
1725,57439221,0,0,91,21,0,0
1726,57449221,0,0,107,35,0,0
1727,57459221,0,0,116,36,0,0
1728,57469221,0,0,122,38,0,0
1729,57479221,0,0,135,41,0,0
1730,57489221,0,0,139,43,0,0
1731,57499221,0,0,148,49,0,0
1732,57509221,0,0,149,49,0,0
1733,57519221,0,0,149,60,0,0
1734,57529221,0,0,150,61,0,0
1735,57539221,0,0,154,60,0,0
1736,57549221,0,0,168,58,0,0
1737,57559221,0,0,177,66,0,0
1738,57569221,0,0,244,106,0,0
1739,57579221,0,0,282,201,0,0
1740,57589221,0,0,370,312,0,0
1741,57599221,0,0,452,428,0,0
1742,57609221,0,0,568,568,0,0
1743,57619221,0,0,702,690,0,36
1744,57629221,0,4,838,793,0,99
1745,57639221,0,46,934,871,0,180
1746,57649221,0,0,978,935,0,277
1747,57659221,78,0,1048,977,0,329
1748,57669221,352,0,1080,1003,0,344
1749,57679221,636,0,1108,1018,0,348
1750,57689221,812,0,1126,1041,0,357
1751,57699221,918,0,1143,1059,0,390
1752,57709221,983,0,1163,1078,0,413
1753,57719221,1027,0,1179,1096,0,439
1754,57729221,1074,0,1194,1115,0,460
1755,57739221,1124,0,1205,1131,0,478
1756,57749221,1165,0,1212,1139,0,502
1757,57759221,1202,0,1219,1143,0,536
1758,57769221,1240,0,1217,1141,12,569
1759,57779221,1260,0,1213,1131,9,603
1760,57789221,1275,0,1207,1117,18,640
1761,57799221,1292,0,1194,1097,30,667
1762,57809221,1296,0,1182,1076,42,684
1763,57819221,1299,0,1174,1057,59,700
1764,57829221,1300,0,1162,1044,78,719
1765,57839221,1298,0,1147,1019,89,731
1766,57849221,1294,0,1140,1007,97,747
1767,57859221,1286,0,1128,994,103,753
1768,57869221,1276,0,1118,980,111,755
1769,57879221,1272,0,1110,964,120,760
1770,57889221,1266,0,1102,954,126,770
1771,57899221,1261,0,1097,945,121,775
1772,57909221,1254,0,1093,940,134,786
1773,57919221,1251,0,1093,936,135,796
1774,57929221,1245,0,1094,935,146,801
1775,57939221,1244,0,1096,939,155,807
1776,57949221,1245,0,1097,941,164,820
1777,57959221,1243,0,1101,944,170,834
1778,57969221,1230,0,1105,951,192,847
1779,57979221,1212,0,1114,958,221,873
1780,57989221,1192,0,1122,969,251,890
1781,57999221,1157,0,1131,996,284,920
1782,58009221,1114,0,1142,1004,333,941
1783,58019221,1068,0,1152,1021,396,985
1784,58029221,1012,0,1163,1043,449,1019
1785,58039221,947,0,1173,1059,533,1060
1786,58049221,885,0,1180,1085,625,1101
1787,58059221,770,0,1188,1110,727,1146
1788,58069221,651,0,1194,1133,798,1183
1789,58079221,514,714,1198,1148,889,1222
1790,58089221,377,629,1207,1173,955,1263
1791,58099221,231,545,1211,1188,1036,1297
1792,58109221,97,439,1214,1187,1028,1269
1793,58119221,22,356,1226,1234,1155,1369
1794,58129221,0,249,1227,1250,1191,1393
1795,58139221,0,148,1220,1254,1229,1419
1796,58149221,0,68,1209,1266,1267,1439
1797,58159221,0,4,1196,1274,1291,1450
1798,58169221,0,0,1162,1282,1313,1469
1799,58179221,0,0,1108,1287,1326,1484
1800,58189221,0,0,1098,1284,1333,1495
1801,58199221,0,0,1044,1275,1336,1509
1802,58209221,0,0,978,1257,1327,1516
1803,58219221,0,0,891,1203,1304,1525
1804,58229221,0,0,788,1124,1281,1543
1805,58239221,0,0,712,1044,1241,1557
1806,58249221,0,0,623,919,1180,1574
1807,58259221,0,0,503,763,1118,1583
1808,58269221,0,0,378,620,1004,1578
1809,58279221,0,0,281,486,864,1551
1810,58289221,0,0,181,345,658,1483
1811,58299221,0,0,95,226,468,1382
1812,58309221,0,0,42,126,304,1282
1813,58319221,0,0,1,72,186,1133
1814,58329221,0,0,0,25,8,843
1815,58339221,0,0,0,0,0,421
1816,58349221,0,0,0,0,0,46
1817,58359221,0,0,0,0,0,23
1818,58369221,0,0,0,0,0,82
1819,58379221,0,0,0,0,0,120
1820,58389221,0,0,0,0,0,54
1821,58399221,0,5,7,2,0,1
1822,58409221,0,14,22,12,0,0
1823,58419221,0,17,28,16,0,0
1824,58429221,0,16,29,13,0,0
1825,58439221,0,3,17,3,0,0
1826,58449221,0,15,34,2,0,0
1827,58459221,0,22,30,0,0,0
1828,58469221,0,18,27,0,0,0
1829,58479221,0,16,23,0,0,0
1830,58489221,0,13,18,0,0,0
1831,58499221,0,8,9,0,0,0
1832,58509221,0,0,0,0,0,0
1833,58519221,0,0,0,0,0,0
1834,58529221,0,0,0,0,0,0
1835,58539221,0,0,0,0,0,0
1836,58549221,0,0,0,0,0,0
1837,58559221,0,0,0,0,0,0
1838,58569221,0,0,0,0,0,0
1839,58579221,0,0,0,0,0,0
1840,58589221,0,0,0,0,0,0
1841,58599221,0,0,0,0,0,0
1842,58609221,0,0,0,0,0,0
1843,58619221,0,0,0,0,0,0
1844,58629221,0,0,0,0,0,0
1845,58639221,0,0,0,0,0,0
1846,58649221,0,0,0,0,0,0
1847,58659221,0,0,0,0,0,0
1848,58669221,0,0,0,0,0,0
1849,58679221,0,0,0,0,0,0
1850,58689221,0,0,11,0,0,0
1851,58699221,0,0,24,0,0,0
1852,58709221,0,0,43,7,0,0
1853,58719221,0,0,56,12,0,0
1854,58729221,0,0,69,17,0,0
1855,58739221,0,0,77,11,0,0
1856,58749221,0,0,87,12,0,0
1857,58759221,0,0,85,10,0,0
1858,58769221,139,454,56,1,0,0
1859,58779221,466,815,90,0,0,0
1860,58789221,826,1089,98,0,0,0
1861,58799221,1067,1258,108,0,0,0
1862,58809221,1207,1374,138,0,0,0
1863,58819221,1333,1467,192,17,0,0
1864,58829221,1435,1560,248,62,0,0
1865,58839221,1496,1610,458,217,0,0
1866,58849221,1525,1626,583,346,0,0
1867,58859221,1524,1628,697,498,0,0
1868,58869221,1514,1625,811,633,0,0
1869,58879221,1499,1617,896,757,0,0
1870,58889221,1481,1606,967,844,0,0
1871,58899221,1469,1594,1019,919,0,59
1872,58909221,1456,1581,1061,970,0,154
1873,58919221,1447,1574,1085,1009,0,236
1874,58929221,1434,1562,1107,1038,0,315
1875,58939221,1414,1546,1122,1065,8,386
1876,58949221,1388,1517,1130,1080,24,423
1877,58959221,1354,1488,1139,1098,50,473
1878,58969221,1308,1445,1145,1110,88,526
1879,58979221,1254,1386,1153,1122,113,564
1880,58989221,1191,0,1162,1134,142,598
1881,58999221,1117,0,1170,1154,166,631
1882,59009221,1047,0,1176,1176,202,673
1883,59019221,973,0,1182,1196,233,714
1884,59029221,848,0,1191,1217,271,750
1885,59039221,839,0,1196,1237,311,789
1886,59049221,761,0,1202,1248,356,826
1887,59059221,705,0,1206,1258,391,867
1888,59069221,649,0,1209,1274,423,888
1889,59079221,570,0,1214,1290,468,917
1890,59089221,515,0,1223,1300,504,944
1891,59099221,454,0,1227,1308,560,969
1892,59109221,395,0,1234,1318,602,995
1893,59119221,344,0,1238,1325,663,1026
1894,59129221,296,0,1241,1332,716,1053
1895,59139221,250,0,1242,1338,777,1084
1896,59149221,204,0,1242,1342,828,1117
1897,59159221,150,0,1165,1328,809,1138
1898,59169221,91,0,1245,1354,938,1181
1899,59179221,50,0,1246,1361,995,1208
1900,59189221,16,0,1244,1365,1048,1238
1901,59199221,0,0,1244,1369,1087,1258
1902,59209221,0,0,1243,1378,1131,1287
1903,59219221,0,0,1244,1382,1173,1302
1904,59229221,0,0,1244,1388,1206,1322
1905,59239221,0,0,1242,1395,1235,1341
1906,59249221,0,0,1239,1400,1268,1370
1907,59259221,0,0,1230,1406,1300,1388
1908,59269221,0,0,1226,1414,1326,1414
1909,59279221,0,0,1211,1417,1352,1437
1910,59289221,0,0,1177,1423,1373,1462
1911,59299221,0,0,1185,1427,1395,1486
1912,59309221,0,0,1168,1428,1409,1501
1913,59319221,0,0,1141,1429,1432,1523
1914,59329221,0,0,1115,1430,1448,1553
1915,59339221,0,0,1096,1433,1460,1570
1916,59349221,0,0,1068,1433,1477,1590
1917,59359220,0,0,1034,1433,1485,1610
1918,59369221,0,0,986,1429,1494,1627
1919,59379221,0,0,947,1415,1495,1642
1920,59389221,0,0,905,1387,1493,1658
1921,59399221,0,0,831,1348,1477,1670
1922,59409221,0,0,768,1292,1443,1681
1923,59419221,0,0,691,1224,1390,1716
1924,59429221,0,0,601,1143,1319,1738
1925,59439221,0,0,507,1049,1239,1752
1926,59449221,0,0,458,943,1117,1764
1927,59459221,0,0,398,826,917,1754
1928,59469221,0,0,346,691,650,1730
1929,59479221,0,0,285,553,426,1665
1930,59489221,0,0,232,456,291,1556
1931,59499221,0,0,163,364,161,1433
1932,59509221,0,0,117,295,55,1298
1933,59519221,0,0,99,224,0,1139
1934,59529221,0,0,80,153,3,884
1935,59539221,0,0,52,96,0,459
1936,59549221,0,0,35,40,0,14
1937,59559221,0,0,38,30,0,0
1938,59569221,0,0,46,43,0,22
1939,59579221,0,0,60,51,0,41
1940,59589221,0,0,82,67,0,1
1941,59599221,0,0,88,73,0,0
1942,59609221,0,0,96,73,0,0
1943,59619220,0,0,81,63,0,0
1944,59629221,0,0,109,81,0,0
1945,59639221,0,0,117,80,0,0
1946,59649221,0,0,110,74,0,0
1947,59659221,0,0,101,60,0,0
1948,59669221,0,0,81,51,0,0
1949,59679221,0,0,60,45,0,0
1950,59689221,0,0,56,31,0,0
1951,59699221,0,0,45,26,0,0
1952,59709221,0,0,33,19,0,0
1953,59719221,0,0,24,10,0,0
1954,59729221,0,0,21,8,0,0
1955,59739221,0,0,19,9,0,0
1956,59749221,0,0,15,4,0,0
1957,59759221,0,0,14,6,0,0
1958,59769221,0,0,16,8,0,0
1959,59779221,0,0,21,13,0,0
1960,59789221,0,0,21,16,0,0
1961,59799221,0,0,19,22,0,0
1962,59809221,0,0,7,8,0,0
1963,59819221,0,0,6,26,0,0
1964,59829221,0,0,5,28,0,0
1965,59839221,0,0,0,29,0,0
1966,59849221,0,0,0,30,0,0
1967,59859221,0,0,1,33,0,0
1968,59869220,0,0,0,14,0,0
1969,59879221,0,0,0,23,0,0
1970,59889221,0,0,0,22,0,0
1971,59899221,0,0,0,21,0,0
1972,59909221,0,0,0,25,0,0
1973,59919221,0,0,0,26,0,0
1974,59929221,0,0,0,24,0,0
1975,59939221,0,0,0,13,0,0
1976,59949221,0,0,1,4,0,0
1977,59959221,0,23,0,0,0,0
1978,59969221,0,13,0,0,0,0
1979,59979221,19,0,3,0,0,0
1980,59989221,182,597,16,0,0,0
1981,59999221,401,849,23,0,0,0
1982,60009221,692,1002,24,0,0,0
1983,60019221,877,1130,26,0,0,0
1984,60029221,1063,1254,42,0,0,0
1985,60039221,1235,1364,122,28,0,0
1986,60049221,1331,1439,279,135,0,0
1987,60059221,1353,1463,383,235,0,0
1988,60069221,1336,1463,502,382,0,0
1989,60079221,1322,1453,595,485,0,59
1990,60089221,1292,1429,663,562,0,188
1991,60099221,1274,1407,720,640,0,330
1992,60109221,1283,1401,771,712,13,444
1993,60119221,1299,1403,823,754,52,524
1994,60129220,1306,1402,868,794,104,604
1995,60139221,1308,1397,895,823,146,669
1996,60149221,1314,1398,918,849,200,717
1997,60159221,1308,1394,937,872,250,761
1998,60169221,1299,1380,958,892,285,798
1999,60179221,1272,1355,979,921,316,832
2000,60189220,1252,1324,989,938,361,860
2001,60199221,1222,1300,1000,951,395,880
2002,60209221,1190,1273,1005,968,434,904
2003,60219221,1162,1254,1012,973,481,921
2004,60229221,1128,1236,1016,984,527,936
2005,60239221,1094,1212,1019,992,555,958
2006,60249221,1031,1093,1000,937,594,981
2007,60259221,1006,1165,1031,1010,645,996
2008,60269221,970,1136,1033,1017,676,1019
2009,60279221,942,0,1036,1030,722,1045
2010,60289221,914,0,1038,1034,752,1062
2011,60299221,876,0,1037,1041,789,1082
2012,60309221,844,0,1040,1048,827,1108
2013,60319221,776,0,1018,1055,867,1129
2014,60329221,777,0,1044,1062,903,1159
2015,60339221,736,0,1046,1070,940,1179
2016,60349221,694,0,1049,1079,978,1196
2017,60359221,653,0,1050,1085,1005,1213
2018,60369221,613,0,1053,1095,1041,1237
2019,60379221,572,0,1057,1102,1067,1250
2020,60389221,545,0,1060,1113,1105,1266
2021,60399221,508,0,1063,1122,1127,1289
2022,60409221,464,0,1066,1132,1160,1310
2023,60419221,417,0,1069,1144,1194,1329
2024,60429221,362,0,1070,1160,1229,1349
2025,60439221,309,0,1072,1175,1257,1363
2026,60449221,258,0,1074,1182,1286,1297
2027,60459221,207,0,1076,1195,1310,1401
2028,60469221,141,0,1075,1203,1337,1420
2029,60479221,84,0,1075,1211,1365,1436
2030,60489221,28,0,1075,1226,1384,1465
2031,60499221,0,0,1071,1239,1409,1489
2032,60509221,0,0,1067,1249,1439,1508
2033,60519220,0,0,1058,1256,1462,1530
2034,60529221,0,0,1042,1261,1485,1556
2035,60539221,0,0,1005,1269,1509,1577
2036,60549221,0,0,966,1273,1528,1600
2037,60559221,0,0,917,1276,1553,1623
2038,60569221,0,0,883,1274,1565,1645
2039,60579221,0,0,846,1271,1579,1669
2040,60589221,0,0,798,1258,1585,1689
2041,60599221,0,0,738,1242,1592,1707
2042,60609221,0,0,683,1211,1594,1722
2043,60619221,0,0,618,1167,1591,1738
2044,60629221,0,0,523,1116,1579,1752
2045,60639221,0,0,450,1046,1558,1762
2046,60649221,0,0,372,934,1507,1780
2047,60659221,0,0,322,830,1439,1801
2048,60669221,0,0,277,788,1349,1815
2049,60679221,0,0,246,742,1211,1822
2050,60689221,0,0,204,680,1028,1819
2051,60699221,0,0,160,600,803,1786
2052,60709221,0,0,110,510,552,1738
2053,60719221,0,0,75,440,337,1645
2054,60729221,0,0,61,357,157,1505
2055,60739221,0,0,63,282,30,1335
2056,60749221,0,0,71,226,0,1165
2057,60759221,0,0,80,166,0,937
2058,60769221,0,8,56,115,0,550
2059,60779221,0,48,30,58,0,56
2060,60789220,0,52,0,19,0,42
2061,60799221,0,42,0,1,0,130
2062,60809221,0,40,0,0,0,170
2063,60819221,0,43,0,0,0,139
2064,60829221,0,44,0,0,0,87
2065,60839221,0,38,0,0,0,52
2066,60849221,0,28,0,0,0,34
2067,60859221,0,23,0,0,0,1
2068,60869221,0,19,0,1,0,0
2069,60879221,0,8,0,7,0,0
2070,60889221,0,4,0,14,0,0
2071,60899221,0,0,0,26,0,0
2072,60909221,0,0,2,33,0,0
2073,60919221,0,0,1,28,0,0
2074,60929221,0,0,0,34,0,0
2075,60939221,0,0,0,27,0,0
2076,60949221,0,0,0,19,0,0
2077,60959221,0,0,0,16,0,0
2078,60969221,0,0,0,13,0,0
2079,60979221,0,0,0,4,0,0
2080,60989221,0,0,0,7,0,0
2081,60999221,0,0,0,5,0,0
2082,61009221,0,0,0,5,0,0
2083,61019221,0,0,0,8,0,0
2084,61029221,0,0,0,9,0,0
2085,61039221,0,0,0,19,0,0
2086,61049221,0,0,0,23,0,0
2087,61059221,0,0,0,33,0,0
2088,61069221,0,0,0,44,0,0
2089,61079221,0,0,0,45,0,0
2090,61089221,0,0,0,42,0,0
2091,61099221,0,0,0,40,0,0
2092,61109221,0,0,0,41,0,0
2093,61119221,0,0,0,37,0,0
2094,61129221,0,0,0,24,0,0
2095,61139221,0,35,0,28,0,0
2096,61149221,0,101,0,24,0,0
2097,61159221,0,168,0,19,0,0
2098,61169221,0,0,0,12,0,0
2099,61179221,28,0,0,12,0,0
2100,61189221,113,0,0,0,0,0
2101,61199221,311,746,18,0,0,0
2102,61209221,557,937,42,0,0,0
2103,61219221,757,1075,39,0,0,0
2104,61229221,900,1120,17,0,0,0
2105,61239221,1048,1237,58,4,0,0
2106,61249221,1121,1287,118,39,0,0
2107,61259221,1163,1307,187,76,0,0
2108,61269221,1173,1324,238,110,0,0
2109,61279221,1185,1332,308,184,0,0
2110,61289221,1202,1344,361,234,0,0
2111,61299221,1215,1342,406,296,0,45
2112,61309221,1236,1357,448,360,0,111
2113,61319221,1250,1359,501,416,0,198
2114,61329221,1261,1368,548,473,0,280
2115,61339221,1274,1375,591,531,0,347
2116,61349221,1283,1380,639,583,0,400
2117,61359221,1301,1398,684,614,0,413
2118,61369221,1311,1409,724,679,13,478
2119,61379221,1322,1423,758,720,27,501
2120,61389221,1338,1438,792,756,43,523
2121,61399221,1340,1453,817,778,56,552
2122,61409221,1346,1462,846,800,62,575
2123,61419221,1354,1469,857,817,75,600
2124,61429220,1362,1466,876,836,92,619
2125,61439221,1369,1472,888,847,114,633
2126,61449221,1369,1471,904,855,125,649
2127,61459221,1378,1480,902,860,145,658
2128,61469221,1383,1484,907,862,153,665
2129,61479221,1385,1483,910,865,150,668
2130,61489221,1387,1486,909,862,153,674
2131,61499221,1345,1485,905,864,163,679
2132,61509221,1378,1476,912,867,176,691
2133,61519221,1374,1465,915,870,193,713
2134,61529221,1364,1455,917,872,208,733
2135,61539221,1351,1442,920,873,230,747
2136,61549221,1338,1433,921,877,268,765
2137,61559221,1337,1426,922,882,297,790
2138,61569221,1333,1423,920,880,340,803
2139,61579221,1326,1419,916,878,374,813
2140,61589221,1325,1416,913,878,403,0
2141,61599221,1326,1413,913,877,427,0
2142,61609221,1324,1405,914,882,443,0
2143,61619221,1321,1402,914,885,468,0
2144,61629221,1322,1400,917,889,483,0
2145,61639221,1322,1397,920,892,510,0
2146,61649221,1324,1398,923,903,533,0
2147,61659221,1324,1396,926,904,554,0
2148,61669221,1323,1395,935,911,576,0
2149,61679221,1322,1391,937,921,591,0
2150,61689221,1321,1386,942,925,624,0
2151,61699221,1315,1380,946,933,654,0
2152,61709221,1308,1372,949,940,669,0
2153,61719221,1298,1364,952,948,697,0
2154,61729221,1290,1355,953,952,720,0
2155,61739221,1274,1337,956,958,736,0
2156,61749221,1260,0,959,971,756,0
2157,61759221,1244,0,966,981,784,0
2158,61769221,1220,0,974,987,806,0
2159,61779221,1190,0,982,1000,827,0
2160,61789221,1153,0,985,1010,862,0
2161,61799221,1108,0,988,1022,893,0
2162,61809221,1055,0,992,1036,927,0
2163,61819221,990,0,997,1046,969,0
2164,61829221,914,0,1000,1054,1002,0
2165,61839221,823,0,1002,1071,1035,1216
2166,61849221,720,0,1007,1089,1077,1250
2167,61859221,583,0,1010,1108,1117,1274
2168,61869221,442,0,1017,1129,1148,1301
2169,61879221,251,0,1033,1168,1180,1323
2170,61889221,143,0,1046,1198,1204,1355
2171,61899221,22,0,1055,1234,1229,1377
2172,61909221,0,0,1062,1260,1252,1400
2173,61919221,0,0,1060,1286,1278,1416
2174,61929221,0,0,1040,1305,1303,1425
2175,61939221,0,0,990,1318,1316,1434
2176,61949221,0,0,933,1324,1327,1440
2177,61959221,0,0,890,1323,1319,1454
2178,61969221,0,0,817,1308,1277,1469
2179,61979221,0,0,746,1273,1204,1491
2180,61989221,0,0,692,1213,1094,1501
2181,61999221,0,0,654,1149,925,1514
2182,62009221,0,0,639,1059,640,1438
2183,62019221,0,0,635,1017,358,1412
2184,62029221,0,0,626,937,98,1294
2185,62039221,0,0,612,869,0,1123
2186,62049221,0,0,589,800,0,992
2187,62059221,0,0,554,711,0,793
2188,62069221,0,0,504,626,0,437
2189,62079221,0,0,461,521,0,90
2190,62089221,0,0,414,422,0,0
2191,62099221,0,0,366,301,0,0
2192,62109221,0,0,337,218,0,0
2193,62119221,0,0,307,189,0,0
2194,62129221,0,0,298,157,0,0
2195,62139220,0,0,253,129,0,0
2196,62149221,0,0,265,133,0,0
2197,62159221,0,0,244,119,0,0
2198,62169221,0,0,232,112,0,0
2199,62179221,0,0,221,106,0,0
2200,62189221,0,0,217,107,0,0
2201,62199221,0,0,206,105,0,0
2202,62209221,0,0,212,104,0,0
2203,62219221,0,0,204,102,0,0
2204,62229221,0,0,205,102,0,0
2205,62239221,0,0,201,97,0,0
2206,62249221,0,0,190,97,0,0
2207,62259221,0,0,184,98,0,0
2208,62269221,0,0,171,76,0,0
2209,62279221,0,0,174,104,0,0
2210,62289221,0,0,156,99,0,0
2211,62299221,0,0,141,90,0,0
2212,62309221,0,0,121,83,0,0
2213,62319221,0,0,99,72,0,0
2214,62329221,0,0,82,69,0,0
2215,62339221,0,0,41,53,0,0
2216,62349221,0,0,68,63,0,0
2217,62359221,0,0,63,68,0,0
2218,62369221,0,0,70,69,0,0
2219,62379221,0,0,68,63,0,0
2220,62389221,0,0,69,62,0,0
2221,62399221,0,0,69,68,0,0
2222,62409221,0,0,62,72,0,0
2223,62419221,0,0,57,68,0,0
2224,62429221,0,0,50,60,0,0
2225,62439221,0,0,38,57,0,0
2226,62449221,0,0,31,52,0,0
2227,62459221,0,0,28,51,0,0
2228,62469220,0,0,32,31,0,0
2229,62479221,0,0,36,20,0,0
2230,62489221,0,42,36,0,0,0
2231,62499221,0,116,29,0,0,0
2232,62509221,75,216,21,1,0,0
2233,62519221,164,0,18,0,0,0
2234,62529221,392,646,29,0,0,0
2235,62539221,654,862,26,0,0,0
2236,62549221,856,1016,28,0,0,0
2237,62559221,1016,1167,29,0,0,0
2238,62569221,1145,1267,39,0,0,0
2239,62579221,1252,1338,73,0,2,0
2240,62589221,1320,1397,92,0,0,0
2241,62599221,1362,1439,117,0,0,0
2242,62609221,1384,1461,146,4,0,0
2243,62619221,1390,1467,167,22,0,0
2244,62629221,1394,1475,234,56,0,0
2245,62639221,1400,1481,314,101,0,0
2246,62649221,1414,1493,368,164,0,0
2247,62659221,1429,1503,440,246,0,0
2248,62669221,1453,1518,522,318,0,0
2249,62679221,1477,1533,589,382,0,0
2250,62689221,1493,1554,626,451,0,0
2251,62699221,1508,1568,665,487,0,2
2252,62709221,1517,1578,700,525,0,25
2253,62719221,1528,1589,741,554,0,46
2254,62729221,1538,1595,773,597,0,74
2255,62739221,1548,1604,804,631,0,90
2256,62749221,1548,1605,843,680,0,120
2257,62759221,1546,1604,882,722,0,153
2258,62769221,1543,1605,909,762,0,188
2259,62779221,1533,1602,936,799,0,228
2260,62789221,1526,1595,954,829,0,245
2261,62799221,1518,1586,981,857,0,227
2262,62809221,1511,1587,997,883,0,269
2263,62819221,1501,1577,1018,909,0,292
2264,62829221,1482,1566,1043,936,0,313
2265,62839221,1455,1554,1062,964,0,343
2266,62849221,1439,1523,1082,994,0,366
2267,62859221,1413,1506,1096,1029,0,393
2268,62869220,1359,1401,1068,1012,0,405
2269,62879221,1353,1457,1138,1083,0,445
2270,62889221,1330,1428,1145,1108,0,469
2271,62899221,1286,1403,1163,1131,6,487
2272,62909221,1254,1373,1180,1147,18,520
2273,62919221,1225,1341,1189,1178,43,549
2274,62929221,1188,0,1203,1197,70,586
2275,62939221,1136,0,1184,1147,96,620
2276,62949221,1124,0,1223,1237,125,655
2277,62959221,1099,0,1231,1250,158,680
2278,62969221,1068,0,1238,1263,188,715
2279,62979221,1048,0,1244,1275,214,754
2280,62989221,1023,0,1250,1288,254,783
2281,62999221,1004,0,1255,1293,300,827
2282,63009221,974,0,1257,1301,363,867
2283,63019221,939,0,1256,1304,410,908
2284,63029221,895,0,1254,1308,468,953
2285,63039221,845,0,1256,1314,529,1005
2286,63049221,764,0,1256,1319,606,1048
2287,63059221,666,0,1257,1326,688,1082
2288,63069221,555,0,1254,1307,718,1067
2289,63079221,462,0,1255,1341,843,1158
2290,63089221,359,0,1254,1351,936,1192
2291,63099221,232,0,1245,1359,1003,1230
2292,63109221,135,0,1249,1365,1072,1259
2293,63119221,49,448,1244,1371,1131,1288
2294,63129221,1,366,1242,1378,1191,1311
2295,63139220,0,236,1184,1333,1157,1313
2296,63149221,0,171,1238,1397,1276,1370
2297,63159221,0,99,1236,1404,1313,1400
2298,63169221,0,23,1228,1416,1339,1424
2299,63179221,0,0,1222,1426,1374,0
2300,63189221,0,0,1208,1430,1406,0
2301,63199221,0,0,1193,1431,1433,0
2302,63209221,0,0,1173,1437,1455,0
2303,63219221,0,0,1148,1444,1476,0
2304,63229221,0,0,1120,1446,1494,0
2305,63239221,0,0,1081,1444,1509,0
2306,63249221,0,0,1043,1442,1518,0
2307,63259221,0,0,989,1434,1527,0
2308,63269221,0,0,898,1418,1529,0
2309,63279221,0,0,827,1398,1526,0
2310,63289221,0,0,781,1377,1511,0
2311,63299221,0,0,723,1342,1482,0
2312,63309221,0,0,658,1301,1418,0
2313,63319221,0,0,610,1248,1332,1821
2314,63329221,0,0,570,1183,1216,1842
2315,63339221,0,0,543,1063,999,1846
2316,63349221,0,0,538,1090,876,1853
2317,63359221,0,0,519,1031,615,1845
2318,63369221,0,0,487,964,368,1815
2319,63379221,0,0,456,917,212,1752
2320,63389221,0,0,424,857,110,1672
2321,63399221,0,0,380,795,37,1591
2322,63409221,0,0,309,698,0,1471
2323,63419221,0,0,279,593,0,1321
2324,63429221,0,0,266,486,0,1159
2325,63439221,0,0,227,384,0,940
2326,63449221,0,0,201,297,0,615
2327,63459221,0,0,173,228,0,184
2328,63469221,0,0,152,120,0,0
2329,63479221,0,0,90,57,0,0
2330,63489221,0,0,97,60,0,0
2331,63499221,0,0,95,58,0,0
2332,63509221,0,0,79,48,0,0
2333,63519221,0,0,54,39,0,0
2334,63529221,0,0,50,37,0,0
2335,63539220,0,0,37,29,0,0
2336,63549221,0,0,31,22,0,0
2337,63559221,0,0,28,21,0,0
2338,63569221,0,0,30,19,0,0
2339,63579221,0,0,34,24,0,0
2340,63589221,0,0,42,27,0,0
2341,63599221,0,0,45,36,0,0
2342,63609221,0,0,54,40,0,0
2343,63619221,0,0,57,39,0,0
2344,63629221,0,0,61,44,0,0
2345,63639221,0,0,71,46,0,0
2346,63649221,0,0,81,53,0,0
2347,63659221,0,0,89,54,0,0
2348,63669221,0,0,93,54,0,0
2349,63679221,0,0,96,52,0,0
2350,63689221,0,0,96,56,0,0
2351,63699221,0,0,99,55,0,0
2352,63709221,0,0,100,59,0,0
2353,63719221,0,0,101,56,0,0
2354,63729221,0,0,91,56,0,0
2355,63739221,0,0,74,52,0,0
2356,63749221,0,0,81,50,0,0
2357,63759221,0,0,81,51,0,0
2358,63769221,0,0,83,51,0,2
2359,63779221,0,0,86,48,0,0
2360,63789221,0,0,86,54,0,0
2361,63799221,0,0,84,53,0,0
2362,63809221,0,0,85,52,0,0
2363,63819221,0,0,84,49,0,0
2364,63829221,0,0,83,50,0,0
2365,63839221,0,0,85,48,0,0
2366,63849221,0,0,88,47,0,0
2367,63859221,0,0,90,50,0,0
2368,63869220,0,0,88,41,0,0
2369,63879221,0,28,88,16,0,0
2370,63889221,72,0,91,0,0,0
2371,63899221,265,536,90,0,0,1
2372,63909221,607,850,91,0,0,0
2373,63919221,842,1023,89,0,0,0
2374,63929221,966,1123,89,0,0,0
2375,63939221,1071,1225,90,0,0,0
2376,63949221,1187,1321,93,0,0,0
2377,63959221,1273,1389,120,2,0,0
2378,63969221,1333,1444,181,50,0,0
2379,63979221,1369,1477,377,197,0,0
2380,63989221,1380,1483,485,310,0,0
2381,63999221,1350,1458,605,449,0,0
2382,64009221,1334,1427,696,542,0,0
2383,64019221,1335,1394,777,640,0,74
2384,64029221,1340,1386,830,727,0,200
2385,64039221,1354,1397,882,789,0,327
2386,64049221,1368,1409,922,823,0,404
2387,64059221,1379,1414,941,863,8,470
2388,64069221,1381,1415,966,891,45,543
2389,64079221,1380,1401,984,922,100,599
2390,64089221,1368,1376,1005,949,147,661
2391,64099221,1347,1344,1021,973,211,699
2392,64109221,1322,1314,1037,996,269,731
2393,64119221,1290,1285,1055,1028,330,775
2394,64129221,1201,1165,1046,1047,388,807
2395,64139221,1213,1224,1079,1075,416,839
2396,64149221,1173,1197,1095,1100,464,864
2397,64159221,1132,1171,1108,1112,499,886
2398,64169221,1089,1140,1115,1122,534,915
2399,64179221,1036,1111,1121,1141,572,927
2400,64189221,983,1066,1127,1153,619,950
2401,64199220,929,0,1131,1170,668,978
2402,64209221,866,0,1137,1179,706,998
2403,64219221,802,0,1132,1194,748,1026
2404,64229221,732,0,1141,1205,779,1047
2405,64239221,663,0,1145,1223,826,1069
2406,64249221,586,0,1149,1231,866,1087
2407,64259220,513,0,1150,1246,902,1110
2408,64269221,442,0,1158,1257,936,1128
2409,64279221,377,0,1165,1267,975,1152
2410,64289221,332,0,1170,1272,999,1175
2411,64299221,262,0,1172,1286,1029,1192
2412,64309221,223,0,1174,1293,1053,1213
2413,64319221,186,0,1179,1301,1083,1231
2414,64329221,127,0,1184,1313,1111,1249
2415,64339221,110,0,1188,1318,1142,1260
2416,64349221,76,0,1190,1325,1179,1277
2417,64359221,51,0,1195,1335,1213,1292
2418,64369221,24,0,1201,1342,1244,1313
2419,64379221,0,0,1195,1355,1268,1325
2420,64389221,0,0,1205,1359,1289,1344
2421,64399221,0,0,1207,1364,1318,1366
2422,64409221,0,0,1208,1371,1349,1386
2423,64419221,0,0,1212,1379,1366,1405
2424,64429221,0,0,1221,1387,1384,1428
2425,64439221,0,0,1217,1397,1403,1447
2426,64449221,0,0,1215,1414,1426,1469
2427,64459221,0,0,1224,1424,1446,1493
2428,64469221,0,0,1221,1433,1464,1517
2429,64479221,0,0,1214,1443,1483,1553
2430,64489221,0,0,1208,1450,1497,1577
2431,64499221,0,0,1198,1461,1509,1605
2432,64509221,0,0,1186,1468,1522,1626
2433,64519221,0,0,1171,1477,1532,1652
2434,64529221,0,0,1143,1478,1540,1577
2435,64539221,0,0,1115,1489,1548,1701
2436,64549221,0,0,1080,1493,1553,1721
2437,64559221,0,0,1045,1494,1555,1748
2438,64569221,0,0,993,1490,1554,1770
2439,64579221,0,0,949,1479,1547,1800
2440,64589221,0,0,905,1462,1523,1820
2441,64599221,0,0,856,1438,1500,1844
2442,64609221,0,0,812,1415,1449,1870
2443,64619221,0,0,758,1390,1365,1893
2444,64629221,0,0,725,1363,1259,1908
2445,64639221,0,0,700,1322,1150,1923
2446,64649221,0,0,693,1278,1009,1931
2447,64659221,0,0,691,1240,818,1932
2448,64669221,0,0,675,1189,557,1923
2449,64679221,0,0,647,1130,364,1900
2450,64689221,0,0,616,1074,209,1861
2451,64699221,0,0,564,1014,116,1802
2452,64709221,0,0,498,942,46,1726
2453,64719220,0,0,423,865,5,1638
2454,64729221,0,0,354,749,0,1521
2455,64739221,0,0,309,631,0,1336
2456,64749221,0,0,294,532,0,1151
2457,64759221,0,0,276,427,0,862
2458,64769221,0,0,247,327,0,337
2459,64779221,0,0,221,211,0,0
2460,64789221,0,0,184,109,0,0
2461,64799221,0,0,182,110,0,0
2462,64809221,0,0,179,122,0,0
2463,64819221,0,0,173,107,0,0
2464,64829221,0,0,152,83,0,0
2465,64839221,0,0,125,60,0,0
2466,64849221,0,0,110,49,0,0
2467,64859221,0,0,102,42,0,0
2468,64869221,0,0,93,41,0,0
2469,64879221,0,0,90,39,0,0
2470,64889221,0,0,91,39,0,0
2471,64899221,0,0,93,40,0,0
2472,64909221,0,0,102,46,0,0
2473,64919221,0,0,107,47,0,0
2474,64929221,0,0,115,52,0,0
2475,64939221,0,0,123,57,0,0
2476,64949221,0,0,137,58,0,0
2477,64959221,0,0,146,60,0,0
2478,64969221,0,0,149,62,0,0
2479,64979221,0,0,146,59,0,0
2480,64989221,0,0,133,58,0,0
2481,64999221,0,0,111,55,0,0
2482,65009221,0,0,90,40,0,0
2483,65019221,0,0,65,18,0,0
2484,65029221,0,0,50,11,0,0
2485,65039221,0,0,41,13,0,0
2486,65049221,0,0,45,26,0,0
2487,65059221,0,0,51,30,0,0
2488,65069221,0,0,53,38,0,0
2489,65079221,0,0,53,40,0,0
2490,65089221,0,0,52,39,0,0
2491,65099221,0,0,44,23,0,0
2492,65109221,0,0,41,9,0,0
2493,65119221,0,0,43,6,0,0
2494,65129221,0,0,45,8,0,0
2495,65139221,0,0,47,4,0,0
2496,65149221,0,0,52,6,0,0
2497,65159221,0,0,60,9,0,0
2498,65169221,0,0,58,6,0,0
2499,65179221,0,0,83,28,0,0
2500,65189221,0,0,92,41,0,0
2501,65199221,0,0,107,47,0,0
2502,65209221,0,0,137,103,0,0
2503,65219221,0,0,173,181,0,0
2504,65229221,0,0,233,324,0,56
2505,65239221,0,0,302,472,51,325
2506,65249221,0,0,398,609,167,592
2507,65259221,0,0,493,760,294,774
2508,65269221,0,0,602,897,415,936
2509,65279221,0,0,724,1023,521,1048
2510,65289221,0,0,842,1119,630,1134
2511,65299220,0,0,923,1195,701,1202
2512,65309221,0,0,1000,1250,776,1251
2513,65319221,0,0,1076,1286,841,1285
2514,65329221,0,0,1130,1310,904,1316
2515,65339221,0,0,1173,1332,958,1337
2516,65349221,0,0,1206,1356,988,1361
2517,65359221,0,0,1234,1378,1012,1372
2518,65369221,0,0,1253,1393,1021,1381
2519,65379221,0,0,1272,1413,1035,1377
2520,65389221,0,0,1292,1423,1041,1388
2521,65399221,0,0,1307,1432,1042,1390
2522,65409221,0,0,1318,1442,1048,1393
2523,65419221,0,0,1324,1446,1053,1396
2524,65429221,0,0,1327,1450,1065,1395
2525,65439221,0,0,1330,1452,1078,1395
2526,65449221,0,0,1333,1454,1084,1398
2527,65459221,0,0,1334,1459,1093,1404
2528,65469221,0,0,1336,1461,1103,1407
2529,65479221,0,0,1336,1456,1113,1411
2530,65489220,0,0,1278,1407,1040,1393
2531,65499221,0,0,1332,1457,1141,1421
2532,65509221,0,0,1329,1458,1160,1428
2533,65519221,0,0,1326,1458,1178,1431
2534,65529221,0,0,1324,1457,1190,1441
2535,65539221,0,0,1322,1457,1200,1447
2536,65549221,0,0,1325,1460,1216,1450
2537,65559221,0,0,1320,1461,1229,1460
2538,65569221,0,0,1318,1465,1243,1461
2539,65579221,0,0,1316,1459,1253,1466
2540,65589221,0,0,1314,1458,1271,1474
2541,65599221,0,0,1314,1460,1271,1477
2542,65609221,0,0,1312,1461,1283,1479
2543,65619221,0,0,1313,1464,1293,0
2544,65629221,0,0,1312,1451,1305,0
2545,65639221,0,0,1315,1460,1308,0
2546,65649221,0,0,1315,1459,1310,0
2547,65659221,0,0,1319,1460,1311,0
2548,65669221,0,0,1319,1460,1320,0
2549,65679221,0,0,1320,1454,1323,0
2550,65689221,0,0,1318,1460,1325,0
2551,65699221,0,0,1322,1461,1326,0
2552,65709221,0,0,1323,1460,1333,0
2553,65719221,0,0,1324,1467,1332,0
2554,65729221,0,0,1325,1461,1334,0
2555,65739221,0,0,1326,1459,1335,0
2556,65749221,0,0,1311,1464,1334,0
2557,65759221,0,0,1327,1459,1335,0
2558,65769221,0,0,1326,1458,1335,0
2559,65779221,0,0,1326,1456,1340,0
2560,65789221,0,0,1325,1455,1341,0
2561,65799221,0,0,1323,1453,1339,0
2562,65809221,0,0,1323,1450,1343,0
2563,65819221,0,0,1321,1450,1343,0
2564,65829221,0,0,1320,1448,1350,0
2565,65839221,0,0,1312,1446,1354,0
2566,65849221,0,0,1315,1444,1356,0
2567,65859221,0,0,1313,1443,1362,0
2568,65869221,0,0,1309,1442,1364,0
2569,65879221,0,0,1302,1437,1365,0
2570,65889221,0,0,1302,1434,1374,0
2571,65899221,0,0,1296,1434,1376,0
2572,65909221,0,0,1296,1429,1379,0
2573,65919221,0,0,1296,1427,1386,0
2574,65929221,0,0,1295,1423,1380,0
2575,65939221,0,0,1294,1418,1379,0
2576,65949221,0,0,1290,1414,1377,0
2577,65959221,0,2,1281,1405,1371,0
2578,65969221,0,0,1272,1403,1371,0
2579,65979221,0,0,1265,1401,1373,0
2580,65989221,0,0,1259,1400,1373,0
2581,65999221,0,0,1250,1397,1375,0
2582,66009220,0,0,1235,1395,1379,0
2583,66019221,0,0,1217,1389,1380,0
2584,66029221,0,0,1189,1385,1378,0
2585,66039221,0,0,1148,1376,1374,0
2586,66049221,0,0,1098,1357,1363,0
2587,66059221,0,0,1004,1322,1338,0
2588,66069221,0,0,823,1243,1198,1457
2589,66079221,0,0,777,1172,1254,1484
2590,66089221,0,0,681,1077,1182,1478
2591,66099221,0,0,583,975,1094,1468
2592,66109221,0,0,485,856,989,1453
2593,66119221,0,0,381,733,875,1433
2594,66129221,0,0,330,607,756,1386
2595,66139220,0,0,244,456,498,1291
2596,66149221,0,0,218,358,343,1186
2597,66159221,0,0,159,265,219,1029
2598,66169221,0,0,94,200,105,848
2599,66179221,0,0,60,142,0,547
2600,66189221,0,0,45,97,0,204
2601,66199221,0,0,41,47,0,0
2602,66209221,0,0,43,40,0,0
2603,66219221,0,0,58,48,0,0
2604,66229221,0,0,75,58,0,0
2605,66239221,0,0,85,60,0,0
2606,66249221,0,0,87,66,0,0
2607,66259221,0,0,90,61,0,0
2608,66269220,0,0,63,46,0,0
2609,66279221,0,0,84,54,0,0
2610,66289221,0,0,72,45,0,0
2611,66299221,0,0,60,40,0,0
2612,66309221,0,0,56,31,0,0
2613,66319221,0,0,51,24,0,0
2614,66329221,0,0,48,21,0,0
2615,66339221,0,0,46,15,0,0
2616,66349221,0,0,42,9,0,0
2617,66359221,0,0,40,3,0,0
2618,66369221,0,0,30,0,0,0
2619,66379221,0,0,25,0,0,0
2620,66389221,0,0,19,0,0,0
2621,66399221,0,0,12,0,0,0
2622,66409221,0,0,9,0,0,0
2623,66419221,0,0,9,0,0,0
2624,66429221,0,0,9,0,0,0
2625,66439221,0,0,9,0,0,0
2626,66449221,0,0,8,1,0,0
2627,66459221,0,0,8,2,0,0
2628,66469220,0,0,1,0,0,0
2629,66479221,0,0,1,2,0,0
2630,66489221,0,0,0,2,0,0
2631,66499221,0,0,0,2,0,0
2632,66509221,0,0,0,0,0,0
2633,66519221,0,0,0,5,0,0
2634,66529221,0,0,1,7,0,0
2635,66539221,0,0,6,11,0,0
2636,66549221,0,0,13,18,0,0
2637,66559221,0,0,22,21,0,0
2638,66569221,0,0,25,25,0,0
2639,66579221,0,0,29,25,0,0
2640,66589221,0,0,34,25,0,0
2641,66599221,0,0,14,23,0,0
2642,66609221,0,0,40,28,0,0
2643,66619221,0,0,46,37,0,0
2644,66629221,0,0,55,40,0,0
2645,66639221,0,0,59,40,0,0
2646,66649221,0,0,62,41,0,0
2647,66659221,0,0,64,40,0,0
2648,66669221,0,0,41,29,0,0
2649,66679221,0,0,68,33,0,0
2650,66689221,0,0,68,29,0,0
2651,66699221,0,0,70,30,0,0
2652,66709221,0,8,64,25,0,0
2653,66719221,0,0,70,8,0,0
2654,66729221,107,0,70,0,0,0
2655,66739221,326,604,72,0,0,0
2656,66749221,627,861,69,0,0,0
2657,66759221,842,1013,58,0,0,0
2658,66769221,970,1121,55,0,0,0
2659,66779221,1065,1203,59,0,0,0
2660,66789221,1143,1275,84,0,0,0
2661,66799221,1161,1251,93,0,0,0
2662,66809221,1262,1384,116,0,0,0
2663,66819221,1304,1419,128,0,0,0
2664,66829221,1325,1444,149,6,0,2
2665,66839221,1352,1465,189,30,0,0
2666,66849221,1377,1489,242,54,0,0
2667,66859221,1392,1507,260,84,0,0
2668,66869221,1422,1541,413,204,0,0
2669,66879221,1452,0,502,282,0,0
2670,66889221,1476,0,580,382,0,0
2671,66899221,1499,0,637,437,0,0
2672,66909221,1517,0,677,483,0,0
2673,66919221,1532,0,707,519,0,0
2674,66929221,1554,0,739,548,0,0
2675,66939221,1563,1638,763,569,0,3
2676,66949221,1570,1645,790,594,0,0
2677,66959221,1574,1646,815,620,0,12
2678,66969221,1572,1645,837,652,0,36
2679,66979221,1565,1643,855,671,0,58
2680,66989221,1469,1630,870,697,0,102
2681,66999221,1551,1628,883,715,0,143
2682,67009221,1526,1618,893,730,0,190
2683,67019221,1510,1605,904,749,0,219
2684,67029221,1488,1580,923,782,3,281
2685,67039221,1451,1553,947,816,0,343
2686,67049221,1405,1511,972,853,0,398
2687,67059221,1360,1420,1002,894,2,456
2688,67069221,1305,0,1030,942,13,509
2689,67079221,1255,0,1052,973,46,548
2690,67089221,1208,0,1072,1010,83,605
2691,67099221,1160,0,1089,1044,118,651
2692,67109221,1112,0,1104,1062,160,708
2693,67119221,1052,0,1119,1095,219,764
2694,67129221,995,0,1136,1120,283,813
2695,67139221,925,0,1156,1143,345,869
2696,67149221,875,0,1176,1178,407,907
2697,67159221,809,0,1177,1198,458,943
2698,67169221,742,0,1190,1222,529,981
2699,67179221,658,0,1194,1222,535,975
2700,67189221,569,0,1201,1272,653,1075
2701,67199221,476,0,1209,1277,721,1115
2702,67209221,378,0,1214,1295,802,1149
2703,67219221,294,0,1223,1304,849,1194
2704,67229221,213,0,1226,1321,903,1227
2705,67239221,146,0,1220,1328,959,1251
2706,67249221,91,0,1227,1331,1012,1273
2707,67259221,41,0,1226,1338,1052,1290
2708,67269221,2,0,1226,1344,1090,1302
2709,67279221,0,0,1227,1349,1128,1321
2710,67289221,0,0,1227,1359,1169,1340
2711,67299221,0,0,1226,1364,1203,1355
2712,67309221,0,0,1227,1372,1238,1369
2713,67319221,0,0,1228,1379,1273,1388
2714,67329221,0,0,1225,1382,1305,1400
2715,67339221,0,0,1219,1386,1329,1414
2716,67349221,0,0,1211,1385,1350,1429
2717,67359221,0,0,1200,1395,1379,1438
2718,67369221,0,0,1190,1398,1402,1449
2719,67379221,0,0,1172,1405,1432,0
2720,67389221,0,0,1140,1402,1453,0
2721,67399221,0,0,1113,1402,1478,0
2722,67409221,0,0,1069,1398,1498,0
2723,67419221,0,0,1003,1391,1520,0
2724,67429221,0,0,924,1379,1541,0
2725,67439221,0,0,854,1358,1541,0
2726,67449221,0,0,789,1322,1553,0
2727,67459221,0,0,705,1271,1558,0
2728,67469221,0,0,633,1205,1547,1692
2729,67479221,0,0,528,1132,1522,1724
2730,67489221,0,0,433,1036,1472,1757
2731,67499221,0,0,357,927,1396,1789
2732,67509221,0,1,306,859,1270,1823
2733,67519221,0,0,262,801,1123,1853
2734,67529221,0,0,205,725,938,1874
2735,67539221,0,0,160,662,757,1860
2736,67549221,0,0,118,577,614,1816
2737,67559221,0,0,100,500,411,1740
2738,67569221,0,0,59,424,289,1646
2739,67579221,0,0,30,323,154,1529
2740,67589221,0,0,29,233,41,1377
2741,67599221,0,0,14,166,0,1214
2742,67609221,0,0,22,124,0,981
2743,67619221,0,0,31,85,0,561
2744,67629221,0,0,28,40,0,73
2745,67639221,0,0,1,4,0,6
2746,67649221,0,0,6,11,0,29
2747,67659221,0,0,11,23,0,45
2748,67669221,0,0,15,26,0,33
2749,67679221,0,0,10,25,0,0
2750,67689221,0,0,6,24,0,0
2751,67699221,0,0,5,25,0,0
2752,67709221,0,0,3,23,0,0
2753,67719221,0,0,6,24,0,0
2754,67729221,0,0,10,23,0,0
2755,67739221,0,0,8,19,0,0
2756,67749221,0,0,11,12,0,0
2757,67759221,0,0,10,9,0,0
2758,67769221,0,0,13,6,0,0
2759,67779221,0,0,14,1,0,0
2760,67789221,0,0,15,0,0,0
2761,67799221,0,0,16,0,0,0
2762,67809221,0,0,20,0,0,0
2763,67819221,0,0,24,0,0,0
2764,67829221,0,0,26,1,0,0
2765,67839221,0,0,30,1,0,0
2766,67849221,0,0,35,4,0,0
2767,67859221,0,0,41,6,0,0
2768,67869221,0,0,43,5,0,0
2769,67879221,0,0,41,6,0,0
2770,67889221,0,0,40,4,0,0
2771,67899221,0,0,37,3,0,0
2772,67909221,0,0,38,2,0,0
2773,67919221,0,0,38,2,0,0
2774,67929221,0,0,36,1,0,0
2775,67939221,0,0,39,1,0,0
2776,67949221,0,0,39,6,0,0
2777,67959220,0,0,47,8,0,0
2778,67969221,0,0,54,14,0,0
2779,67979221,0,0,62,21,0,0
2780,67989221,0,0,72,22,0,0
2781,67999221,0,0,81,17,0,0
2782,68009221,0,0,96,24,0,0
2783,68019221,0,0,106,24,0,0
2784,68029221,67,0,115,21,0,0
2785,68039221,224,565,117,0,0,0
2786,68049221,526,818,109,0,0,0
2787,68059221,759,994,112,0,0,0
2788,68069221,948,1130,118,0,0,0
2789,68079221,1077,1241,135,0,0,0
2790,68089221,1225,1359,167,9,0,0
2791,68099221,1344,1451,224,48,0,0
2792,68109221,1420,1503,328,108,0,0
2793,68119221,1456,1552,445,234,0,0
2794,68129221,1478,0,551,343,0,0
2795,68139221,1493,0,660,454,0,0
2796,68149221,1501,0,729,538,0,0
2797,68159221,1514,0,802,618,0,0
2798,68169221,1536,0,860,682,0,0
2799,68179221,1560,0,894,733,0,0
2800,68189221,1575,1651,919,761,0,0
2801,68199221,1590,1659,935,780,0,0
2802,68209221,1597,1667,941,792,0,7
2803,68219221,1600,1668,950,803,0,35
2804,68229221,1596,1661,954,807,0,54
2805,68239221,1590,1656,955,814,0,73
2806,68249221,1578,1647,961,823,0,112
2807,68259221,1564,1637,968,829,0,152
2808,68269221,1554,1623,973,841,0,177
2809,68279221,1537,1612,980,854,0,202
2810,68289221,1516,1604,984,866,0,222
2811,68299221,1503,1590,987,873,0,253
2812,68309221,1491,1578,995,881,0,288
2813,68319221,1476,1568,1001,888,0,307
2814,68329221,1461,1557,1008,905,0,342
2815,68339221,1442,1542,1020,921,0,357
2816,68349221,1424,1523,1036,942,0,400
2817,68359221,1352,1411,1024,967,0,432
2818,68369221,1386,1491,1057,984,0,464
2819,68379221,1367,1470,1068,995,0,476
2820,68389221,1347,1452,1079,1010,8,501
2821,68399221,1326,1433,1087,1030,25,534
2822,68409221,1308,1412,1099,1044,44,565
2823,68419221,1289,1386,1110,1060,87,603
2824,68429221,1260,1362,1123,1077,116,640
2825,68439221,1230,1316,1132,1097,137,674
2826,68449221,1189,1265,1141,1110,172,723
2827,68459221,1142,0,1148,1123,229,772
2828,68469221,1101,0,1162,1141,268,812
2829,68479221,1062,0,1170,1160,324,860
2830,68489221,1020,0,1177,1154,336,855
2831,68499221,973,0,1187,1193,425,947
2832,68509221,921,0,1191,1211,470,990
2833,68519221,867,0,1198,1230,532,1020
2834,68529221,800,0,1205,1245,587,1058
2835,68539221,719,0,1208,1259,633,1094
2836,68549221,638,0,1213,1274,703,1121
2837,68559221,554,0,1219,1285,761,1146
2838,68569221,483,0,1225,1304,798,1177
2839,68579221,396,0,1227,1309,842,1192
2840,68589221,311,0,1229,1321,883,1211
2841,68599221,219,0,1232,1332,932,1231
2842,68609221,151,0,1234,1339,967,1247
2843,68619221,77,0,1235,1350,1015,1263
2844,68629221,28,0,1237,1358,1044,1280
2845,68639221,0,0,1238,1366,1079,1297
2846,68649221,0,0,1237,1372,1110,1314
2847,68659221,0,0,1235,1374,1140,1329
2848,68669221,0,0,1228,1381,1178,1337
2849,68679221,0,0,1223,1386,1203,1352
2850,68689221,0,0,1208,1361,1169,1300
2851,68699221,0,0,1189,1386,1259,1372
2852,68709221,0,0,1160,1392,1285,1380
2853,68719221,0,0,1112,1386,1303,1386
2854,68729221,0,0,1053,1378,1323,1397
2855,68739221,0,0,968,1352,1339,1414
2856,68749221,0,0,872,1320,1372,1431
2857,68759221,0,0,809,1255,1370,1448
2858,68769221,0,0,736,1180,1357,1470
2859,68779221,0,0,671,1088,1300,1483
2860,68789221,0,0,585,956,1202,1496
2861,68799221,0,0,506,836,1071,1502
2862,68809221,0,0,434,693,907,1483
2863,68819221,0,0,377,543,635,1421
2864,68829221,0,0,319,445,382,1334
2865,68839221,0,0,270,360,221,1228
2866,68849221,0,0,229,301,109,1098
2867,68859221,0,0,189,253,0,873
2868,68869221,0,0,152,188,0,521
2869,68879221,0,1,136,119,0,90
2870,68889221,0,0,136,92,0,0
2871,68899221,0,0,133,73,0,0
2872,68909221,0,0,143,76,0,0
2873,68919221,0,0,149,76,0,0
2874,68929221,0,0,140,70,0,0
2875,68939221,0,0,125,57,0,0
2876,68949221,0,0,99,51,0,0
2877,68959221,0,0,120,54,0,0
2878,68969221,0,0,110,54,0,0
2879,68979221,0,0,103,52,0,0
2880,68989221,0,0,100,49,0,0
2881,68999221,0,0,98,51,0,0
2882,69009221,0,0,89,45,0,0
2883,69019221,0,0,75,43,0,0
2884,69029221,0,0,66,31,0,0
2885,69039221,0,0,53,23,0,0
2886,69049221,0,0,44,20,0,0
2887,69059221,0,0,38,8,0,0
2888,69069221,0,0,27,8,0,0
2889,69079221,0,0,18,3,0,0
2890,69089221,0,0,6,3,0,0
2891,69099221,0,0,2,1,0,0
2892,69109221,0,0,0,0,0,0
2893,69119221,0,0,0,0,0,0
2894,69129221,0,0,0,1,0,0
2895,69139221,0,0,0,0,0,0
2896,69149221,0,0,0,6,0,0
2897,69159221,0,0,0,8,0,0
2898,69169221,0,0,0,12,0,0
2899,69179221,0,0,0,12,0,0
2900,69189221,0,0,0,9,0,0
2901,69199221,0,0,0,5,0,0
2902,69209221,0,0,0,2,0,0
2903,69219221,0,0,1,1,0,0
2904,69229221,0,0,2,4,0,0
2905,69239221,0,0,0,1,0,0
2906,69249221,0,0,0,2,0,0
2907,69259221,0,0,0,0,0,0
2908,69269221,0,0,0,0,0,0
2909,69279221,0,0,0,0,0,0
2910,69289221,0,0,0,0,0,0
2911,69299221,0,0,0,0,0,0
2912,69309221,0,0,0,0,0,0
2913,69319221,0,10,0,0,0,0
2914,69329221,0,116,0,0,0,0
2915,69339221,6,289,0,0,0,0
2916,69349221,112,0,0,0,0,0
2917,69359221,268,793,4,0,0,0
2918,69369221,576,1033,3,0,0,0
2919,69379221,861,1198,1,0,0,0
2920,69389221,1085,1315,13,0,0,0
2921,69399221,1268,1414,45,0,0,0
2922,69409221,1376,1505,101,9,0,0
2923,69419221,1423,1542,156,52,0,0
2924,69429221,1431,1546,215,72,0,0
2925,69439221,1421,1543,289,121,0,0
2926,69449221,1401,1539,362,201,0,0
2927,69459221,1392,1539,399,248,0,0
2928,69469221,1389,1544,453,316,0,0
2929,69479221,1401,1553,503,372,0,28
2930,69489221,1429,1563,553,420,0,89
2931,69499221,1443,1573,593,468,0,154
2932,69509221,1447,1576,631,500,0,212
2933,69519221,1453,1579,670,544,0,276
2934,69529221,1453,1579,714,582,0,316
2935,69539221,1451,1580,747,617,0,351
2936,69549221,1443,1577,779,665,0,396
2937,69559221,1433,1571,810,703,8,435
2938,69569221,1419,1561,844,745,31,477
2939,69579221,1395,1552,871,775,55,522
2940,69589220,1349,1449,847,768,55,553
2941,69599221,1355,1516,916,825,117,603
2942,69609221,1334,1497,933,854,146,646
2943,69619221,1308,1469,950,877,175,688
2944,69629221,1279,1432,968,904,197,730
2945,69639221,1246,1386,983,927,247,765
2946,69649221,1196,1337,998,949,297,804
2947,69659221,1141,1290,1010,972,350,854
2948,69669221,1088,1262,1019,992,397,909
2949,69679221,1048,1238,1032,1006,437,948
2950,69689221,1006,0,1043,1030,486,979
2951,69699221,970,0,1050,1042,532,1014
2952,69709221,922,0,1058,1059,585,1050
2953,69719220,861,0,1065,1075,638,1092
2954,69729221,804,0,1071,1084,696,1126
2955,69739221,752,0,1077,1096,759,1169
2956,69749221,691,0,1080,1108,827,1208
2957,69759221,631,0,1083,1114,888,1241
2958,69769221,573,0,1087,1123,938,1269
2959,69779221,535,0,1091,1135,985,1292
2960,69789221,491,0,1094,1144,1036,1316
2961,69799221,443,0,1097,1160,1081,1338
2962,69809221,384,0,1097,1171,1126,1364
2963,69819221,341,0,1098,1179,1167,1379
2964,69829221,269,0,1099,1190,1206,1398
2965,69839221,209,0,1098,1196,1242,1416
2966,69849221,141,0,1097,1203,1267,1431
2967,69859221,88,0,1097,1208,1292,1441
2968,69869221,36,0,1096,1220,1317,1460
2969,69879221,6,0,1094,1231,1335,1482
2970,69889221,0,0,1094,1238,1365,1501
2971,69899221,0,0,1096,1245,1387,1517
2972,69909221,0,0,1006,1236,1302,1530
2973,69919221,0,0,1082,1258,1433,1559
2974,69929221,0,0,1068,1261,1451,1584
2975,69939221,0,0,1052,1268,1469,1600
2976,69949221,0,0,1024,1269,1493,0
2977,69959221,0,0,988,1270,1505,0
2978,69969221,0,0,950,1264,1517,0
2979,69979221,0,0,886,1262,1527,0
2980,69989221,0,0,819,1250,1530,2
2981,69999221,0,0,792,1234,1529,2
2982,70009221,0,0,751,1206,1512,0
2983,70019221,0,0,699,1183,1481,1
2984,70029221,0,0,660,1153,1440,0
2985,70039221,0,0,597,1054,1374,1709
2986,70049221,0,0,566,1072,1269,1709
2987,70059221,0,0,508,1006,1143,1714
2988,70069221,0,0,469,939,974,1712
2989,70079221,0,0,452,871,769,1697
2990,70089221,0,0,441,796,461,1655
2991,70099221,0,0,412,728,196,1582
2992,70109221,0,0,386,643,41,1454
2993,70119221,0,0,372,579,0,1326
2994,70129221,0,0,346,516,0,1180
2995,70139221,0,0,317,441,0,1040
2996,70149221,0,0,293,375,0,814
2997,70159221,0,0,255,272,0,473
2998,70169221,0,15,185,163,0,79
2999,70179221,0,23,145,92,0,52
3000,70189221,0,23,118,65,0,104
3001,70199221,0,22,92,42,0,157
3002,70209221,0,24,77,37,0,153
3003,70219221,0,25,67,27,0,100
3004,70229221,0,22,63,28,0,59
3005,70239221,0,4,63,37,0,25
3006,70249221,0,9,80,43,0,0
3007,70259221,0,2,91,52,0,0
3008,70269221,0,0,96,57,0,0
3009,70279221,0,0,101,66,0,0
3010,70289221,0,0,107,74,0,0
3011,70299221,0,0,90,67,0,0
3012,70309221,0,0,106,85,0,0
3013,70319221,0,0,101,81,0,0
3014,70329221,0,0,87,80,0,0
3015,70339221,0,0,88,81,0,0
3016,70349221,0,0,90,87,0,0
3017,70359221,0,0,90,89,0,0
3018,70369221,0,0,68,93,0,0
3019,70379221,0,0,79,92,0,0
3020,70389221,0,0,69,86,0,0
3021,70399221,0,0,52,80,0,0
3022,70409221,0,0,53,77,0,0
3023,70419221,0,0,54,75,0,0
3024,70429221,0,0,56,76,0,0
3025,70439221,0,0,58,81,0,0
3026,70449221,0,0,61,78,0,0
3027,70459221,0,0,62,73,0,0
3028,70469221,0,2,52,60,0,0
3029,70479221,0,0,42,57,0,0
3030,70489221,0,0,38,57,0,0
3031,70499221,0,0,37,52,0,0
3032,70509221,0,0,36,52,0,0
3033,70519221,0,0,27,48,0,0
3034,70529221,0,15,31,39,0,0
3035,70539221,0,101,27,22,0,0
3036,70549221,0,0,30,8,0,0
3037,70559221,133,0,39,0,0,0
3038,70569221,421,792,55,0,0,0
3039,70579221,776,1046,74,0,0,0
3040,70589221,1050,1220,69,0,0,0
3041,70599221,1238,1338,71,0,0,0
3042,70609221,1349,1419,113,7,0,0
3043,70619221,1399,1465,150,34,0,0
3044,70629221,1422,1486,179,42,0,0
3045,70639221,1435,1501,235,67,0,0
3046,70649221,1451,1514,276,93,0,0
3047,70659221,1468,1523,322,123,0,0
3048,70669221,1487,1532,361,164,0,0
3049,70679221,1504,1553,397,211,0,0
3050,70689221,1472,1466,403,228,0,56
3051,70699221,1550,1578,454,251,0,142
3052,70709221,1568,1589,495,296,20,260
3053,70719221,1577,1597,526,325,74,342
3054,70729221,1586,1606,558,359,142,423
3055,70739221,1592,1608,581,395,188,477
3056,70749221,1592,1612,597,424,231,529
3057,70759221,1540,1507,599,439,271,560
3058,70769221,1598,1616,629,456,315,574
3059,70779221,1594,1614,636,471,343,599
3060,70789221,1592,1608,645,476,377,613
3061,70799221,1585,1601,649,482,423,628
3062,70809221,1579,1594,648,484,458,633
3063,70819221,1575,1586,644,468,455,607
3064,70829221,1570,1587,636,480,528,651
3065,70839221,1565,1580,634,474,539,652
3066,70849221,1560,1576,622,464,551,651
3067,70859221,1556,1571,617,453,553,649
3068,70869221,1551,1568,615,437,561,645
3069,70879221,1548,1565,612,424,566,632
3070,70889220,1548,1563,611,423,563,622
3071,70899221,1551,1563,604,418,565,618
3072,70909221,1559,1562,599,413,566,602
3073,70919221,1550,1564,597,411,568,603
3074,70929221,1557,1565,586,403,572,591
3075,70939221,1564,1570,575,386,570,579
3076,70949221,1570,1573,569,381,570,564
3077,70959221,1575,1576,568,381,581,552
3078,70969221,1581,1579,571,392,573,541
3079,70979221,1585,1579,590,426,574,565
3080,70989221,1576,1577,613,456,581,598
3081,70999221,1582,1573,632,477,603,619
3082,71009221,1577,1562,654,504,628,660
3083,71019221,1568,1551,666,532,650,686
3084,71029221,1555,1539,680,557,679,705
3085,71039221,1533,1511,690,580,694,734
3086,71049221,1517,1489,697,596,718,760
3087,71059221,1493,1458,701,606,733,809
3088,71069221,1461,1419,712,625,748,856
3089,71079221,1423,1369,719,645,768,915
3090,71089221,1367,1304,728,669,807,982
3091,71099221,1293,1234,732,698,851,1033
3092,71109221,1199,1132,737,730,890,1071
3093,71119221,1094,1037,743,758,923,1131
3094,71129221,959,0,752,790,950,1180
3095,71139221,799,0,765,829,977,1223
3096,71149221,557,0,763,884,1002,1273
3097,71159221,348,0,793,940,1035,1306
3098,71169221,89,0,778,981,1062,1334
3099,71179221,0,0,685,1002,1098,1370
3100,71189221,0,0,612,1012,1125,1397
3101,71199221,0,0,549,1000,1126,1423
3102,71209221,0,0,476,950,1085,1357
3103,71219221,0,0,397,867,994,0
3104,71229221,0,0,331,750,853,0
3105,71239221,0,0,313,663,684,0
3106,71249221,0,0,293,565,405,1460
3107,71259221,0,0,275,462,203,1371
3108,71269221,0,0,247,374,39,1209
3109,71279221,0,0,213,298,0,1053
3110,71289221,0,0,185,245,0,825
3111,71299221,0,0,170,183,0,588
3112,71309221,0,21,155,124,0,236
3113,71319221,0,43,120,64,0,43
3114,71329221,0,42,113,55,0,61
3115,71339221,0,28,112,55,0,103
3116,71349221,0,19,113,53,0,93
3117,71359221,0,23,109,51,0,45
3118,71369221,0,24,108,52,0,17
3119,71379221,0,23,112,55,0,4
3120,71389221,0,14,117,59,0,0
3121,71399221,0,6,119,62,0,0
3122,71409221,0,0,122,69,0,0
3123,71419221,0,0,124,72,0,0
3124,71429221,0,0,122,74,0,0
3125,71439221,0,0,119,75,0,0
3126,71449221,0,0,114,74,0,0
3127,71459221,0,0,103,74,0,0
3128,71469221,0,0,67,70,0,0
3129,71479221,0,0,78,76,0,0
3130,71489221,0,0,66,75,0,0
3131,71499221,0,0,59,74,0,0
3132,71509221,0,0,57,73,0,0
3133,71519221,0,0,59,74,0,0
3134,71529221,0,0,61,72,0,0
3135,71539221,0,0,61,74,0,0
3136,71549221,0,0,63,71,0,0
3137,71559221,0,0,65,72,0,0
3138,71569221,0,0,64,64,0,0
3139,71579221,0,0,63,69,0,0
3140,71589221,0,0,67,72,0,0
3141,71599221,0,0,59,48,0,0
3142,71609221,0,0,66,71,0,0
3143,71619221,0,0,57,69,0,0
3144,71629221,0,0,47,48,0,0
3145,71639221,0,0,43,43,0,0
3146,71649221,0,0,35,29,0,0
3147,71659221,0,14,37,14,0,0
3148,71669221,0,61,28,7,0,0
3149,71679221,0,105,21,0,0,0
3150,71689221,26,216,31,0,0,0
3151,71699221,117,0,29,0,0,0
3152,71709221,281,563,35,0,0,0
3153,71719221,489,746,32,0,0,0
3154,71729220,661,836,19,0,0,0
3155,71739221,879,1043,35,0,0,0
3156,71749221,1059,1167,36,0,0,0
3157,71759221,1192,1252,52,0,0,0
3158,71769221,1290,1327,83,0,0,0
3159,71779221,1339,1380,147,32,0,0
3160,71789221,1366,1409,202,61,0,0
3161,71799221,1381,1433,297,117,0,0
3162,71809221,1390,1450,375,191,0,0
3163,71819221,1400,1462,418,269,0,0
3164,71829221,1414,1476,476,349,0,0
3165,71839221,1431,1488,531,416,0,7
3166,71849221,1446,1502,588,458,0,33
3167,71859220,1444,1430,581,469,0,53
3168,71869221,1482,1523,658,535,0,82
3169,71879221,1491,1540,688,564,0,117
3170,71889221,1500,1552,722,601,0,151
3171,71899221,1510,1552,748,635,0,185
3172,71909221,1519,1558,778,667,0,215
3173,71919221,1526,1563,800,699,0,237
3174,71929221,1533,1568,822,728,0,263
3175,71939221,1542,1573,833,744,0,282
3176,71949221,1547,1577,848,756,0,301
3177,71959221,1545,1575,863,774,0,324
3178,71969221,1547,1568,884,785,0,343
3179,71979221,1550,1578,896,803,0,350
3180,71989221,1517,1460,890,759,0,375
3181,71999221,1543,1571,922,832,0,392
3182,72009221,1529,1566,933,847,0,415
3183,72019221,1521,1560,940,851,0,435
3184,72029221,1510,1554,949,859,0,449
3185,72039221,1494,1540,952,868,0,466
3186,72049221,1481,1523,954,873,0,474
3187,72059220,1469,1510,956,878,21,485
3188,72069221,1456,1498,957,883,35,493
3189,72079221,1446,1490,956,890,54,513
3190,72089221,1433,1471,967,896,81,523
3191,72099221,1421,1459,966,905,93,542
3192,72109221,1407,1444,967,912,114,553
3193,72119221,1400,1432,964,920,123,561
3194,72129221,1389,1424,974,929,142,578
3195,72139221,1383,1412,980,936,152,583
3196,72149221,1370,1401,987,948,155,588
3197,72159221,1356,1388,1000,966,169,601
3198,72169221,1335,1341,1019,986,191,623
3199,72179221,1322,0,1038,1009,214,0
3200,72189221,1255,0,1027,1035,248,0
3201,72199221,1290,0,1060,1050,270,694
3202,72209221,1269,0,1082,1067,316,724
3203,72219221,1243,0,1099,1089,366,753
3204,72229221,1198,0,1113,1115,409,796
3205,72239221,1146,0,1126,1134,456,853
3206,72249221,1083,0,1137,1156,500,891
3207,72259221,1005,0,1153,1179,567,944
3208,72269221,931,0,1172,1212,633,1005
3209,72279221,820,0,1189,1251,698,1062
3210,72289221,667,0,1204,1286,778,1128
3211,72299221,483,0,1220,1312,852,1186
3212,72309221,283,634,1229,1337,922,1236
3213,72319221,97,481,1240,1363,994,1283
3214,72329221,0,339,1250,1383,1061,1327
3215,72339221,0,184,1255,1401,1140,1371
3216,72349221,0,42,1256,1425,1200,1419
3217,72359221,0,0,1258,1442,1252,1455
3218,72369221,0,0,1258,1458,1303,1490
3219,72379221,0,0,1251,1479,1346,0
3220,72389221,0,0,1243,1493,1380,0
3221,72399221,0,0,1214,1500,1400,0
3222,72409221,0,0,1175,1505,1420,0
3223,72419221,0,0,1098,1499,1434,0
3224,72429221,0,0,993,1479,1438,0
3225,72439221,0,0,889,1448,1421,0
3226,72449221,0,0,841,1403,1383,1808
3227,72459221,0,0,769,1360,1305,1845
3228,72469221,0,0,733,1286,1181,1888
3229,72479221,0,0,682,1192,1061,1910
3230,72489221,0,0,619,1116,798,1920
3231,72499220,0,0,552,1005,551,1924
3232,72509221,0,0,471,932,366,1900
3233,72519221,0,0,378,854,228,1852
3234,72529221,0,0,295,755,110,1774
3235,72539221,0,0,231,629,33,1688
3236,72549221,0,0,182,498,0,1554
3237,72559221,0,0,151,359,0,1322
3238,72569221,0,0,134,249,0,1080
3239,72579221,0,0,125,184,0,655
3240,72589221,0,45,89,97,0,128
3241,72599221,0,61,41,24,0,57
3242,72609221,0,14,45,27,0,96
3243,72619221,0,0,47,30,0,165
3244,72629221,0,0,43,22,0,153
3245,72639221,0,0,28,20,0,92
3246,72649221,0,0,16,13,0,52
3247,72659221,0,0,4,3,0,8
3248,72669221,0,0,2,0,0,0
3249,72679221,0,0,2,0,0,0
3250,72689221,0,0,5,0,0,0
3251,72699221,0,0,7,0,0,0
3252,72709221,0,0,9,0,0,0
3253,72719221,0,0,14,1,0,0
3254,72729221,0,0,19,1,0,0
3255,72739221,0,0,23,3,0,0
3256,72749221,0,0,26,2,0,0
3257,72759221,0,0,30,4,0,0
3258,72769221,0,0,36,7,0,5
3259,72779221,0,0,35,3,0,25
3260,72789221,0,0,31,0,0,40
3261,72799221,0,0,25,0,0,58
3262,72809221,0,0,17,0,0,72
3263,72819221,0,0,5,0,0,83
3264,72829221,0,0,3,0,0,86
3265,72839221,0,0,2,0,0,88
3266,72849221,0,0,3,0,0,97
3267,72859221,0,0,8,0,0,80
3268,72869221,0,0,7,0,0,47
3269,72879221,0,0,9,0,0,33
3270,72889221,0,0,21,0,0,32
3271,72899221,0,0,36,0,0,12
3272,72909221,0,0,49,7,0,0
3273,72919221,0,21,63,5,0,0
3274,72929221,2,110,65,0,0,0
3275,72939221,132,0,72,0,0,0
3276,72949221,534,753,77,0,0,0
3277,72959221,911,1047,71,0,0,0
3278,72969221,1100,1207,88,0,0,0
3279,72979221,1189,1285,88,0,0,0
3280,72989221,1254,1349,99,0,0,0
3281,72999221,1340,1421,111,0,0,0
3282,73009221,1421,1495,148,0,0,0
3283,73019221,1487,1559,185,18,0,0
3284,73029221,1543,1612,245,59,0,0
3285,73039221,1592,0,338,123,0,0
3286,73049221,1614,0,468,232,0,0
3287,73059221,1621,0,575,314,0,0
3288,73069221,1619,0,669,420,0,0
3289,73079221,1618,0,752,516,0,0
3290,73089221,1619,0,818,609,0,0
3291,73099221,1618,1685,876,693,0,0
3292,73109221,1617,1685,930,770,0,0
3293,73119221,1609,1680,974,835,0,0
3294,73129221,1594,1670,1016,892,0,0
3295,73139221,1575,1651,1061,955,0,0
3296,73149221,1544,1628,1096,1002,0,0
3297,73159221,1493,1595,1126,1048,0,19
3298,73169221,1363,0,1157,1088,0,39
3299,73179221,1400,0,1177,1122,0,62
3300,73189221,1345,0,1194,1160,1,91
3301,73199221,1276,0,1215,1191,0,141
3302,73209221,1194,0,1239,1229,0,185
3303,73219221,1109,0,1256,1262,0,222
3304,73229221,1034,0,1270,1291,0,267
3305,73239221,967,0,1290,1306,0,297
3306,73249221,891,0,1303,1322,0,341
3307,73259221,811,0,1316,1341,0,381
3308,73269221,731,0,1329,1362,0,414
3309,73279221,633,0,1338,1375,0,441
3310,73289221,547,0,1351,1389,0,477
3311,73299221,476,0,1274,1381,1,491
3312,73309221,410,0,1365,1415,44,550
3313,73319221,330,0,1371,1428,82,595
3314,73329221,252,0,1379,1437,109,616
3315,73339221,179,0,1384,1454,139,659
3316,73349221,117,0,1388,1466,170,698
3317,73359221,62,626,1394,1475,224,675
3318,73369221,25,566,1398,1491,278,767
3319,73379221,2,519,1405,1498,334,799
3320,73389221,0,471,1410,1506,403,838
3321,73399221,0,408,1415,1520,446,876
3322,73409221,0,340,1417,1530,520,927
3323,73419221,0,260,1426,1548,587,979
3324,73429221,0,174,1417,1555,655,1042
3325,73439221,0,91,1421,1564,728,1098
3326,73449221,0,36,1418,1574,807,1139
3327,73459221,0,1,1417,1577,874,1189
3328,73469221,0,0,1413,1587,936,1228
3329,73479221,0,0,1404,1591,999,1257
3330,73489221,0,0,1401,1591,1066,1220
3331,73499221,0,0,1392,1606,1118,1336
3332,73509221,0,0,1388,1614,1156,1378
3333,73519221,0,0,1374,1618,1204,1420
3334,73529221,0,0,1357,1621,1244,1458
3335,73539221,0,0,1332,1624,1283,1503
3336,73549221,0,0,1301,1625,1314,1550
3337,73559221,0,0,1262,1626,1336,1585
3338,73569221,0,0,1223,1625,1354,1619
3339,73579221,0,0,1177,1620,1364,1653
3340,73589221,0,0,1132,1604,1366,1687
3341,73599221,0,0,1081,1580,1362,1717
3342,73609221,0,0,1014,1543,1339,1754
3343,73619221,0,0,942,1480,1306,1786
3344,73629221,0,0,857,1399,1247,1817
3345,73639221,0,0,787,1312,1169,1836
3346,73649221,0,0,714,1208,1047,1857
3347,73659221,0,0,625,1126,865,1860
3348,73669221,0,0,537,1011,644,1854
3349,73679221,0,0,442,919,447,1832
3350,73689221,0,0,363,838,316,1779
3351,73699221,0,0,272,725,186,1694
3352,73709221,0,0,214,604,93,1575
3353,73719221,0,0,168,491,6,1402
3354,73729221,0,0,136,381,0,1192
3355,73739221,0,0,122,296,0,877
3356,73749220,0,0,105,194,0,295
3357,73759221,0,0,104,107,0,0
3358,73769221,0,0,90,55,0,0
3359,73779221,0,0,96,68,0,0
3360,73789221,0,0,103,76,0,0
3361,73799221,0,0,90,69,0,0
3362,73809220,0,0,55,35,0,0
3363,73819221,0,0,57,38,0,0
3364,73829221,0,0,52,35,0,0
3365,73839221,0,0,49,30,0,0
3366,73849221,0,0,45,26,0,0
3367,73859221,0,0,46,20,0,0
3368,73869221,0,0,45,14,0,0
3369,73879221,0,0,47,21,0,0
3370,73889221,0,0,51,16,0,0
3371,73899221,0,0,49,16,0,0
3372,73909221,0,0,53,15,0,0
3373,73919221,0,0,56,13,0,0
3374,73929221,0,0,65,11,0,0
3375,73939221,0,0,71,17,0,0
3376,73949221,0,0,73,24,0,0
3377,73959221,0,0,78,23,0,0
3378,73969221,0,0,82,22,0,0
3379,73979221,0,0,76,20,0,0
3380,73989221,0,0,70,14,0,0
3381,73999221,0,0,57,3,0,0
3382,74009221,0,0,57,8,0,0
3383,74019221,0,0,50,6,0,0
3384,74029221,0,0,48,6,0,0
3385,74039221,0,0,44,6,0,0
3386,74049221,0,0,43,8,0,0
3387,74059221,0,0,42,8,0,0
3388,74069221,0,0,42,11,0,0
3389,74079221,0,0,42,11,0,0
3390,74089221,0,0,42,10,0,0
3391,74099221,0,0,43,11,0,0
3392,74109221,0,0,48,13,0,0
3393,74119221,0,0,50,17,0,0
3394,74129221,0,0,54,16,0,0
3395,74139221,0,0,63,26,0,0
3396,74149221,0,0,71,38,0,0
3397,74159221,0,0,78,44,0,0
3398,74169221,0,0,88,48,0,0
3399,74179221,0,0,106,52,0,0
3400,74189221,0,0,124,50,0,0
3401,74199221,0,0,140,44,0,0
3402,74209221,0,0,156,44,0,0
3403,74219221,0,0,162,44,0,0
3404,74229221,0,0,171,46,0,0
3405,74239221,0,0,171,47,0,0
3406,74249221,16,0,184,39,0,0
3407,74259221,182,433,191,28,0,0
3408,74269221,491,733,188,10,0,0
3409,74279221,884,1020,187,0,0,0
3410,74289221,1123,1216,198,0,0,0
3411,74299221,1262,1336,223,4,0,0
3412,74309221,1363,1419,280,27,0,0
3413,74319221,1424,1469,318,44,0,0
3414,74329221,1457,1504,370,74,0,0
3415,74339221,1483,0,430,128,0,0
3416,74349221,1499,0,552,234,0,0
3417,74359221,1514,0,662,336,0,0
3418,74369221,1531,0,748,435,0,2
3419,74379221,1555,0,817,497,0,0
3420,74389221,1576,0,858,544,0,0
3421,74399221,1496,0,890,587,0,0
3422,74409221,1602,0,913,617,0,0
3423,74419221,1609,0,924,635,0,0
3424,74429221,1611,0,934,651,0,0
3425,74439221,1610,0,934,658,0,0
3426,74449221,1607,0,938,664,0,0
3427,74459220,1572,0,894,636,0,0
3428,74469221,1594,0,941,677,0,0
3429,74479221,1587,0,942,680,0,0
3430,74489221,1581,0,949,685,0,0
3431,74499221,1571,0,951,700,0,0
3432,74509221,1561,0,951,712,0,2
3433,74519221,1557,0,952,718,0,0
3434,74529220,1529,0,906,687,0,0
3435,74539221,1555,0,950,717,0,0
3436,74549221,1555,0,948,714,0,0
3437,74559221,1553,0,952,714,0,2
3438,74569221,1548,0,960,724,0,0
3439,74579221,1543,0,968,737,0,7
3440,74589221,1528,1574,975,768,0,25
3441,74599221,1463,0,971,797,0,56
3442,74609221,1509,0,1012,821,0,80
3443,74619221,1497,0,1036,850,0,112
3444,74629221,1482,0,1053,876,0,160
3445,74639221,1457,1523,1077,910,0,234
3446,74649221,1415,1491,1108,966,0,338
3447,74659221,1360,0,1131,1002,8,427
3448,74669221,1306,1413,1150,1047,47,532
3449,74679221,1251,0,1170,1078,136,627
3450,74689221,1181,0,1181,1107,204,707
3451,74699221,1113,0,1195,1130,281,790
3452,74709221,1032,0,1204,1159,371,854
3453,74719221,946,0,1212,1187,450,931
3454,74729221,843,0,1146,1197,496,971
3455,74739221,732,0,1233,1236,669,1066
3456,74749221,599,0,1240,1255,753,1121
3457,74759221,451,0,1246,1269,848,1164
3458,74769221,316,0,1253,1294,923,1209
3459,74779221,179,0,1257,1311,995,1255
3460,74789221,71,460,1259,1325,1068,1291
3461,74799221,0,383,1181,1316,1032,1285
3462,74809221,0,286,1262,1351,1179,1341
3463,74819221,0,185,1268,1364,1219,1380
3464,74829221,0,87,1263,1380,1272,1394
3465,74839221,0,17,1259,1385,1298,1417
3466,74849221,0,0,1248,1398,1333,1436
3467,74859221,0,0,1234,1402,1351,1461
3468,74869221,0,0,1178,1407,1371,1482
3469,74879221,0,0,1109,1394,1381,1507
3470,74889221,0,0,1033,1364,1387,1528
3471,74899221,0,0,942,1311,1374,1558
3472,74909221,0,0,813,1226,1321,1582
3473,74919221,0,0,722,1113,1257,1596
3474,74929221,0,0,646,982,1143,1617
3475,74939221,0,0,560,853,991,1625
3476,74949221,0,0,456,695,804,1604
3477,74959221,0,0,361,486,548,1550
3478,74969221,0,0,267,329,367,1430
3479,74979221,0,0,186,248,240,1352
3480,74989221,0,0,113,175,118,1258
3481,74999221,0,0,61,105,0,1009
3482,75009221,0,0,32,76,0,794
3483,75019221,0,0,18,36,0,434
3484,75029221,0,0,24,19,0,182
3485,75039221,0,0,29,15,0,233
3486,75049221,0,0,36,13,0,284
3487,75059221,0,0,37,24,0,220
3488,75069221,0,0,38,28,0,136
3489,75079221,0,0,40,31,0,56
3490,75089221,0,3,37,33,0,16
3491,75099221,0,2,42,27,0,0
3492,75109221,0,4,40,27,0,0
3493,75119221,0,7,42,13,0,0
3494,75129221,0,5,26,7,0,0
3495,75139221,0,5,19,1,0,0
3496,75149221,0,4,9,0,0,0
3497,75159221,0,6,11,0,0,0
3498,75169221,0,2,1,0,0,0
3499,75179221,0,0,0,0,0,0
3500,75189221,0,0,1,0,0,0
3501,75199221,0,0,0,0,0,0
3502,75209221,0,0,0,0,0,0
3503,75219221,0,0,0,0,0,0
3504,75229221,0,0,0,0,0,0
3505,75239221,0,0,0,0,0,0
3506,75249220,0,0,0,0,0,0
3507,75259221,0,0,0,0,0,0
3508,75269221,0,0,0,0,0,0
3509,75279221,0,0,0,0,0,0
3510,75289221,0,0,0,0,0,0
3511,75299221,0,0,0,0,0,0
3512,75309221,0,0,0,0,0,0
3513,75319221,0,0,0,0,0,0
3514,75329221,0,0,0,0,0,0
3515,75339221,0,0,0,0,0,0
3516,75349221,0,0,0,0,0,0
3517,75359221,0,0,0,0,0,0
3518,75369221,0,0,0,0,0,0
3519,75379221,0,0,0,0,0,0
3520,75389221,0,0,2,0,0,0
3521,75399221,0,0,10,0,0,0
3522,75409221,0,0,18,0,0,0
3523,75419221,0,0,30,0,0,0
3524,75429221,0,0,38,3,0,0
3525,75439221,0,0,45,6,0,0
3526,75449221,0,0,48,8,0,0
3527,75459221,0,0,53,17,0,0
3528,75469221,0,0,58,19,0,0
3529,75479221,0,0,69,20,0,0
3530,75489221,0,0,70,21,0,0
3531,75499221,0,0,73,17,0,0
3532,75509221,0,0,64,4,0,0
3533,75519221,0,0,71,2,0,0
3534,75529221,119,417,69,0,0,0
3535,75539221,421,742,60,0,0,0
3536,75549221,752,991,56,0,0,0
3537,75559221,966,1140,59,0,0,0
3538,75569221,1082,1230,64,0,0,0
3539,75579221,1176,1319,84,0,0,0
3540,75589221,1250,1397,110,0,0,0
3541,75599221,1333,1459,126,0,0,0
3542,75609221,1404,1507,157,0,0,0
3543,75619221,1446,1550,183,8,0,0
3544,75629221,1471,1580,226,29,0,0
3545,75639221,1494,1605,264,48,0,0
3546,75649221,1515,1624,306,68,0,0
3547,75659221,1543,1637,367,116,0,0
3548,75669221,1579,0,440,173,0,0
3549,75679221,1606,0,507,229,0,0
3550,75689221,1622,1691,577,278,0,0
3551,75699221,1630,1711,623,339,0,0
3552,75709221,1634,1716,684,415,0,0
3553,75719221,1629,1715,744,471,0,0
3554,75729221,1622,1709,792,522,0,0
3555,75739221,1610,1701,826,572,0,0
3556,75749221,1595,1691,858,612,0,0
3557,75759221,1579,1682,881,643,0,0
3558,75769221,1563,1672,891,673,0,0
3559,75779221,1544,1657,906,694,0,0
3560,75789221,1515,1642,919,724,0,0
3561,75799221,1487,1623,931,743,0,0
3562,75809221,1453,1601,943,761,0,22
3563,75819221,1421,1576,956,786,0,46
3564,75829221,1387,1550,969,786,0,47
3565,75839221,1364,1539,980,824,0,74
3566,75849221,1352,1524,989,846,0,80
3567,75859221,1341,1514,998,860,0,90
3568,75869221,1332,1507,1005,877,0,112
3569,75879221,1321,1493,1015,888,0,142
3570,75889221,1306,1483,1028,907,0,168
3571,75899221,1215,1464,1044,919,0,212
3572,75909221,1290,1457,1054,938,0,254
3573,75919221,1284,1446,1066,955,0,300
3574,75929221,1271,1436,1077,971,5,336
3575,75939221,1259,1426,1086,985,19,373
3576,75949221,1244,1407,1099,998,56,427
3577,75959221,1221,1389,1111,1011,91,477
3578,75969221,1180,1369,1121,1038,135,544
3579,75979221,1133,1329,1132,1063,178,582
3580,75989221,1087,0,1146,1094,232,631
3581,75999221,1010,0,1165,1122,308,691
3582,76009221,932,0,1179,1154,378,774
3583,76019221,833,0,1191,1185,457,841
3584,76029221,700,0,1207,1222,547,919
3585,76039221,551,0,1222,1251,618,974
3586,76049221,401,0,1234,1280,727,1041
3587,76059221,201,0,1243,1306,824,1109
3588,76069221,42,0,1252,1329,919,1182
3589,76079221,0,472,1257,1355,1016,1236
3590,76089221,0,312,1264,1377,1084,1282
3591,76099221,0,164,1270,1396,1148,1322
3592,76109221,0,41,1271,1417,1221,1367
3593,76119221,0,0,1266,1434,1272,1401
3594,76129221,0,0,1254,1448,1324,1456
3595,76139221,0,0,1241,1464,1353,1492
3596,76149221,0,0,1212,1478,1388,1528
3597,76159221,0,0,1175,1481,1407,1569
3598,76169221,0,0,1126,1484,1411,1595
3599,76179221,0,0,1069,1470,1424,1632
3600,76189221,0,0,992,1441,1387,1664
3601,76199221,0,0,925,1395,1359,1700
3602,76209221,0,0,840,1336,1286,1731
3603,76219221,0,0,760,1249,1200,1762
3604,76229221,0,0,703,1139,1064,1786
3605,76239221,0,0,649,1059,885,1791
3606,76249221,0,0,569,952,629,1787
3607,76259221,0,0,486,854,416,1751
3608,76269221,0,0,405,753,278,1666
3609,76279221,0,0,320,634,161,1549
3610,76289220,0,0,235,497,28,1388
3611,76299221,0,0,223,405,0,1234
3612,76309221,0,0,211,314,0,1018
3613,76319221,0,0,188,238,0,637
3614,76329221,0,0,186,143,0,61
3615,76339221,0,0,162,60,0,0
3616,76349221,0,1,164,53,0,18
3617,76359221,0,0,152,48,0,60
3618,76369221,0,0,118,45,0,76
3619,76379221,0,0,94,23,0,73
3620,76389221,0,0,76,19,0,55
3621,76399221,0,0,65,15,0,33
3622,76409221,0,0,54,13,0,34
3623,76419221,0,0,37,5,0,3
3624,76429221,0,0,36,2,0,2
3625,76439221,0,0,30,2,0,0
3626,76449221,0,0,27,0,0,0
3627,76459221,0,0,29,0,0,0
3628,76469221,0,0,30,1,0,0
3629,76479221,0,0,35,0,0,0
3630,76489221,0,0,41,3,0,0
3631,76499221,0,0,45,7,0,0
3632,76509221,0,0,51,8,0,0
3633,76519221,0,0,53,10,0,0
3634,76529221,0,0,53,7,0,0
3635,76539221,0,0,47,4,0,0
3636,76549221,0,0,44,2,0,0
3637,76559221,0,0,38,4,0,0
3638,76569221,0,0,32,2,0,0
3639,76579221,0,0,26,0,0,0
3640,76589221,0,0,20,0,0,0
3641,76599221,0,0,6,0,0,0
3642,76609221,0,0,1,0,0,0
3643,76619221,0,0,4,0,0,0
3644,76629221,0,0,1,0,0,0
3645,76639221,0,0,1,0,0,0
3646,76649221,0,0,2,0,0,0
3647,76659221,0,0,1,0,0,0
3648,76669221,0,0,4,0,0,0
3649,76679221,0,0,4,0,0,0
3650,76689221,0,0,12,6,0,0
3651,76699221,0,0,21,16,0,0
3652,76709221,0,0,35,26,0,0
3653,76719221,0,0,38,29,0,0
3654,76729221,0,0,49,26,0,0
3655,76739221,0,0,50,25,0,0
3656,76749221,0,0,53,20,0,0
3657,76759221,0,0,71,19,0,0
3658,76769221,10,0,83,12,0,0
3659,76779221,121,412,93,0,0,0
3660,76789221,365,689,101,0,0,0
3661,76799221,667,912,108,0,0,0
3662,76809221,876,1056,117,0,0,0
3663,76819221,1021,1158,122,0,0,0
3664,76829221,1143,1265,140,0,0,0
3665,76839221,1242,1359,147,0,0,0
3666,76849221,1326,1436,159,0,0,0
3667,76859221,1343,1401,159,4,0,0
3668,76869221,1450,1552,215,21,0,0
3669,76879221,1492,1582,277,39,0,0
3670,76889221,1509,1603,320,70,0,0
3671,76899221,1554,0,375,105,0,0
3672,76909221,1568,0,447,166,0,0
3673,76919221,1590,0,529,231,0,0
3674,76929221,1610,1664,587,288,0,0
3675,76939221,1624,1687,652,354,0,0
3676,76949221,1636,1695,700,421,0,0
3677,76959221,1638,1697,737,475,0,0
3678,76969221,1630,1697,779,522,0,0
3679,76979221,1633,1690,811,547,0,0
3680,76989221,1620,1680,851,585,0,0
3681,76999221,1604,1667,877,617,0,0
3682,77009221,1573,1652,897,657,0,0
3683,77019221,1560,1638,915,685,0,0
3684,77029221,1526,1621,931,711,0,9
3685,77039221,1489,1601,943,731,0,40
3686,77049221,1451,1575,955,749,0,59
3687,77059221,1406,1552,968,775,0,90
3688,77069221,1377,1521,980,798,0,139
3689,77079221,1328,1482,998,827,0,185
3690,77089221,1284,1430,1016,868,0,251
3691,77099221,1236,1384,1042,902,0,308
3692,77109221,1192,1340,1062,935,5,362
3693,77119221,1157,1305,1084,971,20,422
3694,77129221,1121,1167,1109,1006,66,478
3695,77139221,1070,0,1128,1044,111,550
3696,77149221,1017,0,1142,1074,155,608
3697,77159221,959,0,1164,1108,201,678
3698,77169221,898,0,1180,1136,263,753
3699,77179221,833,0,1118,1146,294,796
3700,77189221,753,0,1208,1196,412,893
3701,77199221,648,0,1224,1225,502,960
3702,77209221,548,0,1234,1249,564,1014
3703,77219221,441,0,1245,1270,652,1069
3704,77229221,312,0,1253,1291,754,1125
3705,77239221,184,0,1259,1308,837,1176
3706,77249221,77,0,1263,1325,914,1233
3707,77259221,0,106,1268,1339,1002,1273
3708,77269221,0,329,1271,1355,1067,1316
3709,77279221,0,228,1273,1370,1130,1355
3710,77289221,0,137,1272,1382,1192,1388
3711,77299221,0,46,1270,1397,1247,1427
3712,77309221,0,0,1262,1409,1293,1460
3713,77319221,0,0,1253,1419,1329,1492
3714,77329221,0,0,1235,1427,1362,1525
3715,77339221,0,0,1209,1435,1392,1561
3716,77349221,0,0,1176,1439,1428,1593
3717,77359221,0,0,1131,1442,1452,1614
3718,77369221,0,0,1080,1440,1480,0
3719,77379221,0,0,1006,1428,1492,0
3720,77389221,0,0,923,1403,1500,0
3721,77399221,0,0,839,1361,1500,1722
3722,77409221,0,0,744,1289,1481,1754
3723,77419221,0,0,642,1189,1447,1776
3724,77429221,0,0,533,1077,1379,1788
3725,77439221,0,0,429,934,1255,1817
3726,77449221,0,0,358,801,1108,1823
3727,77459221,0,0,268,711,881,1818
3728,77469221,0,0,208,593,660,1782
3729,77479221,0,0,113,477,440,1704
3730,77489221,0,0,59,375,299,1589
3731,77499221,0,0,23,290,187,1472
3732,77509221,0,0,12,211,67,1318
3733,77519221,0,0,9,151,0,1141
3734,77529221,0,0,19,106,0,877
3735,77539221,0,0,24,66,0,329
3736,77549221,0,18,5,13,0,2
3737,77559221,0,6,2,1,0,25
3738,77569221,0,0,5,6,0,96
3739,77579221,0,0,11,11,0,109
3740,77589221,0,0,9,8,0,51
3741,77599221,0,0,2,4,0,17
3742,77609221,0,0,0,5,0,0
3743,77619221,0,0,0,4,0,0
3744,77629221,0,0,0,7,0,0
3745,77639221,0,0,0,5,0,0
3746,77649221,0,0,1,7,0,0
3747,77659221,0,0,4,10,0,0
3748,77669221,0,0,3,16,0,0
3749,77679221,0,0,4,15,0,0
3750,77689221,0,0,5,20,0,0
3751,77699221,0,0,8,16,0,0
3752,77709221,0,0,10,16,0,0
3753,77719221,0,0,8,17,0,0
3754,77729221,0,0,8,11,0,0
3755,77739221,0,0,1,3,0,0
3756,77749221,0,0,0,1,0,0
3757,77759221,0,0,0,0,0,0
3758,77769221,0,0,0,3,0,0
3759,77779221,0,0,0,1,0,0
3760,77789221,0,0,0,3,0,0
3761,77799221,0,0,0,7,0,0
3762,77809221,0,0,0,4,0,0
3763,77819221,0,0,0,6,0,0
3764,77829221,0,0,0,5,0,0
3765,77839221,0,0,0,11,0,0
3766,77849221,0,0,0,6,0,0
3767,77859221,0,0,3,4,1,0
3768,77869221,0,0,0,0,0,0
3769,77879221,0,0,0,0,0,0
3770,77889221,0,0,0,0,0,0
3771,77899221,0,0,0,0,0,0
3772,77909221,0,0,0,0,0,0
3773,77919221,0,0,0,0,0,0
3774,77929221,0,0,0,0,0,0
3775,77939221,0,6,0,0,0,0
3776,77949221,0,83,0,0,0,0
3777,77959221,0,198,0,0,0,0
3778,77969221,7,361,0,0,0,0
3779,77979221,88,0,0,0,0,0
3780,77989221,220,453,3,0,0,0
3781,77999221,409,904,8,0,0,0
3782,78009221,668,1068,19,0,0,0
3783,78019221,901,1167,23,0,0,0
3784,78029221,1058,1243,39,0,0,0
3785,78039221,1147,1280,70,0,0,0
3786,78049221,1201,1311,115,17,0,0
3787,78059221,1236,1323,168,51,0,0
3788,78069221,1255,1342,244,106,0,0
3789,78079221,1284,1362,299,156,0,0
3790,78089221,1304,1380,361,217,0,0
3791,78099221,1325,1400,410,273,0,0
3792,78109221,1352,1428,475,324,0,29
3793,78119221,1373,1447,535,380,0,109
3794,78129221,1391,1462,578,426,0,212
3795,78139221,1404,1478,618,479,0,285
3796,78149221,1417,1490,648,535,11,364
3797,78159221,1423,1495,686,579,24,423
3798,78169221,1370,1404,714,622,45,471
3799,78179221,1412,1491,760,666,73,0
3800,78189221,1395,1475,788,698,106,557
3801,78199221,1369,1458,828,737,137,596
3802,78209221,1339,1432,856,769,156,638
3803,78219221,1321,1426,876,798,186,681
3804,78229221,1296,1399,906,807,177,667
3805,78239221,1269,1387,922,854,252,740
3806,78249221,1238,1352,935,869,291,769
3807,78259221,1177,1305,958,890,321,801
3808,78269221,1118,1268,971,923,357,841
3809,78279221,1060,1230,991,950,392,880
3810,78289221,993,0,1013,981,444,925
3811,78299221,939,0,1033,1002,484,958
3812,78309221,888,0,1051,1030,535,1001
3813,78319221,811,0,1068,1047,588,1049
3814,78329221,744,0,1082,1066,651,1099
3815,78339221,675,0,1092,1083,699,1142
3816,78349221,597,0,1100,1100,756,1181
3817,78359221,494,0,1113,1125,815,1215
3818,78369221,475,0,1115,1146,866,1252
3819,78379221,408,0,1119,1164,919,1284
3820,78389221,332,0,1127,1180,980,1320
3821,78399221,272,0,1130,1197,1035,1362
3822,78409221,212,0,1135,1210,1082,1395
3823,78419220,152,0,1086,1178,1055,1402
3824,78429221,91,0,1141,1237,1186,1459
3825,78439221,40,0,1144,1245,1221,1493
3826,78449221,0,0,1144,1254,1257,1527
3827,78459221,0,0,1142,1260,1296,1558
3828,78469221,0,0,1139,1269,1335,0
3829,78479221,0,0,1129,1250,1292,0
3830,78489221,0,0,1119,1282,1399,0
3831,78499221,0,0,1108,1285,1421,0
3832,78509221,0,0,1087,1287,1435,0
3833,78519221,0,0,1065,1287,1450,0
3834,78529221,0,0,1038,1284,1462,0
3835,78539221,0,0,999,1277,1473,1745
3836,78549221,0,0,967,1273,1484,1763
3837,78559221,0,0,918,1266,1493,1783
3838,78569221,0,0,849,1254,1498,1804
3839,78579221,0,0,789,1239,1503,1827
3840,78589221,0,0,743,1221,1500,1844
3841,78599221,0,0,712,1196,1494,1863
3842,78609221,0,0,649,1167,1478,1878
3843,78619221,0,0,601,1136,1446,0
3844,78629221,0,0,553,1105,1396,0
3845,78639221,0,0,523,1071,1324,0
3846,78649221,0,0,501,1044,1215,1925
3847,78659221,0,0,470,1002,1069,1937
3848,78669221,0,0,463,964,883,1940
3849,78679221,0,0,472,939,640,1933
3850,78689221,0,0,484,898,373,1914
3851,78699221,0,0,484,844,183,1878
3852,78709221,0,0,472,787,29,1819
3853,78719221,0,0,443,724,0,1720
3854,78729221,0,0,418,666,0,1613
3855,78739221,0,0,378,602,0,1511
3856,78749221,0,0,336,503,0,1367
3857,78759221,0,0,294,416,0,1207
3858,78769221,0,44,268,328,0,990
3859,78779221,0,77,226,237,0,665
3860,78789221,0,75,140,120,0,442
3861,78799221,0,67,118,74,0,504
3862,78809221,0,46,94,52,0,556
3863,78819221,0,37,61,33,0,560
3864,78829221,0,42,53,22,0,469
3865,78839221,0,42,39,18,0,353
3866,78849221,0,41,36,15,0,291
3867,78859221,0,35,38,19,0,228
3868,78869220,0,9,27,13,0,170
3869,78879221,0,23,51,33,0,112
3870,78889221,0,22,58,45,0,62
3871,78899221,0,18,69,55,0,36
3872,78909221,0,11,74,60,0,5
3873,78919221,0,5,77,72,0,0
3874,78929221,0,1,82,74,0,0
3875,78939221,0,0,81,74,0,0
3876,78949221,0,0,83,72,0,0
3877,78959221,0,0,83,68,0,0
3878,78969221,0,0,86,63,0,0
3879,78979221,0,0,86,60,0,0
3880,78989221,0,0,84,61,0,0
3881,78999220,0,0,74,60,0,0
3882,79009221,0,0,59,60,0,0
3883,79019221,0,0,54,59,0,0
3884,79029221,0,0,51,62,0,0
3885,79039221,0,0,48,62,0,0
3886,79049221,0,0,42,67,0,0
3887,79059221,0,0,40,62,0,0
3888,79069221,0,0,38,60,0,0
3889,79079221,0,0,36,54,0,0
3890,79089221,0,0,30,60,0,0
3891,79099221,0,0,28,44,0,2
3892,79109221,0,0,18,23,0,0
3893,79119221,0,0,8,11,1,0
3894,79129220,0,12,3,2,0,0
3895,79139221,0,84,10,10,0,0
3896,79149221,0,126,11,1,0,0
3897,79159221,25,0,18,2,0,0
3898,79169221,149,0,24,2,0,0
3899,79179221,344,685,39,0,0,0
3900,79189221,565,861,54,0,0,0
3901,79199221,733,898,50,0,0,0
3902,79209221,902,1096,45,0,0,0
3903,79219221,1064,1212,44,0,0,0
3904,79229221,1208,1316,45,0,0,0
3905,79239221,1334,1396,64,0,0,0
3906,79249221,1414,1453,105,16,0,0
3907,79259221,1457,1495,142,37,0,0
3908,79269221,1485,1523,193,79,0,0
3909,79279221,1504,1540,275,136,0,0
3910,79289221,1513,1551,340,199,0,0
3911,79299221,1520,1559,387,243,0,35
3912,79309221,1544,1576,435,284,0,137
3913,79319221,1565,1588,483,331,0,234
3914,79329221,1588,1606,529,360,0,311
3915,79339221,1608,1621,564,386,0,377
3916,79349221,1621,1632,595,404,4,403
3917,79359221,1627,1640,609,423,21,445
3918,79369221,1637,1646,624,444,51,474
3919,79379221,1643,1650,637,462,74,502
3920,79389221,1643,1651,651,481,101,527
3921,79399221,1645,1650,661,489,135,545
3922,79409221,1642,1644,667,506,187,564
3923,79419221,1637,1641,679,510,217,580
3924,79429221,1629,1631,675,521,261,612
3925,79439221,1614,1623,683,527,299,618
3926,79449221,1608,1610,685,531,321,627
3927,79459221,1603,1605,689,534,337,635
3928,79469221,1598,1594,695,540,366,640
3929,79479221,1581,1584,707,557,407,663
3930,79489221,1564,1573,715,563,453,704
3931,79499221,1546,1555,722,584,494,765
3932,79509221,1520,1526,728,603,560,819
3933,79519221,1506,1511,734,628,616,866
3934,79529221,1491,1498,742,654,659,910
3935,79539221,1482,1481,750,673,695,936
3936,79549221,1470,1473,760,686,729,969
3937,79559221,1462,1461,770,699,759,1004
3938,79569221,1458,1453,777,719,790,1061
3939,79579221,1452,1443,782,731,819,1104
3940,79589221,1444,1434,789,747,850,1152
3941,79599221,1434,1418,797,755,876,1119
3942,79609221,1421,1400,805,772,905,1237
3943,79619221,1405,1380,818,788,928,1269
3944,79629221,1387,1351,814,803,954,1296
3945,79639221,1356,1321,823,825,987,1322
3946,79649221,1320,1291,830,838,1015,1346
3947,79659221,1292,1251,835,869,1044,1376
3948,79669221,1258,1209,844,883,1067,1399
3949,79679221,1224,0,859,913,1094,1420
3950,79689221,1186,0,868,931,1113,1442
3951,79699221,1132,0,876,954,1132,1460
3952,79709221,1068,0,889,981,1159,1480
3953,79719221,981,0,896,997,1180,1497
3954,79729221,868,0,886,958,1191,1517
3955,79739221,759,0,925,1046,1207,1531
3956,79749221,606,0,943,1083,1225,0
3957,79759221,418,0,955,1104,1240,0
3958,79769221,229,0,961,1128,1254,0
3959,79779221,57,0,964,1155,1270,0
3960,79789221,0,0,949,1176,1287,1657
3961,79799221,0,0,921,1186,1291,1684
3962,79809221,0,0,847,1189,1282,1705
3963,79819221,0,0,759,1173,1244,1728
3964,79829221,0,0,691,1135,1165,1747
3965,79839221,0,0,640,1091,1037,1765
3966,79849221,0,0,560,1016,925,1777
3967,79859221,0,0,448,899,647,1751
3968,79869221,0,0,463,848,434,1783
3969,79879221,0,0,438,741,166,1761
3970,79889221,0,0,420,669,8,1705
3971,79899221,0,0,405,603,0,1607
3972,79909221,0,0,394,536,0,1471
3973,79919221,0,0,375,477,0,1320
3974,79929220,0,0,346,413,0,1139
3975,79939221,0,21,310,334,0,823
3976,79949221,0,0,253,220,0,365
3977,79959221,0,60,194,115,0,244
3978,79969221,0,60,197,106,0,317
3979,79979221,0,45,184,88,0,397
3980,79989221,0,20,159,77,0,341
3981,79999221,0,46,150,69,0,268
3982,80009221,1,40,139,58,0,213
3983,80019221,0,31,133,54,0,152
3984,80029221,0,26,131,55,0,71
3985,80039221,0,22,134,62,0,21
3986,80049221,0,15,136,73,0,0
3987,80059221,0,6,135,76,0,0
3988,80069221,0,0,129,85,0,0
3989,80079221,0,0,124,85,0,0
3990,80089221,0,0,120,88,0,0
3991,80099221,0,0,117,90,0,0
3992,80109221,0,0,115,91,0,0
3993,80119221,0,0,115,93,0,0
3994,80129221,0,0,110,96,0,0
3995,80139221,0,0,109,100,0,0
3996,80149221,0,0,107,99,0,0
3997,80159221,0,0,109,99,0,0
3998,80169221,0,0,111,96,0,0
3999,80179221,0,0,108,91,0,0
4000,80189221,0,0,101,84,0,0
4001,80199221,0,0,98,76,0,0
4002,80209221,0,0,97,74,0,0
4003,80219221,0,0,102,74,0,0
4004,80229221,0,0,108,75,0,0
4005,80239221,0,0,115,80,0,0
4006,80249221,0,0,120,86,0,0
4007,80259221,0,0,121,89,0,0
4008,80269221,0,0,118,83,0,0
4009,80279221,0,0,108,79,0,0
4010,80289221,0,0,106,76,0,0
4011,80299221,0,0,101,78,0,0
4012,80309221,0,0,92,72,0,0
4013,80319220,0,8,61,18,0,0
4014,80329221,88,0,93,11,0,0
4015,80339221,371,607,87,0,0,0
4016,80349221,717,884,86,0,0,0
4017,80359221,937,1066,82,0,0,0
4018,80369221,1064,1165,78,0,0,0
4019,80379221,1162,1244,83,0,0,0
4020,80389221,1276,1332,95,0,0,0
4021,80399221,1362,1400,106,0,0,0
4022,80409221,1428,1451,122,2,0,0
4023,80419221,1462,1489,149,15,0,0
4024,80429221,1484,1507,167,49,0,0
4025,80439221,1494,1515,222,86,0,0
4026,80449221,1411,1522,344,181,0,0
4027,80459221,1508,1544,419,276,0,0
4028,80469221,1517,1552,538,375,0,0
4029,80479221,1528,1562,628,476,0,0
4030,80489221,1546,1572,701,537,0,48
4031,80499221,1557,1581,766,610,0,109
4032,80509221,1566,1588,813,686,0,170
4033,80519221,1573,1592,862,734,0,272
4034,80529221,1569,1592,900,781,0,332
4035,80539221,1563,1587,936,821,0,387
4036,80549221,1554,1576,962,866,0,454
4037,80559221,1540,1568,988,901,0,492
4038,80569221,1520,1555,1005,935,15,541
4039,80579221,1505,1537,1031,964,58,579
4040,80589221,1481,1512,1046,986,86,613
4041,80599221,1452,1483,1056,1003,126,647
4042,80609221,1429,1446,1066,1019,163,675
4043,80619221,1396,1401,1068,1035,191,706
4044,80629221,1367,1355,1070,1043,227,730
4045,80639221,1327,0,1074,1045,267,750
4046,80649221,1287,0,1076,1054,300,780
4047,80659221,1241,0,1079,1065,335,798
4048,80669221,1194,0,1081,1074,383,813
4049,80679221,1161,0,1083,1080,420,846
4050,80689221,1125,0,1084,1089,456,870
4051,80699221,1095,0,1085,1097,493,892
4052,80709221,1000,0,1090,1108,525,917
4053,80719221,1043,0,1091,1113,563,942
4054,80729221,1013,0,1094,1118,605,963
4055,80739221,990,0,1097,1124,628,990
4056,80749221,965,0,1103,1135,670,1018
4057,80759221,940,0,1109,1146,703,1052
4058,80769221,856,0,1114,1161,743,1082
4059,80779221,899,0,1120,1174,794,1108
4060,80789221,872,0,1127,1191,838,1132
4061,80799221,845,0,1143,1199,874,1163
4062,80809221,808,0,1142,1212,910,1191
4063,80819221,755,0,1146,1232,954,1222
4064,80829221,694,0,1155,1241,990,1255
4065,80839221,563,0,1164,1257,1036,1290
4066,80849221,527,0,1170,1272,1077,1317
4067,80859221,416,0,1166,1291,1119,1338
4068,80869221,318,0,1176,1312,1154,1380
4069,80879221,194,0,1178,1329,1193,1408
4070,80889221,87,279,1190,1351,1236,1440
4071,80899221,1,174,1196,1365,1268,1470
4072,80909221,0,86,1204,1384,1301,1514
4073,80919221,0,4,1209,1400,1326,1562
4074,80929221,0,0,1210,1417,1369,1599
4075,80939221,0,0,1201,1431,1401,1642
4076,80949221,0,0,1188,1445,1433,1689
4077,80959221,0,0,1173,1454,1453,4
4078,80969221,0,0,1141,1455,1467,0
4079,80979221,0,0,1098,1467,1477,0
4080,80989221,0,0,1043,1463,1469,0
4081,80999221,0,0,965,1452,1456,914
4082,81009221,0,0,879,1432,1421,1864
4083,81019221,0,0,836,1400,1365,1886
4084,81029221,0,0,744,1362,1265,1911
4085,81039221,0,0,675,1309,1147,1927
4086,81049221,0,0,658,1240,1029,1941
4087,81059221,0,0,629,1186,835,1943
4088,81069221,0,0,593,1114,565,1932
4089,81079221,0,0,557,1037,344,1907
4090,81089221,0,0,517,973,202,1860
4091,81099221,0,0,463,908,83,1779
4092,81109221,0,0,397,821,2,1691
4093,81119221,0,0,326,706,0,1574
4094,81129221,0,0,291,603,0,1395
4095,81139221,0,0,286,500,0,1198
4096,81149221,0,0,300,411,0,916
4097,81159221,0,0,279,303,0,424
4098,81169221,0,0,239,183,0,0
4099,81179221,0,0,203,117,0,36
4100,81189221,0,0,204,119,0,91
4101,81199221,0,0,192,108,0,91
4102,81209221,0,0,153,79,0,53
4103,81219221,0,0,137,67,0,9
4104,81229221,0,0,108,46,0,0
4105,81239221,0,0,84,41,0,0
4106,81249221,0,0,77,37,0,0
4107,81259221,0,0,69,27,0,0
4108,81269221,0,0,64,27,0,0
4109,81279221,0,0,67,29,0,0
4110,81289221,0,0,74,37,0,0
4111,81299221,0,0,75,43,0,0
4112,81309221,0,0,80,45,0,0
4113,81319221,0,0,86,53,0,0
4114,81329221,0,0,95,55,0,0
4115,81339221,0,0,105,55,0,0
4116,81349221,0,0,116,58,0,0
4117,81359221,0,0,120,64,0,0
4118,81369221,2,0,122,63,0,0
4119,81379221,0,0,126,63,0,0
4120,81389221,0,0,129,68,0,0
4121,81399221,0,0,136,72,0,0
4122,81409221,0,0,137,76,0,0
4123,81419221,0,0,135,78,0,0
4124,81429221,0,0,122,72,0,0
4125,81439221,0,0,79,64,0,0
4126,81449221,0,0,88,65,0,0
4127,81459221,0,0,82,68,0,0
4128,81469221,0,0,74,66,0,0
4129,81479221,2,0,65,63,0,0
4130,81489221,0,0,67,60,0,0
4131,81499221,0,0,70,58,0,0
4132,81509220,0,0,75,58,0,0
4133,81519221,0,0,82,58,0,0
4134,81529221,0,0,90,69,0,0
4135,81539221,0,0,96,73,0,0
4136,81549221,0,0,101,75,0,0
4137,81559221,0,0,103,71,0,0
4138,81569221,0,0,103,52,0,0
4139,81579221,0,26,98,23,0,0
4140,81589221,27,0,92,19,0,0
4141,81599221,147,0,96,13,0,0
4142,81609221,515,727,103,0,0,0
4143,81619221,831,1004,101,0,0,0
4144,81629221,965,1152,105,0,0,0
4145,81639221,1142,1257,104,0,0,0
4146,81649221,1240,1341,103,0,0,0
4147,81659221,1326,1421,123,0,0,0
4148,81669221,1402,1490,160,10,0,0
4149,81679221,1459,1551,219,53,0,0
4150,81689221,1474,1465,292,88,0,0
4151,81699221,1523,0,463,249,0,0
4152,81709221,1528,0,584,380,0,0
4153,81719221,1527,0,693,507,0,0
4154,81729221,1527,1596,793,605,0,0
4155,81739221,1528,1605,857,697,0,0
4156,81749221,1530,1604,915,775,0,0
4157,81759221,1539,1606,953,825,0,39
4158,81769221,1544,1606,984,877,0,91
4159,81779221,1535,1599,1015,923,0,170
4160,81789221,1520,1583,1048,972,0,259
4161,81799221,1496,1559,1069,1015,0,341
4162,81809221,1459,1518,1094,1059,0,399
4163,81819220,1414,1459,1109,1098,22,464
4164,81829221,1365,1388,1125,1129,56,529
4165,81839221,1308,1339,1137,1150,88,590
4166,81849221,1255,1294,1147,1171,106,639
4167,81859221,1196,1249,1160,1195,134,663
4168,81869221,1140,744,1166,1214,160,712
4169,81879221,1089,0,1171,1232,199,740
4170,81889221,1035,0,1174,1242,236,775
4171,81899221,982,0,1176,1251,270,805
4172,81909221,948,0,1177,1259,311,843
4173,81919221,919,0,1179,1262,347,855
4174,81929221,888,0,1179,1266,380,877
4175,81939221,868,0,1180,1270,413,902
4176,81949220,835,0,1126,1225,396,893
4177,81959221,839,0,1181,1276,471,941
4178,81969221,827,0,1181,1280,496,967
4179,81979221,815,0,1184,1287,538,990
4180,81989221,801,0,1186,1292,579,1008
4181,81999221,788,0,1188,1299,611,1031
4182,82009221,775,0,1190,1305,647,1045
4183,82019220,737,0,1137,1262,625,1046
4184,82029221,733,0,1195,1317,711,1086
4185,82039221,695,0,1198,1324,754,1110
4186,82049221,657,0,1204,1331,788,1138
4187,82059221,598,0,1207,1337,825,1162
4188,82069221,538,0,1210,1352,858,1189
4189,82079221,475,0,1212,1353,899,1210
4190,82089221,364,0,1192,1359,936,1236
4191,82099221,312,0,1219,1367,980,1254
4192,82109221,221,0,1222,1372,1027,1275
4193,82119221,137,0,1224,1380,1065,1299
4194,82129221,61,0,1224,1391,1104,1319
4195,82139221,0,0,1226,1401,1146,1351
4196,82149221,0,0,1228,1416,1189,1369
4197,82159221,0,0,1230,1425,1228,1389
4198,82169221,0,0,1228,1433,1264,1410
4199,82179221,0,0,1224,1438,1291,1440
4200,82189221,0,0,1214,1449,1311,1461
4201,82199221,0,0,1199,1456,1342,1481
4202,82209221,0,0,1176,1465,1359,1503
4203,82219221,0,0,1140,1465,1391,1526
4204,82229221,0,0,1100,1459,1411,1556
4205,82239221,0,0,1048,1458,1423,1576
4206,82249221,0,0,987,1445,1418,1594
4207,82259221,0,0,891,1409,1393,1612
4208,82269221,0,0,821,1377,1337,1624
4209,82279221,0,0,793,1322,1252,1631
4210,82289221,0,0,728,1234,1134,1652
4211,82299221,0,0,647,1128,1013,1644
4212,82309221,0,0,580,1040,892,1640
4213,82319221,0,0,524,941,672,1601
4214,82329221,0,0,421,814,436,1570
4215,82339221,0,0,361,696,285,1489
4216,82349221,0,0,312,582,137,1315
4217,82359221,0,0,259,504,74,1274
4218,82369221,0,0,220,430,0,1171
4219,82379221,0,0,184,366,0,1009
4220,82389221,0,0,169,307,0,766
4221,82399221,0,0,158,249,0,423
4222,82409221,0,0,151,155,0,27
4223,82419221,0,0,140,88,0,0
4224,82429221,0,0,135,73,0,0
4225,82439221,0,0,146,86,0,0
4226,82449221,0,0,144,80,0,0
4227,82459221,0,0,137,66,0,0
4228,82469221,0,0,125,62,0,0
4229,82479220,0,0,93,36,0,0
4230,82489221,0,0,100,45,0,0
4231,82499221,0,0,93,40,0,0
4232,82509221,0,0,88,39,0,0
4233,82519221,0,0,84,33,0,0
4234,82529221,0,0,83,29,0,0
4235,82539221,0,0,81,26,0,0
4236,82549221,0,0,84,25,0,0
4237,82559221,0,0,84,24,0,0
4238,82569221,0,0,87,23,0,0
4239,82579221,0,0,93,23,0,0
4240,82589221,0,0,77,25,0,0
4241,82599221,0,0,67,14,0,0
4242,82609221,0,0,58,9,0,0
4243,82619221,0,0,55,9,0,0
4244,82629221,0,0,44,4,0,0
4245,82639221,0,0,50,5,0,0
4246,82649221,0,0,44,5,0,0
4247,82659221,0,0,41,5,0,0
4248,82669221,0,0,43,4,0,0
4249,82679221,0,0,35,5,0,0
4250,82689221,0,0,43,8,0,0
4251,82699221,0,0,41,7,0,0
4252,82709221,0,0,41,7,0,0
4253,82719221,0,0,41,8,0,0
4254,82729221,0,0,39,6,0,0
4255,82739221,0,0,39,7,0,0
4256,82749221,0,0,43,8,0,0
4257,82759221,0,0,43,9,0,0
4258,82769221,0,0,49,16,0,0
4259,82779221,0,0,54,29,0,0
4260,82789221,0,0,61,33,0,0
4261,82799221,0,0,74,38,0,0
4262,82809220,0,0,72,36,0,0
4263,82819221,0,0,104,53,0,0
4264,82829221,0,0,111,61,0,0
4265,82839221,0,0,113,70,0,0
4266,82849221,0,0,120,71,0,0
4267,82859221,0,0,127,65,0,0
4268,82869221,0,0,124,54,0,0
4269,82879221,3,0,127,48,0,0
4270,82889221,0,0,125,40,0,0
4271,82899221,0,0,119,35,0,0
4272,82909221,0,0,121,30,0,0
4273,82919221,0,0,120,23,0,0
4274,82929221,0,0,134,35,0,0
4275,82939221,0,0,148,44,0,0
4276,82949221,13,231,162,57,0,0
4277,82959221,113,440,234,116,0,0
4278,82969221,263,613,355,226,0,0
4279,82979221,467,748,514,367,0,0
4280,82989221,599,866,668,531,0,0
4281,82999220,693,0,790,639,0,0
4282,83009221,771,0,954,794,0,0
4283,83019221,837,0,1038,876,0,19
4284,83029221,900,0,1103,948,0,43
4285,83039221,954,0,1151,1005,0,77
4286,83049221,992,0,1194,1054,0,105
4287,83059221,1028,0,1147,1079,0,140
4288,83069221,1063,0,1253,1139,0,183
4289,83079221,1095,0,1273,1164,0,221
4290,83089221,1115,0,1291,1191,0,266
4291,83099221,1132,0,1304,1207,0,290
4292,83109221,1140,0,1314,1224,0,308
4293,83119221,1140,0,1320,1237,0,336
4294,83129221,1141,0,1330,1244,0,359
4295,83139221,1134,0,1333,1252,0,379
4296,83149221,1118,0,1337,1259,0,397
4297,83159221,1098,0,1340,1266,2,417
4298,83169221,1068,0,1341,1270,14,444
4299,83179221,1044,0,1349,1274,23,473
4300,83189220,1015,0,1351,1281,39,503
4301,83199221,988,0,1352,1288,52,530
4302,83209221,965,0,1354,1290,61,551
4303,83219221,939,0,1355,1294,94,571
4304,83229221,911,0,1356,1298,117,587
4305,83239221,883,0,1358,1299,142,616
4306,83249221,832,0,1331,1226,164,644
4307,83259221,815,0,1363,1307,184,676
4308,83269221,786,0,1365,1310,220,700
4309,83279221,746,0,1366,1314,252,741
4310,83289221,723,0,1367,1317,295,778
4311,83299221,706,0,1368,1320,328,802
4312,83309221,667,0,1337,1246,360,828
4313,83319221,661,0,1369,1324,400,854
4314,83329221,633,0,1369,1327,428,869
4315,83339221,599,0,1370,1328,462,887
4316,83349221,573,0,1370,1329,490,907
4317,83359221,549,0,1369,1332,513,923
4318,83369221,509,0,1369,1332,540,938
4319,83379221,473,0,1339,1259,553,957
4320,83389221,444,0,1368,1336,603,978
4321,83399221,406,0,1367,1337,645,997
4322,83409221,359,0,1367,1338,677,1013
4323,83419221,309,725,1366,1337,706,1039
4324,83429221,248,673,1366,1338,733,1059
4325,83439221,216,632,1365,1340,764,1078
4326,83449221,158,586,1365,1343,796,1099
4327,83459221,109,549,1365,1349,827,1120
4328,83469221,69,517,1366,1352,865,1143
4329,83479221,33,465,1367,1356,894,1164
4330,83489221,1,410,1367,1360,931,1195
4331,83499221,0,360,1365,1364,968,1215
4332,83509221,0,265,1363,1368,1013,1241
4333,83519221,0,184,1357,1371,1035,1255
4334,83529221,0,97,1350,1376,1070,1274
4335,83539221,0,11,1335,1379,1106,1289
4336,83549221,0,0,1304,1383,1134,1295
4337,83559221,0,0,1273,1383,1173,1305
4338,83569221,0,0,1232,1378,1207,1308
4339,83579221,0,0,1174,1366,1228,1311
4340,83589221,0,0,1108,1339,1248,1310
4341,83599221,0,0,1034,1304,1262,1316
4342,83609221,0,0,925,1242,1256,1332
4343,83619221,0,0,823,1162,1221,1351
4344,83629221,0,0,737,1059,1177,1369
4345,83639221,0,0,595,949,990,1374
4346,83649221,0,0,584,835,962,1372
4347,83659221,0,0,481,683,786,1326
4348,83669221,0,0,375,506,530,1270
4349,83679221,0,0,285,392,346,1143
4350,83689221,0,0,231,328,237,1006
4351,83699220,0,0,151,243,108,768
4352,83709221,0,0,130,185,0,415
4353,83719221,0,0,89,119,0,0
4354,83729221,0,0,70,84,5,0
4355,83739221,0,0,67,40,0,0
4356,83749221,0,0,72,36,0,0
4357,83759221,0,0,82,38,0,0
4358,83769221,0,0,88,35,0,0
4359,83779221,0,0,82,36,0,0
4360,83789221,0,0,77,42,0,0
4361,83799221,0,0,81,41,0,0
4362,83809221,0,0,84,45,0,0
4363,83819221,0,0,84,40,0,0
4364,83829221,0,0,75,24,0,0
4365,83839221,0,0,77,22,0,0
4366,83849221,0,0,68,19,0,0
4367,83859221,0,0,61,11,0,0
4368,83869221,0,0,52,11,0,0
4369,83879221,0,0,47,2,0,0
4370,83889221,0,0,14,0,0,0
4371,83899221,0,0,22,0,0,0
4372,83909221,0,0,8,0,0,0
4373,83919221,0,0,2,0,0,0
4374,83929221,0,0,0,0,0,0
4375,83939221,0,0,0,0,0,0
4376,83949221,0,0,0,0,0,0
4377,83959221,0,0,7,0,0,0
4378,83969221,0,0,0,0,0,0
4379,83979221,0,0,1,0,0,0
4380,83989221,0,0,4,0,0,0
4381,83999221,0,0,8,0,0,0
4382,84009221,0,0,10,0,0,0
4383,84019220,0,0,15,0,0,0
4384,84029221,0,0,11,0,0,0
4385,84039221,0,0,9,0,0,0
4386,84049221,0,0,7,1,0,0
4387,84059221,0,0,7,1,0,0
4388,84069221,0,0,7,2,0,0
4389,84079221,0,0,7,2,0,0
4390,84089221,0,0,5,2,0,0
4391,84099221,0,0,5,10,0,0
4392,84109221,0,0,10,5,0,0
4393,84119221,0,0,7,4,0,0
4394,84129221,0,0,15,10,0,0
4395,84139221,0,0,29,9,0,0
4396,84149221,0,0,38,17,0,0
4397,84159221,0,0,40,17,0,0
4398,84169221,0,0,55,26,0,0
4399,84179221,0,0,44,27,0,0
4400,84189221,0,0,55,13,0,0
4401,84199221,0,0,75,13,0,0
4402,84209221,62,0,75,6,0,0
4403,84219221,274,592,84,0,0,0
4404,84229221,640,904,85,0,0,0
4405,84239221,922,1112,86,0,0,0
4406,84249221,1083,1242,94,0,0,0
4407,84259221,1201,1345,110,0,0,0
4408,84269221,1326,1448,137,0,0,0
4409,84279220,1432,1526,179,23,0,0
4410,84289221,1493,1579,266,74,0,0
4411,84299221,1514,1611,403,177,0,0
4412,84309221,1528,1617,526,278,0,0
4413,84319221,1520,0,627,409,0,0
4414,84329221,1514,0,720,519,0,0
4415,84339221,1511,0,809,614,0,0
4416,84349221,1514,0,876,708,0,0
4417,84359221,1513,1617,922,777,0,0
4418,84369221,1516,1618,954,825,0,53
4419,84379221,1517,1615,984,859,0,107
4420,84389221,1504,1602,1009,898,0,168
4421,84399221,1484,1579,1038,939,0,266
4422,84409221,1359,1540,1067,981,0,333
4423,84419221,1392,1503,1086,1032,31,411
4424,84429221,1323,1449,1107,1071,81,465
4425,84439221,1245,1374,1122,1107,122,537
4426,84449221,1187,0,1140,1131,168,599
4427,84459221,1121,0,1158,1161,218,648
4428,84469221,982,0,1145,1191,288,698
4429,84479221,947,0,1176,1212,360,751
4430,84489221,879,0,1182,1231,407,799
4431,84499221,788,0,1188,1244,471,838
4432,84509221,702,0,1193,1258,533,867
4433,84519221,629,0,1197,1274,588,887
4434,84529220,552,0,1148,1240,578,897
4435,84539221,492,0,1207,1303,685,957
4436,84549221,431,0,1211,1310,742,987
4437,84559221,371,0,1213,1319,794,1025
4438,84569221,317,0,1216,1323,827,1061
4439,84579221,283,0,1219,1330,860,1083
4440,84589221,250,0,1223,1332,892,1108
4441,84599221,221,0,1224,1335,932,1123
4442,84609221,182,0,1226,1339,969,1145
4443,84619221,147,0,1227,1345,1015,1170
4444,84629221,92,0,1227,1348,1053,1186
4445,84639221,57,0,1228,1352,1082,1206
4446,84649221,31,0,1230,1357,1107,1223
4447,84659221,9,0,1234,1364,1137,1239
4448,84669221,0,0,1232,1368,1171,1258
4449,84679221,0,0,1236,1373,1198,1275
4450,84689221,0,0,1236,1380,1229,1294
4451,84699221,0,0,1236,1384,1254,1315
4452,84709221,0,0,1238,1389,1273,1336
4453,84719221,0,0,1145,1376,1211,1348
4454,84729221,0,0,1240,1408,1320,1374
4455,84739221,0,0,1241,1419,1339,1390
4456,84749221,0,0,1241,1428,1365,1415
4457,84759221,0,0,1239,1432,1384,1437
4458,84769221,0,0,1235,1438,1403,1458
4459,84779221,0,0,1228,1446,1430,1480
4460,84789221,0,0,1215,1452,1449,1500
4461,84799221,0,0,1200,1460,1464,1518
4462,84809221,0,0,1179,1464,1484,1541
4463,84819221,0,0,1150,1468,1499,1556
4464,84829221,0,0,1123,1473,1513,1574
4465,84839221,0,0,1080,1469,1523,1586
4466,84849221,0,0,1017,1462,1531,1608
4467,84859221,0,0,945,1443,1540,1621
4468,84869221,0,0,857,1405,1543,1639
4469,84879221,0,0,785,1359,1530,1659
4470,84889221,0,0,723,1282,1513,1679
4471,84899221,0,0,628,1190,1477,1695
4472,84909221,0,0,523,1077,1393,1709
4473,84919221,0,0,419,936,1293,1721
4474,84929221,0,0,360,812,1149,1721
4475,84939221,0,0,281,691,983,1707
4476,84949221,0,0,204,589,777,1675
4477,84959221,0,0,120,495,653,1597
4478,84969221,0,0,61,406,489,1490
4479,84979221,0,0,28,324,342,1384
4480,84989220,0,0,11,235,212,1264
4481,84999221,0,0,0,166,70,1110
4482,85009221,0,0,0,110,0,857
4483,85019221,0,0,0,76,0,432
4484,85029221,0,0,0,29,0,11
4485,85039221,0,0,0,11,0,0
4486,85049221,0,0,0,22,0,11
4487,85059221,0,0,10,39,0,54
4488,85069221,0,0,25,52,0,17
4489,85079221,0,0,35,54,0,0
4490,85089221,0,0,40,53,0,0
4491,85099221,0,0,42,59,0,0
4492,85109220,0,0,30,47,0,0
4493,85119221,0,0,46,60,0,0
4494,85129221,0,0,42,57,0,0
4495,85139221,0,0,36,42,0,0
4496,85149221,0,0,23,28,0,0
4497,85159221,0,0,11,19,0,0
4498,85169221,0,0,3,6,0,0
4499,85179221,0,0,0,0,0,0
4500,85189221,0,0,0,0,0,0
4501,85199221,0,0,0,0,0,0
4502,85209221,0,0,0,0,0,0
4503,85219221,0,0,0,5,0,0
4504,85229221,0,0,0,3,0,0
4505,85239221,0,0,2,2,0,0
4506,85249221,0,0,6,3,0,0
4507,85259221,0,0,9,15,0,0
4508,85269221,0,0,11,20,2,0
4509,85279221,0,0,11,22,0,0
4510,85289221,0,0,10,26,0,3
4511,85299221,0,0,6,26,0,0
4512,85309221,0,0,5,27,0,0
4513,85319221,0,0,0,25,0,0
4514,85329221,0,0,0,24,0,0
4515,85339221,0,0,0,24,0,0
4516,85349221,0,0,1,22,0,0
4517,85359221,0,0,4,25,0,2
4518,85369221,0,0,10,23,0,2
4519,85379221,0,0,17,23,0,0
4520,85389221,0,0,28,24,0,0
4521,85399221,0,0,28,31,0,0
4522,85409221,0,0,28,32,0,0
4523,85419221,0,0,30,29,0,0
4524,85429221,0,1,30,24,0,0
4525,85439221,0,0,8,9,0,0
4526,85449221,0,0,36,8,0,0
4527,85459221,0,0,38,6,0,0
4528,85469221,99,0,37,0,0,0
4529,85479221,382,765,30,0,0,0
4530,85489221,751,1029,27,0,0,0
4531,85499221,957,1163,3,0,0,0
4532,85509221,1059,1234,26,0,0,0
4533,85519221,1153,1324,39,0,0,0
4534,85529221,1272,1405,53,0,0,0
4535,85539221,1378,1482,102,4,0,0
4536,85549221,1445,1543,170,56,0,0
4537,85559221,1477,1572,311,137,0,0
4538,85569221,1489,1590,378,232,0,0
4539,85579221,1476,1594,484,344,0,0
4540,85589221,1481,1594,572,432,0,0
4541,85599221,1490,1595,636,528,0,28
4542,85609221,1498,1600,683,571,0,104
4543,85619221,1514,1611,730,618,0,200
4544,85629221,1522,1625,694,653,0,269
4545,85639221,1536,1618,774,696,0,350
4546,85649221,1542,1613,799,717,13,405
4547,85659221,1527,1611,813,732,51,453
4548,85669221,1513,1599,820,761,89,488
4549,85679221,1496,1584,842,781,116,523
4550,85689221,1466,1558,846,776,128,519
4551,85699221,1445,1534,866,805,205,579
4552,85709221,1421,1495,868,820,245,602
4553,85719221,1397,1456,875,821,290,629
4554,85729221,1372,1430,875,838,316,642
4555,85739221,1341,1408,877,842,347,654
4556,85749221,1314,1371,877,851,378,665
4557,85759221,1201,1324,882,860,423,685
4558,85769221,1240,755,884,870,467,720
4559,85779221,1201,0,888,889,526,749
4560,85789221,1154,0,893,910,572,791
4561,85799221,1112,0,897,926,629,826
4562,85809221,1069,0,904,939,695,868
4563,85819221,1027,0,907,958,741,898
4564,85829220,993,0,915,983,790,937
4565,85839221,944,0,921,993,840,986
4566,85849221,905,0,924,1006,881,1040
4567,85859221,862,0,928,1030,926,1082
4568,85869221,824,0,935,1050,971,1128
4569,85879221,770,0,942,1067,1018,1171
4570,85889221,708,0,882,1063,976,1177
4571,85899221,659,0,960,1100,1099,1240
4572,85909221,609,0,972,1118,1135,1266
4573,85919221,540,0,981,1133,1181,1297
4574,85929221,471,0,989,1158,1213,1326
4575,85939221,374,0,998,1174,1251,1363
4576,85949221,287,0,1004,1192,1288,1391
4577,85959221,197,0,1012,1208,1317,1428
4578,85969221,91,0,1017,1229,1342,1454
4579,85979221,28,0,1026,1242,1376,1485
4580,85989221,0,0,1032,1261,1401,1512
4581,85999221,0,0,1033,1285,1431,1547
4582,86009221,0,0,1020,1299,1454,1570
4583,86019220,0,0,999,1308,1481,1597
4584,86029221,0,0,956,1314,1507,1619
4585,86039221,0,0,899,1313,1521,1642
4586,86049221,0,0,825,1302,1534,1663
4587,86059221,0,0,743,1269,1540,1686
4588,86069221,0,0,657,1218,1538,1704
4589,86079221,0,0,587,1162,1516,1723
4590,86089221,0,0,513,1098,1484,1739
4591,86099221,0,0,443,1004,1419,1752
4592,86109221,0,0,359,895,1322,1766
4593,86119221,0,0,285,792,1180,1778
4594,86129221,0,0,248,724,1082,1786
4595,86139221,0,0,186,629,926,1783
4596,86149221,0,0,133,540,702,1769
4597,86159221,0,0,92,440,538,1720
4598,86169221,0,0,47,359,399,1651
4599,86179221,0,0,19,282,271,1560
4600,86189221,0,0,3,210,163,1435
4601,86199221,0,0,0,150,58,1284
4602,86209221,0,0,0,113,0,1143
4603,86219221,0,0,0,73,0,926
4604,86229221,0,0,0,35,0,594
4605,86239221,0,66,0,0,0,134
4606,86249221,0,66,0,0,0,108
4607,86259221,0,43,0,0,0,185
4608,86269221,0,16,0,0,0,221
4609,86279221,0,7,0,0,0,189
4610,86289220,0,20,0,0,0,131
4611,86299221,0,21,0,0,0,81
4612,86309221,0,15,0,0,0,50
4613,86319221,0,9,0,0,0,22
4614,86329221,0,9,0,0,0,1
4615,86339221,0,6,0,3,0,0
4616,86349221,0,5,0,10,0,0
4617,86359221,0,3,0,9,0,0
4618,86369221,0,0,0,16,0,0
4619,86379221,0,0,0,12,0,0
4620,86389221,0,0,0,8,0,0
4621,86399221,0,0,0,7,0,0
4622,86409221,0,0,0,4,0,0
4623,86419221,0,0,0,3,0,0
4624,86429221,0,0,0,2,0,0
4625,86439221,0,0,0,2,0,0
4626,86449221,0,0,0,4,0,0
4627,86459221,0,0,0,4,0,0
4628,86469221,0,0,0,7,0,0
4629,86479221,0,0,0,11,0,0
4630,86489221,0,0,0,11,0,0
4631,86499221,0,0,0,20,0,0
4632,86509221,0,0,0,24,0,0
4633,86519221,0,0,0,24,0,0
4634,86529221,0,0,0,24,0,0
4635,86539221,0,0,0,25,0,0
4636,86549221,0,0,0,18,0,0
4637,86559220,0,0,0,2,0,0
4638,86569221,0,0,0,2,0,0
4639,86579221,0,0,0,0,0,0
4640,86589221,0,0,0,1,0,0
4641,86599221,0,0,0,0,0,0
4642,86609221,0,0,0,0,0,0
4643,86619221,0,0,0,0,0,0
4644,86629221,0,0,0,5,0,0
4645,86639221,0,0,0,0,0,0
4646,86649221,0,75,0,0,0,0
4647,86659221,0,214,0,0,0,0
4648,86669221,29,361,0,0,0,0
4649,86679221,126,0,0,0,0,0
4650,86689221,228,268,0,0,0,0
4651,86699221,473,938,0,0,0,0
4652,86709221,679,1055,0,0,0,0
4653,86719221,885,1184,0,0,1,0
4654,86729221,1066,1275,0,0,0,0
4655,86739221,1179,1332,22,0,0,0
4656,86749221,1257,1368,102,23,0,0
4657,86759221,1292,1390,160,71,0,0
4658,86769221,1286,1391,233,133,0,3
4659,86779221,1263,1390,318,242,0,62
4660,86789221,1249,1386,374,314,0,207
4661,86799221,1243,1385,454,395,0,331
4662,86809221,1253,1391,529,465,6,437
4663,86819221,1270,1408,565,525,28,537
4664,86829221,1292,1434,612,569,77,604
4665,86839221,1309,1447,653,607,121,659
4666,86849221,1321,1457,683,656,161,715
4667,86859221,1331,1462,725,699,215,771
4668,86869221,1331,1468,760,741,251,0
4669,86879220,1330,1469,800,780,286,830
4670,86889221,1326,1470,837,810,330,874
4671,86899221,1325,1454,856,847,349,901
4672,86909221,1318,1453,874,869,376,930
4673,86919221,1307,1447,895,889,409,959
4674,86929221,1294,1422,913,911,463,990
4675,86939221,1200,1402,919,930,501,1021
4676,86949221,1252,1385,939,943,551,1055
4677,86959221,1226,1359,951,958,594,1076
4678,86969221,1194,1344,961,975,632,1087
4679,86979221,1156,1311,972,987,673,1119
4680,86989221,1103,1273,979,1001,717,1144
4681,86999221,1051,1239,990,1014,758,1180
4682,87009221,998,1191,998,1041,808,1225
4683,87019221,940,1149,1006,1052,869,1261
4684,87029221,873,0,1012,1069,917,1294
4685,87039221,811,0,1020,1079,954,1317
4686,87049221,762,0,1030,1097,984,1333
4687,87059221,730,0,1037,1110,1011,1352
4688,87069221,677,0,966,1098,949,1331
4689,87079221,649,0,1048,1129,1053,1377
4690,87089221,626,0,1052,1137,1065,1386
4691,87099221,622,0,1058,1155,1076,1391
4692,87109221,621,0,1058,1163,1085,1399
4693,87119221,621,0,1068,1175,1093,1403
4694,87129221,625,0,1080,1177,1099,1318
4695,87139221,620,0,1083,1191,1112,1407
4696,87149221,611,0,1087,1198,1124,1414
4697,87159221,596,0,1097,1211,1137,1418
4698,87169221,576,0,1102,1226,1159,1428
4699,87179221,548,0,1097,1233,1175,1438
4700,87189221,506,0,1109,1243,1191,1441
4701,87199221,473,0,1111,1251,1209,1454
4702,87209221,437,0,1113,1248,1232,1464
4703,87219221,408,0,1113,1259,1251,1470
4704,87229221,377,0,1119,1264,1271,1487
4705,87239221,334,0,1119,1273,1302,1501
4706,87249221,264,0,1122,1272,1327,1514
4707,87259220,178,0,1081,1209,1283,1447
4708,87269221,105,0,1115,1288,1366,1549
4709,87279221,41,0,1115,1289,1383,1561
4710,87289221,0,0,1108,1295,1399,1573
4711,87299221,0,0,1101,1298,1412,1585
4712,87309221,0,0,1085,1300,1422,1595
4713,87319221,0,0,1068,1302,1433,1607
4714,87329221,0,0,1047,1300,1437,1616
4715,87339221,0,0,1016,1299,1441,1627
4716,87349221,0,0,983,1296,1439,0
4717,87359221,0,0,946,1292,1433,1577
4718,87369221,0,0,888,1289,1415,1646
4719,87379221,0,0,836,1279,1386,1658
4720,87389220,0,0,808,1271,1340,1672
4721,87399221,0,0,804,1261,1275,1686
4722,87409221,0,0,753,1242,1196,1693
4723,87419221,2,0,720,1207,1091,1702
4724,87429221,0,0,684,1149,913,1709
4725,87439221,0,0,653,1081,713,1708
4726,87449221,0,0,612,1018,462,1688
4727,87459221,0,0,593,973,240,1636
4728,87469221,0,0,583,904,52,1557
4729,87479221,0,0,567,840,0,1426
4730,87489221,0,0,557,777,0,1316
4731,87499221,0,0,535,717,0,1196
4732,87509221,0,0,482,636,0,1035
4733,87519221,0,0,404,516,0,738
4734,87529221,0,13,349,422,0,351
4735,87539221,0,30,286,267,0,46
4736,87549221,0,29,236,166,0,75
4737,87559221,0,29,207,119,0,173
4738,87569221,0,18,173,82,0,243
4739,87579221,0,22,136,59,0,223
4740,87589220,0,26,109,44,0,154
4741,87599221,0,23,92,36,0,95
4742,87609221,0,18,77,31,0,38
4743,87619221,0,8,73,27,0,0
4744,87629221,0,2,76,34,0,0
4745,87639221,0,0,78,44,0,0
4746,87649221,0,0,81,49,0,0
4747,87659220,0,0,80,52,0,0
4748,87669221,0,0,79,65,0,0
4749,87679221,0,0,78,72,0,0
4750,87689221,0,0,61,69,0,0
4751,87699221,0,0,62,70,0,0
4752,87709221,0,0,56,67,0,0
4753,87719221,0,0,42,58,0,0
4754,87729221,0,0,53,62,0,0
4755,87739221,0,0,54,64,0,0
4756,87749221,0,0,51,60,0,0
4757,87759221,0,0,46,56,0,0
4758,87769221,0,0,43,48,0,0
4759,87779221,0,0,37,42,0,0
4760,87789221,0,0,30,43,0,0
4761,87799221,0,0,31,48,0,0
4762,87809221,0,0,37,58,0,0
4763,87819221,0,0,39,68,0,0
4764,87829221,0,0,37,71,0,0
4765,87839221,0,0,32,64,0,0
4766,87849221,0,0,21,34,0,0
4767,87859221,0,0,19,43,0,0
4768,87869221,0,0,11,36,0,0
4769,87879221,0,10,13,14,0,0
4770,87889221,0,96,17,7,0,0
4771,87899221,22,0,11,0,0,0
4772,87909220,133,0,13,0,0,0
4773,87919221,407,754,36,0,0,0
4774,87929221,670,946,47,0,0,0
4775,87939221,841,1068,49,0,0,0
4776,87949221,978,1160,49,0,0,0
4777,87959221,1102,1257,54,0,0,0
4778,87969221,1225,1341,70,0,0,0
4779,87979221,1319,1413,97,11,0,0
4780,87989221,1387,1459,124,30,0,0
4781,87999221,1435,1492,154,74,0,0
4782,88009221,1461,1509,229,116,0,0
4783,88019221,1480,1523,286,189,0,0
4784,88029221,1488,1532,348,249,0,0
4785,88039221,1494,1546,392,318,0,0
4786,88049221,1500,1559,449,383,0,0
4787,88059221,1511,1565,505,450,0,41
4788,88069221,1517,1573,581,517,0,95
4789,88079221,1524,1577,621,563,0,169
4790,88089221,1527,1579,677,624,0,239
4791,88099221,1529,1580,722,674,0,258
4792,88109221,1527,1580,762,713,0,344
4793,88119221,1526,1582,792,750,0,378
4794,88129221,1523,1579,820,773,0,422
4795,88139221,1516,1572,854,799,2,453
4796,88149221,1509,1563,876,821,13,476
4797,88159221,1500,1553,896,847,27,511
4798,88169221,1492,1544,918,870,64,537
4799,88179221,1482,1531,933,891,65,567
4800,88189221,1468,1524,944,903,84,586
4801,88199221,1459,1515,957,921,80,599
4802,88209221,1446,1507,970,933,93,610
4803,88219221,1434,1495,980,944,93,620
4804,88229221,1412,1480,920,930,78,609
4805,88239221,1399,1466,1004,970,124,636
4806,88249221,1384,1444,1010,983,137,651
4807,88259221,1369,0,1028,997,147,660
4808,88269221,1348,0,1040,1013,156,673
4809,88279221,1326,0,1049,1032,181,702
4810,88289221,1301,0,1054,1044,209,724
4811,88299221,1274,0,991,1036,189,733
4812,88309221,1266,0,1072,1066,258,774
4813,88319221,1255,0,1076,1078,277,789
4814,88329221,1245,0,1088,1094,294,810
4815,88339221,1237,0,1094,1105,328,825
4816,88349221,1218,0,1108,1117,390,862
4817,88359221,1198,0,1116,1130,442,901
4818,88369221,1174,0,1047,1126,447,915
4819,88379221,1160,1,1130,1156,557,980
4820,88389221,1132,0,1135,1166,619,1017
4821,88399221,1103,0,1141,1177,684,1052
4822,88409221,1063,0,1143,1191,741,1092
4823,88419221,1007,0,1147,1200,791,1137
4824,88429221,951,0,1149,1214,860,1181
4825,88439221,891,0,1154,1229,918,1223
4826,88449221,809,0,1158,1242,985,1267
4827,88459221,712,0,1159,1252,1059,1304
4828,88469221,588,0,1163,1266,1112,1343
4829,88479221,467,0,1163,1276,1172,1384
4830,88489221,319,607,1162,1286,1223,1413
4831,88499221,153,455,1163,1299,1275,1452
4832,88509221,19,305,1158,1311,1332,1487
4833,88519221,0,172,1159,1322,1386,1516
4834,88529221,0,51,1132,1328,1429,1553
4835,88539221,0,0,1113,1339,1463,1589
4836,88549221,0,0,1082,1350,1494,1621
4837,88559221,0,0,1004,1262,1510,0
4838,88569221,0,0,972,1339,1533,0
4839,88579221,0,0,888,1331,1551,0
4840,88589221,0,0,818,1320,1558,0
4841,88599221,0,0,749,1289,1560,0
4842,88609221,0,0,691,1246,1556,0
4843,88619221,0,0,598,1188,1528,1787
4844,88629221,0,0,523,1123,1494,1812
4845,88639221,0,0,460,1036,1424,1825
4846,88649221,0,0,412,925,1305,1839
4847,88659221,0,0,376,859,1142,1851
4848,88669221,0,0,339,803,959,1849
4849,88679221,0,0,312,748,694,1835
4850,88689221,0,0,285,674,396,1703
4851,88699221,0,0,264,641,264,1691
4852,88709221,0,0,230,593,96,1566
4853,88719221,0,0,229,536,0,1437
4854,88729221,0,0,241,455,0,1278
4855,88739221,0,0,248,379,0,1112
4856,88749221,0,0,263,327,0,865
4857,88759221,0,0,259,241,0,433
4858,88769221,0,11,236,170,0,0
4859,88779221,0,0,204,116,0,9
4860,88789221,0,0,199,109,0,80
4861,88799221,0,0,172,83,0,118
4862,88809221,0,0,155,67,0,51
4863,88819221,0,0,119,67,0,28
4864,88829221,0,0,110,58,0,21
4865,88839221,0,0,104,65,0,8
4866,88849221,0,0,100,62,0,0
4867,88859221,0,0,98,63,0,0
4868,88869221,0,0,100,69,0,0
4869,88879221,0,0,101,75,0,0
4870,88889220,0,0,86,64,0,0
4871,88899221,0,0,110,86,0,0
4872,88909221,0,0,115,87,0,0
4873,88919221,0,0,122,87,0,0
4874,88929221,0,0,130,94,0,4
4875,88939221,0,0,133,96,0,6
4876,88949220,0,0,109,79,0,2
4877,88959221,0,0,138,99,0,10
4878,88969221,0,0,142,104,0,19
4879,88979221,0,0,148,107,0,34
4880,88989221,0,0,146,107,0,31
4881,88999221,0,0,134,91,0,30
4882,89009221,0,0,109,77,0,14
4883,89019221,0,0,90,68,0,52
4884,89029221,0,0,76,61,0,73
4885,89039221,0,0,76,68,0,99
4886,89049221,0,0,83,71,0,119
4887,89059221,0,0,83,71,0,126
4888,89069221,0,0,87,73,0,139
4889,89079221,0,0,89,74,0,127
4890,89089221,0,0,100,84,0,103
4891,89099221,0,0,104,93,0,84
4892,89109221,0,0,108,92,0,41
4893,89119221,0,0,108,91,0,18
4894,89129221,0,0,105,65,0,0
4895,89139221,0,51,98,29,0,0
4896,89149221,90,0,102,16,0,0
4897,89159221,348,569,89,0,0,0
4898,89169221,680,863,87,0,0,0
4899,89179221,901,1042,80,0,0,0
4900,89189221,1012,1132,66,0,0,0
4901,89199221,1109,1220,76,0,0,0
4902,89209221,1196,1211,94,0,0,0
4903,89219221,1324,1401,124,3,0,0
4904,89229221,1404,1479,166,24,0,0
4905,89239221,1463,1529,252,74,0,0
4906,89249221,1487,1561,381,156,0,0
4907,89259221,1489,1567,473,250,0,0
4908,89269221,1468,1561,594,393,0,0
4909,89279221,1454,1558,690,501,0,0
4910,89289221,1453,1554,761,604,0,0
4911,89299221,1458,1549,824,694,0,40
4912,89309221,1464,1550,871,763,0,109
4913,89319221,1470,1552,907,809,0,185
4914,89329221,1469,1548,938,854,0,278
4915,89339221,1455,1527,969,902,0,344
4916,89349221,1441,1493,1000,941,1,421
4917,89359221,1417,1459,1034,977,32,476
4918,89369221,1384,1427,1057,1002,82,533
4919,89379221,1353,1397,1076,1033,109,589
4920,89389221,1322,1378,1089,1057,139,630
4921,89399221,1276,1252,1075,1008,157,662
4922,89409221,1279,1340,1110,1093,173,684
4923,89419221,1261,1333,1114,1104,197,698
4924,89429221,1243,1319,1121,1113,216,715
4925,89439221,1211,1303,1128,1125,237,732
4926,89449221,1180,1274,1132,1134,265,757
4927,89459221,1137,0,1067,1134,238,754
4928,89469221,1098,0,1144,1173,299,795
4929,89479221,1057,0,1152,1183,332,810
4930,89489221,1023,0,1160,1195,344,826
4931,89499221,996,0,1169,1210,359,841
4932,89509221,968,0,1175,1222,368,849
4933,89519221,940,0,1181,1234,380,857
4934,89529220,899,0,1135,1194,350,852
4935,89539221,886,0,1196,1258,417,881
4936,89549221,852,0,1203,1272,436,902
4937,89559221,810,0,1209,1286,450,925
4938,89569221,772,0,1219,1298,482,955
4939,89579221,731,0,1229,1308,514,980
4940,89589221,688,0,1236,1320,542,1016
4941,89599221,635,0,1240,1328,591,1048
4942,89609221,589,0,1244,1335,648,1082
4943,89619221,546,0,1250,1351,702,1110
4944,89629221,495,0,1253,1355,772,1146
4945,89639221,436,0,1256,1365,826,1190
4946,89649221,373,0,1259,1373,879,1223
4947,89659221,277,0,1262,1383,940,1259
4948,89669221,182,0,1264,1390,1001,1303
4949,89679221,89,0,1268,1399,1048,1336
4950,89689221,21,376,1269,1412,1102,1366
4951,89699221,0,274,1270,1415,1159,1393
4952,89709221,0,184,1269,1433,1210,1427
4953,89719221,0,106,1263,1431,1250,1455
4954,89729221,0,25,1257,1438,1307,1493
4955,89739221,0,0,1246,1448,1337,1531
4956,89749221,0,0,1230,1450,1374,1572
4957,89759221,0,0,1207,1452,1407,1603
4958,89769221,0,0,1181,1452,1431,1645
4959,89779221,0,0,1146,1452,1453,1670
4960,89789221,0,0,1094,1449,1466,0
4961,89799221,0,0,1030,1442,1484,0
4962,89809221,0,0,949,1426,1484,0
4963,89819221,0,0,877,1394,1465,1781
4964,89829221,0,0,811,1358,1447,1810
4965,89839221,0,0,736,1308,1395,1833
4966,89849221,0,0,672,1249,1302,1848
4967,89859221,0,0,600,1185,1185,1866
4968,89869221,0,0,557,1124,1067,1878
4969,89879221,0,0,533,1080,883,1871
4970,89889221,0,0,493,1019,660,1849
4971,89899221,0,0,457,954,406,1818
4972,89909221,0,0,425,907,244,1757
4973,89919221,0,0,390,843,133,1672
4974,89929221,0,0,343,767,42,1579
4975,89939221,0,0,286,671,0,1454
4976,89949221,0,0,254,569,0,1306
4977,89959221,0,0,248,456,0,1107
4978,89969221,0,0,232,364,0,859
4979,89979221,0,0,207,284,0,470
4980,89989221,0,0,181,181,0,0
4981,89999221,0,35,128,81,0,0
4982,90009221,0,0,137,85,0,0
4983,90019221,0,0,131,70,0,54
4984,90029221,0,0,110,47,0,51
4985,90039221,0,0,74,38,0,6
4986,90049221,0,0,54,19,0,0
4987,90059221,0,0,41,21,0,0
4988,90069221,0,0,41,16,0,0
4989,90079221,0,0,35,17,0,0
4990,90089221,0,0,42,23,0,0
4991,90099221,0,0,47,28,0,0
4992,90109221,0,0,51,26,0,0
4993,90119221,0,0,57,33,0,0
4994,90129221,0,0,58,39,0,0
4995,90139221,0,0,69,49,0,0
4996,90149221,0,0,68,44,0,0
4997,90159221,0,0,83,49,0,0
4998,90169221,0,0,88,55,0,0
4999,90179221,0,0,93,50,0,0
5000,90189221,0,0,97,54,0,0
5001,90199221,0,0,99,49,0,24
5002,90209221,0,0,98,55,0,46
5003,90219221,0,0,110,58,0,69
5004,90229221,0,0,113,57,0,79
5005,90239221,0,0,103,47,0,93
5006,90249221,0,0,84,39,0,102
5007,90259221,0,0,64,30,0,106
5008,90269221,0,0,57,28,0,78
5009,90279221,0,0,61,27,0,55
5010,90289221,0,0,65,31,0,44
5011,90299221,0,0,70,41,0,48
5012,90309221,0,0,79,45,0,50
5013,90319221,0,0,83,57,0,39
5014,90329221,0,0,95,67,0,3
5015,90339221,0,0,100,70,0,1
5016,90349221,0,0,106,77,0,0
5017,90359221,0,0,109,83,0,0
5018,90369221,0,0,106,55,0,0
5019,90379221,0,0,102,27,0,0
5020,90389221,24,0,98,13,0,0
5021,90399221,180,0,88,0,0,0
5022,90409221,544,757,93,0,0,0
5023,90419221,817,1010,94,0,0,0
5024,90429221,986,1154,103,0,0,0
5025,90439221,1078,1230,96,0,0,0
5026,90449221,1162,1304,80,0,0,0
5027,90459221,1274,1399,124,0,0,0
5028,90469221,1363,1489,161,21,0,0
5029,90479221,1443,1538,240,59,0,0
5030,90489221,1492,1580,294,107,0,0
5031,90499221,1520,0,393,192,0,0
5032,90509221,1535,0,539,295,0,0
5033,90519221,1545,0,650,423,0,0
5034,90529221,1550,0,740,533,0,0
5035,90539221,1554,0,822,615,0,0
5036,90549221,1561,1633,873,692,0,0
5037,90559221,1573,1640,919,760,0,0
5038,90569221,1587,1646,949,806,0,38
5039,90579221,1586,1651,980,852,0,58
5040,90589221,1599,1654,1003,886,0,83
5041,90599221,1602,1650,1031,928,0,125
5042,90609221,1589,1638,1053,975,0,163
5043,90619221,1573,1622,1074,998,0,217
5044,90629221,1554,1607,1090,1030,0,264
5045,90639221,1525,1588,1102,1050,0,297
5046,90649221,1506,1570,1107,1060,0,331
5047,90659221,1483,1547,1114,1072,0,359
5048,90669221,1458,1521,1112,1080,1,391
5049,90679221,1432,1491,1111,1083,10,419
5050,90689221,1407,0,1115,1095,26,438
5051,90699221,1369,0,1119,1105,43,469
5052,90709221,1328,0,1124,1120,61,494
5053,90719221,1290,0,1131,1133,87,527
5054,90729221,1242,0,1134,1150,96,557
5055,90739221,1199,0,1142,1169,123,583
5056,90749221,1172,0,1143,1180,154,614
5057,90759221,1145,0,1148,1193,188,651
5058,90769221,1117,0,1153,1202,236,683
5059,90779221,1092,0,1158,1217,283,729
5060,90789221,1055,0,1164,1230,359,763
5061,90799221,1018,0,1167,1243,410,807
5062,90809221,974,0,1177,1257,457,859
5063,90819221,923,0,1181,1274,500,909
5064,90829221,883,0,1194,1293,556,961
5065,90839221,837,0,1196,1309,630,1006
5066,90849221,778,0,1204,1321,699,1056
5067,90859221,700,0,1208,1335,761,1118
5068,90869221,611,0,1211,1352,833,1175
5069,90879221,509,0,1215,1362,898,1228
5070,90889221,396,0,1227,1377,960,1262
5071,90899221,279,0,1230,1387,1030,1294
5072,90909221,155,0,1235,1402,1083,1327
5073,90919221,58,0,1237,1418,1142,1365
5074,90929221,0,145,1240,1431,1195,1399
5075,90939221,0,55,1238,1443,1248,1435
5076,90949221,0,0,1235,1453,1296,1470
5077,90959221,0,0,1226,1459,1333,1516
5078,90969221,0,0,1204,1467,1374,1560
5079,90979221,0,0,1177,1476,1401,1593
5080,90989221,0,0,1147,1477,1435,1623
5081,90999221,0,0,1110,1478,1457,1648
5082,91009221,0,0,1062,1473,1478,1680
5083,91019221,0,0,998,1463,1494,1706
5084,91029221,0,0,904,1447,1511,1733
5085,91039221,0,0,798,1416,1510,1753
5086,91049221,0,0,753,1382,1509,1774
5087,91059221,0,0,698,1326,1482,1790
5088,91069221,0,0,620,1252,1417,1815
5089,91079221,0,0,525,1176,1325,1828
5090,91089221,0,0,453,1083,1195,1834
5091,91099221,0,0,395,1002,1081,1844
5092,91109221,0,0,331,870,846,1825
5093,91119221,0,0,271,757,629,1794
5094,91129221,0,0,212,650,459,1745
5095,91139221,0,0,155,557,355,1675
5096,91149221,0,0,117,465,236,1584
5097,91159221,0,0,102,377,134,1454
5098,91169221,0,0,87,303,27,1278
5099,91179221,0,0,83,231,0,1103
5100,91189221,0,0,71,173,0,751
5101,91199221,0,0,56,109,0,260
5102,91209221,0,0,38,41,0,0
5103,91219221,0,0,43,25,0,2
5104,91229221,0,0,53,36,0,50
5105,91239221,0,0,53,36,0,61
5106,91249221,0,0,52,29,0,12
5107,91259221,0,0,47,24,0,0
5108,91269221,0,0,43,22,0,0
5109,91279221,0,0,43,19,0,0
5110,91289221,0,0,42,14,0,0
5111,91299221,0,0,40,11,0,0
5112,91309221,0,0,40,10,0,0
5113,91319221,0,0,41,11,0,0
5114,91329221,0,0,43,12,0,0
5115,91339221,0,0,48,12,0,0
5116,91349221,0,0,46,10,0,0
5117,91359221,0,0,43,7,0,0
5118,91369221,0,0,43,7,0,0
5119,91379221,0,0,46,3,0,0
5120,91389221,0,0,41,0,0,0
5121,91399221,0,0,30,0,0,0
5122,91409221,0,0,21,0,0,0
5123,91419221,0,0,10,0,0,0
5124,91429221,0,0,9,0,0,0
5125,91439221,0,0,8,0,0,0
5126,91449221,0,0,11,0,0,0
5127,91459221,0,0,18,0,0,0
5128,91469221,0,0,25,0,0,0
5129,91479221,0,0,38,4,0,0
5130,91489221,0,0,43,13,0,2
5131,91499221,0,0,57,21,0,0
5132,91509221,0,0,68,24,0,0
5133,91519221,0,0,83,26,0,0
5134,91529221,0,0,95,28,0,0
5135,91539221,0,0,104,32,0,0
5136,91549221,0,0,119,36,0,0
5137,91559221,0,0,126,40,0,0
5138,91569221,0,0,147,45,0,0
5139,91579221,0,0,153,46,0,0
5140,91589221,0,0,160,48,0,0
5141,91599221,0,0,167,54,0,0
5142,91609221,0,0,183,57,0,0
5143,91619221,0,0,215,71,0,0
5144,91629220,0,0,255,77,0,0
5145,91639221,0,0,279,94,0,0
5146,91649221,0,0,298,97,0,0
5147,91659221,0,0,309,77,0,0
5148,91669221,2,0,314,74,0,0
5149,91679221,84,314,306,57,0,0
5150,91689221,232,577,329,48,0,0
5151,91699221,615,907,313,24,0,0
5152,91709221,1049,1195,291,0,0,0
5153,91719221,1290,1375,314,0,0,0
5154,91729221,1407,0,351,16,0,0
5155,91739221,1459,0,420,53,0,0
5156,91749221,1488,0,556,120,0,0
5157,91759221,1516,0,687,255,0,0
5158,91769221,1525,1585,811,402,0,0
5159,91779221,1543,1598,915,523,0,0
5160,91789221,1560,1620,983,615,0,0
5161,91799221,1575,1627,1036,697,0,0
5162,91809221,1587,1637,1068,753,0,1
5163,91819221,1598,0,1101,794,0,0
5164,91829221,1608,0,1112,825,0,0
5165,91839221,1610,0,1124,833,0,0
5166,91849221,1611,0,1126,834,0,0
5167,91859221,1607,0,1127,851,0,0
5168,91869221,1598,0,1127,853,0,0
5169,91879221,1592,0,1121,853,0,0
5170,91889221,1584,0,1110,828,0,0
5171,91899221,1577,0,1095,831,0,6
5172,91909221,1573,0,1075,818,0,31
5173,91919221,1574,0,1063,804,0,24
5174,91929221,1564,0,1044,794,0,23
5175,91939221,1557,0,1046,789,0,38
5176,91949221,1557,0,1036,784,0,38
5177,91959221,1528,0,998,721,0,33
5178,91969221,1562,0,1012,773,0,31
5179,91979221,1564,0,1006,759,0,34
5180,91989221,1570,0,1000,747,0,35
5181,91999221,1579,0,997,744,0,40
5182,92009221,1576,0,997,734,0,43
5183,92019221,1579,0,994,724,0,48
5184,92029221,1581,0,991,716,0,61
5185,92039221,1584,0,996,713,0,68
5186,92049221,1579,0,1002,724,0,90
5187,92059221,1573,0,1008,738,2,124
5188,92069221,1559,0,1032,759,0,184
5189,92079221,1532,0,1048,790,0,246
5190,92089221,1477,0,1047,774,0,321
5191,92099221,1466,0,1099,883,0,406
5192,92109221,1422,0,1125,934,0,511
5193,92119221,1369,0,1143,982,9,604
5194,92129221,1302,0,1161,1016,75,717
5195,92139221,1224,0,1178,1056,150,813
5196,92149221,1130,0,1115,1073,193,867
5197,92159221,1033,0,1204,1118,289,964
5198,92169221,908,954,1214,1141,372,1030
5199,92179221,771,822,1222,1175,460,1089
5200,92189221,581,695,1226,1196,566,1134
5201,92199221,340,567,1219,1214,679,1167
5202,92209221,102,410,1189,1229,790,1204
5203,92219221,0,232,1144,1236,918,1237
5204,92229221,0,99,1065,1211,1015,1256
5205,92239221,0,32,951,1181,1077,1261
5206,92249221,0,0,816,1110,1123,1281
5207,92259221,0,0,696,996,1118,1306
5208,92269221,0,0,564,825,1049,1323
5209,92279221,0,0,429,606,907,1331
5210,92289221,0,0,332,439,726,1300
5211,92299221,0,0,251,297,486,1218
5212,92309221,0,0,158,149,215,1123
5213,92319221,0,0,93,58,5,977
5214,92329221,0,5,29,8,0,743
5215,92339221,0,23,0,0,0,361
5216,92349221,0,114,0,0,0,56
5217,92359221,0,156,0,0,0,88
5218,92369221,0,135,0,0,0,191
5219,92379221,0,138,0,0,0,203
5220,92389221,0,160,0,0,0,149
5221,92399221,0,172,0,0,0,58
5222,92409221,0,176,0,0,0,62
5223,92419221,0,175,0,0,0,30
5224,92429221,0,170,4,0,0,3
5225,92439221,0,165,10,0,0,0
5226,92449221,0,150,11,0,0,0
5227,92459221,0,141,15,0,0,0
5228,92469221,0,122,12,0,0,0
5229,92479221,0,110,12,0,0,0
5230,92489221,0,102,10,0,0,0
5231,92499221,0,100,5,0,0,0
5232,92509221,0,97,2,0,0,0
5233,92519221,0,94,0,0,0,0
5234,92529221,0,87,0,0,0,0
5235,92539221,0,75,0,0,0,0
5236,92549221,0,64,0,0,0,0
5237,92559221,0,43,0,0,0,0
5238,92569221,0,28,0,0,0,0
5239,92579221,0,13,0,0,0,0
5240,92589221,0,8,0,0,0,0
5241,92599221,0,0,0,0,0,0
5242,92609221,0,0,0,0,0,0
5243,92619221,0,0,0,0,0,3
5244,92629221,0,0,0,0,0,0
5245,92639221,0,0,0,0,0,0
5246,92649221,0,0,0,0,0,0
5247,92659221,0,0,0,0,0,0
5248,92669221,0,0,0,0,0,0
5249,92679221,0,0,0,0,0,0
5250,92689221,0,0,0,0,0,0
5251,92699221,0,0,0,0,0,0
5252,92709221,0,0,0,0,0,0
5253,92719221,0,0,6,0,0,0
5254,92729221,0,0,2,1,0,0
5255,92739221,0,0,29,6,0,0
5256,92749221,0,0,44,9,0,0
5257,92759221,0,0,53,10,0,0
5258,92769221,0,0,54,6,0,0
5259,92779221,0,0,53,4,0,0
5260,92789221,0,0,44,0,0,0
5261,92799221,0,93,41,0,0,0
5262,92809221,87,0,37,0,0,0
5263,92819221,273,597,19,0,0,0
5264,92829221,598,859,20,0,0,0
5265,92839221,860,1041,29,0,0,0
5266,92849221,994,1130,32,0,0,0
5267,92859221,1109,1216,43,0,0,0
5268,92869221,1231,1336,84,0,0,0
5269,92879221,1355,1437,127,0,0,0
5270,92889221,1432,1502,204,44,0,0
5271,92899221,1471,1557,356,171,0,0
5272,92909221,1494,1581,453,271,0,0
5273,92919220,1494,1586,583,398,0,0
5274,92929221,1491,1590,672,502,0,0
5275,92939221,1489,1592,739,581,0,0
5276,92949221,1492,1592,797,634,0,50
5277,92959221,1504,1598,854,710,0,137
5278,92969221,1498,1594,896,773,0,215
5279,92979221,1435,1487,927,840,0,322
5280,92989221,1459,1564,1002,917,1,421
5281,92999221,1411,1523,1064,992,29,498
5282,93009221,1336,1465,1104,1063,73,596
5283,93019221,1269,1379,1136,1113,121,650
5284,93029221,1196,1321,1164,1165,158,704
5285,93039220,1094,1193,1135,1167,175,747
5286,93049221,1019,0,1210,1254,268,816
5287,93059221,911,0,1226,1288,352,862
5288,93069221,779,0,1242,1316,406,909
5289,93079221,614,0,1254,1336,473,955
5290,93089221,455,0,1262,1354,549,999
5291,93099221,313,0,1267,1373,611,1044
5292,93109221,171,0,1279,1386,669,1082
5293,93119221,80,0,1285,1398,723,1123
5294,93129221,13,0,1292,1410,765,1152
5295,93139221,0,0,1297,1427,819,1182
5296,93149221,0,355,1302,1439,857,1211
5297,93159221,0,279,1305,1450,892,1231
5298,93169221,0,202,1309,1461,939,1251
5299,93179221,0,132,1309,1465,972,1273
5300,93189221,0,76,1312,1479,1010,1294
5301,93199221,0,40,1312,1488,1034,1314
5302,93209221,0,17,1313,1493,1071,1330
5303,93219221,0,0,1315,1498,1110,1347
5304,93229221,0,0,1313,1509,1133,1367
5305,93239221,0,0,1313,1504,1169,1383
5306,93249221,0,0,1311,1518,1196,1398
5307,93259221,0,0,1309,1524,1244,1427
5308,93269221,0,0,1304,1530,1285,1449
5309,93279221,0,0,1296,1530,1317,1476
5310,93289221,0,0,1288,1536,1351,1497
5311,93299221,0,0,1271,1531,1387,1521
5312,93309221,0,0,1260,1548,1423,1553
5313,93319221,0,0,1252,1540,1445,1575
5314,93329221,0,0,1240,1541,1465,1598
5315,93339221,0,0,1230,1542,1492,1555
5316,93349221,0,0,1209,1546,1510,0
5317,93359221,0,0,1191,1547,1524,0
5318,93369221,0,0,1170,1551,1545,0
5319,93379221,0,0,1146,1550,1552,0
5320,93389221,0,0,1118,1559,1561,0
5321,93399221,0,0,1087,1547,1566,0
5322,93409221,0,0,1051,1540,1574,0
5323,93419221,0,0,1000,1523,1575,0
5324,93429221,0,0,948,1503,1569,0
5325,93439221,0,0,870,1467,1556,0
5326,93449221,0,0,816,1414,1516,0
5327,93459221,0,0,740,1361,1456,1891
5328,93469221,0,0,656,1288,1367,1911
5329,93479221,0,0,585,1198,1263,1929
5330,93489221,0,0,533,1119,1148,1943
5331,93499221,0,0,468,992,1000,1947
5332,93509221,0,0,431,970,771,1942
5333,93519221,0,0,373,867,552,1921
5334,93529221,0,0,296,775,367,1877
5335,93539221,0,0,214,643,236,1807
5336,93549221,0,0,142,542,123,1717
5337,93559221,0,0,112,431,34,1513
5338,93569221,0,0,102,352,0,1444
5339,93579221,0,0,77,274,0,1261
5340,93589221,0,0,84,213,0,1048
5341,93599221,0,0,90,141,0,643
5342,93609221,0,0,60,56,0,148
5343,93619221,0,0,45,29,0,112
5344,93629221,0,0,54,40,0,160
5345,93639221,0,0,49,46,0,167
5346,93649221,0,0,55,48,0,103
5347,93659221,0,0,48,38,0,45
5348,93669221,0,0,40,28,0,21
5349,93679221,0,0,27,20,0,4
5350,93689221,0,0,25,10,0,0
5351,93699221,0,0,17,3,0,0
5352,93709221,0,0,12,1,0,0
5353,93719221,0,0,10,0,0,0
5354,93729221,0,0,4,0,0,0
5355,93739221,0,0,0,0,0,0
5356,93749221,0,0,0,2,0,0
5357,93759220,0,0,0,0,0,0
5358,93769221,0,0,0,0,0,0
5359,93779221,0,0,0,0,0,0
5360,93789221,0,0,0,0,0,0
5361,93799221,0,0,0,0,0,0
5362,93809221,0,0,0,0,0,0
5363,93819220,0,0,0,0,0,0
5364,93829221,0,0,0,0,0,0
5365,93839221,0,0,0,0,0,0
5366,93849221,0,0,0,0,0,0
5367,93859221,0,0,0,0,0,0
5368,93869221,0,0,0,0,0,0
5369,93879221,0,0,0,0,0,0
5370,93889221,0,0,0,1,0,0
5371,93899221,0,0,0,0,0,0
5372,93909221,0,0,0,0,0,0
5373,93919221,0,0,0,1,0,0
5374,93929221,0,0,0,7,0,0
5375,93939221,0,0,0,8,0,0
5376,93949221,0,0,0,8,0,0
5377,93959221,0,0,0,7,0,0
5378,93969221,0,0,0,7,0,0
5379,93979221,0,0,0,5,0,0
5380,93989221,0,0,0,11,0,0
5381,93999221,0,0,3,20,0,0
5382,94009221,0,0,8,25,0,0
5383,94019221,0,0,11,27,0,0
5384,94029221,0,0,15,29,0,0
5385,94039221,0,0,21,32,0,0
5386,94049221,0,0,23,31,0,0
5387,94059221,0,0,20,24,0,0
5388,94069221,0,34,28,11,0,0
5389,94079221,57,0,38,2,0,0
5390,94089221,304,662,45,0,0,0
5391,94099221,748,974,46,0,0,0
5392,94109221,1042,1181,52,0,0,0
5393,94119221,1160,1292,54,0,0,0
5394,94129221,1258,1369,69,0,0,0
5395,94139221,1354,1457,102,0,0,0
5396,94149221,1442,1529,139,16,0,0
5397,94159221,1494,1588,186,44,0,0
5398,94169221,1530,1621,264,92,0,0
5399,94179221,1553,1640,371,177,0,0
5400,94189221,1561,1652,480,271,0,0
5401,94199221,1565,1653,590,372,0,0
5402,94209221,1564,1654,667,465,0,0
5403,94219221,1566,1657,726,552,0,0
5404,94229221,1571,1659,786,611,0,0
5405,94239221,1574,1660,828,679,0,53
5406,94249221,1573,1657,866,727,0,123
5407,94259221,1566,1653,908,763,0,173
5408,94269221,1548,1639,928,801,0,243
5409,94279221,1517,1621,953,833,0,285
5410,94289221,1475,1590,972,866,0,344
5411,94299221,1433,1560,987,891,12,401
5412,94309221,1396,1513,998,920,44,463
5413,94319221,1355,1464,1008,935,76,529
5414,94329221,1316,1429,1013,947,108,587
5415,94339221,1263,1382,1013,949,147,650
5416,94349221,1214,1334,1014,951,201,693
5417,94359221,1176,1283,1016,955,256,742
5418,94369221,1133,0,1019,970,307,788
5419,94379221,1085,0,1032,987,372,835
5420,94389221,1038,0,1041,1006,425,871
5421,94399221,983,0,1048,1004,454,876
5422,94409221,926,0,1060,1049,564,973
5423,94419221,872,0,1067,1062,626,1016
5424,94429221,807,0,1074,1078,686,1068
5425,94439221,744,0,1078,1096,754,1114
5426,94449221,683,0,1080,1108,815,1160
5427,94459221,615,0,1084,1117,882,1204
5428,94469221,507,0,1094,1137,954,1246
5429,94479221,485,0,1097,1155,1010,1285
5430,94489221,411,0,1099,1174,1063,1319
5431,94499221,333,0,1107,1188,1127,1355
5432,94509221,242,0,1109,1201,1181,1391
5433,94519221,180,0,1106,1219,1224,1429
5434,94529221,95,0,1115,1236,1269,1461
5435,94539221,38,0,1116,1247,1316,1496
5436,94549221,6,0,1116,1260,1361,1526
5437,94559221,0,0,1115,1273,1400,1561
5438,94569221,0,0,1111,1284,1434,1590
5439,94579221,0,0,1104,1292,1463,1622
5440,94589221,0,0,1091,1301,1494,1650
5441,94599220,0,0,1067,1310,1520,1682
5442,94609221,0,0,1041,1313,1544,1712
5443,94619221,0,0,997,1316,1563,1740
5444,94629221,0,0,949,1314,1577,1767
5445,94639221,0,0,884,1305,1587,1801
5446,94649221,0,0,823,1292,1596,1816
5447,94659221,0,0,763,1269,1588,1844
5448,94669221,0,0,684,1231,1588,1866
5449,94679221,0,0,623,1180,1573,1878
5450,94689221,0,0,539,1122,1537,1895
5451,94699221,0,0,465,1047,1481,1906
5452,94709221,0,0,393,945,1399,1916
5453,94719221,0,0,324,843,1302,1929
5454,94729221,0,0,290,763,1137,1937
5455,94739221,0,0,263,659,952,1921
5456,94749221,0,0,212,584,687,1912
5457,94759221,0,0,163,493,422,1868
5458,94769221,0,0,104,414,242,1785
5459,94779221,0,0,78,343,79,1656
5460,94789221,0,0,80,273,0,1507
5461,94799221,0,0,76,218,0,1327
5462,94809221,0,0,77,162,0,1148
5463,94819221,0,72,60,102,0,858
5464,94829221,2,112,32,38,0,398
5465,94839221,0,109,9,7,0,411
5466,94849221,0,81,8,0,0,486
5467,94859221,0,74,0,0,0,487
5468,94869221,0,82,0,0,0,418
5469,94879221,0,79,0,0,0,346
5470,94889221,0,72,0,0,0,262
5471,94899221,0,62,0,0,0,181
5472,94909221,0,53,0,0,0,123
5473,94919221,0,46,0,3,0,74
5474,94929221,0,36,0,4,0,27
5475,94939221,0,30,0,13,0,12
5476,94949221,0,29,6,22,0,0
5477,94959221,0,29,3,27,0,0
5478,94969221,0,23,4,27,0,0
5479,94979221,0,17,4,28,0,0
5480,94989221,0,3,4,34,0,0
5481,94999221,0,0,2,37,0,0
5482,95009221,0,0,4,40,0,0
5483,95019221,0,0,4,45,0,0
5484,95029221,0,0,7,42,0,0
5485,95039221,0,0,5,41,0,0
5486,95049221,0,0,5,44,0,0
5487,95059221,0,0,9,37,0,0
5488,95069221,0,0,8,43,0,0
5489,95079221,0,0,7,46,0,0
5490,95089221,0,0,8,46,0,0
5491,95099221,0,0,9,46,0,0
5492,95109221,0,0,10,51,0,0
5493,95119221,0,0,9,54,0,0
5494,95129221,0,0,5,55,0,0
5495,95139221,0,0,3,55,0,0
5496,95149221,0,0,2,55,0,0
5497,95159221,0,0,1,52,0,0
5498,95169221,0,0,0,46,0,0
5499,95179221,0,0,0,43,0,0
5500,95189221,0,0,0,37,0,0
5501,95199221,0,0,0,25,0,0
5502,95209221,0,21,0,20,0,0
5503,95219221,0,110,0,0,0,0
5504,95229221,0,232,0,0,0,0
5505,95239221,88,0,0,0,0,0
5506,95249221,214,0,0,0,0,0
5507,95259220,501,939,4,0,0,0
5508,95269221,804,1141,7,0,0,0
5509,95279221,1056,1288,3,0,0,0
5510,95289221,1220,1371,15,0,0,0
5511,95299221,1313,1434,45,0,0,0
5512,95309221,1361,1467,99,20,0,0
5513,95319221,1373,1483,142,42,0,0
5514,95329221,1378,1488,194,75,0,0
5515,95339221,1373,1493,257,108,0,0
5516,95349221,1379,1499,308,152,0,0
5517,95359221,1389,1510,358,213,0,81
5518,95369221,1415,1525,392,251,0,188
5519,95379221,1433,1543,443,308,0,298
5520,95389221,1453,1556,488,345,0,368
5521,95399221,1478,1570,543,378,4,458
5522,95409221,1495,1576,581,412,40,519
5523,95419221,1506,1582,617,447,70,574
5524,95429221,1512,1588,650,485,118,624
5525,95439221,1513,1589,682,518,155,675
5526,95449221,1510,1587,705,554,203,722
5527,95459221,1503,1581,731,586,248,761
5528,95469221,1493,1576,755,621,302,815
5529,95479221,1484,1571,768,653,347,858
5530,95489221,1474,1563,788,678,401,900
5531,95499221,1461,1555,799,691,449,927
5532,95509221,1446,1536,809,706,503,952
5533,95519221,1428,1515,813,699,507,921
5534,95529221,1403,1499,818,726,592,989
5535,95539221,1380,1477,823,734,632,1011
5536,95549221,1356,1448,829,745,676,1033
5537,95559221,1332,1426,837,757,719,1050
5538,95569221,1311,1399,841,769,749,1066
5539,95579221,1295,1383,851,782,788,1087
5540,95589221,1274,1322,858,790,813,1106
5541,95599221,1255,0,870,804,846,1127
5542,95609221,1231,0,877,819,883,1157
5543,95619221,1207,0,885,838,918,1170
5544,95629221,1194,0,888,845,943,1186
5545,95639221,1181,0,893,855,983,1205
5546,95649221,1121,0,843,831,972,1223
5547,95659221,1153,0,910,875,1055,1248
5548,95669221,1135,0,918,889,1089,1286
5549,95679221,1116,0,925,909,1115,0
5550,95689221,1087,0,932,926,1152,0
5551,95699221,1064,0,939,946,1187,0
5552,95709221,1021,0,948,964,1225,0
5553,95719221,982,0,950,982,1251,0
5554,95729221,925,0,951,1001,1291,0
5555,95739221,840,0,953,1026,1325,0
5556,95749221,731,0,953,1043,1367,0
5557,95759221,608,0,950,1062,1399,0
5558,95769221,490,0,949,1079,1425,1
5559,95779221,374,0,942,1096,1433,0
5560,95789221,273,0,941,1115,1460,0
5561,95799221,171,0,941,1137,1486,0
5562,95809221,72,0,926,1155,1501,0
5563,95819221,0,0,904,1170,1519,0
5564,95829221,0,0,855,1179,1529,0
5565,95839221,0,0,807,1184,1547,0
5566,95849221,0,0,744,1184,1553,0
5567,95859221,0,0,692,1170,1551,2
5568,95869221,0,0,605,1141,1539,0
5569,95879221,0,0,519,1110,1516,0
5570,95889221,0,0,455,1073,1476,0
5571,95899221,0,0,410,1017,1392,459
5572,95909221,0,0,356,957,1261,1997
5573,95919221,0,0,328,883,1075,2006
5574,95929221,0,0,312,853,880,2011
5575,95939221,0,0,311,810,602,2010
5576,95949221,0,0,298,755,301,1993
5577,95959221,0,0,297,720,127,1956
5578,95969221,0,0,285,680,16,1899
5579,95979221,0,0,286,636,0,1819
5580,95989221,0,0,301,584,0,1707
5581,95999221,0,0,298,521,0,1578
5582,96009221,0,0,275,465,0,1416
5583,96019221,0,32,270,397,0,1238
5584,96029221,0,86,240,323,0,1050
5585,96039221,0,96,186,224,0,789
5586,96049221,0,86,122,114,0,811
5587,96059221,0,82,102,80,0,875
5588,96069221,0,71,78,57,0,894
5589,96079221,0,79,63,49,0,888
5590,96089221,0,85,47,39,0,848
5591,96099221,0,76,42,29,0,802
5592,96109221,0,71,34,25,0,747
5593,96119221,0,59,34,27,0,682
5594,96129221,0,51,40,28,0,587
5595,96139221,0,41,44,39,0,515
5596,96149221,0,29,50,51,0,422
5597,96159221,0,19,53,61,0,333
5598,96169220,0,10,55,66,0,283
5599,96179221,0,2,58,71,0,219
5600,96189221,0,0,60,74,0,171
5601,96199221,0,0,56,75,0,122
5602,96209221,0,0,64,77,0,89
5603,96219221,0,0,64,80,0,68
5604,96229221,0,0,43,80,0,19
5605,96239221,0,0,68,90,0,5
5606,96249221,0,0,72,94,0,0
5607,96259221,0,0,79,98,0,0
5608,96269221,0,0,85,97,0,0
5609,96279221,0,0,79,88,0,0
5610,96289221,0,0,70,84,0,0
5611,96299221,0,2,68,77,0,0
5612,96309221,0,0,69,77,0,0
5613,96319221,0,0,73,83,0,0
5614,96329221,0,0,76,88,0,0
5615,96339221,0,0,73,84,0,0
5616,96349221,0,0,67,70,0,0
5617,96359221,0,0,59,52,0,0
5618,96369221,0,0,47,55,0,0
5619,96379221,0,0,49,51,0,0
5620,96389221,0,25,42,24,0,0
5621,96399221,0,111,38,10,0,0
5622,96409221,22,0,28,1,0,0
5623,96419221,108,0,28,0,0,0
5624,96429221,229,565,31,0,0,0
5625,96439221,410,756,30,0,0,0
5626,96449221,582,861,31,0,0,0
5627,96459221,722,958,28,0,0,0
5628,96469221,846,1054,27,0,0,0
5629,96479221,989,1145,7,0,0,0
5630,96489221,1110,1232,0,0,0,0
5631,96499221,1208,1303,7,0,0,0
5632,96509221,1295,1372,41,0,0,0
5633,96519221,1351,1422,90,0,0,0
5634,96529221,1385,1452,138,20,0,0
5635,96539221,1415,1476,157,38,0,0
5636,96549221,1434,1495,218,91,0,0
5637,96559221,1451,1516,265,152,0,0
5638,96569221,1477,1542,371,231,0,0
5639,96579221,1498,1564,438,312,0,0
5640,96589221,1521,1582,532,383,0,0
5641,96599221,1548,1603,592,446,0,0
5642,96609221,1564,1615,649,507,0,0
5643,96619221,1577,1631,699,570,0,6
5644,96629221,1559,1522,742,580,0,14
5645,96639221,1591,1643,796,675,0,39
5646,96649221,1591,1645,843,730,0,56
5647,96659221,1591,1642,882,775,0,73
5648,96669221,1586,1639,910,806,0,97
5649,96679221,1578,1633,936,841,0,117
5650,96689221,1567,1621,960,874,0,143
5651,96699221,1558,1610,985,910,0,179
5652,96709221,1534,1592,1004,937,0,219
5653,96719221,1514,1576,1027,966,0,252
5654,96729221,1499,1561,1045,990,0,291
5655,96739221,1481,1545,1062,1014,0,336
5656,96749221,1456,1518,1077,1045,0,372
5657,96759220,1438,1496,1095,1062,0,404
5658,96769221,1415,1479,1106,1081,0,428
5659,96779221,1390,1456,1114,1098,0,466
5660,96789221,1368,0,1122,1115,0,486
5661,96799221,1346,0,1130,1129,6,512
5662,96809221,1330,0,1133,1137,11,538
5663,96819221,1314,0,1137,1121,4,523
5664,96829221,1307,0,1141,1148,27,578
5665,96839221,1299,0,1143,1158,39,587
5666,96849221,1290,0,1144,1163,46,621
5667,96859221,1276,0,1145,1169,74,648
5668,96869221,1261,0,1146,1174,97,675
5669,96879221,1245,0,1147,1178,115,715
5670,96889221,1157,0,1152,1182,139,758
5671,96899221,1224,0,1154,1189,164,795
5672,96909221,1207,0,1158,1193,209,825
5673,96919221,1197,0,1160,1203,252,864
5674,96929221,1180,0,1168,1214,316,890
5675,96939221,1148,0,1173,1229,364,940
5676,96949221,1107,0,1178,1244,407,986
5677,96959221,1053,0,1188,1260,457,1036
5678,96969221,985,1057,1191,1274,512,1069
5679,96979221,934,1002,1195,1292,585,1112
5680,96989221,861,939,1199,1302,654,1158
5681,96999221,757,873,1203,1314,728,1193
5682,97009221,631,792,1209,1323,796,1236
5683,97019221,484,698,1213,1335,872,1268
5684,97029221,363,596,1217,1347,948,1306
5685,97039221,209,464,1222,1364,1019,1344
5686,97049221,73,330,1221,1377,1089,1383
5687,97059221,0,215,1223,1388,1156,1428
5688,97069221,0,87,1221,1402,1215,1467
5689,97079221,0,0,1215,1410,1268,1424
5690,97089221,0,0,1206,1426,1303,1568
5691,97099221,0,0,1192,1433,1359,1611
5692,97109221,0,0,1175,1442,1381,1649
5693,97119221,0,0,1143,1447,1398,1691
5694,97129221,0,0,1106,1447,1418,1729
5695,97139221,0,0,1057,1445,1423,1763
5696,97149221,0,0,980,1437,1425,1795
5697,97159221,0,0,891,1422,1417,1831
5698,97169221,0,0,834,1391,1384,1872
5699,97179221,0,0,781,1364,1337,1893
5700,97189221,0,0,736,1324,1248,1915
5701,97199221,0,0,711,1272,1129,1934
5702,97209221,0,0,669,1213,1004,1949
5703,97219221,0,0,682,1176,813,1951
5704,97229221,0,0,669,1127,526,1946
5705,97239221,0,0,644,1067,284,1930
5706,97249221,0,0,611,1009,132,1884
5707,97259221,0,0,554,936,36,1819
5708,97269221,0,0,460,851,0,1728
5709,97279221,0,0,350,720,0,1625
5710,97289221,0,0,292,592,0,1493
5711,97299221,0,0,238,452,0,1295
5712,97309221,0,0,206,342,0,1095
5713,97319221,0,0,166,254,0,763
5714,97329221,0,0,138,161,0,228
5715,97339221,0,38,73,49,0,45
5716,97349221,0,9,53,36,0,37
5717,97359221,0,0,54,43,0,69
5718,97369221,0,0,54,39,0,128
5719,97379221,0,0,41,26,0,138
5720,97389221,0,0,26,21,0,99
5721,97399221,0,0,20,15,0,57
5722,97409221,0,0,10,8,2,42
5723,97419221,0,0,3,4,0,31
5724,97429221,0,0,6,1,0,15
5725,97439221,0,0,3,2,0,2
5726,97449221,0,0,5,8,0,0
5727,97459220,0,0,0,4,0,3
5728,97469221,0,0,7,11,0,0
5729,97479221,0,0,14,11,0,0
5730,97489221,0,0,24,23,0,0
5731,97499221,0,0,27,33,0,0
5732,97509221,0,0,33,27,0,0
5733,97519221,0,0,43,29,0,0
5734,97529221,0,0,41,12,0,16
5735,97539221,0,0,58,38,0,28
5736,97549221,0,0,63,35,0,37
5737,97559221,0,0,71,41,0,46
5738,97569221,0,0,80,48,0,56
5739,97579221,0,0,89,56,0,73
5740,97589221,0,0,92,72,0,87
5741,97599221,0,0,96,68,0,87
5742,97609221,0,0,84,71,0,87
5743,97619221,0,0,83,72,0,76
5744,97629221,0,0,85,66,0,70
5745,97639221,0,0,87,68,0,69
5746,97649221,0,0,90,69,0,62
5747,97659220,0,0,94,63,0,55
5748,97669221,0,1,103,67,0,53
5749,97679221,0,0,102,72,0,39
5750,97689221,0,0,107,75,0,27
5751,97699221,0,0,110,77,0,25
5752,97709221,0,0,108,82,0,0
5753,97719221,0,0,111,80,0,0
5754,97729221,0,0,94,65,0,0
5755,97739221,0,0,100,47,0,0
5756,97749221,0,49,80,23,0,0
5757,97759221,79,0,73,9,0,0
5758,97769221,353,629,59,0,0,0
5759,97779221,735,963,55,0,0,0
5760,97789221,975,1154,61,0,0,0
5761,97799221,1102,1238,67,0,0,0
5762,97809221,1175,1299,69,0,0,0
5763,97819221,1268,1377,85,0,0,0
5764,97829221,1356,1464,105,0,0,0
5765,97839221,1429,1533,140,18,0,0
5766,97849221,1487,1579,188,57,0,0
5767,97859221,1507,1598,301,135,0,0
5768,97869221,1521,1617,444,254,0,0
5769,97879221,1526,1619,574,390,0,0
5770,97889221,1509,1610,684,529,0,0
5771,97899221,1521,1608,780,613,0,0
5772,97909221,1513,1599,844,699,0,60
5773,97919221,1530,1609,888,764,0,161
5774,97929221,1539,1606,924,819,0,282
5775,97939221,1532,1597,955,866,0,376
5776,97949221,1509,1577,995,920,2,469
5777,97959221,1475,1517,1032,970,45,547
5778,97969221,1416,1462,1065,1017,92,619
5779,97979221,1352,1406,1097,1067,155,695
5780,97989221,1279,1338,1114,1083,189,737
5781,97999221,1236,1276,1129,1134,323,852
5782,98009221,1175,1228,1135,1161,394,916
5783,98019221,1128,1066,1142,1176,454,983
5784,98029221,1062,0,1147,1190,542,1030
5785,98039221,991,0,1147,1202,618,1065
5786,98049221,923,0,1150,1211,688,1098
5787,98059221,847,0,1155,1224,744,1125
5788,98069221,761,0,1158,1238,803,1154
5789,98079221,680,0,1159,1253,855,1186
5790,98089221,593,0,1161,1268,902,1211
5791,98099221,508,0,1162,1281,954,1234
5792,98109221,428,0,1163,1289,999,1249
5793,98119221,334,0,1137,1221,1027,1269
5794,98129221,276,0,1164,1304,1059,1280
5795,98139221,220,0,1165,1314,1095,1298
5796,98149221,152,0,1168,1320,1131,1316
5797,98159221,114,0,1170,1330,1169,1332
5798,98169221,57,0,1173,1336,1198,1352
5799,98179221,21,0,1175,1317,1164,1306
5800,98189221,0,0,1179,1355,1269,1384
5801,98199221,0,0,1180,1366,1307,1399
5802,98209221,0,0,1182,1373,1334,1419
5803,98219221,0,0,1184,1381,1365,1442
5804,98229221,0,0,1182,1388,1390,1464
5805,98239221,0,0,1182,1398,1422,1490
5806,98249220,0,0,1182,1407,1449,1525
5807,98259221,0,0,1178,1416,1482,1568
5808,98269221,0,0,1175,1426,1507,1593
5809,98279221,0,0,1166,1432,1529,1623
5810,98289221,0,0,1157,1438,1555,1649
5811,98299221,0,0,1139,1445,1572,1682
5812,98309221,0,0,1114,1450,1588,1706
5813,98319221,0,0,1082,1451,1602,1735
5814,98329221,0,0,1045,1455,1616,0
5815,98339221,0,0,994,1452,1626,0
5816,98349221,0,0,950,1450,1636,0
5817,98359221,0,0,890,1443,1642,0
5818,98369221,0,0,832,1427,1646,0
5819,98379221,0,0,781,1409,1648,0
5820,98389221,0,0,731,1381,1642,0
5821,98399221,0,0,662,1348,1629,0
5822,98409221,0,0,598,1284,1598,1937
5823,98419221,0,0,527,1205,1550,1952
5824,98429221,0,0,468,1128,1460,1966
5825,98439221,0,0,432,1054,1321,1979
5826,98449221,0,0,415,1001,1174,1988
5827,98459221,0,0,405,939,1009,1989
5828,98469221,0,0,377,904,755,1981
5829,98479221,0,0,347,863,566,1959
5830,98489221,0,0,302,809,384,1912
5831,98499221,0,0,262,725,260,1849
5832,98509221,0,0,221,651,153,1758
5833,98519221,0,0,185,570,85,1652
5834,98529221,0,0,172,458,1,1501
5835,98539221,0,0,151,361,0,1293
5836,98549221,0,0,125,274,2,1063
5837,98559221,0,0,121,214,0,686
5838,98569221,0,0,105,124,0,108
5839,98579221,0,0,55,48,0,0
5840,98589221,0,0,51,36,0,0
5841,98599221,0,0,59,49,0,29
5842,98609221,0,0,56,46,0,69
5843,98619221,0,0,52,27,1,53
5844,98629220,0,0,45,19,0,24
5845,98639221,0,0,41,15,0,0
5846,98649221,0,0,37,10,0,6
5847,98659221,0,0,33,8,0,0
5848,98669221,0,0,34,5,0,0
5849,98679221,0,0,32,5,0,0
5850,98689221,0,0,20,3,0,0
5851,98699221,0,0,49,9,0,0
5852,98709221,0,0,60,15,0,0
5853,98719221,0,0,62,18,0,0
5854,98729221,0,0,76,20,0,0
5855,98739221,0,0,85,25,0,0
5856,98749221,0,0,99,30,0,3
5857,98759221,0,0,106,33,0,0
5858,98769221,0,0,103,27,0,0
5859,98779221,0,0,87,17,0,0
5860,98789221,0,0,74,10,0,0
5861,98799221,0,0,59,4,0,0
5862,98809221,0,0,53,2,0,0
5863,98819221,0,0,42,0,0,0
5864,98829221,0,0,23,0,0,0
5865,98839221,0,0,15,0,0,0
5866,98849221,0,0,12,0,0,0
5867,98859221,0,0,10,0,0,0
5868,98869221,0,0,8,0,0,0
5869,98879221,0,0,3,0,0,0
5870,98889221,0,0,7,0,0,0
5871,98899221,0,0,11,0,0,0
5872,98909221,0,0,19,1,0,0
5873,98919221,0,0,18,2,0,0
5874,98929221,0,0,24,0,0,0
5875,98939221,0,0,24,0,3,0
5876,98949221,0,0,36,2,0,0
5877,98959221,0,0,56,5,0,0
5878,98969221,0,0,59,9,0,0
5879,98979221,0,0,71,17,0,0
5880,98989221,0,0,91,20,0,0
5881,98999221,0,0,113,24,0,0
5882,99009221,0,0,116,23,0,0
5883,99019221,0,0,125,24,0,0
5884,99029221,0,0,138,60,0,0
5885,99039221,0,0,171,116,0,0
5886,99049221,0,0,228,165,0,0
5887,99059221,0,0,280,254,0,0
5888,99069221,0,0,346,364,0,72
5889,99079221,0,0,451,511,17,326
5890,99089221,0,0,573,649,106,550
5891,99099221,0,0,680,793,208,717
5892,99109221,0,0,782,891,292,851
5893,99119221,0,0,872,974,377,956
5894,99129221,0,0,945,1049,479,1055
5895,99139221,0,0,1004,1104,570,1131
5896,99149221,0,0,1056,1144,642,1181
5897,99159221,0,0,1109,1176,688,1222
5898,99169221,0,0,1136,1202,719,1244
5899,99179221,27,252,1172,1225,741,1255
5900,99189221,73,341,1198,1242,749,1260
5901,99199220,97,395,1164,1207,695,1236
5902,99209221,154,515,1235,1272,748,1257
5903,99219221,203,566,1253,1289,738,1253
5904,99229221,239,618,1266,1297,731,1249
5905,99239221,308,670,1276,1312,725,1243
5906,99249221,357,716,1288,1318,719,1243
5907,99259221,410,763,1296,1319,715,1242
5908,99269221,463,810,1296,1322,699,1240
5909,99279221,509,850,1299,1321,692,1236
5910,99289221,554,879,1293,1315,679,1227
5911,99299221,608,908,1289,1308,655,1213
5912,99309221,661,939,1283,1301,630,1189
5913,99319221,706,977,1275,1292,589,1163
5914,99329221,780,0,1269,1274,548,1052
5915,99339221,841,904,1263,1267,500,1092
5916,99349221,893,0,1256,1251,449,1047
5917,99359221,945,0,1245,1229,405,979
5918,99369221,1012,0,1233,1200,322,907
5919,99379221,1068,0,1211,1165,261,845
5920,99389221,1120,0,1198,1138,225,795
5921,99399221,1160,0,1188,1112,194,703
5922,99409221,1193,0,1177,1102,178,0
5923,99419221,1219,0,1169,1083,149,0
5924,99429221,1239,0,1160,1069,142,0
5925,99439221,1263,0,1147,1054,127,0
5926,99449221,1282,0,1132,1037,111,0
5927,99459221,1301,1345,1121,1016,89,0
5928,99469221,1317,1431,1115,994,73,514
5929,99479221,1328,1446,1107,981,58,549
5930,99489221,1342,1458,1092,964,38,534
5931,99499221,1362,1468,1078,948,28,521
5932,99509221,1368,1480,1066,931,24,495
5933,99519221,1381,1489,1052,913,18,487
5934,99529221,1398,1497,1039,885,10,478
5935,99539221,1409,1503,1016,858,7,478
5936,99549221,1427,1514,1000,825,1,480
5937,99559221,1441,1519,975,793,0,477
5938,99569221,1453,1527,949,763,0,480
5939,99579221,1469,1544,927,732,0,480
5940,99589221,1488,1552,903,694,0,482
5941,99599221,1496,1557,881,657,0,476
5942,99609221,1507,1559,853,616,0,477
5943,99619221,1514,1564,824,586,0,477
5944,99629221,1517,1565,799,558,0,478
5945,99639221,1519,1566,769,541,0,475
5946,99649221,1519,1562,744,512,0,461
5947,99659221,1476,1556,718,478,0,428
5948,99669221,1517,1547,684,435,0,373
5949,99679221,1509,1538,650,391,0,331
5950,99689221,1497,1516,609,353,0,284
5951,99699221,1467,1491,556,315,0,261
5952,99709221,1427,1432,487,279,0,214
5953,99719221,1365,1371,409,240,0,131
5954,99729221,1299,1316,339,172,0,51
5955,99739221,1213,1242,265,89,0,0
5956,99749221,1128,1154,151,27,0,0
5957,99759221,1049,1054,88,0,0,0
5958,99769221,948,953,25,0,0,0
5959,99779221,851,848,4,0,0,0
5960,99789220,710,704,0,0,0,0
5961,99799221,598,690,0,0,0,0
5962,99809221,478,625,0,0,0,0
5963,99819221,413,603,0,0,0,0
5964,99829221,318,549,0,0,0,0
5965,99839221,210,463,0,0,0,0
5966,99849221,114,371,0,0,0,0
5967,99859221,35,243,0,0,0,0
5968,99869221,0,185,0,0,0,0
5969,99879221,0,202,0,0,0,0
5970,99889221,0,200,0,0,0,0
5971,99899221,0,190,4,0,0,0
5972,99909221,0,188,5,0,0,0
5973,99919220,0,153,1,0,0,0
5974,99929221,0,172,9,0,0,0
5975,99939221,0,162,17,0,0,0
5976,99949221,0,146,18,0,0,0
5977,99959221,0,139,20,0,0,0
5978,99969221,0,137,23,0,0,0
5979,99979221,0,136,27,0,0,0
5980,99989221,0,124,29,0,0,0
5981,99999221,0,117,29,0,0,0
5982,100009221,0,105,31,0,0,0
5983,100019221,0,95,31,0,0,0
5984,100029221,0,85,28,0,0,0
5985,100039221,0,71,26,0,0,0
5986,100049221,0,60,22,0,0,0
5987,100059221,0,51,18,0,0,0
5988,100069221,0,41,9,0,5,0
5989,100079221,0,34,6,0,0,0
5990,100089221,0,34,5,0,0,0
5991,100099221,0,29,7,0,0,0
5992,100109221,0,20,9,0,0,0
5993,100119221,0,10,13,0,0,0
5994,100129221,0,6,22,0,0,0
5995,100139221,0,6,28,0,0,0
5996,100149221,0,3,38,0,0,0
5997,100159221,0,2,44,0,3,0
5998,100169221,0,0,53,0,0,0
5999,100179221,0,2,57,3,0,0
6000,100189221,0,2,60,6,0,0
6001,100199221,0,0,68,7,0,0
6002,100209221,0,1,72,8,0,0
6003,100219221,0,1,74,6,0,0
6004,100229221,0,1,74,3,0,0
6005,100239221,0,4,74,2,0,1
6006,100249221,0,4,77,1,0,0
6007,100259221,0,6,75,1,0,0
6008,100269221,0,19,69,0,0,0
6009,100279221,0,115,76,0,0,0
6010,100289221,148,0,63,0,0,0
6011,100299220,437,684,14,0,0,0
6012,100309221,783,972,21,0,0,0
6013,100319221,990,1128,24,0,0,0
6014,100329221,1115,1211,24,0,0,0
6015,100339221,1190,1288,29,0,0,0
6016,100349221,1261,1368,40,0,0,0
6017,100359221,1326,1439,81,0,0,0
6018,100369221,1400,1497,116,0,0,0
6019,100379221,1447,1544,155,7,0,0
6020,100389221,1483,1573,190,33,0,0
6021,100399221,1506,1589,253,75,0,0
6022,100409221,1520,1604,313,113,0,0
6023,100419221,1529,1618,396,194,0,0
6024,100429221,1549,1626,473,266,0,0
6025,100439221,1566,1635,532,318,0,0
6026,100449221,1583,1642,585,367,0,0
6027,100459221,1597,1649,620,413,0,0
6028,100469221,1610,1652,659,468,0,0
6029,100479221,1606,1649,696,503,0,25
6030,100489221,1598,1642,732,554,0,78
6031,100499221,1589,1637,760,570,0,142
6032,100509221,1577,1627,788,605,0,188
6033,100519221,1561,1622,813,618,0,261
6034,100529221,1549,1609,834,642,0,299
6035,100539221,1526,1595,854,661,0,344
6036,100549221,1500,1587,866,680,1,393
6037,100559221,1479,1562,879,702,22,425
6038,100569221,1452,1544,893,725,46,459
6039,100579221,1417,1508,902,746,75,492
6040,100589221,1370,1462,911,754,116,544
6041,100599221,1323,1394,924,778,147,587
6042,100609221,1286,1337,933,801,185,629
6043,100619221,1244,1299,946,826,232,663
6044,100629221,1205,1249,959,853,279,692
6045,100639221,1164,0,974,880,329,750
6046,100649221,1117,0,981,911,371,792
6047,100659221,1066,0,993,942,412,839
6048,100669221,1007,0,1008,973,464,901
6049,100679221,949,1039,1015,995,528,949
6050,100689221,899,991,1037,1021,593,998
6051,100699221,849,947,1051,1049,661,1048
6052,100709221,799,907,1065,1070,729,1096
6053,100719221,735,865,1080,1098,792,1143
6054,100729221,662,818,1095,1116,852,1193
6055,100739221,571,774,1101,1150,917,1242
6056,100749221,487,722,1111,1171,981,1267
6057,100759221,391,665,1117,1189,1034,1304
6058,100769221,299,609,1127,1209,1084,1334
6059,100779221,213,542,1136,1237,1130,1368
6060,100789221,118,463,1142,1253,1181,1395
6061,100799220,38,342,1096,1229,1148,1395
6062,100809221,0,299,1153,1295,1275,1450
6063,100819221,0,203,1160,1309,1318,1475
6064,100829221,0,126,1164,1326,1356,1502
6065,100839221,0,42,1161,1343,1397,1527
6066,100849221,0,0,1160,1363,1435,1558
6067,100859220,0,0,1096,1322,1370,1557
6068,100869221,0,0,1135,1385,1492,1610
6069,100879221,0,0,1108,1395,1516,0
6070,100889221,0,0,1053,1397,1543,0
6071,100899221,0,0,983,1396,1563,0
6072,100909221,0,1,908,1388,1580,0
6073,100919221,0,0,825,1343,1507,0
6074,100929221,0,0,735,1329,1603,0
6075,100939221,0,0,636,1261,1605,0
6076,100949221,0,0,522,1183,1592,0
6077,100959221,0,0,430,1083,1557,1855
6078,100969221,0,0,346,949,1483,1880
6079,100979221,0,0,292,872,1365,1793
6080,100989221,0,0,224,812,1217,1909
6081,100999221,0,0,151,720,1018,1909
6082,101009221,0,0,94,637,863,1895
6083,101019221,0,0,41,540,717,1832
6084,101029221,0,0,17,454,595,1736
6085,101039221,0,0,0,359,441,0
6086,101049221,0,0,0,257,292,1371
6087,101059221,0,0,0,199,165,1213
6088,101069221,0,0,0,124,23,965
6089,101079221,0,0,0,99,0,563
6090,101089221,0,0,0,57,0,27
6091,101099221,0,18,0,7,0,0
6092,101109221,0,27,0,0,0,0
6093,101119221,0,0,0,0,0,0
6094,101129221,0,0,0,0,0,0
6095,101139221,0,0,0,0,0,0
6096,101149221,0,0,0,0,0,0
6097,101159221,0,0,0,0,0,0
6098,101169221,0,0,0,0,0,0
6099,101179220,0,0,0,0,0,0
6100,101189221,0,0,0,0,0,0
6101,101199221,0,0,0,0,0,0
6102,101209221,0,0,0,0,0,0
6103,101219221,0,0,0,0,0,0
6104,101229221,0,0,0,0,0,0
6105,101239221,0,0,0,1,0,0
6106,101249220,0,0,0,0,0,0
6107,101259221,0,0,0,1,0,0
6108,101269221,0,0,0,0,0,0
6109,101279221,0,0,0,0,0,0
6110,101289221,0,0,0,0,0,0
6111,101299221,0,0,0,0,0,0
6112,101309221,0,0,0,1,0,0
6113,101319221,0,0,0,0,0,0
6114,101329221,0,0,0,8,0,0
6115,101339221,0,0,0,13,0,0
6116,101349221,0,0,0,22,0,0
6117,101359221,0,0,0,27,0,0
6118,101369221,0,0,0,29,0,0
6119,101379221,0,0,0,31,0,0
