seq,ts_us,s0,s1,s2,s3,s4,s5
158,196212221,0,822,1084,1056,128,800
159,196222221,0,794,1064,1039,118,788
160,196232221,0,759,1041,1025,114,774
161,196242221,0,724,1008,1014,102,757
162,196252221,0,667,987,994,95,733
163,196262221,0,602,957,969,80,697
164,196272221,0,535,931,957,76,670
165,196282221,0,453,911,930,64,650
166,196292221,0,359,811,869,37,570
167,196302221,0,292,847,893,43,573
168,196312221,0,219,0,866,29,527
169,196322221,0,153,0,824,21,471
170,196332221,0,92,0,790,5,407
171,196342221,0,52,0,765,3,343
172,196352221,0,31,0,704,0,281
173,196362221,0,4,0,665,0,222
174,196372221,0,0,478,616,0,159
175,196382221,0,0,436,567,0,111
176,196392221,0,0,381,530,0,80
177,196402221,0,0,359,460,0,30
178,196412221,0,0,327,407,0,0
179,196422221,0,0,298,354,0,0
180,196432221,0,0,262,283,0,0
181,196442221,0,0,258,263,0,0
182,196452221,0,0,234,230,0,0
183,196462221,0,0,224,196,0,0
184,196472221,0,0,216,166,0,0
185,196482221,0,0,200,137,0,0
186,196492221,0,0,192,123,0,0
187,196502221,0,0,186,117,0,0
188,196512221,0,0,180,112,0,0
189,196522221,0,0,175,102,0,0
190,196532221,0,0,171,92,0,0
191,196542221,0,0,157,87,0,0
192,196552221,2,3,149,76,0,0
193,196562221,0,0,140,72,0,0
194,196572221,0,0,136,63,0,0
195,196582221,0,0,133,56,0,0
196,196592221,0,0,125,52,0,0
197,196602221,0,0,122,44,0,0
198,196612222,0,2,117,41,0,0
199,196622221,0,0,115,38,0,0
200,196632221,0,0,114,35,0,0
201,196642221,0,0,106,31,0,0
202,196652221,0,0,102,28,0,0
203,196662221,0,0,101,26,0,0
204,196672221,0,0,100,25,0,0
205,196682221,0,0,93,24,0,0
206,196692221,0,0,97,23,0,0
207,196702221,0,0,99,22,0,0
208,196712221,0,0,101,20,0,0
209,196722221,0,0,102,19,0,0
210,196732221,0,0,101,18,0,0
211,196742221,0,0,101,19,0,0
212,196752221,0,0,94,12,0,0
213,196762221,0,0,95,12,0,0
214,196772221,0,0,95,10,0,0
215,196782221,0,0,99,11,0,0
216,196792221,0,0,103,11,0,0
217,196802221,0,0,106,10,0,0
218,196812221,0,0,110,10,0,0
219,196822221,0,0,112,2,0,0
220,196832221,0,0,118,9,0,0
221,196842221,0,0,119,9,0,0
222,196852221,0,0,122,7,0,0
223,196862221,0,0,124,7,0,0
224,196872221,0,0,126,7,0,0
225,196882221,0,0,130,7,0,0
226,196892221,0,14,109,3,0,0
227,196902221,0,110,136,7,0,0
228,196912221,0,119,138,6,0,0
229,196922221,0,122,138,4,0,0
230,196932221,0,133,141,3,0,0
231,196942221,0,137,145,3,0,0
232,196952221,0,133,116,0,0,0
233,196962221,0,141,148,3,0,0
234,196972221,0,145,151,4,0,0
235,196982221,0,149,152,6,0,0
236,196992221,0,153,153,6,0,0
237,197002221,0,153,155,7,0,0
238,197012221,0,151,160,8,0,0
239,197022221,0,124,162,9,0,0
240,197032221,0,147,165,11,0,0
241,197042221,0,139,166,14,0,0
242,197052221,0,137,169,16,0,0
243,197062221,0,124,169,17,0,0
244,197072221,0,121,172,15,0,0
245,197082221,0,87,178,20,0,0
246,197092221,0,110,185,22,0,0
247,197102221,0,111,194,26,0,0
248,197112221,0,106,205,36,0,0
249,197122221,0,104,212,42,0,0
250,197132221,0,109,225,51,0,0
251,197142221,0,79,198,72,0,0
252,197152221,0,61,276,131,0,0
253,197162221,0,31,314,212,0,49
254,197172221,0,10,355,283,0,161
255,197182221,0,0,402,372,0,329
256,197192221,0,0,432,473,0,521
257,197202221,0,0,439,564,4,590
258,197212221,0,0,0,710,86,743
259,197222221,0,0,0,820,160,0
260,197232221,0,0,695,912,226,0
261,197242221,0,0,773,995,279,0
262,197252221,0,0,864,1056,310,1016
263,197262221,0,0,966,1101,330,1061
264,197272221,0,0,1055,1145,348,1092
265,197282221,0,0,1113,1182,355,1116
266,197292221,0,3,1162,1210,363,1131
267,197302221,0,49,1206,1235,360,1139
268,197312221,0,105,1243,1254,345,1149
269,197322221,0,177,1265,1268,341,1156
270,197332221,0,241,1278,1281,327,1158
271,197342221,0,302,1295,1293,313,1162
272,197352221,0,366,1306,1301,304,0
273,197362221,0,417,1315,1304,296,0
274,197372221,0,483,1322,1307,293,0
275,197382221,0,547,1326,1308,289,0
276,197392221,0,603,1331,1308,290,0
277,197402221,0,605,1326,1308,292,0
278,197412221,0,701,1333,1305,294,0
279,197422221,0,740,1332,1302,292,0
280,197432221,0,771,1334,1300,296,0
281,197442221,0,792,1328,1297,298,0
282,197452221,0,807,1326,1293,297,0
283,197462221,0,819,1323,1214,286,0
284,197472221,0,836,1321,1287,301,0
285,197482221,0,853,1316,1280,303,0
286,197492221,0,869,1310,1273,309,0
287,197502221,0,884,1304,1269,315,0
288,197512221,0,898,1305,1266,322,0
289,197522221,0,914,1298,1261,310,0
290,197532221,0,922,1301,1259,326,0
291,197542221,0,931,1301,1260,331,0
292,197552221,0,936,1300,1258,338,0
293,197562221,0,937,1299,1259,340,1
294,197572221,0,941,1299,1258,354,0
295,197582221,0,948,1300,1259,366,0
296,197592221,0,952,1300,1184,357,0
297,197602221,0,958,1302,1253,375,0
298,197612221,0,965,1303,1263,380,0
299,197622221,0,967,1304,1260,394,0
300,197632221,0,971,1305,1258,396,0
301,197642221,0,971,1306,1264,404,0
302,197652221,0,967,1306,1192,394,0
303,197662221,0,970,1307,1265,414,0
304,197672221,0,969,1307,1262,426,0
305,197682221,0,968,1308,1261,432,0
306,197692221,0,967,1306,1259,431,0
307,197702221,0,968,1307,1262,431,0
308,197712221,0,970,1304,1259,436,0
309,197722221,0,973,1305,1250,440,0
310,197732221,0,974,1304,1256,430,0
311,197742221,0,981,1301,1244,420,0
312,197752221,0,991,1294,1236,410,0
313,197762221,0,1001,1289,1235,393,0
314,197772221,0,1016,1287,1220,383,0
315,197782221,0,1031,1283,1205,372,0
316,197792221,0,1044,1275,1203,342,0
317,197802221,0,1014,1272,1192,328,0
318,197812221,0,981,1263,1185,309,0
319,197822221,0,442,1256,1178,294,0
320,197832221,0,0,1249,1156,283,0
321,197842221,0,0,1241,1142,266,0
322,197852221,0,0,1230,1126,254,0
323,197862221,0,0,1225,1117,235,604
324,197872221,0,0,1212,1105,223,679
325,197882221,0,0,1203,1092,208,665
326,197892221,0,0,1188,1077,188,654
327,197902221,0,0,1177,1062,181,645
328,197912221,0,0,1162,1051,164,637
329,197922221,0,0,1154,1041,145,634
330,197932221,0,487,1147,1030,129,629
331,197942221,0,0,1147,1022,122,622
332,197952221,0,0,1145,1020,115,621
333,197962221,0,0,1145,1021,111,621
334,197972221,0,0,1141,1022,116,623
335,197982221,0,1016,1138,1022,117,630
336,197992221,0,977,1132,1023,122,638
337,198002221,0,919,1123,1023,133,649
338,198012221,0,852,1113,1024,141,657
339,198022221,2,761,1098,1027,153,665
340,198032221,0,656,1088,1024,160,674
341,198042221,0,524,1068,1018,177,682
342,198052221,0,395,1043,1009,185,680
343,198062221,0,235,999,992,202,671
344,198072221,0,122,938,957,213,648
345,198082221,0,63,871,919,210,629
346,198092221,0,7,793,866,226,619
347,198102221,0,0,710,805,237,616
348,198112221,0,0,625,726,230,618
349,198122221,0,0,541,631,217,621
350,198132221,0,0,471,532,180,0
351,198142221,0,0,405,420,104,571
352,198152221,0,0,312,299,0,483
353,198162221,0,0,0,159,0,306
354,198172221,0,0,154,84,0,151
355,198182221,0,0,101,45,0,17
356,198192221,0,0,60,24,0,0
357,198202221,0,0,33,7,0,0
358,198212221,0,0,31,5,0,0
359,198222221,0,0,43,8,0,0
360,198232221,0,0,70,15,0,0
361,198242221,0,0,87,20,0,0
362,198252221,0,0,104,30,0,0
363,198262221,0,0,123,39,0,0
364,198272221,0,0,139,44,0,0
365,198282221,0,0,148,45,0,0
366,198292221,0,0,156,46,0,0
367,198302221,0,0,160,45,0,0
368,198312221,0,0,164,44,0,0
369,198322221,0,0,166,44,0,0
370,198332221,0,0,165,43,0,0
371,198342221,0,0,167,41,0,0
372,198352221,0,0,158,36,0,0
373,198362221,0,0,151,27,0,0
374,198372221,0,0,136,20,0,0
375,198382221,0,0,113,9,0,0
376,198392221,0,0,93,3,0,0
377,198402221,0,0,75,0,0,0
378,198412221,0,0,56,0,0,0
379,198422221,0,0,39,0,0,0
380,198432221,0,0,26,0,0,0
381,198442221,0,0,25,0,0,0
382,198452221,0,0,29,0,0,0
383,198462221,0,0,39,0,0,0
384,198472221,0,0,60,4,0,0
385,198482221,0,0,80,14,0,0
386,198492221,0,0,101,35,0,0
387,198502221,0,0,128,54,0,0
388,198512221,0,0,148,73,0,0
389,198522221,0,0,163,75,0,0
390,198532221,0,0,167,71,0,0
391,198542221,0,0,167,56,0,0
392,198552221,0,0,170,52,0,0
393,198562221,0,0,172,51,0,0
394,198572221,0,187,166,31,0,0
395,198582221,0,477,165,14,0,0
396,198592221,0,714,165,2,0,0
397,198602221,0,885,170,0,0,0
398,198612221,0,1002,170,0,0,0
399,198622221,0,1096,168,0,0,0
400,198632221,0,1175,164,0,0,0
401,198642221,0,1246,178,0,0,0
402,198652221,0,1310,205,1,0,0
403,198662221,0,1369,237,11,0,0
404,198672221,0,1415,254,13,0,0
405,198682221,0,1448,267,20,0,0
406,198692221,0,1477,284,33,0,0
407,198702221,0,1505,305,49,0,0
408,198712221,0,1527,334,57,0,0
409,198722221,0,1560,362,62,0,0
410,198732221,0,1588,377,72,0,0
411,198742221,0,1611,394,73,0,0
412,198752221,0,1627,421,74,0,0
413,198762221,0,1641,436,75,0,0
414,198772221,0,1651,454,80,0,0
415,198782221,0,1658,474,79,0,0
416,198792221,0,1668,487,82,0,0
417,198802221,0,1672,499,84,0,0
418,198812221,0,1671,506,57,0,0
419,198822221,0,1677,521,79,0,0
420,198832221,0,1679,525,77,0,0
421,198842221,0,1680,523,76,0,0
422,198852221,0,1678,524,74,0,0
423,198862221,0,1675,525,73,0,0
424,198872221,0,1671,516,77,0,0
425,198882221,0,1662,511,72,0,0
426,198892221,0,1657,501,73,0,0
427,198902221,0,1651,488,69,0,0
428,198912221,0,1643,485,74,0,0
429,198922221,0,1637,488,77,0,0
430,198932221,0,1630,502,85,0,0
431,198942221,0,1548,497,97,0,0
432,198952221,0,1612,583,142,0,0
433,198962221,0,1604,630,194,0,0
434,198972221,0,1589,671,231,0,0
435,198982221,0,1571,726,284,0,0
436,198992221,0,1552,772,352,0,0
437,199002221,0,1529,820,420,0,0
438,199012221,0,1511,871,503,0,0
439,199022221,0,1491,915,571,0,0
440,199032221,0,1463,953,646,0,0
441,199042221,0,1437,1008,722,0,0
442,199052221,0,1404,1073,791,0,0
443,199062221,0,1367,1111,864,0,0
444,199072221,0,1319,1143,922,0,34
445,199082221,0,1268,1174,975,0,126
446,199092221,0,1201,1202,1040,40,249
447,199102221,0,1128,1228,1078,109,355
448,199112221,0,1034,1247,1119,199,444
449,199122221,0,926,1260,1160,313,532
450,199132221,0,808,1271,1190,410,617
451,199142221,0,709,1279,1216,526,721
452,199152221,0,573,1288,1252,628,795
453,199162221,0,422,1287,1278,728,865
454,199172221,0,266,1298,1295,826,948
455,199182221,0,138,1300,1316,920,1013
456,199192221,0,14,1298,1337,996,1071
457,199202221,0,0,1288,1355,1073,1128
458,199212221,0,0,1269,1374,1133,1191
459,199222221,0,0,1248,1388,1201,1247
460,199232221,0,0,1208,1392,1256,1303
461,199242221,0,0,1147,1372,1318,1360
462,199252221,0,0,1049,1350,1334,1416
463,199262221,0,0,918,1228,1316,1356
464,199272221,0,0,818,1242,1321,1526
465,199282221,0,0,736,1172,1271,1587
466,199292221,0,0,674,1083,1168,1628
467,199302221,0,0,603,1004,1022,1649
468,199312221,0,0,518,918,827,1663
469,199322221,0,0,419,801,663,1652
470,199332221,0,0,331,690,495,1581
471,199342221,0,0,260,574,344,1452
472,199352221,0,0,184,457,203,1309
473,199362221,0,0,117,323,53,1139
474,199372221,0,0,78,186,0,842
475,199382221,0,0,55,100,0,303
476,199392221,0,0,29,40,0,0
477,199402221,0,0,12,1,0,0
478,199412221,0,0,16,1,0,0
479,199422221,0,0,24,3,0,0
480,199432221,0,0,14,0,0,0
481,199442221,2,0,1,0,0,0
482,199452221,0,0,0,0,0,0
483,199462221,0,0,0,0,0,0
484,199472221,0,0,0,0,0,0
485,199482221,0,0,0,0,0,0
486,199492221,0,0,0,0,0,0
487,199502221,0,0,0,0,0,0
488,199512221,0,0,6,0,0,0
489,199522222,0,0,6,0,0,0
490,199532221,0,0,11,0,0,0
491,199542221,0,0,17,0,0,0
492,199552221,0,0,20,3,0,0
493,199562221,0,0,19,4,0,0
494,199572221,0,0,18,1,0,0
495,199582221,0,0,5,0,0,0
496,199592221,0,0,15,0,0,0
497,199602221,0,0,21,0,0,0
498,199612221,0,0,23,2,0,0
499,199622221,0,0,29,3,0,0
500,199632221,0,0,30,3,0,0
501,199642221,0,0,30,5,0,0
502,199652221,0,0,11,1,0,0
503,199662221,0,0,25,5,0,0
504,199672221,0,0,25,6,0,0
505,199682221,0,0,26,8,0,0
506,199692221,0,0,22,8,0,0
507,199702221,0,0,16,10,0,0
508,199712221,0,0,10,9,0,0
509,199722221,0,0,8,7,0,0
510,199732221,0,0,6,4,0,0
511,199742221,0,0,1,2,0,0
512,199752221,0,0,1,0,0,0
513,199762221,0,0,0,0,0,0
514,199772221,0,0,0,0,0,0
515,199782221,0,0,0,0,0,0
516,199792221,0,7,0,0,0,0
517,199802221,0,137,3,0,0,0
518,199812221,0,309,27,0,0,0
519,199822221,0,552,62,0,0,0
520,199832221,0,743,86,0,0,0
521,199842221,0,919,88,0,0,0
522,199852221,0,1049,74,0,0,0
523,199862221,0,1141,66,0,0,0
524,199872221,0,1239,67,0,0,0
525,199882221,0,1316,80,0,0,0
526,199892221,0,1379,90,0,0,0
527,199902221,0,1420,85,0,0,0
528,199912221,0,1439,83,0,0,0
529,199922221,0,1453,88,0,0,0
530,199932221,0,1469,102,0,0,0
531,199942221,0,1487,117,7,0,0
532,199952221,0,1506,169,26,0,0
533,199962221,0,1520,202,38,0,0
534,199972221,0,1538,230,43,0,0
535,199982221,0,1548,261,53,0,0
536,199992221,0,1554,284,59,0,0
537,200002221,0,1557,324,73,0,0
538,200012221,0,1555,355,92,0,0
539,200022221,0,1548,379,121,0,0
540,200032221,0,1541,426,152,0,0
541,200042221,0,1528,452,174,0,6
542,200052221,0,1520,473,206,0,71
543,200062221,0,1511,493,220,0,142
544,200072221,0,1500,522,241,0,200
545,200082221,0,1487,549,269,0,271
546,200092221,0,1473,565,311,0,341
547,200102221,0,1461,600,349,17,403
548,200112221,0,1451,636,385,65,472
549,200122221,0,1444,670,434,101,525
550,200132221,0,1434,694,480,153,568
551,200142221,0,1426,727,517,188,606
552,200152221,0,1406,756,544,234,649
553,200162221,0,1391,781,580,275,710
554,200172221,0,1378,810,604,321,767
555,200182221,0,1360,836,649,379,838
556,200192221,0,1338,861,687,458,892
557,200202221,0,1319,876,725,521,939
558,200212221,0,1299,895,757,570,993
559,200222221,0,1272,911,789,649,1046
560,200232221,0,1244,931,814,714,1091
561,200242221,0,1211,948,848,783,1128
562,200252221,0,1157,886,856,776,1169
563,200262221,0,1168,984,904,876,1207
564,200272221,0,1142,997,925,916,1243
565,200282221,0,1110,1010,942,948,1256
566,200292221,0,1067,1017,961,985,0
567,200302221,0,1019,1028,983,1032,0
568,200312221,0,936,951,984,987,0
569,200322221,0,799,1045,1028,1081,0
570,200332221,0,871,1055,1050,1095,0
571,200342221,0,847,1070,1073,1080,1
572,200352221,0,808,1084,1094,1034,0
573,200362221,0,768,1098,1109,955,0
574,200372221,0,710,1105,1052,856,0
575,200382221,0,634,1112,1132,775,1203
576,200392221,0,533,1114,1142,648,1165
577,200402221,0,390,1112,1147,497,0
578,200412221,0,290,1100,1147,363,1105
579,200422221,0,203,1070,1137,200,1062
580,200432221,0,155,1001,1041,9,0
581,200442221,0,120,0,1058,0,798
582,200452221,0,86,915,969,0,572
583,200462221,0,61,883,852,0,272
584,200472221,0,54,849,733,0,37
585,200482221,0,71,765,617,0,0
586,200492221,0,37,661,441,0,0
587,200502221,0,0,531,203,0,0
588,200512221,0,0,462,123,0,3
589,200522221,0,0,435,105,0,0
590,200532221,0,0,408,84,0,0
591,200542221,0,0,359,56,0,0
592,200552221,0,0,317,41,0,0
593,200562221,0,0,288,32,0,0
594,200572221,0,0,268,26,0,0
595,200582221,0,0,239,29,0,0
596,200592221,0,0,221,28,2,0
597,200602221,0,0,216,32,0,0
598,200612221,0,0,221,36,0,0
599,200622221,0,0,219,41,0,0
600,200632221,0,0,191,32,0,0
601,200642221,0,0,216,49,0,0
602,200652221,0,0,202,46,0,0
603,200662221,0,0,180,39,0,0
604,200672221,0,0,156,29,0,0
605,200682221,0,0,145,23,0,0
606,200692221,0,0,120,18,0,0
607,200702221,0,0,105,22,0,0
608,200712221,0,0,99,16,0,0
609,200722221,0,0,93,13,0,0
610,200732221,0,0,93,13,0,0
611,200742221,0,0,90,10,0,0
612,200752221,0,0,87,12,0,0
613,200762221,0,0,89,16,0,0
614,200772221,0,0,93,14,0,0
615,200782221,0,0,100,15,0,0
616,200792221,0,0,97,15,0,0
617,200802221,0,0,98,13,0,0
618,200812221,0,0,95,10,0,0
619,200822221,0,0,102,2,0,0
620,200832221,0,0,93,0,0,0
621,200842221,0,0,80,0,0,0
622,200852221,0,1,69,0,0,0
623,200862221,0,314,55,0,0,0
624,200872221,0,428,28,0,0,0
625,200882221,0,678,37,0,0,0
626,200892221,0,919,33,0,0,0
627,200902221,0,1063,25,0,0,0
628,200912221,0,1165,21,0,0,0
629,200922221,0,1284,23,0,0,0
630,200932221,0,1368,22,0,0,0
631,200942221,0,1428,40,0,0,0
632,200952221,0,1475,50,0,0,0
633,200962221,0,1523,92,0,0,0
634,200972221,0,1565,125,0,0,0
635,200982221,0,1585,152,14,0,0
636,200992221,0,1604,199,43,0,0
637,201002221,0,1621,270,63,0,0
638,201012221,0,1638,331,82,0,0
639,201022221,0,1611,334,109,0,0
640,201032221,0,1660,430,165,0,0
641,201042221,0,1675,478,202,0,0
642,201052221,0,1684,531,227,0,0
643,201062221,0,1689,567,251,0,0
644,201072221,0,1695,597,276,0,0
645,201082221,0,1698,627,304,0,0
646,201092221,0,1608,610,301,0,0
647,201102221,0,1698,683,373,0,0
648,201112221,0,1700,713,411,0,0
649,201122221,0,1691,749,458,0,0
650,201132221,0,1681,791,496,0,0
651,201142221,0,1673,824,537,0,0
652,201152221,0,1666,858,573,0,0
653,201162221,0,1657,884,602,0,0
654,201172221,0,1652,906,630,0,0
655,201182221,0,1644,932,654,0,0
656,201192221,0,1637,952,695,0,0
657,201202221,0,1625,978,731,0,0
658,201212221,0,1614,1005,762,0,0
659,201222221,0,1602,1042,806,0,0
660,201232221,0,1586,1067,843,0,0
661,201242221,0,1571,1093,876,0,0
662,201252221,0,1555,1110,912,0,0
663,201262221,0,1532,1126,942,0,12
664,201272221,0,1514,1139,970,0,61
665,201282221,0,1493,1152,996,0,143
666,201292221,0,1467,1166,1018,0,245
667,201302221,0,1436,1178,1045,0,328
668,201312221,0,1403,1188,1067,0,408
669,201322221,0,1365,1193,1091,29,500
670,201332221,0,1320,1208,1118,77,602
671,201342221,0,1278,1216,1140,158,700
672,201352221,0,1214,1128,1141,203,786
673,201362221,0,1200,1227,1184,332,854
674,201372221,0,0,1232,1202,410,925
675,201382221,0,0,1238,1215,502,981
676,201392221,0,0,1238,1234,608,1031
677,201402221,0,966,1240,1243,697,1077
678,201412221,0,913,1241,1255,791,1116
679,201422221,0,827,1242,1268,868,1167
680,201432221,0,731,1243,1277,938,1204
681,201442221,0,625,1241,1291,999,1239
682,201452221,0,506,1240,1302,1066,1274
683,201462221,0,373,1240,1313,1129,1306
684,201472221,0,256,1239,1325,1182,1335
685,201482221,0,148,1233,1335,1214,1286
686,201492221,0,53,1231,1350,1276,1397
687,201502221,0,0,1224,1363,1321,1427
688,201512221,0,0,1209,1371,1354,1449
689,201522221,0,0,1196,1382,1381,1475
690,201532221,0,0,1180,1386,1415,1506
691,201542221,0,0,1161,1391,1430,1540
692,201552221,0,0,1131,1395,1415,1476
693,201562221,0,0,1108,1398,1446,1576
694,201572221,0,0,1046,1403,1438,1625
695,201582221,0,0,980,1400,1419,1652
696,201592221,0,0,941,1390,1382,1679
697,201602221,0,0,917,1370,1328,1705
698,201612221,0,0,892,1340,1243,1734
699,201622221,0,0,877,1238,1088,1632
700,201632221,0,0,863,1276,965,1774
701,201642221,0,0,865,1241,783,1784
702,201652221,0,0,860,1207,551,1781
703,201662221,0,0,843,1164,310,1765
704,201672221,0,0,806,1109,131,1724
705,201682221,0,0,760,1054,40,1660
706,201692221,0,0,685,983,2,1587
707,201702221,0,0,592,890,0,1498
708,201712221,0,0,483,733,0,1365
709,201722221,0,0,421,596,0,1199
710,201732221,0,0,358,457,0,974
711,201742221,0,0,307,338,0,568
712,201752221,0,0,211,194,0,48
713,201762221,0,0,172,88,0,0
714,201772221,0,0,134,53,0,0
715,201782221,0,0,128,50,0,0
716,201792221,0,0,104,43,0,0
717,201802221,0,0,93,32,0,0
718,201812221,0,0,74,19,0,0
719,201822221,0,0,29,2,0,0
720,201832221,0,0,42,0,0,0
721,201842221,0,0,33,0,0,0
722,201852221,0,0,28,0,0,0
723,201862221,0,0,30,0,0,0
724,201872221,0,0,35,0,0,0
725,201882221,0,0,38,0,0,0
726,201892221,0,0,44,0,0,0
727,201902221,0,0,56,0,0,0
728,201912221,0,0,63,3,0,0
729,201922221,0,0,79,5,0,0
730,201932221,0,0,103,14,0,0
731,201942221,0,0,119,21,0,0
732,201952221,0,0,126,25,0,0
733,201962221,0,0,137,26,0,0
734,201972221,0,0,143,28,0,0
735,201982221,0,0,147,27,0,0
736,201992221,0,0,151,36,0,2
737,202002221,0,0,155,34,0,0
738,202012221,0,0,123,18,0,0
739,202022221,0,0,143,28,0,0
740,202032221,0,0,122,19,0,0
741,202042221,0,0,116,19,0,0
742,202052221,0,0,113,14,0,0
743,202062221,0,0,119,23,0,0
744,202072221,0,0,123,18,0,0
745,202082221,0,0,132,20,0,0
746,202092221,0,0,143,23,0,0
747,202102221,0,0,148,25,0,0
748,202112221,0,0,152,23,0,0
749,202122221,0,0,159,32,0,0
750,202132221,0,0,166,35,0,0
751,202142221,0,0,165,30,0,0
752,202152221,0,0,160,21,0,0
753,202162221,0,75,178,14,0,0
754,202172221,0,380,165,0,0,0
755,202182221,0,751,136,0,0,0
756,202192221,0,1033,123,0,0,0
757,202202221,0,1192,123,0,0,0
758,202212221,0,1275,130,0,0,0
759,202222221,0,1339,151,0,0,0
760,202232221,0,1396,156,0,0,0
761,202242221,0,1447,208,1,0,0
762,202252221,0,1493,234,25,0,0
763,202262221,0,1528,266,55,0,0
764,202272221,0,1569,316,73,0,0
765,202282221,0,1601,362,108,0,0
766,202292221,0,1621,413,151,0,0
767,202302221,0,1638,486,209,0,0
768,202312221,0,1649,572,263,0,0
769,202322221,0,1655,636,337,0,0
770,202332221,0,1592,695,398,0,0
771,202342221,0,1671,735,449,0,0
772,202352221,0,1672,779,504,0,0
773,202362221,0,1669,816,563,0,0
774,202372221,0,1655,852,607,0,0
775,202382221,0,1638,875,637,0,0
776,202392221,0,1625,898,670,0,0
777,202402221,0,1610,922,711,0,0
778,202412221,0,1595,935,738,0,0
779,202422221,0,1576,952,764,0,0
780,202432221,0,1551,959,794,0,0
781,202442221,0,1524,968,809,0,0
782,202452221,0,1491,976,829,0,0
783,202462221,0,1454,973,841,0,2
784,202472221,0,1422,984,870,0,73
785,202482221,0,1387,990,886,0,140
786,202492221,0,1349,999,908,0,204
787,202502221,0,1283,0,928,16,283
788,202512221,0,0,0,950,38,368
789,202522221,0,0,0,971,80,455
790,202532221,0,0,0,945,103,483
791,202542221,0,0,0,1003,185,599
792,202552221,0,0,950,1014,248,655
793,202562221,0,0,952,1032,308,698
794,202572221,0,0,959,1046,371,748
795,202582221,0,0,1036,1068,426,800
796,202592221,0,809,1057,1023,488,768
797,202602221,0,804,1066,1112,564,887
798,202612221,0,752,1075,1134,621,943
799,202622221,0,696,1082,1156,698,991
800,202632221,0,650,1094,1175,759,1031
801,202642221,0,593,1100,1196,818,0
802,202652221,0,517,1108,1222,874,0
803,202662221,0,456,1119,1240,933,1164
804,202672221,0,346,1129,1259,982,1211
805,202682221,0,235,1140,1283,1033,1261
806,202692221,0,148,1149,1304,1070,1311
807,202702221,0,55,1154,1322,1118,1349
808,202712221,0,0,1159,1340,1172,1384
809,202722221,0,0,1089,1316,1164,1422
810,202732221,0,0,1147,1380,1265,1419
811,202742221,0,0,1139,1391,1303,0
812,202752221,0,0,1123,1402,1335,0
813,202762221,0,0,1096,1413,1367,0
814,202772221,0,0,1062,1413,1393,0
815,202782221,0,0,998,1399,1407,0
816,202792221,0,0,930,1376,1402,0
817,202802221,0,0,861,1332,1366,1680
818,202812221,0,0,781,1282,1282,1704
819,202822221,0,0,737,1195,1156,1733
820,202832221,0,0,682,1115,1005,1752
821,202842221,0,0,610,1023,750,1760
822,202852221,0,0,515,927,528,1740
823,202862221,0,0,430,848,350,1675
824,202872221,0,0,343,735,219,1574
825,202882221,0,0,271,610,66,1443
826,202892221,0,0,219,473,0,1248
827,202902221,0,0,205,341,0,864
828,202912221,0,0,186,213,0,98
829,202922221,0,0,166,76,0,0
830,202932221,0,0,174,70,0,0
831,202942221,0,0,187,77,0,0
832,202952221,0,0,190,79,0,0
833,202962221,0,0,180,61,0,0
834,202972221,0,0,168,51,0,0
835,202982221,0,0,158,38,0,0
836,202992221,0,0,151,28,0,0
837,203002221,0,0,140,22,0,0
838,203012221,0,0,138,18,0,0
839,203022221,0,0,128,10,0,0
840,203032221,0,0,132,8,0,0
841,203042221,0,0,110,1,0,0
842,203052221,0,0,149,0,0,0
843,203062221,0,0,159,0,0,0
844,203072221,0,0,174,0,0,0
845,203082221,0,0,186,0,0,0
846,203092221,0,0,182,0,0,0
847,203102221,0,0,149,0,0,0
848,203112221,0,0,158,0,0,0
849,203122221,0,0,149,0,0,0
850,203132221,0,0,151,0,0,0
851,203142221,0,0,156,0,0,0
852,203152221,0,0,157,0,0,0
853,203162221,0,0,164,0,0,0
854,203172221,0,0,185,0,0,0
855,203182221,0,0,215,1,0,0
856,203192221,0,0,242,6,0,0
857,203202221,0,0,270,21,0,0
858,203212221,0,0,296,29,0,0
859,203222221,0,0,311,41,0,0
860,203232221,0,0,290,33,0,0
861,203242221,0,0,362,56,0,0
862,203252221,0,103,436,85,0,0
863,203262221,0,223,665,187,0,0
864,203272221,0,231,790,287,0,0
865,203282221,0,250,896,436,0,0
866,203292221,0,326,994,573,0,0
867,203302221,0,418,991,662,0,0
868,203312221,0,573,1096,787,0,0
869,203322221,0,0,1132,868,0,0
870,203332221,0,797,1170,930,0,0
871,203342221,0,890,1196,972,0,0
872,203352221,0,957,1225,1004,0,0
873,203362221,0,1015,1245,1031,0,0
874,203372221,0,1074,1265,1046,0,0
875,203382221,0,1129,1276,1051,0,0
876,203392221,0,1181,1288,1052,0,2
877,203402221,0,1227,1292,1052,0,0
878,203412221,0,1255,1295,1048,0,1
879,203422221,0,1288,1297,1046,0,0
880,203432221,0,1191,1294,1041,0,0
881,203442221,0,0,1300,1034,0,0
882,203452221,0,1338,1298,1027,0,0
883,203462221,0,1352,1296,1019,0,0
884,203472221,0,1360,1295,1016,0,1
885,203482221,0,1363,1297,1016,0,0
886,203492221,0,1362,1294,1017,0,0
887,203502221,0,1359,1300,1023,0,0
888,203512221,0,1354,1302,1031,0,0
889,203522221,0,1347,1304,1044,0,0
890,203532221,0,1335,1307,1065,0,0
891,203542221,0,1324,1316,1063,0,0
892,203552221,0,1315,1322,1084,0,0
893,203562221,0,1293,1330,1098,0,0
894,203572221,0,1272,1339,1118,0,0
895,203582221,0,1254,1348,1135,0,0
896,203592221,0,1237,1357,1158,0,0
897,203602221,0,1213,1364,1175,0,0
898,203612221,0,1193,1372,1190,0,0
899,203622221,0,1170,1371,1203,0,0
900,203632221,0,1126,1378,1234,0,0
901,203642221,0,0,1382,1247,0,0
902,203652221,0,0,1389,1265,0,0
903,203662221,0,0,1394,1281,5,0
904,203672221,0,904,1400,1299,0,56
905,203682221,0,819,1406,1312,36,163
906,203692221,0,749,1415,1331,132,298
907,203702221,0,666,1416,1340,275,451
908,203712221,0,572,1418,1361,406,630
909,203722221,0,484,1418,1378,590,753
910,203732221,0,375,1415,1387,754,860
911,203742221,0,252,1419,1404,890,949
912,203752221,0,144,1418,1419,1007,1009
913,203762221,0,42,1333,1395,1097,1058
914,203772221,0,0,1396,1445,1165,1111
915,203782221,0,0,1379,1454,1229,1160
916,203792221,0,0,1341,1461,1286,1198
917,203802221,0,0,1306,1462,1337,1260
918,203812221,0,0,1256,1455,1375,1317
919,203822221,0,0,1195,1438,1407,1375
920,203832221,0,0,1128,1396,1429,1431
921,203842221,0,0,1041,1328,1438,1478
922,203852221,0,0,916,1229,1430,1524
923,203862221,0,0,780,1105,1401,1572
924,203872221,0,0,647,974,1339,1608
925,203882221,0,0,489,821,1229,1628
926,203892221,0,0,348,635,1094,1530
927,203902221,0,0,213,450,955,1615
928,203912221,0,0,65,260,783,1543
929,203922221,0,0,0,118,659,1441
930,203932221,0,0,0,47,518,1384
931,203942221,0,0,0,8,343,1273
932,203952221,0,0,0,0,183,1117
933,203962221,0,0,0,0,38,855
934,203972221,0,0,0,0,0,367
935,203982221,0,0,0,0,0,0
936,203992221,1,0,0,0,0,0
937,204002221,0,0,0,0,0,33
938,204012221,0,0,0,0,0,89
939,204022221,0,0,0,0,0,47
940,204032221,0,0,0,0,0,0
941,204042221,0,0,0,0,0,0
942,204052221,0,0,0,0,0,0
943,204062221,0,0,0,0,0,0
944,204072221,0,0,0,0,0,0
945,204082221,0,0,0,0,0,0
946,204092221,0,0,0,0,0,0
947,204102221,0,0,0,0,0,0
948,204112221,0,0,0,0,0,0
949,204122221,0,0,0,0,0,0
950,204132221,0,0,0,0,0,0
951,204142221,0,0,0,0,0,0
952,204152221,0,0,0,0,0,0
953,204162221,0,0,0,0,0,0
954,204172221,0,0,0,0,0,0
955,204182221,0,0,0,0,0,0
956,204192221,0,0,0,0,0,0
957,204202221,0,0,0,0,0,0
958,204212221,0,0,0,0,0,0
959,204222221,0,0,0,0,0,0
960,204232221,0,0,0,0,0,0
961,204242221,0,0,0,0,0,0
962,204252221,0,0,0,0,0,0
963,204262221,0,0,0,0,0,0
964,204272221,0,0,0,0,0,0
965,204282221,0,0,0,0,0,0
966,204292221,0,0,0,0,0,0
967,204302221,0,0,18,0,0,0
968,204312221,0,0,40,0,0,0
969,204322221,0,0,56,0,0,0
970,204332221,0,0,70,0,0,0
971,204342221,0,0,77,0,0,0
972,204352221,0,0,78,0,0,0
973,204362221,0,95,58,0,0,0
974,204372221,0,365,52,0,0,0
975,204382221,0,762,58,0,0,0
976,204392221,0,1055,54,0,0,0
977,204402221,0,1212,49,0,0,0
978,204412221,0,1310,61,0,0,0
979,204422221,0,1399,96,0,0,0
980,204432221,0,1471,136,0,0,0
981,204442221,0,1528,173,0,0,0
982,204452221,0,1577,228,15,0,0
983,204462221,0,1606,286,45,0,0
984,204472221,0,1621,342,50,0,0
985,204482221,0,1634,394,78,0,0
986,204492221,0,1643,484,119,0,0
987,204502221,0,1653,561,184,0,0
988,204512221,0,1657,622,270,0,0
989,204522221,0,1659,690,354,0,0
990,204532221,0,1659,743,426,0,0
991,204542221,0,1647,786,431,0,0
992,204552221,0,1636,820,524,0,0
993,204562221,0,1618,858,555,0,0
994,204572221,0,1593,869,583,0,0
995,204582221,0,1568,880,606,0,0
996,204592221,0,1542,890,621,0,0
997,204602221,0,1511,901,646,0,36
998,204612221,0,1463,842,627,0,80
999,204622221,0,1445,915,674,0,179
1000,204632221,0,1400,918,685,21,241
1001,204642221,0,1360,921,697,60,297
1002,204652221,0,0,926,708,108,345
1003,204662221,0,0,932,720,156,397
1004,204672221,0,0,937,733,196,435
1005,204682221,0,0,934,746,236,463
1006,204692221,0,0,945,760,282,505
1007,204702221,0,0,949,780,332,544
1008,204712221,0,0,953,802,365,575
1009,204722221,0,1092,964,826,410,612
1010,204732221,0,1049,972,848,461,651
1011,204742221,0,1002,982,871,539,704
1012,204752221,0,938,996,900,613,764
1013,204762221,0,882,1008,926,692,816
1014,204772221,0,840,1020,962,762,872
1015,204782221,0,776,1040,997,829,0
1016,204792221,0,713,1048,1033,905,0
1017,204802221,0,658,1061,1064,970,1054
1018,204812221,0,547,1006,1051,976,1137
1019,204822221,0,518,1080,1128,1088,1199
1020,204832221,0,437,1097,1173,1144,1259
1021,204842221,0,335,1112,1210,1186,1308
1022,204852221,0,227,1124,1254,1236,1359
1023,204862221,0,146,1133,1282,1273,1397
1024,204872221,0,53,1142,1234,1278,1325
1025,204882221,0,0,1145,1323,1339,0
1026,204892221,0,0,1139,1343,1378,0
1027,204902221,0,0,1123,1366,1403,0
1028,204912221,0,0,1099,1379,1431,0
1029,204922221,0,0,1069,1387,1439,0
1030,204932221,0,0,1045,1397,1447,0
1031,204942221,0,0,929,1377,1363,0
1032,204952221,0,0,989,1397,1444,0
1033,204962221,0,0,933,1377,1430,0
1034,204972221,0,0,842,1341,1403,0
1035,204982221,0,0,761,1292,1352,855
1036,204992221,0,0,716,1204,1268,1750
1037,205002221,0,0,659,1121,1147,1768
1038,205012221,0,0,601,1018,1012,1782
1039,205022221,0,0,530,927,828,1778
1040,205032221,0,0,448,791,643,1761
1041,205042221,0,0,352,654,477,1684
1042,205052221,0,0,266,541,346,1609
1043,205062221,0,0,173,422,233,1509
1044,205072221,0,0,91,295,121,1379
1045,205082221,0,0,48,186,12,1225
1046,205092221,0,0,12,102,0,970
1047,205102221,0,0,0,57,0,513
1048,205112221,0,0,0,5,0,0
1049,205122221,0,0,0,0,0,0
1050,205132221,0,0,0,0,0,0
1051,205142221,0,0,0,0,0,0
1052,205152221,0,0,0,0,0,0
1053,205162221,0,0,0,0,0,0
1054,205172221,0,0,0,0,0,0
1055,205182221,0,0,0,0,0,0
1056,205192221,0,0,0,0,0,0
1057,205202221,0,0,0,0,0,0
1058,205212221,0,0,0,0,0,0
1059,205222221,0,0,0,0,0,0
1060,205232221,0,0,0,0,0,0
1061,205242221,0,0,0,0,0,0
1062,205252221,0,0,0,0,0,0
1063,205262221,0,0,0,0,0,0
1064,205272221,0,0,0,0,0,0
1065,205282221,0,0,0,0,0,0
1066,205292221,0,0,0,0,0,0
1067,205302221,0,0,3,0,0,0
1068,205312221,0,0,0,0,0,0
1069,205322221,0,0,0,0,0,0
1070,205332221,0,0,1,0,0,0
1071,205342221,0,0,3,0,0,0
1072,205352221,0,0,11,0,0,0
1073,205362221,0,0,21,0,0,0
1074,205372221,0,0,26,0,0,0
1075,205382221,0,0,26,0,0,0
1076,205392221,0,0,21,0,0,0
1077,205402221,0,0,9,0,0,0
1078,205412221,0,0,0,0,0,0
1079,205422221,0,0,0,0,0,0
1080,205432221,0,0,0,0,0,0
1081,205442221,0,0,0,0,0,0
1082,205452221,0,0,0,0,0,0
1083,205462221,0,0,0,0,0,0
1084,205472221,0,0,0,0,0,0
1085,205482221,0,0,0,0,0,0
1086,205492221,0,0,0,0,0,0
1087,205502221,0,0,5,0,0,0
1088,205512221,0,0,22,0,0,0
1089,205522221,0,0,25,0,0,0
1090,205532221,0,0,31,2,0,0
1091,205542221,0,0,29,0,0,0
1092,205552221,0,0,31,0,0,0
1093,205562221,0,0,27,0,0,0
1094,205572221,0,110,39,0,0,0
1095,205582221,0,453,47,0,0,0
1096,205592221,0,874,47,0,0,0
1097,205602221,0,1121,55,0,0,0
1098,205612221,0,1244,51,0,0,0
1099,205622221,0,1317,66,0,0,0
1100,205632221,0,1392,83,0,0,0
1101,205642221,0,1465,107,0,0,0
1102,205652221,0,1527,138,0,0,0
1103,205662221,0,1582,168,3,0,0
1104,205672221,0,1621,217,19,0,0
1105,205682221,0,1641,249,48,0,0
1106,205692221,2,1654,294,71,0,0
1107,205702221,0,1660,349,92,0,0
1108,205712221,0,1672,432,140,0,0
1109,205722221,0,1685,521,185,0,0
1110,205732221,0,1685,565,240,0,0
1111,205742221,0,1687,604,273,0,0
1112,205752221,0,1687,627,308,0,0
1113,205762221,0,1686,654,340,0,0
1114,205772221,0,1681,667,365,0,0
1115,205782221,0,1670,678,388,0,0
1116,205792221,0,1656,692,400,0,0
1117,205802221,0,1642,708,414,0,0
1118,205812221,0,1629,723,431,0,0
1119,205822221,0,1611,732,458,0,0
1120,205832221,0,1586,749,488,0,0
1121,205842221,0,1560,775,530,0,0
1122,205852221,0,1529,795,563,0,48
1123,205862221,0,1504,822,601,0,108
1124,205872221,0,1472,851,647,0,166
1125,205882221,0,1439,875,686,0,253
1126,205892221,0,1392,910,749,31,316
1127,205902221,0,1340,943,807,90,390
1128,205912221,0,1292,980,870,145,477
1129,205922221,0,1234,1008,916,217,555
1130,205932221,0,1162,1033,964,275,620
1131,205942221,0,1106,1052,1010,341,685
1132,205952221,0,0,1076,1053,405,743
1133,205962221,0,0,1094,1094,474,795
1134,205972221,0,0,1102,1127,547,800
1135,205982221,0,0,1122,1164,649,0
1136,205992221,0,590,1133,1195,732,0
1137,206002221,0,640,1147,1223,801,997
1138,206012221,0,562,1162,1251,877,1061
1139,206022221,0,474,1174,1274,956,1107
1140,206032221,0,391,1181,1298,1012,1161
1141,206042221,0,281,1189,1312,1076,1205
1142,206052221,0,189,1192,1331,1128,1242
1143,206062221,0,122,1197,1348,1195,1278
1144,206072221,0,61,1196,1363,1249,0
1145,206082221,0,18,1196,1377,1293,0
1146,206092221,0,0,1193,1390,1333,0
1147,206102221,0,0,1106,1348,1306,0
1148,206112221,0,0,1169,1416,1395,0
1149,206122221,0,0,1148,1425,1421,1038
1150,206132221,0,0,1128,1430,1443,1486
1151,206142221,0,0,1110,1435,1465,1511
1152,206152221,0,0,1081,1437,1481,1529
1153,206162221,0,0,1042,1435,1492,1556
1154,206172221,0,0,986,1423,1501,1576
1155,206182221,0,0,925,1398,1511,1596
1156,206192221,0,0,887,1365,1512,1624
1157,206202221,0,0,823,1316,1506,1644
1158,206212221,0,0,755,1250,1488,0
1159,206222221,0,0,667,1168,1447,0
1160,206232221,0,0,610,1083,1344,1704
1161,206242221,0,0,553,966,1218,1718
1162,206252221,0,0,473,844,1041,1716
1163,206262221,0,0,393,682,816,1704
1164,206272221,0,0,304,546,545,0
1165,206282221,0,0,233,421,339,1557
1166,206292221,0,0,158,325,180,1418
1167,206302221,0,0,124,254,46,1280
1168,206312221,0,0,120,187,0,1118
1169,206322221,0,0,106,148,0,878
1170,206332221,0,0,105,102,0,429
1171,206342221,0,0,78,56,0,0
1172,206352221,0,0,48,17,0,0
1173,206362221,0,0,28,15,0,0
1174,206372221,0,0,6,7,0,9
1175,206382221,0,0,0,0,0,4
1176,206392221,0,0,0,0,0,0
1177,206402221,0,0,0,0,0,0
1178,206412221,0,0,0,0,0,0
1179,206422221,0,0,0,0,0,0
1180,206432221,0,6,0,0,0,0
1181,206442221,0,0,0,0,0,0
1182,206452221,0,0,0,0,0,0
1183,206462221,0,0,0,0,0,0
1184,206472221,0,0,6,0,0,0
1185,206482221,0,0,22,1,0,0
1186,206492221,0,0,37,5,0,0
1187,206502221,0,0,42,14,0,0
1188,206512221,0,0,49,14,0,0
1189,206522221,0,0,48,11,0,0
1190,206532221,0,0,44,5,0,0
1191,206542221,0,0,36,1,0,0
1192,206552221,0,0,25,0,0,0
1193,206562221,0,0,22,0,0,0
1194,206572221,0,0,18,0,0,0
1195,206582221,0,0,9,0,0,0
1196,206592221,0,0,6,0,0,0
1197,206602221,0,0,4,0,0,0
1198,206612221,0,0,4,0,0,0
1199,206622221,0,0,1,0,0,0
1200,206632221,0,0,0,0,0,0
1201,206642221,0,0,0,0,0,0
1202,206652221,0,0,0,0,0,0
1203,206662221,0,0,0,0,0,0
1204,206672221,0,0,0,0,0,0
1205,206682221,0,0,0,0,0,0
1206,206692221,0,0,0,0,0,0
1207,206702221,0,0,0,0,0,0
1208,206712221,0,0,0,0,0,0
1209,206722221,0,0,0,0,0,0
1210,206732221,0,0,0,0,0,0
1211,206742221,0,0,0,0,0,0
1212,206752221,0,0,0,0,0,0
1213,206762221,0,0,0,0,0,0
1214,206772221,0,0,0,0,0,0
1215,206782221,0,9,0,0,0,0
1216,206792221,0,81,0,0,0,0
1217,206802221,0,177,0,0,0,0
1218,206812221,0,296,0,0,0,0
1219,206822221,0,458,0,0,2,0
1220,206832222,0,597,0,0,0,0
1221,206842221,0,741,0,0,0,0
1222,206852221,0,839,0,0,0,0
1223,206862221,0,908,0,0,0,0
1224,206872221,0,948,0,0,0,0
1225,206882221,0,959,0,0,0,0
1226,206892221,0,955,59,0,0,0
1227,206902221,0,915,110,2,1,192
1228,206912221,0,973,220,44,71,430
1229,206922221,0,986,270,97,190,632
1230,206932221,0,1010,331,150,309,747
1231,206942221,0,1042,371,218,418,855
1232,206952221,0,1075,432,274,556,925
1233,206962221,0,1111,492,339,661,987
1234,206972221,0,1143,541,401,784,1054
1235,206982221,0,1169,588,453,871,1103
1236,206992221,0,1173,638,527,942,1146
1237,207002221,0,1176,680,567,1001,1182
1238,207012221,0,1175,716,599,1066,1211
1239,207022221,0,1178,746,625,1104,1237
1240,207032221,0,1159,721,625,1074,1178
1241,207042221,0,1172,809,686,1150,1267
1242,207052221,0,1162,829,719,1169,1283
1243,207062221,0,1146,849,745,1181,1292
1244,207072221,0,1133,864,764,1195,1297
1245,207082221,0,1116,874,782,1212,1305
1246,207092221,0,1099,884,795,1237,1308
1247,207102221,0,1048,816,792,1183,1315
1248,207112221,0,1048,895,820,1279,1326
1249,207122221,0,1015,903,837,1299,1336
1250,207132221,0,982,907,852,1321,1350
1251,207142221,0,964,910,862,1328,1354
1252,207152221,0,941,915,877,1339,1363
1253,207162221,0,916,913,887,1351,1368
1254,207172221,0,892,919,897,1359,1372
1255,207182221,0,877,921,910,1363,1374
1256,207192221,0,863,928,920,1361,1379
1257,207202221,0,856,937,934,1365,1381
1258,207212221,0,846,940,945,1369,1386
1259,207222221,0,839,944,958,1378,1387
1260,207232221,0,811,949,973,1384,1394
1261,207242221,0,0,952,985,1388,1397
1262,207252221,0,0,955,996,1396,1404
1263,207262221,0,0,956,1005,1405,1413
1264,207272221,0,0,961,1023,1422,1426
1265,207282221,0,0,963,1043,1433,1441
1266,207292221,0,0,966,1061,1447,0
1267,207302221,0,0,967,1012,1430,0
1268,207312221,0,0,963,1095,1476,0
1269,207322221,0,0,959,1107,1490,0
1270,207332221,0,0,952,1116,1500,0
1271,207342221,0,0,953,1139,1512,0
1272,207352221,0,171,945,1155,1519,0
1273,207362221,0,122,939,1174,1527,0
1274,207372221,0,64,936,1188,1542,0
1275,207382221,0,30,933,1204,1550,0
1276,207392221,0,4,940,1221,1559,0
1277,207402221,0,0,948,1233,1562,0
1278,207412221,0,0,958,1248,1565,0
1279,207422221,0,0,967,1257,1568,0
1280,207432221,0,0,956,1202,1535,0
1281,207442221,0,0,953,1286,1566,0
1282,207452221,0,0,945,1301,1562,0
1283,207462221,0,0,916,1300,1551,0
1284,207472221,0,0,884,1303,1525,0
1285,207482221,0,0,853,1295,1484,0
1286,207492221,0,0,807,1266,1411,0
1287,207502221,0,0,768,1234,1275,0
1288,207512221,0,0,731,1187,1100,0
1289,207522221,0,0,719,1134,914,1837
1290,207532221,0,0,729,1095,708,1847
1291,207542221,0,0,734,1060,474,1821
1292,207552221,0,0,735,1016,271,1782
1293,207562221,0,0,725,970,102,1714
1294,207572221,0,0,696,919,16,1620
1295,207582221,0,0,629,854,0,1517
1296,207592221,0,0,529,724,0,1361
1297,207602221,0,0,436,570,0,1184
1298,207612221,0,0,386,416,0,961
1299,207622221,0,0,341,296,0,596
1300,207632221,0,0,310,184,0,40
1301,207642221,0,0,220,58,0,0
1302,207652221,0,0,200,46,0,0
1303,207662221,0,0,183,39,0,0
1304,207672221,0,0,152,26,0,0
1305,207682221,0,0,125,13,0,0
1306,207692221,0,0,100,3,0,0
1307,207702221,0,0,51,0,0,0
1308,207712221,0,0,82,1,0,0
1309,207722221,0,0,83,0,0,0
1310,207732221,0,0,88,2,0,0
1311,207742221,0,0,90,3,0,0
1312,207752221,0,0,97,7,0,0
1313,207762221,0,0,99,12,0,0
1314,207772221,0,0,97,15,0,0
1315,207782221,0,0,94,13,0,0
1316,207792221,0,0,92,14,0,0
1317,207802221,0,0,96,9,0,0
1318,207812221,0,0,95,13,0,0
1319,207822221,0,0,94,14,0,0
1320,207832221,0,0,96,12,0,0
1321,207842221,0,0,103,18,0,0
1322,207852221,0,0,113,20,0,0
1323,207862221,0,0,119,22,0,0
1324,207872221,0,0,113,11,0,0
1325,207882221,0,0,103,5,0,0
1326,207892221,0,0,83,1,0,0
1327,207902221,0,0,59,2,0,0
1328,207912221,0,0,55,0,0,0
1329,207922221,0,0,52,0,0,0
1330,207932221,0,0,53,1,0,0
1331,207942221,0,0,51,5,0,0
1332,207952221,0,0,51,4,0,0
1333,207962221,0,0,43,1,0,0
1334,207972221,0,0,34,0,0,0
1335,207982221,0,0,24,0,0,0
1336,207992221,0,0,8,0,0,0
1337,208002221,0,0,0,0,0,0
1338,208012221,0,0,0,0,0,0
1339,208022221,0,0,0,0,0,0
1340,208032221,0,0,0,0,0,0
1341,208042221,0,0,0,0,0,0
1342,208052221,0,0,0,0,0,0
1343,208062221,0,286,11,0,0,0
1344,208072221,0,534,28,0,0,0
1345,208082221,0,723,2,0,0,0
1346,208092221,0,898,11,0,0,0
1347,208102221,0,984,14,0,0,0
1348,208112221,0,1048,16,0,0,0
1349,208122221,0,1108,20,0,0,0
1350,208132221,0,1168,30,0,0,0
1351,208142221,0,1218,46,0,0,0
1352,208152221,0,1219,62,0,0,0
1353,208162221,0,1296,70,0,0,0
1354,208172221,0,1330,84,0,0,0
1355,208182221,0,1370,103,0,0,0
1356,208192221,0,1400,135,7,0,0
1357,208202221,0,1427,170,30,0,0
1358,208212221,0,1449,222,49,0,0
1359,208222221,0,1479,274,70,0,0
1360,208232221,0,1496,306,86,0,0
1361,208242221,0,1510,355,134,0,0
1362,208252221,0,1515,411,169,0,0
1363,208262221,0,1519,485,224,0,0
1364,208272221,0,1523,540,266,0,0
1365,208282221,0,1521,597,331,0,0
1366,208292221,0,1520,649,377,0,0
1367,208302221,0,1515,694,442,0,0
1368,208312221,0,1508,741,494,0,59
1369,208322221,0,1500,781,548,0,113
1370,208332221,0,1487,808,589,0,187
1371,208342221,0,1467,839,623,1,276
1372,208352221,0,1384,804,642,4,365
1373,208362221,0,1424,892,710,38,441
1374,208372221,0,1393,917,749,72,498
1375,208382221,0,1364,939,791,103,568
1376,208392221,0,1326,962,822,143,634
1377,208402221,2,1291,984,864,206,689
1378,208412221,0,1216,925,878,219,715
1379,208422221,0,1206,1031,931,299,800
1380,208432221,0,1170,1050,964,341,852
1381,208442221,0,1129,1067,993,381,892
1382,208452221,0,1086,1085,1015,428,938
1383,208462221,0,1047,1102,1048,482,977
1384,208472221,0,1001,1119,1075,541,1011
1385,208482221,0,958,1132,1106,598,0
1386,208492221,0,924,1142,1127,666,0
1387,208502221,0,877,1153,1142,727,0
1388,208512221,0,832,1164,1171,789,1176
1389,208522221,0,787,1171,1190,876,1222
1390,208532221,0,741,1178,1211,953,1254
1391,208542221,0,675,1111,1182,960,1216
1392,208552221,0,636,1201,1256,1069,1325
1393,208562221,0,570,1210,1272,1120,1358
1394,208572221,0,481,1214,1293,1171,1387
1395,208582221,0,377,1223,1309,1216,1410
1396,208592221,0,300,1227,1315,1253,1437
1397,208602221,0,208,1231,1334,1289,3
1398,208612221,0,130,1235,1345,1325,0
1399,208622221,0,43,1224,1356,1353,0
1400,208632221,0,1,1228,1363,1380,0
1401,208642221,0,0,1222,1375,1397,0
1402,208652221,0,0,1212,1386,1412,0
1403,208662221,0,0,1202,1393,1426,0
1404,208672221,0,0,1117,1370,1439,0
1405,208682221,0,0,1168,1409,1450,0
1406,208692221,0,0,1144,1416,1452,0
1407,208702221,0,0,1115,1421,1455,0
1408,208712221,0,0,1094,1424,1445,0
1409,208722221,0,0,1063,1422,1419,0
1410,208732221,0,0,958,1366,1316,0
1411,208742221,0,0,992,1396,1300,0
1412,208752221,0,0,947,1380,1182,0
1413,208762221,0,0,922,1361,1039,0
1414,208772221,0,0,916,1331,872,1754
1415,208782221,0,0,924,1307,657,1751
1416,208792221,0,0,936,1272,406,1729
1417,208802221,0,0,936,1233,186,1689
1418,208812221,0,0,904,1171,39,1622
1419,208822221,0,0,857,1107,0,1535
1420,208832221,0,0,806,1014,0,1460
1421,208842221,0,0,693,914,0,1360
1422,208852221,0,0,556,786,0,1205
1423,208862221,0,0,468,648,0,1001
1424,208872221,0,0,414,495,0,657
1425,208882221,0,0,372,368,0,158
1426,208892221,0,0,325,234,0,0
1427,208902221,0,0,248,104,0,0
1428,208912221,0,0,220,83,0,0
1429,208922221,0,0,207,72,0,0
1430,208932221,0,0,177,59,0,0
1431,208942221,0,0,145,36,0,0
1432,208952221,0,0,118,22,0,0
1433,208962221,0,0,102,15,0,0
1434,208972221,0,0,93,5,0,0
1435,208982221,0,0,92,2,0,0
1436,208992221,0,0,60,2,0,0
1437,209002221,0,0,92,6,0,0
1438,209012221,0,0,99,8,0,0
1439,209022221,0,0,105,13,0,0
1440,209032221,0,0,117,23,0,0
1441,209042221,0,0,122,25,0,0
1442,209052221,0,0,131,29,0,0
1443,209062221,0,0,138,30,0,0
1444,209072221,0,0,153,29,0,0
1445,209082221,0,0,163,35,0,0
1446,209092221,0,0,171,38,0,0
1447,209102221,0,0,174,41,0,0
1448,209112221,0,0,175,44,0,0
1449,209122221,0,0,183,53,0,0
1450,209132221,0,0,189,56,0,0
1451,209142221,0,0,189,56,0,0
1452,209152221,0,0,175,45,0,0
1453,209162221,0,0,161,37,0,0
1454,209172221,0,0,153,29,0,0
1455,209182221,0,0,149,27,0,0
1456,209192221,0,0,151,27,0,0
1457,209202221,0,0,152,29,0,0
1458,209212221,0,0,153,27,0,0
1459,209222221,0,0,154,30,0,0
1460,209232221,0,0,158,29,0,0
1461,209242221,0,0,164,29,0,2
1462,209252221,0,0,143,11,0,0
1463,209262221,0,0,172,28,0,0
1464,209272221,0,0,169,26,0,0
1465,209282221,0,0,165,23,0,0
1466,209292221,0,0,148,20,0,0
1467,209302221,0,0,131,12,0,0
1468,209312221,0,0,99,0,0,0
1469,209322221,0,123,139,0,0,0
1470,209332221,0,359,106,0,0,0
1471,209342221,0,674,93,0,0,0
1472,209352221,0,919,99,0,0,0
1473,209362221,0,1060,87,0,0,0
1474,209372221,0,1140,87,0,0,0
1475,209382221,0,1205,95,0,0,0
1476,209392221,0,1269,104,0,0,0
1477,209402221,0,1331,119,3,0,0
1478,209412221,0,1382,145,0,0,0
1479,209422221,0,1428,169,6,0,0
1480,209432221,0,1468,202,22,0,0
1481,209442221,0,1505,233,55,0,0
1482,209452221,0,1537,280,77,0,0
1483,209462221,0,1559,343,128,0,0
1484,209472221,0,1575,474,205,0,0
1485,209482221,0,1583,567,275,0,0
1486,209492221,0,1589,648,361,0,0
1487,209502221,0,1591,719,437,0,0
1488,209512221,0,1593,773,530,2,0
1489,209522221,0,1586,816,586,0,0
1490,209532221,0,1574,860,639,0,0
1491,209542221,0,1560,889,694,0,0
1492,209552221,0,1541,920,748,1,0
1493,209562221,0,1508,951,802,0,43
1494,209572221,0,1478,976,844,0,118
1495,209582221,0,1434,1000,883,0,177
1496,209592221,0,1370,1017,921,1,249
1497,209602221,0,1330,0,956,20,325
1498,209612221,0,1293,0,986,38,363
1499,209622221,0,1245,1059,1014,65,409
1500,209632221,0,1196,1066,1046,84,438
1501,209642221,0,1095,1010,1034,117,481
1502,209652221,0,1111,1085,1082,132,522
1503,209662221,0,1071,1094,1107,152,551
1504,209672221,0,1038,1105,1128,178,585
1505,209682221,0,988,1112,1157,208,615
1506,209692221,0,0,1120,1177,225,643
1507,209702221,0,0,1059,1159,233,667
1508,209712221,0,0,1139,1227,295,686
1509,209722221,0,746,1145,1248,315,712
1510,209732221,0,748,1160,1266,358,740
1511,209742221,0,699,1173,1284,405,769
1512,209752221,0,647,1179,1304,444,805
1513,209762221,0,598,1190,1319,503,837
1514,209772221,0,477,1166,1300,575,866
1515,209782221,0,464,1217,1353,629,903
1516,209792221,0,402,1235,1370,678,936
1517,209802221,0,324,1243,1388,731,985
1518,209812221,0,246,1255,1408,786,1029
1519,209822221,0,165,1266,1428,841,1065
1520,209832221,0,119,1278,1444,881,1034
1521,209842221,0,42,1288,1465,957,1129
1522,209852221,0,1,1298,1489,1013,1171
1523,209862221,0,0,1303,1502,1060,1200
1524,209872221,0,0,1307,1516,1105,1227
1525,209882221,0,0,1311,1530,1142,1260
1526,209892221,0,0,1314,1550,1180,1299
1527,209902221,0,0,1315,1564,1222,0
1528,209912221,0,0,1310,1574,1259,0
1529,209922221,0,0,1303,1583,1290,0
1530,209932221,0,0,1295,1592,1319,0
1531,209942221,0,0,1272,1598,1338,0
1532,209952221,0,0,1257,1604,1364,0
1533,209962221,0,0,1232,1606,1380,0
1534,209972221,0,0,1204,1606,1392,0
1535,209982221,0,0,1170,1600,1396,0
1536,209992221,0,0,1148,1590,1393,0
1537,210002221,0,0,1104,1574,1376,0
1538,210012221,0,0,1047,1547,1337,0
1539,210022221,0,0,1021,1503,1287,1720
1540,210032221,0,0,1005,1449,1205,1750
1541,210042221,0,0,972,1383,1127,1771
1542,210052221,0,0,937,1319,999,1791
1543,210062221,0,0,885,1248,790,1800
1544,210072221,0,0,826,1171,571,1795
1545,210082221,0,0,747,1106,411,1766
1546,210092221,0,0,642,1015,303,1702
1547,210102221,0,0,527,922,189,1620
1548,210112221,0,0,452,809,111,1510
1549,210122221,0,0,372,664,33,1348
1550,210132221,0,0,275,518,0,1147
1551,210142221,0,0,209,363,0,809
1552,210152221,0,0,132,220,0,134
1553,210162221,0,0,108,74,0,0
1554,210172221,0,0,71,25,0,0
1555,210182221,0,0,56,19,0,0
1556,210192221,0,0,58,18,0,0
1557,210202221,0,0,53,17,0,0
1558,210212221,0,0,40,5,0,0
1559,210222221,0,0,36,0,0,0
1560,210232221,0,0,30,0,0,0
1561,210242221,0,0,28,0,0,0
1562,210252221,0,0,29,0,0,0
1563,210262221,0,0,33,0,0,0
1564,210272221,0,0,35,0,0,0
1565,210282221,0,0,14,0,0,0
1566,210292221,2,0,47,0,0,0
1567,210302221,0,0,49,0,0,0
1568,210312221,0,0,51,0,0,0
1569,210322221,0,0,53,0,0,0
1570,210332221,0,0,55,0,0,0
1571,210342221,0,0,57,0,0,0
1572,210352221,0,0,29,0,0,0
1573,210362221,0,0,68,0,0,0
1574,210372221,0,0,79,0,0,0
1575,210382221,0,0,84,0,0,0
1576,210392221,0,0,90,0,0,0
1577,210402221,0,0,99,0,0,0
1578,210412221,0,0,106,0,0,0
1579,210422221,0,0,108,0,0,0
1580,210432221,0,0,110,0,0,0
1581,210442221,0,0,108,0,0,0
1582,210452221,0,0,102,0,0,0
1583,210462221,0,0,91,0,0,0
1584,210472221,0,0,89,0,0,0
1585,210482221,0,0,94,0,0,0
1586,210492221,0,0,101,0,0,0
1587,210502221,0,0,106,0,0,0
1588,210512221,0,0,111,0,0,0
1589,210522221,0,0,116,0,0,0
1590,210532221,0,0,137,0,0,0
1591,210542221,0,0,151,0,0,0
1592,210552221,0,0,141,0,0,0
1593,210562221,0,0,189,4,0,0
1594,210572221,0,61,214,12,0,0
1595,210582221,0,154,222,19,0,0
1596,210592221,0,309,245,22,0,0
1597,210602221,0,649,249,2,0,0
1598,210612221,0,921,244,0,0,0
1599,210622221,0,1086,255,0,0,0
1600,210632221,0,1185,264,0,0,0
1601,210642221,0,1281,288,2,0,0
1602,210652221,0,1361,330,21,0,0
1603,210662221,0,1426,402,52,0,0
1604,210672221,0,1461,500,100,0,0
1605,210682221,0,1477,698,247,0,0
1606,210692221,0,1464,851,459,0,0
1607,210702221,0,1453,977,647,0,0
1608,210712221,0,1437,1069,788,0,2
1609,210722221,0,1428,1128,904,0,0
1610,210732221,0,1417,1177,1000,0,0
1611,210742221,0,1412,1212,1069,0,0
1612,210752221,0,1402,1244,1131,0,0
1613,210762221,0,1388,1269,1177,0,0
1614,210772221,0,1366,1290,1219,0,0
1615,210782221,0,1326,1305,1253,0,15
1616,210792221,0,0,1317,1271,0,71
1617,210802221,0,0,1324,1291,0,116
1618,210812221,0,0,1332,1302,0,151
1619,210822221,0,1130,1334,1313,0,183
1620,210832221,0,1083,1337,1319,0,237
1621,210842221,0,1034,1339,1325,0,261
1622,210852221,0,984,1342,1332,0,289
1623,210862221,0,940,1348,1340,4,300
1624,210872221,0,892,1351,1348,33,344
1625,210882221,0,801,1276,1328,53,378
1626,210892221,0,812,1355,1374,74,406
1627,210902221,0,779,1356,1377,110,442
1628,210912221,0,740,1358,1380,162,484
1629,210922221,0,694,1361,1390,212,531
1630,210932221,0,650,1364,1397,258,581
1631,210942221,0,599,1361,1401,302,621
1632,210952221,0,559,1365,1417,350,662
1633,210962221,0,521,1365,1416,403,694
1634,210972221,0,472,1366,1426,455,732
1635,210982221,0,423,1364,1431,526,783
1636,210992221,0,391,1363,1432,586,823
1637,211002221,0,349,1361,1444,665,861
1638,211012221,0,304,1356,1434,728,913
1639,211022221,0,279,1350,1438,779,941
1640,211032221,0,260,1347,1440,825,964
1641,211042221,0,243,1338,1440,865,987
1642,211052221,0,229,1337,1437,907,1001
1643,211062221,0,196,1336,1441,940,1010
1644,211072221,0,158,1335,1441,969,1022
1645,211082221,0,115,1337,1447,996,1039
1646,211092221,0,108,1333,1446,1024,1049
1647,211102221,0,81,1331,1454,1050,1063
1648,211112221,0,45,1328,1459,1069,1074
1649,211122221,0,20,1323,1466,1101,1090
1650,211132221,0,2,1320,1466,1139,1124
1651,211142221,0,0,1316,1482,1186,1167
1652,211152221,0,0,1307,1471,1223,1202
1653,211162221,0,0,1297,1477,1266,1239
1654,211172221,0,0,1279,1482,1312,1272
1655,211182221,0,0,1262,1481,1347,0
1656,211192221,0,0,1240,1483,1381,0
1657,211202221,0,0,1209,1481,1403,0
1658,211212221,0,0,1191,1475,1439,0
1659,211222221,0,0,1149,1463,1464,0
1660,211232221,3,0,1116,1445,1478,0
1661,211242221,0,0,1080,1424,1492,0
1662,211252221,0,0,1037,1389,1504,0
1663,211262221,0,0,983,1343,1509,0
1664,211272221,0,0,928,1285,1511,0
1665,211282221,0,0,851,1212,1507,0
1666,211292221,0,0,743,1128,1497,0
1667,211302221,0,0,628,1040,1475,1696
1668,211312221,0,0,528,928,1438,1719
1669,211322221,0,0,417,811,1375,1737
1670,211332221,0,0,301,696,1303,1751
1671,211342221,0,0,209,570,1233,1752
1672,211352221,0,0,93,442,1129,1740
1673,211362221,0,0,6,307,1012,1711
1674,211372221,0,0,0,183,910,1656
1675,211382221,0,0,0,73,817,1576
1676,211392221,0,0,0,16,733,1499
1677,211402221,0,0,0,0,593,1416
1678,211412221,0,0,0,0,415,1298
1679,211422221,0,0,0,0,242,1155
1680,211432221,0,0,0,0,108,870
1681,211442221,0,0,0,0,0,361
1682,211452221,0,0,0,0,0,0
1683,211462221,0,0,0,0,0,0
1684,211472221,0,0,0,0,0,25
1685,211482221,0,0,0,0,0,9
1686,211492221,0,0,0,0,0,0
1687,211502221,0,0,0,0,0,0
1688,211512221,0,0,0,0,0,0
1689,211522221,0,0,0,0,0,0
1690,211532221,0,0,0,0,0,0
1691,211542221,0,0,0,0,0,0
1692,211552221,0,0,0,0,0,0
1693,211562221,0,0,0,0,0,0
1694,211572221,0,0,0,0,0,0
1695,211582221,0,0,0,0,0,0
1696,211592221,0,0,0,0,0,0
1697,211602221,0,0,2,0,0,0
1698,211612221,0,0,0,0,0,0
1699,211622221,0,0,0,0,0,0
1700,211632221,0,0,0,0,0,0
1701,211642221,0,0,0,0,0,0
1702,211652221,0,0,0,0,0,0
1703,211662221,0,0,0,0,0,0
1704,211672221,0,0,0,0,0,0
1705,211682221,0,0,0,0,0,0
1706,211692221,0,0,0,0,0,0
1707,211702221,0,0,0,0,0,0
1708,211712221,0,0,0,0,0,0
1709,211722221,0,0,0,0,0,0
1710,211732221,0,0,0,0,0,0
1711,211742221,0,0,0,0,0,0
1712,211752221,0,0,0,0,0,0
1713,211762221,0,0,0,0,0,0
1714,211772221,0,0,0,0,0,0
1715,211782221,0,0,0,0,0,0
1716,211792221,0,0,0,0,0,0
1717,211802221,0,0,0,0,0,0
1718,211812221,0,0,0,0,0,0
1719,211822221,0,0,0,0,0,0
1720,211832221,0,0,0,0,0,0
1721,211842221,0,0,0,0,0,0
1722,211852221,0,0,0,0,0,0
1723,211862221,0,0,3,0,0,0
1724,211872221,0,0,7,0,0,0
1725,211882221,0,0,2,0,0,0
1726,211892221,0,0,20,0,0,0
1727,211902221,0,0,24,1,0,0
1728,211912221,0,0,30,2,0,0
1729,211922221,0,0,35,4,0,0
1730,211932221,0,0,43,0,0,0
1731,211942221,0,100,41,0,0,0
1732,211952221,0,382,26,0,0,0
1733,211962221,0,767,39,0,0,0
1734,211972221,0,1028,37,0,0,0
1735,211982221,0,1164,38,0,0,0
1736,211992221,0,1240,40,0,0,0
1737,212002221,0,1313,56,0,0,0
1738,212012221,0,1388,87,0,0,0
1739,212022221,0,1447,133,6,0,0
1740,212032221,0,1494,181,23,0,0
1741,212042221,0,1524,230,47,0,0
1742,212052221,0,1545,278,67,0,0
1743,212062221,0,1562,337,106,0,0
1744,212072221,0,1577,440,188,0,0
1745,212082221,0,1590,533,271,0,0
1746,212092221,0,1599,602,359,0,0
1747,212102221,0,1610,652,417,0,0
1748,212112221,0,1616,702,468,0,0
1749,212122221,0,1616,745,529,0,0
1750,212132221,0,1611,792,570,0,0
1751,212142221,0,1597,825,613,0,0
1752,212152221,0,1586,861,663,0,0
1753,212162221,0,1570,894,698,0,0
1754,212172221,0,1551,920,735,0,0
1755,212182221,0,1529,936,760,0,0
1756,212192221,0,1512,951,788,0,14
1757,212202221,0,1491,971,815,0,56
1758,212212221,0,1458,986,853,0,98
1759,212222221,0,1427,1001,875,0,144
1760,212232221,0,1385,1014,904,12,207
1761,212242221,0,1355,1031,932,36,254
1762,212252221,0,1321,1044,954,51,291
1763,212262221,0,1279,1056,976,87,334
1764,212272221,0,0,1068,998,111,371
1765,212282221,0,0,1078,1023,132,418
1766,212292221,0,0,1086,1050,170,467
1767,212302221,0,0,1100,1074,208,525
1768,212312221,0,0,1112,1098,253,567
1769,212322221,0,0,1125,1122,310,618
1770,212332221,0,0,1135,1142,364,658
1771,212342221,0,0,1146,1163,406,700
1772,212352221,0,937,1158,1185,450,736
1773,212362221,0,891,1163,1198,494,778
1774,212372221,0,861,1170,1209,537,803
1775,212382221,0,822,1175,1221,597,826
1776,212392221,0,786,1180,1230,633,851
1777,212402221,0,739,1187,1242,680,877
1778,212412221,0,712,1193,1252,731,902
1779,212422221,0,674,1197,1259,781,927
1780,212432221,0,616,1202,1269,833,952
1781,212442221,0,569,1206,1280,872,983
1782,212452221,0,532,1208,1286,923,1011
1783,212462221,0,486,1211,1293,969,1042
1784,212472221,0,406,1124,1276,942,1055
1785,212482221,0,359,1222,1316,1046,1079
1786,212492221,0,293,1224,1324,1097,1112
1787,212502221,0,226,1227,1333,1123,1139
1788,212512221,0,165,1228,1348,1161,1163
1789,212522221,0,103,1228,1358,1198,1191
1790,212532221,0,45,1145,1312,1182,1149
1791,212542221,0,4,1226,1393,1269,1251
1792,212552221,0,0,1217,1383,1305,1275
1793,212562221,0,0,1206,1396,1339,1301
1794,212572221,0,0,1193,1416,1370,0
1795,212582221,0,0,1175,1416,1397,0
1796,212592221,0,0,1154,1418,1436,0
1797,212602221,0,0,1127,1420,1462,0
1798,212612221,0,0,1096,1423,1487,0
1799,212622221,0,0,1049,1413,1511,0
1800,212632221,0,0,993,1397,1523,0
1801,212642221,0,0,938,1366,1536,0
1802,212652221,0,0,889,1322,1540,0
1803,212662221,0,0,805,1268,1544,0
1804,212672221,0,0,698,1195,1528,1609
1805,212682221,0,0,625,1118,1496,1640
1806,212692221,0,0,544,1027,1468,1665
1807,212702221,0,0,468,927,1386,1691
1808,212712221,0,0,390,841,1266,1707
1809,212722221,0,0,314,729,1107,1708
1810,212732221,0,0,222,598,945,1696
1811,212742221,0,0,113,464,847,1642
1812,212752221,0,0,21,359,728,1545
1813,212762221,0,0,0,278,603,1453
1814,212772221,0,0,0,192,417,1332
1815,212782221,0,0,0,115,253,1188
1816,212792221,0,0,0,49,99,887
1817,212802221,0,0,0,42,0,553
1818,212812221,0,0,0,8,0,16
1819,212822221,0,0,0,0,0,0
1820,212832221,0,0,0,0,0,0
1821,212842221,0,0,0,0,0,0
1822,212852221,0,0,0,0,0,0
1823,212862221,0,0,0,0,0,0
1824,212872221,0,0,0,0,0,0
1825,212882221,0,0,0,0,0,0
1826,212892221,0,0,0,0,0,0
1827,212902221,0,0,0,0,0,0
1828,212912221,0,0,0,0,0,0
1829,212922221,0,0,0,0,0,0
1830,212932221,0,0,0,0,0,0
1831,212942221,0,0,0,0,0,0
1832,212952221,0,0,2,0,0,0
1833,212962221,0,0,0,0,0,0
1834,212972221,0,0,0,0,0,0
1835,212982221,0,0,0,0,0,0
1836,212992221,0,0,0,0,0,0
1837,213002221,0,0,0,0,0,0
1838,213012221,0,0,0,0,0,0
1839,213022221,0,0,0,0,0,0
1840,213032221,0,0,3,0,0,0
1841,213042221,0,0,0,0,0,0
1842,213052221,0,0,0,0,0,0
1843,213062221,0,0,2,0,0,0
1844,213072221,0,0,0,0,0,0
1845,213082221,0,0,0,0,0,0
1846,213092221,0,0,0,0,0,0
1847,213102221,0,0,0,0,0,0
1848,213112221,0,0,0,0,0,0
1849,213122221,0,0,0,0,0,0
1850,213132221,0,0,0,0,0,0
1851,213142221,0,0,0,1,0,0
1852,213152221,0,0,0,2,0,0
1853,213162221,0,0,1,2,0,0
1854,213172221,0,0,4,2,0,0
1855,213182221,0,0,2,0,0,0
1856,213192221,0,0,9,2,0,0
1857,213202221,0,0,15,2,0,0
1858,213212221,0,0,14,2,0,0
1859,213222221,0,0,9,0,0,0
1860,213232221,0,0,0,0,0,0
1861,213242221,0,0,0,0,0,0
1862,213252221,0,0,0,0,0,0
1863,213262221,0,67,6,0,0,0
1864,213272221,0,349,12,0,0,0
1865,213282221,0,754,2,0,0,0
1866,213292221,0,1026,0,0,0,0
1867,213302221,0,1140,0,0,0,0
1868,213312221,0,1193,0,0,0,0
1869,213322221,0,1256,1,0,0,0
1870,213332221,0,1323,6,0,0,0
1871,213342221,0,1381,32,0,0,0
1872,213352221,0,1431,78,0,0,0
1873,213362221,0,1464,130,19,0,0
1874,213372221,0,1483,200,53,0,0
1875,213382221,0,1491,304,116,0,0
1876,213392221,0,1490,418,208,0,0
1877,213402221,0,1494,512,306,0,0
1878,213412221,0,1507,572,367,0,0
1879,213422221,0,1514,617,419,0,113
1880,213432221,0,1518,656,444,0,263
1881,213442221,0,1519,681,473,23,395
1882,213452221,0,1511,700,505,69,502
1883,213462221,0,1497,722,540,135,597
1884,213472221,0,1471,735,571,186,661
1885,213482221,0,1431,753,595,246,711
1886,213492221,0,1382,770,616,307,752
1887,213502221,0,1354,782,634,360,792
1888,213512221,0,1331,792,646,442,822
1889,213522221,0,1310,795,654,517,857
1890,213532221,0,1283,796,661,575,883
1891,213542221,0,1249,792,663,629,903
1892,213552221,0,1210,790,667,685,920
1893,213562221,0,1173,787,675,741,939
1894,213572221,0,1135,790,683,791,956
1895,213582221,0,1100,788,692,838,974
1896,213592221,0,1069,789,703,875,986
1897,213602221,0,1044,786,716,922,997
1898,213612221,0,1017,783,722,956,1010
1899,213622221,0,0,784,730,1003,0
1900,213632221,0,0,788,743,1039,0
1901,213642221,0,0,790,754,1078,0
1902,213652221,0,0,791,766,1114,1082
1903,213662221,0,0,792,788,1157,1115
1904,213672221,0,0,794,802,1185,1148
1905,213682221,0,0,795,819,1218,1167
1906,213692221,0,0,798,833,1246,1197
1907,213702221,0,0,801,844,1256,1144
1908,213712221,0,0,807,859,1310,1235
1909,213722221,0,0,815,877,1338,1253
1910,213732221,0,0,821,901,1374,1287
1911,213742221,0,0,825,925,1404,1304
1912,213752221,0,0,829,946,1431,1328
1913,213762221,0,0,828,964,1454,1351
1914,213772221,0,0,761,934,1416,1291
1915,213782221,0,0,811,994,1495,1389
1916,213792221,0,0,789,1004,1514,1415
1917,213802221,0,0,751,1014,1529,1437
1918,213812221,0,0,706,1019,1549,1466
1919,213822221,0,0,673,1020,1564,1496
1920,213832221,0,0,640,957,1541,1421
1921,213842221,0,0,618,1013,1582,1548
1922,213852221,0,0,587,995,1588,1574
1923,213862221,0,0,536,954,1589,1590
1924,213872221,0,0,481,926,1582,1616
1925,213882221,0,0,420,881,1561,1633
1926,213892221,0,0,360,820,1516,1653
1927,213902221,0,0,260,708,1336,1660
1928,213912221,0,0,261,619,1275,1680
1929,213922221,0,0,204,546,1067,1687
1930,213932221,0,0,174,443,795,1684
1931,213942221,0,0,131,380,536,1587
1932,213952221,0,0,112,313,291,1485
1933,213962221,0,0,99,241,94,1228
1934,213972221,0,0,138,266,0,1134
1935,213982221,0,0,148,221,0,868
1936,213992221,0,0,138,168,0,429
1937,214002221,0,0,98,89,0,0
1938,214012221,0,0,54,29,0,0
1939,214022221,0,0,25,13,0,0
1940,214032221,0,0,5,1,0,0
1941,214042221,0,0,0,0,0,0
1942,214052221,0,0,0,0,0,0
1943,214062221,0,0,1,0,0,0
1944,214072221,0,0,9,2,0,0
1945,214082221,0,0,18,7,0,0
1946,214092221,0,3,3,7,0,0
1947,214102221,0,0,34,21,0,0
1948,214112221,0,2,37,21,0,0
1949,214122221,0,0,27,22,0,0
1950,214132221,0,0,19,17,0,0
1951,214142221,0,0,10,12,0,0
1952,214152221,0,0,5,0,0,0
1953,214162221,0,0,0,0,0,0
1954,214172221,1,0,0,0,0,0
1955,214182221,0,0,0,0,0,0
1956,214192221,0,0,0,0,0,0
1957,214202221,0,0,0,0,0,0
1958,214212221,0,0,0,0,0,0
1959,214222221,0,0,0,0,0,0
1960,214232221,0,0,0,0,0,0
1961,214242221,0,0,6,0,0,0
1962,214252221,0,0,0,0,0,0
1963,214262221,0,0,0,0,0,0
1964,214272221,0,3,0,0,0,0
1965,214282221,0,3,0,0,0,0
1966,214292221,0,0,0,0,0,0
1967,214302221,0,0,0,0,0,0
1968,214312221,0,0,0,0,0,0
1969,214322221,0,0,0,0,0,0
1970,214332221,2,40,0,0,0,0
1971,214342221,0,70,0,0,0,0
1972,214352221,0,143,0,0,0,0
1973,214362221,0,221,0,0,0,0
1974,214372221,0,289,0,0,0,0
1975,214382221,0,430,0,0,0,0
1976,214392221,0,621,0,0,0,0
1977,214402221,0,778,0,0,0,0
1978,214412221,0,922,0,0,0,0
1979,214422221,0,1060,0,0,0,0
1980,214432221,0,1170,0,0,0,0
1981,214442221,0,1273,0,0,0,0
1982,214452221,0,1357,0,0,0,0
1983,214462221,0,1418,3,0,0,0
1984,214472221,3,1459,10,0,0,0
1985,214482221,0,1487,11,0,0,0
1986,214492221,0,1502,16,0,0,0
1987,214502221,0,1515,25,0,0,0
1988,214512221,0,1532,40,0,0,0
1989,214522221,0,1547,58,0,0,0
1990,214532221,0,1560,104,0,0,0
1991,214542221,0,1571,147,0,0,0
1992,214552221,0,1575,197,2,0,0
1993,214562221,0,1579,243,29,0,0
1994,214572221,0,1583,297,47,0,0
1995,214582221,0,1585,341,65,0,0
1996,214592221,0,1586,387,105,0,7
1997,214602221,0,1586,436,148,0,110
1998,214612221,0,1580,484,185,0,218
1999,214622221,0,1575,532,230,17,312
2000,214632221,0,1568,566,274,61,387
2001,214642221,0,1560,587,310,92,455
2002,214652221,0,1549,604,341,126,503
2003,214662221,0,1541,625,370,166,543
2004,214672221,0,1525,647,390,197,567
2005,214682221,0,1513,662,419,220,597
2006,214692221,0,1500,680,441,241,620
2007,214702221,0,1488,700,474,273,651
2008,214712221,0,1477,717,502,297,670
2009,214722221,0,1465,737,533,324,687
2010,214732221,0,1453,752,558,355,697
2011,214742221,0,1444,762,580,391,715
2012,214752221,0,1431,778,602,401,728
2013,214762221,0,1417,794,628,428,740
2014,214772221,0,1405,807,650,448,755
2015,214782221,0,1395,826,676,474,781
2016,214792221,0,1388,850,708,508,805
2017,214802221,0,1383,874,735,533,822
2018,214812221,0,1378,892,761,551,846
2019,214822221,0,1369,908,790,564,861
2020,214832221,0,1365,927,815,586,877
2021,214842221,0,1355,940,840,610,897
2022,214852221,0,1341,954,868,629,920
2023,214862221,0,1329,979,895,657,940
2024,214872221,0,1315,998,929,685,971
2025,214882221,0,1294,1013,954,717,1002
2026,214892221,0,1261,1033,983,753,1036
2027,214902221,0,1232,1050,1006,791,1066
2028,214912221,0,1200,1065,1040,831,1089
2029,214922221,0,1158,1082,1067,875,1121
2030,214932221,0,1103,1096,1097,932,1149
2031,214942221,0,1042,1108,1122,983,0
2032,214952221,0,967,1116,1146,1042,0
2033,214962221,0,872,1129,1179,1082,0
2034,214972221,0,774,1138,1205,1132,0
2035,214982221,0,653,1147,1236,1181,0
2036,214992221,0,460,1150,1261,1236,0
2037,215002221,0,336,1163,1280,1277,0
2038,215012221,0,195,1164,1302,1329,0
2039,215022221,0,84,1160,1316,1370,0
2040,215032221,0,3,1151,1329,1401,0
2041,215042221,0,0,1139,1345,1428,0
2042,215052221,0,0,1118,1358,1443,0
2043,215062221,0,0,1088,1368,1451,0
2044,215072221,0,0,1046,1377,1452,0
2045,215082221,0,0,988,1381,1441,0
2046,215092221,0,0,968,1374,1414,0
2047,215102221,0,0,950,1365,1358,0
2048,215112221,0,0,934,1350,1256,0
2049,215122221,0,0,917,1327,1113,0
2050,215132221,0,0,913,1286,941,1683
2051,215142221,0,0,916,1243,718,1694
2052,215152221,0,0,918,1213,456,1672
2053,215162221,0,0,913,1177,246,1623
2054,215172221,0,0,884,1122,85,1544
2055,215182221,0,0,819,1056,23,1468
2056,215192221,0,0,697,929,0,1349
2057,215202221,0,0,592,764,0,1199
2058,215212221,0,0,498,596,0,988
2059,215222221,0,0,448,411,0,690
2060,215232221,0,0,391,277,0,205
2061,215242221,0,0,316,154,0,0
2062,215252221,0,0,230,54,0,0
2063,215262221,0,0,221,57,0,0
2064,215272221,0,0,209,48,0,0
2065,215282221,0,0,157,30,0,0
2066,215292221,0,0,119,10,0,0
2067,215302221,0,0,92,0,0,0
2068,215312221,0,0,77,0,0,0
2069,215322221,0,0,72,0,1,0
2070,215332221,0,0,72,0,0,0
2071,215342221,0,0,72,0,0,0
2072,215352221,0,0,74,0,0,0
2073,215362221,0,0,77,4,0,0
2074,215372221,0,0,56,1,0,0
2075,215382221,0,0,83,6,0,0
2076,215392221,0,0,71,4,0,0
2077,215402221,0,0,71,5,0,0
2078,215412221,0,0,74,7,0,0
2079,215422221,0,0,77,6,2,0
2080,215432221,0,0,86,19,0,0
2081,215442221,0,0,90,10,0,0
2082,215452221,0,0,92,11,0,0
2083,215462221,0,0,91,7,0,0
2084,215472221,0,0,87,1,0,0
2085,215482221,0,0,73,0,0,0
2086,215492221,0,0,57,0,0,0
2087,215502221,0,0,54,0,0,0
2088,215512221,0,0,52,0,0,0
2089,215522221,0,0,55,0,0,0
2090,215532221,0,0,59,0,0,0
2091,215542221,0,0,68,0,0,0
2092,215552221,0,0,76,0,0,0
2093,215562221,0,0,84,0,0,0
2094,215572221,0,0,92,0,0,0
2095,215582221,0,0,89,0,0,0
2096,215592221,0,83,83,0,0,0
2097,215602221,0,278,74,0,0,0
2098,215612221,0,645,74,0,0,0
2099,215622221,0,939,94,0,0,0
2100,215632221,0,1082,69,0,0,0
2101,215642221,0,1214,99,0,0,0
2102,215652221,0,1289,120,0,0,0
2103,215662221,0,1369,127,0,0,0
2104,215672221,0,1422,149,0,0,0
2105,215682221,0,1483,175,0,0,0
2106,215692221,0,1522,199,4,0,0
2107,215702221,0,1496,184,14,0,0
2108,215712221,0,1592,247,38,0,0
2109,215722221,0,1620,282,57,0,0
2110,215732221,0,1636,314,72,0,0
2111,215742221,0,1654,362,82,0,0
2112,215752221,0,1673,404,100,0,0
2113,215762221,0,1685,448,124,0,0
2114,215772221,0,1685,501,157,0,0
2115,215782221,0,1698,558,186,0,0
2116,215792221,0,1702,597,217,0,0
2117,215802221,0,1708,623,238,0,0
2118,215812221,0,1715,647,264,0,0
2119,215822221,0,1710,662,293,0,0
2120,215832221,0,1710,682,326,0,0
2121,215842221,0,1711,710,357,0,0
2122,215852221,0,1708,732,378,0,0
2123,215862221,0,1704,749,406,0,0
2124,215872221,0,1696,768,423,0,0
2125,215882221,0,1688,790,442,0,0
2126,215892221,0,1676,815,476,0,0
2127,215902221,0,1658,840,531,0,0
2128,215912221,0,1645,880,569,0,0
2129,215922221,0,1632,909,605,0,0
2130,215932221,0,1617,942,654,0,0
2131,215942221,0,1601,976,688,0,0
2132,215952221,0,1588,1001,731,0,0
2133,215962221,0,1567,1035,776,0,0
2134,215972221,0,1544,1066,816,0,0
2135,215982221,0,1513,1093,856,0,0
2136,215992221,0,1495,1120,903,0,0
2137,216002221,0,1468,1143,943,0,0
2138,216012221,0,1440,1163,983,0,0
2139,216022221,0,1405,1176,1019,0,0
2140,216032221,0,1379,1190,1052,0,0
2141,216042221,0,1347,1199,1082,0,0
2142,216052221,0,1303,1212,1117,0,44
2143,216062221,0,1263,1229,1159,0,95
2144,216072221,0,275,1153,1189,0,147
2145,216082221,0,0,1258,1226,0,224
2146,216092221,0,0,1277,1254,21,297
2147,216102221,0,0,1292,1284,74,358
2148,216112221,0,0,1307,1305,132,424
2149,216122221,0,876,1314,1324,191,508
2150,216132221,0,787,1324,1347,295,598
2151,216142221,0,674,1335,1370,385,679
2152,216152221,0,569,1340,1391,484,762
2153,216162221,0,450,1352,1412,591,853
2154,216172221,0,294,1354,1434,706,923
2155,216182221,0,154,1360,1457,811,992
2156,216192221,0,12,1365,1480,911,1066
2157,216202221,0,0,1366,1499,1012,1128
2158,216212221,0,0,1366,1518,1105,0
2159,216222221,0,0,1363,1537,1187,0
2160,216232221,0,0,1352,1549,1259,0
2161,216242221,0,0,1335,1559,1307,0
2162,216252221,0,0,1318,1570,1351,0
2163,216262221,0,0,1277,1487,1347,0
2164,216272221,0,0,1236,1578,1397,0
2165,216282221,0,0,1188,1575,1402,0
2166,216292221,0,0,1154,1565,1396,0
2167,216302221,0,0,1098,1543,1363,0
2168,216312221,0,0,1069,1500,1294,0
2169,216322221,0,0,1050,1445,1193,0
2170,216332221,0,0,1035,1380,1065,1799
2171,216342221,0,0,996,1310,861,1822
2172,216352221,0,0,956,1239,555,1829
2173,216362221,0,0,889,1170,333,1822
2174,216372221,0,0,825,1114,210,1778
2175,216382221,0,0,727,1036,104,1708
2176,216392221,0,0,599,916,57,1632
2177,216402221,0,0,489,786,0,1515
2178,216412221,0,0,388,622,0,1332
2179,216422221,0,0,300,443,0,1095
2180,216432221,0,0,217,287,0,656
2181,216442221,0,0,166,135,0,31
2182,216452221,0,0,78,35,0,0
2183,216462221,0,0,28,12,0,0
2184,216472221,0,0,44,10,0,0
2185,216482221,0,0,38,13,0,0
2186,216492221,0,0,30,10,0,0
2187,216502221,0,0,27,7,0,0
2188,216512221,0,0,20,0,0,0
2189,216522221,0,0,11,0,0,0
2190,216532221,0,0,2,0,0,0
2191,216542221,0,0,0,0,0,0
2192,216552221,0,0,0,0,0,0
2193,216562221,0,0,0,0,0,0
2194,216572221,0,0,2,0,0,0
2195,216582221,0,0,6,0,0,0
2196,216592221,0,0,12,0,0,0
2197,216602221,0,0,20,0,0,0
2198,216612221,0,0,26,0,0,1
2199,216622221,0,0,38,0,0,0
2200,216632221,0,0,48,0,0,3
2201,216642221,0,0,59,0,0,0
2202,216652221,0,0,76,5,0,0
2203,216662221,0,0,90,6,0,0
2204,216672221,0,0,103,8,0,0
2205,216682221,0,0,108,10,0,0
2206,216692221,0,0,112,12,0,0
2207,216702221,0,0,114,10,0,0
2208,216712221,0,0,76,2,0,0
2209,216722221,0,0,99,0,0,0
2210,216732221,0,0,87,0,0,0
2211,216742221,0,0,72,0,0,0
2212,216752221,0,0,64,0,0,0
2213,216762221,0,0,55,0,0,0
2214,216772221,0,0,31,0,0,0
2215,216782221,0,0,61,0,0,0
2216,216792221,0,0,72,0,0,0
2217,216802221,0,0,87,0,0,0
2218,216812221,0,0,99,0,0,0
2219,216822221,0,0,108,0,0,0
2220,216832221,0,0,101,0,0,0
2221,216842221,0,0,139,0,0,0
2222,216852221,0,0,150,0,0,0
2223,216862221,0,0,160,0,0,0
2224,216872221,0,0,176,1,0,0
2225,216882221,0,0,183,0,0,0
2226,216892221,0,156,182,0,0,0
2227,216902221,0,390,112,0,0,0
2228,216912221,0,826,138,0,0,0
2229,216922221,0,1155,171,0,0,0
2230,216932221,0,1330,206,0,0,0
2231,216942221,0,1426,238,0,0,0
2232,216952221,0,1520,275,3,0,0
2233,216962221,0,1526,291,29,0,0
2234,216972221,0,1641,410,88,0,0
2235,216982221,0,1660,507,163,0,0
2236,216992221,0,1656,739,354,0,0
2237,217002221,0,1644,841,551,0,0
2238,217012221,0,1609,946,696,0,0
2239,217022221,0,1507,955,856,0,0
2240,217032221,0,1428,1123,1006,0,0
2241,217042221,0,1387,1190,1122,0,0
2242,217052221,0,1359,1250,1217,0,0
2243,217062221,0,1318,1275,1275,7,98
2244,217072221,0,1275,1306,1317,58,274
2245,217082221,0,0,1321,1352,124,441
2246,217092221,0,0,1331,1376,194,560
2247,217102221,0,0,1341,1394,275,677
2248,217112221,0,987,1343,1411,354,759
2249,217122221,0,914,1342,1420,408,821
2250,217132221,0,849,1339,1428,472,879
2251,217142221,0,771,1330,1434,540,932
2252,217152221,0,627,1315,1437,613,985
2253,217162221,0,574,1308,1434,697,1036
2254,217172221,0,506,1296,1433,780,1083
2255,217182221,0,442,1284,1433,844,1115
2256,217192221,0,391,1266,1434,888,1141
2257,217202221,0,348,1260,1432,938,1163
2258,217212221,0,298,1159,1408,917,1173
2259,217222221,0,277,1251,1434,1022,1194
2260,217232221,0,231,1240,1435,1054,1209
2261,217242221,0,203,1234,1437,1084,1229
2262,217252221,0,175,1223,1437,1119,1249
2263,217262221,0,140,1207,1436,1160,1265
2264,217272221,0,119,1191,1432,1194,1279
2265,217282221,0,104,1175,1429,1237,1300
2266,217292221,0,0,1161,1425,1266,1316
2267,217302221,0,0,1143,1420,1295,1330
2268,217312221,0,0,1129,1414,1323,1344
2269,217322221,0,0,1115,1403,1342,1361
2270,217332221,0,0,1096,1396,1371,1371
2271,217342221,0,0,987,1364,1304,1377
2272,217352221,0,0,1053,1379,1413,1388
2273,217362221,0,0,1057,1368,1431,1401
2274,217372221,0,0,1027,1357,1446,1414
2275,217382221,0,0,1006,1348,1458,0
2276,217392221,0,0,986,1337,1467,0
2277,217402221,0,0,975,1332,1482,0
2278,217412221,0,0,961,1324,1491,0
2279,217422221,0,0,948,1316,1497,0
2280,217432221,0,0,932,1307,1501,0
2281,217442221,0,0,906,1304,1507,0
2282,217452221,0,0,894,1298,1511,0
2283,217462221,0,0,878,1288,1516,0
2284,217472221,0,70,796,1227,1458,0
2285,217482221,0,85,847,1271,1524,0
2286,217492221,0,97,826,1268,1527,0
2287,217502221,0,106,818,1264,1527,1318
2288,217512221,0,113,801,1258,1530,1465
2289,217522221,0,119,784,1252,1530,1477
2290,217532221,0,125,759,1242,1530,1477
2291,217542221,0,132,738,1231,1530,1479
2292,217552221,0,130,716,1210,1528,1474
2293,217562221,0,119,672,1193,1528,0
2294,217572221,0,101,643,1166,1526,0
2295,217582221,0,82,588,1137,1522,0
2296,217592221,0,62,525,1101,1516,0
2297,217602221,0,47,458,1060,1499,0
2298,217612221,0,23,399,1004,1486,0
2299,217622221,0,0,333,931,1453,0
2300,217632221,0,0,275,843,1398,1365
2301,217642221,0,0,200,713,1318,1287
2302,217652221,0,0,115,532,1203,1137
2303,217662221,0,0,29,346,1036,937
2304,217672221,0,0,0,183,717,666
2305,217682221,0,0,0,85,430,328
2306,217692221,0,0,0,22,116,23
2307,217702221,0,0,0,0,0,0
2308,217712221,0,26,0,0,0,0
2309,217722221,0,0,0,0,0,0
2310,217732221,0,0,0,0,0,0
2311,217742221,0,0,0,0,0,0
2312,217752221,0,0,0,0,0,0
2313,217762221,3,0,0,0,0,0
2314,217772221,0,0,0,0,0,0
2315,217782221,0,209,0,0,0,0
2316,217792221,0,214,0,0,0,0
2317,217802221,0,193,0,0,0,0
2318,217812221,0,212,0,0,0,0
2319,217822221,0,206,0,0,0,0
2320,217832221,0,201,0,0,0,0
2321,217842221,0,201,0,0,0,0
2322,217852221,0,195,0,0,0,0
2323,217862221,0,184,0,0,0,0
2324,217872221,0,171,0,0,0,0
2325,217882221,0,159,0,0,0,0
2326,217892221,0,147,0,0,0,0
2327,217902221,0,135,0,0,0,0
2328,217912221,0,116,0,0,0,0
2329,217922221,0,88,0,0,0,0
2330,217932221,0,64,0,0,0,0
2331,217942221,0,58,0,0,0,0
2332,217952221,0,51,0,0,0,0
2333,217962221,0,43,0,0,0,0
2334,217972221,0,24,0,0,0,0
2335,217982221,0,13,0,0,0,0
2336,217992221,0,2,0,0,0,0
2337,218002221,0,0,0,0,0,0
2338,218012221,0,0,0,0,0,0
2339,218022221,0,0,0,0,0,0
2340,218032221,0,0,0,0,0,0
2341,218042221,0,0,0,0,0,0
2342,218052221,0,0,0,0,0,0
2343,218062221,0,0,0,0,0,0
2344,218072221,0,0,10,0,0,0
2345,218082221,0,0,19,0,0,0
2346,218092221,0,0,34,0,0,0
2347,218102221,0,0,50,4,0,0
2348,218112221,0,0,63,18,0,0
2349,218122221,0,0,43,17,0,0
2350,218132221,0,0,82,24,0,0
2351,218142221,0,0,87,22,0,0
2352,218152221,0,0,87,18,0,0
2353,218162221,0,151,102,24,0,0
2354,218172221,0,537,97,25,0,0
2355,218182221,0,971,50,0,0,0
2356,218192221,0,1217,49,0,0,0
2357,218202221,0,1325,45,0,0,1
2358,218212221,0,1400,56,0,0,0
2359,218222221,0,1483,101,0,0,0
2360,218232221,0,1544,149,19,0,0
2361,218242221,0,1590,212,56,0,0
2362,218252221,0,1548,274,140,0,0
2363,218262221,0,1641,494,292,0,0
2364,218272221,0,1644,620,421,0,0
2365,218282221,0,1637,726,545,0,0
2366,218292221,0,1628,814,634,0,0
2367,218302221,0,1620,880,714,0,0
2368,218312221,0,1606,934,780,0,0
2369,218322221,0,1491,967,827,11,74
2370,218332221,0,1564,997,867,56,163
2371,218342221,0,1535,1015,889,92,239
2372,218352221,0,1499,1039,913,128,293
2373,218362221,0,1457,1052,934,163,352
2374,218372221,0,1416,1065,957,185,396
2375,218382221,0,1381,1073,972,225,440
2376,218392221,0,1341,1082,993,252,473
2377,218402221,0,1320,1089,1004,273,517
2378,218412221,0,1291,1095,1011,291,535
2379,218422221,0,1257,1098,1031,316,557
2380,218432221,0,1225,1101,1040,331,577
2381,218442221,0,0,1105,1044,352,592
2382,218452221,0,0,1103,1053,367,600
2383,218462221,0,0,1113,1066,371,616
2384,218472221,0,0,1119,1076,381,628
2385,218482221,0,0,1126,1094,392,637
2386,218492221,0,0,1133,1102,408,651
2387,218502221,0,1075,1142,1122,428,666
2388,218512221,0,1063,1145,1135,428,629
2389,218522221,0,1044,1160,1149,458,695
2390,218532221,0,1017,1167,1170,494,718
2391,218542221,0,1003,1175,1181,521,746
2392,218552221,0,986,1182,1195,560,753
2393,218562221,0,961,1194,1209,596,792
2394,218572221,0,924,1203,1221,632,817
2395,218582221,0,882,1212,1237,687,848
2396,218592221,0,838,1219,1242,736,872
2397,218602221,0,751,1226,1253,786,903
2398,218612221,0,702,1229,1261,841,936
2399,218622221,0,634,1239,1270,875,966
2400,218632221,0,562,1240,1285,925,992
2401,218642221,0,502,1243,1298,973,1034
2402,218652221,0,446,1251,1309,1016,1064
2403,218662221,0,375,1252,1326,1061,1096
2404,218672221,0,293,1258,1340,1099,1130
2405,218682221,0,212,1259,1351,1141,1159
2406,218692221,0,158,1260,1365,1184,1187
2407,218702221,0,105,1259,1377,1227,1210
2408,218712221,0,45,1258,1387,1258,1084
2409,218722221,0,0,1251,1399,1302,0
2410,218732221,0,0,1243,1405,1332,0
2411,218742221,0,0,1235,1418,1361,0
2412,218752221,0,0,1223,1425,1392,0
2413,218762221,0,0,1200,1429,1419,0
2414,218772221,0,0,1173,1432,1441,0
2415,218782221,0,0,1138,1432,1462,1390
2416,218792221,0,0,1091,1429,1479,1427
2417,218802221,0,0,1036,1417,1493,1457
2418,218812221,0,0,952,1393,1504,0
2419,218822221,0,0,893,1353,1504,0
2420,218832221,0,0,809,1309,1506,0
2421,218842221,0,0,721,1251,1498,0
2422,218852221,0,0,644,1177,1469,0
2423,218862221,0,0,571,1103,1435,1670
2424,218872221,0,0,497,1030,1386,1697
2425,218882221,0,0,431,942,1274,1716
2426,218892221,0,0,369,864,1124,1726
2427,218902221,0,0,298,770,957,1730
2428,218912221,0,0,237,670,839,1699
2429,218922221,0,0,148,569,723,1639
2430,218932221,0,0,73,469,592,1556
2431,218942221,0,0,20,366,429,1433
2432,218952221,0,0,3,265,291,1292
2433,218962221,0,0,0,164,137,1119
2434,218972221,0,0,0,117,0,827
2435,218982221,0,0,0,77,0,319
2436,218992221,0,0,0,19,0,0
2437,219002221,0,0,0,0,0,0
2438,219012221,0,0,0,0,0,0
2439,219022221,0,0,0,0,0,0
2440,219032221,0,0,0,0,0,0
2441,219042221,0,0,0,0,0,0
2442,219052221,0,0,0,0,0,0
2443,219062221,0,0,0,0,0,0
2444,219072221,0,0,0,0,0,0
2445,219082221,0,0,0,0,0,0
2446,219092221,0,0,0,0,0,0
2447,219102221,0,0,0,0,0,0
2448,219112221,0,0,0,0,0,0
2449,219122221,0,0,0,0,0,0
2450,219132221,0,0,0,0,0,0
2451,219142221,0,0,0,0,0,0
2452,219152221,0,0,0,0,0,0
2453,219162221,0,0,0,0,0,0
2454,219172221,0,0,0,0,0,0
2455,219182221,0,0,0,0,0,0
2456,219192221,2,0,0,0,0,0
2457,219202221,0,0,0,0,0,0
2458,219212221,0,0,0,0,0,0
2459,219222221,0,0,0,0,0,0
2460,219232221,0,0,0,0,0,0
2461,219242221,0,0,0,0,0,0
2462,219252221,0,0,0,0,0,0
2463,219262221,0,0,0,0,0,0
2464,219272221,0,0,0,0,0,0
2465,219282221,0,0,0,0,0,0
2466,219292221,0,0,0,0,0,0
2467,219302221,0,0,0,1,0,0
2468,219312221,0,0,0,3,0,0
2469,219322221,0,0,0,6,0,0
2470,219332221,0,0,0,10,0,0
2471,219342221,0,0,0,15,0,0
2472,219352221,0,0,0,15,0,0
2473,219362222,0,0,0,7,0,0
2474,219372221,0,0,0,3,0,0
2475,219382221,0,0,0,0,0,0
2476,219392221,0,0,0,0,0,0
2477,219402221,0,5,0,0,0,0
2478,219412221,0,136,0,0,0,0
2479,219422221,0,340,0,0,0,0
2480,219432221,0,642,0,0,0,0
2481,219442221,0,886,3,0,0,0
2482,219452221,0,1018,0,0,0,0
2483,219462221,0,1079,0,0,0,0
2484,219472221,0,1140,0,0,0,0
2485,219482221,0,1215,0,0,0,0
2486,219492221,0,1291,0,0,0,0
2487,219502221,0,1345,11,0,0,0
2488,219512221,0,1397,42,1,0,0
2489,219522221,0,1433,75,24,0,0
2490,219532221,0,1454,148,53,0,0
2491,219542221,0,1467,219,89,0,0
2492,219552221,0,1481,293,149,0,0
2493,219562221,0,1494,358,215,0,0
2494,219572221,0,1506,417,278,0,59
2495,219582221,0,1514,476,336,0,169
2496,219592221,0,1521,529,377,0,297
2497,219602221,0,1525,567,423,0,406
2498,219612221,0,1524,609,457,31,491
2499,219622221,0,1516,648,495,80,572
2500,219632221,0,1486,631,513,102,599
2501,219642221,0,1493,718,580,156,708
2502,219652221,0,1477,747,612,203,748
2503,219662221,0,1461,774,634,242,791
2504,219672221,0,1451,790,663,287,817
2505,219682221,0,1436,802,682,307,843
2506,219692221,0,1405,753,659,317,827
2507,219702221,0,1395,822,714,397,894
2508,219712221,0,1368,830,725,451,917
2509,219722221,0,1334,841,742,498,940
2510,219732221,0,1291,850,756,540,971
2511,219742221,0,1244,854,768,585,990
2512,219752221,0,1214,858,784,635,1016
2513,219762221,0,1164,788,779,628,1040
2514,219772221,0,1183,867,802,720,1062
2515,219782221,0,1171,869,810,748,1078
2516,219792221,0,1162,870,822,790,1100
2517,219802221,0,1144,873,826,829,1117
2518,219812221,0,1130,877,831,879,1135
2519,219822221,0,1108,880,788,893,1069
2520,219832221,0,1095,885,859,946,1177
2521,219842221,0,1075,889,874,995,1197
2522,219852221,0,1059,899,887,1050,0
2523,219862221,0,1034,908,903,1102,0
2524,219872221,0,998,916,921,1139,0
2525,219882221,0,0,923,941,1179,0
2526,219892221,0,938,932,960,1219,0
2527,219902221,0,909,937,981,1255,1308
2528,219912221,0,856,944,996,1290,1331
2529,219922221,0,805,949,1017,1320,1351
2530,219932221,0,744,954,1038,1357,1371
2531,219942221,0,680,957,1047,1384,1390
2532,219952221,0,603,955,1059,1384,1328
2533,219962221,0,530,957,1074,1434,1426
2534,219972221,0,467,955,1093,1460,1446
2535,219982221,0,372,949,1119,1479,1468
2536,219992221,0,0,937,1139,1498,1498
2537,220002221,0,0,922,1158,1518,1520
2538,220012221,0,0,899,1176,1530,1479
2539,220022221,0,24,859,1186,1548,0
2540,220032221,0,0,820,1195,1543,0
2541,220042221,0,0,778,1194,1549,0
2542,220052221,0,0,753,1184,1531,0
2543,220062221,0,0,707,1161,1500,0
2544,220072221,0,0,654,1111,1436,1640
2545,220082221,0,0,629,980,1279,1530
2546,220092221,0,0,604,974,1129,1662
2547,220102221,0,0,577,896,933,1668
2548,220112221,0,0,550,830,639,1627
2549,220122221,0,0,537,768,339,1550
2550,220132221,0,0,510,717,98,1429
2551,220142221,0,0,494,646,0,1241
2552,220152221,0,0,467,584,0,1053
2553,220162221,0,0,414,509,0,848
2554,220172221,0,0,347,405,0,514
2555,220182221,0,0,313,303,0,48
2556,220192221,0,0,271,225,0,0
2557,220202221,0,0,229,148,0,0
2558,220212221,0,0,176,76,0,0
2559,220222221,0,0,147,49,0,0
2560,220232221,0,0,136,30,0,0
2561,220242221,0,0,136,29,0,0
2562,220252221,0,0,135,29,0,0
2563,220262221,0,0,134,32,0,0
2564,220272221,0,0,135,36,0,0
2565,220282221,0,0,136,35,0,0
2566,220292221,0,0,137,43,0,0
2567,220302221,0,0,132,40,0,0
2568,220312221,0,0,119,36,0,0
2569,220322221,0,0,95,28,0,0
2570,220332221,0,0,86,25,0,0
2571,220342221,0,0,77,23,0,0
2572,220352221,0,0,72,15,0,0
2573,220362221,0,0,71,12,0,0
2574,220372221,0,0,54,7,0,0
2575,220382221,0,0,48,6,0,0
2576,220392221,0,0,43,6,0,0
2577,220402221,0,0,41,4,0,0
2578,220412221,0,0,39,3,0,0
2579,220422221,0,0,29,2,0,0
2580,220432221,0,0,24,1,0,0
2581,220442221,0,0,21,0,0,0
2582,220452221,0,0,20,0,0,0
2583,220462221,0,0,14,0,0,0
2584,220472221,0,0,8,0,0,0
2585,220482221,0,0,8,0,0,0
2586,220492221,0,0,6,0,0,0
2587,220502221,0,0,5,0,0,0
2588,220512221,0,0,2,0,0,0
2589,220522221,0,0,2,0,0,0
2590,220532221,0,0,3,0,0,0
2591,220542221,0,0,5,0,0,0
2592,220552221,0,0,22,0,0,0
2593,220562221,0,132,22,0,0,0
2594,220572221,2,289,23,0,0,0
2595,220582221,0,536,33,0,0,0
2596,220592221,0,808,46,0,0,0
2597,220602221,0,1056,55,0,0,0
2598,220612221,0,1221,52,0,0,0
2599,220622221,0,1368,43,0,0,0
2600,220632221,0,1480,40,0,0,0
2601,220642221,2,1559,43,0,0,0
2602,220652221,0,1602,57,0,0,0
2603,220662221,0,1633,78,0,0,0
2604,220672221,0,1646,105,0,0,0
2605,220682221,0,1670,148,0,0,0
2606,220692221,0,1686,181,5,0,0
2607,220702221,0,1703,230,13,0,0
2608,220712221,0,1717,275,29,0,0
2609,220722221,0,1731,309,43,0,0
2610,220732221,0,1744,343,60,0,0
2611,220742221,0,1753,378,78,0,0
2612,220752221,0,1758,424,94,0,0
2613,220762221,0,1762,472,112,0,0
2614,220772221,0,1764,506,151,0,0
2615,220782221,0,1766,545,171,0,0
2616,220792221,0,1767,569,190,0,0
2617,220802221,0,1765,598,216,0,0
2618,220812221,0,1763,617,233,0,0
2619,220822221,0,1758,636,251,0,0
2620,220832221,0,1753,651,267,0,0
2621,220842221,0,1747,666,282,0,0
2622,220852221,0,1741,672,296,0,0
2623,220862221,0,1736,681,313,0,0
2624,220872221,0,1734,684,328,0,0
2625,220882221,0,1728,692,343,0,0
2626,220892221,0,1724,696,361,0,0
2627,220902221,0,1721,711,376,0,0
2628,220912221,0,1719,729,407,0,0
2629,220922221,0,1717,755,430,0,0
2630,220932221,0,1715,779,457,0,0
2631,220942221,0,1712,807,482,0,0
2632,220952221,0,1710,840,522,0,0
2633,220962221,0,1707,866,554,0,0
2634,220972221,0,1704,892,580,0,0
2635,220982221,0,1701,919,608,0,0
2636,220992221,0,1696,942,635,0,0
2637,221002221,0,1617,906,647,0,0
2638,221012221,0,1684,985,690,0,0
2639,221022221,0,1676,1006,720,0,0
2640,221032221,0,1666,1034,749,0,0
2641,221042221,0,1654,1057,777,0,0
2642,221052221,0,1645,1077,802,0,0
2643,221062221,0,1635,1094,838,0,0
2644,221072221,0,1623,1109,864,0,0
2645,221082221,0,1606,1125,891,0,0
2646,221092221,0,1585,1149,923,0,0
2647,221102221,0,1564,1177,957,0,0
2648,221112221,0,1530,1197,1000,0,7
2649,221122221,0,1497,1218,1046,0,51
2650,221132221,0,1363,1176,1025,0,123
2651,221142221,0,1389,1253,1126,0,222
2652,221152221,0,1322,1270,1161,6,331
2653,221162221,0,1251,1289,1201,75,0
2654,221172221,0,1170,1307,1234,173,0
2655,221182221,0,1065,1320,1268,281,0
2656,221192221,0,935,1250,1249,362,0
2657,221202221,0,833,1342,1324,531,0
2658,221212221,0,691,1352,1348,703,0
2659,221222221,0,553,1356,1370,812,0
2660,221232221,0,360,1357,1393,942,0
2661,221242221,0,190,1360,1411,1043,0
2662,221252221,0,47,1359,1433,1116,0
2663,221262221,0,0,1354,1453,1192,0
2664,221272221,0,0,1340,1466,1253,0
2665,221282221,0,0,1324,1478,1303,1429
2666,221292221,0,0,1305,1487,1340,1467
2667,221302221,0,0,1269,1489,1369,1510
2668,221312221,0,0,1218,1495,1376,1570
2669,221322221,0,0,1078,1387,1348,1519
2670,221332221,0,0,1036,1473,1346,1669
2671,221342221,0,0,1000,1452,1282,1708
2672,221352221,0,0,957,1417,1179,1749
2673,221362221,0,0,933,1379,1050,1785
2674,221372221,0,0,910,1326,891,0
2675,221382221,0,0,889,1272,715,0
2676,221392221,0,0,867,1224,438,0
2677,221402221,0,0,849,1180,255,0
2678,221412221,0,0,822,1143,109,0
2679,221422221,0,0,782,1100,24,1726
2680,221432221,0,0,695,1023,0,1660
2681,221442221,0,0,601,930,3,1571
2682,221452221,0,0,531,804,0,1432
2683,221462221,0,0,440,665,0,1283
2684,221472221,0,0,342,501,0,1051
2685,221482221,0,0,263,344,0,691
2686,221492221,0,0,193,201,0,154
2687,221502221,0,0,115,76,0,0
2688,221512221,0,0,80,24,0,0
2689,221522221,0,0,78,53,0,0
2690,221532221,0,0,72,51,0,0
2691,221542221,0,3,63,47,0,0
2692,221552221,0,0,50,30,0,0
2693,221562221,0,0,40,20,0,0
2694,221572221,0,1,30,6,0,0
2695,221582221,0,0,31,2,0,0
2696,221592221,0,0,21,0,0,0
2697,221602221,0,0,16,0,0,0
2698,221612221,0,0,22,0,0,0
2699,221622221,0,0,26,0,0,0
2700,221632221,0,0,27,0,0,0
2701,221642221,0,0,29,0,0,0
2702,221652221,0,0,31,0,0,0
2703,221662221,0,0,39,3,0,0
2704,221672221,0,1,42,4,0,0
2705,221682221,0,0,54,4,0,0
2706,221692221,0,0,63,6,0,0
2707,221702221,0,0,68,6,4,0
2708,221712221,0,0,73,7,0,0
2709,221722221,0,0,71,8,0,0
2710,221732221,0,0,64,7,0,0
2711,221742221,0,0,70,8,0,0
2712,221752221,0,0,50,7,0,0
2713,221762221,0,0,54,2,0,0
2714,221772221,0,0,41,1,0,0
2715,221782221,0,0,45,0,0,0
2716,221792221,0,0,45,1,0,0
2717,221802221,0,0,49,2,0,0
2718,221812221,0,0,54,4,0,0
2719,221822221,0,0,62,8,0,0
2720,221832221,0,0,74,8,0,0
2721,221842221,0,0,84,12,0,0
2722,221852221,0,0,84,18,0,0
2723,221862221,0,0,75,5,0,0
2724,221872221,0,0,47,0,0,0
2725,221882221,0,0,46,0,0,0
2726,221892221,0,0,53,0,0,0
2727,221902221,0,197,59,0,0,0
2728,221912221,0,559,55,0,0,0
2729,221922221,0,872,56,0,0,0
2730,221932221,0,1049,51,0,0,0
2731,221942221,0,1126,44,0,0,0
2732,221952221,0,1192,45,0,0,0
2733,221962221,0,1274,58,0,0,0
2734,221972221,0,1359,83,0,0,0
2735,221982221,0,1436,119,14,0,0
2736,221992221,0,1495,157,42,0,0
2737,222002221,0,1539,216,66,0,0
2738,222012221,0,1558,284,90,0,0
2739,222022221,0,1571,388,160,0,0
2740,222032221,0,1578,482,231,0,0
2741,222042221,0,1566,505,288,0,0
2742,222052221,2,1585,629,393,0,0
2743,222062221,0,1589,668,443,0,0
2744,222072221,0,1590,711,494,0,0
2745,222082221,0,1589,748,532,0,0
2746,222092221,0,1579,775,569,0,20
2747,222102221,0,1563,796,602,0,108
2748,222112221,0,1523,824,649,0,201
2749,222122221,0,1496,854,689,0,279
2750,222132221,0,1462,879,733,0,356
2751,222142221,0,1425,903,770,24,415
2752,222152221,0,1384,921,800,64,489
2753,222162221,0,1343,939,825,106,564
2754,222172221,0,1312,952,851,159,622
2755,222182221,0,1270,965,872,216,681
2756,222192221,0,1233,971,892,269,733
2757,222202221,0,1188,980,918,316,775
2758,222212221,0,1133,988,942,376,812
2759,222222221,0,1094,996,967,436,855
2760,222232221,0,1053,1002,988,505,884
2761,222242221,0,1012,1010,1009,562,309
2762,222252221,0,0,1017,1032,605,0
2763,222262221,0,0,1027,1050,659,975
2764,222272221,0,0,1035,1066,703,995
2765,222282221,0,0,1045,1085,751,1013
2766,222292221,0,814,1049,1106,788,1036
2767,222302221,0,786,1058,1122,814,1053
2768,222312221,0,749,1064,1139,849,1077
2769,222322221,0,710,1070,1156,885,1097
2770,222332221,0,662,1079,1173,927,1118
2771,222342221,0,619,1084,1191,973,1137
2772,222352221,0,573,1091,1209,1014,1162
2773,222362221,0,524,1097,1228,1059,1190
2774,222372221,0,468,1104,1244,1101,1210
2775,222382221,0,411,1109,1258,1142,1242
2776,222392221,0,344,1113,1270,1189,1267
2777,222402221,0,278,1115,1285,1239,1299
2778,222412221,0,219,1119,1300,1280,1323
2779,222422221,0,160,1123,1310,1319,1355
2780,222432221,0,74,1033,1302,1271,1376
2781,222442221,0,12,1124,1338,1389,0
2782,222452221,0,0,1120,1352,1432,4
2783,222462221,0,0,1112,1367,1465,0
2784,222472221,0,0,1097,1380,1499,0
2785,222482221,0,0,1076,1385,1525,0
2786,222492221,0,0,1047,1310,1516,0
2787,222502221,0,0,1008,1389,1563,0
2788,222512221,0,0,952,1388,1574,1602
2789,222522221,0,0,890,1384,1580,1627
2790,222532221,0,0,872,1376,1586,0
2791,222542221,0,0,825,1353,1585,0
2792,222552221,0,0,771,1232,1541,0
2793,222562221,0,0,722,1255,1544,0
2794,222572221,0,0,696,1184,1486,0
2795,222582221,0,0,663,1116,1396,1786
2796,222592221,0,0,634,1075,1274,1803
2797,222602221,0,0,614,1034,1127,1822
2798,222612221,0,0,570,984,931,1821
2799,222622221,0,0,474,888,671,1707
2800,222632221,0,0,470,890,533,1741
2801,222642221,0,0,376,837,373,1634
2802,222652221,0,0,310,750,280,1505
2803,222662221,0,0,229,631,169,1338
2804,222672221,0,0,170,499,53,1173
2805,222682221,0,0,111,364,0,931
2806,222692221,0,0,75,263,0,501
2807,222702221,0,0,55,165,0,0
2808,222712221,0,0,33,72,0,0
2809,222722221,0,0,5,27,0,0
2810,222732221,0,0,3,22,0,0
2811,222742221,0,0,2,20,0,0
2812,222752221,0,0,0,11,0,0
2813,222762221,0,0,0,0,0,0
2814,222772221,0,0,0,0,0,0
2815,222782221,0,0,0,0,0,0
2816,222792221,0,0,0,0,0,0
2817,222802221,0,0,0,0,0,0
2818,222812221,0,0,0,0,0,0
2819,222822221,0,0,0,1,0,0
2820,222832221,0,0,2,4,0,0
2821,222842221,0,0,9,10,0,0
2822,222852221,0,0,17,21,0,0
2823,222862221,0,0,23,18,0,0
2824,222872221,0,0,28,14,0,0
2825,222882221,0,0,33,18,0,0
2826,222892221,0,0,40,11,0,0
2827,222902221,0,0,50,13,0,0
2828,222912221,0,0,54,20,0,0
2829,222922221,0,0,56,20,0,0
2830,222932221,0,0,55,15,0,0
2831,222942221,0,0,56,15,0,3
2832,222952221,0,0,36,5,0,0
2833,222962221,0,0,42,10,0,0
2834,222972221,0,0,27,0,0,0
2835,222982221,0,0,12,0,0,0
2836,222992221,0,0,0,0,0,0
2837,223002221,0,0,0,0,0,0
2838,223012221,0,0,0,0,0,0
2839,223022221,0,0,1,0,0,0
2840,223032221,0,0,8,0,1,0
2841,223042221,0,0,17,0,0,0
2842,223052221,0,0,19,0,0,0
2843,223062221,0,2,28,0,0,0
2844,223072221,0,0,43,0,0,0
2845,223082221,0,0,54,0,0,0
2846,223092221,0,38,59,0,0,0
2847,223102221,0,219,71,0,0,0
2848,223112221,0,602,85,0,0,0
2849,223122221,0,985,90,0,0,0
2850,223132221,0,1233,99,0,0,0
2851,223142221,0,1306,119,0,0,0
2852,223152221,0,1520,168,19,0,0
2853,223162221,0,1612,235,66,0,0
2854,223172221,0,1651,325,102,0,0
2855,223182221,0,1691,418,182,0,0
2856,223192221,0,1701,533,259,0,0
2857,223202221,0,1697,686,406,0,0
2858,223212221,0,1677,813,557,0,0
2859,223222221,0,1649,940,719,0,0
2860,223232221,0,1619,1038,860,0,0
2861,223242221,0,1588,1109,995,0,0
2862,223252221,0,1561,1159,1092,0,0
2863,223262221,0,1523,1187,1177,0,10
2864,223272221,0,0,1216,1228,0,181
2865,223282221,0,0,1238,1268,45,368
2866,223292221,0,0,1251,1307,156,526
2867,223302221,0,0,1260,1322,270,668
2868,223312221,0,0,1264,1342,394,778
2869,223322221,0,1071,1266,1362,479,862
2870,223332221,0,1014,1264,1372,588,928
2871,223342221,0,953,1262,1381,660,982
2872,223352221,0,907,1260,1384,719,1016
2873,223362221,1,868,1258,1387,762,1052
2874,223372221,0,825,1254,1387,803,1075
2875,223382221,0,796,1252,1390,833,1083
2876,223392221,0,773,1247,1391,859,1098
2877,223402221,0,741,1243,1391,879,1109
2878,223412221,0,702,1243,1394,892,1113
2879,223422221,0,678,1243,1394,906,1118
2880,223432221,0,654,1242,1394,919,1122
2881,223442221,0,641,1242,1396,927,1124
2882,223452221,0,633,1241,1395,935,1127
2883,223462221,0,627,1240,1395,941,1127
2884,223472221,0,621,1239,1393,949,1129
2885,223482221,0,619,1236,1388,954,1130
2886,223492221,0,617,1230,1382,959,1133
2887,223502221,0,618,1223,1372,972,1138
2888,223512221,2,617,1211,1366,981,1142
2889,223522221,0,614,1205,1357,989,1146
2890,223532221,0,606,1198,1343,997,1150
2891,223542221,0,605,1188,1331,1011,1161
2892,223552221,0,605,1178,1322,1032,1164
2893,223562221,0,604,1164,1313,1047,1166
2894,223572221,0,608,1152,1306,1064,1169
2895,223582221,0,602,1140,1299,1077,1172
2896,223592221,2,603,1129,1287,1084,1170
2897,223602221,0,598,1119,1274,1096,1169
2898,223612221,0,600,1110,1264,1102,1169
2899,223622221,0,610,1097,1256,1108,1164
2900,223632221,0,620,1083,1245,1109,1147
2901,223642221,0,637,1070,1230,1107,1134
2902,223652221,0,667,1059,1211,1086,1113
2903,223662221,0,661,981,1120,1002,1062
2904,223672221,0,771,1011,1139,940,1002
2905,223682221,0,830,981,1081,844,937
2906,223692221,0,0,954,1026,745,873
2907,223702221,0,0,922,975,649,814
2908,223712221,0,0,892,935,587,777
2909,223722221,0,0,874,911,552,764
2910,223732221,0,0,791,865,532,756
2911,223742221,0,0,825,862,498,743
2912,223752221,0,0,804,839,463,726
2913,223762221,0,0,776,809,424,698
2914,223772221,0,0,744,774,358,668
2915,223782221,0,0,702,713,284,589
2916,223792221,0,0,638,618,182,458
2917,223802221,0,0,540,492,81,253
2918,223812221,0,0,398,317,0,23
2919,223822221,0,0,238,162,0,0
2920,223832221,0,1144,119,44,0,0
2921,223842221,0,1100,52,0,0,0
2922,223852221,0,1042,2,0,0,0
2923,223862221,0,961,0,0,0,0
2924,223872221,0,887,0,0,0,0
2925,223882221,0,821,0,0,0,3
2926,223892221,0,743,0,0,0,0
2927,223902221,0,694,0,0,0,0
2928,223912221,0,622,0,0,0,0
2929,223922221,0,543,0,0,0,0
2930,223932221,0,459,0,0,0,0
2931,223942221,0,374,0,0,0,0
2932,223952221,0,328,0,0,0,0
2933,223962221,0,329,0,0,0,0
2934,223972221,0,314,0,0,0,0
2935,223982221,0,301,0,0,0,0
2936,223992221,0,257,0,0,0,0
2937,224002221,0,281,0,0,0,0
2938,224012221,0,263,0,0,0,0
2939,224022221,0,250,0,0,0,0
2940,224032221,0,234,0,0,0,0
2941,224042221,0,212,0,0,0,0
2942,224052221,0,202,0,0,0,0
2943,224062221,0,185,3,0,0,0
2944,224072221,0,172,10,0,0,0
2945,224082221,0,156,12,0,0,0
2946,224092221,0,144,16,0,0,0
2947,224102221,0,134,20,0,1,0
2948,224112221,0,120,23,0,0,0
2949,224122221,0,109,8,0,0,0
2950,224132221,0,113,48,1,0,0
2951,224142221,0,110,57,7,0,0
2952,224152221,0,110,83,13,0,0
2953,224162221,0,107,120,33,0,0
2954,224172221,0,102,154,45,0,0
2955,224182221,0,98,197,66,0,0
2956,224192221,0,95,191,64,0,0
2957,224202221,0,108,268,93,1,0
2958,224212221,0,281,307,92,0,0
2959,224222221,0,417,327,101,0,0
2960,224232221,0,582,332,97,0,0
2961,224242221,0,729,342,138,0,0
2962,224252221,0,816,369,148,0,0
2963,224262221,0,963,338,101,0,0
2964,224272221,0,1171,392,134,0,0
2965,224282221,0,1305,409,122,0,0
2966,224292221,0,1394,443,144,0,0
2967,224302221,0,0,607,295,0,0
2968,224312221,0,0,785,536,0,0
2969,224322221,0,0,924,683,0,0
2970,224332221,0,0,959,784,0,0
2971,224342221,0,0,1117,951,0,0
2972,224352221,0,0,1179,1056,0,0
2973,224362221,0,0,1231,1139,10,56
2974,224372221,0,0,1272,1215,94,299
2975,224382221,0,0,1300,1258,186,501
2976,224392221,0,0,1314,1292,320,683
2977,224402221,0,0,1327,1316,432,820
2978,224412221,0,0,1335,1335,559,931
2979,224422221,0,0,1341,1350,681,1027
2980,224432221,0,750,1341,1366,808,1105
2981,224442221,0,664,1341,1376,899,1170
2982,224452221,0,530,1335,1385,987,1215
2983,224462221,0,425,1338,1396,1069,1260
2984,224472221,0,302,1331,1403,1131,1292
2985,224482221,0,194,1314,1413,1199,1336
2986,224492221,0,115,1301,1414,1260,1374
2987,224502221,0,53,1287,1416,1314,1392
2988,224512221,0,0,1265,1417,1355,1418
2989,224522221,0,0,1245,1417,1398,1445
2990,224532221,0,0,1224,1416,1434,0
2991,224542221,0,0,1195,1412,1469,0
2992,224552221,0,0,1166,1404,1498,0
2993,224562221,0,0,1132,1400,1522,572
2994,224572221,0,0,1099,1390,1545,1596
2995,224582221,0,0,1059,1383,1564,1625
2996,224592221,0,0,1033,1377,1579,1651
2997,224602221,0,0,997,1369,1591,1678
2998,224612221,0,0,967,1364,1604,1702
2999,224622221,0,0,921,1353,1615,1721
3000,224632221,0,0,894,1347,1624,1743
3001,224642221,0,0,867,1334,1633,1761
3002,224652221,0,0,845,1323,1641,1777
3003,224662221,0,0,833,1310,1655,1797
3004,224672221,0,0,813,1302,1661,1812
3005,224682221,0,0,785,1286,1670,1823
3006,224692221,0,0,759,1267,1673,1838
3007,224702221,0,0,725,1256,1677,1851
3008,224712221,0,0,700,1239,1680,1863
3009,224722221,0,0,677,1224,1683,1880
3010,224732221,0,0,655,1199,1681,1889
3011,224742221,0,0,608,1178,1679,1897
3012,224752221,0,0,563,1163,1674,1907
3013,224762221,0,0,538,1130,1665,1915
3014,224772221,0,0,502,1105,1655,1928
3015,224782221,0,0,457,1060,1636,1931
3016,224792221,0,0,396,990,1593,0
3017,224802221,0,0,326,908,1530,1936
3018,224812221,0,0,266,832,1475,0
3019,224822221,0,0,185,733,1396,1948
3020,224832221,0,0,99,621,1270,1943
3021,224842221,0,0,4,454,1071,1821
3022,224852221,0,0,0,359,1037,1877
3023,224862221,0,0,0,250,927,1783
3024,224872221,0,0,0,150,806,1675
3025,224882221,0,0,0,72,592,1550
3026,224892221,0,0,0,27,354,1340
3027,224902221,0,0,0,8,162,1100
3028,224912221,0,0,0,0,0,584
3029,224922221,0,0,0,0,0,0
3030,224932221,0,0,0,0,0,0
3031,224942221,0,0,0,0,0,17
3032,224952221,0,0,0,0,0,70
3033,224962221,0,0,0,0,0,0
3034,224972221,0,0,0,7,0,0
3035,224982221,1,0,0,5,0,0
3036,224992221,0,0,0,2,0,0
3037,225002221,0,0,0,0,0,0
3038,225012221,0,0,0,0,0,0
3039,225022221,0,0,0,0,0,0
3040,225032221,0,0,0,0,0,0
3041,225042221,0,0,0,0,0,0
3042,225052221,0,0,0,0,0,0
3043,225062221,0,0,0,0,0,0
3044,225072221,0,0,0,0,0,0
3045,225082221,0,0,0,0,0,0
3046,225092221,0,0,0,0,0,0
3047,225102221,0,0,0,0,0,0
3048,225112221,0,0,0,0,0,0
3049,225122221,0,0,0,0,0,0
3050,225132221,0,0,0,0,0,0
3051,225142221,0,0,0,0,0,0
3052,225152221,0,0,0,0,0,0
3053,225162221,0,0,0,0,0,0
3054,225172221,0,0,0,0,0,0
3055,225182221,0,0,0,0,0,0
3056,225192221,0,0,0,0,0,0
3057,225202221,0,0,0,0,0,0
3058,225212221,0,0,0,0,0,0
3059,225222221,0,0,0,0,0,0
3060,225232221,0,0,0,0,0,0
3061,225242221,0,0,0,0,0,0
3062,225252221,0,0,0,0,0,0
3063,225262221,0,0,0,0,0,0
3064,225272221,0,0,0,0,0,0
3065,225282221,0,0,0,0,0,0
3066,225292221,0,0,0,0,0,0
3067,225302221,0,0,13,5,0,0
3068,225312221,0,0,23,8,0,0
3069,225322221,0,0,33,9,0,0
3070,225332221,0,0,36,6,0,0
3071,225342221,0,0,38,0,0,0
3072,225352221,0,78,40,0,0,0
3073,225362221,0,343,45,3,0,0
3074,225372221,0,789,57,0,0,0
3075,225382221,0,1106,74,0,0,0
3076,225392221,0,1263,79,0,0,0
3077,225402221,0,1378,105,4,0,2
3078,225412221,0,1468,153,13,0,0
3079,225422221,0,1550,199,40,0,0
3080,225432221,0,1607,266,62,0,0
3081,225442221,0,1634,357,115,0,0
3082,225452221,0,1645,494,233,0,0
3083,225462221,0,1645,645,369,0,0
3084,225472221,0,1645,752,528,0,0
3085,225482221,0,1643,848,643,0,0
3086,225492221,0,1636,918,661,0,0
3087,225502221,0,1636,964,790,0,0
3088,225512221,0,1627,1004,848,0,0
3089,225522221,0,1618,1033,886,0,0
3090,225532221,0,1601,1049,918,0,56
3091,225542221,0,1586,1060,930,2,92
3092,225552221,0,1565,1063,936,9,118
3093,225562221,0,1449,1059,941,14,122
3094,225572221,0,1516,1065,941,26,136
3095,225582221,0,1482,1066,947,37,152
3096,225592221,0,1444,1068,951,50,182
3097,225602221,0,1395,1070,956,62,217
3098,225612221,0,1355,1075,972,88,240
3099,225622221,0,1309,1084,993,119,274
3100,225632221,0,0,1102,1038,172,337
3101,225642221,0,0,1118,1067,217,406
3102,225652221,0,0,1133,1100,287,463
3103,225662221,0,0,1153,1136,348,522
3104,225672221,0,126,1165,1163,398,573
3105,225682221,0,993,1178,1193,472,637
3106,225692221,0,937,1190,1228,531,685
3107,225702221,0,879,1200,1251,595,733
3108,225712221,0,833,1209,1261,657,787
3109,225722221,0,775,1217,1277,732,831
3110,225732221,0,711,1227,1290,796,876
3111,225742221,0,630,1234,1304,871,922
3112,225752221,0,558,1238,1313,941,973
3113,225762221,0,489,1239,1321,1010,1015
3114,225772221,0,433,1242,1329,1082,1059
3115,225782221,0,361,1242,1339,1135,1105
3116,225792221,0,290,1241,1352,1191,1143
3117,225802221,0,231,1241,1354,1230,1184
3118,225812221,0,165,1239,1359,1276,0
3119,225822221,0,95,1234,1366,1321,0
3120,225832221,0,32,1229,1370,1347,0
3121,225842221,0,0,1208,1378,1389,0
3122,225852221,0,0,1201,1383,1418,0
3123,225862221,0,0,1178,1387,1445,1346
3124,225872221,0,0,1151,1394,1471,1381
3125,225882221,0,0,1123,1400,1498,1401
3126,225892221,0,0,1096,1400,1518,1425
3127,225902221,0,0,1061,1399,1532,1447
3128,225912221,0,0,1011,1394,1551,1473
3129,225922221,0,0,954,1392,1563,1495
3130,225932221,0,2,917,1381,1572,1531
3131,225942221,0,0,867,1360,1577,1560
3132,225952221,0,0,807,1323,1584,1595
3133,225962221,0,0,717,1266,1576,1615
3134,225972221,0,0,630,1197,1562,0
3135,225982221,0,0,571,1107,1525,0
3136,225992221,0,0,473,991,1441,1690
3137,226002221,0,0,401,920,1355,1706
3138,226012221,0,0,317,815,1198,1706
3139,226022221,0,0,244,704,996,1688
3140,226032221,0,0,140,582,860,1637
3141,226042221,0,0,44,461,731,1542
3142,226052221,0,0,0,352,552,1418
3143,226062221,0,0,0,262,370,1283
3144,226072221,0,0,0,177,212,1132
3145,226082221,0,0,0,125,64,857
3146,226092221,0,0,0,57,0,271
3147,226102221,0,0,0,30,0,0
3148,226112221,0,0,0,0,0,0
3149,226122221,0,0,0,0,0,0
3150,226132221,0,0,0,0,0,0
3151,226142221,0,0,0,0,0,0
3152,226152221,0,0,0,0,0,0
3153,226162221,0,0,0,0,0,0
3154,226172221,0,0,0,0,0,0
3155,226182221,0,0,0,0,0,0
3156,226192221,0,0,0,0,0,0
3157,226202221,0,0,0,0,0,0
3158,226212221,0,0,0,0,0,0
3159,226222221,0,0,0,0,0,0
3160,226232221,0,0,0,0,0,0
3161,226242221,0,0,0,0,0,0
3162,226252221,0,0,0,2,0,0
3163,226262221,0,0,0,0,0,0
3164,226272221,0,0,0,0,0,0
3165,226282221,0,0,0,0,0,0
3166,226292221,0,0,0,0,0,0
3167,226302221,0,0,0,0,0,0
3168,226312221,0,0,0,0,0,0
3169,226322221,0,0,0,0,0,0
3170,226332221,0,0,0,0,0,0
3171,226342221,0,0,0,0,0,0
3172,226352221,0,0,0,0,0,0
3173,226362221,0,0,0,0,0,0
3174,226372221,0,0,0,0,0,0
3175,226382221,0,0,0,0,0,0
3176,226392221,0,0,0,0,0,0
3177,226402221,0,0,0,0,0,0
3178,226412221,0,0,0,0,0,0
3179,226422221,0,0,0,0,0,0
3180,226432221,0,0,0,0,0,0
3181,226442221,0,0,0,0,0,0
3182,226452221,0,0,0,0,0,0
3183,226462221,0,0,0,0,0,0
3184,226472221,0,0,0,0,0,0
3185,226482221,0,0,0,0,0,0
3186,226492221,0,0,0,0,0,0
3187,226502221,0,44,0,0,0,0
3188,226512221,0,167,0,0,0,0
3189,226522221,0,386,0,0,0,0
3190,226532221,0,636,12,0,0,0
3191,226542221,0,839,24,0,0,0
3192,226552221,0,1031,13,0,0,0
3193,226562221,0,1163,4,0,0,0
3194,226572221,0,1273,2,0,0,0
3195,226582221,0,1374,28,0,0,0
3196,226592221,0,1443,69,0,0,0
3197,226602221,0,1478,135,11,0,0
3198,226612221,0,1487,191,25,0,0
3199,226622221,0,1495,238,44,0,0
3200,226632221,0,1499,275,64,0,0
3201,226642221,0,1503,327,106,0,0
3202,226652221,0,1507,379,164,0,0
3203,226662221,0,1471,398,230,0,48
3204,226672221,0,1509,522,310,0,159
3205,226682221,0,1506,571,379,45,263
3206,226692221,0,1497,647,461,92,365
3207,226702221,0,1484,696,534,135,470
3208,226712221,0,1463,744,596,171,558
3209,226722221,0,1441,787,652,226,632
3210,226732221,0,1415,835,695,279,699
3211,226742221,0,1376,860,735,339,751
3212,226752221,0,1351,887,775,392,799
3213,226762221,0,1323,909,807,436,839
3214,226772221,0,1297,927,836,479,867
3215,226782221,0,1255,944,869,528,893
3216,226792221,0,1211,966,905,568,937
3217,226802221,0,1166,986,939,615,975
3218,226812221,0,1126,1008,978,665,1017
3219,226822221,0,1090,1032,1010,702,1064
3220,226832221,0,1054,1049,1043,744,0
3221,226842221,0,1016,1065,1070,791,0
3222,226852221,0,978,1079,1097,824,0
3223,226862221,0,951,1094,1122,843,0
3224,226872221,0,917,1115,1149,891,0
3225,226882221,0,873,1128,1176,931,0
3226,226892221,0,824,1143,1201,971,0
3227,226902221,0,774,1159,1225,1012,0
3228,226912221,0,697,1167,1244,1053,0
3229,226922221,0,620,1175,1264,1074,0
3230,226932221,0,518,1183,1288,1128,0
3231,226942221,0,388,1193,1304,1164,0
3232,226952221,0,281,1196,1326,1188,0
3233,226962221,0,188,1202,1336,1214,0
3234,226972221,0,109,1200,1353,1247,0
3235,226982221,0,41,1196,1366,1276,0
3236,226992221,0,10,1191,1376,1308,0
3237,227002221,0,0,1177,1385,1330,1449
3238,227012221,0,0,1165,1390,1348,1656
3239,227022221,0,0,1145,1396,1364,1686
3240,227032221,0,0,1126,1399,1367,1703
3241,227042221,0,0,1103,1403,1372,1727
3242,227052221,0,0,1076,1405,1346,1649
3243,227062221,0,0,1061,1414,1362,1765
3244,227072221,0,0,1042,1415,1354,1782
3245,227082221,0,0,1029,1419,1340,1803
3246,227092221,0,0,1014,1422,1318,1818
3247,227102221,0,0,994,1426,1284,1833
3248,227112221,0,0,969,1430,1232,1847
3249,227122221,0,0,958,1432,1167,1862
3250,227132221,0,0,970,1433,1096,1875
3251,227142221,0,0,987,1434,1015,1890
3252,227152221,0,0,1009,1439,932,0
3253,227162221,0,0,1039,1423,809,0
3254,227172221,0,0,1055,1428,644,0
3255,227182221,0,0,1075,1425,469,1901
3256,227192221,0,0,1100,1417,285,1880
3257,227202221,0,0,1118,1398,125,1831
3258,227212221,0,0,1118,1374,28,1763
3259,227222221,0,0,1091,1326,1,1696
3260,227232221,0,0,993,1243,0,1619
3261,227242221,0,0,832,1109,0,1497
3262,227252221,0,0,680,932,0,1319
3263,227262221,0,0,559,723,0,1068
3264,227272221,0,0,493,513,0,772
3265,227282221,0,0,403,358,0,206
3266,227292221,0,0,297,197,0,0
3267,227302221,0,0,231,104,0,0
3268,227312221,0,0,190,85,0,0
3269,227322221,0,0,152,70,0,56
3270,227332221,0,0,109,43,0,61
3271,227342221,0,0,93,34,0,11
3272,227352221,0,0,62,12,0,0
3273,227362221,0,0,39,2,0,0
3274,227372221,0,0,26,5,0,0
3275,227382221,0,0,24,4,0,0
3276,227392221,0,0,25,4,0,0
3277,227402221,0,0,32,19,0,0
3278,227412221,0,0,30,22,0,0
3279,227422221,0,0,27,25,0,0
3280,227432221,0,0,30,20,0,0
3281,227442221,0,0,23,15,0,0
3282,227452221,0,0,17,16,0,0
3283,227462221,0,0,27,15,0,0
3284,227472221,0,0,27,11,0,0
3285,227482221,0,0,33,14,0,0
3286,227492221,0,0,35,18,0,0
3287,227502221,0,0,40,18,0,0
3288,227512221,0,0,43,16,0,0
3289,227522221,0,0,47,16,0,0
3290,227532221,0,0,41,11,0,0
3291,227542221,0,0,32,5,0,0
3292,227552221,0,0,27,4,0,0
3293,227562221,0,0,30,2,0,0
3294,227572221,0,0,25,1,0,0
3295,227582221,0,0,19,1,0,0
3296,227592221,0,0,13,0,0,0
3297,227602221,0,0,5,0,0,0
3298,227612221,0,0,0,0,0,0
3299,227622221,0,0,1,0,0,0
3300,227632221,0,0,3,0,0,0
3301,227642221,0,216,3,0,0,0
3302,227652221,0,433,16,0,0,0
3303,227662221,0,648,43,0,0,0
3304,227672221,0,866,80,0,0,0
3305,227682221,0,1044,83,0,0,0
3306,227692221,0,1163,84,0,0,0
3307,227702221,0,1272,72,0,0,0
3308,227712221,0,1372,74,0,0,0
3309,227722221,0,1439,97,0,0,0
3310,227732221,0,1479,139,7,0,0
3311,227742221,0,1502,172,21,0,0
3312,227752221,0,1519,234,46,0,0
3313,227762221,0,1531,310,85,0,0
3314,227772221,0,1548,364,135,0,0
3315,227782221,0,1559,429,205,0,0
3316,227792221,0,1570,478,261,0,0
3317,227802221,0,1577,528,308,0,0
3318,227812221,0,1582,570,360,0,0
3319,227822221,0,1582,641,415,0,0
3320,227832221,0,1582,682,474,0,0
3321,227842221,0,1579,725,523,0,0
3322,227852221,0,1573,763,569,0,30
3323,227862221,0,1564,799,612,0,60
3324,227872221,0,1553,834,652,0,114
3325,227882221,1,1536,866,691,0,165
3326,227892221,0,1515,890,726,0,231
3327,227902221,0,1495,910,760,0,283
3328,227912221,0,1469,928,787,0,330
3329,227922221,0,1445,950,810,7,376
3330,227932221,0,1420,966,840,17,415
3331,227942221,0,1394,980,868,32,458
3332,227952221,0,1373,996,888,45,494
3333,227962221,0,1353,1008,911,72,526
3334,227972221,0,1323,1025,876,85,488
3335,227982221,0,1304,1043,955,104,587
3336,227992221,0,1279,1055,981,120,625
3337,228002221,0,1255,1071,999,145,666
3338,228012221,0,1233,1084,1016,170,710
3339,228022221,0,1211,1104,1043,213,0
3340,228032221,0,1193,1117,1065,255,0
3341,228042221,0,1160,1059,1037,271,0
3342,228052221,0,1152,1149,1110,342,0
3343,228062221,0,1127,1169,1134,394,905
3344,228072221,0,1093,1184,1170,433,949
3345,228082221,0,1056,1202,1194,475,989
3346,228092221,0,1001,1218,1221,533,1037
3347,228102221,0,950,1234,1244,602,1093
3348,228112221,0,884,1245,1266,667,1139
3349,228122221,0,812,1258,1289,739,1187
3350,228132221,0,735,1269,1307,797,1229
3351,228142221,0,648,1277,1325,877,1257
3352,228152221,0,562,1288,1342,946,1289
3353,228162221,0,443,1295,1361,1001,0
3354,228172221,0,336,1300,1375,1052,0
3355,228182221,0,199,1305,1388,1108,0
3356,228192221,0,75,1309,1402,1164,0
3357,228202221,0,5,1310,1422,1206,0
3358,228212221,0,0,1308,1435,1245,0
3359,228222221,0,0,1298,1446,1276,1494
3360,228232221,0,0,1288,1458,1305,1523
3361,228242221,0,0,1270,1464,1322,1557
3362,228252221,0,0,1252,1475,1339,1589
3363,228262221,0,0,1225,1480,1350,1619
3364,228272221,0,0,1189,1483,1336,1648
3365,228282221,0,0,1144,1484,1319,1680
3366,228292221,0,0,1080,1480,1276,1707
3367,228302221,0,0,1035,1473,1213,1742
3368,228312221,0,0,944,1435,1057,1762
3369,228322221,0,0,1021,1439,1006,1797
3370,228332221,0,0,1033,1408,845,0
3371,228342221,0,0,1032,1380,610,0
3372,228352221,0,0,1041,1352,392,1818
3373,228362221,0,0,1041,1324,194,1782
3374,228372221,0,0,1017,1286,64,1724
3375,228382221,0,0,971,1222,7,1657
3376,228392221,0,0,868,1157,0,1570
3377,228402221,0,0,725,1038,0,1444
3378,228412221,0,0,631,875,0,1267
3379,228422221,0,0,533,693,0,1008
3380,228432221,0,0,446,482,0,513
3381,228442221,0,0,360,313,0,0
3382,228452221,0,0,266,170,0,0
3383,228462221,0,0,224,117,0,0
3384,228472221,0,0,214,123,0,0
3385,228482221,0,0,198,118,0,0
3386,228492221,0,0,165,89,0,0
3387,228502221,0,0,145,71,0,0
3388,228512221,0,0,110,54,0,0
3389,228522221,0,0,90,45,0,0
3390,228532221,0,0,83,33,0,0
3391,228542221,0,0,74,29,0,0
3392,228552221,0,0,73,33,0,0
3393,228562221,0,0,75,38,0,0
3394,228572221,0,0,79,38,0,0
3395,228582221,0,0,82,41,0,0
3396,228592221,0,0,84,37,0,0
3397,228602221,0,0,74,33,0,0
3398,228612221,0,0,73,26,0,0
3399,228622221,0,0,75,26,2,0
3400,228632221,0,0,82,26,0,0
3401,228642221,0,0,85,25,0,0
3402,228652221,0,0,90,30,0,0
3403,228662221,0,0,91,27,0,0
3404,228672221,0,0,96,32,0,0
3405,228682221,0,0,104,31,0,0
3406,228692221,0,0,106,30,0,0
3407,228702221,0,0,106,29,0,0
3408,228712221,0,0,97,24,0,0
3409,228722221,0,0,91,17,1,0
3410,228732221,0,0,95,20,0,0
3411,228742221,0,0,98,22,0,0
3412,228752221,0,0,102,27,0,0
3413,228762221,0,0,101,27,0,0
3414,228772221,0,0,107,24,0,0
3415,228782221,0,0,102,19,0,0
3416,228792221,0,0,100,12,0,0
3417,228802221,0,0,84,3,0,0
3418,228812221,0,0,70,0,0,0
3419,228822221,0,0,62,0,0,0
3420,228832221,0,88,59,0,0,0
3421,228842221,0,387,49,0,0,0
3422,228852221,0,686,51,0,0,0
3423,228862221,0,919,55,0,0,0
3424,228872221,0,1061,45,0,0,0
3425,228882221,0,1149,68,0,0,0
3426,228892221,0,1175,70,0,0,0
3427,228902221,0,1350,126,0,0,0
3428,228912221,0,1404,170,14,0,0
3429,228922221,0,1475,227,41,0,0
3430,228932221,0,1525,293,74,0,0
3431,228942221,0,1569,369,138,0,0
3432,228952221,0,1580,494,192,0,0
3433,228962221,0,1597,598,306,0,0
3434,228972221,0,1610,678,412,0,0
3435,228982221,0,1615,747,473,0,0
3436,228992221,0,1623,801,528,0,0
3437,229002221,0,1626,851,584,0,0
3438,229012221,0,1624,900,630,2,0
3439,229022221,0,1544,891,648,0,0
3440,229032221,0,1605,984,756,0,0
3441,229042221,0,1582,1026,821,0,0
3442,229052221,0,1554,1071,878,0,0
3443,229062221,0,1510,1114,947,0,22
3444,229072221,0,1453,1148,1005,0,68
3445,229082221,0,1387,1181,1057,0,108
3446,229092221,0,1238,1200,1104,0,179
3447,229102221,0,1258,1230,1147,0,248
3448,229112221,0,1189,1250,1191,0,314
3449,229122221,0,1117,1254,1224,20,369
3450,229132221,0,0,1276,1254,57,424
3451,229142221,0,0,1294,1272,92,478
3452,229152221,0,919,1305,1299,136,531
3453,229162221,0,787,1312,1319,176,573
3454,229172221,0,789,1326,1339,224,614
3455,229182221,0,719,1336,1361,279,669
3456,229192221,0,637,1344,1374,327,709
3457,229202221,0,556,1350,1388,397,744
3458,229212221,0,462,1354,1403,440,783
3459,229222221,0,370,1360,1418,496,811
3460,229232221,0,287,1365,1433,547,847
3461,229242221,0,210,1368,1445,597,892
3462,229252221,0,136,1378,1459,658,931
3463,229262221,0,57,1373,1469,717,966
3464,229272221,0,9,1378,1488,784,1004
3465,229282221,0,0,1380,1498,841,1052
3466,229292221,0,0,1380,1510,901,1084
3467,229302221,0,0,1383,1523,981,0
3468,229312221,0,0,1384,1535,1040,2
3469,229322221,0,0,1385,1551,1080,0
3470,229332221,0,0,1386,1561,1126,0
3471,229342221,0,0,1388,1576,1166,0
3472,229352221,0,0,1385,1588,1227,1
3473,229362221,0,0,1380,1595,1268,1329
3474,229372221,0,0,1372,1607,1304,1362
3475,229382221,0,0,1356,1613,1337,1393
3476,229392221,0,0,1337,1618,1364,1426
3477,229402221,0,0,1308,1621,1389,1463
3478,229412221,0,0,1280,1623,1411,1504
3479,229422221,0,0,1238,1623,1426,1550
3480,229432221,0,0,1200,1622,1445,1590
3481,229442221,0,0,1172,1616,1445,1631
3482,229452221,0,0,1130,1606,1445,1667
3483,229462221,0,0,1111,1587,1425,1705
3484,229472221,0,0,1104,1554,1387,0
3485,229482221,0,0,1073,1506,1312,0
3486,229492221,0,0,963,1416,1132,0
3487,229502221,0,0,1010,1366,1082,1823
3488,229512221,0,0,949,1296,867,1834
3489,229522221,0,0,878,1211,583,1829
3490,229532221,0,0,814,1156,397,1801
3491,229542221,0,0,736,1099,273,1724
3492,229552221,0,0,649,1017,172,0
3493,229562221,0,0,560,902,94,1524
3494,229572221,0,0,469,761,19,1353
3495,229582221,0,0,343,604,0,1148
3496,229592221,0,0,282,435,0,838
3497,229602221,0,0,220,274,0,302
3498,229612221,0,0,150,142,0,0
3499,229622221,0,0,81,65,0,0
3500,229632221,0,0,68,55,0,0
3501,229642221,0,0,52,48,0,0
3502,229652221,0,0,35,33,0,0
3503,229662221,0,0,21,24,0,0
3504,229672221,0,0,12,17,0,0
3505,229682221,0,0,3,6,0,0
3506,229692221,0,0,0,7,0,0
3507,229702221,0,0,0,0,0,0
3508,229712221,0,0,0,0,0,0
3509,229722221,0,0,0,0,0,0
3510,229732221,0,0,0,0,0,0
3511,229742221,0,0,0,0,0,0
3512,229752221,0,0,0,0,0,0
3513,229762221,3,0,0,0,0,0
3514,229772221,0,0,4,0,0,0
3515,229782221,0,0,9,0,0,0
3516,229792221,0,0,14,0,0,0
3517,229802221,0,0,28,3,0,0
3518,229812221,0,0,37,5,0,0
3519,229822221,0,0,45,10,0,0
3520,229832221,0,0,55,12,0,0
3521,229842221,0,0,61,13,0,0
3522,229852221,0,0,64,14,0,0
3523,229862221,0,0,74,18,0,0
3524,229872221,0,0,76,19,0,0
3525,229882221,0,0,72,15,0,0
3526,229892221,0,0,55,7,0,0
3527,229902221,0,0,57,5,0,0
3528,229912221,0,0,60,6,0,0
3529,229922221,0,0,68,7,0,0
3530,229932221,0,0,75,5,0,0
3531,229942221,0,0,80,9,0,0
3532,229952221,0,0,91,13,0,0
3533,229962221,0,0,100,23,0,0
3534,229972221,0,0,111,30,0,0
3535,229982221,0,0,123,35,0,0
3536,229992221,0,0,105,5,0,0
3537,230002221,0,0,119,12,0,0
3538,230012221,0,55,110,10,0,0
3539,230022221,0,280,108,0,0,0
3540,230032221,0,687,102,0,0,0
3541,230042221,0,987,106,0,0,0
3542,230052221,0,1129,104,0,0,0
3543,230062221,0,1166,98,0,0,0
3544,230072221,0,1300,140,0,0,0
3545,230082221,0,1378,175,8,0,0
3546,230092221,0,1447,220,33,1,0
3547,230102221,0,1507,265,64,0,0
3548,230112221,0,1552,334,98,0,0
3549,230122221,0,1566,424,164,0,0
3550,230132221,0,1571,569,276,0,0
3551,230142221,0,1563,664,397,0,0
3552,230152221,0,1553,742,482,0,0
3553,230162221,0,1546,796,564,0,0
3554,230172221,0,1548,827,614,0,0
3555,230182221,0,1549,859,663,0,0
3556,230192221,0,1548,884,691,0,0
3557,230202221,0,1544,906,730,0,0
3558,230212221,0,1529,923,757,8,54
3559,230222221,0,1507,941,790,37,112
3560,230232221,0,1477,956,813,83,159
3561,230242221,0,1447,972,842,130,219
3562,230252221,0,1409,985,868,157,256
3563,230262221,0,1378,997,894,185,294
3564,230272221,0,1339,1003,923,217,326
3565,230282221,0,1293,1020,954,241,350
3566,230292221,0,1230,1035,993,280,373
3567,230302221,0,1160,1052,1027,322,409
3568,230312221,0,1105,1071,1062,359,443
3569,230322221,0,1043,1083,1094,400,489
3570,230332221,0,0,1092,1121,461,530
3571,230342221,0,0,1100,1142,542,575
3572,230352221,0,0,1103,1160,615,618
3573,230362221,0,0,1108,1170,695,670
3574,230372221,0,0,1103,1177,758,707
3575,230382221,0,0,1099,1180,809,759
3576,230392221,0,0,1096,1183,859,810
3577,230402221,0,0,1080,1186,904,858
3578,230412221,0,0,1080,1185,933,889
3579,230422221,0,0,1081,1187,955,925
3580,230432221,0,0,1084,1197,983,955
3581,230442221,0,513,1091,1208,1007,986
3582,230452221,0,537,1095,1224,1045,1012
3583,230462221,0,506,1094,1235,1072,1039
3584,230472221,0,473,1097,1243,1100,1064
3585,230482221,0,428,1098,1252,1128,1094
3586,230492221,0,358,1099,1260,1159,1117
3587,230502221,0,285,1097,1268,1195,1141
3588,230512221,0,197,1027,1242,1238,1166
3589,230522221,0,170,1084,1277,1265,1192
3590,230532221,0,104,1066,1284,1301,1223
3591,230542221,0,0,1052,1286,1331,0
3592,230552221,0,0,1037,1290,1367,0
3593,230562221,0,0,1008,1292,1397,0
3594,230572221,0,0,985,1297,1429,0
3595,230582221,0,0,944,1301,1470,0
3596,230592221,0,0,923,1305,1498,0
3597,230602221,0,0,885,1305,1515,0
3598,230612221,0,0,824,1301,1527,1422
3599,230622221,0,0,776,1276,1534,1452
3600,230632221,0,0,685,1215,1541,0
3601,230642221,0,0,543,1084,1465,0
3602,230652221,0,0,527,1042,1503,0
3603,230662221,0,0,434,940,1451,0
3604,230672221,0,0,339,816,1334,1593
3605,230682221,0,0,266,708,1211,1617
3606,230692221,0,0,182,570,1007,1620
3607,230702221,0,0,108,445,816,598
3608,230712221,0,0,57,357,638,1518
3609,230722221,0,0,16,258,421,1400
3610,230732221,0,0,0,182,232,1257
3611,230742221,0,0,0,133,48,1048
3612,230752221,0,0,1,94,3,585
3613,230762221,0,0,6,44,0,0
3614,230772221,0,0,0,6,0,0
3615,230782221,0,0,0,3,0,0
3616,230792221,0,0,6,10,0,0
3617,230802221,0,0,12,15,0,0
3618,230812221,0,0,18,18,0,0
3619,230822221,0,0,21,21,0,0
3620,230832221,0,0,30,22,0,0
3621,230842221,0,0,35,22,0,3
3622,230852221,0,0,34,18,0,0
3623,230862221,0,0,30,14,0,0
3624,230872221,0,0,27,12,0,0
3625,230882221,0,0,26,7,0,0
3626,230892221,0,0,25,2,0,0
3627,230902221,0,0,4,1,0,0
3628,230912221,0,0,24,3,0,0
3629,230922221,0,0,25,1,0,0
3630,230932221,0,0,20,0,0,0
3631,230942221,0,0,12,0,0,0
3632,230952221,0,0,2,0,0,0
3633,230962221,0,0,0,0,0,0
3634,230972221,0,0,0,0,0,0
3635,230982221,0,0,0,0,0,0
3636,230992221,0,0,0,0,0,0
3637,231002221,0,0,0,0,0,0
3638,231012221,0,0,0,0,0,0
3639,231022221,0,0,0,0,0,0
3640,231032221,0,0,0,0,0,0
3641,231042221,0,0,0,0,0,0
3642,231052221,2,0,0,0,0,0
3643,231062221,0,0,0,0,0,0
3644,231072221,0,0,0,0,0,0
3645,231082221,0,0,0,1,0,0
3646,231092221,0,0,8,3,0,0
3647,231102221,0,0,27,12,0,0
3648,231112221,0,0,42,10,0,0
3649,231122221,0,0,69,23,0,0
3650,231132221,0,0,97,52,0,0
3651,231142221,0,0,114,60,0,0
3652,231152221,0,0,219,204,0,0
3653,231162221,0,0,412,515,0,0
3654,231172221,0,0,620,810,100,214
3655,231182221,0,0,826,1064,195,0
3656,231192221,0,0,1038,1238,251,561
3657,231202221,0,0,1167,1331,293,631
3658,231212221,0,0,1262,1398,340,710
3659,231222221,0,0,1323,1440,369,779
3660,231232221,0,171,1359,1476,389,810
3661,231242221,0,383,1384,1491,415,827
3662,231252221,0,531,1400,1510,437,840
3663,231262221,0,599,1424,1525,443,841
3664,231272221,0,616,1438,1546,437,804
3665,231282221,0,614,1447,1558,414,769
3666,231292221,0,598,1451,1562,393,753
3667,231302221,0,563,1349,1541,328,750
3668,231312221,0,579,1453,1567,364,758
3669,231322221,0,582,1451,1569,366,766
3670,231332221,0,595,1447,1564,367,778
3671,231342221,0,605,1441,1560,370,776
3672,231352221,0,617,1438,1552,370,780
3673,231362221,0,622,1429,1543,372,776
3674,231372221,0,622,1422,1530,373,769
3675,231382221,0,622,1417,1523,372,770
3676,231392221,0,621,1406,1517,374,774
3677,231402221,0,621,1401,1511,381,781
3678,231412221,0,618,1396,1506,389,794
3679,231422221,0,617,1389,1499,398,809
3680,231432221,0,618,1385,1493,398,825
3681,231442221,0,623,1382,1489,424,841
3682,231452221,0,628,1382,1485,429,856
3683,231462221,0,628,1381,1486,467,0
3684,231472221,0,620,1382,1488,497,0
3685,231482221,0,611,1381,1488,537,0
3686,231492221,0,526,1374,1489,581,0
3687,231502221,0,570,1380,1488,622,0
3688,231512221,0,550,1377,1486,667,0
3689,231522221,0,553,1375,1487,702,0
3690,231532221,0,544,1373,1487,730,0
3691,231542221,0,530,1372,1486,773,0
3692,231552221,0,501,1371,1487,807,0
3693,231562221,0,493,1369,1486,842,0
3694,231572221,0,476,1367,1488,867,0
3695,231582221,0,462,1363,1487,888,0
3696,231592221,0,454,1362,1482,920,0
3697,231602221,0,433,1358,1482,945,0
3698,231612221,0,409,1356,1482,986,0
3699,231622221,0,370,1353,1481,1045,0
3700,231632221,0,312,1349,1483,1092,0
3701,231642221,0,283,1340,1480,1140,0
3702,231652221,0,234,1333,1477,1190,0
3703,231662221,0,190,1325,1479,1252,0
3704,231672221,0,150,1320,1476,1290,1313
3705,231682221,0,95,1305,1471,1326,1375
3706,231692221,0,36,1294,1478,1366,1397
3707,231702221,0,0,1273,1475,1399,1429
3708,231712221,0,0,1252,1475,1434,1448
3709,231722221,0,0,1231,1467,1465,1478
3710,231732221,0,0,1206,1461,1494,1498
3711,231742221,0,0,1178,1451,1512,1518
3712,231752221,0,0,1143,1435,1526,1538
3713,231762221,0,0,1104,1415,1531,1558
3714,231772221,0,0,1061,1387,1552,1573
3715,231782221,0,0,1005,1350,1556,1581
3716,231792221,0,0,934,1285,1557,0
3717,231802221,0,0,838,1190,1549,0
3718,231812221,0,0,746,1096,1529,1
3719,231822221,0,0,633,980,1491,0
3720,231832221,0,0,517,793,1415,0
3721,231842221,0,0,400,634,1320,1604
3722,231852221,0,0,281,449,1186,1550
3723,231862221,0,0,166,301,1048,1456
3724,231872221,0,0,75,159,825,1320
3725,231882221,0,0,13,83,603,1166
3726,231892221,0,0,0,27,306,941
3727,231902221,0,0,0,0,87,548
3728,231912221,0,0,0,0,0,102
3729,231922221,0,0,0,0,0,0
3730,231932221,0,0,0,0,0,0
3731,231942221,0,0,0,0,0,0
3732,231952221,0,0,0,0,0,1
3733,231962221,0,0,19,0,0,0
3734,231972221,0,0,45,0,0,0
3735,231982221,0,0,75,8,0,0
3736,231992221,0,0,82,10,0,0
3737,232002221,0,0,92,16,0,0
3738,232012221,0,2,102,16,1,0
3739,232022221,0,9,114,18,0,0
3740,232032221,0,11,116,17,0,0
3741,232042221,0,21,122,12,0,0
3742,232052221,0,29,131,10,0,0
3743,232062221,0,35,132,7,0,0
3744,232072221,0,41,128,0,0,0
3745,232082221,0,44,118,0,0,0
3746,232092221,0,47,115,0,0,0
3747,232102221,0,50,104,0,0,0
3748,232112221,0,48,92,0,0,0
3749,232122221,0,38,81,0,0,0
3750,232132221,0,38,67,0,0,0
3751,232142221,0,30,56,0,0,0
3752,232152221,0,28,45,0,0,0
3753,232162221,0,21,38,0,0,0
3754,232172221,0,11,28,0,0,0
3755,232182221,0,3,30,0,0,0
3756,232192221,0,1,26,0,0,0
3757,232202221,0,0,20,0,0,0
3758,232212221,0,0,17,0,0,0
3759,232222221,0,0,10,0,0,0
3760,232232221,0,0,6,0,0,0
3761,232242221,0,0,0,0,0,0
3762,232252221,0,0,0,0,0,0
3763,232262221,0,0,0,0,0,0
3764,232272221,0,0,0,0,0,0
3765,232282221,0,0,0,0,0,0
3766,232292221,0,0,0,0,0,0
3767,232302221,0,0,0,0,0,0
3768,232312221,0,0,0,0,0,0
3769,232322221,0,0,0,0,0,0
3770,232332221,0,0,0,0,0,0
3771,232342221,0,0,13,0,0,0
3772,232352221,0,0,16,0,0,0
3773,232362221,0,0,20,1,0,0
3774,232372221,0,0,21,0,0,0
3775,232382221,0,0,18,0,0,0
3776,232392221,0,0,14,0,0,0
3777,232402221,0,275,17,0,0,0
3778,232412221,0,751,24,0,0,0
3779,232422221,0,1120,17,0,0,0
3780,232432221,0,1304,28,0,0,0
3781,232442221,0,1383,30,0,0,0
3782,232452221,0,1434,37,0,0,0
3783,232462221,0,1509,63,0,0,0
3784,232472221,0,1579,105,0,0,0
3785,232482221,0,1638,140,11,0,0
3786,232492221,0,1674,181,51,0,0
3787,232502221,0,1692,234,66,0,0
3788,232512221,0,1702,367,135,0,0
3789,232522221,0,1706,459,223,0,0
3790,232532221,0,1704,542,317,0,0
3791,232542221,0,1702,598,394,0,0
3792,232552221,0,1701,646,447,0,0
3793,232562221,0,1698,680,498,0,0
3794,232572221,0,1689,723,556,0,0
3795,232582221,0,1678,758,604,0,0
3796,232592221,0,1660,790,655,0,0
3797,232602221,0,1637,829,699,0,0
3798,232612221,0,1606,866,745,0,0
3799,232622221,0,1474,900,803,0,0
3800,232632221,0,1530,937,850,0,0
3801,232642221,0,1495,968,902,0,0
3802,232652221,0,1458,994,942,0,0
3803,232662221,0,1414,1017,984,0,6
3804,232672221,0,1379,1049,1040,0,26
3805,232682221,0,0,1002,1029,0,27
3806,232692221,0,0,1098,1110,1,73
3807,232702221,0,1156,1121,1145,14,88
3808,232712221,0,1186,1138,1184,38,143
3809,232722221,0,1129,1160,1235,70,176
3810,232732221,0,1069,1180,1255,105,229
3811,232742221,0,1023,1196,1284,147,271
3812,232752221,0,972,1212,1305,186,318
3813,232762221,0,918,1230,1322,217,352
3814,232772221,0,856,1243,1339,254,385
3815,232782221,0,795,1252,1360,311,430
3816,232792221,0,721,1258,1374,358,474
3817,232802221,0,647,1268,1389,407,529
3818,232812221,0,574,1192,1348,423,526
3819,232822221,0,508,1285,1418,521,618
3820,232832221,0,418,1289,1436,590,678
3821,232842221,0,316,1295,1451,646,726
3822,232852221,0,220,1303,1464,700,774
3823,232862221,0,130,1306,1482,755,818
3824,232872221,0,53,1312,1500,819,0
3825,232882221,0,0,1317,1514,875,0
3826,232892221,0,0,1322,1532,939,0
3827,232902221,0,0,1323,1552,1009,0
3828,232912221,0,0,1324,1561,1065,675
3829,232922221,0,0,1320,1572,1128,1140
3830,232932221,0,0,1309,1579,1188,1204
3831,232942221,0,0,1289,1589,1241,1262
3832,232952221,0,0,1271,1594,1290,1317
3833,232962221,0,0,1251,1601,1323,1374
3834,232972221,0,0,1214,1607,1365,1420
3835,232982221,0,0,1175,1608,1385,1467
3836,232992221,0,0,1142,1608,1407,1522
3837,233002221,0,0,1136,1603,1418,1573
3838,233012221,0,0,1104,1591,1415,1622
3839,233022221,0,0,1079,1563,1399,1671
3840,233032221,0,0,1051,1510,1366,1714
3841,233042221,0,0,1015,1432,1287,0
3842,233052221,0,0,958,1327,1181,0
3843,233062221,0,0,869,1232,1010,0
3844,233072221,0,0,779,1142,715,0
3845,233082221,0,0,697,1065,509,1789
3846,233092221,0,0,600,992,375,1723
3847,233102221,0,0,504,883,279,1635
3848,233112221,0,0,377,769,174,1513
3849,233122221,0,0,275,604,71,1322
3850,233132221,0,0,190,411,0,1082
3851,233142221,0,0,97,259,0,652
3852,233152221,0,0,57,113,0,13
3853,233162221,0,0,27,36,0,0
3854,233172221,0,0,30,25,0,0
3855,233182221,0,0,21,19,0,0
3856,233192221,0,0,16,20,0,0
3857,233202221,0,0,11,21,2,0
3858,233212221,0,0,0,7,0,0
3859,233222221,0,0,0,1,0,0
3860,233232221,0,0,0,0,0,0
3861,233242221,0,0,0,0,0,0
3862,233252221,0,0,0,0,0,0
3863,233262221,0,0,0,0,0,0
3864,233272221,0,0,0,0,0,0
3865,233282221,0,0,0,0,0,0
3866,233292221,0,0,0,0,0,0
3867,233302221,0,0,0,0,0,0
3868,233312221,0,0,0,0,0,0
3869,233322221,0,0,0,0,0,0
3870,233332221,0,0,0,0,0,0
3871,233342221,0,0,2,0,0,0
3872,233352221,0,1,0,0,0,0
3873,233362221,0,0,0,0,0,0
3874,233372221,0,0,0,0,0,0
3875,233382221,0,0,0,0,0,0
3876,233392221,0,0,0,0,0,0
3877,233402221,0,0,0,0,0,0
3878,233412221,0,0,0,0,0,28
3879,233422221,0,0,3,5,0,50
3880,233432221,0,0,7,7,0,55
3881,233442221,0,0,5,9,0,52
3882,233452221,0,0,4,9,0,48
3883,233462221,0,0,4,8,0,60
3884,233472221,0,0,6,10,0,51
3885,233482221,0,0,2,2,0,40
3886,233492221,0,0,22,10,0,22
3887,233502221,0,0,22,10,0,4
3888,233512221,0,0,39,15,0,0
3889,233522221,0,0,32,9,0,0
3890,233532221,0,0,39,0,0,0
3891,233542221,0,123,50,0,0,0
3892,233552221,0,543,67,0,0,0
3893,233562221,0,1037,38,0,0,0
3894,233572221,0,1272,38,0,0,0
3895,233582221,0,1368,36,0,0,0
3896,233592221,0,1431,55,0,0,0
3897,233602221,0,1506,80,0,0,0
3898,233612221,0,1569,111,8,0,0
3899,233622221,0,1611,163,36,0,0
3900,233632221,0,1640,234,63,0,0
3901,233642221,0,1655,410,172,0,0
3902,233652221,0,1652,530,303,0,0
3903,233662221,0,1633,622,433,0,0
3904,233672221,0,1612,695,539,0,0
3905,233682221,0,1587,763,620,0,0
3906,233692221,0,1562,810,702,0,101
3907,233702221,0,1534,855,763,6,252
3908,233712221,0,1508,885,814,63,401
3909,233722221,0,1473,917,855,124,528
3910,233732221,0,1427,937,894,208,636
3911,233742221,0,1381,960,934,277,728
3912,233752221,3,1323,979,970,317,792
3913,233762221,0,1257,993,997,382,849
3914,233772221,0,1206,1006,1018,443,901
3915,233782221,0,1154,1019,1049,495,940
3916,233792221,2,1098,1035,1065,537,989
3917,233802221,0,1014,1040,1014,576,942
3918,233812221,0,0,1049,1104,664,1074
3919,233822221,0,0,1056,1125,720,1112
3920,233832221,0,816,1065,1145,763,1153
3921,233842221,1,773,1072,1169,816,1194
3922,233852221,0,723,1078,1191,868,1235
3923,233862221,0,650,1083,1209,914,1257
3924,233872221,0,578,1089,1225,953,1283
3925,233882221,0,525,1094,1239,986,1301
3926,233892221,0,476,1096,1251,1024,1320
3927,233902221,0,411,1099,1262,1068,1339
3928,233912221,0,347,1101,1272,1123,1365
3929,233922221,0,286,1104,1283,1173,1386
3930,233932221,0,219,1015,1269,1131,1403
3931,233942221,0,203,1106,1300,1244,1432
3932,233952221,0,177,1107,1308,1272,1450
3933,233962221,0,156,1108,1318,1302,1470
3934,233972221,0,134,1112,1328,1327,1495
3935,233982221,0,101,1115,1340,1357,0
3936,233992221,0,62,1041,1295,1318,0
3937,234002221,0,37,1116,1362,1401,0
3938,234012221,0,2,1114,1368,1423,0
3939,234022221,0,0,1109,1375,1437,0
3940,234032221,0,0,1093,1377,1451,1614
3941,234042221,0,0,1069,1382,1464,1542
3942,234052221,0,0,1050,1306,1446,1537
3943,234062221,0,0,1019,1389,1491,1684
3944,234072221,0,0,991,1395,1504,1703
3945,234082221,0,0,956,1397,1516,1723
3946,234092221,0,0,912,1395,1524,1748
3947,234102221,0,0,880,1384,1527,1766
3948,234112221,0,0,851,1366,1526,1777
3949,234122221,0,0,826,1349,1511,1801
3950,234132221,0,0,805,1324,1488,1815
3951,234142221,0,0,776,1291,1452,1824
3952,234152221,0,0,740,1246,1402,0
3953,234162221,0,0,723,1194,1327,0
3954,234172221,0,0,698,1130,1237,1836
3955,234182221,0,0,688,1068,1148,1832
3956,234192221,0,0,667,1005,1007,1822
3957,234202221,0,0,635,950,825,1799
3958,234212221,0,0,601,890,601,1767
3959,234222221,0,0,533,835,427,1708
3960,234232221,0,0,455,766,309,1634
3961,234242221,0,0,394,694,173,1551
3962,234252221,0,0,315,619,77,1437
3963,234262221,0,0,274,541,14,1326
3964,234272221,0,0,232,463,0,1222
3965,234282221,0,0,185,379,0,1126
3966,234292221,0,0,151,294,0,979
3967,234302221,0,0,122,228,0,828
3968,234312221,0,0,98,170,0,608
3969,234322221,0,0,83,109,0,279
3970,234332221,0,0,72,70,0,20
3971,234342221,0,0,38,27,1,0
3972,234352221,0,0,37,23,0,0
3973,234362221,0,0,33,19,0,0
3974,234372221,0,0,30,17,0,0
3975,234382221,0,0,30,16,0,0
3976,234392221,0,0,35,16,0,0
3977,234402221,0,0,38,18,0,0
3978,234412221,0,0,44,20,0,0
3979,234422221,0,0,51,22,0,0
3980,234432221,0,0,59,8,0,0
3981,234442221,0,0,68,31,0,0
3982,234452221,0,0,75,38,0,0
3983,234462221,0,0,78,36,0,0
3984,234472221,0,0,77,33,0,0
3985,234482221,0,0,74,29,0,0
3986,234492221,0,0,72,25,0,0
3987,234502221,0,0,71,24,0,0
3988,234512221,0,0,71,23,0,0
3989,234522221,0,0,75,32,0,0
3990,234532221,0,0,74,24,0,0
3991,234542221,0,0,71,23,0,0
3992,234552221,0,0,68,20,0,0
3993,234562221,0,0,35,6,0,0
3994,234572221,0,0,52,11,0,0
3995,234582221,0,0,44,10,0,0
3996,234592221,0,0,41,9,0,0
3997,234602221,0,0,37,8,0,0
3998,234612221,0,0,38,7,0,0
3999,234622221,0,0,42,9,0,0
4000,234632221,0,0,37,6,0,0
4001,234642221,0,0,32,0,0,0
4002,234652221,0,0,26,0,0,0
4003,234662221,0,0,20,0,0,0
4004,234672221,0,0,15,0,0,0
4005,234682221,0,0,12,0,0,3
4006,234692221,0,88,22,0,0,0
4007,234702221,0,224,21,0,0,0
4008,234712221,0,301,22,0,0,0
4009,234722221,0,383,18,0,0,0
4010,234732221,0,592,9,0,0,0
4011,234742221,0,872,21,0,0,0
4012,234752221,0,1122,27,0,0,2
4013,234762221,0,1236,10,0,0,0
4014,234772221,0,1305,26,0,0,0
4015,234782221,0,1335,35,0,0,0
4016,234792221,0,1380,45,0,0,0
4017,234802221,0,1418,58,0,0,0
4018,234812221,0,1448,72,0,0,0
4019,234822221,0,1481,110,0,0,0
4020,234832221,0,1412,158,0,0,0
4021,234842221,0,1530,227,19,0,0
4022,234852221,0,1553,308,46,0,0
4023,234862221,0,1564,371,80,0,0
4024,234872221,0,1581,420,111,0,0
4025,234882221,0,1594,451,139,0,0
4026,234892221,0,1506,480,153,0,0
4027,234902221,0,1612,501,164,0,0
4028,234912221,0,1619,527,170,0,0
4029,234922221,0,1621,543,186,0,0
4030,234932221,0,1619,553,200,0,0
4031,234942221,0,1614,573,222,0,0
4032,234952221,0,1608,586,233,0,0
4033,234962221,0,1600,606,267,0,0
4034,234972221,0,1590,616,282,0,0
4035,234982221,0,1585,629,312,0,0
4036,234992221,0,1579,646,315,0,0
4037,235002221,0,1573,659,347,0,21
4038,235012221,0,1567,682,370,0,57
4039,235022221,0,1559,711,404,0,88
4040,235032221,0,1547,746,434,0,136
4041,235042221,0,1529,768,471,0,189
4042,235052221,0,1517,793,514,12,235
4043,235062221,0,1506,813,545,57,298
4044,235072221,0,1497,839,572,106,357
4045,235082221,0,1478,861,604,153,405
4046,235092221,0,1459,888,638,214,474
4047,235102221,0,1431,909,667,267,549
4048,235112221,0,1408,927,698,332,605
4049,235122221,0,1387,944,735,386,656
4050,235132221,0,1367,960,767,438,695
4051,235142221,0,1339,977,798,486,739
4052,235152221,0,1310,987,825,543,786
4053,235162221,0,1291,1002,850,587,822
4054,235172221,0,1259,1014,872,630,859
4055,235182221,0,1234,1032,890,678,900
4056,235192221,0,1199,1043,924,729,947
4057,235202221,0,1166,1057,948,781,983
4058,235212221,0,1115,1065,970,825,1021
4059,235222221,0,1064,1066,993,870,994
4060,235232221,0,999,1079,1024,948,1108
4061,235242221,0,940,1087,1056,1000,1145
4062,235252221,0,863,1099,1080,1052,1179
4063,235262221,0,775,1110,1108,1108,1228
4064,235272221,0,677,1120,1131,1159,1272
4065,235282221,0,539,1130,1164,1209,1311
4066,235292221,0,373,1135,1195,1260,1358
4067,235302221,0,226,1136,1223,1305,1401
4068,235312221,0,110,1135,1244,1344,1443
4069,235322221,0,1,1131,1262,1387,1469
4070,235332221,0,0,1124,1278,1422,1506
4071,235342221,0,0,1113,1296,1454,1553
4072,235352221,0,0,1086,1304,1455,1504
4073,235362221,0,0,1047,1312,1499,1631
4074,235372221,0,0,978,1314,1513,1673
4075,235382221,0,0,891,1304,1513,1707
4076,235392221,0,0,853,1285,1501,1752
4077,235402221,0,0,790,1253,1475,1791
4078,235412221,0,0,738,1221,1429,1831
4079,235422221,0,0,663,1148,1348,1151
4080,235432221,0,0,714,1131,1203,0
4081,235442221,0,0,696,1087,1067,0
4082,235452221,0,0,692,1054,854,0
4083,235462221,0,0,686,1015,582,1923
4084,235472221,0,0,685,985,356,1899
4085,235482221,0,0,682,958,184,1849
4086,235492221,0,0,650,921,59,1766
4087,235502221,0,0,554,851,4,1679
4088,235512221,0,0,416,727,0,1565
4089,235522221,0,0,345,595,0,1392
4090,235532221,0,0,270,429,0,1171
4091,235542221,0,0,207,296,0,799
4092,235552221,0,0,155,185,0,169
4093,235562221,0,0,86,69,0,0
4094,235572221,0,0,73,51,0,0
4095,235582221,0,0,75,44,0,2
4096,235592221,0,0,55,38,0,61
4097,235602221,0,0,34,25,0,55
4098,235612221,0,0,25,10,0,15
4099,235622221,0,0,3,1,0,0
4100,235632221,0,0,12,0,0,0
4101,235642221,0,0,9,0,0,0
4102,235652221,0,0,3,0,0,0
4103,235662221,0,0,4,0,0,0
4104,235672221,0,0,4,0,0,0
4105,235682221,0,0,5,0,0,0
4106,235692221,0,0,8,0,0,0
4107,235702221,0,0,10,0,0,0
4108,235712221,0,0,11,0,0,0
4109,235722221,0,0,9,0,0,0
4110,235732221,0,0,12,0,0,0
4111,235742221,0,0,17,0,0,0
4112,235752222,0,0,17,0,0,0
4113,235762221,0,0,22,1,0,0
4114,235772221,0,0,27,5,0,0
4115,235782221,0,0,28,6,0,0
4116,235792221,0,0,34,11,0,0
4117,235802221,0,0,37,15,0,4
4118,235812221,0,0,36,11,0,24
4119,235822221,0,0,27,6,0,54
4120,235832221,0,0,23,0,0,62
4121,235842221,0,0,23,0,0,71
4122,235852221,0,0,25,0,0,65
4123,235862221,0,0,28,2,0,58
4124,235872221,0,0,35,5,0,46
4125,235882221,0,0,39,6,0,34
4126,235892221,0,0,40,8,0,14
4127,235902221,0,0,40,10,0,0
4128,235912221,0,0,39,3,0,0
4129,235922221,0,0,28,0,0,0
4130,235932221,0,0,36,0,0,0
4131,235942221,0,81,35,0,0,0
4132,235952221,0,342,44,0,0,0
4133,235962221,0,743,41,0,0,0
4134,235972221,0,1013,36,0,0,0
4135,235982221,0,1143,29,0,0,0
4136,235992221,0,1227,38,0,0,0
4137,236002221,0,1305,59,0,0,0
4138,236012221,0,1404,89,0,0,0
4139,236022221,0,1491,114,11,0,0
4140,236032221,0,1563,166,42,0,0
4141,236042221,0,1620,246,77,0,0
4142,236052221,0,1647,321,127,0,1
4143,236062221,0,1661,441,221,0,0
4144,236072221,0,1655,519,288,0,0
4145,236082221,0,1670,660,428,0,0
4146,236092221,0,1667,731,526,0,0
4147,236102221,0,1661,789,594,0,0
4148,236112221,0,1655,838,662,0,0
4149,236122221,0,1641,870,724,0,0
4150,236132221,0,1603,833,737,0,1
4151,236142221,0,1580,922,810,0,103
4152,236152221,0,1530,948,852,1,218
4153,236162221,0,1481,978,891,21,314
4154,236172221,0,1426,1009,934,64,405
4155,236182221,0,1363,1020,973,108,486
4156,236192221,0,1306,1043,1009,159,556
4157,236202221,0,1181,990,1014,206,614
4158,236212221,0,1192,1064,1065,262,668
4159,236222221,0,1134,1075,1084,303,1
4160,236232221,0,1088,1079,1106,360,769
4161,236242221,0,1046,1086,1124,419,808
4162,236252221,0,946,1094,1142,474,840
4163,236262221,0,0,1099,1162,538,870
4164,236272221,0,0,1107,1182,584,913
4165,236282221,0,799,1111,1199,634,941
4166,236292221,0,778,1111,1216,693,982
4167,236302221,0,723,1114,1237,747,1007
4168,236312221,0,659,1118,1251,807,1052
4169,236322221,0,607,1118,1263,855,1094
4170,236332221,0,534,1121,1274,913,1132
4171,236342221,0,473,1122,1286,976,1167
4172,236352221,0,412,1125,1297,1042,1206
4173,236362221,0,344,1124,1305,1087,1241
4174,236372221,0,293,1128,1315,1128,1275
4175,236382221,0,238,1127,1326,1179,1305
4176,236392221,0,193,1132,1336,1220,1330
4177,236402221,0,140,1136,1355,1259,1358
4178,236412221,0,76,1138,1367,1300,1381
4179,236422221,0,20,1141,1377,1338,1197
4180,236432221,0,0,1140,1399,1381,0
4181,236442221,0,0,1134,1402,1419,0
4182,236452221,0,0,1133,1420,1459,0
4183,236462221,0,0,1042,1407,1407,0
4184,236472221,0,0,1117,1434,1524,0
4185,236482221,0,0,1091,1432,1554,0
4186,236492221,0,0,1058,1443,1572,1587
4187,236502221,0,0,1020,1446,1588,1613
4188,236512221,0,0,969,1448,1603,1640
4189,236522221,0,0,919,1438,1617,1661
4190,236532221,0,0,867,1422,1626,1692
4191,236542221,0,0,810,1409,1633,1714
4192,236552221,0,0,768,1381,1637,1745
4193,236562221,0,0,724,1336,1630,1770
4194,236572221,0,0,696,1279,1620,0
4195,236582221,0,0,671,1202,1589,0
4196,236592221,0,0,633,1107,1530,0
4197,236602221,0,0,626,1099,1427,1879
4198,236612221,0,0,617,1074,1303,1899
4199,236622221,0,0,603,1044,1120,1914
4200,236632221,0,0,592,1008,908,1920
4201,236642221,0,0,583,990,686,1905
4202,236652221,0,0,551,958,471,1856
4203,236662221,0,0,473,916,313,656
4204,236672221,0,0,366,843,194,1681
4205,236682221,0,0,277,703,88,1564
4206,236692221,0,0,200,572,6,1397
4207,236702221,0,0,119,415,0,1171
4208,236712221,0,0,60,290,0,857
4209,236722221,0,0,41,181,0,247
4210,236732221,0,0,13,81,0,0
4211,236742221,0,0,9,40,0,0
4212,236752221,0,0,4,38,0,0
4213,236762221,0,0,3,39,0,0
4214,236772221,0,0,3,35,0,0
4215,236782221,0,0,1,28,0,0
4216,236792221,0,0,0,22,0,0
4217,236802221,0,0,0,13,0,0
4218,236812221,0,0,0,13,0,0
4219,236822221,0,0,1,12,0,0
4220,236832221,0,0,2,9,0,0
4221,236842221,0,0,5,7,0,0
4222,236852221,0,0,8,8,0,0
4223,236862221,0,0,3,3,0,0
4224,236872221,0,0,19,7,0,0
4225,236882221,0,0,26,6,0,0
4226,236892221,0,0,40,12,0,0
4227,236902221,0,0,52,13,0,0
4228,236912221,0,0,61,16,0,0
4229,236922221,0,0,71,17,0,0
4230,236932221,0,0,73,20,0,0
4231,236942221,0,0,75,15,0,0
4232,236952221,0,0,67,6,0,0
4233,236962221,0,0,42,0,0,0
4234,236972221,0,0,24,0,0,0
4235,236982221,0,0,14,0,0,0
4236,236992221,0,0,7,0,0,0
4237,237002221,0,0,3,0,0,0
4238,237012221,0,0,0,0,0,0
4239,237022221,0,0,3,0,0,0
4240,237032221,0,0,9,0,0,0
4241,237042221,0,0,21,0,0,0
4242,237052221,0,0,40,0,0,0
4243,237062221,0,0,72,2,0,0
4244,237072221,0,0,94,8,0,0
4245,237082221,0,0,135,19,0,0
4246,237092221,0,0,164,26,0,0
4247,237102221,0,0,173,24,0,0
4248,237112221,0,70,178,23,0,0
4249,237122221,0,264,203,23,0,0
4250,237132221,0,616,229,2,0,0
4251,237142221,0,943,250,15,0,0
4252,237152221,0,1142,280,26,0,0
4253,237162221,0,1289,293,39,0,0
4254,237172221,0,1412,331,55,0,0
4255,237182221,0,1508,392,97,0,0
4256,237192221,0,1585,495,157,0,0
4257,237202221,0,1614,617,261,0,0
4258,237212221,0,1608,809,467,0,0
4259,237222221,0,1581,946,658,0,0
4260,237232221,0,1532,1066,827,0,0
4261,237242221,0,1478,1151,987,0,0
4262,237252221,0,1209,1208,1115,0,0
4263,237262221,0,0,1255,1221,0,121
4264,237272221,0,0,1291,1279,57,348
4265,237282221,0,0,1314,1324,151,530
4266,237292221,0,0,1330,1360,259,687
4267,237302221,0,0,1342,1385,369,809
4268,237312221,0,0,1350,1407,465,901
4269,237322221,0,914,1352,1425,573,990
4270,237332221,0,819,1352,1437,670,1076
4271,237342221,0,724,1345,1447,777,1138
4272,237352221,0,610,1339,1452,870,1202
4273,237362221,0,495,1332,1458,950,1242
4274,237372221,0,380,1319,1462,1041,1277
4275,237382221,0,269,1306,1465,1097,1311
4276,237392221,0,180,1288,1466,1142,1339
4277,237402221,0,149,1265,1464,1191,1362
4278,237412221,0,112,1243,1462,1242,1381
4279,237422221,0,70,1224,1458,1273,1394
4280,237432221,0,0,1200,1448,1309,1414
4281,237442221,0,0,1179,1441,1349,1431
4282,237452221,0,0,1161,1436,1380,1451
4283,237462221,0,0,1145,1433,1409,1466
4284,237472221,0,0,1138,1433,1437,0
4285,237482221,0,0,1130,1433,1457,0
4286,237492221,0,0,1122,1433,1470,0
4287,237502221,0,0,1111,1430,1490,0
4288,237512221,0,0,1098,1429,1497,4
4289,237522221,0,0,1082,1420,1508,0
4290,237532221,0,0,1075,1414,1516,0
4291,237542221,0,0,1069,1403,1518,1543
4292,237552221,0,0,1066,1398,1523,1539
4293,237562221,0,0,1065,1395,1530,1550
4294,237572221,0,0,1060,1390,1550,1555
4295,237582221,0,38,1063,1385,1542,1554
4296,237592221,0,46,1058,1381,1545,1560
4297,237602221,0,62,1048,1372,1544,1556
4298,237612221,0,62,1044,1364,1547,1546
4299,237622221,0,76,1035,1358,1542,1533
4300,237632221,0,91,1024,1345,1531,1523
4301,237642221,0,110,1021,1333,1524,1512
4302,237652221,0,149,1017,1324,1512,1498
4303,237662221,0,188,1015,1312,1499,1486
4304,237672221,0,239,1013,1300,1483,1461
4305,237682221,0,296,1015,1287,1459,1448
4306,237692221,0,368,1011,1274,1437,1423
4307,237702221,0,440,1012,1264,1412,0
4308,237712221,0,530,999,1250,1381,0
4309,237722221,0,598,999,1234,1351,0
4310,237732221,0,658,984,1206,1313,0
4311,237742221,0,731,972,1181,1276,0
4312,237752221,0,801,955,1146,1228,0
4313,237762221,0,833,878,1080,1155,0
4314,237772221,0,954,910,1065,1068,2
4315,237782221,0,1026,875,1019,970,0
4316,237792221,0,1087,838,977,854,1061
4317,237802221,0,1125,797,928,734,995
4318,237812221,0,1164,744,869,614,940
4319,237822221,0,1132,654,800,508,894
4320,237832221,0,1211,663,764,388,805
4321,237842221,0,1228,593,661,283,714
4322,237852221,0,1240,488,545,187,558
4323,237862221,0,1248,383,390,98,359
4324,237872221,0,1255,228,247,1,105
4325,237882221,0,1190,57,89,0,0
4326,237892221,0,1245,2,22,0,0
4327,237902221,0,1223,1,0,0,0
4328,237912221,0,1189,0,0,0,0
4329,237922221,0,1143,0,0,0,0
4330,237932221,0,1095,0,0,0,0
4331,237942221,0,1015,0,2,0,0
4332,237952221,0,964,0,3,0,0
4333,237962221,0,927,0,0,0,0
4334,237972221,0,893,0,0,0,0
4335,237982221,0,829,0,0,0,0
4336,237992221,0,748,0,0,0,0
4337,238002221,0,661,0,0,0,0
4338,238012221,0,551,0,0,0,0
4339,238022221,0,433,0,0,0,0
4340,238032221,0,350,0,0,0,0
4341,238042221,0,366,0,0,0,0
4342,238052221,0,363,0,0,0,0
4343,238062221,0,355,0,0,0,0
4344,238072221,0,340,0,0,0,0
4345,238082221,0,325,0,0,0,0
4346,238092221,0,307,0,0,0,0
4347,238102221,0,299,0,0,0,0
4348,238112221,0,289,0,0,0,0
4349,238122221,0,284,0,0,0,0
4350,238132221,0,274,0,0,0,0
4351,238142221,0,259,0,0,0,0
4352,238152221,3,251,0,0,0,0
4353,238162221,0,231,0,0,0,0
4354,238172221,0,216,0,0,0,0
4355,238182221,0,195,0,0,0,0
4356,238192221,0,168,0,0,0,0
4357,238202221,2,139,0,0,0,0
4358,238212221,0,117,0,0,0,0
4359,238222221,1,86,0,0,0,0
4360,238232221,0,71,0,0,0,0
4361,238242221,0,48,0,0,0,0
4362,238252221,0,29,0,0,0,0
4363,238262221,0,9,0,0,0,0
4364,238272221,0,0,0,0,0,0
4365,238282221,0,1,0,0,0,0
4366,238292221,0,0,0,0,0,0
4367,238302221,0,0,0,0,0,0
4368,238312221,0,0,0,0,0,0
4369,238322221,0,0,0,0,0,0
4370,238332221,0,0,9,1,0,0
4371,238342221,0,0,21,1,0,0
4372,238352221,0,24,31,5,0,0
4373,238362221,0,86,36,7,0,0
4374,238372221,0,202,39,10,0,0
4375,238382221,0,398,45,19,0,0
4376,238392221,0,652,55,26,0,0
4377,238402221,0,942,73,33,0,0
4378,238412221,0,1175,44,7,0,0
4379,238422221,0,1307,59,4,0,0
4380,238432221,0,1370,62,5,0,0
4381,238442221,0,1418,68,4,0,0
4382,238452221,0,1483,100,8,0,0
4383,238462221,0,1451,150,33,0,0
4384,238472221,0,1595,212,52,0,0
4385,238482221,0,1634,324,147,0,0
4386,238492221,0,1648,507,312,0,0
4387,238502221,0,1647,641,442,0,0
4388,238512221,0,1641,734,540,0,0
4389,238522221,0,1627,803,622,0,0
4390,238532221,0,1610,861,695,0,0
4391,238542221,0,1583,907,759,32,89
4392,238552221,0,1551,952,816,101,247
4393,238562221,0,1502,990,869,183,407
4394,238572221,0,1437,1021,907,290,500
4395,238582221,0,1376,1051,937,366,601
4396,238592221,0,1314,1069,969,457,698
4397,238602221,0,1208,1081,989,551,775
4398,238612221,0,0,1089,1010,649,840
4399,238622221,0,1090,1097,1031,741,898
4400,238632221,0,989,1096,1046,822,955
4401,238642221,0,909,1098,1066,904,1012
4402,238652221,0,815,1096,1078,995,1070
4403,238662221,0,723,1017,1046,1030,1053
4404,238672221,0,632,1084,1110,1148,1172
4405,238682221,0,538,1078,1126,1211,1222
4406,238692221,0,439,1066,1141,1264,1257
4407,238702221,0,352,1052,1155,1310,1294
4408,238712221,0,275,1037,1163,1355,1325
4409,238722221,0,218,1009,1171,1399,1351
4410,238732221,0,0,984,1176,1436,1381
4411,238742221,0,0,948,1179,1478,1418
4412,238752221,0,0,917,1182,1509,1450
4413,238762221,0,0,883,1190,1546,0
4414,238772221,0,0,854,1193,1566,0
4415,238782221,0,0,825,1195,1586,0
4416,238792221,0,0,814,1201,1579,0
4417,238802221,0,0,814,1206,1615,1608
4418,238812221,0,0,794,1210,1633,1640
4419,238822221,0,0,785,1216,1641,1671
4420,238832221,0,0,774,1225,1661,1699
4421,238842221,0,0,750,1232,1673,1723
4422,238852221,0,0,732,1236,1676,1749
4423,238862221,0,0,722,1240,1688,1772
4424,238872221,0,0,701,1241,1699,1801
4425,238882221,0,0,665,1238,1705,1823
4426,238892221,0,0,626,1232,1705,1846
4427,238902221,0,0,598,1212,1716,1867
4428,238912221,0,0,566,1193,1716,1886
4429,238922221,0,0,488,1128,1716,1908
4430,238932221,0,0,488,1123,1705,1926
4431,238942221,0,0,429,1077,1687,1942
4432,238952221,0,0,367,1029,1658,5
4433,238962221,0,0,302,947,1591,1963
4434,238972221,0,0,233,874,1501,0
4435,238982221,0,0,156,783,1374,1980
4436,238992221,0,0,103,682,1221,1980
4437,239002221,0,0,39,596,1083,1962
4438,239012221,0,0,0,471,986,1923
4439,239022221,0,0,0,372,887,1852
4440,239032221,0,0,0,294,742,1774
4441,239042221,0,0,0,183,568,1660
4442,239052221,0,0,0,110,356,1505
4443,239062221,0,0,0,54,170,1290
4444,239072221,0,0,0,10,5,883
4445,239082221,0,0,0,0,0,135
4446,239092221,0,0,0,0,0,0
4447,239102221,0,0,0,0,0,0
4448,239112221,0,0,0,0,0,7
4449,239122221,0,0,0,0,0,63
4450,239132221,0,0,0,0,0,29
4451,239142221,0,0,0,0,0,0
4452,239152221,0,0,0,0,0,0
4453,239162221,0,0,0,0,0,0
4454,239172221,0,0,0,0,0,0
4455,239182221,0,0,0,0,0,0
4456,239192221,0,0,0,0,0,0
4457,239202221,0,0,0,0,0,0
4458,239212221,0,0,0,0,0,0
4459,239222221,0,0,0,0,0,0
4460,239232221,0,0,0,0,0,0
4461,239242221,0,0,0,0,0,0
4462,239252221,0,0,0,0,0,0
4463,239262221,0,0,0,0,0,0
4464,239272221,0,0,0,2,0,0
4465,239282221,0,0,0,0,0,0
4466,239292221,0,0,0,0,0,0
4467,239302221,0,0,0,0,0,0
4468,239312221,0,0,0,0,0,0
4469,239322221,0,0,0,0,0,0
4470,239332221,0,0,0,0,0,0
4471,239342221,0,0,0,0,0,0
4472,239352221,0,0,0,0,0,0
4473,239362221,0,0,0,1,0,0
4474,239372221,0,0,0,0,0,0
4475,239382221,0,0,0,0,0,0
4476,239392221,0,0,0,0,0,0
4477,239402221,0,0,0,3,0,0
4478,239412221,0,0,0,3,0,0
4479,239422221,0,0,0,1,0,0
4480,239432221,0,0,0,0,0,0
4481,239442221,0,0,0,0,0,0
4482,239452221,0,0,0,0,0,0
4483,239462221,0,0,0,0,0,0
4484,239472221,0,0,0,0,0,0
4485,239482221,0,1,0,0,0,0
4486,239492221,0,205,0,0,0,0
4487,239502221,0,551,0,0,0,0
4488,239512221,0,937,15,0,0,0
4489,239522221,0,1224,6,0,0,0
4490,239532221,0,1342,0,0,0,0
4491,239542221,0,1404,1,0,0,0
4492,239552221,2,1478,0,0,0,0
4493,239562221,0,1533,13,0,0,0
4494,239572221,0,1590,35,0,0,0
4495,239582221,0,1627,56,0,0,0
4496,239592221,0,1660,86,18,0,0
4497,239602221,0,1684,124,36,0,0
4498,239612221,0,1691,214,73,0,0
4499,239622221,0,1690,293,148,0,0
4500,239632221,0,1689,369,217,0,0
4501,239642221,0,1683,452,282,0,0
4502,239652221,0,1671,525,352,0,0
4503,239662221,0,1651,591,419,0,168
4504,239672221,0,1623,653,478,10,338
4505,239682221,0,1578,709,547,76,496
4506,239692221,0,1538,746,598,141,619
4507,239702221,0,1489,780,635,219,722
4508,239712221,0,1446,813,678,282,797
4509,239722221,0,1411,838,718,338,860
4510,239732221,0,1382,852,743,403,916
4511,239742221,0,1351,868,765,456,954
4512,239752221,0,1316,881,793,503,987
4513,239762221,0,1285,891,819,554,1016
4514,239772221,0,1196,845,816,596,1045
4515,239782221,0,1224,917,858,632,1067
4516,239792221,0,1192,921,875,679,1083
4517,239802221,0,1173,929,892,712,0
4518,239812221,0,1149,935,910,739,0
4519,239822221,0,0,944,923,764,0
4520,239832221,0,0,951,937,791,0
4521,239842221,0,0,956,944,812,1164
4522,239852221,0,0,967,953,839,1181
4523,239862221,0,0,972,965,872,1194
4524,239872221,0,0,980,977,906,1211
4525,239882221,0,0,988,990,941,1239
4526,239892221,0,1001,1000,1004,979,1269
4527,239902221,0,972,1012,1021,1017,1301
4528,239912221,0,941,1020,1046,1065,1329
4529,239922221,0,906,1040,1067,1111,1361
4530,239932221,0,865,1049,1094,1146,1383
4531,239942221,0,835,1063,1119,1189,1419
4532,239952221,0,794,1072,1142,1227,1446
4533,239962221,0,736,1080,1163,1262,1477
4534,239972221,0,665,1086,1177,1297,1508
4535,239982221,0,580,1087,1194,1331,1529
4536,239992221,0,497,1088,1205,1376,1558
4537,240002221,0,426,1083,1216,1404,1577
4538,240012221,0,337,1077,1229,1435,1606
4539,240022221,0,247,1066,1239,1456,1627
4540,240032221,0,204,1050,1248,1479,1649
4541,240042221,0,133,959,1204,1429,1574
4542,240052221,0,59,999,1262,1504,1686
4543,240062221,0,2,965,1271,1514,0
4544,240072221,0,0,918,1276,1517,0
4545,240082221,0,0,885,1278,1512,0
4546,240092221,0,0,856,1278,1502,0
4547,240102221,0,0,832,1275,1472,0
4548,240112221,0,0,836,1274,1428,0
4549,240122221,0,0,810,1272,1367,0
4550,240132221,0,0,803,1266,1293,1750
4551,240142221,0,0,789,1257,1228,1746
4552,240152221,0,0,779,1247,1156,1735
4553,240162221,0,0,779,1234,1067,1717
4554,240172221,0,0,757,1206,961,1694
4555,240182221,0,0,734,1168,851,1661
4556,240192221,0,0,719,1118,707,1629
4557,240202221,0,0,681,1061,551,1586
4558,240212221,0,0,645,1002,414,1521
4559,240222221,0,0,608,941,272,1449
4560,240232221,0,0,503,864,110,1356
4561,240242221,0,0,532,805,28,1251
4562,240252221,0,0,483,714,0,1122
4563,240262221,0,0,435,643,0,951
4564,240272221,0,0,394,565,0,785
4565,240282221,0,0,347,453,0,448
4566,240292221,0,0,305,339,0,55
4567,240302221,0,0,237,201,0,0
4568,240312221,0,0,167,100,0,0
4569,240322221,0,0,144,56,4,0
4570,240332221,0,0,122,49,0,0
4571,240342221,0,0,107,28,0,0
4572,240352221,0,0,100,24,0,0
4573,240362221,0,0,95,23,0,0
4574,240372221,0,0,94,26,0,0
4575,240382221,0,0,93,30,0,0
4576,240392221,0,0,90,35,0,0
4577,240402221,0,0,87,36,0,0
4578,240412221,0,0,82,37,0,1
4579,240422221,0,0,76,32,0,0
4580,240432221,0,0,71,29,0,0
4581,240442221,0,0,62,31,0,0
4582,240452221,0,0,49,26,0,1
4583,240462221,0,0,39,21,0,0
4584,240472221,0,0,30,14,0,0
4585,240482221,0,0,17,4,0,0
4586,240492221,0,0,6,0,0,0
4587,240502221,0,0,0,0,0,0
4588,240512221,0,0,0,0,0,0
4589,240522221,0,0,0,0,0,0
4590,240532221,0,0,0,0,0,0
4591,240542221,0,0,0,0,0,0
4592,240552221,0,0,0,0,0,0
4593,240562221,0,0,0,0,0,0
4594,240572221,0,165,2,0,0,0
4595,240582221,0,181,6,0,0,0
4596,240592221,0,198,13,0,0,0
4597,240602221,0,214,10,0,0,0
4598,240612221,0,229,7,0,0,0
4599,240622221,0,235,1,0,0,0
4600,240632221,0,339,0,0,0,0
4601,240642221,0,485,0,0,0,0
4602,240652221,0,684,0,0,0,0
4603,240662221,0,859,4,0,0,0
4604,240672221,0,1048,9,0,0,0
4605,240682221,0,1163,11,0,0,0
4606,240692221,0,1247,24,0,0,0
4607,240702221,0,1307,47,0,0,0
4608,240712221,0,1364,92,0,0,0
4609,240722221,0,1400,118,13,0,0
4610,240732221,0,1432,188,35,0,0
4611,240742221,0,1453,261,61,0,0
4612,240752221,0,1479,328,117,0,0
4613,240762221,0,1508,383,166,0,0
4614,240772221,0,1528,447,236,0,0
4615,240782221,0,1544,515,299,0,0
4616,240792221,0,1554,590,387,0,0
4617,240802221,0,1560,663,460,0,0
4618,240812221,0,1548,669,502,0,0
4619,240822221,0,1568,787,597,0,0
4620,240832221,0,1567,830,645,0,0
4621,240842221,0,1565,884,708,0,0
4622,240852221,0,1560,935,767,0,44
4623,240862221,0,1547,975,817,0,101
4624,240872221,0,1527,1009,864,0,171
4625,240882221,0,1505,1050,903,7,242
4626,240892221,0,1478,1075,943,26,302
4627,240902221,0,1452,1099,981,73,364
4628,240912221,0,1418,1123,1012,118,449
4629,240922221,0,1380,1140,1046,169,543
4630,240932221,0,1334,1149,1071,232,621
4631,240942221,0,1282,1091,1047,269,658
4632,240952221,0,1252,1182,1116,356,0
4633,240962221,0,1218,1195,1140,424,0
4634,240972221,0,1177,1205,1168,477,0
4635,240982221,0,1134,1210,1191,522,0
4636,240992221,0,1097,1224,1206,581,0
4637,241002221,0,406,1233,1230,625,0
4638,241012221,0,1017,1241,1250,665,0
4639,241022221,0,986,1247,1265,709,0
4640,241032221,0,945,1254,1279,747,1087
4641,241042221,0,900,1259,1294,796,1126
4642,241052221,0,858,1269,1308,841,1156
4643,241062221,0,813,1274,1320,883,1191
4644,241072221,0,685,1272,1334,931,1224
4645,241082221,0,675,1287,1349,974,1248
4646,241092221,1,612,1289,1362,1010,1272
4647,241102221,0,553,1293,1377,1051,1297
4648,241112221,0,475,1299,1387,1096,1178
4649,241122221,0,388,1305,1401,1129,0
4650,241132221,1,305,1307,1415,1163,0
4651,241142221,0,219,1311,1428,1202,0
4652,241152221,0,138,1313,1437,1232,0
4653,241162221,0,31,1315,1449,1260,0
4654,241172221,0,2,1315,1460,1291,0
4655,241182221,0,0,1316,1473,1317,0
4656,241192221,0,0,1312,1484,1339,1421
4657,241202221,0,0,1308,1498,1368,1532
4658,241212221,0,0,1303,1510,1390,1563
4659,241222221,0,0,1289,1518,1417,1591
4660,241232221,0,0,1271,1526,1432,1617
4661,241242221,0,0,1247,1531,1447,1646
4662,241252221,0,0,1209,1542,1458,1674
4663,241262221,0,0,1171,1548,1463,1702
4664,241272221,0,0,1105,1552,1464,1723
4665,241282221,0,0,1082,1553,1465,1755
4666,241292221,0,0,1069,1553,1460,1783
4667,241302221,0,0,1059,1549,1445,1812
4668,241312221,0,0,1051,1542,1418,1836
4669,241322221,0,0,1044,1528,1376,1858
4670,241332221,0,0,1040,1516,1296,1879
4671,241342221,0,0,949,1475,1128,1844
4672,241352221,0,0,1038,1472,1084,1913
4673,241362221,0,0,1044,1437,954,1927
4674,241372221,0,0,1053,1401,764,0
4675,241382221,0,0,1064,1377,517,0
4676,241392221,0,0,1076,1362,278,0
4677,241402222,0,0,987,1310,89,0
4678,241412221,0,0,1055,1276,31,1787
4679,241422221,0,0,992,1214,0,1718
4680,241432221,0,0,877,1121,0,1626
4681,241442221,0,0,725,967,0,1494
4682,241452221,0,0,619,817,0,1328
4683,241462221,0,0,544,649,0,1119
4684,241472221,0,0,441,442,0,785
4685,241482221,0,0,349,288,0,199
4686,241492221,0,0,267,138,0,0
4687,241502221,0,0,182,62,0,0
4688,241512221,0,0,159,60,0,0
4689,241522221,0,0,138,56,0,0
4690,241532221,0,0,111,57,0,0
4691,241542221,0,0,93,54,0,0
4692,241552221,0,0,77,42,0,0
4693,241562221,0,0,59,27,0,0
4694,241572221,0,0,41,8,0,0
4695,241582221,0,0,27,0,0,0
4696,241592221,0,0,24,0,0,0
4697,241602221,0,0,23,0,0,0
4698,241612221,0,0,22,0,0,0
4699,241622221,0,0,23,0,0,0
4700,241632221,0,0,26,0,0,0
4701,241642221,0,0,29,1,0,0
4702,241652221,0,0,35,3,0,0
4703,241662221,0,0,21,1,0,0
4704,241672221,0,0,40,6,0,0
4705,241682221,0,0,49,11,0,0
4706,241692221,0,0,56,10,0,0
4707,241702221,0,0,60,11,0,0
4708,241712221,0,0,57,13,0,0
4709,241722221,0,0,66,13,0,0
4710,241732221,0,0,71,12,0,0
4711,241742221,0,0,72,14,0,0
4712,241752221,0,0,66,14,0,0
4713,241762221,0,0,57,12,0,0
4714,241772221,0,0,54,10,0,0
4715,241782221,0,0,55,10,0,0
4716,241792221,0,0,57,11,0,0
4717,241802221,0,0,61,12,0,0
4718,241812221,0,0,62,14,0,0
4719,241822221,0,0,74,17,0,0
4720,241832221,0,0,83,23,0,0
4721,241842221,0,0,88,25,0,0
4722,241852221,0,0,90,26,0,0
4723,241862221,0,0,93,24,0,0
4724,241872221,0,0,91,10,0,0
4725,241882221,0,0,88,5,0,3
4726,241892221,0,0,75,0,0,0
4727,241902221,0,28,102,0,0,0
4728,241912221,0,342,105,0,0,0
4729,241922221,0,803,91,0,0,0
4730,241932221,0,1107,92,0,0,0
4731,241942221,0,1253,96,0,0,0
4732,241952221,0,1346,91,0,0,0
4733,241962221,0,1430,109,0,0,0
4734,241972221,0,1494,147,0,0,0
4735,241982221,0,1558,173,6,0,0
4736,241992221,0,1608,217,30,0,0
4737,242002221,0,1642,270,54,0,0
4738,242012221,0,1667,328,74,0,0
4739,242022221,0,1686,378,112,0,0
4740,242032221,0,1693,526,207,0,0
4741,242042221,0,1690,654,341,0,0
4742,242052221,0,1650,674,429,0,0
4743,242062221,0,1686,803,540,0,0
4744,242072221,0,1677,864,618,0,0
4745,242082221,0,1661,908,691,0,0
4746,242092221,0,1639,943,765,0,0
4747,242102221,0,1591,991,835,0,0
4748,242112221,0,1540,1036,914,0,0
4749,242122221,0,1395,1064,982,0,27
4750,242132221,0,1432,1107,1047,0,125
4751,242142221,0,1383,1137,1096,21,240
4752,242152221,0,1313,1165,1140,76,321
4753,242162221,0,1228,1179,1188,137,420
4754,242172221,0,1142,1191,1228,214,516
4755,242182221,0,1050,1123,1205,248,568
4756,242192221,0,0,1206,1276,350,693
4757,242202221,0,922,1210,1291,436,761
4758,242212221,0,841,1217,1311,504,821
4759,242222221,0,764,1225,1321,586,862
4760,242232221,0,684,1229,1340,667,918
4761,242242221,0,594,1228,1347,734,962
4762,242252221,0,495,1149,1321,741,955
4763,242262221,0,424,1239,1375,851,1042
4764,242272221,0,336,1246,1387,888,1066
4765,242282221,0,256,1239,1399,924,1085
4766,242292221,0,198,1243,1413,954,1098
4767,242302221,0,134,1248,1420,998,1109
4768,242312221,0,83,1246,1433,1048,1128
4769,242322221,0,21,1253,1448,1095,1155
4770,242332221,0,0,1243,1444,1130,1176
4771,242342221,0,0,1253,1475,1166,1197
4772,242352221,0,0,1255,1488,1202,0
4773,242362221,0,0,1258,1493,1243,0
4774,242372221,0,0,1261,1506,1284,0
4775,242382221,0,0,1259,1516,1320,0
4776,242392221,0,0,1258,1523,1359,0
4777,242402221,0,0,1257,1535,1390,0
4778,242412221,0,0,1251,1542,1422,1373
4779,242422221,0,0,1246,1551,1453,1404
4780,242432221,0,0,1240,1562,1486,1436
4781,242442221,0,0,1228,1566,1514,1478
4782,242452221,0,0,1152,1536,1546,1515
4783,242462221,0,0,1203,1577,1562,1549
4784,242472221,0,0,1178,1580,1577,1579
4785,242482221,0,0,1144,1579,1591,1611
4786,242492221,0,0,1096,1579,1605,1639
4787,242502221,0,0,1040,1568,1613,1674
4788,242512221,0,0,1048,1558,1614,1704
4789,242522221,0,0,1006,1541,1613,1737
4790,242532221,0,0,959,1512,1605,1764
4791,242542221,0,0,944,1471,1577,1796
4792,242552221,0,0,917,1419,1525,1820
4793,242562221,0,0,908,1357,1445,0
4794,242572221,0,0,883,1273,1320,0
4795,242582221,0,0,861,1213,1196,1873
4796,242592221,0,0,825,1167,1013,1870
4797,242602221,0,0,766,1106,746,201
4798,242612221,0,0,698,1047,540,0
4799,242622221,0,0,599,983,373,1738
4800,242632221,0,0,510,906,274,1659
4801,242642221,0,0,422,815,146,1550
4802,242652221,0,0,339,678,54,1396
4803,242662221,0,0,275,526,0,1193
4804,242672221,0,0,205,363,0,881
4805,242682221,0,0,154,244,0,263
4806,242692221,0,0,102,121,0,0
4807,242702221,0,0,64,55,0,0
4808,242712221,0,0,70,56,0,0
4809,242722221,0,0,74,56,0,0
4810,242732221,0,0,58,41,0,0
4811,242742221,0,0,42,20,0,0
4812,242752221,0,0,32,9,0,0
4813,242762221,0,0,26,1,0,0
4814,242772221,0,0,26,0,0,0
4815,242782221,0,0,24,0,0,0
4816,242792221,0,0,22,0,0,0
4817,242802221,0,0,17,0,0,0
4818,242812221,0,0,10,0,0,0
4819,242822221,0,0,8,0,0,0
4820,242832221,0,0,6,0,0,0
4821,242842221,0,0,4,0,0,0
4822,242852221,0,0,13,0,0,0
4823,242862221,0,0,24,0,0,0
4824,242872221,0,0,28,0,0,0
4825,242882221,0,0,26,0,0,0
4826,242892221,0,0,17,0,0,0
4827,242902221,0,0,5,0,0,0
4828,242912221,0,0,0,0,0,0
4829,242922221,0,0,0,0,0,0
4830,242932221,0,0,0,0,0,0
4831,242942221,0,0,0,0,0,0
4832,242952221,0,0,0,0,0,0
4833,242962221,0,0,0,0,0,0
4834,242972221,0,0,0,0,0,0
4835,242982221,0,0,0,0,0,0
4836,242992221,0,0,0,0,0,0
4837,243002221,0,0,31,0,0,0
4838,243012221,0,0,85,33,0,0
4839,243022221,0,0,118,46,0,0
4840,243032221,0,0,157,71,0,0
4841,243042221,0,0,187,88,0,0
4842,243052221,0,0,220,101,0,0
4843,243062221,0,0,297,222,0,0
4844,243072221,0,0,403,376,2,0
4845,243082221,0,0,520,578,119,32
4846,243092221,0,0,657,755,238,236
4847,243102221,0,0,810,929,342,411
4848,243112221,0,0,948,1046,426,552
4849,243122221,0,0,1068,1146,477,648
4850,243132221,0,0,1156,1217,512,0
4851,243142221,0,1,1225,1279,510,0
4852,243152221,0,47,1269,1323,499,0
4853,243162221,0,279,1307,1353,461,0
4854,243172221,0,459,1337,1372,422,0
4855,243182221,0,652,1366,1388,351,0
4856,243192221,0,798,1381,1399,290,0
4857,243202221,0,896,1395,1405,234,0
4858,243212221,0,973,1403,1414,182,0
4859,243222221,0,1039,1408,1415,152,0
4860,243232221,0,1075,1414,1413,127,0
4861,243242221,0,1108,1414,1408,106,0
4862,243252221,0,1131,1404,1398,81,344
4863,243262221,0,1151,1396,1381,59,346
4864,243272221,0,1172,1385,1365,40,343
4865,243282221,0,1183,1374,1344,36,333
4866,243292221,0,1193,1354,1319,10,311
4867,243302221,0,1204,1333,1289,6,267
4868,243312221,0,1220,1312,1249,0,228
4869,243322221,0,1107,1292,1199,0,191
4870,243332221,0,0,1272,1153,0,155
4871,243342221,0,0,1251,1110,3,111
4872,243352221,0,1237,1225,1066,0,75
4873,243362221,0,1344,1195,1013,0,61
4874,243372221,0,1373,1170,965,0,26
4875,243382221,0,1405,1145,923,0,51
4876,243392221,0,1431,1135,901,0,61
4877,243402221,0,1450,1128,883,0,75
4878,243412221,0,1462,1129,877,0,109
4879,243422221,0,1465,1132,880,0,144
4880,243432221,0,1470,1138,884,0,182
4881,243442221,0,1388,1087,875,0,244
4882,243452221,0,1436,1169,922,2,338
4883,243462221,0,1401,1187,946,0,446
4884,243472221,0,1353,1195,973,19,535
4885,243482221,0,1318,1209,995,69,633
4886,243492221,0,1275,1223,1021,127,723
4887,243502221,0,1235,1232,1047,190,784
4888,243512221,0,1136,1165,1040,261,832
4889,243522221,0,1147,1243,1084,322,883
4890,243532221,0,1097,1254,1104,396,920
4891,243542221,0,1031,1260,1129,484,958
4892,243552221,0,950,1267,1159,589,1005
4893,243562221,0,841,1271,1188,693,1057
4894,243572221,0,719,1192,1166,752,1035
4895,243582221,0,607,1273,1238,866,1149
4896,243592221,0,463,1267,1255,966,575
4897,243602221,0,299,1264,1272,1040,0
4898,243612221,0,154,1235,1281,1102,0
4899,243622221,0,28,1179,1278,1162,0
4900,243632221,0,0,1089,1260,1225,0
4901,243642221,0,0,930,1117,1261,0
4902,243652221,0,0,841,1113,1296,0
4903,243662221,0,0,705,936,1272,0
4904,243672221,0,0,549,676,1176,0
4905,243682221,0,0,371,433,1014,0
4906,243692221,0,0,187,241,782,796
4907,243702221,0,0,69,112,541,501
4908,243712221,0,0,9,35,240,70
4909,243722221,0,0,0,0,0,0
4910,243732221,0,0,0,0,0,0
4911,243742221,0,0,0,0,0,0
4912,243752221,0,0,0,0,0,0
4913,243762221,0,0,0,0,0,0
4914,243772221,0,0,0,0,4,0
4915,243782221,0,0,0,0,0,0
4916,243792221,0,0,0,0,0,0
4917,243802221,0,0,0,0,0,0
4918,243812221,0,0,0,0,0,0
4919,243822221,0,0,0,0,0,0
4920,243832221,0,0,0,0,0,0
4921,243842221,0,0,0,0,0,0
4922,243852221,0,0,0,0,0,0
4923,243862221,0,0,0,0,0,0
4924,243872221,0,0,0,0,0,0
4925,243882221,0,0,0,0,0,0
4926,243892221,0,0,0,0,0,0
4927,243902221,0,0,0,0,0,0
4928,243912221,0,0,0,0,0,0
4929,243922221,2,0,0,0,0,0
4930,243932221,0,0,0,0,0,0
4931,243942221,0,0,0,0,0,0
4932,243952221,0,0,0,0,0,0
4933,243962221,0,0,0,0,0,0
4934,243972221,0,0,0,0,0,0
4935,243982221,0,0,0,0,0,0
4936,243992221,0,0,0,0,0,0
4937,244002221,0,0,0,0,0,0
4938,244012221,0,0,0,0,0,0
4939,244022221,0,0,0,0,0,0
4940,244032221,2,0,0,0,0,0
4941,244042221,0,0,0,0,0,0
4942,244052221,0,2,0,0,0,0
4943,244062221,0,0,0,0,0,0
4944,244072221,0,0,0,0,0,0
4945,244082221,0,0,0,0,0,0
4946,244092221,0,0,0,0,0,0
4947,244102221,0,0,0,0,0,0
4948,244112221,0,0,0,0,0,0
4949,244122221,0,0,1,0,0,0
4950,244132221,0,0,5,0,0,0
4951,244142221,0,0,11,0,0,0
4952,244152221,0,0,20,0,0,0
4953,244162221,0,0,25,0,0,0
4954,244172221,0,0,29,0,0,0
4955,244182221,0,0,28,0,0,0
4956,244192221,0,97,35,0,0,0
4957,244202221,0,523,50,0,0,0
4958,244212221,0,951,42,0,0,0
4959,244222221,0,1250,15,0,0,0
4960,244232221,0,1393,11,0,0,0
4961,244242221,0,1457,9,0,0,0
4962,244252221,0,1498,16,0,0,0
4963,244262221,0,1551,36,0,0,0
4964,244272221,0,1592,51,0,0,0
4965,244282221,0,1635,61,0,0,0
4966,244292221,0,1661,83,0,0,0
4967,244302221,0,1690,96,0,0,0
4968,244312221,0,1713,125,5,0,0
4969,244322221,0,1725,161,14,0,0
4970,244332221,0,1739,201,30,0,0
4971,244342221,0,1748,254,52,0,0
4972,244352221,0,1753,316,81,0,0
4973,244362221,0,1753,367,114,0,0
4974,244372221,0,1750,438,167,0,0
4975,244382221,0,1738,492,215,0,0
4976,244392221,0,1719,562,281,0,0
4977,244402221,0,1699,618,359,0,0
4978,244412221,0,1676,678,432,0,0
4979,244422221,0,1642,729,492,0,0
4980,244432221,0,1513,782,569,0,0
4981,244442221,0,1579,830,631,0,0
4982,244452221,0,1539,871,691,0,0
4983,244462221,0,1486,913,750,0,0
4984,244472221,0,1427,946,813,0,0
4985,244482221,0,1374,981,871,5,52
4986,244492221,0,1328,1004,861,31,102
4987,244502221,0,1292,1035,968,83,132
4988,244512221,0,1238,1057,1016,131,0
4989,244522221,0,1185,1080,1056,180,380
4990,244532221,0,0,1101,1089,224,460
4991,244542221,0,0,1115,1124,306,517
4992,244552221,0,0,1130,1155,358,568
4993,244562221,0,0,1142,1180,413,629
4994,244572221,0,920,1148,1207,457,678
4995,244582221,0,871,1161,1235,516,728
4996,244592221,0,811,1171,1255,570,779
4997,244602221,0,743,1178,1272,639,815
4998,244612221,0,667,1189,1291,711,861
4999,244622221,0,592,1196,1306,780,925
5000,244632221,0,491,1204,1322,841,973
5001,244642221,0,379,1210,1339,907,1025
5002,244652221,0,262,1217,1363,960,1079
5003,244662221,0,183,1228,1380,1021,0
5004,244672221,0,95,1236,1393,1074,0
5005,244682221,0,28,1157,1356,1068,0
5006,244692221,0,0,1240,1428,1171,0
5007,244702221,0,0,1239,1442,1213,1296
5008,244712221,0,0,1238,1456,1265,1325
5009,244722221,0,0,1235,1472,1299,1361
5010,244732221,0,0,1224,1488,1332,1395
5011,244742221,0,0,1210,1499,1378,1437
5012,244752221,0,0,1104,1489,1318,1470
5013,244762221,0,0,1179,1520,1439,1513
5014,244772221,0,0,1158,1527,1461,1557
5015,244782221,0,0,1126,1529,1487,1597
5016,244792221,0,0,1089,1531,1501,1636
5017,244802221,0,0,1049,1525,1511,1681
5018,244812221,0,0,1058,1514,1509,1716
5019,244822221,0,0,997,1494,1502,1759
5020,244832221,0,0,942,1461,1480,1793
5021,244842221,0,0,912,1410,1435,1831
5022,244852221,0,0,864,1347,1366,1860
5023,244862221,0,0,824,1259,1260,0
5024,244872221,0,0,783,1176,1113,0
5025,244882221,0,0,705,1104,880,1834
5026,244892221,0,0,631,1031,682,1893
5027,244902221,0,0,553,959,505,1852
5028,244912221,0,0,460,874,361,1784
5029,244922221,0,0,369,787,263,1677
5030,244932221,0,0,284,646,147,1555
5031,244942221,0,0,134,446,20,1284
5032,244952221,0,0,82,304,0,1118
5033,244962221,0,0,50,184,0,706
5034,244972221,0,0,24,81,0,45
5035,244982221,0,0,0,12,0,0
5036,244992221,0,0,0,1,0,0
5037,245002221,0,0,0,3,0,0
5038,245012221,0,0,0,1,0,0
5039,245022221,0,0,0,0,0,52
5040,245032221,0,0,0,0,0,73
5041,245042221,0,0,0,0,0,44
5042,245052221,0,0,0,0,0,3
5043,245062221,0,0,0,0,0,0
5044,245072221,0,0,0,0,0,0
5045,245082221,0,0,0,0,0,0
5046,245092221,0,0,0,0,0,0
5047,245102221,0,0,0,0,0,0
5048,245112221,0,0,0,0,0,0
5049,245122221,0,0,0,0,0,0
5050,245132221,0,0,0,0,0,0
5051,245142221,0,0,0,0,0,0
5052,245152221,0,0,0,0,0,0
5053,245162221,0,0,0,0,0,0
5054,245172221,0,0,2,0,0,0
5055,245182221,0,0,0,0,0,20
5056,245192221,0,0,0,2,0,38
5057,245202221,0,0,0,0,0,28
5058,245212221,0,0,0,0,0,0
5059,245222221,0,0,0,0,0,0
5060,245232221,0,0,0,2,0,0
5061,245242221,0,0,0,0,0,0
5062,245252221,0,0,0,0,0,0
5063,245262221,0,0,0,0,0,1
5064,245272221,0,0,0,0,0,1
5065,245282221,0,0,0,0,0,0
5066,245292221,0,0,0,0,0,0
5067,245302221,0,0,0,0,0,0
5068,245312221,0,0,0,0,0,0
5069,245322221,0,0,0,0,0,0
5070,245332221,0,0,0,0,0,0
5071,245342221,0,0,0,0,0,0
5072,245352221,0,0,0,0,0,0
5073,245362221,0,178,0,0,0,0
5074,245372221,0,560,0,0,0,0
5075,245382221,0,971,9,0,0,0
5076,245392221,0,1203,19,0,0,0
5077,245402221,0,1303,7,0,0,0
5078,245412221,0,1379,7,0,0,0
5079,245422221,0,1452,11,0,0,0
5080,245432221,0,1509,29,0,0,0
5081,245442221,0,1554,59,0,0,0
5082,245452221,0,1604,83,0,0,0
5083,245462221,0,1640,114,24,0,0
5084,245472221,1,1667,160,34,0,0
5085,245482221,0,1678,201,54,0,0
5086,245492221,3,1687,253,80,0,0
5087,245502221,0,1680,342,151,0,0
5088,245512221,0,1675,412,228,0,0
5089,245522221,0,1663,501,309,0,0
5090,245532221,0,1639,567,392,0,0
5091,245542221,0,1620,635,459,0,0
5092,245552221,0,1585,713,537,0,0
5093,245562221,0,1551,774,607,0,21
5094,245572221,0,1509,819,681,35,219
5095,245582221,0,1469,854,734,109,423
5096,245592221,0,1373,819,749,187,571
5097,245602221,0,1402,892,806,267,708
5098,245612221,0,1372,908,828,340,794
5099,245622221,0,1336,917,849,413,863
5100,245632221,0,1302,923,862,478,924
5101,245642221,0,1272,926,876,551,968
5102,245652221,0,1212,852,871,553,999
5103,245662221,0,1214,929,898,685,1040
5104,245672221,0,1187,928,908,758,0
5105,245682221,0,1152,927,919,807,0
5106,245692221,0,1124,926,927,861,0
5107,245702221,0,1097,923,934,914,1173
5108,245712221,0,1070,920,881,933,1107
5109,245722221,0,1060,917,948,1003,1229
5110,245732221,0,1044,909,953,1046,1254
5111,245742221,0,1020,907,957,1096,1279
5112,245752221,0,995,904,969,1147,1309
5113,245762221,0,937,898,980,1192,1339
5114,245772221,0,0,891,987,1237,1373
5115,245782221,0,0,878,994,1286,1407
5116,245792221,0,0,859,1000,1330,1444
5117,245802221,0,0,827,1003,1389,1482
5118,245812221,0,0,790,1005,1435,1513
5119,245822221,0,0,754,1010,1477,1554
5120,245832221,0,0,704,1010,1502,1580
5121,245842221,0,0,652,1010,1523,1609
5122,245852221,0,0,572,1011,1545,1637
5123,245862221,0,0,510,1010,1559,1659
5124,245872221,0,0,471,1009,1566,1686
5125,245882221,0,0,428,1007,1572,1703
5126,245892221,0,0,418,1004,1567,1715
5127,245902221,0,0,337,969,1476,1731
5128,245912221,0,0,345,1003,1500,1737
5129,245922221,0,0,352,1013,1440,1745
5130,245932221,0,0,373,1034,1341,1751
5131,245942221,0,0,408,1051,1251,1754
5132,245952221,0,0,446,1068,1145,1748
5133,245962221,0,0,490,1081,1034,1730
5134,245972221,0,0,528,1077,861,1697
5135,245982221,0,0,547,1060,663,1651
5136,245992221,0,0,554,1028,440,1582
5137,246002221,0,0,555,982,218,1497
5138,246012221,0,0,549,920,51,1386
5139,246022221,0,0,550,840,0,1267
5140,246032221,0,0,537,722,0,1143
5141,246042221,0,0,521,617,0,990
5142,246052221,0,0,490,532,0,824
5143,246062221,0,22,436,406,0,591
5144,246072221,0,0,337,253,0,219
5145,246082221,0,0,270,140,0,21
5146,246092221,0,0,270,99,0,2
5147,246102221,0,0,271,85,0,17
5148,246112221,0,0,242,80,0,8
5149,246122221,0,0,212,64,0,0
5150,246132221,0,0,184,50,0,0
5151,246142221,0,0,156,42,0,0
5152,246152221,0,0,139,25,0,0
5153,246162221,0,0,87,15,0,0
5154,246172221,0,0,94,10,0,0
5155,246182221,0,0,90,6,0,0
5156,246192221,0,0,75,4,0,0
5157,246202221,0,0,63,2,0,0
5158,246212221,0,0,48,0,0,0
5159,246222221,0,0,35,0,0,0
5160,246232221,0,0,28,0,2,0
5161,246242221,0,0,21,0,0,0
5162,246252221,0,0,12,0,0,0
5163,246262221,0,0,4,0,0,0
5164,246272221,0,0,2,0,0,0
5165,246282221,0,0,3,0,0,0
5166,246292221,0,0,2,0,0,0
5167,246302221,0,0,3,0,0,0
5168,246312221,0,0,3,0,0,0
5169,246322221,0,119,1,0,0,0
5170,246332221,0,138,0,0,0,0
5171,246342221,0,166,0,0,0,0
5172,246352221,0,189,0,0,0,0
5173,246362221,0,229,0,0,0,0
5174,246372221,0,285,0,0,0,0
5175,246382221,0,351,0,0,0,0
5176,246392221,0,437,0,0,0,0
5177,246402221,0,548,0,0,0,0
5178,246412221,0,693,0,0,0,0
5179,246422221,0,874,0,0,0,0
5180,246432221,0,1188,0,0,0,0
5181,246442221,0,1334,0,0,0,0
5182,246452221,0,1446,0,0,0,0
5183,246462221,0,1510,14,0,0,0
5184,246472221,0,1552,23,0,0,0
5185,246482221,0,1580,33,0,0,0
5186,246492221,0,1610,51,0,0,0
5187,246502221,0,1640,69,0,0,0
5188,246512221,0,1660,101,0,0,0
5189,246522221,0,1685,122,0,0,0
5190,246532221,0,1704,149,3,0,0
5191,246542221,0,1719,190,3,0,0
5192,246552221,0,1733,214,14,0,0
5193,246562221,0,1745,249,31,0,0
5194,246572221,0,1753,280,32,0,0
5195,246582221,0,1758,305,39,0,0
5196,246592221,0,1762,341,43,2,0
5197,246602221,0,1761,357,59,0,0
5198,246612221,0,1757,393,68,0,0
5199,246622221,0,1749,440,91,0,0
5200,246632221,0,1745,501,137,0,0
5201,246642221,0,1735,557,189,0,0
5202,246652221,0,1723,612,236,0,0
5203,246662221,0,1715,673,300,0,0
5204,246672221,0,1709,736,361,0,0
5205,246682221,0,1702,798,413,0,0
5206,246692221,0,1691,844,454,0,0
5207,246702221,0,1684,890,515,0,0
5208,246712221,0,1669,953,592,0,0
5209,246722221,0,1651,1016,677,0,0
5210,246732221,0,1634,1066,754,0,0
5211,246742221,0,1618,1113,826,0,0
5212,246752221,0,1591,1148,893,0,0
5213,246762221,0,1583,1176,945,0,0
5214,246772221,0,1569,1207,995,0,0
5215,246782221,0,1554,1223,1034,0,0
5216,246792221,0,1531,1238,1073,0,0
5217,246802221,0,1514,1255,1106,0,0
5218,246812221,0,1397,1262,1136,0,0
5219,246822221,0,1462,1286,1172,0,0
5220,246832221,0,1430,1295,1203,0,8
5221,246842221,0,1392,1306,1233,0,57
5222,246852221,0,1343,1318,1256,0,116
5223,246862221,0,1306,1327,1281,0,185
5224,246872221,0,1268,1338,1301,0,250
5225,246882221,0,0,1353,1323,0,302
5226,246892221,0,0,1363,1343,21,365
5227,246902221,0,0,1375,1364,71,431
5228,246912221,0,993,1380,1382,115,491
5229,246922221,0,943,1388,1400,166,540
5230,246932221,0,879,1396,1419,230,603
5231,246942221,3,810,1400,1440,318,673
5232,246952221,0,731,1404,1451,388,735
5233,246962221,0,655,1408,1468,464,793
5234,246972221,0,550,1414,1488,552,844
5235,246982221,0,400,1418,1504,640,912
5236,246992221,0,218,1421,1519,743,971
5237,247002221,0,0,1426,1541,825,1041
5238,247012221,0,0,1427,1558,907,1096
5239,247022221,0,0,1427,1572,994,1149
5240,247032221,0,0,1423,1586,1068,0
5241,247042221,0,0,1417,1594,1122,0
5242,247052221,0,0,1402,1604,1173,0
5243,247062221,0,0,1386,1611,1216,0
5244,247072221,0,0,1289,1580,1254,1402
5245,247082221,0,0,1330,1622,1271,1467
5246,247092221,0,0,1290,1625,1272,1529
5247,247102221,0,0,1255,1626,1252,1588
5248,247112221,0,0,1224,1625,1210,1638
5249,247122221,0,0,1199,1620,1151,1685
5250,247132221,0,0,1188,1612,1063,1721
5251,247142221,0,0,1175,1595,968,1756
5252,247152221,0,0,1179,1567,803,0
5253,247162221,0,0,1179,1527,608,0
5254,247172221,0,0,1181,1484,399,1814
5255,247182221,0,0,1174,1439,219,1807
5256,247192221,0,0,1162,1394,61,1773
5257,247202221,0,0,1130,1335,0,1712
5258,247212221,0,0,1072,1273,0,1651
5259,247222221,0,0,971,1171,0,1576
5260,247232221,0,0,822,1038,0,1469
5261,247242221,0,0,699,879,0,1322
5262,247252221,0,0,616,712,0,1132
5263,247262221,0,0,507,495,0,846
5264,247272221,0,0,410,293,0,308
5265,247282221,0,0,288,118,0,0
5266,247292221,0,0,213,51,0,0
5267,247302221,0,0,191,58,0,20
5268,247312221,0,0,169,55,0,90
5269,247322221,0,0,141,44,0,133
5270,247332221,0,0,81,23,0,92
5271,247342221,0,0,89,21,0,71
5272,247352221,0,0,75,7,0,32
5273,247362221,0,0,55,0,0,0
5274,247372221,0,0,42,0,0,0
5275,247382221,0,0,36,0,0,0
5276,247392221,0,0,29,0,0,0
5277,247402221,0,0,34,0,0,0
5278,247412221,0,0,37,0,0,0
5279,247422221,0,0,40,0,0,0
5280,247432221,0,0,44,2,0,0
5281,247442221,0,0,49,2,0,0
5282,247452221,0,0,56,2,0,0
5283,247462221,0,0,50,0,0,0
5284,247472221,0,0,78,8,0,0
5285,247482221,0,0,91,18,0,0
5286,247492221,0,0,101,22,0,0
5287,247502221,0,0,106,23,0,0
5288,247512221,0,0,111,30,0,0
5289,247522221,0,0,121,37,0,0
5290,247532221,0,0,122,41,0,0
5291,247542221,0,0,123,41,0,0
5292,247552221,0,0,118,37,0,0
5293,247562221,0,0,119,38,3,0
5294,247572221,0,0,121,39,0,0
5295,247582221,0,0,122,40,0,0
5296,247592221,0,0,123,41,0,0
5297,247602221,0,0,135,39,0,0
5298,247612221,0,0,139,42,0,0
5299,247622221,0,0,141,43,0,0
5300,247632221,0,0,142,43,0,0
5301,247642221,0,0,135,38,0,0
5302,247652221,0,0,121,26,0,0
5303,247662221,0,0,110,13,0,0
5304,247672221,0,0,95,3,0,0
5305,247682221,0,0,106,0,0,0
5306,247692221,0,165,109,0,0,0
5307,247702221,0,502,101,0,0,3
5308,247712221,0,886,106,0,0,0
5309,247722221,0,1113,107,0,0,0
5310,247732221,0,1188,84,0,0,0
5311,247742221,0,1304,122,0,0,0
5312,247752221,0,1388,151,4,0,0
5313,247762221,0,1476,201,17,0,0
5314,247772221,0,1547,249,44,0,0
5315,247782221,0,1595,330,73,0,0
5316,247792221,0,1625,432,141,0,0
5317,247802221,0,1639,570,234,0,0
5318,247812221,0,1638,685,369,0,0
5319,247822221,0,1627,814,477,2,0
5320,247832221,0,1622,891,593,0,0
5321,247842221,0,1621,953,675,0,0
5322,247852221,0,1627,1002,742,0,0
5323,247862221,0,1589,951,789,0,0
5324,247872221,0,1621,1077,865,0,0
5325,247882221,0,1606,1109,911,0,0
5326,247892221,0,1580,1133,963,0,0
5327,247902221,0,1547,1161,1016,0,21
5328,247912221,0,1486,1180,1062,0,70
5329,247922221,0,1407,1117,1040,0,121
5330,247932221,0,1372,1207,1117,0,214
5331,247942221,0,1312,1218,1139,0,304
5332,247952221,0,1254,1225,1160,16,375
5333,247962221,0,1206,1227,1174,56,453
5334,247972221,0,1150,1229,1193,85,496
5335,247982221,0,977,1232,1210,126,542
5336,247992221,0,0,1230,1229,164,592
5337,248002221,0,0,1243,1243,202,630
5338,248012221,0,943,1244,1261,242,667
5339,248022221,0,889,1246,1277,298,697
5340,248032221,0,838,1252,1299,347,738
5341,248042221,0,792,1253,1305,388,764
5342,248052221,0,745,1257,1314,433,795
5343,248062221,0,693,1262,1321,469,825
5344,248072221,0,637,1262,1329,506,854
5345,248082221,0,571,1268,1335,568,882
5346,248092221,0,518,1270,1351,630,918
5347,248102221,0,455,1268,1364,688,953
5348,248112221,0,406,1278,1372,741,989
5349,248122221,0,350,1282,1385,790,1019
5350,248132221,0,302,1285,1394,844,1054
5351,248142221,0,241,1295,1408,907,1087
5352,248152221,0,187,1296,1421,950,1122
5353,248162221,0,137,1304,1439,1008,1155
5354,248172221,0,76,1308,1451,1060,1185
5355,248182221,0,19,1312,1465,1114,1214
5356,248192221,0,0,1314,1480,1163,0
5357,248202221,0,0,1318,1498,1204,0
5358,248212221,0,0,1327,1513,1257,0
5359,248222221,0,0,1312,1528,1303,0
5360,248232221,0,0,1300,1541,1340,1368
5361,248242221,0,0,1285,1548,1380,1399
5362,248252221,0,0,1262,1560,1419,1442
5363,248262221,0,0,1238,1562,1454,1484
5364,248272221,0,0,1204,1567,1487,1529
5365,248282221,0,0,1161,1562,1502,1574
5366,248292221,0,0,1107,1556,1512,1617
5367,248302221,0,0,1017,1534,1508,1654
5368,248312221,0,0,1005,1507,1485,1693
5369,248322221,0,0,879,1440,1346,1717
5370,248332221,0,0,909,1404,1339,1755
5371,248342221,0,0,877,1332,1213,0
5372,248352221,0,0,845,1243,1077,1790
5373,248362221,0,0,814,1173,850,1789
5374,248372221,0,0,754,1109,572,1778
5375,248382221,0,0,669,1021,377,1747
5376,248392221,0,0,557,951,267,1677
5377,248402221,0,0,433,871,172,1591
5378,248412221,0,0,365,748,75,1468
5379,248422221,0,0,299,607,0,1306
5380,248432221,0,0,228,456,0,1094
5381,248442221,0,0,183,327,0,709
5382,248452221,0,0,116,186,0,112
5383,248462221,0,0,88,76,0,0
5384,248472221,0,0,71,45,0,0
5385,248482221,0,0,84,54,0,0
5386,248492221,0,0,89,61,0,0
5387,248502221,2,0,88,53,0,0
5388,248512221,0,0,50,35,0,0
5389,248522221,2,0,75,27,0,0
5390,248532221,0,0,61,21,0,0
5391,248542221,0,0,56,17,0,0
5392,248552221,0,0,56,5,0,0
5393,248562221,0,0,53,1,0,0
5394,248572221,0,0,53,0,0,0
5395,248582221,0,0,46,0,0,0
5396,248592221,0,0,42,0,0,0
5397,248602221,0,0,31,0,0,0
5398,248612221,0,0,26,0,0,0
5399,248622221,0,0,25,0,0,0
5400,248632221,0,0,24,0,0,0
5401,248642221,0,0,22,0,0,0
5402,248652221,0,0,18,0,0,0
5403,248662221,0,0,10,0,0,0
5404,248672221,0,0,4,0,0,0
5405,248682221,0,0,0,0,0,0
5406,248692221,0,0,0,0,0,0
5407,248702221,0,0,0,0,0,0
5408,248712221,0,0,0,0,0,0
5409,248722221,0,0,0,0,0,0
5410,248732221,0,0,0,0,0,0
5411,248742221,0,0,0,0,0,0
5412,248752221,0,0,6,0,0,0
5413,248762221,0,0,26,0,0,0
5414,248772221,0,0,39,0,0,0
5415,248782221,0,0,56,0,0,0
5416,248792221,0,0,73,4,0,0
5417,248802221,0,0,90,14,0,0
5418,248812221,0,0,105,21,0,0
5419,248822221,0,0,135,31,0,0
5420,248832221,0,0,151,38,0,0
5421,248842221,0,0,217,81,0,0
5422,248852221,0,0,316,241,0,0
5423,248862221,0,0,554,521,0,0
5424,248872221,0,0,772,744,0,0
5425,248882221,0,0,978,930,0,0
5426,248892221,0,88,1022,1016,0,0
5427,248902221,0,297,1197,1124,0,0
5428,248912221,0,579,1248,1167,0,0
5429,248922221,0,859,1277,1206,0,0
5430,248932221,0,1015,1308,1237,0,0
5431,248942221,0,1113,1334,1259,0,0
5432,248952221,0,1176,1356,1277,0,0
5433,248962221,0,1211,1369,1294,0,0
5434,248972221,0,1245,1381,1301,0,0
5435,248982221,0,1268,1384,1305,0,0
5436,248992221,0,0,1388,1306,0,0
5437,249002221,0,0,1389,1303,0,0
5438,249012221,0,0,1383,1298,0,0
5439,249022221,0,0,1371,1284,0,22
5440,249032221,0,0,1359,1268,0,62
5441,249042221,0,0,1344,1253,0,115
5442,249052221,0,0,1334,1239,0,169
5443,249062221,0,0,1323,1225,0,219
5444,249072221,0,0,1312,1209,2,278
5445,249082221,0,0,1304,1194,2,316
5446,249092221,0,0,1299,1180,11,361
5447,249102221,0,0,1291,1173,25,395
5448,249112221,0,1241,1286,1161,46,434
5449,249122221,0,1236,1279,1153,90,471
5450,249132221,0,1227,1280,1147,112,502
5451,249142221,0,1221,1283,1147,134,536
5452,249152221,0,1129,1279,1158,169,572
5453,249162221,0,1192,1292,1170,204,616
5454,249172221,0,1164,1298,1179,244,665
5455,249182221,0,1121,1302,1191,301,721
5456,249192221,0,1077,1304,1198,367,768
5457,249202221,0,1024,1308,1210,423,805
5458,249212221,0,982,1313,1228,470,0
5459,249222221,0,936,1320,1245,538,0
5460,249232221,0,889,1325,1265,598,0
5461,249242221,0,842,1328,1275,667,0
5462,249252221,0,789,1331,1289,734,0
5463,249262221,0,737,1335,1301,808,0
5464,249272221,0,671,1336,1309,864,1104
5465,249282221,0,619,1334,1316,918,1082
5466,249292221,0,557,1337,1326,993,1183
5467,249302221,0,485,1337,1333,1062,1210
5468,249312221,0,404,1334,1340,1106,0
5469,249322221,0,308,1335,1352,1151,0
5470,249332221,0,216,1321,1362,1204,0
5471,249342221,0,135,1316,1368,1250,0
5472,249352221,0,23,1295,1378,1288,0
5473,249362221,0,0,1278,1382,1324,0
5474,249372221,0,0,1244,1385,1354,0
5475,249382221,0,0,1183,1378,1389,0
5476,249392221,0,0,1105,1354,1412,0
5477,249402221,0,0,979,1296,1427,0
5478,249412221,0,0,851,1204,1428,0
5479,249422221,0,0,742,1100,1400,0
5480,249432221,0,0,615,926,1356,1381
5481,249442221,0,0,476,729,1260,1359
5482,249452221,0,0,356,534,1114,1305
5483,249462221,0,0,220,328,911,1182
5484,249472221,0,0,92,185,664,1016
5485,249482221,0,0,15,95,406,791
5486,249492221,0,0,0,27,177,390
5487,249502221,0,0,0,3,0,0
5488,249512221,0,0,0,0,0,0
5489,249522221,0,0,0,0,0,0
5490,249532221,0,0,0,0,0,0
5491,249542221,0,0,0,0,0,0
5492,249552221,0,0,0,0,0,0
5493,249562221,0,0,0,0,0,0
5494,249572221,0,0,0,2,0,0
5495,249582221,0,0,0,0,0,0
5496,249592221,0,0,0,0,0,0
5497,249602221,0,0,0,0,0,0
5498,249612221,0,0,0,1,0,0
5499,249622221,0,0,0,0,0,0
5500,249632221,0,0,0,0,0,0
5501,249642221,0,0,0,0,0,0
5502,249652221,0,2,0,0,0,0
5503,249662221,0,2,0,0,0,0
5504,249672221,0,3,0,0,0,0
5505,249682221,0,0,0,0,0,0
5506,249692221,0,2,0,0,0,0
5507,249702221,0,2,0,0,0,0
5508,249712221,0,0,0,0,0,0
5509,249722221,0,0,0,0,0,0
5510,249732221,0,0,0,0,0,0
5511,249742221,0,0,0,0,0,0
5512,249752221,0,0,0,0,0,0
5513,249762221,0,0,0,0,0,0
5514,249772221,0,0,0,0,0,0
5515,249782221,0,0,0,0,0,0
5516,249792221,0,0,0,0,0,0
5517,249802221,0,2,0,0,0,0
5518,249812221,0,0,0,0,0,0
5519,249822221,0,0,0,0,0,0
5520,249832221,0,0,0,0,0,0
5521,249842221,1,0,0,0,0,0
5522,249852221,0,0,0,0,0,0
5523,249862221,0,0,0,0,0,0
5524,249872221,0,1,0,0,0,0
5525,249882221,0,0,0,0,0,0
5526,249892221,0,0,0,0,0,0
5527,249902221,0,0,0,0,0,0
5528,249912221,0,0,0,0,0,0
5529,249922221,0,0,8,0,0,0
5530,249932221,0,0,13,0,0,0
5531,249942221,0,0,18,0,0,0
5532,249952221,0,0,19,0,0,0
5533,249962221,0,0,22,0,0,0
5534,249972221,0,80,24,0,0,0
5535,249982221,0,317,27,0,0,0
5536,249992221,0,709,31,0,0,0
5537,250002221,0,1019,14,0,0,0
5538,250012221,0,1198,8,0,0,0
5539,250022221,0,1295,7,0,0,0
5540,250032221,0,1344,5,0,0,0
5541,250042221,0,1398,20,0,0,0
5542,250052221,0,1465,47,0,0,0
5543,250062221,0,1534,77,0,0,0
5544,250072221,0,1594,105,0,0,0
5545,250082221,0,1636,146,16,0,0
5546,250092221,0,1661,205,41,0,0
5547,250102221,0,1683,299,69,0,0
5548,250112221,0,1693,377,124,0,0
5549,250122221,0,1700,439,182,0,0
5550,250132221,0,1697,519,218,0,0
5551,250142221,0,1702,578,310,0,0
5552,250152221,0,1699,629,396,0,0
5553,250162221,0,1691,678,455,0,0
5554,250172221,0,1677,731,507,0,0
5555,250182221,0,1658,779,572,0,0
5556,250192221,0,1639,834,634,0,0
5557,250202221,0,1514,876,692,0,0
5558,250212221,0,1577,921,748,0,21
5559,250222221,0,1536,957,807,0,87
5560,250232221,0,1482,999,864,26,171
5561,250242221,0,1421,1032,915,86,264
5562,250252221,0,1360,1051,952,139,359
5563,250262221,0,1296,1067,995,206,416
5564,250272221,0,1223,1084,1041,305,539
5565,250282221,0,1158,1099,1069,378,0
5566,250292221,0,1082,1110,1098,456,0
5567,250302221,0,125,1121,1124,527,0
5568,250312221,0,0,1128,1148,608,815
5569,250322221,0,888,1135,1176,684,859
5570,250332221,0,789,1090,1111,743,839
5571,250342221,0,746,1148,1226,824,942
5572,250352221,0,654,1158,1244,890,981
5573,250362221,0,580,1163,1260,950,1022
5574,250372221,0,480,1167,1273,1004,1061
5575,250382221,0,378,1172,1288,1054,1097
5576,250392221,0,283,1174,1301,1102,1127
5577,250402221,0,220,1176,1310,1145,1160
5578,250412221,0,172,1176,1318,1186,1187
5579,250422221,0,104,1177,1329,1227,0
5580,250432221,0,57,1178,1339,1262,0
5581,250442221,0,28,1179,1353,1299,0
5582,250452221,0,0,1180,1363,1327,0
5583,250462221,0,0,1174,1378,1356,0
5584,250472221,0,0,1181,1388,1383,0
5585,250482221,0,0,1182,1400,1404,1332
5586,250492221,0,0,1181,1415,1432,1373
5587,250502221,0,0,1181,1433,1458,1396
5588,250512221,0,0,1180,1448,1482,1424
5589,250522221,0,0,1092,1457,1507,1452
5590,250532221,0,0,1171,1478,1523,1488
5591,250542221,0,0,1149,1489,1549,1517
5592,250552221,0,0,1122,1496,1561,1559
5593,250562221,0,0,1083,1502,1574,1590
5594,250572221,0,0,1026,1503,1586,1626
5595,250582221,0,0,935,1423,1552,1661
5596,250592221,0,0,979,1486,1598,1698
5597,250602221,0,0,903,1462,1595,1734
5598,250612221,0,0,858,1427,1587,1772
5599,250622221,0,0,829,1371,1562,1804
5600,250632221,0,0,797,1273,1512,1848
5601,250642221,0,0,761,1197,1427,0
5602,250652221,0,0,725,1139,1319,0
5603,250662221,0,0,664,1077,1147,0
5604,250672221,0,0,587,987,924,1893
5605,250682221,0,0,500,915,728,1878
5606,250692221,0,0,415,851,577,1817
5607,250702221,0,0,336,762,419,1717
5608,250712221,0,0,235,651,293,1587
5609,250722221,0,0,162,505,164,1425
5610,250732221,0,0,73,335,26,1199
5611,250742221,0,0,31,206,0,853
5612,250752221,0,0,6,100,0,220
5613,250762221,0,0,0,25,0,0
5614,250772221,0,0,0,0,0,0
5615,250782221,0,0,0,0,0,0
5616,250792221,0,0,0,0,0,0
5617,250802221,0,0,0,0,0,0
5618,250812221,0,0,0,0,0,0
5619,250822221,0,0,0,0,0,0
5620,250832221,0,0,0,0,0,0
5621,250842221,0,0,0,0,0,0
5622,250852221,0,0,0,0,0,0
5623,250862221,0,0,0,0,0,0
5624,250872221,0,0,0,0,0,0
5625,250882221,0,0,0,0,0,0
5626,250892221,0,0,0,0,0,0
5627,250902221,0,0,0,0,0,0
5628,250912221,0,0,0,0,0,0
5629,250922221,0,0,0,4,0,0
5630,250932221,0,0,0,0,0,0
5631,250942221,0,0,0,0,0,0
5632,250952221,0,0,0,0,0,0
5633,250962221,0,0,0,0,0,0
5634,250972221,0,0,0,0,0,0
5635,250982221,0,0,0,2,0,0
5636,250992221,0,0,0,0,0,0
5637,251002221,0,0,0,2,0,1
5638,251012221,0,0,0,0,0,9
5639,251022221,0,0,0,6,0,58
5640,251032221,0,0,0,0,0,92
5641,251042221,0,0,0,0,0,115
5642,251052221,0,0,0,0,0,112
5643,251062221,0,0,0,0,0,93
5644,251072221,0,0,0,0,0,79
5645,251082221,0,0,0,0,0,53
5646,251092221,0,0,0,0,0,45
5647,251102221,0,0,0,0,0,31
5648,251112221,0,0,0,0,0,0
5649,251122221,0,0,1,0,0,0
5650,251132221,0,0,0,0,0,0
5651,251142221,0,85,3,0,0,0
5652,251152221,0,325,4,0,0,0
5653,251162221,0,748,12,0,0,0
5654,251172221,0,1053,10,0,0,0
5655,251182221,0,1189,17,0,0,0
5656,251192221,0,1257,13,0,0,0
5657,251202221,0,1307,16,0,0,0
5658,251212221,0,1381,25,0,0,0
5659,251222221,0,1447,47,0,0,0
5660,251232221,0,1507,64,1,0,0
5661,251242221,0,1568,100,25,0,0
5662,251252221,0,1608,151,43,0,0
5663,251262221,0,1624,215,71,0,0
5664,251272221,0,1515,315,120,0,0
5665,251282221,0,1628,393,202,0,0
5666,251292221,2,1618,483,272,0,50
5667,251302221,0,1599,547,345,0,235
5668,251312221,0,1581,610,415,0,455
5669,251322221,0,1564,655,471,0,606
5670,251332221,0,1545,689,537,38,736
5671,251342221,0,1512,725,583,112,826
5672,251352221,0,1480,752,620,203,906
5673,251362221,0,1452,777,666,290,967
5674,251372221,0,1408,804,708,376,1014
5675,251382221,0,1381,816,740,484,1058
5676,251392221,0,1353,825,760,571,1096
5677,251402221,0,1304,836,722,624,1055
5678,251412221,0,1269,840,789,730,1159
5679,251422221,0,1226,839,796,778,1179
5680,251432221,0,1193,829,807,826,1200
5681,251442221,0,1158,826,812,882,1214
5682,251452221,0,1129,821,819,926,1236
5683,251462221,0,1100,819,821,953,1247
5684,251472221,0,1068,819,835,995,1266
5685,251482221,0,1024,821,842,1020,1285
5686,251492221,0,996,823,854,1064,1303
5687,251502221,0,970,828,871,1098,0
5688,251512221,0,939,835,887,1135,0
5689,251522221,0,914,844,907,1174,0
5690,251532221,0,884,852,927,1211,0
5691,251542221,0,851,859,947,1247,0
5692,251552221,0,814,868,965,1286,0
5693,251562221,0,783,871,981,1311,1429
5694,251572221,0,745,876,996,1342,1458
5695,251582221,0,678,881,1012,1382,1479
5696,251592221,0,646,887,1032,1415,1503
5697,251602221,0,615,893,1052,1446,1524
5698,251612221,0,188,899,1068,1465,1553
5699,251622221,0,0,901,1081,1488,1576
5700,251632221,0,0,904,1100,1508,1595
5701,251642221,0,0,896,1112,1524,1621
5702,251652221,0,0,878,1122,1542,1640
5703,251662221,0,0,855,1131,1557,1659
5704,251672221,0,0,819,1142,1572,1681
5705,251682221,0,0,783,1149,1581,1698
5706,251692221,0,0,750,1156,1591,1715
5707,251702221,0,0,727,1163,1596,1728
5708,251712221,0,0,711,1170,1605,0
5709,251722221,0,0,675,1120,1560,0
5710,251732221,0,0,732,1199,1603,0
5711,251742221,0,0,756,1217,1596,0
5712,251752221,0,0,759,1233,1592,0
5713,251762221,0,0,755,1239,1582,0
5714,251772221,0,0,747,1245,1565,0
5715,251782221,0,0,741,1249,1534,0
5716,251792221,0,0,721,1253,1495,0
5717,251802221,0,0,717,1253,1435,0
5718,251812221,0,0,733,1259,1364,0
5719,251822221,0,0,756,1266,1273,0
5720,251832221,0,0,778,1274,1188,1756
5721,251842221,0,0,794,1281,1112,1733
5722,251852221,0,0,808,1283,995,1701
5723,251862221,0,0,811,1275,871,1673
5724,251872221,0,0,814,1264,709,1630
5725,251882221,0,0,800,1241,530,1583
5726,251892221,0,0,789,1201,357,1520
5727,251902221,0,0,776,1163,187,1451
5728,251912221,0,0,756,1110,28,1375
5729,251922221,0,0,741,1047,0,1286
5730,251932221,0,0,721,955,0,1174
5731,251942221,0,0,691,845,0,1013
5732,251952221,0,0,654,726,0,818
5733,251962221,0,0,614,624,0,617
5734,251972221,0,0,557,497,0,333
5735,251982221,0,0,480,341,0,22
5736,251992221,0,0,392,204,0,0
5737,252002221,0,0,352,146,0,0
5738,252012221,0,0,330,117,0,0
5739,252022221,0,0,306,95,0,0
5740,252032221,0,0,291,77,0,0
5741,252042221,0,0,258,58,0,0
5742,252052221,0,0,234,29,0,0
5743,252062221,0,0,200,43,0,0
5744,252072221,0,0,175,40,0,0
5745,252082221,0,0,159,37,0,0
5746,252092221,0,0,137,25,0,0
5747,252102221,0,0,116,23,0,0
5748,252112221,0,0,101,24,0,0
5749,252122221,0,0,73,3,0,0
5750,252132221,0,0,88,25,0,0
5751,252142221,0,0,70,22,0,0
5752,252152221,0,0,58,20,0,0
5753,252162221,0,0,46,8,0,0
5754,252172221,0,0,33,5,0,0
5755,252182221,0,0,21,3,0,0
5756,252192221,0,0,11,0,0,0
5757,252202221,0,0,1,0,0,0
5758,252212221,0,0,0,0,0,0
5759,252222221,0,0,2,0,0,0
5760,252232221,0,0,0,0,0,0
5761,252242221,0,0,1,0,0,0
5762,252252221,0,0,0,0,0,0
5763,252262221,0,0,0,0,0,0
5764,252272221,0,0,0,0,0,0
5765,252282221,0,0,4,0,0,0
5766,252292221,0,0,0,0,0,0
5767,252302221,0,179,0,0,0,0
5768,252312221,0,222,0,0,0,0
5769,252322221,0,264,0,0,0,0
5770,252332221,0,332,0,0,0,0
5771,252342221,0,463,0,0,0,0
5772,252352221,0,713,0,0,0,0
5773,252362221,0,930,0,0,0,0
5774,252372221,0,1113,0,0,0,0
5775,252382221,0,1226,6,0,0,0
5776,252392221,0,1290,7,0,2,0
5777,252402221,0,1336,24,0,0,0
5778,252412221,0,1395,45,0,0,0
5779,252422221,0,1445,77,0,0,0
5780,252432221,0,1479,109,0,0,0
5781,252442221,0,1512,141,1,0,0
5782,252452221,0,1548,182,20,0,0
5783,252462221,0,1573,231,34,0,0
5784,252472221,0,1594,287,54,0,0
5785,252482221,0,1613,343,73,0,0
5786,252492221,0,1633,385,123,0,0
5787,252502221,0,1646,448,165,0,0
5788,252512221,0,1653,502,178,0,0
5789,252522221,0,1669,545,233,0,0
5790,252532221,0,1673,584,283,0,0
5791,252542221,0,1676,632,342,0,0
5792,252552221,0,1676,683,406,0,0
5793,252562221,0,1671,756,478,0,0
5794,252572221,0,1658,812,503,0,0
5795,252582221,0,1657,868,604,0,0
5796,252592221,0,1647,903,658,0,0
5797,252602221,0,1636,940,711,0,0
5798,252612221,0,1619,971,758,0,0
5799,252622221,0,1598,1009,810,0,0
5800,252632221,0,1575,1057,869,0,0
5801,252642221,0,1477,1032,902,0,41
5802,252652221,0,1511,1127,986,0,118
5803,252662221,0,1478,1161,1039,0,190
5804,252672221,0,1448,1187,1076,0,0
5805,252682221,0,1416,1210,1103,3,296
5806,252692221,0,1374,1230,1136,11,343
5807,252702221,0,1341,1241,1171,35,375
5808,252712221,0,1255,1184,1164,47,409
5809,252722221,0,1282,1260,1222,76,445
5810,252732221,0,1266,1270,1243,99,476
5811,252742221,0,1243,1282,1261,117,492
5812,252752221,0,1222,1295,1278,123,506
5813,252762221,0,1181,1305,1293,141,527
5814,252772221,0,0,1315,1307,161,546
5815,252782221,0,0,1324,1319,167,572
5816,252792221,0,1,1334,1331,183,599
5817,252802221,0,0,1342,1340,212,635
5818,252812221,2,887,1350,1353,246,682
5819,252822221,0,915,1357,1368,310,723
5820,252832221,0,873,1362,1380,359,753
5821,252842221,0,823,1368,1390,404,793
5822,252852221,0,766,1373,1402,447,824
5823,252862221,0,716,1380,1417,487,857
5824,252872221,0,660,1387,1430,550,906
5825,252882221,0,604,1391,1443,618,953
5826,252892221,0,502,1396,1458,690,1008
5827,252902221,0,382,1398,1467,767,1062
5828,252912221,0,248,1401,1486,849,1114
5829,252922221,0,140,1403,1498,923,1174
5830,252932221,0,19,1407,1515,1009,0
5831,252942221,0,0,1406,1529,1077,0
5832,252952221,0,0,1405,1547,1133,0
5833,252962221,0,0,1400,1559,1199,0
5834,252972221,0,0,1391,1565,1267,0
5835,252982221,0,0,1372,1573,1310,1418
5836,252992221,0,0,1347,1576,1350,1453
5837,253002221,0,0,1306,1578,1378,1495
5838,253012221,0,0,1243,1579,1395,1546
5839,253022221,0,0,1181,1578,1402,1582
5840,253032221,0,0,1162,1571,1403,1620
5841,253042221,0,0,1123,1557,1393,1650
5842,253052221,0,0,1096,1528,1365,1684
5843,253062221,0,0,1070,1505,1308,1719
5844,253072221,0,0,1041,1457,1212,1755
5845,253082221,0,0,1011,1413,1097,643
5846,253092221,0,0,991,1354,972,0
5847,253102221,0,0,903,1266,780,0
5848,253112221,0,0,922,1244,524,1077
5849,253122221,0,0,880,1188,300,1782
5850,253132221,0,0,821,1139,166,1731
5851,253142221,0,0,755,1080,75,0
5852,253152221,0,0,657,990,30,1579
5853,253162221,0,0,562,879,0,1480
5854,253172221,0,0,488,730,0,1337
5855,253182221,0,0,421,597,0,1166
5856,253192221,0,0,328,410,0,915
5857,253202221,0,0,238,297,0,486
5858,253212221,0,0,185,186,0,0
5859,253222221,0,0,98,66,0,0
5860,253232221,0,0,77,51,0,0
5861,253242221,0,0,73,49,0,0
5862,253252221,0,0,62,46,0,0
5863,253262221,0,0,45,38,0,0
5864,253272221,0,0,38,22,0,0
5865,253282221,0,0,28,10,0,0
5866,253292221,0,0,20,1,0,0
5867,253302221,0,0,20,1,0,0
5868,253312221,0,0,21,0,0,0
5869,253322221,0,0,25,1,0,0
5870,253332221,0,0,26,6,0,0
5871,253342221,0,0,36,9,0,0
5872,253352221,0,0,40,17,0,0
5873,253362221,0,0,43,19,0,0
5874,253372221,0,0,44,19,0,0
5875,253382221,0,0,46,20,0,0
5876,253392221,0,0,47,14,0,0
5877,253402221,0,0,50,17,0,0
5878,253412221,0,0,58,17,0,0
5879,253422221,0,0,68,18,0,0
5880,253432221,0,0,80,20,0,0
5881,253442221,0,0,86,19,0,0
5882,253452221,0,0,91,20,0,0
5883,253462221,0,0,93,23,0,0
5884,253472221,0,0,98,19,0,0
5885,253482221,0,0,90,12,0,0
5886,253492221,0,0,74,5,0,0
5887,253502221,0,0,70,0,0,0
5888,253512221,0,0,63,0,0,0
5889,253522221,0,0,67,1,0,0
5890,253532221,0,0,74,2,0,0
5891,253542221,0,0,87,5,0,0
5892,253552221,0,0,104,9,0,0
5893,253562221,0,0,91,6,0,0
5894,253572221,0,0,123,19,0,0
5895,253582221,0,0,136,21,0,0
5896,253592221,0,0,142,20,0,0
5897,253602221,0,0,146,7,0,0
5898,253612221,0,146,139,2,0,0
5899,253622221,0,499,127,0,0,0
5900,253632221,0,918,87,0,0,0
5901,253642221,0,1221,118,0,0,0
5902,253652221,0,1352,140,0,0,0
5903,253662221,0,1430,158,0,0,1
5904,253672221,0,1509,202,6,0,1
5905,253682221,0,1577,250,29,0,0
5906,253692221,0,1635,296,56,0,0
5907,253702221,0,1676,342,74,0,0
5908,253712221,0,1709,400,102,0,0
5909,253722221,0,1736,467,157,0,0
5910,253732221,0,1751,536,180,0,0
5911,253742221,0,1756,600,218,0,0
5912,253752221,0,1762,668,266,0,0
5913,253762221,0,1768,729,326,0,0
5914,253772221,0,1769,803,388,0,0
5915,253782221,0,1767,865,454,0,0
5916,253792221,0,1764,915,533,0,0
5917,253802221,0,1753,965,607,0,0
5918,253812221,0,1739,1014,692,0,0
5919,253822221,0,1713,1059,701,0,0
5920,253832221,0,1691,1111,807,0,0
5921,253842221,0,1657,1145,882,0,0
5922,253852221,0,1628,1178,935,0,0
5923,253862221,0,1593,1206,986,2,0
5924,253872221,0,1554,1235,1043,0,0
5925,253882221,0,1500,1253,1082,0,0
5926,253892221,0,1387,1204,1096,0,0
5927,253902221,0,1404,1297,1167,0,0
5928,253912221,0,1344,1314,1203,0,0
5929,253922221,0,0,1332,1242,0,0
5930,253932221,0,0,1343,1274,0,0
5931,253942221,0,0,1355,1288,0,0
5932,253952221,0,0,1267,1289,0,0
5933,253962221,0,0,1372,1316,0,31
5934,253972221,0,1085,1381,1337,0,66
5935,253982221,0,1047,1383,1357,0,121
5936,253992221,0,997,1387,1371,0,181
5937,254002221,0,944,1395,1387,0,241
5938,254012221,0,898,1397,1400,0,292
5939,254022221,0,844,1402,1416,19,359
5940,254032221,0,799,1411,1427,66,412
5941,254042221,0,745,1403,1436,112,470
5942,254052221,0,682,1416,1458,163,524
5943,254062221,0,615,1422,1475,231,579
5944,254072221,0,546,1430,1491,308,645
5945,254082221,0,467,1432,1507,383,704
5946,254092221,0,373,1429,1522,454,756
5947,254102221,0,268,1438,1543,524,818
5948,254112221,0,162,1438,1558,615,893
5949,254122221,2,0,1441,1564,714,976
5950,254132221,0,0,1442,1584,792,1046
5951,254142221,0,0,1440,1595,876,1101
5952,254152221,0,0,1437,1605,972,1151
5953,254162221,0,0,1436,1620,1045,0
5954,254172221,0,0,1429,1627,1103,0
5955,254182221,0,0,1418,1636,1161,0
5956,254192221,0,0,1402,1642,1213,0
5957,254202221,0,0,1380,1645,1252,1364
5958,254212221,0,0,1357,1652,1275,1405
5959,254222221,0,0,1325,1654,1300,1447
5960,254232221,0,0,1292,1655,1308,1485
5961,254242221,0,0,1253,1654,1306,1522
5962,254252221,0,0,1206,1648,1287,1570
5963,254262221,0,0,1177,1633,1240,1611
5964,254272221,0,0,1161,1608,1138,1645
5965,254282221,0,0,1135,1565,1023,0
5966,254292221,0,0,1108,1490,883,0
5967,254302221,0,0,1056,1411,687,1707
5968,254312221,0,0,1001,1345,440,1700
5969,254322221,0,0,933,1256,274,1674
5970,254332221,0,0,856,1178,163,1612
5971,254342221,0,0,726,1011,80,1411
5972,254352221,0,0,597,956,38,1424
5973,254362221,0,0,494,839,0,1293
5974,254372221,0,0,378,689,0,1131
5975,254382221,0,0,285,515,0,853
5976,254392221,0,0,230,347,0,336
5977,254402221,0,0,184,182,0,0
5978,254412221,0,0,136,81,0,0
5979,254422221,0,0,134,77,0,0
5980,254432221,0,0,150,78,0,0
5981,254442221,0,0,143,75,0,0
5982,254452221,0,0,134,60,0,0
5983,254462221,0,0,131,46,0,0
5984,254472221,0,0,120,31,0,0
5985,254482221,0,0,132,25,0,0
5986,254492221,0,0,142,27,0,0
5987,254502221,0,0,150,25,0,0
5988,254512221,0,0,151,31,0,0
5989,254522221,0,0,157,34,0,0
5990,254532221,0,0,153,23,0,0
5991,254542221,0,0,153,10,0,0
5992,254552221,0,0,148,0,0,0
5993,254562221,0,0,147,0,0,0
5994,254572221,0,0,147,0,0,0
5995,254582221,0,0,142,0,0,0
5996,254592221,0,0,139,0,0,0
5997,254602221,0,0,119,0,0,0
5998,254612221,0,0,104,0,0,0
5999,254622221,0,0,88,0,0,0
6000,254632221,0,0,76,0,0,0
6001,254642221,0,0,58,0,0,0
6002,254652221,0,0,56,0,0,0
6003,254662221,0,0,60,0,0,0
6004,254672221,0,0,70,0,0,0
6005,254682221,0,0,84,0,0,0
6006,254692221,0,0,97,0,0,0
6007,254702221,0,0,104,0,0,0
6008,254712221,0,0,115,0,0,0
6009,254722221,0,0,136,0,0,0
6010,254732221,0,0,157,0,0,0
6011,254742221,0,0,163,0,0,0
6012,254752221,0,0,238,0,0,0
6013,254762221,0,0,277,13,0,0
6014,254772221,0,0,308,28,0,0
6015,254782221,0,0,335,50,0,0
6016,254792221,0,0,346,58,0,0
6017,254802221,0,62,360,59,0,0
6018,254812221,0,164,369,58,0,0
6019,254822221,0,276,380,69,0,0
6020,254832221,0,460,407,62,0,0
6021,254842221,0,692,430,47,0,0
6022,254852221,0,937,462,59,0,0
6023,254862221,0,1164,503,66,0,0
6024,254872221,0,1343,544,73,0,0
6025,254882221,0,1433,622,103,0,0
6026,254892221,0,1463,751,203,0,0
6027,254902221,0,1494,883,331,0,0
6028,254912221,0,1509,1011,485,0,0
6029,254922221,0,1515,1122,646,0,0
6030,254932221,0,1519,1200,748,0,0
6031,254942221,0,1519,1260,860,0,0
6032,254952221,0,1520,1307,947,0,2
6033,254962221,0,1517,1334,1007,0,0
6034,254972221,0,1510,1363,1067,0,0
6035,254982221,0,1496,1382,1116,0,0
6036,254992221,0,1471,1396,1149,0,0
6037,255002221,0,1444,1404,1184,0,0
6038,255012221,0,1404,1416,1207,0,0
6039,255022221,0,1368,1422,1229,0,0
6040,255032221,0,1320,1431,1254,0,0
6041,255042221,0,1252,1438,1284,0,14
6042,255052221,0,1178,1446,1306,0,76
6043,255062221,0,1099,1450,1325,0,148
6044,255072221,0,1012,1454,1341,0,248
6045,255082221,0,957,1456,1359,10,332
6046,255092221,0,886,1460,1368,45,395
6047,255102221,0,802,1460,1379,89,472
6048,255112221,0,721,1459,1384,143,542
6049,255122221,0,645,1460,1397,204,583
6050,255132221,0,568,1369,1352,243,595
6051,255142221,0,489,1460,1414,358,693
6052,255152221,0,435,1460,1421,422,741
6053,255162221,0,365,1459,1430,511,778
6054,255172221,0,294,1461,1436,588,819
6055,255182221,0,236,1458,1446,677,859
6056,255192221,0,183,1455,1452,766,898
6057,255202221,0,112,1376,1424,853,944
6058,255212221,0,99,1451,1465,924,0
6059,255222221,0,54,1451,1471,1010,0
6060,255232221,0,7,1449,1479,1085,2
6061,255242221,0,0,1445,1487,1145,0
6062,255252221,0,0,1438,1495,1211,1252
6063,255262221,0,0,1434,1502,1272,1306
6064,255272221,0,0,1428,1509,1311,1352
6065,255282221,0,0,1418,1514,1352,1380
6066,255292221,0,0,1399,1510,1385,1403
6067,255302221,0,0,1381,1524,1421,1438
6068,255312221,0,0,1357,1521,1454,1461
6069,255322221,0,0,1328,1527,1479,1486
6070,255332221,0,0,1299,1528,1497,1513
6071,255342221,0,0,1269,1527,1510,1548
6072,255352221,0,0,1231,1514,1527,1563
6073,255362221,0,0,1189,1506,1530,1582
6074,255372221,0,0,1132,1477,1524,1606
6075,255382221,0,0,1056,1425,1516,1627
6076,255392221,0,0,944,1366,1467,1653
6077,255402221,0,0,815,1184,1380,1562
6078,255412221,0,0,711,1136,1339,0
6079,255422221,0,0,591,992,1227,1725
6080,255432221,0,0,469,867,1119,1726
6081,255442221,0,0,346,668,947,0
6082,255452221,0,0,200,476,787,1658
6083,255462221,0,0,47,271,642,1555
6084,255472221,0,0,0,136,501,1461
6085,255482221,0,0,0,76,292,1356
6086,255492221,0,0,0,38,147,1221
6087,255502221,0,0,0,20,9,945
6088,255512221,0,0,0,0,0,514
6089,255522221,0,0,0,0,0,97
6090,255532221,0,0,0,0,0,81
6091,255542221,0,0,0,0,0,214
6092,255552221,0,0,0,0,0,227
6093,255562221,0,0,0,0,0,114
6094,255572221,0,0,0,0,0,11
6095,255582221,0,0,0,0,0,0
6096,255592221,0,0,0,0,0,0
6097,255602221,0,0,0,0,0,0
6098,255612221,0,0,0,0,0,0
6099,255622221,0,0,0,0,0,0
6100,255632221,0,0,0,0,0,0
6101,255642221,0,0,0,0,0,0
6102,255652221,0,0,0,0,0,0
6103,255662221,0,0,0,0,0,0
6104,255672221,0,0,0,0,0,0
6105,255682221,0,0,0,0,0,0
6106,255692221,0,0,0,0,0,0
6107,255702221,0,0,0,0,0,0
6108,255712221,0,0,0,0,0,0
6109,255722221,0,0,0,0,0,0
6110,255732221,0,0,0,0,0,0
6111,255742221,0,0,0,0,0,0
6112,255752221,0,0,0,0,0,0
6113,255762221,0,0,0,0,0,0
6114,255772221,0,0,0,0,0,0
6115,255782221,0,0,0,0,0,0
6116,255792221,0,0,0,0,0,0
6117,255802221,0,0,0,0,0,0
6118,255812221,0,0,0,0,0,0
6119,255822221,0,0,0,0,0,0
6120,255832221,0,0,0,0,0,0
6121,255842221,0,0,0,0,0,0
6122,255852221,0,0,0,0,0,0
6123,255862221,0,0,0,0,0,0
6124,255872221,0,0,10,0,0,0
6125,255882221,0,0,18,0,0,0
6126,255892221,0,0,27,5,0,0
6127,255902221,0,0,43,16,0,0
6128,255912221,0,0,68,17,0,0
6129,255922221,0,0,65,10,0,0
6130,255932221,0,0,53,1,0,0
6131,255942221,0,0,30,0,0,0
6132,255952221,0,5,34,0,0,0
6133,255962221,0,212,29,0,0,0
6134,255972221,0,652,39,0,0,0
6135,255982221,0,978,4,0,0,0
6136,255992221,0,1223,23,0,0,0
6137,256002221,0,1317,22,0,0,0
6138,256012221,0,1372,24,0,0,0
6139,256022221,0,1440,40,0,0,0
6140,256032221,0,1523,68,0,0,0
6141,256042221,0,1595,104,0,0,0
6142,256052221,0,1641,166,23,0,0
6143,256062221,0,1674,229,51,0,0
6144,256072221,0,1686,336,99,0,0
6145,256082221,0,1690,469,210,0,0
6146,256092221,0,1684,597,319,0,0
6147,256102221,0,1673,711,436,0,0
6148,256112221,0,1668,791,541,0,0
6149,256122221,0,1654,859,628,0,0
6150,256132221,0,1637,920,703,0,0
6151,256142221,0,1609,969,780,0,0
6152,256152221,0,1555,1031,861,0,47
6153,256162221,0,1497,1080,933,11,117
6154,256172221,0,1432,1122,1005,49,199
6155,256182221,0,1369,1160,1066,81,228
6156,256192221,0,1308,1193,1117,133,340
6157,256202221,0,1255,1214,1168,167,420
6158,256212221,0,1191,1235,1205,221,463
