seq,ts_us,s0,s1,s2,s3,s4,s5
116,33686120,1054,1227,1043,1132,358,921
117,33696121,1021,1176,1068,1141,401,952
118,33706121,984,1122,1091,1158,429,988
119,33716121,940,1077,1109,1167,469,1041
120,33726121,891,1041,1117,1182,502,1067
121,33736120,848,1006,1127,1191,536,1107
122,33746121,802,963,1139,1201,575,1132
123,33756121,757,916,1144,1210,611,1159
124,33766121,685,863,1147,1224,656,1185
125,33776121,615,810,1157,1235,698,1208
126,33786120,536,737,1158,1239,746,1241
127,33796121,451,678,1161,1246,789,1261
128,33806121,385,611,1161,1251,830,1279
129,33816121,291,555,1161,1260,875,0
130,33826121,192,470,1161,1268,912,0
131,33836120,95,381,1157,1278,951,0
132,33846121,8,289,1143,1276,981,0
133,33856121,0,160,1127,1280,1018,0
134,33866121,0,56,1086,1273,1055,0
135,33876121,0,0,1044,1270,1085,0
136,33886120,0,0,977,1263,1110,0
137,33896121,0,0,868,1242,1129,0
138,33906121,0,0,758,1206,1135,0
139,33916121,0,0,646,1144,1155,0
140,33926121,0,0,570,1077,1126,1432
141,33936120,0,0,498,997,1075,1450
142,33946121,0,0,403,889,982,1456
143,33956121,0,0,320,762,794,1465
144,33966121,0,0,263,624,608,1450
145,33976121,0,0,210,485,365,0
146,33986120,0,0,154,389,205,1278
147,33996121,0,0,106,324,112,1196
148,34006121,0,0,67,258,26,1086
149,34016121,0,0,44,210,0,878
150,34026121,0,0,41,144,0,569
151,34036120,0,0,33,92,0,179
152,34046121,0,0,38,76,0,5
153,34056121,0,0,37,77,0,47
154,34066121,0,0,38,71,0,114
155,34076121,0,0,33,70,0,117
156,34086120,0,0,26,67,0,97
157,34096121,0,0,24,65,0,74
158,34106121,0,0,18,65,0,60
159,34116121,0,0,8,55,0,38
160,34126121,0,0,2,50,0,11
161,34136120,0,0,0,45,0,10
162,34146121,0,0,0,39,0,6
163,34156121,0,0,0,27,0,7
164,34166121,0,0,0,14,0,3
165,34176121,0,3,0,6,0,4
166,34186120,0,0,0,1,0,5
167,34196121,0,0,0,0,0,9
168,34206121,0,0,0,0,0,29
169,34216121,0,0,0,0,0,57
170,34226121,0,0,0,0,0,103
171,34236120,0,0,0,0,0,149
172,34246121,0,0,0,0,0,187
173,34256121,0,0,0,0,0,229
174,34266121,0,0,0,0,0,268
175,34276121,0,0,0,3,0,294
176,34286120,0,0,0,5,0,310
177,34296121,0,0,0,3,0,317
178,34306121,0,0,0,0,0,326
179,34316121,0,0,0,0,0,339
180,34326121,0,0,0,0,0,340
181,34336120,0,0,0,0,0,327
182,34346121,0,0,0,0,0,303
183,34356121,0,0,0,5,0,281
184,34366121,0,0,0,0,0,266
185,34376121,0,0,0,0,0,236
186,34386120,0,0,0,0,0,211
187,34396121,0,0,0,0,0,187
188,34406121,0,0,0,0,0,173
189,34416121,0,0,0,0,0,152
190,34426121,0,2,0,0,0,151
191,34436120,0,0,0,0,0,152
192,34446121,0,0,0,0,0,144
193,34456121,0,0,0,1,0,130
194,34466121,0,0,0,3,0,106
195,34476121,0,0,0,0,0,60
196,34486120,0,0,0,0,0,50
197,34496121,0,25,0,0,0,13
198,34506121,0,80,0,0,0,0
199,34516121,12,175,0,0,0,0
200,34526121,78,317,0,0,0,0
201,34536120,252,564,0,0,0,0
202,34546121,558,822,0,0,0,0
203,34556121,808,1041,0,0,0,0
204,34566121,989,1174,0,0,0,0
205,34576121,1126,1303,0,0,0,0
206,34586120,1256,1393,0,0,0,0
207,34596121,1346,1464,7,0,0,0
208,34606121,1347,1432,29,11,0,0
209,34616121,1420,1545,83,48,0,0
210,34626121,1433,1559,108,88,0,0
211,34636120,1436,1564,198,153,0,0
212,34646121,1440,1572,246,206,0,0
213,34656121,1447,1580,310,266,0,0
214,34666121,1458,1591,361,316,0,0
215,34676121,1472,1605,393,358,0,0
216,34686120,1492,1613,428,387,0,0
217,34696121,1508,1625,454,417,0,0
218,34706121,1516,1634,473,429,0,8
219,34716121,1530,1642,488,438,0,25
220,34726121,1548,1653,502,439,0,41
221,34736120,1559,1659,512,457,0,53
222,34746121,1572,1669,529,455,0,72
223,34756121,1579,1674,535,469,0,78
224,34766121,1582,1681,542,478,0,85
225,34776121,1589,1683,556,486,0,95
226,34786120,1590,1686,564,490,0,101
227,34796121,1592,1689,577,507,0,112
228,34806121,1595,1690,590,532,0,130
229,34816121,1596,1690,599,544,0,144
230,34826121,1602,1689,609,558,0,149
231,34836120,1590,1688,617,572,0,169
232,34846121,1593,1685,628,584,0,187
233,34856121,1591,1680,640,598,0,205
234,34866121,1582,1673,653,618,0,233
235,34876121,1573,1666,663,633,0,273
236,34886120,1561,1654,677,655,0,299
237,34896121,1549,1645,692,676,0,315
238,34906121,1538,1639,711,695,0,336
239,34916121,1526,1631,721,715,0,344
240,34926121,1516,1624,739,726,0,350
241,34936120,1511,1619,750,740,0,355
242,34946121,1504,1610,761,753,0,365
243,34956121,1496,1597,780,765,2,376
244,34966121,1481,1588,794,787,7,396
245,34976121,1471,1576,807,808,17,419
246,34986120,1460,1565,818,825,35,440
247,34996121,1445,1553,832,841,46,466
248,35006121,1422,1541,852,858,59,486
249,35016121,1415,1521,863,878,72,499
250,35026121,1400,1508,873,888,82,522
251,35036120,1387,1496,883,903,90,554
252,35046121,1373,1482,893,912,105,579
253,35056121,1356,1460,904,924,120,609
254,35066121,1330,1451,916,942,153,636
255,35076121,1311,1430,928,961,172,664
256,35086120,1291,1406,942,985,194,682
257,35096121,1263,1382,958,1009,239,718
258,35106121,1236,1351,979,1040,265,750
259,35116121,1198,1317,994,1060,300,791
260,35126121,1166,1288,1005,1080,340,823
261,35136120,1126,1254,1017,1101,378,860
262,35146121,1071,1212,1038,1123,416,887
263,35156121,1014,1170,1049,1143,463,926
264,35166121,940,1111,1060,1160,508,956
265,35176121,858,1049,1072,1175,559,999
266,35186120,768,962,1082,1194,602,1033
267,35196121,664,886,1094,1210,644,1074
268,35206121,537,802,1098,1229,704,1108
269,35216121,412,701,1104,1245,757,1134
270,35226121,289,598,1108,1258,806,1174
271,35236120,124,432,1110,1273,856,0
272,35246121,0,249,1107,1288,908,0
273,35256120,0,63,1045,1213,931,0
274,35266121,0,0,1065,1314,990,0
275,35276121,0,0,1015,1317,1032,0
276,35286120,0,0,950,1314,1048,0
277,35296121,0,0,829,1293,1050,0
278,35306121,0,0,732,1266,1022,0
279,35316121,0,0,635,1206,977,1387
280,35326120,0,0,457,1051,848,1412
281,35336120,0,0,375,984,726,1440
282,35346121,0,0,298,888,499,1459
283,35356121,0,0,244,794,243,1433
284,35366121,0,0,179,681,103,1366
285,35376121,0,0,145,596,6,1275
286,35386120,0,0,112,526,0,1171
287,35396120,0,0,72,407,0,1048
288,35406121,0,0,75,375,0,855
289,35416121,0,0,77,313,0,578
290,35426121,0,0,80,248,0,175
291,35436120,0,0,69,156,0,26
292,35446121,0,0,65,140,0,90
293,35456121,0,0,59,120,0,166
294,35466121,0,0,49,108,0,189
295,35476121,0,0,39,98,0,169
296,35486120,0,0,28,87,0,153
297,35496121,0,0,17,80,0,161
298,35506121,0,0,19,73,0,173
299,35516121,0,0,17,69,0,172
300,35526120,0,0,6,54,0,182
301,35536120,0,0,18,73,0,197
302,35546121,0,0,19,77,0,216
303,35556121,0,0,24,75,0,244
304,35566121,0,0,25,81,0,266
305,35576121,0,0,25,82,0,294
306,35586120,0,0,22,80,0,302
307,35596121,0,0,25,77,0,314
308,35606121,0,0,23,72,0,327
309,35616121,0,0,21,71,0,350
310,35626121,0,0,21,60,0,371
311,35636120,0,0,10,57,0,394
312,35646121,0,0,8,53,0,416
313,35656121,3,0,7,49,0,434
314,35666121,0,0,0,46,0,449
315,35676121,0,0,0,43,0,453
316,35686120,0,0,0,40,0,467
317,35696121,0,0,0,36,0,454
318,35706121,0,0,0,31,0,456
319,35716121,0,0,0,26,0,467
320,35726121,0,0,0,24,0,477
321,35736120,0,0,0,21,0,475
322,35746121,0,0,0,12,0,488
323,35756121,0,0,0,10,0,491
324,35766121,0,0,0,5,0,497
325,35776121,0,0,0,3,0,501
326,35786120,0,0,0,0,0,497
327,35796121,0,0,0,1,0,475
328,35806121,0,0,0,0,0,459
329,35816121,0,0,0,0,0,434
330,35826121,0,0,0,0,0,413
331,35836120,0,0,0,0,0,402
332,35846121,0,0,0,0,0,376
333,35856121,0,0,0,0,0,343
334,35866121,0,0,0,0,0,302
335,35876121,0,0,0,0,0,228
336,35886120,0,23,0,0,0,144
337,35896121,0,72,0,0,0,87
338,35906121,0,149,0,0,0,34
339,35916121,13,232,0,0,0,1
340,35926121,96,404,0,0,0,0
341,35936120,232,576,0,0,0,0
342,35946121,482,760,0,0,0,0
343,35956121,697,912,0,0,0,0
344,35966121,889,1056,0,0,0,0
345,35976121,1015,1150,0,0,0,0
346,35986120,1123,1226,0,0,0,0
347,35996121,1200,1298,4,13,0,0
348,36006121,1248,1329,74,75,0,0
349,36016121,1259,1343,140,149,0,0
350,36026121,1258,1356,225,208,0,10
351,36036120,1260,1360,303,298,0,111
352,36046121,1265,1363,353,367,0,215
353,36056121,1287,1367,386,427,0,321
354,36066121,1307,1381,433,475,0,394
355,36076121,1329,1397,475,502,0,462
356,36086120,1353,1416,503,539,1,524
357,36096121,1365,1431,531,573,20,561
358,36106120,1380,1443,554,600,54,607
359,36116121,1390,1451,584,623,87,643
360,36126121,1403,1460,606,647,110,661
361,36136120,1418,1471,628,663,132,725
362,36146121,1426,1480,645,687,167,747
363,36156121,1432,1483,663,703,191,765
364,36166121,1340,1461,606,712,217,787
365,36176121,1437,1486,681,726,237,804
366,36186120,1437,1487,693,734,258,809
367,36196121,1437,1485,696,741,283,817
368,36206121,1436,1483,700,748,302,826
369,36216121,1432,1480,710,752,330,831
370,36226121,1327,1437,672,683,352,843
371,36236120,1410,1461,717,761,378,849
372,36246121,1399,1447,722,763,409,856
373,36256121,1384,1433,730,770,425,848
374,36266121,1372,1418,727,772,454,873
375,36276121,1358,1402,728,776,472,880
376,36286120,1343,1388,730,788,491,776
377,36296121,1335,1373,730,793,518,0
378,36306121,1322,1364,730,796,536,0
379,36316121,1307,1350,730,803,559,0
380,36326121,1302,1335,730,808,575,0
381,36336120,1293,1326,735,812,596,0
382,36346121,1287,1320,738,820,608,0
383,36356121,1278,1315,742,824,620,0
384,36366121,1272,1302,743,828,635,0
385,36376121,1265,1293,747,839,659,0
386,36386120,1258,1280,752,848,672,0
387,36396121,1254,1270,760,854,684,0
388,36406121,1242,1260,763,860,700,0
389,36416121,1228,1249,767,868,718,0
390,36426121,1222,1237,775,874,732,0
391,36436120,1203,1223,781,884,742,0
392,36446121,1190,1205,786,893,765,0
393,36456121,1161,1177,790,907,788,0
394,36466121,1124,1145,802,919,811,0
395,36476121,1093,1111,811,934,829,0
396,36486120,1051,1023,784,870,833,0
397,36496121,995,1041,826,960,876,0
398,36506121,938,1004,837,977,905,0
399,36516121,876,950,849,990,918,1191
400,36526121,810,873,862,1015,932,1219
401,36536120,740,802,873,1051,939,1240
402,36546121,658,730,885,1062,950,1261
403,36556121,502,594,887,1077,958,1287
404,36566121,410,491,885,1091,959,1294
405,36576121,270,384,870,1099,954,1307
406,36586120,101,247,847,1107,939,1310
407,36596121,0,105,789,1104,914,1316
408,36606121,0,0,670,1091,893,1303
409,36616121,0,0,584,1046,850,1294
410,36626121,0,0,470,962,780,1270
411,36636120,0,0,384,849,640,1258
412,36646121,0,0,284,715,426,1249
413,36656121,0,0,253,634,209,1203
414,36666121,0,0,228,522,19,1122
415,36676121,0,0,188,416,0,963
416,36686120,0,0,146,356,0,714
417,36696121,0,0,136,306,0,392
418,36706121,0,0,124,271,0,52
419,36716121,0,0,97,200,0,0
420,36726121,0,7,95,174,0,0
421,36736120,0,0,81,164,0,0
422,36746121,0,0,61,136,0,0
423,36756121,0,0,42,115,0,0
424,36766121,0,0,33,104,0,0
425,36776121,0,0,28,98,0,0
426,36786120,0,0,28,99,0,6
427,36796121,0,0,33,107,0,5
428,36806121,0,0,42,120,0,8
429,36816121,0,0,54,131,0,21
430,36826121,0,0,50,136,0,28
431,36836120,0,0,50,140,0,46
432,36846121,0,0,50,144,0,73
433,36856121,0,0,44,141,0,96
434,36866121,0,0,30,130,0,132
435,36876121,0,0,2,105,0,153
436,36886120,3,0,9,94,0,174
437,36896121,0,0,2,78,0,196
438,36906121,0,0,0,69,0,217
439,36916121,0,0,0,56,0,240
440,36926121,0,0,0,44,0,245
441,36936120,0,0,0,39,0,244
442,36946121,0,0,0,38,0,251
443,36956121,0,0,0,39,0,278
444,36966121,0,0,0,39,0,294
445,36976121,0,0,0,41,0,291
446,36986120,0,0,0,37,0,277
447,36996121,0,0,0,33,0,240
448,37006121,0,0,0,37,0,230
449,37016121,0,0,0,38,0,215
450,37026121,0,0,0,34,0,204
451,37036120,0,0,0,32,0,202
452,37046121,0,0,0,30,0,207
453,37056121,0,0,0,29,0,212
454,37066121,0,0,0,28,0,209
455,37076121,0,0,0,27,0,195
456,37086120,0,0,0,22,0,170
457,37096121,0,0,0,25,0,150
458,37106121,0,0,0,25,0,135
459,37116121,0,0,0,25,0,104
460,37126121,0,0,0,25,0,72
461,37136120,0,0,0,26,0,42
462,37146121,0,19,0,21,0,1
463,37156121,0,83,0,16,0,0
464,37166121,0,179,0,9,0,0
465,37176121,36,293,0,2,0,0
466,37186120,69,440,0,0,0,0
467,37196121,250,654,0,0,0,0
468,37206121,579,885,0,0,0,0
469,37216121,845,1077,0,0,3,0
470,37226121,1016,1181,0,0,0,0
471,37236120,1124,1239,0,0,0,0
472,37246121,1193,1282,0,0,0,0
473,37256121,1221,1300,3,6,0,0
474,37266121,1235,1316,20,30,0,0
475,37276121,1234,1321,60,62,0,0
476,37286120,1237,1330,98,119,0,0
477,37296121,1242,1356,131,169,0,0
478,37306121,1261,1372,170,206,0,0
479,37316121,1298,1394,211,247,0,21
480,37326121,1321,1424,265,292,0,82
481,37336120,1350,1447,292,334,0,139
482,37346121,1378,1468,316,363,0,195
483,37356121,1401,1492,356,395,0,223
484,37366121,1422,1509,387,427,0,272
485,37376121,1445,1528,419,455,0,305
486,37386121,1465,1550,444,486,0,319
487,37396121,1480,1562,466,516,0,341
488,37406121,1496,1577,485,538,0,360
489,37416121,1506,1588,501,557,0,364
490,37426121,1517,1598,522,578,0,376
491,37436120,1525,1609,546,595,0,382
492,37446120,1420,1575,519,572,1,387
493,37456121,1545,1622,585,623,0,405
494,37466121,1552,1625,599,637,1,417
495,37476121,1555,1627,612,653,7,425
496,37486120,1556,1629,628,666,10,436
497,37496121,1561,1629,631,674,11,442
498,37506121,1559,1630,647,685,12,447
499,37516121,1456,1603,585,690,9,448
500,37526121,1555,1626,661,698,6,443
501,37536120,1554,1624,665,708,1,445
502,37546121,1551,1622,670,712,0,448
503,37556121,1547,1621,673,723,1,453
504,37566121,1544,1616,678,730,0,448
505,37576121,1538,1611,680,665,0,409
506,37586120,1540,1610,689,744,0,442
507,37596121,1535,1609,692,748,0,440
508,37606121,1533,1605,695,755,0,443
509,37616121,1529,1603,698,762,0,448
510,37626121,1524,1598,711,774,0,464
511,37636120,1522,1593,714,782,0,471
512,37646121,1520,1590,521,791,0,479
513,37656121,1516,1586,0,794,2,486
514,37666121,1512,1583,0,807,7,487
515,37676121,1512,1581,0,821,14,0
516,37686120,1507,1575,0,839,23,483
517,37696121,1500,1569,0,858,35,520
518,37706121,1496,1562,0,871,52,537
519,37716121,1488,1556,792,887,64,562
520,37726121,1476,1547,807,898,87,590
521,37736120,1463,1530,820,915,110,623
522,37746121,1445,1516,0,935,132,0
523,37756121,1431,1503,0,949,164,0
524,37766121,1411,1487,0,969,210,0
525,37776120,1281,1430,0,935,227,0
526,37786120,1370,1449,0,1010,293,0
527,37796121,1340,1428,0,1034,351,0
528,37806121,1311,1393,0,1060,384,0
529,37816121,1268,1360,0,1074,423,0
530,37826121,1227,1320,295,1098,477,0
531,37836120,1167,1270,937,1112,534,1044
532,37846121,1094,1222,982,1129,594,1125
533,37856121,994,1161,992,1146,663,1172
534,37866121,914,1094,1001,1160,732,1212
535,37876121,827,1016,1006,1175,802,1250
536,37886120,726,941,1014,1188,856,1273
537,37896121,616,885,1017,1200,909,1306
538,37906120,449,799,962,1152,908,1342
539,37916121,401,763,1031,1223,994,1366
540,37926121,280,689,1036,1234,1043,1393
541,37936120,161,575,1038,1244,1089,1425
542,37946121,47,464,1043,1256,1132,0
543,37956121,0,330,1043,1269,1182,0
544,37966121,0,202,1039,1284,1161,0
545,37976121,0,99,1041,1295,1250,0
546,37986120,0,4,1028,1306,1273,0
547,37996121,0,0,1004,1314,1286,1559
548,38006121,0,0,969,1315,1292,1586
549,38016121,0,0,914,1312,1278,1604
550,38026121,0,0,817,1303,1257,1625
551,38036120,0,0,767,1280,1225,1606
552,38046121,0,0,681,1248,1145,0
553,38056121,0,0,603,1194,1053,0
554,38066121,0,0,513,1121,878,1692
555,38076121,0,0,437,1040,700,1705
556,38086120,0,0,399,953,467,1701
557,38096120,0,0,334,853,217,1672
558,38106121,0,0,341,845,85,1622
559,38116121,0,0,301,783,0,1546
560,38126121,0,0,259,730,0,1440
561,38136120,0,0,225,675,0,1326
562,38146121,0,0,220,609,0,1226
563,38156120,0,0,172,477,0,1091
564,38166121,0,0,188,431,0,918
565,38176121,0,0,175,351,0,718
566,38186120,0,0,150,274,0,454
567,38196121,0,19,84,174,0,231
568,38206121,0,5,55,132,0,284
569,38216121,0,0,36,89,0,332
570,38226121,0,0,14,61,0,314
571,38236120,0,1,1,48,0,251
572,38246121,0,7,0,43,0,204
573,38256121,0,1,0,44,0,182
574,38266121,0,0,0,50,0,174
575,38276121,0,0,0,57,0,171
576,38286120,0,2,0,70,0,143
577,38296121,0,0,2,79,0,162
578,38306121,0,0,12,85,0,170
579,38316121,0,0,18,89,0,185
580,38326121,0,0,19,98,0,203
581,38336120,0,0,26,93,0,217
582,38346121,0,0,18,91,0,228
583,38356120,0,0,7,70,0,233
584,38366121,0,0,15,84,0,251
585,38376121,0,0,17,80,0,270
586,38386120,0,0,10,76,0,289
587,38396121,0,0,11,74,0,314
588,38406121,0,0,6,67,0,343
589,38416121,0,0,1,60,0,374
590,38426121,0,0,2,57,0,392
591,38436120,0,0,0,55,0,410
592,38446121,0,0,0,54,0,412
593,38456121,0,0,0,54,0,406
594,38466121,0,0,0,53,0,376
595,38476121,0,0,0,59,0,378
596,38486120,0,0,0,34,0,360
597,38496121,0,0,0,72,0,404
598,38506121,0,0,0,72,0,397
599,38516121,0,0,0,72,2,374
600,38526121,0,0,0,71,0,349
601,38536120,0,0,0,77,0,326
602,38546121,0,0,0,63,0,273
603,38556121,0,5,0,65,0,172
604,38566121,0,61,0,69,0,98
605,38576121,0,150,0,62,0,40
606,38586120,49,269,0,36,0,0
607,38596121,156,474,0,29,0,0
608,38606121,327,629,0,8,0,0
609,38616121,558,828,0,0,0,0
610,38626121,830,1048,1,0,0,0
611,38636120,1003,1175,0,0,0,0
612,38646121,1100,1234,0,0,0,0
613,38656121,1161,1262,0,0,0,0
614,38666121,1188,1294,0,0,0,0
615,38676121,1192,1307,16,28,0,0
616,38686120,1206,1316,50,55,0,0
617,38696121,1216,1330,78,74,0,0
618,38706121,1239,1351,100,110,0,0
619,38716121,1254,1371,119,128,0,0
620,38726121,1279,1396,137,163,0,11
621,38736120,1294,1421,170,190,0,27
622,38746121,1316,1438,203,204,0,38
623,38756121,1342,1462,218,232,0,55
624,38766121,1362,1484,251,251,0,86
625,38776121,1382,1499,289,284,0,98
626,38786120,1404,1518,303,312,0,136
627,38796121,1425,1538,333,346,0,165
628,38806121,1446,1555,356,366,0,198
629,38816121,1464,1568,393,402,3,233
630,38826121,1482,1582,425,436,0,272
631,38836120,1498,1593,452,473,0,299
632,38846121,1511,1604,477,507,0,335
633,38856121,1520,1610,506,547,0,377
634,38866121,1537,1614,532,574,0,409
635,38876121,1539,1618,556,600,0,441
636,38886120,1545,1618,579,622,0,475
637,38896121,1545,1618,591,633,0,496
638,38906121,1548,1619,603,649,0,517
639,38916121,1546,1614,614,663,0,537
640,38926121,1546,1608,629,676,6,553
641,38936120,1533,1598,639,702,14,448
642,38946121,1525,1590,658,728,27,471
643,38956121,1513,1579,0,749,47,624
644,38966121,1501,1568,0,773,63,634
645,38976121,1490,1555,0,792,71,646
646,38986120,1478,1542,0,813,83,653
647,38996121,1464,1526,0,840,90,0
648,39006121,1438,1516,0,856,100,0
649,39016121,1429,1505,0,879,108,0
650,39026121,1415,1494,0,901,113,0
651,39036120,1402,1480,0,918,124,730
652,39046121,1387,1467,0,933,133,746
653,39056121,1379,1454,0,951,138,727
654,39066121,1367,1445,0,973,143,661
655,39076121,1356,1434,0,989,153,0
656,39086120,1348,1428,0,1004,164,0
657,39096121,1335,1406,0,1019,168,0
658,39106121,1324,1394,0,1036,180,0
659,39116121,1312,1375,0,1049,211,0
660,39126121,1299,1351,0,1064,226,0
661,39136120,1270,1321,0,1086,249,0
662,39146121,1247,1299,0,1105,276,0
663,39156121,1223,1265,0,1120,317,0
664,39166121,1192,1238,0,1132,353,0
665,39176121,1161,1205,0,1148,387,0
666,39186120,1129,1174,0,1165,425,0
667,39196121,1096,1135,0,1175,477,0
668,39206121,1058,1102,0,1187,511,0
669,39216121,1011,1056,0,1198,549,0
670,39226121,962,1010,0,1208,595,0
671,39236120,906,980,1004,1224,644,0
672,39246121,856,928,1051,1234,681,0
673,39256121,788,871,1061,1244,731,0
674,39266121,696,826,1071,1254,773,0
675,39276121,602,758,1074,1259,820,0
676,39286120,522,692,1079,1270,864,0
677,39296121,429,613,1080,1276,906,0
678,39306121,330,531,1081,1287,941,0
679,39316121,205,427,1079,1296,973,0
680,39326121,91,313,1081,1306,1007,1
681,39336120,9,214,1078,1318,1046,0
682,39346121,0,123,1068,1324,1069,0
683,39356121,0,48,1063,1332,1090,0
684,39366121,0,0,1050,1342,1098,0
685,39376121,0,0,1023,1352,1095,0
686,39386120,0,0,988,1354,1078,0
687,39396121,0,0,911,1350,1051,2
688,39406121,0,0,814,1336,1003,0
689,39416121,0,0,737,1307,919,0
690,39426121,0,0,630,1259,794,1747
691,39436120,0,0,558,1192,621,1765
692,39446121,0,0,471,1098,429,1782
693,39456120,0,0,392,974,203,1694
694,39466121,0,0,417,982,54,1743
695,39476121,0,0,394,925,0,1685
696,39486120,0,0,354,809,0,1585
697,39496121,0,0,275,789,0,1452
698,39506121,0,0,231,713,0,1347
699,39516121,0,0,212,577,0,1172
700,39526121,0,0,188,505,0,973
701,39536120,0,0,173,421,0,736
702,39546121,0,0,161,314,0,439
703,39556121,0,57,93,197,0,268
704,39566121,0,12,76,153,0,331
705,39576121,0,0,61,145,0,359
706,39586120,0,0,40,107,0,338
707,39596121,0,0,18,86,0,254
708,39606121,0,0,7,66,0,203
709,39616121,0,0,0,31,0,173
710,39626121,0,0,0,61,0,166
711,39636120,0,6,0,63,0,165
712,39646121,0,0,1,71,0,156
713,39656121,0,0,4,82,0,151
714,39666121,0,0,14,96,0,145
715,39676121,0,0,15,108,0,145
716,39686120,0,0,20,113,0,145
717,39696121,0,0,25,114,0,151
718,39706121,0,0,32,113,0,165
719,39716121,0,0,31,114,0,202
720,39726121,0,0,34,116,0,231
721,39736120,0,0,31,111,0,251
722,39746121,0,0,33,105,0,273
723,39756121,0,0,38,101,0,296
724,39766121,0,0,39,98,0,330
725,39776121,0,0,37,91,0,355
726,39786120,0,0,35,85,0,377
727,39796121,1,0,29,73,0,392
728,39806121,0,0,20,68,0,397
729,39816121,0,0,17,63,0,387
730,39826121,0,0,8,61,0,361
731,39836120,0,0,5,59,0,332
732,39846121,0,0,4,61,0,301
733,39856121,0,0,3,65,0,268
734,39866121,0,0,0,60,0,239
735,39876121,0,0,0,60,0,221
736,39886120,0,0,0,57,0,183
737,39896121,0,0,0,59,0,153
738,39906121,0,0,0,60,0,111
739,39916121,0,0,0,54,0,107
740,39926121,0,0,0,57,0,89
741,39936120,0,0,0,64,0,67
742,39946121,0,0,0,55,0,41
743,39956121,0,0,0,54,0,25
744,39966121,0,0,0,51,0,9
745,39976121,0,0,0,43,0,3
746,39986120,0,21,0,32,0,0
747,39996121,0,80,0,25,0,0
748,40006121,37,163,0,18,0,0
749,40016121,138,306,0,3,0,0
750,40026121,314,527,0,0,0,0
751,40036120,496,688,0,0,0,0
752,40046121,631,861,0,0,0,0
753,40056121,732,950,0,0,0,0
754,40066121,835,1039,0,0,0,0
755,40076121,940,1128,0,0,0,0
756,40086120,1037,1226,0,0,0,0
757,40096121,1122,1296,6,4,0,0
758,40106121,1203,1363,34,26,0,0
759,40116121,1263,1414,72,76,0,0
760,40126121,1301,1455,149,172,0,0
761,40136120,1325,1481,241,242,0,0
762,40146121,1337,1496,307,320,0,0
763,40156121,1344,1507,395,412,0,0
764,40166121,1357,1527,465,473,0,0
765,40176121,1382,1544,523,551,0,11
766,40186120,1401,1558,580,601,0,45
767,40196121,1426,1569,632,654,0,88
768,40206121,1440,1580,681,696,0,126
769,40216121,1457,1591,721,731,0,170
770,40226121,1466,1601,763,771,0,196
771,40236120,1478,1610,805,816,0,230
772,40246121,1487,1616,837,851,0,254
773,40256121,1493,1619,858,878,0,279
774,40266121,1495,1622,881,902,0,295
775,40276121,1495,1622,889,923,0,332
776,40286120,1493,1620,915,939,0,350
777,40296121,1492,1614,930,958,0,368
778,40306121,1485,1606,948,982,0,402
779,40316121,1473,1597,965,997,6,420
780,40326121,1462,1587,982,1015,19,441
781,40336120,1449,1576,996,1035,35,457
782,40346121,1431,1561,1004,1052,43,467
783,40356121,1414,1547,1016,1068,61,482
784,40366121,1394,1528,1030,1079,59,492
785,40376121,1379,1511,1036,1094,71,509
786,40386120,1367,1498,1047,1107,83,529
787,40396121,1352,1486,1050,1114,90,537
788,40406121,1336,1468,1054,1125,98,547
789,40416121,1325,1455,1059,1131,79,528
790,40426121,1316,1444,1067,1141,102,562
791,40436120,1307,1432,1074,1148,103,577
792,40446121,1299,1419,1080,1158,115,586
793,40456121,1292,1407,1085,1162,124,598
794,40466121,1289,1401,1091,1172,122,607
795,40476121,1282,1398,1095,1174,131,617
796,40486120,1282,1389,1092,1177,133,632
797,40496121,1282,1384,1102,1176,140,643
798,40506121,1284,1380,1096,1175,146,653
799,40516121,1283,1376,1091,1173,150,660
800,40526121,1288,1373,1086,1172,158,669
801,40536120,1289,1371,1084,1171,159,671
802,40546121,1222,1314,1086,1174,169,668
803,40556121,1283,1364,1089,1177,176,670
804,40566121,1268,1353,1095,1181,190,675
805,40576121,1254,1327,1099,1191,211,686
806,40586120,1236,1305,1105,1197,222,702
807,40596121,1207,1280,1112,1205,237,717
808,40606121,1185,1256,0,1213,266,739
809,40616121,1165,1227,0,1226,301,759
810,40626121,1134,1195,0,1235,326,785
811,40636120,1108,1164,1127,1244,341,813
812,40646121,1079,1131,1134,1254,363,867
813,40656121,1041,1082,1147,1265,395,915
814,40666121,972,1022,1162,1275,439,969
815,40676121,895,957,1173,1297,485,1008
816,40686120,825,878,1183,1307,541,1051
817,40696121,731,805,1190,1321,588,1100
818,40706121,626,732,1196,1333,635,1131
819,40716121,535,674,1205,1340,679,1167
820,40726121,422,588,1210,1353,731,1197
821,40736120,312,483,1212,1365,790,1222
822,40746121,193,389,1221,1378,841,0
823,40756121,79,280,1224,1388,878,0
824,40766121,0,151,1223,1401,924,1
825,40776121,0,65,1216,1414,957,1322
826,40786120,0,0,1212,1425,996,1354
827,40796121,0,0,1196,1433,1033,1375
828,40806120,0,0,1132,1344,1051,1286
829,40816121,0,0,1148,1446,1085,1404
830,40826121,0,0,1099,1445,1094,1423
831,40836120,0,0,1028,1434,1077,1436
832,40846121,0,0,920,1409,1021,1448
833,40856121,0,0,822,1367,916,0
834,40866121,0,0,728,1316,828,0
835,40876121,0,0,615,1241,690,1463
836,40886120,0,0,520,1130,529,1498
837,40896121,0,0,434,1039,351,1507
838,40906121,0,0,381,955,165,1481
839,40916121,0,0,328,883,26,1429
840,40926121,0,0,274,811,1,1356
841,40936120,0,0,234,735,0,1262
842,40946121,0,0,212,660,0,1164
843,40956121,0,0,189,0,0,1038
844,40966121,0,0,182,0,0,896
845,40976121,0,0,167,378,0,687
846,40986120,0,0,160,221,0,378
847,40996121,0,0,152,233,0,143
848,41006121,0,0,126,159,0,121
849,41016121,0,0,112,168,0,183
850,41026121,0,0,91,155,0,205
851,41036120,0,0,77,137,0,209
852,41046121,0,0,56,100,0,169
853,41056121,2,0,44,94,0,141
854,41066121,0,0,37,75,0,129
855,41076121,0,0,29,77,0,124
856,41086120,0,0,23,73,0,106
857,41096121,0,0,18,40,0,99
858,41106121,0,0,17,59,0,91
859,41116121,0,0,16,70,0,89
860,41126121,0,0,16,66,0,90
861,41136120,0,0,14,70,0,93
862,41146121,0,0,16,66,0,111
863,41156121,0,0,13,63,0,125
864,41166121,0,0,19,63,0,150
865,41176121,0,0,18,58,0,163
866,41186120,0,0,19,60,0,180
867,41196121,0,0,19,59,0,205
868,41206121,0,0,18,58,0,225
869,41216121,0,0,13,54,0,252
870,41226121,0,0,5,48,0,279
871,41236120,0,0,1,41,0,299
872,41246120,0,0,0,15,0,314
873,41256121,2,0,0,33,0,329
874,41266121,0,0,0,29,0,336
875,41276121,0,0,0,27,0,339
876,41286120,0,0,0,21,0,332
877,41296121,0,0,0,14,0,311
878,41306121,0,0,0,12,0,279
879,41316121,0,0,0,9,0,245
880,41326121,0,0,0,5,0,241
881,41336120,0,0,0,4,0,223
882,41346121,0,0,0,11,0,217
883,41356121,0,0,0,7,0,218
884,41366121,0,0,0,9,0,218
885,41376121,0,0,0,10,0,200
886,41386120,0,0,0,10,0,188
887,41396121,0,0,0,14,0,163
888,41406121,0,0,0,15,0,140
889,41416121,0,0,0,19,0,118
890,41426121,0,0,0,22,0,108
891,41436120,0,0,0,21,0,68
892,41446120,0,0,0,7,0,14
893,41456121,0,2,0,28,0,6
894,41466121,0,43,0,20,0,0
895,41476121,0,104,0,24,0,0
896,41486120,77,234,0,25,0,0
897,41496121,246,476,1,7,2,0
898,41506121,551,738,1,0,0,0
899,41516120,788,908,1,0,0,0
900,41526121,979,1114,5,0,0,0
901,41536120,1102,1216,18,0,0,0
902,41546121,1202,1305,43,22,0,0
903,41556121,1270,1368,90,75,0,0
904,41566121,1302,1400,153,166,0,0
905,41576121,1317,1420,241,227,0,0
906,41586120,1323,1430,306,319,2,0
907,41596121,1327,1441,369,423,0,0
908,41606121,1334,1453,437,507,0,0
909,41616121,1353,1471,518,589,0,7
910,41626121,1374,1494,608,653,0,22
911,41636120,1392,1515,660,712,0,45
912,41646121,1409,1528,718,762,0,59
913,41656121,1427,1544,775,823,0,97
914,41666121,1431,1549,823,869,0,109
915,41676121,1432,1554,869,919,0,141
916,41686120,1437,1558,903,946,0,172
917,41696121,1436,1560,938,984,0,201
918,41706120,1437,1561,977,1013,0,230
919,41716121,1433,1560,999,1047,0,246
920,41726121,1428,1558,1025,1080,0,278
921,41736120,1422,1554,1051,1107,0,295
922,41746121,1415,1548,1074,1129,0,317
923,41756121,1405,1543,1093,1146,0,342
924,41766121,1397,1528,1108,1172,0,361
925,41776121,1380,1516,1123,1187,0,374
926,41786120,1362,1503,1135,1198,0,394
927,41796121,1339,1490,1148,1209,0,415
928,41806121,1323,1478,1153,1222,1,426
929,41816121,1310,1465,1159,1228,4,443
930,41826121,1284,1449,1168,1235,10,460
931,41836120,1254,1430,1174,1245,23,485
932,41846121,1227,1410,1180,1252,39,504
933,41856121,1205,1386,1180,1262,53,532
934,41866121,1187,1369,1188,1271,71,552
935,41876121,1177,1358,1193,1272,85,568
936,41886120,1172,1350,1192,1283,88,595
937,41896121,1169,1343,1193,1288,101,612
938,41906121,1167,1340,1191,1288,110,626
939,41916121,1165,1336,1197,1291,120,634
940,41926121,1165,1332,1199,1290,124,647
941,41936120,1161,1326,1204,1294,133,651
942,41946121,1159,1321,1203,1297,139,658
943,41956120,1149,1251,1158,1205,138,605
944,41966121,1146,1304,1204,1297,160,679
945,41976121,1139,1299,1205,1298,164,683
946,41986120,1135,1290,1207,1302,172,692
947,41996121,1131,1280,1208,1301,176,697
948,42006121,1128,1277,1209,1300,181,705
949,42016121,1125,1273,1208,1300,197,702
950,42026121,1123,1272,1209,1302,214,708
951,42036120,1114,1263,1209,1302,218,723
952,42046121,1105,1254,1210,1304,229,735
953,42056121,1093,1245,1209,1304,237,748
954,42066121,1086,1235,1209,1303,247,761
955,42076121,1074,1224,1210,1303,269,777
956,42086120,991,1157,1212,1305,286,794
957,42096121,1023,1189,1213,1307,303,810
958,42106121,997,1166,1215,1309,313,834
959,42116121,956,1129,1219,1311,356,867
960,42126121,918,1094,1223,1315,379,893
961,42136120,874,1056,1226,1321,410,927
962,42146121,792,938,1174,1325,439,956
963,42156121,778,950,1229,1330,470,984
964,42166121,721,885,1232,1332,491,1012
965,42176121,663,831,1232,1333,544,1038
966,42186120,604,790,1231,1336,571,1063
967,42196121,539,732,1226,1336,599,1079
968,42206121,424,659,1122,1331,618,1098
969,42216121,398,620,1211,1338,646,1113
970,42226121,316,540,1205,1339,665,1131
971,42236120,228,461,1193,1337,680,0
972,42246121,123,372,1181,1336,700,0
973,42256121,35,295,1168,1332,703,0
974,42266121,0,170,1144,1324,699,0
975,42276121,0,58,1114,1313,699,0
976,42286120,0,0,1052,1301,688,1200
977,42296121,0,0,976,1285,681,1204
978,42306121,0,0,868,1255,689,1203
979,42316121,0,0,750,1208,702,1208
980,42326121,0,0,618,1138,695,1219
981,42336120,0,0,477,965,652,1134
982,42346121,0,0,419,923,570,1238
983,42356121,0,0,301,812,416,1257
984,42366121,0,0,248,700,235,1244
985,42376121,0,0,186,571,109,1213
986,42386120,0,0,135,458,20,1140
987,42396121,0,0,88,377,0,1046
988,42406121,0,0,57,307,0,907
989,42416121,0,0,42,262,0,685
990,42426121,0,0,49,201,0,430
991,42436120,0,0,53,136,0,116
992,42446121,0,0,59,100,0,41
993,42456121,0,0,73,108,0,100
994,42466121,0,0,76,108,0,125
995,42476121,0,0,74,119,0,118
996,42486120,0,0,78,112,0,88
997,42496121,0,0,80,117,1,66
998,42506121,0,0,68,118,0,57
999,42516121,0,0,75,116,0,45
1000,42526121,0,0,63,91,0,35
1001,42536120,0,0,60,107,3,33
1002,42546121,0,0,53,99,0,25
1003,42556121,0,0,47,96,4,25
1004,42566121,0,0,42,86,0,30
1005,42576121,0,0,37,76,0,47
1006,42586120,0,0,33,68,0,54
1007,42596121,0,0,25,60,0,67
1008,42606121,0,0,24,55,0,87
1009,42616121,0,0,20,51,0,111
1010,42626121,0,0,19,53,0,144
1011,42636120,0,0,19,48,0,161
1012,42646121,0,0,18,50,0,185
1013,42656121,0,0,16,45,0,211
1014,42666121,0,0,9,43,0,236
1015,42676121,0,0,6,38,0,265
1016,42686120,0,0,1,36,0,294
1017,42696121,0,0,0,27,0,310
1018,42706121,0,0,0,24,0,328
1019,42716121,0,0,0,14,0,345
1020,42726121,0,0,0,11,0,359
1021,42736120,0,0,0,9,0,373
1022,42746121,0,0,0,10,0,390
1023,42756121,0,0,0,11,0,412
1024,42766121,0,0,0,15,0,424
1025,42776121,0,0,0,21,0,426
1026,42786120,0,0,0,26,0,429
1027,42796121,0,0,0,30,0,416
1028,42806121,0,0,1,34,0,406
1029,42816121,0,0,3,41,0,396
1030,42826121,0,0,8,36,0,389
1031,42836120,0,0,8,47,0,381
1032,42846121,0,0,14,44,0,372
1033,42856121,0,0,15,18,0,301
1034,42866121,0,0,18,54,0,314
1035,42876121,0,0,18,46,0,307
1036,42886120,0,0,20,52,0,279
1037,42896121,0,0,24,53,0,250
1038,42906121,0,0,18,54,0,211
1039,42916121,0,0,20,55,0,141
1040,42926121,0,0,24,52,0,56
1041,42936120,0,41,29,57,0,0
1042,42946121,0,112,34,56,0,0
1043,42956121,55,198,50,58,0,0
1044,42966121,186,412,54,40,0,0
1045,42976121,504,708,55,25,0,0
1046,42986120,803,949,45,3,0,0
1047,42996121,1062,1183,65,5,0,0
1048,43006121,1185,1263,86,18,0,0
1049,43016121,1233,1307,121,47,0,0
1050,43026121,1254,1324,190,105,0,0
1051,43036120,1263,1346,301,220,0,0
1052,43046121,1261,1354,402,357,0,0
1053,43056121,1255,1365,530,471,0,0
1054,43066121,1253,1370,641,626,0,0
1055,43076121,1258,1380,753,722,0,0
1056,43086120,1262,1388,827,811,0,0
1057,43096121,1273,1395,890,886,0,29
1058,43106121,1269,1398,950,950,0,124
1059,43116121,1275,1402,1001,1002,0,223
1060,43126121,1274,1406,1035,1050,0,290
1061,43136120,1268,1403,1063,1099,0,339
1062,43146121,1256,1399,1093,1132,0,372
1063,43156121,1243,1394,1115,1160,0,407
1064,43166121,1225,1385,1130,1179,0,424
1065,43176121,1211,1381,1146,1197,0,445
1066,43186120,1197,1371,0,1120,2,441
1067,43196121,1190,1363,0,1231,19,503
1068,43206121,1180,1355,0,1242,38,550
1069,43216121,1161,1343,0,1254,71,574
1070,43226121,1149,1331,0,1260,83,605
1071,43236120,1134,1316,0,1268,99,633
1072,43246121,1111,1303,0,1274,118,662
1073,43256120,995,1248,0,1218,129,701
1074,43266121,1046,1258,0,1291,171,754
1075,43276121,998,1231,0,1293,208,799
1076,43286120,957,1194,0,1301,245,844
1077,43296121,918,1164,0,1305,280,868
1078,43306121,878,1137,0,1310,303,894
1079,43316121,846,1108,0,1317,336,924
1080,43326121,814,1084,0,1323,369,952
1081,43336120,787,1058,0,1328,393,987
1082,43346121,749,1029,0,1331,422,1005
1083,43356121,697,996,0,1339,452,1042
1084,43366121,647,957,0,1341,483,1067
1085,43376121,599,921,0,1341,526,1088
1086,43386120,554,882,0,1343,565,1109
1087,43396121,516,853,0,1347,605,1129
1088,43406121,464,807,0,1350,639,1148
1089,43416121,433,775,1112,1352,672,1166
1090,43426121,413,742,1226,1355,699,1181
1091,43436120,378,714,1239,1354,725,1190
1092,43446120,357,647,1195,1260,744,1105
1093,43456121,324,651,1239,1360,791,1218
1094,43466121,278,625,1247,1363,815,1234
1095,43476121,230,603,1251,1364,850,1245
1096,43486120,190,560,1252,1367,869,1257
1097,43496121,157,521,1253,1371,888,1271
1098,43506121,119,493,1256,1371,920,1288
1099,43516121,62,458,1153,1368,939,1298
1100,43526121,61,430,1255,1376,959,0
1101,43536120,40,399,1256,1379,983,0
1102,43546121,25,367,1256,1380,997,0
1103,43556121,13,352,1255,1382,1007,0
1104,43566121,1,335,1254,1383,1017,0
1105,43576121,0,308,1251,1384,1032,0
1106,43586120,0,282,1250,1384,1038,0
1107,43596121,0,244,1246,1385,1041,0
1108,43606121,0,215,1241,1385,1036,1291
1109,43616121,0,191,1239,1386,1036,1334
1110,43626121,0,161,1233,1386,1040,1346
1111,43636120,0,94,1222,1387,1043,1351
1112,43646121,0,50,1203,1387,1043,1357
1113,43656121,0,0,1181,1385,1045,1361
1114,43666121,0,0,1157,1381,1047,1359
1115,43676121,0,0,1112,1368,1046,1354
1116,43686120,0,0,1045,1351,1041,1351
1117,43696121,0,0,954,1323,1035,0
1118,43706121,0,0,847,1281,1009,0
1119,43716121,0,0,735,1227,972,1357
1120,43726121,0,0,598,1129,937,1365
1121,43736120,0,0,493,1039,856,1381
1122,43746121,0,0,395,925,751,1395
1123,43756121,0,0,279,828,611,1405
1124,43766121,0,0,237,733,371,1383
1125,43776120,0,0,157,573,199,1333
1126,43786120,0,0,149,510,115,1267
1127,43796121,0,0,105,411,30,1177
1128,43806121,0,0,74,332,4,1092
1129,43816121,0,0,59,287,0,982
1130,43826121,0,0,45,240,0,793
1131,43836120,0,0,46,0,0,551
1132,43846121,0,0,44,0,0,234
1133,43856121,0,0,45,83,0,107
1134,43866121,0,0,52,88,0,171
1135,43876121,0,0,55,93,0,201
1136,43886120,0,0,53,93,0,175
1137,43896121,0,0,52,75,0,126
1138,43906121,0,0,51,85,0,108
1139,43916121,0,0,48,99,0,104
1140,43926121,0,0,43,96,0,85
1141,43936120,0,0,32,89,0,57
1142,43946121,0,0,24,74,0,43
1143,43956121,0,0,16,60,0,34
1144,43966121,0,0,15,56,0,55
1145,43976121,0,0,6,49,0,74
1146,43986120,0,0,4,44,0,107
1147,43996121,0,0,0,41,0,138
1148,44006121,0,0,0,36,0,171
1149,44016121,0,0,0,31,0,187
1150,44026121,0,0,0,27,0,200
1151,44036120,0,1,0,27,0,208
1152,44046121,0,0,0,26,0,227
1153,44056121,0,0,0,26,0,273
1154,44066121,0,0,0,24,0,293
1155,44076121,0,0,0,24,0,307
1156,44086120,0,0,0,22,0,327
1157,44096120,0,0,0,2,0,306
1158,44106121,0,0,0,19,0,377
1159,44116121,0,0,0,18,0,387
1160,44126121,0,0,0,12,0,402
1161,44136120,0,0,0,12,0,410
1162,44146121,0,0,0,7,0,425
1163,44156121,0,0,0,4,0,441
1164,44166120,0,0,0,0,0,449
1165,44176121,0,0,0,0,0,458
1166,44186120,0,0,0,0,0,458
1167,44196121,0,0,0,1,0,472
1168,44206121,0,0,0,5,0,486
1169,44216121,0,0,0,6,0,490
1170,44226120,0,0,0,7,0,497
1171,44236120,0,0,0,7,0,491
1172,44246121,0,0,0,7,0,503
1173,44256121,0,0,0,3,0,498
1174,44266121,0,0,0,2,0,484
1175,44276121,0,0,0,0,0,464
1176,44286120,0,0,0,0,0,438
1177,44296121,0,0,0,0,0,426
1178,44306121,0,0,0,0,0,422
1179,44316121,0,0,0,0,0,420
1180,44326121,0,0,0,0,0,415
1181,44336120,0,0,0,0,0,402
1182,44346121,0,0,0,5,0,382
1183,44356121,0,0,0,3,0,364
1184,44366121,0,0,0,6,0,331
1185,44376121,0,0,0,3,0,267
1186,44386120,0,37,0,0,0,170
1187,44396121,2,131,0,0,0,59
1188,44406121,55,253,0,0,0,0
1189,44416121,205,478,0,5,0,0
1190,44426121,453,677,0,0,0,0
1191,44436120,662,862,0,0,0,0
1192,44446121,787,961,0,0,0,0
1193,44456121,841,1008,0,0,0,0
1194,44466121,883,1054,0,4,0,0
1195,44476121,942,1104,0,0,0,0
1196,44486120,1003,1162,0,0,0,0
1197,44496121,1060,1210,0,1,0,0
1198,44506121,1108,1248,3,4,0,0
1199,44516121,1161,1277,15,17,0,0
1200,44526121,1188,1307,39,40,0,0
1201,44536120,1217,1339,103,122,0,0
1202,44546121,1241,1374,153,200,0,0
1203,44556121,1267,1401,225,245,0,0
1204,44566121,1289,1424,297,323,0,23
1205,44576121,1307,1446,351,385,0,71
1206,44586120,1334,1462,399,439,0,110
1207,44596121,1351,1483,448,487,0,168
1208,44606121,1369,1499,498,531,0,216
1209,44616121,1379,1511,538,516,0,214
1210,44626121,1396,1527,571,619,0,282
1211,44636120,1410,1543,601,654,0,310
1212,44646121,1425,1556,634,685,0,335
1213,44656121,1438,1563,665,713,0,360
1214,44666121,1452,1571,692,738,0,394
1215,44676121,1459,1577,727,761,0,416
1216,44686120,1372,1559,680,777,0,446
1217,44696121,1475,1582,786,805,6,472
1218,44706121,1472,1583,810,833,23,496
1219,44716121,1469,1584,838,856,38,526
1220,44726121,1466,1578,852,879,52,551
1221,44736120,1464,1578,0,889,67,570
1222,44746121,1462,1576,0,908,72,592
1223,44756121,1458,1571,0,923,85,616
1224,44766121,1441,1557,0,943,94,650
1225,44776121,1419,1530,0,976,119,0
1226,44786120,1379,1497,0,1010,141,451
1227,44796121,1331,1452,0,1048,177,761
1228,44806121,1272,1398,0,1089,213,819
1229,44816120,1117,1308,0,1060,237,858
1230,44826121,1158,1292,0,1146,298,900
1231,44836120,1103,1236,0,1171,343,934
1232,44846121,1050,1195,0,1193,381,970
1233,44856121,996,1146,0,1205,428,998
1234,44866121,944,1097,0,1223,467,1033
1235,44876121,891,1065,0,1235,509,1058
1236,44886120,854,1015,0,1246,567,1079
1237,44896121,808,983,0,1258,612,1108
1238,44906121,758,939,0,1267,638,1127
1239,44916121,698,907,0,1281,677,1150
1240,44926121,647,880,0,1287,700,1170
1241,44936120,604,862,545,1290,734,1188
1242,44946121,576,839,0,1196,732,1133
1243,44956121,553,825,0,1306,789,1212
1244,44966121,515,800,1105,1315,813,0
1245,44976121,476,777,1151,1324,840,0
1246,44986120,434,744,1155,1329,869,0
1247,44996121,398,715,1160,1334,893,0
1248,45006121,365,685,1154,1335,869,0
1249,45016121,335,659,1161,1342,937,0
1250,45026121,307,625,1164,1346,962,0
1251,45036120,280,584,1161,1352,981,0
1252,45046121,264,568,1159,1352,992,0
1253,45056121,258,551,1160,1354,1003,0
1254,45066121,263,547,1160,1354,1011,0
1255,45076121,239,514,1163,1354,1019,0
1256,45086120,274,553,1159,1354,1027,0
1257,45096121,272,542,1156,1354,1029,0
1258,45106121,275,535,1155,1353,1038,0
1259,45116121,265,531,1155,1351,1042,0
1260,45126121,251,517,1157,1350,1043,0
1261,45136120,235,492,1156,1247,1012,0
1262,45146121,221,472,1156,1350,1048,0
1263,45156121,200,446,1145,1349,1054,0
1264,45166121,171,411,1150,1350,1065,0
1265,45176121,142,368,1149,1349,1078,0
1266,45186120,108,339,1144,1350,1091,0
1267,45196121,87,306,1137,1348,1099,0
1268,45206121,44,274,1137,1351,1110,0
1269,45216121,11,234,1125,1351,1128,1214
1270,45226121,0,178,1119,1349,1143,1312
1271,45236120,0,107,1107,1348,1169,1314
1272,45246121,0,58,1085,1347,1185,1318
1273,45256121,0,0,1066,1340,1195,1322
1274,45266120,0,0,990,1242,1176,1221
1275,45276121,0,0,998,1329,1194,1320
1276,45286120,0,0,932,1312,1182,1309
1277,45296121,0,0,832,1288,1169,1293
1278,45306121,0,0,696,1250,1157,1297
1279,45316121,0,0,599,1175,1134,0
1280,45326120,0,0,438,983,1070,0
1281,45336120,0,0,359,951,1001,1352
1282,45346121,0,0,269,824,845,1373
1283,45356121,0,0,198,721,665,1385
1284,45366121,0,0,129,583,393,1361
1285,45376121,0,0,84,472,200,1301
1286,45386120,0,0,50,376,112,1206
1287,45396121,0,0,28,317,22,1125
1288,45406121,0,0,29,282,0,989
1289,45416121,0,0,23,227,0,785
1290,45426121,0,0,22,0,0,485
1291,45436120,0,0,21,0,0,216
1292,45446121,0,0,12,0,0,116
1293,45456120,0,0,9,54,0,165
1294,45466121,0,0,27,80,0,205
1295,45476121,0,0,31,80,0,203
1296,45486120,0,0,29,48,0,176
1297,45496121,0,0,30,97,0,152
1298,45506121,0,0,27,98,0,145
1299,45516121,0,0,24,92,0,144
1300,45526120,0,0,17,93,1,152
1301,45536120,0,2,8,69,0,156
1302,45546121,0,0,3,60,0,173
1303,45556121,0,0,0,55,0,187
1304,45566121,0,0,4,55,0,210
1305,45576121,0,0,0,48,0,223
1306,45586120,0,0,0,21,0,200
1307,45596121,0,0,0,41,0,263
1308,45606121,0,0,0,40,0,282
1309,45616121,0,0,0,42,0,291
1310,45626121,0,0,0,30,0,307
1311,45636120,0,0,0,33,0,324
1312,45646121,0,0,0,32,0,339
1313,45656120,0,0,0,13,0,326
1314,45666121,3,0,0,22,0,367
1315,45676121,0,0,0,17,0,395
1316,45686120,0,0,0,21,0,407
1317,45696121,0,0,0,19,0,422
1318,45706121,0,0,0,18,0,423
1319,45716120,0,0,0,6,0,384
1320,45726121,0,0,0,17,0,410
1321,45736120,0,0,0,20,0,404
1322,45746121,0,0,0,17,0,399
1323,45756121,0,0,0,15,0,379
1324,45766121,0,0,0,8,0,360
1325,45776121,0,0,0,6,0,338
1326,45786120,0,0,0,3,0,313
1327,45796121,0,0,0,3,0,312
1328,45806121,0,0,0,3,0,310
1329,45816121,0,0,0,3,0,303
1330,45826121,0,0,0,5,0,296
1331,45836120,0,0,0,4,0,280
1332,45846121,0,0,0,5,0,252
1333,45856121,0,0,0,8,0,236
1334,45866121,0,0,0,7,0,219
1335,45876121,0,0,0,9,0,155
1336,45886120,0,0,0,9,0,136
1337,45896121,0,0,0,6,0,81
1338,45906121,0,37,0,1,0,18
1339,45916121,0,99,0,0,0,0
1340,45926121,8,196,0,2,0,0
1341,45936120,62,259,0,0,0,0
1342,45946121,122,401,0,0,0,0
1343,45956121,282,553,0,0,0,0
1344,45966121,486,717,0,0,0,0
1345,45976121,656,855,0,2,0,0
1346,45986120,791,958,0,0,0,0
1347,45996121,923,1059,0,0,0,0
1348,46006121,1046,1157,0,0,0,0
1349,46016121,1122,1229,0,20,0,0
1350,46026121,1172,1262,47,87,0,0
1351,46036120,1186,1271,94,138,0,0
1352,46046121,1116,1226,137,194,0,0
1353,46056121,1176,1274,187,249,0,57
1354,46066121,1171,1275,247,293,0,146
1355,46076121,1173,1282,313,369,0,235
1356,46086120,1174,1283,356,442,0,328
1357,46096121,1177,1293,419,493,0,413
1358,46106120,1183,1230,452,499,2,455
1359,46116121,1192,1293,520,623,34,598
1360,46126121,1202,1297,576,661,72,693
1361,46136120,1210,1306,613,698,85,764
1362,46146121,1225,1305,646,731,117,829
1363,46156121,1238,1308,669,746,147,884
1364,46166121,1249,1322,690,760,173,929
1365,46176120,1267,1339,705,782,202,960
1366,46186120,1287,1362,719,772,223,983
1367,46196121,1307,1376,725,787,248,1000
1368,46206121,1319,1388,710,790,273,1023
1369,46216121,1335,1401,0,798,288,1046
1370,46226121,1349,1415,0,800,303,1051
1371,46236120,1359,1422,0,810,309,1055
1372,46246121,1365,1429,0,807,328,1058
1373,46256121,1375,1435,0,806,330,1059
1374,46266121,1383,1445,0,801,341,1049
1375,46276121,1395,1450,0,796,332,1034
1376,46286120,1407,1460,0,781,320,1013
1377,46296121,1428,1467,0,762,297,994
1378,46306121,1430,1477,681,674,271,910
1379,46316121,1445,1484,668,721,279,939
1380,46326121,1454,1495,652,692,267,910
1381,46336120,1464,1504,645,675,262,886
1382,46346121,1465,1505,647,678,266,885
1383,46356121,1466,1504,653,686,282,887
1384,46366121,1460,1492,662,698,296,896
1385,46376121,1455,1496,669,706,308,905
1386,46386120,1451,1492,673,712,315,909
1387,46396121,1450,1493,679,723,327,910
1388,46406121,1448,1488,682,727,344,911
1389,46416121,1446,1488,684,737,351,911
1390,46426121,1445,1485,688,741,360,912
1391,46436120,1440,1482,693,748,369,909
1392,46446121,1437,1477,695,754,385,910
1393,46456121,1436,1471,698,761,390,905
1394,46466121,1434,1467,702,762,409,895
1395,46476121,1432,1465,703,766,427,870
1396,46486120,1431,1465,698,765,443,866
1397,46496121,1430,1462,695,766,457,851
1398,46506121,1429,1462,694,770,466,846
1399,46516121,1425,1457,695,773,470,827
1400,46526121,1418,1447,700,780,484,838
1401,46536120,1407,1437,700,786,502,839
1402,46546121,1398,1428,706,792,526,856
1403,46556121,1385,1415,715,796,542,873
1404,46566121,1302,1312,706,734,549,903
1405,46576121,1356,1380,728,825,568,918
1406,46586120,1336,1357,738,841,591,941
1407,46596121,1313,1326,748,857,614,968
1408,46606121,1292,1301,765,879,620,996
1409,46616121,1258,1276,780,897,632,0
1410,46626121,1215,1239,796,840,614,0
1411,46636120,1167,1178,818,940,647,0
1412,46646121,1085,1110,846,966,654,0
1413,46656121,989,1038,852,984,665,0
1414,46666121,872,921,861,1002,679,0
1415,46676121,741,795,816,1023,692,0
1416,46686120,617,658,796,1039,730,0
1417,46696121,433,461,824,1049,753,0
1418,46706121,229,343,813,1056,777,0
1419,46716121,50,168,756,1060,800,0
1420,46726121,0,52,662,1059,813,0
1421,46736120,0,0,573,1055,807,0
1422,46746121,0,0,504,1022,798,0
1423,46756121,0,0,422,978,772,1162
1424,46766121,0,0,351,891,661,1214
1425,46776121,0,0,270,761,537,1228
1426,46786120,0,0,238,671,367,1234
1427,46796121,0,0,217,597,159,0
1428,46806121,0,0,173,485,24,1133
1429,46816121,0,0,130,408,0,1017
1430,46826121,0,0,100,0,0,887
1431,46836120,0,0,81,254,0,747
1432,46846121,0,0,68,177,0,507
1433,46856121,0,0,73,203,0,213
1434,46866121,0,0,57,155,0,25
1435,46876121,0,0,41,123,0,12
1436,46886120,0,0,40,121,0,65
1437,46896121,0,0,38,117,0,91
1438,46906121,0,0,29,110,0,84
1439,46916121,0,0,26,105,0,77
1440,46926121,0,0,27,110,0,82
1441,46936120,0,0,26,112,0,84
1442,46946121,0,0,30,117,0,69
1443,46956121,0,0,22,121,0,57
1444,46966121,0,0,27,115,0,56
1445,46976121,0,0,29,119,0,52
1446,46986120,0,0,27,119,0,44
1447,46996121,0,0,23,126,0,45
1448,47006121,0,0,23,120,0,49
1449,47016121,0,0,16,113,0,49
1450,47026121,0,0,11,108,0,52
1451,47036120,0,0,16,102,0,53
1452,47046121,0,0,0,96,0,59
1453,47056121,0,0,0,90,0,59
1454,47066121,0,0,0,78,0,68
1455,47076121,0,0,0,64,0,56
1456,47086120,0,0,0,30,0,25
1457,47096121,0,0,0,56,0,52
1458,47106121,0,0,0,52,0,52
1459,47116121,0,0,0,46,0,47
1460,47126121,0,0,0,42,0,41
1461,47136120,0,0,0,42,0,23
1462,47146121,0,0,0,43,0,8
1463,47156121,0,0,0,43,0,0
1464,47166121,0,0,0,46,0,0
1465,47176121,0,0,0,46,0,3
1466,47186120,0,0,0,49,0,6
1467,47196121,0,0,0,45,0,8
1468,47206121,0,0,0,37,0,7
1469,47216121,0,0,0,30,0,3
1470,47226121,0,0,0,37,0,10
1471,47236120,0,0,0,30,0,8
1472,47246121,0,0,0,32,0,9
1473,47256121,0,0,0,27,0,0
1474,47266121,0,0,0,18,0,0
1475,47276121,0,0,0,13,0,0
1476,47286120,0,0,0,9,0,0
1477,47296121,0,10,0,2,0,0
1478,47306121,0,50,0,0,0,0
1479,47316121,0,125,0,0,0,0
1480,47326121,0,218,0,0,0,0
1481,47336120,64,359,0,0,0,0
1482,47346121,213,551,0,0,0,0
1483,47356121,507,816,0,0,0,0
1484,47366121,811,1008,0,0,0,0
1485,47376121,997,1143,0,0,0,0
1486,47386120,1082,1195,35,54,0,0
1487,47396121,1114,1207,59,75,0,0
1488,47406120,1007,1183,81,110,0,15
1489,47416121,1094,1202,135,184,0,126
1490,47426121,1092,1197,200,236,0,232
1491,47436120,1092,1196,247,293,0,316
1492,47446121,1113,1203,288,333,0,392
1493,47456121,1132,1221,314,363,0,449
1494,47466121,1147,1234,340,402,4,526
1495,47476121,1163,1240,376,432,30,586
1496,47486120,1175,1248,419,483,60,651
1497,47496121,1180,1255,460,553,104,715
1498,47506121,1188,1259,494,606,135,764
1499,47516121,1193,1262,547,649,180,806
1500,47526121,1198,1272,0,691,208,840
1501,47536120,1145,1237,0,727,229,870
1502,47546121,1211,1291,0,750,249,890
1503,47556121,1224,1298,0,776,282,907
1504,47566121,1229,1307,0,817,308,0
1505,47576121,1235,1315,0,845,337,0
1506,47586120,1236,1319,0,865,368,0
1507,47596121,1247,1313,0,886,399,0
1508,47606121,1237,1322,0,909,419,0
1509,47616121,1236,1323,0,922,434,0
1510,47626121,1231,1321,768,940,459,0
1511,47636120,1226,1318,855,958,473,0
1512,47646121,1222,1314,871,974,478,1000
1513,47656121,1211,1309,886,987,488,1004
1514,47666121,1198,1304,899,1000,463,974
1515,47676121,1178,1286,919,1018,505,1014
1516,47686120,1161,1271,931,1038,525,1017
1517,47696121,1141,1255,947,1059,530,1019
1518,47706121,1122,1241,953,1069,541,1025
1519,47716121,1104,1234,966,1079,548,1031
1520,47726121,1087,1222,973,1091,550,1031
1521,47736121,1074,1211,984,1100,558,1036
1522,47746121,1058,1201,987,1108,559,1040
1523,47756121,1045,1191,994,1114,571,1045
1524,47766121,1030,1180,1001,1120,582,1048
1525,47776121,1018,1172,1001,1128,593,1053
1526,47786120,1008,1170,1004,1134,601,1056
1527,47796121,997,1159,1010,1145,605,1063
1528,47806121,999,1150,1017,1146,614,1070
1529,47816121,994,1146,1017,1152,618,1076
1530,47826121,989,1143,1020,1158,623,1084
1531,47836120,984,1139,1025,1162,626,1089
1532,47846121,981,1133,1029,1167,633,1099
1533,47856121,978,1129,1035,1172,649,1110
1534,47866121,971,1128,1037,1173,661,1113
1535,47876121,965,1116,1035,1177,668,0
1536,47886120,952,1112,1042,1178,681,0
1537,47896121,941,1102,1041,1179,689,0
1538,47906121,931,1093,1042,1180,696,0
1539,47916121,921,1084,1039,1180,713,0
1540,47926121,916,1077,1034,1179,724,0
1541,47936120,908,1075,1034,1179,743,0
1542,47946121,906,1062,1030,1177,752,0
1543,47956121,901,1063,1028,1175,762,0
1544,47966121,887,1048,1022,1174,778,0
1545,47976121,868,1017,1016,1175,798,0
1546,47986120,786,960,1021,1179,818,0
1547,47996121,797,975,1015,1181,839,0
1548,48006121,749,946,1023,1189,874,0
1549,48016121,693,909,1037,1195,890,0
1550,48026121,638,876,1036,1201,926,0
1551,48036120,584,842,1038,1209,949,0
1552,48046120,534,757,990,1154,911,0
1553,48056121,458,745,1040,1225,1010,0
1554,48066121,385,695,1041,1229,1043,0
1555,48076121,318,604,1042,1239,1075,0
1556,48086120,218,502,1044,1245,1098,0
1557,48096121,117,403,1043,1256,1127,0
1558,48106121,25,315,1042,1268,1155,0
1559,48116121,0,212,1035,1275,1186,0
1560,48126121,0,124,1031,1286,1207,0
1561,48136120,0,40,1014,1295,1231,1436
1562,48146121,0,0,979,1300,1240,1480
1563,48156121,0,0,923,1302,1241,1490
1564,48166121,0,0,830,1292,1221,1501
1565,48176121,0,0,721,1181,1193,1511
1566,48186120,0,0,669,1257,1176,0
1567,48196121,0,0,573,1214,1123,0
1568,48206121,0,0,467,1134,1054,0
1569,48216121,0,0,386,1044,915,0
1570,48226121,0,0,304,956,746,1621
1571,48236120,0,0,263,882,532,1626
1572,48246121,0,0,184,725,288,1604
1573,48256121,0,0,171,731,123,1550
1574,48266121,0,0,140,664,32,1470
1575,48276121,0,0,111,605,0,1367
1576,48286120,0,0,109,0,0,1242
1577,48296121,0,0,111,0,0,1161
1578,48306120,0,0,91,98,0,992
1579,48316121,0,0,103,44,0,829
1580,48326121,0,0,96,0,0,621
1581,48336120,0,0,79,232,0,331
1582,48346121,0,0,47,158,0,180
1583,48356121,0,0,33,139,0,237
1584,48366121,0,0,22,117,0,284
1585,48376121,0,0,8,100,0,278
1586,48386120,0,0,0,79,0,227
1587,48396121,0,0,0,77,0,188
1588,48406121,0,0,0,77,0,173
1589,48416121,0,0,0,81,0,170
1590,48426121,0,0,4,92,0,169
1591,48436120,0,0,8,100,0,168
1592,48446121,0,0,13,108,0,167
1593,48456121,0,0,18,114,0,170
1594,48466121,0,0,23,116,0,170
1595,48476121,0,0,25,115,0,182
1596,48486120,0,0,32,112,0,186
1597,48496121,0,0,31,112,0,190
1598,48506121,0,0,30,116,0,192
1599,48516121,0,0,30,117,0,200
1600,48526121,0,0,29,112,0,200
1601,48536120,0,0,29,106,0,209
1602,48546121,0,0,26,101,0,223
1603,48556121,0,0,25,95,0,235
1604,48566121,0,0,22,92,0,245
1605,48576121,0,0,18,90,0,233
1606,48586120,0,0,19,99,0,248
1607,48596121,0,0,22,104,0,251
1608,48606121,0,0,19,114,0,249
1609,48616121,0,0,18,108,0,244
1610,48626121,0,0,14,109,0,242
1611,48636120,0,0,13,106,0,233
1612,48646121,0,0,8,96,0,225
1613,48656121,0,0,5,88,0,200
1614,48666121,0,0,6,78,0,181
1615,48676121,0,0,0,72,0,162
1616,48686120,0,0,0,60,0,141
1617,48696121,0,0,0,53,0,115
1618,48706120,0,0,0,52,0,73
1619,48716121,0,14,2,58,0,5
1620,48726121,0,85,0,40,0,0
1621,48736120,26,190,0,24,0,0
1622,48746121,92,352,0,7,0,0
1623,48756121,231,516,1,0,0,0
1624,48766120,424,724,8,0,0,0
1625,48776121,619,885,12,0,0,0
1626,48786120,762,1008,6,0,0,0
1627,48796121,891,1099,0,0,0,0
1628,48806121,982,1163,0,0,0,0
1629,48816121,1043,1205,0,0,0,0
1630,48826121,1080,1228,0,0,0,0
1631,48836120,1099,1239,0,0,0,0
1632,48846121,1112,1240,28,18,0,0
1633,48856121,1116,1240,59,57,0,0
1634,48866121,1117,1238,100,92,0,0
1635,48876121,1124,1238,115,126,0,0
1636,48886120,1132,1238,148,160,0,29
1637,48896121,1139,1237,182,155,0,66
1638,48906121,1153,1245,206,226,0,171
1639,48916121,1166,1248,232,249,0,233
1640,48926121,1174,1257,267,281,0,302
1641,48936120,1181,1259,288,302,0,362
1642,48946121,1185,1258,305,331,0,418
1643,48956121,1191,1258,329,361,0,460
1644,48966121,1194,1263,347,389,8,540
1645,48976121,1201,1267,384,419,17,583
1646,48986120,1209,1274,405,449,39,615
1647,48996121,1224,1287,424,475,64,656
1648,49006121,1238,1304,437,490,75,679
1649,49016121,1252,1326,464,505,91,713
1650,49026120,1166,1316,433,479,93,679
1651,49036120,1277,1344,494,549,135,753
1652,49046121,1292,1355,526,572,148,777
1653,49056121,1306,1368,551,593,169,802
1654,49066121,1316,1380,574,618,183,825
1655,49076121,1327,1388,597,642,201,855
1656,49086120,1330,1396,612,596,206,811
1657,49096121,1335,1404,0,679,233,883
1658,49106121,1349,1414,0,697,238,891
1659,49116121,1355,1418,0,709,247,908
1660,49126121,1358,1423,0,724,259,909
1661,49136120,1359,1427,0,740,275,918
1662,49146121,1361,1433,0,760,285,922
1663,49156121,1359,1427,0,779,296,932
1664,49166121,1355,1424,0,791,312,934
1665,49176121,1353,1422,0,803,315,937
1666,49186120,1350,1418,0,812,320,939
1667,49196121,1345,1414,0,822,330,0
1668,49206121,1340,1411,0,831,336,0
1669,49216121,1335,1405,0,842,338,0
1670,49226121,1326,1402,0,852,341,0
1671,49236120,1321,1396,0,856,343,0
1672,49246121,1313,1394,0,860,342,0
1673,49256121,1306,1382,0,870,342,0
1674,49266121,1300,1373,0,872,343,0
1675,49276121,1292,1369,0,879,343,0
1676,49286120,1285,1361,0,886,357,0
1677,49296121,1279,1354,0,895,354,0
1678,49306121,1277,1351,0,898,359,0
1679,49316121,1273,1347,0,906,360,0
1680,49326121,1271,1344,0,912,365,0
1681,49336120,1269,1343,0,916,370,0
1682,49346121,1270,1337,0,921,373,0
1683,49356121,1265,1334,0,930,378,0
1684,49366121,1261,1334,0,939,383,2
1685,49376121,1255,1324,0,947,393,0
1686,49386120,1242,1317,754,955,413,0
1687,49396121,1235,1302,853,970,425,0
1688,49406121,1216,1287,823,896,432,0
1689,49416121,1205,1271,928,992,465,0
1690,49426121,1193,1258,941,1004,477,0
1691,49436120,1175,1243,955,1019,493,0
1692,49446121,1171,1226,971,1035,505,0
1693,49456121,1157,1205,979,1046,534,0
1694,49466121,1132,1187,987,1059,554,0
1695,49476121,1106,1166,999,1073,572,0
1696,49486120,1077,1131,1007,1087,598,0
1697,49496121,1043,1098,1017,1101,616,1
1698,49506121,986,1060,1025,1117,651,0
1699,49516121,942,1010,1035,1127,678,0
1700,49526121,880,971,1045,1142,719,0
1701,49536121,819,906,1057,1160,753,0
1702,49546121,743,859,1065,1177,788,0
1703,49556121,652,812,1071,1188,816,0
1704,49566121,571,751,1075,1200,845,0
1705,49576121,477,692,1081,1212,877,0
1706,49586120,378,609,1086,1225,918,0
1707,49596120,270,501,1092,1237,954,0
1708,49606121,153,414,1095,1248,989,0
1709,49616121,57,305,1095,1259,1024,0
1710,49626121,0,206,1094,1271,1050,0
1711,49636120,0,99,1089,1287,1074,0
1712,49646121,0,13,1078,1296,1087,0
1713,49656121,0,0,1032,1248,1005,0
1714,49666121,0,0,1044,1308,1094,0
1715,49676121,0,0,1009,1312,1076,0
1716,49686120,0,0,961,1316,1049,0
1717,49696121,0,0,877,1311,1024,0
1718,49706121,0,0,809,1304,1000,0
1719,49716121,0,0,737,1283,927,0
1720,49726121,0,0,671,1252,819,0
1721,49736120,0,0,631,1198,683,1471
1722,49746121,0,0,583,1135,545,1490
1723,49756121,0,0,498,1065,385,1495
1724,49766121,0,0,472,989,201,1480
1725,49776121,0,0,451,942,61,1434
1726,49786120,0,0,422,884,0,0
1727,49796121,0,0,368,814,0,1277
1728,49806121,0,0,308,726,0,1174
1729,49816121,0,0,253,0,0,1098
1730,49826121,0,0,224,576,0,986
1731,49836120,0,0,222,494,0,824
1732,49846121,0,0,202,422,0,660
1733,49856121,0,0,181,351,0,452
1734,49866121,0,0,160,255,0,183
1735,49876121,0,0,108,181,0,179
1736,49886120,0,0,81,153,0,221
1737,49896121,0,0,61,127,0,260
1738,49906121,0,0,55,0,0,270
1739,49916121,0,0,41,0,0,238
1740,49926121,0,0,27,0,0,214
1741,49936120,0,0,24,32,0,208
1742,49946121,0,0,25,0,0,208
1743,49956121,0,0,28,84,0,206
1744,49966121,0,0,37,83,0,199
1745,49976121,0,0,42,88,0,203
1746,49986120,0,0,52,115,0,204
1747,49996121,0,0,56,82,0,214
1748,50006121,0,0,66,130,0,221
1749,50016121,0,0,68,126,0,237
1750,50026121,0,0,60,122,0,265
1751,50036120,0,0,59,118,0,294
1752,50046121,0,0,55,112,0,311
1753,50056121,0,0,60,106,0,339
1754,50066121,0,0,46,101,0,360
1755,50076121,0,0,43,108,0,388
1756,50086120,0,0,35,98,0,399
1757,50096121,0,0,26,77,0,408
1758,50106121,0,0,24,75,0,428
1759,50116121,0,0,23,79,0,440
1760,50126121,0,0,23,90,0,454
1761,50136120,0,0,21,90,0,456
1762,50146121,0,0,18,89,0,443
1763,50156121,0,0,15,85,0,440
1764,50166121,0,0,16,83,0,456
1765,50176121,0,0,15,84,0,460
1766,50186120,0,0,12,73,0,450
1767,50196121,0,0,9,67,0,430
1768,50206121,0,0,6,68,0,407
1769,50216121,0,0,3,63,0,383
1770,50226121,0,0,1,62,0,360
1771,50236120,0,0,0,56,0,324
1772,50246121,0,0,0,62,0,271
1773,50256120,0,0,0,37,0,217
1774,50266121,0,0,0,54,0,158
1775,50276121,0,21,5,53,0,25
1776,50286120,0,97,4,25,0,0
1777,50296121,91,281,7,2,0,0
1778,50306121,308,549,2,0,0,0
1779,50316121,620,813,5,0,0,0
1780,50326120,887,1017,1,0,0,0
1781,50336120,1032,1141,0,0,0,0
1782,50346121,1115,1204,0,0,0,0
1783,50356121,1177,1259,0,0,0,0
1784,50366121,1224,1308,0,0,0,0
1785,50376121,1261,1352,4,0,0,0
1786,50386120,1288,1371,10,0,0,0
1787,50396121,1305,1387,27,1,0,0
1788,50406121,1322,1409,70,36,0,0
1789,50416121,1334,1427,105,83,0,0
1790,50426121,1345,1444,169,148,0,0
1791,50436120,1361,1460,208,209,0,0
1792,50446121,1379,1474,286,282,0,0
1793,50456121,1381,1488,346,342,0,0
1794,50466121,1389,1497,409,389,0,29
1795,50476121,1398,1504,455,447,0,89
1796,50486120,1403,1513,499,515,0,129
1797,50496121,1408,1514,538,561,0,181
1798,50506121,1413,1519,575,599,0,204
1799,50516121,1415,1520,605,632,0,228
1800,50526121,1416,1525,629,664,0,270
1801,50536120,1419,1528,645,692,1,282
1802,50546121,1422,1532,677,719,0,296
1803,50556121,1427,1538,689,741,1,310
1804,50566121,1430,1543,657,759,3,329
1805,50576121,1437,1550,716,773,9,343
1806,50586121,1446,1554,747,793,15,358
1807,50596121,1448,1556,756,805,21,367
1808,50606121,1452,1558,775,826,23,391
1809,50616121,1453,1559,791,841,31,408
1810,50626121,1453,1558,793,854,34,426
1811,50636120,1455,1556,799,865,32,442
1812,50646121,1455,1557,809,875,36,460
1813,50656121,1452,1553,770,882,39,470
1814,50666121,1450,1552,0,889,44,475
1815,50676121,1448,1546,0,893,41,488
1816,50686120,1444,1537,0,907,47,493
1817,50696121,1438,1525,0,915,53,498
1818,50706121,1433,1518,0,921,62,502
1819,50716121,1424,1512,0,934,71,508
1820,50726121,1416,1503,0,940,69,521
1821,50736120,1400,1493,0,952,79,536
1822,50746121,1392,1484,0,964,86,541
1823,50756121,1384,1473,0,972,90,552
1824,50766121,1372,1463,0,988,95,556
1825,50776121,1271,1427,0,996,104,570
1826,50786120,1352,1444,0,1014,109,589
1827,50796121,1337,1430,0,1031,123,604
1828,50806121,1325,1417,0,1042,134,617
1829,50816121,1313,1403,0,1053,136,632
1830,50826121,1305,1394,0,1069,151,653
1831,50836120,1302,1392,0,1081,133,641
1832,50846121,1287,1372,0,1097,167,691
1833,50856121,1273,1361,0,1111,181,709
1834,50866121,1264,1350,0,1124,191,724
1835,50876121,1254,1331,0,1132,206,733
1836,50886120,1241,1318,0,1142,214,745
1837,50896121,1231,1302,0,1157,230,763
1838,50906121,1211,1285,0,1166,221,756
1839,50916121,1196,1261,0,1177,268,812
1840,50926121,1177,1241,0,1186,299,836
1841,50936120,1153,1223,0,1194,332,851
1842,50946121,1132,1213,0,1201,355,872
1843,50956121,1114,1182,0,1205,373,893
1844,50966121,1086,1163,0,1209,398,919
1845,50976121,1062,1131,0,1124,405,893
1846,50986120,1023,1106,0,1229,455,974
1847,50996121,972,1067,0,1237,490,1015
1848,51006121,922,1034,0,1249,535,1048
1849,51016121,871,996,0,1258,583,1071
1850,51026121,815,945,0,1269,608,1099
1851,51036120,735,894,0,1274,639,534
1852,51046121,637,839,0,1289,697,0
1853,51056121,543,771,0,1301,752,0
1854,51066121,429,686,0,1313,807,0
1855,51076121,332,585,1138,1319,850,0
1856,51086120,189,494,1142,1329,896,0
1857,51096121,68,392,1151,1338,942,0
1858,51106121,0,252,1148,1351,988,0
1859,51116121,0,151,1150,1364,1031,0
1860,51126121,0,24,1147,1378,1074,1300
1861,51136120,0,0,1144,1390,1113,1389
1862,51146121,0,0,1126,1398,1139,1418
1863,51156121,0,0,1096,1410,1159,1442
1864,51166121,0,0,1016,1414,1157,1460
1865,51176120,0,0,943,1412,1135,1483
1866,51186120,0,0,866,1403,1080,0
1867,51196121,0,0,831,1371,952,0
1868,51206121,0,0,767,1315,815,0
1869,51216121,0,0,671,1246,644,1565
1870,51226121,0,0,590,1144,462,1580
1871,51236120,0,0,530,1068,246,1570
1872,51246121,0,0,482,998,82,1528
1873,51256121,0,0,427,923,0,1451
1874,51266121,0,0,351,855,0,0
1875,51276121,0,0,283,768,0,1254
1876,51286120,0,0,239,652,0,1131
1877,51296121,0,0,211,530,0,973
1878,51306121,0,0,171,0,0,786
1879,51316121,0,0,161,359,0,571
1880,51326121,0,0,161,280,0,266
1881,51336120,0,0,112,173,0,92
1882,51346121,0,10,90,149,0,135
1883,51356121,0,0,71,125,0,186
1884,51366121,0,0,50,113,0,215
1885,51376121,0,0,32,88,0,219
1886,51386120,0,0,13,70,0,200
1887,51396121,3,0,3,41,0,168
1888,51406121,0,0,0,0,0,143
1889,51416121,0,0,0,35,0,123
1890,51426121,0,0,0,0,0,108
1891,51436120,0,0,0,0,0,105
1892,51446121,0,0,0,0,0,102
1893,51456121,0,0,0,0,0,102
1894,51466121,0,0,2,0,0,107
1895,51476121,0,0,1,0,0,121
1896,51486120,0,0,2,0,0,139
1897,51496120,0,0,1,0,0,169
1898,51506121,0,0,5,0,0,206
1899,51516121,0,0,4,0,0,259
1900,51526121,0,0,7,0,0,294
1901,51536120,0,0,7,40,0,313
1902,51546121,0,0,6,45,0,345
1903,51556121,0,0,5,40,0,369
1904,51566121,0,0,0,37,0,405
1905,51576121,0,0,0,24,0,428
1906,51586120,0,0,0,13,0,441
1907,51596121,0,0,0,5,0,453
1908,51606121,0,0,0,1,0,441
1909,51616121,0,0,0,0,0,414
1910,51626121,0,0,0,0,0,387
1911,51636120,0,0,0,0,0,370
1912,51646121,0,0,0,0,0,363
1913,51656121,0,0,0,0,0,357
1914,51666121,0,0,0,1,0,340
1915,51676121,0,0,0,1,0,316
1916,51686120,0,0,0,5,0,299
1917,51696121,0,0,0,8,0,278
1918,51706121,0,0,0,0,0,255
1919,51716121,0,0,0,0,0,234
1920,51726121,0,0,0,0,0,205
1921,51736120,0,0,0,0,0,187
1922,51746121,0,0,0,0,0,157
1923,51756121,0,0,0,0,0,133
1924,51766121,0,0,0,0,0,105
1925,51776121,0,0,0,0,0,91
1926,51786120,0,0,0,0,0,26
1927,51796121,0,54,0,0,0,0
1928,51806121,53,158,0,0,0,0
1929,51816120,137,292,0,0,0,0
1930,51826121,427,553,0,3,0,0
1931,51836120,683,808,0,0,0,0
1932,51846121,855,978,0,0,0,0
1933,51856121,957,1077,0,0,0,0
1934,51866121,1027,1161,0,0,0,0
1935,51876120,1034,1213,0,0,0,0
1936,51886120,1226,1324,6,0,0,0
1937,51896121,1300,1397,26,11,0,0
1938,51906121,1341,1444,50,49,0,0
1939,51916121,1378,1488,84,100,0,0
1940,51926121,1402,1513,141,166,0,0
1941,51936120,1421,1529,224,234,0,0
1942,51946121,1428,1551,327,317,0,0
1943,51956121,1452,1562,405,394,0,0
1944,51966121,1474,1579,483,464,0,0
1945,51976121,1498,1594,549,531,0,0
1946,51986120,1518,1613,595,587,0,0
1947,51996121,1542,1626,637,632,0,0
1948,52006121,1486,1576,675,668,0,18
1949,52016121,1575,1644,701,698,0,31
1950,52026121,1587,1652,732,728,0,72
1951,52036120,1593,1655,751,748,0,110
1952,52046121,1598,1655,766,773,0,153
1953,52056121,1603,1654,786,789,0,166
1954,52066121,1500,1619,758,728,0,202
1955,52076121,1597,1650,812,821,0,226
1956,52086120,1588,1642,822,845,0,263
1957,52096121,1579,1635,843,866,0,297
1958,52106121,1566,1622,859,887,0,328
1959,52116121,1556,1607,873,910,0,356
1960,52126121,1526,1585,881,845,0,356
1961,52136120,1512,1567,903,939,0,422
1962,52146121,1490,1547,909,953,0,455
1963,52156121,1462,1518,922,970,0,473
1964,52166121,1434,1493,933,984,12,493
1965,52176121,1404,1462,945,1002,36,518
1966,52186120,1381,1431,956,1020,53,539
1967,52196121,1343,1398,969,1045,80,571
1968,52206121,1323,1365,979,1066,93,594
1969,52216121,1298,1320,987,1083,118,622
1970,52226121,1267,1276,1001,1106,143,655
1971,52236120,1243,1242,1010,1123,157,675
1972,52246121,1227,1214,1020,1137,168,698
1973,52256121,1208,1200,1032,1151,191,713
1974,52266121,1095,1175,1042,1166,217,729
1975,52276121,1177,1157,1049,1175,233,747
1976,52286120,1150,1130,1058,1185,271,768
1977,52296121,1120,1084,1065,1201,317,812
1978,52306121,1084,1053,1073,1209,359,837
1979,52316121,1060,1016,1082,1225,403,870
1980,52326121,1016,981,1086,1236,438,893
1981,52336120,980,932,1094,1244,467,931
1982,52346121,935,887,1100,1252,512,961
1983,52356121,887,844,1106,1260,568,995
1984,52366121,819,776,1113,1272,613,1038
1985,52376121,720,698,1121,1287,666,1078
1986,52386120,621,630,1128,1304,735,1117
1987,52396121,522,545,1135,1325,813,1157
1988,52406121,398,470,1141,1339,886,2
1989,52416121,261,382,1145,1354,947,0
1990,52426121,124,274,1150,1358,998,0
1991,52436120,27,160,1153,1378,1065,1303
1992,52446121,0,62,1154,1393,1126,1336
1993,52456120,0,0,1087,1340,1124,1380
1994,52466121,0,0,1146,1427,1212,1420
1995,52476121,0,0,1129,1439,1257,1462
1996,52486120,0,0,1103,1448,1291,1511
1997,52496121,0,0,1060,1454,1318,1559
1998,52506121,0,0,983,1451,1335,1594
1999,52516121,0,0,888,1342,1301,1545
2000,52526121,0,0,783,1421,1325,1657
2001,52536120,0,0,654,1364,1275,1691
2002,52546121,0,0,498,1274,1196,0
2003,52556121,0,0,376,1137,1055,1749
2004,52566121,0,0,265,1020,848,1771
2005,52576121,0,0,199,910,534,1774
2006,52586120,0,0,149,784,322,1754
2007,52596121,0,0,90,688,165,1695
2008,52606121,0,0,57,588,40,1605
2009,52616121,0,0,18,483,0,1469
2010,52626121,0,0,12,391,0,1301
2011,52636120,0,0,8,310,0,1094
2012,52646121,0,0,12,231,0,762
2013,52656121,0,0,24,162,0,348
2014,52666121,0,45,26,90,0,181
2015,52676121,0,101,19,59,1,229
2016,52686120,0,10,15,59,0,285
2017,52696121,0,4,15,62,0,317
2018,52706121,0,5,6,56,0,281
2019,52716121,0,7,0,42,0,233
2020,52726121,0,16,0,38,0,202
2021,52736120,0,19,0,39,0,176
2022,52746121,0,19,0,25,0,168
2023,52756121,0,10,0,24,0,166
2024,52766121,0,8,0,18,0,154
2025,52776121,0,7,0,21,0,154
2026,52786120,0,6,0,12,0,156
2027,52796121,0,4,0,10,0,172
2028,52806121,0,1,0,11,0,188
2029,52816121,0,0,0,12,0,195
2030,52826121,0,0,2,15,0,213
2031,52836120,0,0,0,20,0,245
2032,52846121,0,0,0,21,0,282
2033,52856121,0,0,0,21,0,324
2034,52866121,0,0,0,18,0,349
2035,52876121,0,0,0,28,0,371
2036,52886120,0,0,0,25,0,395
2037,52896121,0,0,1,27,0,415
2038,52906121,0,0,4,32,0,438
2039,52916121,0,0,6,36,0,453
2040,52926121,0,0,2,35,0,427
2041,52936120,0,0,0,21,0,393
2042,52946121,0,0,0,19,0,373
2043,52956121,0,0,0,20,0,375
2044,52966121,0,0,0,21,0,373
2045,52976121,0,0,0,20,0,369
2046,52986120,0,0,0,20,0,347
2047,52996121,0,0,0,24,0,332
2048,53006121,0,0,0,27,0,315
2049,53016121,0,0,1,31,0,299
2050,53026121,0,0,4,32,0,284
2051,53036120,0,0,11,37,0,264
2052,53046121,0,0,16,40,0,245
2053,53056121,0,0,22,43,0,213
2054,53066121,0,0,26,57,0,178
2055,53076121,0,0,39,66,0,120
2056,53086120,0,11,44,59,0,71
2057,53096121,0,57,46,46,0,14
2058,53106121,0,92,47,37,0,3
2059,53116121,18,145,49,35,0,0
2060,53126121,88,227,52,42,0,0
2061,53136120,208,361,54,31,0,0
2062,53146121,405,537,64,25,0,0
2063,53156121,643,749,63,4,0,0
2064,53166121,823,915,28,0,0,0
2065,53176121,969,1076,26,0,0,0
2066,53186120,1098,1182,41,4,0,0
2067,53196121,1206,1269,60,0,0,0
2068,53206121,1270,1327,82,4,0,0
2069,53216121,1321,1387,98,25,0,0
2070,53226121,1358,1427,123,58,0,0
2071,53236120,1383,1456,173,106,0,0
2072,53246121,1413,1481,252,189,0,0
2073,53256121,1435,1509,361,258,0,2
2074,53266121,1455,1527,437,355,0,0
2075,53276121,1480,1552,530,449,0,0
2076,53286120,1499,1571,618,487,0,0
2077,53296121,1522,1577,701,640,0,0
2078,53306121,1538,1593,761,719,0,0
2079,53316121,1549,1599,803,774,0,7
2080,53326121,1556,1605,829,814,0,37
2081,53336120,1561,1606,857,842,0,96
2082,53346121,1563,1606,875,868,0,140
2083,53356120,1565,1606,891,887,0,188
2084,53366121,1561,1599,904,907,0,228
2085,53376121,1555,1591,914,921,0,275
2086,53386120,1545,1579,925,938,0,314
2087,53396121,1526,1575,941,955,0,348
2088,53406121,1508,1553,951,974,0,371
2089,53416120,1382,1494,902,936,0,396
2090,53426121,1476,1517,971,1008,0,421
2091,53436120,1455,1505,975,1020,0,449
2092,53446121,1436,1492,984,1039,0,468
2093,53456121,1420,1477,995,1052,10,493
2094,53466121,1398,1456,1005,1070,25,542
2095,53476121,1371,1432,1015,1094,64,577
2096,53486120,1340,1406,1035,1111,89,623
2097,53496121,1315,1380,1049,1133,106,667
2098,53506121,1287,1351,1064,1156,132,708
2099,53516121,1253,1315,1077,1175,156,763
2100,53526121,1213,1275,1086,1192,191,805
2101,53536120,1184,1241,1100,1206,232,831
2102,53546121,1120,1135,1102,1222,266,874
2103,53556121,1114,1163,1115,1233,280,907
2104,53566121,1077,1119,1122,1242,334,943
2105,53576121,1040,1074,1127,1251,366,968
2106,53586120,1001,1037,1136,1260,405,990
2107,53596121,976,1003,1143,1268,439,1016
2108,53606120,868,944,1085,1208,444,1042
2109,53616121,921,949,1159,1277,520,1057
2110,53626121,895,921,1164,1287,554,1075
2111,53636120,871,900,1167,1292,585,1096
2112,53646121,840,873,1174,1298,614,1109
2113,53656121,805,848,1177,1303,648,1118
2114,53666121,766,813,1179,1307,678,1135
2115,53676121,719,773,1183,1312,696,1149
2116,53686120,667,728,1187,1317,724,1160
2117,53696121,610,696,1188,1321,759,1171
2118,53706121,548,649,1188,1323,801,1188
2119,53716121,472,596,1190,1327,821,1201
2120,53726121,406,568,1194,1333,848,1217
2121,53736120,323,464,1149,1247,862,0
2122,53746121,239,445,1197,1348,909,0
2123,53756121,157,398,1196,1356,933,0
2124,53766121,75,319,1196,1360,957,0
2125,53776121,10,234,1193,1363,981,0
2126,53786120,3,133,1181,1369,1014,0
2127,53796121,0,26,1163,1372,1046,0
2128,53806121,0,0,1131,1373,1066,0
2129,53816121,0,0,1085,1364,1078,0
2130,53826121,0,0,997,1343,1082,0
2131,53836120,0,0,872,1304,1055,0
2132,53846121,0,0,746,1243,1010,0
2133,53856121,0,0,604,1165,919,1343
2134,53866121,0,0,501,970,780,1298
2135,53876121,0,0,414,928,610,1364
2136,53886120,0,0,354,829,370,1354
2137,53896121,0,0,270,681,165,1294
2138,53906121,0,0,194,509,22,1195
2139,53916121,0,0,118,389,0,1076
2140,53926121,0,0,84,331,0,910
2141,53936120,0,0,70,174,1,641
2142,53946121,0,0,63,158,0,315
2143,53956121,0,0,73,118,0,124
2144,53966121,0,0,86,136,0,150
2145,53976121,0,0,94,152,0,171
2146,53986120,0,0,100,165,0,123
2147,53996121,0,0,102,171,0,61
2148,54006121,0,0,103,159,0,22
2149,54016121,0,0,102,157,0,9
2150,54026121,0,0,95,148,0,4
2151,54036120,0,0,84,125,0,0
2152,54046121,0,0,68,108,0,0
2153,54056121,0,0,54,101,0,0
2154,54066121,0,0,53,85,0,0
2155,54076121,1,0,43,0,0,0
2156,54086120,0,0,37,0,0,0
2157,54096121,0,0,27,31,0,0
2158,54106121,0,0,21,35,0,0
2159,54116121,0,0,17,38,0,0
2160,54126121,0,0,12,35,0,0
2161,54136120,0,0,6,34,0,0
2162,54146121,0,0,4,34,0,0
2163,54156121,0,0,6,29,0,0
2164,54166121,0,0,2,27,0,0
2165,54176121,0,0,0,27,0,4
2166,54186120,0,0,0,22,0,13
2167,54196120,0,0,0,4,0,3
2168,54206121,0,0,0,10,0,23
2169,54216121,0,0,0,13,0,35
2170,54226121,0,0,0,13,0,54
2171,54236120,0,0,0,12,0,86
2172,54246121,0,0,0,10,0,117
2173,54256121,0,0,0,9,0,139
2174,54266121,0,0,0,9,0,165
2175,54276121,0,0,0,15,0,178
2176,54286120,0,0,0,17,0,181
2177,54296121,0,0,0,20,0,183
2178,54306121,0,0,0,24,0,165
2179,54316121,0,0,0,26,0,149
2180,54326121,0,0,0,27,0,142
2181,54336120,0,0,0,28,0,150
2182,54346121,0,0,0,32,0,163
2183,54356121,0,0,0,30,0,176
2184,54366121,0,0,0,24,0,182
2185,54376121,0,0,0,21,0,169
2186,54386120,0,0,0,19,0,164
2187,54396121,0,0,0,17,0,151
2188,54406121,0,0,0,18,0,124
2189,54416121,0,0,0,19,0,88
2190,54426121,0,0,0,23,0,55
2191,54436120,0,0,0,17,0,24
2192,54446121,0,0,0,14,0,0
2193,54456121,0,38,0,8,0,0
2194,54466121,0,80,0,6,0,0
2195,54476121,25,175,4,10,0,0
2196,54486120,135,354,15,3,0,0
2197,54496121,340,620,15,0,0,0
2198,54506121,627,855,4,0,0,0
2199,54516121,777,1003,0,0,1,0
2200,54526121,1006,1152,0,0,0,0
2201,54536120,1118,1259,0,0,0,0
2202,54546121,1214,1334,6,0,0,0
2203,54556121,1272,1386,19,0,0,0
2204,54566121,1308,1417,35,0,0,0
2205,54576121,1332,1448,67,10,0,0
2206,54586121,1351,1467,124,85,0,0
2207,54596121,1366,1487,274,230,0,0
2208,54606121,1383,1503,411,363,0,0
2209,54616121,1397,1514,550,491,0,0
2210,54626121,1409,1523,654,616,0,0
2211,54636120,1419,1529,740,718,0,0
2212,54646121,1434,1542,808,792,0,20
2213,54656121,1445,1547,861,860,0,107
2214,54666121,1451,1555,902,913,0,172
2215,54676121,1457,1556,939,949,0,233
2216,54686120,1453,1553,975,985,0,314
2217,54696121,1439,1545,998,1019,0,379
2218,54706121,1355,1467,1021,1049,0,419
2219,54716121,1399,1508,1042,1073,12,465
2220,54726121,1374,1492,1056,1096,36,505
2221,54736120,1353,1471,1068,1112,67,543
2222,54746121,1324,1454,1078,1129,96,588
2223,54756121,1298,1434,1086,1142,121,615
2224,54766121,1269,1407,1095,1152,138,643
2225,54776121,1241,1382,1100,1168,162,667
2226,54786120,1208,1353,1103,1176,171,687
2227,54796121,1177,1330,1112,1182,198,704
2228,54806121,1146,1307,1109,1189,223,722
2229,54816121,1123,1284,1119,1195,237,727
2230,54826121,1095,1259,1121,1207,268,751
2231,54836120,988,1219,1031,1211,282,770
2232,54846121,1040,1220,1130,1226,309,798
2233,54856121,1008,1192,1137,1235,328,830
2234,54866121,980,1175,1141,1241,339,865
2235,54876121,947,1146,1139,1248,357,890
2236,54886120,916,1126,1150,1255,387,918
2237,54896121,891,1108,1152,1263,419,932
2238,54906121,868,1087,1161,1270,445,952
2239,54916121,848,1065,1168,1273,463,968
2240,54926121,824,1041,1177,1282,480,980
2241,54936120,797,1018,1181,1292,509,1006
2242,54946121,752,985,1187,1300,543,1017
2243,54956121,699,948,1195,1306,585,1039
2244,54966120,584,897,1130,1244,580,1057
2245,54976121,607,893,1206,1317,622,1078
2246,54986120,567,862,1211,1322,657,1099
2247,54996121,513,824,1215,1327,699,1119
2248,55006121,468,785,1215,1333,730,1132
2249,55016121,407,741,1224,1338,762,1151
2250,55026121,350,693,1224,1251,756,0
2251,55036120,288,626,1231,1358,815,0
2252,55046121,206,552,1234,1365,852,0
2253,55056121,134,466,1237,1370,881,0
2254,55066121,70,405,1242,1380,907,0
2255,55076121,13,334,1243,1387,927,0
2256,55086120,0,248,1243,1394,951,0
2257,55096121,0,179,1246,1402,984,0
2258,55106121,0,90,1244,1414,1012,1338
2259,55116121,0,26,1239,1425,1053,1367
2260,55126121,0,0,1225,1433,1070,1384
2261,55136120,0,0,1199,1442,1095,1396
2262,55146121,0,0,1165,1445,1122,1410
2263,55156121,0,0,1117,1445,1141,1415
2264,55166121,0,0,1038,1437,1154,1429
2265,55176121,0,0,951,1404,1161,1439
2266,55186120,0,0,814,1356,1150,1456
2267,55196121,0,0,674,1279,1113,0
2268,55206121,0,0,549,1173,1083,1113
2269,55216121,0,0,424,1047,979,1509
2270,55226121,0,1,304,917,774,1524
2271,55236120,0,0,223,788,506,1506
2272,55246121,0,0,142,598,264,1454
2273,55256121,0,0,74,431,130,1362
2274,55266121,0,0,42,348,37,1264
2275,55276121,0,0,26,284,0,1120
2276,55286120,0,0,19,0,0,886
2277,55296121,0,0,18,0,0,556
2278,55306121,0,0,23,0,0,171
2279,55316121,0,0,24,25,0,140
2280,55326121,0,0,25,49,0,229
2281,55336120,0,0,15,54,0,270
2282,55346121,0,0,11,54,0,229
2283,55356121,0,0,0,50,0,173
2284,55366121,0,0,7,53,0,149
2285,55376121,0,0,6,54,0,117
2286,55386120,0,0,1,55,0,89
2287,55396121,0,0,0,54,0,72
2288,55406121,0,0,0,43,0,66
2289,55416120,0,0,0,25,0,89
2290,55426121,0,0,0,34,0,124
2291,55436120,0,0,0,23,0,166
2292,55446121,0,0,0,21,0,238
2293,55456121,0,0,0,17,0,283
2294,55466121,0,0,0,10,0,302
2295,55476121,0,0,0,9,0,338
2296,55486120,0,0,0,18,0,374
2297,55496121,0,0,0,4,0,413
2298,55506121,0,0,0,9,0,457
2299,55516121,0,0,0,9,0,484
2300,55526121,0,0,0,16,0,518
2301,55536120,0,0,0,13,0,542
2302,55546121,0,0,0,21,0,566
2303,55556121,0,0,0,17,0,576
2304,55566121,0,0,0,10,0,584
2305,55576121,0,0,0,5,0,571
2306,55586120,0,0,0,1,0,565
2307,55596121,0,0,0,0,0,568
2308,55606121,0,0,0,0,0,546
2309,55616121,0,0,0,0,0,572
2310,55626121,0,0,0,0,0,562
2311,55636120,0,0,0,0,0,540
2312,55646121,0,0,0,0,0,494
2313,55656121,0,0,0,0,0,420
2314,55666121,0,23,0,0,0,361
2315,55676121,0,56,0,0,0,293
2316,55686120,0,98,0,0,0,237
2317,55696121,0,165,2,0,0,158
2318,55706121,41,244,0,0,2,92
2319,55716121,108,389,0,0,0,14
2320,55726121,268,557,0,0,0,0
2321,55736120,464,749,0,0,0,0
2322,55746121,757,956,0,0,0,0
2323,55756121,929,1080,0,0,0,0
2324,55766121,1045,1180,0,0,0,0
2325,55776121,1149,1253,0,0,0,0
2326,55786120,1229,1305,0,0,0,0
2327,55796121,1262,1331,27,24,0,0
2328,55806121,1264,1338,86,90,0,0
2329,55816121,1255,1338,154,168,0,0
2330,55826121,1242,1331,236,236,0,37
2331,55836120,1238,1324,303,320,0,126
2332,55846121,1243,1328,348,385,0,226
2333,55856121,1254,1333,407,457,0,305
2334,55866121,1205,1289,457,504,0,364
2335,55876121,1288,1357,496,550,0,417
2336,55886120,1306,1370,539,590,0,468
2337,55896121,1316,1379,573,615,0,506
2338,55906121,1335,1395,606,649,1,539
2339,55916121,1345,1405,632,675,13,566
2340,55926121,1354,1416,659,700,36,605
2341,55936120,1356,1418,687,734,60,639
2342,55946121,1360,1420,718,756,87,678
2343,55956121,1358,1416,743,787,100,702
2344,55966121,1361,1417,773,808,120,735
2345,55976121,1356,1415,794,836,150,0
2346,55986120,1357,1417,813,852,169,0
2347,55996121,1348,1418,824,866,181,0
2348,56006121,1355,1415,838,871,210,0
2349,56016121,1347,1407,845,886,227,0
2350,56026121,1336,1396,854,892,240,0
2351,56036120,1318,1385,865,906,260,0
2352,56046121,1292,1360,755,920,285,0
2353,56056121,1175,1304,0,930,327,0
2354,56066121,1234,1296,0,953,345,945
2355,56076121,1197,1257,0,969,368,967
2356,56086120,1161,1214,0,984,401,982
2357,56096121,1128,1183,0,994,419,997
2358,56106121,1097,1162,0,1005,429,1007
2359,56116120,974,1105,0,956,431,1025
2360,56126121,1043,1122,0,1021,473,1037
2361,56136120,1009,1111,0,1036,498,1049
2362,56146121,980,1087,0,1050,524,1066
2363,56156121,947,1064,0,1061,556,1070
2364,56166121,916,1044,0,1071,572,1085
2365,56176121,887,1011,0,995,570,1027
2366,56186120,873,998,0,1092,620,1105
2367,56196121,855,980,0,1100,643,1116
2368,56206121,835,969,0,1108,665,1128
2369,56216121,811,947,0,1117,691,1144
2370,56226121,775,918,0,1130,731,1165
2371,56236120,736,884,624,1141,764,1192
2372,56246121,680,852,978,1156,796,1203
2373,56256121,608,813,988,1171,827,1230
2374,56266121,550,760,997,1184,861,1255
2375,56276121,489,698,1003,1197,898,1092
2376,56286120,413,628,1009,1210,935,0
2377,56296121,346,551,1016,1224,983,0
2378,56306120,240,453,965,1173,986,0
2379,56316121,190,397,1028,1245,1067,0
2380,56326121,101,333,1037,1258,1105,0
2381,56336120,20,234,1038,1270,1144,0
2382,56346121,0,149,1039,1286,1190,0
2383,56356121,0,60,1027,1297,1234,0
2384,56366121,0,0,1011,1306,1261,0
2385,56376121,0,0,983,1310,1299,1505
2386,56386120,0,0,929,1310,1322,1537
2387,56396121,0,0,813,1303,1341,1557
2388,56406121,0,0,727,1273,1353,1579
2389,56416121,0,0,603,1221,1336,1598
2390,56426121,0,0,473,1128,1294,0
2391,56436120,0,0,365,1005,1211,0
2392,56446121,0,0,241,835,1065,1666
2393,56456121,0,0,157,697,841,1674
2394,56466121,0,0,87,586,514,1651
2395,56476121,0,0,47,493,218,1553
2396,56486120,0,0,20,419,87,1440
2397,56496121,0,0,13,348,0,1291
2398,56506121,0,0,11,224,0,1093
2399,56516121,0,0,24,209,0,821
2400,56526121,0,0,30,204,0,378
2401,56536120,0,0,25,153,0,6
2402,56546121,0,0,21,118,0,9
2403,56556121,0,0,18,107,0,154
2404,56566121,0,0,7,84,0,201
2405,56576121,0,0,0,64,0,190
2406,56586120,1,0,0,62,0,186
2407,56596121,0,0,0,62,0,192
2408,56606121,0,0,0,60,0,195
2409,56616121,0,0,0,66,0,181
2410,56626121,0,0,0,69,0,176
2411,56636120,0,0,0,71,0,182
2412,56646121,0,0,0,69,0,197
2413,56656121,0,0,0,69,0,215
2414,56666121,0,0,0,61,0,231
2415,56676121,0,0,0,57,0,241
2416,56686120,0,0,0,53,0,252
2417,56696121,0,0,0,49,0,275
2418,56706121,0,0,0,45,0,299
2419,56716121,0,0,0,43,0,327
2420,56726121,0,0,0,41,0,352
2421,56736120,0,0,0,33,0,371
2422,56746121,0,0,0,27,0,393
2423,56756121,0,0,0,27,0,410
2424,56766121,0,0,0,27,0,423
2425,56776121,0,0,0,26,0,437
2426,56786120,0,0,0,25,0,459
2427,56796121,0,0,0,18,0,472
2428,56806121,0,0,0,18,0,491
2429,56816121,0,0,0,18,0,488
2430,56826120,0,0,0,3,0,439
2431,56836120,0,0,0,22,0,499
2432,56846121,0,0,0,18,0,480
2433,56856121,0,0,0,15,0,451
2434,56866121,0,0,1,11,0,422
2435,56876121,0,0,0,14,0,399
2436,56886120,0,0,0,4,0,376
2437,56896121,0,0,0,1,0,341
2438,56906121,0,0,0,1,0,283
2439,56916121,0,0,0,0,0,198
2440,56926121,0,0,0,0,0,154
2441,56936120,0,0,0,0,0,104
2442,56946121,0,0,0,0,0,45
2443,56956121,0,32,0,0,0,0
2444,56966121,0,67,0,0,0,0
2445,56976121,0,136,0,2,0,0
2446,56986120,0,204,0,2,0,0
2447,56996121,60,333,0,0,0,0
2448,57006121,187,514,0,0,0,0
2449,57016121,449,733,0,0,0,0
2450,57026121,728,915,0,0,0,0
2451,57036120,908,1047,0,0,0,0
2452,57046121,1018,1137,0,3,0,0
2453,57056121,1076,1175,0,0,0,0
2454,57066121,1104,1189,0,0,0,0
2455,57076121,1119,1198,0,6,0,0
2456,57086120,1138,1210,25,36,0,0
2457,57096121,1164,1235,71,63,0,0
2458,57106121,1188,1259,108,96,0,0
2459,57116121,1218,1287,147,152,0,0
2460,57126121,1248,1305,201,212,0,98
2461,57136120,1266,1321,249,282,2,240
2462,57146121,1294,1338,298,337,0,364
2463,57156120,1208,1319,299,344,15,451
2464,57166121,1330,1371,378,421,61,546
2465,57176121,1355,1392,419,460,99,633
2466,57186120,1370,1410,449,493,150,713
2467,57196121,1384,1422,482,536,198,772
2468,57206121,1391,1426,521,580,255,829
2469,57216121,1398,1432,551,614,300,878
2470,57226121,1398,1428,586,649,367,927
2471,57236120,1389,1415,606,670,437,969
2472,57246121,1382,1392,627,697,497,1016
2473,57256121,1366,1345,0,727,593,1069
2474,57266121,1347,1314,0,750,661,1112
2475,57276121,1323,1274,0,765,726,1143
2476,57286120,1204,1207,546,764,747,0
2477,57296121,1260,1195,0,792,843,0
2478,57306121,1226,1163,620,801,884,0
2479,57316121,1183,1119,672,815,921,0
2480,57326121,1136,1067,672,828,972,0
2481,57336120,1075,1005,679,845,1006,0
2482,57346120,997,904,645,786,1031,0
2483,57356121,943,907,670,874,1083,0
2484,57366121,888,869,683,885,1121,0
2485,57376121,846,827,690,896,1147,0
2486,57386120,814,795,693,907,1177,0
2487,57396121,796,772,696,917,1199,0
2488,57406121,763,762,698,921,1221,0
2489,57416121,731,741,702,929,1232,0
2490,57426121,696,731,704,935,1251,0
2491,57436120,670,705,706,942,1263,0
2492,57446121,629,677,706,951,1286,0
2493,57456121,597,638,708,957,1301,0
2494,57466121,558,617,709,966,1317,0
2495,57476121,476,581,642,969,1335,0
2496,57486120,489,562,722,983,1345,0
2497,57496121,449,524,731,990,1373,0
2498,57506121,400,485,727,1002,1377,0
2499,57516121,349,439,733,1014,1389,0
2500,57526121,280,385,740,1038,1408,0
2501,57536120,203,343,756,1052,1416,0
2502,57546121,114,252,776,1073,1428,0
2503,57556121,74,212,790,1098,1431,0
2504,57566121,13,151,808,1122,1437,0
2505,57576121,0,108,819,1138,1442,0
2506,57586120,0,56,819,1150,1444,0
2507,57596121,0,17,816,1160,1442,0
2508,57606120,0,0,722,1109,1381,0
2509,57616121,0,0,741,1175,1415,0
2510,57626121,0,0,698,1177,1385,0
2511,57636120,0,0,680,1176,1360,0
2512,57646121,0,0,644,1172,1317,0
2513,57656121,0,0,551,1144,1259,0
2514,57666121,0,0,466,1092,1201,0
2515,57676121,0,0,388,1013,1115,0
2516,57686120,0,0,283,901,954,0
2517,57696121,0,0,213,772,750,1701
2518,57706121,0,0,191,698,513,1676
2519,57716121,0,0,152,600,230,1626
2520,57726121,0,0,114,540,92,1524
2521,57736120,0,0,65,0,0,1387
2522,57746121,0,0,91,0,0,1217
2523,57756121,0,0,91,336,0,1019
2524,57766121,0,0,93,312,0,787
2525,57776121,0,0,92,264,0,421
2526,57786120,0,0,63,171,0,100
2527,57796121,0,0,41,145,0,143
2528,57806121,0,0,36,119,0,196
2529,57816121,0,0,23,94,0,212
2530,57826121,0,0,7,76,0,178
2531,57836120,0,0,3,70,0,157
2532,57846121,0,0,1,71,0,140
2533,57856121,0,0,4,76,0,120
2534,57866121,0,0,6,89,0,123
2535,57876121,0,0,7,97,0,123
2536,57886120,0,0,11,100,0,129
2537,57896121,0,0,13,114,0,143
2538,57906121,0,0,19,118,0,166
2539,57916121,0,0,23,122,0,180
2540,57926121,0,0,24,122,0,189
2541,57936120,0,0,22,119,0,200
2542,57946121,0,0,22,118,0,211
2543,57956121,0,0,19,117,0,218
2544,57966121,0,0,19,102,0,228
2545,57976121,3,0,15,100,0,245
2546,57986120,0,0,13,103,0,251
2547,57996121,0,0,14,99,0,251
2548,58006121,0,0,9,99,0,249
2549,58016121,0,0,10,103,0,247
2550,58026121,0,0,9,109,0,229
2551,58036120,0,0,4,111,0,192
2552,58046121,0,0,3,108,0,159
2553,58056121,0,0,0,104,0,163
2554,58066121,0,0,0,101,0,157
2555,58076121,0,0,0,94,0,141
2556,58086120,0,0,0,85,0,109
2557,58096121,0,0,0,74,0,85
2558,58106121,0,0,0,64,0,76
2559,58116120,0,0,0,40,0,55
2560,58126121,0,0,0,58,0,37
2561,58136120,0,0,0,55,0,25
2562,58146121,0,0,0,50,0,17
2563,58156121,0,0,0,52,0,10
2564,58166121,0,0,0,50,0,0
2565,58176121,0,0,0,44,0,3
2566,58186120,0,52,0,37,0,0
2567,58196121,29,204,0,10,0,0
2568,58206121,143,427,0,0,0,0
2569,58216121,388,675,0,0,0,0
2570,58226121,655,879,0,0,0,0
2571,58236120,821,993,0,0,0,0
2572,58246121,852,1031,0,0,0,0
2573,58256121,972,1073,0,0,0,0
2574,58266121,1005,1097,0,0,0,0
2575,58276121,1050,1127,0,0,0,0
2576,58286120,1097,1160,0,0,0,0
2577,58296121,1128,1186,0,0,0,0
2578,58306121,1159,1212,0,5,0,0
2579,58316121,1181,1241,12,0,0,0
2580,58326121,1206,1266,46,40,0,0
2581,58336120,1226,1281,82,80,0,29
2582,58346121,1246,1303,148,154,0,126
2583,58356121,1266,1324,188,212,0,212
2584,58366121,1293,1354,245,270,0,284
2585,58376121,1318,1373,296,320,0,330
2586,58386120,1340,1394,333,362,0,373
2587,58396121,1358,1415,378,398,0,417
2588,58406121,1378,1432,413,438,0,447
2589,58416121,1391,1449,444,472,6,471
2590,58426121,1409,1464,477,505,18,494
2591,58436120,1430,1481,496,539,27,506
2592,58446121,1443,1493,526,501,30,459
2593,58456121,1455,1502,563,590,43,531
2594,58466121,1467,1514,0,614,55,540
2595,58476121,1476,1533,434,638,62,552
2596,58486120,1486,1527,561,657,67,560
2597,58496121,1494,1540,639,670,74,565
2598,58506121,1497,1543,657,683,72,569
2599,58516121,1403,1519,605,688,77,573
2600,58526121,1502,1547,679,699,74,579
2601,58536120,1505,1549,686,715,74,582
2602,58546121,1505,1549,694,717,75,581
2603,58556121,1505,1547,697,724,72,581
2604,58566121,1505,1547,697,729,75,579
2605,58576121,1404,1520,591,726,75,574
2606,58586120,1503,1545,0,728,68,566
2607,58596121,1503,1546,0,727,58,549
2608,58606121,1505,1546,0,728,55,536
2609,58616121,1507,1545,0,722,53,520
2610,58626121,1507,1542,0,719,57,507
2611,58636120,1516,1537,0,711,64,502
2612,58646121,1509,1540,0,705,78,487
2613,58656121,1508,1535,0,699,75,478
2614,58666121,1510,1538,0,695,74,471
2615,58676121,1510,1533,607,689,75,473
2616,58686120,1511,1539,629,684,77,470
2617,58696121,1512,1540,624,679,78,468
2618,58706120,1401,1502,573,635,60,467
2619,58716121,1515,1542,619,680,74,470
2620,58726121,1516,1538,625,686,80,467
2621,58736120,1515,1533,633,699,88,487
2622,58746121,1511,1529,649,712,102,511
2623,58756121,1503,1520,662,727,117,524
2624,58766121,1501,1511,680,740,125,546
2625,58776121,1496,1507,693,747,142,572
2626,58786120,1491,1499,706,760,163,619
2627,58796121,1482,1490,715,775,189,655
2628,58806121,1479,1483,719,787,213,702
2629,58816121,1467,1474,729,799,241,746
2630,58826121,1458,1463,748,820,269,795
2631,58836120,1447,1450,0,842,295,844
2632,58846121,1433,1433,0,862,330,888
2633,58856121,1417,1405,0,881,369,926
2634,58866121,1387,1379,0,895,412,965
2635,58876121,1361,1350,0,913,440,1005
2636,58886120,1325,1311,0,928,461,1053
2637,58896121,1289,1258,0,938,483,1076
2638,58906121,1234,1202,0,954,503,1125
2639,58916121,1149,1127,0,971,527,1155
2640,58926121,1024,1020,757,985,548,1192
2641,58936120,870,877,816,1000,585,1236
2642,58946121,656,697,847,1028,633,1279
2643,58956121,426,499,752,1048,701,0
2644,58966121,165,265,791,1062,770,0
2645,58976121,0,74,723,1071,813,0
2646,58986120,0,0,509,1075,856,0
2647,58996121,0,0,434,1052,900,1392
2648,59006121,0,0,444,997,904,1423
2649,59016121,0,0,350,905,846,1452
2650,59026121,0,3,233,763,754,1475
2651,59036120,0,0,177,672,586,1499
2652,59046121,0,0,135,611,351,0
2653,59056121,0,0,104,531,124,1460
2654,59066121,0,0,67,472,21,1373
2655,59076121,0,0,52,0,0,1255
2656,59086120,0,0,48,0,0,1115
2657,59096121,0,0,60,0,0,916
2658,59106121,0,0,62,254,0,693
2659,59116121,0,0,56,212,0,367
2660,59126121,0,0,44,138,0,151
2661,59136120,0,0,33,115,0,189
2662,59146121,0,0,22,100,0,230
2663,59156121,0,0,11,87,0,231
2664,59166121,0,0,10,80,0,193
2665,59176121,0,0,7,74,0,169
2666,59186120,0,0,7,82,0,157
2667,59196121,0,0,10,91,0,136
2668,59206121,0,0,14,104,0,116
2669,59216121,0,0,23,112,0,99
2670,59226121,0,0,21,119,0,92
2671,59236120,0,0,23,123,0,96
2672,59246121,0,0,24,122,0,101
2673,59256121,0,0,25,126,0,107
2674,59266121,0,0,24,128,0,118
2675,59276121,0,0,22,130,0,154
2676,59286120,0,0,21,123,0,175
2677,59296121,0,0,7,118,0,215
2678,59306121,0,0,12,108,0,275
2679,59316121,0,0,8,97,0,333
2680,59326121,0,0,9,89,0,356
2681,59336120,0,0,9,84,0,399
2682,59346121,0,0,9,83,0,432
2683,59356121,0,0,10,77,0,455
2684,59366121,0,0,13,76,0,469
2685,59376121,0,0,13,84,0,476
2686,59386120,0,0,15,83,0,472
2687,59396121,0,0,10,83,0,446
2688,59406121,0,0,6,77,0,418
2689,59416121,0,0,1,68,0,381
2690,59426121,0,0,3,75,0,364
2691,59436120,0,0,0,74,0,354
2692,59446121,0,0,0,73,0,337
2693,59456121,0,0,0,68,0,334
2694,59466121,0,0,0,59,0,327
2695,59476121,0,0,0,57,0,307
2696,59486120,0,0,0,52,0,219
2697,59496121,0,26,0,39,0,133
2698,59506121,1,55,0,31,0,91
2699,59516121,0,74,0,23,0,45
2700,59526121,0,112,0,17,0,0
2701,59536120,14,177,0,13,0,0
2702,59546121,50,245,0,8,0,0
2703,59556121,165,409,0,0,0,0
2704,59566121,369,632,0,0,0,0
2705,59576121,668,866,0,0,0,0
2706,59586120,915,1059,0,0,0,0
2707,59596121,1082,1187,0,0,0,0
2708,59606121,1180,1267,1,0,0,0
2709,59616121,1229,1308,8,7,0,0
2710,59626121,1250,1330,29,23,0,0
2711,59636120,1279,1361,80,61,0,0
2712,59646121,1306,1387,119,112,0,0
2713,59656121,1328,1411,164,156,0,0
2714,59666121,1353,1434,219,210,0,0
2715,59676121,1373,1458,293,283,0,0
2716,59686120,1392,1480,326,344,0,0
2717,59696121,1416,1498,375,390,0,0
2718,59706121,1439,1515,423,439,0,0
2719,59716121,1446,1528,464,478,0,0
2720,59726121,1464,1548,503,521,0,0
2721,59736120,1481,1559,534,557,0,0
2722,59746121,1488,1569,573,599,0,17
2723,59756121,1492,1577,613,643,0,45
2724,59766121,1500,1579,654,683,0,92
2725,59776121,1496,1578,689,725,0,147
2726,59786120,1496,1577,725,768,0,185
2727,59796121,1494,1574,756,810,0,231
2728,59806121,1485,1570,790,848,8,273
2729,59816121,1473,1561,808,802,15,271
2730,59826121,1462,1557,834,907,37,333
2731,59836120,1451,1547,858,933,54,353
2732,59846121,1434,1528,880,958,75,397
2733,59856121,1413,1513,910,982,86,426
2734,59866121,1382,1492,934,1009,94,467
2735,59876121,1348,1461,954,1038,110,490
2736,59886120,1307,1370,936,982,123,487
2737,59896121,1259,1397,996,1098,151,597
2738,59906121,1219,1362,1012,1125,173,640
2739,59916121,1177,1316,1032,1145,205,694
2740,59926121,1130,1268,1044,1169,221,740
2741,59936120,1093,1237,1058,1185,265,786
2742,59946121,1046,1207,1066,1210,298,831
2743,59956120,913,1144,1010,1153,306,878
2744,59966121,949,1131,1086,1229,358,930
2745,59976121,906,1097,1098,1242,405,981
2746,59986120,858,1063,1107,1253,438,1031
2747,59996121,811,1027,1114,1257,475,1062
2748,60006121,761,994,1120,1272,509,1095
2749,60016121,717,964,1127,1277,545,1122
2750,60026121,625,904,1132,1285,582,1153
2751,60036120,631,928,1135,1290,610,1178
2752,60046121,598,910,1137,1297,632,1194
2753,60056121,550,890,1142,1303,657,1224
2754,60066121,469,860,1138,1308,689,1250
2755,60076121,405,821,1148,1315,748,1277
2756,60086120,331,780,1151,1323,806,1303
2757,60096121,269,721,1157,1329,857,0
2758,60106121,186,650,1158,1334,893,0
2759,60116121,104,568,1161,1337,934,0
2760,60126121,45,487,1162,1348,974,0
2761,60136120,0,391,1160,1348,1030,0
2762,60146121,0,270,1158,1358,1070,1479
2763,60156120,0,134,1084,1296,1064,1511
2764,60166121,0,38,1140,1371,1141,1532
2765,60176121,0,0,1125,1374,1162,1562
2766,60186120,0,0,1102,1378,1184,1584
2767,60196121,0,0,1065,1381,1205,1611
2768,60206121,0,0,1010,1381,1221,1637
2769,60216121,0,0,940,1371,1235,1654
2770,60226121,0,0,847,1363,1222,1691
2771,60236120,0,0,775,1335,1192,1718
2772,60246121,0,0,685,1302,1134,1751
2773,60256121,0,0,598,1249,1032,0
2774,60266121,0,0,505,1150,814,1800
2775,60276121,0,0,393,1048,575,1816
2776,60286120,0,0,330,987,299,1810
2777,60296121,0,0,293,918,93,1769
2778,60306121,0,0,241,871,0,1695
2779,60316121,0,0,192,790,0,1604
2780,60326121,0,0,177,678,0,1457
2781,60336120,0,0,139,548,0,1243
2782,60346121,0,0,111,0,0,1015
2783,60356121,0,0,105,0,0,683
2784,60366121,0,0,99,0,0,235
2785,60376121,28,140,57,0,0,103
2786,60386120,0,36,39,0,0,198
2787,60396121,0,2,28,0,0,264
2788,60406121,0,1,19,0,0,294
2789,60416121,0,0,5,0,4,228
2790,60426121,0,1,0,0,0,187
2791,60436120,0,7,0,0,0,177
2792,60446121,0,8,0,0,0,173
2793,60456121,0,6,0,0,0,173
2794,60466121,0,1,0,0,0,170
2795,60476121,0,0,0,0,0,169
2796,60486120,0,0,0,0,0,171
2797,60496121,0,2,0,0,0,181
2798,60506121,0,2,0,0,0,197
2799,60516121,0,2,0,27,2,214
2800,60526121,0,0,0,25,0,273
2801,60536120,0,0,0,0,0,297
2802,60546121,0,0,0,0,0,357
2803,60556121,0,0,5,0,0,403
2804,60566121,0,0,6,0,0,419
2805,60576121,0,0,5,0,0,438
2806,60586120,0,0,0,0,0,475
2807,60596121,0,0,0,0,0,503
2808,60606121,0,0,0,0,0,534
2809,60616121,0,0,0,0,0,537
2810,60626121,0,0,0,0,0,534
2811,60636120,0,0,0,0,0,525
2812,60646121,0,0,0,0,0,504
2813,60656121,0,0,0,0,0,490
2814,60666121,0,0,1,7,0,455
2815,60676121,0,0,3,11,0,417
2816,60686120,0,0,4,0,0,359
2817,60696121,0,0,0,0,0,334
2818,60706121,0,0,0,0,0,289
2819,60716121,0,0,0,0,0,270
2820,60726121,0,0,0,0,0,210
2821,60736120,0,53,0,0,0,133
2822,60746121,52,183,0,0,0,21
2823,60756121,184,334,0,0,0,0
2824,60766121,483,607,0,0,0,0
2825,60776121,788,913,2,0,0,0
2826,60786120,1001,1115,4,0,0,0
2827,60796121,1118,1221,3,0,0,0
2828,60806121,1242,1342,24,0,0,0
2829,60816121,1360,1452,45,13,0,0
2830,60826121,1427,1518,86,35,0,0
2831,60836120,1454,1552,118,87,0,0
2832,60846121,1466,1559,215,191,0,0
2833,60856121,1467,1560,353,230,0,0
2834,60866121,1468,1558,470,453,0,0
2835,60876121,1470,1558,581,586,0,0
2836,60886120,1483,1563,665,672,0,0
2837,60896121,1496,1572,725,746,0,0
2838,60906121,1507,1578,789,798,0,23
2839,60916121,1514,1581,829,856,0,76
2840,60926121,1510,1585,866,899,0,151
2841,60936120,1518,1581,902,939,0,205
2842,60946121,1518,1576,930,970,0,247
2843,60956121,1515,1572,952,999,0,308
2844,60966121,1508,1563,970,1024,0,348
2845,60976121,1504,1552,984,1049,20,393
2846,60986120,1484,1530,992,1065,44,435
2847,60996121,1466,1512,998,1074,64,467
2848,61006121,1448,1491,1005,1086,82,507
2849,61016121,1418,1459,1014,1100,104,553
2850,61026121,1397,1426,1021,1110,126,595
2851,61036120,1366,1384,1026,1124,144,622
2852,61046121,1337,1350,1027,1129,153,653
2853,61056121,1312,1308,1027,1138,151,653
2854,61066121,1281,1267,1035,1146,186,696
2855,61076121,1253,1234,1039,1157,201,722
2856,61086120,1227,1203,1040,1165,215,738
2857,61096121,1199,1177,1042,1169,231,761
2858,61106121,1175,1150,1046,1180,244,789
2859,61116121,1146,1132,1048,1187,263,812
2860,61126121,1045,1088,960,1188,297,845
2861,61136120,1107,1093,1054,1203,336,866
2862,61146121,1096,1079,1055,1208,358,886
2863,61156121,1079,1069,1061,1218,389,914
2864,61166121,1068,1057,1064,1221,410,940
2865,61176121,1053,1044,1070,1239,428,966
2866,61186120,947,994,1012,1181,434,1001
2867,61196121,1001,1003,1081,1251,485,1024
2868,61206121,971,980,1089,1257,526,1059
2869,61216121,933,952,1095,1265,567,1088
2870,61226121,894,917,1102,1274,613,1111
2871,61236120,854,861,1110,1286,648,1138
2872,61246121,800,809,1115,1297,673,1164
2873,61256121,732,757,1124,1306,726,1189
2874,61266121,668,711,1129,1317,774,1209
2875,61276121,596,658,1136,1326,815,1232
2876,61286120,524,593,1143,1341,857,0
2877,61296121,428,504,1150,1351,901,0
2878,61306121,331,420,1155,1360,941,1297
2879,61316121,213,333,1158,1370,980,1327
2880,61326121,103,246,1159,1382,1027,1352
2881,61336120,8,138,1152,1387,1067,1373
2882,61346121,0,50,1144,1395,1097,1389
2883,61356121,0,0,1135,1405,1123,1403
2884,61366121,0,0,1117,1416,1140,1417
2885,61376121,0,0,1100,1422,1149,1423
2886,61386120,0,0,1063,1418,1146,1431
2887,61396121,0,0,1004,1414,1132,1439
2888,61406121,0,0,923,1393,1113,1445
2889,61416121,0,0,809,1367,1066,1459
2890,61426121,0,0,718,1299,969,0
2891,61436120,0,0,606,1213,847,1485
2892,61446121,0,0,495,1109,708,1503
2893,61456121,0,0,396,1001,525,1515
2894,61466121,0,0,335,931,309,1496
2895,61476121,0,0,286,855,117,1451
2896,61486120,0,0,255,787,22,1367
2897,61496120,0,0,201,643,0,1181
2898,61506121,0,0,161,628,0,1166
2899,61516121,0,0,150,561,0,1049
2900,61526121,0,0,136,488,0,897
2901,61536120,0,0,120,422,0,653
2902,61546121,0,0,115,351,0,300
2903,61556121,0,0,115,258,0,42
2904,61566121,0,0,107,207,0,39
2905,61576121,0,0,105,211,0,102
2906,61586120,0,0,89,185,0,125
2907,61596121,0,0,77,181,0,105
2908,61606121,0,1,62,157,0,72
2909,61616121,0,0,56,136,0,54
2910,61626121,0,0,45,122,0,53
2911,61636120,0,0,41,115,0,50
2912,61646121,0,0,45,108,0,45
2913,61656121,0,0,38,102,0,45
2914,61666121,0,0,30,97,0,38
2915,61676121,0,0,34,89,0,40
2916,61686120,0,0,32,88,0,51
2917,61696121,0,0,33,87,0,69
2918,61706121,0,0,35,89,0,87
2919,61716121,0,0,35,90,0,109
2920,61726121,0,0,39,90,0,137
2921,61736120,0,0,39,87,0,153
2922,61746121,0,0,18,82,0,172
2923,61756121,0,0,36,75,0,210
2924,61766121,0,0,27,68,0,236
2925,61776121,0,0,28,60,0,274
2926,61786120,0,0,21,48,0,313
2927,61796121,0,0,14,47,0,346
2928,61806121,0,0,4,43,0,375
2929,61816121,0,0,0,39,0,407
2930,61826121,0,0,0,33,0,423
2931,61836120,0,0,0,29,0,441
2932,61846121,0,0,0,23,0,463
2933,61856121,0,0,0,21,0,477
2934,61866121,0,0,0,19,0,478
2935,61876120,0,0,0,9,0,483
2936,61886120,0,0,0,24,0,487
2937,61896121,0,0,0,22,0,484
2938,61906121,0,0,0,23,0,487
2939,61916121,0,0,0,22,0,484
2940,61926121,0,0,0,16,0,475
2941,61936120,0,0,0,18,0,447
2942,61946121,0,0,0,12,0,405
2943,61956121,0,2,0,14,0,365
2944,61966121,0,0,5,16,0,325
2945,61976121,0,0,7,15,0,262
2946,61986120,0,0,3,16,0,218
2947,61996121,0,0,6,23,0,151
2948,62006121,0,12,15,25,0,94
2949,62016121,0,76,33,31,0,6
2950,62026121,32,183,46,39,0,0
2951,62036120,107,349,63,34,0,0
2952,62046121,254,554,75,30,0,0
2953,62056121,619,844,52,7,0,0
2954,62066121,939,1078,55,6,0,0
2955,62076121,1068,1187,82,23,0,0
2956,62086120,1261,1328,130,72,0,0
2957,62096121,1319,1371,185,125,0,0
2958,62106121,1352,1414,265,188,0,0
2959,62116121,1379,1436,362,293,0,0
2960,62126121,1389,1450,470,401,0,0
2961,62136120,1400,1465,585,491,0,1
2962,62146121,1341,1425,683,602,0,0
2963,62156121,1427,1496,764,692,0,0
2964,62166121,1450,1510,821,748,0,0
2965,62176121,1458,1524,859,803,0,0
2966,62186120,1477,1532,890,844,0,0
2967,62196121,1484,1544,918,879,0,0
2968,62206120,1376,1508,890,859,0,0
2969,62216121,1489,1549,973,943,0,0
2970,62226121,1484,1544,991,962,0,31
2971,62236120,1478,1535,1005,986,0,62
2972,62246121,1466,1528,1019,1003,0,107
2973,62256121,1460,1525,1032,1021,0,138
2974,62266121,1452,1520,1044,1042,0,167
2975,62276121,1445,1515,1057,1053,0,202
2976,62286120,1440,1512,1061,1065,0,232
2977,62296121,1431,1503,1070,1078,0,254
2978,62306121,1419,1498,1080,1093,0,276
2979,62316121,1408,1494,1083,1106,0,296
2980,62326121,1402,1489,1091,1112,0,312
2981,62336120,1302,1458,997,1112,0,332
2982,62346121,1387,1473,1096,1121,0,351
2983,62356121,1383,1468,1095,1133,0,373
2984,62366121,1376,1464,1097,1131,0,409
2985,62376121,1368,1459,1106,1138,0,428
2986,62386120,1356,1451,1106,1145,7,447
2987,62396121,1339,1439,1111,1156,21,469
2988,62406121,1320,1429,1117,1171,43,489
2989,62416121,1293,1411,1133,1181,71,532
2990,62426121,1269,1386,1128,1193,92,577
2991,62436120,1243,1362,1138,1202,122,633
2992,62446121,1213,1330,1140,1213,151,680
2993,62456121,1190,1301,1146,1227,201,726
2994,62466121,1094,1218,1149,1232,243,764
2995,62476121,1123,1239,0,1238,283,820
2996,62486120,1084,1208,0,1244,343,862
2997,62496121,1047,1180,0,1253,385,906
2998,62506121,1020,1153,0,1257,430,945
2999,62516121,970,1128,0,1263,479,982
3000,62526121,933,1108,0,1267,539,1015
3001,62536120,904,1083,0,1273,569,1052
3002,62546121,877,1061,0,1277,607,1070
3003,62556121,854,1042,1087,1287,636,1094
3004,62566121,824,1019,969,1282,665,1109
3005,62576121,805,999,1166,1281,691,1119
3006,62586120,783,977,1166,1289,713,1129
3007,62596121,698,917,1166,1286,729,1137
3008,62606121,717,939,1165,1287,748,1146
3009,62616121,680,910,1165,1288,765,1157
3010,62626121,652,876,1164,1284,779,1162
3011,62636120,600,842,1162,1286,795,1170
3012,62646121,554,804,1163,1286,814,1171
3013,62656121,507,748,1163,1288,827,0
3014,62666121,402,667,1164,1287,852,0
3015,62676121,358,632,1165,1293,882,0
3016,62686120,287,549,1163,1299,910,0
3017,62696121,170,460,1158,1301,939,0
3018,62706121,62,362,1152,1306,975,0
3019,62716121,0,247,1139,1309,1004,0
3020,62726121,0,98,1021,1306,1051,0
3021,62736120,0,2,1071,1308,1069,0
3022,62746121,0,0,984,1296,1095,0
3023,62756121,0,0,903,1271,1104,0
3024,62766121,0,0,774,1226,1092,0
3025,62776121,0,0,620,1145,1055,0
3026,62786120,0,0,478,1045,998,1373
3027,62796121,0,0,382,931,893,1391
3028,62806121,0,0,286,804,744,1401
3029,62816121,0,0,208,658,537,1390
3030,62826121,0,0,124,488,293,819
3031,62836120,0,0,58,350,183,1206
3032,62846121,0,0,22,276,69,1108
3033,62856121,0,0,5,236,0,964
3034,62866121,0,0,0,179,0,694
3035,62876121,0,0,0,121,0,408
3036,62886120,0,0,0,0,0,118
3037,62896121,0,0,0,51,0,89
3038,62906121,0,0,0,68,0,138
3039,62916121,0,0,0,93,0,147
3040,62926121,0,0,0,99,0,81
3041,62936120,0,0,0,94,0,63
3042,62946121,0,0,0,102,0,39
3043,62956121,0,0,0,98,0,21
3044,62966121,0,0,0,94,0,17
3045,62976121,0,0,0,86,0,0
3046,62986120,0,0,0,69,0,0
3047,62996121,0,0,0,55,0,0
3048,63006121,0,0,0,47,0,0
3049,63016121,0,0,0,38,0,0
3050,63026121,0,0,0,25,0,0
3051,63036120,0,0,0,9,0,0
3052,63046121,0,0,0,1,0,0
3053,63056121,0,0,0,0,0,0
3054,63066121,0,0,0,0,0,0
3055,63076121,0,0,0,0,0,3
3056,63086120,0,0,0,0,0,1
3057,63096121,0,0,0,0,0,2
3058,63106121,0,0,0,0,0,3
3059,63116121,0,0,0,0,0,0
3060,63126121,0,0,0,0,0,0
3061,63136120,0,0,0,0,0,0
3062,63146121,0,0,0,0,0,17
3063,63156121,0,0,0,0,0,56
3064,63166121,0,0,0,0,3,105
3065,63176121,0,0,0,0,0,144
3066,63186120,0,3,0,0,0,170
3067,63196121,0,0,0,0,0,190
3068,63206121,0,0,0,0,0,202
3069,63216121,0,0,0,0,0,227
3070,63226121,0,0,0,0,0,234
3071,63236120,0,0,0,0,0,226
3072,63246121,0,0,0,0,0,214
3073,63256121,0,0,0,0,0,163
3074,63266121,0,0,0,0,0,158
3075,63276121,0,0,0,0,0,163
3076,63286120,0,0,0,0,0,175
3077,63296121,0,0,0,0,2,200
3078,63306121,0,0,0,0,0,216
3079,63316121,0,0,0,0,0,232
3080,63326120,0,0,0,0,0,195
3081,63336120,0,0,0,0,0,234
3082,63346121,0,0,0,0,0,219
3083,63356121,0,0,0,0,0,202
3084,63366121,0,0,0,0,0,158
3085,63376121,0,0,0,0,0,148
3086,63386120,0,0,0,0,0,134
3087,63396121,0,0,0,3,0,118
3088,63406121,1,0,0,0,1,82
3089,63416121,0,0,0,1,0,37
3090,63426121,0,37,0,2,0,0
3091,63436120,0,101,0,0,0,0
3092,63446121,40,188,0,4,0,0
3093,63456121,153,378,0,4,0,0
3094,63466121,475,707,0,0,0,0
3095,63476121,791,978,0,0,0,0
3096,63486120,1055,1195,4,0,0,0
3097,63496121,1241,1358,18,0,0,0
3098,63506121,1367,1474,71,21,0,0
3099,63516121,1457,1556,115,100,0,0
3100,63526121,1496,1589,228,178,0,0
3101,63536120,1516,1610,351,275,0,0
3102,63546121,1531,1620,455,373,0,0
3103,63556121,1524,1627,575,481,0,0
3104,63566121,1548,1636,672,571,0,2
3105,63576121,1557,1652,740,643,0,0
3106,63586120,1574,1664,792,687,0,0
3107,63596121,1597,1674,835,728,0,0
3108,63606121,1612,1681,856,755,0,11
3109,63616121,1619,1686,871,780,0,37
3110,63626121,1617,1683,884,791,0,67
3111,63636120,1485,1634,847,776,0,96
3112,63646121,1593,1656,927,851,0,130
3113,63656121,1567,1639,945,871,0,166
3114,63666121,1541,1622,968,891,0,200
3115,63676121,1510,1602,976,914,0,223
3116,63686120,1483,1590,982,922,0,233
3117,63696121,1461,1575,992,935,0,232
3118,63706121,1446,1565,994,943,0,238
3119,63716121,1431,1554,999,950,0,249
3120,63726121,1421,1541,998,957,0,263
3121,63736120,1402,1524,1005,961,0,274
3122,63746121,1390,1511,1012,982,0,286
3123,63756121,1375,1498,1020,982,0,300
3124,63766121,1363,1490,1027,992,0,324
3125,63776121,1352,1478,1033,1001,0,348
3126,63786120,1339,1464,1039,1010,3,362
3127,63796121,1330,1458,1046,1019,15,388
3128,63806121,1320,1445,1050,1036,32,405
3129,63816121,1302,1432,1054,1048,57,436
3130,63826121,1226,1362,1069,1068,72,457
3131,63836120,1265,1400,1077,1070,88,481
3132,63846121,1251,1385,1082,1091,103,508
3133,63856121,1235,1371,1092,1101,117,540
3134,63866121,1220,1355,1103,1110,141,568
3135,63876121,1197,1336,1104,1117,164,590
3136,63886120,1092,1300,1014,1122,186,611
3137,63896121,1149,1295,1110,1140,204,632
3138,63906121,1125,1261,1113,1144,232,653
3139,63916121,1089,1239,1118,1148,255,676
3140,63926121,1051,1204,1120,1161,288,705
3141,63936120,1006,1171,1129,1171,324,735
3142,63946121,968,1135,1131,1182,356,748
3143,63956121,917,1095,1138,1192,391,778
3144,63966121,873,1049,1145,1204,413,813
3145,63976121,821,997,1153,1209,453,858
3146,63986120,761,935,1163,1224,485,893
3147,63996121,693,884,1169,1236,533,934
3148,64006121,609,807,1176,1251,581,982
3149,64016121,512,747,1186,1259,616,1033
3150,64026121,399,661,1192,1276,675,1085
3151,64036120,287,576,1200,1296,741,0
3152,64046121,161,475,1203,1309,788,0
3153,64056121,45,377,1209,1325,841,0
3154,64066121,0,253,1208,1336,885,1160
3155,64076121,0,111,1206,1353,924,1272
3156,64086121,0,9,1197,1365,971,1300
3157,64096121,0,0,1180,1377,1002,1319
3158,64106121,0,0,1147,1382,1043,1335
3159,64116121,0,0,1108,1389,1088,1358
3160,64126121,0,0,1038,1388,1129,1379
3161,64136120,0,0,934,1374,1150,1399
3162,64146121,0,0,805,1239,1124,1360
3163,64156121,0,0,702,1286,1138,1465
3164,64166121,0,0,584,1204,1121,0
3165,64176121,0,0,440,1076,1049,1523
3166,64186120,0,0,305,962,916,1551
3167,64196121,0,0,217,857,697,1550
3168,64206121,0,0,130,691,429,1516
3169,64216121,0,0,54,498,240,1358
3170,64226121,0,0,17,436,157,1323
3171,64236120,0,0,0,369,39,1210
3172,64246121,0,0,0,302,0,1080
3173,64256121,0,0,0,251,0,840
3174,64266121,0,0,11,12,0,404
3175,64276121,0,0,27,121,0,71
3176,64286120,0,0,32,70,0,41
3177,64296121,0,0,46,111,0,152
3178,64306121,0,0,36,106,0,178
3179,64316121,0,0,29,109,0,141
3180,64326121,0,0,23,102,0,113
3181,64336120,0,0,15,100,0,109
3182,64346120,0,0,3,74,0,98
3183,64356121,0,0,6,89,0,122
3184,64366121,0,0,1,82,0,137
3185,64376121,0,0,0,79,0,152
3186,64386120,0,0,0,59,0,170
3187,64396121,0,0,0,51,0,201
3188,64406121,0,0,0,44,0,242
3189,64416121,0,0,0,40,0,265
3190,64426121,0,0,0,35,0,284
3191,64436120,0,0,0,28,0,307
3192,64446121,0,0,0,27,0,338
3193,64456121,0,0,0,25,0,368
3194,64466121,0,0,0,23,0,405
3195,64476120,0,0,0,19,0,420
3196,64486120,0,0,0,17,0,434
3197,64496121,0,0,0,23,0,457
3198,64506121,0,0,0,24,0,479
3199,64516121,0,0,0,31,0,488
3200,64526121,0,0,0,30,0,500
3201,64536121,0,0,0,24,0,514
3202,64546121,0,0,0,19,0,527
3203,64556121,0,0,0,8,0,520
3204,64566121,0,0,0,3,0,504
3205,64576121,0,0,0,0,1,487
3206,64586120,0,0,0,0,0,461
3207,64596121,0,0,0,0,0,425
3208,64606121,0,0,0,0,0,397
3209,64616121,0,0,0,0,0,350
3210,64626121,0,0,0,0,0,316
3211,64636120,0,0,0,0,0,284
3212,64646121,0,0,0,0,0,283
3213,64656121,0,0,2,0,0,286
3214,64666120,0,0,0,0,0,241
3215,64676121,0,0,0,0,0,265
3216,64686120,0,0,0,0,0,249
3217,64696121,0,0,0,0,0,234
3218,64706121,0,0,0,0,0,229
3219,64716121,0,0,0,0,0,221
3220,64726121,0,0,0,0,0,206
3221,64736120,0,55,0,0,0,108
3222,64746121,3,172,0,0,0,55
3223,64756121,104,363,0,0,0,0
3224,64766121,320,601,0,0,0,0
3225,64776121,603,821,0,0,0,0
3226,64786120,828,1005,0,0,0,0
3227,64796121,1016,1135,0,0,0,0
3228,64806121,1137,1237,0,0,1,0
3229,64816121,1244,1326,0,0,0,0
3230,64826121,1350,1416,0,8,0,0
3231,64836120,1416,1475,29,43,0,0
3232,64846121,1444,1504,93,105,0,0
3233,64856121,1456,1517,159,172,0,0
3234,64866121,1370,1502,212,201,0,0
3235,64876121,1472,1545,296,315,0,15
3236,64886120,1483,1552,354,386,0,97
3237,64896121,1503,1566,409,439,0,172
3238,64906121,1519,1576,459,490,0,214
3239,64916121,1541,1587,491,537,0,266
3240,64926121,1551,1593,531,581,0,301
3241,64936120,1454,1565,503,622,0,349
3242,64946121,1558,1597,609,662,0,419
3243,64956121,1552,1592,643,696,3,465
3244,64966121,1549,1587,669,732,26,513
3245,64976121,1538,1577,696,746,51,581
3246,64986120,1525,1569,711,753,85,629
3247,64996121,1514,1560,719,776,112,669
3248,65006121,1509,1548,733,781,143,708
3249,65016121,1488,1526,741,795,168,735
3250,65026121,1470,1508,745,802,203,763
3251,65036120,1446,1484,753,808,224,795
3252,65046121,1418,1456,760,824,255,827
3253,65056121,1387,1426,769,839,284,851
3254,65066121,1352,1391,776,778,304,823
3255,65076121,1325,1362,791,866,355,889
3256,65086120,1301,1332,794,875,378,905
3257,65096121,1278,1305,801,894,398,920
3258,65106121,1265,1280,803,892,412,922
3259,65116121,1257,1268,811,899,422,934
3260,65126121,1245,1258,812,907,448,937
3261,65136120,1236,1243,816,915,457,949
3262,65146121,1221,1231,826,923,478,963
3263,65156121,1209,1219,827,933,514,976
3264,65166121,1196,1204,806,939,549,992
3265,65176121,1179,1193,0,948,566,1001
3266,65186120,1173,1180,0,957,586,1018
3267,65196121,1159,1166,0,968,601,1028
3268,65206121,1144,1158,0,975,618,1039
3269,65216121,1134,1142,0,985,645,1050
3270,65226121,1119,1129,0,1002,676,1058
3271,65236120,1103,1115,0,1013,695,1080
3272,65246121,1080,1098,0,1028,724,1095
3273,65256121,1052,1076,0,1045,748,1110
3274,65266121,1012,1050,860,1063,778,1126
3275,65276121,970,1015,871,1081,795,1144
3276,65286120,921,973,888,1096,817,1165
3277,65296121,870,930,938,1116,846,1182
3278,65306121,809,877,954,1139,876,1200
3279,65316121,746,812,982,1159,912,1214
3280,65326121,654,748,976,1181,945,1238
3281,65336120,551,686,1002,1200,991,1264
3282,65346121,443,614,1020,1217,1041,1293
3283,65356121,331,510,1032,1233,1087,0
3284,65366121,215,418,1037,1248,1137,0
3285,65376121,78,309,1040,1259,1179,0
3286,65386120,0,150,977,1272,1223,0
3287,65396121,0,77,1033,1283,1257,1429
3288,65406121,0,0,1013,1298,1279,1451
3289,65416121,0,0,994,1305,1301,1472
3290,65426121,0,0,963,1315,1310,1492
3291,65436120,0,0,907,1316,1310,1510
3292,65446121,0,0,802,1315,1296,1522
3293,65456120,0,0,755,1306,1263,1543
3294,65466121,0,0,665,1277,1206,1555
3295,65476121,0,0,559,1227,1100,0
3296,65486120,0,0,440,1137,974,1585
3297,65496121,0,0,333,1032,760,1601
3298,65506121,0,0,285,939,536,1602
3299,65516121,0,0,243,859,228,1558
3300,65526121,0,0,197,782,78,1467
3301,65536120,0,0,153,703,0,1324
3302,65546120,0,0,141,625,0,1175
3303,65556120,0,0,126,548,0,1033
3304,65566120,0,0,118,461,0,794
3305,65576120,0,0,103,375,0,491
3306,65586120,0,0,88,281,0,69
3307,65596120,0,0,62,208,0,53
3308,65606120,0,0,45,176,0,168
3309,65616120,0,0,20,132,0,238
3310,65626120,0,0,3,106,0,225
3311,65636120,0,0,0,84,0,194
3312,65646120,0,0,0,72,0,183
3313,65656120,0,0,0,62,0,188
3314,65666120,0,0,0,64,0,188
3315,65676120,0,0,0,72,0,189
3316,65686120,0,0,0,88,0,179
3317,65696120,0,0,0,106,0,183
3318,65706120,0,0,0,120,0,188
3319,65716120,0,0,0,120,0,201
3320,65726120,0,0,2,120,0,215
3321,65736120,0,0,0,113,0,223
3322,65746120,0,0,0,104,0,245
3323,65756120,0,0,0,92,0,279
3324,65766120,0,0,0,87,0,300
3325,65776120,0,0,0,76,0,324
3326,65786120,0,0,0,74,0,356
3327,65796120,0,0,0,68,0,373
3328,65806121,0,0,0,53,0,404
3329,65816121,0,0,0,55,0,425
3330,65826121,0,0,0,60,0,426
3331,65836120,0,0,0,64,0,429
3332,65846121,0,0,0,69,0,427
3333,65856121,0,0,0,75,0,418
3334,65866121,0,0,0,76,0,408
3335,65876121,0,0,0,76,0,403
3336,65886120,0,0,0,71,0,392
3337,65896121,0,0,0,56,0,356
3338,65906121,0,0,0,49,0,342
3339,65916120,0,0,0,29,0,275
3340,65926121,0,0,0,52,0,242
3341,65936120,0,0,0,59,0,177
3342,65946121,0,1,0,65,0,134
3343,65956121,0,10,0,62,0,81
3344,65966121,0,21,0,55,0,44
3345,65976121,0,35,0,19,0,7
3346,65986120,0,41,0,29,0,2
3347,65996121,0,78,0,24,0,0
3348,66006121,0,106,0,17,0,0
3349,66016121,0,180,0,9,0,0
3350,66026121,38,242,0,0,0,0
3351,66036120,126,392,0,0,0,0
3352,66046121,230,536,0,0,0,0
3353,66056121,419,727,0,0,0,0
3354,66066121,589,878,0,0,0,0
3355,66076121,754,1012,0,0,0,0
3356,66086120,916,1118,2,0,0,0
3357,66096121,1014,1198,0,0,0,0
3358,66106121,1034,1197,0,5,0,0
3359,66116121,1142,1279,20,54,0,0
3360,66126121,1175,1298,53,86,0,0
3361,66136120,1198,1313,98,140,0,0
3362,66146121,1222,1332,136,194,0,10
3363,66156121,1248,1353,192,233,0,64
3364,66166121,1273,1371,221,285,0,143
3365,66176121,1303,1397,251,327,0,231
3366,66186120,1332,1421,295,356,0,313
3367,66196121,1361,1441,315,381,0,368
3368,66206121,1385,1461,333,413,1,426
3369,66216121,1406,1480,356,427,24,486
3370,66226121,1427,1497,372,447,36,530
3371,66236120,1443,1508,395,465,42,533
3372,66246121,1455,1517,424,480,80,591
3373,66256121,1467,1527,449,504,103,623
3374,66266121,1479,1530,471,540,137,656
3375,66276121,1485,1540,490,576,165,688
3376,66286120,1493,1540,502,598,198,727
3377,66296121,1495,1544,525,610,235,734
3378,66306121,1503,1550,531,631,264,760
3379,66316121,1508,1552,538,637,270,777
3380,66326121,1509,1554,548,647,296,786
3381,66336120,1516,1556,551,654,327,792
3382,66346121,1517,1554,554,659,348,805
3383,66356121,1515,1554,557,663,363,810
3384,66366120,1396,1529,497,641,339,808
3385,66376121,1510,1542,564,668,391,819
3386,66386120,1506,1535,562,673,406,820
3387,66396121,1499,1528,565,674,417,820
3388,66406121,1494,1523,566,676,426,811
3389,66416121,1491,1517,559,679,439,810
3390,66426121,1489,1514,555,673,440,792
3391,66436120,1491,1513,552,673,456,789
3392,66446121,1500,1514,541,671,460,771
3393,66456121,1492,1515,539,666,461,748
3394,66466121,1495,1518,534,663,460,725
3395,66476121,1503,1521,518,654,464,685
3396,66486120,1503,1525,504,639,456,660
3397,66496121,1508,1531,494,626,455,631
3398,66506121,1513,1535,476,611,454,614
3399,66516121,1517,1542,467,601,458,611
3400,66526121,1523,1546,471,596,464,601
3401,66536120,1524,1549,469,579,446,589
3402,66546121,1537,1552,464,584,453,582
3403,66556121,1541,1555,462,585,448,596
3404,66566121,1548,1557,474,601,456,617
3405,66576121,1549,1558,496,622,467,650
3406,66586120,1549,1555,503,633,473,676
3407,66596121,1546,1552,524,655,490,694
3408,66606121,1546,1547,527,668,498,730
3409,66616121,1539,1541,543,684,514,776
3410,66626121,1529,1527,562,699,531,818
3411,66636120,1521,1510,576,719,540,872
3412,66646121,1508,1486,591,738,553,919
3413,66656121,1488,1458,604,748,567,958
3414,66666121,1452,1415,616,765,583,993
3415,66676121,1412,1349,632,789,596,1040
3416,66686120,1356,1264,657,811,600,1073
3417,66696121,1274,1174,678,844,605,1110
3418,66706121,1177,1040,702,869,615,1146
3419,66716121,1060,907,719,892,633,1185
3420,66726121,883,794,731,926,655,1218
3421,66736120,695,663,736,947,681,1255
3422,66746121,504,484,730,970,720,1283
3423,66756121,261,274,710,984,761,1271
3424,66766121,49,103,641,1000,795,0
3425,66776121,0,0,531,1011,808,0
3426,66786120,0,0,457,998,810,0
3427,66796121,0,0,367,969,771,0
3428,66806121,0,0,284,907,698,0
3429,66816121,0,0,236,808,570,1371
3430,66826121,0,0,204,718,388,1370
3431,66836120,0,0,194,632,172,0
3432,66846121,0,0,158,531,16,1260
3433,66856121,0,0,119,392,0,1125
3434,66866121,0,0,97,390,0,947
3435,66876121,0,0,88,338,0,684
3436,66886120,0,0,87,290,0,364
3437,66896121,0,0,60,235,0,25
3438,66906121,0,0,42,165,0,0
3439,66916121,0,0,36,153,0,8
3440,66926121,0,0,28,130,0,43
3441,66936120,0,0,21,112,0,27
3442,66946121,0,0,18,107,0,7
3443,66956121,0,0,21,110,0,7
3444,66966121,0,0,23,120,0,5
3445,66976121,0,0,26,128,0,8
3446,66986120,0,0,31,140,0,5
3447,66996121,0,0,38,147,0,0
3448,67006121,0,0,43,159,0,5
3449,67016121,0,0,47,165,0,9
3450,67026121,0,0,49,168,0,5
3451,67036120,0,0,47,170,0,11
3452,67046121,0,0,42,173,0,21
3453,67056121,0,0,39,172,0,45
3454,67066121,0,0,30,171,0,46
3455,67076121,0,0,20,158,0,54
3456,67086120,0,0,12,149,0,52
3457,67096121,0,0,5,131,0,52
3458,67106121,0,0,0,125,0,54
3459,67116121,0,0,0,118,0,66
3460,67126121,0,0,0,116,0,73
3461,67136120,0,0,0,108,0,82
3462,67146121,0,0,0,109,0,90
3463,67156121,0,0,0,108,0,93
3464,67166121,0,0,0,108,0,94
3465,67176121,0,0,0,102,0,86
3466,67186120,0,0,0,89,0,56
3467,67196121,0,0,0,42,0,21
3468,67206121,0,0,0,68,0,31
3469,67216121,0,0,0,63,0,31
3470,67226121,0,0,0,63,0,32
3471,67236120,0,0,0,64,0,28
3472,67246121,0,0,0,59,0,20
3473,67256121,0,0,0,56,0,7
3474,67266121,0,0,0,56,0,4
3475,67276121,0,0,0,56,0,0
3476,67286120,0,0,0,54,0,0
3477,67296121,0,17,0,49,0,0
3478,67306121,0,39,0,35,0,0
3479,67316121,0,85,0,29,0,0
3480,67326121,0,147,0,26,0,0
3481,67336120,22,211,0,18,0,0
3482,67346121,77,353,0,8,0,0
3483,67356121,226,553,0,3,0,2
3484,67366121,438,735,0,0,0,0
3485,67376121,645,911,0,0,0,0
3486,67386120,807,1041,0,0,0,0
3487,67396121,957,1117,0,0,0,0
3488,67406121,1053,1179,0,0,0,0
3489,67416121,1103,1220,0,2,0,0
3490,67426121,1137,1250,0,8,0,0
3491,67436120,1166,1269,9,23,0,0
3492,67446121,1193,1294,23,39,0,0
3493,67456121,1222,1311,59,83,0,0
3494,67466121,1245,1335,92,124,0,21
3495,67476121,1266,1363,121,170,0,68
3496,67486120,1301,1388,165,204,0,134
3497,67496121,1333,1415,204,238,0,203
3498,67506121,1364,1443,248,286,0,264
3499,67516121,1390,1471,291,324,0,303
3500,67526121,1427,1498,323,358,0,338
3501,67536120,1448,1522,361,379,0,358
3502,67546121,1467,1548,390,415,0,380
3503,67556121,1487,1564,411,449,0,399
3504,67566121,1506,1574,444,472,0,422
3505,67576121,1523,1588,478,491,0,448
3506,67586121,1545,1597,496,519,0,464
3507,67596121,1557,1611,521,540,0,486
3508,67606121,1564,1616,534,558,0,495
3509,67616121,1573,1620,548,582,0,535
3510,67626121,1577,1621,565,601,2,549
3511,67636120,1579,1620,587,617,14,576
3512,67646121,1479,1597,541,633,38,597
3513,67656121,1579,1617,599,652,57,612
3514,67666121,1576,1613,383,663,68,629
3515,67676121,1570,1610,0,674,84,641
3516,67686120,1561,1598,0,686,90,653
3517,67696121,1552,1592,0,699,107,667
3518,67706121,1540,1582,0,709,119,688
3519,67716121,1526,1571,0,719,138,689
3520,67726121,1519,1560,0,730,147,692
3521,67736120,1507,1554,0,738,167,711
3522,67746121,1499,1545,0,747,184,720
3523,67756121,1494,1533,0,754,192,729
3524,67766121,1489,1527,0,761,204,733
3525,67776121,1483,1519,0,699,194,687
3526,67786120,1483,1518,0,776,219,731
3527,67796121,1482,1515,0,783,234,726
3528,67806121,1482,1512,0,788,241,714
3529,67816121,1482,1511,0,795,256,699
3530,67826121,1484,1510,0,803,271,695
3531,67836120,1481,1508,0,811,277,689
3532,67846121,1475,1505,0,820,280,686
3533,67856121,1480,1502,0,839,282,676
3534,67866121,1476,1498,0,842,289,681
3535,67876121,1470,1494,0,855,289,684
3536,67886120,1465,1488,0,862,290,682
3537,67896121,1458,1479,0,874,295,684
3538,67906121,1450,1466,0,893,306,705
3539,67916121,1432,1449,454,913,319,729
3540,67926121,1419,1432,604,918,350,751
3541,67936120,1399,1413,698,931,369,789
3542,67946121,1382,1387,814,947,391,826
3543,67956121,1356,1366,842,961,419,865
3544,67966121,1333,1339,856,979,456,891
3545,67976121,1311,1312,870,996,485,913
3546,67986120,1290,1280,878,1013,501,941
3547,67996121,1260,1247,892,1045,532,977
3548,68006121,1221,1205,912,1055,551,1008
3549,68016121,1173,1162,925,1079,597,1048
3550,68026121,1105,1097,937,1011,624,1021
3551,68036120,1035,1041,957,1120,682,1116
3552,68046121,942,969,973,1143,729,1145
3553,68056121,859,886,980,1171,776,0
3554,68066121,778,816,999,1191,826,0
3555,68076121,653,743,1006,1210,871,0
3556,68086120,530,641,1013,1226,922,0
3557,68096121,394,528,1012,1235,976,0
3558,68106121,224,370,1009,1246,1041,0
3559,68116121,45,194,998,1251,1099,1357
3560,68126121,0,71,966,1253,1148,1420
3561,68136120,0,0,906,1251,1189,1457
3562,68146121,0,0,783,1242,1224,1494
3563,68156121,0,0,672,1216,1228,1515
3564,68166121,0,0,570,1173,1215,1557
3565,68176121,0,0,444,1084,1167,0
3566,68186120,0,0,334,980,1066,0
3567,68196121,0,0,233,837,925,1650
3568,68206121,0,0,145,741,739,1675
3569,68216121,0,0,80,625,509,603
3570,68226120,0,0,23,502,272,1671
3571,68236120,0,3,26,509,150,1618
3572,68246121,0,0,19,455,41,1532
3573,68256121,0,0,13,395,0,1404
3574,68266121,0,0,21,330,0,1251
3575,68276121,0,0,36,1,0,1114
3576,68286120,0,0,47,246,0,883
3577,68296121,0,0,53,218,0,660
3578,68306121,0,0,46,164,0,322
3579,68316121,0,43,20,88,0,195
3580,68326121,0,8,11,77,0,270
3581,68336120,0,1,5,68,0,319
3582,68346121,0,0,0,59,0,313
3583,68356121,0,0,0,54,0,266
3584,68366121,0,1,0,54,0,245
3585,68376121,0,0,0,54,0,223
3586,68386120,0,0,0,59,0,211
3587,68396121,0,0,0,64,0,196
3588,68406121,0,0,0,71,0,184
3589,68416121,0,0,0,76,0,169
3590,68426121,0,0,0,85,0,166
3591,68436120,0,0,0,92,0,172
3592,68446121,0,0,0,81,0,188
3593,68456121,0,0,0,73,0,220
3594,68466121,0,0,0,68,0,256
3595,68476121,0,0,0,57,0,299
3596,68486120,0,0,0,55,0,342
3597,68496121,0,0,0,49,0,390
3598,68506121,0,0,0,50,0,415
3599,68516121,0,0,0,45,0,442
3600,68526121,0,0,0,44,0,462
3601,68536120,0,0,0,42,0,509
3602,68546121,0,0,0,38,0,554
3603,68556121,0,0,0,19,0,579
3604,68566121,0,0,0,8,0,591
3605,68576121,0,0,0,5,0,603
3606,68586120,0,0,0,3,0,603
3607,68596121,0,0,0,2,0,573
3608,68606121,0,0,0,2,0,529
3609,68616121,0,0,0,0,0,472
3610,68626121,0,0,0,1,0,409
3611,68636120,0,0,0,0,0,387
3612,68646121,0,0,0,1,0,369
3613,68656121,0,0,0,3,0,347
3614,68666121,0,0,0,4,0,330
3615,68676121,0,0,0,2,0,302
3616,68686120,0,0,0,3,0,281
3617,68696121,0,0,0,3,0,242
3618,68706121,0,0,0,1,0,210
3619,68716121,0,71,0,0,0,83
3620,68726121,91,236,0,0,0,0
3621,68736120,411,617,0,0,0,0
3622,68746121,809,969,0,0,0,0
3623,68756121,1106,1221,0,0,0,0
3624,68766121,1283,1387,0,0,0,0
3625,68776121,1400,1485,0,0,0,0
3626,68786120,1470,1555,18,0,0,0
3627,68796121,1499,1584,47,8,0,0
3628,68806121,1438,1539,65,29,0,0
3629,68816121,1514,1596,87,52,0,0
3630,68826121,1515,1602,145,105,0,0
3631,68836120,1523,1609,218,184,0,0
3632,68846121,1538,1618,297,248,0,0
3633,68856121,1554,1620,357,343,0,0
3634,68866121,1465,1605,351,386,0,0
3635,68876121,1575,1636,459,451,0,0
3636,68886120,1585,1643,511,503,0,0
3637,68896121,1593,1640,556,541,0,0
3638,68906121,1598,1646,595,585,0,8
3639,68916121,1600,1644,630,624,0,27
3640,68926121,1595,1641,661,654,0,87
3641,68936120,1588,1634,688,694,0,157
3642,68946121,1578,1626,716,723,0,206
3643,68956121,1571,1616,737,750,0,265
3644,68966121,1563,1610,754,766,2,308
3645,68976121,1555,1594,765,790,15,361
3646,68986120,1540,1585,778,802,40,408
3647,68996121,1451,1511,790,812,57,427
3648,69006121,1507,1560,801,826,79,457
3649,69016121,1491,1538,808,840,99,490
3650,69026121,1470,1516,824,857,122,525
3651,69036120,1449,1494,834,876,135,556
3652,69046121,1433,1466,849,897,147,583
3653,69056121,1405,1444,858,913,165,607
3654,69066121,1378,1424,870,927,174,631
3655,69076121,1360,1394,874,939,183,650
3656,69086120,1340,1371,887,950,212,664
3657,69096121,1324,1354,891,960,217,680
3658,69106121,1309,1335,900,967,238,697
3659,69116121,1292,1318,912,985,260,718
3660,69126121,1271,1292,922,1005,259,715
3661,69136120,1250,1265,937,1025,325,791
3662,69146121,1224,1243,950,1050,358,824
3663,69156121,1193,1212,962,1074,380,843
3664,69166121,1171,1193,978,1088,403,869
3665,69176121,1143,1173,988,1104,425,891
3666,69186120,1114,1149,999,1119,450,917
3667,69196121,1007,1065,968,1134,474,947
3668,69206121,1040,1082,1028,1162,524,977
3669,69216121,981,1042,1041,1182,561,1012
3670,69226121,928,992,1052,1195,601,1054
3671,69236120,870,942,1063,1210,636,1085
3672,69246121,817,897,1068,1231,669,1118
3673,69256121,742,851,1085,1247,728,1153
3674,69266121,649,795,1099,1263,779,1188
3675,69276121,569,740,1109,1285,826,0
3676,69286120,479,668,1117,1294,879,0
3677,69296121,367,564,1128,1309,936,0
3678,69306121,243,457,1130,1329,986,0
3679,69316121,107,357,1139,1348,1043,1353
3680,69326121,14,232,1146,1362,1076,1384
3681,69336120,0,120,1155,1383,1122,1416
3682,69346121,0,31,1162,1396,1158,1443
3683,69356121,0,0,1162,1418,1187,1468
3684,69366121,0,0,1156,1434,1218,1492
3685,69376121,0,0,1159,1452,1250,1516
3686,69386120,0,0,1147,1464,1269,1537
3687,69396121,0,0,1135,1473,1286,1558
3688,69406121,0,0,1116,1491,1291,1578
3689,69416121,0,0,1061,1495,1290,1593
3690,69426121,0,0,971,1496,1263,1612
3691,69436120,0,0,928,1489,1210,1626
3692,69446121,0,0,859,1464,1133,1636
3693,69456121,0,0,799,1417,1000,0
3694,69466120,0,0,675,1242,815,0
3695,69476121,0,0,599,1234,627,1661
3696,69486120,0,0,523,1132,366,1651
3697,69496121,0,0,454,1041,145,1610
3698,69506121,0,0,359,959,35,1529
3699,69516121,0,0,286,886,0,1425
3700,69526121,0,0,217,802,0,1303
3701,69536120,0,0,174,690,0,1169
3702,69546121,0,0,145,565,0,982
3703,69556121,0,0,107,463,0,750
3704,69566121,0,0,105,380,0,447
3705,69576121,0,0,97,230,0,95
3706,69586120,0,0,76,148,0,18
3707,69596121,0,1,71,122,0,38
3708,69606121,0,0,46,118,0,87
3709,69616121,0,0,34,97,0,123
3710,69626121,0,0,25,86,0,133
3711,69636120,0,0,12,66,0,103
3712,69646121,0,0,0,53,0,90
3713,69656121,0,0,0,43,0,74
3714,69666121,0,0,0,54,0,57
3715,69676121,0,0,0,38,2,53
3716,69686120,0,0,0,0,0,53
3717,69696121,0,0,0,35,0,55
3718,69706121,0,0,0,36,0,56
3719,69716121,0,0,0,38,0,74
3720,69726120,0,0,0,0,0,64
3721,69736120,0,0,0,36,0,122
3722,69746121,0,0,0,40,0,163
3723,69756121,0,0,0,26,0,213
3724,69766121,0,0,3,45,0,250
3725,69776121,0,0,6,49,0,289
3726,69786120,0,0,6,43,0,335
3727,69796121,0,0,6,42,0,365
3728,69806121,0,0,4,39,0,396
3729,69816121,0,0,4,38,0,426
3730,69826121,0,0,0,27,0,462
3731,69836120,0,0,0,21,0,494
3732,69846121,0,0,0,11,0,506
3733,69856121,0,0,0,9,0,520
3734,69866121,0,0,0,12,0,506
3735,69876121,0,0,0,10,0,476
3736,69886120,0,0,0,15,0,423
3737,69896121,0,0,0,14,0,365
3738,69906121,0,0,0,19,0,321
3739,69916120,0,0,0,6,0,301
3740,69926121,0,0,0,16,0,283
3741,69936120,0,0,0,12,0,275
3742,69946121,0,0,0,11,0,270
3743,69956121,0,0,0,16,0,273
3744,69966121,0,0,0,16,0,274
3745,69976121,0,0,0,19,0,270
3746,69986120,0,0,0,19,0,253
3747,69996121,0,0,0,20,0,234
3748,70006121,0,0,0,10,0,197
3749,70016121,0,0,0,0,0,138
3750,70026121,0,35,0,0,0,82
3751,70036120,14,106,0,0,0,33
3752,70046120,113,196,0,0,0,0
3753,70056121,341,455,0,0,0,0
3754,70066121,673,758,0,0,0,0
3755,70076121,885,972,0,0,0,0
3756,70086120,1002,1080,0,0,0,0
3757,70096121,1093,1165,0,0,0,0
3758,70106121,1193,1271,7,0,0,0
3759,70116121,1298,1354,39,13,0,0
3760,70126121,1368,1418,77,48,0,0
3761,70136120,1400,1444,136,123,0,0
3762,70146121,1423,1467,264,255,0,0
3763,70156121,1428,1478,373,373,0,0
3764,70166121,1427,1479,479,479,0,0
3765,70176121,1430,1481,572,572,0,29
3766,70186120,1434,1488,650,657,0,102
3767,70196121,1442,1490,714,727,0,164
3768,70206121,1447,1490,767,794,0,219
3769,70216121,1446,1490,826,852,0,271
3770,70226121,1446,1476,887,921,0,333
3771,70236120,1437,1465,930,987,0,396
3772,70246121,1425,1453,973,1048,0,458
3773,70256121,1403,1434,1002,1099,6,512
3774,70266121,1379,1405,1024,1137,37,565
3775,70276121,1354,1378,1046,1173,69,615
3776,70286120,1324,1354,1062,1192,91,666
3777,70296121,1296,1324,1075,1213,127,705
3778,70306121,1261,1284,1078,1228,134,723
3779,70316121,1236,1245,1090,1239,192,789
3780,70326121,1201,1195,1094,1251,232,820
3781,70336120,1165,1155,1099,1255,261,860
3782,70346121,1132,1112,1101,1260,283,887
3783,70356121,1091,1069,1104,1267,329,909
3784,70366121,1048,1032,1104,1270,364,938
3785,70376121,1003,998,1105,1275,369,930
3786,70386120,957,964,1106,1283,423,985
3787,70396121,920,937,1109,1288,464,1002
3788,70406121,887,915,1108,1301,493,1020
3789,70416121,857,883,1109,1294,540,1048
3790,70426121,825,853,1111,1300,593,1073
3791,70436120,784,822,1111,1302,631,1098
3792,70446121,733,794,1112,1307,662,1120
3793,70456121,696,752,1112,1310,702,0
3794,70466121,658,716,1113,1315,763,0
3795,70476121,618,681,1115,1317,806,0
3796,70486120,585,652,1114,1319,844,0
3797,70496121,548,615,1113,1325,885,0
3798,70506121,450,544,1061,1320,915,0
3799,70516121,455,548,1110,1328,946,0
3800,70526121,415,510,1107,1333,973,0
3801,70536120,362,459,1109,1335,1003,0
3802,70546121,304,414,1109,1339,1033,0
3803,70556121,243,363,1108,1342,1067,1298
3804,70566121,170,311,1106,1350,1098,1317
3805,70576121,84,230,1102,1354,1123,1327
3806,70586120,43,199,1099,1358,1149,1346
3807,70596121,9,131,1096,1367,1172,1368
3808,70606121,0,79,1093,1371,1187,1368
3809,70616121,0,37,1083,1373,1195,1376
3810,70626121,0,6,1072,1372,1197,1380
3811,70636120,0,0,1049,1369,1195,1376
3812,70646121,0,0,1018,1361,1185,1383
3813,70656121,0,0,985,1348,1166,1380
3814,70666121,0,0,946,1336,1151,1373
3815,70676121,0,0,892,1330,1136,1364
3816,70686120,0,0,824,1301,1119,1347
3817,70696121,1,0,736,1272,1091,1327
3818,70706121,0,0,625,1230,1055,0
3819,70716121,0,0,503,1152,959,0
3820,70726121,0,0,398,1050,849,1317
3821,70736120,0,0,322,924,716,1318
3822,70746121,0,0,239,812,520,1317
3823,70756121,0,0,194,716,282,1276
3824,70766121,0,0,147,587,120,1139
3825,70776121,0,0,103,478,5,1102
3826,70786120,0,0,73,383,0,955
3827,70796121,0,0,56,325,0,761
3828,70806121,0,0,52,0,0,435
3829,70816121,0,0,42,185,0,86
3830,70826121,0,0,40,116,0,0
3831,70836120,0,0,21,92,0,0
3832,70846121,0,0,49,123,0,21
3833,70856121,0,0,52,121,0,17
3834,70866121,0,0,44,115,0,0
3835,70876121,0,0,50,115,0,0
3836,70886120,0,0,48,118,0,0
3837,70896121,0,0,43,110,0,0
3838,70906121,0,0,39,107,0,0
3839,70916121,0,0,41,99,0,0
3840,70926121,0,0,36,84,0,0
3841,70936120,0,0,34,81,0,0
3842,70946121,0,0,25,75,0,0
3843,70956121,0,0,20,69,0,0
3844,70966121,0,0,16,27,0,0
3845,70976121,0,0,12,53,0,0
3846,70986120,0,0,9,60,0,0
3847,70996121,0,0,6,49,0,0
3848,71006121,0,0,4,49,0,0
3849,71016121,0,0,2,49,0,0
3850,71026121,0,0,0,45,0,0
3851,71036120,0,0,0,43,0,0
3852,71046121,0,0,0,41,0,0
3853,71056121,0,0,0,41,0,0
3854,71066121,0,0,0,38,0,0
3855,71076121,0,0,0,40,0,0
3856,71086120,0,0,0,43,0,0
3857,71096121,0,0,0,46,0,0
3858,71106121,0,0,0,59,0,0
3859,71116121,0,0,1,60,0,0
3860,71126121,0,0,6,69,0,0
3861,71136120,0,0,14,79,0,0
3862,71146121,0,0,19,82,0,0
3863,71156121,0,0,21,84,0,0
3864,71166121,0,0,25,89,0,0
3865,71176121,0,0,28,93,0,0
3866,71186120,0,0,30,93,0,0
3867,71196121,0,0,28,100,0,0
3868,71206121,0,0,32,103,0,0
3869,71216121,0,0,34,103,0,0
3870,71226121,0,0,37,102,0,0
3871,71236120,0,0,39,100,0,0
3872,71246121,0,0,41,99,0,0
3873,71256121,0,0,40,103,0,0
3874,71266121,0,0,42,106,0,0
3875,71276121,0,0,42,108,0,0
3876,71286120,0,0,41,107,0,0
3877,71296121,0,0,42,85,0,0
3878,71306121,0,0,40,79,0,0
3879,71316121,0,43,51,75,0,0
3880,71326121,14,132,69,81,0,0
3881,71336120,125,339,80,71,0,0
3882,71346121,427,647,80,46,0,0
3883,71356121,744,890,86,31,0,0
3884,71366121,962,1054,91,28,0,0
3885,71376121,1053,1131,105,49,0,0
3886,71386120,1099,1161,136,84,0,0
3887,71396121,1113,1183,222,154,0,1
3888,71406121,1122,1194,350,327,0,0
3889,71416121,1123,1196,480,470,0,0
3890,71426121,1128,1204,604,599,0,37
3891,71436120,1141,1210,704,711,0,119
3892,71446121,1160,1227,785,791,0,213
3893,71456121,1179,1243,837,854,0,285
3894,71466121,1200,1263,888,904,0,336
3895,71476121,1221,1279,922,939,0,363
3896,71486120,1231,1305,953,965,0,402
3897,71496121,1257,1314,976,988,0,422
3898,71506121,1271,1326,997,1006,0,0
3899,71516121,1283,1338,1010,1021,0,0
3900,71526121,1290,1341,1022,1035,4,0
3901,71536120,1290,1349,1034,1048,19,524
3902,71546121,1292,1357,1045,1057,36,547
3903,71556120,1293,1356,1054,1065,57,562
3904,71566121,1291,1358,1057,1073,71,581
3905,71576121,1292,1360,1051,1079,86,598
3906,71586120,1289,1361,1056,1082,99,615
3907,71596121,1276,1359,1060,1088,104,632
3908,71606121,1267,1351,1068,1095,117,653
3909,71616121,1256,1340,1069,1098,122,669
3910,71626121,1250,1336,1072,1107,140,691
3911,71636120,1242,1334,1072,1112,153,708
3912,71646121,1230,1329,1070,1114,163,718
3913,71656121,1227,1328,1074,1117,172,740
3914,71666121,1228,1328,1074,1115,186,741
3915,71676121,1226,1329,1071,1117,201,742
3916,71686120,1166,1276,1070,1118,216,0
3917,71696121,1229,1326,1071,1122,230,0
3918,71706121,1220,1325,1066,1123,247,0
3919,71716121,1203,1316,1080,1123,257,0
3920,71726121,1187,1307,1088,1124,276,0
3921,71736120,1173,1299,1092,1125,289,0
3922,71746121,1157,1285,1087,1124,315,0
3923,71756121,1143,1274,1080,1121,336,2
3924,71766121,1135,1267,1082,1117,343,0
3925,71776121,1134,1260,1082,1115,379,0
3926,71786120,1130,1257,1082,1110,395,0
3927,71796121,1126,1252,1084,1110,419,0
3928,71806121,1112,1240,1084,1112,432,0
3929,71816120,1099,1234,1086,1115,459,0
3930,71826121,1087,1212,1085,1114,486,0
3931,71836120,1072,1192,1082,1112,505,0
3932,71846121,1072,1174,1087,1112,528,0
3933,71856121,1078,1157,1077,1110,541,0
3934,71866121,1081,1148,1077,1103,552,0
3935,71876120,1091,1100,1032,1021,553,0
3936,71886120,1098,1155,1075,1098,570,0
3937,71896121,1102,1155,1076,1097,577,0
3938,71906121,1110,1160,1068,1093,581,0
3939,71916121,1111,1158,1075,1085,597,0
3940,71926121,1117,1161,1068,1081,600,0
3941,71936120,1121,1164,1065,1076,603,0
3942,71946120,1128,1114,1014,988,580,0
3943,71956121,1137,1175,1054,1053,586,0
3944,71966121,1142,1178,1044,1039,572,0
3945,71976121,1148,1179,1026,1019,542,1012
3946,71986120,1154,1186,1009,999,501,1023
3947,71996121,1161,1187,987,972,461,991
3948,72006121,1165,1190,958,942,414,943
3949,72016121,1162,1187,926,916,365,904
3950,72026121,1152,1175,893,885,312,849
3951,72036120,1109,1126,868,864,293,839
3952,72046121,1008,1003,843,859,303,866
3953,72056121,841,837,820,868,343,908
3954,72066121,655,664,782,872,379,950
3955,72076120,423,482,685,817,395,977
3956,72086120,154,334,654,864,538,1026
3957,72096121,21,185,552,827,596,1025
3958,72106121,0,75,430,778,638,0
3959,72116121,0,2,359,688,640,0
3960,72126121,0,0,280,578,591,0
3961,72136120,0,0,220,470,459,867
3962,72146121,0,0,172,364,371,827
3963,72156121,0,0,113,279,227,698
3964,72166121,0,0,83,214,68,512
3965,72176121,0,0,50,161,0,291
3966,72186120,0,0,24,98,0,71
3967,72196121,0,0,2,26,0,0
3968,72206121,0,4,0,23,0,0
3969,72216121,0,36,0,23,0,0
3970,72226121,0,10,0,25,0,0
3971,72236120,0,11,2,36,0,0
3972,72246121,0,29,1,32,0,0
3973,72256121,0,39,0,27,0,0
3974,72266121,0,51,0,29,0,0
3975,72276121,0,53,5,28,0,0
3976,72286120,0,54,0,30,0,0
3977,72296121,0,55,0,34,0,0
3978,72306121,0,50,0,35,0,0
3979,72316121,0,45,0,23,0,0
3980,72326121,0,41,0,11,0,0
3981,72336120,0,38,0,7,0,0
3982,72346121,0,34,0,1,0,0
3983,72356121,0,25,0,2,0,0
3984,72366121,0,23,0,0,0,0
3985,72376121,0,20,0,0,0,0
3986,72386120,0,14,0,0,0,0
3987,72396121,0,10,0,0,0,0
3988,72406120,0,4,0,0,0,0
3989,72416121,0,0,0,0,0,0
3990,72426121,0,0,0,0,0,0
3991,72436120,0,6,0,0,0,0
3992,72446121,0,0,0,0,0,0
3993,72456121,0,0,0,0,0,0
3994,72466121,0,0,0,0,0,0
3995,72476121,0,0,0,0,0,0
3996,72486120,0,0,0,0,0,0
3997,72496121,0,0,0,0,0,0
3998,72506121,0,0,0,1,0,0
3999,72516121,0,0,0,5,0,0
4000,72526121,0,0,0,6,0,0
4001,72536120,0,0,0,8,0,0
4002,72546121,0,0,0,6,0,0
4003,72556121,0,0,0,6,0,0
4004,72566121,0,0,0,0,0,0
4005,72576121,0,0,0,0,0,0
4006,72586120,0,0,0,0,0,0
4007,72596121,0,0,0,1,0,0
4008,72606121,0,0,0,1,0,0
4009,72616121,0,0,0,2,0,0
4010,72626121,0,0,0,8,0,0
4011,72636120,0,0,0,8,0,0
4012,72646121,0,0,0,11,0,0
4013,72656121,0,0,0,13,0,0
4014,72666121,0,14,0,12,0,0
4015,72676121,0,109,0,7,0,0
4016,72686120,80,242,0,7,0,0
4017,72696121,206,428,0,0,0,0
4018,72706121,503,709,0,0,0,0
4019,72716121,796,960,0,0,0,0
4020,72726121,1012,1145,0,0,0,0
4021,72736120,1176,1274,10,0,0,0
4022,72746121,1300,1384,40,21,0,0
4023,72756121,1381,1471,97,62,0,0
4024,72766121,1426,1501,138,134,0,0
4025,72776121,1436,1516,230,203,0,0
4026,72786120,1435,1521,302,264,0,0
4027,72796121,1435,1521,376,345,0,0
4028,72806121,1344,1507,393,431,0,0
4029,72816121,1453,1547,502,493,0,0
4030,72826121,1468,1558,554,551,0,0
4031,72836120,1493,1568,591,590,0,23
4032,72846121,1518,1584,618,617,0,49
4033,72856121,1543,1597,647,641,0,77
4034,72866121,1560,1608,666,663,0,111
4035,72876121,1570,1616,691,685,0,148
4036,72886120,1575,1622,717,712,0,182
4037,72896121,1575,1618,737,736,0,207
4038,72906121,1566,1616,765,763,0,253
4039,72916121,1558,1611,788,788,0,292
4040,72926121,1554,1609,810,809,0,312
4041,72936120,1543,1605,819,826,0,320
4042,72946121,1529,1594,837,846,0,365
4043,72956121,1524,1590,843,855,8,399
4044,72966121,1513,1581,853,866,23,419
4045,72976121,1498,1566,857,876,24,454
4046,72986120,1480,1556,866,883,44,475
4047,72996121,1458,1544,873,890,61,497
4048,73006121,1439,1526,879,903,71,523
4049,73016121,1415,1511,886,916,83,545
4050,73026121,1396,1496,899,929,98,571
4051,73036120,1380,1484,907,939,119,590
4052,73046121,1367,1472,913,950,114,606
4053,73056121,1358,1463,919,954,119,622
4054,73066121,1345,1453,922,962,121,618
4055,73076121,1333,1438,933,976,163,663
4056,73086120,1320,1431,940,982,185,0
4057,73096121,1302,1419,947,993,203,689
4058,73106121,1275,1401,955,1001,225,717
4059,73116121,1257,1382,963,1012,251,732
4060,73126121,1242,1365,972,1026,268,749
4061,73136120,1221,1342,981,1043,298,788
4062,73146121,1196,1319,987,1053,333,824
4063,73156121,1164,1299,996,1068,346,861
4064,73166121,1126,1267,1006,1082,393,892
4065,73176121,1082,1239,1017,1098,429,934
4066,73186120,1036,1188,1031,1116,468,959
4067,73196121,978,1148,1035,1047,485,933
4068,73206121,936,1104,1048,1152,559,1017
4069,73216121,877,1052,1057,1173,588,1048
4070,73226121,844,988,1066,1190,619,1072
4071,73236120,802,941,1076,1203,665,1107
4072,73246121,731,875,1085,1217,704,1132
4073,73256121,656,825,1092,1234,757,1116
4074,73266121,530,744,1102,1248,805,0
4075,73276121,487,729,1111,1262,832,0
4076,73286120,397,658,1120,1283,872,0
4077,73296121,309,585,1122,1289,913,0
4078,73306121,213,492,1125,1300,941,0
4079,73316121,112,421,1129,1313,971,0
4080,73326121,6,305,1040,1299,954,1287
4081,73336120,0,202,1126,1327,1022,1334
4082,73346121,0,81,1119,1339,1043,1352
4083,73356121,0,0,1104,1346,1057,1369
4084,73366121,0,0,1069,1352,1063,1381
4085,73376121,0,0,1018,1350,1055,1392
4086,73386120,0,0,948,1340,1048,1387
4087,73396121,0,0,822,1325,1015,1394
4088,73406121,0,0,724,1293,970,0
4089,73416121,0,0,620,1232,934,0
4090,73426121,0,0,516,1128,846,1440
4091,73436120,0,0,405,999,715,1460
4092,73446121,0,0,311,915,518,1469
4093,73456121,0,0,205,816,265,1451
4094,73466121,0,0,188,700,113,1406
4095,73476121,0,0,126,613,16,1316
4096,73486120,0,0,92,527,0,1205
4097,73496121,0,0,74,456,0,1093
4098,73506121,0,0,58,395,0,940
4099,73516120,0,0,48,287,0,655
4100,73526121,0,0,69,253,0,427
4101,73536120,0,0,65,158,0,190
4102,73546121,0,0,57,119,0,231
4103,73556121,0,0,42,107,0,350
4104,73566121,0,0,33,86,0,424
4105,73576121,0,0,18,64,0,429
4106,73586120,0,0,4,49,0,421
4107,73596121,0,0,1,40,0,418
4108,73606121,0,0,0,35,0,425
4109,73616121,0,0,0,29,0,428
4110,73626121,0,0,0,24,0,422
4111,73636120,0,0,0,21,0,416
4112,73646120,0,0,0,3,0,368
4113,73656121,0,0,0,24,0,419
4114,73666121,0,0,0,24,0,418
4115,73676121,0,0,0,28,0,419
4116,73686120,0,0,0,38,0,425
4117,73696121,0,0,0,38,0,438
4118,73706121,0,0,0,44,0,460
4119,73716121,0,0,3,41,0,469
4120,73726121,0,0,5,40,0,491
4121,73736120,0,0,6,41,0,514
4122,73746121,0,0,5,41,0,534
4123,73756121,0,0,3,41,0,552
4124,73766121,0,0,0,30,0,570
4125,73776121,0,0,0,23,0,582
4126,73786121,0,0,0,20,0,594
4127,73796121,0,0,0,15,0,597
4128,73806121,0,0,0,11,0,585
4129,73816121,0,0,0,10,0,572
4130,73826121,0,0,0,8,0,571
4131,73836120,0,0,0,7,0,581
4132,73846121,0,0,0,6,0,585
4133,73856121,0,0,0,2,0,591
4134,73866121,0,0,0,0,0,594
4135,73876121,0,0,0,0,0,602
4136,73886120,0,0,0,0,0,607
4137,73896121,0,0,0,0,0,605
4138,73906121,0,0,0,0,0,587
4139,73916121,0,0,0,0,0,555
4140,73926121,0,0,0,0,0,527
4141,73936120,0,0,0,0,0,499
4142,73946121,0,0,0,0,0,471
4143,73956121,0,0,0,0,0,435
4144,73966121,0,0,0,0,0,393
4145,73976121,0,0,0,0,0,333
4146,73986120,0,6,0,0,0,236
4147,73996121,0,75,0,0,0,164
4148,74006121,24,200,0,0,0,86
4149,74016121,164,438,0,0,0,0
4150,74026121,460,703,0,0,0,0
4151,74036120,737,943,0,0,0,0
4152,74046121,938,1116,0,0,0,0
4153,74056121,1084,1214,0,0,0,0
4154,74066121,1207,1309,0,0,0,0
4155,74076121,1310,1388,0,0,0,0
4156,74086120,1359,1432,2,0,0,0
4157,74096121,1374,1459,28,24,0,0
4158,74106121,1376,1466,71,35,0,0
4159,74116121,1383,1475,140,165,0,0
4160,74126121,1385,1480,200,221,0,0
4161,74136120,1398,1484,279,295,0,31
4162,74146121,1415,1497,343,371,0,93
4163,74156121,1436,1510,383,412,0,136
4164,74166121,1453,1523,431,445,0,170
4165,74176121,1463,1542,466,482,0,194
4166,74186120,1489,1551,496,503,0,216
4167,74196121,1501,1563,518,531,0,247
4168,74206121,1515,1575,543,555,0,275
4169,74216121,1525,1590,566,575,0,293
4170,74226121,1532,1585,597,606,0,326
4171,74236120,1542,1591,618,630,0,363
4172,74246121,1547,1592,635,650,0,409
4173,74256121,1551,1592,658,663,0,428
4174,74266121,1555,1594,679,676,1,446
4175,74276121,1557,1594,681,692,9,469
4176,74286120,1558,1592,688,698,23,498
4177,74296121,1557,1592,698,713,24,521
4178,74306121,1554,1587,711,724,41,544
4179,74316121,1550,1580,714,732,44,569
4180,74326121,1546,1584,727,741,61,579
4181,74336120,1537,1564,728,754,67,605
4182,74346121,1525,1557,736,758,76,621
4183,74356121,1515,1548,741,767,86,634
4184,74366121,1438,1476,751,777,94,640
4185,74376121,1499,1525,758,780,100,650
4186,74386120,1490,1515,763,791,103,652
4187,74396121,1479,1511,774,798,117,663
4188,74406121,1467,1497,787,811,115,673
4189,74416121,1455,1483,792,821,119,677
4190,74426121,1444,1472,799,830,127,690
4191,74436120,1431,1460,808,845,148,700
4192,74446121,1417,1448,815,857,158,714
4193,74456121,1403,1436,825,871,171,728
4194,74466121,1395,1429,835,879,183,733
4195,74476121,1389,1421,843,887,204,741
4196,74486120,1384,1412,853,902,216,747
4197,74496121,1376,1402,858,909,232,761
4198,74506121,1366,1388,870,923,260,782
4199,74516121,1345,1372,876,928,281,795
4200,74526121,1325,1350,888,937,307,826
4201,74536120,1308,1322,893,949,339,845
4202,74546121,1280,1301,903,959,367,768
4203,74556121,1256,1282,915,973,389,837
4204,74566120,1133,1215,862,937,384,846
4205,74576121,1202,1230,935,1008,446,0
4206,74586120,1169,1196,947,1030,475,0
4207,74596121,1126,1166,956,1053,505,0
4208,74606121,1071,1115,974,1071,556,1
4209,74616121,1000,1066,985,1099,602,0
4210,74626121,939,1002,998,1115,650,0
4211,74636120,820,872,1011,1138,704,0
4212,74646121,783,819,1017,1163,762,0
4213,74656121,672,730,1031,1183,820,1152
4214,74666121,553,630,1036,1205,869,0
4215,74676121,397,521,1045,1220,916,0
4216,74686120,234,402,1044,1241,956,0
4217,74696121,77,251,1044,1255,1006,0
4218,74706120,0,112,1037,1270,1047,0
4219,74716121,0,0,1010,1280,1076,0
4220,74726121,0,0,963,1284,1104,0
4221,74736120,0,0,855,1283,1119,0
4222,74746121,0,0,748,1265,1134,0
4223,74756121,0,0,616,1235,1121,0
4224,74766121,0,0,502,1150,1047,1505
4225,74776121,0,0,378,1028,943,1543
4226,74786120,0,0,241,877,786,1573
4227,74796121,0,0,177,775,557,1585
4228,74806121,0,0,106,643,279,1553
4229,74816121,0,0,55,555,124,1459
4230,74826121,0,0,27,423,13,1272
4231,74836120,0,0,8,401,0,1184
4232,74846121,0,0,12,225,0,1032
4233,74856121,0,0,25,267,0,807
4234,74866121,0,0,28,219,0,488
4235,74876121,0,0,26,141,0,146
4236,74886120,0,32,16,104,0,156
4237,74896121,0,0,9,98,0,254
4238,74906121,0,0,5,77,0,286
4239,74916121,0,0,4,58,0,271
4240,74926121,0,0,0,54,0,225
4241,74936120,0,0,0,59,0,210
4242,74946121,0,0,0,59,0,217
4243,74956121,0,0,0,55,0,211
4244,74966121,0,0,0,64,0,208
4245,74976121,0,0,0,70,0,214
4246,74986120,0,0,0,71,0,224
4247,74996121,0,0,0,74,0,234
4248,75006121,0,0,0,65,0,260
4249,75016121,0,0,0,64,0,279
4250,75026121,0,0,2,54,0,294
4251,75036120,0,0,0,54,0,314
4252,75046121,0,0,0,52,0,334
4253,75056121,0,0,0,53,0,351
4254,75066121,0,0,0,51,0,363
4255,75076121,0,0,0,50,0,376
4256,75086120,0,0,0,44,0,407
4257,75096121,0,0,0,35,0,425
4258,75106121,0,0,0,34,0,439
4259,75116121,0,0,0,38,0,470
4260,75126121,0,0,0,40,0,497
4261,75136120,0,0,0,51,0,518
4262,75146121,0,0,0,45,0,508
4263,75156121,0,0,0,42,0,490
4264,75166121,0,0,0,41,0,483
4265,75176121,0,0,0,41,0,483
4266,75186120,0,0,0,37,0,475
4267,75196121,0,0,0,29,0,467
4268,75206121,0,0,0,26,0,458
4269,75216121,0,0,0,26,0,441
4270,75226121,0,0,0,21,0,416
4271,75236120,0,0,0,25,0,369
4272,75246121,0,0,0,22,0,329
4273,75256121,0,14,0,22,0,293
4274,75266121,0,26,0,23,0,249
4275,75276121,0,32,0,23,0,203
4276,75286120,0,23,0,4,0,118
4277,75296121,0,58,0,22,0,117
4278,75306121,0,75,0,23,0,71
4279,75316121,0,119,0,23,0,26
4280,75326121,0,163,0,22,0,1
4281,75336120,22,243,0,6,0,0
4282,75346121,104,371,0,3,0,0
4283,75356121,235,508,0,0,0,0
4284,75366121,422,665,0,0,0,0
4285,75376121,596,799,0,0,0,0
4286,75386120,753,914,0,0,0,0
4287,75396121,876,980,0,7,0,0
4288,75406121,943,1012,0,25,0,0
4289,75416121,974,1034,9,54,0,16
4290,75426121,1008,1065,42,74,0,93
4291,75436120,1048,1101,62,104,0,179
4292,75446121,1088,1128,88,134,0,263
4293,75456121,1131,1161,107,155,0,344
4294,75466121,1171,1198,131,178,0,418
4295,75476121,1198,1229,174,208,4,508
4296,75486120,1236,1254,208,239,33,590
4297,75496121,1270,1277,234,280,84,659
4298,75506121,1306,1319,264,312,103,725
4299,75516121,1334,1341,291,342,150,767
4300,75526121,1368,1373,325,370,180,802
4301,75536120,1398,1399,350,403,222,838
4302,75546120,1314,1387,339,391,246,865
4303,75556121,1443,1445,411,451,287,893
4304,75566121,1458,1463,430,468,320,915
4305,75576121,1470,1476,453,489,364,929
4306,75586120,1481,1485,472,507,392,947
4307,75596121,1488,1490,485,527,419,969
4308,75606121,1491,1492,496,535,455,981
4309,75616121,1496,1500,496,541,491,997
4310,75626121,1495,1487,477,550,526,1005
4311,75636120,1493,1489,496,555,571,1014
4312,75646121,1490,1484,506,562,602,1034
4313,75656121,1486,1479,479,568,632,1044
4314,75666121,1474,1462,485,571,654,1053
4315,75676121,1464,1449,487,574,689,1066
4316,75686120,1453,1437,487,581,716,1076
4317,75696121,1443,1423,486,585,746,1088
4318,75706121,1429,1404,488,588,772,1108
4319,75716121,1420,1386,485,592,804,1120
4320,75726121,1401,1371,488,599,830,1135
4321,75736120,1391,1350,484,601,852,1146
4322,75746121,1387,1334,475,602,816,1117
4323,75756121,1381,1323,477,602,893,1165
4324,75766121,1368,1313,478,604,904,1174
4325,75776121,1362,1302,461,612,919,1179
4326,75786120,1351,1290,461,614,936,1193
4327,75796121,1338,1277,460,616,959,1200
4328,75806121,1331,1261,470,621,973,1211
4329,75816121,1316,1240,477,632,987,1225
4330,75826121,1302,1210,495,648,1004,1237
4331,75836120,1278,1175,505,661,1018,1242
4332,75846121,1259,1120,525,673,1032,1261
4333,75856121,1227,1084,539,687,1046,1282
4334,75866121,1187,1056,553,704,1060,1303
4335,75876121,1043,974,508,723,1065,1320
4336,75886120,1056,944,600,755,1061,1336
4337,75896121,966,874,633,786,1058,1364
4338,75906121,873,805,663,815,1060,1385
4339,75916121,781,692,681,846,1069,1414
4340,75926121,652,582,693,876,1080,1431
4341,75936120,509,475,691,818,1053,1381
4342,75946121,316,352,678,923,1109,1481
4343,75956121,114,189,626,937,1126,1500
4344,75966121,0,27,534,944,1135,0
4345,75976121,0,0,452,936,1130,0
4346,75986120,0,0,347,887,1103,0
4347,75996121,0,0,241,764,1037,0
4348,76006121,0,0,155,657,927,0
4349,76016121,0,0,87,567,750,0
4350,76026121,0,0,61,502,494,1576
4351,76036120,0,0,39,429,219,1540
4352,76046121,0,0,10,376,75,1431
4353,76056121,0,0,2,342,0,1275
4354,76066121,0,0,9,284,0,1087
4355,76076121,0,0,18,254,0,876
4356,76086120,0,0,23,220,0,592
4357,76096121,0,19,16,154,0,187
4358,76106121,0,29,2,103,0,153
4359,76116121,0,2,0,91,0,221
4360,76126121,0,0,0,66,0,263
4361,76136120,0,0,0,34,0,181
4362,76146121,0,2,0,54,0,181
4363,76156121,0,0,0,57,0,171
4364,76166121,0,0,0,64,0,157
4365,76176121,0,0,0,72,0,135
4366,76186120,0,0,1,70,0,91
4367,76196121,0,0,0,81,0,68
4368,76206121,0,0,0,57,0,28
4369,76216121,0,0,0,90,0,44
4370,76226121,0,0,0,96,0,37
4371,76236120,0,0,0,101,0,40
4372,76246121,0,0,0,101,0,42
4373,76256121,0,0,0,97,0,41
4374,76266121,0,0,0,92,0,42
4375,76276120,0,0,1,58,0,15
4376,76286120,0,0,0,87,0,37
4377,76296121,0,0,0,89,0,29
4378,76306121,0,0,0,93,0,25
4379,76316121,0,0,0,94,0,25
4380,76326121,0,0,0,89,0,22
4381,76336120,0,0,0,91,0,9
4382,76346121,0,0,0,95,0,25
4383,76356121,0,0,0,101,0,29
4384,76366121,0,0,0,100,0,14
4385,76376121,0,0,0,97,0,9
4386,76386120,0,0,0,90,0,8
4387,76396121,0,0,0,87,0,1
4388,76406120,0,0,0,67,0,0
4389,76416121,0,11,0,54,0,0
4390,76426121,0,48,0,48,0,0
4391,76436120,0,103,0,40,0,0
4392,76446121,5,170,0,26,0,0
4393,76456121,38,232,0,21,0,0
4394,76466121,75,304,0,11,0,0
4395,76476121,132,369,0,0,0,0
4396,76486120,224,486,0,0,0,0
4397,76496121,354,634,0,0,0,0
4398,76506121,504,752,0,0,0,0
4399,76516121,646,865,0,0,0,0
4400,76526121,784,978,0,0,0,0
4401,76536121,948,1085,0,0,0,0
4402,76546121,1083,1181,0,0,0,0
4403,76556121,1173,1259,0,13,0,0
4404,76566121,1231,1301,34,53,0,0
4405,76576121,1264,1324,71,85,0,0
4406,76586120,1290,1341,99,120,0,0
4407,76596121,1314,1367,138,169,0,26
4408,76606120,1336,1382,172,184,0,73
4409,76616121,1363,1399,207,228,0,137
4410,76626121,1384,1421,256,274,0,222
4411,76636120,1404,1436,294,314,0,287
4412,76646121,1429,1455,313,342,0,343
4413,76656121,1446,1472,336,372,0,376
4414,76666121,1461,1490,369,409,0,419
4415,76676121,1480,1502,398,442,0,462
4416,76686120,1489,1511,428,469,2,504
4417,76696121,1495,1517,460,496,19,550
4418,76706121,1499,1521,487,536,40,593
4419,76716121,1502,1521,513,568,59,626
4420,76726121,1500,1522,549,604,85,663
4421,76736120,1499,1521,577,630,103,686
4422,76746121,1497,1517,598,653,119,714
4423,76756121,1495,1516,605,675,148,734
4424,76766121,1494,1511,560,691,185,756
4425,76776121,1488,1500,645,707,212,777
4426,76786120,1481,1499,658,720,235,804
4427,76796121,1469,1489,653,737,262,820
4428,76806121,1460,1478,680,740,289,839
4429,76816121,1448,1463,681,761,300,851
4430,76826121,1434,1450,683,777,321,860
4431,76836120,1422,1435,711,794,338,869
4432,76846121,1402,1417,726,808,352,876
4433,76856121,1383,1399,744,822,351,886
4434,76866121,1359,1381,752,766,345,848
4435,76876121,1338,1362,773,858,369,905
4436,76886120,1321,1339,788,879,390,919
4437,76896121,1304,1323,804,895,395,926
4438,76906121,1291,1312,819,915,407,932
4439,76916121,1276,1299,837,935,412,819
4440,76926121,1267,1290,850,952,417,0
4441,76936120,1253,1276,861,970,412,0
4442,76946121,1241,1269,867,987,422,0
4443,76956121,1225,1257,888,1001,429,0
4444,76966121,1206,1243,905,1019,433,0
4445,76976121,1188,1229,919,1047,444,0
4446,76986120,1164,1215,934,1061,455,0
4447,76996121,1055,1183,867,1074,468,0
4448,77006121,1112,1191,967,1099,484,0
4449,77016121,1084,1170,982,1116,503,0
4450,77026121,1051,1146,991,1131,533,0
4451,77036120,1002,1115,1003,1149,576,0
4452,77046121,946,1078,1011,1172,612,0
4453,77056121,891,1043,1022,1092,634,0
4454,77066121,843,995,1037,1199,709,0
4455,77076121,780,957,1046,1213,760,0
4456,77086120,698,925,1053,1228,793,0
4457,77096121,615,886,1058,1241,832,0
4458,77106121,540,838,1068,1253,877,0
4459,77116121,440,775,1075,1264,927,0
4460,77126121,339,695,1079,1272,975,0
4461,77136120,212,586,1082,1280,1022,0
4462,77146121,90,450,1082,1292,1075,0
4463,77156121,6,307,1076,1301,1126,0
4464,77166121,0,187,1064,1305,1161,0
4465,77176121,0,75,1046,1312,1196,0
4466,77186120,0,0,1016,1312,1212,1559
4467,77196121,0,0,987,1318,1231,1591
4468,77206121,0,0,942,1316,1241,1615
4469,77216121,0,0,867,1314,1229,1632
4470,77226121,0,0,774,1303,1222,1654
4471,77236120,0,0,726,1287,1203,1675
4472,77246121,0,0,656,1259,1172,1700
4473,77256121,0,0,552,1114,1101,0
4474,77266121,0,0,429,1114,1005,0
4475,77276121,0,0,310,998,816,1779
4476,77286120,0,0,244,903,613,1788
4477,77296121,0,0,200,828,341,1785
4478,77306121,0,0,161,756,158,1756
4479,77316121,0,0,142,737,39,1700
4480,77326120,0,0,110,652,0,1617
4481,77336120,0,0,120,648,0,1504
4482,77346121,0,0,114,569,0,1362
4483,77356121,0,0,91,239,0,1191
4484,77366121,0,0,69,257,0,977
4485,77376121,0,0,57,347,0,690
4486,77386120,0,0,51,254,0,339
4487,77396121,0,70,19,141,0,107
4488,77406121,0,22,5,95,0,162
4489,77416121,0,2,3,0,2,208
4490,77426121,0,0,0,65,0,215
4491,77436120,0,0,0,51,0,172
4492,77446121,0,0,0,43,0,137
4493,77456121,0,0,0,16,0,75
4494,77466121,0,0,0,44,0,88
4495,77476121,0,0,0,50,0,97
4496,77486120,0,0,0,54,0,99
4497,77496121,0,0,0,62,0,103
4498,77506121,0,0,0,78,0,107
4499,77516121,0,0,0,84,0,116
4500,77526121,0,0,1,90,0,122
4501,77536120,0,0,1,77,0,136
4502,77546121,0,0,2,74,0,161
4503,77556121,0,0,3,77,0,195
4504,77566121,0,0,3,78,0,234
4505,77576121,0,0,7,74,0,268
4506,77586120,0,0,3,59,0,294
4507,77596121,0,0,2,54,0,312
4508,77606121,0,0,0,52,0,337
4509,77616121,0,0,3,53,0,373
4510,77626121,0,0,1,46,0,408
4511,77636120,0,0,0,41,0,435
4512,77646121,0,0,0,12,0,414
4513,77656121,0,0,0,32,0,469
4514,77666121,0,0,0,30,0,472
4515,77676121,0,0,0,29,0,458
4516,77686120,0,0,0,31,0,423
4517,77696121,0,0,0,36,0,391
4518,77706121,0,0,0,35,0,372
4519,77716121,0,0,0,36,0,371
4520,77726121,0,0,0,36,0,349
4521,77736120,0,0,0,35,0,329
4522,77746121,0,0,0,40,0,313
4523,77756121,0,0,0,40,0,287
4524,77766121,0,0,0,46,0,266
4525,77776121,0,0,0,49,0,224
4526,77786120,0,0,2,42,0,190
4527,77796121,0,0,0,40,0,155
4528,77806121,0,0,0,30,0,120
4529,77816121,0,0,0,31,0,97
4530,77826121,0,15,0,16,0,20
4531,77836120,26,147,0,3,0,0
4532,77846121,169,354,0,0,0,0
4533,77856121,528,674,0,0,0,0
4534,77866121,809,952,0,0,0,0
4535,77876121,990,1122,0,0,0,0
4536,77886120,1089,1208,0,0,0,0
4537,77896121,1191,1303,0,0,0,0
4538,77906121,1311,1401,0,0,0,0
4539,77916121,1398,1480,10,1,0,0
4540,77926121,1451,1526,37,20,0,0
4541,77936120,1484,1554,64,52,0,0
4542,77946121,1501,1567,90,110,0,0
4543,77956121,1512,1576,126,167,0,0
4544,77966121,1521,1578,223,255,0,0
4545,77976120,1529,1590,301,317,0,0
4546,77986120,1551,1593,391,397,0,0
4547,77996121,1565,1606,461,473,0,0
4548,78006121,1579,1614,505,504,0,0
4549,78016121,1593,1622,546,559,0,24
4550,78026121,1602,1627,580,597,0,53
4551,78036120,1605,1635,605,632,0,96
4552,78046121,1617,1630,624,650,0,140
4553,78056121,1622,1638,644,670,0,182
4554,78066121,1625,1639,660,685,1,198
4555,78076121,1625,1636,669,697,0,224
4556,78086120,1626,1633,678,714,0,258
4557,78096121,1521,1607,619,719,0,284
4558,78106121,1618,1624,698,737,0,317
4559,78116121,1611,1617,710,752,0,360
4560,78126121,1597,1605,718,762,0,401
4561,78136120,1588,1594,727,782,0,443
4562,78146121,1575,1580,738,796,0,467
4563,78156121,1562,1563,745,806,6,485
4564,78166121,1549,1553,751,820,12,501
4565,78176121,1529,1525,759,830,34,525
4566,78186120,1513,1509,762,850,46,554
4567,78196121,1494,1492,776,859,60,577
4568,78206121,1482,1475,786,872,88,599
4569,78216121,1464,1458,796,886,106,618
4570,78226121,1453,1443,799,902,101,611
4571,78236120,1442,1431,811,916,137,659
4572,78246121,1435,1421,816,924,145,678
4573,78256121,1433,1409,823,936,159,683
4574,78266121,1420,1392,828,940,183,699
4575,78276121,1417,1381,840,948,208,719
4576,78286120,1406,1370,849,955,235,724
4577,78296121,1399,1364,856,964,272,739
4578,78306121,1387,1338,857,974,304,763
4579,78316121,1377,1317,865,983,327,791
4580,78326121,1364,1296,872,996,352,611
4581,78336120,1345,1260,879,1008,372,0
4582,78346121,1328,1238,887,1021,405,0
4583,78356121,1259,1129,852,1043,429,0
4584,78366121,1284,1177,907,1061,443,0
4585,78376121,1255,1141,915,1077,476,0
4586,78386120,1218,1100,926,1099,509,0
4587,78396121,1183,1061,935,1115,548,0
4588,78406121,1148,1017,946,1131,581,0
4589,78416121,1108,981,955,1060,585,0
4590,78426121,1063,936,975,1171,625,0
4591,78436120,1002,869,985,1186,646,0
4592,78446121,939,807,987,1204,665,0
4593,78456121,874,745,1001,1219,693,0
4594,78466121,794,685,1008,1231,734,0
4595,78476121,700,619,1009,1242,762,0
4596,78486121,612,536,1014,1251,781,0
4597,78496121,501,437,1007,1255,785,0
4598,78506121,361,326,997,1260,794,0
4599,78516121,187,189,988,1262,798,0
4600,78526121,37,49,954,1258,797,1228
4601,78536120,0,0,900,1251,804,1258
4602,78546120,0,0,751,1140,792,1165
4603,78556121,0,0,659,1182,794,1254
4604,78566121,0,0,532,1105,762,1259
4605,78576121,0,0,426,996,660,1275
4606,78586120,0,0,309,867,555,1291
4607,78596121,0,0,242,769,376,1292
4608,78606121,0,0,193,657,156,1248
4609,78616121,0,0,142,541,16,1164
4610,78626121,0,0,108,470,0,1048
4611,78636120,0,0,78,397,0,865
4612,78646121,0,0,63,340,0,621
4613,78656121,0,0,68,297,0,275
4614,78666121,0,0,60,215,0,0
4615,78676120,0,0,28,131,0,0
4616,78686120,0,0,55,162,0,0
4617,78696121,0,0,56,155,0,3
4618,78706121,0,0,44,138,2,4
4619,78716121,0,0,36,129,0,2
4620,78726121,0,0,31,118,0,3
4621,78736120,0,0,27,119,0,4
4622,78746121,0,0,27,118,0,2
4623,78756121,0,0,27,117,0,0
4624,78766121,0,0,26,117,0,0
4625,78776121,0,0,26,116,0,0
4626,78786120,0,0,28,117,0,0
4627,78796121,0,0,27,115,0,0
4628,78806121,0,0,28,116,0,0
4629,78816121,0,0,27,109,3,0
4630,78826121,0,0,28,110,0,0
4631,78836120,0,0,28,105,0,12
4632,78846121,0,0,25,104,0,20
4633,78856121,0,0,24,100,0,35
4634,78866121,0,0,25,94,0,59
4635,78876121,0,0,23,87,0,95
4636,78886120,0,0,14,81,0,134
4637,78896121,0,0,4,73,0,152
4638,78906121,0,0,0,60,0,156
4639,78916121,0,0,0,51,0,171
4640,78926121,0,0,0,45,0,186
4641,78936120,0,0,0,43,0,194
4642,78946121,0,0,0,42,0,184
4643,78956121,0,0,0,36,0,156
4644,78966121,0,0,0,29,0,137
4645,78976121,0,0,0,26,0,110
4646,78986120,0,0,0,25,0,75
4647,78996121,0,0,0,25,0,54
4648,79006121,0,0,0,30,0,40
4649,79016121,0,0,0,31,0,28
4650,79026121,0,0,0,31,0,18
4651,79036120,0,0,0,33,0,12
4652,79046121,0,0,0,31,0,2
4653,79056121,0,0,0,31,0,1
4654,79066121,0,0,0,34,0,0
4655,79076121,0,0,0,39,0,8
4656,79086120,0,0,0,45,0,0
4657,79096121,0,0,0,56,0,0
4658,79106121,0,0,0,61,0,0
4659,79116121,0,0,0,61,0,0
4660,79126121,0,0,0,52,0,0
4661,79136120,0,54,0,30,0,0
4662,79146121,51,149,2,20,0,0
4663,79156121,173,301,3,6,0,0
4664,79166121,429,521,0,0,0,0
4665,79176121,713,770,0,0,0,0
4666,79186120,982,1040,6,0,0,0
4667,79196121,1113,1183,15,0,0,0
4668,79206121,1246,1311,43,3,0,0
4669,79216121,1299,1369,86,44,0,0
4670,79226121,1444,1492,151,142,0,0
4671,79236120,1476,1522,245,239,0,0
4672,79246121,1493,1531,401,360,0,0
4673,79256121,1494,1539,526,470,0,0
4674,79266121,1497,1541,631,576,0,0
4675,79276121,1500,1544,730,679,0,0
4676,79286120,1501,1551,798,748,0,0
4677,79296121,1517,1555,857,817,0,0
4678,79306121,1524,1558,905,871,0,0
4679,79316121,1529,1562,945,920,0,9
4680,79326121,1540,1563,979,956,0,30
4681,79336120,1535,1560,1002,999,0,71
4682,79346121,1527,1553,1020,946,0,102
4683,79356121,1521,1546,1045,1060,0,181
4684,79366121,1510,1532,1054,1086,0,204
4685,79376121,1493,1517,1066,1104,0,220
4686,79386120,1463,1501,1074,1120,0,249
4687,79396121,1432,1477,1081,1140,0,297
4688,79406121,1390,1441,1092,1164,0,345
4689,79416121,1263,1380,1008,1179,7,407
4690,79426121,1307,1358,1110,1204,41,468
4691,79436120,1261,1312,1115,1223,73,527
4692,79446121,1208,1268,1125,1238,107,590
4693,79456121,1160,1235,1132,1251,138,648
4694,79466121,1108,1194,1141,1266,165,705
4695,79476121,1051,1161,1150,1280,204,797
4696,79486120,989,1114,1162,1293,263,866
4697,79496121,936,1068,1168,1305,333,923
4698,79506121,871,1013,1173,1317,423,979
4699,79516121,806,952,1178,1335,496,1040
4700,79526121,738,901,1180,1337,573,1090
4701,79536120,662,847,1180,1347,660,1137
4702,79546121,602,796,1181,1359,723,1182
4703,79556121,553,750,1178,1362,795,1210
4704,79566121,505,716,1174,1366,871,1242
4705,79576121,452,665,1172,1369,930,1263
4706,79586120,398,629,1171,1372,974,1278
4707,79596121,366,592,1167,1378,1006,1300
4708,79606121,345,580,1168,1380,1046,0
4709,79616121,329,555,1168,1382,1068,0
4710,79626121,307,539,1171,1385,1099,0
4711,79636120,283,519,1173,1385,1120,0
4712,79646121,253,490,1172,1388,1138,0
4713,79656121,217,454,1172,1387,1158,1353
4714,79666121,183,423,1170,1389,1173,1369
4715,79676121,154,390,1170,1391,1185,1375
4716,79686120,122,343,1169,1392,1200,1383
4717,79696121,88,292,1170,1394,1210,1389
4718,79706121,52,236,1172,1396,1228,1398
4719,79716121,25,196,1171,1399,1236,1407
4720,79726121,10,169,1166,1401,1244,1421
4721,79736120,0,124,1163,1406,1251,1428
4722,79746121,0,88,1157,1406,1269,1436
4723,79756121,0,64,1161,1407,1276,1453
4724,79766121,0,38,1159,1412,1288,1460
4725,79776121,0,15,1158,1415,1292,1466
4726,79786120,0,0,1157,1417,1302,1476
4727,79796121,0,0,1150,1420,1305,1484
4728,79806121,0,0,1147,1424,1318,1498
4729,79816121,0,0,1142,1424,1319,1509
4730,79826121,0,0,1131,1425,1321,1515
4731,79836120,0,0,1116,1427,1323,1522
4732,79846121,0,0,1096,1419,1316,1515
4733,79856121,0,0,1081,1415,1298,1513
4734,79866121,0,0,1045,1402,1265,1498
4735,79876121,0,0,1015,1393,1253,1508
4736,79886120,0,0,979,1381,1241,1503
4737,79896121,0,0,889,1359,1230,1515
4738,79906121,0,0,792,1321,1206,0
4739,79916121,0,0,680,1260,1151,0
4740,79926121,0,0,546,1167,1078,1525
4741,79936120,0,0,445,1051,936,1526
4742,79946121,0,0,352,936,754,1528
4743,79956121,0,0,264,844,557,1512
4744,79966121,0,0,201,721,313,1447
4745,79976121,0,0,143,563,167,1349
4746,79986120,0,0,91,426,43,1212
4747,79996120,0,0,37,318,0,1002
4748,80006121,0,0,34,313,0,891
4749,80016121,0,0,26,239,0,634
4750,80026121,0,0,14,150,0,295
4751,80036120,0,0,25,101,0,93
4752,80046121,0,0,21,108,0,160
4753,80056121,0,0,26,114,0,197
4754,80066121,0,0,26,129,0,159
4755,80076121,0,0,28,135,0,87
4756,80086120,0,0,29,137,0,44
4757,80096121,0,0,27,138,0,27
4758,80106121,0,0,27,136,0,14
4759,80116121,0,0,23,124,0,0
4760,80126121,0,0,21,123,0,0
4761,80136120,0,0,16,106,0,0
4762,80146121,0,0,6,90,0,0
4763,80156121,0,0,0,72,0,0
4764,80166121,0,0,0,60,0,0
4765,80176121,0,0,0,46,0,0
4766,80186120,0,0,0,42,0,0
4767,80196121,0,0,0,38,0,2
4768,80206121,0,0,0,28,0,5
4769,80216121,0,0,0,26,0,7
4770,80226121,0,0,0,25,0,13
4771,80236120,0,0,0,27,0,14
4772,80246120,0,0,0,6,0,0
4773,80256121,0,0,0,27,0,19
4774,80266121,0,0,0,28,0,27
4775,80276121,0,0,0,27,0,27
4776,80286120,0,0,0,23,0,38
4777,80296121,0,0,0,18,0,45
4778,80306121,0,0,0,10,0,55
4779,80316121,0,0,0,8,0,58
4780,80326121,0,0,0,10,0,70
4781,80336120,0,0,3,12,0,77
4782,80346121,0,0,0,17,0,86
4783,80356121,0,0,0,20,0,83
4784,80366121,0,0,0,25,0,79
4785,80376121,0,0,0,34,0,79
4786,80386120,0,0,1,40,0,69
4787,80396121,0,0,0,48,0,52
4788,80406121,0,0,0,53,0,43
4789,80416121,0,0,1,55,0,40
4790,80426121,0,0,0,56,0,45
4791,80436120,0,0,0,56,0,53
4792,80446121,0,0,0,55,0,72
4793,80456121,0,0,0,54,0,89
4794,80466121,0,0,0,46,0,110
4795,80476121,0,0,0,41,0,117
4796,80486120,0,0,0,41,0,126
4797,80496121,0,0,0,43,0,133
4798,80506121,0,0,0,14,0,102
4799,80516121,0,0,0,39,0,91
4800,80526121,0,0,0,38,0,58
4801,80536120,0,0,0,40,0,43
4802,80546121,0,0,0,36,0,31
4803,80556121,0,0,0,49,0,22
4804,80566121,0,0,0,53,0,17
4805,80576121,0,0,0,53,0,0
4806,80586120,0,0,0,52,0,0
4807,80596121,0,0,0,56,0,0
4808,80606121,0,0,4,50,0,0
4809,80616121,0,1,15,48,0,0
4810,80626121,0,43,15,46,0,0
4811,80636120,7,106,27,49,0,0
4812,80646121,52,242,45,58,0,0
4813,80656121,181,469,82,60,0,0
4814,80666121,596,813,89,45,0,0
4815,80676121,1071,1159,105,27,0,0
4816,80686120,1308,1329,142,60,0,0
4817,80696121,1408,1416,214,115,0,0
4818,80706121,1425,1451,336,220,0,0
4819,80716121,1442,1463,524,394,0,0
4820,80726121,1438,1468,653,550,0,0
4821,80736120,1431,1471,781,680,0,0
4822,80746121,1423,1470,872,792,0,0
4823,80756121,1418,1472,948,877,0,0
4824,80766121,1406,1472,995,953,0,0
4825,80776121,1403,1467,1041,1023,0,58
4826,80786120,1388,1459,987,1067,0,214
4827,80796121,1369,1448,1097,1100,44,343
4828,80806121,1339,1432,1127,1131,108,465
4829,80816121,1301,1415,1142,1156,148,583
4830,80826121,1254,1380,1140,1189,207,696
4831,80836120,1195,1339,1174,1211,270,763
4832,80846121,1134,1307,1186,1232,303,836
4833,80856121,1062,1261,1193,1242,351,890
4834,80866121,984,1211,1197,1252,406,945
4835,80876121,907,1161,1201,1260,435,996
4836,80886120,834,1118,1208,1269,488,1043
4837,80896121,752,1069,1207,1180,509,1014
4838,80906121,666,1004,1220,1287,575,1101
4839,80916121,582,951,1224,1290,604,1123
4840,80926121,524,908,1229,1302,649,1143
4841,80936120,450,870,1233,1304,684,1165
4842,80946121,398,837,1235,1311,717,1184
4843,80956121,362,813,1236,1318,742,1204
4844,80966121,340,794,1239,1323,758,1216
4845,80976121,317,777,1241,1329,790,282
4846,80986120,294,761,1240,1332,808,0
4847,80996121,272,749,1244,1335,824,0
4848,81006121,256,737,1246,1337,854,0
4849,81016121,246,724,1247,1338,873,0
4850,81026120,190,680,1171,1268,847,0
4851,81036120,225,669,1247,1345,923,0
4852,81046121,207,611,1250,1349,956,0
4853,81056121,175,565,1248,1353,983,1286
4854,81066121,150,536,1246,1352,1000,1317
4855,81076121,131,502,1241,1352,1021,1328
4856,81086120,105,475,1242,1354,1041,1339
4857,81096121,78,455,1238,1354,1054,1352
4858,81106121,49,416,1238,1358,1065,1358
4859,81116121,29,373,1234,1363,1081,1362
4860,81126121,7,329,1235,1367,1099,1374
4861,81136120,0,287,1232,1370,1128,1385
4862,81146121,0,240,1228,1371,1133,1395
4863,81156121,0,182,1228,1377,1145,1406
4864,81166121,0,122,1224,1382,1172,1418
4865,81176121,0,72,1218,1384,1190,1431
4866,81186120,0,18,1208,1389,1204,1439
4867,81196121,0,1,1204,1396,1215,1445
4868,81206121,0,0,1197,1401,1231,1456
4869,81216121,0,0,1186,1413,1235,1457
4870,81226121,0,0,1162,1417,1234,1464
4871,81236120,0,0,1122,1414,1216,1469
4872,81246121,0,0,1050,1396,1200,1472
4873,81256121,0,0,936,1368,1169,1472
4874,81266121,0,0,807,1309,1143,1479
4875,81276121,0,0,645,1225,1121,0
4876,81286120,0,0,501,1085,1085,0
4877,81296121,0,0,373,955,993,1547
4878,81306121,0,0,263,843,857,1560
4879,81316121,0,0,165,689,647,1552
4880,81326121,0,0,73,515,392,0
4881,81336120,0,0,10,389,253,1407
4882,81346121,0,0,0,294,173,1306
4883,81356121,0,0,0,236,54,1211
4884,81366121,0,0,0,185,0,1065
4885,81376121,0,0,0,121,0,843
4886,81386120,0,0,0,87,0,515
4887,81396121,0,0,0,0,1,186
4888,81406120,0,0,0,0,0,175
4889,81416121,0,0,0,0,0,268
4890,81426121,0,0,2,48,0,280
4891,81436120,0,0,5,0,0,219
4892,81446121,0,0,8,40,0,167
4893,81456121,0,0,8,89,0,149
4894,81466120,0,0,6,65,0,105
4895,81476121,0,0,12,103,0,120
4896,81486120,0,0,12,101,0,108
4897,81496121,0,0,8,95,0,87
4898,81506121,0,0,1,70,0,88
4899,81516121,0,0,0,56,0,86
4900,81526121,0,0,0,51,0,87
4901,81536120,0,0,0,38,0,103
4902,81546121,0,0,0,30,0,106
4903,81556121,0,0,0,31,0,119
4904,81566121,0,0,0,23,0,119
4905,81576121,0,0,0,17,0,131
4906,81586120,0,0,0,14,0,138
4907,81596121,0,0,0,10,0,150
4908,81606121,0,0,0,12,0,200
4909,81616121,0,0,0,16,0,219
4910,81626121,0,0,0,22,0,234
4911,81636120,0,0,0,22,0,243
4912,81646121,0,0,0,26,0,265
4913,81656121,0,0,0,24,0,285
4914,81666121,0,0,0,20,0,309
4915,81676121,0,0,0,8,0,330
4916,81686120,0,0,0,7,4,344
4917,81696121,0,0,0,7,0,352
4918,81706121,0,0,0,9,0,352
4919,81716121,0,0,0,11,0,344
4920,81726121,0,0,0,14,0,327
4921,81736120,0,0,0,16,0,279
4922,81746121,0,0,0,18,0,235
4923,81756121,0,0,0,10,0,191
4924,81766121,0,0,0,6,0,153
4925,81776121,0,0,0,2,0,135
4926,81786120,0,0,0,1,0,135
4927,81796121,0,0,0,0,0,139
4928,81806121,0,0,0,7,0,141
4929,81816121,0,0,0,9,0,117
4930,81826121,0,0,0,7,0,87
4931,81836120,0,0,0,7,0,52
4932,81846121,0,0,0,4,0,26
4933,81856121,0,0,0,5,0,15
4934,81866121,0,0,0,7,0,2
4935,81876121,0,0,0,7,0,0
4936,81886120,0,0,0,8,0,0
4937,81896121,0,32,0,8,0,0
4938,81906121,0,96,0,6,0,0
4939,81916121,21,192,0,0,0,0
4940,81926121,132,357,0,0,0,0
4941,81936120,306,576,0,0,0,0
4942,81946121,561,773,0,0,0,0
4943,81956121,776,936,0,0,0,0
4944,81966121,933,1065,0,0,0,0
4945,81976121,1063,1173,0,0,0,0
4946,81986120,1172,1256,0,0,0,0
4947,81996121,1249,1324,2,14,0,0
4948,82006121,1279,1364,53,58,0,0
4949,82016121,1292,1380,122,128,0,0
4950,82026121,1301,1394,186,201,0,0
4951,82036120,1317,1407,266,296,0,18
4952,82046121,1327,1426,331,378,0,111
4953,82056121,1288,1390,396,451,0,200
4954,82066121,1381,1467,461,501,0,279
4955,82076121,1405,1490,498,551,0,345
4956,82086120,1431,1509,541,590,3,413
4957,82096121,1461,1521,581,620,21,457
4958,82106121,1480,1535,615,654,30,490
4959,82116121,1492,1542,647,685,46,517
4960,82126121,1498,1555,675,720,61,548
4961,82136120,1498,1557,699,746,83,570
4962,82146121,1499,1557,733,773,100,586
4963,82156121,1495,1554,753,787,109,603
4964,82166121,1493,1555,777,807,118,612
4965,82176121,1486,1549,793,826,122,618
4966,82186120,1482,1542,805,845,122,620
4967,82196121,1474,1538,809,861,123,624
4968,82206121,1462,1529,827,875,129,626
4969,82216121,1451,1522,837,883,130,628
4970,82226121,1439,1514,846,889,138,628
4971,82236120,1428,1507,856,906,138,630
4972,82246121,1417,1498,862,917,140,627
4973,82256121,1402,1488,864,924,138,630
4974,82266121,1394,1479,874,932,139,631
4975,82276121,1383,1467,878,937,141,632
4976,82286120,1375,1458,881,944,145,635
4977,82296121,1369,1450,830,946,150,637
4978,82306121,1364,1443,843,956,152,645
4979,82316121,1354,1435,878,964,160,653
4980,82326121,1351,1427,894,963,162,662
4981,82336120,1350,1423,898,967,167,665
4982,82346121,1342,1418,902,966,186,672
4983,82356121,1339,1410,901,965,192,684
4984,82366121,1336,1399,905,967,214,0
4985,82376121,1329,1392,904,968,229,0
4986,82386120,1318,1382,842,973,253,0
4987,82396121,1308,1369,909,974,283,0
4988,82406121,1292,1351,911,975,303,741
4989,82416121,1279,1335,861,984,342,779
4990,82426121,1257,1322,917,990,363,810
4991,82436120,1236,1291,780,999,385,840
4992,82446121,1211,1266,909,1008,426,861
4993,82456121,1170,1237,905,1022,472,890
4994,82466121,1126,1197,942,1043,521,914
4995,82476121,1077,1149,961,1061,556,945
4996,82486120,1022,1099,969,1080,601,0
4997,82496121,954,1053,978,1095,597,0
4998,82506121,877,976,986,1113,697,0
4999,82516121,795,889,996,1128,756,0
5000,82526121,687,808,1008,1148,814,0
5001,82536120,561,701,1007,1175,865,0
5002,82546121,420,571,1010,1194,914,0
5003,82556121,244,428,1008,1210,965,0
5004,82566121,72,264,1000,1234,1012,0
5005,82576121,0,105,977,1247,1061,0
5006,82586120,0,0,928,1249,1099,0
5007,82596121,0,0,810,1242,1131,0
5008,82606121,0,0,735,1229,1165,0
5009,82616121,0,0,592,1184,1181,0
5010,82626121,0,0,459,1094,1165,0
5011,82636120,0,0,321,959,1067,1464
5012,82646121,0,0,208,792,966,1504
5013,82656121,0,0,100,703,795,1526
5014,82666121,0,2,44,593,508,1508
5015,82676121,0,0,0,523,266,0
5016,82686120,0,0,0,440,121,1282
5017,82696121,0,0,0,347,18,1148
5018,82706121,0,0,0,291,0,972
5019,82716121,0,0,0,236,0,725
5020,82726121,0,0,4,207,0,368
5021,82736120,0,0,2,130,0,28
5022,82746121,0,18,0,91,0,41
5023,82756120,0,0,0,48,0,114
5024,82766121,0,0,0,73,0,188
5025,82776121,0,0,0,58,0,178
5026,82786120,0,0,0,52,0,146
5027,82796121,0,0,0,54,0,129
5028,82806121,0,0,0,60,0,133
5029,82816121,0,1,0,68,0,127
5030,82826121,0,0,0,79,0,122
5031,82836120,0,0,0,85,0,143
5032,82846121,0,0,0,92,0,156
5033,82856121,0,0,0,90,0,184
5034,82866121,0,0,0,87,0,213
5035,82876121,0,0,0,82,0,246
5036,82886120,0,0,0,73,0,276
5037,82896121,0,0,0,70,0,308
5038,82906121,0,0,0,53,0,333
5039,82916121,0,0,0,55,0,366
5040,82926121,0,0,0,42,0,416
5041,82936120,0,0,0,41,0,458
5042,82946121,0,0,0,28,0,504
5043,82956121,0,0,0,18,0,554
5044,82966121,0,0,0,15,0,584
5045,82976121,0,0,0,11,0,603
5046,82986120,0,0,0,10,0,619
5047,82996121,0,0,0,11,0,630
5048,83006121,0,0,0,12,0,620
5049,83016121,0,0,0,11,0,587
5050,83026121,0,0,0,14,0,593
5051,83036120,0,0,0,18,0,609
5052,83046121,0,0,0,24,0,632
5053,83056121,0,0,0,26,0,642
5054,83066121,0,0,0,18,0,634
5055,83076121,0,0,0,8,0,627
5056,83086120,0,0,0,4,0,618
5057,83096121,0,0,0,1,0,600
5058,83106121,0,15,0,1,0,548
5059,83116121,0,33,0,0,0,484
5060,83126121,0,65,0,0,0,418
5061,83136120,0,118,0,0,0,346
5062,83146120,0,177,0,0,0,259
5063,83156121,29,289,0,0,0,167
5064,83166121,119,421,0,0,0,64
5065,83176121,312,590,0,0,0,0
5066,83186120,597,841,0,0,0,0
5067,83196121,864,1038,0,0,0,0
5068,83206121,1065,1165,0,0,0,0
5069,83216121,1189,1276,0,0,0,0
5070,83226121,1289,1341,0,23,0,0
5071,83236120,1330,1371,34,53,0,0
5072,83246121,1348,1385,79,121,0,8
5073,83256121,1372,1402,122,174,0,68
5074,83266121,1389,1421,157,227,0,150
5075,83276121,1394,1437,191,294,0,232
5076,83286120,1423,1454,249,339,0,298
5077,83296121,1443,1469,284,389,0,339
5078,83306121,1456,1490,305,426,0,369
5079,83316121,1471,1506,335,469,0,410
5080,83326121,1486,1515,368,478,0,439
5081,83336120,1495,1525,404,503,0,469
5082,83346121,1508,1540,425,528,5,491
5083,83356121,1518,1549,457,546,13,522
5084,83366121,1526,1556,477,568,24,537
5085,83376121,1533,1559,493,590,29,552
5086,83386120,1537,1562,503,606,38,561
5087,83396121,1546,1566,518,617,43,581
5088,83406121,1548,1570,536,631,52,595
5089,83416121,1551,1570,548,648,67,603
5090,83426121,1550,1570,565,662,79,609
5091,83436120,1548,1568,571,669,96,620
5092,83446121,1545,1564,582,674,106,629
5093,83456121,1542,1561,591,684,116,639
5094,83466121,1531,1558,593,693,125,648
5095,83476121,1527,1553,601,700,141,653
5096,83486120,1518,1548,602,712,151,663
5097,83496121,1513,1544,610,719,159,673
5098,83506121,1508,1529,617,727,165,679
5099,83516121,1501,1522,620,735,167,679
5100,83526121,1496,1519,628,740,173,685
5101,83536120,1493,1514,629,747,178,684
5102,83546121,1491,1512,635,752,194,687
5103,83556121,1490,1509,643,758,199,692
5104,83566121,1489,1508,647,765,209,694
5105,83576121,1487,1508,652,778,219,696
5106,83586120,1487,1507,655,783,228,697
5107,83596121,1487,1505,658,790,230,694
5108,83606121,1486,1501,660,790,208,667
5109,83616121,1486,1501,666,797,241,692
5110,83626121,1484,1500,667,795,247,693
5111,83636120,1482,1495,674,805,253,689
5112,83646121,1479,1489,676,813,257,688
5113,83656121,1472,1480,684,821,273,694
5114,83666121,1464,1467,695,827,285,695
5115,83676121,1454,1461,701,842,303,711
5116,83686120,1446,1447,715,851,326,723
5117,83696121,1436,1434,734,868,351,741
5118,83706121,1424,1418,747,879,358,760
5119,83716121,1401,1391,763,897,379,805
5120,83726121,1373,1365,787,913,399,855
5121,83736120,1332,1330,800,938,435,917
5122,83746121,1293,1285,825,958,469,984
5123,83756121,1243,1229,849,990,504,1053
5124,83766121,1171,1155,871,1032,572,1116
5125,83776121,1072,1068,893,1069,631,0
5126,83786120,943,914,918,1098,695,0
5127,83796121,797,803,939,1126,775,0
5128,83806121,618,685,950,1160,811,0
5129,83816121,435,548,959,1192,931,0
5130,83826121,228,378,968,1217,1007,0
5131,83836120,31,194,958,1241,1077,0
5132,83846121,0,44,939,1255,1149,0
5133,83856121,0,0,887,1267,1198,0
5134,83866121,0,0,766,1267,1237,0
5135,83876121,0,0,692,1256,1187,0
5136,83886120,0,0,589,1209,1246,0
5137,83896121,0,0,467,1138,1212,0
5138,83906121,0,0,364,1058,1134,0
5139,83916121,0,0,266,960,976,1699
5140,83926121,0,0,192,875,787,1713
5141,83936120,0,0,158,806,510,1699
5142,83946121,0,0,131,747,250,0
5143,83956121,0,0,107,709,114,1590
5144,83966121,0,0,117,667,0,1471
5145,83976121,0,0,127,615,0,1306
5146,83986120,0,0,140,573,0,1188
5147,83996121,0,0,137,521,0,1029
5148,84006121,0,0,92,450,0,836
5149,84016121,0,0,124,388,0,597
5150,84026121,0,0,104,289,0,276
5151,84036120,0,0,77,202,0,238
5152,84046121,0,0,56,165,0,312
5153,84056121,0,0,40,146,0,345
5154,84066121,0,0,27,114,1,319
5155,84076121,0,0,15,90,0,268
5156,84086120,0,0,8,89,0,250
5157,84096121,0,0,7,90,0,254
5158,84106121,0,0,9,93,0,265
5159,84116121,0,0,9,103,0,271
5160,84126121,0,0,15,114,0,281
5161,84136120,0,0,17,120,0,285
5162,84146121,0,0,23,122,0,306
5163,84156121,0,0,23,129,0,328
5164,84166121,0,0,23,132,0,351
5165,84176121,0,0,25,125,0,353
5166,84186120,0,0,26,123,0,358
5167,84196121,0,0,30,121,0,372
5168,84206121,0,0,43,116,0,401
5169,84216121,0,0,38,112,0,454
5170,84226121,0,0,39,104,0,486
5171,84236120,0,0,40,105,4,524
5172,84246121,0,0,45,103,0,553
5173,84256121,0,0,52,108,0,569
5174,84266121,0,0,28,112,0,583
5175,84276121,0,0,58,121,0,593
5176,84286120,0,0,62,132,0,596
5177,84296121,0,0,71,149,0,595
5178,84306121,0,0,76,152,0,594
5179,84316121,0,0,77,144,0,589
5180,84326120,0,0,56,106,0,514
5181,84336120,0,0,58,112,0,554
5182,84346121,0,0,49,92,0,533
5183,84356121,0,0,39,73,0,492
5184,84366121,0,0,22,61,0,457
5185,84376121,0,0,14,56,0,416
5186,84386120,0,1,28,50,0,314
5187,84396121,0,70,21,40,0,194
5188,84406121,24,182,21,24,0,88
5189,84416121,97,338,14,14,0,6
5190,84426121,240,509,9,0,0,0
5191,84436120,521,750,0,4,0,0
5192,84446121,787,952,0,0,0,0
5193,84456121,994,1122,0,0,0,0
5194,84466121,1128,1234,0,0,0,0
5195,84476121,1246,1314,0,0,0,0
5196,84486120,1308,1358,0,0,0,0
5197,84496121,1341,1380,0,0,0,0
5198,84506121,1365,1394,2,0,0,0
5199,84516121,1372,1404,58,53,0,0
5200,84526121,1381,1406,113,104,0,0
5201,84536120,1389,1414,190,217,0,44
5202,84546121,1402,1418,260,299,0,146
5203,84556121,1411,1426,337,363,0,236
5204,84566121,1420,1432,381,425,0,329
5205,84576121,1427,1437,426,474,12,400
5206,84586120,1431,1445,479,521,33,458
5207,84596121,1434,1448,513,580,61,520
5208,84606121,1436,1450,572,621,86,559
5209,84616121,1431,1451,612,662,115,583
5210,84626121,1437,1451,584,698,129,0
5211,84636120,1433,1448,641,740,145,0
5212,84646121,1432,1443,707,775,165,0
5213,84656121,1417,1436,742,805,193,0
5214,84666121,1403,1425,768,833,215,746
5215,84676121,1390,1409,792,861,227,774
5216,84686120,1374,1396,814,883,249,805
5217,84696121,1353,1380,837,907,279,835
5218,84706121,1328,1366,853,922,288,865
5219,84716121,1302,1350,863,939,304,883
5220,84726121,1290,1331,876,952,322,906
5221,84736120,1268,1313,888,968,337,927
5222,84746121,1248,1297,897,982,344,940
5223,84756121,1234,1271,906,994,362,956
5224,84766121,1213,1251,910,1004,379,975
5225,84776121,1197,1235,914,1014,363,959
5226,84786120,1182,1213,922,1029,415,1013
5227,84796121,1167,1200,928,1041,438,1026
5228,84806121,1150,1181,935,1043,458,1045
5229,84816121,1132,1174,937,1055,474,1060
5230,84826121,1124,1164,937,1060,492,1065
5231,84836120,1120,1161,938,1063,505,1074
5232,84846121,1114,1158,940,1067,520,1082
5233,84856121,1114,1154,943,1072,540,1084
5234,84866121,1112,1152,946,1070,552,1094
5235,84876121,1109,1148,947,1077,566,1098
5236,84886120,1107,1145,950,1080,581,1108
5237,84896121,1108,1144,950,1083,591,0
5238,84906121,1048,1094,953,1087,597,1049
5239,84916121,1108,1142,951,1090,609,1030
5240,84926121,1106,1138,952,1095,613,1021
5241,84936120,1105,1135,952,1097,627,0
5242,84946121,1105,1132,953,1098,629,0
5243,84956121,1103,1130,955,1100,633,0
5244,84966121,1017,1102,877,1097,640,0
5245,84976121,1078,1105,959,1112,653,0
5246,84986120,1053,1082,968,1119,674,2
5247,84996121,1004,1050,972,1128,721,0
5248,85006121,964,1021,976,1132,748,0
5249,85016121,918,981,979,1145,780,0
5250,85026121,871,939,981,1158,810,0
5251,85036120,804,891,984,1165,850,0
5252,85046121,730,840,983,1177,883,0
5253,85056121,642,785,982,1189,918,0
5254,85066121,570,719,977,1194,959,0
5255,85076121,460,647,972,1205,1000,0
5256,85086120,352,548,967,1210,1049,0
5257,85096120,195,401,897,1158,1048,0
5258,85106121,115,293,951,1224,1137,0
5259,85116121,24,174,926,1236,1177,0
5260,85126121,0,60,881,1234,1212,0
5261,85136120,0,0,803,1229,1241,1465
5262,85146121,0,0,702,1199,1262,1484
5263,85156121,0,0,652,1166,1272,1495
5264,85166121,0,0,538,1124,1279,1519
5265,85176121,0,0,423,1059,1271,1547
5266,85186120,0,0,316,942,1256,0
5267,85196121,0,0,214,827,1198,0
5268,85206121,0,0,116,769,1093,1603
5269,85216121,0,0,39,704,933,1619
5270,85226121,0,0,5,634,708,1622
5271,85236120,0,0,0,528,442,1589
5272,85246121,0,0,0,442,261,1508
5273,85256121,0,0,0,361,123,1386
5274,85266121,0,0,0,304,16,1262
5275,85276121,0,0,0,241,0,1124
5276,85286121,0,0,0,189,0,965
5277,85296121,0,0,0,157,0,736
5278,85306121,0,0,0,123,0,434
5279,85316121,0,0,0,54,0,104
5280,85326121,0,2,0,27,0,110
5281,85336120,0,0,0,14,0,177
5282,85346121,0,0,0,5,0,194
5283,85356121,0,0,0,1,0,163
5284,85366121,0,0,0,2,0,118
5285,85376121,0,0,0,4,0,110
5286,85386120,0,0,0,6,0,113
5287,85396121,0,0,0,14,0,109
5288,85406121,0,0,0,26,0,130
5289,85416120,0,0,0,11,0,113
5290,85426121,0,0,0,44,0,174
5291,85436120,0,0,0,48,0,210
5292,85446121,0,0,0,51,0,231
5293,85456121,0,0,0,45,0,260
5294,85466121,0,0,0,41,0,288
5295,85476121,0,0,0,35,0,326
5296,85486120,0,0,0,37,0,368
5297,85496121,0,0,0,27,0,408
5298,85506121,0,0,0,24,0,441
5299,85516121,0,0,0,23,0,470
5300,85526121,0,0,0,20,4,495
5301,85536120,2,0,0,20,0,527
5302,85546121,0,0,0,21,0,538
5303,85556121,0,0,0,22,0,553
5304,85566121,0,0,0,25,0,549
5305,85576121,0,0,0,29,0,538
5306,85586120,0,0,0,35,0,501
5307,85596121,0,0,0,37,0,481
5308,85606121,0,0,0,38,0,477
5309,85616121,0,0,0,40,0,475
5310,85626121,0,0,0,41,0,470
5311,85636120,0,0,0,39,0,440
5312,85646121,0,0,0,34,0,423
5313,85656121,0,0,0,26,0,401
5314,85666121,0,0,0,20,0,356
5315,85676121,0,0,0,13,0,330
5316,85686120,0,0,0,0,0,266
5317,85696121,0,0,0,4,0,259
5318,85706121,0,0,0,3,0,215
5319,85716121,0,46,0,0,0,129
5320,85726121,82,205,0,0,0,9
5321,85736120,296,483,0,0,0,0
5322,85746121,644,804,0,0,3,0
5323,85756121,919,1062,0,0,0,0
5324,85766121,1068,1186,0,0,0,0
5325,85776121,1180,1288,0,0,0,0
5326,85786120,1295,1389,0,0,0,0
5327,85796121,1390,1464,0,0,0,0
5328,85806121,1435,1509,0,0,0,0
5329,85816121,1455,1531,10,0,0,0
5330,85826121,1467,1546,27,5,0,0
5331,85836120,1470,1559,54,25,0,0
5332,85846121,1484,1570,79,52,0,0
5333,85856121,1499,1582,109,86,0,0
5334,85866121,1516,1594,175,167,0,0
5335,85876121,1543,1613,232,222,0,0
5336,85886120,1542,1624,298,278,0,0
5337,85896121,1567,1635,341,335,0,0
5338,85906121,1577,1644,375,378,3,0
5339,85916121,1600,1657,420,425,0,0
5340,85926121,1604,1669,455,458,0,0
5341,85936120,1611,1678,486,478,0,0
5342,85946121,1618,1687,506,515,0,0
5343,85956121,1629,1693,541,542,0,0
5344,85966121,1629,1698,568,566,0,0
5345,85976121,1635,1703,597,589,0,0
5346,85986120,1640,1706,613,602,0,0
5347,85996121,1641,1711,625,611,0,0
5348,86006121,1644,1713,647,624,0,0
5349,86016121,1644,1715,658,635,0,0
5350,86026121,1642,1715,677,650,0,0
5351,86036120,1636,1708,715,670,0,0
5352,86046121,1617,1702,760,711,0,0
5353,86056121,1614,1692,790,738,0,0
5354,86066121,1602,1685,818,763,0,0
5355,86076121,1592,1677,841,791,0,0
5356,86086120,1582,1669,857,817,0,0
5357,86096121,1569,1657,871,843,0,0
5358,86106121,1560,1649,890,867,0,4
5359,86116121,1550,1640,920,888,0,16
5360,86126121,1530,1629,938,917,0,33
5361,86136120,1518,1620,957,939,0,58
5362,86146121,1401,1585,893,959,0,90
5363,86156121,1494,1597,988,988,0,116
5364,86166121,1480,1588,1001,1006,0,152
5365,86176121,1466,1576,1009,1031,0,180
5366,86186120,1455,1564,1023,1052,0,206
5367,86196121,1447,1556,1040,1070,0,235
5368,86206121,1434,1545,1050,1087,0,249
5369,86216121,1423,1531,1056,1103,0,279
5370,86226121,1406,1518,1063,1117,0,310
5371,86236120,1387,1508,1075,1138,0,346
5372,86246121,1369,1490,1085,1149,4,381
5373,86256121,1348,1472,1093,1169,33,416
5374,86266121,1326,1455,1098,1179,64,462
5375,86276120,1206,1403,1031,1134,81,515
5376,86286120,1292,1428,1105,1202,118,582
5377,86296121,1271,1406,1108,1211,154,639
5378,86306121,1247,1389,1113,1226,211,712
5379,86316121,1208,1365,1128,1234,252,773
5380,86326121,1167,1328,1137,1242,295,0
5381,86336120,1112,1299,1145,1255,356,0
5382,86346121,1054,1256,1159,1266,410,0
5383,86356121,990,1207,1167,1272,446,1003
5384,86366121,936,1159,1178,1288,483,1050
5385,86376121,866,1101,1188,1299,539,0
5386,86386120,796,1041,1195,1309,578,0
5387,86396121,685,975,1206,1319,624,0
5388,86406120,570,862,1167,1239,653,0
5389,86416121,469,840,1225,1342,698,0
5390,86426121,326,738,1234,1363,743,0
5391,86436120,185,594,1243,1373,786,0
5392,86446121,46,469,1251,1390,826,1334
5393,86456121,0,329,1257,1405,857,1365
5394,86466121,0,152,1260,1419,884,1389
5395,86476121,0,0,1267,1444,900,1407
5396,86486120,0,0,1261,1457,906,1425
5397,86496121,0,0,1247,1468,890,1424
5398,86506121,0,0,1206,1472,849,1438
5399,86516121,0,0,1144,1469,739,0
5400,86526121,0,0,1051,1461,622,0
5401,86536120,0,0,970,1420,472,1459
5402,86546121,0,0,884,1360,356,1471
5403,86556121,0,0,811,1280,175,1479
5404,86566121,0,0,750,1192,44,1463
5405,86576121,0,0,695,1111,0,1406
5406,86586120,0,0,632,1038,0,1322
5407,86596121,0,0,587,960,0,1222
5408,86606120,0,2,463,0,0,1040
5409,86616121,0,0,420,0,0,994
5410,86626121,0,0,347,0,0,831
5411,86636120,0,0,327,0,0,593
5412,86646121,0,0,312,0,0,272
5413,86656121,0,0,273,0,0,39
5414,86666121,0,0,248,0,0,102
5415,86676121,0,0,230,0,0,223
5416,86686120,0,0,187,0,0,266
5417,86696121,0,0,164,0,0,282
5418,86706121,0,0,138,0,0,264
5419,86716121,0,0,111,0,0,264
5420,86726121,0,0,97,0,0,266
5421,86736120,0,0,70,0,0,213
5422,86746121,0,0,77,0,0,222
5423,86756121,0,0,73,0,0,207
5424,86766121,0,0,72,99,0,188
5425,86776121,0,0,70,68,0,189
5426,86786120,0,0,64,86,0,190
5427,86796121,0,0,67,101,0,201
5428,86806121,0,0,65,102,0,222
5429,86816121,0,0,61,87,0,247
5430,86826121,0,0,68,67,0,279
5431,86836120,0,0,70,0,0,312
5432,86846121,0,0,71,0,0,343
5433,86856121,0,0,71,0,0,356
5434,86866121,0,0,74,0,0,383
5435,86876121,0,0,74,0,0,424
5436,86886120,0,0,75,29,0,460
5437,86896121,0,0,69,35,0,491
5438,86906121,0,0,65,39,0,527
5439,86916121,0,0,45,36,0,544
5440,86926121,0,0,43,31,0,553
5441,86936120,0,0,22,25,0,559
5442,86946121,0,0,10,23,0,558
5443,86956121,0,0,2,20,0,547
5444,86966121,0,0,0,16,0,524
5445,86976121,0,0,0,13,0,496
5446,86986120,0,0,0,0,0,474
5447,86996121,0,0,0,12,0,461
5448,87006121,0,0,0,7,0,441
5449,87016121,0,0,0,6,0,420
5450,87026121,0,0,0,0,0,393
5451,87036120,0,0,0,0,0,374
5452,87046121,0,0,0,0,0,347
5453,87056121,0,0,0,0,0,316
5454,87066121,0,0,0,0,0,241
5455,87076121,0,33,5,0,0,129
5456,87086120,41,130,4,0,0,5
5457,87096121,226,354,6,0,0,0
5458,87106121,602,743,22,0,0,0
5459,87116121,875,1018,22,0,0,0
5460,87126121,1021,1151,18,0,0,0
5461,87136120,1116,1258,24,0,0,0
5462,87146121,1242,1387,63,0,0,0
5463,87156121,1368,1482,104,30,0,0
5464,87166121,1442,1549,154,81,0,0
5465,87176121,1474,1579,227,159,0,0
5466,87186120,1491,1594,306,251,0,0
5467,87196121,1512,1604,452,357,0,0
5468,87206121,1518,1606,542,457,0,0
5469,87216121,1523,1607,640,562,0,0
5470,87226121,1541,1610,702,642,0,0
5471,87236120,1556,1620,755,710,0,0
5472,87246121,1573,1628,792,740,0,0
5473,87256121,1593,1639,818,769,0,17
5474,87266121,1610,1646,833,795,0,34
5475,87276121,1624,1654,848,814,5,71
5476,87286120,1633,1659,857,823,0,98
5477,87296121,1640,1666,864,837,0,122
5478,87306121,1644,1667,868,841,0,150
5479,87316120,1523,1626,820,801,0,162
5480,87326121,1641,1664,875,856,0,186
5481,87336120,1640,1657,877,859,0,210
5482,87346121,1629,1649,878,863,0,247
5483,87356121,1625,1641,878,870,0,291
5484,87366121,1617,1634,878,874,0,332
5485,87376121,1610,1625,877,872,0,348
5486,87386120,1594,1613,875,878,8,374
5487,87396121,1588,1602,875,883,25,409
5488,87406121,1579,1591,875,886,40,419
5489,87416121,1571,1580,871,889,48,435
5490,87426121,1559,1566,877,896,77,475
5491,87436120,1540,1547,881,908,101,520
5492,87446120,1515,1454,859,850,116,505
5493,87456121,1495,1495,908,935,153,610
5494,87466121,1476,1470,913,948,181,0
5495,87476121,1458,1449,923,957,218,499
5496,87486120,1445,1428,932,970,255,0
5497,87496121,1427,1402,944,984,298,0
5498,87506121,1397,1368,958,1003,342,0
5499,87516120,1362,1250,934,956,393,0
5500,87526121,1320,1240,988,1066,453,0
5501,87536120,1270,1179,998,1084,524,987
5502,87546121,1222,1118,1013,1108,580,1042
5503,87556121,1163,1055,1028,1126,636,1081
5504,87566121,1099,989,1041,1149,691,1125
5505,87576121,1031,910,1049,1174,739,1171
5506,87586120,947,794,1022,1112,793,1114
5507,87596121,871,771,1082,1222,857,1242
5508,87606121,777,695,1095,1242,895,1277
5509,87616121,652,604,1107,1259,942,1318
5510,87626121,522,501,1113,1281,990,1354
5511,87636120,379,405,1122,1299,1039,1378
5512,87646121,220,294,1130,1314,1082,1403
5513,87656120,83,159,1081,1262,1050,0
5514,87666121,3,91,1135,1339,1169,0
5515,87676121,0,9,1140,1361,1199,0
5516,87686120,0,0,1142,1380,1236,0
5517,87696121,0,0,1142,1394,1260,0
5518,87706121,0,0,1133,1412,1278,1542
5519,87716121,0,0,1123,1425,1303,1574
5520,87726121,0,0,1101,1435,1318,1603
5521,87736120,0,0,1063,1439,1329,1627
5522,87746121,0,0,1005,1448,1333,1644
5523,87756121,0,0,924,1442,1310,1661
5524,87766121,0,0,814,1432,1272,1675
5525,87776121,0,0,722,1399,1202,0
5526,87786120,0,0,581,1277,1012,0
5527,87796121,0,0,475,1255,916,1706
5528,87806121,0,0,336,1118,700,1714
5529,87816121,0,0,272,1018,433,1703
5530,87826121,0,0,193,907,233,1672
5531,87836120,0,0,124,805,111,1600
5532,87846121,0,0,65,679,28,1496
5533,87856121,0,0,39,550,0,1366
5534,87866121,3,0,19,457,0,1212
5535,87876121,0,0,36,373,0,1042
5536,87886120,0,0,43,314,0,767
5537,87896121,0,0,49,221,0,405
5538,87906121,0,0,57,126,0,191
5539,87916121,0,16,51,115,0,220
5540,87926121,0,0,44,119,0,303
5541,87936120,0,0,47,123,0,304
5542,87946121,0,0,40,120,0,236
5543,87956121,0,0,28,105,0,176
5544,87966121,0,0,21,94,0,144
5545,87976121,0,0,18,85,0,123
5546,87986121,0,0,12,74,0,110
5547,87996121,0,0,4,56,0,92
5548,88006121,0,0,0,54,0,86
5549,88016121,0,0,0,52,0,66
5550,88026121,0,0,0,45,0,50
5551,88036120,0,0,0,43,0,47
5552,88046121,0,0,0,36,0,49
5553,88056121,0,0,0,34,0,62
5554,88066121,0,0,0,36,0,74
5555,88076121,0,0,0,32,0,85
5556,88086120,0,0,0,25,0,92
5557,88096121,0,0,0,26,0,93
5558,88106121,0,0,0,27,0,100
5559,88116121,0,0,0,29,0,102
5560,88126121,0,0,0,25,0,105
5561,88136120,0,0,0,28,0,112
5562,88146121,0,0,0,23,0,116
5563,88156121,0,0,0,23,0,115
5564,88166121,0,0,0,24,0,122
5565,88176121,0,0,0,24,0,126
5566,88186120,0,0,0,26,0,128
5567,88196121,0,0,0,26,0,121
5568,88206121,0,0,0,26,0,112
5569,88216121,0,0,0,28,0,117
5570,88226121,0,0,0,29,1,119
5571,88236120,0,0,0,34,0,113
5572,88246121,0,0,0,38,0,118
5573,88256121,0,0,0,38,0,104
5574,88266121,0,0,0,36,0,90
5575,88276121,0,0,0,24,0,83
5576,88286120,0,0,0,20,4,70
5577,88296121,0,0,0,18,0,76
5578,88306121,0,0,0,2,0,64
5579,88316121,0,0,0,20,0,97
5580,88326121,0,0,0,22,0,111
5581,88336120,0,0,0,22,0,120
5582,88346121,0,0,0,23,0,130
5583,88356121,0,0,0,24,0,123
5584,88366121,0,0,0,23,0,112
5585,88376121,0,0,0,23,0,124
5586,88386120,0,0,0,24,0,118
5587,88396121,0,0,0,24,0,103
5588,88406121,0,0,0,27,0,99
5589,88416121,0,0,2,30,0,86
5590,88426121,0,0,0,36,0,78
5591,88436120,0,0,0,41,0,73
5592,88446121,0,0,0,44,0,57
5593,88456121,0,0,0,48,0,42
5594,88466121,0,0,0,52,0,31
5595,88476121,0,0,0,55,0,8
5596,88486120,0,0,0,58,0,2
5597,88496120,0,0,1,38,0,0
5598,88506121,0,0,16,68,0,0
5599,88516121,0,0,21,74,0,0
5600,88526121,0,0,25,86,0,0
5601,88536120,0,0,29,91,0,0
5602,88546121,0,0,34,99,0,0
5603,88556121,0,0,42,103,0,0
5604,88566121,0,0,45,104,0,0
5605,88576121,0,0,59,100,0,0
5606,88586120,0,42,70,106,0,0
5607,88596121,0,92,86,107,0,0
5608,88606121,52,161,102,114,0,0
5609,88616121,128,315,116,138,0,0
5610,88626121,325,543,123,116,0,0
5611,88636120,705,819,141,109,0,0
5612,88646121,1002,1061,289,234,0,0
5613,88656121,1141,1154,426,405,0,0
5614,88666121,1179,1188,532,518,0,0
5615,88676121,1221,1215,663,652,0,0
5616,88686120,1207,1226,773,768,0,0
5617,88696121,1182,1221,871,876,0,50
5618,88706121,1161,1206,957,975,0,229
5619,88716121,1111,1185,1043,1067,0,412
5620,88726121,1080,1167,1097,1129,8,559
5621,88736120,1047,1145,1128,1189,58,679
5622,88746121,1018,1126,1158,1232,97,779
5623,88756121,998,1110,1178,1257,154,873
5624,88766121,971,1091,1193,1276,196,941
5625,88776121,936,1069,1207,1295,250,999
5626,88786120,887,1043,1221,1307,315,1046
5627,88796121,811,997,1231,1322,394,1084
5628,88806121,731,948,1241,1337,446,1126
5629,88816121,621,899,1248,1349,516,1159
5630,88826121,555,848,1256,1360,582,1191
5631,88836120,476,780,1257,1364,630,1212
5632,88846121,418,714,1258,1371,686,1238
5633,88856121,384,651,1262,1373,724,1250
5634,88866121,374,635,1259,1375,743,1256
5635,88876121,365,633,1258,1377,762,1267
5636,88886120,321,602,1261,1377,787,1273
5637,88896121,343,627,1259,1380,812,1277
5638,88906121,333,622,1261,1380,827,1268
5639,88916121,331,617,1263,1381,852,0
5640,88926121,326,602,1266,1383,867,0
5641,88936120,313,597,1270,1385,878,0
5642,88946121,298,585,1269,1388,893,0
5643,88956121,282,573,1269,1392,912,0
5644,88966121,262,560,1271,1392,924,0
5645,88976121,241,560,1274,1393,937,0
5646,88986120,232,543,1272,1395,948,0
5647,88996121,214,532,1273,1395,955,0
5648,89006121,197,520,1270,1397,966,0
5649,89016120,152,473,1199,1330,935,0
5650,89026121,187,478,1273,1398,980,0
5651,89036120,180,469,1274,1400,985,0
5652,89046121,185,483,1272,1393,990,0
5653,89056121,191,478,1271,1396,994,0
5654,89066121,198,478,1270,1395,997,0
5655,89076121,203,476,1268,1395,999,0
5656,89086120,205,483,1266,1398,1002,0
5657,89096121,193,471,1265,1392,1004,1292
5658,89106121,181,448,1266,1396,1012,1320
5659,89116121,158,435,1270,1396,1017,1329
5660,89126121,129,415,1271,1399,1029,1333
5661,89136120,105,378,1271,1400,1038,1338
5662,89146121,76,360,1273,1399,1044,1342
5663,89156121,44,331,1275,1405,1048,1353
5664,89166121,16,294,1276,1410,1063,1363
5665,89176121,0,230,1277,1415,1081,1371
5666,89186120,0,171,1281,1423,1098,1383
5667,89196121,0,108,1280,1430,1113,1396
5668,89206121,0,46,1281,1436,1125,1410
5669,89216121,0,0,1281,1443,1140,1428
5670,89226121,0,0,1275,1449,1161,1440
5671,89236120,0,0,1270,1457,1177,1449
5672,89246121,0,0,1252,1463,1190,1460
5673,89256121,0,0,1221,1466,1206,1463
5674,89266121,0,0,1171,1469,1214,1465
5675,89276121,0,0,1111,1465,1223,1471
5676,89286120,0,0,1016,1445,1214,1477
5677,89296121,0,0,920,1402,1194,1488
5678,89306121,0,0,806,1347,1147,0
5679,89316121,0,0,684,1266,1050,0
5680,89326121,0,0,584,1146,930,1514
5681,89336120,0,0,417,960,705,1516
5682,89346121,0,0,359,894,535,1500
5683,89356121,0,0,240,740,279,1456
5684,89366121,0,0,164,546,148,1354
5685,89376121,0,0,102,421,37,1240
5686,89386120,0,0,64,341,0,1135
5687,89396121,0,0,54,267,0,961
5688,89406121,0,0,52,114,0,687
5689,89416121,0,0,40,116,0,351
5690,89426121,0,0,37,90,0,245
5691,89436120,0,0,39,97,0,316
5692,89446121,0,0,38,94,0,344
5693,89456121,0,0,33,91,0,309
5694,89466121,0,0,23,63,0,257
5695,89476121,0,0,31,96,0,211
5696,89486120,0,0,39,100,0,163
5697,89496121,0,0,38,104,0,117
5698,89506121,0,0,30,101,1,84
5699,89516121,0,0,30,95,0,39
5700,89526121,0,0,2,79,0,17
5701,89536120,0,0,9,73,0,2
5702,89546121,0,0,2,57,0,2
5703,89556121,0,0,0,44,0,4
5704,89566121,0,0,0,41,0,5
5705,89576121,0,0,0,34,0,5
5706,89586120,0,0,0,30,0,6
5707,89596121,0,0,0,25,0,5
5708,89606121,0,0,0,21,0,20
5709,89616121,0,0,0,21,0,28
5710,89626121,0,0,0,25,0,39
5711,89636120,0,0,0,29,0,58
5712,89646121,0,0,0,28,0,89
5713,89656121,0,0,0,30,3,114
5714,89666121,0,0,0,34,0,137
5715,89676121,0,0,0,33,0,152
5716,89686120,0,0,0,35,0,180
5717,89696121,0,0,0,30,0,202
5718,89706121,0,0,0,26,0,237
5719,89716121,0,0,0,18,0,254
5720,89726121,0,0,0,12,0,265
5721,89736120,0,0,0,6,0,263
5722,89746121,0,0,0,3,0,226
5723,89756121,0,0,0,2,0,183
5724,89766121,0,0,0,1,0,149
5725,89776121,0,0,0,0,0,105
5726,89786121,0,0,0,0,0,73
5727,89796121,0,0,0,4,0,65
5728,89806121,0,0,0,8,0,55
5729,89816121,0,0,0,12,0,69
5730,89826121,0,0,0,17,0,72
5731,89836120,0,0,0,18,0,72
5732,89846121,0,0,0,19,0,67
5733,89856121,0,0,0,21,0,58
5734,89866121,0,0,0,23,0,37
5735,89876121,0,0,0,21,0,22
5736,89886120,0,0,0,20,0,11
5737,89896121,0,0,0,23,0,8
5738,89906121,0,0,0,21,0,0
5739,89916121,0,0,0,3,0,0
5740,89926121,0,69,0,20,0,0
5741,89936120,58,192,0,13,0,0
5742,89946121,239,440,0,1,0,0
5743,89956121,559,744,0,0,0,0
5744,89966121,813,957,0,0,1,0
5745,89976121,985,1107,0,0,0,0
5746,89986120,1111,1208,2,0,0,0
5747,89996121,1231,1326,2,0,0,0
5748,90006121,1344,1424,32,3,0,0
5749,90016121,1418,1493,64,38,0,0
5750,90026121,1449,1528,100,75,0,0
5751,90036120,1467,1554,153,123,0,0
5752,90046121,1471,1562,256,201,0,0
5753,90056121,1475,1571,357,285,0,0
5754,90066121,1481,1571,423,377,0,0
5755,90076121,1489,1578,499,452,0,0
5756,90086120,1505,1586,553,529,0,0
5757,90096121,1524,1594,599,579,0,0
5758,90106120,1426,1579,578,573,0,6
5759,90116121,1559,1609,665,655,0,43
5760,90126121,1565,1615,691,685,0,91
5761,90136120,1574,1617,723,715,0,154
5762,90146121,1574,1619,745,744,0,185
5763,90156121,1573,1617,763,765,0,216
5764,90166120,1566,1546,751,718,0,202
5765,90176121,1563,1611,807,795,0,268
5766,90186120,1554,1606,824,813,0,280
5767,90196121,1552,1604,839,832,0,295
5768,90206121,1542,1596,848,850,0,301
5769,90216121,1531,1590,858,856,0,313
5770,90226120,1526,1518,828,800,0,271
5771,90236120,1516,1579,868,872,2,329
5772,90246121,1511,1574,869,878,9,331
5773,90256121,1500,1566,871,882,11,337
5774,90266121,1489,1560,878,888,19,340
5775,90276121,1476,1553,884,897,25,342
5776,90286120,1465,1544,887,904,26,352
5777,90296121,1409,1450,847,910,32,356
5778,90306121,1455,1531,897,918,34,360
5779,90316121,1451,1528,902,925,36,365
5780,90326121,1447,1524,910,933,41,377
5781,90336120,1446,1519,919,937,45,396
5782,90346121,1441,1514,925,946,55,409
5783,90356121,1436,1510,930,951,58,425
5784,90366121,1364,1449,940,961,63,439
5785,90376121,1423,1498,941,969,71,454
5786,90386120,1418,1491,947,975,77,466
5787,90396121,1406,1485,951,978,85,487
5788,90406121,1394,1477,954,979,97,502
5789,90416121,1381,1467,960,985,109,525
5790,90426121,1373,1453,969,994,129,550
5791,90436120,1337,1435,978,1006,153,576
5792,90446121,1307,1403,989,1025,175,597
5793,90456121,1267,1373,1002,1049,203,623
5794,90466121,1227,1339,1014,1067,229,652
5795,90476121,1189,1314,1031,1087,266,675
5796,90486120,1148,1279,1045,1106,305,699
5797,90496121,1108,1243,1053,1123,327,730
5798,90506121,1064,1196,1064,1141,353,762
5799,90516121,999,1142,1075,1158,393,806
5800,90526121,937,1083,1087,1175,430,842
5801,90536120,876,994,1096,1193,475,882
5802,90546121,807,921,1105,1210,514,932
5803,90556121,675,811,1113,1228,556,0
5804,90566121,624,780,1118,1239,585,0
5805,90576121,517,683,1124,1254,629,0
5806,90586120,372,585,1123,1268,674,0
5807,90596121,221,461,1124,1277,723,0
5808,90606121,60,313,1113,1288,757,0
5809,90616121,0,130,1097,1296,779,0
5810,90626121,0,0,1055,1294,801,0
5811,90636120,0,0,988,1284,800,0
5812,90646121,0,0,875,1255,783,0
5813,90656121,0,0,727,1209,777,1235
5814,90666121,0,0,606,1122,768,1251
5815,90676121,0,0,489,1001,679,1258
5816,90686120,0,0,340,828,519,1279
5817,90696121,0,0,275,772,344,1271
5818,90706121,0,0,218,637,99,1207
5819,90716121,0,0,163,534,0,1097
5820,90726121,0,0,118,461,0,922
5821,90736120,0,0,78,385,0,679
5822,90746121,0,0,69,326,0,283
5823,90756121,0,0,74,253,0,0
5824,90766121,0,0,69,153,0,0
5825,90776121,0,0,68,173,0,0
5826,90786120,0,0,80,169,0,0
5827,90796121,0,0,72,167,0,0
5828,90806121,0,0,67,152,0,0
5829,90816120,0,0,69,156,0,0
5830,90826121,0,0,66,160,0,0
5831,90836120,0,0,67,165,0,0
5832,90846121,0,0,70,159,0,0
5833,90856121,0,0,60,155,0,0
5834,90866121,0,0,53,146,0,0
5835,90876121,0,0,46,135,0,2
5836,90886120,0,0,41,121,0,4
5837,90896121,0,0,38,119,0,26
5838,90906121,0,0,33,113,0,42
5839,90916121,0,0,28,108,0,52
5840,90926121,0,0,28,107,0,84
5841,90936120,0,0,27,106,0,121
5842,90946121,0,0,21,103,0,164
5843,90956121,0,0,11,101,0,191
5844,90966121,0,0,4,86,0,236
5845,90976121,0,0,0,75,0,250
5846,90986120,0,0,0,60,1,264
5847,90996121,0,0,0,54,0,275
5848,91006121,0,0,0,45,0,273
5849,91016121,0,0,0,41,0,279
5850,91026121,0,0,0,37,0,290
5851,91036120,0,0,0,26,0,307
5852,91046121,0,3,0,16,0,346
5853,91056121,0,0,0,7,0,358
5854,91066121,0,0,0,0,0,353
5855,91076121,0,0,0,0,0,345
5856,91086120,0,0,0,0,0,348
5857,91096121,0,0,0,0,0,355
5858,91106121,0,0,0,0,0,359
5859,91116121,0,0,0,0,0,364
5860,91126121,0,0,0,0,0,366
5861,91136120,0,0,0,0,0,369
5862,91146121,0,0,0,0,0,370
5863,91156121,0,0,0,0,0,368
5864,91166121,0,0,0,0,0,349
5865,91176121,0,0,0,0,0,313
5866,91186120,0,0,0,0,0,279
5867,91196121,0,0,0,0,0,241
5868,91206121,0,0,0,0,0,210
5869,91216121,0,0,0,0,3,152
5870,91226121,0,44,0,0,0,77
5871,91236120,0,121,0,0,0,19
5872,91246121,13,227,0,0,0,0
5873,91256121,205,498,0,0,0,0
5874,91266121,566,738,0,0,0,0
5875,91276121,882,981,0,0,0,0
5876,91286120,1084,1133,0,0,0,0
5877,91296121,1192,1208,0,0,0,1
5878,91306121,1256,1269,0,28,0,0
5879,91316121,1296,1308,22,62,0,0
5880,91326120,1197,1280,36,73,0,0
5881,91336120,1289,1318,111,151,0,0
5882,91346121,1256,1321,155,210,0,0
5883,91356121,1256,1335,210,248,0,0
5884,91366121,1307,1362,263,294,0,11
5885,91376121,1353,1395,298,331,0,38
5886,91386120,1402,1437,321,352,0,54
5887,91396121,1426,1461,333,374,0,66
5888,91406121,1467,1493,348,389,0,79
5889,91416121,1506,1518,367,408,0,95
5890,91426121,1531,1548,386,427,0,122
5891,91436120,1558,1565,409,453,0,148
5892,91446121,1572,1580,430,478,0,177
5893,91456121,1549,1516,465,496,0,207
5894,91466121,1593,1599,486,526,0,237
5895,91476121,1607,1607,495,541,0,244
5896,91486120,1611,1612,508,554,0,254
5897,91496121,1620,1618,518,564,0,265
5898,91506121,1625,1619,526,570,0,273
5899,91516121,1623,1621,530,576,0,288
5900,91526121,1614,1618,537,583,6,320
5901,91536120,1615,1610,538,592,26,347
5902,91546121,1607,1604,543,602,53,375
5903,91556121,1598,1595,545,616,82,393
5904,91566121,1583,1583,550,631,93,415
5905,91576121,1574,1572,555,640,120,441
5906,91586120,1562,1558,563,650,149,472
5907,91596121,1553,1545,568,658,156,495
5908,91606121,1537,1529,580,668,173,521
5909,91616121,1515,1521,585,678,207,539
5910,91626121,1503,1510,590,684,232,565
5911,91636120,1502,1499,599,695,254,587
5912,91646121,1498,1492,603,709,288,612
5913,91656121,1492,1482,612,716,313,636
5914,91666121,1482,1471,617,727,341,667
5915,91676121,1471,1461,625,738,360,687
5916,91686120,1460,1447,627,750,380,727
5917,91696121,1447,1432,641,760,409,765
5918,91706121,1430,1410,650,771,430,808
5919,91716121,1410,1389,663,785,457,839
5920,91726121,1390,1366,669,799,476,872
5921,91736120,1368,1335,683,817,505,916
5922,91746121,1340,1288,694,833,539,958
5923,91756121,1314,1246,712,855,570,1014
5924,91766121,1285,1208,734,873,595,1071
5925,91776121,1239,1163,758,903,618,1119
5926,91786120,1177,1099,792,852,640,1106
5927,91796121,1111,1035,828,962,695,1220
5928,91806121,1018,935,858,996,732,1210
5929,91816121,908,821,882,1038,791,0
5930,91826121,786,694,900,1072,833,0
5931,91836120,619,588,914,1107,887,0
5932,91846121,430,460,923,1131,946,0
5933,91856121,172,256,926,1162,1004,1414
5934,91866121,0,74,915,1188,1054,1441
5935,91876121,0,0,873,1205,1082,1457
5936,91886120,0,0,783,1207,1089,1471
5937,91896121,0,0,663,1186,1064,1477
5938,91906121,0,0,574,1130,974,1477
5939,91916121,0,0,470,1049,765,1479
5940,91926121,0,0,393,940,500,1469
5941,91936120,0,0,343,864,231,1422
5942,91946121,0,0,308,755,9,1295
5943,91956121,0,0,283,653,0,1090
5944,91966121,0,0,242,444,0,787
5945,91976121,0,0,220,476,0,403
5946,91986120,0,0,188,372,0,0
5947,91996121,0,0,147,243,0,0
5948,92006121,0,0,136,237,0,0
5949,92016121,0,0,123,218,0,0
5950,92026121,0,0,112,192,0,0
5951,92036120,0,0,101,182,0,0
5952,92046121,0,0,87,176,0,1
5953,92056121,0,0,76,173,0,45
5954,92066121,0,0,71,180,0,101
5955,92076121,0,0,65,178,0,151
5956,92086120,0,0,59,173,0,177
5957,92096121,0,0,57,171,0,205
5958,92106121,0,0,54,170,0,236
5959,92116121,0,0,45,166,0,285
5960,92126121,0,0,34,153,0,338
5961,92136120,0,0,26,137,0,376
5962,92146121,0,0,24,140,0,407
5963,92156121,0,0,19,119,0,426
5964,92166121,0,0,5,106,0,440
5965,92176121,0,0,0,102,0,438
5966,92186120,0,0,0,83,0,434
5967,92196121,0,0,0,62,0,439
5968,92206121,0,0,0,60,0,440
5969,92216121,0,0,0,58,0,466
5970,92226121,0,0,0,57,0,486
5971,92236120,0,0,0,55,0,487
5972,92246121,0,0,0,53,0,461
5973,92256121,0,0,0,47,0,424
5974,92266121,0,0,0,42,0,382
5975,92276121,0,0,0,30,0,311
5976,92286120,0,0,0,26,0,246
5977,92296121,0,0,0,19,0,183
5978,92306121,0,0,0,1,0,115
5979,92316121,0,0,0,9,0,99
5980,92326121,0,0,0,15,0,59
5981,92336120,0,0,0,13,0,34
5982,92346121,0,20,0,15,0,8
5983,92356121,0,45,0,8,0,0
5984,92366121,0,86,0,0,0,0
5985,92376120,0,130,0,0,0,0
5986,92386120,13,222,0,0,0,0
5987,92396121,72,342,0,0,0,0
5988,92406121,179,510,0,0,0,0
5989,92416121,400,751,0,0,0,0
5990,92426121,747,1005,0,0,0,0
5991,92436120,1044,1173,0,0,0,0
5992,92446121,1177,1265,6,29,0,0
5993,92456121,1233,1309,49,68,0,0
5994,92466121,1256,1324,99,110,0,0
5995,92476121,1284,1341,149,182,0,0
5996,92486120,1310,1365,200,230,0,26
5997,92496121,1334,1382,236,265,0,88
5998,92506120,1258,1368,259,280,0,158
5999,92516121,1390,1428,305,357,0,235
6000,92526121,1421,1449,340,400,0,306
6001,92536120,1445,1466,367,422,0,353
6002,92546121,1465,1487,398,438,6,410
6003,92556121,1485,1502,420,460,25,452
6004,92566121,1503,1523,442,483,52,486
6005,92576121,1421,1515,408,494,78,512
6006,92586120,1541,1552,476,522,103,536
6007,92596121,1552,1557,490,536,124,547
6008,92606121,1556,1562,503,555,158,578
6009,92616121,1553,1561,522,578,186,604
6010,92626121,1553,1558,536,599,214,628
6011,92636120,1551,1554,553,618,247,653
6012,92646121,1440,1520,506,629,280,670
6013,92656121,1539,1546,586,646,316,688
6014,92666121,1524,1539,595,655,349,713
6015,92676121,1519,1526,598,664,369,737
6016,92686120,1513,1514,604,668,382,758
6017,92696121,1505,1505,610,674,407,776
6018,92706121,1494,1494,614,680,424,798
6019,92716121,1383,1458,556,689,455,820
6020,92726121,1461,1460,630,710,482,848
6021,92736120,1444,1437,633,730,524,874
6022,92746121,1424,1405,649,745,557,896
6023,92756121,1404,1388,658,759,571,923
6024,92766121,1388,1374,665,775,597,950
6025,92776120,1366,1298,641,720,602,897
6026,92786120,1347,1337,680,799,652,1004
6027,92796121,1322,1315,686,819,683,1040
6028,92806121,1302,1284,698,837,708,1066
6029,92816121,1271,1246,712,856,738,1095
6030,92826121,1238,1222,723,868,776,1127
6031,92836120,1196,1187,732,879,814,1158
6032,92846121,1163,1148,744,899,859,1180
6033,92856121,1127,1119,758,919,890,1199
6034,92866121,1090,1092,763,936,932,1229
6035,92876121,1050,1056,781,953,967,1264
6036,92886120,998,1015,799,970,1002,1150
6037,92896121,955,970,803,983,1050,0
6038,92906121,888,914,814,1002,1099,0
6039,92916121,830,857,813,1022,1136,0
6040,92926121,743,799,826,1045,1177,0
6041,92936120,622,738,830,1062,1205,0
6042,92946121,527,640,830,1084,1234,0
6043,92956121,402,541,836,1096,1254,0
6044,92966121,263,404,840,1103,1272,1437
6045,92976121,118,294,842,1128,1294,1557
6046,92986120,15,166,830,1145,1314,1590
6047,92996121,0,57,817,1166,1333,1616
6048,93006121,3,0,780,1174,1345,1640
6049,93016121,0,0,716,1180,1348,1660
6050,93026121,0,0,670,1181,1328,1682
6051,93036120,0,0,646,1173,1297,1694
6052,93046121,0,0,566,1142,1253,1705
6053,93056121,0,0,482,1116,1178,0
6054,93066121,0,0,404,1066,1082,0
6055,93076121,0,0,310,969,920,0
6056,93086120,0,0,239,867,716,1739
6057,93096121,0,0,219,797,477,0
6058,93106121,0,0,205,741,219,1691
6059,93116121,0,0,176,692,68,1629
6060,93126121,0,0,182,660,0,1497
6061,93136120,0,0,181,618,0,1316
6062,93146121,0,0,182,565,0,1133
6063,93156121,0,0,169,506,0,948
6064,93166121,0,0,153,424,0,653
6065,93176121,0,0,121,326,0,264
6066,93186120,0,0,77,213,0,43
6067,93196121,0,0,55,180,0,106
6068,93206121,0,0,41,166,0,188
6069,93216121,0,0,24,121,0,211
6070,93226120,0,0,2,70,0,188
6071,93236120,0,0,0,71,0,166
6072,93246121,0,0,0,69,0,168
6073,93256121,0,0,0,73,0,187
6074,93266121,0,0,1,82,0,204
6075,93276121,0,0,0,88,0,214
6076,93286120,0,0,6,95,0,223
6077,93296121,0,0,0,103,0,235
6078,93306121,0,0,18,112,0,252
6079,93316121,0,0,18,120,0,279
6080,93326121,0,0,22,127,0,290
6081,93336120,0,0,22,125,0,297
6082,93346121,0,0,23,122,0,316
6083,93356121,0,0,23,122,0,343
6084,93366120,0,0,22,117,2,353
6085,93376121,0,0,13,106,0,372
6086,93386120,0,0,7,93,0,392
6087,93396121,0,0,2,81,0,405
6088,93406121,0,0,0,60,0,408
6089,93416121,0,0,0,60,0,412
6090,93426121,0,0,0,66,0,422
6091,93436120,0,0,0,73,0,423
6092,93446121,0,0,0,80,0,411
6093,93456121,0,0,0,78,0,375
6094,93466121,0,0,0,77,0,334
6095,93476121,0,0,0,73,0,275
6096,93486120,0,0,0,49,0,245
6097,93496121,0,0,0,60,0,223
6098,93506121,0,0,0,55,0,190
6099,93516121,0,0,0,54,0,145
6100,93526121,0,0,0,53,0,113
6101,93536120,0,0,0,54,0,75
6102,93546120,0,0,0,31,0,24
6103,93556121,0,0,0,62,0,44
6104,93566121,0,0,0,63,0,26
6105,93576121,0,0,0,56,0,0
6106,93586120,0,57,0,44,0,0
6107,93596121,18,156,2,27,0,0
6108,93606120,129,337,4,0,0,0
6109,93616121,329,668,19,3,0,0
6110,93626121,706,998,21,0,0,0
6111,93636120,1095,1247,26,5,0,0
6112,93646121,1262,1373,35,17,0,0
6113,93656121,1356,1432,57,42,0,0
6114,93666121,1383,1461,78,55,0,0
6115,93676121,1391,1482,87,79,0,0
6116,93686120,1419,1504,119,131,0,0
