seq,ts_us,s0,s1,s2,s3,s4,s5
111,11777122,762,940,1239,1259,339,0
112,11787122,876,1017,1244,1257,328,0
113,11797122,967,1090,1248,1254,325,0
114,11807122,1055,1136,1245,1244,316,0
115,11817123,1114,1183,1242,1235,311,0
116,11827122,1161,1212,1237,1217,296,1050
117,11837122,1194,1242,1227,1203,279,1047
118,11847122,1224,1259,1214,1183,268,1045
119,11857122,1244,1272,1203,1166,261,1033
120,11867122,1262,1287,1188,1128,246,1012
121,11877122,1283,1299,1167,1112,246,996
122,11887122,1298,1310,1148,1085,235,976
123,11897122,1315,1323,1128,1058,224,957
124,11907122,1326,1334,1109,1017,210,934
125,11917122,1341,1346,1086,998,185,907
126,11927122,1356,1359,1063,973,169,884
127,11937122,1368,1369,1045,948,145,862
128,11947122,1378,1379,1023,921,127,823
129,11957122,1392,1389,1010,895,113,801
130,11967122,1397,1403,997,876,104,765
131,11977122,1412,1417,985,852,88,745
132,11987122,1427,1433,974,819,71,714
133,11997122,1441,1447,959,800,44,676
134,12007122,1452,1463,949,779,20,635
135,12017122,1467,1481,935,753,1,594
136,12027122,1486,1496,924,718,0,556
137,12037122,1505,1512,907,689,0,522
138,12047122,1518,1526,890,655,0,489
139,12057122,1538,1541,869,630,0,461
140,12067122,1551,1552,853,601,0,443
141,12077122,1562,1561,850,583,0,420
142,12087122,1565,1572,822,560,0,407
143,12097122,1577,1578,805,534,0,366
144,12107122,1584,1588,784,501,0,339
145,12117122,1594,1596,766,480,0,313
146,12127122,1603,1607,752,466,0,297
147,12137122,1611,1612,739,446,0,278
148,12147122,1547,1617,725,435,0,270
149,12157122,1621,1621,706,420,0,253
150,12167122,1623,1549,696,400,0,249
151,12177122,1624,1559,688,393,0,250
152,12187122,1628,0,679,384,0,260
153,12197122,1631,0,671,377,0,260
154,12207122,1637,1371,666,367,0,263
155,12217122,1635,0,663,360,0,249
156,12227122,1637,0,659,355,0,241
157,12237122,1639,0,652,352,0,245
158,12247122,1637,1638,650,348,0,252
159,12257122,1640,1642,649,345,0,263
160,12267122,1641,1644,646,345,0,264
161,12277122,1641,1644,582,331,0,256
162,12287122,1645,1649,645,339,0,286
163,12297122,1644,1649,637,339,0,295
164,12307122,1645,1649,635,340,0,305
165,12317122,1646,1650,634,336,0,318
166,12327122,1644,1649,635,337,0,332
167,12337122,1643,1649,632,334,0,344
168,12347122,1641,1646,631,336,0,352
169,12357122,1640,1642,617,335,0,349
170,12367122,1638,1640,609,324,0,342
171,12377122,1629,1638,597,316,0,341
172,12387122,1631,1632,583,302,0,341
173,12397122,1629,1623,574,290,0,337
174,12407122,1550,1540,553,285,0,333
175,12417122,1619,1611,542,274,0,329
176,12427122,1612,1600,531,262,0,313
177,12437122,1599,1593,508,256,0,306
178,12447122,1586,1579,490,256,0,302
179,12457122,1575,1563,482,261,0,307
180,12467122,1558,1539,423,251,0,285
181,12477122,1544,1515,474,270,0,324
182,12487122,1518,1497,469,272,0,332
183,12497122,1498,1477,467,276,0,341
184,12507122,1475,1455,455,270,0,351
185,12517122,1453,1434,440,276,0,356
186,12527122,1433,1412,432,274,0,357
187,12537122,1418,1391,423,273,0,358
188,12547122,1391,1375,414,279,0,360
189,12557122,1373,1347,406,272,0,358
190,12567122,1352,1325,390,264,0,356
191,12577122,1322,1307,379,254,0,347
192,12587122,1294,1279,375,248,0,343
193,12597122,1257,1256,368,241,0,340
194,12607122,1221,1227,360,235,0,332
195,12617122,1184,1194,350,230,0,323
196,12627122,1154,1165,328,218,0,313
197,12637122,1129,1130,303,215,0,301
198,12647122,1080,1100,294,209,0,288
199,12657122,1044,1053,276,197,0,266
200,12667122,997,1013,251,193,0,238
201,12677122,953,0,226,177,0,212
202,12687122,897,0,202,163,0,176
203,12697122,841,890,180,137,0,144
204,12707122,778,847,155,116,0,89
205,12717122,718,0,146,86,0,69
206,12727122,649,0,120,56,0,39
207,12737122,550,0,94,39,0,11
208,12747122,456,0,69,24,0,0
209,12757122,356,571,52,13,0,0
210,12767122,236,504,40,0,0,0
211,12777122,148,444,28,0,0,0
212,12787122,88,365,17,0,0,0
213,12797122,31,298,10,0,0,0
214,12807122,2,228,11,0,0,0
215,12817122,0,170,13,0,0,0
216,12827122,0,120,17,0,0,0
217,12837122,0,92,21,0,0,0
218,12847122,0,88,24,0,0,0
219,12857122,0,85,35,0,0,0
220,12867122,0,91,40,4,0,0
221,12877122,0,91,45,8,0,0
222,12887122,0,91,45,11,0,0
223,12897122,0,92,53,14,0,0
224,12907122,0,96,59,15,0,0
225,12917122,0,104,64,17,0,0
226,12927122,0,101,69,19,0,2
227,12937122,0,101,73,20,0,0
228,12947122,0,109,74,20,0,0
229,12957122,0,112,79,20,0,0
230,12967122,0,117,83,19,0,0
231,12977122,0,117,84,18,0,0
232,12987122,0,122,80,14,0,0
233,12997122,0,122,82,13,0,0
234,13007122,0,123,80,10,0,0
235,13017122,0,123,78,7,0,0
236,13027122,0,129,76,5,0,0
237,13037122,0,132,81,6,0,0
238,13047122,0,136,88,7,0,0
239,13057122,0,136,57,5,0,0
240,13067122,0,135,91,10,0,0
241,13077122,0,137,93,12,0,0
242,13087122,0,137,100,12,0,0
243,13097122,0,140,96,12,0,0
244,13107122,0,140,91,11,0,0
245,13117122,0,138,81,11,0,0
246,13127122,0,139,72,9,0,0
247,13137122,0,135,74,8,0,0
248,13147122,0,142,91,5,0,0
249,13157122,0,185,118,22,0,0
250,13167122,0,171,110,31,0,0
251,13177122,0,188,134,41,0,0
252,13187122,0,217,152,72,0,0
253,13197122,7,0,179,97,0,0
254,13207122,27,0,209,141,0,0
255,13217122,49,310,263,200,0,26
256,13227122,64,343,298,247,0,87
257,13237122,64,358,316,301,0,135
258,13247122,49,331,304,341,0,199
259,13257122,59,366,371,383,0,246
260,13267122,58,370,403,422,0,294
261,13277122,59,380,413,460,0,314
262,13287122,65,398,442,486,0,341
263,13297122,73,411,468,517,0,358
264,13307122,78,424,491,511,0,350
265,13317122,97,444,518,567,0,422
266,13327122,112,464,548,596,0,448
267,13337122,135,472,574,622,0,485
268,13347122,146,488,598,647,0,520
269,13357122,151,499,615,671,0,543
270,13367122,163,507,638,692,0,566
271,13377122,173,520,663,685,0,529
272,13387122,179,533,685,747,0,606
273,13397122,188,540,709,756,0,632
274,13407122,200,547,726,778,0,652
275,13417122,202,551,744,793,4,676
276,13427122,205,553,765,808,20,699
277,13437122,210,556,781,829,35,729
278,13447122,196,508,761,804,57,748
279,13457122,210,555,822,866,76,775
280,13467122,206,556,839,879,97,797
281,13477122,210,554,851,895,119,823
282,13487122,209,555,862,912,151,850
283,13497122,206,553,874,921,171,885
284,13507123,185,520,824,916,158,901
285,13517122,199,551,893,950,223,935
286,13527122,189,548,899,964,245,956
287,13537122,185,544,920,974,279,981
288,13547122,183,539,928,985,291,998
289,13557122,178,536,940,999,306,1013
290,13567122,169,538,951,1005,348,1030
291,13577122,175,0,958,1021,374,0
292,13587122,178,0,971,1032,395,0
293,13597122,183,0,982,1046,407,0
294,13607122,196,0,991,1060,416,0
295,13617122,201,0,1005,1069,436,0
296,13627122,214,0,1016,1081,473,0
297,13637122,203,0,1037,1091,482,0
298,13647122,251,0,1051,1102,498,0
299,13657122,280,629,1068,1111,509,0
300,13667122,301,654,1081,1120,544,0
301,13677122,334,675,1095,1133,551,0
302,13687122,348,696,1107,1142,567,0
303,13697122,362,719,1119,1155,588,0
304,13707122,375,728,1130,1170,608,0
305,13717122,393,745,1137,1177,623,0
306,13727122,403,759,1143,1184,638,0
307,13737122,411,776,1157,1191,651,0
308,13747122,425,788,1164,1203,669,1199
309,13757122,455,804,1173,1211,685,1209
310,13767122,487,819,1180,1220,695,1214
311,13777122,506,838,1182,1231,701,1215
312,13787122,534,856,1200,1236,711,1225
313,13797122,558,869,1207,1246,725,1229
314,13807122,585,885,1215,1249,734,1233
315,13817122,602,901,1222,1254,741,1237
316,13827122,619,909,1226,1259,749,1240
317,13837122,592,914,1231,1265,761,1244
318,13847122,634,916,1230,1270,770,1252
319,13857122,627,917,1236,1274,781,1256
320,13867122,616,909,1239,1277,794,1260
321,13877122,606,903,1240,1279,800,1267
322,13887122,594,893,1240,1281,813,1270
323,13897123,540,844,1166,1262,750,1267
324,13907122,551,877,1243,1287,844,1279
325,13917122,541,871,1243,1288,852,1287
326,13927122,527,862,1243,1283,863,1291
327,13937122,520,857,1242,1286,882,1295
328,13947122,518,855,1243,1287,887,1299
329,13957122,516,855,1242,1286,897,1301
330,13967122,519,855,1242,1277,905,1303
331,13977122,523,852,1238,1276,910,1303
332,13987122,528,855,1238,1275,915,1306
333,13997122,538,856,1236,1275,916,1309
334,14007122,543,858,1234,1272,917,1310
335,14017122,553,861,1230,1268,916,1308
336,14027122,561,868,1230,1264,918,1308
337,14037122,569,872,1228,1261,916,1305
338,14047122,575,876,1229,1257,912,1303
339,14057122,588,876,1230,1255,905,1302
340,14067122,599,878,1229,1253,892,1295
341,14077122,620,884,1227,1252,884,1264
342,14087122,635,888,1224,1246,876,1267
343,14097122,653,891,1226,1247,871,1258
344,14107122,662,892,1226,1247,866,1258
345,14117122,665,902,1227,1247,861,1255
346,14127122,668,907,1228,1249,863,1251
347,14137122,669,905,1229,1249,866,1254
348,14147122,662,903,1228,1253,869,1256
349,14157122,647,892,1230,1258,872,1260
350,14167122,622,885,1234,1267,877,1260
351,14177122,598,876,1235,1265,886,1257
352,14187122,570,858,1238,1268,895,1293
353,14197122,530,836,1241,1272,907,1301
354,14207122,473,807,1242,1275,918,1303
355,14217122,426,778,1240,1277,919,1306
356,14227122,361,725,1242,1284,930,1310
357,14237122,298,659,1239,1287,937,1311
358,14247122,247,589,1242,1292,953,1312
359,14257122,184,537,1233,1295,970,1316
360,14267122,125,463,1235,1297,983,1321
361,14277122,69,406,1226,1298,993,1323
362,14287122,6,288,1209,1299,1004,1326
363,14297122,0,246,1203,1299,1011,1329
364,14307122,0,171,1190,1294,1011,1333
365,14317122,0,116,1176,1292,1030,1331
366,14327122,0,67,1163,1289,1035,1331
367,14337122,0,18,1141,1279,1037,1334
368,14347122,0,0,1116,1275,1047,1328
369,14357122,0,0,1088,1268,1050,1324
370,14367122,0,0,1055,1257,1046,1320
371,14377123,0,0,1015,1243,1045,1307
372,14387122,0,0,979,1230,1020,1302
373,14397122,0,0,937,1211,1003,1283
374,14407122,0,0,890,1193,976,1266
375,14417122,0,0,853,1171,957,1240
376,14427122,0,0,810,1143,938,1212
377,14437122,0,1,779,1108,898,1183
378,14447122,0,0,715,1077,853,1149
379,14457122,0,0,673,1045,804,1140
380,14467122,0,0,633,1001,752,1129
381,14477122,0,0,599,956,704,1120
382,14487122,0,0,542,906,665,1109
383,14497122,0,0,494,848,627,1083
384,14507122,0,0,440,771,566,1054
385,14517122,0,0,413,685,472,1004
386,14527122,0,0,370,617,374,952
387,14537122,0,0,351,570,284,0
388,14547122,0,0,324,491,177,0
389,14557122,0,0,290,409,79,726
390,14567122,0,0,271,354,1,631
391,14577122,0,0,245,297,0,504
392,14587122,0,0,225,254,0,360
393,14597122,0,0,191,213,0,237
394,14607122,0,0,174,173,0,121
395,14617122,0,0,138,109,0,18
396,14627122,0,0,144,110,0,0
397,14637122,0,6,130,83,0,0
398,14647122,0,9,115,70,0,0
399,14657122,0,17,100,46,0,0
400,14667122,0,25,91,27,0,0
401,14677122,0,26,87,13,0,0
402,14687122,0,27,85,24,0,0
403,14697122,0,27,85,24,0,0
404,14707122,0,30,87,24,0,0
405,14717122,0,22,89,28,0,0
406,14727122,0,21,98,29,0,0
407,14737122,0,20,100,30,0,0
408,14747122,0,16,102,23,0,0
409,14757122,0,11,103,39,0,0
410,14767122,0,8,107,40,0,0
411,14777122,0,6,108,45,0,0
412,14787122,0,4,112,44,0,0
413,14797122,0,1,118,43,0,0
414,14807122,0,0,120,44,0,0
415,14817122,0,0,121,45,0,0
416,14827122,0,0,121,47,0,0
417,14837122,0,0,122,48,0,0
418,14847122,0,0,122,49,0,0
419,14857122,0,0,123,53,0,0
420,14867122,0,0,123,49,0,0
421,14877122,0,0,92,18,0,0
422,14887122,0,112,117,43,0,0
423,14897122,0,0,119,53,0,0
424,14907122,0,190,134,68,0,0
425,14917122,0,0,128,70,0,0
426,14927122,0,38,110,44,0,0
427,14937122,0,8,112,39,0,0
428,14947122,0,12,93,28,0,0
429,14957122,0,1,80,25,0,0
430,14967122,0,0,75,21,0,0
431,14977122,0,0,77,24,0,0
432,14987122,0,0,79,26,0,0
433,14997122,0,0,82,29,0,0
434,15007122,0,0,83,31,0,0
435,15017122,0,0,84,29,0,0
436,15027122,0,0,84,31,0,0
437,15037122,0,0,86,33,0,0
438,15047122,0,2,99,31,0,0
439,15057122,0,17,102,30,0,0
440,15067122,0,35,95,29,0,0
441,15077122,0,59,84,22,0,0
442,15087122,0,85,79,22,0,0
443,15097122,0,107,74,18,0,0
444,15107122,0,131,71,18,0,0
445,15117122,0,168,87,34,0,0
446,15127122,0,0,116,60,0,0
447,15137122,0,0,122,62,0,0
448,15147122,0,0,124,68,0,0
449,15157122,0,143,122,78,0,0
450,15167122,0,209,148,105,0,0
451,15177122,8,251,181,149,0,0
452,15187122,31,307,244,214,0,0
453,15197122,67,362,287,265,0,30
454,15207122,90,405,329,332,0,101
455,15217122,105,429,369,376,0,162
456,15227122,136,466,405,426,0,227
457,15237122,162,519,442,482,0,280
458,15247122,218,554,484,518,0,310
459,15257122,271,609,535,552,0,347
460,15267122,330,663,555,584,0,373
461,15277122,432,727,591,608,0,396
462,15287122,506,793,618,627,0,414
463,15297122,583,843,651,658,0,432
464,15307122,641,871,678,682,0,457
465,15317122,691,906,712,700,0,474
466,15327122,735,939,742,728,0,490
467,15337123,751,926,714,729,0,502
468,15347122,825,1002,801,763,6,526
469,15357122,872,1037,832,781,18,540
470,15367122,903,1063,855,793,24,551
471,15377122,938,1093,870,813,33,556
472,15387122,966,1117,889,825,55,571
473,15397122,988,1135,829,820,51,548
474,15407122,1004,1147,922,849,81,607
475,15417122,1025,0,939,866,98,628
476,15427122,1043,0,952,878,112,636
477,15437122,1052,0,966,886,127,643
478,15447122,1059,0,975,907,137,663
479,15457122,1073,0,986,919,144,0
480,15467123,1085,0,999,935,142,3
481,15477122,1100,0,1012,944,157,0
482,15487122,1110,0,1025,957,163,0
483,15497122,1122,0,1045,972,167,0
484,15507122,1126,0,1062,985,183,0
485,15517122,1131,0,1073,999,193,0
486,15527122,1134,1242,1084,1004,202,0
487,15537122,1142,1257,1096,1017,209,0
488,15547122,1144,1259,1105,1036,224,0
489,15557122,1152,1259,1112,1046,222,739
490,15567122,1164,1276,1119,1053,229,741
491,15577122,1171,1290,1121,1060,232,745
492,15587122,1174,1290,1131,1065,242,748
493,15597122,1174,1296,1051,1040,207,710
494,15607122,1175,1307,1140,1077,249,757
495,15617122,1175,1309,1148,1086,252,758
496,15627122,1174,1311,1154,1095,263,760
497,15637122,1169,1311,1160,1105,275,764
498,15647122,1166,1309,1162,1106,278,770
499,15657122,1161,1305,1076,1085,247,726
500,15667122,1162,1309,1170,1115,286,774
501,15677122,1157,1308,1171,1117,289,773
502,15687122,1150,1309,1175,1124,288,778
503,15697122,1150,1303,1178,1129,294,778
504,15707122,1146,1290,1180,1133,292,781
505,15717122,1142,1245,1183,1139,298,780
506,15727122,1135,1289,1185,1142,300,784
507,15737122,1132,1283,1187,1149,304,786
508,15747122,1129,0,1192,1159,309,783
509,15757122,1126,0,1194,1163,311,786
510,15767122,1124,0,1196,1172,312,791
511,15777122,1122,0,1201,1175,317,791
512,15787122,1116,0,1205,1180,325,793
513,15797122,1112,0,1213,1189,324,792
514,15807122,1110,0,1213,1193,322,794
515,15817122,1108,0,1215,1197,325,797
516,15827122,1106,0,1222,1201,333,794
517,15837122,1101,0,1222,1204,332,797
518,15847122,1101,0,1228,1208,337,796
519,15857123,1105,0,1227,1212,337,796
520,15867122,1105,0,1230,1212,337,794
521,15877122,1106,0,1231,1218,342,793
522,15887122,1104,0,1234,1221,340,797
523,15897122,1103,0,1235,1224,340,796
524,15907122,1101,0,1237,1227,343,796
525,15917122,1099,0,1236,1228,344,803
526,15927122,1101,0,1236,1232,346,800
527,15937122,1098,0,1239,1230,343,801
528,15947122,1098,0,1238,1234,344,804
529,15957122,1099,0,1236,1234,343,805
530,15967122,1098,0,1239,1236,346,807
531,15977122,1097,0,1239,1237,343,807
532,15987122,1095,0,1146,1221,313,747
533,15997122,1097,0,1239,1238,345,809
534,16007122,1096,0,1241,1240,345,810
535,16017122,1100,0,1242,1240,347,810
536,16027122,1099,0,1251,1241,344,811
537,16037122,1100,0,1241,1240,344,813
538,16047122,1102,0,1242,1241,341,812
539,16057122,1103,0,1242,1241,336,812
540,16067122,1103,0,1241,1240,327,815
541,16077122,1107,0,1242,1240,326,816
542,16087122,1110,0,1242,1239,327,819
543,16097122,1111,0,1243,1241,329,822
544,16107122,1108,1,1243,1241,322,820
545,16117122,1118,0,1245,1242,317,818
546,16127122,1119,0,1243,1243,309,816
547,16137122,1117,0,1243,1242,309,818
548,16147122,1118,0,1244,1243,322,816
549,16157122,1115,0,1244,1244,308,814
550,16167122,1114,0,1244,1246,311,815
551,16177122,1103,0,1245,1246,312,819
552,16187122,1090,0,1244,1245,317,822
553,16197122,1068,0,1241,1242,314,828
554,16207122,1048,0,1239,1242,328,839
555,16217122,1006,0,1237,1243,327,845
556,16227122,956,0,1233,1240,346,852
557,16237122,889,1030,1229,1240,356,858
558,16247122,807,971,1225,1241,369,867
559,16257122,695,930,1214,1240,384,875
560,16267122,586,874,1207,1238,398,882
561,16277122,462,807,1197,1237,416,888
562,16287122,356,726,1190,1236,445,897
563,16297122,266,636,1179,1234,443,902
564,16307122,159,548,1170,1230,456,903
565,16317122,69,434,1158,1222,468,901
566,16327122,8,299,1141,1221,472,891
567,16337122,0,201,1122,1214,477,874
568,16347122,0,120,1101,1207,469,855
569,16357122,0,56,1075,1198,459,809
570,16367122,0,18,1040,1188,463,791
571,16377122,0,0,927,1142,401,747
572,16387122,0,0,950,1136,450,720
573,16397122,0,0,902,1102,430,676
574,16407122,0,0,842,1078,373,634
575,16417122,0,0,796,1042,327,589
576,16427122,0,0,750,997,243,538
577,16437122,0,0,708,944,181,475
578,16447122,0,0,664,884,122,402
579,16457122,0,0,605,820,70,325
580,16467122,0,0,570,733,11,232
581,16477122,0,0,531,657,0,141
582,16487122,0,0,499,593,0,59
583,16497122,0,0,461,528,0,0
584,16507122,0,0,429,419,0,0
585,16517122,0,0,393,382,0,0
586,16527122,0,0,353,332,0,0
587,16537122,0,0,333,285,0,0
588,16547122,0,3,305,232,0,0
589,16557122,0,7,281,188,0,0
590,16567122,0,13,261,155,0,0
591,16577122,0,18,238,115,0,0
592,16587122,0,18,222,115,0,0
593,16597122,0,16,214,107,0,0
594,16607122,0,17,198,95,2,0
595,16617122,0,12,199,88,0,0
596,16627122,0,8,189,91,0,0
597,16637122,0,8,177,80,0,0
598,16647122,0,6,172,60,0,0
599,16657122,0,6,166,69,0,0
600,16667122,0,6,159,69,0,0
601,16677122,0,2,159,69,0,0
602,16687122,0,0,163,56,0,0
603,16697122,0,0,156,61,0,0
604,16707122,0,0,161,58,0,0
605,16717122,0,0,154,66,0,0
606,16727122,0,0,152,58,0,0
607,16737122,0,0,144,53,1,0
608,16747122,0,0,148,51,0,0
609,16757122,0,0,142,53,0,0
610,16767122,0,0,148,52,0,0
611,16777122,0,0,137,51,0,0
612,16787122,0,0,150,61,0,0
613,16797122,0,0,161,60,0,0
614,16807122,0,0,163,68,0,0
615,16817122,0,18,162,67,0,0
616,16827122,0,58,147,82,0,0
617,16837122,0,78,160,79,0,1
618,16847122,0,45,166,99,0,0
619,16857122,0,11,140,84,0,0
620,16867122,0,5,131,72,0,0
621,16877122,0,2,122,71,0,0
622,16887122,0,4,116,69,0,0
623,16897122,0,4,105,59,0,0
624,16907122,0,3,98,54,0,0
625,16917122,0,5,90,53,0,0
626,16927122,0,0,75,51,0,0
627,16937122,0,0,68,37,0,0
628,16947122,0,3,50,27,0,0
629,16957122,0,0,43,22,0,0
630,16967123,0,0,47,22,0,0
631,16977122,0,0,54,26,0,0
632,16987122,0,0,53,27,0,0
633,16997122,0,0,53,29,0,0
634,17007122,0,0,56,31,0,0
635,17017122,0,1,55,30,0,0
636,17027122,0,0,52,33,0,0
637,17037122,0,0,57,34,0,0
638,17047122,0,0,57,33,0,0
639,17057122,0,0,56,34,0,0
640,17067122,0,0,53,34,0,0
641,17077122,0,0,55,36,0,0
642,17087122,0,0,54,35,0,0
643,17097122,0,0,48,22,0,0
644,17107122,0,0,51,39,0,0
645,17117122,0,0,50,39,0,0
646,17127122,0,0,56,39,0,0
647,17137122,0,0,62,37,0,0
648,17147122,0,5,63,38,0,0
649,17157122,0,27,65,30,0,0
650,17167123,0,38,39,20,0,0
651,17177122,0,93,60,24,0,0
652,17187122,0,150,58,21,0,0
653,17197122,0,0,68,23,0,0
654,17207122,52,0,108,58,0,0
655,17217122,117,477,153,105,0,0
656,17227122,252,593,156,104,0,0
657,17237122,463,719,186,129,0,0
658,17247122,641,841,246,185,0,0
659,17257122,776,919,281,214,0,0
660,17267122,858,980,328,242,0,2
661,17277122,915,1018,365,303,0,33
662,17287122,943,1051,409,347,0,75
663,17297122,944,998,414,351,0,113
664,17307122,989,1083,486,408,0,161
665,17317122,1012,1110,522,441,0,187
666,17327122,1042,1138,554,467,0,216
667,17337122,1068,1165,585,475,0,238
668,17347122,1096,1191,609,501,0,263
669,17357122,1127,1211,630,529,0,274
670,17367122,1099,1241,651,542,0,288
671,17377123,1180,1269,680,568,0,299
672,17387122,1211,1291,701,602,0,319
673,17397122,1238,1314,740,631,0,330
674,17407122,1258,1335,762,657,0,353
675,17417122,1271,1354,797,683,0,375
676,17427122,1287,1366,823,700,0,398
677,17437122,1300,1378,855,725,0,419
678,17447122,1308,1386,878,744,0,437
679,17457122,1320,1394,892,758,0,458
680,17467122,1324,1402,911,779,0,471
681,17477122,1330,1413,921,792,8,487
682,17487122,1335,1418,933,805,15,500
683,17497122,1342,1423,944,818,22,518
684,17507122,1350,1426,955,828,29,534
685,17517122,1352,1429,966,841,38,552
686,17527122,1353,1429,973,852,54,568
687,17537122,1353,1428,981,859,63,587
688,17547122,1351,1425,986,868,87,612
689,17557122,1351,1420,989,875,102,635
690,17567122,1350,1420,996,878,114,660
691,17577122,1348,1417,999,883,125,672
692,17587122,1348,1414,1001,885,135,686
693,17597122,1349,1414,1004,890,137,701
694,17607122,1348,1410,1006,892,143,713
695,17617122,1348,1405,1008,895,158,723
696,17627122,1348,1405,1011,897,170,728
697,17637122,1346,1401,1013,901,180,739
698,17647122,1342,1399,1015,904,187,748
699,17657122,1339,1397,1015,906,204,755
700,17667122,1336,1391,1018,910,220,675
701,17677122,1334,1389,1019,914,245,722
702,17687122,1333,1385,1019,915,263,0
703,17697122,1334,1384,1020,915,290,0
704,17707122,1333,1383,1020,916,301,0
705,17717122,1334,1382,1021,918,316,0
706,17727122,1332,1381,1022,922,326,0
707,17737122,1324,1373,1032,930,351,0
708,17747122,1312,1365,1037,936,369,0
709,17757122,1299,1355,1043,943,398,0
710,17767122,1273,1335,1048,950,426,0
711,17777122,1253,1321,1053,961,472,0
712,17787122,1235,1305,1061,971,504,1
713,17797122,1210,1289,1066,981,548,0
714,17807122,1191,1271,1072,992,582,0
715,17817122,1169,1255,1081,1000,605,0
716,17827122,1136,1235,1093,1012,627,0
717,17837122,1111,1208,1098,1021,657,0
718,17847122,1080,1176,1102,1036,681,992
719,17857122,1056,1141,1108,1046,718,1010
720,17867122,1019,0,1110,1053,750,1046
721,17877122,991,0,1113,1062,780,1066
722,17887122,965,0,1117,1068,801,1082
723,17897122,934,0,1120,1075,825,1099
724,17907122,906,0,1126,1083,857,1122
725,17917122,877,0,1128,1094,865,1140
726,17927122,853,0,1129,1100,881,1149
727,17937122,818,947,1135,1108,905,1175
728,17947122,780,934,1138,1118,918,1185
729,17957122,740,919,1149,1128,935,1205
730,17967122,700,904,1145,1141,951,1223
731,17977122,663,885,1150,1151,967,1238
732,17987122,639,869,1150,1161,978,1244
733,17997122,612,855,1160,1171,986,1249
734,18007122,582,844,1163,1179,996,1263
735,18017122,536,756,1160,1188,1003,1261
736,18027122,532,825,1167,1196,1011,1278
737,18037122,506,814,1172,1201,1017,1285
738,18047122,474,805,1176,1201,1028,1299
739,18057122,458,784,1183,1214,1040,1300
740,18067122,416,762,1188,1233,1049,1305
741,18077122,380,744,1193,1237,1057,1313
742,18087122,347,720,1194,1240,1065,1322
743,18097122,326,688,1197,1247,1073,1327
744,18107122,290,666,1200,1254,1074,1335
745,18117122,263,645,1215,1266,1086,1339
746,18127122,235,621,1207,1270,1092,1349
747,18137122,205,595,1210,1270,1099,1356
748,18147122,176,568,1210,1225,1064,1275
749,18157122,152,550,1212,1280,1124,1370
750,18167122,116,521,1215,1289,1136,1379
751,18177122,84,478,1216,1289,1156,1384
752,18187122,52,442,1218,1292,1176,1391
753,18197122,25,402,1211,1298,1187,1397
754,18207122,0,350,1212,1299,1198,1399
755,18217122,0,294,1210,1304,1219,1404
756,18227122,0,234,1210,1310,1230,1414
757,18237122,0,188,1205,1310,1248,1420
758,18247122,0,153,1209,1314,1258,1430
759,18257122,0,85,1193,1318,1276,1435
760,18267122,0,39,1186,1312,1293,1442
761,18277122,0,0,1162,1314,1304,1446
762,18287122,0,0,1144,1310,1324,1453
763,18297122,0,0,1120,1307,1333,1457
764,18307122,0,0,1089,1300,1338,1461
765,18317122,0,0,1047,1296,1342,1463
766,18327122,0,0,995,1283,1344,1462
767,18337122,0,0,938,1260,1340,1459
768,18347122,0,0,877,1249,1340,1464
769,18357122,0,0,845,1227,1334,1468
770,18367122,0,0,815,1194,1330,1476
771,18377123,0,0,757,1172,1319,1484
772,18387122,0,0,698,1138,1304,1491
773,18397122,0,0,663,1114,1288,1494
774,18407122,0,0,623,1084,1252,1496
775,18417122,0,0,576,1048,1190,1497
776,18427122,0,0,549,1008,1133,1491
777,18437122,0,0,528,970,1067,1482
778,18447122,0,0,488,917,986,1467
779,18457122,0,0,458,857,910,1455
780,18467122,0,0,439,798,802,1444
781,18477122,0,0,379,736,615,1361
782,18487122,0,0,425,701,492,1393
783,18497122,0,0,409,645,343,1361
784,18507122,0,0,393,605,202,1315
785,18517122,0,0,376,558,116,0
786,18527122,0,0,360,508,31,1215
787,18537122,0,0,352,460,0,1167
788,18547122,0,0,319,379,0,1096
789,18557122,0,0,327,391,0,1045
790,18567122,0,0,307,360,0,954
791,18577122,0,0,284,315,0,880
792,18587122,0,0,264,288,0,783
793,18597122,0,0,241,253,0,685
794,18607122,0,0,225,211,0,496
795,18617122,0,0,206,174,0,434
796,18627122,0,0,190,140,0,298
797,18637122,0,0,180,118,0,185
798,18647122,0,3,169,99,0,101
799,18657122,0,3,164,79,0,29
800,18667122,0,6,163,70,0,20
801,18677122,0,5,167,65,0,11
802,18687122,0,5,161,58,0,5
803,18697122,0,0,161,60,0,0
804,18707122,0,0,160,59,0,0
805,18717122,0,0,158,54,0,0
806,18727122,0,0,154,47,0,0
807,18737122,0,0,150,44,0,0
808,18747122,0,0,147,47,0,0
809,18757122,0,0,147,46,0,0
810,18767122,0,0,146,46,0,0
811,18777122,0,0,147,44,0,0
812,18787122,0,0,145,46,0,0
813,18797122,0,0,146,49,0,0
814,18807122,0,0,148,35,0,0
815,18817122,0,0,151,53,0,0
816,18827122,0,0,153,54,0,0
817,18837122,0,0,155,55,0,0
818,18847122,0,0,156,57,0,0
819,18857122,0,0,156,59,0,0
820,18867122,0,0,155,46,0,0
821,18877122,0,0,154,64,0,0
822,18887122,0,0,152,65,0,0
823,18897122,0,0,146,64,0,0
824,18907122,0,0,141,64,0,0
825,18917122,0,0,137,67,0,0
826,18927122,0,0,130,66,0,0
827,18937123,0,0,99,55,0,0
828,18947122,0,0,112,61,0,0
829,18957122,0,0,112,50,0,0
830,18967122,0,0,100,46,0,0
831,18977122,0,0,81,41,0,0
832,18987122,0,0,69,37,0,0
833,18997122,0,0,59,35,0,0
834,19007122,0,0,58,34,0,0
835,19017122,0,0,57,27,0,0
836,19027122,0,0,58,24,0,0
837,19037122,0,0,60,23,0,0
838,19047122,0,0,63,20,0,0
839,19057122,0,0,61,20,0,0
840,19067122,0,0,60,21,0,0
841,19077122,0,14,59,19,0,0
842,19087122,0,24,60,18,0,0
843,19097122,0,45,55,14,0,0
844,19107122,0,68,54,12,0,0
845,19117122,0,93,49,11,0,0
846,19127122,0,137,50,7,0,0
847,19137122,0,0,45,5,0,0
848,19147122,0,0,48,1,0,0
849,19157122,42,0,46,0,0,0
850,19167122,88,0,53,0,0,0
851,19177122,196,0,52,0,0,0
852,19187122,396,701,55,0,0,0
853,19197122,611,839,68,0,0,0
854,19207122,766,933,103,9,0,0
855,19217122,868,1000,155,55,0,0
856,19227122,933,1045,181,82,0,0
857,19237122,969,1072,250,126,0,0
858,19247122,993,1096,295,197,0,0
859,19257122,1012,1111,347,238,0,0
860,19267122,1037,1130,366,279,0,0
861,19277122,1052,1160,420,334,0,26
862,19287122,1074,1180,458,380,0,73
863,19297122,1100,1196,507,425,0,107
864,19307122,1120,1222,565,466,0,154
865,19317122,1138,1240,602,504,0,185
866,19327122,1162,1256,631,534,0,220
867,19337122,1181,1274,660,570,0,255
868,19347122,1198,1292,683,597,0,280
869,19357122,1218,1308,714,626,0,298
870,19367122,1238,1325,744,646,0,310
871,19377122,1254,1340,763,666,0,329
872,19387122,1267,1361,789,684,0,350
873,19397123,1279,1375,813,707,0,373
874,19407122,1296,1388,841,725,0,393
875,19417122,1310,1403,863,743,0,409
876,19427122,1321,1418,880,756,0,416
877,19437122,1334,1429,903,774,0,421
878,19447122,1341,1437,918,792,1,437
879,19457122,1355,1445,935,809,4,455
880,19467122,1364,1452,948,829,8,464
881,19477122,1368,1459,963,845,19,0
882,19487122,1373,1463,973,858,26,0
883,19497122,1379,1467,983,874,29,0
884,19507122,1382,1471,992,887,43,0
885,19517122,1384,1474,1005,903,48,311
886,19527123,1384,1474,1023,921,57,528
887,19537122,1383,1474,1034,931,67,540
888,19547122,1381,1472,1046,947,78,557
889,19557122,1376,1467,1061,962,81,565
890,19567122,1371,1465,1075,980,91,573
891,19577122,1364,1461,1087,980,113,587
892,19587123,1358,1457,1100,999,116,593
893,19597122,1350,1451,1105,1015,122,605
894,19607122,1339,1445,1114,1023,129,611
895,19617122,1330,1438,1113,1036,140,620
896,19627122,1323,1433,1126,1043,143,629
897,19637122,1309,1428,1128,1051,149,638
898,19647122,1284,1338,1077,1003,154,649
899,19657122,1300,1416,1136,1071,166,664
900,19667122,1291,1407,1142,1076,168,668
901,19677122,1281,1399,1144,1082,172,680
902,19687122,1271,1393,1147,1089,176,686
903,19697122,1262,1387,1160,1101,185,697
904,19707122,1257,1383,1162,1103,186,703
905,19717122,1251,1377,1170,1111,204,713
906,19727122,1240,1372,1173,1116,208,720
907,19737122,1231,1366,1174,1125,213,728
908,19747122,1223,1363,1180,1133,226,734
909,19757122,1211,1358,1185,1135,233,743
910,19767122,1197,1351,1193,1146,241,751
911,19777122,1167,1261,1146,1103,262,759
912,19787122,1172,1335,1196,1162,283,772
913,19797122,1154,1324,1202,1179,298,776
914,19807122,1136,1316,1205,1187,313,787
915,19817122,1123,1307,1207,1193,325,796
916,19827122,1110,1305,1214,1200,325,809
917,19837122,1097,1292,1223,1205,348,824
918,19847122,1092,1278,1226,1211,359,828
919,19857122,1078,0,1231,1222,375,842
920,19867122,1067,0,1233,1225,385,852
921,19877122,1055,0,1237,1234,393,855
922,19887122,1040,0,1239,1238,405,866
923,19897122,1025,0,1243,1244,413,873
924,19907122,1005,0,1246,1248,421,884
925,19917122,984,0,1246,1254,431,887
926,19927122,972,0,1248,1257,443,893
927,19937122,953,0,1247,1261,457,904
928,19947122,930,0,1252,1268,466,908
929,19957122,908,0,1255,1274,470,916
930,19967122,887,0,1247,1275,486,841
931,19977122,865,0,1257,1284,503,926
932,19987122,833,0,1259,1286,516,935
933,19997122,799,0,1261,1290,533,950
934,20007122,770,0,1262,1294,547,955
935,20017122,733,0,1265,1298,556,964
936,20027122,695,0,1267,1302,567,974
937,20037122,632,0,1210,1248,590,987
938,20047122,606,0,1272,1312,612,999
939,20057122,555,944,1273,1318,627,1015
940,20067122,496,926,1276,1323,648,1046
941,20077122,444,907,1278,1329,669,1065
942,20087122,405,881,1278,1333,689,1081
943,20097122,352,854,1286,1338,709,1106
944,20107122,308,825,1288,1343,730,1124
945,20117122,234,789,1291,1349,747,1141
946,20127122,186,760,1292,1355,764,1163
947,20137122,133,722,1291,1363,781,1174
948,20147122,85,681,1294,1367,801,1188
949,20157122,45,642,1295,1371,818,1197
950,20167122,21,590,1195,1348,777,1174
951,20177122,0,537,1294,1378,851,1228
952,20187122,0,485,1292,1381,871,1238
953,20197122,0,425,1291,1385,887,1252
954,20207122,0,338,1288,1387,904,1265
955,20217122,0,271,1284,1389,920,1272
956,20227122,0,200,1278,1392,935,1277
957,20237122,0,101,1175,1384,953,1291
958,20247122,0,50,1270,1397,969,1296
959,20257122,0,0,1260,1400,986,1304
960,20267122,0,0,1252,1400,999,1312
961,20277122,0,0,1237,1399,1003,1318
962,20287122,0,0,1220,1398,1017,1319
963,20297122,0,0,1138,1337,1030,1324
964,20307122,0,0,1173,1394,1035,1331
965,20317122,0,0,1142,1388,1039,1326
966,20327122,0,0,1105,1381,1039,1326
967,20337122,0,0,1078,1370,1033,1327
968,20347122,0,0,1043,1358,1039,1330
969,20357122,0,0,919,1319,975,1271
970,20367122,0,0,974,1332,1035,1337
971,20377122,0,0,928,1316,1014,1343
972,20387122,0,0,891,1299,980,1348
973,20397122,0,0,862,1274,925,1351
974,20407122,0,0,839,1253,855,1351
975,20417122,0,0,805,1222,806,1347
976,20427122,0,0,769,1188,741,1336
977,20437122,0,0,739,1148,640,1323
978,20447122,0,0,715,1111,508,1306
979,20457122,0,0,694,1075,410,1276
980,20467122,0,0,672,1038,300,1249
981,20477122,0,0,666,996,179,1203
982,20487122,0,0,649,951,89,1155
983,20497122,0,0,614,904,0,1100
984,20507122,0,0,586,840,0,1016
985,20517122,0,0,544,775,0,577
986,20527122,0,0,501,695,0,812
987,20537122,0,0,465,634,0,680
988,20547122,0,0,428,576,0,559
989,20557122,0,0,385,498,0,418
990,20567122,0,0,343,422,0,219
991,20577122,0,0,311,370,0,89
992,20587122,0,0,282,304,0,0
993,20597122,0,0,260,256,0,0
994,20607122,0,0,234,194,0,0
995,20617122,0,0,215,139,0,0
996,20627122,0,0,199,137,0,0
997,20637122,0,0,201,131,0,0
998,20647122,0,0,199,122,0,0
999,20657122,0,0,192,120,0,0
1000,20667122,0,0,187,114,0,0
1001,20677122,0,0,185,109,0,0
1002,20687122,0,0,196,109,0,0
1003,20697122,0,0,200,114,0,0
1004,20707122,0,0,202,116,0,0
1005,20717122,0,0,201,112,0,0
1006,20727122,0,0,205,117,0,0
1007,20737122,0,0,210,115,0,0
1008,20747122,0,0,213,120,0,0
1009,20757122,0,0,213,121,0,0
1010,20767122,0,0,214,122,0,0
1011,20777122,0,0,212,125,0,0
1012,20787122,0,0,205,122,0,0
1013,20797122,0,0,198,121,0,0
1014,20807122,0,0,186,120,0,0
1015,20817122,0,0,172,117,0,0
1016,20827122,0,0,167,110,0,0
1017,20837122,0,0,154,106,0,0
1018,20847122,0,0,147,98,0,0
1019,20857122,0,0,131,89,0,0
1020,20867122,0,0,133,72,0,0
1021,20877122,0,0,115,75,0,0
1022,20887122,0,0,107,70,0,1
1023,20897122,0,0,105,72,0,0
1024,20907122,0,0,114,71,0,0
1025,20917122,0,0,98,60,0,0
1026,20927122,0,0,77,55,0,0
1027,20937123,0,0,66,46,0,0
1028,20947122,0,0,59,42,0,0
1029,20957122,0,0,56,43,0,0
1030,20967122,0,0,54,42,0,0
1031,20977122,0,0,55,46,0,0
1032,20987122,0,0,52,42,0,0
1033,20997122,0,0,55,46,0,0
1034,21007122,0,0,57,44,0,0
1035,21017122,0,0,56,44,0,0
1036,21027122,0,0,57,45,0,0
1037,21037122,0,0,58,39,0,0
1038,21047122,0,0,58,43,0,0
1039,21057122,0,0,58,40,0,0
1040,21067122,0,0,61,40,0,0
1041,21077122,0,2,64,35,0,0
1042,21087122,0,25,66,31,0,0
1043,21097122,0,56,64,35,0,0
1044,21107122,0,98,61,38,0,0
1045,21117122,0,155,60,30,0,0
1046,21127122,6,0,58,23,0,0
1047,21137122,63,0,64,16,0,0
1048,21147122,134,0,79,18,0,0
1049,21157122,262,573,99,28,0,0
1050,21167122,425,688,118,45,0,0
1051,21177122,557,777,147,75,1,0
1052,21187122,649,843,175,105,1,0
1053,21197122,710,874,206,122,0,0
1054,21207122,756,901,242,150,0,0
1055,21217122,781,917,273,181,0,0
1056,21227122,797,926,303,219,0,0
1057,21237122,808,930,329,253,0,0
1058,21247122,827,941,358,306,0,47
1059,21257122,849,952,388,340,0,88
1060,21267122,870,971,416,340,0,102
1061,21277122,897,985,461,389,0,175
1062,21287122,915,1000,485,414,0,205
1063,21297122,938,1026,529,443,0,234
1064,21307122,963,1049,569,477,0,275
1065,21317122,987,1063,606,515,0,301
1066,21327122,1001,1084,633,550,0,337
1067,21337122,1014,1107,675,583,0,374
1068,21347122,1020,1118,707,630,0,408
1069,21357122,1032,1114,740,660,0,439
1070,21367122,1041,1122,771,680,0,472
1071,21377123,1046,1128,795,702,0,496
1072,21387122,1052,1130,822,734,12,527
1073,21397122,1055,1133,773,735,11,523
1074,21407122,1063,1141,871,773,38,585
1075,21417122,1071,0,893,788,56,619
1076,21427122,1073,0,915,804,85,661
1077,21437122,1078,0,927,819,113,693
1078,21447122,1087,0,939,836,133,727
1079,21457122,1096,0,949,847,144,760
1080,21467122,1094,0,964,856,167,793
1081,21477122,1098,0,969,863,183,815
1082,21487122,1099,0,978,868,216,844
1083,21497122,1106,0,984,877,249,0
1084,21507122,1109,0,994,886,275,0
1085,21517122,1114,0,1001,898,287,0
1086,21527122,1114,0,923,890,278,0
1087,21537122,1116,0,1011,919,347,0
1088,21547122,1122,0,1018,927,361,0
1089,21557122,1127,0,1023,930,376,0
1090,21567122,1129,0,1032,934,399,0
1091,21577122,1134,0,1035,938,412,0
1092,21587122,1140,0,1038,940,432,0
1093,21597122,1123,0,988,897,443,0
1094,21607122,1143,0,1047,950,463,0
1095,21617122,1142,0,1051,953,474,0
1096,21627122,1144,0,1053,959,483,0
1097,21637122,1137,0,1060,965,490,0
1098,21647122,1134,0,1063,970,506,0
1099,21657122,1135,0,1066,976,523,0
1100,21667122,1105,0,1064,981,528,0
1101,21677122,1128,0,1073,984,536,0
1102,21687122,1122,0,1079,988,539,0
1103,21697122,1115,0,1082,997,549,0
1104,21707122,1102,0,1087,1001,553,0
1105,21717122,1093,0,1095,1008,567,0
1106,21727122,1083,0,1101,1015,577,0
1107,21737122,1076,0,1106,1024,592,0
1108,21747122,1066,0,1112,1035,597,0
1109,21757122,1062,0,1117,1045,602,0
1110,21767122,1053,0,1122,1051,605,0
1111,21777122,1048,0,1126,1057,616,0
1112,21787122,1045,0,1129,1061,627,0
1113,21797122,1043,0,1129,1066,631,0
1114,21807122,1041,0,1134,1071,654,0
1115,21817122,1038,0,1137,1076,664,0
1116,21827122,1031,0,1140,1079,664,1130
1117,21837122,1026,0,1142,1081,674,1138
1118,21847122,1018,0,1144,1085,677,1143
1119,21857122,1013,0,1147,1092,681,1144
1120,21867122,1002,0,1064,1080,639,1072
1121,21877122,991,0,1150,1098,688,1155
1122,21887122,980,0,1157,1102,698,1155
1123,21897122,971,0,1159,1107,703,1161
1124,21907122,961,0,1161,1109,709,1161
1125,21917122,952,0,1162,1112,717,1164
1126,21927122,944,0,1163,1115,727,1166
1127,21937122,932,0,1165,1120,735,1172
1128,21947122,913,0,1167,1125,742,1171
1129,21957122,894,0,1168,1128,750,1174
1130,21967122,878,0,1169,1133,754,1177
1131,21977122,856,0,1170,1139,757,1178
1132,21987122,827,0,1173,1145,761,1186
1133,21997122,791,0,1175,1156,771,1189
1134,22007122,752,0,1178,1163,785,1195
1135,22017122,701,0,1182,1173,794,1195
1136,22027122,664,0,1186,1183,803,1204
1137,22037122,614,0,1190,1192,810,1208
1138,22047122,570,0,1193,1203,827,1212
1139,22057122,521,779,1197,1213,845,1222
1140,22067122,470,749,1202,1226,859,1228
1141,22077122,418,714,1207,1237,877,1234
1142,22087122,369,678,1207,1246,898,1240
1143,22097122,302,636,1210,1255,918,1244
1144,22107122,249,583,1213,1260,932,1250
1145,22117122,201,525,1214,1269,953,1259
1146,22127123,145,463,1216,1274,971,1263
1147,22137122,82,395,1214,1283,989,1272
1148,22147122,27,304,1212,1290,1014,1286
1149,22157122,0,224,1208,1294,1039,1291
1150,22167122,0,150,1202,1301,1062,1301
1151,22177122,0,82,1189,1304,1083,1309
1152,22187122,0,14,1172,1303,1107,1213
1153,22197122,0,0,1149,1306,1126,1315
1154,22207122,0,0,1124,1306,1150,1311
1155,22217122,0,0,1087,1305,1174,1322
1156,22227122,0,0,1042,1302,1190,1323
1157,22237122,0,0,989,1297,1199,1327
1158,22247122,0,0,934,1289,1210,1336
1159,22257123,0,0,826,1251,1111,1329
1160,22267122,0,0,852,1255,1213,1336
1161,22277122,0,0,808,1234,1210,1335
1162,22287122,0,0,766,1207,1188,1335
1163,22297122,0,0,732,1180,1146,1328
1164,22307122,0,0,694,1147,1085,1312
1165,22317122,0,0,673,1115,1031,1297
1166,22327122,0,0,644,1070,981,1291
1167,22337122,0,0,602,1030,910,1269
1168,22347122,0,0,568,982,836,1243
1169,22357122,0,0,539,920,750,1216
1170,22367122,0,0,506,856,666,1185
1171,22377122,0,0,489,809,516,1130
1172,22387122,0,0,475,759,376,1069
1173,22397122,0,0,452,695,231,988
1174,22407122,0,0,429,634,116,895
1175,22417122,0,0,409,580,22,0
1176,22427122,0,0,380,518,0,0
1177,22437122,0,0,350,453,0,431
1178,22447122,0,0,327,393,0,253
1179,22457122,0,0,301,344,0,57
1180,22467122,0,0,279,286,0,0
1181,22477122,0,0,250,248,0,0
1182,22487122,0,0,238,205,0,0
1183,22497122,0,0,216,167,0,0
1184,22507122,0,0,201,134,0,0
1185,22517122,0,0,185,106,0,0
1186,22527122,0,0,145,95,0,0
1187,22537122,0,0,182,96,0,0
1188,22547122,0,0,184,107,0,0
1189,22557122,0,0,182,101,0,0
1190,22567122,0,0,181,96,0,0
1191,22577122,0,0,176,97,0,0
1192,22587122,0,0,174,92,0,0
1193,22597122,0,0,147,72,0,0
1194,22607122,0,0,166,84,0,0
1195,22617122,0,0,153,83,0,0
1196,22627122,0,0,151,81,0,0
1197,22637122,0,0,146,89,0,0
1198,22647122,0,0,153,80,0,0
1199,22657122,0,0,142,84,0,0
1200,22667122,0,0,137,85,0,0
1201,22677122,0,0,128,82,0,0
1202,22687122,0,0,123,78,0,0
1203,22697122,0,0,120,78,0,0
1204,22707122,0,0,111,75,0,0
1205,22717122,0,0,104,67,0,0
1206,22727122,0,0,90,64,0,0
1207,22737122,0,0,79,60,0,0
1208,22747122,0,0,74,60,0,0
1209,22757122,0,0,70,60,0,0
1210,22767122,0,0,62,60,0,0
1211,22777122,0,0,59,63,0,0
1212,22787122,0,0,56,61,0,0
1213,22797122,0,0,53,65,0,0
1214,22807122,0,0,53,64,0,0
1215,22817122,0,0,50,61,0,0
1216,22827122,0,0,45,59,0,0
1217,22837122,0,0,50,56,0,0
1218,22847122,0,0,49,54,0,0
1219,22857122,0,0,36,48,0,0
1220,22867122,0,0,36,45,0,0
1221,22877122,0,0,28,42,0,0
1222,22887122,0,0,28,45,0,0
1223,22897122,0,0,32,45,0,0
1224,22907122,0,0,30,46,0,0
1225,22917122,0,0,25,46,0,0
1226,22927122,0,0,24,43,0,0
1227,22937122,0,0,20,40,0,0
1228,22947122,0,3,20,37,0,0
1229,22957122,0,0,17,38,0,0
1230,22967122,0,16,19,38,0,0
1231,22977122,0,36,21,33,0,0
1232,22987122,0,96,51,66,0,0
1233,22997122,0,137,88,101,0,0
1234,23007122,16,0,120,118,0,0
1235,23017122,59,303,166,161,0,0
1236,23027122,114,404,198,202,0,0
1237,23037122,173,474,234,226,0,10
1238,23047122,240,529,221,243,0,41
1239,23057122,267,560,311,313,0,150
1240,23067122,304,585,350,359,0,235
1241,23077122,327,595,392,415,0,316
1242,23087122,331,597,429,463,0,395
1243,23097122,333,588,475,501,0,471
1244,23107122,332,588,521,541,0,525
1245,23117122,337,595,550,580,0,591
1246,23127122,343,598,583,604,5,622
1247,23137122,357,613,602,620,24,665
1248,23147122,377,617,620,646,53,707
1249,23157122,394,623,646,662,89,756
1250,23167122,396,618,669,679,126,809
1251,23177122,372,558,654,661,164,862
1252,23187122,375,605,715,728,221,911
1253,23197122,366,597,737,748,266,954
1254,23207122,357,597,759,777,293,986
1255,23217122,355,596,782,791,328,1016
1256,23227122,356,596,801,810,346,1040
1257,23237122,364,608,820,826,377,968
1258,23247122,376,618,845,844,403,1074
1259,23257122,385,633,873,865,433,1096
1260,23267122,391,638,890,885,472,1107
1261,23277122,391,646,914,907,500,0
1262,23287122,381,648,928,928,537,0
1263,23297122,380,646,945,944,567,0
1264,23307122,351,643,962,967,592,0
1265,23317122,385,653,971,976,616,0
1266,23327122,396,668,983,985,622,0
1267,23337122,414,685,996,994,633,0
1268,23347122,424,703,1004,1004,655,0
1269,23357122,438,0,1013,1014,670,0
1270,23367122,423,0,1023,1031,685,0
1271,23377123,465,0,1040,1041,700,0
1272,23387122,476,0,1052,1049,716,0
1273,23397122,493,0,1065,1055,735,0
1274,23407122,504,0,1077,1062,750,0
1275,23417122,520,0,1084,1067,755,1226
1276,23427122,509,0,1003,1067,764,1236
1277,23437122,549,0,1104,1080,781,1242
1278,23447122,562,0,1111,1089,792,1246
1279,23457122,567,0,1119,1098,806,1254
1280,23467122,573,0,1127,1108,823,1258
1281,23477122,582,0,1134,1115,841,1266
1282,23487122,584,0,1141,1124,858,1273
1283,23497122,588,0,1147,1132,871,1278
1284,23507122,592,0,1154,1143,883,1288
1285,23517122,597,0,1162,1152,894,1294
1286,23527122,598,0,1166,1160,909,1300
1287,23537122,600,0,1172,1166,918,1304
1288,23547122,602,0,1173,1172,923,1307
1289,23557122,603,0,1177,1176,932,1310
1290,23567122,603,0,1179,1180,940,1315
1291,23577122,599,0,1182,1187,948,1317
1292,23587122,587,0,1188,1191,952,1319
1293,23597122,579,0,1191,1196,957,1320
1294,23607122,565,0,1193,1201,965,1320
1295,23617122,529,0,1190,1206,968,1324
1296,23627122,524,0,1197,1210,972,1324
1297,23637122,501,0,1199,1216,978,1328
1298,23647122,483,0,1201,1224,984,1328
1299,23657122,459,0,1203,1229,989,1333
1300,23667122,444,0,1206,1232,997,1336
1301,23677122,438,0,1116,1209,939,1273
1302,23687122,435,0,1207,1236,1002,1337
1303,23697122,434,0,1209,1240,1003,1339
1304,23707122,438,0,1211,1243,1004,1340
1305,23717122,437,0,1212,1244,1007,1340
1306,23727122,441,0,1213,1247,1010,1342
1307,23737122,443,0,1214,1249,1013,1348
1308,23747122,435,0,1213,1254,1018,1351
1309,23757122,447,0,1222,1253,1020,1352
1310,23767122,457,0,1224,1254,1024,1352
1311,23777122,464,0,1225,1256,1025,1354
1312,23787122,474,0,1226,1257,1025,1355
1313,23797122,484,0,1227,1257,1026,1354
1314,23807122,492,0,1227,1257,1022,1350
1315,23817122,492,0,1220,1260,1026,1354
1316,23827122,523,0,1225,1258,1028,1350
1317,23837122,530,0,1224,1256,1021,1354
1318,23847122,535,0,1224,1257,1023,1358
1319,23857122,537,0,1223,1258,1017,1353
1320,23867122,539,0,1221,1257,1018,1349
1321,23877122,546,0,1218,1257,1014,1348
1322,23887122,554,0,1218,1255,1009,1347
1323,23897122,557,0,1217,1256,1006,1344
1324,23907122,560,0,1214,1256,1004,1341
1325,23917122,560,0,1213,1255,1001,1338
1326,23927122,554,0,1212,1255,1001,1341
1327,23937122,545,0,1210,1255,1002,1341
1328,23947122,518,0,1204,1256,1004,1349
1329,23957122,522,0,1208,1256,1001,1345
1330,23967122,503,0,1208,1257,1001,1348
1331,23977122,481,0,1207,1259,1001,1348
1332,23987122,465,0,1207,1258,1003,1349
1333,23997122,434,0,1206,1262,1002,1353
1334,24007122,399,0,1206,1262,1008,1350
1335,24017122,340,0,1110,1253,1005,1344
1336,24027122,363,0,1204,1267,1002,1348
1337,24037122,339,636,1199,1261,992,1341
1338,24047122,294,620,1196,1261,979,1338
1339,24057122,278,605,1191,1261,955,1324
1340,24067122,253,583,1183,1261,935,1314
1341,24077122,219,549,1176,1253,927,1296
1342,24087122,201,505,1168,1248,913,1286
1343,24097122,157,458,1159,1242,902,1274
1344,24107122,112,408,1141,1242,897,1265
1345,24117122,70,352,1129,1229,885,1256
1346,24127122,30,273,1115,1223,858,1237
1347,24137122,0,0,1090,1211,848,1212
1348,24147122,0,0,1067,1201,817,1088
1349,24157122,0,0,1043,1195,785,1138
1350,24167122,0,0,1003,1176,753,1105
1351,24177122,0,0,976,1162,714,1069
1352,24187122,0,0,938,1145,649,1026
1353,24197122,0,0,902,1123,568,985
1354,24207122,0,0,857,1104,497,214
1355,24217122,0,0,806,1082,428,0
1356,24227122,0,0,763,1064,378,0
1357,24237122,0,0,721,1046,310,0
1358,24247122,0,0,684,1011,231,0
1359,24257122,0,0,643,984,155,0
1360,24267122,0,0,606,936,96,0
1361,24277123,0,0,571,884,24,0
1362,24287122,0,0,538,810,0,0
1363,24297122,0,0,501,735,0,118
1364,24307122,0,0,458,652,0,24
1365,24317122,0,0,429,567,0,0
1366,24327122,0,0,394,480,0,0
1367,24337123,0,0,320,411,0,0
1368,24347122,0,0,347,365,0,0
1369,24357122,0,0,328,316,0,0
1370,24367122,0,0,299,269,0,0
1371,24377122,0,0,279,216,0,0
1372,24387122,0,0,242,169,0,0
1373,24397122,0,0,218,143,0,0
1374,24407122,0,0,202,126,0,0
1375,24417122,0,3,198,119,0,0
1376,24427122,0,0,190,112,0,0
1377,24437122,0,0,185,103,0,0
1378,24447122,0,0,172,100,0,0
1379,24457122,0,0,168,96,0,0
1380,24467122,0,0,169,76,0,0
1381,24477122,0,0,168,91,0,0
1382,24487122,0,0,164,88,0,0
1383,24497122,0,0,165,89,0,0
1384,24507122,0,0,159,89,0,0
1385,24517122,0,0,153,88,0,0
1386,24527122,0,0,150,89,0,0
1387,24537122,0,0,140,87,0,0
1388,24547122,0,0,132,85,0,0
1389,24557122,0,0,120,80,0,0
1390,24567122,0,0,110,71,0,0
1391,24577122,0,0,95,70,0,0
1392,24587122,0,0,76,57,0,0
1393,24597122,0,0,31,45,0,0
1394,24607122,0,0,48,49,0,0
1395,24617122,0,0,43,46,0,0
1396,24627122,0,0,37,42,0,0
1397,24637122,0,0,28,39,0,0
1398,24647122,0,0,23,37,0,0
1399,24657122,0,0,21,38,0,0
1400,24667122,0,0,21,39,0,0
1401,24677122,0,0,19,40,0,0
1402,24687122,0,0,15,38,0,0
1403,24697122,0,0,15,41,0,0
1404,24707122,0,0,9,40,0,0
1405,24717122,0,0,13,40,0,0
1406,24727122,0,0,11,40,0,0
1407,24737122,0,0,10,37,0,0
1408,24747122,0,0,17,38,0,0
1409,24757122,0,0,40,67,0,0
1410,24767122,0,8,57,76,0,0
1411,24777122,0,1,73,84,0,0
1412,24787123,0,0,50,74,0,0
1413,24797122,0,13,77,77,0,0
1414,24807122,0,49,82,77,0,0
1415,24817122,0,0,95,99,0,0
1416,24827122,0,0,109,111,0,0
1417,24837122,0,0,130,122,0,0
1418,24847122,7,0,154,143,0,0
1419,24857123,29,266,142,131,0,0
1420,24867122,74,360,188,184,0,29
1421,24877122,120,414,211,211,0,69
1422,24887122,187,490,250,236,0,102
1423,24897122,273,555,268,253,0,145
1424,24907122,346,621,293,274,0,165
1425,24917122,447,679,305,289,0,189
1426,24927122,540,734,326,307,0,220
1427,24937122,604,788,343,322,0,247
1428,24947122,667,822,365,341,0,268
1429,24957122,728,850,382,352,0,299
1430,24967122,771,875,405,364,0,328
1431,24977122,813,903,441,390,0,363
1432,24987122,853,933,469,394,0,352
1433,24997122,889,962,502,440,0,417
1434,25007122,924,998,538,466,0,437
1435,25017122,953,1016,557,490,0,456
1436,25027122,984,1047,583,506,0,465
1437,25037122,1009,1079,606,529,0,477
1438,25047122,1045,1102,629,549,0,433
1439,25057122,1065,1131,650,569,0,492
1440,25067122,1095,1152,673,593,0,504
1441,25077122,1112,1172,693,611,3,522
1442,25087122,1125,1182,718,634,8,537
1443,25097122,1133,1193,741,650,14,553
1444,25107122,1144,1200,763,666,22,566
1445,25117122,1148,1210,782,685,26,585
1446,25127122,1161,1216,797,697,42,598
1447,25137122,1170,1227,809,711,48,612
1448,25147122,1177,1232,823,723,63,620
1449,25157122,1188,1238,839,729,74,631
1450,25167122,1197,1243,853,738,80,639
1451,25177123,1158,1194,802,728,53,653
1452,25187122,1207,1253,872,755,99,677
1453,25197122,1210,1254,881,763,115,704
1454,25207122,1211,1256,893,777,127,730
1455,25217122,1213,1258,906,788,141,753
1456,25227122,1222,0,916,798,159,777
1457,25237122,1226,0,925,808,171,798
1458,25247122,1206,0,886,777,189,812
1459,25257122,1238,0,942,827,215,832
1460,25267122,1243,1265,951,834,233,855
1461,25277122,1245,1270,958,845,255,870
1462,25287122,1250,1273,966,857,273,902
1463,25297122,1252,1275,971,864,291,923
1464,25307122,1238,1181,954,807,308,943
1465,25317122,1257,1278,980,875,336,961
1466,25327122,1260,1285,984,877,359,982
1467,25337122,1265,1286,992,885,365,992
1468,25347122,1268,1286,998,891,386,1013
1469,25357122,1269,1290,1001,899,401,1007
1470,25367122,1269,1287,1006,907,411,1032
1471,25377123,1267,1286,1009,913,425,1041
1472,25387122,1261,1285,1014,918,437,1044
1473,25397122,1260,1282,1016,921,446,1052
1474,25407122,1257,1276,1017,922,456,1057
1475,25417122,1254,1276,1019,926,464,1061
1476,25427122,1251,1276,1020,929,468,1060
1477,25437122,1199,1219,955,911,416,1063
1478,25447122,1244,1271,1026,934,475,1068
1479,25457122,1243,1271,1030,936,480,1067
1480,25467122,1242,1272,1032,938,479,1064
1481,25477122,1242,1270,1034,940,483,1070
1482,25487122,1241,1270,1036,942,484,1067
1483,25497122,1239,1269,1039,949,488,1072
1484,25507122,1240,1271,1044,952,490,1078
1485,25517122,1239,1270,1047,958,492,1077
1486,25527122,1240,1271,1049,957,491,1076
1487,25537122,1241,1272,1052,962,496,1081
1488,25547122,1245,1275,1057,974,497,1082
1489,25557122,1252,1279,1062,968,489,1076
1490,25567122,1257,1286,1066,969,481,1079
1491,25577122,1261,1290,1068,977,480,1075
1492,25587122,1266,1291,1071,975,476,1071
1493,25597122,1268,1293,1075,980,471,1069
1494,25607122,1271,1297,1079,986,459,1065
1495,25617122,1272,1300,1070,986,449,1063
1496,25627122,1221,1303,1080,988,438,1058
1497,25637122,1278,1305,1082,984,432,1051
1498,25647122,1286,1307,1082,988,413,1044
1499,25657122,1288,1307,1082,992,413,1039
1500,25667122,1289,1310,1081,988,397,1029
1501,25677122,1289,1311,1076,993,385,1019
1502,25687122,1291,1312,1082,997,374,1011
1503,25697122,1295,1316,1079,996,355,999
1504,25707122,1298,1318,1079,994,332,987
1505,25717122,1300,1321,1080,997,312,979
1506,25727122,1302,1321,1082,995,299,969
1507,25737122,1303,1324,1081,996,286,964
1508,25747122,1305,1330,1079,1000,283,957
1509,25757122,1309,1324,1077,1007,282,955
1510,25767122,1310,1325,1083,998,278,951
1511,25777122,1311,1322,1083,1001,288,944
1512,25787122,1316,1330,1083,1003,297,937
1513,25797122,1317,1333,1086,1006,295,934
1514,25807122,1317,1329,1089,1007,286,922
1515,25817122,1318,1321,1087,963,268,851
1516,25827122,1318,1319,1091,1012,290,914
1517,25837122,1314,1313,1094,1014,300,911
1518,25847122,1307,0,1095,1020,312,914
1519,25857122,1295,0,1100,1032,319,915
1520,25867122,1288,0,1104,1036,333,919
1521,25877122,1271,0,1107,1043,343,843
1522,25887122,1262,0,1112,1046,352,923
1523,25897122,1222,0,1109,1052,359,923
1524,25907122,1201,0,1107,1055,363,0
1525,25917122,1163,0,1110,1061,371,0
1526,25927122,1123,0,1109,1063,378,0
1527,25937122,1070,0,1109,1062,390,0
1528,25947122,1001,0,1105,1067,404,0
1529,25957122,923,0,1096,1066,411,0
1530,25967122,822,0,1083,1067,416,0
1531,25977122,703,0,1073,1068,426,0
1532,25987122,590,748,1051,1067,429,0
1533,25997122,484,658,1032,1067,442,0
1534,26007122,362,496,1007,1066,438,0
1535,26017122,270,460,994,1063,436,0
1536,26027122,170,365,972,1061,425,0
1537,26037122,90,0,945,1056,413,0
1538,26047122,29,0,920,1052,400,0
1539,26057122,0,0,875,1047,386,0
1540,26067122,0,0,830,1038,366,700
1541,26077122,0,0,777,1019,338,736
1542,26087122,0,0,719,1003,325,710
1543,26097122,0,0,682,985,304,0
1544,26107122,0,0,656,966,260,0
1545,26117122,0,0,617,939,217,0
1546,26127122,0,0,579,910,180,0
1547,26137122,0,0,551,866,138,403
1548,26147122,0,0,518,814,96,333
1549,26157122,0,0,489,760,54,260
1550,26167122,0,0,459,691,11,174
1551,26177122,0,0,424,630,0,94
1552,26187122,0,0,408,566,0,28
1553,26197122,0,0,376,497,0,0
1554,26207122,0,0,358,431,0,0
1555,26217122,0,0,338,392,0,0
1556,26227122,0,0,318,335,0,0
1557,26237122,0,0,292,301,0,0
1558,26247122,0,0,274,250,0,0
1559,26257122,0,0,241,182,0,0
1560,26267122,0,0,224,167,0,0
1561,26277122,0,0,206,141,0,0
1562,26287122,0,0,186,109,0,0
1563,26297122,0,0,172,96,0,0
1564,26307122,0,0,171,90,0,0
1565,26317122,0,0,171,89,0,0
1566,26327122,0,0,173,92,0,0
1567,26337122,0,0,174,92,0,0
1568,26347122,0,0,177,98,0,0
1569,26357122,0,0,177,100,0,0
1570,26367122,0,0,178,102,0,0
1571,26377123,0,0,175,103,0,0
1572,26387122,0,0,175,101,0,0
1573,26397122,0,0,175,100,0,0
1574,26407122,0,0,173,99,0,0
1575,26417122,0,0,173,98,0,0
1576,26427122,0,0,170,94,0,0
1577,26437122,0,0,162,87,0,0
1578,26447122,0,0,155,84,0,0
1579,26457122,0,0,149,85,0,0
1580,26467122,0,0,139,80,0,0
1581,26477122,0,0,129,74,0,0
1582,26487122,0,0,127,70,0,0
1583,26497122,0,0,119,68,0,0
1584,26507122,0,0,115,62,0,0
1585,26517122,0,0,106,63,0,0
1586,26527122,0,0,102,60,0,0
1587,26537122,0,0,98,57,0,0
1588,26547122,0,0,91,59,0,0
1589,26557122,0,0,84,57,0,0
1590,26567122,0,0,77,56,0,0
1591,26577122,0,0,73,51,0,0
1592,26587122,0,0,61,52,0,0
1593,26597122,0,0,57,49,0,0
1594,26607122,0,0,52,52,0,0
1595,26617122,0,0,47,49,0,0
1596,26627122,0,0,45,51,0,0
1597,26637122,0,0,43,47,0,0
1598,26647122,0,0,41,49,0,0
1599,26657122,0,0,40,46,0,0
1600,26667122,0,0,36,45,0,0
1601,26677122,0,0,32,42,0,0
1602,26687122,0,0,27,39,0,0
1603,26697122,0,0,28,37,0,0
1604,26707122,0,0,28,35,0,0
1605,26717122,0,0,29,30,0,0
1606,26727122,0,0,30,27,0,0
1607,26737122,0,0,31,27,0,0
1608,26747122,0,9,36,24,0,0
1609,26757122,0,29,37,30,0,0
1610,26767122,0,67,37,27,0,0
1611,26777122,0,0,41,24,0,0
1612,26787122,30,0,47,27,0,0
1613,26797122,99,0,99,74,0,0
1614,26807122,178,424,117,90,0,0
1615,26817122,262,524,147,105,0,0
1616,26827122,359,600,167,134,0,0
1617,26837122,440,649,195,177,0,3
1618,26847122,492,677,246,215,0,0
1619,26857123,524,681,279,253,0,45
1620,26867122,546,690,312,292,0,106
1621,26877122,560,690,333,333,0,175
1622,26887122,571,699,362,357,0,229
1623,26897122,588,715,390,377,0,286
1624,26907122,599,726,414,411,0,331
1625,26917122,613,742,446,439,0,381
1626,26927122,641,766,482,474,0,443
1627,26937122,678,788,525,497,0,485
1628,26947122,698,807,563,538,0,510
1629,26957122,722,818,590,566,0,548
1630,26967122,740,836,616,604,18,588
1631,26977122,756,844,643,635,38,622
1632,26987122,770,856,669,671,65,662
1633,26997122,785,863,694,684,89,686
1634,27007122,799,873,715,706,102,712
1635,27017122,811,886,741,725,131,728
1636,27027122,822,892,763,738,161,752
1637,27037122,828,906,792,757,153,768
1638,27047122,832,907,808,778,172,791
1639,27057122,828,906,840,805,216,818
1640,27067122,826,906,864,819,240,839
1641,27077122,825,903,878,837,261,858
1642,27087122,824,905,894,854,284,879
1643,27097122,827,909,908,865,318,893
1644,27107122,833,917,930,881,313,908
1645,27117122,844,924,936,890,345,925
1646,27127122,853,927,951,909,368,935
1647,27137122,862,0,966,917,381,0
1648,27147122,871,0,974,927,399,0
1649,27157122,876,0,988,944,431,0
1650,27167122,886,0,996,959,450,0
1651,27177122,892,0,1002,970,477,0
1652,27187122,901,0,1014,986,490,0
1653,27197122,912,0,1031,994,495,0
1654,27207122,925,0,1042,1005,508,0
1655,27217122,937,0,1052,1011,518,0
1656,27227122,948,0,1063,1019,533,0
1657,27237122,956,0,1074,1034,536,0
1658,27247122,968,0,1081,1038,544,0
1659,27257122,975,0,1094,1050,559,0
1660,27267122,982,0,1098,1055,558,0
1661,27277122,987,1,1105,1064,567,0
1662,27287122,995,0,1110,1067,578,0
1663,27297122,1000,0,1115,1072,584,0
1664,27307122,1005,0,1116,1077,590,0
1665,27317122,1013,0,1132,1079,596,0
1666,27327122,1017,0,1131,1082,599,0
1667,27337122,1022,0,1133,1085,600,0
1668,27347122,1032,0,1139,1091,603,0
1669,27357122,1034,0,1140,1095,607,0
1670,27367122,1044,0,1144,1053,582,0
1671,27377122,1041,0,1148,1107,615,1064
1672,27387122,1041,0,1149,1111,618,1069
1673,27397122,1040,0,1158,1115,617,1070
1674,27407122,1036,0,1161,1120,616,1071
1675,27417122,1037,0,1163,1124,618,1070
1676,27427122,1039,0,1165,1126,619,1069
1677,27437122,1035,0,1166,1130,619,1067
1678,27447122,1038,0,1172,1133,620,1062
1679,27457122,1035,0,1176,1138,620,1056
1680,27467122,1031,0,1176,1142,618,1049
1681,27477122,1030,0,1180,1148,617,1046
1682,27487122,1027,0,1180,1157,618,1043
1683,27497122,1028,0,1184,1162,617,1040
1684,27507122,1022,0,1187,1165,617,1038
1685,27517122,1022,0,1190,1170,617,1033
1686,27527122,1024,0,1189,1172,615,1026
1687,27537122,1031,0,1191,1175,610,1017
1688,27547122,1037,0,1196,1180,603,1012
1689,27557122,1037,0,1197,1183,598,1005
1690,27567122,1043,0,1200,1188,591,1000
1691,27577122,1046,0,1202,1192,583,995
1692,27587122,1051,0,1203,1192,579,989
1693,27597122,1051,0,1206,1198,578,986
1694,27607122,1051,0,1207,1201,572,983
1695,27617122,1052,0,1210,1205,566,976
1696,27627122,1052,0,1211,1208,560,973
1697,27637122,1056,0,1212,1208,553,970
1698,27647122,1058,0,1213,1211,541,966
1699,27657122,1061,0,1215,1213,536,958
1700,27667122,1066,0,1215,1216,530,952
1701,27677122,1064,0,1215,1219,523,946
1702,27687122,1064,0,1218,1218,509,941
1703,27697122,1068,0,1221,1222,505,936
1704,27707122,1071,0,1221,1223,502,936
1705,27717122,1072,0,1220,1225,497,932
1706,27727122,1072,0,1224,1226,493,927
1707,27737122,1077,0,1224,1226,490,927
1708,27747122,1080,0,1225,1230,490,929
1709,27757122,1080,0,1227,1231,490,927
1710,27767122,1079,0,1228,1234,488,926
1711,27777122,1076,0,1228,1236,487,930
1712,27787122,1077,0,1229,1236,486,930
1713,27797122,1070,0,1229,1239,488,933
1714,27807122,1067,0,1231,1240,488,932
1715,27817122,1064,0,1234,1242,485,934
1716,27827122,1062,0,1234,1244,481,937
1717,27837122,1063,0,1235,1243,475,935
1718,27847122,1062,0,1235,1246,473,935
1719,27857122,1061,0,1236,1248,466,934
1720,27867122,1061,0,1236,1251,465,933
1721,27877122,1058,0,1237,1252,461,934
1722,27887122,1057,0,1237,1252,454,934
1723,27897122,1052,0,1239,1255,444,934
1724,27907122,1048,0,1239,1256,441,934
1725,27917122,1042,0,1239,1256,437,933
1726,27927122,1033,0,1239,1258,435,928
1727,27937122,997,0,1182,1206,434,927
1728,27947122,1001,0,1236,1259,433,922
1729,27957122,981,0,1236,1259,428,921
1730,27967122,952,0,1235,1259,430,923
1731,27977122,905,0,1233,1259,438,924
1732,27987122,844,0,1228,1257,447,927
1733,27997123,712,0,1148,1236,414,926
1734,28007122,653,0,1215,1259,476,934
1735,28017122,591,0,1209,1259,487,938
1736,28027122,524,0,1202,1256,498,942
1737,28037122,458,0,1192,1253,508,943
1738,28047122,370,0,1181,1250,510,942
1739,28057123,273,0,1097,1221,459,930
1740,28067122,221,0,1161,1237,521,932
1741,28077122,160,354,1144,1228,506,918
1742,28087122,88,351,1125,1219,492,901
1743,28097122,41,0,1108,1208,490,875
1744,28107122,2,0,1086,1197,467,856
1745,28117122,0,0,1062,1186,450,826
1746,28127122,0,0,1035,1174,431,797
1747,28137122,0,0,1001,1150,413,764
1748,28147122,0,0,972,1134,389,734
1749,28157122,0,0,939,1120,367,712
1750,28167122,0,0,905,1098,356,689
1751,28177122,0,0,861,1081,330,649
1752,28187122,0,0,814,1066,290,604
1753,28197122,0,0,752,1048,251,574
1754,28207122,0,0,698,1017,218,537
1755,28217122,0,0,659,988,178,0
1756,28227122,0,0,622,955,142,0
1757,28237122,0,0,591,918,94,0
1758,28247122,0,0,563,868,44,0
1759,28257122,0,0,537,811,0,0
1760,28267122,0,0,501,756,0,0
1761,28277122,0,0,468,687,0,0
1762,28287122,0,0,443,624,0,0
1763,28297122,0,0,418,571,0,1
1764,28307122,0,0,405,516,0,0
1765,28317122,0,0,393,450,0,0
1766,28327122,0,0,365,408,0,3
1767,28337122,0,0,351,365,0,0
1768,28347122,0,0,335,320,0,0
1769,28357122,0,0,316,293,0,0
1770,28367122,0,0,300,251,0,0
1771,28377122,0,0,276,209,0,0
1772,28387122,0,0,252,173,0,0
1773,28397122,0,0,238,150,0,0
1774,28407122,0,0,218,126,0,0
1775,28417122,0,0,211,121,0,0
1776,28427122,0,0,205,113,0,0
1777,28437122,0,0,204,109,0,0
1778,28447122,0,0,203,110,0,0
1779,28457122,0,0,198,109,0,0
1780,28467122,0,0,190,100,0,0
1781,28477122,0,0,186,98,0,0
1782,28487122,0,0,183,95,2,0
1783,28497122,0,0,183,95,0,0
1784,28507122,0,0,182,93,0,0
1785,28517122,0,0,179,95,0,0
1786,28527122,0,0,191,96,0,0
1787,28537122,0,0,180,98,0,0
1788,28547122,0,0,181,97,0,0
1789,28557122,0,0,180,90,0,0
1790,28567122,0,0,171,91,0,0
1791,28577122,0,0,165,87,0,0
1792,28587122,0,0,156,85,0,0
1793,28597122,0,0,151,80,0,0
1794,28607122,0,0,145,76,0,0
1795,28617122,0,0,140,70,0,0
1796,28627122,0,0,139,63,0,0
1797,28637122,0,0,139,68,0,0
1798,28647122,0,0,96,63,0,0
1799,28657122,0,0,133,66,0,0
1800,28667122,0,0,131,64,0,0
1801,28677122,0,0,122,60,0,0
1802,28687122,0,0,117,59,0,0
1803,28697122,0,0,121,61,0,0
1804,28707122,0,3,117,62,0,0
1805,28717122,0,0,123,66,0,0
1806,28727122,0,0,120,52,0,0
1807,28737122,0,3,117,54,0,0
1808,28747122,0,0,120,58,0,0
1809,28757122,0,0,126,57,0,0
1810,28767122,0,0,128,62,0,0
1811,28777122,0,0,100,54,0,0
1812,28787122,0,0,148,54,0,0
1813,28797122,0,0,133,55,0,0
1814,28807122,0,0,142,47,0,0
1815,28817122,0,0,139,43,0,0
1816,28827122,0,0,140,39,0,0
1817,28837122,0,0,139,36,0,0
1818,28847122,0,1,102,25,0,0
1819,28857122,0,0,127,23,0,0
1820,28867122,49,0,130,22,0,0
1821,28877122,133,420,126,17,0,0
1822,28887122,282,571,127,14,0,0
1823,28897122,475,706,124,19,0,0
1824,28907122,657,823,139,31,0,0
1825,28917122,791,911,173,71,0,0
1826,28927122,887,975,245,145,0,0
1827,28937122,948,1021,294,209,0,0
1828,28947122,975,1050,345,258,0,0
1829,28957122,990,1062,377,315,0,0
1830,28967122,996,1068,412,372,0,0
1831,28977122,1003,1066,455,417,0,0
1832,28987122,1010,1074,503,458,0,0
1833,28997122,1027,1085,548,489,0,46
1834,29007122,1051,1110,576,517,0,91
1835,29017122,1070,1127,617,551,0,129
1836,29027122,1094,1153,659,583,0,170
1837,29037122,1122,1181,689,626,0,199
1838,29047122,1120,1115,715,660,0,221
1839,29057122,1172,1237,755,682,0,254
1840,29067122,1206,1259,774,700,0,272
1841,29077122,1234,1289,796,714,0,279
1842,29087122,1267,1312,819,727,0,287
1843,29097122,1280,1336,846,739,0,287
1844,29107122,1300,1355,786,727,0,258
1845,29117122,1313,1371,871,754,0,278
1846,29127122,1329,1386,888,761,0,281
1847,29137122,1342,1401,892,765,0,276
1848,29147122,1362,1418,904,776,0,269
1849,29157122,1373,1429,914,782,0,266
1850,29167122,1383,1438,924,787,0,266
1851,29177122,1394,1448,932,790,0,266
1852,29187122,1400,1457,940,794,0,265
1853,29197122,1405,1465,951,803,0,264
1854,29207122,1418,1474,956,811,0,268
1855,29217122,1427,1482,969,819,0,269
1856,29227122,1431,1485,975,837,0,273
1857,29237122,1432,1491,982,844,0,281
1858,29247122,1446,1497,986,852,0,286
1859,29257122,1452,1505,992,861,0,293
1860,29267122,1461,1510,998,866,0,295
1861,29277122,1463,1513,1001,868,0,298
1862,29287122,1468,1516,1005,869,0,301
1863,29297122,1478,1521,1006,874,0,304
1864,29307123,1426,1463,945,858,0,305
1865,29317122,1482,1527,1014,877,0,309
1866,29327122,1489,1531,1014,879,0,310
1867,29337122,1492,1538,1013,881,0,313
1868,29347122,1493,1538,1015,883,0,318
1869,29357122,1495,1540,1015,883,0,331
1870,29367122,1496,1542,1016,882,0,343
1871,29377123,1470,1425,1011,880,0,353
1872,29387122,1501,1542,1015,877,0,373
1873,29397122,1502,1540,1015,876,0,397
1874,29407122,1503,1536,1014,874,0,412
1875,29417122,1505,1531,1013,873,0,420
1876,29427122,1505,1531,1014,874,0,431
1877,29437122,1477,1439,968,833,0,446
1878,29447122,1507,1528,1015,876,0,457
1879,29457122,1507,1527,1015,874,0,470
1880,29467122,1505,1526,1015,875,0,475
1881,29477122,1507,1527,1016,876,0,485
1882,29487122,1506,1525,1016,876,0,489
1883,29497122,1507,1524,1014,877,2,437
1884,29507122,1506,1521,1019,883,2,503
1885,29517122,1501,1516,1020,887,7,512
1886,29527122,1499,1514,1032,889,18,529
1887,29537122,1497,1513,1035,893,24,539
1888,29547122,1497,1511,1037,902,29,551
1889,29557122,1495,1511,1036,905,28,496
1890,29567122,1495,1509,1040,908,31,559
1891,29577122,1494,1506,1042,910,36,565
1892,29587122,1493,1503,1043,914,38,568
1893,29597122,1492,1501,1045,917,39,572
1894,29607122,1490,1499,1045,921,42,572
1895,29617122,1488,1497,1046,923,44,571
1896,29627122,1487,1495,1047,927,53,581
1897,29637122,1487,1494,1049,927,55,582
1898,29647122,1485,1492,1049,933,57,586
1899,29657122,1482,1490,1051,937,61,588
1900,29667122,1482,1486,1053,940,70,595
1901,29677122,1479,1482,1057,944,76,596
1902,29687122,1391,1439,976,939,79,602
1903,29697122,1471,1471,1063,951,85,603
1904,29707122,1468,1467,1067,954,86,609
1905,29717122,1463,1463,1067,956,90,616
1906,29727122,1459,1458,1070,958,94,627
1907,29737122,1453,1450,1074,963,99,623
1908,29747122,1445,1445,1076,967,103,636
1909,29757122,1436,1437,1079,972,115,641
1910,29767122,1431,1430,1080,977,120,654
1911,29777122,1421,1421,1082,977,120,655
1912,29787122,1405,1407,1085,981,128,660
1913,29797122,1396,1394,1090,985,136,668
1914,29807122,1382,1383,1095,990,138,671
1915,29817122,1366,1369,1096,995,144,679
1916,29827122,1349,1352,1099,1000,156,683
1917,29837122,1317,1324,1100,1004,157,692
1918,29847122,1275,1296,1100,1013,174,699
1919,29857122,1232,1259,1098,1015,188,0
1920,29867122,1182,0,1097,1019,202,0
1921,29877122,1126,0,1086,1018,210,0
1922,29887122,1064,0,1076,1017,217,0
1923,29897122,986,0,1065,1019,233,0
1924,29907122,906,0,1052,1019,247,0
1925,29917122,798,872,1040,1017,266,0
1926,29927122,694,787,1022,1015,293,2
1927,29937122,589,693,1011,1016,311,0
1928,29947122,472,607,997,1011,346,0
1929,29957122,342,515,978,1007,361,0
1930,29967122,233,425,956,1007,381,0
1931,29977122,131,161,932,1001,380,0
1932,29987122,59,0,906,1001,381,0
1933,29997122,9,0,873,999,376,0
1934,30007122,0,0,841,990,372,0
1935,30017122,0,0,791,982,360,0
1936,30027122,0,0,726,972,335,0
1937,30037122,0,0,683,952,307,0
1938,30047122,0,0,662,921,276,0
1939,30057122,0,0,630,886,223,0
1940,30067122,0,0,595,847,176,0
1941,30077122,0,0,564,806,137,0
1942,30087122,0,0,521,742,88,0
1943,30097122,0,0,489,668,28,0
1944,30107122,0,0,454,617,0,0
1945,30117122,0,0,424,556,0,0
1946,30127122,0,0,398,496,0,0
1947,30137122,0,0,381,456,0,0
1948,30147122,0,0,371,414,0,0
1949,30157122,0,0,351,361,0,0
1950,30167122,0,0,339,329,0,0
1951,30177122,0,0,317,291,0,0
1952,30187122,0,0,301,244,0,0
1953,30197122,0,0,282,207,0,0
1954,30207123,0,0,265,185,0,0
1955,30217122,0,0,245,163,0,0
1956,30227122,0,0,233,141,0,0
1957,30237122,0,0,228,137,0,0
1958,30247122,0,0,223,130,0,0
1959,30257122,0,0,221,120,0,0
1960,30267122,0,0,171,106,0,0
1961,30277122,0,0,196,111,0,0
1962,30287122,0,0,193,108,0,0
1963,30297122,0,0,180,103,0,0
1964,30307122,0,0,183,102,0,0
1965,30317122,0,0,180,92,0,0
1966,30327122,0,0,177,93,0,0
1967,30337122,0,0,174,89,0,0
1968,30347122,0,0,174,86,0,0
1969,30357122,0,3,170,88,0,0
1970,30367122,0,0,174,87,0,0
1971,30377123,0,0,168,89,0,0
1972,30387122,0,0,165,86,0,0
1973,30397122,0,0,166,85,0,0
1974,30407122,0,0,160,81,0,0
1975,30417122,0,0,149,81,0,0
1976,30427122,0,0,135,74,0,0
1977,30437122,0,0,130,64,0,0
1978,30447122,0,0,125,57,0,0
1979,30457122,0,0,119,54,0,0
1980,30467122,0,0,115,56,0,0
1981,30477122,0,0,118,58,0,0
1982,30487122,0,0,117,58,0,0
1983,30497122,0,0,117,61,0,0
1984,30507122,0,0,118,67,0,0
1985,30517122,0,0,108,68,0,0
1986,30527122,0,0,106,51,0,0
1987,30537122,0,0,100,61,0,0
1988,30547122,0,0,90,57,0,0
1989,30557122,0,0,89,54,0,0
1990,30567122,0,0,78,52,0,0
1991,30577122,0,0,74,52,0,0
1992,30587122,0,0,72,47,0,0
1993,30597122,0,0,67,48,0,0
1994,30607122,0,0,69,50,0,0
1995,30617122,0,0,72,51,0,0
1996,30627122,0,0,79,52,0,0
1997,30637122,0,0,83,46,0,0
1998,30647122,0,0,84,42,0,0
1999,30657122,0,0,85,40,0,0
2000,30667122,0,0,86,34,0,0
2001,30677122,0,0,85,36,0,0
2002,30687122,0,0,86,37,0,0
2003,30697122,0,0,83,35,0,0
2004,30707122,0,0,82,32,0,0
2005,30717122,0,0,77,34,0,0
2006,30727122,27,0,83,29,0,0
2007,30737122,112,399,91,33,0,0
2008,30747122,217,551,101,30,0,0
2009,30757122,374,661,109,39,0,0
2010,30767122,532,756,139,69,0,0
2011,30777122,634,839,176,110,0,0
2012,30787122,718,883,215,136,0,0
2013,30797122,775,913,252,179,0,0
2014,30807122,808,933,299,227,0,0
2015,30817122,826,944,332,272,0,0
2016,30827122,842,948,357,311,0,0
2017,30837122,852,950,380,360,0,0
2018,30847122,858,950,421,393,0,17
2019,30857122,850,871,457,436,0,73
2020,30867122,880,955,500,474,0,148
2021,30877122,901,971,533,503,0,204
2022,30887122,924,995,566,536,0,249
2023,30897122,951,1023,595,569,0,282
2024,30907122,981,1050,633,618,0,312
2025,30917122,1003,1090,677,657,0,352
2026,30927122,1027,1121,713,683,0,373
2027,30937122,1054,1146,739,710,1,397
2028,30947122,1076,1170,769,738,7,416
2029,30957122,1093,1190,794,761,14,426
2030,30967122,1110,1206,829,786,25,429
2031,30977122,1125,1227,859,800,37,434
2032,30987122,1116,1142,878,818,45,436
2033,30997122,1159,1254,904,827,55,430
2034,31007122,1171,1267,917,847,55,431
2035,31017122,1178,1273,934,861,57,433
2036,31027122,1187,1285,950,875,73,434
2037,31037122,1194,1298,967,889,81,437
2038,31047122,1202,1304,981,914,79,0
2039,31057122,1210,1315,994,925,83,0
2040,31067122,1215,1321,1002,938,83,0
2041,31077122,1225,1327,1015,948,85,426
2042,31087122,1234,1336,1024,958,87,422
2043,31097122,1240,1347,1044,976,88,422
2044,31107122,1250,1355,1058,988,88,412
2045,31117122,1255,1362,1077,1001,91,355
2046,31127122,1258,1367,1096,1018,88,408
2047,31137122,1260,1372,1105,1034,92,404
2048,31147122,1267,1381,1114,1050,96,398
2049,31157122,1269,1388,1124,1063,97,399
2050,31167122,1274,1394,1132,1070,90,399
2051,31177122,1281,1401,1141,1080,91,341
2052,31187122,1288,1405,1154,1091,90,393
2053,31197122,1292,1412,1162,1100,89,395
2054,31207122,1290,1415,1170,1108,88,396
2055,31217122,1289,1416,1176,1114,89,398
2056,31227122,1287,1416,1182,1124,90,399
2057,31237122,1281,1418,1188,1127,97,346
2058,31247122,1274,1418,1194,1137,99,401
2059,31257122,1264,1417,1198,1145,104,410
2060,31267122,1258,1416,1208,1153,105,422
2061,31277122,1251,1413,1213,1167,107,417
2062,31287122,1243,1414,1223,1176,116,428
2063,31297122,1236,1411,1229,1189,111,424
2064,31307122,1229,1409,1233,1197,117,452
2065,31317122,1228,1410,1238,1204,121,441
2066,31327122,1227,1412,1242,1210,120,449
2067,31337122,1225,1407,1244,1213,121,456
2068,31347122,1222,1408,1249,1220,125,457
2069,31357122,1213,1405,1253,1225,127,458
2070,31367122,1210,1405,1253,1231,129,463
2071,31377123,1205,1405,1256,1236,132,468
2072,31387122,1203,1404,1258,1237,133,465
2073,31397122,1202,1402,1260,1242,135,470
2074,31407122,1203,1403,1262,1245,137,481
2075,31417122,1203,1403,1264,1258,137,479
2076,31427122,1151,1402,1268,1254,138,477
2077,31437122,1204,1402,1268,1256,137,482
2078,31447122,1203,1400,1270,1260,138,486
2079,31457122,1200,1399,1272,1262,131,488
2080,31467122,1199,1399,1274,1265,130,490
2081,31477122,1199,1398,1275,1274,142,494
2082,31487122,1196,1396,1276,1269,125,498
2083,31497122,1196,1394,1275,1276,138,503
2084,31507122,1193,1391,1283,1282,139,504
2085,31517122,1190,1389,1285,1292,136,506
2086,31527122,1189,1386,1286,1292,133,502
2087,31537122,1184,1384,1288,1287,140,504
2088,31547122,1185,1381,1286,1286,130,514
2089,31557122,1185,1379,1288,1236,106,464
2090,31567122,1185,1381,1290,1298,119,518
2091,31577122,1188,1378,1289,1292,122,523
2092,31587122,1189,1377,1291,1301,121,522
2093,31597122,1187,1377,1291,1295,111,520
2094,31607122,1189,1374,1291,1296,119,523
2095,31617122,1189,1371,1293,1295,116,527
2096,31627122,1189,1369,1292,1297,113,529
2097,31637122,1188,1367,1291,1297,122,534
2098,31647122,1188,1364,1292,1301,116,535
2099,31657122,1187,1362,1293,1301,118,538
2100,31667122,1183,1358,1293,1303,122,540
2101,31677122,1182,1355,1293,1304,118,543
2102,31687122,1181,1354,1297,1306,129,543
2103,31697122,1180,1353,1299,1305,129,541
2104,31707122,1179,1349,1295,1307,129,540
2105,31717122,1176,1346,1298,1308,125,542
2106,31727122,1171,1339,1301,1311,129,549
2107,31737122,1162,1324,1301,1314,138,552
2108,31747122,1146,1320,1202,1296,106,518
2109,31757122,1133,1309,1301,1324,133,563
2110,31767122,1122,0,1311,1324,140,571
2111,31777122,1112,0,1308,1328,147,579
2112,31787122,1080,0,1307,1331,152,586
2113,31797122,1060,0,1314,1334,154,591
2114,31807122,1034,0,1315,1336,160,601
2115,31817122,996,0,1314,1338,172,604
2116,31827122,950,0,1320,1342,187,610
2117,31837122,891,0,1318,1344,198,616
2118,31847122,814,0,1311,1349,214,621
2119,31857122,723,0,1313,1351,229,627
2120,31867122,632,0,1312,1353,245,643
2121,31877123,521,0,1225,1327,207,648
2122,31887122,474,0,1304,1353,256,658
2123,31897122,382,0,1299,1354,269,662
2124,31907122,306,0,1286,1353,271,664
2125,31917122,233,699,1288,1350,266,655
2126,31927122,178,630,1272,1348,265,651
2127,31937122,113,568,1267,1285,234,585
2128,31947122,72,509,1255,1334,236,630
2129,31957122,25,465,1242,1325,218,612
2130,31967122,6,412,1232,1317,213,606
2131,31977122,0,350,1214,1307,207,596
2132,31987122,0,288,1198,1299,199,589
2133,31997122,0,241,1183,1292,201,590
2134,32007122,0,181,1172,1290,206,588
2135,32017122,0,113,1158,1280,219,596
2136,32027122,0,66,1140,1273,215,585
2137,32037122,0,26,1113,1265,217,580
2138,32047122,0,0,1096,1255,213,578
2139,32057122,0,0,1071,1245,208,565
2140,32067122,0,0,1040,1231,194,551
2141,32077122,0,0,998,1211,178,525
2142,32087122,0,0,960,1188,147,490
2143,32097122,0,0,927,1162,124,443
2144,32107122,0,0,887,1128,91,379
2145,32117122,0,0,853,1097,53,299
2146,32127122,0,0,815,1062,22,195
2147,32137122,0,0,763,1019,0,110
2148,32147122,0,0,713,976,0,30
2149,32157122,0,0,677,921,0,0
2150,32167122,0,0,642,875,0,0
2151,32177122,0,0,615,822,0,0
2152,32187122,0,0,589,756,0,0
2153,32197122,0,0,563,695,0,0
2154,32207122,0,0,537,629,0,0
2155,32217122,0,0,512,584,0,0
2156,32227122,0,0,482,521,0,0
2157,32237122,0,0,457,460,0,0
2158,32247122,0,0,431,417,0,0
2159,32257122,0,0,411,359,0,0
2160,32267122,0,0,382,327,0,0
2161,32277122,0,0,348,289,0,0
2162,32287122,0,0,330,250,0,0
2163,32297122,0,0,309,221,0,0
2164,32307122,0,0,300,207,0,0
2165,32317122,0,0,294,198,0,0
2166,32327122,0,0,282,181,0,0
2167,32337122,0,0,276,172,0,0
2168,32347122,0,0,268,165,0,0
2169,32357122,0,0,254,155,0,0
2170,32367122,0,0,246,155,0,0
2171,32377122,0,0,241,151,0,0
2172,32387122,0,0,236,143,0,0
2173,32397122,0,0,231,149,0,0
2174,32407122,0,0,234,148,0,0
2175,32417122,0,0,223,146,0,0
2176,32427122,0,0,222,139,0,0
2177,32437122,0,0,220,138,0,0
2178,32447122,0,0,217,140,0,0
2179,32457122,0,0,216,134,0,0
2180,32467122,0,0,213,130,0,0
2181,32477122,0,0,210,119,0,0
2182,32487122,0,0,204,121,0,0
2183,32497122,0,0,203,122,0,0
2184,32507122,0,0,197,119,0,0
2185,32517122,0,0,192,121,0,0
2186,32527122,0,0,186,116,0,0
2187,32537122,0,0,177,116,0,0
2188,32547122,0,0,171,114,0,0
2189,32557122,0,0,167,107,0,0
2190,32567122,0,0,163,107,0,0
2191,32577122,0,0,158,103,0,0
2192,32587122,0,0,151,102,0,0
2193,32597122,0,0,159,101,0,0
2194,32607122,0,0,150,91,0,0
2195,32617122,0,0,135,86,0,0
2196,32627122,0,0,126,78,0,0
2197,32637122,0,0,123,76,0,0
2198,32647122,0,0,125,71,0,0
2199,32657122,0,0,129,70,0,0
2200,32667123,0,0,139,70,0,0
2201,32677122,0,0,141,70,0,0
2202,32687122,0,0,141,70,0,0
2203,32697122,0,0,140,68,0,0
2204,32707122,0,0,139,60,0,0
2205,32717122,0,0,138,54,0,0
2206,32727122,0,0,134,53,0,0
2207,32737123,0,0,128,45,0,0
2208,32747122,0,0,126,44,0,0
2209,32757122,0,0,129,43,0,0
2210,32767122,0,0,124,41,0,0
2211,32777122,25,0,129,44,0,2
2212,32787122,87,382,148,52,0,0
2213,32797122,188,459,141,39,0,0
2214,32807122,359,648,208,107,0,0
2215,32817122,517,737,281,184,0,0
2216,32827122,604,813,346,266,0,0
2217,32837122,679,858,394,359,0,0
2218,32847122,723,881,483,453,0,0
2219,32857122,741,887,554,522,0,0
2220,32867122,747,890,608,601,0,11
2221,32877122,745,885,667,680,0,89
2222,32887122,745,875,729,738,0,177
2223,32897122,741,886,778,787,0,285
2224,32907122,731,880,826,826,1,0
2225,32917122,731,888,866,874,25,419
2226,32927122,733,888,898,908,59,484
2227,32937122,741,667,928,937,115,535
2228,32947122,747,0,955,970,122,582
2229,32957122,760,0,985,1000,151,620
2230,32967122,776,0,1009,1025,189,648
2231,32977122,791,0,1040,1050,230,679
2232,32987122,804,0,1063,1072,266,702
2233,32997122,804,0,1082,1081,285,730
2234,33007122,814,0,1101,1093,335,755
2235,33017122,812,0,1115,1105,355,777
2236,33027122,804,0,1130,1122,377,797
2237,33037122,793,0,1133,1130,407,821
2238,33047122,784,0,1150,1147,437,837
2239,33057122,779,0,1161,1162,467,857
2240,33067122,775,0,1173,1174,473,870
2241,33077122,774,0,1180,1191,490,882
2242,33087122,773,0,1187,1196,515,891
2243,33097122,773,0,1194,1209,535,905
2244,33107122,772,0,1204,1222,550,915
2245,33117122,771,0,1208,1232,564,922
2246,33127122,768,0,1220,1240,579,934
2247,33137122,764,0,1228,1249,592,939
2248,33147122,760,0,1235,1260,605,948
2249,33157122,752,0,1241,1268,608,954
2250,33167122,742,0,1244,1280,620,965
2251,33177122,734,0,1251,1291,627,971
2252,33187122,726,0,1255,1289,637,980
2253,33197122,697,0,1201,1240,646,985
2254,33207122,702,0,1262,1304,659,989
2255,33217122,693,0,1265,1307,669,998
2256,33227122,683,0,1270,1312,678,1004
2257,33237122,667,0,1272,1315,682,1006
2258,33247122,658,0,1271,1319,689,1020
2259,33257122,647,0,1276,1318,697,1015
2260,33267122,629,0,1276,1324,698,1020
2261,33277122,607,0,1281,1327,702,1021
2262,33287122,589,0,1286,1328,712,1026
2263,33297122,569,0,1285,1330,719,1032
2264,33307122,564,0,1285,1336,725,1034
2265,33317122,547,0,1289,1338,727,1038
2266,33327123,502,0,1210,1318,662,1038
2267,33337122,516,0,1294,1346,740,1046
2268,33347122,501,0,1288,1350,743,1048
2269,33357122,494,0,1299,1352,747,1050
2270,33367122,480,0,1301,1355,749,1053
2271,33377122,474,0,1300,1358,756,1055
2272,33387122,455,0,1305,1359,760,1048
2273,33397122,419,0,1240,1284,743,967
2274,33407122,432,0,1307,1364,771,1060
2275,33417122,410,0,1308,1366,774,1065
2276,33427122,407,0,1310,1367,780,1066
2277,33437122,396,0,1312,1368,786,1068
2278,33447122,387,1,1311,1370,788,1071
2279,33457122,377,0,1314,1371,791,1078
2280,33467122,367,0,1316,1373,797,1080
2281,33477122,359,0,1318,1375,798,1082
2282,33487122,345,0,1318,1375,808,1083
2283,33497122,328,0,1322,1379,813,1086
2284,33507122,317,0,1325,1379,818,1086
2285,33517122,302,0,1321,1381,825,1089
2286,33527122,298,0,1328,1382,825,1094
2287,33537122,285,0,1325,1381,830,1096
2288,33547122,280,0,1323,1384,837,1097
2289,33557122,266,0,1324,1385,839,1099
2290,33567122,250,0,1325,1386,841,1101
2291,33577122,236,0,1326,1389,844,1104
2292,33587122,222,0,1325,1389,849,1106
2293,33597122,215,0,1326,1391,853,1108
2294,33607122,209,0,1325,1392,855,1109
2295,33617122,208,0,1331,1395,858,1109
2296,33627122,201,0,1337,1395,858,1107
2297,33637122,205,0,1329,1395,858,1107
2298,33647122,203,0,1333,1397,858,1108
2299,33657123,190,0,1333,1398,859,1107
2300,33667122,179,0,1333,1399,861,1108
2301,33677122,166,0,1331,1400,864,1107
2302,33687122,153,0,1332,1400,867,1106
2303,33697122,136,0,1333,1402,869,1108
2304,33707122,118,587,1333,1402,873,1107
2305,33717122,105,573,1231,1388,822,1026
2306,33727122,86,552,1328,1405,881,1103
2307,33737122,65,515,1326,1405,886,1097
2308,33747122,39,482,1324,1406,888,1100
2309,33757122,23,445,1323,1411,895,1101
2310,33767122,2,404,1321,1412,910,1104
2311,33777122,0,349,1314,1412,919,1105
2312,33787123,0,293,1311,1414,935,1109
2313,33797122,0,228,1307,1415,947,1111
2314,33807122,0,173,1303,1415,956,1118
2315,33817122,0,134,1300,1416,967,1119
2316,33827122,0,76,1292,1416,973,1126
2317,33837122,0,35,1286,1416,982,1129
2318,33847122,0,0,1272,1416,989,1135
2319,33857122,0,0,1266,1416,999,1138
2320,33867122,0,0,1253,1415,1002,1135
2321,33877122,0,0,1241,1415,1008,1138
2322,33887122,0,0,1224,1411,1013,1138
2323,33897122,0,0,1204,1409,1018,1139
2324,33907122,0,0,1185,1404,1034,1138
2325,33917122,0,0,1169,1402,1026,1138
2326,33927122,0,0,1145,1396,1022,1139
2327,33937122,0,0,1123,1386,1020,1137
2328,33947122,0,0,1099,1381,1027,1130
2329,33957122,0,0,1075,1374,1018,1131
2330,33967122,0,0,1049,1367,1018,1130
2331,33977122,0,0,1020,1356,1016,1130
2332,33987122,0,0,994,1349,1014,1130
2333,33997122,0,0,963,1336,1015,1125
2334,34007122,0,0,934,1320,1007,1124
2335,34017122,0,0,894,1303,1000,1117
2336,34027122,0,0,858,1276,976,1109
2337,34037122,0,0,823,1249,939,1098
2338,34047122,0,0,717,1194,834,1027
2339,34057122,0,0,767,1179,825,1048
2340,34067122,0,0,735,1140,760,1011
2341,34077122,0,0,702,1098,700,967
2342,34087122,0,0,678,1060,621,922
2343,34097122,0,0,645,1012,521,863
2344,34107122,0,0,626,959,419,791
2345,34117122,0,0,524,887,303,662
2346,34127122,0,0,560,854,219,599
2347,34137122,0,0,540,802,136,469
2348,34147122,0,0,523,745,53,313
2349,34157122,0,0,496,691,0,167
2350,34167122,0,0,460,622,0,49
2351,34177122,0,0,436,551,0,0
2352,34187122,0,0,411,482,0,0
2353,34197122,0,0,379,408,0,0
2354,34207122,0,0,351,358,0,0
2355,34217122,0,0,332,321,0,0
2356,34227122,0,0,305,283,0,3
2357,34237122,0,0,287,246,0,0
2358,34247122,0,0,275,213,0,0
2359,34257122,0,0,261,190,0,2
2360,34267122,0,0,245,169,0,0
2361,34277122,0,0,238,150,0,0
2362,34287122,0,0,234,151,0,0
2363,34297122,0,0,231,151,0,0
2364,34307122,0,0,222,150,0,0
2365,34317122,0,0,216,147,0,0
2366,34327122,0,0,214,144,0,0
2367,34337122,0,0,204,140,0,0
2368,34347122,0,0,202,138,0,0
2369,34357122,0,0,198,134,0,0
2370,34367122,0,0,150,123,0,0
2371,34377122,0,0,182,134,0,0
2372,34387122,0,0,182,125,0,0
2373,34397122,0,0,180,119,0,0
2374,34407122,0,0,173,114,0,0
2375,34417122,0,0,169,116,0,0
2376,34427122,0,0,169,114,1,0
2377,34437122,0,0,138,101,0,0
2378,34447122,0,0,167,113,0,0
2379,34457122,0,0,166,109,0,0
2380,34467122,0,0,165,104,0,0
2381,34477122,0,0,157,101,0,0
2382,34487122,0,0,153,106,0,0
2383,34497122,0,0,151,103,0,0
2384,34507122,0,0,142,94,0,0
2385,34517122,0,0,142,92,4,0
2386,34527122,0,0,137,92,0,0
2387,34537122,0,0,133,90,0,0
2388,34547122,0,0,119,79,0,0
2389,34557122,0,0,115,83,0,0
2390,34567122,0,0,112,75,0,0
2391,34577122,0,0,106,69,0,0
2392,34587122,0,0,108,69,0,0
2393,34597122,0,0,93,67,0,0
2394,34607122,0,0,89,66,0,0
2395,34617122,0,0,85,57,0,0
2396,34627122,0,0,82,61,0,0
2397,34637122,0,0,76,57,0,0
2398,34647122,0,0,74,43,0,0
2399,34657122,0,0,79,46,0,0
2400,34667122,0,0,82,47,0,0
2401,34677122,0,0,85,52,0,0
2402,34687122,0,0,85,51,0,0
2403,34697122,0,0,84,52,0,0
2404,34707122,0,0,77,49,0,0
2405,34717122,0,0,74,46,0,0
2406,34727122,0,0,83,44,0,0
2407,34737122,0,0,73,42,0,0
2408,34747122,0,2,68,41,0,0
2409,34757122,0,0,71,41,0,0
2410,34767122,0,0,73,38,0,0
2411,34777122,0,2,73,36,0,0
2412,34787122,0,0,70,38,0,0
2413,34797122,0,0,65,36,0,0
2414,34807122,0,0,75,36,0,0
2415,34817122,45,0,92,40,0,0
2416,34827122,128,423,107,63,0,0
2417,34837123,247,543,158,94,0,0
2418,34847122,392,640,181,121,0,0
2419,34857122,524,721,219,159,0,0
2420,34867122,616,794,250,210,0,0
2421,34877122,678,846,299,247,0,0
2422,34887122,727,870,339,304,0,0
2423,34897122,748,877,390,332,0,0
2424,34907122,765,887,424,407,0,41
2425,34917122,782,889,475,454,0,92
2426,34927122,795,892,499,493,0,150
2427,34937122,807,914,535,518,0,198
2428,34947122,820,911,558,547,0,246
2429,34957122,836,926,590,573,0,277
2430,34967122,860,937,612,603,0,304
2431,34977122,875,951,650,634,0,334
2432,34987122,886,967,679,661,0,381
2433,34997122,894,971,722,682,0,424
2434,35007122,908,971,741,709,1,454
2435,35017122,916,984,766,729,10,480
2436,35027122,924,989,793,753,22,499
2437,35037122,934,998,823,775,45,522
2438,35047122,943,1008,858,797,68,544
2439,35057122,948,1016,883,817,81,553
2440,35067122,955,0,909,842,102,570
2441,35077122,967,0,925,856,107,585
2442,35087122,969,0,939,876,125,598
2443,35097122,926,0,957,900,135,0
2444,35107122,980,0,975,913,148,0
2445,35117122,985,0,996,930,160,0
2446,35127122,990,0,1008,943,173,0
2447,35137122,1000,0,1017,956,181,0
2448,35147122,1008,0,1031,972,186,0
2449,35157122,1015,0,1044,983,189,0
2450,35167122,1026,0,1053,989,200,0
2451,35177122,1039,0,1064,996,209,680
2452,35187122,1043,0,1076,1003,224,698
2453,35197122,1050,0,1083,1009,247,713
2454,35207122,1060,0,1097,1018,263,728
2455,35217122,1067,0,1108,1034,285,739
2456,35227122,1072,0,1113,1045,295,677
2457,35237122,1078,0,1124,1055,307,762
2458,35247122,1080,0,1132,1065,321,774
2459,35257122,1082,0,1140,1073,338,781
2460,35267122,1085,0,1151,1082,346,795
2461,35277122,1085,0,1159,1094,364,820
2462,35287122,1082,0,1165,1101,378,843
2463,35297122,1059,0,1117,1059,397,861
2464,35307122,1082,0,1177,1116,415,884
2465,35317122,1071,0,1181,1124,436,903
2466,35327122,1063,0,1187,1130,461,922
2467,35337122,1055,0,1191,1136,480,940
2468,35347122,1045,0,1193,1143,507,960
2469,35357122,1034,0,1195,1147,536,976
2470,35367122,971,0,1198,1148,565,992
2471,35377122,1005,0,1195,1150,602,1006
2472,35387122,1000,0,1195,1150,627,1016
2473,35397122,993,0,1196,1155,654,1030
2474,35407122,987,0,1197,1157,677,1042
2475,35417122,986,0,1197,1158,689,1049
2476,35427122,952,0,1192,1160,705,1061
2477,35437122,975,0,1197,1160,720,1065
2478,35447122,977,0,1197,1161,730,1074
2479,35457122,977,0,1197,1159,739,1077
2480,35467122,978,0,1197,1157,744,1081
2481,35477122,981,0,1195,1153,748,1085
2482,35487122,987,0,1194,1147,750,1086
2483,35497122,954,0,1192,1147,749,1092
2484,35507122,1000,0,1193,1146,749,1091
2485,35517122,1004,0,1194,1143,747,1094
2486,35527122,1008,0,1193,1142,741,1095
2487,35537122,1014,0,1193,1142,740,1096
2488,35547122,1014,0,1193,1144,736,1098
2489,35557122,1012,0,1194,1144,730,1098
2490,35567122,1015,0,1194,1145,728,1098
2491,35577122,1017,0,1194,1146,717,1096
2492,35587122,1018,0,1194,1146,713,1095
2493,35597122,1019,0,1195,1148,707,1093
2494,35607122,1019,0,1195,1151,697,1094
2495,35617122,1019,0,1196,1156,692,1092
2496,35627122,996,0,1192,1159,686,1095
2497,35637122,1019,0,1197,1158,681,1094
2498,35647122,1019,0,1197,1160,679,1093
2499,35657122,1020,0,1198,1164,679,1088
2500,35667122,1022,0,1198,1162,682,1084
2501,35677122,1020,0,1198,1163,680,1083
2502,35687122,959,0,1107,1152,681,1081
2503,35697122,1022,0,1198,1162,682,1079
2504,35707122,1020,0,1197,1163,685,1076
2505,35717122,1018,0,1197,1162,687,1074
2506,35727122,1016,0,1197,1162,693,1072
2507,35737122,1011,0,1195,1161,694,1069
2508,35747122,1002,0,1195,1112,663,992
2509,35757122,997,0,1194,1162,694,1062
2510,35767122,989,0,1194,1161,696,1057
2511,35777122,982,0,1195,1163,696,1060
2512,35787122,970,0,1194,1161,701,1070
2513,35797122,954,0,1195,1165,700,1060
2514,35807122,936,0,1194,1119,670,992
2515,35817122,919,0,1196,1170,714,1064
2516,35827122,894,0,1196,1174,714,1066
2517,35837122,871,0,1197,1174,718,1074
2518,35847122,837,0,1196,1178,714,1067
2519,35857122,783,0,1195,1182,723,1069
2520,35867122,717,0,1192,1186,729,1067
2521,35877122,637,0,1190,1189,742,1066
2522,35887122,549,0,1186,1194,746,1069
2523,35897122,448,0,1178,1193,762,1069
2524,35907122,344,0,1169,1193,774,1069
2525,35917122,233,0,1150,1194,793,1068
2526,35927122,146,0,1139,1191,800,1064
2527,35937122,68,0,1118,1187,817,1063
2528,35947122,13,0,1099,1182,831,1067
2529,35957122,0,0,1067,1176,837,1056
2530,35967122,0,0,1033,1165,849,1058
2531,35977122,0,0,985,1155,853,1048
2532,35987122,0,0,942,1133,852,1038
2533,35997122,0,0,819,1094,787,970
2534,36007122,0,0,845,1102,842,1010
2535,36017122,0,0,804,1089,832,1001
2536,36027122,0,0,765,1068,823,984
2537,36037122,0,0,725,1053,801,976
2538,36047122,0,0,678,1032,787,965
2539,36057122,0,0,632,1004,757,957
2540,36067122,0,0,603,981,726,949
2541,36077122,0,0,581,954,691,934
2542,36087122,0,0,551,930,680,917
2543,36097122,0,0,525,892,656,904
2544,36107122,0,0,487,858,607,877
2545,36117122,0,0,460,825,562,841
2546,36127122,0,0,437,791,490,802
2547,36137122,0,0,420,742,422,728
2548,36147122,0,0,406,693,344,664
2549,36157122,0,0,397,665,283,591
2550,36167122,0,0,382,629,184,494
2551,36177122,0,0,372,581,112,376
2552,36187122,0,0,362,534,31,0
2553,36197122,0,0,343,471,0,0
2554,36207122,0,0,326,417,0,71
2555,36217122,0,0,311,373,0,21
2556,36227122,0,0,294,329,0,0
2557,36237122,0,0,281,296,0,0
2558,36247122,0,0,264,267,0,0
2559,36257122,0,0,248,232,0,0
2560,36267122,0,0,244,210,0,0
2561,36277122,0,0,238,183,0,0
2562,36287122,0,1,220,157,0,0
2563,36297122,0,0,215,136,0,0
2564,36307122,0,0,196,120,0,0
2565,36317122,0,2,204,106,0,0
2566,36327122,0,0,189,100,0,0
2567,36337122,0,0,188,100,0,0
2568,36347122,0,0,188,99,0,0
2569,36357122,0,0,192,100,0,0
2570,36367122,0,0,191,102,0,0
2571,36377123,0,0,191,100,0,0
2572,36387122,0,0,182,102,0,0
2573,36397122,0,0,187,102,0,0
2574,36407122,0,0,187,100,0,0
2575,36417122,0,0,187,101,0,0
2576,36427122,0,1,183,102,0,0
2577,36437122,0,0,183,99,0,0
2578,36447122,0,0,183,99,0,0
2579,36457122,0,0,181,94,0,0
2580,36467122,0,0,172,94,0,0
2581,36477122,0,0,169,90,0,0
2582,36487122,0,0,165,89,0,0
2583,36497122,0,0,159,86,0,0
2584,36507122,0,0,154,84,0,0
2585,36517123,0,0,145,83,0,0
2586,36527122,0,0,140,81,0,0
2587,36537122,0,0,130,80,0,0
2588,36547122,0,0,125,76,0,0
2589,36557122,0,0,117,76,0,0
2590,36567122,0,0,105,75,0,0
2591,36577123,0,0,96,73,0,0
2592,36587122,0,0,92,71,0,0
2593,36597122,0,0,94,69,0,0
2594,36607122,0,0,79,67,0,0
2595,36617122,0,0,77,59,0,0
2596,36627122,0,0,73,58,0,0
2597,36637122,0,0,63,57,0,0
2598,36647122,0,0,60,56,0,0
2599,36657122,0,0,61,54,0,0
2600,36667122,0,0,58,55,0,0
2601,36677122,0,0,60,55,0,0
2602,36687122,0,0,58,55,0,0
2603,36697122,0,0,58,53,0,0
2604,36707122,0,0,57,52,0,0
2605,36717122,0,0,58,52,0,0
2606,36727122,0,0,61,53,0,0
2607,36737122,0,0,60,53,0,0
2608,36747122,0,0,61,54,0,0
2609,36757122,0,0,62,54,0,0
2610,36767122,0,0,58,50,0,0
2611,36777122,0,0,67,52,0,0
2612,36787122,0,0,71,52,0,0
2613,36797122,0,0,71,53,0,0
2614,36807122,0,0,75,45,0,0
2615,36817122,0,0,73,38,0,0
2616,36827122,0,0,74,44,0,0
2617,36837122,13,0,75,35,0,0
2618,36847122,85,0,80,16,0,0
2619,36857122,174,467,93,34,0,0
2620,36867122,328,598,114,51,0,0
2621,36877122,489,712,164,95,0,0
2622,36887122,609,778,182,122,0,0
2623,36897122,697,838,221,139,0,0
2624,36907122,752,878,257,188,0,0
2625,36917122,780,836,256,196,0,0
2626,36927122,827,924,298,238,0,0
2627,36937122,858,942,313,271,0,0
2628,36947122,876,953,341,298,0,2
2629,36957122,903,967,375,338,0,22
2630,36967122,919,970,400,373,0,71
2631,36977123,895,935,395,392,0,105
2632,36987122,949,996,477,439,0,168
2633,36997122,967,1002,507,478,0,219
2634,37007122,983,1019,547,497,0,262
2635,37017122,1007,1048,571,530,0,286
2636,37027122,1032,1075,600,553,0,311
2637,37037122,1058,1099,622,535,0,292
2638,37047122,1078,1126,656,588,0,350
2639,37057122,1099,1144,678,609,0,367
2640,37067122,1111,1158,700,636,0,401
2641,37077122,1116,1165,728,664,0,428
2642,37087122,1122,1168,758,684,2,461
2643,37097122,1125,1169,781,716,20,483
2644,37107122,1074,1171,806,737,27,505
2645,37117122,1129,1174,828,755,46,529
2646,37127122,1133,1182,854,768,61,540
2647,37137122,1140,1191,872,786,74,555
2648,37147122,1146,1197,887,795,88,572
2649,37157122,1158,0,903,807,102,581
2650,37167122,1164,0,914,815,115,587
2651,37177122,1171,0,924,828,120,607
2652,37187122,1174,0,935,841,125,620
2653,37197122,1177,0,949,855,141,628
2654,37207122,1177,0,958,867,154,646
2655,37217122,1178,0,970,876,165,657
2656,37227122,1178,0,979,889,171,670
2657,37237122,1128,0,988,904,188,692
2658,37247122,1180,0,998,914,192,239
2659,37257122,1181,0,1006,926,216,0
2660,37267122,1180,0,1017,939,237,0
2661,37277122,1178,0,1036,955,272,0
2662,37287122,1174,0,1049,976,279,0
2663,37297122,1115,0,1065,988,296,0
2664,37307122,1165,0,1078,1002,324,0
2665,37317122,1162,0,1091,1014,346,0
2666,37327122,1161,0,1098,1022,364,0
2667,37337122,1159,0,1108,1038,376,0
2668,37347122,1154,0,1113,1052,391,0
2669,37357122,1148,0,1118,1016,372,823
2670,37367122,1147,0,1126,1071,410,899
2671,37377122,1145,0,1133,1079,412,911
2672,37387122,1142,0,1140,1091,422,918
2673,37397122,1135,0,1146,1100,429,931
2674,37407122,1131,0,1154,1106,438,936
2675,37417122,1127,0,1160,1065,424,875
2676,37427122,1124,0,1166,1116,455,943
2677,37437122,1122,0,1171,1126,451,950
2678,37447122,1120,0,1174,1140,470,950
2679,37457122,1116,0,1177,1136,468,953
2680,37467122,1113,0,1180,1148,481,954
2681,37477122,1109,0,1183,1155,480,960
2682,37487122,1066,0,1160,1160,485,960
2683,37497122,1098,0,1191,1170,490,961
2684,37507122,1093,0,1193,1173,492,966
2685,37517122,1087,0,1194,1181,493,965
2686,37527122,1085,0,1196,1179,499,967
2687,37537122,1084,0,1199,1178,501,966
2688,37547122,1085,0,1199,1133,472,905
2689,37557122,1087,0,1203,1179,504,968
2690,37567122,1092,0,1202,1190,500,964
2691,37577122,1094,0,1204,1190,497,961
2692,37587122,1096,0,1205,1182,493,957
2693,37597122,1100,0,1205,1186,488,953
2694,37607122,1105,0,1202,1183,494,872
2695,37617122,1110,0,1206,1181,484,952
2696,37627122,1115,0,1205,1177,476,949
2697,37637122,1122,0,1204,1179,471,946
2698,37647122,1126,0,1203,1179,465,940
2699,37657122,1132,0,1202,1174,450,937
2700,37667122,1141,0,1200,1176,437,934
2701,37677122,1148,0,1201,1175,433,926
2702,37687122,1158,0,1194,1173,426,914
2703,37697122,1162,0,1200,1173,424,905
2704,37707122,1165,1240,1193,1175,410,897
2705,37717122,1171,1236,1200,1175,402,886
2706,37727122,1173,1241,1203,1176,391,877
2707,37737122,1178,1249,1200,1175,373,869
2708,37747122,1187,1250,1197,1171,361,858
2709,37757122,1194,1257,1202,1174,343,847
2710,37767122,1199,1259,1202,1177,327,839
2711,37777122,1207,1268,1201,1173,312,821
2712,37787122,1209,1267,1198,1171,298,818
2713,37797122,1192,1189,1147,1121,282,808
2714,37807122,1224,1280,1202,1174,275,806
2715,37817122,1234,1278,1205,1170,270,798
2716,37827122,1227,1281,1198,1172,269,793
2717,37837122,1229,1265,1196,1171,270,786
2718,37847122,1235,0,1198,1174,263,791
2719,37857122,1226,0,1199,1173,258,789
2720,37867122,1231,0,1199,1173,256,787
2721,37877122,1230,0,1196,1172,262,780
2722,37887122,1232,0,1198,1172,258,783
2723,37897122,1237,0,1198,1173,261,784
2724,37907122,1229,0,1197,1173,260,779
2725,37917122,1230,2,1197,1173,266,778
2726,37927122,1227,0,1198,1175,265,776
2727,37937123,1223,0,1198,1174,276,774
2728,37947122,1217,0,1200,1176,275,778
2729,37957122,1210,0,1205,1178,287,786
2730,37967122,1197,0,1208,1179,293,787
2731,37977122,1180,0,1199,1182,301,786
2732,37987122,1167,0,1200,1181,309,789
2733,37997122,1136,0,1199,1184,315,789
2734,38007123,1098,0,1197,1182,331,795
2735,38017122,1045,0,1191,1181,343,793
2736,38027122,981,0,1178,1176,356,798
2737,38037122,909,0,1173,1169,364,798
2738,38047122,799,0,1156,1160,374,801
2739,38057122,641,0,1139,1151,398,812
2740,38067122,477,0,1126,1144,414,823
2741,38077122,377,0,1104,1133,433,832
2742,38087122,253,0,1079,1127,444,838
2743,38097122,150,0,1055,1123,459,840
2744,38107122,54,0,1021,1115,472,832
2745,38117122,0,0,986,1106,483,816
2746,38127122,0,0,953,1094,484,717
2747,38137122,0,0,917,1081,478,758
2748,38147122,0,0,872,1072,466,733
2749,38157122,0,0,827,1061,458,700
2750,38167122,0,0,790,1050,430,684
2751,38177122,0,0,735,1031,415,652
2752,38187122,0,0,708,1007,389,620
2753,38197122,0,0,646,943,348,568
2754,38207122,0,0,657,970,298,499
2755,38217122,0,0,625,945,231,406
2756,38227122,0,0,593,909,164,0
2757,38237122,0,0,574,865,110,0
2758,38247122,0,0,556,814,47,0
2759,38257122,0,0,530,759,8,0
2760,38267122,0,0,503,709,0,0
2761,38277122,0,0,484,663,0,0
2762,38287122,0,0,459,593,0,0
2763,38297122,0,0,443,537,0,0
2764,38307122,0,0,431,463,0,0
2765,38317122,0,0,425,413,0,0
2766,38327122,0,0,417,370,0,0
2767,38337122,0,0,404,340,0,0
2768,38347122,0,0,395,306,0,0
2769,38357122,0,0,377,282,0,0
2770,38367122,0,0,366,252,0,0
2771,38377122,0,0,357,219,0,0
2772,38387122,0,0,339,195,0,0
2773,38397122,0,0,327,177,0,0
2774,38407122,0,0,317,154,0,0
2775,38417122,0,0,311,148,0,0
2776,38427122,0,0,303,145,0,0
2777,38437122,0,0,297,139,0,0
2778,38447122,0,0,291,137,0,0
2779,38457122,0,0,282,138,0,0
2780,38467122,0,0,281,134,0,0
2781,38477122,0,0,268,124,0,0
2782,38487122,0,0,265,121,0,0
2783,38497122,0,0,262,119,0,0
2784,38507122,0,0,262,115,0,0
2785,38517122,0,0,252,115,0,0
2786,38527122,0,0,251,113,0,0
2787,38537122,0,0,250,114,0,0
2788,38547122,0,0,249,115,0,0
2789,38557122,0,0,248,114,0,0
2790,38567122,0,0,244,117,0,0
2791,38577122,0,0,246,115,0,0
2792,38587122,0,0,242,109,0,0
2793,38597122,0,0,242,108,0,0
2794,38607122,0,0,236,109,0,0
2795,38617122,0,0,234,105,0,0
2796,38627122,0,0,234,106,0,0
2797,38637122,0,0,229,105,0,0
2798,38647122,0,0,227,104,0,0
2799,38657122,0,0,222,86,0,0
2800,38667122,0,0,219,103,0,0
2801,38677122,0,0,217,101,0,0
2802,38687122,0,0,217,101,0,0
2803,38697122,0,0,227,94,0,0
2804,38707122,0,0,221,91,0,0
2805,38717122,0,0,216,90,0,0
2806,38727122,0,0,219,90,0,0
2807,38737122,0,0,218,92,0,0
2808,38747122,0,0,221,99,0,0
2809,38757122,0,0,221,102,0,0
2810,38767122,0,0,213,100,0,0
2811,38777122,0,0,214,98,0,0
2812,38787122,0,0,216,95,0,0
2813,38797122,0,0,213,94,0,0
2814,38807122,0,0,213,92,0,0
2815,38817122,0,0,209,91,0,0
2816,38827122,0,0,203,91,0,0
2817,38837122,0,0,200,89,0,0
2818,38847122,0,0,193,87,0,0
2819,38857122,0,0,191,84,0,0
2820,38867122,0,0,189,82,0,0
2821,38877122,0,0,186,76,0,0
2822,38887122,0,0,184,73,0,0
2823,38897122,0,0,184,73,0,0
2824,38907122,0,0,177,73,0,0
2825,38917122,0,0,171,58,0,0
2826,38927122,0,0,167,74,0,0
2827,38937122,0,0,166,70,0,0
2828,38947122,0,0,161,68,0,0
2829,38957122,0,0,156,60,0,0
2830,38967122,0,0,155,56,6,0
2831,38977122,0,0,156,58,0,0
2832,38987122,0,0,164,65,0,0
2833,38997122,0,0,169,71,0,0
2834,39007122,0,0,175,65,0,0
2835,39017122,0,0,182,75,0,0
2836,39027122,0,0,190,78,0,0
2837,39037122,0,0,204,89,0,0
2838,39047123,0,0,171,86,0,0
2839,39057122,0,0,245,158,0,0
2840,39067122,0,0,288,206,0,0
2841,39077122,0,0,310,231,0,0
2842,39087122,0,0,312,239,0,0
2843,39097122,0,0,330,286,0,0
2844,39107122,0,0,357,346,0,0
2845,39117122,0,16,392,418,0,0
2846,39127122,0,26,431,494,0,21
2847,39137122,0,31,483,587,0,91
2848,39147122,0,42,538,654,0,188
2849,39157122,0,51,573,705,0,287
2850,39167122,0,66,631,763,0,361
2851,39177122,0,91,683,805,1,0
2852,39187122,0,134,730,867,3,0
2853,39197122,0,176,785,912,15,0
2854,39207122,0,214,841,954,29,557
2855,39217122,0,262,880,1000,52,590
2856,39227122,8,302,916,1044,69,617
2857,39237122,27,0,945,1068,89,645
2858,39247122,33,0,955,1028,113,678
2859,39257122,52,0,1004,1119,124,683
2860,39267122,68,1,1023,1134,146,701
2861,39277122,81,0,1047,1158,154,716
2862,39287122,105,0,1061,1175,159,721
2863,39297122,134,0,1075,1189,165,727
2864,39307122,170,0,1092,1200,168,736
2865,39317122,213,0,1101,1210,175,738
2866,39327122,241,0,1111,1220,182,745
2867,39337122,291,0,1118,1227,185,757
2868,39347122,347,0,1132,1237,186,748
2869,39357122,433,0,1137,1242,190,747
2870,39367122,492,0,1143,1244,184,746
2871,39377123,561,0,1150,1247,189,743
2872,39387122,625,0,1152,1243,200,747
2873,39397122,682,0,1159,1243,211,748
2874,39407122,725,0,1158,1238,229,751
2875,39417122,754,0,1156,1233,237,757
2876,39427122,790,0,1156,1227,248,759
2877,39437122,779,0,1158,1220,272,763
2878,39447122,858,0,1145,1206,296,767
2879,39457122,888,0,1152,1191,319,766
2880,39467122,920,0,1148,1177,326,760
2881,39477122,955,0,1133,1164,331,759
2882,39487122,988,0,1129,1152,347,767
2883,39497122,1021,0,1125,1138,346,764
2884,39507122,1054,0,1123,1127,342,763
2885,39517122,1080,0,1118,1119,345,762
2886,39527122,1100,0,1115,1112,342,764
2887,39537122,1117,0,1109,1105,347,766
2888,39547122,1136,0,1106,1097,354,777
2889,39557122,1146,0,1104,1090,355,776
2890,39567123,1165,0,1101,1081,356,0
2891,39577122,1176,0,1094,1071,353,0
2892,39587122,1189,0,1093,1062,358,0
2893,39597122,1198,0,1084,1057,359,0
2894,39607122,1206,0,1077,1047,365,0
2895,39617122,1211,0,1074,1040,370,0
2896,39627122,1216,0,1067,1030,374,0
2897,39637123,1224,0,1061,1017,376,0
2898,39647122,1227,1321,1053,1013,378,0
2899,39657122,1233,0,1049,1007,380,0
2900,39667122,1235,0,1045,1004,380,0
2901,39677122,1238,0,1043,1001,382,0
2902,39687122,1243,0,1040,1000,384,0
2903,39697122,1244,0,1035,1001,382,0
2904,39707122,1246,0,1033,1000,382,0
2905,39717122,1249,0,1032,1000,379,0
2906,39727122,1251,0,1027,998,377,0
2907,39737122,1251,0,1031,997,381,0
2908,39747122,1254,0,1027,997,383,0
2909,39757122,1249,0,1023,998,380,0
2910,39767122,1243,0,1022,998,379,0
2911,39777122,1247,0,1018,997,383,0
2912,39787122,1247,0,1011,994,385,0
2913,39797122,1247,0,1006,994,383,0
2914,39807122,1245,0,1004,993,381,0
2915,39817122,1247,0,1003,993,386,0
2916,39827122,1244,0,1003,992,394,0
2917,39837122,1242,0,1002,991,396,0
2918,39847122,1239,0,1002,991,395,0
2919,39857122,1235,0,1001,990,396,0
2920,39867122,1234,0,1003,992,397,0
2921,39877122,1233,0,1005,991,402,0
2922,39887122,1226,0,1011,989,402,0
2923,39897122,1219,814,1006,988,408,0
2924,39907122,1219,0,1006,987,407,0
2925,39917122,1218,1326,1006,986,410,0
2926,39927122,1221,1333,1010,987,408,0
2927,39937122,1214,1331,1015,988,411,0
2928,39947122,1216,1326,1016,994,413,0
2929,39957122,1162,1321,1019,996,415,0
2930,39967122,1212,1319,1019,998,423,0
2931,39977122,1215,1318,1025,999,432,0
2932,39987122,1213,1313,1025,997,434,0
2933,39997122,1215,1309,1025,999,428,0
2934,40007122,1223,1309,1021,998,431,0
2935,40017122,1221,1305,1015,995,426,0
2936,40027122,1219,1302,1015,992,418,0
2937,40037122,1221,1299,1012,989,413,0
2938,40047122,1215,1298,1002,984,411,0
2939,40057122,1217,1303,991,978,399,0
2940,40067122,1220,1302,983,970,384,0
2941,40077122,1215,1300,973,957,369,0
2942,40087122,1211,1300,964,941,347,0
2943,40097122,1208,1294,950,924,324,0
2944,40107122,1201,1289,933,906,300,0
2945,40117122,1196,1288,915,884,264,0
2946,40127122,1191,1285,889,852,230,0
2947,40137122,1182,1277,868,819,204,635
2948,40147122,1171,1271,836,786,170,614
2949,40157122,1159,1261,792,749,156,582
2950,40167122,1134,0,740,701,128,557
2951,40177122,1111,0,691,652,108,512
2952,40187122,1080,0,635,608,74,479
2953,40197122,1059,0,593,552,53,458
2954,40207122,1043,0,553,501,27,415
2955,40217123,976,0,460,451,0,376
2956,40227122,1004,0,465,434,0,366
2957,40237122,991,1103,409,382,0,339
2958,40247122,980,1086,376,342,0,321
2959,40257122,961,1064,351,311,0,288
2960,40267122,940,1043,333,278,0,254
2961,40277122,921,1018,268,238,0,205
2962,40287122,895,999,296,230,0,212
2963,40297122,872,981,275,215,0,199
2964,40307122,852,948,263,205,0,175
2965,40317122,810,923,239,185,0,152
2966,40327122,767,888,218,175,0,133
2967,40337122,727,857,187,167,0,120
2968,40347122,687,826,166,151,0,120
2969,40357122,635,792,152,118,0,106
2970,40367122,571,742,141,93,0,82
2971,40377123,509,686,120,81,0,66
2972,40387122,424,645,108,64,0,54
2973,40397122,338,581,86,56,0,36
2974,40407122,243,513,70,39,0,26
2975,40417122,201,452,49,24,0,9
2976,40427122,137,0,37,7,0,0
2977,40437122,90,0,35,4,0,0
2978,40447122,50,0,28,0,0,0
2979,40457122,11,0,28,6,0,0
2980,40467122,0,0,27,0,0,0
2981,40477122,0,0,33,0,0,0
2982,40487122,0,0,36,1,0,0
2983,40497122,0,0,40,0,0,0
2984,40507122,0,0,42,0,0,0
2985,40517122,0,0,46,8,0,0
2986,40527122,0,0,53,7,0,0
2987,40537122,0,0,60,17,0,0
2988,40547122,0,0,80,23,0,0
2989,40557122,0,0,84,23,0,0
2990,40567122,0,0,86,25,0,0
2991,40577122,0,0,80,23,0,0
2992,40587122,0,0,84,23,0,0
2993,40597122,0,0,88,24,0,0
2994,40607122,0,0,91,21,0,0
2995,40617122,0,0,96,26,0,0
2996,40627122,0,0,102,24,0,0
2997,40637122,0,0,107,26,0,0
2998,40647122,0,0,109,25,0,0
2999,40657122,0,0,113,27,0,0
3000,40667122,0,0,118,32,0,0
3001,40677122,0,0,121,36,0,0
3002,40687122,0,0,123,34,0,0
3003,40697122,0,0,125,36,0,0
3004,40707122,0,0,128,39,0,0
3005,40717122,0,0,130,37,0,0
3006,40727122,0,0,97,30,0,0
3007,40737122,0,0,135,42,0,0
3008,40747122,0,0,134,28,0,0
3009,40757122,0,0,139,29,0,0
3010,40767122,0,0,145,34,0,0
3011,40777122,0,0,138,26,0,0
3012,40787122,0,0,145,30,0,0
3013,40797122,0,0,148,27,0,0
3014,40807122,0,0,144,22,0,0
3015,40817122,0,0,141,23,0,0
3016,40827122,0,0,142,22,0,0
3017,40837122,0,0,138,22,0,0
3018,40847122,0,0,139,29,0,0
3019,40857122,0,0,146,26,0,0
3020,40867122,0,0,135,26,0,0
3021,40877122,0,0,138,27,0,0
3022,40887122,0,0,136,28,0,0
3023,40897122,0,0,148,29,0,0
3024,40907122,0,0,150,25,0,0
3025,40917122,0,0,148,22,0,0
3026,40927122,0,0,141,21,0,0
3027,40937122,0,0,135,21,0,0
3028,40947122,0,0,119,20,0,0
3029,40957122,0,0,106,20,0,0
3030,40967122,0,0,102,18,0,0
3031,40977122,0,0,100,21,0,0
3032,40987122,0,0,99,22,0,0
3033,40997122,0,0,93,21,0,0
3034,41007122,0,0,94,23,0,0
3035,41017122,0,0,94,24,0,0
3036,41027122,0,0,106,25,0,0
3037,41037122,0,0,109,23,0,0
3038,41047122,0,0,106,26,0,0
3039,41057122,0,0,116,27,0,0
3040,41067122,0,0,117,24,0,0
3041,41077122,0,0,116,23,0,0
3042,41087122,0,0,118,21,0,0
3043,41097122,2,0,120,20,0,0
3044,41107122,0,0,122,20,0,0
3045,41117122,0,0,121,20,0,0
3046,41127122,0,223,121,18,0,0
3047,41137122,0,274,119,23,0,0
3048,41147122,20,326,120,26,0,0
3049,41157122,38,380,122,34,0,0
3050,41167122,128,515,134,50,0,0
3051,41177122,338,681,149,60,0,0
3052,41187122,560,815,189,107,0,0
3053,41197122,730,904,247,174,0,0
3054,41207122,825,971,299,226,0,24
3055,41217122,883,1003,363,316,0,70
3056,41227122,925,1037,456,418,0,104
3057,41237123,906,1010,486,478,0,133
3058,41247122,968,1077,604,558,0,168
3059,41257122,985,1110,666,627,0,198
3060,41267122,1009,0,727,688,0,228
3061,41277122,1028,0,765,731,0,249
3062,41287122,1060,0,812,757,0,264
3063,41297122,1093,0,843,781,0,275
3064,41307122,1125,0,869,802,0,282
3065,41317122,1156,0,887,818,0,293
3066,41327122,1184,0,902,839,0,301
3067,41337122,1211,0,919,854,0,308
3068,41347122,1236,0,935,865,0,320
3069,41357122,1248,0,940,879,0,329
3070,41367122,1256,0,952,893,0,338
3071,41377122,1269,0,970,914,0,346
3072,41387122,1280,0,987,923,0,357
3073,41397122,1288,0,1002,937,0,365
3074,41407122,1302,0,1016,949,0,0
3075,41417122,1309,1401,1031,954,0,0
3076,41427122,1317,1429,1044,962,0,0
3077,41437122,1325,1436,1051,969,0,0
3078,41447122,1331,1446,1056,977,0,0
3079,41457122,1339,1452,1066,983,0,0
3080,41467122,1351,1458,1070,986,2,0
3081,41477122,1355,1461,1078,995,7,0
3082,41487122,1357,1464,1081,1002,17,0
3083,41497122,1299,1465,1089,1009,22,0
3084,41507122,1364,1466,1096,1016,26,0
3085,41517122,1364,1467,1100,1030,30,420
3086,41527122,1365,1468,1103,1029,38,431
3087,41537122,1364,1468,1108,1037,44,440
3088,41547122,1366,1468,1112,1043,46,452
3089,41557122,1368,1469,1115,1045,52,463
3090,41567122,1372,1476,1121,1049,55,468
3091,41577122,1372,1475,1124,1050,53,479
3092,41587122,1373,1475,1126,1051,53,491
3093,41597122,1374,1477,1126,1052,52,503
3094,41607122,1375,1477,1127,1053,55,515
3095,41617122,1378,1475,1129,1059,59,522
3096,41627122,1378,1472,1130,1057,62,529
3097,41637122,1378,1472,1133,1060,68,535
3098,41647122,1374,1469,1134,1063,73,540
3099,41657122,1374,1468,1137,1065,74,542
3100,41667122,1375,1466,1137,1067,79,551
3101,41677122,1376,1466,1139,1068,89,558
3102,41687122,1376,1467,1140,1067,91,562
3103,41697122,1379,1468,1142,1068,98,567
3104,41707122,1379,1466,1139,1067,92,576
3105,41717122,1379,1465,1141,1065,103,581
3106,41727122,1379,1464,1138,1062,102,594
3107,41737122,1377,1462,1135,1059,104,602
3108,41747122,1378,1461,1131,1052,108,613
3109,41757122,1378,1459,1129,1047,108,619
3110,41767122,1378,1459,1128,1043,119,626
3111,41777122,1376,1456,1127,1041,120,631
3112,41787122,1374,1454,1127,1035,134,636
3113,41797122,1373,1452,1125,1033,139,0
3114,41807122,1371,1451,1123,1028,140,0
3115,41817122,1369,1449,1120,1019,146,0
3116,41827123,1316,1389,1046,996,112,0
3117,41837122,1368,1445,1116,1012,151,0
3118,41847122,1367,1444,1113,1008,164,0
3119,41857122,1364,1444,1111,1006,167,0
3120,41867122,1362,1440,1111,1005,172,0
3121,41877122,1360,1439,1110,1003,180,0
3122,41887122,1356,1438,1109,1000,177,0
3123,41897122,1295,1435,1109,1001,184,0
3124,41907122,1352,1433,1108,1001,197,0
3125,41917122,1349,1431,1109,1003,194,0
3126,41927122,1340,1428,1110,1006,194,0
3127,41937122,1338,1425,1111,1010,203,0
3128,41947122,1334,1419,1113,1013,208,0
3129,41957122,1330,1414,1115,1017,216,0
3130,41967122,1323,1404,1116,1019,221,0
3131,41977122,1316,1396,1118,1034,223,0
3132,41987122,1308,1389,1122,1037,232,0
3133,41997122,1300,1381,1125,1039,251,0
3134,42007122,1289,1370,1127,1042,246,0
3135,42017122,1271,1257,1130,1048,262,0
3136,42027122,1201,1327,1134,1055,285,0
3137,42037122,1243,0,1135,1062,293,745
3138,42047122,1226,0,1140,1067,312,755
3139,42057122,1202,0,1142,1077,318,764
3140,42067122,1176,0,1145,1076,323,778
3141,42077122,1154,0,1147,1081,340,787
3142,42087122,1128,0,1150,1085,340,791
3143,42097122,1101,0,1155,1096,363,806
3144,42107122,1081,0,1158,1091,386,811
3145,42117122,1064,0,1160,1102,391,822
3146,42127122,1035,0,1160,1107,404,827
3147,42137122,998,0,1162,1110,418,841
3148,42147122,962,0,1163,1115,433,854
3149,42157122,934,0,1164,1116,442,861
3150,42167122,911,0,1164,1120,457,872
3151,42177122,883,0,1163,1124,474,885
3152,42187122,843,0,1166,1123,490,886
3153,42197122,801,0,1166,1125,498,889
3154,42207122,747,0,1154,1128,510,903
3155,42217122,665,0,1146,1079,487,847
3156,42227122,608,0,1140,1127,534,920
3157,42237122,526,0,1132,1122,544,926
3158,42247122,430,592,1110,1119,554,931
3159,42257122,309,526,1098,1118,569,938
3160,42267122,222,466,1076,1111,580,931
3161,42277122,152,394,1053,1107,593,942
3162,42287122,76,0,1018,1099,606,952
3163,42297122,26,0,985,1091,611,949
3164,42307122,0,0,951,1078,614,951
3165,42317122,0,0,914,1066,618,936
3166,42327122,0,0,879,1053,614,912
3167,42337122,0,0,849,1035,608,885
3168,42347122,0,0,813,1009,594,865
3169,42357122,0,0,763,985,580,835
3170,42367122,0,1,718,956,550,791
3171,42377123,0,0,668,924,521,756
3172,42387122,0,0,628,878,474,723
3173,42397122,0,0,586,834,403,699
3174,42407122,0,0,557,783,365,664
3175,42417122,0,0,532,730,314,595
3176,42427122,0,0,481,668,249,0
3177,42437122,0,0,457,609,185,0
3178,42447122,0,0,410,553,125,0
3179,42457122,0,0,390,496,79,0
3180,42467122,0,0,335,399,22,0
3181,42477122,0,0,349,392,0,0
3182,42487122,0,0,330,340,0,16
3183,42497122,0,0,312,301,0,0
3184,42507122,0,0,286,249,0,0
3185,42517122,0,0,270,202,0,0
3186,42527122,0,0,250,166,0,0
3187,42537122,0,0,211,114,0,0
3188,42547122,0,0,230,105,0,0
3189,42557122,0,0,209,90,0,0
3190,42567122,0,0,210,86,0,0
3191,42577122,0,0,207,81,0,0
3192,42587122,0,0,218,93,0,0
3193,42597122,0,0,229,97,0,0
3194,42607122,0,0,232,104,0,0
3195,42617122,0,0,246,108,0,0
3196,42627122,0,0,252,120,0,0
3197,42637122,0,0,259,131,0,0
3198,42647122,0,0,266,132,0,0
3199,42657122,0,0,268,136,0,0
3200,42667122,0,0,270,137,0,0
3201,42677122,0,0,268,132,0,0
3202,42687122,0,0,258,118,0,0
3203,42697122,0,0,239,104,0,0
3204,42707122,0,0,224,91,0,0
3205,42717122,0,0,218,91,0,0
3206,42727122,0,0,209,85,0,0
3207,42737122,0,0,199,84,0,0
3208,42747122,0,0,211,91,0,0
3209,42757122,0,0,211,94,0,0
3210,42767122,0,0,200,95,0,0
3211,42777122,0,0,198,95,0,0
3212,42787122,0,0,186,91,0,0
3213,42797122,0,0,181,84,0,0
3214,42807122,0,0,178,79,0,0
3215,42817122,0,0,186,75,0,0
3216,42827122,0,0,183,74,0,0
3217,42837122,0,0,158,72,0,0
3218,42847122,0,0,155,70,0,0
3219,42857122,0,0,156,72,0,0
3220,42867122,0,0,152,67,0,0
3221,42877122,0,0,153,71,0,0
3222,42887122,0,0,153,67,0,0
3223,42897122,0,0,152,59,0,0
3224,42907122,0,0,154,62,0,0
3225,42917122,0,0,151,57,0,0
3226,42927122,0,0,136,37,0,0
3227,42937122,0,0,128,50,0,0
3228,42947122,0,0,113,46,0,0
3229,42957122,0,0,107,42,0,0
3230,42967122,0,0,98,38,0,0
3231,42977122,0,0,91,36,0,0
3232,42987122,0,0,85,37,0,0
3233,42997122,0,0,85,35,0,0
3234,43007122,0,0,78,32,0,0
3235,43017122,0,0,73,27,0,0
3236,43027122,0,0,65,25,0,0
3237,43037122,0,0,55,25,0,0
3238,43047122,0,0,54,24,0,0
3239,43057122,0,0,52,23,0,0
3240,43067122,0,0,56,24,0,0
3241,43077122,0,0,60,24,0,0
3242,43087122,0,0,64,27,0,0
3243,43097122,0,0,67,29,0,0
3244,43107122,0,0,70,29,0,0
3245,43117122,0,0,71,28,0,0
3246,43127122,0,0,73,28,0,0
3247,43137122,0,0,74,29,0,0
3248,43147122,0,0,76,30,0,0
3249,43157122,0,0,76,27,0,0
3250,43167122,0,0,78,26,0,0
3251,43177122,0,0,78,24,0,0
3252,43187122,0,0,57,7,0,0
3253,43197122,37,363,75,12,0,0
3254,43207122,87,458,72,3,0,0
3255,43217122,181,578,73,1,0,0
3256,43227122,347,694,73,0,0,0
3257,43237122,491,802,78,0,0,0
3258,43247122,642,888,92,2,0,0
3259,43257122,760,970,103,6,0,0
3260,43267122,866,1032,116,16,0,0
3261,43277122,928,1079,145,41,0,0
3262,43287122,972,1107,188,80,0,0
3263,43297122,996,1114,207,95,0,0
3264,43307122,1008,1123,249,136,0,0
3265,43317122,1019,1125,279,170,0,0
3266,43327122,1040,1141,294,219,0,0
3267,43337122,1053,1170,305,247,0,0
3268,43347122,1076,1192,326,264,0,0
3269,43357122,1104,1211,356,294,0,0
3270,43367122,1128,1236,375,311,0,0
3271,43377122,1150,1258,389,333,0,5
3272,43387122,1177,1289,421,343,0,17
3273,43397122,1205,1316,441,367,0,26
3274,43407122,1237,1348,469,372,0,33
3275,43417122,1258,1371,489,380,0,42
3276,43427122,1281,1394,509,411,0,46
3277,43437122,1306,1416,541,426,0,51
3278,43447122,1325,1442,556,441,2,57
3279,43457122,1349,1461,581,472,1,63
3280,43467122,1365,1480,613,491,0,70
3281,43477122,1381,1495,633,506,0,78
3282,43487122,1396,1507,660,548,0,93
3283,43497122,1406,1517,680,566,0,102
3284,43507122,1423,1530,701,597,0,76
3285,43517122,1436,1550,723,619,0,119
3286,43527122,1452,1563,739,642,0,122
3287,43537122,1465,1576,757,661,0,129
3288,43547122,1481,1590,782,677,0,134
3289,43557122,1493,1598,798,692,0,137
3290,43567122,1500,1610,818,706,0,141
3291,43577122,1484,1523,788,677,0,139
3292,43587122,1517,1623,853,735,0,138
3293,43597122,1525,1628,867,743,0,139
3294,43607122,1529,1633,881,759,0,138
3295,43617122,1530,1635,904,779,0,144
3296,43627122,1530,1635,923,801,0,150
3297,43637122,1505,1543,899,763,0,153
3298,43647122,1530,1638,946,838,0,163
3299,43657122,1529,1636,967,855,0,164
3300,43667122,1525,1636,977,868,0,166
3301,43677122,1522,1634,985,880,0,172
3302,43687122,1514,1631,992,891,0,177
3303,43697122,1517,1626,1004,902,1,183
3304,43707122,1441,1624,1017,917,3,201
3305,43717122,1499,1621,1034,929,3,213
3306,43727122,1491,1615,1055,940,5,232
3307,43737122,1482,1609,1051,953,6,249
3308,43747122,1476,1602,1068,966,13,262
3309,43757122,1465,1596,1069,981,19,283
3310,43767123,1408,1524,1010,974,3,291
3311,43777122,1459,1583,1085,1004,31,307
3312,43787122,1454,1587,1091,1017,34,319
3313,43797122,1451,1578,1098,1032,37,340
3314,43807122,1452,1574,1099,1038,40,353
3315,43817122,1443,1572,1106,1042,45,363
3316,43827122,1445,1575,1112,1049,59,381
3317,43837123,1387,1499,1046,1037,28,382
3318,43847122,1437,1561,1125,1068,62,397
3319,43857122,1432,1556,1130,1079,73,408
3320,43867122,1427,1549,1133,1083,84,423
3321,43877122,1418,1543,1143,1095,90,437
3322,43887122,1405,1533,1144,1101,89,452
3323,43897122,1396,1524,1158,1110,102,460
3324,43907122,1389,1520,1164,1119,107,478
3325,43917122,1382,1514,1162,1127,111,488
3326,43927122,1372,1510,1174,1137,119,499
3327,43937122,1364,1502,1172,1143,121,504
3328,43947122,1356,1497,1179,1156,128,520
3329,43957122,1349,1493,1180,1161,125,532
3330,43967122,1340,1488,1189,1168,131,539
3331,43977122,1338,1483,1192,1175,136,546
3332,43987122,1336,1481,1194,1178,137,553
3333,43997122,1331,1480,1200,1188,138,556
3334,44007122,1328,1476,1204,1192,142,561
3335,44017122,1323,1471,1201,1194,144,568
3336,44027122,1319,1466,1208,1202,141,572
3337,44037122,1315,1461,1210,1206,148,583
3338,44047122,1310,1459,1213,1208,151,589
3339,44057122,1305,1454,1213,1215,155,594
3340,44067122,1307,1450,1212,1220,160,599
3341,44077122,1299,1446,1220,1224,157,602
3342,44087122,1296,1442,1220,1231,158,600
3343,44097122,1289,1436,1225,1235,157,601
3344,44107122,1279,1429,1225,1239,170,605
3345,44117122,1267,1421,1231,1244,171,610
3346,44127122,1258,1411,1232,1252,181,620
3347,44137122,1245,1399,1236,1256,187,628
3348,44147122,1237,1388,1241,1263,188,635
3349,44157122,1225,1380,1242,1270,203,639
3350,44167122,1211,1371,1245,1274,209,651
3351,44177122,1197,1361,1247,1280,216,656
3352,44187122,1186,1350,1251,1284,219,664
3353,44197122,1175,1333,1254,1290,234,675
3354,44207122,1162,494,1258,1297,253,683
3355,44217122,1145,0,1260,1300,269,694
3356,44227122,1135,0,1261,1250,257,646
3357,44237122,1128,0,1266,1305,284,711
3358,44247122,1111,0,1268,1309,292,718
3359,44257122,1095,0,1271,1317,298,730
3360,44267122,1073,0,1273,1319,310,732
3361,44277122,1051,0,1275,1323,326,736
3362,44287122,1019,0,1277,1324,337,743
3363,44297122,993,0,1282,1329,344,755
3364,44307122,965,0,1282,1331,354,764
3365,44317122,938,0,1284,1333,361,776
3366,44327122,905,0,1286,1335,372,779
3367,44337122,852,0,1285,1335,374,784
3368,44347122,801,0,1280,1337,380,792
3369,44357122,731,0,1280,1341,395,792
3370,44367122,668,0,1275,1339,404,797
3371,44377123,587,0,1272,1339,414,804
3372,44387122,475,840,1268,1338,422,805
3373,44397122,359,779,1262,1338,433,808
3374,44407122,233,697,1256,1336,441,813
3375,44417122,126,606,1247,1335,452,818
3376,44427122,37,505,1238,1333,469,820
3377,44437122,0,388,1226,1329,469,824
3378,44447122,0,266,1210,1325,471,827
3379,44457122,0,161,1194,1321,458,825
3380,44467122,0,72,1172,1314,462,825
3381,44477122,0,17,1147,1305,459,810
3382,44487122,0,0,1105,1226,457,791
3383,44497122,0,0,1080,1271,452,775
3384,44507122,0,0,1042,1248,438,751
3385,44517122,0,0,988,1224,395,720
3386,44527122,0,0,925,1191,363,687
3387,44537122,0,0,878,1147,322,653
3388,44547122,0,0,832,1103,278,606
3389,44557122,0,0,792,1060,210,558
3390,44567122,0,0,737,1010,160,502
3391,44577122,0,0,679,955,108,437
3392,44587122,0,0,645,893,55,364
3393,44597122,0,0,613,829,12,287
3394,44607122,0,0,567,758,0,200
3395,44617122,0,0,534,686,0,119
3396,44627122,0,0,502,625,0,49
3397,44637122,0,0,474,562,0,1
3398,44647122,0,0,439,492,0,0
3399,44657122,0,0,411,427,0,0
3400,44667122,0,0,381,373,0,0
3401,44677122,0,0,356,328,0,0
3402,44687122,0,0,331,293,0,0
3403,44697122,0,0,314,263,0,0
3404,44707122,0,0,300,228,0,0
3405,44717122,0,0,287,202,0,0
3406,44727122,0,0,277,186,0,0
3407,44737122,0,0,267,169,0,0
3408,44747122,0,0,259,161,0,0
3409,44757122,0,0,247,148,0,0
3410,44767122,0,0,245,145,0,0
3411,44777122,0,0,241,138,0,0
3412,44787122,0,0,236,133,0,0
3413,44797122,0,0,235,135,0,0
3414,44807122,0,0,239,134,0,0
3415,44817122,0,0,243,135,0,0
3416,44827122,0,0,244,138,0,0
3417,44837122,0,0,239,138,0,0
3418,44847122,0,0,241,138,0,0
3419,44857122,0,0,236,131,0,0
3420,44867122,0,0,232,128,0,0
3421,44877122,0,0,227,130,0,0
3422,44887122,0,0,222,128,0,0
3423,44897122,0,0,217,128,0,0
3424,44907122,0,0,214,120,0,0
3425,44917122,0,0,205,117,0,0
3426,44927122,0,0,199,116,0,0
3427,44937122,0,0,192,115,0,0
3428,44947122,0,0,184,109,0,0
3429,44957122,0,0,179,104,0,0
3430,44967122,0,0,173,104,0,0
3431,44977122,0,0,166,99,0,0
3432,44987122,0,0,160,96,0,0
3433,44997122,0,0,152,94,0,0
3434,45007122,0,0,149,93,0,0
3435,45017122,0,0,140,89,0,0
3436,45027122,0,0,144,88,0,0
3437,45037122,0,0,139,90,0,0
3438,45047122,0,0,121,81,0,0
3439,45057122,0,0,107,71,0,0
3440,45067122,0,0,97,70,0,0
3441,45077122,0,0,89,58,0,0
3442,45087122,0,0,84,53,0,0
3443,45097122,0,0,75,47,0,0
3444,45107122,0,0,68,52,0,0
3445,45117122,0,0,59,48,0,0
3446,45127122,0,0,62,48,0,0
3447,45137122,0,0,48,43,0,0
3448,45147122,0,0,51,46,0,0
3449,45157122,0,0,49,42,0,0
3450,45167122,0,0,48,44,0,0
3451,45177122,0,0,48,47,0,0
3452,45187122,0,0,49,47,0,0
3453,45197122,0,0,43,42,0,0
3454,45207122,0,0,20,39,0,0
3455,45217122,0,0,51,50,0,0
3456,45227122,0,0,52,53,0,0
3457,45237122,0,0,57,51,0,0
3458,45247122,0,0,52,52,0,0
3459,45257122,0,1,49,51,0,0
3460,45267122,0,0,49,47,0,0
3461,45277122,0,0,18,46,0,0
3462,45287122,0,0,43,44,0,0
3463,45297122,0,0,43,40,0,0
3464,45307122,0,0,41,37,0,0
3465,45317122,0,0,41,38,0,0
3466,45327122,0,0,43,36,0,0
3467,45337122,0,0,44,36,0,0
3468,45347122,0,1,42,32,0,0
3469,45357122,0,0,43,29,0,0
3470,45367122,0,0,47,29,0,0
3471,45377123,0,0,51,30,0,0
3472,45387122,48,0,58,35,0,0
3473,45397122,173,511,74,45,0,0
3474,45407122,349,606,99,62,0,0
3475,45417122,543,765,146,104,0,0
3476,45427122,676,853,182,123,0,0
3477,45437122,771,918,216,147,0,0
3478,45447122,841,970,240,174,0,0
3479,45457122,903,1005,275,211,0,0
3480,45467123,904,1002,256,223,0,1
3481,45477122,983,1090,316,256,0,18
3482,45487122,1035,1131,336,270,0,27
3483,45497122,1078,1177,357,284,0,29
3484,45507122,1120,1216,372,300,0,34
3485,45517122,1149,1249,396,320,0,40
3486,45527122,1181,1282,406,322,0,49
3487,45537122,1191,1232,396,309,0,55
3488,45547122,1253,1351,448,340,0,56
3489,45557122,1281,1379,473,359,0,58
3490,45567122,1312,1401,499,371,0,63
3491,45577122,1334,1428,515,390,0,64
3492,45587122,1360,1451,539,398,0,62
3493,45597122,1380,1467,544,405,0,62
3494,45607122,1392,1483,559,414,0,71
3495,45617122,1406,1496,567,423,0,72
3496,45627122,1425,1512,577,431,0,77
3497,45637122,1436,1522,597,436,0,84
3498,45647122,1448,1533,607,453,0,81
3499,45657122,1456,1547,616,461,0,88
3500,45667123,1465,1558,633,473,0,99
3501,45677122,1471,1561,651,498,0,105
3502,45687122,1480,1567,669,513,0,119
3503,45697122,1483,1573,685,538,0,140
3504,45707122,1489,1576,709,566,0,157
3505,45717122,1490,1578,728,595,0,173
3506,45727122,1442,1516,687,607,0,184
3507,45737122,1497,1580,772,654,0,208
3508,45747122,1497,1579,796,676,0,228
3509,45757122,1495,1578,822,700,0,252
3510,45767122,1490,1575,848,727,0,274
3511,45777122,1489,1573,869,746,0,287
3512,45787122,1489,1570,881,768,0,311
3513,45797122,1490,1567,894,789,0,332
3514,45807122,1482,1564,914,806,0,354
3515,45817122,1480,1561,934,829,4,379
3516,45827122,1480,1559,945,853,10,405
3517,45837122,1465,1555,958,868,18,0
3518,45847122,1460,1547,975,891,26,0
3519,45857122,1453,1543,994,913,38,0
3520,45867122,1447,1531,1009,925,44,0
3521,45877122,1442,1525,1031,944,54,459
3522,45887122,1432,1517,1045,956,60,477
3523,45897122,1423,1513,1055,975,70,493
3524,45907122,1417,1508,1064,989,74,502
3525,45917122,1404,1504,1068,1000,81,459
3526,45927122,1398,1498,1078,1008,90,531
3527,45937122,1394,1494,1085,1015,94,539
3528,45947122,1386,1489,1094,1030,103,545
3529,45957122,1382,1483,1100,1037,104,552
3530,45967122,1377,1478,1108,1044,115,564
3531,45977122,1371,1469,1110,1048,115,570
3532,45987122,1368,1465,1115,1058,115,576
3533,45997122,1359,1460,1119,1065,124,584
3534,46007122,1355,1453,1123,1073,133,592
3535,46017122,1349,1448,1129,1080,138,603
3536,46027122,1340,1443,1135,1087,141,618
3537,46037122,1335,1437,1140,1095,150,624
3538,46047122,1334,1432,1144,1100,155,633
3539,46057122,1332,1430,1147,1109,168,644
3540,46067122,1330,1428,1155,1114,179,650
3541,46077122,1324,1422,1159,1118,181,660
3542,46087122,1323,1418,1162,1123,183,666
3543,46097122,1320,1415,1164,1128,190,669
3544,46107122,1317,1407,1166,1134,203,678
3545,46117122,1313,1404,1171,1138,203,678
3546,46127122,1312,1402,1173,1142,207,685
3547,46137122,1310,1401,1174,1144,212,687
3548,46147122,1309,1399,1174,1147,212,690
3549,46157122,1308,1397,1175,1149,213,691
3550,46167122,1307,1394,1176,1150,212,693
3551,46177122,1305,1388,1177,1157,213,690
3552,46187122,1302,1385,1178,1157,210,699
3553,46197122,1295,1381,1179,1162,212,702
3554,46207122,1290,1372,1181,1164,217,703
3555,46217122,1279,1365,1181,1165,218,716
3556,46227122,1270,1357,1182,1170,228,718
3557,46237122,1260,1348,1187,1172,236,720
3558,46247122,1254,1337,1188,1175,238,720
3559,46257122,1244,1329,1189,1177,244,727
3560,46267122,1232,1322,1191,1181,251,732
3561,46277122,1218,1316,1192,1188,265,736
3562,46287122,1201,1307,1194,1191,278,744
3563,46297122,1190,1299,1196,1196,292,755
3564,46307122,1177,1288,1198,1203,294,759
3565,46317123,1120,1220,1129,1185,258,759
3566,46327122,1152,1264,1204,1212,319,770
3567,46337122,1134,1252,1206,1220,322,777
3568,46347122,1125,1243,1209,1223,341,787
3569,46357122,1110,1226,1211,1228,355,795
3570,46367122,1098,1209,1213,1233,363,801
3571,46377123,1083,0,1216,1235,366,808
3572,46387122,1073,0,1217,1236,370,812
3573,46397122,1059,0,1216,1239,373,816
3574,46407122,1036,0,1215,1238,378,821
3575,46417122,1009,0,1213,1239,382,837
3576,46427122,981,0,1211,1236,388,842
3577,46437122,936,0,1210,1234,394,844
3578,46447122,872,0,1208,1232,404,856
3579,46457122,800,0,1206,1241,424,864
3580,46467122,693,0,1201,1239,449,873
3581,46477122,596,0,1191,1238,470,885
3582,46487122,478,0,1184,1234,486,889
3583,46497122,347,597,1171,1231,502,888
3584,46507122,210,501,1153,1232,507,888
3585,46517122,99,391,1133,1208,525,887
3586,46527122,19,262,1110,1204,517,879
3587,46537122,0,174,1078,1193,503,857
3588,46547122,0,0,1041,1164,475,825
3589,46557122,0,0,987,1149,444,801
3590,46567122,0,0,938,1126,432,756
3591,46577122,0,0,885,1098,410,737
3592,46587122,0,0,826,1071,377,700
3593,46597122,0,0,767,1036,333,656
3594,46607122,0,0,732,996,264,606
3595,46617122,0,0,678,951,218,555
3596,46627122,0,0,629,901,163,511
3597,46637122,0,0,594,841,128,456
3598,46647123,0,0,551,781,70,398
3599,46657122,0,0,534,711,30,320
3600,46667122,0,0,494,645,0,246
3601,46677122,0,0,471,589,0,153
3602,46687122,0,0,438,522,0,0
3603,46697122,0,0,405,447,0,0
3604,46707122,0,0,383,393,0,0
3605,46717122,0,0,360,347,0,0
3606,46727122,0,0,334,297,0,0
3607,46737122,0,0,309,266,0,0
3608,46747122,0,0,295,205,0,0
3609,46757122,0,0,284,172,0,0
3610,46767122,0,0,267,150,0,0
3611,46777123,0,0,257,136,0,0
3612,46787122,0,0,261,127,0,0
3613,46797122,0,0,262,133,0,0
3614,46807122,0,0,261,125,0,0
3615,46817122,0,0,264,124,0,0
3616,46827122,0,0,269,128,0,0
3617,46837122,0,0,268,134,0,0
3618,46847122,0,0,275,132,0,0
3619,46857122,0,0,277,139,0,0
3620,46867122,0,0,281,137,0,0
3621,46877122,0,0,284,140,0,0
3622,46887122,0,0,285,143,0,0
3623,46897122,0,0,280,141,0,0
3624,46907122,0,0,267,140,0,0
3625,46917122,0,0,263,135,0,0
3626,46927122,0,0,251,129,0,0
3627,46937122,0,0,242,123,0,0
3628,46947122,0,0,238,119,0,0
3629,46957122,0,0,227,115,0,0
3630,46967122,0,0,224,111,0,0
3631,46977122,0,0,219,108,0,0
3632,46987122,0,0,214,104,0,0
3633,46997122,0,0,209,103,0,0
3634,47007122,0,0,199,95,0,0
3635,47017122,0,0,189,96,0,0
3636,47027122,0,0,180,93,0,0
3637,47037122,0,0,172,87,0,0
3638,47047122,0,0,168,87,0,0
3639,47057122,0,0,166,87,0,0
3640,47067122,0,0,160,84,0,0
3641,47077122,0,0,155,84,0,0
3642,47087122,0,0,143,83,0,0
3643,47097122,0,0,136,78,0,0
3644,47107122,0,0,120,67,0,0
3645,47117122,0,0,106,57,0,0
3646,47127122,0,0,91,47,0,0
3647,47137122,0,0,86,47,0,0
3648,47147122,0,0,83,45,0,0
3649,47157122,0,0,81,53,0,0
3650,47167122,0,0,88,56,0,0
3651,47177122,0,0,87,59,0,0
3652,47187122,0,0,85,58,0,0
3653,47197122,0,0,78,57,0,0
3654,47207122,0,0,73,53,0,0
3655,47217122,0,0,46,34,0,0
3656,47227122,0,0,57,51,0,0
3657,47237122,0,0,55,50,0,0
3658,47247122,0,0,51,47,0,0
3659,47257122,0,0,46,43,0,0
3660,47267122,0,0,43,39,0,0
3661,47277123,0,0,18,33,0,0
3662,47287122,0,0,40,40,0,0
3663,47297122,0,0,39,36,0,0
3664,47307122,0,0,40,38,0,0
3665,47317122,0,0,37,42,0,0
3666,47327122,0,0,37,42,0,0
3667,47337122,0,0,37,40,0,0
3668,47347122,0,0,37,41,0,0
3669,47357122,0,0,34,38,0,0
3670,47367122,0,0,37,40,0,0
3671,47377122,0,0,36,41,0,0
3672,47387122,0,0,33,41,0,0
3673,47397122,0,0,29,41,0,0
3674,47407122,0,0,28,39,0,0
3675,47417122,0,0,28,40,0,0
3676,47427122,0,0,27,41,0,0
3677,47437122,0,0,29,41,0,0
3678,47447122,0,0,29,49,0,0
3679,47457122,0,0,42,73,0,0
3680,47467122,0,194,62,94,0,0
3681,47477122,30,240,82,109,0,0
3682,47487122,70,295,100,103,0,0
3683,47497122,128,377,116,110,0,0
3684,47507122,171,442,152,139,0,19
3685,47517122,212,491,172,177,0,45
3686,47527122,235,532,197,205,0,85
3687,47537122,235,530,244,233,0,133
3688,47547122,269,534,278,263,0,174
3689,47557122,267,533,302,313,0,230
3690,47567122,263,538,328,342,0,274
3691,47577122,274,554,356,375,0,320
3692,47587122,283,568,377,401,0,369
3693,47597122,306,593,393,430,0,392
3694,47607122,348,620,406,459,0,416
3695,47617122,392,651,436,470,0,440
3696,47627122,445,677,471,493,0,455
3697,47637122,498,724,503,510,0,474
3698,47647122,545,761,539,540,0,491
3699,47657122,585,793,563,562,0,513
3700,47667122,613,815,585,595,0,536
3701,47677122,660,840,616,618,0,551
3702,47687122,687,856,646,636,0,566
3703,47697122,715,873,663,654,7,573
3704,47707122,743,890,683,671,20,588
3705,47717122,768,915,713,685,35,603
3706,47727123,800,931,739,699,47,616
3707,47737122,822,943,762,720,64,632
3708,47747122,844,961,781,739,77,651
3709,47757122,863,976,812,751,92,666
3710,47767122,877,986,842,781,103,683
3711,47777122,903,1002,865,801,118,697
3712,47787122,921,1029,886,819,140,712
3713,47797122,946,1053,905,838,152,724
3714,47807122,965,1073,922,854,161,732
3715,47817122,986,1097,937,870,174,0
3716,47827122,1003,1112,950,888,189,0
3717,47837122,1020,1126,960,903,204,0
3718,47847122,1040,1139,982,921,214,0
3719,47857122,1052,1148,992,933,224,0
3720,47867122,1064,1161,1004,949,226,0
3721,47877122,1079,1175,1025,975,248,0
3722,47887122,1095,1185,1048,977,248,0
3723,47897122,1104,1194,1063,986,253,0
3724,47907122,1113,1205,1073,997,273,0
3725,47917122,1122,1210,1084,1007,275,0
3726,47927122,1073,1220,1097,1020,277,0
3727,47937122,1130,1221,1104,1031,291,0
3728,47947122,1132,1223,1113,1042,295,0
3729,47957122,1128,1224,1121,1049,310,0
3730,47967122,1125,1222,1127,1057,323,803
3731,47977122,1121,1220,1132,1064,337,810
3732,47987122,1094,1143,1080,1018,348,817
3733,47997122,1110,1215,1141,1073,347,822
3734,48007122,1106,1214,1143,1079,351,828
3735,48017122,1100,1211,1147,1089,355,836
3736,48027122,1095,1207,1153,1088,369,841
3737,48037122,1084,1203,1160,1093,370,850
3738,48047122,1075,1199,1163,1100,371,855
3739,48057122,1068,1193,1165,1109,394,861
3740,48067122,1061,1186,1168,1115,396,870
3741,48077122,1054,1182,1172,1116,397,874
3742,48087122,1051,1180,1174,1125,401,878
3743,48097122,1049,1178,1179,1131,411,884
3744,48107122,1047,1178,1179,1135,414,887
3745,48117122,978,1115,1178,1140,422,888
3746,48127122,1044,1177,1182,1145,421,891
3747,48137122,1042,1175,1185,1148,426,900
3748,48147122,1037,1172,1186,1158,425,907
3749,48157122,1033,1171,1188,1164,435,920
3750,48167122,1032,1170,1196,1168,440,917
3751,48177122,1024,1173,1197,1171,441,921
3752,48187122,1029,1170,1194,1175,445,917
3753,48197122,1030,1170,1194,1180,452,928
3754,48207122,1029,1171,1204,1184,454,930
3755,48217122,1030,1172,1211,1187,454,926
3756,48227122,1025,1169,1209,1190,453,937
3757,48237122,1025,1165,1207,1189,456,933
3758,48247122,1021,1166,1120,1171,414,892
3759,48257122,1030,1179,1213,1198,458,944
3760,48267122,1031,1163,1211,1202,460,941
3761,48277122,1031,1167,1215,1204,462,941
3762,48287122,1033,1169,1215,1203,458,943
3763,48297122,1033,1178,1219,1205,455,943
3764,48307122,1034,1161,1127,1181,412,895
3765,48317122,1040,1178,1219,1206,445,939
3766,48327122,1041,1165,1212,1206,443,938
3767,48337122,1044,1171,1213,1203,435,933
3768,48347122,1048,1178,1214,1202,426,927
3769,48357122,1051,1174,1212,1200,414,921
3770,48367122,1055,1173,1215,1197,403,916
3771,48377122,1007,1174,1208,1197,392,911
3772,48387122,1063,1175,1209,1194,370,909
3773,48397122,1065,1179,1207,1194,362,905
3774,48407122,1068,1179,1207,1189,355,905
3775,48417122,1070,1180,1207,1194,346,897
3776,48427122,1076,1180,1205,1191,344,895
3777,48437122,1055,1080,1202,1190,341,893
3778,48447122,1083,1182,1204,1190,329,888
3779,48457122,1089,1181,1204,1187,326,886
3780,48467122,1093,1184,1214,1191,319,888
3781,48477122,1093,1180,1210,1196,333,889
3782,48487122,1084,1176,1210,1198,343,893
3783,48497122,1077,1168,1209,1200,351,826
3784,48507122,1065,1156,1213,1212,358,905
3785,48517122,1052,1139,1210,1208,365,906
3786,48527122,1032,1121,1215,1211,377,909
3787,48537122,999,1098,1216,1214,378,910
3788,48547122,971,0,1215,1218,382,910
3789,48557122,925,0,1212,1222,402,917
3790,48567122,868,0,1210,1224,409,917
3791,48577122,782,0,1208,1225,427,926
3792,48587122,679,0,1203,1225,444,929
3793,48597122,588,0,1195,1225,469,942
3794,48607122,492,0,1188,1228,495,953
3795,48617122,392,0,1180,1230,524,957
3796,48627122,277,0,1175,1231,538,965
3797,48637122,168,0,1160,1228,558,966
3798,48647122,68,0,1143,1229,580,971
3799,48657122,4,0,1121,1223,594,974
3800,48667122,0,0,1101,1220,606,978
3801,48677122,0,0,1068,1216,614,962
3802,48687122,0,0,1034,1208,630,946
3803,48697122,0,0,988,1201,634,939
3804,48707122,0,0,946,1188,634,925
3805,48717122,0,0,886,1173,644,923
3806,48727122,0,0,839,1152,627,906
3807,48737122,0,0,794,1122,613,905
3808,48747122,0,0,759,1101,587,895
3809,48757122,0,0,699,1080,575,877
3810,48767122,0,0,668,1058,541,863
3811,48777122,0,0,637,1029,508,851
3812,48787122,0,0,604,992,454,818
3813,48797122,0,0,588,953,405,787
3814,48807122,0,0,564,915,330,731
3815,48817122,0,0,537,862,233,674
3816,48827122,0,0,504,806,155,621
3817,48837122,0,0,486,746,49,531
3818,48847122,0,0,467,686,0,437
3819,48857122,0,0,434,621,0,0
3820,48867122,0,0,400,558,0,0
3821,48877122,0,0,373,489,0,85
3822,48887122,0,0,298,415,0,0
3823,48897122,0,0,329,374,0,0
3824,48907122,0,0,312,329,0,0
3825,48917122,0,0,294,289,0,0
3826,48927122,0,0,272,236,0,0
3827,48937122,0,0,249,178,0,0
3828,48947122,0,0,236,151,0,0
3829,48957122,0,0,225,141,0,0
3830,48967122,0,0,218,139,0,0
3831,48977122,0,0,214,140,0,0
3832,48987122,0,0,204,133,0,0
3833,48997122,0,0,200,125,0,0
3834,49007122,0,0,196,118,0,0
3835,49017122,0,0,186,115,0,0
3836,49027122,0,0,184,118,0,0
3837,49037122,0,0,182,117,0,0
3838,49047122,0,0,181,119,0,0
3839,49057122,0,0,178,118,0,0
3840,49067122,0,0,178,120,0,0
3841,49077122,0,0,173,116,0,0
3842,49087122,0,0,130,105,0,0
3843,49097122,0,0,164,113,0,0
3844,49107122,0,0,157,108,0,0
3845,49117122,0,0,151,106,0,0
3846,49127122,0,0,142,101,0,0
3847,49137122,0,0,127,91,0,0
3848,49147122,0,0,111,85,0,0
3849,49157122,0,0,100,72,0,0
3850,49167122,0,0,85,71,0,0
3851,49177122,0,0,94,86,0,0
3852,49187122,0,0,103,90,0,0
3853,49197122,0,0,91,91,0,0
3854,49207122,0,0,84,92,0,0
3855,49217122,0,0,76,93,0,0
3856,49227122,0,0,62,79,0,0
3857,49237122,0,0,55,74,0,0
3858,49247122,0,0,42,58,0,0
3859,49257122,0,0,36,58,0,0
3860,49267122,0,0,32,57,0,0
3861,49277123,0,0,8,46,0,0
3862,49287122,0,0,25,48,0,0
3863,49297122,0,0,24,50,0,0
3864,49307122,0,0,22,50,0,0
3865,49317122,0,0,20,50,0,0
3866,49327122,0,0,24,55,0,0
3867,49337122,0,0,24,52,0,0
3868,49347122,0,0,21,49,0,0
3869,49357122,0,0,17,45,2,0
3870,49367122,0,0,17,43,0,0
3871,49377123,0,0,19,49,0,0
3872,49387122,0,0,21,52,0,0
3873,49397122,0,0,22,50,0,0
3874,49407122,0,0,20,52,0,0
3875,49417122,0,0,21,54,0,0
3876,49427122,0,0,21,49,0,0
3877,49437122,0,0,20,53,0,0
3878,49447122,0,0,23,56,0,0
3879,49457122,0,0,24,59,0,0
3880,49467122,0,0,25,51,0,0
3881,49477122,0,0,25,54,0,0
3882,49487122,0,0,26,53,0,0
3883,49497122,0,0,26,51,0,0
3884,49507122,0,0,25,50,0,0
3885,49517122,0,0,26,53,0,0
3886,49527122,0,0,26,49,0,0
3887,49537122,0,0,24,44,0,0
3888,49547122,0,0,25,44,0,0
3889,49557122,0,0,34,55,0,0
3890,49567122,0,0,54,83,0,0
3891,49577122,0,0,64,87,0,0
3892,49587122,19,269,84,101,0,1
3893,49597122,73,367,88,115,0,0
3894,49607122,157,465,149,158,0,0
3895,49617122,240,569,180,197,0,4
3896,49627122,345,657,233,222,0,43
3897,49637122,439,721,267,246,0,86
3898,49647122,528,765,298,278,0,140
3899,49657122,580,798,322,316,0,173
3900,49667122,621,821,342,330,0,211
3901,49677122,673,847,368,346,0,257
3902,49687122,724,874,382,358,0,292
3903,49697122,768,897,405,372,0,309
3904,49707122,811,922,420,386,0,343
3905,49717122,850,953,433,402,0,359
3906,49727122,903,983,456,417,0,385
3907,49737122,938,1008,483,436,0,405
3908,49747122,969,1044,515,455,0,426
3909,49757122,998,1075,543,471,0,427
3910,49767122,1030,1102,554,487,0,440
3911,49777122,1054,1123,577,502,0,446
3912,49787122,1049,1072,562,493,0,476
3913,49797122,1086,1160,626,554,0,495
3914,49807122,1100,1170,655,579,0,517
3915,49817122,1109,1178,677,601,1,538
3916,49827122,1115,1186,694,619,6,556
3917,49837122,1125,1189,714,643,20,567
3918,49847122,1131,1202,735,653,34,586
3919,49857122,1140,1198,752,666,45,598
3920,49867122,1144,1200,765,676,58,610
3921,49877122,1152,1208,785,693,77,632
3922,49887122,1164,1215,795,716,94,653
3923,49897122,1170,1228,817,721,110,675
3924,49907122,1184,1239,831,743,120,695
3925,49917122,1141,1186,842,759,135,711
3926,49927122,1221,1264,864,772,139,726
3927,49937122,1236,1278,880,779,152,735
3928,49947122,1255,1294,892,789,156,740
3929,49957122,1270,1305,902,788,166,744
3930,49967122,1292,1321,911,796,167,747
3931,49977122,1282,1224,904,752,173,751
3932,49987122,1325,1349,927,806,183,755
3933,49997122,1334,1360,936,811,182,760
3934,50007122,1343,1367,942,824,190,762
3935,50017122,1355,1374,945,829,199,767
3936,50027122,1358,1381,953,838,202,777
3937,50037122,1363,1386,956,844,213,782
3938,50047122,1366,1388,970,858,218,788
3939,50057122,1365,1385,972,857,221,793
3940,50067122,1362,1383,976,861,223,799
3941,50077122,1357,1380,979,865,233,805
3942,50087122,1349,1379,983,868,247,811
3943,50097122,1340,1372,986,876,257,817
3944,50107122,1334,1365,987,878,264,823
3945,50117122,1331,1361,990,882,265,833
3946,50127122,1325,1355,994,888,268,838
3947,50137122,1321,1354,999,891,272,843
3948,50147122,1322,1355,1003,896,279,845
3949,50157122,1328,1352,1003,900,279,847
3950,50167122,1320,1355,1005,905,279,851
3951,50177122,1314,1358,1008,909,277,852
3952,50187122,1333,1359,1010,910,276,852
3953,50197122,1332,1363,1011,916,272,852
3954,50207122,1334,1364,1013,918,272,853
3955,50217122,1337,1369,1015,921,267,854
3956,50227122,1339,1369,1018,926,263,807
3957,50237122,1346,1374,1021,930,254,0
3958,50247122,1356,1380,1034,933,251,0
3959,50257122,1354,1383,1040,937,248,0
3960,50267122,1360,1384,1043,940,244,0
3961,50277122,1360,1387,1047,945,237,0
3962,50287122,1363,1388,1049,946,233,0
3963,50297122,1363,1388,1050,950,233,0
3964,50307122,1362,1388,1053,952,228,0
3965,50317122,1361,1390,1058,957,224,0
3966,50327122,1365,1389,1062,959,223,0
3967,50337122,1364,1389,1065,964,219,0
3968,50347122,1361,1387,1067,968,205,0
3969,50357122,1364,1387,1068,972,204,0
3970,50367122,1360,1385,1071,974,212,0
3971,50377122,1355,1381,1075,979,219,0
3972,50387122,1355,1379,1076,981,212,0
3973,50397122,1353,1374,1078,985,214,0
3974,50407122,1351,1372,1081,987,203,0
3975,50417122,1355,1371,1084,992,210,0
3976,50427122,1348,1369,1086,1000,217,0
3977,50437122,1351,1367,1087,1003,210,0
3978,50447122,1345,1364,1090,1007,203,0
3979,50457122,1342,1361,1096,1014,206,0
3980,50467122,1339,1354,1099,1019,204,0
3981,50477122,1333,1347,1103,1031,210,0
3982,50487122,1325,1338,1105,1034,212,0
3983,50497122,1321,1333,1108,1041,214,0
3984,50507122,1317,1327,1109,1046,210,0
3985,50517122,1310,1322,1113,1049,213,0
3986,50527122,1302,1316,1113,1053,215,0
3987,50537122,1294,1307,1114,1055,217,0
3988,50547122,1285,1300,1116,1061,220,0
3989,50557122,1268,1291,1118,1065,223,0
3990,50567122,1252,1277,1122,1067,234,0
3991,50577122,1229,1258,1120,1074,241,0
3992,50587122,1203,1235,1121,1074,252,0
3993,50597122,1173,1163,1117,1074,261,0
3994,50607122,1130,0,1113,1076,264,0
3995,50617122,1085,0,1106,1077,263,0
3996,50627122,1032,0,1095,1076,268,0
3997,50637122,955,0,1080,1069,267,0
3998,50647122,872,0,1064,1067,265,0
3999,50657122,763,0,1047,1064,268,0
4000,50667122,654,0,1026,1063,276,0
4001,50677122,539,0,1005,1062,289,0
4002,50687122,407,0,989,1062,298,0
4003,50697122,284,0,978,1063,317,0
4004,50707122,162,0,952,1061,333,0
4005,50717122,76,0,927,1061,339,0
4006,50727122,10,0,894,1059,338,0
4007,50737122,0,0,862,1055,341,0
4008,50747122,0,0,821,1048,332,0
4009,50757122,0,0,780,1040,320,0
4010,50767122,0,0,725,1018,302,0
4011,50777122,0,0,688,1000,267,0
4012,50787122,0,0,659,981,243,0
4013,50797122,0,0,618,955,213,0
4014,50807122,0,0,585,927,185,0
4015,50817122,0,0,559,883,143,0
4016,50827122,0,0,536,836,102,0
4017,50837122,0,0,505,782,52,0
4018,50847122,0,0,484,726,0,0
4019,50857122,0,0,460,656,3,0
4020,50867122,0,0,434,598,0,0
4021,50877122,0,0,416,557,0,20
4022,50887122,0,0,398,488,0,0
4023,50897122,0,0,372,441,0,0
4024,50907122,0,0,346,376,0,0
4025,50917122,0,0,329,325,0,0
4026,50927122,0,0,311,285,0,0
4027,50937122,0,0,296,247,0,0
4028,50947122,0,0,281,207,0,0
4029,50957122,0,0,254,169,0,0
4030,50967122,0,0,235,151,0,0
4031,50977122,0,0,229,138,0,0
4032,50987122,0,0,219,136,0,0
4033,50997122,0,0,210,126,0,0
4034,51007122,0,0,208,134,0,0
4035,51017122,0,0,205,130,0,0
4036,51027122,0,0,206,123,0,0
4037,51037122,0,0,166,106,0,0
4038,51047122,0,0,201,120,0,0
4039,51057122,0,0,197,114,0,0
4040,51067122,0,0,192,115,0,0
4041,51077122,0,0,188,110,0,0
4042,51087122,0,0,187,108,0,0
4043,51097122,0,0,184,110,0,0
4044,51107122,0,0,177,109,0,0
4045,51117122,0,0,173,104,0,0
4046,51127122,0,0,168,99,0,0
4047,51137122,0,0,154,94,0,0
4048,51147122,0,0,148,91,0,0
4049,51157122,0,0,140,89,0,0
4050,51167122,0,0,137,80,0,0
4051,51177122,0,0,129,78,0,0
4052,51187122,0,1,130,76,0,0
4053,51197122,0,0,143,76,0,0
4054,51207122,0,0,139,75,0,0
4055,51217122,0,0,132,70,0,0
4056,51227122,0,0,117,69,0,0
4057,51237122,0,0,119,75,0,0
4058,51247122,0,0,115,83,0,0
4059,51257122,0,0,109,83,0,0
4060,51267122,0,0,102,76,0,0
4061,51277122,0,0,100,82,0,0
4062,51287122,0,0,106,85,0,0
4063,51297122,0,0,109,86,0,0
4064,51307122,0,0,110,71,0,0
4065,51317122,0,0,96,85,0,0
4066,51327122,0,0,86,75,0,0
4067,51337122,0,0,66,69,0,0
4068,51347122,0,0,55,57,0,0
4069,51357122,0,0,48,46,0,0
4070,51367122,0,0,52,48,0,0
4071,51377122,0,0,37,37,0,0
4072,51387122,0,0,53,55,0,0
4073,51397122,0,0,59,55,0,0
4074,51407122,0,0,55,56,0,0
4075,51417122,0,0,54,54,0,0
4076,51427122,0,0,53,51,0,0
4077,51437122,0,0,49,50,0,0
4078,51447122,0,0,49,45,0,0
4079,51457122,0,0,50,45,0,0
4080,51467122,0,0,46,45,0,0
4081,51477122,0,0,43,43,0,0
4082,51487122,0,0,46,38,0,0
4083,51497122,0,0,43,40,0,0
4084,51507122,0,0,41,25,0,0
4085,51517122,0,0,42,42,0,0
4086,51527122,0,0,40,40,0,0
4087,51537122,0,0,38,41,0,0
4088,51547122,0,0,37,38,0,0
4089,51557122,0,0,35,39,0,0
4090,51567122,0,0,36,39,0,0
4091,51577122,0,0,38,37,0,0
4092,51587122,0,0,35,38,0,0
4093,51597122,0,0,34,35,0,0
4094,51607122,0,0,38,33,0,0
4095,51617122,0,0,41,28,0,0
4096,51627122,0,0,37,26,0,0
4097,51637122,0,0,39,26,0,0
4098,51647122,0,0,41,33,0,0
4099,51657122,0,0,51,41,0,0
4100,51667122,97,395,76,74,0,0
4101,51677122,238,544,107,97,0,0
4102,51687122,417,682,154,118,0,0
4103,51697122,583,801,188,152,0,0
4104,51707122,722,877,186,174,0,0
4105,51717122,812,936,257,219,0,0
4106,51727122,857,974,290,237,0,1
4107,51737122,883,1000,312,273,0,36
4108,51747122,895,1007,353,302,0,75
4109,51757122,913,1011,373,328,0,105
4110,51767122,927,1021,385,344,0,142
4111,51777122,929,1024,419,367,0,168
4112,51787122,945,1036,443,393,0,200
4113,51797122,965,1049,467,406,0,233
4114,51807122,985,1068,491,439,0,266
4115,51817122,1015,1094,521,475,0,292
4116,51827122,1039,1115,552,495,0,329
4117,51837122,1038,1046,573,531,0,359
4118,51847122,1078,1158,602,562,0,397
4119,51857122,1097,1173,634,595,0,432
4120,51867122,1110,1179,667,615,0,460
4121,51877122,1125,1191,686,634,5,481
4122,51887122,1139,1201,712,656,17,492
4123,51897122,1148,1213,727,669,29,452
4124,51907122,1158,1215,751,685,41,530
4125,51917122,1165,1226,776,701,58,553
4126,51927122,1166,1232,797,729,76,564
4127,51937122,1173,1234,829,748,99,585
4128,51947122,1172,1240,857,770,109,604
4129,51957122,1176,1241,874,787,119,623
4130,51967122,1182,1246,893,798,136,636
4131,51977122,1185,1255,909,816,140,651
4132,51987122,1193,1262,921,826,156,661
4133,51997122,1199,1270,933,844,169,666
4134,52007122,1208,1278,942,855,179,677
4135,52017122,1213,1285,953,871,190,0
4136,52027122,1216,1287,884,865,167,0
4137,52037122,1225,1292,975,898,200,0
4138,52047122,1230,1298,987,912,211,0
4139,52057122,1238,1305,997,922,221,0
4140,52067122,1244,1311,1001,929,227,0
4141,52077122,1252,1320,1007,936,232,0
4142,52087122,1259,1326,1016,944,231,0
4143,52097122,1269,1332,1023,950,240,0
4144,52107122,1273,1335,1036,954,240,0
4145,52117122,1280,1340,1044,963,245,0
4146,52127122,1288,1348,1051,969,246,0
4147,52137122,1289,1351,1057,975,249,0
4148,52147122,1292,1352,1061,980,252,0
4149,52157122,1234,1353,1065,983,263,0
4150,52167122,1296,1358,1068,984,262,0
4151,52177122,1299,1360,1071,988,262,0
4152,52187122,1301,1360,1075,992,265,0
4153,52197122,1302,1363,1077,995,265,0
4154,52207122,1302,1364,1079,999,264,0
4155,52217122,1241,1364,1082,1002,264,0
4156,52227122,1302,1364,1085,1004,264,0
4157,52237122,1301,1365,1087,1009,264,0
4158,52247122,1301,1367,1093,1013,263,0
4159,52257122,1302,1367,1094,1015,260,0
4160,52267122,1306,1368,1097,1018,256,0
4161,52277122,1308,1370,1098,1020,254,0
4162,52287122,1311,1374,1100,1023,244,0
4163,52297122,1316,1378,1102,1029,243,0
4164,52307122,1318,1381,1104,1030,232,0
4165,52317122,1320,1384,1107,1031,222,0
4166,52327122,1326,1389,1108,1032,219,0
4167,52337122,1331,1394,1108,1034,202,0
4168,52347122,1336,1399,1109,1037,197,0
4169,52357122,1339,1402,1110,1039,185,0
4170,52367122,1345,1405,1111,1041,187,0
4171,52377122,1350,1406,1113,1041,185,0
4172,52387122,1353,1412,1113,1042,180,0
4173,52397122,1356,1415,1113,1043,177,0
4174,52407122,1359,1416,1115,1047,176,0
4175,52417122,1335,1332,1065,996,166,0
4176,52427122,1362,1419,1117,1048,158,0
4177,52437122,1364,1419,1118,1050,162,0
4178,52447122,1362,1419,1120,1051,153,0
4179,52457122,1364,1420,1121,1053,147,0
4180,52467122,1366,1421,1121,1052,142,0
4181,52477122,1368,1420,1122,1008,119,0
4182,52487122,1370,1426,1123,1052,140,0
4183,52497122,1371,1425,1124,1059,135,0
4184,52507122,1370,1426,1125,1059,145,0
4185,52517122,1371,1427,1126,1060,134,0
4186,52527122,1370,1428,1126,1064,130,0
4187,52537122,1370,1428,1127,1066,133,0
4188,52547123,1372,1429,1128,1068,130,0
4189,52557122,1374,1428,1130,1067,125,0
4190,52567122,1375,1429,1130,1067,130,0
4191,52577122,1377,1429,1135,1071,128,0
4192,52587122,1378,1430,1133,1071,124,0
4193,52597122,1378,1429,1134,1074,126,0
4194,52607122,1379,1430,1136,1076,126,0
4195,52617122,1379,1430,1136,1078,123,0
4196,52627122,1377,1429,1139,1080,124,0
4197,52637122,1375,1427,1143,1082,126,0
4198,52647122,1372,1424,1140,1087,125,0
4199,52657122,1371,1422,1145,1097,129,0
4200,52667122,1370,1417,1146,1094,125,0
4201,52677122,1339,1305,1144,1100,123,0
4202,52687122,1366,1416,1150,1101,119,3
4203,52697122,1362,1405,1160,1106,129,596
4204,52707122,1356,1414,1161,1112,132,625
4205,52717122,1353,1399,1165,1112,133,630
4206,52727122,1346,1397,1170,1118,139,638
4207,52737122,1337,1393,1170,1121,140,578
4208,52747122,1332,1385,1174,1128,151,646
4209,52757122,1323,1377,1179,1131,157,653
4210,52767122,1316,1368,1181,1138,156,661
4211,52777122,1306,1360,1180,1141,161,666
4212,52787122,1297,1356,1185,1144,158,672
4213,52797122,1277,1338,1191,1155,160,678
4214,52807122,1261,1325,1189,1114,151,628
4215,52817122,1243,1320,1186,1168,180,684
4216,52827122,1226,1304,1193,1174,191,691
4217,52837122,1201,1287,1199,1179,190,704
4218,52847122,1178,1267,1199,1187,201,711
4219,52857122,1147,1247,1203,1196,211,710
4220,52867122,1114,1217,1203,1200,226,717
4221,52877122,1075,1188,1203,1207,233,724
4222,52887122,1029,1156,1206,1211,247,730
4223,52897122,972,0,1207,1220,267,741
4224,52907122,906,0,1207,1223,287,745
4225,52917122,831,0,1206,1230,296,751
4226,52927122,738,0,1205,1233,310,763
4227,52937122,649,0,1197,1239,320,773
4228,52947122,570,0,1193,1231,339,782
4229,52957122,486,0,1189,1235,343,784
4230,52967122,391,0,1183,1239,354,790
4231,52977122,278,0,1178,1244,365,791
4232,52987122,181,493,1168,1241,363,793
4233,52997122,94,413,1157,1248,377,800
4234,53007122,18,336,1058,1217,351,759
4235,53017122,0,227,1129,1245,393,798
4236,53027122,0,0,1113,1247,385,798
4237,53037122,0,0,1091,1243,380,790
4238,53047122,0,0,1067,1238,373,765
4239,53057122,0,0,1035,1228,365,750
4240,53067122,0,0,990,1211,348,730
4241,53077122,0,0,953,1195,313,704
4242,53087122,0,0,914,1176,279,665
4243,53097122,0,0,870,1148,222,606
4244,53107122,0,0,825,1114,188,537
4245,53117122,0,0,781,1082,140,469
4246,53127122,0,0,732,1051,92,408
4247,53137122,0,0,617,977,23,306
4248,53147122,0,0,649,955,0,255
4249,53157122,0,0,616,888,0,171
4250,53167122,0,0,578,824,0,96
4251,53177122,0,0,550,747,0,28
4252,53187122,0,0,509,681,0,0
4253,53197122,0,0,472,620,0,0
4254,53207122,0,0,449,555,0,0
4255,53217122,0,0,422,482,0,0
4256,53227122,0,0,403,428,0,0
4257,53237122,0,0,376,378,0,0
4258,53247122,0,0,346,328,0,0
4259,53257122,0,0,327,289,0,0
4260,53267122,0,0,306,259,0,0
4261,53277122,0,0,288,203,0,0
4262,53287122,0,0,269,175,0,0
4263,53297122,0,0,265,166,0,0
4264,53307122,0,0,261,165,0,0
4265,53317122,0,0,250,153,0,0
4266,53327122,0,0,245,152,0,0
4267,53337122,0,0,238,147,0,0
4268,53347122,0,0,231,148,0,0
4269,53357122,0,0,223,147,0,0
4270,53367122,0,0,220,142,0,0
4271,53377122,0,0,209,140,0,0
4272,53387122,0,0,206,137,0,0
4273,53397122,0,0,210,134,0,0
4274,53407122,0,0,203,125,0,0
4275,53417122,0,0,200,121,0,0
4276,53427122,0,0,198,120,0,0
4277,53437122,0,0,191,120,0,0
4278,53447122,0,0,183,117,0,0
4279,53457122,0,0,173,116,0,0
4280,53467122,0,0,170,110,0,0
4281,53477122,0,0,163,102,0,0
4282,53487122,0,0,148,96,0,0
4283,53497122,0,0,141,93,0,0
4284,53507122,0,0,132,88,0,0
4285,53517122,0,0,120,84,0,0
4286,53527122,0,0,80,68,0,0
4287,53537122,0,0,105,76,0,0
4288,53547122,0,0,105,76,0,0
4289,53557122,0,0,93,72,0,0
4290,53567122,0,0,86,70,0,0
4291,53577122,0,0,82,59,0,0
4292,53587122,0,0,67,56,0,0
4293,53597122,0,0,57,53,0,0
4294,53607122,0,0,55,51,0,0
4295,53617122,0,0,52,46,0,0
4296,53627122,0,0,53,49,0,0
4297,53637122,0,0,54,51,0,0
4298,53647122,0,0,52,51,0,0
4299,53657122,0,0,47,30,0,0
4300,53667122,0,0,50,53,0,0
4301,53677122,0,0,48,52,0,0
4302,53687122,0,0,51,49,0,0
4303,53697122,0,0,52,46,0,0
4304,53707122,0,0,51,41,0,0
4305,53717122,0,0,53,38,0,0
4306,53727122,0,0,53,37,0,0
4307,53737122,0,0,53,37,0,0
4308,53747122,0,0,53,35,0,0
4309,53757122,0,0,51,31,0,0
4310,53767122,0,0,52,30,0,0
4311,53777122,0,0,56,30,0,0
4312,53787122,14,0,64,30,0,0
4313,53797122,92,170,82,42,0,0
4314,53807122,186,486,92,55,0,0
4315,53817122,351,632,121,83,0,0
4316,53827122,537,736,172,123,0,0
4317,53837122,663,833,197,142,0,0
4318,53847122,758,887,193,162,0,0
4319,53857122,841,945,262,203,0,0
4320,53867122,894,989,284,225,0,0
4321,53877122,942,1022,298,248,0,0
4322,53887122,981,1055,328,265,0,0
4323,53897122,1017,1084,344,274,0,0
4324,53907122,1056,1122,356,290,0,10
4325,53917123,1091,1162,377,308,0,27
4326,53927122,1120,1190,391,317,0,42
4327,53937122,1148,1213,408,319,0,45
4328,53947122,1182,1247,424,335,0,53
4329,53957122,1211,1276,440,338,0,57
4330,53967122,1242,1312,461,353,0,63
4331,53977122,1270,1339,486,371,0,66
4332,53987122,1300,1366,502,372,0,73
4333,53997122,1321,1385,530,383,0,75
4334,54007122,1338,1401,551,397,0,78
4335,54017122,1360,1425,568,407,0,84
4336,54027122,1372,1440,583,422,0,98
4337,54037122,1383,1451,605,435,0,105
4338,54047122,1394,1461,625,461,0,125
4339,54057122,1404,1466,656,492,0,142
4340,54067122,1410,1473,677,533,0,168
4341,54077122,1419,1480,695,555,0,192
4342,54087122,1427,1483,716,574,0,209
4343,54097122,1432,1489,739,603,0,222
4344,54107122,1436,1492,757,625,0,240
4345,54117122,1440,1498,779,648,0,257
4346,54127122,1443,1499,803,667,0,276
4347,54137122,1446,1504,827,685,0,292
4348,54147122,1449,1504,845,703,0,297
4349,54157122,1450,1509,869,724,0,306
4350,54167122,1449,1509,889,746,0,327
4351,54177122,1447,1510,911,770,0,356
4352,54187122,1445,1510,924,795,3,372
4353,54197122,1445,1502,947,820,5,382
4354,54207122,1443,1511,964,840,14,388
4355,54217122,1444,1510,977,854,22,399
4356,54227122,1443,1510,991,873,26,0
4357,54237122,1441,1511,1001,892,24,0
4358,54247122,1441,1509,1020,917,38,0
4359,54257122,1435,1505,1045,931,46,0
4360,54267122,1431,1508,1064,949,50,0
4361,54277122,1427,1504,1076,968,58,425
4362,54287122,1417,1500,1095,984,60,431
4363,54297122,1405,1498,1107,1003,66,442
4364,54307122,1372,1381,1109,1018,73,440
4365,54317122,1392,1495,1126,1035,74,441
4366,54327122,1385,1487,1130,1048,81,447
4367,54337122,1381,1487,1147,1054,81,452
4368,54347122,1376,1486,1146,1061,85,448
4369,54357122,1371,1482,1147,1072,86,449
4370,54367122,1363,1483,1155,1075,87,447
4371,54377122,1369,1482,1155,1081,88,447
4372,54387122,1367,1483,1154,1076,89,443
4373,54397122,1366,1479,1163,1090,89,444
4374,54407122,1366,1477,1165,1091,89,445
4375,54417122,1365,1477,1169,1094,89,447
4376,54427122,1364,1477,1171,1090,89,454
4377,54437122,1367,1479,1173,1098,86,455
4378,54447122,1370,1480,1173,1100,85,457
4379,54457122,1373,1480,1174,1093,78,459
4380,54467122,1375,1482,1177,1102,71,461
4381,54477122,1379,1484,1176,1100,68,460
4382,54487122,1382,1485,1180,1106,68,461
4383,54497122,1383,1485,1178,1107,58,463
4384,54507122,1385,1489,1174,1108,54,415
4385,54517122,1389,1489,1180,1112,50,476
4386,54527122,1390,1489,1180,1108,49,478
4387,54537122,1394,1490,1179,1110,46,485
4388,54547122,1399,1491,1179,1110,45,490
4389,54557122,1402,1492,1177,1107,38,498
4390,54567122,1406,1493,1174,1104,29,502
4391,54577122,1415,1493,1168,1095,33,453
4392,54587122,1421,1493,1170,1093,36,521
4393,54597122,1426,1493,1164,1095,43,528
4394,54607122,1426,1493,1166,1094,45,533
4395,54617122,1428,1494,1168,1091,45,539
4396,54627122,1433,1493,1164,1089,46,536
4397,54637122,1431,1493,1165,1092,48,542
4398,54647122,1429,1490,1076,1076,32,488
4399,54657122,1427,1490,1167,1094,55,535
4400,54667122,1426,1484,1168,1096,54,544
4401,54677122,1421,1480,1172,1099,65,548
4402,54687122,1413,1476,1172,1101,76,557
4403,54697122,1407,1467,1173,1107,81,565
4404,54707122,1396,1462,1176,1110,88,570
4405,54717122,1391,1455,1085,1097,69,540
4406,54727122,1386,1454,1181,1120,95,586
4407,54737122,1393,1447,1184,1125,101,587
4408,54747122,1378,1445,1189,1133,106,595
4409,54757122,1372,1434,1191,1138,109,600
4410,54767122,1367,1430,1195,1145,107,606
4411,54777122,1355,1425,1198,1151,117,617
4412,54787123,1350,1420,1203,1159,120,622
4413,54797122,1335,1407,1207,1167,136,631
4414,54807122,1329,1398,1211,1175,139,635
4415,54817122,1320,1385,1219,1187,141,646
4416,54827122,1308,1378,1226,1197,153,647
4417,54837122,1293,1369,1229,1201,163,652
4418,54847122,1279,1356,1231,1210,158,662
4419,54857122,1261,1343,1234,1215,171,669
4420,54867122,1248,1328,1237,1223,177,677
4421,54877122,1226,1316,1239,1229,187,684
4422,54887122,1204,1299,1240,1233,200,695
4423,54897122,1187,1280,1241,1237,217,702
4424,54907122,1163,1259,1242,1241,228,711
4425,54917122,1126,1238,1243,1244,237,721
4426,54927122,1097,1207,1243,1246,252,733
4427,54937122,1046,1176,1244,1248,278,742
4428,54947122,988,1126,1242,1251,289,751
4429,54957122,923,0,1243,1254,298,758
4430,54967122,843,0,1239,1254,318,761
4431,54977122,744,0,1236,1254,328,766
4432,54987122,630,0,1227,1252,343,782
4433,54997122,532,0,1223,1253,358,791
4434,55007122,423,736,1210,1252,368,797
4435,55017122,328,665,1202,1253,393,807
4436,55027122,202,577,1197,1255,412,825
4437,55037122,109,478,1191,1256,425,830
4438,55047123,36,369,1181,1259,437,837
4439,55057122,0,251,1175,1261,461,846
4440,55067122,0,166,1163,1262,473,852
4441,55077122,0,86,1149,1263,485,852
4442,55087122,0,30,1132,1264,479,845
4443,55097122,0,0,1112,1264,493,839
4444,55107122,0,0,1085,1260,492,827
4445,55117122,0,0,1062,1256,499,823
4446,55127122,0,0,1020,1249,495,812
4447,55137122,0,0,981,1238,478,808
4448,55147122,0,0,945,1227,473,800
4449,55157122,0,0,907,1209,456,790
4450,55167122,0,0,863,1191,426,784
4451,55177122,0,0,836,1167,412,765
4452,55187122,0,0,811,1131,372,742
4453,55197122,0,0,791,1103,341,697
4454,55207122,0,0,754,1076,295,661
4455,55217122,0,0,724,1049,232,618
4456,55227122,0,0,690,1013,185,567
4457,55237122,0,0,669,972,133,521
4458,55247122,0,0,632,935,89,461
4459,55257122,0,0,616,882,27,393
4460,55267122,0,0,595,838,0,314
4461,55277122,0,0,554,792,0,230
4462,55287122,0,0,540,742,0,121
4463,55297122,0,0,523,701,0,65
4464,55307122,0,0,488,604,0,8
4465,55317122,0,0,485,607,0,0
4466,55327122,0,0,456,542,1,0
4467,55337122,0,0,427,488,0,0
4468,55347122,0,0,409,442,0,0
4469,55357122,0,0,393,407,0,0
4470,55367122,0,0,362,364,0,0
4471,55377123,0,0,339,333,0,0
4472,55387122,0,0,311,293,2,0
4473,55397122,0,0,291,247,0,0
4474,55407122,0,0,273,215,0,0
4475,55417122,0,0,257,179,0,0
4476,55427122,0,0,243,165,0,0
4477,55437122,0,0,233,130,0,0
4478,55447122,0,0,238,155,0,0
4479,55457122,0,0,232,147,0,0
4480,55467122,0,0,230,145,0,0
4481,55477122,0,0,231,142,0,0
4482,55487122,0,0,222,146,3,0
4483,55497122,0,0,225,145,0,0
4484,55507122,0,0,225,143,0,0
4485,55517122,0,0,228,146,0,0
4486,55527122,0,0,227,149,0,0
4487,55537122,0,0,222,147,0,0
4488,55547122,0,0,220,141,0,0
4489,55557122,0,0,228,145,0,0
4490,55567122,0,0,200,120,0,0
4491,55577122,0,0,225,144,0,0
4492,55587122,0,0,219,144,0,0
4493,55597122,0,0,216,143,0,0
4494,55607122,0,0,210,143,0,0
4495,55617122,0,0,198,148,0,0
4496,55627122,0,0,188,140,0,0
4497,55637122,0,0,182,134,0,0
4498,55647122,0,0,175,125,0,0
4499,55657122,0,0,159,119,0,0
4500,55667122,0,0,152,112,0,0
4501,55677122,0,0,147,102,0,0
4502,55687122,0,0,141,100,0,0
4503,55697122,0,0,144,102,0,0
4504,55707122,0,0,145,96,0,0
4505,55717122,0,0,140,95,0,0
4506,55727122,0,0,136,95,0,0
4507,55737122,0,0,142,92,0,2
4508,55747122,0,0,145,102,0,0
4509,55757122,0,0,136,89,0,0
4510,55767122,0,0,132,87,0,0
4511,55777122,0,0,124,84,0,0
4512,55787122,0,0,123,80,0,0
4513,55797122,0,0,116,75,0,0
4514,55807122,0,0,119,77,0,0
4515,55817122,0,0,124,59,0,0
4516,55827122,0,0,123,78,0,0
4517,55837122,0,0,132,81,0,0
4518,55847122,0,0,139,83,0,0
4519,55857122,0,0,142,80,0,0
4520,55867122,0,0,143,73,0,0
4521,55877122,0,0,141,69,0,0
4522,55887123,0,0,146,64,0,0
4523,55897122,0,0,141,56,0,0
4524,55907122,0,0,141,58,0,0
4525,55917122,0,65,140,53,0,0
4526,55927122,48,265,136,45,0,0
4527,55937122,121,401,133,46,0,0
4528,55947123,238,556,143,26,0,0
4529,55957122,472,735,134,25,0,0
4530,55967122,736,911,141,27,0,0
4531,55977122,939,1053,160,28,0,0
4532,55987122,1069,1153,180,36,0,0
4533,55997122,1153,1232,233,64,0,0
4534,56007122,1206,1267,266,92,0,0
4535,56017122,1235,1298,311,139,0,0
4536,56027122,1246,1315,346,184,0,0
4537,56037122,1258,1330,375,230,0,0
4538,56047122,1270,1341,408,283,0,0
4539,56057122,1286,1356,448,333,0,0
4540,56067122,1299,1370,484,364,0,0
4541,56077122,1287,1273,519,394,0,0
4542,56087122,1329,1399,561,428,0,0
4543,56097122,1350,1417,592,459,0,0
4544,56107122,1365,1435,615,475,0,19
4545,56117122,1384,1451,649,500,0,43
4546,56127122,1395,1464,672,528,0,61
4547,56137122,1412,1474,700,517,0,40
4548,56147122,1419,1482,713,570,0,84
4549,56157122,1424,1489,741,596,0,118
4550,56167122,1428,1494,759,619,0,138
4551,56177122,1426,1495,788,652,0,166
4552,56187122,1426,1493,816,678,0,201
4553,56197122,1419,1492,841,701,0,239
4554,56207122,1412,1490,866,724,0,264
4555,56217122,1422,1490,884,744,0,287
4556,56227122,1413,1491,901,759,0,306
4557,56237122,1420,1491,913,771,0,331
4558,56247122,1419,1499,924,786,0,0
4559,56257122,1420,1495,936,802,1,0
4560,56267122,1424,1494,949,821,10,348
4561,56277122,1422,1497,970,843,21,415
4562,56287122,1416,1490,978,858,39,426
4563,56297122,1415,1485,988,876,46,439
4564,56307122,1404,1481,1002,893,56,460
4565,56317122,1398,1473,1012,910,74,470
4566,56327122,1389,1471,1030,922,94,484
4567,56337122,1390,1468,1043,933,108,498
4568,56347122,1382,1465,1054,946,112,508
4569,56357122,1375,1465,1070,957,122,526
4570,56367122,1370,1455,1082,973,123,540
4571,56377123,1359,1453,1091,987,126,552
4572,56387122,1358,1447,1101,1000,138,557
4573,56397122,1343,1438,1110,1016,147,570
4574,56407122,1321,1430,1118,1035,155,584
4575,56417122,1309,1417,1127,1047,167,599
4576,56427122,1290,1399,1131,1060,172,611
4577,56437122,1273,1388,1143,1069,183,620
4578,56447122,1260,1378,1149,1078,193,631
4579,56457122,1243,1366,1158,1091,200,646
4580,56467122,1218,1350,1166,1100,222,658
4581,56477122,1201,1331,1172,1113,233,668
4582,56487122,1181,1316,1180,1125,255,682
4583,56497122,1160,1301,1188,1142,279,699
4584,56507122,1134,1278,1196,1163,297,717
4585,56517122,1115,1266,1203,1176,319,732
4586,56527122,1100,1253,1206,1138,312,687
4587,56537122,1088,1246,1213,1196,343,753
4588,56547122,1078,1239,1224,1210,360,763
4589,56557122,1064,1230,1232,1224,368,776
4590,56567122,1053,1222,1238,1235,374,782
4591,56577122,1037,1207,1242,1245,390,796
4592,56587122,1013,1198,1247,1253,400,806
4593,56597122,994,1186,1251,1263,417,812
4594,56607122,971,1176,1255,1271,427,823
4595,56617122,946,1165,1257,1277,436,838
4596,56627122,922,1158,1260,1287,452,846
4597,56637122,907,1146,1262,1289,464,855
4598,56647122,891,1139,1265,1296,469,858
4599,56657122,878,1130,1268,1302,475,860
4600,56667122,864,1122,1270,1304,483,868
4601,56677122,846,1074,1273,1308,489,870
4602,56687122,824,0,1278,1313,498,874
4603,56697122,808,0,1281,1318,504,883
4604,56707122,795,0,1286,1321,518,885
4605,56717122,780,0,1287,1324,521,890
4606,56727122,765,0,1289,1325,529,895
4607,56737122,762,0,1290,1328,534,894
4608,56747122,759,0,1291,1331,536,899
4609,56757122,759,0,1292,1333,534,899
4610,56767122,758,0,1293,1334,535,896
4611,56777122,756,0,1294,1335,537,898
4612,56787122,746,0,1297,1337,537,903
4613,56797122,740,0,1297,1338,533,905
4614,56807122,726,0,1299,1339,535,907
4615,56817122,716,0,1299,1341,532,908
4616,56827122,698,0,1300,1343,536,906
4617,56837122,681,0,1301,1345,530,907
4618,56847122,662,0,1302,1350,536,912
4619,56857122,647,0,1303,1352,545,913
4620,56867122,632,0,1303,1352,539,909
4621,56877122,618,0,1304,1354,532,904
4622,56887122,603,0,1305,1356,531,906
4623,56897122,588,0,1307,1357,537,912
4624,56907122,558,0,1307,1364,546,914
4625,56917122,540,0,1310,1367,544,918
4626,56927122,518,0,1312,1369,560,920
4627,56937122,485,0,1317,1373,574,928
4628,56947122,449,0,1320,1374,588,936
4629,56957122,399,0,1321,1380,613,948
4630,56967122,362,0,1324,1383,613,957
4631,56977122,312,0,1324,1389,615,961
4632,56987122,252,0,1326,1391,638,967
4633,56997122,198,0,1327,1395,663,980
4634,57007122,152,0,1326,1400,675,992
4635,57017122,85,563,1324,1403,690,1001
4636,57027122,35,487,1322,1405,706,1014
4637,57037122,0,394,1318,1408,736,1023
4638,57047122,0,291,1308,1412,757,1049
4639,57057122,0,198,1296,1412,779,1059
4640,57067122,0,100,1285,1413,795,1063
4641,57077122,0,36,1270,1409,819,1081
4642,57087122,0,0,1253,1404,832,1074
4643,57097122,0,0,1232,1397,836,1079
4644,57107122,0,0,1197,1332,812,1007
4645,57117122,0,0,1165,1379,861,1084
4646,57127122,0,0,1128,1365,859,1080
4647,57137122,0,0,1077,1338,878,1080
4648,57147122,0,0,1023,1321,888,1086
4649,57157122,0,0,956,1300,892,1082
4650,57167122,0,0,895,1267,882,1077
4651,57177122,0,0,805,1179,870,1074
4652,57187122,0,0,799,1196,831,1068
4653,57197122,0,0,759,1158,807,1060
4654,57207122,0,0,724,1117,753,1046
4655,57217122,0,0,676,1077,715,1036
4656,57227122,0,0,646,1046,676,1011
4657,57237122,0,0,553,985,569,930
4658,57247122,0,0,598,980,532,943
4659,57257122,0,0,570,942,448,891
4660,57267122,0,0,548,896,363,840
4661,57277122,0,0,521,858,234,756
4662,57287122,0,0,510,822,148,661
4663,57297122,0,0,499,746,50,487
4664,57307122,0,0,469,719,0,410
4665,57317122,0,0,438,664,0,289
4666,57327122,0,0,415,602,0,172
4667,57337122,0,0,390,538,0,75
4668,57347122,0,0,366,478,0,1
4669,57357122,0,0,346,417,0,0
4670,57367122,0,0,334,373,0,0
4671,57377123,0,0,318,346,0,0
4672,57387122,0,0,294,305,0,0
4673,57397122,0,0,282,270,0,0
4674,57407122,0,0,268,241,0,0
4675,57417122,0,0,259,202,0,0
4676,57427122,0,0,244,176,0,0
4677,57437122,0,0,233,167,0,0
4678,57447122,0,0,228,155,0,0
4679,57457122,0,0,234,159,0,0
4680,57467122,0,0,213,144,0,0
4681,57477122,0,0,219,135,0,0
4682,57487122,0,0,210,135,0,0
4683,57497122,0,0,184,117,0,0
4684,57507122,0,0,212,136,0,0
4685,57517122,0,0,205,134,0,0
4686,57527122,0,0,204,131,0,0
4687,57537122,0,0,202,134,0,0
4688,57547122,0,0,196,134,0,0
4689,57557122,0,0,197,129,0,0
4690,57567122,0,0,189,125,0,0
4691,57577122,0,0,194,125,0,0
4692,57587122,0,0,193,123,0,0
4693,57597122,0,0,188,122,0,0
4694,57607122,0,0,190,120,0,0
4695,57617122,0,0,190,119,0,0
4696,57627122,0,0,164,99,0,0
4697,57637122,0,0,188,116,0,0
4698,57647122,2,0,184,113,0,0
4699,57657122,0,0,179,116,0,0
4700,57667122,0,0,174,115,0,0
4701,57677122,0,0,170,110,0,0
4702,57687123,0,0,133,100,0,0
4703,57697122,2,0,165,107,0,0
4704,57707122,0,0,164,106,0,0
4705,57717122,0,0,160,104,0,0
4706,57727122,0,0,159,103,0,0
4707,57737122,0,0,173,85,0,0
4708,57747122,0,0,165,82,0,0
4709,57757122,0,0,152,81,0,0
4710,57767122,0,1,139,75,0,0
4711,57777122,0,0,135,72,0,0
4712,57787122,0,0,126,73,0,0
4713,57797122,0,0,128,75,0,0
4714,57807122,0,0,134,75,0,0
4715,57817122,0,0,133,76,0,0
4716,57827122,0,0,134,77,0,0
4717,57837122,0,0,133,76,0,0
4718,57847122,0,0,125,77,0,0
4719,57857122,0,0,122,74,0,0
4720,57867122,0,0,120,76,0,0
4721,57877122,0,0,109,75,0,0
4722,57887122,0,0,104,73,0,0
4723,57897122,0,0,98,71,0,0
4724,57907122,0,0,95,67,0,0
4725,57917122,0,0,96,70,0,0
4726,57927122,0,0,107,70,0,0
4727,57937122,0,0,110,67,0,0
4728,57947122,0,0,113,64,0,0
4729,57957122,0,0,113,54,0,0
4730,57967122,0,0,110,49,0,0
4731,57977122,0,0,108,48,0,0
4732,57987122,0,0,104,39,0,0
4733,57997122,0,0,99,41,0,0
4734,58007122,0,0,94,31,0,0
4735,58017122,25,256,91,30,0,0
4736,58027122,63,355,91,16,0,0
4737,58037122,134,465,93,4,0,0
4738,58047122,244,597,94,3,0,0
4739,58057122,404,725,95,2,0,0
4740,58067122,554,778,78,0,0,0
4741,58077122,723,927,104,9,0,0
4742,58087122,846,1002,115,11,0,0
4743,58097122,942,1071,124,24,0,0
4744,58107122,989,1110,165,64,0,0
4745,58117122,1021,1140,231,110,0,0
4746,58127122,1046,1157,276,159,0,0
4747,58137122,1066,1178,319,227,0,0
4748,58147122,1089,1204,357,281,0,4
4749,58157122,1116,1228,401,323,0,45
4750,58167122,1141,1249,431,359,0,88
4751,58177122,1163,1265,485,404,0,132
4752,58187122,1183,1276,540,462,0,167
4753,58197122,1196,1293,583,502,0,188
4754,58207122,1208,1307,617,551,0,227
4755,58217122,1213,1319,667,591,0,260
4756,58227122,1228,1330,716,636,0,283
4757,58237122,1245,1340,749,666,0,300
4758,58247122,1261,1357,782,696,0,318
4759,58257122,1277,1373,814,721,0,340
4760,58267122,1292,1386,845,744,0,355
4761,58277122,1301,1397,875,759,0,381
4762,58287122,1305,1403,904,790,0,405
4763,58297122,1305,1406,922,821,3,424
4764,58307122,1303,1406,949,842,16,0
4765,58317122,1304,1408,969,867,24,0
4766,58327122,1265,1349,901,882,36,0
4767,58337122,1305,1414,1001,905,49,0
4768,58347122,1305,1418,1018,923,61,503
4769,58357122,1305,1419,1040,944,74,518
4770,58367122,1306,1426,1059,961,78,520
4771,58377123,1305,1428,1076,972,81,530
4772,58387122,1305,1431,1088,991,90,533
4773,58397122,1304,1432,1101,1005,98,538
4774,58407122,1300,1432,1113,1026,113,541
4775,58417122,1296,1432,1125,1044,107,546
4776,58427122,1289,1432,1136,1059,114,549
4777,58437122,1282,1432,1147,1070,118,543
4778,58447122,1274,1432,1157,1083,112,549
4779,58457122,1272,1433,1164,1097,121,546
4780,58467122,1266,1432,1174,1107,129,549
4781,58477122,1258,1429,1182,1115,122,553
4782,58487122,1248,1424,1189,1124,126,553
4783,58497122,1242,1418,1194,1133,134,554
4784,58507122,1234,1411,1203,1144,138,556
4785,58517122,1221,1403,1212,1161,147,559
4786,58527122,1205,1395,1223,1175,146,567
4787,58537122,1190,1387,1222,1191,158,573
4788,58547122,1175,1381,1234,1202,158,580
4789,58557122,1163,1373,1239,1209,157,590
4790,58567122,1152,1370,1243,1222,162,587
4791,58577122,1145,1368,1247,1228,170,587
4792,58587122,1141,1365,1251,1233,169,603
4793,58597122,1133,1363,1255,1241,175,595
4794,58607122,1127,1356,1254,1245,175,595
4795,58617122,1118,1352,1262,1252,178,596
4796,58627122,1110,1343,1267,1260,178,594
4797,58637122,1102,1337,1271,1268,179,611
4798,58647122,1099,1336,1274,1273,184,613
4799,58657122,1099,1333,1276,1278,181,617
4800,58667122,1097,1332,1278,1285,193,635
4801,58677122,1097,1332,1282,1290,189,623
4802,58687122,1098,1331,1287,1292,189,631
4803,58697122,1096,1327,1284,1298,188,634
4804,58707122,1093,1332,1292,1299,191,639
4805,58717122,1086,1323,1298,1304,191,646
4806,58727122,1082,1321,1299,1307,189,650
4807,58737122,1078,1321,1304,1307,197,658
4808,58747122,1073,1317,1305,1312,199,657
4809,58757122,1065,1314,1309,1317,203,667
4810,58767122,1056,1305,1308,1265,183,623
4811,58777122,1048,1306,1315,1322,210,665
4812,58787122,1036,1299,1312,1320,212,674
4813,58797122,1020,1103,1320,1326,208,680
4814,58807122,1013,1239,1320,1331,211,679
4815,58817122,1004,0,1326,1333,211,680
4816,58827122,999,0,1323,1337,212,686
4817,58837122,952,0,1297,1338,211,687
4818,58847122,994,0,1329,1340,212,694
4819,58857122,988,0,1326,1337,211,699
4820,58867122,981,0,1334,1360,211,702
4821,58877122,973,0,1336,1354,214,709
4822,58887122,966,0,1333,1357,209,714
4823,58897122,957,0,1344,1357,209,718
4824,58907122,951,0,1345,1359,212,721
4825,58917122,945,0,1346,1364,213,724
4826,58927122,940,0,1340,1366,206,723
4827,58937122,939,0,1345,1366,208,728
4828,58947122,932,0,1344,1372,210,728
4829,58957122,930,0,1345,1370,215,733
4830,58967122,927,0,1345,1371,218,732
4831,58977122,928,0,1351,1376,218,732
4832,58987122,928,0,1349,1379,218,733
4833,58997122,929,0,1355,1381,218,732
4834,59007122,926,0,1351,1383,217,733
4835,59017122,926,0,1354,1385,221,731
4836,59027122,925,0,1354,1387,218,730
4837,59037122,925,0,1356,1386,214,727
4838,59047122,925,0,1357,1389,211,726
4839,59057122,925,0,1357,1390,211,724
4840,59067122,923,0,1361,1392,208,723
4841,59077122,918,0,1357,1392,214,727
4842,59087122,893,0,1361,1393,226,730
4843,59097122,859,0,1360,1396,227,729
4844,59107122,819,0,1363,1399,239,730
4845,59117122,781,0,1364,1401,244,731
4846,59127122,738,0,1364,1402,246,732
4847,59137122,675,0,1364,1402,254,736
4848,59147122,617,3,1365,1404,266,740
4849,59157122,557,0,1364,1405,279,745
4850,59167122,475,0,1364,1408,279,749
4851,59177122,389,0,1361,1410,285,758
4852,59187122,323,0,1358,1410,297,756
4853,59197122,230,0,1352,1413,307,762
4854,59207122,169,0,1340,1409,311,761
4855,59217122,108,0,1333,1405,314,772
4856,59227122,56,350,1318,1400,313,763
4857,59237122,15,483,1304,1394,312,762
4858,59247122,0,377,1211,1381,306,757
4859,59257122,0,329,1269,1380,313,747
4860,59267122,0,264,1251,1364,312,747
4861,59277122,0,182,1230,1350,309,741
4862,59287122,0,127,1206,1334,296,722
4863,59297122,0,83,1183,1322,289,702
4864,59307122,0,2,1159,1308,278,675
4865,59317122,0,0,1131,1285,242,649
4866,59327122,0,0,1098,1262,213,626
4867,59337122,0,0,1062,1241,189,595
4868,59347122,0,0,1013,1211,175,553
4869,59357122,0,0,967,1178,147,499
4870,59367122,0,0,923,1140,119,456
4871,59377122,0,0,884,1107,89,410
4872,59387122,0,0,842,1072,47,329
4873,59397122,0,0,804,1037,8,262
4874,59407122,0,0,758,987,0,157
4875,59417122,0,0,700,938,0,97
4876,59427122,0,0,664,883,0,40
4877,59437122,0,0,620,823,0,1
4878,59447122,0,0,592,759,0,0
4879,59457122,0,0,565,690,0,0
4880,59467122,0,0,524,629,0,0
4881,59477122,0,0,486,565,0,0
4882,59487122,0,0,456,498,0,0
4883,59497122,0,0,439,446,0,0
4884,59507122,0,0,422,391,0,0
4885,59517122,0,0,403,346,0,0
4886,59527122,0,0,372,295,0,0
4887,59537122,0,0,350,259,0,0
4888,59547122,0,0,328,226,0,0
4889,59557122,0,0,308,191,0,0
4890,59567122,0,0,297,177,0,0
4891,59577122,0,0,291,176,0,0
4892,59587122,0,0,289,171,0,0
4893,59597122,0,0,289,169,0,0
4894,59607122,0,0,283,162,0,0
4895,59617122,0,0,283,156,0,0
4896,59627122,0,0,277,156,0,0
4897,59637122,0,0,272,146,0,0
4898,59647122,0,0,269,143,0,0
4899,59657122,0,0,263,145,0,0
4900,59667122,0,0,265,143,0,0
4901,59677122,0,0,261,143,0,0
4902,59687122,0,0,263,146,0,0
4903,59697122,0,0,252,148,0,0
4904,59707122,0,0,205,138,0,0
4905,59717122,0,0,247,148,0,0
4906,59727122,0,0,247,144,0,0
4907,59737122,0,0,243,141,0,0
4908,59747122,0,0,238,140,0,0
4909,59757122,0,0,235,140,0,0
4910,59767122,0,0,227,139,0,0
4911,59777122,0,0,193,117,0,0
4912,59787122,0,0,211,134,0,0
4913,59797122,0,0,203,128,0,0
4914,59807122,0,0,200,123,0,0
4915,59817122,0,0,200,121,0,0
4916,59827122,0,0,193,115,0,0
4917,59837122,0,0,184,106,0,0
4918,59847122,0,0,176,101,0,0
4919,59857122,0,0,178,101,0,0
4920,59867122,0,0,175,92,0,0
4921,59877122,0,0,173,86,0,0
4922,59887122,0,0,170,86,0,0
4923,59897122,0,0,170,90,0,0
4924,59907123,0,0,147,85,0,0
4925,59917122,0,0,180,92,0,0
4926,59927122,0,0,170,88,0,0
4927,59937122,0,0,159,79,0,0
4928,59947122,0,0,157,82,0,0
4929,59957122,0,0,162,83,0,0
4930,59967122,0,0,151,79,0,0
4931,59977122,0,0,141,74,0,0
4932,59987122,0,0,140,70,0,0
4933,59997122,0,0,138,67,0,0
4934,60007122,0,0,130,70,0,0
4935,60017122,0,0,135,66,0,0
4936,60027122,0,0,138,69,0,0
4937,60037122,0,0,138,67,0,0
4938,60047122,0,0,142,65,0,0
4939,60057122,0,0,138,62,0,2
4940,60067122,0,0,138,60,0,0
4941,60077122,0,0,147,58,0,0
4942,60087122,0,0,140,53,0,0
4943,60097122,0,0,144,47,0,0
4944,60107122,0,0,141,51,0,0
4945,60117122,0,0,144,46,0,0
4946,60127122,0,0,144,46,0,0
4947,60137122,0,0,145,49,0,0
4948,60147122,50,282,147,41,0,0
4949,60157122,141,424,150,42,0,2
4950,60167122,294,582,148,40,0,0
4951,60177122,472,638,159,57,0,0
4952,60187122,598,804,237,132,0,0
4953,60197122,669,837,292,199,0,0
4954,60207122,710,855,358,267,0,0
4955,60217122,740,872,410,362,0,0
4956,60227122,744,875,489,441,0,0
4957,60237122,741,875,547,510,0,26
4958,60247122,733,799,595,590,0,100
4959,60257122,764,888,656,649,0,169
4960,60267122,787,915,702,697,0,231
4961,60277122,800,934,752,739,0,297
4962,60287122,812,943,798,768,0,346
4963,60297122,824,940,845,809,15,0
4964,60307122,829,954,882,845,39,0
4965,60317122,844,965,910,876,69,505
4966,60327122,855,977,938,904,92,548
4967,60337122,860,951,960,931,116,594
4968,60347122,873,0,991,957,143,619
4969,60357122,880,0,1008,977,156,661
4970,60367122,893,0,1031,996,178,696
4971,60377122,899,0,963,987,186,686
4972,60387122,905,0,1065,1019,262,759
4973,60397122,899,0,1076,1042,308,791
4974,60407122,889,0,1086,1052,332,817
4975,60417122,883,0,1098,1063,353,844
4976,60427122,874,0,1107,1070,384,870
4977,60437122,875,0,1113,1079,409,884
4978,60447122,872,0,1123,1092,427,906
4979,60457122,876,0,1128,1099,443,919
4980,60467122,876,0,1132,1104,468,926
4981,60477122,865,0,1139,1112,480,936
4982,60487122,872,0,1144,1118,502,953
4983,60497122,869,0,1148,1127,513,958
4984,60507122,865,0,1160,1140,537,968
4985,60517122,861,0,1165,1148,549,979
4986,60527122,856,0,1173,1163,563,988
4987,60537122,850,0,1176,1173,578,994
4988,60547122,847,0,1180,1179,588,1000
4989,60557122,845,0,1187,1190,605,1008
4990,60567122,843,0,1191,1151,577,948
4991,60577122,835,0,1199,1208,629,1017
4992,60587122,816,0,1207,1220,642,1029
4993,60597122,803,0,1212,1234,663,1039
4994,60607122,776,0,1217,1240,676,1045
4995,60617122,757,0,1227,1247,691,1054
4996,60627122,743,0,1231,1253,702,1070
4997,60637122,725,0,1141,1233,663,1016
4998,60647122,697,0,1240,1268,728,1069
4999,60657122,685,0,1244,1272,732,1073
5000,60667122,667,0,1246,1277,740,1079
5001,60677122,651,0,1249,1284,744,1081
5002,60687122,636,0,1253,1287,748,1087
5003,60697122,619,0,1160,1267,705,1040
5004,60707122,607,0,1256,1299,764,1098
5005,60717122,596,0,1258,1302,774,1105
5006,60727122,588,0,1261,1297,775,1109
5007,60737122,587,0,1264,1308,781,1111
5008,60747122,590,0,1266,1311,786,1112
5009,60757122,598,0,1267,1311,789,1112
5010,60767122,605,0,1269,1313,791,1114
5011,60777122,614,0,1271,1314,794,1114
5012,60787122,629,0,1265,1313,793,1113
5013,60797122,645,0,1268,1316,794,1109
5014,60807122,662,0,1270,1313,792,1103
5015,60817122,682,0,1270,1314,787,1098
5016,60827122,696,0,1268,1309,784,1093
5017,60837122,718,0,1266,1304,778,1084
5018,60847122,745,0,1262,1302,764,1077
5019,60857122,778,0,1258,1296,755,1077
5020,60867122,814,0,1254,1284,745,1068
5021,60877122,843,0,1250,1274,731,1064
5022,60887122,861,0,1242,1208,681,984
5023,60897122,882,0,1241,1252,700,1047
5024,60907122,906,0,1230,1243,683,1036
5025,60917122,930,0,1225,1234,663,1020
5026,60927122,951,0,1215,1218,631,1006
5027,60937122,979,0,1209,1201,600,995
5028,60947122,1003,0,1206,1192,573,985
5029,60957122,1031,0,1205,1184,554,974
5030,60967122,1046,0,1200,1176,533,963
5031,60977122,1058,0,1197,1170,505,953
5032,60987122,1075,0,1194,1163,486,945
5033,60997122,1086,0,1193,1158,472,935
5034,61007122,1105,0,1191,1152,459,921
5035,61017122,1121,0,1190,1148,454,909
5036,61027122,1131,0,1189,1146,435,894
5037,61037122,1143,0,1186,1142,415,880
5038,61047122,1159,0,1181,1138,397,860
5039,61057122,1174,0,1180,1132,377,840
5040,61067122,1185,0,1181,1130,368,825
5041,61077122,1169,0,1164,1074,373,823
5042,61087122,1196,0,1180,1132,377,814
5043,61097122,1197,0,1181,1133,378,812
5044,61107122,1194,0,1182,1141,389,812
5045,61117122,1190,0,1186,1145,393,817
5046,61127122,1180,0,1188,1148,394,821
5047,61137122,1146,0,1183,1151,402,830
5048,61147122,1153,0,1191,1158,401,839
5049,61157122,1127,0,1191,1159,410,845
5050,61167122,1094,0,1191,1167,422,846
5051,61177122,1046,0,1190,1175,436,855
5052,61187122,985,0,1189,1175,458,870
5053,61197122,920,0,1182,1180,481,878
5054,61207122,832,0,1178,1183,512,889
5055,61217122,694,0,1169,1186,539,908
5056,61227122,552,0,1152,1188,569,922
5057,61237122,389,0,1134,1186,592,936
5058,61247122,232,0,1112,1184,620,946
5059,61257122,119,0,1085,1174,657,961
5060,61267122,39,0,1060,1167,681,969
5061,61277122,0,0,1031,1163,713,968
5062,61287122,0,0,987,1152,724,970
5063,61297122,0,0,950,1142,744,967
5064,61307122,0,0,907,1129,758,968
5065,61317122,0,0,856,1113,777,970
5066,61327122,0,0,807,1099,776,970
5067,61337122,0,0,766,1081,780,972
5068,61347122,0,0,726,1067,786,973
5069,61357122,0,0,680,1051,781,969
5070,61367122,0,1,640,1024,763,973
5071,61377123,0,0,603,1002,748,967
5072,61387122,0,0,574,973,716,961
5073,61397122,0,0,557,942,684,954
5074,61407122,0,0,522,915,676,958
5075,61417122,0,0,481,880,654,939
5076,61427122,0,0,454,849,600,933
5077,61437122,0,0,431,807,521,918
5078,61447122,0,0,420,765,439,887
5079,61457122,0,0,421,744,342,850
5080,61467122,0,0,405,710,255,803
5081,61477122,0,0,396,653,159,738
5082,61487122,0,0,375,616,87,640
5083,61497122,0,0,361,569,18,522
5084,61507122,0,0,356,516,0,346
5085,61517122,0,0,350,470,0,0
5086,61527122,0,0,349,428,0,0
5087,61537122,0,0,330,388,0,0
5088,61547122,0,0,315,348,0,0
5089,61557122,0,0,299,306,0,0
5090,61567122,0,0,287,285,0,0
5091,61577122,0,0,275,263,0,0
5092,61587122,0,0,263,231,0,0
5093,61597122,0,0,249,201,0,0
5094,61607122,0,0,232,173,0,0
5095,61617122,0,0,218,155,0,0
5096,61627122,0,0,213,146,0,0
5097,61637122,0,0,207,145,0,0
5098,61647122,0,0,205,136,0,0
5099,61657122,0,0,194,132,0,0
5100,61667122,0,0,192,131,0,0
5101,61677122,0,0,191,133,0,0
5102,61687122,0,0,186,126,0,0
5103,61697122,0,0,189,128,0,0
5104,61707122,2,0,195,135,0,0
5105,61717122,0,0,200,135,0,0
5106,61727122,0,0,176,120,0,0
5107,61737122,0,0,200,140,0,0
5108,61747122,0,0,205,138,0,0
5109,61757122,0,0,212,140,0,0
5110,61767122,0,0,211,140,0,0
5111,61777122,0,0,205,144,0,0
5112,61787122,0,0,216,136,0,1
5113,61797122,0,0,210,137,0,0
5114,61807122,0,0,207,136,0,0
5115,61817122,0,0,206,135,0,0
5116,61827122,0,0,203,127,0,0
5117,61837122,0,0,203,126,0,0
5118,61847122,0,0,201,127,0,0
5119,61857122,0,0,200,124,0,0
5120,61867122,0,0,198,123,0,0
5121,61877122,0,0,189,117,0,0
5122,61887122,0,0,184,118,0,0
5123,61897122,0,0,179,118,0,0
5124,61907122,0,0,172,112,0,0
5125,61917122,0,0,167,104,0,0
5126,61927122,0,1,157,106,0,0
5127,61937122,0,0,149,100,0,0
5128,61947122,0,0,139,95,0,0
5129,61957122,0,0,135,87,0,0
5130,61967122,0,0,127,81,0,0
5131,61977122,0,0,122,76,0,0
5132,61987123,0,0,125,76,1,0
5133,61997122,0,0,122,74,0,0
5134,62007122,0,0,119,75,0,0
5135,62017122,0,0,120,73,0,0
5136,62027122,0,0,120,72,0,0
5137,62037122,2,0,120,73,0,0
5138,62047122,0,0,118,73,0,0
5139,62057122,0,0,114,70,0,0
5140,62067122,0,0,112,76,0,0
5141,62077122,0,0,116,68,0,1
5142,62087122,0,0,118,67,0,0
5143,62097122,0,0,123,69,0,0
5144,62107122,0,0,121,63,0,0
5145,62117122,0,0,119,57,0,0
5146,62127122,0,0,121,55,0,0
5147,62137122,0,0,122,40,0,0
5148,62147122,0,0,119,48,0,0
5149,62157122,0,0,122,48,0,0
5150,62167122,6,0,119,52,0,0
5151,62177122,43,302,120,54,0,0
5152,62187122,108,418,118,43,0,0
5153,62197122,217,544,112,41,0,0
5154,62207122,358,655,118,38,0,0
5155,62217122,499,747,132,40,0,0
5156,62227122,632,831,157,60,0,0
5157,62237122,706,880,175,76,0,0
5158,62247122,761,901,190,73,0,0
5159,62257122,805,923,224,111,0,0
5160,62267122,837,942,254,141,0,0
5161,62277122,863,966,274,177,0,0
5162,62287122,890,986,284,206,0,0
5163,62297122,926,1008,315,242,0,0
5164,62307122,957,1035,339,262,0,0
5165,62317122,983,1055,366,282,0,0
5166,62327122,1002,1078,388,315,0,0
5167,62337122,1033,1095,408,345,0,3
5168,62347122,1047,1109,452,387,0,41
5169,62357122,1066,1127,494,434,0,79
5170,62367122,1084,1140,538,471,0,135
5171,62377123,1098,1157,567,508,0,172
5172,62387122,1113,1171,597,542,0,215
5173,62397122,1125,1182,634,575,0,251
5174,62407122,1141,1196,666,615,0,278
5175,62417122,1154,1207,701,646,0,303
5176,62427122,1167,1218,743,684,0,345
5177,62437123,1171,0,776,721,0,381
5178,62447122,1173,0,811,748,1,415
5179,62457122,1172,0,853,778,19,444
5180,62467122,1172,0,880,803,44,475
5181,62477122,1174,0,904,828,67,487
5182,62487122,1173,0,925,854,92,506
5183,62497122,1175,0,943,875,105,0
5184,62507122,1178,0,965,894,123,0
5185,62517122,1180,0,977,914,134,0
5186,62527122,1178,0,987,925,150,0
5187,62537122,1178,0,999,938,163,0
5188,62547122,1177,3,1008,946,184,0
5189,62557122,1174,0,1020,959,198,631
5190,62567122,1114,0,1041,976,221,664
5191,62577122,1168,0,1048,985,238,685
5192,62587122,1163,0,1063,998,269,701
5193,62597122,1160,0,1074,1019,278,719
5194,62607122,1148,0,1087,1032,293,739
5195,62617122,1140,0,1099,1046,309,752
5196,62627122,1105,0,1104,1061,332,769
5197,62637122,1124,0,1118,1073,349,788
5198,62647122,1113,0,1127,1084,376,807
5199,62657122,1109,0,1140,1097,399,825
5200,62667122,1100,0,1148,1112,412,850
5201,62677122,1086,0,1162,1127,432,871
5202,62687122,1069,0,1170,1144,456,887
5203,62697123,1045,0,1178,1165,481,909
5204,62707122,1018,0,1185,1181,504,924
5205,62717122,998,0,1194,1195,527,942
5206,62727122,979,0,1202,1208,549,959
5207,62737122,959,0,1209,1222,567,969
5208,62747122,938,0,1214,1229,585,988
5209,62757122,917,0,1226,1239,607,998
5210,62767122,899,0,1231,1247,623,1012
5211,62777122,884,0,1234,1254,648,1022
5212,62787122,865,0,1236,1258,669,1039
5213,62797122,848,0,1240,1266,684,1053
5214,62807122,821,0,1242,1271,700,1057
5215,62817122,797,0,1243,1274,718,1064
5216,62827122,779,0,1245,1281,730,1061
5217,62837122,757,0,1251,1286,740,1086
5218,62847122,735,0,1251,1290,749,1079
5219,62857122,711,0,1253,1293,759,1090
5220,62867122,694,0,1254,1296,765,1095
5221,62877122,686,0,1256,1300,776,1097
5222,62887122,685,0,1258,1300,781,1101
5223,62897122,686,0,1260,1304,785,1103
5224,62907122,690,0,1259,1304,788,1106
5225,62917122,695,0,1260,1306,790,1107
5226,62927122,698,0,1260,1307,793,1108
5227,62937122,698,0,1264,1306,794,1111
5228,62947122,698,0,1264,1309,797,1111
5229,62957122,698,0,1264,1258,761,1036
5230,62967122,698,0,1272,1312,800,1114
5231,62977122,697,0,1267,1313,800,1113
5232,62987122,698,0,1269,1312,804,1114
5233,62997122,700,0,1269,1313,802,1113
5234,63007122,701,0,1266,1313,802,1113
5235,63017122,712,0,1268,1314,807,1112
5236,63027122,711,0,1268,1315,793,1109
5237,63037122,711,0,1266,1314,805,1112
5238,63047122,710,0,1263,1315,803,1111
5239,63057122,703,0,1267,1315,803,1108
5240,63067122,696,0,1268,1315,805,1110
5241,63077122,693,0,1267,1316,806,1111
5242,63087122,684,0,1267,1316,803,1110
5243,63097122,681,0,1266,1317,806,1106
5244,63107122,674,0,1267,1317,813,1104
5245,63117122,676,0,1269,1317,799,1102
5246,63127122,665,0,1270,1319,805,1104
5247,63137122,646,0,1271,1319,806,1103
5248,63147122,612,0,1275,1321,807,1109
5249,63157122,591,0,1274,1323,810,1109
5250,63167122,567,0,1271,1325,811,1107
5251,63177122,540,623,1272,1327,817,1107
5252,63187122,500,823,1266,1329,826,1110
5253,63197122,471,810,1272,1333,826,1113
5254,63207122,432,790,1273,1333,840,1116
5255,63217122,400,764,1273,1336,850,1116
5256,63227122,357,732,1277,1338,860,1125
5257,63237122,301,702,1275,1339,870,1126
5258,63247122,228,644,1275,1344,877,1131
5259,63257122,186,585,1275,1347,882,1140
5260,63267122,121,525,1272,1350,905,1144
5261,63277122,60,446,1272,1350,917,1151
5262,63287122,19,384,1267,1351,931,1165
5263,63297122,0,298,1262,1353,952,1170
5264,63307122,0,222,1256,1354,966,1173
5265,63317122,0,158,1250,1358,978,1178
5266,63327122,0,102,1238,1356,985,1183
5267,63337122,0,45,1225,1355,997,1181
5268,63347122,0,0,1209,1356,1005,1188
5269,63357122,0,0,1192,1356,1009,1194
5270,63367122,0,0,1173,1353,1024,1197
5271,63377123,0,0,1152,1350,1028,1192
5272,63387122,0,0,1123,1342,1042,1198
5273,63397122,0,1,1090,1337,1048,1194
5274,63407122,0,2,967,1302,975,1129
5275,63417122,0,0,1019,1322,1035,1185
5276,63427122,0,0,984,1310,1033,1179
5277,63437122,0,0,940,1293,1023,1172
5278,63447122,0,0,896,1267,1003,1168
5279,63457122,0,0,860,1250,1011,1159
5280,63467122,0,0,821,1224,1012,1143
5281,63477122,0,0,798,1193,1006,1142
5282,63487122,0,0,758,1162,1004,1132
5283,63497122,0,0,712,1131,986,1124
5284,63507122,0,0,677,1101,975,1115
5285,63517122,0,0,648,1075,949,1107
5286,63527122,0,0,616,1043,911,1093
5287,63537122,0,0,570,1005,869,1078
5288,63547122,0,0,538,970,819,1057
5289,63557122,0,0,499,918,747,1034
5290,63567122,0,0,456,872,696,1005
5291,63577122,0,0,435,818,626,973
5292,63587122,0,0,413,753,545,947
5293,63597122,0,0,399,716,438,903
5294,63607122,0,0,366,656,360,845
5295,63617122,0,0,348,597,269,789
5296,63627122,0,0,333,543,177,699
5297,63637122,0,0,317,487,81,603
5298,63647122,0,0,304,424,7,0
5299,63657122,0,0,290,366,0,305
5300,63667122,0,0,221,311,0,124
5301,63677122,0,0,252,277,0,10
5302,63687122,0,0,233,235,0,0
5303,63697122,0,0,215,186,0,0
5304,63707122,0,0,188,148,0,0
5305,63717122,0,0,171,121,0,0
5306,63727122,0,0,143,77,0,0
5307,63737122,1,0,163,97,0,0
5308,63747122,0,0,169,96,0,0
5309,63757122,0,0,174,94,0,0
5310,63767122,0,0,179,97,0,0
5311,63777122,0,0,188,92,0,0
5312,63787123,0,0,152,85,0,0
5313,63797122,0,0,184,87,0,0
5314,63807122,0,0,185,86,0,0
5315,63817122,0,0,190,88,0,0
5316,63827122,0,0,189,88,0,0
5317,63837122,0,0,185,86,0,0
5318,63847122,0,0,189,87,0,0
5319,63857122,0,0,172,83,0,0
5320,63867122,0,0,179,80,0,0
5321,63877122,0,0,171,76,0,0
5322,63887122,0,0,166,71,0,0
5323,63897122,0,0,162,73,0,0
5324,63907122,0,0,159,71,0,0
5325,63917122,0,0,160,70,0,0
5326,63927122,0,0,162,71,0,0
5327,63937122,0,0,157,61,0,0
5328,63947122,0,0,157,59,0,0
5329,63957122,0,0,157,67,0,0
5330,63967122,0,0,152,66,0,0
5331,63977122,0,0,143,64,0,0
5332,63987122,0,0,137,47,0,0
5333,63997122,0,0,134,61,0,0
5334,64007122,0,0,134,61,0,0
5335,64017122,0,0,133,64,0,0
5336,64027122,0,0,133,63,0,0
5337,64037122,0,0,138,63,0,0
5338,64047122,0,0,138,65,0,0
5339,64057123,0,0,107,62,0,0
5340,64067122,0,0,135,67,0,0
5341,64077122,0,0,125,67,0,0
5342,64087122,0,0,122,59,0,0
5343,64097122,0,0,118,54,0,0
5344,64107122,0,0,117,56,0,0
5345,64117122,0,0,118,54,0,0
5346,64127122,0,0,102,40,0,0
5347,64137122,0,0,122,56,0,0
5348,64147122,0,0,122,50,0,0
5349,64157122,0,0,116,54,0,0
5350,64167122,0,0,117,54,0,0
5351,64177122,0,0,115,54,0,0
5352,64187122,0,0,112,55,0,0
5353,64197122,0,0,115,57,0,0
5354,64207122,0,0,117,60,0,0
5355,64217122,0,0,120,64,0,0
5356,64227122,0,0,123,65,0,0
5357,64237122,0,0,124,65,0,0
5358,64247122,0,0,123,61,0,0
5359,64257122,0,0,104,46,0,0
5360,64267122,0,0,123,60,0,0
5361,64277122,0,0,125,63,0,0
5362,64287122,0,0,125,64,0,0
5363,64297122,0,0,132,73,0,0
5364,64307122,0,0,142,84,0,0
5365,64317122,0,0,174,112,0,0
5366,64327122,0,0,184,116,0,0
5367,64337122,0,0,189,117,0,0
5368,64347122,0,0,199,138,0,0
5369,64357122,0,0,236,168,0,0
5370,64367122,0,55,285,227,0,10
5371,64377123,0,113,339,296,0,72
5372,64387122,0,145,393,359,0,141
5373,64397122,0,183,427,436,0,243
5374,64407122,6,225,488,519,0,317
5375,64417122,36,280,558,604,0,402
5376,64427122,55,337,620,671,0,459
5377,64437122,76,385,685,736,0,534
5378,64447122,91,429,743,782,16,573
5379,64457122,124,476,796,824,43,612
5380,64467122,154,524,842,860,63,648
5381,64477122,199,569,879,896,79,679
5382,64487122,236,0,909,923,98,697
5383,64497122,282,0,932,947,108,713
5384,64507122,356,0,952,970,115,724
5385,64517122,422,0,889,962,97,665
5386,64527122,494,0,996,997,127,0
5387,64537122,569,0,1010,1005,132,0
5388,64547122,634,0,1020,1012,138,0
5389,64557122,702,0,1038,1017,137,695
5390,64567122,777,0,1045,1020,151,686
5391,64577122,841,0,1052,1023,152,740
5392,64587122,901,0,1063,1028,163,723
5393,64597122,949,3,1070,1033,161,731
5394,64607122,994,0,1080,1036,167,732
5395,64617122,1034,0,1083,1038,171,726
5396,64627122,1070,0,1093,1039,158,718
5397,64637122,1108,0,1096,1039,146,710
5398,64647122,1086,0,1093,1042,126,690
5399,64657122,1171,0,1106,1041,112,667
5400,64667122,1194,0,1102,1042,112,662
5401,64677122,1219,0,1115,1042,110,665
5402,64687122,1237,0,1112,1039,113,658
5403,64697122,1253,0,1114,1041,120,661
5404,64707122,1216,0,1042,1017,93,665
5405,64717122,1275,0,1114,1037,131,671
5406,64727122,1287,0,1112,1035,137,678
5407,64737122,1293,0,1111,1031,144,683
5408,64747122,1300,0,1116,1022,150,685
5409,64757122,1302,1419,1120,1018,150,688
5410,64767122,1305,1427,1107,1015,156,699
5411,64777122,1308,1430,1109,1013,162,696
5412,64787122,1310,1431,1118,1010,166,705
5413,64797122,1311,1431,1101,1011,171,715
5414,64807122,1314,1433,1103,1008,176,719
5415,64817122,1316,1434,1101,995,179,729
5416,64827122,1318,1436,1098,996,182,725
5417,64837122,1261,1441,1097,994,179,725
5418,64847122,1321,1437,1095,983,184,728
5419,64857122,1320,1437,1097,995,186,730
5420,64867122,1320,1437,1093,995,188,730
5421,64877122,1319,1437,1091,991,189,730
5422,64887122,1319,1438,1091,992,195,730
5423,64897122,1321,1435,1083,936,169,677
5424,64907122,1323,1442,1081,977,190,727
5425,64917122,1323,1445,1081,965,186,719
5426,64927122,1326,1441,1084,970,188,712
5427,64937122,1328,1448,1077,967,183,706
5428,64947122,1331,1451,1072,968,181,699
5429,64957122,1334,1455,1068,955,182,694
5430,64967122,1338,1459,1065,954,182,686
5431,64977122,1337,1462,1057,950,185,679
5432,64987122,1341,1464,1059,950,177,675
5433,64997122,1352,1467,1053,943,184,675
5434,65007122,1352,1468,1051,938,180,673
5435,65017122,1354,1471,1049,932,183,671
5436,65027122,1356,1475,1046,927,186,671
5437,65037123,1362,1479,1040,920,183,670
5438,65047122,1362,1481,1033,921,184,670
5439,65057122,1362,1482,1025,913,182,665
5440,65067122,1366,1483,1021,902,183,664
5441,65077122,1368,1485,1020,896,181,662
5442,65087122,1384,1485,1020,892,182,663
5443,65097122,1368,1481,1014,840,167,608
5444,65107122,1373,1485,1014,882,185,664
5445,65117122,1371,1488,1010,875,190,667
5446,65127122,1370,1483,1008,874,188,667
5447,65137122,1372,1505,1005,869,196,668
5448,65147122,1370,1487,1008,870,199,668
5449,65157122,1373,1481,1006,831,182,620
5450,65167122,1369,1486,1012,871,209,680
5451,65177122,1377,1485,1014,874,214,687
5452,65187122,1355,1482,1019,875,222,695
5453,65197122,1350,1473,1022,879,228,710
5454,65207122,1348,1469,1027,880,240,719
5455,65217122,1338,1453,1035,884,250,730
5456,65227122,1325,1453,1034,887,271,746
5457,65237122,1320,1435,1038,887,286,762
5458,65247122,1304,1421,1042,889,300,779
5459,65257122,1291,1409,1042,892,307,793
5460,65267122,1269,1392,1041,894,319,805
5461,65277122,1262,1373,1044,901,330,0
5462,65287122,1254,1350,1045,905,343,0
5463,65297122,1240,1333,1044,908,350,0
5464,65307122,1228,1313,1045,909,360,0
5465,65317122,1221,1308,1044,910,374,0
5466,65327122,1214,1296,1042,911,380,0
5467,65337122,1206,1289,1042,908,396,0
5468,65347122,1190,1275,1042,909,401,0
5469,65357122,1180,1256,1041,910,409,0
5470,65367122,1167,1240,1040,911,417,0
5471,65377123,1157,1219,1034,910,423,0
5472,65387122,1156,1213,1033,908,425,0
5473,65397122,1146,1211,1027,907,429,0
5474,65407122,1143,1211,1019,903,435,0
5475,65417122,1116,1113,1009,898,437,0
5476,65427122,1142,1212,1004,891,437,0
5477,65437122,1139,1214,995,885,432,0
5478,65447122,1143,1215,982,873,425,867
5479,65457122,1142,1213,970,863,418,864
5480,65467122,1143,1211,957,852,409,860
5481,65477122,1123,1134,901,798,391,859
5482,65487122,1146,1209,932,818,370,852
5483,65497122,1144,1206,912,794,354,840
5484,65507122,1139,1201,889,766,333,818
5485,65517122,1135,1198,865,740,301,798
5486,65527122,1133,1196,840,718,264,776
5487,65537123,1085,1142,748,667,204,677
5488,65547123,1120,0,779,678,215,729
5489,65557123,1100,0,744,656,187,714
5490,65567123,1070,0,713,636,173,696
5491,65577123,1036,0,679,622,157,683
5492,65587123,996,0,651,603,140,663
5493,65597123,955,0,615,586,117,647
5494,65607123,926,0,589,559,103,628
5495,65617123,875,0,560,539,101,612
5496,65627123,816,0,525,520,86,588
5497,65637123,758,0,484,491,78,557
5498,65647123,686,0,453,479,63,525
5499,65657123,614,760,417,456,42,489
5500,65667123,541,725,388,398,20,411
5501,65677123,464,675,370,406,21,421
5502,65687123,377,622,348,365,4,395
5503,65697123,280,576,331,335,0,345
5504,65707123,204,520,301,300,0,287
5505,65717123,148,467,279,251,0,236
5506,65727123,101,405,239,214,0,169
5507,65737123,53,349,207,182,0,109
5508,65747123,27,309,147,123,0,45
5509,65757123,4,252,124,77,0,0
5510,65767123,0,0,116,63,0,0
5511,65777123,0,0,104,40,0,0
5512,65787123,0,0,88,26,0,0
5513,65797122,0,0,43,13,0,0
5514,65807122,0,0,70,10,0,0
5515,65817122,0,0,67,6,0,0
5516,65827122,0,0,70,6,0,0
5517,65837122,0,0,71,9,0,0
5518,65847122,0,0,81,13,0,0
5519,65857122,0,0,85,18,0,0
5520,65867122,0,0,58,14,0,0
5521,65877122,0,0,93,25,0,0
5522,65887122,0,0,100,24,0,0
5523,65897122,0,0,109,24,0,0
5524,65907122,0,0,109,21,0,0
5525,65917122,0,0,118,22,0,0
5526,65927122,0,0,119,23,0,0
5527,65937122,0,0,123,25,0,0
5528,65947122,0,0,128,24,0,0
5529,65957122,0,0,126,27,0,0
5530,65967122,0,0,133,28,0,0
5531,65977122,0,0,134,24,0,0
5532,65987122,0,0,130,23,0,0
5533,65997122,0,0,125,24,0,0
5534,66007122,0,0,123,23,0,0
5535,66017122,0,0,122,21,0,0
5536,66027122,0,0,120,22,0,0
5537,66037122,0,0,120,21,0,0
5538,66047122,0,0,116,20,0,0
5539,66057122,0,0,110,19,0,0
5540,66067122,0,0,104,16,0,0
5541,66077122,0,0,100,12,0,0
5542,66087122,0,0,91,12,0,0
5543,66097122,0,0,89,10,0,0
5544,66107122,0,0,85,11,0,0
5545,66117122,0,0,84,10,0,0
5546,66127122,0,0,84,10,0,0
5547,66137123,0,0,57,6,0,0
5548,66147122,0,0,86,13,0,0
5549,66157122,0,0,90,17,0,0
5550,66167122,0,0,89,17,0,1
5551,66177122,0,0,76,15,0,0
5552,66187122,0,56,68,18,0,0
5553,66197122,0,55,58,17,0,0
5554,66207123,0,36,29,11,0,0
5555,66217122,0,55,51,15,0,0
5556,66227122,0,54,40,12,0,0
5557,66237122,0,50,41,7,0,0
5558,66247122,0,48,41,7,0,0
5559,66257122,0,46,39,5,0,0
5560,66267122,0,47,37,3,4,0
5561,66277122,0,42,34,9,0,0
5562,66287122,0,42,31,8,0,0
5563,66297122,0,34,29,10,0,0
5564,66307122,0,34,28,9,0,0
5565,66317122,0,27,27,10,0,0
5566,66327122,0,33,26,8,0,0
5567,66337122,0,37,24,6,0,0
5568,66347122,0,47,27,12,0,0
5569,66357122,0,49,32,4,0,0
5570,66367122,0,56,32,7,0,0
5571,66377123,0,70,34,8,0,0
5572,66387122,0,90,37,6,0,0
5573,66397122,0,107,37,9,0,0
5574,66407122,0,146,37,6,0,0
5575,66417122,0,170,37,6,0,0
5576,66427122,0,207,39,3,0,0
5577,66437122,0,0,43,5,0,0
5578,66447122,24,0,40,9,0,0
5579,66457122,85,439,49,19,0,0
5580,66467122,184,549,94,43,0,0
5581,66477122,290,627,124,63,0,0
5582,66487122,398,701,157,88,0,0
5583,66497122,504,778,189,129,0,0
5584,66507122,595,844,238,183,0,0
5585,66517122,660,880,278,234,0,0
5586,66527123,669,868,288,265,0,3
5587,66537122,743,935,372,348,0,51
5588,66547122,779,958,408,396,0,92
5589,66557122,813,989,455,442,0,136
5590,66567122,857,1012,490,488,0,167
5591,66577122,892,1037,527,531,0,204
5592,66587122,922,1060,566,568,0,247
5593,66597123,940,1080,602,611,0,285
5594,66607122,965,1097,638,653,0,308
5595,66617122,981,1119,669,690,0,337
5596,66627122,997,1088,696,722,0,361
5597,66637122,1015,0,734,744,0,389
5598,66647122,1028,0,761,761,0,414
5599,66657122,1014,0,789,784,0,427
5600,66667122,1067,0,823,806,0,452
5601,66677122,1078,0,852,830,0,462
5602,66687122,1085,0,873,848,4,473
5603,66697122,1109,0,891,867,7,483
5604,66707122,1122,0,913,887,22,499
5605,66717122,1131,0,932,909,28,510
5606,66727122,1124,0,941,925,39,525
5607,66737122,1164,0,959,940,47,536
5608,66747122,1175,0,976,951,61,0
5609,66757122,1190,0,988,964,77,0
5610,66767122,1215,0,1002,976,85,0
5611,66777122,1223,0,1013,984,95,0
5612,66787122,1225,0,942,974,80,0
5613,66797122,1245,0,1044,1004,110,0
5614,66807122,1250,1374,1050,1010,113,0
5615,66817122,1255,1382,1064,1019,114,0
5616,66827122,1258,1393,1075,1034,122,0
5617,66837122,1262,1400,1082,1045,136,0
5618,66847122,1265,1401,1090,1053,137,0
5619,66857122,1263,1404,1098,1061,148,0
5620,66867122,1263,1403,1100,1065,153,607
5621,66877122,1260,1405,1107,1076,156,621
5622,66887122,1259,1407,1114,1078,164,629
5623,66897122,1253,1406,1121,1090,170,641
5624,66907122,1249,1403,1127,1095,175,655
5625,66917122,1207,1318,1103,1101,192,663
5626,66927122,1245,1400,1135,1106,204,673
5627,66937122,1240,1397,1142,1111,216,681
5628,66947122,1233,1386,1148,1117,231,692
5629,66957122,1222,1378,1154,1124,245,701
5630,66967122,1205,1368,1159,1134,265,715
5631,66977123,1140,1303,1093,1124,232,727
5632,66987122,1170,1350,1171,1160,291,742
5633,66997122,1145,1335,1176,1173,300,757
5634,67007122,1127,1323,1181,1189,315,776
5635,67017122,1108,0,1190,1202,332,794
5636,67027122,1087,0,1195,1214,357,809
5637,67037123,1024,1189,1141,1155,357,747
5638,67047122,1052,0,1207,1236,392,833
5639,67057122,1031,0,1212,1244,409,846
5640,67067122,1006,0,1219,1253,426,860
5641,67077122,990,0,1225,1259,436,872
5642,67087122,967,0,1230,1267,454,885
5643,67097122,953,0,1234,1274,470,896
5644,67107122,942,0,1235,1277,483,906
5645,67117122,935,0,1237,1283,493,915
5646,67127122,930,0,1238,1286,500,919
5647,67137122,924,0,1240,1286,513,922
5648,67147122,919,0,1240,1291,523,931
5649,67157122,913,0,1243,1292,529,935
5650,67167122,902,0,1244,1295,536,941
5651,67177122,892,0,1244,1296,543,942
5652,67187122,889,0,1246,1299,549,948
5653,67197122,888,0,1247,1302,553,951
5654,67207122,885,0,1248,1302,556,952
5655,67217122,883,0,1249,1304,560,953
5656,67227122,882,0,1250,1306,564,954
5657,67237122,879,0,1251,1305,568,955
5658,67247122,875,0,1252,1306,569,957
5659,67257122,874,0,1251,1307,571,957
5660,67267122,871,0,1252,1309,573,958
5661,67277122,870,0,1253,1309,581,958
5662,67287122,866,0,1254,1310,579,962
5663,67297122,862,0,1254,1313,581,966
5664,67307122,859,0,1255,1312,581,966
5665,67317122,857,0,1255,1313,580,965
5666,67327122,853,0,1256,1316,588,966
5667,67337122,848,0,1256,1315,583,966
5668,67347122,841,0,1257,1317,583,967
5669,67357122,837,0,1258,1319,583,969
5670,67367122,838,0,1257,1319,588,970
5671,67377122,830,0,1258,1321,588,973
5672,67387122,828,0,1260,1322,596,973
5673,67397122,825,0,1260,1323,591,975
5674,67407122,818,0,1260,1324,598,977
5675,67417122,807,0,1262,1325,603,979
5676,67427122,749,0,1263,1328,606,980
5677,67437122,776,0,1263,1326,614,984
5678,67447122,759,0,1262,1326,624,986
5679,67457122,744,0,1261,1326,623,987
5680,67467122,729,0,1260,1325,623,990
5681,67477122,699,0,1259,1324,628,992
5682,67487122,645,0,1253,1324,640,994
5683,67497122,618,0,1256,1323,644,997
5684,67507122,567,0,1255,1324,659,1004
5685,67517122,505,747,1252,1324,665,1008
5686,67527122,432,816,1248,1323,678,1013
5687,67537122,360,762,1244,1321,687,1020
5688,67547122,275,657,1182,1265,697,1019
5689,67557122,201,646,1230,1319,703,1023
5690,67567122,151,573,1215,1318,706,1024
5691,67577122,75,493,1205,1313,715,1028
5692,67587122,27,410,1192,1307,722,1026
5693,67597122,0,313,1179,1304,729,1033
5694,67607122,0,236,1163,1248,703,970
5695,67617122,0,180,1147,1295,749,1035
5696,67627122,0,114,1125,1286,757,1041
5697,67637122,0,57,1101,1271,758,1030
5698,67647122,0,0,1067,1261,765,1016
5699,67657122,0,0,1032,1244,756,1008
5700,67667122,0,0,982,1228,745,908
5701,67677122,0,0,947,1201,730,960
5702,67687122,0,0,910,1173,698,917
5703,67697122,0,0,872,1142,650,874
5704,67707122,0,0,829,1103,614,839
5705,67717122,0,0,778,1069,583,795
5706,67727122,0,0,727,1032,531,755
5707,67737122,0,0,657,922,407,706
5708,67747122,0,0,645,934,378,639
5709,67757122,0,0,612,867,263,548
5710,67767122,0,0,572,791,187,439
5711,67777122,0,0,538,714,98,336
5712,67787122,0,0,496,651,29,0
5713,67797122,0,0,457,572,0,0
5714,67807122,0,0,439,511,0,0
5715,67817122,0,0,412,440,0,0
5716,67827122,0,0,378,367,0,0
5717,67837122,0,0,354,302,0,0
5718,67847122,0,0,334,242,0,0
5719,67857122,0,0,311,180,0,0
5720,67867122,0,0,295,156,0,0
5721,67877122,0,0,297,152,0,0
5722,67887122,0,0,309,157,0,0
5723,67897122,0,0,315,154,0,0
5724,67907122,0,0,324,160,0,0
5725,67917122,0,0,328,165,0,0
5726,67927123,0,0,295,161,0,0
5727,67937122,0,0,334,175,0,0
5728,67947122,0,0,336,168,0,0
5729,67957122,0,0,331,164,0,0
5730,67967122,0,0,313,155,0,0
5731,67977122,0,0,302,147,0,0
5732,67987122,0,0,300,144,0,0
5733,67997122,0,0,290,139,0,0
5734,68007122,0,0,276,131,0,0
5735,68017122,0,0,267,129,0,0
5736,68027122,0,0,264,119,0,0
5737,68037122,0,0,253,120,0,0
5738,68047122,0,0,252,121,0,0
5739,68057122,0,0,241,111,0,0
5740,68067122,0,0,238,109,0,0
5741,68077122,0,0,236,104,0,0
5742,68087122,0,0,254,101,0,0
5743,68097122,0,0,256,99,0,0
5744,68107122,0,0,234,89,0,0
5745,68117122,0,0,218,78,0,0
5746,68127122,0,2,195,72,0,0
5747,68137122,0,2,178,64,0,0
5748,68147122,0,0,179,65,0,0
5749,68157122,0,0,179,60,0,0
5750,68167122,0,0,178,60,0,0
5751,68177122,0,0,176,64,0,0
5752,68187122,0,0,173,63,0,0
5753,68197122,0,0,170,60,0,0
5754,68207122,0,0,158,55,0,0
5755,68217122,0,0,150,53,0,0
5756,68227122,0,0,142,53,0,0
5757,68237122,0,0,139,54,0,0
5758,68247122,0,0,145,57,0,0
5759,68257122,0,0,125,41,0,0
5760,68267122,0,0,146,55,0,0
5761,68277122,0,0,144,53,0,0
5762,68287122,0,0,138,51,0,0
5763,68297122,0,0,136,49,0,0
5764,68307122,0,0,125,45,0,0
5765,68317122,0,0,123,46,0,0
5766,68327123,0,0,116,49,0,0
5767,68337122,0,0,107,43,0,0
5768,68347122,0,0,101,40,0,0
5769,68357122,0,0,95,36,0,0
5770,68367122,0,0,93,31,0,0
5771,68377123,0,2,95,30,0,0
5772,68387122,0,0,99,34,0,0
5773,68397123,0,0,101,38,0,0
5774,68407122,0,0,101,38,0,0
5775,68417122,0,0,99,35,0,0
5776,68427122,0,0,92,32,0,0
5777,68437122,0,0,87,28,0,0
5778,68447122,0,0,79,30,0,0
5779,68457122,0,0,74,29,0,0
5780,68467122,0,0,75,29,0,0
5781,68477122,0,0,79,28,0,0
5782,68487122,0,0,84,22,0,0
5783,68497122,0,0,86,23,0,0
5784,68507122,0,0,87,20,0,0
5785,68517122,0,0,85,16,0,0
5786,68527122,0,0,85,14,0,0
5787,68537122,0,0,85,11,0,0
5788,68547122,6,0,86,19,0,0
5789,68557122,45,376,83,20,0,0
5790,68567122,93,469,80,14,0,0
5791,68577122,189,567,82,15,0,0
5792,68587122,329,667,89,12,0,0
5793,68597122,470,742,92,17,0,0
5794,68607122,582,804,109,19,0,0
5795,68617122,667,845,154,74,0,0
5796,68627122,701,858,227,140,0,0
5797,68637122,699,853,279,212,0,0
5798,68647122,671,771,328,275,0,0
5799,68657122,681,851,380,348,0,0
5800,68667122,674,838,412,407,0,31
5801,68677122,657,826,467,464,0,113
5802,68687122,637,813,512,511,0,200
5803,68697122,631,820,556,548,0,274
5804,68707122,600,797,541,545,0,279
5805,68717122,628,852,615,635,0,385
5806,68727122,635,859,656,674,0,439
5807,68737122,646,869,698,709,22,487
5808,68747122,658,878,742,743,54,523
5809,68757122,670,893,783,773,86,557
5810,68767122,686,920,824,803,106,589
5811,68777122,676,875,842,840,123,0
5812,68787122,736,963,887,865,154,0
5813,68797122,755,0,917,891,185,0
5814,68807122,774,0,947,923,216,688
5815,68817122,785,0,974,955,247,717
5816,68827122,792,0,998,985,283,731
5817,68837122,797,0,1023,1014,297,750
5818,68847122,766,0,1030,1039,316,764
5819,68857122,812,0,1072,1054,338,778
5820,68867122,826,0,1083,1068,346,784
5821,68877122,844,0,1100,1079,369,791
5822,68887122,858,0,1117,1095,371,797
5823,68897122,867,0,1132,1110,379,805
5824,68907122,871,0,1146,1125,393,809
5825,68917122,875,0,1159,1139,401,819
5826,68927122,881,0,1166,1155,417,824
5827,68937122,883,0,1175,1174,433,828
5828,68947122,882,0,1186,1190,440,835
5829,68957122,877,0,1195,1201,468,837
5830,68967122,870,0,1204,1211,471,844
5831,68977122,822,0,1183,1225,475,844
5832,68987122,858,0,1218,1230,480,844
5833,68997122,855,0,1226,1240,489,845
5834,69007122,851,0,1231,1246,491,858
5835,69017122,839,0,1235,1254,501,852
5836,69027122,821,0,1239,1258,506,856
5837,69037122,814,0,1242,1265,517,861
5838,69047122,810,0,1244,1269,516,862
5839,69057122,810,0,1247,1272,529,859
5840,69067122,814,0,1248,1275,532,855
5841,69077122,820,0,1252,1275,533,857
5842,69087122,827,0,1251,1273,528,856
5843,69097122,839,0,1253,1273,530,859
5844,69107122,852,0,1253,1272,528,859
5845,69117122,863,0,1251,1272,533,859
5846,69127122,873,0,1252,1270,525,856
5847,69137122,886,0,1249,1266,525,864
5848,69147122,895,0,1248,1260,522,864
5849,69157122,912,0,1237,1250,518,866
5850,69167122,934,0,1236,1189,481,808
5851,69177122,951,0,1228,1225,507,869
5852,69187122,970,0,1230,1214,509,870
5853,69197122,987,0,1226,1207,506,868
5854,69207122,997,0,1220,1206,503,869
5855,69217122,1006,0,1222,1202,501,865
5856,69227122,1016,0,1224,1202,496,862
5857,69237122,1026,0,1222,1149,465,802
5858,69247122,1036,0,1226,1197,490,863
5859,69257122,1042,0,1220,1193,488,864
5860,69267122,1044,1211,1214,1188,487,864
5861,69277122,1046,1215,1211,1184,483,858
5862,69287122,1049,0,1212,1176,481,874
5863,69297122,1051,1216,1206,1176,478,871
5864,69307122,1055,1220,1208,1171,476,870
5865,69317122,1062,0,1206,1177,476,872
5866,69327122,1062,0,1206,1172,473,875
5867,69337122,1063,0,1205,1174,473,878
5868,69347122,1062,0,1202,1170,471,877
5869,69357122,1062,0,1196,1174,475,882
5870,69367123,1014,0,1130,1150,414,880
5871,69377123,1060,0,1208,1175,467,892
5872,69387122,1059,0,1203,1174,464,888
5873,69397122,1058,0,1200,1180,459,889
5874,69407122,1059,0,1203,1173,453,891
5875,69417122,1058,0,1204,1175,442,890
5876,69427122,1055,0,1201,1183,433,887
5877,69437122,1055,0,1199,1176,427,888
5878,69447122,1056,0,1202,1178,424,892
5879,69457122,1057,0,1200,1177,422,892
5880,69467122,1060,0,1204,1181,422,897
5881,69477122,1058,0,1210,1181,430,902
5882,69487122,1055,0,1202,1179,435,904
5883,69497122,1051,0,1205,1188,429,907
5884,69507122,1043,0,1207,1189,444,908
5885,69517122,1032,0,1208,1197,453,915
5886,69527122,1012,0,1211,1203,470,921
5887,69537122,994,0,1211,1207,484,926
5888,69547122,973,0,1216,1217,500,931
5889,69557122,948,0,1224,1224,525,935
5890,69567122,919,0,1230,1232,538,939
5891,69577122,884,0,1227,1238,559,948
5892,69587122,855,0,1230,1244,579,952
5893,69597122,803,2,1234,1250,589,955
5894,69607122,732,0,1234,1257,609,964
5895,69617122,667,0,1235,1260,624,970
5896,69627122,597,0,1236,1268,649,974
5897,69637122,535,0,1235,1272,669,982
5898,69647122,457,0,1234,1280,682,995
5899,69657122,372,0,1235,1286,698,1003
5900,69667122,282,0,1229,1291,717,1012
5901,69677122,189,0,1224,1295,736,1032
5902,69687122,82,59,1208,1300,759,1044
5903,69697122,31,382,1203,1302,776,1052
5904,69707122,0,269,1190,1303,792,1067
5905,69717122,0,172,1174,1304,810,1068
5906,69727122,0,0,1159,1307,826,1075
5907,69737122,0,0,1136,1303,856,1075
5908,69747122,0,0,1023,1272,812,1029
5909,69757122,0,0,1080,1298,894,1089
5910,69767122,0,0,1050,1293,916,1097
5911,69777122,0,0,1013,1287,939,1097
5912,69787122,0,0,976,1273,953,1098
5913,69797122,0,0,937,1267,968,1103
5914,69807122,0,0,897,1254,971,1101
5915,69817123,0,0,805,1216,893,1100
5916,69827122,0,0,844,1226,966,1095
5917,69837122,0,0,813,1206,943,1084
5918,69847122,0,0,793,1188,911,1077
5919,69857122,0,0,751,1164,872,1055
5920,69867122,0,0,735,1139,821,1023
5921,69877122,0,0,733,1117,775,975
5922,69887122,0,0,711,1094,714,915
5923,69897122,0,0,694,1070,635,830
5924,69907122,0,0,669,1042,547,726
5925,69917122,0,0,651,1004,431,596
5926,69927122,0,0,628,971,274,451
5927,69937122,0,0,604,920,138,239
5928,69947122,0,0,529,845,20,56
5929,69957122,0,0,581,805,0,0
5930,69967122,0,0,569,739,0,0
5931,69977122,0,0,550,694,0,0
5932,69987122,0,0,535,647,0,0
5933,69997122,0,0,513,586,0,0
5934,70007122,0,0,486,506,0,0
5935,70017122,0,0,414,396,0,0
5936,70027122,0,0,419,366,0,0
5937,70037122,0,0,379,310,0,0
5938,70047122,0,0,356,271,0,0
5939,70057122,0,0,340,239,0,0
5940,70067122,0,0,332,229,0,0
5941,70077122,0,0,317,222,0,0
5942,70087122,0,0,311,210,0,0
5943,70097122,0,0,304,210,0,0
5944,70107122,0,0,299,191,0,0
5945,70117122,0,0,300,184,0,0
5946,70127122,0,0,300,185,0,0
5947,70137122,0,0,300,185,0,0
5948,70147122,0,0,299,186,0,0
5949,70157122,0,0,299,186,0,0
5950,70167122,0,0,300,187,0,0
5951,70177122,0,0,302,190,0,0
5952,70187122,0,0,302,193,0,0
5953,70197122,0,0,299,193,0,0
5954,70207122,0,0,319,199,0,0
5955,70217122,0,0,326,196,0,0
5956,70227122,0,0,309,166,0,0
5957,70237122,0,0,284,148,0,0
5958,70247122,0,0,253,136,0,0
5959,70257122,0,0,233,132,0,0
5960,70267122,0,0,221,124,0,0
5961,70277122,0,0,220,125,0,0
5962,70287122,0,0,221,130,0,0
5963,70297122,0,0,227,134,0,0
5964,70307122,0,0,232,131,0,0
5965,70317122,0,0,236,131,0,0
5966,70327122,0,0,241,129,0,0
5967,70337122,0,0,243,124,0,0
5968,70347122,0,0,242,131,0,0
5969,70357122,0,0,236,129,0,0
5970,70367122,0,0,228,124,0,0
5971,70377122,0,0,214,120,0,0
5972,70387122,0,0,203,114,0,0
5973,70397122,0,0,194,110,0,0
5974,70407122,0,0,184,102,0,0
5975,70417122,0,0,179,99,0,0
5976,70427122,0,0,174,92,0,0
5977,70437122,0,0,170,89,0,0
5978,70447122,0,0,166,88,0,0
5979,70457122,0,0,159,88,0,0
5980,70467122,0,0,161,89,0,0
5981,70477122,0,0,161,91,0,0
5982,70487122,0,0,159,91,0,0
5983,70497122,0,0,156,85,0,3
5984,70507122,0,0,154,84,0,0
5985,70517122,0,0,155,86,0,0
5986,70527122,0,0,146,85,0,0
5987,70537123,0,0,112,72,0,0
5988,70547122,0,0,137,81,0,0
5989,70557122,0,0,125,75,0,0
5990,70567122,0,0,119,71,0,0
5991,70577122,0,0,109,68,0,0
5992,70587122,0,0,104,64,0,0
5993,70597122,0,0,90,57,0,0
5994,70607122,0,0,93,52,0,0
5995,70617122,0,0,96,52,0,0
5996,70627122,0,0,99,53,0,0
5997,70637122,0,0,103,55,0,0
5998,70647122,0,0,107,57,0,0
5999,70657122,0,0,103,55,0,0
6000,70667122,0,0,97,52,0,0
6001,70677122,0,0,95,47,0,0
6002,70687122,0,0,85,47,0,0
6003,70697122,0,0,83,45,0,0
6004,70707122,0,0,79,43,0,0
6005,70717122,0,0,78,42,0,0
6006,70727122,0,0,77,41,0,0
6007,70737122,0,0,80,40,0,0
6008,70747122,0,0,80,44,0,0
6009,70757122,0,0,84,41,0,0
6010,70767122,3,0,84,41,0,0
6011,70777122,59,339,85,37,0,0
6012,70787122,124,438,91,28,0,0
6013,70797122,217,525,102,36,0,0
6014,70807122,301,602,118,51,0,0
6015,70817122,356,633,151,90,0,0
6016,70827122,380,647,161,93,0,0
6017,70837122,417,672,191,124,1,0
6018,70847122,454,683,232,169,0,0
6019,70857122,476,686,254,204,0,0
6020,70867122,495,688,276,239,0,0
6021,70877122,522,716,301,275,0,16
6022,70887122,557,742,329,309,0,83
6023,70897122,587,776,363,344,0,167
6024,70907122,615,786,392,381,0,239
6025,70917122,635,798,442,425,0,301
6026,70927122,646,742,482,472,0,335
6027,70937122,691,841,533,519,0,380
6028,70947122,718,860,567,558,4,426
6029,70957122,743,892,595,596,0,461
6030,70967122,766,910,624,627,1,487
6031,70977122,786,924,660,650,12,508
6032,70987122,787,876,652,634,36,533
6033,70997122,817,950,733,697,57,562
6034,71007122,827,953,759,723,75,583
6035,71017122,842,962,784,750,101,601
6036,71027122,857,968,811,774,128,621
6037,71037122,868,984,857,789,140,646
6038,71047122,873,987,794,788,139,626
6039,71057122,891,999,891,838,185,0
6040,71067122,904,1007,912,853,204,0
6041,71077122,916,1020,925,867,221,0
6042,71087122,918,1019,938,878,243,0
6043,71097122,927,0,952,891,274,0
6044,71107122,937,0,968,905,283,0
6045,71117123,906,0,907,896,252,0
6046,71127122,959,0,984,925,315,0
6047,71137122,956,0,992,934,336,0
6048,71147122,961,0,1001,943,354,0
6049,71157122,963,0,1012,955,374,0
6050,71167122,966,0,1024,970,389,823
6051,71177122,969,0,1041,980,407,837
6052,71187122,954,0,1045,988,417,847
6053,71197122,981,0,1061,998,429,856
6054,71207122,989,0,1068,1006,438,868
6055,71217122,993,0,1076,1015,444,874
6056,71227122,1002,0,1083,1026,462,885
6057,71237122,999,0,1090,1031,474,891
6058,71247122,1007,0,1100,1045,485,904
6059,71257122,953,0,1109,1053,496,913
6060,71267122,1007,0,1117,1061,514,918
6061,71277122,1008,0,1121,1066,533,925
6062,71287122,1008,0,1127,1070,541,934
6063,71297122,1003,0,1133,1078,555,940
6064,71307122,1003,0,1139,1082,567,944
6065,71317122,1007,0,1144,1041,545,889
6066,71327122,1005,0,1147,1094,582,962
6067,71337122,1002,0,1156,1097,594,967
6068,71347122,995,0,1162,1103,600,975
6069,71357122,985,0,1165,1108,606,979
6070,71367122,972,0,1169,1114,611,986
6071,71377123,960,0,1172,1122,616,987
6072,71387122,950,0,1174,1125,625,991
6073,71397122,935,0,1178,1129,633,997
6074,71407122,924,0,1179,1132,643,1002
6075,71417122,919,0,1181,1136,649,1007
6076,71427122,911,0,1183,1142,657,1010
6077,71437122,904,0,1188,1148,663,1014
6078,71447123,860,0,1116,1136,597,1014
6079,71457122,891,0,1192,1163,676,1030
6080,71467122,885,0,1193,1167,681,1035
6081,71477122,885,0,1195,1174,686,1039
6082,71487122,878,0,1197,1175,692,1043
6083,71497122,877,0,1200,1181,697,1044
6084,71507122,879,0,1111,1159,652,993
6085,71517122,879,0,1206,1188,714,1049
6086,71527122,879,0,1208,1190,715,1053
6087,71537122,880,0,1209,1192,720,1058
6088,71547122,877,0,1211,1195,724,1060
6089,71557122,875,0,1212,1197,723,1061
6090,71567122,872,0,1212,1201,727,1062
6091,71577122,846,0,1210,1204,729,1063
6092,71587122,863,0,1213,1204,730,1064
6093,71597122,858,0,1214,1207,731,1064
6094,71607122,859,0,1215,1207,729,1063
6095,71617122,859,0,1219,1208,728,1063
6096,71627122,857,0,1220,1210,724,1062
6097,71637122,853,0,1127,1184,663,1006
6098,71647122,852,0,1220,1213,715,1058
6099,71657122,851,0,1222,1212,713,1056
6100,71667122,846,0,1222,1214,702,1051
6101,71677122,846,0,1222,1216,694,1049
6102,71687122,844,0,1223,1217,693,1047
6103,71697122,842,0,1128,1195,639,991
6104,71707122,840,0,1224,1224,686,1044
6105,71717122,841,0,1224,1225,683,1041
6106,71727122,840,0,1225,1227,679,1041
6107,71737122,837,0,1225,1228,679,1040
6108,71747122,835,0,1227,1233,678,1041
6109,71757122,822,0,1228,1236,673,1044
6110,71767122,811,0,1136,1213,625,991
