seq,ts_us,s0,s1,s2,s3,s4,s5
117,32383659,931,999,1094,1144,853,1391
118,32393659,922,991,1097,1144,845,1379
119,32403659,909,982,1095,1147,849,1291
120,32413659,892,969,1097,1150,843,1289
121,32423659,878,952,1096,1155,843,1287
122,32433659,866,938,1094,1152,850,1292
123,32443659,843,923,1089,1150,856,1304
124,32453659,817,908,1089,1150,855,1271
125,32463659,794,887,1083,1146,855,1424
126,32473659,756,861,1077,1144,851,1444
127,32483659,708,835,1068,1142,848,1463
128,32493659,621,798,1059,1138,850,1472
129,32503659,527,747,1044,1134,852,1448
130,32513659,420,676,1026,1126,856,1434
131,32523659,310,601,1004,1118,858,1393
132,32533659,237,489,980,1111,852,1481
133,32543659,180,371,953,1102,837,1479
134,32553659,100,268,926,1098,827,1417
135,32563659,24,179,891,1091,792,1461
136,32573659,0,129,862,1082,759,1396
137,32583659,0,62,828,1072,732,1272
138,32593659,0,23,783,1064,695,1365
139,32603659,3,0,720,1050,633,1376
140,32613659,0,0,664,1026,572,1335
141,32623659,0,0,617,1006,532,1301
142,32633659,0,0,568,986,462,1251
143,32643659,0,0,516,965,402,1178
144,32653659,0,0,477,936,354,1145
145,32663659,0,0,440,895,279,1098
146,32673659,0,0,408,854,197,1048
147,32683659,0,0,388,804,122,991
148,32693659,0,0,351,684,52,883
149,32703659,0,0,333,688,25,886
150,32713659,0,0,327,650,0,796
151,32723659,0,0,314,533,0,717
152,32733659,0,0,296,0,0,598
153,32743659,0,0,277,0,0,477
154,32753659,0,0,260,0,0,326
155,32763659,0,0,233,0,0,185
156,32773659,0,0,213,362,0,44
157,32783659,0,0,186,0,0,0
158,32793659,0,0,152,0,0,0
159,32803659,0,0,136,0,0,0
160,32813659,0,0,125,0,0,0
161,32823659,0,0,109,0,0,0
162,32833659,0,0,103,0,0,0
163,32843659,0,0,100,0,0,0
164,32853659,0,0,97,0,0,0
165,32863659,0,0,88,0,0,0
166,32873659,0,0,84,0,0,0
167,32883659,0,0,88,0,0,0
168,32893659,0,0,85,45,0,0
169,32903659,0,0,85,62,0,0
170,32913659,0,0,85,86,0,0
171,32923659,0,0,86,104,0,0
172,32933659,0,0,86,147,0,0
173,32943659,0,0,84,118,0,0
174,32953659,0,0,86,139,0,0
175,32963659,0,0,87,138,0,0
176,32973659,0,0,82,161,0,0
177,32983659,0,0,80,151,0,0
178,32993659,0,0,84,165,0,0
179,33003659,0,0,91,174,0,0
180,33013659,0,0,93,172,0,0
181,33023659,0,0,96,166,0,0
182,33033659,0,0,89,151,0,0
183,33043659,0,0,68,147,0,0
184,33053659,0,0,58,144,0,0
185,33063659,0,0,50,128,0,0
186,33073659,0,0,44,127,0,0
187,33083659,0,0,42,118,0,0
188,33093659,0,0,39,115,0,0
189,33103659,0,0,31,113,0,0
190,33113659,0,0,29,105,0,0
191,33123659,0,0,29,105,0,0
192,33133659,0,0,21,106,0,0
193,33143659,0,0,27,101,0,0
194,33153659,0,0,11,94,0,0
195,33163659,0,0,12,91,0,0
196,33173659,0,0,16,88,0,0
197,33183659,0,0,18,94,0,0
198,33193659,0,0,21,100,0,0
199,33203659,0,0,6,96,0,0
200,33213659,0,3,22,99,0,0
201,33223659,0,14,25,97,0,0
202,33233659,0,24,22,87,0,0
203,33243659,0,28,18,84,0,0
204,33253659,0,27,8,74,0,0
205,33263659,0,24,0,70,0,0
206,33273659,0,23,0,65,0,0
207,33283659,0,28,0,66,0,0
208,33293659,0,70,24,118,0,0
209,33303659,0,92,52,168,0,0
210,33313659,0,85,56,172,0,0
211,33323659,0,85,75,181,0,8
212,33333659,0,115,64,159,0,35
213,33343659,33,177,116,214,0,89
214,33353659,82,235,155,264,0,182
215,33363659,124,289,207,310,0,274
216,33373659,162,332,266,359,0,339
217,33383659,192,358,295,403,0,412
218,33393659,208,371,320,432,0,482
219,33403659,217,375,342,471,4,549
220,33413659,226,390,359,504,23,600
221,33423659,245,396,395,536,48,635
222,33433659,278,415,422,559,75,663
223,33443659,321,448,446,583,102,690
224,33453659,380,493,475,608,108,713
225,33463659,430,537,491,633,122,741
226,33473659,471,557,528,660,150,763
227,33483659,510,586,553,685,188,795
228,33493659,536,607,581,710,223,824
229,33503659,557,625,614,734,242,765
230,33513659,583,649,640,760,253,755
231,33523659,601,679,668,782,264,744
232,33533659,618,697,694,801,297,661
233,33543659,633,717,724,820,299,469
234,33553659,651,728,746,829,319,730
235,33563659,662,748,760,845,333,589
236,33573659,672,755,774,857,345,874
237,33583659,683,763,789,872,365,873
238,33593659,693,777,801,883,367,877
239,33603659,711,785,813,893,378,0
240,33613659,726,791,825,903,385,0
241,33623659,736,801,841,908,394,0
242,33633659,750,814,850,913,406,0
243,33643659,771,828,855,920,408,0
244,33653659,790,836,864,923,413,0
245,33663659,793,849,859,852,391,0
246,33673659,811,856,876,927,410,0
247,33683659,823,873,879,932,414,0
248,33693659,841,888,886,937,420,0
249,33703659,858,904,891,940,426,0
250,33713659,872,915,896,944,425,0
251,33723659,882,924,903,948,435,0
252,33733659,838,909,911,952,438,0
253,33743659,910,950,921,961,443,0
254,33753659,918,962,926,967,456,0
255,33763659,926,984,933,970,469,0
256,33773659,939,981,943,977,480,0
257,33783659,948,990,949,983,492,0
258,33793659,957,997,959,988,511,0
259,33803659,906,973,973,995,533,0
260,33813659,973,1007,979,1000,538,0
261,33823659,978,1014,986,1004,551,0
262,33833659,981,1019,991,1030,565,0
263,33843659,985,1021,998,1025,570,0
264,33853659,987,1032,1004,1038,581,0
265,33863659,992,1036,1012,1039,592,0
266,33873659,997,1041,1018,1043,605,0
267,33883659,1000,1045,1025,1054,612,0
268,33893659,997,1045,1030,1061,625,0
269,33903659,1002,1047,1040,1066,630,0
270,33913659,1002,1047,1046,1071,635,0
271,33923659,999,1047,1049,1073,654,0
272,33933659,992,1045,1053,1080,665,0
273,33943659,987,1042,1054,1084,675,0
274,33953659,980,1039,1058,1091,686,0
275,33963659,972,1035,1063,1101,702,0
276,33973659,969,1033,1065,1099,707,0
277,33983659,966,1028,1067,1106,717,0
278,33993659,967,1028,1067,1110,674,0
279,34003659,957,1026,1073,1112,728,0
280,34013659,950,1023,1074,1113,731,0
281,34023659,948,1018,1075,1119,738,0
282,34033659,944,1017,1081,1123,743,0
283,34043659,943,1018,1081,1126,744,0
284,34053659,944,1018,1081,1128,747,0
285,34063659,947,1016,1085,1129,751,0
286,34073659,946,1021,1084,1132,753,0
287,34083659,945,1019,1089,1135,753,0
288,34093659,948,1022,1092,1140,754,0
289,34103659,947,1019,1095,1142,759,0
290,34113659,950,1018,1098,1146,757,0
291,34123659,945,1021,1098,1148,757,0
292,34133659,942,1018,1101,1151,757,0
293,34143659,940,1018,1104,1158,757,0
294,34153659,939,1016,1105,1162,756,0
295,34163659,934,1014,1102,1162,756,0
296,34173659,930,1007,1108,1168,756,0
297,34183659,924,1002,1110,1167,754,0
298,34193659,917,999,1112,1174,755,0
299,34203659,909,995,1110,1177,756,0
300,34213659,903,987,1114,1181,755,0
301,34223659,901,985,1115,1185,751,0
302,34233659,895,983,1118,1189,746,0
303,34243659,892,979,1117,1192,752,0
304,34253659,889,977,1119,1192,740,0
305,34263659,884,970,1119,1195,731,0
306,34273659,874,953,1119,1198,730,0
307,34283659,847,937,1120,1201,732,0
308,34293659,810,917,1122,1203,741,0
309,34303659,762,878,1123,1206,746,0
310,34313659,689,842,1123,1210,759,0
311,34323659,617,803,1125,1213,764,0
312,34333659,538,759,1122,1220,780,0
313,34343659,465,708,1123,1222,792,0
314,34353659,388,631,1113,1226,797,0
315,34363659,313,538,1101,1227,793,0
316,34373659,183,421,1006,1180,741,0
317,34383659,101,328,1064,1226,778,0
318,34393659,22,211,1043,1224,753,0
319,34403659,0,98,1014,1221,737,0
320,34413659,0,28,985,1219,719,0
321,34423659,0,0,946,1213,693,0
322,34433659,0,0,896,1204,667,3
323,34443659,0,0,842,1198,658,0
324,34453659,0,0,786,1190,619,0
325,34463659,0,0,704,1174,581,3
326,34473659,0,0,656,1144,521,0
327,34483659,0,0,598,1108,424,0
328,34493659,0,0,551,1049,351,0
329,34503659,0,0,498,992,237,0
330,34513659,0,0,449,929,143,0
331,34523659,0,0,412,856,60,0
332,34533659,0,0,386,789,0,745
333,34543659,0,0,358,714,0,616
334,34553659,0,0,333,0,0,479
335,34563659,0,0,309,0,0,319
336,34573659,0,0,280,0,0,141
337,34583659,0,0,249,0,0,21
338,34593659,0,0,225,0,0,0
339,34603659,0,0,190,0,0,0
340,34613659,0,0,159,0,0,0
341,34623659,0,0,130,0,0,0
342,34633659,0,0,116,0,0,0
343,34643659,0,0,108,0,0,0
344,34653659,0,0,95,0,0,0
345,34663659,0,0,84,0,0,0
346,34673659,0,0,75,0,0,0
347,34683659,0,0,78,2,0,0
348,34693659,0,0,65,0,0,0
349,34703659,0,0,80,0,0,0
350,34713659,0,0,80,0,0,0
351,34723659,0,0,88,157,0,0
352,34733659,0,0,87,164,0,0
353,34743659,0,0,86,168,0,0
354,34753659,0,0,83,165,0,0
355,34763659,0,0,78,168,0,1
356,34773659,0,0,73,167,0,0
357,34783659,0,0,66,161,0,0
358,34793659,0,0,56,153,0,0
359,34803659,0,0,50,139,0,0
360,34813659,0,0,42,136,0,0
361,34823659,0,0,37,130,0,0
362,34833659,0,0,28,122,0,0
363,34843659,0,0,19,118,0,0
364,34853659,0,0,13,117,0,0
365,34863659,0,0,7,108,0,0
366,34873659,0,0,7,104,0,0
367,34883659,0,0,3,103,0,0
368,34893659,0,0,1,97,0,0
369,34903659,0,0,0,91,0,0
370,34913659,0,0,0,83,1,2
371,34923659,0,0,0,76,0,0
372,34933659,0,0,0,74,0,0
373,34943659,0,0,0,68,0,0
374,34953659,0,0,0,71,0,0
375,34963659,0,0,0,74,0,0
376,34973659,0,0,0,73,0,0
377,34983659,0,0,0,64,0,0
378,34993659,0,0,0,52,0,0
379,35003659,0,0,0,47,0,0
380,35013659,0,0,0,42,0,0
381,35023659,0,0,0,37,0,0
382,35033659,0,0,0,35,0,0
383,35043659,0,0,0,28,0,0
384,35053659,0,0,0,0,0,0
385,35063659,0,0,0,73,0,0
386,35073659,0,24,0,93,0,0
387,35083659,0,73,12,104,0,0
388,35093659,5,106,38,113,0,0
389,35103659,40,175,64,145,0,0
390,35113659,82,258,100,177,0,31
391,35123659,115,332,123,209,0,90
392,35133659,151,369,152,245,0,178
393,35143659,180,397,189,282,0,275
394,35153659,220,420,214,309,0,341
395,35163659,276,459,247,349,0,413
396,35173659,341,491,281,375,8,476
397,35183659,413,554,313,396,22,527
398,35193659,494,620,337,424,37,558
399,35203659,592,695,362,452,50,585
400,35213659,674,756,402,473,57,608
401,35223659,680,791,377,488,81,627
402,35233659,825,858,458,510,82,649
403,35243659,885,908,480,528,86,654
404,35253659,935,952,500,543,88,662
405,35263659,971,988,522,549,94,663
406,35273659,1007,1012,533,560,86,663
407,35283659,1047,1048,540,564,85,655
408,35293659,1076,1077,549,567,82,639
409,35303659,1109,1098,554,567,78,624
410,35313659,1131,1122,557,567,71,613
411,35323659,1166,1148,564,570,72,602
412,35333659,1188,1171,567,571,60,590
413,35343659,1209,1190,572,573,57,581
414,35353659,1233,1207,577,576,44,574
415,35363659,1250,1228,588,583,43,568
416,35373659,1268,1242,596,586,46,554
417,35383659,1281,1256,609,592,49,549
418,35393659,1294,1270,629,600,48,549
419,35403659,1307,1281,649,614,58,552
420,35413659,1303,1292,668,623,72,549
421,35423659,1319,1298,681,645,69,546
422,35433659,1324,1305,691,672,72,543
423,35443659,1329,1310,713,676,75,543
424,35453659,1334,1316,723,687,82,546
425,35463659,1334,1320,741,701,80,546
426,35473659,1337,1323,757,718,82,548
427,35483659,1338,1326,769,729,95,552
428,35493659,1339,1325,784,743,106,567
429,35503659,1337,1328,804,755,111,583
430,35513659,1331,1329,824,775,114,601
431,35523659,1338,1332,842,795,120,618
432,35533659,1337,1333,860,811,137,632
433,35543659,1337,1333,866,763,128,602
434,35553659,1338,1337,889,843,154,659
435,35563659,1337,1336,906,858,164,670
436,35573659,1337,1337,919,872,166,683
437,35583659,1337,1337,932,886,181,695
438,35593659,1338,1334,944,901,185,705
439,35603659,1337,1337,954,908,201,714
440,35613659,1335,1335,967,920,212,718
441,35623659,1329,1335,971,931,221,727
442,35633659,1325,1333,981,937,240,733
443,35643659,1320,1322,987,949,248,742
444,35653659,1315,1325,996,954,255,750
445,35663659,1307,1321,1001,959,266,747
446,35673659,1302,1318,1005,969,268,0
447,35683659,1290,1313,1014,979,275,0
448,35693659,1287,1310,1019,986,283,0
449,35703659,1277,1306,1032,995,292,0
450,35713659,1271,1304,1036,1001,292,0
451,35723659,1267,1301,1041,1005,297,0
452,35733659,1262,1299,1041,1011,268,0
453,35743659,1260,1295,1047,1016,304,0
454,35753659,1257,1293,1049,1022,305,0
455,35763659,1253,1291,1053,1029,303,0
456,35773659,1245,1288,1056,1035,307,0
457,35783659,1242,1287,1061,1044,307,0
458,35793659,1240,1280,1063,1045,315,0
459,35803659,1240,1281,1067,1048,313,0
460,35813659,1240,1283,1071,1050,313,0
461,35823659,1241,1285,1070,1052,310,0
462,35833659,1242,1286,1073,1057,308,0
463,35843659,1242,1284,1075,1061,302,0
464,35853659,1241,1281,1078,1067,309,0
465,35863659,1239,1279,1080,1070,309,1
466,35873659,1236,1275,1083,1076,309,0
467,35883659,1229,1275,1087,1082,308,0
468,35893659,1222,1269,1089,1084,308,0
469,35903659,1213,1267,1094,1092,304,0
470,35913659,1206,1258,1098,1095,304,0
471,35923659,1196,1252,1099,1101,311,0
472,35933659,1187,1243,1103,1108,315,0
473,35943659,1176,1238,1106,1113,322,0
474,35953659,1170,1229,1112,1119,326,0
475,35963659,1165,1220,1112,1124,326,0
476,35973659,1155,1210,1116,1131,323,0
477,35983659,1146,1202,1121,1140,330,1
478,35993659,1135,1191,1126,1145,330,0
479,36003659,1124,1181,1115,1071,312,0
480,36013659,1114,1175,1129,1160,343,0
481,36023659,1104,1168,1130,1164,345,0
482,36033659,1087,1159,1134,1173,349,0
483,36043659,1074,1144,1134,1170,356,0
484,36053659,1063,1132,1133,1173,358,0
485,36063659,1050,1125,1129,1176,357,858
486,36073659,1045,1119,1128,1176,352,918
487,36083659,1040,1112,1116,1164,349,911
488,36093659,1022,1099,1109,1167,337,893
489,36103659,1000,1080,1097,1158,315,875
490,36113659,968,1051,1081,1144,307,858
491,36123659,925,1010,1059,1134,301,844
492,36133659,883,971,1052,1120,294,826
493,36143659,817,920,1023,1111,281,809
494,36153659,749,853,1003,1103,266,797
495,36163659,676,786,986,1097,249,790
496,36173659,567,709,956,1087,231,778
497,36183659,465,606,936,1088,226,758
498,36193659,308,466,905,1083,218,742
499,36203659,154,303,873,1082,203,736
500,36213659,33,176,839,1074,179,711
501,36223659,0,101,790,1065,169,682
502,36233659,0,43,723,1049,156,637
503,36243659,0,17,657,1033,139,612
504,36253659,0,0,573,1005,104,596
505,36263659,0,0,550,971,76,544
506,36273659,0,0,510,936,27,508
507,36283659,0,0,468,886,0,457
508,36293659,0,0,426,810,0,393
509,36303659,0,0,402,758,0,342
510,36313659,0,0,374,681,0,286
511,36323659,0,0,343,432,0,196
512,36333659,0,0,331,288,0,105
513,36343659,0,0,313,0,0,23
514,36353659,0,0,302,0,0,0
515,36363659,0,0,284,0,0,0
516,36373659,0,0,278,361,0,0
517,36383659,0,0,264,294,0,0
518,36393659,0,0,238,308,0,0
519,36403659,0,0,221,260,0,0
520,36413659,0,0,199,231,0,0
521,36423659,0,0,170,232,0,0
522,36433659,0,0,159,153,0,0
523,36443659,0,0,142,151,0,0
524,36453659,0,0,133,174,0,0
525,36463659,0,0,125,181,0,0
526,36473659,0,0,118,178,0,0
527,36483659,0,0,119,177,0,0
528,36493659,0,0,123,176,0,0
529,36503659,0,0,122,184,0,0
530,36513659,0,0,97,158,0,0
531,36523659,0,0,122,191,0,0
532,36533659,0,0,123,192,0,0
533,36543659,0,0,124,196,0,0
534,36553659,0,0,125,196,0,0
535,36563659,0,0,118,191,0,0
536,36573659,0,0,87,158,0,0
537,36583659,0,0,99,181,0,0
538,36593659,0,0,90,174,0,0
539,36603659,0,0,78,167,0,0
540,36613659,0,0,73,168,0,0
541,36623659,0,22,88,149,0,0
542,36633659,10,91,81,128,0,0
543,36643659,7,115,59,122,0,0
544,36653659,0,67,37,109,0,0
545,36663659,0,24,27,100,0,0
546,36673659,0,0,19,90,0,0
547,36683659,0,0,18,90,0,0
548,36693659,0,0,17,87,0,0
549,36703659,0,0,19,94,0,0
550,36713659,0,1,20,97,0,0
551,36723659,0,2,18,95,0,0
552,36733659,0,5,14,91,0,0
553,36743659,0,7,10,96,0,0
554,36753659,0,19,6,87,0,0
555,36763659,0,14,3,84,0,0
556,36773659,0,21,3,77,0,0
557,36783659,0,19,0,73,0,0
558,36793659,0,24,0,73,0,0
559,36803659,0,30,0,72,0,0
560,36813659,0,44,0,74,0,0
561,36823659,0,41,8,69,0,0
562,36833659,0,41,0,66,0,0
563,36843659,0,58,0,64,0,0
564,36853659,0,60,0,64,0,0
565,36863659,0,71,0,60,0,0
566,36873659,0,80,0,54,0,0
567,36883659,0,103,0,52,0,0
568,36893659,13,155,0,46,0,0
569,36903659,94,265,6,53,0,0
570,36913659,236,426,14,57,0,0
571,36923659,443,582,37,58,0,0
572,36933659,625,702,61,0,0,0
573,36943659,722,764,85,92,0,0
574,36953659,782,807,104,138,0,0
575,36963659,856,855,139,168,0,0
576,36973659,904,891,176,200,0,0
577,36983659,930,914,220,248,0,0
578,36993659,948,940,283,295,0,0
579,37003659,970,956,324,345,0,25
580,37013659,984,973,360,390,0,82
581,37023659,1002,988,406,434,0,148
582,37033659,1012,1010,450,469,0,196
583,37043659,1043,1038,476,500,0,239
584,37053659,1070,1063,515,523,6,288
585,37063659,1103,1092,531,539,12,329
586,37073659,1129,1116,555,558,25,368
587,37083659,1153,1134,575,580,40,403
588,37093659,1176,1150,599,599,59,451
589,37103659,1192,1166,621,617,75,485
590,37113659,1206,1182,645,631,85,525
591,37123659,1214,1191,664,650,102,549
592,37133659,1225,1197,676,663,109,569
593,37143659,1232,1208,686,676,119,587
594,37153659,1150,1181,648,640,102,579
595,37163659,1241,1215,712,699,139,633
596,37173659,1246,1223,728,712,147,648
597,37183659,1250,1226,736,721,149,660
598,37193659,1256,1229,744,730,152,673
599,37203659,1261,1235,753,733,159,685
600,37213659,1269,1236,763,740,172,690
601,37223659,1274,1245,772,749,173,572
602,37233659,1279,1251,780,759,183,682
603,37243659,1288,1258,790,765,191,46
604,37253659,1291,1263,803,778,198,433
605,37263659,1295,1269,811,788,205,499
606,37273659,1301,1274,822,797,214,490
607,37283659,1205,1259,766,802,216,442
608,37293659,1315,1290,852,816,221,0
609,37303659,1319,1298,861,827,227,0
610,37313659,1323,1303,872,836,232,0
611,37323659,1328,1306,879,843,232,0
612,37333659,1332,1311,890,853,232,0
613,37343659,1334,1317,903,863,234,0
614,37353659,1337,1320,909,874,233,0
615,37363659,1336,1320,920,881,234,0
616,37373659,1337,1324,928,894,231,0
617,37383659,1338,1326,935,902,233,0
618,37393659,1339,1327,941,907,233,0
619,37403659,1340,1330,947,914,234,0
620,37413659,1343,1334,951,918,233,0
621,37423659,1342,1335,956,923,237,0
622,37433659,1339,1335,969,933,235,0
623,37443659,1337,1336,972,940,233,0
624,37453659,1332,1335,981,950,237,0
625,37463659,1325,1335,991,960,236,0
626,37473659,1322,1333,1002,973,244,725
627,37483659,1317,1333,1010,988,248,697
628,37493659,1314,1333,1017,1002,249,717
629,37503659,1314,1334,1031,1012,247,706
630,37513659,1314,1336,1037,1022,248,692
631,37523659,1307,1337,1046,1035,247,682
632,37533659,1308,1337,1050,1045,246,677
633,37543659,1203,1318,967,1044,246,669
634,37553659,1305,1337,1055,1058,245,669
635,37563659,1304,1337,1064,1063,245,670
636,37573659,1297,1336,1069,1069,248,676
637,37583659,1303,1337,1069,1076,247,680
638,37593659,1303,1336,1073,1077,250,689
639,37603659,1304,1336,1074,1079,252,685
640,37613659,1301,1335,1076,1082,249,688
641,37623659,1303,1332,1076,1083,248,694
642,37633659,1303,1333,1077,1086,244,697
643,37643659,1301,1333,1079,1089,245,701
644,37653659,1301,1330,1080,1094,243,709
645,37663659,1297,1326,1083,1096,240,714
646,37673659,1289,1323,1088,1098,244,719
647,37683659,1286,1319,1086,1102,244,722
648,37693659,1274,1312,1095,1109,243,729
649,37703659,1270,1307,1098,1111,245,735
650,37713659,1265,1305,1101,1119,251,745
651,37723659,1256,1298,1108,1125,250,747
652,37733659,1253,1299,1112,1132,257,753
653,37743659,1241,1295,1117,1141,269,760
654,37753659,1239,1289,1118,1146,273,762
655,37763659,1232,1278,1123,1152,280,774
656,37773659,1225,1270,1127,1161,282,776
657,37783659,1215,1261,1134,1168,292,779
658,37793659,1205,1255,1132,1185,297,786
659,37803659,1195,1179,1109,1084,293,720
660,37813659,1183,1240,1144,1188,311,789
661,37823659,1171,1234,1146,1194,315,794
662,37833659,1156,1216,1151,1203,312,803
663,37843659,1133,1205,1160,1209,325,804
664,37853659,1113,1194,1162,1215,327,809
665,37863659,1089,1179,1165,1225,342,816
666,37873659,1062,1168,1171,1231,346,826
667,37883659,1041,1150,1174,1237,356,831
668,37893659,1009,1142,1178,1241,365,839
669,37903659,990,1122,1180,1245,378,838
670,37913659,963,1109,1182,1253,377,848
671,37923659,921,1085,1186,1254,382,847
672,37933659,805,1014,1126,1187,368,851
673,37943659,832,1032,1188,1263,391,852
674,37953659,794,996,1190,1265,400,786
675,37963659,759,955,1188,1268,399,0
676,37973659,701,917,1183,1270,404,0
677,37983659,649,866,1180,1271,395,0
678,37993659,574,834,1169,1270,337,793
679,38003659,492,778,1164,1269,357,828
680,38013659,380,709,1151,1269,338,819
681,38023659,246,616,1140,1275,318,811
682,38033659,133,479,1128,1279,322,804
683,38043659,22,309,1112,1266,309,782
684,38053659,0,171,1091,1266,305,0
685,38063659,0,31,1062,1263,300,0
686,38073659,0,0,1021,1261,302,0
687,38083659,0,0,971,1250,290,0
688,38093659,0,0,896,1241,270,0
689,38103659,0,0,838,1226,226,0
690,38113659,0,4,768,1204,171,0
691,38123659,0,0,703,1167,121,0
692,38133659,0,0,666,1125,69,0
693,38143659,0,0,629,1071,25,0
694,38153659,0,0,601,0,0,0
695,38163659,0,0,569,0,0,0
696,38173659,0,0,536,0,0,250
697,38183659,0,0,500,0,0,170
698,38193659,0,0,464,0,0,43
699,38203659,0,1,431,0,0,0
700,38213659,0,0,410,0,0,0
701,38223659,0,0,394,0,0,0
702,38233659,0,0,358,0,0,0
703,38243659,0,0,320,0,0,0
704,38253659,0,0,304,0,0,0
705,38263659,0,0,279,0,0,0
706,38273659,0,0,249,0,0,0
707,38283659,0,0,241,0,0,0
708,38293659,0,0,223,235,2,0
709,38303659,0,0,203,0,0,0
710,38313659,0,0,191,0,0,0
711,38323659,0,0,166,0,0,0
712,38333659,0,0,157,0,0,0
713,38343659,0,0,143,0,0,0
714,38353659,0,0,141,0,0,0
715,38363659,0,0,135,0,0,0
716,38373659,0,0,137,0,0,0
717,38383659,0,0,138,0,0,0
718,38393659,0,0,145,156,0,0
719,38403659,0,0,151,176,0,0
720,38413659,0,0,154,191,0,0
721,38423659,0,0,161,201,0,0
722,38433659,0,0,158,209,1,0
723,38443659,0,0,159,215,0,0
724,38453659,0,0,150,216,0,0
725,38463659,0,0,150,218,0,0
726,38473659,0,0,130,215,0,0
727,38483659,0,0,120,141,0,0
728,38493659,0,0,127,0,0,0
729,38503659,0,0,112,0,0,0
730,38513659,0,24,104,0,0,0
731,38523659,0,23,92,0,0,0
732,38533659,0,6,79,0,0,0
733,38543659,0,0,59,0,0,0
734,38553659,0,0,57,0,0,0
735,38563659,0,0,55,0,0,0
736,38573659,0,0,48,0,0,0
737,38583659,0,0,46,0,0,0
738,38593659,0,0,44,0,0,0
739,38603659,0,0,48,0,0,0
740,38613659,0,0,38,0,0,0
741,38623659,0,3,41,0,0,0
742,38633659,0,5,43,0,0,0
743,38643659,0,20,42,0,0,0
744,38653659,0,41,37,0,0,0
745,38663659,0,60,35,0,0,0
746,38673659,0,88,31,0,0,0
747,38683659,0,109,26,0,0,0
748,38693659,2,139,24,0,0,0
749,38703659,20,168,20,0,0,0
750,38713659,47,202,20,0,0,0
751,38723659,88,267,18,0,0,0
752,38733659,194,391,28,0,0,0
753,38743659,350,538,37,0,0,0
754,38753659,556,665,43,0,0,0
755,38763659,694,779,53,75,0,0
756,38773659,763,812,108,152,0,0
757,38783659,786,822,137,180,0,0
758,38793659,798,830,188,226,0,0
759,38803659,826,854,244,285,0,26
760,38813659,854,874,301,330,0,114
761,38823659,890,849,305,336,0,173
762,38833659,930,944,362,434,0,312
763,38843659,959,974,405,472,0,372
764,38853659,990,1004,460,506,6,419
765,38863659,1010,1025,498,556,20,472
766,38873659,1032,1052,533,600,43,520
767,38883659,1051,1074,572,635,74,560
768,38893659,1066,1096,611,666,87,595
769,38903659,1091,1113,640,694,103,617
770,38913659,1111,1128,671,722,125,645
771,38923659,1127,1144,703,747,140,657
772,38933659,1140,1159,731,768,153,677
773,38943659,1149,1170,750,793,162,698
774,38953659,1158,1176,773,811,174,714
775,38963659,1162,1179,798,831,192,723
776,38973659,1163,1182,823,849,220,731
777,38983659,1165,1184,847,870,220,0
778,38993659,1166,1184,860,887,234,2
779,39003659,1165,1188,873,904,243,0
780,39013659,1071,1173,838,835,247,0
781,39023659,1172,1193,892,920,260,0
782,39033659,1176,1205,906,927,268,0
783,39043659,1178,1206,917,932,277,0
784,39053659,1180,1206,925,948,285,0
785,39063659,1184,1211,938,953,299,0
786,39073659,1183,1148,917,878,291,0
787,39083659,1190,1216,957,971,309,0
788,39093659,1191,1221,968,982,307,0
789,39103659,1192,1224,978,991,315,0
790,39113659,1194,1225,988,1000,313,0
791,39123659,1196,1228,997,1012,320,0
792,39133659,1200,1228,1007,1019,332,0
793,39143659,1203,1235,1016,1034,339,0
794,39153659,1208,1234,1021,1043,343,0
795,39163659,1214,1243,1032,1050,346,0
796,39173659,1212,1246,1040,1060,348,0
797,39183659,1214,1248,1044,1063,352,0
798,39193659,1213,1245,1051,1069,363,0
799,39203659,1215,1244,1054,1077,361,0
800,39213659,1209,1243,1059,1082,364,0
801,39223659,1208,1240,1064,1086,374,0
802,39233659,1218,1243,1068,1093,384,0
803,39243659,1208,1239,1073,1099,389,0
804,39253659,1202,1236,1077,1105,392,0
805,39263659,1197,1230,1080,1105,394,0
806,39273659,1193,1227,1081,1106,365,0
807,39283659,1192,1227,1090,1116,405,0
808,39293659,1186,1226,1092,1121,410,0
809,39303659,1185,1222,1096,1123,408,0
810,39313659,1187,1221,1098,1126,420,0
811,39323659,1186,1221,1099,1129,419,0
812,39333659,1185,1221,1099,1131,424,0
813,39343659,1189,1222,1101,1133,420,0
814,39353659,1191,1222,1105,1138,420,0
815,39363659,1185,1224,1104,1140,417,0
816,39373659,1189,1224,1105,1141,411,0
817,39383659,1189,1223,1108,1142,409,0
818,39393659,1189,1214,1109,1145,412,0
819,39403659,1190,1219,1111,1148,410,0
820,39413659,1185,1220,1113,1150,410,0
821,39423659,1187,1217,1115,1155,405,0
822,39433659,1187,1217,1116,1157,399,0
823,39443659,1187,1218,1116,1160,395,0
824,39453659,1186,1214,1119,1161,399,0
825,39463659,1087,1192,1036,1159,390,0
826,39473659,1175,1208,1126,1169,392,0
827,39483659,1172,1204,1127,1176,401,0
828,39493659,1162,1198,1130,1174,407,0
829,39503659,1154,1191,1131,1182,425,0
830,39513659,1144,1181,1134,1188,427,0
831,39523659,1133,1175,1140,1192,437,0
832,39533659,1116,1164,1142,1198,446,0
833,39543659,1100,1146,1145,1208,456,0
834,39553659,1083,1136,1148,1210,456,0
835,39563659,1067,1124,1152,1213,465,0
836,39573659,1048,1108,1156,1220,482,0
837,39583659,1032,1096,1159,1228,488,0
838,39593659,1002,1072,1151,1148,471,0
839,39603659,985,1054,1165,1240,516,0
840,39613659,958,1036,1165,1243,532,0
841,39623659,928,1002,1169,1249,555,0
842,39633659,890,967,1172,1253,558,0
843,39643659,845,933,1175,1266,574,0
844,39653659,790,890,1177,1261,592,0
845,39663659,716,840,1164,1179,579,0
846,39673659,619,798,1174,1269,620,0
847,39683659,536,747,1170,1270,633,0
848,39693659,465,691,1162,1272,641,0
849,39703659,362,619,1145,1272,642,0
850,39713659,295,522,1139,1271,645,0
851,39723659,199,421,1126,1271,653,0
852,39733659,88,315,1113,1265,649,0
853,39743659,5,213,1095,1271,640,0
854,39753659,0,88,1076,1271,629,0
855,39763659,0,7,1054,1270,622,0
856,39773659,0,0,1031,1270,596,0
857,39783659,0,0,994,1266,567,0
858,39793659,0,0,881,1251,546,0
859,39803659,0,0,899,1247,506,0
860,39813659,0,0,838,1230,455,0
861,39823659,0,0,771,1207,407,0
862,39833659,0,0,706,1180,327,0
863,39843659,0,0,667,1141,242,0
864,39853659,0,0,620,1104,174,0
865,39863659,0,0,584,1058,115,0
866,39873659,0,0,549,1001,70,0
867,39883659,0,0,523,956,17,0
868,39893659,0,0,486,911,0,0
869,39903659,0,0,473,0,0,0
870,39913659,0,0,461,0,0,553
871,39923659,0,0,442,0,0,415
872,39933659,0,0,436,0,0,325
873,39943659,0,0,405,0,0,169
874,39953659,0,0,378,0,0,62
875,39963659,0,0,358,0,0,17
876,39973659,0,0,339,0,0,0
877,39983659,0,0,302,0,0,0
878,39993659,0,0,282,0,0,0
879,40003659,0,0,259,0,0,0
880,40013659,0,0,243,0,0,0
881,40023659,0,0,231,0,0,0
882,40033659,0,0,212,0,0,0
883,40043659,0,0,206,233,0,0
884,40053659,0,0,201,240,0,0
885,40063659,0,0,193,224,0,0
886,40073659,0,0,184,221,0,0
887,40083659,0,0,178,220,0,0
888,40093659,0,0,178,0,0,0
889,40103659,0,0,169,0,0,0
890,40113659,0,0,164,0,0,0
891,40123659,0,0,162,0,0,0
892,40133659,0,0,158,0,0,0
893,40143659,0,0,150,0,0,0
894,40153659,0,0,150,0,0,0
895,40163659,0,0,141,0,0,0
896,40173659,0,0,130,0,0,0
897,40183659,0,0,130,0,0,0
898,40193659,0,0,102,0,0,0
899,40203659,0,0,118,0,0,0
900,40213659,0,0,112,0,0,0
901,40223659,0,0,104,0,0,0
902,40233659,0,0,93,0,0,0
903,40243659,0,0,85,0,0,0
904,40253659,0,0,95,0,0,0
905,40263659,0,0,90,0,0,0
906,40273659,0,0,79,0,0,0
907,40283659,0,0,72,0,0,0
908,40293659,0,0,72,0,0,0
909,40303659,0,0,69,0,0,0
910,40313659,0,0,62,0,0,0
911,40323659,0,0,58,0,0,0
912,40333659,0,0,57,0,0,0
913,40343659,0,0,50,0,0,0
914,40353659,0,0,43,0,0,0
915,40363659,0,0,39,0,0,0
916,40373659,0,0,36,0,0,0
917,40383659,0,0,32,0,0,0
918,40393659,0,0,31,0,0,0
919,40403659,4,0,35,0,0,0
920,40413659,0,4,38,0,0,0
921,40423659,0,19,38,0,0,0
922,40433659,0,30,41,0,0,0
923,40443659,0,53,34,0,0,0
924,40453659,0,77,41,0,0,0
925,40463659,0,98,29,0,0,0
926,40473659,0,116,28,0,0,0
927,40483659,0,128,22,0,0,0
928,40493659,6,157,19,0,0,0
929,40503659,47,209,22,0,0,0
930,40513659,123,311,29,0,0,0
931,40523659,270,461,41,0,0,0
932,40533659,476,617,42,0,0,0
933,40543659,648,730,55,52,0,0
934,40553659,733,796,75,85,0,0
935,40563659,757,808,118,126,0,0
936,40573659,774,823,171,188,0,0
937,40583659,780,828,233,235,0,0
938,40593659,778,837,305,300,0,0
939,40603659,779,840,344,357,0,0
940,40613659,786,844,395,423,0,0
941,40623659,797,842,448,467,0,30
942,40633659,816,848,480,527,0,101
943,40643659,830,862,526,570,0,178
944,40653659,788,837,519,570,2,234
945,40663659,871,901,599,666,28,313
946,40673659,889,909,648,713,54,216
947,40683659,909,930,682,746,76,249
948,40693659,925,951,723,793,97,0
949,40703659,936,965,747,807,125,0
950,40713659,946,979,763,759,119,0
951,40723659,958,1000,794,844,162,0
952,40733659,971,1002,816,866,171,600
953,40743659,976,1011,842,883,185,614
954,40753659,984,1017,858,899,205,640
955,40763659,987,1024,869,918,216,664
956,40773659,991,1034,880,927,202,658
957,40783659,996,1043,896,937,235,694
958,40793659,1002,1049,908,942,235,701
959,40803659,1008,1055,924,957,242,717
960,40813659,1018,1067,939,968,250,728
961,40823659,1030,1076,949,976,263,740
962,40833659,1034,1089,959,982,273,733
963,40843659,1046,1097,972,997,284,758
964,40853659,1053,1103,984,1003,295,761
965,40863659,1059,1110,991,1015,301,774
966,40873659,1063,1115,1001,1034,311,776
967,40883659,1073,1121,1013,1041,318,787
968,40893659,1081,1127,1022,1050,323,794
969,40903659,1081,1134,1036,1062,300,781
970,40913659,1083,1135,1050,1073,342,809
971,40923659,1084,1135,1061,1083,354,821
972,40933659,1081,1135,1068,1096,372,828
973,40943659,1084,1136,1080,1109,383,846
974,40953659,1079,1139,1093,1115,412,863
975,40963659,1076,1141,1101,1126,425,879
976,40973659,1070,1136,1110,1137,437,893
977,40983659,1063,1132,1117,1148,454,910
978,40993659,1055,1130,1125,1161,468,920
979,41003659,1044,1124,1129,1175,477,934
980,41013659,1029,1120,1135,1181,490,942
981,41023659,1010,1108,1139,1189,509,954
982,41033659,994,1098,1143,1194,528,969
983,41043659,982,1090,1148,1198,538,979
984,41053659,970,1080,1148,1201,551,986
985,41063659,956,1071,1153,1203,565,993
986,41073659,941,1066,1157,1210,577,1000
987,41083659,933,1055,1158,1214,590,1008
988,41093659,920,1048,1161,1221,594,1018
989,41103659,840,996,1106,1173,548,983
990,41113659,895,1032,1168,1232,614,1033
991,41123659,889,1018,1168,1234,618,1037
992,41133659,880,1015,1171,1236,623,1038
993,41143659,871,1011,1172,1237,631,1042
994,41153659,863,1003,1176,1242,632,1044
995,41163659,853,999,1176,1244,645,1046
996,41173659,838,994,1179,1250,650,1050
997,41183659,818,984,1179,1254,662,1057
998,41193659,797,973,1184,1258,673,1064
999,41203659,779,964,1184,1263,677,1065
1000,41213659,756,951,1189,1265,691,1074
1001,41223659,742,941,1191,1268,694,990
1002,41233659,716,877,1162,1176,689,0
1003,41243659,692,915,1197,1276,711,0
1004,41253659,663,894,1206,1280,715,0
1005,41263659,636,885,1199,1283,730,0
1006,41273659,619,876,1204,1288,734,0
1007,41283659,594,865,1204,1288,747,0
1008,41293659,568,852,1193,1205,721,0
1009,41303659,539,838,1206,1294,757,0
1010,41313659,508,816,1208,1300,766,0
1011,41323659,473,800,1209,1303,775,0
1012,41333659,427,778,1210,1306,777,0
1013,41343659,402,756,1211,1309,786,0
1014,41353659,362,727,1211,1313,794,0
1015,41363659,328,698,1214,1318,795,0
1016,41373659,277,650,1213,1321,805,0
1017,41383659,228,600,1212,1323,813,0
1018,41393659,193,534,1212,1326,824,0
1019,41403659,139,469,1209,1331,842,0
1020,41413659,77,398,1207,1337,858,0
1021,41423659,19,328,1202,1339,866,0
1022,41433659,0,232,1186,1340,873,0
1023,41443659,0,119,1171,1336,875,0
1024,41453659,0,27,1148,1333,869,0
1025,41463659,0,0,1121,1325,856,0
1026,41473659,0,0,1083,1316,849,0
1027,41483659,0,0,1047,1305,851,0
1028,41493659,0,0,990,1297,865,0
1029,41503659,0,0,922,1280,872,0
1030,41513659,0,0,852,1268,866,0
1031,41523659,0,0,784,1248,854,0
1032,41533659,0,0,695,1228,827,0
1033,41543659,0,0,652,1196,773,0
1034,41553659,0,0,603,1163,713,0
1035,41563659,0,0,571,1120,636,1023
1036,41573659,0,0,541,1072,523,1004
1037,41583659,0,0,502,1013,404,977
1038,41593659,0,0,464,964,281,923
1039,41603659,0,0,434,919,151,856
1040,41613659,0,0,429,876,44,760
1041,41623659,0,0,401,824,0,0
1042,41633659,0,0,393,786,0,506
1043,41643659,0,0,373,711,0,377
1044,41653659,0,0,350,660,0,206
1045,41663659,0,0,334,0,0,69
1046,41673659,0,0,322,0,0,1
1047,41683659,0,0,295,0,0,0
1048,41693659,0,0,277,0,0,0
1049,41703659,0,0,256,0,0,0
1050,41713659,0,0,244,0,0,0
1051,41723659,0,0,229,0,0,0
1052,41733659,0,0,210,0,0,0
1053,41743659,0,0,191,0,0,0
1054,41753659,0,0,133,0,0,0
1055,41763659,0,0,156,0,0,0
1056,41773659,0,0,147,0,0,0
1057,41783659,0,0,136,0,0,0
1058,41793659,0,0,130,0,0,0
1059,41803659,0,0,122,0,0,0
1060,41813659,0,0,124,0,0,0
1061,41823659,0,0,121,0,0,0
1062,41833659,0,0,144,0,0,0
1063,41843659,0,0,152,0,0,0
1064,41853659,0,0,151,0,3,0
1065,41863659,0,0,149,0,0,0
1066,41873659,0,0,145,0,0,0
1067,41883659,0,0,142,0,0,0
1068,41893659,0,0,135,0,0,0
1069,41903659,0,0,114,211,0,0
1070,41913659,0,0,113,0,0,0
1071,41923659,0,0,97,0,0,0
1072,41933659,0,0,90,0,0,0
1073,41943659,0,0,96,0,0,0
1074,41953659,0,0,108,0,0,0
1075,41963659,0,0,107,0,0,0
1076,41973659,0,0,106,0,0,0
1077,41983659,0,0,97,0,0,0
1078,41993659,0,0,80,0,0,0
1079,42003659,0,0,74,0,0,0
1080,42013659,0,0,74,0,0,0
1081,42023659,0,0,60,0,0,0
1082,42033659,0,0,69,0,0,0
1083,42043659,0,0,66,0,0,0
1084,42053659,0,0,66,0,0,0
1085,42063659,0,0,65,0,0,0
1086,42073659,0,0,64,0,0,0
1087,42083659,0,0,37,0,0,0
1088,42093659,0,0,58,0,0,0
1089,42103659,0,0,60,0,2,1
1090,42113659,0,0,62,0,0,0
1091,42123659,0,0,68,0,0,2
1092,42133659,0,0,65,0,0,0
1093,42143659,0,0,64,0,0,0
1094,42153659,0,0,60,0,0,0
1095,42163659,0,0,58,0,0,0
1096,42173659,0,0,56,0,0,0
1097,42183659,0,0,56,48,0,0
1098,42193659,0,0,57,0,0,0
1099,42203659,0,0,57,93,3,0
1100,42213659,0,0,59,72,0,0
1101,42223659,0,9,60,77,0,0
1102,42233659,0,31,59,89,1,0
1103,42243659,0,58,57,62,0,0
1104,42253659,0,71,57,87,0,0
1105,42263659,0,95,58,88,0,0
1106,42273659,0,105,61,82,0,0
1107,42283659,14,168,71,53,0,0
1108,42293659,95,285,79,47,0,0
1109,42303659,233,422,82,41,0,0
1110,42313659,428,563,81,26,0,0
1111,42323659,595,681,78,33,0,0
1112,42333659,692,753,80,24,0,0
1113,42343659,735,785,88,68,0,0
1114,42353659,730,786,123,107,0,0
1115,42363659,723,782,154,157,0,0
1116,42373659,721,780,217,216,0,0
1117,42383659,737,780,270,279,0,18
1118,42393659,744,786,305,328,0,92
1119,42403659,762,747,315,322,0,147
1120,42413659,796,812,374,413,0,245
1121,42423659,824,830,412,445,0,300
1122,42433659,844,839,445,490,0,346
1123,42443659,860,846,492,533,0,367
1124,42453659,871,855,528,570,6,386
1125,42463659,883,862,554,600,8,449
1126,42473659,891,879,581,629,37,495
1127,42483659,910,904,612,662,52,524
1128,42493659,926,924,643,682,70,531
1129,42503659,941,940,672,700,80,550
1130,42513659,951,952,684,718,89,560
1131,42523659,957,962,707,733,102,585
1132,42533659,962,965,734,747,118,612
1133,42543659,961,967,747,771,133,627
1134,42553659,960,964,761,791,151,648
1135,42563659,962,963,779,801,166,667
1136,42573659,966,966,797,815,183,679
1137,42583659,975,982,811,830,208,687
1138,42593659,984,994,836,840,221,703
1139,42603659,993,1007,855,861,234,718
1140,42613659,998,1015,869,877,243,732
1141,42623659,1000,1019,885,892,268,750
1142,42633659,999,1030,902,909,282,778
1143,42643659,1000,1034,921,927,295,796
1144,42653659,1000,1034,936,943,307,817
1145,42663659,999,1042,950,957,331,841
1146,42673659,1001,1041,966,971,349,779
1147,42683659,1001,1045,983,984,368,792
1148,42693659,1000,1050,992,999,392,0
1149,42703659,998,1050,1006,1015,418,0
1150,42713659,998,1049,1016,1032,439,0
1151,42723659,990,1054,1020,964,434,0
1152,42733659,990,1056,1044,1055,487,0
1153,42743659,987,1060,1045,1065,515,0
1154,42753659,986,1061,1058,1073,539,0
1155,42763659,980,1061,1068,1083,565,0
1156,42773659,973,1062,1077,1095,576,0
1157,42783659,968,1059,1085,1106,592,0
1158,42793659,960,1054,1089,1114,605,0
1159,42803659,949,1050,1096,1120,616,0
1160,42813659,945,1044,1103,1128,626,0
1161,42823659,934,1043,1106,1137,641,0
1162,42833659,918,1038,1112,1141,661,0
1163,42843659,899,1021,1116,1151,677,0
1164,42853659,807,992,1034,1155,693,0
1165,42863659,869,996,1121,1165,710,0
1166,42873659,849,986,1126,1172,717,0
1167,42883659,833,975,1127,1176,724,0
1168,42893659,815,960,1131,1180,734,0
1169,42903659,793,951,1134,1187,742,0
1170,42913659,769,937,1136,1190,750,0
1171,42923659,740,927,1140,1189,761,0
1172,42933659,714,917,1140,1197,766,0
1173,42943659,688,904,1142,1203,777,0
1174,42953659,667,891,1144,1205,788,0
1175,42963659,645,884,1148,1206,793,0
1176,42973659,627,877,1151,1213,801,0
1177,42983659,613,874,1152,1218,807,0
1178,42993659,605,872,1155,1223,813,0
1179,43003659,602,869,1160,1227,816,0
1180,43013659,603,869,1161,1228,821,0
1181,43023659,603,869,1165,1232,825,0
1182,43033659,598,868,1167,1237,828,0
1183,43043659,595,865,1170,1240,838,0
1184,43053659,587,864,1172,1241,842,0
1185,43063659,583,861,1175,1246,850,0
1186,43073659,579,860,1177,1250,853,0
1187,43083659,575,858,1179,1251,855,0
1188,43093659,562,857,1183,1252,859,0
1189,43103659,567,856,1182,1254,858,0
1190,43113659,564,855,1186,1255,859,3
1191,43123659,558,795,1152,1154,849,0
1192,43133659,546,840,1184,1257,859,0
1193,43143659,541,838,1183,1258,852,0
1194,43153659,545,831,1181,1257,842,0
1195,43163659,554,829,1186,1255,829,0
1196,43173659,557,826,1174,1255,813,0
1197,43183659,566,827,1166,1253,794,0
1198,43193659,570,826,1165,1253,781,0
1199,43203659,569,820,1163,1253,780,0
1200,43213659,538,808,1162,1254,778,0
1201,43223659,504,791,1163,1255,779,0
1202,43233659,472,765,1160,1256,780,0
1203,43243659,434,725,1157,1255,775,0
1204,43253659,401,692,1149,1254,765,0
1205,43263659,345,650,1136,1247,754,0
1206,43273659,298,587,1117,1242,734,0
1207,43283659,256,527,1095,1233,710,0
1208,43293659,193,462,1074,1225,667,0
1209,43303659,120,390,1050,1211,623,0
1210,43313659,63,312,1009,1117,554,0
1211,43323659,11,229,995,1189,541,0
1212,43333659,0,153,967,1179,500,0
1213,43343659,0,71,943,1171,451,1
1214,43353659,0,23,901,1150,397,826
1215,43363659,0,5,855,1133,365,761
1216,43373659,0,0,805,1111,294,679
1217,43383659,0,0,744,1083,235,624
1218,43393659,0,0,670,1053,154,540
1219,43403659,0,0,600,1007,76,474
1220,43413659,0,0,561,969,28,388
1221,43423659,0,0,527,926,0,322
1222,43433659,1,0,487,874,0,231
1223,43443659,0,0,444,305,0,138
1224,43453659,0,0,421,0,0,56
1225,43463659,0,0,382,0,0,8
1226,43473659,0,0,352,0,0,0
1227,43483659,0,0,321,0,0,0
1228,43493659,0,0,308,0,0,0
1229,43503659,0,0,256,0,0,0
1230,43513659,0,0,293,0,0,0
1231,43523659,0,0,292,423,0,0
1232,43533659,0,0,279,405,0,0
1233,43543659,0,0,264,0,0,0
1234,43553659,4,0,247,0,0,0
1235,43563659,0,0,234,0,0,0
1236,43573659,0,0,194,2,0,0
1237,43583659,0,1,210,0,0,0
1238,43593659,0,0,195,0,0,0
1239,43603659,0,0,183,0,0,0
1240,43613659,0,0,174,0,0,0
1241,43623659,0,0,166,0,0,0
1242,43633659,0,0,161,0,0,0
1243,43643659,0,0,153,0,0,0
1244,43653659,0,0,150,0,0,0
1245,43663659,1,0,149,0,0,0
1246,43673659,0,0,150,0,0,0
1247,43683659,0,0,151,0,0,0
1248,43693659,0,0,148,0,0,0
1249,43703659,0,0,143,0,0,0
1250,43713659,0,0,137,0,0,0
1251,43723659,0,0,131,0,0,0
1252,43733659,0,0,121,0,0,0
1253,43743659,0,0,121,0,0,0
1254,43753659,0,0,120,0,0,0
1255,43763659,0,0,118,0,0,0
1256,43773659,0,0,116,0,0,0
1257,43783659,0,0,109,0,0,0
1258,43793659,0,0,103,0,0,0
1259,43803659,0,0,102,0,0,0
1260,43813659,0,0,90,0,0,0
1261,43823659,0,0,84,0,0,0
1262,43833659,0,0,97,0,0,0
1263,43843659,0,0,92,0,0,0
1264,43853659,0,0,75,0,0,0
1265,43863659,0,0,82,0,0,0
1266,43873659,0,0,87,0,0,0
1267,43883659,0,0,90,0,0,0
1268,43893659,0,0,86,0,0,0
1269,43903659,0,0,77,0,0,0
1270,43913659,0,0,76,0,0,0
1271,43923659,0,0,72,0,0,0
1272,43933659,0,0,69,0,0,0
1273,43943659,0,0,59,0,0,0
1274,43953659,0,0,54,0,0,0
1275,43963659,0,0,48,0,0,0
1276,43973660,0,0,53,0,0,0
1277,43983659,0,0,49,0,0,0
1278,43993659,0,0,45,0,0,0
1279,44003659,0,0,42,33,0,0
1280,44013659,0,0,43,30,0,0
1281,44023659,0,1,44,19,2,0
1282,44033659,0,3,33,5,0,0
1283,44043659,0,23,42,31,0,0
1284,44053659,0,35,40,29,0,0
1285,44063659,0,40,40,24,0,0
1286,44073659,0,53,42,22,0,0
1287,44083659,0,68,46,24,0,0
1288,44093659,0,93,45,35,0,0
1289,44103660,4,120,48,33,0,0
1290,44113659,41,165,48,37,0,0
1291,44123659,94,252,47,70,0,0
1292,44133659,215,375,50,70,0,0
1293,44143659,376,507,47,62,0,0
1294,44153659,532,609,59,76,0,0
1295,44163659,630,677,110,154,0,0
1296,44173659,669,702,131,186,0,0
1297,44183659,670,710,159,203,0,0
1298,44193659,686,725,170,244,0,0
1299,44203659,710,740,195,275,0,0
1300,44213659,736,747,225,300,0,18
1301,44223659,746,762,270,332,0,58
1302,44233659,690,741,273,339,0,134
1303,44243659,757,781,339,416,0,200
1304,44253659,754,779,377,460,0,281
1305,44263659,748,775,420,502,0,333
1306,44273659,750,776,458,540,0,374
1307,44283659,759,781,498,582,0,410
1308,44293659,774,791,534,610,10,431
1309,44303659,730,784,511,594,6,454
1310,44313659,820,821,581,669,30,454
1311,44323659,844,842,609,690,52,464
1312,44333659,868,857,658,716,69,536
1313,44343659,876,866,686,747,84,581
1314,44353659,881,872,718,779,102,611
1315,44363659,886,885,749,807,124,635
1316,44373659,890,889,771,827,137,661
1317,44383659,901,904,792,845,163,678
1318,44393659,908,916,819,867,171,692
1319,44403659,920,933,842,881,198,708
1320,44413659,935,951,859,899,210,720
1321,44423659,943,970,876,916,215,732
1322,44433659,950,980,890,931,228,688
1323,44443659,956,988,910,946,243,0
1324,44453659,965,999,925,958,253,0
1325,44463659,969,1004,937,977,265,0
1326,44473659,972,1012,949,989,278,0
1327,44483659,982,1020,967,1000,287,0
1328,44493659,988,1036,982,1013,299,0
1329,44503659,993,1045,977,952,283,0
1330,44513659,1002,1052,1000,1046,312,0
1331,44523659,1008,1062,1009,1062,321,0
1332,44533659,1013,1066,1027,1069,329,0
1333,44543659,1015,1068,1045,1085,351,0
1334,44553659,1019,1077,1052,1097,364,0
1335,44563659,1021,1081,1064,1110,393,0
1336,44573659,1031,1089,1076,1124,405,0
1337,44583659,1038,1097,1082,1131,420,0
1338,44593659,1042,1102,1091,1140,432,0
1339,44603659,1044,1103,1102,1146,450,0
1340,44613659,1042,1105,1108,1157,466,0
1341,44623659,1046,1106,1111,1161,475,0
1342,44633659,1045,1109,1116,1170,488,2
1343,44643659,1047,1115,1122,1176,501,0
1344,44653659,1045,1108,1127,1182,519,0
1345,44663659,1044,1107,1130,1185,529,0
1346,44673659,1042,1107,1132,1189,533,0
1347,44683659,1041,1107,1135,1190,538,0
1348,44693659,1039,1107,1137,1192,541,0
1349,44703659,1041,1109,1140,1194,542,0
1350,44713659,1041,1110,1141,1193,550,0
1351,44723659,1038,1105,1142,1194,540,0
1352,44733659,1040,1110,1143,1195,548,0
1353,44743659,1041,1111,1143,1195,545,0
1354,44753659,1042,1114,1143,1195,542,1
1355,44763659,963,1071,1081,1126,517,0
1356,44773659,1048,1116,1143,1194,537,0
1357,44783659,1047,1117,1141,1193,534,0
1358,44793659,1049,1121,1143,1193,529,0
1359,44803659,1059,1122,1140,1182,523,0
1360,44813659,1062,1125,1142,1192,520,0
1361,44823659,1066,1129,1143,1191,519,0
1362,44833659,1077,1130,1145,1190,517,0
1363,44843659,1073,1134,1143,1191,498,0
1364,44853659,1082,1140,1142,1189,504,0
1365,44863659,1092,1142,1143,1190,496,0
1366,44873659,1101,1146,1140,1187,487,0
1367,44883659,1108,1150,1139,1182,476,0
1368,44893659,1114,1156,1136,1177,469,0
1369,44903659,1117,1157,1133,1175,466,0
1370,44913659,1117,1156,1134,1178,467,0
1371,44923659,1113,1151,1135,1177,474,0
1372,44933659,1111,1145,1136,1180,479,0
1373,44943659,1101,1141,1138,1181,483,0
1374,44953659,1093,1133,1138,1182,488,0
1375,44963659,1086,1125,1126,1100,470,0
1376,44973659,1081,1123,1140,1185,501,0
1377,44983659,1072,1120,1140,1185,511,0
1378,44993659,1065,1102,1143,1191,517,0
1379,45003659,1045,1083,1144,1194,531,0
1380,45013659,1012,1059,1145,1198,549,0
1381,45023659,974,1034,1149,1203,561,0
1382,45033659,875,956,1153,1208,584,0
1383,45043659,892,938,1154,1206,609,0
1384,45053659,811,879,1153,1214,634,0
1385,45063659,703,826,1155,1220,671,0
1386,45073659,575,769,1147,1218,696,0
1387,45083659,439,685,1141,1225,719,0
1388,45093659,299,552,1134,1226,746,0
1389,45103659,167,375,1124,1225,780,0
1390,45113659,58,272,1112,1232,812,0
1391,45123659,0,136,1091,1234,856,0
1392,45133659,0,39,1069,1238,882,0
1393,45143659,0,0,1046,1237,918,0
1394,45153659,0,0,1015,1236,944,0
1395,45163659,0,0,974,1240,970,0
1396,45173659,0,0,925,1243,991,0
1397,45183659,0,0,873,1245,1004,0
1398,45193659,0,0,810,1241,1018,0
1399,45203659,0,0,741,1231,1028,0
1400,45213659,0,0,684,1216,1042,0
1401,45223659,0,0,631,1190,1038,0
1402,45233659,0,0,595,1183,1020,0
1403,45243659,0,0,553,1168,1007,0
1404,45253659,0,0,522,1143,999,0
1405,45263659,0,0,488,1120,951,0
1406,45273659,0,0,465,1096,875,0
1407,45283659,0,0,435,1061,783,1253
1408,45293659,0,0,409,1017,693,1254
1409,45303659,0,0,388,980,563,1242
1410,45313659,0,0,377,944,401,1213
1411,45323659,0,0,376,910,238,1175
1412,45333659,0,0,357,853,134,1118
1413,45343659,0,1,337,793,37,0
1414,45353659,0,0,270,738,0,0
1415,45363659,0,0,284,681,0,754
1416,45373659,0,0,260,622,0,667
1417,45383659,0,0,237,581,0,524
1418,45393659,0,0,234,536,0,362
1419,45403659,0,0,215,410,0,178
1420,45413659,0,0,203,345,0,7
1421,45423659,0,0,179,370,0,0
1422,45433659,0,0,168,308,0,0
1423,45443659,0,0,151,186,0,0
1424,45453659,0,0,146,4,0,0
1425,45463659,0,0,145,0,0,0
1426,45473659,0,0,141,0,0,0
1427,45483659,0,0,138,0,0,0
1428,45493659,0,0,136,0,0,0
1429,45503659,0,0,122,0,0,0
1430,45513659,0,0,117,0,0,0
1431,45523659,0,0,118,0,0,0
1432,45533659,0,0,94,0,0,0
1433,45543659,0,0,89,0,0,0
1434,45553659,0,0,87,0,0,0
1435,45563659,0,0,80,0,0,0
1436,45573659,0,0,76,0,0,0
1437,45583659,0,0,68,51,0,0
1438,45593659,0,0,61,103,0,0
1439,45603659,0,0,56,51,0,0
1440,45613659,0,0,29,72,0,0
1441,45623659,0,0,53,108,0,0
1442,45633659,0,0,52,115,0,0
1443,45643659,0,0,50,109,0,0
1444,45653659,0,0,48,120,0,0
1445,45663659,0,0,45,122,0,0
1446,45673659,0,0,43,122,0,0
1447,45683659,0,0,41,120,0,0
1448,45693659,0,0,29,119,0,0
1449,45703659,0,0,33,126,0,0
1450,45713659,0,0,26,120,0,0
1451,45723659,0,0,19,123,0,0
1452,45733659,0,0,20,124,0,0
1453,45743659,0,0,19,123,0,0
1454,45753659,0,0,16,121,0,0
1455,45763659,0,0,14,119,0,0
1456,45773659,0,0,14,115,0,0
1457,45783659,0,0,20,97,0,0
1458,45793659,0,0,27,92,0,0
1459,45803659,0,0,17,71,0,0
1460,45813659,0,0,29,98,0,0
1461,45823659,0,0,28,101,0,0
1462,45833659,0,0,29,102,0,0
1463,45843659,0,0,27,102,0,0
1464,45853659,0,0,32,104,0,0
1465,45863659,0,0,23,72,0,0
1466,45873659,0,0,37,106,0,0
1467,45883659,0,0,30,106,0,0
1468,45893659,0,0,29,100,0,0
1469,45903659,0,0,27,97,0,0
1470,45913659,0,0,30,91,0,0
1471,45923659,0,0,27,89,0,0
1472,45933659,0,0,25,88,0,0
1473,45943659,0,0,28,89,0,0
1474,45953659,0,0,29,83,0,0
1475,45963659,0,0,30,82,0,0
1476,45973659,0,3,34,78,0,0
1477,45983659,0,13,35,77,0,0
1478,45993659,0,25,34,78,0,0
1479,46003659,1,39,37,81,0,0
1480,46013659,0,55,39,84,0,0
1481,46023659,0,86,34,83,0,0
1482,46033659,2,124,31,75,0,0
1483,46043659,31,178,38,69,0,0
1484,46053659,99,268,42,69,0,0
1485,46063659,144,357,41,60,0,0
1486,46073659,277,438,41,60,0,0
1487,46083659,338,473,54,58,0,0
1488,46093659,364,499,58,74,0,0
1489,46103659,386,523,65,86,0,0
1490,46113659,414,535,74,97,0,0
1491,46123659,429,543,86,103,0,0
1492,46133659,457,561,111,168,0,0
1493,46143659,493,577,140,207,0,0
1494,46153659,536,597,158,233,0,8
1495,46163659,562,613,177,254,0,39
1496,46173659,604,629,204,286,0,74
1497,46183659,638,657,249,313,0,107
1498,46193659,674,684,278,351,0,166
1499,46203659,708,711,313,392,0,206
1500,46213659,731,726,341,424,0,246
1501,46223659,761,743,379,450,0,276
1502,46233659,788,759,416,486,0,311
1503,46243659,810,783,465,526,0,351
1504,46253659,828,802,496,561,0,368
1505,46263659,855,820,532,589,0,398
1506,46273659,878,837,556,611,0,429
1507,46283659,893,853,583,634,0,464
1508,46293659,910,865,616,665,0,485
1509,46303659,923,878,652,686,3,520
1510,46313659,937,889,677,715,8,524
1511,46323659,948,901,699,727,37,570
1512,46333659,967,916,730,759,55,590
1513,46343659,976,925,756,788,69,615
1514,46353659,985,935,781,807,72,625
1515,46363659,992,947,810,830,88,648
1516,46373659,1000,950,836,854,106,668
1517,46383659,1001,955,856,879,129,683
1518,46393659,1002,963,873,901,147,697
1519,46403659,1007,966,891,917,154,716
1520,46413659,1009,972,911,935,187,737
1521,46423659,1007,976,929,954,199,749
1522,46433659,1008,980,942,967,228,766
1523,46443659,1008,923,925,899,239,717
1524,46453659,1011,988,968,995,256,795
1525,46463659,1012,989,979,1005,280,808
1526,46473659,1026,997,986,1015,303,818
1527,46483659,1017,998,995,1033,293,828
1528,46493659,1021,1001,1002,1041,313,840
1529,46503659,1020,1004,1012,1048,330,851
1530,46513659,1026,1011,1018,1055,334,855
1531,46523659,1031,1011,1029,1063,336,858
1532,46533659,1033,1014,1040,1071,347,872
1533,46543659,1036,1017,1046,1079,353,880
1534,46553659,1035,1022,1050,1082,361,887
1535,46563659,1030,1020,1058,1097,385,893
1536,46573659,1026,1028,1064,1100,401,906
1537,46583659,1020,1030,1070,1107,421,911
1538,46593659,1015,1031,1076,1113,423,919
1539,46603659,1017,1030,1077,1115,434,920
1540,46613659,1009,1021,1080,1120,448,924
1541,46623659,1001,1024,1083,1125,461,931
1542,46633659,996,1018,1087,1128,473,936
1543,46643659,987,1018,1093,1132,499,945
1544,46653659,984,1014,1098,1139,516,952
1545,46663659,977,1016,1102,1145,531,964
1546,46673659,976,1014,1107,1140,540,970
1547,46683659,970,1013,1109,1158,554,975
1548,46693659,961,1011,1113,1161,571,982
1549,46703659,946,1007,1117,1164,589,996
1550,46713659,947,1002,1122,1168,604,0
1551,46723659,942,998,1124,1175,615,0
1552,46733659,945,998,1125,1175,629,0
1553,46743659,939,996,1127,1178,636,0
1554,46753659,940,996,1125,1180,647,0
1555,46763659,936,994,1125,1181,661,0
1556,46773659,937,990,1130,1180,670,0
1557,46783659,934,986,1130,1182,679,0
1558,46793659,933,986,1131,1184,691,0
1559,46803659,932,985,1131,1182,701,0
1560,46813659,928,982,1134,1181,711,0
1561,46823659,924,979,1132,1186,720,0
1562,46833659,916,979,1134,1183,730,0
1563,46843659,913,960,1136,1184,738,0
1564,46853659,903,951,1135,1185,741,0
1565,46863659,886,933,1141,1189,750,0
1566,46873659,868,915,1135,1189,761,0
1567,46883659,850,890,1137,1191,780,0
1568,46893659,820,863,1141,1192,795,0
1569,46903659,793,841,1141,1197,805,0
1570,46913659,776,822,1141,1196,818,0
1571,46923659,750,815,1145,1196,829,0
1572,46933659,724,807,1146,1200,842,0
1573,46943659,697,800,1150,1204,855,0
1574,46953659,671,790,1145,1205,865,0
1575,46963659,651,798,1152,1214,870,0
1576,46973659,632,792,1151,1209,879,0
1577,46983659,613,775,1154,1211,885,0
1578,46993659,597,764,1150,1214,888,0
1579,47003659,571,748,1151,1213,896,0
1580,47013659,543,735,1150,1214,904,0
1581,47023659,466,696,1091,1147,876,0
1582,47033659,492,716,1143,1211,901,0
1583,47043659,484,710,1134,1200,887,0
1584,47053659,474,703,1125,1191,875,0
1585,47063659,464,699,1113,1184,866,0
1586,47073659,436,679,1109,1178,863,1
1587,47083659,371,567,1063,1076,852,0
1588,47093659,305,552,1082,1164,869,0
1589,47103659,231,486,1065,1159,872,0
1590,47113659,167,429,1051,1147,876,0
1591,47123659,104,376,1032,1140,878,0
1592,47133659,58,329,1012,1127,878,0
1593,47143659,24,277,986,1113,875,4
1594,47153659,1,215,964,1105,873,2
1595,47163659,0,170,939,1089,870,0
1596,47173659,0,125,908,1071,863,0
1597,47183659,0,81,871,1050,851,0
1598,47193659,0,53,840,1030,838,0
1599,47203659,0,34,796,999,818,0
1600,47213659,0,4,730,975,779,0
1601,47223659,0,0,666,945,745,0
1602,47233659,0,0,595,918,702,0
1603,47243659,0,0,513,880,641,918
1604,47253659,0,0,448,840,584,870
1605,47263659,0,0,399,796,540,828
1606,47273659,0,0,329,678,498,730
1607,47283659,0,0,308,692,483,758
1608,47293659,0,0,273,641,440,725
1609,47303659,0,0,243,575,381,689
1610,47313659,0,0,210,500,298,616
1611,47323659,0,0,182,439,231,526
1612,47333659,0,0,166,328,125,415
1613,47343659,0,0,142,305,53,333
1614,47353659,0,0,116,264,0,209
1615,47363659,0,0,89,206,0,75
1616,47373659,0,0,77,171,0,12
1617,47383659,0,0,55,135,0,0
1618,47393659,0,0,41,102,0,0
1619,47403659,0,0,31,0,0,0
1620,47413659,0,0,32,0,0,0
1621,47423659,0,0,38,0,0,0
1622,47433659,0,0,41,0,0,0
1623,47443659,0,0,44,0,0,0
1624,47453659,0,0,52,0,0,0
1625,47463659,0,0,60,0,0,0
1626,47473659,0,0,58,0,0,0
1627,47483659,0,0,68,0,0,0
1628,47493659,0,0,71,108,0,0
1629,47503659,0,0,76,119,0,0
1630,47513659,0,0,80,121,0,0
1631,47523659,0,0,51,117,0,0
1632,47533659,0,0,78,115,0,0
1633,47543659,0,0,74,106,0,0
1634,47553659,0,0,75,92,0,0
1635,47563659,0,0,57,86,0,0
1636,47573659,0,0,52,82,0,0
1637,47583659,0,0,46,73,0,0
1638,47593659,0,0,44,73,0,0
1639,47603659,0,0,44,77,0,0
1640,47613659,0,0,42,76,0,0
1641,47623659,0,0,40,72,0,0
1642,47633659,0,0,44,73,0,0
1643,47643659,0,0,45,77,0,0
1644,47653659,0,0,47,79,0,0
1645,47663659,0,0,48,83,0,0
1646,47673659,0,0,50,86,0,0
1647,47683659,0,0,51,86,0,0
1648,47693659,0,0,49,86,0,0
1649,47703659,0,0,46,87,0,0
1650,47713659,0,0,25,77,0,0
1651,47723659,0,0,52,87,0,0
1652,47733659,0,3,50,88,0,0
1653,47743659,0,0,52,84,0,0
1654,47753659,0,0,50,86,0,0
1655,47763659,0,0,49,85,0,0
1656,47773659,0,0,42,78,0,0
1657,47783659,0,0,45,76,0,0
1658,47793659,0,0,42,70,0,0
1659,47803659,0,0,41,72,0,0
1660,47813659,0,0,38,72,0,0
1661,47823659,0,0,34,74,0,0
1662,47833659,0,0,21,63,0,0
1663,47843659,0,0,16,63,0,0
1664,47853659,0,0,15,57,0,0
1665,47863659,0,0,11,54,0,0
1666,47873659,0,0,8,49,0,0
1667,47883659,0,0,8,49,0,0
1668,47893659,0,0,10,49,0,0
1669,47903659,0,5,11,52,0,0
1670,47913659,0,0,10,53,0,0
1671,47923659,0,0,8,52,0,0
1672,47933659,0,0,6,56,0,0
1673,47943659,0,0,8,57,0,0
1674,47953659,0,0,5,56,0,0
1675,47963659,0,0,2,55,0,0
1676,47973659,0,0,0,57,0,0
1677,47983659,0,0,0,52,0,0
1678,47993659,0,0,0,48,0,0
1679,48003659,0,0,0,46,0,0
1680,48013659,0,0,0,52,0,0
1681,48023659,0,0,0,56,0,0
1682,48033659,0,0,0,26,0,0
1683,48043659,0,0,1,53,0,0
1684,48053659,0,0,2,52,0,0
1685,48063659,0,0,1,44,0,0
1686,48073659,0,2,1,48,0,0
1687,48083659,0,18,0,46,0,0
1688,48093659,0,37,12,53,0,0
1689,48103659,0,33,37,16,0,0
1690,48113659,0,27,35,0,0,0
1691,48123659,0,45,57,133,0,0
1692,48133659,0,106,87,182,0,0
1693,48143659,14,187,111,221,0,0
1694,48153659,84,285,177,298,0,31
1695,48163659,149,360,265,379,0,95
1696,48173659,229,412,331,447,0,171
1697,48183659,255,444,383,529,4,246
1698,48193659,284,461,435,584,0,324
1699,48203659,278,476,469,618,0,368
1700,48213659,282,471,511,659,0,421
1701,48223659,279,476,540,702,0,447
1702,48233659,285,481,561,743,4,490
1703,48243659,308,494,591,775,7,523
1704,48253659,328,510,626,806,21,552
1705,48263659,349,545,656,839,41,588
1706,48273659,380,574,701,868,56,612
1707,48283659,427,612,736,891,73,631
1708,48293659,479,645,763,918,90,645
1709,48303659,531,679,795,937,95,654
1710,48313659,579,711,820,951,109,667
1711,48323659,623,736,843,967,114,679
1712,48333659,664,756,863,985,125,691
1713,48343659,695,781,879,1000,155,707
1714,48353659,726,801,906,1018,171,720
1715,48363659,753,815,923,1040,204,732
1716,48373659,778,834,942,1055,218,742
1717,48383659,797,856,955,1067,225,751
1718,48393659,819,866,972,1076,234,757
1719,48403659,847,892,985,1083,249,763
1720,48413659,876,914,993,1096,263,773
1721,48423659,904,876,975,1009,260,704
1722,48433659,925,947,1017,1110,279,767
1723,48443659,953,973,1034,1113,282,764
1724,48453659,974,997,1044,1122,287,764
1725,48463659,997,1010,1051,1126,295,762
1726,48473659,1017,1039,1057,1130,291,762
1727,48483659,1045,987,1037,1035,284,697
1728,48493659,1062,1066,1070,1132,300,760
1729,48503659,1084,1081,1074,1130,298,756
1730,48513659,1104,1099,1076,1132,299,750
1731,48523659,1115,1114,1081,1132,300,743
1732,48533659,1130,1125,1081,1130,300,737
1733,48543659,1144,1133,1081,1128,299,726
1734,48553659,1157,1143,1083,1126,294,724
1735,48563659,1164,1150,1082,1124,286,719
1736,48573659,1172,1160,1080,1123,282,715
1737,48583659,1176,1164,1079,1120,286,710
1738,48593659,1179,1169,1084,1118,292,718
1739,48603659,1179,1169,1080,1121,295,722
1740,48613659,1178,1171,1084,1123,269,703
1741,48623659,1177,1169,1086,1121,303,732
1742,48633659,1176,1168,1090,1125,310,743
1743,48643659,1177,1170,1087,1126,310,743
1744,48653659,1178,1169,1089,1123,311,747
1745,48663659,1179,1170,1089,1127,318,750
1746,48673659,1179,1170,1094,1126,328,751
1747,48683659,1109,1133,1094,1129,333,760
1748,48693659,1181,1171,1095,1128,331,759
1749,48703659,1179,1169,1096,1131,332,765
1750,48713659,1177,1168,1099,1131,333,776
1751,48723659,1175,1165,1099,1133,334,786
1752,48733659,1170,1162,1105,1135,340,793
1753,48743659,1166,1160,1102,1139,313,775
1754,48753659,1162,1156,1107,1137,354,803
1755,48763659,1161,1157,1109,1145,361,808
1756,48773659,1171,1155,1110,1145,362,813
1757,48783659,1162,1153,1111,1147,362,813
1758,48793659,1161,1153,1113,1147,367,809
1759,48803659,1157,1148,1112,1150,374,819
1760,48813659,1142,1142,1119,1151,378,823
1761,48823659,1139,1138,1120,1157,393,827
1762,48833659,1131,1132,1117,1156,397,831
1763,48843659,1126,1124,1120,1160,411,834
1764,48853659,1124,1120,1118,1161,423,839
1765,48863659,1115,1113,1121,1161,435,844
1766,48873659,1107,1105,1119,1163,448,854
1767,48883659,1094,1096,1124,1163,471,855
1768,48893659,1083,1087,1126,1168,491,0
1769,48903659,1068,1081,1128,1171,506,0
1770,48913659,1060,1067,1130,1174,520,0
1771,48923659,1049,1060,1131,1176,530,0
1772,48933659,1039,1053,1131,1176,536,0
1773,48943659,1020,1046,1135,1178,555,0
1774,48953659,1010,1041,1133,1179,573,0
1775,48963659,997,1027,1136,1182,586,0
1776,48973659,983,1023,1136,1183,603,0
1777,48983659,970,1017,1138,1183,614,0
1778,48993659,958,1008,1138,1186,627,0
1779,49003659,949,1002,1139,1187,646,0
1780,49013659,936,994,1140,1189,661,0
1781,49023659,920,987,1141,1191,677,0
1782,49033659,903,971,1141,1191,684,0
1783,49043659,886,958,1142,1192,688,0
1784,49053659,871,947,1136,1191,658,0
1785,49063659,856,934,1138,1190,721,0
1786,49073659,839,919,1137,1189,722,0
1787,49083659,814,906,1135,1190,730,0
1788,49093659,783,892,1133,1184,734,0
1789,49103659,770,879,1130,1181,741,0
1790,49113659,762,868,1127,1176,742,0
1791,49123659,760,854,1124,1164,737,0
1792,49133659,755,847,1115,1157,743,2
1793,49143659,738,831,1108,1143,737,0
1794,49153659,715,828,1100,1133,740,0
1795,49163659,665,797,1089,1127,741,0
1796,49173659,611,774,1077,1125,751,0
1797,49183659,520,724,1066,1118,765,0
1798,49193659,405,646,1050,1113,783,0
1799,49203659,287,571,1025,1111,807,0
1800,49213659,172,464,997,1105,836,0
1801,49223659,86,377,971,1101,864,0
1802,49233659,21,301,942,1087,881,0
1803,49243659,0,231,918,1078,899,0
1804,49253659,0,174,883,1069,921,0
1805,49263659,0,116,851,1057,930,0
1806,49273659,0,62,815,1046,939,0
1807,49283659,0,13,780,1032,945,0
1808,49293659,0,0,725,1013,948,0
1809,49303659,0,0,668,998,957,0
1810,49313659,0,0,600,977,946,0
1811,49323659,0,0,539,950,938,0
1812,49333659,0,0,486,921,920,0
1813,49343659,0,0,437,887,887,0
1814,49353659,0,0,391,838,832,0
1815,49363659,0,0,358,798,773,0
1816,49373659,0,0,340,739,698,0
1817,49383659,0,0,315,662,613,0
1818,49393659,0,0,275,597,477,0
1819,49403659,0,0,264,545,345,776
1820,49413659,0,0,252,461,237,690
1821,49423659,0,0,225,394,109,538
1822,49433659,0,0,182,324,1,356
1823,49443659,0,0,151,266,0,235
1824,49453659,0,0,139,244,0,92
1825,49463659,0,0,122,0,0,0
1826,49473659,0,0,104,79,0,0
1827,49483659,0,0,106,0,0,0
1828,49493659,0,0,110,39,0,0
1829,49503659,0,0,118,0,2,0
1830,49513659,0,0,119,0,0,0
1831,49523659,0,0,131,49,0,0
1832,49533659,0,0,122,107,0,0
1833,49543659,0,0,124,95,0,0
1834,49553659,0,0,123,143,0,0
1835,49563659,0,0,112,144,0,0
1836,49573659,0,0,106,144,0,0
1837,49583659,0,0,102,136,0,0
1838,49593659,0,0,100,132,0,0
1839,49603659,0,0,95,120,0,0
1840,49613659,0,0,88,122,0,0
1841,49623659,0,0,76,111,0,0
1842,49633659,0,0,69,71,0,0
1843,49643659,0,0,80,91,2,0
1844,49653659,0,0,62,86,0,0
1845,49663659,0,0,60,84,0,0
1846,49673659,0,0,53,85,0,0
1847,49683659,0,0,48,85,0,0
1848,49693659,0,0,48,82,0,0
1849,49703659,0,0,48,83,0,0
1850,49713659,0,0,50,80,0,0
1851,49723659,0,0,51,85,0,0
1852,49733659,0,0,51,86,0,0
1853,49743659,0,0,55,89,0,0
1854,49753659,0,0,60,87,0,0
1855,49763659,0,0,59,89,0,0
1856,49773659,0,0,58,92,0,0
1857,49783659,0,0,63,97,0,0
1858,49793659,0,0,57,98,0,0
1859,49803659,0,0,56,101,0,0
1860,49813659,0,0,58,100,0,0
1861,49823659,0,0,58,94,0,0
1862,49833659,0,0,53,88,0,0
1863,49843659,0,0,47,83,0,0
1864,49853659,0,0,39,80,0,0
1865,49863659,0,0,37,74,0,0
1866,49873659,0,0,25,65,0,0
1867,49883659,0,1,19,55,0,0
1868,49893659,0,0,19,60,0,0
1869,49903659,0,2,14,57,0,0
1870,49913659,0,10,12,60,0,0
1871,49923659,0,21,10,69,0,0
1872,49933659,0,26,13,56,0,0
1873,49943659,0,31,14,62,0,0
1874,49953659,0,39,13,58,0,2
1875,49963659,0,40,9,32,0,0
1876,49973659,0,43,10,58,0,0
1877,49983659,0,45,10,55,0,0
1878,49993659,0,57,7,54,0,0
1879,50003659,0,70,8,49,0,0
1880,50013659,0,79,11,50,0,0
1881,50023659,0,96,7,24,0,0
1882,50033659,0,111,12,49,0,0
1883,50043659,0,128,5,47,0,0
1884,50053659,0,145,4,51,0,0
1885,50063659,3,175,5,53,0,0
1886,50073659,26,214,2,51,0,0
1887,50083659,73,294,34,6,0,0
1888,50093659,102,320,56,131,0,0
1889,50103659,173,351,124,201,0,0
1890,50113659,217,370,197,251,0,0
1891,50123659,282,411,243,313,0,77
1892,50133659,340,439,296,393,0,184
1893,50143659,372,469,347,453,0,266
1894,50153659,339,471,364,522,0,323
1895,50163659,403,495,466,592,14,377
1896,50173659,405,502,525,650,33,440
1897,50183659,404,511,571,704,56,480
1898,50193659,405,522,635,756,81,524
1899,50203659,412,532,679,801,89,563
1900,50213659,425,540,726,838,106,607
1901,50223659,437,553,766,874,129,0
1902,50233659,452,573,807,909,159,0
1903,50243659,468,579,840,940,200,0
1904,50253659,484,592,869,967,214,0
1905,50263659,492,611,895,991,229,0
1906,50273659,506,624,929,1016,258,0
1907,50283659,527,637,927,962,267,0
1908,50293659,546,652,962,1056,311,0
1909,50303659,564,663,976,1073,332,0
1910,50313659,580,678,988,1082,341,0
1911,50323659,605,697,1001,1091,359,0
1912,50333659,628,714,1009,1105,374,0
1913,50343659,649,731,1035,1115,399,0
1914,50353659,604,737,966,1121,416,0
1915,50363659,694,765,1061,1141,438,0
1916,50373659,719,783,1068,1147,457,0
1917,50383659,733,795,1077,1161,465,0
1918,50393659,743,804,1094,1168,480,0
1919,50403659,759,814,1101,1174,497,0
1920,50413659,773,818,1108,1179,505,0
1921,50423659,790,828,1113,1186,521,0
1922,50433659,802,836,1116,1188,535,0
1923,50443659,822,849,1123,1189,546,1
1924,50453659,836,856,1127,1194,555,0
1925,50463659,850,868,1133,1196,561,0
1926,50473659,868,875,1135,1199,564,0
1927,50483659,874,880,1127,1118,547,0
1928,50493659,888,886,1143,1207,585,0
1929,50503659,888,890,1147,1209,595,0
1930,50513659,886,888,1151,1214,600,0
1931,50523659,886,890,1157,1214,606,0
1932,50533659,883,893,1155,1218,611,0
1933,50543659,883,889,1158,1223,616,0
1934,50553659,883,891,1160,1221,619,0
1935,50563659,883,893,1161,1221,625,0
1936,50573659,883,891,1160,1222,630,0
1937,50583659,880,888,1162,1222,643,0
1938,50593659,871,886,1161,1223,652,0
1939,50603659,869,883,1162,1223,663,0
1940,50613659,860,877,1155,1220,626,0
1941,50623659,856,874,1161,1223,680,0
1942,50633659,846,872,1161,1219,689,0
1943,50643659,839,870,1163,1221,695,0
1944,50653659,833,867,1162,1223,695,0
1945,50663659,825,861,1162,1220,699,0
1946,50673659,822,859,1162,1224,709,0
1947,50683659,814,858,1157,1220,670,0
1948,50693659,807,856,1164,1223,727,0
1949,50703659,807,854,1163,1223,739,0
1950,50713659,806,850,1165,1221,740,0
1951,50723659,804,851,1163,1223,743,0
1952,50733659,808,845,1164,1222,749,0
1953,50743659,800,846,1165,1226,751,0
1954,50753659,798,837,1166,1223,769,0
1955,50763659,790,834,1164,1222,761,0
1956,50773659,782,826,1163,1223,763,0
1957,50783659,777,823,1164,1224,759,0
1958,50793659,765,818,1164,1221,771,0
1959,50803659,760,814,1163,1224,772,0
1960,50813659,751,810,1164,1220,768,0
1961,50823659,742,806,1162,1222,772,0
1962,50833659,738,800,1158,1216,769,0
1963,50843659,727,794,1156,1210,764,0
1964,50853659,725,791,1148,1206,764,0
1965,50863659,718,784,1145,1203,760,0
1966,50873659,694,769,1142,1199,757,0
1967,50883659,672,749,1128,1122,719,0
1968,50893659,638,723,1136,1196,748,0
1969,50903659,588,679,1129,1194,755,0
1970,50913659,528,636,1117,1184,760,0
1971,50923659,460,578,1101,1170,766,0
1972,50933659,374,506,1070,1151,764,0
1973,50943659,291,438,1042,1133,748,0
1974,50953659,194,378,1007,1108,729,0
1975,50963659,107,308,960,1083,693,0
1976,50973659,39,249,922,1063,645,0
1977,50983659,0,181,870,1036,600,0
1978,50993659,0,109,811,989,553,0
1979,51003659,0,45,725,954,496,0
1980,51013659,0,2,601,834,432,0
1981,51023659,0,0,543,867,397,666
1982,51033659,0,0,465,797,365,621
1983,51043659,0,0,408,733,307,553
1984,51053659,0,0,354,654,237,500
1985,51063659,0,0,298,567,149,444
1986,51073659,0,0,264,506,99,348
1987,51083659,0,0,215,413,20,243
1988,51093659,0,0,232,400,0,135
1989,51103659,0,2,211,335,0,35
1990,51113659,0,0,172,291,0,0
1991,51123659,0,3,156,247,0,0
1992,51133659,0,0,152,82,0,0
1993,51143659,0,0,149,0,0,0
1994,51153659,0,0,129,0,0,0
1995,51163659,0,0,129,0,0,0
1996,51173659,0,0,117,0,0,0
1997,51183659,0,0,108,0,0,0
1998,51193659,0,0,100,0,0,0
1999,51203659,0,0,104,0,0,0
2000,51213659,0,0,98,0,0,0
2001,51223659,0,0,95,0,0,0
2002,51233659,0,0,92,114,0,0
2003,51243659,0,0,88,0,0,0
2004,51253659,0,0,92,0,0,0
2005,51263659,0,0,91,0,0,0
2006,51273659,0,0,92,40,0,0
2007,51283659,0,0,96,112,0,0
2008,51293659,0,0,91,104,0,0
2009,51303659,0,0,90,112,0,0
2010,51313659,0,0,91,112,0,0
2011,51323659,0,0,91,105,0,0
2012,51333659,0,0,89,101,0,0
2013,51343659,0,0,89,113,0,0
2014,51353659,0,0,88,111,0,0
2015,51363659,0,0,88,107,0,0
2016,51373659,0,0,91,108,0,0
2017,51383659,0,0,99,125,0,0
2018,51393659,0,0,94,140,0,0
2019,51403659,0,0,100,138,0,0
2020,51413659,0,17,100,128,0,0
2021,51423659,0,0,93,118,0,0
2022,51433659,0,0,95,120,0,0
2023,51443659,0,0,85,126,0,0
2024,51453659,0,0,89,135,0,0
2025,51463659,0,0,86,131,0,0
2026,51473659,0,0,81,133,0,0
2027,51483659,0,0,83,128,0,0
2028,51493659,0,0,80,125,0,0
2029,51503659,0,0,76,122,0,0
2030,51513659,0,0,74,116,0,0
2031,51523659,0,0,67,101,0,0
2032,51533659,0,0,56,90,0,0
2033,51543659,0,0,52,88,0,0
2034,51553659,0,0,48,90,0,0
2035,51563659,0,0,44,88,0,0
2036,51573659,0,0,43,96,0,0
2037,51583659,0,0,42,86,0,0
2038,51593659,0,0,44,87,0,0
2039,51603659,0,0,40,90,0,3
2040,51613659,0,0,21,68,0,0
2041,51623659,0,0,27,89,0,0
2042,51633659,0,0,31,84,0,0
2043,51643659,0,0,32,86,0,0
2044,51653659,0,0,30,86,0,0
2045,51663659,0,0,40,88,0,0
2046,51673659,0,0,38,53,0,0
2047,51683659,0,10,44,73,0,0
2048,51693659,0,31,36,61,0,0
2049,51703659,0,35,33,63,0,0
2050,51713659,0,44,28,58,0,0
2051,51723659,0,62,23,55,0,0
2052,51733659,0,89,21,49,0,0
2053,51743659,0,108,15,47,0,0
2054,51753659,12,179,11,38,0,0
2055,51763659,45,266,11,33,0,0
2056,51773659,119,364,16,36,0,0
2057,51783659,237,470,16,29,0,0
2058,51793659,408,578,16,9,0,0
2059,51803659,632,647,18,10,0,0
2060,51813659,793,774,59,44,0,0
2061,51823659,859,801,108,0,0,0
2062,51833659,896,820,138,154,0,0
2063,51843659,929,845,190,207,0,0
2064,51853659,953,860,238,268,0,33
2065,51863659,965,870,276,273,0,55
2066,51873659,970,875,315,377,0,151
2067,51883659,968,877,382,421,0,230
2068,51893659,970,885,419,486,0,298
2069,51903659,971,887,469,536,0,332
2070,51913659,974,893,517,582,0,377
2071,51923659,980,904,553,606,13,418
2072,51933659,936,883,588,650,32,447
2073,51943659,1008,926,623,679,51,474
2074,51953659,1020,935,657,713,59,494
2075,51963659,1038,945,688,732,84,529
2076,51973659,1043,949,720,761,105,552
2077,51983659,1047,964,748,788,113,571
2078,51993659,1052,965,766,807,120,597
2079,52003659,1059,967,788,822,144,612
2080,52013659,1059,972,808,828,157,625
2081,52023659,1065,975,824,850,171,0
2082,52033659,1069,979,843,870,180,0
2083,52043659,1075,984,861,873,200,0
2084,52053659,1076,989,874,896,212,0
2085,52063659,992,976,817,901,223,0
2086,52073659,1096,1000,903,919,238,0
2087,52083659,1095,1009,918,932,244,0
2088,52093659,1103,1016,928,942,249,0
2089,52103659,1110,1031,937,953,265,0
2090,52113659,1117,1039,946,962,264,0
2091,52123659,1125,1047,957,975,273,0
2092,52133659,1132,1054,968,985,279,0
2093,52143659,1138,1062,983,993,289,0
2094,52153659,1145,1065,992,1002,298,0
2095,52163659,1148,1074,1000,1012,299,0
2096,52173659,1156,1079,1008,1023,313,0
2097,52183659,1158,1082,1017,1032,323,0
2098,52193659,1161,1020,996,953,307,0
2099,52203659,1162,1090,1035,1048,335,0
2100,52213659,1168,1094,1041,1052,339,0
2101,52223659,1171,1096,1044,1056,338,0
2102,52233659,1174,1098,1047,1061,341,0
2103,52243659,1176,1101,1051,1066,341,0
2104,52253659,1179,1103,1055,1065,342,0
2105,52263659,1111,1068,1059,1072,345,0
2106,52273659,1177,1104,1061,1068,347,0
2107,52283659,1175,1104,1059,1081,346,0
2108,52293659,1172,1102,1065,1085,349,0
2109,52303659,1172,1100,1067,1085,351,0
2110,52313659,1169,1101,1069,1094,352,0
2111,52323659,1170,1102,1070,1097,351,0
2112,52333659,1169,1102,1075,1100,354,0
2113,52343659,1168,1101,1079,1111,354,0
2114,52353659,1164,1098,1082,1109,358,0
2115,52363659,1160,1094,1088,1113,361,0
2116,52373659,1153,1087,1093,1117,373,0
2117,52383659,1148,1086,1096,1122,379,0
2118,52393659,1140,1086,1096,1127,393,0
2119,52403659,1143,1084,1100,1126,400,0
2120,52413659,1141,1083,1100,1130,402,0
2121,52423659,1139,1084,1106,1134,407,0
2122,52433659,1135,1079,1107,1139,411,0
2123,52443659,1132,1076,1109,1144,418,0
2124,52453659,1126,1075,1114,1147,429,0
2125,52463659,1118,1069,1116,1157,438,0
2126,52473659,1114,1067,1116,1160,440,0
2127,52483659,1113,1064,1122,1164,446,0
2128,52493659,1110,1063,1124,1165,459,0
2129,52503659,1104,1061,1125,1169,463,0
2130,52513659,1010,1050,1130,1175,469,0
2131,52523659,1097,1056,1130,1177,473,0
2132,52533659,1090,1054,1129,1178,474,0
2133,52543659,1089,1052,1132,1177,473,0
2134,52553659,1088,1053,1126,1181,475,0
2135,52563659,1084,1048,1133,1181,474,0
2136,52573659,1077,1045,1133,1181,476,0
2137,52583659,1072,1041,1135,1184,478,0
2138,52593659,1060,1031,1137,1187,480,0
2139,52603659,1050,1023,1137,1187,485,0
2140,52613659,1045,1017,1138,1190,486,0
2141,52623659,1035,1014,1140,1192,493,0
2142,52633659,1025,1004,1141,1197,501,2
2143,52643659,1015,1000,1144,1200,507,0
2144,52653659,1006,991,1147,1206,515,0
2145,52663659,997,981,1150,1210,523,0
2146,52673659,985,974,1153,1215,521,0
2147,52683659,968,967,1157,1219,524,0
2148,52693659,948,953,1159,1226,533,0
2149,52703659,927,941,1161,1230,549,0
2150,52713659,906,924,1162,1232,554,0
2151,52723659,889,904,1162,1234,570,0
2152,52733659,869,878,1163,1237,588,0
2153,52743659,839,856,1161,1238,596,0
2154,52753659,791,822,1160,1237,600,0
2155,52763659,729,789,1149,1238,608,0
2156,52773659,645,744,1145,1236,623,0
2157,52783659,554,695,1133,1232,634,0
2158,52793659,452,636,1122,1227,646,0
2159,52803659,351,567,1106,1221,653,0
2160,52813659,269,493,1087,1211,657,0
2161,52823659,175,425,1063,1203,657,0
2162,52833659,104,343,1043,1193,651,0
2163,52843659,45,281,1024,1187,645,0
2164,52853659,6,191,996,1177,623,0
2165,52863659,0,117,968,1164,610,0
2166,52873659,0,63,940,1155,581,0
2167,52883659,0,21,907,1141,559,0
2168,52893659,0,0,872,1129,542,0
2169,52903659,0,0,826,1114,519,0
2170,52913659,0,0,774,1097,490,0
2171,52923659,0,0,696,1079,474,0
2172,52933659,0,0,647,1053,478,0
2173,52943659,0,0,585,1016,454,0
2174,52953659,0,0,547,987,422,0
2175,52963659,0,0,479,950,339,0
2176,52973659,0,0,431,907,300,0
2177,52983659,0,0,403,859,225,0
2178,52993659,0,0,365,801,166,0
2179,53003659,0,0,337,736,104,0
2180,53013659,0,0,313,676,35,477
2181,53023659,0,0,300,618,0,375
2182,53033659,0,0,269,497,0,257
2183,53043659,0,0,266,488,0,189
2184,53053659,0,0,238,360,0,82
2185,53063659,0,0,217,0,0,0
2186,53073659,0,0,192,317,0,0
2187,53083659,0,0,166,0,0,0
2188,53093659,0,0,143,235,0,0
2189,53103659,0,0,140,80,0,0
2190,53113659,0,0,118,171,0,0
2191,53123659,0,0,114,155,0,0
2192,53133659,0,0,106,0,0,0
2193,53143659,0,0,107,151,0,0
2194,53153659,0,0,96,158,0,0
2195,53163659,0,3,98,164,0,0
2196,53173659,0,0,90,170,0,0
2197,53183659,0,0,92,0,0,0
2198,53193659,0,0,96,18,0,0
2199,53203659,0,0,93,36,0,0
2200,53213659,0,0,94,0,0,0
2201,53223659,0,0,94,0,0,0
2202,53233659,0,0,87,0,0,0
2203,53243659,0,0,88,0,0,0
2204,53253659,0,0,86,38,0,0
2205,53263659,0,0,84,0,0,0
2206,53273659,0,0,82,141,0,0
2207,53283659,0,0,81,150,0,0
2208,53293659,0,2,76,92,0,0
2209,53303659,0,0,78,60,0,0
2210,53313659,0,0,75,37,0,0
2211,53323659,0,0,72,87,0,0
2212,53333659,0,0,69,124,0,0
2213,53343659,0,0,60,115,0,0
2214,53353659,0,0,54,113,0,0
2215,53363659,0,0,52,118,0,0
2216,53373659,0,0,46,116,0,0
2217,53383659,0,0,43,114,0,0
2218,53393659,0,0,34,118,0,0
2219,53403659,0,0,27,110,0,0
2220,53413659,0,0,23,110,0,0
2221,53423659,0,0,19,106,0,0
2222,53433659,0,0,14,101,0,0
2223,53443659,0,0,10,95,0,0
2224,53453659,0,0,5,94,0,0
2225,53463659,0,0,3,85,0,0
2226,53473659,0,0,2,83,0,0
2227,53483659,3,0,0,80,0,0
2228,53493659,0,0,0,88,0,0
2229,53503659,0,0,1,91,0,0
2230,53513659,0,0,1,96,0,0
2231,53523659,0,0,2,97,0,0
2232,53533659,0,0,2,94,0,0
2233,53543659,0,0,1,98,0,0
2234,53553659,0,0,0,94,0,0
2235,53563659,0,0,0,94,0,0
2236,53573659,0,0,0,90,0,0
2237,53583659,0,0,0,87,0,0
2238,53593659,0,0,0,90,0,0
2239,53603659,0,0,0,92,0,0
2240,53613659,0,0,0,68,0,1
2241,53623659,0,0,0,87,0,0
2242,53633659,0,0,8,91,0,0
2243,53643659,0,0,1,51,0,0
2244,53653659,0,0,3,0,0,0
2245,53663659,0,23,0,49,0,0
2246,53673659,0,58,1,0,0,0
2247,53683659,0,98,0,4,0,0
2248,53693659,44,194,3,0,0,0
2249,53703659,115,306,4,18,0,0
2250,53713659,249,427,10,10,0,0
2251,53723659,402,550,6,5,0,0
2252,53733659,541,626,8,6,0,0
2253,53743659,630,679,11,9,0,0
2254,53753659,630,676,7,6,0,0
2255,53763659,707,721,7,5,0,0
2256,53773659,721,730,9,11,0,0
2257,53783659,727,739,26,28,0,0
2258,53793659,737,746,44,52,0,0
2259,53803659,761,756,62,63,0,0
2260,53813659,740,744,89,97,0,0
2261,53823659,833,788,115,123,0,0
2262,53833659,869,806,133,157,3,0
2263,53843659,904,827,161,181,0,0
2264,53853659,940,855,187,209,0,0
2265,53863659,971,873,210,229,0,0
2266,53873659,997,891,233,206,0,0
2267,53883659,1029,912,270,271,0,0
2268,53893659,1053,929,298,297,0,0
2269,53903659,1069,947,315,311,0,0
2270,53913659,1093,981,334,336,0,27
2271,53923659,1112,992,347,346,0,47
2272,53933659,1129,1006,359,365,0,97
2273,53943659,1146,1035,387,371,0,123
2274,53953659,1164,1045,398,387,0,169
2275,53963659,1178,1057,400,394,0,197
2276,53973659,1191,1069,411,404,0,216
2277,53983659,1202,1082,422,409,0,233
2278,53993659,1211,1096,432,422,0,258
2279,54003659,1222,1034,418,373,0,243
2280,54013659,1229,1112,450,433,0,294
2281,54023659,1235,1117,463,443,0,312
2282,54033659,1238,1120,475,459,0,331
2283,54043659,1242,1128,494,470,0,347
2284,54053659,1246,1133,506,481,0,362
2285,54063659,1250,1138,523,488,0,366
2286,54073659,1246,1143,536,501,0,391
2287,54083659,1257,1146,544,514,5,402
2288,54093659,1262,1154,554,530,7,428
2289,54103659,1264,1158,572,546,18,445
2290,54113659,1267,1161,592,570,30,468
2291,54123659,1267,1160,621,602,47,490
2292,54133659,1260,1094,616,594,33,511
2293,54143659,1257,1161,681,666,79,552
2294,54153659,1258,1161,703,697,95,573
2295,54163659,1259,1161,729,709,108,595
2296,54173659,1259,1163,751,723,123,544
2297,54183659,1260,1167,769,750,135,628
2298,54193659,1261,1168,785,704,151,462
2299,54203659,1267,1174,811,788,174,515
2300,54213659,1272,1173,840,809,184,568
2301,54223659,1267,1175,851,820,210,0
2302,54233659,1266,1175,871,842,221,0
2303,54243659,1264,1175,889,856,228,0
2304,54253659,1265,1177,899,872,248,0
2305,54263659,1254,1176,918,887,267,0
2306,54273659,1260,1176,926,908,281,0
2307,54283659,1258,1174,940,916,296,0
2308,54293659,1256,1173,952,925,309,0
2309,54303659,1251,1171,962,937,323,0
2310,54313659,1249,1166,971,950,340,0
2311,54323659,1246,1163,979,956,348,0
2312,54333659,1242,1160,980,965,364,0
2313,54343659,1240,1158,989,971,371,0
2314,54353659,1238,1149,995,977,377,0
2315,54363659,1232,1146,999,981,389,0
2316,54373659,1222,1142,1005,989,405,0
2317,54383659,1215,1134,1005,992,421,0
2318,54393659,1207,1131,1007,1000,431,0
2319,54403659,1204,1125,1012,1002,445,0
2320,54413659,1194,1119,1016,1004,461,0
2321,54423659,1189,1113,1017,1009,467,0
2322,54433659,1184,1110,1022,1012,475,0
2323,54443659,1178,1108,1025,1019,480,0
2324,54453659,1172,1101,1031,1020,489,0
2325,54463659,1165,1099,1040,1027,455,0
2326,54473659,1164,1097,1036,1033,505,0
2327,54483659,1162,1096,1041,1036,506,0
2328,54493659,1159,1093,1038,1041,512,0
2329,54503659,1158,1093,1043,1043,515,0
2330,54513659,1149,1086,1042,1044,522,0
2331,54523659,1149,1084,1043,1046,516,0
2332,54533659,1062,1038,988,981,498,0
2333,54543659,1139,1082,1045,1047,529,0
2334,54553659,1136,1076,1044,1047,526,0
2335,54563659,1132,1069,1044,1047,526,0
2336,54573659,1129,1066,1045,1046,528,0
2337,54583659,1129,1064,1044,1048,526,0
2338,54593659,1122,1057,1046,1046,533,0
2339,54603659,1115,1048,1039,1059,533,0
2340,54613659,1102,1046,1042,1046,538,0
2341,54623659,1098,1038,1043,1050,548,0
2342,54633659,1083,1021,1041,1050,551,0
2343,54643659,1065,1006,1037,1050,558,0
2344,54653659,1050,994,1034,1049,564,0
2345,54663659,1030,980,1029,1052,576,0
2346,54673659,999,965,1025,1047,588,0
2347,54683659,967,944,1020,1043,594,0
2348,54693659,939,919,1016,1044,600,0
2349,54703659,917,901,1014,1050,601,0
2350,54713659,889,873,1007,1053,606,0
2351,54723659,854,840,1004,1058,609,0
2352,54733659,808,801,1001,1048,613,0
2353,54743659,748,758,994,1056,612,0
2354,54753659,641,695,980,1057,620,0
2355,54763659,511,594,963,1049,623,0
2356,54773659,361,436,936,1048,619,0
2357,54783659,185,290,851,991,572,0
2358,54793659,98,193,864,1034,630,2
2359,54803659,1,114,806,1027,645,0
2360,54813659,0,22,722,1014,662,0
2361,54823659,0,0,632,995,669,0
2362,54833659,0,0,555,977,680,0
2363,54843659,0,0,451,892,641,0
2364,54853659,2,0,414,917,633,0
2365,54863659,0,0,380,879,564,0
2366,54873659,0,0,338,822,475,804
2367,54883659,3,0,300,757,392,785
2368,54893659,0,0,272,670,265,748
2369,54903659,0,0,264,570,137,0
2370,54913659,0,0,247,544,41,593
2371,54923659,0,0,218,476,0,491
2372,54933659,0,0,198,420,0,364
2373,54943659,0,0,170,372,0,223
2374,54953659,0,0,145,0,0,85
2375,54963659,0,0,138,283,0,0
2376,54973659,0,0,103,162,0,0
2377,54983659,0,0,118,237,0,0
2378,54993659,0,0,113,174,0,0
2379,55003659,0,0,98,158,0,0
2380,55013659,0,0,91,147,0,0
2381,55023659,0,0,91,96,0,0
2382,55033659,0,0,93,150,0,0
2383,55043659,0,0,88,145,0,0
2384,55053659,0,0,87,158,0,0
2385,55063659,0,0,86,157,0,0
2386,55073659,0,0,85,166,0,0
2387,55083659,0,0,83,157,0,0
2388,55093659,0,0,78,149,0,0
2389,55103659,0,0,76,148,0,0
2390,55113659,0,0,74,142,0,0
2391,55123659,0,0,72,135,0,0
2392,55133659,0,0,69,131,0,0
2393,55143659,0,0,60,129,0,0
2394,55153659,0,0,59,122,0,0
2395,55163659,0,0,56,120,0,0
2396,55173659,0,0,54,126,0,0
2397,55183659,0,0,49,123,0,0
2398,55193659,0,0,45,119,0,0
2399,55203659,0,0,40,119,0,0
2400,55213659,0,0,37,115,0,0
2401,55223659,0,0,33,115,0,0
2402,55233659,0,0,31,109,0,0
2403,55243659,0,0,28,107,0,0
2404,55253659,0,0,28,107,0,0
2405,55263659,0,0,21,105,0,0
2406,55273659,0,0,15,100,0,0
2407,55283659,0,0,15,95,0,0
2408,55293659,0,0,8,91,0,0
2409,55303659,0,0,4,86,0,0
2410,55313659,0,0,1,80,0,0
2411,55323659,0,0,1,75,0,0
2412,55333659,0,0,0,78,0,0
2413,55343659,0,0,1,80,0,0
2414,55353659,0,0,1,85,0,0
2415,55363659,0,0,1,85,0,4
2416,55373659,0,0,0,87,0,0
2417,55383659,0,0,0,87,0,0
2418,55393659,0,0,0,87,0,0
2419,55403659,0,0,0,86,0,0
2420,55413659,0,0,0,85,0,0
2421,55423659,0,0,0,80,0,0
2422,55433659,0,0,0,77,0,0
2423,55443659,0,0,0,79,0,0
2424,55453659,0,0,0,79,0,0
2425,55463659,0,0,0,82,0,0
2426,55473659,0,0,0,79,0,0
2427,55483659,0,0,0,77,0,0
2428,55493659,0,0,0,72,0,0
2429,55503659,0,0,0,63,0,0
2430,55513659,0,0,0,62,0,0
2431,55523659,0,23,0,52,0,0
2432,55533659,0,44,0,62,0,0
2433,55543659,0,59,1,47,0,0
2434,55553659,0,55,0,19,0,0
2435,55563659,0,115,0,43,0,0
2436,55573659,28,189,3,31,0,0
2437,55583659,103,296,3,23,0,0
2438,55593659,217,433,5,11,0,0
2439,55603659,418,568,2,9,0,0
2440,55613659,589,673,4,5,0,0
2441,55623659,698,737,8,7,0,0
2442,55633659,754,778,15,10,0,0
2443,55643659,785,789,24,11,0,0
2444,55653659,796,800,31,21,0,0
2445,55663659,830,813,49,0,0,0
2446,55673659,871,829,73,57,0,0
2447,55683659,900,853,96,86,0,0
2448,55693659,931,871,125,114,0,0
2449,55703659,968,892,152,169,0,0
2450,55713659,992,914,178,195,0,0
2451,55723659,1017,935,202,216,0,0
2452,55733659,1050,953,237,234,0,0
2453,55743659,1076,977,269,270,0,0
2454,55753659,1099,1000,294,296,0,36
2455,55763659,1125,1027,319,307,0,63
2456,55773659,1143,1049,330,332,0,100
2457,55783659,1166,1067,343,349,0,140
2458,55793659,1185,1081,352,367,0,175
2459,55803659,1200,1098,375,380,0,208
2460,55813659,1115,1094,346,372,0,231
2461,55823659,1215,1119,407,406,0,266
2462,55833659,1227,1128,422,420,0,280
2463,55843659,1231,1128,440,432,0,295
2464,55853659,1237,1129,452,452,0,316
2465,55863659,1240,1142,465,467,0,338
2466,55873659,1144,1130,435,476,0,359
2467,55883659,1244,1148,508,495,0,391
2468,55893659,1248,1152,528,511,14,417
2469,55903659,1250,1160,536,534,12,437
2470,55913659,1254,1160,552,554,22,451
2471,55923659,1252,1159,570,587,44,469
2472,55933659,1247,1159,598,610,55,495
2473,55943659,1144,1144,636,640,77,532
2474,55953659,1237,1145,673,677,103,571
2475,55963659,1228,1141,694,704,123,567
2476,55973659,1223,1138,727,734,144,555
2477,55983659,1220,1139,748,760,163,627
2478,55993659,1215,1135,767,795,194,636
2479,56003659,1209,1135,798,812,194,622
2480,56013659,1210,1131,824,838,212,452
2481,56023659,1199,1132,852,856,226,0
2482,56033659,1195,1131,872,881,238,0
2483,56043659,1198,1132,890,894,251,0
2484,56053659,1193,1134,909,914,261,0
2485,56063659,1192,1134,925,931,272,0
2486,56073659,1099,1134,940,948,282,0
2487,56083659,1194,1141,950,961,290,0
2488,56093659,1194,1145,966,974,301,0
2489,56103659,1198,1148,977,995,309,0
2490,56113659,1201,1158,992,1002,315,0
2491,56123659,1204,1160,1000,1013,321,0
2492,56133659,1214,1162,1013,1029,328,0
2493,56143659,1206,1171,1019,1039,329,695
2494,56153659,1208,1171,1036,1052,335,716
2495,56163659,1208,1172,1045,1065,341,723
2496,56173659,1209,1176,1054,1075,343,723
2497,56183659,1208,1176,1058,1085,348,729
2498,56193659,1207,1179,1067,1095,355,732
2499,56203659,1114,1134,1019,1036,339,693
2500,56213659,1190,1169,1082,1110,363,745
2501,56223659,1180,1167,1085,1117,369,749
2502,56233659,1174,1163,1093,1128,372,759
2503,56243659,1171,1160,1099,1132,377,758
2504,56253659,1164,1158,1101,1140,383,773
2505,56263659,1158,1153,1106,1144,389,777
2506,56273659,1093,1069,1094,1065,394,780
2507,56283659,1144,1146,1111,1155,405,783
2508,56293659,1124,1144,1113,1159,407,792
2509,56303659,1130,1142,1113,1162,409,791
2510,56313659,1131,1142,1117,1164,411,795
2511,56323659,1133,1140,1120,1168,417,799
2512,56333659,1049,1096,1063,1121,379,771
2513,56343659,1133,1140,1122,1173,424,804
2514,56353659,1135,1141,1125,1172,425,806
2515,56363659,1138,1144,1126,1176,431,804
2516,56373659,1139,1146,1129,1178,430,801
2517,56383659,1139,1148,1129,1180,430,802
2518,56393659,1142,1152,1131,1180,426,801
2519,56403659,1140,1149,1134,1182,425,801
2520,56413659,1141,1147,1133,1186,423,800
2521,56423659,1140,1152,1137,1200,424,805
2522,56433659,1135,1142,1137,1191,425,807
2523,56443659,1133,1141,1140,1194,426,809
2524,56453659,1129,1137,1142,1194,425,813
2525,56463659,1131,1140,1144,1197,423,816
2526,56473659,1130,1139,1145,1202,424,818
2527,56483659,1131,1139,1145,1202,426,818
2528,56493659,1128,1136,1147,1205,425,818
2529,56503659,1125,1134,1150,1208,421,821
2530,56513659,1122,1130,1153,1213,423,821
2531,56523659,1117,1128,1154,1221,423,822
2532,56533659,1112,1125,1159,1223,417,822
2533,56543659,1111,1122,1161,1224,420,822
2534,56553659,1107,1118,1160,1227,420,821
2535,56563659,1101,1115,1163,1229,414,823
2536,56573659,1094,1111,1163,1236,411,823
2537,56583659,1088,1106,1167,1238,406,823
2538,56593659,1083,1098,1168,1238,399,824
2539,56603659,1077,1094,1170,1242,395,825
2540,56613659,1069,1086,1172,1246,394,827
2541,56623659,1062,1081,1172,1247,388,828
2542,56633659,1059,1080,1174,1250,382,829
2543,56643659,1054,1070,1174,1253,401,826
2544,56653659,973,1024,1114,1184,380,0
2545,56663659,1048,1062,1176,1256,399,0
2546,56673659,1041,1053,1174,1259,403,0
2547,56683659,1024,1044,1174,1259,403,0
2548,56693659,1004,1026,1173,1260,404,0
2549,56703659,974,1000,1172,1262,405,0
2550,56713659,936,973,1170,1262,414,0
2551,56723659,894,942,1171,1262,429,0
2552,56733659,848,909,1164,1261,434,0
2553,56743659,788,870,1155,1262,437,0
2554,56753659,723,842,1144,1258,451,0
2555,56763659,658,807,1131,1255,437,0
2556,56773659,603,773,1114,1247,431,0
2557,56783659,548,737,1098,1233,428,0
2558,56793659,471,697,1077,1227,410,0
2559,56803659,385,643,1055,1212,378,0
2560,56813659,304,585,1039,1198,373,0
2561,56823659,210,513,1008,1191,373,0
2562,56833659,142,436,989,1184,365,0
2563,56843659,68,341,961,1175,364,2
2564,56853659,4,233,934,1170,318,0
2565,56863659,0,116,904,1168,347,0
2566,56873659,0,41,869,1160,342,0
2567,56883659,0,2,827,1146,331,0
2568,56893659,0,0,764,1131,314,0
2569,56903659,0,0,703,1119,294,0
2570,56913659,0,0,654,1107,229,0
2571,56923659,0,0,598,1079,176,0
2572,56933659,0,0,568,1035,103,0
2573,56943659,0,0,526,973,40,0
2574,56953659,0,0,497,875,9,397
2575,56963659,0,0,463,738,0,309
2576,56973659,0,0,424,786,0,208
2577,56983659,0,0,392,709,0,115
2578,56993659,0,0,361,561,0,33
2579,57003659,0,0,331,0,0,0
2580,57013659,0,0,320,0,0,0
2581,57023659,0,0,299,0,0,0
2582,57033659,0,0,287,0,0,0
2583,57043659,0,0,258,0,0,0
2584,57053659,0,0,225,0,0,0
2585,57063659,0,0,188,0,0,0
2586,57073659,0,0,174,0,0,0
2587,57083659,0,0,161,1,0,0
2588,57093659,0,0,153,185,0,0
2589,57103659,0,0,136,0,0,0
2590,57113659,0,0,115,179,0,0
2591,57123659,0,0,110,170,0,1
2592,57133659,0,0,101,139,0,0
2593,57143659,0,0,93,113,0,0
2594,57153659,0,0,95,75,0,0
2595,57163659,0,0,91,96,0,0
2596,57173659,0,0,88,151,0,0
2597,57183659,0,0,92,162,0,0
2598,57193659,0,0,93,166,0,0
2599,57203659,0,0,91,157,0,3
2600,57213659,0,0,91,159,0,2
2601,57223659,0,0,89,155,0,0
2602,57233659,0,0,87,164,0,0
2603,57243659,0,0,83,158,0,0
2604,57253659,0,0,80,150,0,0
2605,57263659,0,0,73,150,0,0
2606,57273659,0,0,70,149,0,0
2607,57283659,0,0,60,148,0,0
2608,57293659,0,0,57,142,0,0
2609,57303659,0,0,53,138,0,0
2610,57313659,0,0,47,133,2,0
2611,57323659,0,0,35,130,0,0
2612,57333659,0,0,29,119,0,0
2613,57343659,0,0,24,115,0,0
2614,57353659,0,0,19,107,0,0
2615,57363659,0,0,20,109,0,0
2616,57373659,0,0,21,116,0,0
2617,57383659,0,0,21,118,0,0
2618,57393659,0,0,15,121,0,0
2619,57403659,0,0,15,121,0,0
2620,57413659,0,0,11,112,0,0
2621,57423659,0,0,2,80,0,0
2622,57433659,0,0,3,100,0,0
2623,57443659,0,0,2,93,0,0
2624,57453659,0,0,1,82,0,0
2625,57463659,0,0,0,75,0,0
2626,57473659,0,0,0,79,0,0
2627,57483659,0,0,0,46,0,0
2628,57493659,0,0,0,85,0,0
2629,57503659,0,0,0,86,0,0
2630,57513659,0,0,0,85,0,0
2631,57523659,0,0,0,78,0,0
2632,57533659,0,0,0,83,0,0
2633,57543659,0,0,0,78,0,0
2634,57553659,0,0,0,75,0,0
2635,57563659,0,0,0,65,0,0
2636,57573659,0,0,0,58,0,0
2637,57583659,0,0,0,57,0,0
2638,57593659,0,0,0,58,0,0
2639,57603659,0,0,0,54,0,0
2640,57613659,0,0,0,57,0,0
2641,57623659,0,7,0,57,0,0
2642,57633659,0,33,0,48,0,0
2643,57643659,0,58,0,38,0,0
2644,57653659,0,108,0,44,0,0
2645,57663659,28,172,0,35,0,0
2646,57673659,63,247,0,25,0,0
2647,57683659,167,361,1,32,0,0
2648,57693659,275,442,20,56,0,0
2649,57703659,362,502,31,80,0,0
2650,57713659,395,527,43,0,0,0
2651,57723659,403,529,58,0,0,0
2652,57733659,401,532,58,0,0,0
2653,57743659,393,533,76,0,0,0
2654,57753659,388,532,84,84,0,0
2655,57763659,385,534,94,140,0,0
2656,57773659,399,536,99,157,0,0
2657,57783659,408,536,102,157,0,0
2658,57793659,414,540,111,168,0,10
2659,57803659,434,538,116,172,0,27
2660,57813659,440,540,118,176,0,34
2661,57823659,454,541,123,188,0,46
2662,57833659,470,550,129,193,0,68
2663,57843659,484,556,136,209,0,84
2664,57853659,496,570,140,208,0,106
2665,57863659,523,587,147,211,0,120
2666,57873659,548,598,153,216,0,136
2667,57883659,570,613,163,222,0,151
2668,57893659,593,625,165,225,0,167
2669,57903659,605,642,170,228,0,184
2670,57913659,619,654,178,229,0,201
2671,57923659,632,663,184,233,0,208
2672,57933659,645,673,196,234,0,210
2673,57943659,668,681,199,235,0,220
2674,57953659,679,693,201,237,0,228
2675,57963659,695,707,201,245,0,237
2676,57973659,715,714,210,240,0,248
2677,57983659,731,724,211,242,0,264
2678,57993659,740,678,203,210,0,248
2679,58003659,759,745,223,263,0,299
2680,58013659,776,749,229,279,0,311
2681,58023659,786,761,250,293,0,314
2682,58033659,807,781,265,296,0,334
2683,58043659,831,796,281,309,0,349
2684,58053659,852,819,299,320,0,364
2685,58063659,870,843,309,334,0,373
2686,58073659,884,857,318,342,0,380
2687,58083659,891,869,338,350,0,394
2688,58093659,904,877,347,367,0,406
2689,58103659,909,888,369,400,0,421
2690,58113659,917,900,397,419,2,436
2691,58123659,926,913,418,439,6,454
2692,58133659,934,926,442,465,24,467
2693,58143659,942,937,469,488,34,477
2694,58153659,950,950,496,509,34,488
2695,58163659,955,949,517,537,47,508
2696,58173659,957,955,539,561,62,529
2697,58183659,959,964,561,585,71,550
2698,58193659,963,968,589,598,77,570
2699,58203659,967,969,613,618,90,587
2700,58213659,969,973,632,635,94,603
2701,58223659,974,972,661,660,107,631
2702,58233659,983,981,673,674,114,646
2703,58243659,990,985,691,695,126,670
2704,58253659,1002,997,711,716,144,693
2705,58263659,1012,1005,726,730,158,711
2706,58273659,1027,1021,742,741,172,729
2707,58283659,1043,1039,764,756,184,752
2708,58293659,1053,1051,792,775,211,766
2709,58303659,997,1026,812,790,234,795
2710,58313659,1072,1071,839,807,252,820
2711,58323659,1084,1082,857,824,283,849
2712,58333659,1097,1089,875,841,297,870
2713,58343659,1106,1098,884,854,313,900
2714,58353659,1115,1109,892,861,339,909
2715,58363659,1125,1116,902,870,322,892
2716,58373659,1134,1124,918,880,380,938
2717,58383659,1144,1130,923,885,403,953
2718,58393659,1153,1138,931,891,417,963
2719,58403659,1164,1144,938,898,436,971
2720,58413659,1169,1148,944,905,460,982
2721,58423659,1171,1155,946,908,486,992
2722,58433659,1101,1117,952,915,501,997
2723,58443659,1173,1157,954,919,508,1002
2724,58453659,1173,1156,962,926,522,1006
2725,58463659,1166,1150,966,930,530,1014
2726,58473659,1161,1144,970,935,541,1023
2727,58483659,1155,1142,972,936,548,1031
2728,58493659,1146,1137,974,941,557,1033
2729,58503659,1135,1132,980,943,574,1043
2730,58513659,1133,1128,981,945,576,1045
2731,58523659,1132,1126,983,948,587,1046
2732,58533659,1129,1121,983,951,588,1055
2733,58543659,1129,1119,986,951,594,1058
2734,58553659,1128,1123,985,954,596,1062
2735,58563659,1126,1055,959,875,582,978
2736,58573659,1127,1117,986,956,598,1066
2737,58583659,1125,1117,988,962,604,1068
2738,58593659,1126,1120,990,965,603,1068
2739,58603659,1121,1118,993,968,606,1073
2740,58613659,1120,1117,992,968,604,1073
2741,58623659,1117,1049,968,887,590,990
2742,58633659,1113,1115,998,979,603,1078
2743,58643659,1112,1115,1001,984,610,1081
2744,58653659,1107,1108,1005,988,618,1082
2745,58663659,1100,1105,1007,997,633,1090
2746,58673659,1097,1104,1013,1004,641,1089
2747,58683659,1093,1101,1018,1011,650,1094
2748,58693659,1003,1052,971,956,629,0
2749,58703659,1071,1085,1041,1033,669,0
2750,58713659,1057,1075,1044,1041,677,0
2751,58723659,1041,1064,1052,1050,693,0
2752,58733659,1026,1045,1055,1061,704,0
2753,58743659,999,1024,1058,1069,718,0
2754,58753659,978,1004,1066,1080,726,0
2755,58763659,947,987,1074,1092,733,0
2756,58773659,918,959,1079,1100,739,0
2757,58783659,888,939,1079,1106,742,0
2758,58793659,855,916,1081,1115,745,0
2759,58803659,808,882,1084,1121,744,0
2760,58813659,737,840,1082,1127,748,0
2761,58823659,645,792,1076,1057,727,0
2762,58833659,547,741,1081,1140,781,0
2763,58843659,458,661,1078,1140,794,0
2764,58853659,359,573,1071,1144,809,0
2765,58863659,268,458,1062,1148,813,0
2766,58873659,178,334,1047,1148,821,0
2767,58883659,75,238,1036,1156,823,0
2768,58893659,5,166,1015,1159,822,0
2769,58903659,0,86,988,1157,809,0
2770,58913659,0,15,958,1154,791,0
2771,58923659,0,0,922,1158,770,0
2772,58933659,0,0,878,1147,754,0
2773,58943659,0,0,831,1145,747,0
2774,58953659,0,0,725,1065,696,0
2775,58963659,0,0,702,1124,713,0
2776,58973659,2,0,656,1110,682,0
2777,58983659,0,0,602,1093,629,0
2778,58993659,0,0,560,1066,575,0
2779,59003659,0,0,534,1038,500,0
2780,59013659,0,0,489,997,431,0
2781,59023659,0,0,457,954,381,0
2782,59033659,0,0,426,910,276,0
2783,59043659,0,0,397,849,183,0
2784,59053659,0,0,370,801,103,697
2785,59063659,0,0,344,739,25,607
2786,59073659,0,0,330,672,0,500
2787,59083659,0,0,310,0,0,357
2788,59093659,4,0,290,0,0,201
2789,59103659,0,0,276,0,0,21
2790,59113659,0,0,250,0,0,0
2791,59123659,0,0,221,0,0,0
2792,59133659,0,0,200,0,0,0
2793,59143659,0,0,173,239,0,0
2794,59153659,0,0,150,227,0,0
2795,59163659,0,0,122,186,0,0
2796,59173659,0,0,113,201,0,0
2797,59183659,0,0,107,192,0,0
2798,59193659,0,0,104,154,0,0
2799,59203659,0,0,99,0,0,0
2800,59213659,0,0,89,0,0,0
2801,59223659,0,0,88,0,0,0
2802,59233659,0,0,85,165,0,0
2803,59243659,0,0,89,0,0,0
2804,59253659,0,0,85,0,0,0
2805,59263659,0,0,83,0,0,0
2806,59273659,0,0,78,0,0,0
2807,59283659,0,0,81,0,0,0
2808,59293659,0,0,76,0,0,0
2809,59303659,0,0,74,0,0,0
2810,59313659,0,0,71,0,0,0
2811,59323659,0,0,67,0,0,0
2812,59333659,0,0,61,0,0,0
2813,59343659,0,0,50,0,0,0
2814,59353659,0,0,43,0,0,0
2815,59363659,0,0,41,0,0,0
2816,59373659,0,0,32,0,0,0
2817,59383659,0,0,25,0,0,0
2818,59393659,0,0,19,0,0,0
2819,59403659,0,0,13,0,0,0
2820,59413659,0,0,5,13,0,0
2821,59423659,0,0,1,41,0,0
2822,59433659,0,0,0,33,0,0
2823,59443659,0,0,0,1,0,0
2824,59453659,0,0,0,0,0,0
2825,59463659,0,0,0,0,0,0
2826,59473659,0,0,0,0,0,0
2827,59483659,0,0,0,0,0,0
2828,59493659,0,0,0,0,0,0
2829,59503659,0,0,0,0,0,0
2830,59513659,0,0,0,0,0,0
2831,59523659,0,0,0,0,0,0
2832,59533659,0,0,0,0,0,0
2833,59543659,0,0,0,0,0,0
2834,59553659,0,0,0,0,0,0
2835,59563659,0,0,0,0,0,0
2836,59573659,0,0,0,0,0,0
2837,59583659,0,0,0,0,0,0
2838,59593659,0,0,0,0,0,0
2839,59603659,0,0,0,0,0,0
2840,59613659,0,0,0,0,0,0
2841,59623659,0,0,0,0,0,0
2842,59633659,0,0,0,0,0,0
2843,59643659,0,0,0,0,0,0
2844,59653659,0,0,0,0,0,0
2845,59663659,0,0,0,10,0,0
2846,59673659,0,0,0,114,0,0
2847,59683659,0,0,1,124,0,0
2848,59693659,0,0,11,150,0,1
2849,59703659,0,24,25,166,0,0
2850,59713659,0,50,38,170,0,0
2851,59723659,0,74,52,186,0,15
2852,59733659,0,103,70,194,0,25
2853,59743659,1,135,45,192,0,33
2854,59753659,42,173,82,196,0,55
2855,59763659,71,213,90,205,0,77
2856,59773659,108,267,98,209,0,111
2857,59783659,156,320,107,209,0,150
2858,59793659,239,388,111,217,0,184
2859,59803659,306,454,115,222,0,203
2860,59813659,321,491,98,218,0,211
2861,59823659,455,554,138,224,0,212
2862,59833659,507,598,143,217,0,231
2863,59843659,570,647,144,212,0,236
2864,59853659,617,687,155,214,0,256
2865,59863659,676,730,168,219,0,278
2866,59873659,720,760,176,220,0,288
2867,59883659,753,795,187,224,0,294
2868,59893659,797,815,193,229,0,304
2869,59903659,840,850,205,233,0,313
2870,59913659,873,887,218,249,0,323
2871,59923659,909,917,237,263,0,332
2872,59933659,936,939,257,278,0,346
2873,59943659,966,959,278,292,0,354
2874,59953659,978,982,292,292,0,357
2875,59963659,995,997,304,303,0,375
2876,59973659,1005,1004,315,310,0,392
2877,59983659,1015,1020,333,339,0,419
2878,59993659,1020,1032,349,382,0,456
2879,60003659,1029,1036,380,387,0,487
2880,60013659,1037,1042,406,407,6,505
2881,60023659,1041,1049,427,423,22,530
2882,60033659,1046,1060,435,440,19,547
2883,60043659,1051,1060,452,457,31,553
2884,60053659,1058,1068,465,476,38,557
2885,60063659,1063,1083,476,491,47,567
2886,60073659,993,1046,457,456,43,574
2887,60083659,1075,1096,512,520,59,591
2888,60093659,1081,1099,528,537,73,607
2889,60103659,1082,1105,542,552,84,624
2890,60113659,1090,1111,556,567,88,646
2891,60123659,1095,1115,573,582,96,655
2892,60133659,1100,1124,592,597,107,664
2893,60143659,1106,1126,612,611,114,676
2894,60153659,1110,1135,631,622,125,681
2895,60163659,1119,1144,653,638,118,693
2896,60173659,1125,1148,667,660,129,696
2897,60183659,1133,1160,677,677,141,709
2898,60193659,1141,1161,702,688,152,710
2899,60203659,1154,1171,720,711,166,723
2900,60213659,1163,1180,738,728,181,733
2901,60223659,1167,1184,753,738,199,744
2902,60233659,1176,1193,770,754,204,750
2903,60243659,1183,1199,791,774,218,763
2904,60253659,1191,1209,810,788,229,777
2905,60263659,1198,1222,827,799,230,790
2906,60273659,1203,1228,842,808,243,802
2907,60283659,1211,1237,857,819,250,819
2908,60293659,1219,1246,871,829,256,826
2909,60303659,1224,1245,881,842,275,840
2910,60313659,1226,1251,888,853,277,858
2911,60323659,1227,1253,886,792,266,820
2912,60333659,1234,1259,908,867,295,881
2913,60343659,1237,1259,918,876,311,889
2914,60353659,1237,1265,926,883,326,901
2915,60363659,1236,1261,934,893,335,906
2916,60373659,1236,1261,942,906,347,913
2917,60383659,1229,1259,950,914,350,914
2918,60393659,1139,1210,908,858,342,869
2919,60403659,1224,1256,968,925,370,928
2920,60413659,1214,1250,973,933,377,936
2921,60423659,1206,1240,979,940,384,942
2922,60433659,1197,1234,983,947,394,946
2923,60443659,1191,1232,990,956,405,948
2924,60453659,1184,1226,993,960,368,909
2925,60463659,1175,1223,1001,967,411,950
2926,60473659,1176,1214,1003,971,423,950
2927,60483659,1171,1212,1006,979,425,944
2928,60493659,1168,1214,1012,985,431,0
2929,60503659,1166,1213,1014,992,432,0
2930,60513659,1164,1210,1015,998,439,0
2931,60523659,1162,1210,1019,1003,442,0
2932,60533659,1161,1209,1028,1005,441,0
2933,60543659,1160,1207,1035,1012,447,0
2934,60553659,1157,1207,1043,1017,456,0
2935,60563659,1154,1208,1046,1033,462,0
2936,60573659,1152,1206,1049,1034,463,0
2937,60583659,1146,1205,1041,961,439,0
2938,60593659,1150,1207,1054,1048,468,0
2939,60603659,1155,1209,1057,1051,465,0
2940,60613659,1153,1207,1060,1053,461,0
2941,60623659,1148,1204,1064,1064,466,0
2942,60633659,1144,1201,1067,1066,467,0
2943,60643659,1140,1198,1068,1073,470,0
2944,60653659,1132,1196,1073,1077,471,0
2945,60663659,1133,1194,1072,1081,471,0
2946,60673659,1128,1191,1076,1088,471,0
2947,60683659,1124,1187,1078,1092,470,0
2948,60693659,1122,1184,1081,1091,471,0
2949,60703659,1116,1179,1082,1098,472,0
2950,60713659,1110,1175,1083,1096,470,0
2951,60723659,1099,1170,1088,1102,466,0
2952,60733659,1091,1163,1093,1106,468,0
2953,60743659,1081,1157,1094,1111,467,0
2954,60753659,1077,1149,1096,1113,477,0
2955,60763659,1071,1144,1099,1121,480,0
2956,60773659,1062,1138,1101,1123,492,0
2957,60783659,1045,1125,1092,1048,484,0
2958,60793659,1032,1114,1107,1132,517,0
2959,60803659,1004,1105,1108,1140,530,0
2960,60813659,989,1084,1111,1148,532,0
2961,60823659,962,1069,1116,1156,542,0
2962,60833659,930,1048,1116,1164,549,0
2963,60843659,893,1015,1116,1171,519,0
2964,60853659,837,976,1123,1178,589,0
2965,60863659,774,926,1125,1184,608,0
2966,60873659,704,874,1123,1192,635,0
2967,60883659,626,817,1121,1195,647,0
2968,60893659,536,750,1116,1199,681,0
2969,60903659,444,682,1112,1197,703,0
2970,60913659,346,574,1102,1204,724,0
2971,60923659,226,460,1093,1206,748,0
2972,60933659,105,361,1078,1208,760,0
2973,60943659,14,247,1061,1211,778,0
2974,60953659,0,137,1046,1213,793,0
2975,60963659,0,51,1022,1213,803,0
2976,60973659,0,8,997,1216,820,0
2977,60983659,0,0,968,1215,822,0
2978,60993659,0,0,934,1212,818,0
2979,61003659,0,0,892,1212,820,0
2980,61013659,0,0,854,1208,826,0
2981,61023659,0,0,813,1201,820,0
2982,61033659,0,0,678,1185,822,0
2983,61043659,0,0,695,1179,803,0
2984,61053659,0,0,654,1162,788,0
2985,61063659,0,0,614,1135,745,0
2986,61073659,0,0,576,1113,697,0
2987,61083659,0,0,536,1080,651,0
2988,61093659,0,0,496,1044,572,0
2989,61103659,0,0,472,1003,535,0
2990,61113659,0,0,437,958,463,0
2991,61123659,0,0,381,922,391,0
2992,61133659,0,0,354,872,304,0
2993,61143659,0,0,327,838,219,0
2994,61153659,0,0,319,795,120,0
2995,61163659,0,0,255,741,57,779
2996,61173659,0,0,290,690,0,733
2997,61183659,0,0,269,589,0,661
2998,61193659,0,0,245,578,0,572
2999,61203659,0,0,212,520,0,474
3000,61213659,0,0,191,0,0,373
3001,61223659,0,0,170,0,0,287
3002,61233659,0,0,169,0,0,225
3003,61243659,0,0,149,220,0,106
3004,61253659,0,0,135,308,0,5
3005,61263659,0,0,106,266,0,0
3006,61273659,0,0,82,216,0,0
3007,61283659,0,0,65,173,0,0
3008,61293659,0,0,70,167,0,0
3009,61303659,0,0,67,165,0,0
3010,61313659,0,0,63,157,0,0
3011,61323659,0,0,65,156,0,0
3012,61333659,0,0,61,161,0,0
3013,61343659,0,0,55,167,0,0
3014,61353659,0,0,57,136,0,0
3015,61363659,0,0,58,171,0,0
3016,61373659,0,0,55,172,0,0
3017,61383659,0,0,54,167,0,0
3018,61393659,0,0,54,169,0,0
3019,61403659,0,0,53,166,0,0
3020,61413659,0,0,51,161,0,0
3021,61423659,0,0,47,160,0,0
3022,61433659,0,0,46,155,0,0
3023,61443659,0,0,41,152,0,0
3024,61453659,0,0,38,145,0,0
3025,61463659,0,0,31,142,0,0
3026,61473659,0,0,33,141,0,0
3027,61483660,0,0,24,142,0,0
3028,61493659,0,0,17,140,1,0
3029,61503659,0,0,8,133,1,0
3030,61513659,0,0,4,121,0,0
3031,61523659,0,0,2,111,0,0
3032,61533659,0,0,0,107,0,0
3033,61543659,2,0,0,103,0,0
3034,61553659,0,0,0,100,0,0
3035,61563659,0,0,4,101,0,0
3036,61573659,0,1,0,97,0,0
3037,61583659,0,0,0,93,0,0
3038,61593659,0,0,0,93,0,0
3039,61603659,0,0,0,88,0,0
3040,61613659,0,0,0,83,0,0
3041,61623659,0,0,0,77,0,0
3042,61633659,0,0,0,74,0,0
3043,61643659,0,0,0,69,0,0
3044,61653659,0,0,0,71,0,0
3045,61663659,0,0,0,70,0,0
3046,61673659,0,0,0,58,0,0
3047,61683659,0,0,0,29,0,0
3048,61693659,0,15,0,35,0,0
3049,61703659,0,23,0,28,0,0
3050,61713659,0,43,0,23,0,0
3051,61723659,0,85,0,23,0,0
3052,61733659,15,147,0,9,0,0
3053,61743659,84,247,0,12,0,0
3054,61753659,156,365,0,28,0,0
3055,61763659,246,456,8,55,0,0
3056,61773659,313,503,18,67,0,0
3057,61783659,343,532,35,0,0,0
3058,61793659,375,555,40,0,0,0
3059,61803659,419,578,59,0,0,0
3060,61813659,472,602,76,0,0,25
3061,61823659,523,647,96,165,0,52
3062,61833659,586,692,112,177,0,96
3063,61843659,656,740,123,190,0,156
3064,61853659,721,785,137,200,0,204
3065,61863659,788,830,166,213,0,220
3066,61873659,839,878,194,220,0,253
3067,61883659,900,918,208,241,0,299
3068,61893659,941,956,242,278,0,317
3069,61903659,964,988,280,302,0,346
3070,61913659,991,1003,302,317,0,370
3071,61923659,1010,1030,328,346,0,407
3072,61933659,1027,1048,346,368,0,432
3073,61943659,1048,1058,394,404,0,487
3074,61953659,1060,1077,416,424,0,520
3075,61963659,1075,1095,443,443,13,552
3076,61973659,1093,1113,474,477,29,571
3077,61983659,1109,1129,510,505,47,593
3078,61993659,1123,1143,535,548,66,605
3079,62003659,1131,1149,558,586,78,630
3080,62013659,1149,1156,594,614,97,647
3081,62023659,1145,1164,630,639,116,661
3082,62033659,1156,1172,662,667,133,676
3083,62043659,1161,1175,679,692,137,684
3084,62053659,1165,1179,704,717,153,696
3085,62063659,1171,1183,731,738,169,700
3086,62073659,1174,1190,748,754,183,713
3087,62083659,1173,1192,760,773,195,727
3088,62093659,1174,1195,786,789,213,740
3089,62103659,1175,1194,801,808,229,748
3090,62113659,1174,1195,825,825,241,761
3091,62123659,1174,1200,844,842,258,779
3092,62133659,1175,1201,861,853,263,793
3093,62143659,1179,1204,871,866,284,806
3094,62153659,1179,1209,886,877,293,813
3095,62163659,1184,1212,897,885,295,826
3096,62173659,1188,1222,909,896,297,841
3097,62183659,1193,1234,917,908,301,849
3098,62193659,1197,1241,924,921,310,856
3099,62203659,1205,1244,922,847,296,819
3100,62213659,1213,1255,938,927,326,875
3101,62223659,1222,1261,942,929,335,879
3102,62233659,1229,1269,946,935,345,883
3103,62243659,1237,1273,951,936,349,885
3104,62253659,1243,1276,952,937,354,888
3105,62263659,1252,1287,953,938,350,891
3106,62273659,1255,1290,953,937,356,892
3107,62283659,1260,1292,952,936,360,898
3108,62293659,1264,1294,953,936,360,904
3109,62303659,1265,1294,952,935,358,908
3110,62313659,1268,1297,952,932,359,916
3111,62323659,1266,1291,953,932,362,918
3112,62333659,1192,1252,954,933,367,920
3113,62343659,1266,1290,954,933,375,923
3114,62353659,1262,1288,957,934,379,928
3115,62363659,1258,1282,958,939,381,932
3116,62373659,1251,1276,966,946,394,936
3117,62383659,1242,1265,970,951,402,941
3118,62393659,1233,1259,972,956,414,949
3119,62403659,1173,1174,935,962,418,953
3120,62413659,1217,1248,983,968,429,958
3121,62423659,1209,1239,987,972,433,966
3122,62433659,1202,1234,992,980,449,968
3123,62443659,1194,1226,998,987,476,976
3124,62453659,1187,1225,1003,995,480,979
3125,62463659,1181,1211,1005,1005,491,983
3126,62473659,1169,1205,1010,1005,502,994
3127,62483659,1172,1199,1015,1010,508,991
3128,62493659,1167,1195,1021,1020,519,1000
3129,62503659,1162,1195,1030,1034,527,1004
3130,62513659,1150,1187,1038,1041,533,1012
3131,62523659,1143,1182,1043,1046,542,1019
3132,62533659,1135,1177,1049,1052,551,1023
3133,62543659,1128,1171,1052,1061,565,1021
3134,62553659,1115,1162,1059,1064,577,978
3135,62563659,1107,1154,1063,1072,590,0
3136,62573659,1095,1142,1066,1081,595,0
3137,62583659,1081,1129,1068,1086,604,0
3138,62593659,1063,1117,1072,1095,615,0
3139,62603659,968,1063,1016,1033,596,0
3140,62613659,1020,1090,1074,1109,630,0
3141,62623659,999,1076,1079,1115,652,0
3142,62633659,979,1060,1082,1121,668,0
3143,62643659,954,1042,1085,1126,679,0
3144,62653659,933,1023,1090,1131,691,0
3145,62663659,902,1004,1095,1139,701,0
3146,62673659,872,978,1097,1147,717,0
3147,62683659,841,952,1104,1158,725,0
3148,62693659,799,927,1106,1168,727,1
3149,62703659,748,904,1110,1179,742,0
3150,62713659,700,875,1112,1184,753,0
3151,62723659,648,839,1116,1192,764,0
3152,62733659,581,795,1118,1199,781,0
3153,62743659,526,749,1119,1207,793,0
3154,62753659,453,697,1117,1216,809,0
3155,62763659,363,617,1114,1214,825,0
3156,62773659,292,504,1107,1223,843,0
3157,62783659,202,388,1095,1220,860,0
3158,62793659,90,275,1078,1227,878,0
3159,62803659,0,173,982,1220,892,0
3160,62813659,0,89,1052,1231,909,0
3161,62823659,0,14,1034,1230,916,0
3162,62833659,0,0,1002,1235,930,0
3163,62843659,0,0,971,1235,936,0
3164,62853659,0,0,925,1236,936,0
3165,62863659,0,0,870,1234,934,0
3166,62873659,0,0,816,1231,933,0
3167,62883659,0,0,742,1226,933,0
3168,62893659,0,0,693,1223,919,0
3169,62903659,0,0,641,1206,899,0
3170,62913659,0,0,600,1186,869,0
3171,62923659,0,0,574,1162,818,0
3172,62933659,0,0,461,1124,750,0
3173,62943659,0,0,466,1099,665,0
3174,62953659,0,0,428,1055,566,0
3175,62963659,0,0,386,1006,467,0
3176,62973659,0,0,358,964,356,0
3177,62983659,0,0,358,932,220,0
3178,62993659,0,0,334,875,108,0
3179,63003659,0,0,308,474,21,113
3180,63013659,1,0,288,0,0,890
3181,63023659,0,0,275,0,4,818
3182,63033659,0,0,239,167,0,728
3183,63043659,0,0,224,0,0,678
3184,63053659,0,0,214,0,0,573
3185,63063659,0,0,183,0,0,410
3186,63073659,0,0,173,355,0,263
3187,63083659,0,0,157,313,0,97
3188,63093659,0,0,141,296,0,0
3189,63103659,0,0,96,224,0,0
3190,63113659,0,0,84,185,0,0
3191,63123659,0,0,73,168,0,0
3192,63133659,0,0,58,157,0,0
3193,63143659,0,0,54,140,0,0
3194,63153659,0,0,51,135,0,0
3195,63163659,0,0,53,132,0,0
3196,63173659,0,0,52,138,0,2
3197,63183659,0,0,54,146,0,0
3198,63193659,0,0,56,149,0,0
3199,63203659,0,0,56,154,0,0
3200,63213659,0,0,58,165,0,0
3201,63223659,0,0,65,172,0,0
3202,63233659,0,0,70,182,0,0
3203,63243659,0,0,76,185,0,0
3204,63253659,0,0,77,189,0,0
3205,63263659,0,0,79,187,0,0
3206,63273659,0,0,81,185,0,0
3207,63283659,0,0,77,185,0,0
3208,63293659,0,0,76,184,1,0
3209,63303659,0,0,72,183,0,0
3210,63313659,0,0,67,181,0,0
3211,63323659,0,0,55,174,0,0
3212,63333659,0,0,52,165,0,0
3213,63343659,0,0,44,159,1,0
3214,63353659,0,0,40,155,0,0
3215,63363659,0,0,29,152,0,0
3216,63373659,0,0,21,156,0,0
3217,63383659,0,0,14,139,0,0
3218,63393659,0,0,9,146,0,0
3219,63403659,0,0,8,140,0,0
3220,63413659,0,0,7,135,0,0
3221,63423659,0,0,8,121,0,0
3222,63433659,0,0,13,104,0,0
3223,63443659,0,0,9,95,0,0
3224,63453659,0,0,6,81,0,0
3225,63463659,0,0,4,73,0,0
3226,63473659,0,0,0,61,0,0
3227,63483659,0,16,0,57,0,0
3228,63493659,0,38,0,50,0,0
3229,63503659,0,71,0,45,0,0
3230,63513659,0,119,0,34,0,0
3231,63523659,50,214,4,31,0,0
3232,63533659,182,389,10,39,0,0
3233,63543659,381,552,14,29,0,0
3234,63553659,616,723,27,36,0,0
3235,63563659,761,814,46,67,0,0
3236,63573659,835,860,87,80,0,0
3237,63583659,872,881,93,122,0,0
3238,63593659,910,901,118,162,0,0
3239,63603659,938,923,143,187,0,31
3240,63613659,962,938,164,210,0,67
3241,63623659,990,966,184,224,0,137
3242,63633659,1011,990,211,255,0,209
3243,63643659,1037,1013,249,285,0,240
3244,63653659,1049,1034,282,312,0,297
3245,63663659,1058,1041,301,360,0,338
3246,63673659,1063,1047,348,411,0,404
3247,63683659,1073,1053,394,450,0,458
3248,63693659,1086,1065,440,488,4,509
3249,63703659,1101,1088,476,536,22,553
3250,63713659,1121,1116,504,570,38,572
3251,63723659,1142,1136,533,600,62,587
3252,63733659,1159,1152,562,625,71,600
3253,63743659,1169,1167,595,650,78,615
3254,63753659,1172,1178,621,675,93,633
3255,63763659,1172,1182,650,701,105,652
3256,63773659,1173,1184,682,736,124,672
3257,63783659,1170,1183,710,762,146,684
3258,63793659,1166,1189,727,723,145,657
3259,63803659,1169,1188,761,813,165,721
3260,63813659,1169,1190,783,833,195,725
3261,63823659,1170,1193,808,851,205,734
3262,63833659,1169,1196,823,869,219,749
3263,63843659,1164,1195,841,887,234,766
3264,63853659,1163,1195,853,903,245,785
3265,63863659,1079,1153,817,852,246,806
3266,63873659,1163,1198,875,921,283,823
3267,63883659,1163,1199,887,934,295,844
3268,63893659,1164,1210,900,942,309,859
3269,63903659,1169,1203,910,949,314,840
3270,63913659,1171,1205,921,959,334,863
3271,63923659,1091,1180,870,914,315,0
3272,63933659,1175,1214,943,982,359,0
3273,63943659,1176,1224,954,995,366,0
3274,63953659,1179,1228,967,1001,372,0
3275,63963659,1182,1230,977,1015,377,0
3276,63973659,1182,1237,986,1033,393,0
3277,63983659,1183,1239,994,1044,372,0
3278,63993659,1185,1240,1003,1053,411,0
3279,64003659,1186,1242,1011,1063,414,0
3280,64013659,1183,1242,1017,1069,426,0
3281,64023659,1180,1241,1027,1080,426,0
3282,64033659,1176,1238,1039,1087,434,0
3283,64043659,1167,1232,1044,1099,444,0
3284,64053659,1159,1224,1049,1109,454,0
3285,64063659,1147,1214,1055,1119,466,0
3286,64073659,1138,1208,1061,1126,472,0
3287,64083659,1126,1200,1066,1133,483,0
3288,64093659,1116,1195,1071,1141,493,0
3289,64103659,1105,1188,1077,1147,517,0
3290,64113659,1095,1180,1084,1157,521,0
3291,64123659,1080,1172,1090,1163,533,0
3292,64133659,1068,1163,1095,1171,544,0
3293,64143659,1059,1152,1096,1176,551,1
3294,64153659,1050,1154,1094,1182,560,0
3295,64163659,1042,1134,1104,1188,568,0
3296,64173659,1033,1129,1108,1192,583,0
3297,64183659,1025,1127,1114,1198,589,0
3298,64193659,1019,1124,1114,1200,598,0
3299,64203659,1015,1119,1117,1206,603,0
3300,64213659,1007,1113,1121,1211,606,0
3301,64223659,1000,1109,1125,1213,611,0
3302,64233659,992,1101,1127,1222,615,0
3303,64243659,982,1105,1130,1226,617,0
3304,64253659,973,1092,1133,1229,612,0
3305,64263659,965,1085,1136,1235,617,0
3306,64273659,956,1081,1136,1236,618,0
3307,64283659,948,1075,1139,1239,625,0
3308,64293659,940,1068,1138,1241,622,0
3309,64303659,936,1062,1148,1244,629,0
3310,64313659,924,1055,1142,1247,637,0
3311,64323659,924,1047,1142,1250,648,0
3312,64333659,900,1039,1144,1251,652,0
3313,64343659,884,1020,1148,1253,656,0
3314,64353659,870,1004,1146,1255,664,0
3315,64363659,852,992,1147,1256,667,0
3316,64373659,842,984,1150,1257,672,0
3317,64383659,823,968,1147,1258,670,0
3318,64393659,809,959,1147,1260,676,0
3319,64403659,788,944,1147,1262,689,0
3320,64413659,752,925,1148,1264,696,0
3321,64423659,720,909,1148,1267,714,0
3322,64433659,685,885,1148,1270,726,0
3323,64443659,651,868,1149,1269,729,0
3324,64453659,608,848,1146,1273,734,0
3325,64463659,586,824,1144,1273,731,0
3326,64473659,560,809,1141,1273,719,0
3327,64483659,536,791,1136,1272,699,0
3328,64493659,491,756,1127,1272,677,0
3329,64503659,436,718,1113,1268,653,0
3330,64513659,360,645,1092,1261,632,0
3331,64523659,274,523,1068,1256,606,0
3332,64533659,165,400,1041,1249,585,0
3333,64543659,59,275,1007,1242,570,0
3334,64553659,0,121,977,1236,566,0
3335,64563659,0,29,934,1228,564,0
3336,64573659,0,0,881,1216,547,0
3337,64583659,0,0,825,1200,548,0
3338,64593659,0,0,761,1184,555,0
3339,64603659,0,0,696,1169,546,0
3340,64613659,0,0,629,1149,513,0
3341,64623659,0,0,574,0,476,0
3342,64633659,0,0,534,0,412,0
3343,64643659,0,0,483,1039,383,0
3344,64653659,0,0,447,0,344,0
3345,64663659,0,0,409,0,250,0
3346,64673659,0,0,361,0,187,0
3347,64683659,0,0,345,0,124,0
3348,64693659,0,0,332,0,32,769
3349,64703659,0,0,317,685,0,722
3350,64713659,0,0,299,0,0,651
3351,64723659,0,0,287,0,0,554
3352,64733659,0,0,266,0,0,454
3353,64743659,0,0,247,0,0,420
3354,64753659,0,0,233,0,0,323
3355,64763659,0,0,208,423,0,219
3356,64773659,0,0,185,390,0,103
3357,64783659,0,0,170,0,0,11
3358,64793659,0,0,153,0,0,0
3359,64803659,0,0,126,0,0,0
3360,64813659,0,0,96,185,0,0
3361,64823659,0,0,87,173,0,0
3362,64833659,0,0,80,0,0,0
3363,64843659,0,0,78,99,0,0
3364,64853659,0,0,70,147,0,0
3365,64863659,0,0,56,149,0,0
3366,64873659,0,0,58,140,0,0
3367,64883659,0,0,60,149,0,0
3368,64893659,0,0,61,141,0,0
3369,64903659,0,0,63,151,0,0
3370,64913659,0,0,64,155,0,0
3371,64923659,0,0,64,162,0,0
3372,64933659,0,0,69,164,0,0
3373,64943659,0,0,81,171,0,0
3374,64953659,0,0,73,180,0,0
3375,64963659,0,0,75,180,0,0
3376,64973659,0,0,74,181,0,0
3377,64983659,0,0,70,180,0,0
3378,64993659,0,0,62,173,0,0
3379,65003659,0,0,37,135,0,0
3380,65013659,0,0,44,157,0,0
3381,65023659,0,0,41,150,0,0
3382,65033659,0,0,30,145,0,0
3383,65043659,0,0,22,140,0,0
3384,65053659,0,0,14,125,0,0
3385,65063659,0,3,11,119,0,0
3386,65073659,0,0,0,100,0,0
3387,65083659,0,0,11,100,0,0
3388,65093659,0,0,4,84,0,0
3389,65103659,0,0,6,82,0,0
3390,65113659,0,0,2,85,0,0
3391,65123659,0,0,3,88,0,0
3392,65133659,0,0,0,69,0,0
3393,65143659,0,0,4,94,0,0
3394,65153659,0,0,4,93,0,0
3395,65163659,0,0,5,94,0,0
3396,65173659,0,0,5,96,0,0
3397,65183659,0,0,3,97,0,0
3398,65193659,0,0,3,100,0,0
3399,65203659,0,0,3,95,0,0
3400,65213659,0,0,0,87,0,0
3401,65223659,0,0,0,74,0,0
3402,65233659,0,0,0,70,0,0
3403,65243659,0,10,0,65,0,0
3404,65253659,0,25,0,64,0,0
3405,65263659,0,28,0,37,0,0
3406,65273659,0,67,0,57,0,0
3407,65283659,0,95,0,54,0,0
3408,65293659,0,123,0,44,0,0
3409,65303659,20,150,0,35,0,0
3410,65313659,77,232,0,21,0,0
3411,65323659,162,343,0,24,0,0
3412,65333659,298,447,2,27,0,0
3413,65343659,423,536,4,26,0,0
3414,65353659,545,612,10,28,0,0
3415,65363659,631,672,11,39,0,0
3416,65373659,699,722,47,85,0,0
3417,65383659,741,748,65,0,0,0
3418,65393659,718,735,84,0,0,0
3419,65403659,816,796,113,173,0,0
3420,65413659,869,826,129,200,0,4
3421,65423659,910,852,160,223,0,34
3422,65433659,946,881,189,252,0,79
3423,65443659,968,904,225,290,0,139
3424,65453659,986,914,267,329,0,203
3425,65463659,993,923,306,351,0,249
3426,65473659,998,934,313,381,0,297
3427,65483659,1003,940,341,414,0,335
3428,65493659,1011,940,365,430,0,369
3429,65503659,1018,952,394,450,0,395
3430,65513659,1032,965,413,472,0,413
3431,65523659,1034,982,432,489,0,438
3432,65533659,1050,988,446,502,0,450
3433,65543659,1056,998,460,517,1,471
3434,65553659,1062,1004,475,536,11,496
3435,65563659,1064,1005,494,554,21,529
3436,65573659,1067,1008,505,577,34,553
3437,65583659,993,969,489,551,35,574
3438,65593659,1075,1011,542,614,57,590
3439,65603659,1078,1014,555,632,71,611
3440,65613659,1080,1021,573,652,86,631
3441,65623659,1081,1032,598,676,99,662
3442,65633659,1084,1038,623,694,110,667
3443,65643659,1093,1047,650,716,122,695
3444,65653659,1016,1015,630,693,124,712
3445,65663659,1103,1067,699,762,166,731
3446,65673659,1111,1086,726,784,181,754
3447,65683659,1123,1087,745,812,203,781
3448,65693659,1130,1105,769,827,221,801
3449,65703659,1142,1115,797,857,240,822
3450,65713659,1151,1125,821,872,255,843
3451,65723659,1076,1093,799,832,261,863
3452,65733659,1174,1148,867,912,300,876
3453,65743659,1180,1160,885,929,311,890
3454,65753659,1190,1169,906,941,330,902
3455,65763659,1193,1175,915,954,335,914
3456,65773659,1199,1189,937,965,352,925
3457,65783659,1203,1195,939,977,365,935
3458,65793659,1122,1155,900,927,370,946
3459,65803659,1208,1202,962,998,408,952
3460,65813659,1210,1202,970,1007,421,965
3461,65823659,1209,1204,979,1018,433,970
3462,65833659,1209,1201,983,1022,457,979
3463,65843659,1202,1198,992,1040,484,988
3464,65853659,1199,1196,996,1046,504,994
3465,65863659,1191,1191,1003,1053,533,1002
3466,65873659,1184,1184,1002,1061,547,1010
3467,65883659,1176,1174,1005,1068,557,1022
3468,65893659,1167,1168,1009,1070,568,1012
3469,65903659,1160,1159,1014,1071,588,0
3470,65913659,1142,1148,1015,1078,603,0
3471,65923659,1131,1136,1017,1080,615,0
3472,65933659,1120,1128,1018,1083,623,0
3473,65943659,1118,1120,1021,1086,635,0
3474,65953659,1105,1114,1022,1094,651,0
3475,65963659,1109,1108,1030,1095,664,0
3476,65973659,1097,1102,1030,1093,667,0
3477,65983659,1092,1097,1035,1097,679,0
3478,65993659,1001,1049,979,1031,674,0
3479,66003659,1074,1088,1036,1101,713,0
3480,66013659,1070,1081,1038,1101,718,0
3481,66023659,1068,1076,1039,1102,726,0
3482,66033659,1068,1078,1041,1105,734,0
3483,66043659,1063,1071,1042,1101,736,0
3484,66053659,1064,1067,1039,1107,732,0
3485,66063659,1061,1063,1042,1107,739,0
3486,66073659,1055,1061,1042,1113,739,0
3487,66083659,1049,1051,1040,1106,741,0
3488,66093659,1045,1043,1037,1104,743,0
3489,66103659,1037,1032,1039,1107,745,0
3490,66113659,1019,1013,1040,1108,751,0
3491,66123659,982,988,1041,1110,760,0
3492,66133659,948,952,1040,1113,779,0
3493,66143659,909,911,1042,1118,796,0
3494,66153659,869,865,1044,1124,808,0
3495,66163659,814,827,1044,1126,824,0
3496,66173659,757,794,1044,1131,839,0
3497,66183659,711,750,1041,1139,848,0
3498,66193659,655,711,1039,1141,859,0
3499,66203659,585,646,1033,1143,868,0
3500,66213659,477,570,1020,1146,883,0
3501,66223659,362,485,1006,1147,901,0
3502,66233659,199,353,981,1142,923,0
3503,66243659,73,216,949,1137,943,0
3504,66253659,0,75,906,1129,966,0
3505,66263659,0,0,839,1118,974,0
3506,66273659,0,0,753,1111,972,0
3507,66283659,0,0,664,1087,952,0
3508,66293659,0,0,588,1059,930,0
3509,66303659,0,0,498,1015,891,0
3510,66313659,0,0,441,974,842,0
3511,66323659,0,0,394,921,790,0
3512,66333659,0,0,343,863,721,0
3513,66343659,0,0,298,789,587,0
3514,66353659,0,0,277,731,435,0
3515,66363659,0,0,271,685,296,0
3516,66373659,0,0,264,609,150,0
3517,66383659,0,0,247,558,32,838
3518,66393659,0,0,233,534,0,725
3519,66403659,0,0,214,482,0,600
3520,66413659,0,0,199,0,0,450
3521,66423659,0,0,179,295,0,303
3522,66433659,0,0,163,299,0,167
3523,66443659,0,0,153,371,0,54
3524,66453659,0,0,127,351,0,0
3525,66463659,0,0,144,320,0,0
3526,66473659,0,0,134,286,0,0
3527,66483659,0,0,134,265,0,0
3528,66493659,0,0,123,235,0,0
3529,66503659,0,0,120,220,0,0
3530,66513659,0,0,124,214,0,0
3531,66523659,0,0,119,210,0,0
3532,66533659,0,0,122,204,0,0
3533,66543659,0,0,131,205,0,0
3534,66553659,0,0,128,207,0,0
3535,66563659,0,0,133,201,0,0
3536,66573659,0,0,129,201,0,0
3537,66583659,0,0,127,202,0,0
3538,66593659,0,0,114,199,0,0
3539,66603659,0,0,103,188,0,0
3540,66613659,0,0,101,180,0,0
3541,66623659,0,0,97,169,0,0
3542,66633659,0,0,87,163,0,0
3543,66643659,0,0,75,153,0,0
3544,66653659,0,0,71,149,0,0
3545,66663659,0,0,61,141,0,0
3546,66673659,0,0,59,136,0,0
3547,66683659,0,0,55,136,0,0
3548,66693659,0,0,51,126,0,0
3549,66703659,0,0,50,123,0,0
3550,66713659,0,0,52,124,0,0
3551,66723659,0,0,54,124,0,0
3552,66733659,0,0,54,133,0,0
3553,66743659,0,0,56,134,0,0
3554,66753659,0,0,57,141,0,0
3555,66763659,0,0,56,138,0,0
3556,66773659,0,0,54,138,0,0
3557,66783659,0,0,52,139,0,0
3558,66793659,0,0,48,136,0,0
3559,66803659,0,0,43,136,0,0
3560,66813659,0,0,37,131,0,0
3561,66823659,0,0,38,124,0,0
3562,66833659,0,0,31,120,0,0
3563,66843659,0,0,28,118,0,0
3564,66853659,0,0,24,114,0,0
3565,66863659,0,0,22,109,0,0
3566,66873659,0,0,18,104,0,0
3567,66883659,0,0,22,106,0,0
3568,66893659,0,0,24,97,0,0
3569,66903659,0,0,17,62,0,0
3570,66913659,0,0,25,91,0,0
3571,66923659,0,0,23,96,0,0
3572,66933659,0,0,22,101,0,0
3573,66943659,0,0,23,101,0,0
3574,66953659,0,0,21,100,0,0
3575,66963659,0,0,25,103,0,0
3576,66973659,0,0,26,109,0,0
3577,66983659,0,0,28,110,0,0
3578,66993659,0,0,28,109,0,0
3579,67003659,0,0,31,107,0,0
3580,67013659,0,0,28,108,0,0
3581,67023659,0,0,30,110,0,0
3582,67033659,0,0,30,107,0,0
3583,67043659,0,0,29,105,0,0
3584,67053659,0,0,30,104,0,2
3585,67063659,0,0,26,98,0,0
3586,67073659,0,19,29,96,0,0
3587,67083659,0,35,27,91,0,0
3588,67093659,0,28,15,68,0,0
3589,67103659,0,63,27,92,0,0
3590,67113659,0,85,29,83,0,0
3591,67123659,0,115,34,72,0,0
3592,67133659,24,164,36,58,0,0
3593,67143659,68,224,32,46,0,0
3594,67153659,140,309,25,42,0,0
3595,67163659,197,393,4,28,0,0
3596,67173659,345,482,20,28,0,0
3597,67183659,454,542,28,36,0,0
3598,67193659,527,591,54,74,0,0
3599,67203659,554,597,80,0,0,0
3600,67213659,560,609,100,138,0,0
3601,67223659,593,631,117,175,0,0
3602,67233659,641,664,135,205,0,0
3603,67243659,683,684,157,227,0,0
3604,67253659,727,713,187,239,0,33
3605,67263659,753,729,237,290,0,74
3606,67273659,775,747,268,321,0,133
3607,67283659,798,760,299,360,0,209
3608,67293659,822,790,329,392,0,249
3609,67303659,860,811,362,419,0,299
3610,67313659,891,842,392,456,0,325
3611,67323659,921,858,414,487,0,348
3612,67333659,947,885,439,508,0,366
3613,67343659,975,909,470,531,0,385
3614,67353659,997,925,487,551,0,387
3615,67363659,1017,940,522,568,0,407
3616,67373659,1041,957,546,590,0,428
3617,67383659,1051,971,567,611,0,455
3618,67393659,1065,986,583,629,5,468
3619,67403659,1074,999,602,637,8,486
3620,67413659,1002,965,581,611,11,503
3621,67423659,1093,1020,647,667,18,515
3622,67433659,1107,1035,662,684,26,525
3623,67443659,1116,1045,675,711,35,536
3624,67453659,1128,1058,696,718,50,543
3625,67463659,1137,1069,722,729,62,551
3626,67473659,1149,1080,735,744,74,569
3627,67483659,1169,1093,756,760,79,584
3628,67493659,1177,1101,773,784,78,596
3629,67503659,1188,1112,793,796,96,603
3630,67513659,1198,1122,814,813,101,620
3631,67523659,1207,1139,838,826,106,630
3632,67533659,1216,1147,852,841,119,645
3633,67543659,1230,1159,863,857,121,659
3634,67553659,1235,1166,877,874,135,660
3635,67563659,1243,1171,890,882,134,672
3636,67573659,1250,1185,906,894,142,679
3637,67583659,1257,1193,920,909,159,689
3638,67593659,1263,1196,932,911,170,702
3639,67603659,1179,1155,891,864,166,718
3640,67613659,1272,1207,951,935,188,725
3641,67623659,1276,1211,961,942,200,733
3642,67633659,1286,1217,972,951,199,742
3643,67643659,1283,1221,980,963,216,747
3644,67653659,1286,1223,987,978,230,753
3645,67663659,1284,1222,994,986,232,761
3646,67673659,1186,1203,925,988,238,768
3647,67683659,1278,1214,1006,995,237,774
3648,67693659,1275,1218,1006,1005,245,785
3649,67703659,1272,1214,1014,1015,251,792
3650,67713659,1269,1211,1015,1019,269,800
3651,67723659,1266,1209,1017,1020,278,807
3652,67733659,1265,1208,1018,1022,286,811
3653,67743659,1262,1206,1023,1027,288,813
3654,67753659,1262,1205,1028,1033,296,819
3655,67763659,1257,1201,1035,1038,302,822
3656,67773659,1255,1199,1033,1040,310,827
3657,67783659,1255,1199,1035,1042,319,838
3658,67793659,1253,1198,1036,1042,325,841
3659,67803659,1181,1164,1037,1044,325,842
3660,67813659,1254,1197,1037,1045,320,842
3661,67823659,1252,1196,1037,1046,325,845
3662,67833659,1253,1195,1035,1047,331,850
3663,67843659,1258,1196,1038,1046,339,855
3664,67853659,1252,1192,1038,1047,337,856
3665,67863659,1174,1155,1042,1047,342,860
3666,67873659,1244,1189,1041,1049,358,861
3667,67883659,1240,1186,1046,1051,357,868
3668,67893659,1237,1181,1047,1052,357,870
3669,67903659,1228,1178,1047,1054,370,877
3670,67913659,1225,1175,1049,1058,376,881
3671,67923659,1222,1168,1044,1061,389,885
3672,67933659,1213,1163,1054,1064,405,889
3673,67943659,1208,1154,1055,1068,424,894
3674,67953659,1198,1146,1057,1070,429,904
3675,67963659,1191,1141,1060,1073,441,912
3676,67973659,1180,1131,1060,1074,451,918
3677,67983659,1172,1126,1061,1077,460,921
3678,67993659,1158,1115,1063,1077,470,927
3679,68003659,1141,1101,1064,1081,484,935
3680,68013659,1123,1089,1067,1084,492,940
3681,68023659,1100,1071,1068,1094,503,938
3682,68033659,1075,1050,1076,1098,529,944
3683,68043659,1045,1029,1080,1109,548,955
3684,68053659,1004,1002,1092,1114,569,0
3685,68063659,963,971,1076,1122,587,0
3686,68073659,918,925,1093,1132,616,0
3687,68083659,855,871,1096,1143,647,0
3688,68093659,760,807,1101,1159,680,0
3689,68103659,637,732,1102,1167,711,0
3690,68113659,506,660,1101,1176,738,0
3691,68123659,370,575,1100,1184,763,0
3692,68133659,245,478,1092,1193,797,0
3693,68143659,100,351,1083,1198,826,0
3694,68153659,13,245,1068,1204,851,0
3695,68163659,0,133,1051,1208,876,0
3696,68173659,0,20,1029,1210,895,0
3697,68183659,0,0,995,1213,916,0
3698,68193659,0,0,903,1139,897,0
3699,68203659,0,0,903,1204,928,0
3700,68213659,0,0,850,1195,922,0
3701,68223659,0,0,785,1185,910,0
3702,68233659,0,0,702,1169,886,0
3703,68243659,0,0,652,1148,856,0
3704,68253659,0,0,595,1118,815,0
3705,68263659,0,0,539,1082,783,0
3706,68273659,0,0,489,1043,747,0
3707,68283659,0,0,441,997,697,0
3708,68293659,0,0,403,944,595,0
3709,68303659,0,0,369,880,456,781
3710,68313659,0,0,337,823,359,1066
3711,68323659,0,0,315,777,217,0
3712,68333659,0,0,296,680,123,0
3713,68343659,0,0,266,618,30,932
3714,68353659,0,0,248,549,0,862
3715,68363659,0,0,228,490,0,755
3716,68373659,0,0,202,412,0,598
3717,68383659,0,0,176,343,0,475
3718,68393659,0,0,164,338,0,307
3719,68403659,0,0,146,298,0,116
3720,68413659,0,0,136,243,0,0
3721,68423659,0,0,122,209,0,0
3722,68433659,0,0,105,182,0,0
3723,68443659,0,0,85,156,0,0
3724,68453659,0,0,76,151,0,0
3725,68463659,0,0,71,143,0,0
3726,68473659,0,0,70,140,0,0
3727,68483659,0,0,67,139,0,0
3728,68493659,0,0,66,138,0,0
3729,68503659,0,0,60,137,0,0
3730,68513659,0,0,59,137,0,0
3731,68523659,0,0,53,138,0,0
3732,68533659,0,0,52,128,0,0
3733,68543659,0,0,54,135,0,0
3734,68553659,0,0,50,139,0,0
3735,68563659,0,0,53,140,0,0
3736,68573659,0,0,53,138,0,0
3737,68583659,0,0,53,140,0,0
3738,68593659,0,0,37,110,0,0
3739,68603659,0,0,49,120,0,0
3740,68613659,0,0,43,122,0,0
3741,68623659,0,0,39,119,0,0
3742,68633659,0,0,37,115,0,0
3743,68643659,0,0,29,114,0,0
3744,68653659,0,0,28,105,0,0
3745,68663659,0,0,26,107,0,0
3746,68673659,0,0,27,107,0,0
3747,68683659,0,0,33,111,0,0
3748,68693659,0,0,33,114,0,0
3749,68703659,0,0,34,116,0,0
3750,68713659,0,0,32,114,0,0
3751,68723659,0,0,32,115,0,0
3752,68733659,0,0,25,116,0,0
3753,68743659,0,0,23,109,0,0
3754,68753659,0,0,19,110,0,0
3755,68763659,0,0,17,93,0,0
3756,68773659,0,0,9,95,0,0
3757,68783659,0,0,9,91,0,0
3758,68793659,0,0,5,87,0,0
3759,68803659,0,0,6,80,0,0
3760,68813659,0,0,7,77,0,0
3761,68823659,0,0,6,74,0,0
3762,68833659,0,0,2,68,0,0
3763,68843659,0,2,1,62,0,0
3764,68853659,0,0,0,61,0,2
3765,68863659,0,0,0,59,0,0
3766,68873659,0,0,0,59,0,0
3767,68883659,0,0,0,59,0,0
3768,68893659,0,0,2,51,0,0
3769,68903659,0,0,0,60,0,0
3770,68913659,0,0,0,59,0,0
3771,68923659,1,0,0,57,0,0
3772,68933659,0,0,0,52,0,0
3773,68943659,0,0,0,52,0,0
3774,68953659,0,0,0,51,0,0
3775,68963659,0,0,0,49,0,0
3776,68973659,0,0,0,46,0,0
3777,68983659,1,4,0,46,0,0
3778,68993659,0,23,0,58,0,0
3779,69003659,0,40,1,59,0,0
3780,69013659,0,103,6,46,0,0
3781,69023659,27,180,17,43,0,0
3782,69033659,95,285,56,0,0,0
3783,69043659,163,354,103,153,0,0
3784,69053659,249,415,138,195,0,0
3785,69063659,317,468,183,241,0,6
3786,69073659,382,502,230,300,0,69
3787,69083659,425,530,286,362,0,156
3788,69093659,440,540,322,401,0,232
3789,69103659,453,547,370,443,0,305
3790,69113659,457,553,416,504,2,358
3791,69123659,467,567,463,555,18,424
3792,69133659,478,585,501,608,36,472
3793,69143659,502,607,545,647,50,519
3794,69153659,535,630,579,684,80,546
3795,69163659,554,661,618,725,83,587
3796,69173659,600,686,664,759,97,626
3797,69183659,630,715,701,794,116,648
3798,69193659,662,734,740,822,124,666
3799,69203659,692,759,762,844,145,685
3800,69213659,728,782,792,861,156,701
3801,69223659,755,802,811,877,180,718
3802,69233659,787,817,831,887,195,733
3803,69243659,814,834,844,898,212,744
3804,69253659,839,853,857,907,224,755
3805,69263659,854,869,866,916,233,766
3806,69273659,871,873,876,923,250,782
3807,69283659,875,885,883,933,262,791
3808,69293659,884,891,894,942,278,798
3809,69303659,892,906,909,950,292,807
3810,69313659,900,914,920,961,301,811
3811,69323659,907,919,938,971,309,818
3812,69333659,915,933,940,982,314,821
3813,69343659,921,941,952,988,312,828
3814,69353659,928,951,969,1000,328,839
3815,69363659,937,956,979,1010,337,846
3816,69373659,942,963,991,1020,355,854
3817,69383659,952,971,1001,1042,363,861
3818,69393659,872,962,937,1047,383,872
3819,69403659,956,984,1027,1065,403,880
3820,69413659,956,985,1042,1075,414,890
3821,69423659,958,988,1050,1085,428,904
3822,69433659,957,989,1064,1099,449,0
3823,69443659,953,991,1072,1112,482,0
3824,69453659,948,988,1085,1123,510,0
3825,69463659,944,988,1092,1137,531,0
3826,69473659,937,985,1104,1146,548,0
3827,69483659,930,994,1111,1160,572,0
3828,69493659,918,980,1117,1169,589,0
3829,69503659,907,974,1124,1177,613,0
3830,69513659,886,957,1128,1183,635,0
3831,69523659,858,943,1133,1190,661,0
3832,69533659,822,933,1142,1204,691,0
3833,69543659,778,915,1145,1207,717,0
3834,69553659,731,888,1148,1219,745,0
3835,69563659,687,860,1152,1229,772,0
3836,69573659,652,842,1160,1231,794,0
3837,69583659,612,825,1161,1236,819,0
3838,69593659,582,812,1164,1241,838,0
3839,69603659,542,797,1165,1251,856,0
3840,69613659,505,782,1167,1250,871,0
3841,69623659,485,770,1169,1257,887,0
3842,69633659,459,762,1168,1257,908,0
3843,69643659,437,748,1171,1261,920,1
3844,69653659,419,743,1173,1262,934,0
3845,69663659,405,732,1174,1267,945,0
3846,69673659,385,724,1176,1268,954,0
3847,69683659,367,713,1176,1267,964,0
3848,69693659,353,697,1179,1271,974,0
3849,69703659,339,684,1179,1273,982,0
3850,69713659,315,672,1180,1274,993,0
3851,69723659,296,649,1181,1276,1001,0
3852,69733659,274,617,1182,1278,1009,0
3853,69743659,244,581,1183,1281,1018,0
3854,69753659,217,551,1183,1285,1033,0
3855,69763659,190,535,1184,1289,1043,0
3856,69773659,179,521,1186,1288,1050,0
3857,69783659,163,496,1188,1289,1059,0
3858,69793659,139,472,1188,1290,1065,0
3859,69803659,133,472,1188,1291,1070,0
3860,69813659,108,457,1184,1293,1075,0
3861,69823659,100,435,1184,1293,1080,0
3862,69833659,80,414,1182,1293,1084,0
3863,69843659,60,395,1179,1294,1085,0
3864,69853659,55,378,1177,1286,1092,0
3865,69863659,39,369,1176,1292,1088,0
3866,69873659,28,361,1172,1291,1089,0
3867,69883659,24,339,1168,1290,1095,0
3868,69893659,18,328,1164,1289,1096,0
3869,69903659,3,308,1159,1287,1096,0
3870,69913659,0,272,1148,1284,1097,0
3871,69923659,0,210,1109,1181,1080,0
3872,69933659,0,213,1133,1275,1095,0
3873,69943659,0,171,1119,1271,1090,0
3874,69953659,0,137,1100,1258,1077,0
3875,69963659,0,99,1071,1242,1053,0
3876,69973659,0,76,1043,1214,1021,0
3877,69983659,0,38,1010,1196,989,0
3878,69993659,0,8,973,1171,949,0
3879,70003659,0,0,926,1142,910,0
3880,70013659,0,0,869,1108,859,0
3881,70023659,0,0,812,1071,814,0
3882,70033659,0,0,733,1037,755,0
3883,70043659,0,0,657,997,708,0
3884,70053659,0,0,568,960,642,0
3885,70063659,0,0,499,918,561,0
3886,70073659,0,0,458,872,488,0
3887,70083659,0,0,414,817,430,792
3888,70093659,0,0,377,752,381,748
3889,70103659,0,0,332,685,286,694
3890,70113659,0,0,289,609,195,624
3891,70123659,0,0,284,569,113,595
3892,70133659,0,0,263,506,30,492
3893,70143659,0,0,231,435,0,349
3894,70153659,0,0,205,357,0,197
3895,70163659,0,0,192,315,0,30
3896,70173659,0,0,179,0,0,0
3897,70183659,0,0,163,0,0,0
3898,70193659,0,0,163,229,0,0
3899,70203659,0,0,156,202,0,0
3900,70213659,0,0,148,177,0,0
3901,70223659,0,0,139,176,0,0
3902,70233659,0,0,136,170,0,0
3903,70243659,0,0,129,170,0,0
3904,70253659,0,0,125,159,0,0
3905,70263659,0,0,122,155,0,0
3906,70273659,0,0,118,152,0,0
3907,70283659,0,0,116,148,0,0
3908,70293659,0,0,108,136,0,0
3909,70303659,0,0,105,141,0,0
3910,70313659,0,0,96,104,0,0
3911,70323659,0,0,101,138,2,0
3912,70333659,0,0,102,139,0,0
3913,70343659,0,0,104,140,0,0
3914,70353659,0,0,109,141,0,0
3915,70363659,0,0,111,156,0,0
3916,70373659,0,0,117,168,0,0
3917,70383659,0,0,122,170,0,0
3918,70393659,0,0,134,174,0,0
3919,70403659,0,0,139,180,0,0
3920,70413659,0,0,140,180,0,0
3921,70423659,0,0,145,189,0,0
3922,70433659,0,0,144,184,0,0
3923,70443659,0,0,143,177,0,0
3924,70453659,0,0,140,174,0,0
3925,70463659,0,0,124,166,0,0
3926,70473659,0,0,117,154,0,0
3927,70483659,0,0,108,150,0,0
3928,70493659,0,0,102,146,0,0
3929,70503659,0,0,87,105,0,0
3930,70513659,0,0,101,141,0,0
3931,70523659,0,0,99,124,4,0
3932,70533659,0,0,93,134,0,0
3933,70543659,0,0,91,128,0,0
3934,70553659,0,0,92,121,0,0
3935,70563659,0,0,93,127,0,0
3936,70573659,0,0,92,125,0,0
3937,70583659,0,0,95,128,0,0
3938,70593659,0,0,103,137,0,0
3939,70603659,0,0,103,130,0,0
3940,70613659,0,0,97,137,0,0
3941,70623659,0,0,106,139,0,0
3942,70633659,0,0,75,139,0,0
3943,70643659,0,0,100,143,0,0
3944,70653659,0,0,97,140,0,0
3945,70663659,0,0,94,137,0,0
3946,70673659,0,0,97,140,0,0
3947,70683659,0,0,92,134,0,0
3948,70693659,0,0,90,134,0,0
3949,70703659,0,0,86,116,0,0
3950,70713659,0,0,82,123,0,0
3951,70723659,0,0,83,119,0,0
3952,70733659,0,0,76,121,0,0
3953,70743659,0,0,79,121,0,0
3954,70753659,0,0,82,116,0,0
3955,70763659,0,0,84,113,0,0
3956,70773659,0,0,88,117,0,0
3957,70783659,0,0,88,117,0,0
3958,70793659,0,0,86,111,0,0
3959,70803659,0,0,76,109,0,0
3960,70813659,0,0,69,107,0,0
3961,70823659,0,0,60,106,0,0
3962,70833659,0,0,39,77,0,0
3963,70843659,0,0,57,100,0,0
3964,70853659,0,0,52,97,0,0
3965,70863659,0,0,46,92,0,0
3966,70873659,0,0,45,88,0,0
3967,70883659,0,0,40,88,0,0
3968,70893659,0,0,31,85,0,0
3969,70903659,0,0,30,90,0,0
3970,70913659,0,0,24,71,0,0
3971,70923659,0,0,21,73,0,0
3972,70933659,0,5,23,71,0,0
3973,70943659,0,15,17,69,0,0
3974,70953659,0,27,11,61,0,0
3975,70963659,0,44,9,59,0,0
3976,70973659,0,70,7,70,0,0
3977,70983659,6,135,38,101,0,0
3978,70993659,10,135,70,155,0,0
3979,71003659,20,169,105,187,0,0
3980,71013659,56,241,147,244,0,0
3981,71023659,140,337,206,314,0,58
3982,71033659,273,455,294,375,0,135
3983,71043659,376,542,339,426,0,196
3984,71053659,477,609,403,501,0,230
3985,71063659,558,662,475,571,0,300
3986,71073659,615,699,547,624,0,345
3987,71083659,647,724,601,690,0,377
3988,71093659,662,742,663,745,0,403
3989,71103659,681,758,709,797,7,437
3990,71113659,696,776,753,844,18,477
3991,71123659,722,793,792,881,26,500
3992,71133659,748,809,826,913,37,526
3993,71143659,777,824,856,940,48,560
3994,71153659,793,842,877,968,68,590
3995,71163659,811,855,899,985,73,610
3996,71173659,826,869,920,1005,86,632
3997,71183659,850,882,935,1017,101,653
3998,71193659,868,894,950,1042,118,673
3999,71203659,885,907,969,1055,137,685
4000,71213659,900,920,984,1067,150,655
4001,71223659,910,930,997,1079,163,0
4002,71233659,917,939,1009,1095,185,0
4003,71243659,934,947,1020,1110,199,0
4004,71253659,942,958,1043,1120,214,0
4005,71263659,954,968,1052,1133,222,0
4006,71273659,967,980,1066,1142,244,0
4007,71283659,973,987,1077,1153,243,0
4008,71293659,983,996,1086,1162,261,0
4009,71303659,993,1010,1106,1172,281,0
4010,71313659,1007,1008,1100,1178,291,0
4011,71323659,1015,1015,1107,1184,298,0
4012,71333659,1018,1022,1113,1191,304,0
4013,71343659,1033,1034,1120,1195,313,0
4014,71353659,1036,1040,1124,1198,330,0
4015,71363659,1042,1042,1128,1203,345,0
4016,71373659,1046,1047,1128,1205,356,0
4017,71383659,1048,1051,1128,1206,365,0
4018,71393659,1056,1058,1132,1206,366,0
4019,71403659,1063,1066,1131,1204,374,0
4020,71413659,1067,1069,1133,1206,378,0
4021,71423659,1071,1072,1135,1203,381,0
4022,71433659,1077,1076,1134,1203,390,0
4023,71443659,1081,1074,1132,1201,398,0
4024,71453659,1085,1081,1133,1198,398,0
4025,71463659,1093,1083,1131,1196,409,0
4026,71473659,1097,1089,1124,1188,372,0
4027,71483659,1106,1094,1129,1184,406,0
4028,71493659,1111,1093,1126,1179,406,0
4029,71503659,1116,1103,1125,1177,405,0
4030,71513659,1120,1101,1123,1170,399,0
4031,71523659,1126,1107,1120,1159,406,0
4032,71533659,1130,1109,1119,1153,403,0
4033,71543659,1134,1115,1114,1142,414,0
4034,71553659,1135,1112,1107,1143,410,0
4035,71563659,1142,1116,1102,1124,409,0
4036,71573659,1145,1121,1097,1119,409,0
4037,71583659,1151,1124,1094,1102,404,0
4038,71593659,1153,1125,1083,1103,407,0
4039,71603659,1160,1125,1084,1101,405,0
4040,71613659,1161,1128,1080,1094,404,0
4041,71623659,1158,1127,1076,1085,406,0
4042,71633659,1147,1124,1073,1085,413,0
4043,71643659,1145,1119,1073,1083,419,0
4044,71653659,1145,1117,1069,1081,424,0
4045,71663659,1138,1111,1068,1079,430,0
4046,71673659,1138,1112,1070,1083,430,0
4047,71683659,1133,1111,1068,1077,437,0
4048,71693659,1129,1105,1067,1079,449,0
4049,71703659,1117,1097,1070,1077,460,0
4050,71713659,1107,1087,1071,1079,479,861
4051,71723659,1094,1078,1074,1082,493,909
4052,71733659,1081,1069,1076,1086,510,921
4053,71743659,1073,1065,1076,1085,521,931
4054,71753659,1056,1055,1078,1089,530,937
4055,71763659,1051,1048,1080,1093,540,944
4056,71773659,1040,1038,1082,1098,548,951
4057,71783660,1018,1016,1088,1094,559,959
4058,71793659,997,998,1086,1098,576,966
4059,71803659,972,983,1088,1101,582,968
4060,71813659,950,964,1088,1099,595,973
4061,71823659,925,943,1081,1100,599,974
4062,71833659,904,927,1077,1096,604,976
4063,71843659,802,859,1012,1023,587,975
4064,71853659,840,874,1056,1081,614,977
4065,71863659,789,862,1042,1068,617,983
4066,71873659,739,822,1025,1063,628,984
4067,71883659,658,781,1005,1052,635,992
4068,71893659,572,729,979,1047,652,997
4069,71903659,467,661,954,1044,668,1005
4070,71913659,375,587,937,1036,677,1004
4071,71923659,270,528,917,1028,683,0
4072,71933659,175,455,892,1016,686,0
4073,71943659,100,381,869,1008,674,0
4074,71953659,41,310,844,988,655,0
4075,71963659,5,245,811,973,633,0
4076,71973659,0,179,761,955,603,0
4077,71983659,0,111,704,930,571,906
4078,71993659,0,59,651,906,534,877
4079,72003659,0,27,570,866,514,838
4080,72013659,0,0,506,822,490,802
4081,72023659,0,0,449,768,459,751
4082,72033659,0,0,398,699,416,714
4083,72043659,0,0,359,635,391,679
4084,72053659,0,0,305,554,346,634
4085,72063659,0,0,257,480,271,570
4086,72073659,0,0,232,412,207,473
4087,72083659,0,0,197,381,115,400
4088,72093659,0,0,176,327,29,286
4089,72103659,0,0,155,268,0,168
4090,72113659,0,0,140,258,0,84
4091,72123659,0,0,116,226,0,8
4092,72133659,0,0,102,183,0,0
4093,72143659,0,0,91,146,0,0
4094,72153659,0,0,80,113,0,0
4095,72163659,0,0,82,63,0,0
4096,72173659,0,0,88,86,0,0
4097,72183659,0,0,88,95,0,0
4098,72193659,0,0,89,103,0,0
4099,72203659,0,0,93,104,0,0
4100,72213659,0,0,91,107,0,0
4101,72223659,0,0,91,106,0,0
4102,72233659,0,0,94,114,0,0
4103,72243659,0,0,93,112,0,0
4104,72253659,0,0,95,113,0,0
4105,72263659,0,0,92,112,0,0
4106,72273659,0,0,90,110,0,0
4107,72283659,0,0,81,106,0,0
4108,72293659,0,0,75,103,0,0
4109,72303659,0,0,75,97,0,0
4110,72313659,0,0,67,90,0,0
4111,72323659,0,0,60,85,0,0
4112,72333659,0,0,56,78,0,0
4113,72343659,0,0,51,74,0,0
4114,72353659,0,0,47,74,0,0
4115,72363659,0,0,46,72,0,0
4116,72373659,0,0,51,78,0,0
4117,72383659,0,0,54,84,0,0
4118,72393659,0,0,50,89,0,0
4119,72403659,0,0,53,96,0,0
4120,72413659,0,0,52,94,0,0
4121,72423659,0,0,45,86,0,0
4122,72433659,0,0,37,74,0,0
4123,72443659,0,0,38,80,0,0
4124,72453659,0,0,40,87,0,0
4125,72463659,0,0,41,88,0,0
4126,72473659,0,0,45,91,0,0
4127,72483659,0,0,45,61,0,0
4128,72493659,0,0,46,91,0,0
4129,72503659,0,0,45,89,0,0
4130,72513659,0,0,40,91,0,0
4131,72523659,0,0,41,91,0,0
4132,72533659,0,0,39,92,0,0
4133,72543659,0,0,36,89,0,0
4134,72553659,0,0,36,83,0,0
4135,72563659,0,0,35,76,0,0
4136,72573659,0,0,32,77,0,0
4137,72583659,0,1,28,72,0,0
4138,72593659,0,3,28,73,0,0
4139,72603659,0,7,23,63,0,0
4140,72613659,0,7,19,59,0,0
4141,72623659,0,9,18,56,0,0
4142,72633659,0,18,20,52,0,0
4143,72643659,0,23,20,57,0,0
4144,72653659,0,36,21,56,0,0
4145,72663659,0,42,24,56,0,0
4146,72673659,0,45,23,57,0,0
4147,72683659,0,27,15,30,0,0
4148,72693659,0,44,22,60,0,0
4149,72703659,0,44,17,63,0,0
4150,72713659,0,44,15,59,0,0
4151,72723659,0,37,10,57,0,0
4152,72733659,0,42,8,56,0,0
4153,72743659,0,45,6,56,0,0
4154,72753659,0,25,3,27,0,0
4155,72763659,0,70,6,53,0,0
4156,72773659,0,82,5,56,0,0
4157,72783659,0,117,2,59,0,0
4158,72793659,2,162,2,54,0,0
4159,72803659,46,253,24,69,0,0
4160,72813659,103,316,58,0,0,0
4161,72823659,134,357,55,66,0,0
4162,72833659,246,420,115,151,0,0
4163,72843659,377,518,133,186,0,0
4164,72853659,528,596,172,215,0,0
4165,72863659,615,651,214,263,0,24
4166,72873659,664,684,277,311,0,71
4167,72883659,693,701,310,362,0,127
4168,72893659,711,716,338,404,0,203
4169,72903659,716,720,367,443,0,267
4170,72913659,727,730,408,487,0,310
4171,72923659,743,744,435,531,0,338
4172,72933659,757,751,471,556,0,361
4173,72943659,790,771,502,591,0,391
4174,72953660,818,794,537,617,0,410
4175,72963659,854,819,568,653,6,436
4176,72973659,882,837,591,673,12,461
4177,72983659,903,857,625,710,36,490
4178,72993659,917,870,665,743,51,523
4179,73003659,927,882,693,777,61,547
4180,73013659,938,893,726,794,80,573
4181,73023659,948,904,748,819,105,593
4182,73033659,954,909,768,840,122,612
4183,73043659,949,923,794,855,150,626
4184,73053659,963,922,812,873,158,647
4185,73063659,968,925,836,893,174,650
4186,73073659,969,931,853,915,197,675
4187,73083659,970,934,867,937,212,632
4188,73093659,970,932,882,953,232,0
4189,73103659,969,937,905,982,251,2
4190,73113659,968,936,920,987,270,0
4191,73123659,962,938,940,1003,298,0
4192,73133659,959,936,954,1020,313,0
4193,73143659,956,938,970,1043,338,0
4194,73153659,956,939,987,1055,349,0
4195,73163659,950,939,1000,1071,362,0
4196,73173659,947,945,1012,1086,400,0
4197,73183659,940,944,1025,1102,419,2
4198,73193659,930,943,1042,1114,442,0
4199,73203659,927,943,1051,1128,465,0
4200,73213659,917,943,1048,1059,460,0
4201,73223659,915,947,1066,1154,508,0
4202,73233659,911,945,1077,1159,534,0
4203,73243659,914,944,1086,1175,555,0
4204,73253659,912,947,1095,1182,569,0
4205,73263659,914,948,1104,1190,588,0
4206,73273659,914,952,1099,1111,568,0
4207,73283659,920,955,1116,1203,609,0
4208,73293659,922,955,1126,1210,616,0
4209,73303659,924,957,1128,1212,623,0
4210,73313659,922,954,1132,1222,631,0
4211,73323659,923,963,1133,1225,638,0
4212,73333659,924,959,1140,1223,646,0
4213,73343659,920,957,1142,1231,652,0
4214,73353659,917,957,1143,1231,653,0
4215,73363659,914,957,1145,1239,664,0
4216,73373659,901,951,1146,1237,679,0
4217,73383659,881,948,1150,1239,686,0
4218,73393659,872,939,1149,1243,703,0
4219,73403659,862,933,1158,1243,716,0
4220,73413659,851,929,1158,1247,725,0
4221,73423659,845,922,1159,1250,734,0
4222,73433659,833,918,1163,1250,740,0
4223,73443659,824,913,1161,1259,750,0
4224,73453659,812,906,1166,1256,760,0
4225,73463659,800,901,1166,1257,764,0
4226,73473659,786,894,1171,1258,770,0
4227,73483659,788,889,1167,1261,782,0
4228,73493659,784,890,1171,1260,785,0
4229,73503659,786,888,1172,1262,788,0
4230,73513659,779,883,1171,1263,791,0
4231,73523659,777,884,1173,1265,792,0
4232,73533659,769,872,1174,1266,799,0
4233,73543659,757,871,1173,1268,797,0
4234,73553659,744,861,1172,1265,804,0
4235,73563659,738,857,1175,1268,806,0
4236,73573659,736,853,1175,1268,807,0
4237,73583659,733,852,1177,1269,812,0
4238,73593659,735,846,1175,1270,807,0
4239,73603659,741,847,1177,1269,809,0
4240,73613659,744,850,1174,1267,801,0
4241,73623659,748,851,1174,1268,800,0
4242,73633659,747,846,1174,1269,798,0
4243,73643659,740,835,1177,1270,799,0
4244,73653659,723,822,1174,1270,798,0
4245,73663659,651,765,1129,1271,809,0
4246,73673659,670,798,1174,1271,801,0
4247,73683659,636,786,1173,1271,794,0
4248,73693659,613,777,1169,1271,786,0
4249,73703659,597,761,1166,1270,766,0
4250,73713659,567,746,1157,1265,747,0
4251,73723659,536,728,1142,1261,721,0
4252,73733659,485,694,1125,1244,697,0
4253,73743659,395,631,1095,1226,669,0
4254,73753659,286,537,1059,1196,650,0
4255,73763659,173,426,1018,1171,618,0
4256,73773659,72,284,982,1141,584,0
4257,73783659,0,150,932,1115,548,0
4258,73793659,0,59,880,1091,500,0
4259,73803659,0,9,811,1059,440,0
4260,73813659,0,0,719,1012,394,0
4261,73823659,0,0,623,971,369,0
4262,73833659,0,0,544,923,323,0
4263,73843659,0,0,477,864,255,575
4264,73853659,0,0,429,802,168,533
4265,73863659,0,0,367,710,108,438
4266,73873659,0,0,311,629,38,340
4267,73883659,0,0,292,386,0,265
4268,73893659,0,0,280,462,0,147
4269,73903659,0,0,267,162,0,35
4270,73913659,0,0,234,355,0,0
4271,73923659,0,0,218,306,0,0
4272,73933659,0,0,205,291,0,0
4273,73943659,0,0,173,242,0,0
4274,73953659,0,0,169,220,0,0
4275,73963659,0,0,163,199,0,0
4276,73973659,0,0,158,195,0,0
4277,73983659,0,0,158,197,0,0
4278,73993659,0,0,149,75,0,0
4279,74003659,0,0,148,183,0,0
4280,74013659,0,0,148,48,0,0
4281,74023659,0,0,138,169,0,0
4282,74033659,0,0,136,178,0,0
4283,74043659,0,0,134,167,0,0
4284,74053659,0,0,132,164,0,0
4285,74063659,0,0,125,90,0,0
4286,74073659,0,0,125,148,0,0
4287,74083659,0,0,123,155,0,0
4288,74093659,0,0,123,157,0,0
4289,74103659,0,0,127,163,0,0
4290,74113659,0,0,132,164,0,0
4291,74123659,0,0,126,163,0,0
4292,74133659,0,0,124,162,0,0
4293,74143659,0,0,123,159,0,0
4294,74153659,0,0,117,160,0,0
4295,74163659,0,0,115,150,0,0
4296,74173659,0,0,107,164,0,0
4297,74183659,0,0,106,161,0,0
4298,74193659,0,0,92,152,0,0
4299,74203659,3,0,90,149,0,0
4300,74213659,0,0,93,147,0,0
4301,74223659,0,0,88,141,0,0
4302,74233659,0,0,79,135,0,0
4303,74243659,0,0,70,120,0,0
4304,74253659,0,0,63,120,0,1
4305,74263659,0,0,58,119,0,0
4306,74273659,0,0,60,104,0,0
4307,74283659,0,3,72,103,0,0
4308,74293659,0,23,76,103,0,0
4309,74303659,0,30,76,105,0,0
4310,74313659,0,25,76,107,0,0
4311,74323659,0,15,74,105,0,0
4312,74333659,0,5,64,101,0,0
4313,74343659,0,0,46,91,0,0
4314,74353659,0,0,42,86,0,0
4315,74363659,0,0,38,85,0,0
4316,74373659,0,0,39,86,0,0
4317,74383659,0,0,37,86,0,0
4318,74393659,0,0,33,80,0,0
4319,74403659,0,0,27,73,0,0
4320,74413659,0,0,27,79,0,0
4321,74423659,0,0,27,75,0,0
4322,74433659,0,0,27,74,0,0
4323,74443659,0,3,30,76,0,0
4324,74453659,0,5,31,76,0,0
4325,74463659,0,10,28,72,0,0
4326,74473659,0,14,33,73,0,0
4327,74483659,0,20,25,67,0,0
4328,74493659,0,24,27,68,0,0
4329,74503659,0,30,26,68,0,0
4330,74513659,0,38,29,69,0,0
4331,74523659,0,40,25,65,0,0
4332,74533659,0,57,23,62,0,0
4333,74543659,0,82,18,54,0,0
4334,74553659,0,100,13,58,0,0
4335,74563659,7,152,1,53,0,0
4336,74573659,44,280,0,15,0,0
4337,74583659,197,434,1,25,0,0
4338,74593659,439,615,51,76,0,0
4339,74603659,627,714,114,160,0,0
4340,74613659,669,734,144,174,0,0
4341,74623659,728,781,184,214,0,0
4342,74633659,802,826,235,255,0,0
4343,74643659,848,853,285,309,0,15
4344,74653659,863,867,319,363,0,52
4345,74663659,882,877,367,415,0,111
4346,74673659,887,884,413,464,0,172
4347,74683659,894,894,470,525,0,213
4348,74693659,900,904,517,581,0,242
4349,74703659,907,908,547,562,0,253
4350,74713659,921,918,591,666,0,302
4351,74723659,934,926,623,695,0,316
4352,74733659,948,938,662,729,0,332
4353,74743659,967,950,691,750,0,346
4354,74753659,963,957,722,768,0,359
4355,74763659,981,967,744,801,7,372
4356,74773659,926,944,758,808,19,393
4357,74783659,993,983,775,819,24,408
4358,74793659,1002,989,792,829,37,424
4359,74803659,1008,998,806,842,45,441
4360,74813659,1020,1005,816,851,56,457
4361,74823659,1033,1016,833,865,74,469
4362,74833659,1049,1033,844,872,56,458
4363,74843659,1058,1046,858,888,84,489
4364,74853659,1068,1061,866,894,95,494
4365,74863659,1080,1070,874,904,97,501
4366,74873659,1095,1081,882,907,101,509
4367,74883659,1101,1090,892,920,106,523
4368,74893659,1109,1098,911,930,115,535
4369,74903659,1112,1105,918,940,96,522
4370,74913659,1120,1113,930,949,133,540
4371,74923659,1125,1118,938,954,138,552
4372,74933659,1131,1121,946,969,139,0
4373,74943659,1133,1125,964,976,138,0
4374,74953659,1139,1128,975,990,151,0
4375,74963659,1140,1129,983,1000,168,0
4376,74973659,1140,1132,991,1012,156,0
4377,74983659,1144,1139,1009,1021,196,0
4378,74993659,1145,1142,1011,1041,206,0
4379,75003659,1152,1141,1025,1047,220,0
4380,75013659,1153,1148,1043,1054,226,0
4381,75023659,1157,1151,1050,1064,237,0
4382,75033659,1159,1157,1056,1073,243,0
4383,75043659,1156,1151,1066,1081,252,0
4384,75053659,1157,1155,1072,1090,271,0
4385,75063659,1151,1156,1080,1097,277,1
4386,75073659,1150,1152,1084,1101,293,0
4387,75083659,1146,1152,1093,1109,299,0
4388,75093659,1144,1150,1099,1116,313,0
4389,75103659,1135,1146,1100,1124,291,0
4390,75113659,1130,1147,1105,1129,338,0
4391,75123659,1118,1139,1111,1133,342,0
4392,75133659,1111,1132,1115,1138,352,0
4393,75143659,1100,1127,1118,1144,362,0
4394,75153659,1091,1119,1122,1154,365,0
4395,75163659,1073,1110,1125,1160,344,0
4396,75173659,1062,1102,1128,1164,390,0
4397,75183659,1051,1094,1133,1169,405,0
4398,75193659,1044,1087,1133,1171,414,0
4399,75203659,1032,1076,1141,1175,425,0
4400,75213659,1020,1073,1140,1180,438,0
4401,75223659,1014,1064,1146,1183,442,0
4402,75233659,1004,1057,1145,1188,461,0
4403,75243659,994,1054,1147,1193,474,0
4404,75253659,985,1049,1153,1188,487,0
4405,75263659,979,1047,1158,1197,500,0
4406,75273659,973,1044,1160,1201,504,0
4407,75283659,966,1042,1163,1203,511,0
4408,75293659,899,1001,1165,1211,525,0
4409,75303659,953,1028,1167,1215,531,0
4410,75313659,944,1020,1172,1211,538,0
4411,75323659,936,1015,1172,1216,543,0
4412,75333659,931,1009,1172,1224,550,0
4413,75343659,928,1005,1174,1220,556,0
4414,75353659,924,944,1139,1125,548,0
4415,75363659,923,1002,1174,1223,562,0
4416,75373659,926,1000,1176,1225,563,0
4417,75383659,922,995,1175,1227,564,0
4418,75393659,919,990,1176,1223,564,0
4419,75403659,911,984,1180,1229,565,0
4420,75413659,904,979,1175,1227,565,0
4421,75423659,890,969,1178,1230,562,0
4422,75433659,876,953,1177,1230,562,0
4423,75443659,857,939,1178,1232,568,0
4424,75453659,842,925,1178,1231,576,0
4425,75463659,819,910,1179,1236,580,0
4426,75473659,796,893,1181,1239,585,0
4427,75483659,762,875,1182,1240,589,0
4428,75493659,721,854,1181,1241,600,0
4429,75503659,673,822,1181,1243,608,0
4430,75513659,611,793,1179,1245,619,0
4431,75523659,549,758,1179,1246,630,2
4432,75533659,491,728,1174,1248,636,0
4433,75543659,424,669,1167,1247,650,0
4434,75553659,285,599,1100,1149,651,0
4435,75563659,230,524,1135,1241,661,0
4436,75573659,120,416,1117,1231,659,0
4437,75583659,55,297,1084,1221,646,0
4438,75593659,0,192,1055,1207,624,0
4439,75603659,0,104,1021,1195,616,0
4440,75613659,0,21,956,1088,585,0
4441,75623659,0,1,937,1163,572,0
4442,75633659,0,0,889,1144,551,0
4443,75643659,0,0,836,1125,527,0
4444,75653659,0,0,777,1097,500,0
4445,75663659,0,0,699,1068,426,0
4446,75673659,0,0,623,1015,406,0
4447,75683659,0,0,569,975,345,0
4448,75693659,0,0,527,928,256,0
4449,75703659,0,0,475,877,170,0
4450,75713659,0,0,434,817,101,0
4451,75723659,0,0,403,757,42,0
4452,75733659,0,0,362,680,0,329
4453,75743659,0,1,296,631,0,228
4454,75753659,0,0,325,0,0,80
4455,75763659,0,0,307,0,0,1
4456,75773659,0,0,285,457,0,0
4457,75783659,0,0,273,0,0,0
4458,75793659,0,0,249,0,0,0
4459,75803659,0,0,213,254,0,0
4460,75813659,0,0,201,257,0,0
4461,75823659,0,0,177,234,0,0
4462,75833659,0,0,165,220,0,0
4463,75843659,0,0,150,203,0,0
4464,75853659,0,0,143,197,0,0
4465,75863659,0,0,138,189,0,0
4466,75873659,0,0,128,190,0,0
4467,75883659,0,0,123,180,0,0
4468,75893659,0,0,119,181,0,0
4469,75903659,0,0,117,182,0,0
4470,75913659,0,0,116,183,0,0
4471,75923659,0,0,109,178,0,0
4472,75933659,0,0,106,146,1,0
4473,75943659,0,0,118,208,0,0
4474,75953659,0,0,126,212,0,0
4475,75963659,0,0,117,211,0,0
4476,75973659,0,0,117,199,0,0
4477,75983659,0,0,108,182,0,0
4478,75993659,0,0,100,164,0,0
4479,76003659,0,0,95,0,0,0
4480,76013659,0,4,93,104,0,0
4481,76023659,0,0,95,157,0,0
4482,76033659,0,0,92,161,0,0
4483,76043659,0,0,90,30,0,0
4484,76053659,0,0,90,158,0,0
4485,76063659,0,0,88,149,0,0
4486,76073659,0,0,85,155,0,0
4487,76083659,0,0,81,154,0,0
4488,76093659,0,0,76,150,0,0
4489,76103659,0,0,69,25,0,0
4490,76113659,0,0,80,132,0,0
4491,76123659,0,0,73,27,0,0
4492,76133659,0,0,62,84,0,0
4493,76143659,0,0,58,95,0,0
4494,76153659,0,0,55,99,0,0
4495,76163659,0,0,51,108,0,0
4496,76173659,0,0,48,109,0,0
4497,76183659,0,0,43,110,0,0
4498,76193659,0,0,41,111,0,0
4499,76203659,0,0,40,107,0,0
4500,76213659,0,0,28,108,1,0
4501,76223659,0,0,20,102,0,0
4502,76233659,0,0,14,95,0,0
4503,76243659,0,0,8,92,0,0
4504,76253659,0,0,16,90,0,0
4505,76263659,0,0,9,88,0,0
4506,76273659,0,0,9,91,0,0
4507,76283659,0,0,12,92,0,0
4508,76293659,0,0,11,90,0,0
4509,76303659,0,0,13,88,0,0
4510,76313659,0,0,12,84,0,0
4511,76323659,0,0,14,80,0,0
4512,76333659,0,0,10,73,0,0
4513,76343659,0,0,13,73,0,0
4514,76353659,0,8,10,75,0,0
4515,76363659,0,25,12,67,0,0
4516,76373659,0,42,10,57,0,0
4517,76383659,0,53,10,56,0,0
4518,76393659,0,74,11,55,0,0
4519,76403659,0,97,7,49,0,0
4520,76413659,6,144,6,43,0,0
4521,76423659,32,216,1,35,0,0
4522,76433659,134,354,0,13,0,0
4523,76443659,335,541,0,5,0,0
4524,76453659,632,705,0,4,0,0
4525,76463659,848,827,44,38,0,0
4526,76473659,886,861,93,126,0,0
4527,76483659,983,905,125,174,0,0
4528,76493659,988,918,178,218,0,0
4529,76503659,1010,931,241,276,0,49
4530,76513659,1005,938,297,312,0,120
4531,76523659,1007,941,324,358,0,210
4532,76533659,1004,949,374,409,0,268
4533,76543659,1007,953,424,459,0,338
4534,76553659,1017,967,470,509,8,374
4535,76563659,1036,975,519,561,19,408
4536,76573659,1052,994,562,598,34,452
4537,76583659,1072,1012,602,632,50,481
4538,76593659,1094,1042,644,667,60,498
4539,76603659,1112,1062,674,699,73,512
4540,76613659,1128,1077,703,732,79,532
4541,76623659,1138,1091,741,753,89,546
4542,76633659,1144,1099,763,780,103,564
4543,76643659,1148,1109,783,804,107,565
4544,76653659,1154,1114,799,820,115,578
4545,76663659,1164,1123,816,832,118,590
4546,76673659,1174,1129,837,846,130,595
4547,76683659,1180,1140,849,857,144,598
4548,76693659,1189,1146,859,866,154,597
4549,76703659,1197,1160,872,874,166,599
4550,76713659,1207,1164,885,887,178,603
4551,76723659,1214,1175,892,890,184,594
4552,76733659,1224,1181,905,900,190,602
4553,76743659,1234,1192,910,906,200,546
4554,76753659,1240,1198,921,920,205,493
4555,76763659,1247,1204,930,927,214,546
4556,76773659,1253,1209,940,932,221,310
4557,76783659,1261,1216,947,937,225,0
4558,76793659,1266,1226,950,943,230,274
4559,76803659,1275,1231,951,946,202,409
4560,76813659,1286,1236,961,950,231,574
4561,76823659,1293,1243,961,949,231,638
4562,76833659,1302,1245,963,949,230,664
4563,76843659,1308,1247,962,948,231,678
4564,76853659,1310,1251,965,943,236,692
4565,76863659,1317,1252,963,942,232,710
4566,76873659,1214,1232,892,937,237,730
4567,76883659,1312,1252,962,937,238,748
4568,76893659,1317,1252,960,937,247,759
4569,76903659,1305,1249,961,933,262,771
4570,76913659,1311,1247,958,931,267,778
4571,76923659,1305,1245,956,928,269,785
4572,76933659,1304,1244,957,929,274,790
4573,76943659,1202,1223,886,925,279,798
4574,76953659,1297,1237,957,934,286,806
4575,76963659,1293,1237,960,935,287,813
4576,76973659,1291,1230,962,938,297,820
4577,76983659,1283,1227,964,939,303,826
4578,76993659,1285,1227,969,941,313,832
4579,77003659,1280,1222,970,941,329,839
4580,77013659,1180,1200,896,939,341,845
4581,77023659,1267,1209,974,948,353,852
4582,77033659,1269,1210,975,952,358,860
4583,77043659,1262,1206,979,954,366,868
4584,77053659,1257,1204,982,959,377,872
4585,77063659,1254,1197,986,960,387,882
4586,77073659,1247,1187,988,967,401,888
4587,77083659,1170,1148,993,971,409,895
4588,77093659,1237,1178,997,976,427,903
4589,77103659,1225,1172,1001,981,438,910
4590,77113659,1213,1163,1005,988,454,917
4591,77123659,1205,1158,1012,996,471,926
4592,77133659,1197,1148,1015,1003,493,934
4593,77143659,1113,1101,1027,1011,501,926
4594,77153659,1168,1126,1030,1015,509,912
4595,77163659,1144,1113,1038,1035,537,0
4596,77173659,1127,1102,1043,1049,552,0
4597,77183659,1110,1083,1049,1057,565,0
4598,77193659,1090,1069,1058,1066,571,0
4599,77203659,1008,1015,1006,1075,580,0
4600,77213659,1047,1043,1066,1081,597,0
4601,77223659,1011,1017,1072,1090,610,0
4602,77233659,972,990,1075,1098,625,0
4603,77243659,928,961,1077,1107,639,0
4604,77253659,871,917,1079,1120,665,0
4605,77263659,809,869,1082,1127,685,0
4606,77273659,742,815,1082,1131,713,0
4607,77283659,642,769,1080,1136,724,0
4608,77293659,541,707,1078,1138,737,0
4609,77303659,422,616,1060,1140,751,2
4610,77313659,281,506,1037,1129,753,0
4611,77323659,164,348,1001,1121,752,0
4612,77333659,56,224,964,1115,757,0
4613,77343659,0,99,923,1108,744,0
4614,77353659,0,36,876,1098,724,0
4615,77363659,0,0,816,1091,711,0
4616,77373659,0,0,721,1076,700,0
4617,77383659,0,0,627,1051,690,0
4618,77393659,0,0,553,1013,666,0
4619,77403659,0,0,489,979,616,0
4620,77413659,0,0,432,936,518,0
4621,77423659,0,0,392,872,405,0
4622,77433659,0,0,353,798,290,0
4623,77443659,0,0,321,715,162,0
4624,77453659,0,0,312,654,41,614
4625,77463659,0,0,291,582,0,448
4626,77473659,0,0,271,383,0,262
4627,77483659,0,0,250,271,0,54
4628,77493659,0,0,230,375,0,0
4629,77503659,0,0,209,318,0,0
4630,77513659,0,0,183,269,0,0
4631,77523659,0,0,144,213,0,0
4632,77533659,0,0,132,188,0,0
4633,77543659,0,0,122,182,0,0
4634,77553659,0,0,111,169,0,0
4635,77563659,0,0,104,130,0,0
4636,77573659,0,0,96,90,0,0
4637,77583659,0,0,84,136,0,0
4638,77593659,0,0,78,159,0,0
4639,77603659,0,0,81,155,0,0
4640,77613659,0,0,86,160,0,0
4641,77623659,0,0,84,159,0,0
4642,77633659,0,0,86,156,0,0
4643,77643659,0,0,90,143,0,0
4644,77653659,0,0,89,145,0,0
4645,77663659,0,0,87,154,0,0
4646,77673659,0,0,85,162,0,0
4647,77683659,0,0,80,159,0,0
4648,77693659,0,0,76,157,0,0
4649,77703659,0,0,69,145,0,0
4650,77713659,0,0,60,139,0,0
4651,77723659,0,0,54,131,0,0
4652,77733659,0,0,47,128,0,0
4653,77743659,0,0,43,125,0,0
4654,77753659,0,0,34,122,0,0
4655,77763659,0,0,23,116,0,0
4656,77773659,0,0,17,110,0,0
4657,77783659,0,0,12,107,0,0
4658,77793659,0,0,9,106,0,0
4659,77803659,0,0,5,106,0,0
4660,77813659,0,0,1,101,0,0
4661,77823659,0,0,1,95,0,0
4662,77833659,0,0,0,91,0,0
4663,77843659,0,0,0,87,0,0
4664,77853659,0,0,0,83,0,0
4665,77863659,0,0,0,77,0,0
4666,77873659,0,0,0,74,0,0
4667,77883659,0,0,0,72,0,0
4668,77893659,0,0,1,76,0,0
4669,77903659,0,0,0,70,0,0
4670,77913659,0,0,1,59,0,0
4671,77923659,0,23,2,63,0,0
4672,77933659,0,53,3,56,0,0
4673,77943659,0,73,5,51,0,0
4674,77953659,0,98,5,43,0,0
4675,77963659,0,132,4,41,0,0
4676,77973659,22,199,2,35,0,0
4677,77983659,78,284,3,20,0,0
4678,77993659,174,400,7,6,0,0
4679,78003659,421,587,17,6,0,0
4680,78013659,649,746,17,4,0,0
4681,78023659,825,838,11,1,0,0
4682,78033659,920,891,12,2,0,0
4683,78043659,950,911,34,27,0,0
4684,78053659,956,919,78,69,0,0
4685,78063659,955,917,101,100,0,0
4686,78073659,955,920,136,153,0,0
4687,78083659,967,925,168,192,0,0
4688,78093659,969,931,212,222,0,0
4689,78103659,977,934,250,267,0,26
4690,78113659,987,936,281,289,0,96
4691,78123659,992,943,310,327,0,180
4692,78133659,997,947,328,354,0,228
4693,78143659,1001,951,345,378,0,285
4694,78153659,1006,954,380,405,0,331
4695,78163659,1018,962,404,432,5,370
4696,78173659,1031,977,426,452,12,407
4697,78183659,1043,987,439,469,16,434
4698,78193659,1052,998,465,485,25,461
4699,78203659,1059,1004,486,508,34,482
4700,78213659,1064,1014,501,529,54,496
4701,78223659,1069,1023,518,552,71,529
4702,78233659,1075,1038,536,569,81,547
4703,78243659,1083,1038,544,587,95,564
4704,78253659,1095,1050,560,604,104,580
4705,78263659,1105,1055,584,618,117,595
4706,78273659,1112,1069,595,636,124,615
4707,78283659,1122,1080,629,654,138,637
4708,78293659,1132,1094,655,674,160,661
4709,78303659,1143,1106,677,693,186,680
4710,78313659,1153,1116,698,715,188,699
4711,78323659,1161,1128,726,735,215,717
4712,78333659,1168,1131,746,759,231,741
4713,78343659,1172,1134,778,786,244,758
4714,78353659,1177,1145,790,806,251,0
4715,78363659,1182,1149,810,822,234,0
4716,78373659,1187,1160,837,845,291,0
4717,78383659,1189,1163,858,866,299,0
4718,78393659,1196,1168,873,886,313,0
4719,78403659,1195,1171,889,901,333,0
4720,78413659,1198,1180,905,911,350,0
4721,78423659,1196,1179,918,923,360,0
4722,78433659,1195,1181,930,938,373,0
4723,78443659,1197,1182,939,945,393,0
4724,78453659,1195,1185,954,955,406,0
4725,78463659,1196,1185,963,963,424,0
4726,78473659,1193,1185,971,973,436,0
4727,78483659,1190,1178,980,984,454,0
4728,78493659,1186,1186,986,992,469,0
4729,78503659,1180,1183,993,1000,472,0
4730,78513659,1171,1178,1000,1010,487,0
4731,78523659,1163,1172,1006,1018,498,0
4732,78533659,1145,1166,1014,1035,509,0
4733,78543659,1134,1156,1023,1043,519,1
4734,78553659,1119,1146,1031,1053,525,0
4735,78563659,1107,1139,1037,1062,531,948
4736,78573659,1097,1134,1043,1070,542,993
4737,78583659,1091,1125,1047,1079,547,901
4738,78593659,1084,1121,1049,1085,551,951
4739,78603659,1077,1123,1058,1096,554,938
4740,78613659,1074,1118,1063,1101,566,928
4741,78623659,1070,1116,1069,1112,569,816
4742,78633659,1076,1117,1070,1118,572,0
4743,78643659,1072,1118,1075,1118,577,0
4744,78653659,1074,1118,1079,1123,574,0
4745,78663659,1072,1116,1079,1129,581,984
4746,78673659,1070,1116,1083,1134,582,1021
4747,78683659,1065,1114,1088,1138,580,994
4748,78693659,997,1075,1096,1147,576,0
4749,78703659,1055,1111,1100,1151,582,0
4750,78713659,1054,1106,1102,1159,586,0
4751,78723659,1049,1105,1107,1164,587,0
4752,78733659,1043,1101,1110,1167,589,0
4753,78743659,1038,1094,1112,1171,593,0
4754,78753659,1027,1086,1114,1175,595,0
4755,78763659,1016,1081,1117,1180,592,0
4756,78773659,1006,1073,1115,1180,596,0
4757,78783659,995,1066,1119,1185,603,0
4758,78793659,982,1054,1120,1189,611,0
4759,78803659,966,1046,1121,1189,619,0
4760,78813659,952,1036,1123,1192,626,0
4761,78823659,864,993,1054,1133,591,0
4762,78833659,916,1002,1125,1200,643,0
4763,78843659,897,992,1128,1205,658,0
4764,78853659,885,982,1128,1210,664,0
4765,78863659,873,973,1132,1206,681,0
4766,78873659,863,959,1132,1215,682,0
4767,78883659,855,950,1132,1219,700,0
4768,78893659,831,931,1133,1220,700,0
4769,78903659,809,914,1133,1224,704,0
4770,78913659,774,889,1133,1226,721,0
4771,78923659,729,873,1131,1229,727,0
4772,78933659,669,848,1130,1231,737,0
4773,78943659,598,814,1128,1235,743,0
4774,78953659,533,765,1108,1147,710,0
4775,78963659,442,705,1111,1235,750,0
4776,78973659,335,618,1095,1239,745,0
4777,78983659,216,523,1073,1232,744,0
4778,78993659,111,410,1050,1230,744,0
4779,79003659,13,283,1025,1230,733,0
4780,79013659,0,140,995,1227,713,0
4781,79023659,0,44,954,1223,706,0
4782,79033659,0,0,900,1216,676,0
4783,79043659,0,0,843,1204,681,0
4784,79053659,0,0,777,1191,660,0
4785,79063659,0,0,691,1182,615,0
4786,79073659,0,0,612,1145,551,0
4787,79083659,0,0,571,1101,461,0
4788,79093659,0,0,514,1045,369,899
4789,79103659,0,0,474,984,249,865
4790,79113659,0,0,444,916,124,804
4791,79123659,0,0,407,838,28,0
4792,79133659,0,0,377,762,0,0
4793,79143659,0,0,358,464,0,468
4794,79153659,0,0,334,0,0,295
4795,79163659,0,0,318,0,3,137
4796,79173659,0,0,300,0,0,27
4797,79183659,0,0,277,0,0,0
4798,79193659,0,0,234,132,0,0
4799,79203659,0,0,196,311,0,0
4800,79213659,0,0,163,211,1,0
4801,79223659,0,0,146,111,0,0
4802,79233659,0,0,124,189,0,0
4803,79243659,0,0,111,160,0,0
4804,79253659,0,0,99,171,0,0
4805,79263659,0,0,84,155,0,0
4806,79273659,0,0,72,144,0,0
4807,79283659,0,0,73,136,0,0
4808,79293659,0,0,74,140,0,0
4809,79303659,0,0,74,147,0,0
4810,79313659,0,0,73,154,0,0
4811,79323659,0,0,78,161,0,0
4812,79333659,0,0,78,169,0,0
4813,79343659,0,0,82,173,0,0
4814,79353659,0,0,83,176,0,0
4815,79363659,0,0,81,170,0,0
4816,79373659,0,0,72,169,0,0
4817,79383659,0,0,73,167,0,0
4818,79393659,0,0,72,163,0,0
4819,79403659,0,0,59,158,0,0
4820,79413659,0,0,53,156,0,0
4821,79423659,0,0,46,150,0,0
4822,79433659,0,0,41,145,0,0
4823,79443659,0,0,22,132,0,0
4824,79453659,0,0,12,120,0,0
4825,79463659,0,0,4,83,0,0
4826,79473659,0,0,5,113,0,0
4827,79483659,0,0,5,114,0,0
4828,79493659,0,0,5,115,0,0
4829,79503659,0,0,6,117,0,0
4830,79513659,0,0,5,113,0,0
4831,79523659,0,0,6,111,0,0
4832,79533659,0,0,5,82,0,0
4833,79543659,0,0,3,106,0,0
4834,79553659,0,0,1,100,0,0
4835,79563659,0,0,0,94,0,0
4836,79573659,0,0,0,84,0,0
4837,79583659,0,0,0,85,0,0
4838,79593659,0,0,0,68,0,0
4839,79603659,0,0,7,30,0,0
4840,79613659,0,6,0,56,0,0
4841,79623659,0,27,0,60,0,0
4842,79633659,0,39,0,59,0,0
4843,79643659,0,41,0,58,0,0
4844,79653659,0,44,0,55,0,0
4845,79663659,0,54,0,54,0,0
4846,79673659,0,67,0,43,0,0
4847,79683659,0,97,2,42,0,0
4848,79693659,1,152,5,41,0,0
4849,79703659,55,230,6,37,0,0
4850,79713659,149,341,7,27,0,0
4851,79723659,272,442,7,40,0,0
4852,79733659,411,539,30,54,0,0
4853,79743659,474,581,46,75,0,0
4854,79753659,488,593,59,0,0,0
4855,79763659,521,608,71,108,0,3
4856,79773659,578,642,99,138,0,0
4857,79783659,613,674,106,157,0,0
4858,79793659,650,710,125,173,0,0
4859,79803659,706,741,136,196,0,26
4860,79813659,746,774,170,207,0,51
4861,79823659,811,811,189,220,0,86
4862,79833659,868,848,209,240,0,140
4863,79843659,901,885,232,263,0,180
4864,79853659,947,923,249,276,0,202
4865,79863659,988,968,281,286,0,255
4866,79873659,1027,1012,295,292,0,287
4867,79883659,1074,1045,309,309,0,296
4868,79893659,1114,1079,315,314,0,302
4869,79903659,1148,1116,333,330,0,299
4870,79913659,1184,1144,345,338,0,292
4871,79923659,1213,1179,357,345,0,303
4872,79933659,1241,1209,372,359,0,310
4873,79943659,1267,1236,394,369,0,321
4874,79953659,1295,1254,406,377,0,333
4875,79963659,1309,1274,421,397,0,340
4876,79973659,1327,1292,434,406,0,347
4877,79983659,1346,1306,448,414,0,357
4878,79993659,1358,1318,460,428,3,365
4879,80003659,1372,1329,479,445,10,374
4880,80013659,1382,1339,497,469,10,382
4881,80023659,1390,1354,522,490,21,397
4882,80033659,1399,1365,533,522,31,411
4883,80043659,1407,1371,556,542,39,426
4884,80053659,1415,1378,573,561,41,441
4885,80063659,1427,1385,599,584,51,443
4886,80073659,1432,1391,617,602,62,450
4887,80083659,1437,1398,638,615,52,459
4888,80093659,1446,1404,658,630,66,462
4889,80103659,1450,1413,669,648,67,467
4890,80113659,1453,1421,689,665,73,477
4891,80123659,1460,1420,714,686,73,489
4892,80133659,1462,1419,728,712,74,500
4893,80143659,1463,1424,750,727,90,518
4894,80153659,1461,1423,775,747,89,528
4895,80163659,1460,1426,795,764,102,541
4896,80173659,1458,1425,814,782,109,545
4897,80183659,1458,1427,828,801,111,555
4898,80193659,1453,1424,844,810,118,562
4899,80203659,1447,1422,854,820,122,567
4900,80213659,1447,1420,863,832,124,576
4901,80223659,1445,1419,872,843,122,576
4902,80233659,1440,1416,879,853,140,585
4903,80243659,1432,1410,883,861,122,569
4904,80253659,1427,1408,894,870,141,595
4905,80263659,1422,1401,905,877,146,602
4906,80273659,1419,1398,911,893,148,607
4907,80283659,1415,1392,918,891,155,596
4908,80293659,1407,1391,926,905,161,594
4909,80303659,1403,1386,934,912,162,622
4910,80313659,1317,1337,886,923,173,635
4911,80323659,1389,1380,942,934,180,639
4912,80333659,1386,1378,952,942,185,644
4913,80343659,1383,1377,957,949,187,632
4914,80353659,1377,1371,967,960,188,577
4915,80363659,1371,1371,975,966,198,551
4916,80373659,1371,1371,984,973,198,633
4917,80383659,1367,1371,990,982,197,586
4918,80393659,1364,1367,995,995,199,649
4919,80403659,1357,1366,1002,1003,196,661
4920,80413659,1351,1362,1012,1012,198,661
4921,80423659,1340,1359,1021,1025,199,664
4922,80433659,1335,1354,1029,1039,206,667
4923,80443659,1322,1351,1028,970,194,550
4924,80453659,1321,1346,1045,1059,215,620
4925,80463659,1316,1343,1047,1057,212,584
4926,80473659,1310,1338,1053,1071,210,0
4927,80483659,1304,1334,1056,1082,216,0
4928,80493659,1294,1327,1064,1094,217,0
4929,80503659,1287,1323,1069,1104,222,0
4930,80513659,1278,1317,1075,1111,228,0
4931,80523659,1267,1312,1085,1119,229,0
4932,80533659,1256,1306,1093,1129,239,0
4933,80543659,1248,1299,1098,1140,243,0
4934,80553659,1235,1297,1104,1148,263,0
4935,80563659,1224,1281,1105,1155,276,0
4936,80573659,1220,1271,1119,1170,289,0
4937,80583659,1203,1263,1124,1179,289,0
4938,80593659,1194,1256,1132,1189,311,0
4939,80603659,1181,1245,1140,1196,318,0
4940,80613659,1166,1236,1144,1205,329,0
4941,80623659,1141,1226,1146,1209,334,0
4942,80633659,1042,1164,1095,1147,331,0
4943,80643659,1101,1192,1160,1224,364,0
4944,80653659,1068,1174,1165,1234,376,0
4945,80663659,1037,1154,1170,1240,381,0
4946,80673659,1004,1140,1172,1247,392,0
4947,80683659,960,1110,1173,1252,408,3
4948,80693659,916,1080,1173,1257,392,0
4949,80703659,856,1044,1181,1262,444,0
4950,80713659,793,998,1179,1267,463,0
4951,80723659,741,947,1177,1271,473,0
4952,80733659,670,903,1177,1271,481,0
4953,80743659,596,860,1172,1273,481,0
4954,80753659,540,827,1164,1273,474,0
4955,80763659,426,746,1095,1195,438,0
4956,80773659,418,741,1140,1269,431,0
4957,80783659,355,701,1123,1262,407,0
4958,80793659,280,655,1105,1258,378,0
4959,80803659,207,582,1083,1253,363,0
4960,80813659,154,512,1061,1243,341,1
4961,80823659,89,428,1042,1236,319,0
4962,80833659,40,331,1012,1223,299,0
4963,80843659,0,243,993,1210,260,0
4964,80853659,0,147,962,1199,211,687
4965,80863659,0,73,928,1184,178,644
4966,80873659,0,39,881,1166,137,570
4967,80883659,0,18,843,1143,84,536
4968,80893659,0,0,800,1123,47,472
4969,80903659,0,0,743,1097,27,422
4970,80913659,0,0,693,1065,0,375
4971,80923659,0,0,650,1004,0,333
4972,80933659,0,0,594,982,0,269
4973,80943659,0,0,571,936,0,213
4974,80953659,0,0,536,695,0,142
4975,80963659,0,0,502,782,0,106
4976,80973659,0,0,462,0,0,57
4977,80983659,0,0,439,0,0,11
4978,80993659,0,0,409,0,0,0
4979,81003659,0,0,379,0,0,0
4980,81013659,2,0,359,0,0,0
4981,81023659,0,0,335,402,0,0
4982,81033659,0,0,318,439,0,0
4983,81043659,0,0,301,425,0,0
4984,81053659,0,0,294,392,0,0
4985,81063659,0,0,279,356,0,0
4986,81073659,0,0,259,328,0,0
4987,81083659,0,0,234,282,0,0
4988,81093659,0,0,216,261,0,0
4989,81103659,0,0,197,243,0,0
4990,81113659,0,0,191,231,0,0
4991,81123659,0,0,166,217,0,0
4992,81133659,0,0,156,205,0,0
4993,81143659,0,0,145,198,0,0
4994,81153659,0,0,142,191,0,0
4995,81163659,0,0,142,195,0,0
4996,81173659,0,2,138,204,0,0
4997,81183659,0,0,139,212,0,0
4998,81193659,0,0,141,219,0,0
4999,81203659,0,0,142,223,0,0
5000,81213659,0,0,140,221,0,0
5001,81223659,0,0,135,220,0,0
5002,81233659,0,0,129,218,0,0
5003,81243659,0,0,121,218,0,0
5004,81253659,0,0,111,213,0,0
5005,81263659,0,0,108,205,0,0
5006,81273659,0,0,96,200,0,0
5007,81283659,0,0,88,185,3,0
5008,81293659,0,0,77,175,0,0
5009,81303659,0,0,76,164,0,0
5010,81313659,0,0,69,160,0,0
5011,81323659,0,0,61,151,0,0
5012,81333659,0,0,55,151,0,0
5013,81343659,0,0,56,149,0,0
5014,81353659,0,0,50,150,0,0
5015,81363659,0,0,49,147,0,0
5016,81373659,0,0,48,141,0,0
5017,81383659,0,0,46,138,0,0
5018,81393659,0,0,44,140,0,0
5019,81403659,0,0,38,135,0,0
5020,81413659,0,0,35,126,0,0
5021,81423659,0,0,30,120,0,0
5022,81433659,0,0,34,118,0,0
5023,81443659,0,0,37,121,0,0
5024,81453659,0,0,43,125,0,0
5025,81463659,0,0,47,119,0,0
5026,81473659,0,0,46,123,0,0
5027,81483659,0,22,43,107,0,0
5028,81493659,0,57,42,102,0,0
5029,81503659,0,80,41,92,0,0
5030,81513659,0,88,43,88,0,0
5031,81523659,0,109,40,83,0,0
5032,81533659,0,147,37,75,0,0
5033,81543659,12,180,35,62,0,0
5034,81553659,38,214,45,59,0,0
5035,81563659,85,276,50,42,0,0
5036,81573659,160,363,58,40,0,0
5037,81583659,295,474,62,36,0,0
5038,81593659,440,585,54,26,0,0
5039,81603659,583,690,52,23,0,0
5040,81613659,672,779,45,19,0,0
5041,81623659,746,827,35,19,0,0
5042,81633659,810,859,26,16,0,0
5043,81643659,870,891,39,28,0,0
5044,81653659,902,918,68,39,0,0
5045,81663659,909,926,91,91,0,0
5046,81673659,930,936,108,118,0,0
5047,81683659,890,924,105,128,0,0
5048,81693659,994,990,171,172,0,0
5049,81703659,1019,1006,193,194,0,0
5050,81713659,1047,1036,231,224,0,0
5051,81723659,1061,1051,278,263,0,23
5052,81733659,1079,1065,306,295,0,65
5053,81743659,1095,1080,318,294,0,96
5054,81753659,1113,1103,352,360,0,181
5055,81763659,1126,1109,378,393,0,226
5056,81773659,1140,1120,406,412,0,274
5057,81783659,1151,1130,427,429,0,300
5058,81793659,1164,1137,459,460,23,333
5059,81803659,1169,1138,483,499,28,373
5060,81813659,1076,1124,461,527,46,411
5061,81823659,1170,1139,543,564,60,444
5062,81833659,1166,1133,561,587,86,483
5063,81843659,1161,1129,581,613,103,521
5064,81853659,1159,1118,611,636,122,563
5065,81863659,1146,1111,633,663,146,616
5066,81873659,1145,1101,656,682,148,640
5067,81883659,1144,1096,682,698,189,692
5068,81893659,1143,1094,700,726,224,726
5069,81903659,1140,1099,725,749,246,749
5070,81913659,1138,1104,749,769,264,778
5071,81923659,1133,1103,773,795,295,805
5072,81933659,1135,1109,793,812,312,841
5073,81943659,1136,1116,817,831,345,864
5074,81953659,1137,1120,843,855,368,872
5075,81963659,1132,1129,867,873,383,817
5076,81973659,1134,1132,885,891,399,0
5077,81983659,1136,1134,902,913,422,0
5078,81993659,1136,1141,927,929,454,0
5079,82003659,1126,1145,937,944,480,0
5080,82013659,1135,1145,950,957,503,0
5081,82023659,1132,1148,960,972,530,0
5082,82033659,1129,1149,976,987,546,0
5083,82043659,1126,1153,988,1001,568,0
5084,82053659,1122,1154,998,1012,587,0
5085,82063659,1116,1151,1013,1030,595,0
5086,82073659,1109,1148,1018,1042,613,0
5087,82083659,1097,1144,1027,1049,626,0
5088,82093659,1085,1143,1039,1061,631,0
5089,82103659,1071,1136,1046,1069,657,0
5090,82113659,1060,1129,1053,1077,670,0
5091,82123659,1049,1121,1058,1088,680,0
5092,82133659,1041,1112,1061,1094,684,0
5093,82143659,1020,1105,1063,1101,694,0
5094,82153659,1005,1098,1068,1110,704,0
5095,82163659,994,1086,1073,1115,713,0
5096,82173659,982,1082,1077,1123,716,0
5097,82183659,971,1079,1081,1128,724,0
5098,82193659,965,1076,1087,1133,723,0
5099,82203659,959,1076,1092,1141,727,0
5100,82213659,954,1073,1094,1145,727,0
5101,82223659,953,1072,1095,1150,731,0
5102,82233659,950,1070,1104,1159,733,0
5103,82243659,948,1068,1108,1161,731,0
5104,82253659,946,1068,1116,1165,733,0
5105,82263659,942,1069,1117,1170,732,0
5106,82273659,940,1069,1113,1181,728,0
5107,82283659,940,1069,1118,1182,726,0
5108,82293659,940,1071,1122,1192,726,0
5109,82303659,944,1074,1125,1190,719,0
5110,82313659,945,1075,1128,1197,717,0
5111,82323659,946,1076,1130,1198,711,0
5112,82333659,943,1075,1135,1205,702,0
5113,82343659,938,1075,1146,1207,702,0
5114,82353659,935,1073,1141,1210,695,0
5115,82363659,929,1069,1145,1215,698,0
5116,82373659,930,1069,1145,1219,694,0
5117,82383659,930,1066,1146,1219,691,0
5118,82393659,931,1067,1153,1225,681,0
5119,82403659,929,1065,1149,1225,676,0
5120,82413659,931,1066,1149,1228,663,0
5121,82423659,932,1066,1152,1229,656,0
5122,82433659,928,1064,1152,1232,650,0
5123,82443659,930,1062,1152,1233,646,0
5124,82453659,844,1038,1067,1227,645,0
5125,82463659,916,1049,1151,1238,649,3
5126,82473659,896,1037,1159,1240,657,0
5127,82483659,872,1013,1159,1242,666,0
5128,82493659,844,992,1156,1244,671,0
5129,82503659,813,973,1159,1251,680,0
5130,82513659,771,887,1129,1157,669,0
5131,82523659,731,921,1163,1257,692,0
5132,82533659,676,891,1164,1260,696,0
5133,82543659,615,859,1162,1260,700,0
5134,82553659,549,820,1161,1264,713,0
5135,82563659,480,764,1157,1267,717,0
5136,82573659,398,712,1148,1266,718,0
5137,82583659,341,664,1141,1270,715,0
5138,82593659,283,601,1132,1269,699,0
5139,82603659,205,531,1120,1267,685,0
5140,82613659,120,463,1102,1265,662,0
5141,82623659,60,378,1085,1264,624,0
5142,82633659,5,284,1067,1261,591,0
5143,82643659,0,170,989,1185,544,0
5144,82653659,0,88,1028,1255,540,0
5145,82663659,0,17,1000,1256,540,0
5146,82673659,0,0,964,1253,499,0
5147,82683659,0,0,920,1250,455,0
5148,82693659,0,0,863,1242,435,0
5149,82703659,0,0,795,1232,389,0
5150,82713659,0,0,723,1215,390,0
5151,82723659,0,0,662,1197,328,0
5152,82733659,0,0,619,1171,243,0
5153,82743659,0,0,600,1136,179,0
5154,82753659,0,0,567,1076,94,0
5155,82763659,0,0,527,0,43,0
5156,82773659,0,0,489,0,0,0
5157,82783659,0,0,461,0,0,437
5158,82793659,0,0,444,0,0,307
5159,82803659,0,0,410,0,0,170
5160,82813659,0,0,380,0,0,30
5161,82823659,0,0,374,0,0,0
5162,82833659,0,0,347,0,0,0
5163,82843659,0,0,284,486,0,0
5164,82853659,0,0,283,475,5,0
5165,82863659,3,0,254,397,0,0
5166,82873659,0,0,231,330,0,0
5167,82883659,0,0,211,281,0,0
5168,82893659,0,0,188,260,0,0
5169,82903659,0,0,170,238,0,0
5170,82913659,0,0,155,213,0,0
5171,82923659,0,0,138,187,0,0
5172,82933659,0,0,120,171,0,0
5173,82943659,0,0,116,171,0,0
5174,82953659,0,0,111,180,0,0
5175,82963659,0,0,110,180,0,0
5176,82973659,0,0,114,186,0,0
5177,82983659,0,0,111,196,0,0
5178,82993659,0,0,113,203,0,0
5179,83003659,0,0,118,218,4,0
5180,83013659,0,0,122,219,0,0
5181,83023659,0,0,119,223,0,0
5182,83033659,0,0,119,219,0,0
5183,83043659,0,0,118,219,0,0
5184,83053659,0,0,107,208,0,0
5185,83063659,0,0,94,199,0,0
5186,83073659,0,0,88,156,0,0
5187,83083659,0,0,78,169,0,0
5188,83093659,0,0,72,146,0,0
5189,83103659,0,0,59,0,0,0
5190,83113659,0,0,55,0,0,0
5191,83123659,0,0,44,0,0,0
5192,83133659,0,0,32,0,0,0
5193,83143659,0,0,25,0,0,0
5194,83153659,0,0,19,0,0,0
5195,83163659,0,0,19,0,0,0
5196,83173659,0,0,18,0,0,0
5197,83183659,0,0,18,0,0,0
5198,83193659,0,0,19,0,0,0
5199,83203659,0,0,19,0,0,0
5200,83213659,0,0,29,0,0,0
5201,83223659,0,0,30,0,0,0
5202,83233659,0,0,26,0,0,0
5203,83243659,0,41,28,0,0,0
5204,83253659,0,85,27,0,0,0
5205,83263659,2,124,27,0,0,0
5206,83273659,17,177,24,0,0,0
5207,83283659,49,219,19,0,0,0
5208,83293659,89,297,18,38,0,0
5209,83303659,156,381,25,37,0,0
5210,83313659,345,549,39,25,0,0
5211,83323659,588,731,53,20,0,0
5212,83333659,781,870,56,14,0,0
5213,83343659,935,959,47,16,0,0
5214,83353659,1016,1020,46,23,0,0
5215,83363659,1050,1057,58,20,0,0
5216,83373659,1076,1070,85,68,0,0
5217,83383659,1086,1080,110,92,0,0
5218,83393659,1096,1086,133,133,0,0
5219,83403659,1112,1100,177,173,0,0
5220,83413659,1133,1115,214,205,0,0
5221,83423659,1157,1127,256,239,0,0
5222,83433659,1174,1140,299,291,0,0
5223,83443659,1186,1147,326,353,0,41
5224,83453659,1196,1161,389,406,0,121
5225,83463659,1199,1168,436,442,0,199
5226,83473659,1205,1169,489,490,0,272
5227,83483659,1209,1174,525,545,0,320
5228,83493659,1215,1176,553,574,12,358
5229,83503659,1221,1182,589,608,28,398
5230,83513659,1224,1188,619,631,43,429
5231,83523659,1224,1191,652,663,60,458
5232,83533659,1224,1190,684,693,76,494
5233,83543659,1216,1189,709,724,91,410
5234,83553659,1213,1187,732,746,110,356
5235,83563659,1201,1186,751,762,121,366
5236,83573659,1206,1176,778,789,154,0
5237,83583659,1205,1176,796,811,172,0
5238,83593659,1202,1174,824,821,197,0
5239,83603659,1203,1175,844,849,210,0
5240,83613659,1202,1174,862,861,226,0
5241,83623659,1200,1180,875,879,251,0
5242,83633659,1197,1183,887,891,263,0
5243,83643659,1197,1187,893,908,277,0
5244,83653659,1194,1184,908,917,292,0
5245,83663659,1195,1190,920,924,299,0
5246,83673659,1195,1191,929,937,311,0
5247,83683659,1197,1193,939,947,330,0
5248,83693659,1201,1196,949,953,339,0
5249,83703659,1209,1198,955,959,361,0
5250,83713659,1210,1204,960,967,372,0
5251,83723659,1214,1206,968,972,381,0
5252,83733659,1222,1208,976,981,401,0
5253,83743659,1225,1211,982,987,415,0
5254,83753659,1227,1216,986,998,429,0
5255,83763659,1228,1217,992,1001,442,0
5256,83773659,1228,1223,997,1008,447,0
5257,83783659,1229,1220,1002,1011,461,0
5258,83793659,1227,1217,1005,1017,473,0
5259,83803659,1219,1212,1008,1025,482,0
5260,83813659,1211,1209,1014,1035,490,0
5261,83823659,1198,1205,1019,1042,496,0
5262,83833659,1184,1195,1029,1049,505,0
5263,83843659,1184,1184,1036,1057,521,0
5264,83853659,1170,1174,1040,1061,529,0
5265,83863659,1160,1164,1047,1069,539,0
5266,83873659,1151,1159,1047,1075,550,0
5267,83883659,1141,1145,1051,1079,559,0
5268,83893659,1133,1144,1054,1083,568,0
5269,83903659,1126,1139,1057,1090,579,0
5270,83913659,1119,1135,1062,1089,587,0
5271,83923659,1115,1131,1066,1099,597,0
5272,83933659,1109,1130,1066,1102,559,0
5273,83943659,1107,1122,1072,1108,615,0
5274,83953659,1100,1117,1075,1106,627,0
5275,83963659,1085,1111,1079,1117,614,0
5276,83973659,1076,1105,1082,1123,631,0
5277,83983659,1068,1097,1083,1127,650,0
5278,83993659,1060,1096,1089,1129,663,0
5279,84003659,1056,1080,1092,1133,665,0
5280,84013659,1050,1077,1094,1137,667,0
5281,84023659,1043,1068,1097,1141,675,0
5282,84033659,1037,1061,1099,1147,677,0
5283,84043659,1016,1048,1100,1152,689,0
5284,84053659,997,1034,1102,1159,698,0
5285,84063659,977,1009,1106,1165,714,0
5286,84073659,947,990,1108,1171,727,0
5287,84083659,929,976,1111,1176,733,0
5288,84093659,904,953,1114,1181,743,0
5289,84103659,873,937,1115,1188,749,0
5290,84113659,842,908,1115,1192,760,0
5291,84123659,801,878,1104,1114,735,0
5292,84133659,759,856,1117,1202,783,0
5293,84143659,706,823,1119,1208,791,0
5294,84153659,648,787,1120,1209,806,0
5295,84163659,578,742,1117,1210,813,0
5296,84173659,506,684,1114,1215,824,0
5297,84183659,417,608,1109,1216,836,0
5298,84193659,331,530,1098,1216,837,0
5299,84203659,251,424,1075,1210,840,0
5300,84213659,150,327,1048,1203,828,0
5301,84223659,70,236,1016,1193,808,0
5302,84233659,0,131,981,1178,799,0
5303,84243659,0,45,936,1169,777,0
5304,84253659,0,0,876,1152,772,0
5305,84263659,0,0,811,1137,762,0
5306,84273659,0,0,719,1120,751,0
5307,84283659,0,0,640,1097,729,0
5308,84293659,0,0,571,1062,706,0
5309,84303659,0,0,507,1005,653,927
5310,84313659,0,0,405,958,545,893
5311,84323659,0,0,412,903,417,855
5312,84333659,0,0,372,840,329,798
5313,84343659,0,0,346,763,178,729
5314,84353659,0,0,329,697,64,0
5315,84363659,0,0,307,633,0,442
5316,84373659,0,0,296,561,0,269
5317,84383659,0,0,235,280,0,89
5318,84393659,0,0,257,0,0,0
5319,84403659,0,0,234,362,0,0
5320,84413659,0,0,212,303,2,0
5321,84423659,0,0,179,245,0,0
5322,84433659,0,0,148,234,0,0
5323,84443659,0,0,145,207,0,0
5324,84453659,0,0,134,0,0,0
5325,84463659,0,0,118,164,0,0
5326,84473659,0,0,111,176,0,0
5327,84483659,0,0,110,169,0,0
5328,84493659,0,0,108,181,0,0
5329,84503659,0,0,102,186,0,0
5330,84513659,0,0,91,179,0,0
5331,84523659,0,0,85,174,0,0
5332,84533659,0,0,89,158,2,0
5333,84543659,0,0,89,0,0,0
5334,84553659,0,0,90,0,0,0
5335,84563659,0,0,94,0,0,0
5336,84573659,0,0,71,0,0,0
5337,84583659,0,0,88,0,0,0
5338,84593659,0,0,80,0,0,0
5339,84603659,0,0,86,0,0,0
5340,84613659,0,0,79,0,0,0
5341,84623659,0,0,75,0,0,0
5342,84633659,0,0,72,0,0,0
5343,84643659,0,0,61,0,0,0
5344,84653659,0,0,57,0,0,0
5345,84663659,0,0,52,0,0,0
5346,84673659,0,0,44,0,0,0
5347,84683659,0,0,43,0,0,0
5348,84693659,0,0,38,0,0,0
5349,84703659,0,0,30,0,0,0
5350,84713659,0,0,31,0,0,0
5351,84723659,0,0,28,0,0,0
5352,84733659,0,0,32,0,0,0
5353,84743659,0,0,30,0,0,0
5354,84753659,0,0,29,0,0,0
5355,84763659,0,0,24,0,0,0
5356,84773659,0,0,22,33,0,0
5357,84783659,0,0,30,26,1,0
5358,84793659,0,0,27,29,0,0
5359,84803659,0,0,22,1,0,0
5360,84813659,0,0,13,16,0,0
5361,84823659,0,0,14,40,0,0
5362,84833659,0,0,14,21,0,0
5363,84843659,0,0,16,14,0,0
5364,84853659,0,0,16,17,0,0
5365,84863659,0,0,18,18,0,0
5366,84873659,0,0,12,17,0,0
5367,84883659,0,0,13,10,0,0
5368,84893659,0,0,12,35,0,0
5369,84903659,0,3,10,21,0,0
5370,84913659,0,0,9,21,0,0
5371,84923659,0,4,8,20,0,0
5372,84933659,0,24,11,11,0,0
5373,84943659,0,55,5,11,0,0
5374,84953659,0,87,9,10,0,0
5375,84963659,1,130,6,15,0,0
5376,84973659,84,282,18,26,0,0
5377,84983659,233,439,22,13,0,0
5378,84993659,481,609,23,10,0,0
5379,85003659,697,759,24,6,0,0
5380,85013659,855,847,25,7,0,0
5381,85023659,937,908,28,16,0,0
5382,85033659,967,930,53,43,0,0
5383,85043659,970,938,89,84,0,0
5384,85053659,954,936,114,140,0,0
5385,85063659,955,937,178,190,0,0
5386,85073659,965,943,224,237,0,0
5387,85083659,973,949,279,293,0,54
5388,85093659,981,893,304,301,0,128
5389,85103659,985,955,374,412,0,241
5390,85113659,987,967,426,471,0,329
5391,85123659,994,975,478,526,11,386
5392,85133659,1002,986,522,579,38,459
5393,85143659,1010,999,555,618,70,421
5394,85153659,1021,1016,589,650,71,497
5395,85163659,1043,1030,635,686,120,545
5396,85173659,1055,1048,669,718,151,602
5397,85183659,1066,1060,692,740,171,625
5398,85193659,1073,1069,730,764,205,652
5399,85203659,1075,1072,754,793,221,662
5400,85213659,1076,1076,778,811,234,667
5401,85223659,989,1062,731,825,251,0
5402,85233659,1077,1082,819,860,271,0
5403,85243659,1080,1083,841,869,283,0
5404,85253659,1071,1087,856,888,294,0
5405,85263659,1083,1095,873,907,308,0
5406,85273659,1093,1100,884,916,313,0
5407,85283659,1019,1083,837,867,290,0
5408,85293659,1110,1120,907,935,334,0
5409,85303659,1116,1128,920,949,342,0
5410,85313659,1125,1133,932,959,348,0
5411,85323659,1131,1143,943,969,367,0
5412,85333659,1139,1148,953,981,378,0
5413,85343659,1151,1165,962,984,394,0
5414,85353659,1163,1176,974,996,402,0
5415,85363659,1172,1183,983,1000,405,0
5416,85373659,1182,1199,992,1013,410,0
5417,85383659,1191,1203,998,1019,413,0
5418,85393659,1199,1209,1005,1022,419,0
5419,85403659,1208,1213,1005,1031,419,0
5420,85413659,1217,1228,1015,1037,419,0
5421,85423659,1222,1231,1016,1040,422,0
5422,85433659,1226,1236,1026,1046,423,0
5423,85443659,1227,1237,1028,1052,427,0
5424,85453659,1226,1238,1025,1052,429,0
5425,85463659,1228,1239,1036,1055,433,0
5426,85473659,1218,1240,1040,1060,431,0
5427,85483659,1228,1240,1042,1061,426,0
5428,85493659,1224,1239,1045,1064,428,0
5429,85503659,1225,1240,1047,1069,426,0
5430,85513659,1224,1240,1050,1073,426,0
5431,85523659,1223,1239,1052,1077,426,0
5432,85533659,1225,1239,1050,1079,425,0
5433,85543659,1225,1238,1052,1080,425,0
5434,85553659,1224,1238,1048,1091,424,0
5435,85563659,1222,1239,1053,1083,423,0
5436,85573659,1225,1239,1054,1085,416,0
5437,85583659,1225,1239,1057,1085,410,0
5438,85593659,1226,1240,1060,1086,411,0
5439,85603659,1227,1242,1062,1090,413,0
5440,85613659,1228,1242,1063,1092,410,0
5441,85623659,1229,1242,1064,1093,410,0
5442,85633659,1232,1242,1065,1092,411,0
5443,85643659,1234,1243,1065,1095,405,0
5444,85653659,1236,1246,1066,1096,395,0
5445,85663659,1236,1244,1066,1104,392,0
5446,85673659,1234,1174,1038,1009,375,0
5447,85683659,1234,1240,1071,1101,389,0
5448,85693659,1229,1237,1074,1108,391,0
5449,85703659,1227,1236,1075,1109,396,0
5450,85713659,1227,1233,1077,1114,405,0
5451,85723659,1218,1227,1078,1114,404,0
5452,85733659,1220,1226,1079,1117,409,0
5453,85743659,1215,1220,1080,1121,406,0
5454,85753659,1213,1218,1081,1122,420,0
5455,85763659,1209,1208,1082,1135,423,0
5456,85773659,1202,1204,1084,1127,428,0
5457,85783659,1194,1196,1085,1130,435,0
5458,85793659,1186,1189,1088,1132,440,0
5459,85803659,1110,1145,1094,1141,441,0
5460,85813659,1166,1172,1093,1142,452,0
5461,85823659,1160,1164,1094,1145,469,0
5462,85833659,1149,1149,1096,1147,482,0
5463,85843659,1132,1143,1098,1152,475,0
5464,85853659,1132,1138,1099,1160,482,0
5465,85863659,1122,1127,1103,1162,484,0
5466,85873659,1103,1116,1106,1170,492,0
5467,85883659,1080,1101,1108,1175,505,0
5468,85893659,1052,1065,1109,1178,518,0
5469,85903659,989,1034,1108,1182,520,0
5470,85913659,925,981,1102,1181,535,0
5471,85923659,873,911,1093,1182,548,0
5472,85933659,775,857,1079,1180,551,0
5473,85943659,649,794,1065,1175,553,0
5474,85953659,539,722,1045,1164,550,0
5475,85963659,402,648,1018,1150,546,0
5476,85973659,295,549,988,1143,525,0
5477,85983659,177,423,966,1138,497,0
5478,85993659,95,319,936,1131,478,0
5479,86003659,18,205,911,1125,461,0
5480,86013659,0,87,875,1119,428,0
5481,86023659,0,40,842,1114,388,0
5482,86033659,0,10,786,1097,361,0
5483,86043659,0,0,700,1075,335,3
5484,86053659,0,0,626,1043,268,0
5485,86063659,0,0,570,1000,171,524
5486,86073659,0,0,531,959,111,445
5487,86083659,0,0,482,920,30,359
5488,86093659,0,0,443,868,2,298
5489,86103659,0,0,406,648,0,172
5490,86113659,0,0,379,0,0,85
5491,86123659,0,0,344,0,0,13
5492,86133659,0,0,316,0,0,0
5493,86143659,0,0,307,0,0,0
5494,86153659,0,0,297,0,0,0
5495,86163659,0,0,285,420,0,0
5496,86173659,0,0,270,374,0,0
5497,86183659,0,0,239,338,0,0
5498,86193659,0,0,209,300,0,0
5499,86203659,0,0,182,222,0,0
5500,86213659,0,0,158,213,0,0
5501,86223659,0,0,154,202,0,0
5502,86233659,0,0,133,200,0,0
5503,86243659,0,0,132,197,0,0
5504,86253659,0,0,123,196,0,0
5505,86263659,0,0,120,188,0,0
5506,86273659,0,0,110,183,0,0
5507,86283659,0,2,109,186,0,0
5508,86293659,0,0,105,183,0,0
5509,86303659,0,0,106,182,0,0
5510,86313659,0,0,106,185,0,0
5511,86323659,0,0,99,186,0,0
5512,86333659,0,0,101,181,0,0
5513,86343659,0,0,101,187,0,0
5514,86353659,0,0,101,189,0,0
5515,86363659,0,0,100,186,0,0
5516,86373659,0,0,98,181,0,0
5517,86383659,0,0,87,180,0,0
5518,86393659,0,0,80,172,0,0
5519,86403659,0,0,73,168,0,0
5520,86413659,0,0,66,157,0,0
5521,86423659,0,0,56,154,0,0
5522,86433659,0,0,55,148,0,0
5523,86443659,0,0,51,141,0,0
5524,86453659,0,0,50,136,0,0
5525,86463659,0,0,59,136,0,0
5526,86473659,0,0,45,132,0,3
5527,86483659,0,0,44,123,0,0
5528,86493659,0,0,43,121,0,0
5529,86503659,0,0,39,117,0,0
5530,86513659,0,0,36,111,0,0
5531,86523659,0,0,34,107,0,0
5532,86533659,0,0,34,112,0,0
5533,86543659,0,0,31,99,0,0
5534,86553659,0,0,37,110,0,0
5535,86563659,0,0,39,114,0,0
5536,86573659,0,0,39,114,0,0
5537,86583659,0,0,38,119,0,0
5538,86593659,0,0,36,111,0,0
5539,86603659,0,1,29,114,0,0
5540,86613659,0,0,23,104,0,0
5541,86623659,0,0,21,106,0,0
5542,86633659,0,0,9,77,0,0
5543,86643659,0,0,21,104,0,0
5544,86653659,0,0,26,93,0,0
5545,86663659,0,1,27,93,0,0
5546,86673659,0,24,28,92,0,0
5547,86683659,0,41,31,93,0,0
5548,86693659,0,57,31,93,0,0
5549,86703659,0,56,32,91,0,0
5550,86713659,0,60,28,93,0,0
5551,86723659,0,75,33,93,0,0
5552,86733659,0,88,29,91,0,0
5553,86743659,0,104,30,92,0,0
5554,86753659,0,122,30,91,0,0
5555,86763659,11,157,27,77,0,0
5556,86773659,50,212,29,68,0,0
5557,86783659,125,308,31,58,0,2
5558,86793659,260,412,31,42,0,0
5559,86803659,413,526,28,34,0,0
5560,86813659,570,633,33,32,0,0
5561,86823659,652,677,37,35,0,0
5562,86833659,748,762,37,45,0,0
5563,86843659,800,789,62,37,0,0
5564,86853659,816,804,98,115,0,0
5565,86863659,818,806,119,152,0,0
5566,86873659,828,810,147,197,0,0
5567,86883659,852,820,170,227,0,0
5568,86893659,877,835,198,262,0,0
5569,86903659,891,854,243,298,0,0
5570,86913659,915,874,290,335,0,52
5571,86923659,924,890,330,381,0,139
5572,86933659,932,893,362,429,0,197
5573,86943659,938,896,425,477,0,279
5574,86953659,946,911,462,514,0,318
5575,86963659,956,925,490,553,8,359
5576,86973659,967,937,531,587,17,399
5577,86983659,981,951,553,615,29,427
5578,86993659,997,971,568,635,39,448
5579,87003659,1011,984,600,667,47,474
5580,87013659,1029,999,630,692,51,446
5581,87023659,1044,1014,668,726,84,411
5582,87033659,1060,1030,696,745,104,543
5583,87043659,1067,1041,729,764,112,583
5584,87053659,1082,1053,752,786,123,603
5585,87063659,1104,1075,771,807,136,620
5586,87073659,1121,1082,791,822,138,631
5587,87083659,1136,1100,808,830,124,622
5588,87093659,1160,1118,821,837,166,651
5589,87103659,1180,1136,836,854,166,662
5590,87113659,1201,1162,848,864,167,666
5591,87123659,1226,1180,860,870,180,674
5592,87133659,1245,1201,870,874,182,683
5593,87143659,1258,1212,877,883,190,693
5594,87153659,1267,1230,885,888,192,699
5595,87163659,1293,1241,891,893,202,712
5596,87173659,1303,1251,898,898,213,722
5597,87183659,1315,1257,908,905,221,730
5598,87193659,1324,1268,912,908,229,723
5599,87203659,1332,1275,916,914,238,742
5600,87213659,1339,1286,919,917,264,756
5601,87223659,1350,1291,923,919,271,763
5602,87233659,1353,1295,928,921,279,770
5603,87243659,1354,1295,932,926,292,773
5604,87253659,1356,1296,936,928,298,785
5605,87263659,1354,1292,939,931,313,790
5606,87273659,1346,1290,942,933,315,796
5607,87283659,1342,1287,946,935,336,803
5608,87293659,1337,1288,948,935,339,805
5609,87303659,1335,1282,949,938,344,810
5610,87313659,1331,1278,950,938,348,810
5611,87323659,1331,1276,953,940,348,812
5612,87333659,1325,1272,953,943,353,814
5613,87343659,1217,1256,881,937,362,821
5614,87353659,1319,1269,956,944,358,818
5615,87363659,1317,1264,955,949,361,821
5616,87373659,1309,1261,956,949,362,823
5617,87383659,1313,1261,958,951,365,824
5618,87393659,1310,1261,962,954,365,825
5619,87403659,1305,1258,968,954,368,817
5620,87413659,1302,1256,970,963,373,831
5621,87423659,1297,1254,974,967,376,840
5622,87433659,1295,1251,979,970,381,846
5623,87443659,1290,1248,982,972,388,852
5624,87453659,1290,1247,984,979,397,855
5625,87463659,1288,1244,988,981,410,855
5626,87473659,1279,1244,980,912,390,807
5627,87483659,1278,1236,995,991,423,860
5628,87493659,1275,1234,999,997,428,864
5629,87503659,1270,1230,1002,999,432,869
5630,87513659,1270,1227,1005,1001,441,868
5631,87523659,1263,1220,1008,1007,443,871
5632,87533659,1255,1209,1008,1012,418,847
5633,87543659,1242,1197,1016,1020,472,879
5634,87553659,1223,1187,1028,1040,499,0
5635,87563659,1203,1171,1039,1056,520,0
5636,87573659,1182,1153,1046,1066,532,0
5637,87583659,1164,1140,1053,1079,546,0
5638,87593659,1141,1116,1061,1091,560,0
5639,87603659,1105,1095,1052,1021,541,0
5640,87613659,1078,1076,1070,1111,585,0
5641,87623659,1038,1050,1074,1118,595,0
5642,87633659,983,1011,1076,1124,602,0
5643,87643659,914,965,1077,1129,614,0
5644,87653659,855,915,1078,1137,622,0
5645,87663659,780,849,1079,1142,590,0
5646,87673659,677,788,1078,1148,649,0
5647,87683659,553,699,1070,1153,666,0
5648,87693659,428,596,1064,1157,681,0
5649,87703659,295,493,1050,1158,697,0
5650,87713659,167,365,1033,1158,709,0
5651,87723659,54,257,1003,1150,723,0
5652,87733659,0,115,972,1146,728,0
5653,87743659,0,35,930,1143,731,0
5654,87753659,0,0,881,1129,729,0
5655,87763659,0,0,818,1119,714,0
5656,87773659,0,0,729,1099,696,0
5657,87783659,0,0,623,1071,654,0
5658,87793659,0,0,553,1039,610,0
5659,87803659,0,0,488,991,574,813
5660,87813659,0,0,431,935,521,843
5661,87823659,0,0,377,877,424,845
5662,87833659,0,0,342,801,327,839
5663,87843659,0,0,325,736,201,822
5664,87853659,0,0,300,667,84,0
5665,87863659,0,0,278,587,0,653
5666,87873659,0,0,260,505,0,521
5667,87883659,0,0,240,444,0,356
5668,87893659,0,0,212,377,0,171
5669,87903659,0,0,204,334,0,20
5670,87913659,0,0,172,298,0,0
5671,87923659,0,0,144,190,0,0
5672,87933659,0,0,151,206,0,0
5673,87943659,0,0,138,186,0,0
5674,87953659,0,0,140,186,0,0
5675,87963659,0,0,133,103,0,0
5676,87973659,0,0,124,150,0,0
5677,87983659,0,0,121,160,0,0
5678,87993659,0,0,116,153,0,0
5679,88003659,0,0,100,150,0,0
5680,88013659,0,0,93,149,0,0
5681,88023659,0,0,97,143,0,0
5682,88033659,0,0,81,137,0,0
5683,88043659,0,0,80,136,0,0
5684,88053659,0,0,51,113,0,0
5685,88063659,0,0,75,121,0,0
5686,88073659,0,0,76,115,0,0
5687,88083659,0,0,73,121,0,0
5688,88093659,0,0,72,123,0,0
5689,88103659,0,0,71,125,0,0
5690,88113659,0,2,50,101,0,0
5691,88123659,0,0,71,122,0,0
5692,88133659,0,0,71,121,0,0
5693,88143659,0,0,66,121,0,0
5694,88153659,0,0,56,120,0,0
5695,88163659,0,0,54,116,0,0
5696,88173659,0,0,53,118,0,0
5697,88183659,0,0,45,117,0,0
5698,88193659,0,0,38,110,0,0
5699,88203659,0,0,29,104,0,0
5700,88213659,0,0,21,100,0,0
5701,88223659,0,2,19,91,0,0
5702,88233659,0,0,17,86,0,0
5703,88243659,0,0,14,92,0,0
5704,88253659,0,0,18,89,0,0
5705,88263659,0,0,21,91,0,0
5706,88273659,0,0,21,92,0,0
5707,88283659,0,0,25,101,0,0
5708,88293659,0,0,23,92,0,0
5709,88303659,0,0,25,92,0,0
5710,88313659,0,0,22,95,0,0
5711,88323659,0,0,21,98,0,0
5712,88333659,0,0,15,93,0,0
5713,88343659,0,0,18,86,0,0
5714,88353659,0,0,15,86,0,0
5715,88363659,0,0,18,86,0,0
5716,88373659,0,0,20,88,0,0
5717,88383659,0,0,17,87,0,0
5718,88393659,0,0,18,82,0,0
5719,88403659,0,0,19,93,0,0
5720,88413659,0,0,21,94,0,0
5721,88423659,0,0,20,93,0,0
5722,88433659,0,0,20,98,0,0
5723,88443659,0,0,22,99,0,0
5724,88453659,0,0,23,100,0,0
5725,88463659,0,0,23,102,0,0
5726,88473659,0,0,26,102,0,0
5727,88483659,0,0,27,104,0,0
5728,88493659,0,0,29,108,0,0
5729,88503659,0,0,30,119,0,0
5730,88513659,0,0,35,108,0,0
5731,88523659,0,0,37,111,0,0
5732,88533659,0,0,38,110,0,0
5733,88543659,0,0,41,115,0,0
5734,88553659,0,0,45,127,0,0
5735,88563659,0,0,49,124,0,0
5736,88573659,0,33,57,125,0,0
5737,88583659,0,73,57,129,0,0
5738,88593659,16,128,59,138,0,0
5739,88603659,56,203,59,144,0,0
5740,88613659,134,312,60,120,0,0
5741,88623659,288,448,61,120,0,0
5742,88633659,404,494,84,104,0,0
5743,88643659,525,597,150,214,0,0
5744,88653659,571,613,194,264,0,0
5745,88663659,593,623,261,329,0,0
5746,88673659,618,644,321,398,0,0
5747,88683659,614,648,359,459,0,38
5748,88693659,608,601,397,490,0,84
5749,88703659,604,656,486,606,0,209
5750,88713659,610,658,545,667,0,284
5751,88723659,621,671,590,717,0,344
5752,88733659,635,685,643,765,15,392
5753,88743659,645,698,692,812,27,453
5754,88753659,661,714,738,855,49,503
5755,88763659,693,734,779,887,72,552
5756,88773659,727,748,814,920,94,594
5757,88783659,755,767,843,944,115,616
5758,88793659,787,791,865,974,131,616
5759,88803659,811,820,888,1000,152,646
5760,88813659,833,848,917,1025,176,475
5761,88823659,793,835,936,1054,195,666
5762,88833659,870,876,958,1074,223,741
5763,88843659,883,892,984,1095,237,766
5764,88853659,892,902,1005,1109,278,793
5765,88863659,905,910,1031,1137,295,0
5766,88873659,918,923,1050,1148,322,0
5767,88883659,926,937,1068,1171,333,0
5768,88893659,872,907,1088,1184,361,0
5769,88903659,936,944,1102,1198,382,0
5770,88913659,934,948,1114,1212,410,0
5771,88923659,936,952,1125,1224,436,0
5772,88933659,936,951,1132,1232,469,0
5773,88943659,934,953,1137,1241,495,0
5774,88953659,852,939,1059,1237,534,0
5775,88963659,924,955,1149,1252,563,0
5776,88973659,921,954,1157,1256,588,0
5777,88983659,914,953,1159,1259,604,0
5778,88993659,913,949,1164,1264,624,0
5779,89003659,906,946,1165,1266,651,0
5780,89013659,896,940,1170,1268,663,0
5781,89023659,890,934,1170,1269,690,0
5782,89033659,879,926,1168,1269,713,0
5783,89043659,873,920,1172,1270,732,0
5784,89053659,872,918,1173,1271,735,0
5785,89063659,872,918,1177,1270,747,0
5786,89073659,877,915,1172,1268,755,0
5787,89083659,879,916,1175,1266,761,0
5788,89093659,877,909,1173,1262,768,0
5789,89103659,873,903,1168,1261,776,0
5790,89113659,868,903,1170,1257,786,0
5791,89123659,867,908,1167,1251,794,0
5792,89133659,867,914,1162,1247,798,0
5793,89143659,867,920,1161,1241,801,0
5794,89153659,869,919,1159,1236,807,0
5795,89163659,869,927,1155,1233,811,0
5796,89173659,868,930,1151,1227,819,0
5797,89183659,866,928,1147,1225,823,0
5798,89193659,862,924,1142,1217,828,0
5799,89203659,858,925,1147,1219,834,0
5800,89213659,855,864,1116,1124,827,0
5801,89223659,851,908,1148,1219,850,0
5802,89233659,843,905,1148,1214,854,0
5803,89243659,834,907,1146,1216,858,0
5804,89253659,822,893,1147,1212,864,0
5805,89263659,823,885,1149,1211,871,0
5806,89273659,819,888,1149,1211,877,0
5807,89283659,802,880,1146,1209,882,0
5808,89293659,797,874,1145,1207,888,0
5809,89303659,789,876,1143,1204,894,0
5810,89313659,788,874,1140,1198,898,0
5811,89323659,793,878,1144,1193,902,0
5812,89333659,791,874,1140,1192,908,0
5813,89343659,780,809,1112,1101,897,0
5814,89353659,759,853,1146,1199,923,0
5815,89363659,732,830,1145,1204,934,0
5816,89373659,699,805,1146,1205,945,0
5817,89383659,654,779,1144,1209,952,0
5818,89393659,626,762,1144,1209,965,0
5819,89403659,582,738,1143,1210,978,0
5820,89413659,539,717,1141,1212,984,0
5821,89423659,501,686,1135,1209,990,0
5822,89433659,456,651,1127,1204,989,0
5823,89443659,407,621,1114,1193,987,0
5824,89453659,377,597,1101,1182,978,0
5825,89463659,349,570,1076,1165,950,0
5826,89473659,340,555,1056,1141,919,0
5827,89483659,322,540,1032,1111,885,0
5828,89493659,300,497,996,1079,854,0
5829,89503659,244,455,961,1060,828,0
5830,89513659,158,394,927,1044,823,2
5831,89523659,76,313,894,1030,828,1
5832,89533659,5,217,854,1004,830,0
5833,89543659,0,82,754,921,806,0
5834,89553659,0,26,724,955,840,0
5835,89563659,0,0,623,932,830,0
5836,89573659,0,0,519,890,818,0
5837,89583659,0,0,441,851,796,0
5838,89593659,0,0,377,789,757,0
5839,89603659,0,0,311,732,664,0
5840,89613659,0,0,261,660,675,0
5841,89623659,0,0,217,600,637,0
5842,89633659,0,1,176,529,544,0
5843,89643659,0,0,148,478,447,0
5844,89653659,0,0,120,400,315,897
5845,89663659,0,0,102,315,207,851
5846,89673659,0,0,79,274,91,771
5847,89683659,0,0,55,213,31,682
5848,89693659,0,0,43,187,0,598
5849,89703659,0,0,27,152,1,444
5850,89713659,0,0,7,99,0,227
5851,89723659,0,0,0,53,0,27
5852,89733659,0,0,0,0,0,0
5853,89743659,0,0,0,27,0,0
5854,89753659,0,0,0,0,0,0
5855,89763659,0,0,2,44,0,0
5856,89773659,0,0,10,55,0,0
5857,89783659,0,0,15,71,0,0
5858,89793659,0,0,23,59,3,0
5859,89803659,0,0,30,98,0,0
5860,89813659,0,0,34,112,0,0
5861,89823659,0,0,40,117,0,0
5862,89833659,0,0,43,120,0,0
5863,89843659,0,0,47,120,0,0
5864,89853659,0,0,43,112,0,0
5865,89863659,0,0,40,99,0,0
5866,89873659,0,0,34,84,0,0
5867,89883659,0,0,24,71,0,0
5868,89893659,0,0,21,55,0,0
5869,89903659,0,0,12,49,0,0
5870,89913659,0,0,9,35,0,0
5871,89923659,0,0,7,41,0,0
5872,89933659,0,0,2,41,0,0
5873,89943659,0,0,1,45,0,0
5874,89953659,0,0,5,50,0,0
5875,89963659,0,0,8,52,0,0
5876,89973659,0,0,9,57,0,0
5877,89983659,0,0,10,63,0,0
5878,89993659,0,3,1,59,0,0
5879,90003659,0,0,9,69,0,0
5880,90013659,0,0,2,64,0,0
5881,90023659,0,0,0,66,0,0
5882,90033659,0,0,0,57,0,0
5883,90043659,0,0,0,54,0,0
5884,90053659,0,0,0,50,0,0
5885,90063659,0,0,0,47,0,0
5886,90073659,0,0,0,38,0,0
5887,90083659,0,0,0,29,0,0
5888,90093659,0,0,0,27,0,0
5889,90103659,0,0,0,19,0,0
5890,90113659,0,0,0,17,0,0
5891,90123659,0,0,0,15,0,0
5892,90133659,0,0,0,18,0,0
5893,90143659,0,0,0,19,5,0
5894,90153659,0,0,0,18,0,0
5895,90163659,4,0,0,24,0,0
5896,90173659,0,0,0,26,0,0
5897,90183659,0,0,0,24,0,0
5898,90193659,0,0,0,22,0,0
5899,90203659,0,0,0,25,0,0
5900,90213659,0,0,0,26,0,0
5901,90223659,0,0,0,28,0,0
5902,90233659,0,0,0,30,0,0
5903,90243659,0,0,0,44,0,0
5904,90253659,0,0,0,0,0,0
5905,90263659,0,0,5,0,0,0
5906,90273659,0,34,10,0,0,0
5907,90283659,0,99,33,0,0,0
5908,90293659,71,227,62,139,0,0
5909,90303659,231,422,122,201,0,0
5910,90313659,461,612,211,275,0,0
5911,90323659,677,764,293,352,0,0
5912,90333659,828,867,364,428,0,0
5913,90343659,936,934,437,491,0,9
5914,90353659,983,971,505,557,0,37
5915,90363659,1014,999,555,612,0,56
5916,90373659,1052,1020,613,663,0,88
5917,90383659,1077,1052,667,711,0,108
5918,90393659,1115,1084,714,747,0,144
5919,90403659,1170,1122,745,775,0,157
5920,90413659,1200,1159,773,796,0,181
5921,90423659,1238,1193,800,811,0,188
5922,90433659,1270,1224,821,821,0,200
5923,90443659,1300,1249,837,828,0,215
5924,90453659,1326,1202,818,764,0,185
5925,90463659,1353,1290,849,841,0,241
5926,90473659,1372,1301,855,843,0,251
5927,90483659,1390,1317,858,846,0,252
5928,90493659,1403,1332,861,847,0,263
5929,90503659,1419,1340,867,849,0,268
5930,90513659,1430,1355,867,850,0,260
5931,90523659,1439,1365,874,853,0,282
5932,90533659,1448,1372,880,855,0,294
5933,90543659,1453,1380,885,859,0,311
5934,90553659,1458,1385,890,861,0,327
5935,90563659,1462,1389,900,865,0,343
5936,90573659,1465,1393,906,873,0,365
5937,90583659,1460,1398,914,880,3,373
5938,90593659,1473,1399,917,884,4,390
5939,90603659,1476,1401,924,890,18,394
5940,90613659,1476,1401,928,893,30,406
5941,90623659,1476,1402,937,902,33,412
5942,90633659,1476,1401,941,909,43,422
5943,90643659,1473,1400,948,916,51,434
5944,90653659,1467,1398,952,919,59,451
5945,90663659,1462,1393,956,918,62,467
5946,90673659,1457,1390,969,921,75,477
5947,90683659,1451,1386,970,932,78,488
5948,90693659,1446,1383,974,937,96,500
5949,90703659,1439,1378,980,940,107,507
5950,90713659,1434,1372,981,948,86,490
5951,90723659,1424,1368,994,953,119,522
5952,90733659,1413,1360,992,963,129,518
5953,90743659,1398,1351,998,971,140,519
5954,90753659,1387,1339,1005,974,161,543
5955,90763659,1372,1334,1007,981,178,554
5956,90773659,1360,1325,1014,987,186,570
5957,90783659,1242,1298,940,991,205,571
5958,90793659,1332,1310,1022,1004,223,537
5959,90803659,1319,1304,1029,1010,235,0
5960,90813659,1307,1296,1033,1016,258,0
5961,90823659,1296,1289,1036,1019,279,0
5962,90833659,1290,1282,1037,1019,296,0
5963,90843659,1286,1280,1045,1024,309,0
5964,90853660,1278,1276,1045,1031,316,0
5965,90863659,1272,1271,1045,1034,333,0
5966,90873659,1262,1262,1046,1038,347,0
5967,90883659,1253,1255,1047,1037,365,0
5968,90893659,1243,1248,1049,1037,373,0
5969,90903659,1232,1241,1048,1040,391,0
5970,90913659,1224,1236,1051,1041,406,0
5971,90923659,1213,1231,1055,1042,421,0
5972,90933659,1205,1226,1055,1045,429,0
5973,90943659,1195,1211,1059,1050,434,0
5974,90953659,1181,1203,1060,1049,446,0
5975,90963659,1168,1191,1062,1052,468,0
5976,90973659,1147,1177,1065,1056,475,0
5977,90983659,1131,1165,1064,1055,491,0
5978,90993659,1111,1143,1065,1057,501,0
5979,91003659,1092,1124,1064,1057,509,0
5980,91013659,1063,1094,1062,1054,509,0
5981,91023659,1031,1055,1055,1050,515,0
5982,91033659,983,1002,1043,1041,513,0
5983,91043659,912,951,1030,1033,517,4
5984,91053659,823,892,1015,1026,525,0
5985,91063659,741,819,1000,1015,537,0
5986,91073659,604,740,972,1012,555,0
5987,91083659,457,650,948,1010,579,0
5988,91093659,302,560,922,1007,609,0
5989,91103659,162,443,888,1003,634,0
5990,91113659,57,330,855,997,669,0
5991,91123659,0,203,815,987,701,0
5992,91133659,0,86,759,974,718,0
5993,91143659,0,1,677,956,739,0
5994,91153659,0,0,579,935,752,0
5995,91163659,0,0,499,910,760,0
5996,91173659,0,0,437,867,762,916
5997,91183659,0,0,373,816,774,911
5998,91193659,0,0,317,758,760,908
5999,91203659,0,0,264,682,736,909
6000,91213659,0,0,222,608,685,898
6001,91223659,0,0,188,547,568,887
6002,91233659,0,0,178,488,427,219
6003,91243659,0,0,152,419,275,0
6004,91253659,0,0,126,341,165,715
6005,91263659,0,0,104,290,77,576
6006,91273659,0,0,78,250,2,468
6007,91283659,0,0,60,223,0,329
6008,91293659,0,0,57,204,0,107
6009,91303659,0,0,46,151,0,0
6010,91313659,0,0,39,120,0,0
6011,91323659,0,0,37,101,0,0
6012,91333659,0,0,42,95,0,0
6013,91343659,0,0,46,106,0,0
6014,91353659,0,0,48,114,0,0
6015,91363659,0,0,52,116,1,0
6016,91373659,0,0,54,120,1,0
6017,91383659,0,0,54,122,0,0
6018,91393659,0,0,57,131,0,0
6019,91403659,0,0,58,132,0,0
6020,91413659,0,0,57,124,0,0
6021,91423659,0,0,54,114,0,0
6022,91433659,0,0,48,109,0,0
6023,91443659,0,0,42,109,0,0
6024,91453659,0,0,31,100,0,0
6025,91463659,0,0,24,89,0,0
6026,91473659,0,0,17,68,0,0
6027,91483659,0,0,10,61,0,0
6028,91493659,0,0,5,55,0,0
6029,91503659,0,2,0,55,0,0
6030,91513659,0,0,0,51,0,0
6031,91523659,0,0,0,51,0,0
6032,91533659,0,0,0,45,0,0
6033,91543659,0,0,0,45,0,0
6034,91553659,0,0,0,47,0,0
6035,91563659,0,0,0,54,0,0
6036,91573659,0,0,0,55,0,0
6037,91583659,0,0,0,59,0,0
6038,91593659,0,0,0,60,0,0
6039,91603659,0,0,0,62,0,0
6040,91613659,0,0,0,66,0,0
6041,91623659,0,0,0,43,0,0
6042,91633659,0,0,0,64,0,0
6043,91643659,0,0,0,60,0,0
6044,91653659,0,0,0,50,0,0
6045,91663659,0,0,0,42,0,0
6046,91673659,0,0,0,39,0,0
6047,91683659,0,0,0,39,0,0
6048,91693659,0,0,0,41,0,0
6049,91703659,0,0,0,44,0,0
6050,91713659,0,0,0,42,0,0
6051,91723659,0,0,0,42,0,0
6052,91733659,0,0,0,40,0,0
6053,91743659,0,0,0,38,0,0
6054,91753659,0,0,0,37,0,0
6055,91763659,0,0,0,34,0,0
6056,91773659,0,0,0,30,0,0
6057,91783659,0,0,0,25,0,0
6058,91793659,0,2,0,27,0,0
6059,91803659,0,11,0,34,0,0
6060,91813659,0,26,0,34,0,0
6061,91823659,0,41,0,37,0,0
6062,91833659,0,70,0,39,0,0
6063,91843659,0,102,0,44,0,0
6064,91853659,7,153,0,52,0,0
6065,91863659,48,268,2,55,0,0
6066,91873659,99,345,49,109,0,0
6067,91883659,148,372,126,196,0,0
6068,91893659,180,392,200,275,0,0
6069,91903659,224,426,254,340,0,0
6070,91913659,262,464,316,419,0,87
6071,91923659,280,477,373,488,0,201
6072,91933659,295,490,434,558,0,301
6073,91943659,296,488,479,554,15,368
6074,91953659,289,489,546,669,53,471
6075,91963659,283,491,579,725,87,543
6076,91973659,280,500,621,771,122,612
6077,91983659,282,516,661,807,156,654
6078,91993659,298,534,693,846,190,0
6079,92003659,316,556,730,875,213,0
6080,92013659,349,590,767,907,220,0
6081,92023659,403,633,797,930,234,0
6082,92033659,471,685,832,948,238,0
6083,92043659,524,725,860,967,258,0
6084,92053659,565,761,881,985,280,0
6085,92063659,615,792,907,1007,299,0
6086,92073659,651,814,928,1027,327,0
6087,92083659,684,845,947,1047,344,0
6088,92093659,725,870,966,1061,364,2
6089,92103659,757,889,981,1068,386,0
6090,92113659,792,915,993,1078,405,0
6091,92123659,817,935,1003,1081,422,0
6092,92133659,839,951,1014,1090,443,0
6093,92143659,860,972,1031,1097,459,0
6094,92153659,877,987,1039,1098,476,0
6095,92163659,893,994,1048,1104,500,0
6096,92173659,905,1000,1053,1111,532,0
6097,92183659,915,1006,1063,1118,547,2
6098,92193659,919,1014,1070,1124,567,0
6099,92203659,923,1017,1074,1130,588,0
6100,92213659,930,1019,1082,1134,597,2
6101,92223659,932,1025,1090,1136,606,0
6102,92233659,934,1023,1096,1142,616,0
6103,92243659,931,1024,1099,1146,629,0
6104,92253659,925,1028,1102,1148,643,0
6105,92263659,920,1020,1106,1154,660,0
6106,92273659,919,1017,1110,1158,675,0
6107,92283659,915,1016,1111,1159,686,0
6108,92293659,912,1013,1109,1156,695,0
6109,92303659,906,1012,1110,1154,708,0
6110,92313659,905,1010,1109,1151,716,0
6111,92323659,903,1006,1109,1148,723,0
6112,92333659,876,963,1111,1148,727,0
6113,92343659,896,1001,1110,1144,728,0
6114,92353659,895,1000,1105,1145,733,0
6115,92363659,895,998,1103,1137,733,0
6116,92373659,898,998,1104,1136,736,0
6117,92383659,901,1000,1097,1131,732,0
