seq,ts_us,s0,s1,s2,s3,s4,s5
127,64675432,0,454,1011,974,0,378
128,64685432,0,544,1073,1048,11,429
129,64695432,0,626,1118,1102,22,464
130,64705432,0,708,1171,1154,32,493
131,64715432,0,763,1205,1200,41,526
132,64725432,0,811,1235,1238,44,544
133,64735432,0,856,1259,1267,46,557
134,64745432,0,895,1284,1292,58,572
135,64755432,0,928,1302,1308,57,588
136,64765432,0,987,1320,1320,59,594
137,64775432,0,985,1289,1329,60,600
138,64785432,0,1096,1337,1330,61,598
139,64795432,0,1126,1343,1332,61,590
140,64805432,0,1147,1349,1332,60,577
141,64815432,0,1136,1353,1333,53,559
142,64825432,0,1089,1357,1334,42,552
143,64835432,0,1031,1336,1244,42,547
144,64845432,0,1074,1359,1333,38,537
145,64855432,0,688,1362,1333,41,530
146,64865432,0,0,1361,1333,34,522
147,64875432,0,0,1361,1330,27,505
148,64885432,0,0,1362,1327,21,488
149,64895432,0,0,1360,1323,17,474
150,64905432,0,0,1355,1317,9,457
151,64915432,0,0,1350,1308,6,437
152,64925432,0,0,1343,1303,2,417
153,64935432,0,0,1338,1297,0,407
154,64945432,0,0,1335,1290,0,403
155,64955432,0,0,1332,1285,0,407
156,64965432,0,0,1325,1275,0,413
157,64975432,2,0,1320,1269,2,422
158,64985432,0,1379,1312,1258,1,427
159,64995432,0,1389,1299,1239,0,428
160,65005432,0,1400,1285,1214,0,425
161,65015432,0,1423,1269,1187,0,419
162,65025432,0,1437,1258,1165,0,409
163,65035432,0,1451,1251,1140,0,396
164,65045432,0,1469,1243,1126,0,380
165,65055432,0,1477,1238,1113,0,370
166,65065432,0,1492,1234,1102,0,347
167,65075432,0,1499,1227,1095,0,326
168,65085432,0,1509,1221,1081,0,301
169,65095432,0,1441,1178,1068,0,280
170,65105432,0,1525,1206,1055,0,267
171,65115432,0,1530,1201,1043,0,247
172,65125432,0,1544,1192,1031,0,232
173,65135432,0,1547,1183,1014,0,217
174,65145432,0,1552,1177,1001,0,209
175,65155432,0,1473,1141,1000,0,218
176,65165432,0,1556,1175,997,0,228
177,65175432,0,1556,1176,998,0,247
178,65185432,0,1556,1176,993,0,264
179,65195432,0,1553,1176,992,0,277
180,65205432,0,1552,1172,983,0,292
181,65215432,0,1549,1166,972,0,303
182,65225432,0,1552,1156,959,0,312
183,65235432,0,1554,1148,950,0,319
184,65245432,0,1554,1143,942,0,326
185,65255432,0,1555,1141,935,0,329
186,65265432,0,1555,1137,930,0,337
187,65275432,0,1555,1135,925,0,344
188,65285432,0,1545,1133,919,0,349
189,65295432,0,1551,1129,906,0,359
190,65305432,0,1550,1127,902,0,368
191,65315432,0,1550,1122,889,0,372
192,65325432,0,1548,1117,879,0,380
193,65335432,0,1545,1114,876,0,390
194,65345432,0,1538,1112,873,1,393
195,65355432,0,1532,1111,868,7,405
196,65365432,0,1525,1108,861,8,411
197,65375432,0,1523,1101,856,11,420
198,65385432,0,1518,1096,848,17,430
199,65395432,0,1517,1094,838,22,438
200,65405432,0,1514,1090,838,24,449
201,65415432,0,1408,1064,766,26,459
202,65425432,0,1502,1075,825,29,469
203,65435432,0,1499,1071,817,32,473
204,65445432,0,1493,1065,812,37,484
205,65455432,0,1489,1060,806,38,490
206,65465432,0,1480,1056,803,39,497
207,65475432,0,1467,1051,796,42,501
208,65485432,0,1460,1041,791,44,505
209,65495432,0,1450,1032,785,45,508
210,65505432,0,1440,1020,778,45,512
211,65515432,0,1428,1013,765,42,515
212,65525432,0,1420,1002,758,39,518
213,65535432,0,1405,988,744,36,519
214,65545432,0,1390,978,729,31,519
215,65555432,0,1373,965,716,29,519
216,65565432,0,1355,946,696,25,512
217,65575432,0,1333,925,675,21,506
218,65585432,0,1309,908,648,17,501
219,65595432,0,1284,887,629,8,491
220,65605432,0,1255,867,605,6,486
221,65615432,0,1156,813,581,2,471
222,65625432,0,1195,810,551,0,455
223,65635432,0,0,775,523,0,456
224,65645432,0,0,741,488,0,436
225,65655432,0,0,711,472,0,423
226,65665432,0,0,683,443,0,411
227,65675432,0,0,607,397,0,394
228,65685432,0,0,616,402,0,370
229,65695432,0,0,580,380,0,368
230,65705432,0,0,544,356,0,357
231,65715432,0,0,505,338,0,353
232,65725432,0,0,482,327,0,349
233,65735432,0,0,448,306,0,354
234,65745432,0,0,423,300,0,351
235,65755432,0,0,405,293,0,344
236,65765432,0,0,386,286,0,329
237,65775432,0,0,362,277,0,310
238,65785432,0,527,345,267,0,298
239,65795432,0,476,310,253,0,279
240,65805432,0,432,285,241,0,258
241,65815432,0,386,270,223,0,238
242,65825432,0,346,235,206,0,207
243,65835432,0,312,215,172,0,179
244,65845432,0,281,186,155,0,141
245,65855432,0,249,159,120,0,103
246,65865432,0,221,139,94,0,62
247,65875432,0,194,120,78,0,42
248,65885432,0,175,111,62,0,17
249,65895432,0,164,104,48,0,2
250,65905432,0,144,90,40,0,0
251,65915432,0,120,82,35,0,0
252,65925432,0,108,72,24,0,0
253,65935432,0,105,61,10,0,0
254,65945432,0,102,54,3,0,0
255,65955432,0,102,42,1,0,0
256,65965432,0,103,40,0,0,0
257,65975432,0,111,41,0,0,0
258,65985432,0,116,44,0,0,0
259,65995432,0,114,51,0,0,0
260,66005432,0,0,59,0,0,0
261,66015432,0,107,61,0,0,0
262,66025432,0,111,69,0,0,0
263,66035432,0,115,59,2,0,0
264,66045432,0,116,72,3,0,0
265,66055432,0,116,76,0,0,0
266,66065432,0,116,74,0,0,0
267,66075432,0,106,58,0,0,0
268,66085432,0,92,77,0,0,0
269,66095432,0,92,86,2,0,0
270,66105432,0,92,81,2,0,0
271,66115432,0,96,78,2,0,0
272,66125432,0,101,85,2,0,0
273,66135432,0,107,48,0,0,0
274,66145432,0,115,65,0,0,0
275,66155432,0,118,57,0,0,0
276,66165432,0,120,52,0,0,0
277,66175432,0,125,44,0,0,0
278,66185432,0,135,44,0,0,0
279,66195432,0,140,42,0,0,0
280,66205432,0,115,31,0,0,0
281,66215432,0,154,42,0,0,0
282,66225432,0,165,45,0,0,0
283,66235432,0,170,43,0,0,0
284,66245432,0,176,41,0,0,0
285,66255432,0,177,53,0,0,0
286,66265432,0,180,58,0,0,0
287,66275432,0,149,46,0,0,0
288,66285432,0,184,68,0,0,0
289,66295432,0,185,72,0,0,0
290,66305432,0,187,71,4,0,0
291,66315432,0,188,72,0,0,0
292,66325432,0,186,69,0,0,3
293,66335432,0,188,58,0,0,0
294,66345432,0,188,57,0,0,0
295,66355432,0,187,58,0,0,0
296,66365432,0,183,61,0,0,0
297,66375432,0,180,62,0,0,0
298,66385432,0,175,65,0,0,0
299,66395432,0,172,69,0,0,0
300,66405432,0,165,72,0,0,0
301,66415432,0,159,71,0,0,0
302,66425432,0,152,76,0,0,0
303,66435432,0,170,81,0,0,0
304,66445432,0,200,83,0,0,0
305,66455432,0,225,87,0,0,0
306,66465432,0,246,85,0,0,0
307,66475432,0,255,82,0,0,0
308,66485432,0,272,80,0,0,0
309,66495432,0,292,76,0,0,0
310,66505432,0,319,77,0,0,0
311,66515432,0,365,74,0,0,0
312,66525432,0,433,64,0,0,0
313,66535432,0,531,108,33,0,0
314,66545432,0,584,152,73,0,0
315,66555432,0,614,204,91,0,0
316,66565432,0,690,276,152,0,0
317,66575432,0,809,368,268,0,0
318,66585432,0,884,473,342,0,0
319,66595432,0,926,553,420,0,0
320,66605432,0,958,630,490,0,29
321,66615432,0,992,681,561,0,79
322,66625432,0,1011,732,621,0,131
323,66635432,0,1024,795,678,0,174
324,66645432,0,1043,849,740,0,230
325,66655432,0,1055,887,787,0,267
326,66665432,0,1068,919,818,0,297
327,66675432,0,1080,948,848,0,339
328,66685432,0,399,978,873,2,371
329,66695432,0,0,1004,898,13,399
330,66705432,0,0,1034,921,21,413
331,66715432,0,0,1048,941,42,451
332,66725432,0,0,1066,955,58,486
333,66735432,0,0,1019,945,43,503
334,66745432,0,1142,1092,984,89,548
335,66755432,0,1164,1103,995,106,574
336,66765432,0,1174,1110,1002,119,607
337,66775432,0,1186,1112,1015,137,625
338,66785432,0,1192,1130,1034,148,650
339,66795432,0,1202,1142,1046,174,676
340,66805432,0,1116,1135,982,190,692
341,66815432,0,1202,1165,1075,218,712
342,66825432,0,1203,1175,1085,237,722
343,66835432,0,1200,1185,1098,262,737
344,66845432,0,1198,1193,1108,273,748
345,66855432,0,1199,1198,1116,283,755
346,66865432,0,1197,1206,1126,297,0
347,66875432,0,1198,1210,1132,311,0
348,66885432,0,1197,1212,1141,315,751
349,66895432,0,1194,1216,1141,318,771
350,66905432,0,1193,1221,1146,328,779
351,66915432,0,1182,1223,1154,327,785
352,66925432,0,1170,1225,1163,345,786
353,66935432,0,1152,1230,1172,352,794
354,66945432,0,1131,1235,1180,362,803
355,66955432,0,0,1237,1189,380,808
356,66965432,0,0,1240,1194,394,821
357,66975432,0,0,1243,1200,408,832
358,66985432,0,0,1245,1207,423,843
359,66995432,0,0,1250,1213,442,852
360,67005432,0,0,1252,1223,464,861
361,67015432,0,0,1254,1230,478,871
362,67025432,0,0,1257,1236,493,876
363,67035432,0,0,1259,1241,505,879
364,67045432,0,0,1262,1248,525,0
365,67055432,0,0,1266,1254,538,0
366,67065432,0,0,1270,1261,551,0
367,67075432,0,0,1272,1265,558,0
368,67085432,0,0,1274,1270,567,0
369,67095432,0,0,1276,1271,572,0
370,67105432,0,0,1277,1273,580,0
371,67115432,0,0,1280,1277,579,0
372,67125432,0,0,1282,1263,532,0
373,67135432,0,0,1285,1279,586,0
374,67145432,0,0,1286,1284,587,0
375,67155432,0,0,1286,1282,584,0
376,67165432,0,0,1286,1278,570,0
377,67175432,0,0,1285,1270,550,0
378,67185432,0,0,1285,1267,518,0
379,67195432,0,0,1238,1206,464,0
380,67205432,0,0,1283,1260,500,0
381,67215432,0,0,1283,1257,497,0
382,67225432,0,0,1283,1257,501,0
383,67235432,0,0,1278,1252,501,0
384,67245432,0,0,1277,1250,502,0
385,67255432,0,0,1276,1244,499,0
386,67265432,0,0,1230,1180,446,839
387,67275432,0,0,1270,1227,473,856
388,67285432,0,0,1264,1210,453,842
389,67295432,0,0,1257,1192,430,827
390,67305432,0,0,1253,1182,421,823
391,67315432,0,0,1249,1179,422,818
392,67325432,0,0,1246,1177,424,822
393,67335432,0,0,1198,1121,392,796
394,67345432,0,0,1236,1175,437,813
395,67355432,0,584,1225,1168,445,804
396,67365432,0,561,1207,1161,436,774
397,67375432,0,525,1187,1135,428,743
398,67385432,0,489,1163,1120,412,713
399,67395432,0,382,1132,1103,391,694
400,67405432,0,292,1099,1079,359,668
401,67415432,0,231,1047,1055,322,622
402,67425432,0,120,978,1019,294,600
403,67435432,0,110,925,987,282,561
404,67445432,0,98,855,937,278,527
405,67455432,0,63,793,895,264,483
406,67465432,0,17,718,780,227,442
407,67475432,0,33,686,776,177,412
408,67485432,0,17,644,711,126,374
409,67495432,0,0,598,646,75,317
410,67505432,0,0,557,564,22,245
411,67515432,0,0,529,503,0,184
412,67525432,0,0,497,458,0,116
413,67535432,0,0,456,385,0,74
414,67545432,0,0,418,330,0,28
415,67555432,0,0,376,277,0,0
416,67565432,0,0,357,235,1,0
417,67575432,0,0,326,171,0,0
418,67585432,0,0,307,149,0,0
419,67595432,0,0,289,119,0,0
420,67605432,0,0,274,92,0,0
421,67615432,0,0,258,84,0,0
422,67625432,0,0,231,67,0,0
423,67635432,0,0,216,55,0,0
424,67645432,0,0,205,55,0,0
425,67655432,0,0,184,55,0,0
426,67665432,0,0,178,49,0,0
427,67675432,0,0,178,54,0,0
428,67685432,2,74,173,53,0,0
429,67695432,0,71,172,48,0,0
430,67705432,0,73,169,43,0,0
431,67715432,0,4,160,40,0,0
432,67725432,0,0,163,36,0,0
433,67735432,0,0,154,34,0,0
434,67745432,0,66,174,42,0,0
435,67755432,0,59,180,46,0,0
436,67765432,0,59,181,47,0,0
437,67775432,0,55,179,42,0,0
438,67785432,0,49,172,39,0,0
439,67795432,0,46,165,34,0,0
440,67805432,3,1,153,32,0,0
441,67815432,0,39,168,43,0,0
442,67825432,0,43,168,39,0,0
443,67835432,0,32,158,39,0,0
444,67845432,0,30,162,39,0,0
445,67855432,0,28,152,38,0,0
446,67865432,0,5,141,6,0,0
447,67875432,1,0,146,20,0,0
448,67885432,0,0,139,14,0,0
449,67895432,0,0,112,9,0,0
450,67905432,0,0,94,7,0,0
451,67915432,0,0,83,4,0,0
452,67925432,0,0,74,3,0,0
453,67935432,0,0,71,3,0,0
454,67945432,0,0,59,0,0,0
455,67955432,0,0,56,1,0,0
456,67965432,0,0,50,1,0,0
457,67975432,0,0,51,1,0,0
458,67985432,0,0,57,2,0,0
459,67995432,0,0,58,1,0,0
460,68005432,0,60,61,1,0,0
461,68015432,0,71,62,1,0,0
462,68025432,0,88,61,2,0,0
463,68035432,0,94,57,0,0,0
464,68045432,0,99,51,1,0,0
465,68055432,0,73,38,0,0,0
466,68065432,0,113,52,0,0,0
467,68075432,0,133,55,0,0,0
468,68085432,0,166,58,1,0,0
469,68095432,0,200,60,1,0,0
470,68105432,0,230,61,0,0,0
471,68115432,0,252,62,0,0,0
472,68125432,0,295,59,0,0,0
473,68135432,0,342,56,1,0,0
474,68145432,0,446,56,6,0,0
475,68155432,0,577,68,6,0,0
476,68165432,0,720,89,21,0,0
477,68175432,0,842,134,48,0,0
478,68185432,0,911,200,73,0,0
479,68195432,0,956,251,124,0,0
480,68205432,0,1001,318,211,0,0
481,68215432,0,1019,375,269,0,0
482,68225432,0,1029,477,333,0,0
483,68235432,0,1032,549,417,0,24
484,68245432,0,1032,612,470,0,76
485,68255432,0,1029,666,538,0,143
486,68265432,0,1033,717,608,0,206
487,68275432,0,1035,770,659,0,253
488,68285432,0,1038,822,700,0,300
489,68295432,0,1047,866,743,0,342
490,68305432,0,1063,905,787,9,381
491,68315432,0,1081,934,811,25,424
492,68325432,0,1103,961,845,40,446
493,68335432,0,1118,986,875,64,477
494,68345432,0,1133,1016,903,82,501
495,68355432,0,1142,1048,925,100,533
496,68365432,0,1148,1070,951,130,566
497,68375432,0,1158,1093,978,167,603
498,68385432,0,1160,1115,1004,199,635
499,68395432,0,1162,1130,1033,220,666
500,68405432,0,1158,1146,1051,246,694
501,68415432,0,1154,1161,1068,272,724
502,68425432,0,1148,1174,1084,294,752
503,68435432,0,1146,1182,1097,318,774
504,68445432,0,1142,1129,1080,300,776
505,68455432,0,1138,1200,1125,359,805
506,68465432,0,1133,1207,1135,373,818
507,68475432,0,1128,1214,1146,388,826
508,68485432,0,1119,1223,1160,404,844
509,68495432,0,1108,1227,1168,414,854
510,68505432,0,1097,1233,1180,429,860
511,68515432,0,1084,1238,1191,443,869
512,68525432,0,1071,1241,1198,458,874
513,68535432,0,1054,1245,1207,469,885
514,68545432,0,1040,1249,1215,479,892
515,68555432,0,0,1254,1226,492,904
516,68565432,0,0,1256,1234,501,0
517,68575432,0,0,1240,1156,511,0
518,68585432,0,0,1260,1248,527,0
519,68595432,0,0,1262,1253,535,0
520,68605432,0,0,1266,1257,543,0
521,68615432,0,0,1269,1261,550,0
522,68625432,0,0,1270,1267,553,0
523,68635432,0,0,1273,1272,560,0
524,68645432,0,0,1276,1277,563,0
525,68655432,0,0,1277,1286,568,0
526,68665432,0,0,1281,1288,570,0
527,68675432,0,0,1287,1292,583,0
528,68685432,0,0,1289,1299,597,0
529,68695432,0,0,1292,1301,602,2
530,68705432,0,0,1228,1258,608,0
531,68715432,0,0,1297,1305,612,0
532,68725432,0,0,1300,1307,617,0
533,68735432,0,0,1301,1308,624,0
534,68745432,0,0,1302,1310,632,0
535,68755432,0,0,1302,1314,640,0
536,68765432,0,0,1285,1227,646,0
537,68775432,0,0,1306,1318,660,0
538,68785432,0,0,1306,1319,667,0
539,68795432,0,0,1307,1321,671,0
540,68805432,0,0,1308,1325,677,0
541,68815432,0,0,1309,1327,685,0
542,68825432,0,0,1309,1332,693,0
543,68835432,0,0,1312,1335,701,0
544,68845432,0,0,1314,1336,715,0
545,68855432,0,0,1315,1339,722,0
546,68865432,0,618,1317,1343,734,0
547,68875432,0,599,1319,1353,743,0
548,68885432,0,564,1319,1343,752,0
549,68895432,0,521,1319,1344,709,0
550,68905432,0,471,1321,1363,777,0
551,68915432,0,427,1321,1364,792,0
552,68925432,0,376,1322,1370,808,0
553,68935432,0,327,1322,1377,823,0
554,68945432,0,274,1321,1381,836,0
555,68955432,0,228,1320,1379,853,0
556,68965432,0,186,1315,1372,796,0
557,68975432,0,150,1309,1393,866,0
558,68985432,0,92,1304,1390,871,0
559,68995432,0,32,1292,1383,875,0
560,69005432,0,0,1290,1383,878,0
561,69015432,0,0,1270,1387,886,0
562,69025432,0,0,1262,1383,896,0
563,69035432,0,0,1235,1361,843,0
564,69045432,0,0,1206,1369,906,0
565,69055432,0,0,1170,1358,894,0
566,69065432,0,0,1140,1341,882,0
567,69075432,0,0,1095,1323,866,0
568,69085432,0,0,1042,1300,869,0
569,69095432,0,0,989,1277,862,0
570,69105432,0,0,939,1229,846,1049
571,69115432,0,0,901,1189,812,1047
572,69125432,0,0,852,1148,764,1019
573,69135432,0,0,812,1095,715,1003
574,69145432,0,0,776,1048,638,979
575,69155432,0,0,740,985,519,951
576,69165432,0,0,693,926,424,923
577,69175432,0,0,658,876,341,879
578,69185432,0,0,636,817,231,805
579,69195432,0,0,602,761,126,0
580,69205432,0,0,572,711,47,0
581,69215432,0,0,556,661,0,457
582,69225432,0,0,532,605,0,346
583,69235432,0,0,495,530,0,207
584,69245432,0,0,463,483,0,70
585,69255432,0,0,437,421,0,0
586,69265432,0,0,408,361,0,0
587,69275432,0,0,388,315,0,0
588,69285432,2,0,359,276,0,0
589,69295432,0,0,333,232,0,0
590,69305432,0,0,316,201,0,0
591,69315432,0,0,298,168,0,0
592,69325432,0,0,283,143,0,0
593,69335432,0,0,270,119,0,0
594,69345432,0,0,255,107,0,0
595,69355432,0,0,248,92,0,0
596,69365432,0,0,209,70,0,0
597,69375432,0,0,232,76,0,0
598,69385432,0,0,226,64,0,0
599,69395432,0,0,213,57,0,0
600,69405432,0,0,211,54,0,0
601,69415432,0,0,198,55,0,0
602,69425432,0,0,191,53,0,0
603,69435432,0,0,186,49,0,0
604,69445432,0,0,183,51,0,0
605,69455432,0,2,176,51,0,0
606,69465432,0,0,167,48,0,0
607,69475432,0,0,167,51,0,0
608,69485432,0,0,157,48,0,0
609,69495432,0,0,137,32,0,0
610,69505432,0,0,156,44,0,0
611,69515432,0,0,153,44,0,0
612,69525432,0,0,148,43,0,0
613,69535432,0,0,149,42,0,0
614,69545432,0,0,148,42,0,0
615,69555432,0,0,148,43,0,0
616,69565432,0,0,146,44,0,0
617,69575432,0,0,142,43,0,0
618,69585432,0,0,145,39,0,0
619,69595432,0,10,151,32,0,0
620,69605432,0,52,131,26,0,0
621,69615432,0,0,106,24,0,0
622,69625432,0,0,87,20,0,0
623,69635432,0,0,78,11,0,0
624,69645432,0,0,71,11,0,0
625,69655432,0,0,64,10,0,0
626,69665432,0,0,60,8,0,0
627,69675432,0,0,62,10,0,0
628,69685432,0,0,63,9,0,0
629,69695432,0,0,61,10,0,0
630,69705432,0,0,62,10,0,0
631,69715432,0,0,61,9,0,0
632,69725432,0,0,58,8,0,0
633,69735432,0,0,56,9,0,0
634,69745432,0,0,54,9,0,0
635,69755432,0,0,48,8,0,0
636,69765432,0,0,51,10,0,0
637,69775432,0,0,50,10,0,0
638,69785432,0,0,51,7,0,0
639,69795432,0,0,51,8,0,0
640,69805432,0,101,52,8,0,0
641,69815432,0,159,53,8,0,0
642,69825432,0,184,54,2,0,0
643,69835432,0,287,71,22,0,0
644,69845432,0,392,90,35,0,0
645,69855432,0,485,104,42,0,0
646,69865432,0,584,118,46,0,0
647,69875432,0,658,133,60,0,0
648,69885432,0,716,148,63,0,0
649,69895432,0,765,159,61,0,0
650,69905432,0,804,168,66,0,0
651,69915432,0,840,173,73,0,0
652,69925432,0,866,189,72,0,0
653,69935432,0,905,206,76,0,0
654,69945432,0,939,225,83,0,0
655,69955432,0,984,233,89,0,0
656,69965432,0,1021,252,95,0,0
657,69975432,0,1069,277,106,0,0
658,69985432,0,1124,302,119,0,0
659,69995432,0,1157,330,132,0,0
660,70005432,0,1192,346,140,0,0
661,70015432,0,1219,370,162,0,0
662,70025432,0,1249,396,175,0,0
663,70035432,0,1274,415,202,0,0
664,70045432,0,1299,440,217,0,0
665,70055432,0,1317,476,239,0,0
666,70065432,0,1334,498,266,0,4
667,70075432,0,1356,523,277,0,33
668,70085432,0,1373,547,295,0,56
669,70095432,0,1387,513,295,0,70
670,70105432,0,1398,584,331,0,97
671,70115432,0,1406,612,352,0,143
672,70125432,0,1416,632,375,0,157
673,70135432,0,1422,654,395,0,175
674,70145432,0,1430,674,412,0,203
675,70155432,0,1436,690,427,0,231
676,70165432,0,1345,692,411,0,238
677,70175432,0,1449,722,460,0,274
678,70185432,0,1454,743,489,0,300
679,70195432,0,1461,762,504,0,334
680,70205432,0,1463,776,530,0,371
681,70215432,0,1467,790,541,0,389
682,70225432,0,1475,806,552,0,416
683,70235432,0,1482,818,562,0,433
684,70245432,0,1485,826,573,4,448
685,70255432,0,1490,834,588,16,466
686,70265432,0,1492,842,596,17,477
687,70275432,0,1494,849,600,24,483
688,70285432,0,1495,856,603,26,495
689,70295432,0,1497,858,605,27,503
690,70305432,0,1496,862,609,31,505
691,70315432,0,1496,864,614,31,513
692,70325432,0,1497,867,614,32,521
693,70335432,0,1496,869,615,33,516
694,70345432,0,1496,870,614,33,519
695,70355432,0,1395,859,567,31,522
696,70365432,0,1495,874,620,32,523
697,70375432,0,1494,874,626,36,527
698,70385432,0,1494,873,623,34,528
699,70395432,0,1494,877,626,36,530
700,70405432,0,1495,882,627,34,530
701,70415432,0,1495,880,622,30,494
702,70425432,0,1496,887,641,34,535
703,70435432,0,1497,883,642,28,537
704,70445432,0,1498,885,647,35,540
705,70455432,0,1500,890,645,38,541
706,70465432,0,1501,895,654,37,543
707,70475432,0,1503,900,660,31,543
708,70485432,0,1428,873,664,34,543
709,70495432,0,1507,908,668,33,539
710,70505432,0,1508,913,673,34,535
711,70515432,0,1508,915,682,33,532
712,70525432,0,1510,924,699,36,521
713,70535432,0,1510,933,711,38,504
714,70545432,0,1512,935,724,35,488
715,70555432,0,1513,934,730,34,466
716,70565432,0,1515,943,739,23,440
717,70575432,0,1516,949,743,10,419
718,70585432,0,1520,951,753,5,397
719,70595432,0,1525,956,749,0,363
720,70605432,0,1530,956,752,0,334
721,70615432,0,1431,925,714,0,295
722,70625432,0,1536,966,760,0,300
723,70635432,0,1540,968,766,0,299
724,70645432,0,1540,976,775,0,296
725,70655432,0,1540,977,782,0,294
726,70665432,0,1538,983,788,0,293
727,70675432,0,1535,993,796,0,294
728,70685432,0,1532,995,802,0,293
729,70695432,0,1531,1001,810,0,285
730,70705432,0,1530,1006,817,0,279
731,70715432,0,1531,1012,826,0,266
732,70725432,0,1531,1015,839,0,250
733,70735432,0,1528,1023,847,0,249
734,70745432,0,1516,1037,861,0,254
735,70755432,1,1514,1039,875,0,263
736,70765432,0,1501,1050,889,0,264
737,70775432,0,1485,1054,902,0,267
738,70785432,0,1468,1062,914,0,279
739,70795432,0,1451,1067,924,0,292
740,70805432,0,1336,1028,889,0,287
741,70815432,0,1403,1069,942,0,312
742,70825432,0,1371,1072,949,0,317
743,70835432,0,1331,1074,956,0,314
744,70845432,0,1298,1074,964,0,304
745,70855432,0,1258,1070,967,0,300
746,70865432,0,1209,1064,969,0,297
747,70875432,0,1156,1056,972,0,280
748,70885432,0,1096,1049,973,0,265
749,70895432,0,1026,1040,972,0,251
750,70905432,0,0,1023,970,0,234
751,70915432,0,0,1008,969,0,227
752,70925432,0,795,994,967,0,212
753,70935432,0,722,980,964,0,200
754,70945432,0,630,965,959,0,174
755,70955432,0,542,942,956,0,166
756,70965432,0,457,924,949,0,129
757,70975432,0,353,905,935,0,90
758,70985432,0,0,889,913,0,30
759,70995432,0,0,849,876,0,0
760,71005432,0,0,795,830,0,0
761,71015432,0,0,741,793,0,0
762,71025432,0,0,669,752,0,0
763,71035432,0,0,620,717,0,0
764,71045432,0,0,588,683,0,0
765,71055432,0,0,567,590,0,0
766,71065432,0,0,550,595,0,0
767,71075432,0,0,508,531,0,0
768,71085432,0,0,467,461,0,0
769,71095432,0,0,428,405,0,0
770,71105432,0,0,400,352,0,0
771,71115432,0,0,347,285,0,0
772,71125432,0,68,347,265,0,0
773,71135432,0,60,319,245,0,0
774,71145432,0,57,309,214,0,0
775,71155432,0,61,308,200,0,0
776,71165432,0,65,293,178,0,0
777,71175432,0,70,284,157,0,0
778,71185432,0,70,274,148,0,0
779,71195432,0,73,270,124,0,0
780,71205432,0,65,262,110,0,0
781,71215432,0,60,253,97,0,0
782,71225432,0,0,247,98,0,0
783,71235432,0,0,240,82,0,0
784,71245432,0,0,222,68,0,0
785,71255432,0,0,207,59,0,0
786,71265432,0,0,198,57,0,0
787,71275432,0,0,188,54,0,0
788,71285432,0,0,176,53,0,0
789,71295432,0,0,166,51,0,0
790,71305432,0,0,140,47,0,0
791,71315432,0,0,149,44,0,0
792,71325432,0,0,139,43,0,0
793,71335432,0,0,128,38,0,0
794,71345432,0,0,118,32,0,0
795,71355432,0,0,111,29,0,0
796,71365432,0,0,118,29,0,0
797,71375432,0,0,109,29,0,0
798,71385432,0,0,98,34,0,0
799,71395432,0,0,93,29,0,0
800,71405432,0,0,85,26,0,0
801,71415432,0,0,80,24,0,0
802,71425432,0,0,81,25,0,0
803,71435432,0,0,69,10,0,0
804,71445432,0,0,83,24,0,0
805,71455432,0,0,82,21,0,0
806,71465432,0,0,75,17,0,0
807,71475432,0,0,76,16,0,0
808,71485432,0,0,74,15,0,0
809,71495432,0,0,69,17,0,0
810,71505432,0,0,69,17,0,1
811,71515432,0,0,68,18,0,0
812,71525432,0,120,70,18,0,0
813,71535432,0,150,73,19,0,0
814,71545432,0,181,75,17,0,0
815,71555432,0,218,76,13,0,0
816,71565432,0,220,61,3,0,2
817,71575432,0,287,76,8,0,0
818,71585432,0,329,76,5,0,2
819,71595432,0,382,78,5,0,0
820,71605432,0,455,86,8,0,0
821,71615432,0,528,90,12,0,2
822,71625432,0,544,77,9,0,0
823,71635432,0,638,99,19,0,0
824,71645432,0,681,108,17,0,0
825,71655432,0,711,124,30,0,0
826,71665432,0,739,124,38,0,0
827,71675432,0,761,135,40,0,0
828,71685432,0,793,145,43,0,0
829,71695432,0,812,165,55,0,0
830,71705432,0,844,186,69,0,0
831,71715432,0,870,218,85,0,0
832,71725432,0,904,247,108,0,0
833,71735432,0,937,286,139,0,29
834,71745432,0,959,329,159,0,42
835,71755432,0,921,339,189,0,87
836,71765432,0,1003,390,221,0,117
837,71775432,0,1028,427,253,0,160
838,71785432,0,1053,468,279,0,194
839,71795432,0,1075,502,307,0,222
840,71805432,0,1095,534,334,0,253
841,71815432,0,1114,560,361,0,252
842,71825432,0,1128,597,397,0,303
843,71835432,0,1141,617,428,0,337
844,71845432,0,1159,639,452,0,359
845,71855432,0,1175,674,470,0,384
846,71865432,0,1186,692,491,0,413
847,71875432,0,1193,714,507,0,439
848,71885432,0,1202,735,531,0,462
849,71895432,0,1209,759,546,12,504
850,71905432,0,1214,771,568,35,541
851,71915432,0,1227,794,596,47,572
852,71925432,0,1236,813,611,60,596
853,71935432,0,1241,838,622,84,621
854,71945432,0,1180,819,598,108,645
855,71955432,0,1257,875,645,118,663
856,71965432,0,1268,877,660,123,676
857,71975432,0,1275,884,666,138,691
858,71985432,0,1288,902,677,151,703
859,71995432,0,1300,912,686,162,717
860,72005432,0,1306,918,699,171,725
861,72015432,0,1315,933,714,181,731
862,72025432,0,1320,932,719,185,735
863,72035432,0,1326,936,726,186,739
864,72045432,0,1333,940,730,187,739
865,72055432,0,1336,945,737,188,740
866,72065432,0,1338,949,737,188,743
867,72075432,0,1269,921,743,199,747
868,72085432,0,1340,954,746,202,750
869,72095432,0,1340,961,751,213,755
870,72105432,0,1333,966,757,217,759
871,72115432,0,1332,969,764,218,760
872,72125432,0,1325,976,775,223,762
873,72135432,0,1323,981,784,230,716
874,72145432,0,1320,988,794,230,764
875,72155432,0,1320,995,800,222,764
876,72165432,0,1317,999,810,221,763
877,72175432,0,1320,1005,820,217,762
878,72185432,0,1322,1009,824,210,762
879,72195432,0,1327,1015,829,209,759
880,72205432,0,1322,962,810,164,740
881,72215432,0,1327,1022,841,194,749
882,72225432,0,1334,1031,846,181,744
883,72235432,0,1338,1033,851,174,741
884,72245432,0,1342,1038,854,166,736
885,72255432,0,1343,1041,856,161,732
886,72265432,0,1346,1042,858,156,728
887,72275432,0,1348,983,834,106,708
888,72285432,0,1352,1044,860,141,717
889,72295432,0,1354,1044,859,136,704
890,72305432,0,1356,1044,859,126,693
891,72315432,0,1357,1042,860,121,674
892,72325432,0,1361,1041,859,121,662
893,72335432,0,1360,1040,857,110,647
894,72345432,0,1356,1040,856,104,627
895,72355432,0,1368,1037,853,100,611
896,72365432,0,1369,1034,852,96,595
897,72375432,0,1373,1034,852,96,581
898,72385432,0,1374,1031,854,98,571
899,72395432,0,1373,1032,854,96,567
900,72405432,0,1285,994,808,83,540
901,72415432,0,1374,1031,855,104,559
902,72425432,0,1372,1030,857,105,555
903,72435432,0,1371,1027,858,107,550
904,72445432,0,1370,1029,858,104,540
905,72455432,0,1367,1032,860,102,533
906,72465432,0,1364,972,838,65,505
907,72475432,0,1368,1027,862,87,497
908,72485432,0,1368,1028,864,70,482
909,72495432,0,1366,1023,865,59,466
910,72505432,0,1364,1022,867,46,462
911,72515432,0,1355,1028,869,42,457
912,72525432,0,1341,1031,874,31,454
913,72535432,0,1236,1010,812,20,423
914,72545432,0,1308,1022,881,23,445
915,72555432,0,1286,1017,884,22,440
916,72565432,0,1255,1013,884,14,429
917,72575432,0,1226,1001,883,5,419
918,72585432,0,1183,989,879,2,405
919,72595432,0,1136,976,873,0,393
920,72605432,0,1083,954,864,0,371
921,72615432,0,1001,934,857,0,354
922,72625432,0,902,910,850,0,340
923,72635432,0,796,887,844,0,338
924,72645432,0,0,855,837,0,329
925,72655432,0,0,820,826,0,306
926,72665432,0,0,780,813,0,265
927,72675432,0,0,741,806,0,278
928,72685432,0,0,698,793,0,264
929,72695432,0,0,648,783,0,249
930,72705432,0,173,604,763,0,216
931,72715432,0,141,582,744,0,176
932,72725432,0,106,557,721,0,156
933,72735432,0,88,532,685,0,148
934,72745432,0,88,502,658,0,136
935,72755432,0,88,476,620,0,123
936,72765432,0,87,453,574,0,103
937,72775432,0,86,415,523,0,71
938,72785432,0,85,387,467,0,42
939,72795432,0,88,363,418,0,9
940,72805432,0,94,341,358,0,0
941,72815432,0,101,335,328,0,0
942,72825432,0,105,320,296,0,0
943,72835432,0,110,308,266,0,0
944,72845432,0,120,291,235,0,0
945,72855432,0,126,276,203,0,0
946,72865432,0,133,269,154,0,0
947,72875432,0,134,253,139,0,0
948,72885432,0,134,247,118,0,0
949,72895432,0,135,233,103,0,0
950,72905432,0,132,219,93,0,0
951,72915432,0,134,215,83,0,0
952,72925432,0,127,205,76,0,0
953,72935432,0,100,178,51,0,0
954,72945432,0,129,199,69,0,0
955,72955432,0,134,201,58,0,0
956,72965432,0,136,201,60,0,0
957,72975432,0,134,201,58,0,0
958,72985432,0,134,202,58,0,0
959,72995432,0,128,205,58,0,0
960,73005432,0,124,206,59,0,0
961,73015432,0,120,206,58,0,0
962,73025432,0,113,205,59,0,0
963,73035432,0,107,203,55,0,0
964,73045432,0,103,200,51,0,0
965,73055432,0,93,198,43,0,0
966,73065432,0,91,201,42,0,0
967,73075432,0,90,209,46,0,0
968,73085432,0,86,215,51,0,0
969,73095432,0,78,209,45,0,0
970,73105432,0,71,209,49,0,0
971,73115432,0,62,209,48,0,0
972,73125432,0,53,211,50,0,0
973,73135432,0,53,218,50,0,0
974,73145432,0,48,204,48,0,0
975,73155432,0,44,198,47,0,0
976,73165432,0,44,200,46,0,0
977,73175432,0,77,214,35,0,0
978,73185432,0,109,212,33,0,0
979,73195432,0,131,188,28,0,0
980,73205432,0,143,166,22,0,0
981,73215432,0,149,149,22,0,0
982,73225432,0,137,140,17,0,0
983,73235432,0,137,125,15,0,0
984,73245432,0,145,128,23,0,0
985,73255432,0,162,129,16,0,0
986,73265432,0,169,135,21,0,0
987,73275432,0,184,136,29,0,0
988,73285432,0,197,138,29,0,0
989,73295432,0,210,138,25,0,0
990,73305432,0,211,134,28,0,0
991,73315432,0,222,134,29,0,0
992,73325432,0,234,128,32,0,0
993,73335432,0,247,129,24,0,0
994,73345432,0,266,133,32,0,0
995,73355432,0,291,134,34,0,0
996,73365432,0,339,136,35,0,0
997,73375432,0,386,139,36,0,0
998,73385432,0,436,139,30,0,0
999,73395432,0,493,136,31,0,0
1000,73405432,0,574,136,42,0,0
1001,73415432,0,680,153,31,0,0
1002,73425432,0,825,159,35,0,0
1003,73435432,0,962,172,49,0,0
1004,73445432,0,1055,204,74,0,0
1005,73455432,0,1119,267,107,0,0
1006,73465432,0,1151,331,148,0,0
1007,73475432,0,1176,365,199,0,0
1008,73485432,0,1193,426,238,0,0
1009,73495432,0,1208,482,281,0,0
1010,73505432,0,1227,528,317,0,0
1011,73515432,0,1241,575,361,0,0
1012,73525432,0,1250,616,401,0,8
1013,73535432,0,1258,642,421,0,30
1014,73545432,0,1268,669,461,0,54
1015,73555432,0,1274,695,485,0,83
1016,73565432,0,1285,727,512,0,105
1017,73575432,0,1298,757,555,0,135
1018,73585432,0,1308,803,592,0,155
1019,73595432,0,1319,843,621,0,177
1020,73605432,0,1330,872,649,0,204
1021,73615432,0,1340,893,678,0,230
1022,73625432,0,1351,916,706,0,245
1023,73635432,0,1359,933,728,0,260
1024,73645432,0,1315,881,731,0,267
1025,73655432,0,1381,961,760,0,280
1026,73665432,0,1391,979,781,0,291
1027,73675432,0,1411,995,796,0,307
1028,73685432,0,1409,1018,819,0,325
1029,73695432,0,1412,1042,843,0,337
1030,73705432,0,1413,1061,862,0,343
1031,73715432,0,1355,1002,872,0,353
1032,73725432,0,1416,1094,908,1,363
1033,73735432,0,1418,1106,924,7,367
1034,73745432,0,1418,1119,942,14,368
1035,73755432,0,1414,1129,958,20,375
1036,73765432,0,1415,1137,979,16,380
1037,73775432,0,1406,1146,997,24,382
1038,73785432,0,1401,1160,1015,30,392
1039,73795432,0,1399,1169,1032,43,397
1040,73805432,0,1391,1176,1047,45,403
1041,73815432,0,1384,1185,1058,49,399
1042,73825432,0,1380,1191,1069,48,391
1043,73835432,0,1372,1198,1083,50,382
1044,73845432,0,1289,1172,1096,51,373
1045,73855432,0,1354,1212,1107,48,368
1046,73865432,0,1342,1222,1117,52,367
1047,73875432,0,1334,1232,1132,55,375
1048,73885432,0,1331,1241,1143,56,381
1049,73895432,0,1324,1250,1163,59,389
1050,73905432,0,1224,1240,1102,59,396
1051,73915432,0,1317,1271,1198,63,401
1052,73925432,0,1310,1277,1210,70,408
1053,73935432,0,1307,1288,1224,70,419
1054,73945432,0,1303,1297,1237,73,421
1055,73955432,0,1301,1302,1246,74,422
1056,73965432,0,1300,1304,1255,76,427
1057,73975432,0,1297,1312,1261,76,431
1058,73985432,0,1292,1316,1267,78,434
1059,73995432,0,1287,1319,1274,79,0
1060,74005432,0,1278,1328,1284,84,0
1061,74015432,0,1273,1333,1290,86,0
1062,74025432,0,1267,1335,1298,89,0
1063,74035432,0,1260,1339,1301,94,0
1064,74045432,0,1255,1340,1304,93,0
1065,74055432,0,1251,1345,1305,97,0
1066,74065432,0,1244,1348,1307,102,0
1067,74075432,0,1241,1349,1309,106,0
1068,74085432,0,1238,1350,1311,108,0
1069,74095432,0,1143,1331,1226,109,0
1070,74105432,0,1229,1353,1317,111,0
1071,74115432,0,1226,1357,1319,111,0
1072,74125432,0,1223,1358,1320,118,0
1073,74135432,0,1218,1357,1322,120,0
1074,74145432,0,1212,1358,1323,115,0
1075,74155432,0,1208,1359,1312,93,0
1076,74165432,0,1205,1362,1326,120,0
1077,74175432,0,1198,1364,1327,119,0
1078,74185432,0,1193,1365,1329,119,0
1079,74195432,0,1187,1366,1332,124,0
1080,74205432,0,1180,1367,1333,123,0
1081,74215432,0,1173,1368,1335,128,0
1082,74225432,0,1163,1368,1335,134,0
1083,74235432,0,1148,1369,1337,135,0
1084,74245432,0,1132,1370,1339,139,0
1085,74255432,0,1119,1371,1341,144,0
1086,74265432,0,1101,1373,1350,150,0
1087,74275432,0,1079,1374,1354,162,0
1088,74285432,0,1052,1377,1358,168,0
1089,74295432,0,1026,1378,1364,168,0
1090,74305432,0,985,1380,1367,175,0
1091,74315432,0,0,1380,1369,187,0
1092,74325432,0,0,1380,1371,198,0
1093,74335432,0,0,1380,1373,209,0
1094,74345432,0,0,1380,1375,216,0
1095,74355432,0,0,1380,1379,231,0
1096,74365432,0,0,1378,1378,237,0
1097,74375432,0,710,1373,1376,250,0
1098,74385432,0,653,1368,1374,249,0
1099,74395432,0,590,1359,1369,249,0
1100,74405432,0,521,1349,1365,251,0
1101,74415432,0,430,1337,1362,263,0
1102,74425432,0,331,1325,1356,269,0
1103,74435432,0,229,1313,1354,277,0
1104,74445432,0,137,1296,1347,279,0
1105,74455432,0,54,1272,1336,281,0
1106,74465432,0,17,1245,1325,274,0
1107,74475432,0,0,1209,1315,280,0
1108,74485432,0,0,1172,1297,304,0
1109,74495432,0,0,1113,1269,310,0
1110,74505432,0,0,1051,1241,310,0
1111,74515432,0,0,995,1207,295,0
1112,74525432,0,0,949,1167,259,0
1113,74535432,0,0,912,1125,214,0
1114,74545432,0,0,877,1078,158,0
1115,74555432,0,0,843,1035,92,0
1116,74565432,0,0,798,978,54,0
1117,74575432,0,0,759,931,2,0
1118,74585432,0,0,714,873,0,0
1119,74595432,0,0,678,807,0,0
1120,74605432,0,0,649,755,0,190
1121,74615432,0,0,622,701,0,94
1122,74625432,0,0,599,643,0,19
1123,74635432,0,0,566,580,0,0
1124,74645432,0,0,541,522,0,0
1125,74655432,0,0,503,463,0,0
1126,74665432,0,0,473,409,0,0
1127,74675432,0,0,442,369,0,0
1128,74685432,0,0,410,327,0,0
1129,74695432,0,0,383,282,0,0
1130,74705432,0,0,365,251,0,0
1131,74715432,0,0,349,220,0,0
1132,74725432,0,0,337,192,0,0
1133,74735432,0,0,321,185,0,0
1134,74745432,0,0,316,153,0,0
1135,74755432,0,0,313,134,0,0
1136,74765432,0,0,305,111,0,0
1137,74775432,0,0,296,104,0,0
1138,74785432,0,0,286,102,0,0
1139,74795432,0,0,283,94,0,0
1140,74805432,0,0,273,82,0,0
1141,74815432,0,0,267,91,0,0
1142,74825432,0,0,268,91,0,0
1143,74835432,0,0,264,81,0,0
1144,74845432,0,0,255,74,0,0
1145,74855432,0,0,246,82,0,0
1146,74865432,0,0,244,67,0,0
1147,74875432,0,0,235,72,0,0
1148,74885432,0,0,231,64,0,0
1149,74895432,0,0,226,59,0,0
1150,74905432,0,0,227,57,0,0
1151,74915432,0,0,224,55,0,0
1152,74925432,0,0,220,58,0,0
1153,74935432,0,0,208,41,0,0
1154,74945432,0,0,208,56,0,0
1155,74955432,0,0,217,61,0,0
1156,74965432,0,0,205,57,0,0
1157,74975432,0,0,199,55,0,0
1158,74985432,0,0,191,54,0,0
1159,74995432,0,0,214,55,0,0
1160,75005432,0,0,219,54,0,0
1161,75015432,0,4,207,43,0,0
1162,75025432,0,44,198,44,0,0
1163,75035432,0,56,169,41,0,0
1164,75045432,0,63,150,32,0,0
1165,75055432,0,55,136,25,0,0
1166,75065432,0,62,123,23,0,0
1167,75075432,0,56,119,26,0,0
1168,75085432,0,48,113,18,0,0
1169,75095432,0,38,105,18,0,0
1170,75105432,0,28,96,19,0,0
1171,75115432,0,35,89,13,0,0
1172,75125432,0,39,88,14,0,0
1173,75135432,0,50,86,14,0,0
1174,75145432,0,53,87,12,0,0
1175,75155432,0,57,90,15,0,0
1176,75165432,0,60,93,13,0,0
1177,75175432,0,72,100,13,0,0
1178,75185432,0,58,99,3,0,0
1179,75195432,0,109,105,18,0,0
1180,75205432,0,122,105,17,0,0
1181,75215432,1,148,107,18,0,0
1182,75225432,0,178,107,18,0,0
1183,75235432,0,217,106,17,0,0
1184,75245432,0,259,105,19,0,0
1185,75255432,0,341,103,24,0,0
1186,75265432,0,456,93,28,0,0
1187,75275432,2,598,98,35,0,0
1188,75285432,0,730,106,18,0,0
1189,75295432,0,871,118,15,0,0
1190,75305432,0,1012,142,26,0,0
1191,75315432,0,1079,166,35,0,0
1192,75325432,0,1144,218,57,0,0
1193,75335432,0,1179,276,88,0,0
1194,75345432,0,1201,313,138,0,0
1195,75355432,0,1213,364,187,0,0
1196,75365432,0,1228,424,230,0,0
1197,75375432,0,1238,483,278,0,0
1198,75385432,0,1217,511,312,0,0
1199,75395432,0,1257,581,372,0,0
1200,75405432,0,1274,622,414,0,0
1201,75415432,0,1292,667,448,0,0
1202,75425432,0,1315,698,484,0,0
1203,75435432,0,1330,730,522,0,0
1204,75445432,0,1357,766,545,0,0
1205,75455432,0,1379,806,572,0,0
1206,75465432,0,1400,836,602,0,0
1207,75475432,0,1420,867,623,0,0
1208,75485432,0,1436,886,641,0,3
1209,75495432,0,1452,913,664,0,21
1210,75505432,0,1465,930,688,0,38
1211,75515432,0,1479,948,716,0,57
1212,75525432,0,1485,968,741,0,76
1213,75535432,0,1489,987,760,0,107
1214,75545432,0,1494,1012,787,0,136
1215,75555432,0,1496,1033,803,0,157
1216,75565432,0,1497,1049,823,0,184
1217,75575432,0,1402,1021,798,0,184
1218,75585432,0,1495,1073,861,0,230
1219,75595432,0,1494,1079,873,0,245
1220,75605432,0,1487,1090,888,0,253
1221,75615432,0,1481,1097,897,0,263
1222,75625432,0,1469,1103,910,0,267
1223,75635432,0,1462,1110,921,1,275
1224,75645432,0,1453,1117,928,5,283
1225,75655432,0,1446,1125,940,11,287
1226,75665432,0,1436,1131,949,13,293
1227,75675432,0,1428,1141,966,20,300
1228,75685432,0,1418,1147,982,24,314
1229,75695432,0,1406,1157,998,26,320
1230,75705432,0,1401,1166,1015,30,339
1231,75715432,0,1390,1174,1032,37,343
1232,75725432,0,1385,1181,1043,42,354
1233,75735432,0,1382,1190,1053,49,357
1234,75745432,0,1379,1195,1065,56,360
1235,75755432,0,1375,1199,1075,61,372
1236,75765432,0,1371,1206,1082,65,381
1237,75775432,0,1369,1213,1093,70,391
1238,75785432,0,1366,1223,1104,72,395
1239,75795432,0,1363,1228,1111,73,401
1240,75805432,0,1361,1234,1118,74,407
1241,75815432,0,1360,1237,1124,76,410
1242,75825432,0,1359,1241,1129,76,410
1243,75835432,0,1355,1244,1137,76,413
1244,75845432,0,1351,1246,1142,79,415
1245,75855432,0,1338,1250,1148,83,421
1246,75865432,0,1328,1252,1158,88,424
1247,75875432,0,1320,1255,1163,92,429
1248,75885432,0,1316,1256,1166,91,433
1249,75895432,0,1309,1257,1174,95,438
1250,75905432,0,1307,1261,1178,99,442
1251,75915432,0,1306,1263,1182,98,443
1252,75925432,0,1303,1264,1184,96,443
1253,75935432,0,1300,1266,1190,97,441
1254,75945432,0,1299,1267,1193,95,0
1255,75955432,0,1295,1269,1195,100,0
1256,75965432,0,1292,1271,1199,103,0
1257,75975432,0,1288,1273,1204,103,0
1258,75985432,0,1276,1275,1206,109,0
1259,75995432,0,1269,1277,1209,106,0
1260,76005432,0,1263,1283,1212,108,0
1261,76015432,0,1257,1285,1222,109,0
1262,76025432,0,1249,1286,1226,121,0
1263,76035432,0,1234,1290,1235,121,0
1264,76045432,0,1233,1292,1238,125,0
1265,76055432,0,1226,1295,1244,136,0
1266,76065432,0,1214,1297,1251,133,0
1267,76075432,0,1205,1300,1256,132,0
1268,76085432,0,1195,1303,1262,145,0
1269,76095432,0,1181,1305,1269,148,0
1270,76105432,0,1167,1307,1275,159,0
1271,76115432,0,1144,1313,1283,170,1
1272,76125432,0,1116,1317,1289,177,0
1273,76135432,0,1086,1318,1294,190,0
1274,76145432,0,1050,1321,1301,205,0
1275,76155432,0,1002,1323,1304,220,0
1276,76165432,0,954,1324,1310,231,0
1277,76175432,0,0,1325,1315,247,0
1278,76185432,0,0,1325,1319,260,0
1279,76195432,0,0,1325,1323,266,0
1280,76205432,0,743,1323,1324,277,0
1281,76215432,0,667,1322,1324,285,0
1282,76225432,0,593,1320,1333,300,0
1283,76235432,0,486,1317,1335,314,0
1284,76245432,0,371,1309,1338,334,0
1285,76255432,0,235,1303,1340,345,0
1286,76265432,0,132,1291,1337,360,0
1287,76275432,0,32,1274,1343,369,664
1288,76285432,0,0,1255,1342,381,664
1289,76295432,0,0,1233,1334,418,676
1290,76305432,0,0,1194,1322,450,659
1291,76315432,0,0,1150,1311,461,640
1292,76325432,0,0,1091,1286,430,614
1293,76335432,0,0,1032,1249,392,571
1294,76345432,0,0,967,1203,342,524
1295,76355432,0,0,919,1154,252,470
1296,76365432,0,0,876,1104,202,403
1297,76375432,0,0,827,1052,123,339
1298,76385432,0,0,791,982,66,272
1299,76395432,0,0,743,933,6,185
1300,76405432,0,0,714,865,0,102
1301,76415432,0,0,687,790,0,35
1302,76425432,0,0,664,744,0,0
1303,76435432,0,0,632,676,0,0
1304,76445432,0,0,617,617,0,0
1305,76455432,0,0,570,554,0,0
1306,76465432,0,0,543,485,0,0
1307,76475432,0,0,499,414,0,0
1308,76485432,0,0,469,359,0,0
1309,76495432,0,0,431,309,0,0
1310,76505432,0,0,400,253,0,0
1311,76515432,0,0,362,221,0,0
1312,76525432,0,0,324,184,0,0
1313,76535432,0,0,297,150,0,0
1314,76545432,0,0,277,117,0,0
1315,76555432,0,0,260,103,0,0
1316,76565432,0,0,248,100,0,0
1317,76575432,0,0,248,99,0,0
1318,76585432,0,0,237,90,0,0
1319,76595432,0,0,232,84,0,0
1320,76605432,0,0,231,82,0,0
1321,76615432,0,0,226,78,0,0
1322,76625432,0,0,222,76,0,0
1323,76635432,0,0,213,73,0,0
1324,76645432,1,0,202,72,0,0
1325,76655432,0,0,200,70,0,0
1326,76665432,0,0,193,63,0,0
1327,76675432,0,0,200,68,0,0
1328,76685432,0,0,200,59,0,0
1329,76695432,0,0,194,61,0,0
1330,76705432,0,0,187,60,0,0
1331,76715432,0,0,189,58,0,0
1332,76725432,0,0,183,57,0,0
1333,76735432,0,0,183,57,0,0
1334,76745432,0,0,184,58,0,0
1335,76755432,0,0,182,59,0,0
1336,76765432,0,0,169,55,0,0
1337,76775432,0,0,160,51,0,0
1338,76785432,0,0,157,47,0,0
1339,76795432,0,0,151,44,0,0
1340,76805432,0,0,163,42,0,0
1341,76815432,0,0,154,36,0,0
1342,76825432,0,0,131,31,0,0
1343,76835432,0,0,106,25,0,0
1344,76845432,0,0,84,21,0,0
1345,76855432,0,0,76,16,0,0
1346,76865432,0,0,67,10,0,0
1347,76875432,0,0,48,8,0,0
1348,76885432,0,0,24,3,0,0
1349,76895432,0,0,38,5,0,0
1350,76905432,0,0,33,5,0,0
1351,76915432,0,0,38,5,0,0
1352,76925432,0,0,36,5,0,0
1353,76935432,0,0,39,8,0,0
1354,76945432,0,0,42,10,0,0
1355,76955432,0,0,47,10,0,0
1356,76965432,0,0,47,13,0,0
1357,76975432,0,0,49,12,0,0
1358,76985432,0,0,46,10,0,0
1359,76995432,0,0,44,11,0,0
1360,77005432,0,0,44,9,0,0
1361,77015432,0,0,44,9,0,0
1362,77025432,0,0,40,8,0,0
1363,77035432,0,54,40,7,0,0
1364,77045432,0,82,39,6,0,0
1365,77055432,0,127,36,7,0,0
1366,77065432,0,177,38,8,0,0
1367,77075432,0,241,38,10,0,0
1368,77085432,0,290,29,10,0,0
1369,77095432,0,459,47,6,0,0
1370,77105432,0,608,56,9,0,0
1371,77115432,0,745,72,20,0,0
1372,77125432,0,857,127,64,0,0
1373,77135432,0,935,175,89,0,0
1374,77145432,0,989,217,113,0,0
1375,77155432,0,1021,264,160,0,0
1376,77165432,0,1044,310,201,0,0
1377,77175432,0,1046,342,232,0,0
1378,77185432,0,1050,372,270,0,0
1379,77195432,0,1051,423,313,0,0
1380,77205432,0,1062,470,356,0,23
1381,77215432,0,1064,505,398,0,53
1382,77225432,0,1056,541,439,0,107
1383,77235432,0,1051,584,476,0,155
1384,77245432,0,1057,616,506,0,185
1385,77255432,0,1063,658,540,0,229
1386,77265432,0,1077,693,573,0,270
1387,77275432,0,1095,723,602,0,298
1388,77285432,0,1115,756,632,0,325
1389,77295432,0,1140,788,655,0,349
1390,77305432,0,1164,823,682,0,368
1391,77315432,0,1181,858,714,7,395
1392,77325432,0,1203,884,742,24,405
1393,77335432,0,1227,913,764,32,416
1394,77345432,0,1250,935,790,40,413
1395,77355432,0,1267,955,811,49,415
1396,77365432,0,1288,980,839,54,414
1397,77375432,0,1305,1004,865,58,408
1398,77385432,0,1319,1024,885,59,404
1399,77395432,0,1332,1046,906,58,399
1400,77405432,0,1340,1063,923,65,360
1401,77415432,0,1352,1081,942,68,390
1402,77425432,0,1360,1098,957,69,379
1403,77435432,0,1368,1111,973,73,375
1404,77445432,0,1374,1122,986,72,363
1405,77455432,0,1377,1131,998,73,359
1406,77465432,0,1378,1140,1009,72,353
1407,77475432,0,1308,1116,1021,70,346
1408,77485432,0,1382,1159,1035,74,343
1409,77495432,0,1381,1165,1045,76,343
1410,77505432,0,1380,1173,1052,74,336
1411,77515432,0,1378,1179,1062,75,337
1412,77525432,0,1374,1186,1075,77,342
1413,77535432,0,1283,1149,1031,53,311
1414,77545432,0,1369,1193,1095,76,331
1415,77555432,0,1368,1201,1104,75,331
1416,77565432,0,1365,1206,1111,75,323
1417,77575432,0,1359,1213,1117,76,326
1418,77585432,0,1356,1221,1128,78,324
1419,77595432,0,1352,1228,1137,76,328
1420,77605432,0,1266,1190,1096,56,314
1421,77615432,0,1351,1240,1161,79,336
1422,77625432,0,1351,1247,1171,82,335
1423,77635432,0,1353,1254,1178,84,344
1424,77645432,0,1354,1257,1188,84,348
1425,77655432,0,1354,1262,1197,86,349
1426,77665432,0,1351,1269,1195,61,336
1427,77675432,0,1355,1273,1213,89,366
1428,77685432,0,1355,1279,1226,96,371
1429,77695432,0,1355,1285,1229,90,374
1430,77705432,0,1354,1290,1236,88,374
1431,77715432,0,1354,1291,1241,91,380
1432,77725432,0,1353,1295,1244,92,384
1433,77735432,0,1352,1298,1248,88,388
1434,77745432,0,1349,1302,1253,85,389
1435,77755432,0,1341,1303,1255,83,390
1436,77765432,0,1338,1305,1258,82,393
1437,77775432,0,1334,1306,1259,84,393
1438,77785432,0,1328,1306,1266,80,391
1439,77795432,0,1324,1309,1266,76,389
1440,77805432,0,1319,1307,1258,76,391
1441,77815432,0,1318,1307,1258,76,383
1442,77825432,0,1318,1307,1257,71,378
1443,77835432,0,1318,1310,1271,62,372
1444,77845432,0,1321,1309,1266,59,365
1445,77855432,0,1228,1290,1182,48,359
1446,77865432,0,1325,1308,1268,43,348
1447,77875432,0,1327,1310,1268,41,343
1448,77885432,0,1332,1311,1274,39,339
1449,77895432,0,1334,1311,1273,37,335
1450,77905432,0,1337,1312,1272,38,331
1451,77915432,0,1338,1245,1240,13,324
1452,77925432,0,1339,1315,1277,39,335
1453,77935432,0,1337,1318,1279,38,337
1454,77945432,0,1335,1320,1285,39,340
1455,77955432,0,1333,1320,1288,38,343
1456,77965432,0,1326,1321,1291,37,349
1457,77975432,0,1317,1322,1293,45,355
1458,77985432,0,1307,1324,1295,42,358
1459,77995432,0,1302,1326,1299,57,361
1460,78005432,0,1287,1332,1302,47,360
1461,78015432,0,1274,1333,1305,51,0
1462,78025432,0,1258,1337,1309,58,0
1463,78035432,0,1247,1340,1313,67,0
1464,78045432,0,1229,1346,1319,73,0
1465,78055432,0,1207,1351,1324,73,0
1466,78065432,0,1188,1353,1325,84,0
1467,78075432,0,1165,1353,1327,89,0
1468,78085432,2,1146,1355,1331,80,0
1469,78095432,0,1109,1357,1333,82,0
1470,78105432,0,1078,1358,1335,90,0
1471,78115432,0,0,1359,1340,97,0
1472,78125432,0,0,1358,1340,103,0
1473,78135432,0,0,1355,1341,123,0
1474,78145432,0,0,1352,1343,133,0
1475,78155432,0,788,1342,1343,141,0
1476,78165432,0,715,1333,1342,150,0
1477,78175432,0,588,1293,1244,155,0
1478,78185432,0,540,1318,1339,167,0
1479,78195432,0,455,1306,1337,176,0
1480,78205432,0,351,1291,1334,181,0
1481,78215432,0,232,1270,1328,184,0
1482,78225432,0,158,1249,1320,191,0
1483,78235432,0,84,1219,1308,207,0
1484,78245432,0,43,1182,1291,225,0
1485,78255432,0,23,1139,1268,232,0
1486,78265432,0,2,1085,1244,254,0
1487,78275432,0,0,1024,1211,253,0
1488,78285432,0,0,958,1173,256,0
1489,78295432,0,0,911,1135,261,0
1490,78305432,0,0,859,1102,244,0
1491,78315432,0,0,809,1067,230,518
1492,78325432,0,0,769,1029,207,494
1493,78335432,0,0,733,979,151,441
1494,78345432,0,0,693,932,89,388
1495,78355432,0,0,667,889,41,312
1496,78365432,0,0,629,828,0,216
1497,78375432,0,0,598,758,0,145
1498,78385432,0,0,581,700,0,73
1499,78395432,0,0,554,660,0,14
1500,78405432,0,0,538,618,0,0
1501,78415432,0,0,522,566,0,0
1502,78425432,0,0,500,519,0,0
1503,78435432,0,0,476,462,0,0
1504,78445432,0,0,445,408,0,0
1505,78455432,0,0,426,360,0,0
1506,78465432,0,0,407,319,0,0
1507,78475432,0,0,378,272,0,0
1508,78485432,0,0,349,244,0,0
1509,78495432,0,0,335,213,0,0
1510,78505432,0,0,313,167,0,0
1511,78515432,0,0,294,150,0,0
1512,78525432,0,0,287,131,0,0
1513,78535432,0,0,273,124,0,0
1514,78545432,0,0,267,116,0,0
1515,78555432,0,0,264,107,0,0
1516,78565432,0,0,268,107,0,0
1517,78575432,0,0,265,102,0,0
1518,78585432,0,0,270,97,0,0
1519,78595432,0,0,268,99,0,0
1520,78605432,0,0,268,91,0,0
1521,78615432,0,0,265,91,0,0
1522,78625432,0,0,261,86,0,0
1523,78635432,0,0,260,83,0,0
1524,78645432,0,0,246,82,0,0
1525,78655432,0,0,244,77,0,0
1526,78665432,0,0,237,75,0,0
1527,78675432,0,0,234,74,0,0
1528,78685432,0,0,233,72,0,0
1529,78695432,0,0,236,75,0,0
1530,78705432,0,0,246,81,0,0
1531,78715432,0,0,252,85,0,0
1532,78725432,0,2,258,87,0,0
1533,78735432,0,0,255,88,0,0
1534,78745432,0,1,249,85,0,0
1535,78755432,0,1,248,86,0,0
1536,78765432,0,0,246,89,0,0
1537,78775432,0,0,243,87,0,0
1538,78785432,0,0,240,88,0,0
1539,78795432,0,0,227,87,0,0
1540,78805432,0,0,211,74,0,0
1541,78815432,0,0,204,70,0,0
1542,78825432,0,0,186,60,0,0
1543,78835432,0,0,180,60,0,0
1544,78845432,0,0,171,54,0,0
1545,78855432,0,0,169,51,0,0
1546,78865432,0,0,166,50,0,0
1547,78875432,0,0,165,52,0,0
1548,78885432,0,0,164,52,0,0
1549,78895432,0,0,163,49,0,0
1550,78905432,0,0,159,48,0,0
1551,78915432,0,0,160,45,0,0
1552,78925432,0,0,156,43,0,0
1553,78935432,0,0,152,41,0,0
1554,78945432,0,0,147,41,0,0
1555,78955432,0,0,146,37,0,0
1556,78965432,0,0,137,37,0,0
1557,78975432,0,0,127,36,0,0
1558,78985432,0,0,122,34,0,0
1559,78995432,0,0,120,30,0,0
1560,79005432,0,0,119,27,0,0
1561,79015432,0,0,109,20,0,1
1562,79025432,0,0,120,31,0,0
1563,79035432,0,0,124,36,0,0
1564,79045432,0,0,136,44,0,0
1565,79055432,0,0,139,52,0,0
1566,79065432,0,0,149,56,0,0
1567,79075432,0,0,158,60,0,0
1568,79085432,0,0,170,69,0,0
1569,79095432,0,0,180,80,0,0
1570,79105432,0,0,190,88,0,0
1571,79115432,0,0,198,88,0,0
1572,79125432,0,0,199,89,0,0
1573,79135432,0,0,204,97,0,0
1574,79145432,0,0,186,77,0,0
1575,79155432,0,0,219,118,0,0
1576,79165432,0,0,247,175,0,0
1577,79175432,0,0,279,232,0,0
1578,79185432,0,0,314,306,0,0
1579,79195432,0,0,360,380,0,0
1580,79205432,0,0,410,472,0,6
1581,79215432,0,0,454,561,58,144
1582,79225432,0,0,474,633,111,312
1583,79235432,0,0,509,691,166,431
1584,79245432,0,0,564,774,233,538
1585,79255432,0,0,610,844,279,615
1586,79265432,0,0,660,907,322,683
1587,79275432,0,0,733,959,370,736
1588,79285432,0,0,804,1012,404,0
1589,79295432,0,0,867,1068,421,0
1590,79305432,0,0,933,1121,430,0
1591,79315432,0,0,990,1162,437,0
1592,79325432,0,0,1051,1195,446,0
1593,79335432,0,0,1095,1226,453,0
1594,79345432,0,0,1137,1257,456,0
1595,79355432,0,0,1167,1281,462,0
1596,79365432,0,0,1188,1296,463,0
1597,79375432,0,0,1206,1305,465,0
1598,79385432,0,92,1214,1315,466,0
1599,79395432,0,130,1232,1320,475,0
1600,79405432,0,201,1240,1325,480,0
1601,79415432,0,246,1257,1333,487,0
1602,79425432,0,302,1268,1337,488,0
1603,79435432,0,368,1277,1340,493,0
1604,79445432,0,424,1286,1346,497,0
1605,79455432,0,455,1293,1352,501,0
1606,79465432,0,504,1297,1350,503,0
1607,79475432,0,557,1232,1318,456,0
1608,79485432,0,593,1305,1351,513,0
1609,79495432,0,648,1308,1351,524,0
1610,79505432,0,676,1313,1349,527,0
1611,79515432,0,726,1315,1346,538,0
1612,79525432,0,767,1304,1341,547,0
1613,79535432,0,759,1306,1335,553,970
1614,79545432,0,788,1264,1329,558,988
1615,79555432,0,795,1301,1322,561,994
1616,79565432,0,797,1298,1317,569,997
1617,79575432,0,833,1295,1307,582,999
1618,79585432,0,914,1290,1301,595,1002
1619,79595432,0,780,1283,1289,601,1003
1620,79605432,0,0,1272,1272,614,1011
1621,79615432,0,0,1259,1258,619,1016
1622,79625432,0,0,1258,1244,639,1012
1623,79635432,0,0,1245,1229,656,1015
1624,79645432,0,0,1237,1205,660,1014
1625,79655432,0,0,1223,1190,665,1017
1626,79665432,0,0,1215,1176,672,1020
1627,79675432,1,0,1173,1167,682,1024
1628,79685432,0,0,1198,1154,690,1028
1629,79695432,0,0,1194,1141,698,1029
1630,79705432,0,0,1187,1130,701,1032
1631,79715432,0,2,1180,1124,714,1033
1632,79725432,0,0,1172,1113,725,1035
1633,79735432,0,0,1179,1106,734,1035
1634,79745432,0,0,1169,1099,739,1033
1635,79755432,0,0,1166,1095,744,1036
1636,79765432,0,0,1163,1090,748,1039
1637,79775432,0,0,1162,1083,750,1035
1638,79785432,0,0,1157,1077,752,1034
1639,79795432,0,0,1157,1070,756,1032
1640,79805432,0,0,1147,1064,758,1027
1641,79815432,0,0,1150,1060,759,1019
1642,79825432,0,0,1137,1050,756,1015
1643,79835432,0,0,1138,1042,747,1010
1644,79845432,0,0,1121,1032,744,1002
1645,79855432,0,0,1120,1020,740,999
1646,79865432,0,0,1119,1008,735,993
1647,79875432,0,0,1079,1000,731,983
1648,79885432,0,0,1110,991,727,978
1649,79895432,0,1115,1105,983,713,966
1650,79905432,0,1131,1101,974,699,954
1651,79915432,0,1143,1095,965,684,941
1652,79925432,0,1156,1091,952,673,931
1653,79935432,0,1158,1088,945,661,923
1654,79945432,0,1164,1082,938,641,921
1655,79955432,0,1163,1083,930,632,922
1656,79965432,0,1160,1080,925,629,924
1657,79975432,0,1150,1074,920,630,925
1658,79985432,0,1143,1069,909,635,923
1659,79995432,0,1141,1062,897,642,0
1660,80005432,0,1131,1052,886,650,0
1661,80015432,0,1116,1046,873,655,0
1662,80025432,0,1108,1030,861,660,0
1663,80035432,0,1095,1015,854,663,935
1664,80045432,0,1086,1009,843,662,944
1665,80055432,0,1083,997,830,660,940
1666,80065432,0,1081,989,825,655,938
1667,80075432,0,1082,979,821,641,934
1668,80085432,0,1084,966,813,620,925
1669,80095432,0,1090,956,806,601,918
1670,80105432,0,1095,946,793,580,908
1671,80115432,0,1100,937,781,557,892
1672,80125432,0,1105,927,772,538,882
1673,80135432,0,1109,862,738,459,852
1674,80145432,0,1111,902,745,478,846
1675,80155432,0,1112,878,722,431,818
1676,80165432,0,1114,858,691,392,787
1677,80175432,0,1113,824,650,337,741
1678,80185432,0,1114,786,613,283,697
1679,80195432,0,1107,732,572,235,645
1680,80205432,0,1113,650,514,156,591
1681,80215432,0,1087,651,486,167,567
1682,80225432,0,0,616,447,125,527
1683,80235432,0,1104,571,410,105,472
1684,80245432,0,1093,533,364,78,427
1685,80255432,0,1070,490,317,56,374
1686,80265432,0,0,441,282,25,312
1687,80275432,0,932,357,202,0,217
1688,80285432,0,977,332,171,0,157
1689,80295432,0,936,286,116,0,85
1690,80305432,0,884,228,78,0,38
1691,80315432,0,829,153,41,0,0
1692,80325432,0,760,105,10,0,0
1693,80335432,0,685,72,0,0,0
1694,80345432,0,620,47,0,0,0
1695,80355432,0,570,32,0,0,0
1696,80365432,0,505,25,0,0,0
1697,80375432,0,444,27,0,0,0
1698,80385432,0,388,26,0,0,0
1699,80395432,0,332,26,0,0,0
1700,80405432,0,282,25,0,0,0
1701,80415432,0,264,28,0,0,0
1702,80425432,0,236,35,0,0,0
1703,80435432,0,203,38,0,0,0
1704,80445432,0,180,42,0,0,0
1705,80455432,0,154,44,0,0,0
1706,80465432,0,121,52,0,0,0
1707,80475432,0,116,56,0,0,0
1708,80485432,0,112,59,0,0,0
1709,80495432,0,110,72,0,0,0
1710,80505432,0,118,76,0,0,0
1711,80515432,0,117,83,0,0,0
1712,80525432,0,88,76,0,0,0
1713,80535432,0,109,90,0,0,0
1714,80545432,0,115,87,0,0,0
1715,80555432,0,121,86,0,0,0
1716,80565432,0,133,86,0,0,0
1717,80575432,0,134,85,0,0,0
1718,80585432,0,134,77,0,0,0
1719,80595432,0,128,73,0,0,0
1720,80605432,0,126,69,1,0,0
1721,80615432,0,119,65,0,0,0
1722,80625432,0,116,57,0,0,0
1723,80635432,0,121,55,0,0,0
1724,80645432,0,119,52,0,0,0
1725,80655432,0,124,46,0,0,0
1726,80665432,0,121,42,0,0,0
1727,80675432,0,124,40,0,0,0
1728,80685432,0,123,39,0,0,0
1729,80695432,0,124,37,2,0,0
1730,80705432,0,123,32,0,0,0
1731,80715432,0,125,36,0,0,0
1732,80725432,0,124,14,0,0,0
1733,80735432,0,123,34,0,0,0
1734,80745432,0,123,35,0,0,0
1735,80755432,0,124,33,0,0,0
1736,80765432,0,122,32,0,0,0
1737,80775432,0,117,31,0,0,0
1738,80785432,0,107,29,0,0,0
1739,80795432,0,101,12,0,0,0
1740,80805432,0,91,38,0,0,0
1741,80815432,0,87,33,0,0,0
1742,80825432,0,86,31,0,0,0
1743,80835432,0,85,37,0,0,0
1744,80845432,0,83,36,0,0,0
1745,80855432,0,77,38,0,0,0
1746,80865432,0,70,37,0,0,0
1747,80875432,0,68,37,0,0,0
1748,80885432,0,60,37,0,3,0
1749,80895432,0,59,35,0,0,0
1750,80905432,0,56,37,0,0,0
1751,80915432,0,57,35,0,0,0
1752,80925432,0,143,40,0,0,0
1753,80935432,0,200,42,0,0,0
1754,80945432,0,221,38,0,0,0
1755,80955432,0,223,42,0,0,0
1756,80965432,0,223,42,0,0,0
1757,80975432,0,227,43,0,0,0
1758,80985432,0,239,42,0,0,0
1759,80995432,0,246,25,0,0,0
1760,81005432,0,269,48,0,0,0
1761,81015432,0,293,46,0,0,0
1762,81025432,0,332,44,0,0,0
1763,81035432,0,361,44,0,0,0
1764,81045432,0,414,46,0,0,0
1765,81055432,0,477,49,0,0,0
1766,81065432,0,550,51,0,0,0
1767,81075432,0,629,52,0,0,0
1768,81085432,0,717,50,0,0,0
1769,81095432,0,814,57,7,0,0
1770,81105432,2,918,54,0,0,0
1771,81115432,0,1040,66,0,0,0
1772,81125432,0,1127,106,12,0,0
1773,81135432,0,1180,206,70,0,0
1774,81145432,0,1212,307,141,0,0
1775,81155432,0,1233,396,223,0,0
1776,81165432,0,1269,530,324,0,0
1777,81175432,0,1276,617,421,0,0
1778,81185432,0,1198,686,502,0,0
1779,81195432,0,1305,760,593,0,0
1780,81205432,0,1309,835,650,0,0
1781,81215432,0,1314,878,721,0,0
1782,81225432,0,1317,930,774,0,0
1783,81235432,0,1320,976,816,0,23
1784,81245432,0,1322,963,838,0,49
1785,81255432,0,1325,1055,901,0,83
1786,81265432,0,1332,1085,926,0,106
1787,81275432,0,1339,1116,958,0,123
1788,81285432,0,1340,1139,989,0,146
1789,81295432,0,1341,1163,1013,4,160
1790,81305432,0,1350,1182,1043,12,176
1791,81315432,0,1350,1193,1064,18,187
1792,81325432,0,1351,1210,1082,23,212
1793,81335432,0,1353,1227,1103,28,217
1794,81345432,0,1353,1245,1126,33,0
1795,81355432,0,1349,1259,1147,42,0
1796,81365432,0,1339,1275,1173,48,250
1797,81375432,0,1329,1291,1196,56,267
1798,81385432,0,1320,1304,1213,70,279
1799,81395432,0,1310,1314,1239,76,288
1800,81405432,0,1301,1324,1255,87,306
1801,81415432,0,1290,1343,1266,93,323
1802,81425432,0,1168,1356,1278,103,342
1803,81435432,0,0,1367,1295,109,354
1804,81445432,0,1208,1373,1305,117,361
1805,81455432,0,1148,1381,1317,133,377
1806,81465432,0,0,1386,1326,149,392
1807,81475432,0,0,1393,1335,155,405
1808,81485432,0,0,1398,1344,164,419
1809,81495432,0,0,1402,1355,173,433
1810,81505432,0,0,1406,1363,182,441
1811,81515432,0,0,1413,1368,190,454
1812,81525432,0,0,1414,1372,203,470
1813,81535432,0,0,1416,1380,216,484
1814,81545432,0,0,1418,1385,220,493
1815,81555432,0,0,1419,1389,232,504
1816,81565432,0,0,1422,1391,244,518
1817,81575432,0,0,1424,1397,245,522
1818,81585432,0,0,1426,1399,247,527
1819,81595432,0,0,1428,1402,254,533
1820,81605432,0,0,1429,1405,259,536
1821,81615432,0,906,1430,1409,267,536
1822,81625432,0,896,1431,1414,268,538
1823,81635432,0,764,1433,1411,267,501
1824,81645432,0,797,1433,1418,273,551
1825,81655432,0,814,1434,1419,278,554
1826,81665432,0,866,1434,1420,282,556
1827,81675432,0,885,1434,1422,280,563
1828,81685432,0,871,1435,1426,283,566
1829,81695432,0,861,1436,1427,292,572
1830,81705432,0,847,1436,1429,296,580
1831,81715432,0,833,1437,1430,301,583
1832,81725432,0,802,1437,1431,307,583
1833,81735432,0,791,1438,1432,312,584
1834,81745432,0,781,1440,1434,311,591
1835,81755432,0,760,1439,1435,320,591
1836,81765432,0,738,1442,1438,316,594
1837,81775432,0,716,1443,1442,332,600
1838,81785432,0,687,1444,1445,345,603
1839,81795432,0,665,1445,1448,356,615
1840,81805432,0,623,1446,1453,365,619
1841,81815432,0,588,1447,1458,373,628
1842,81825432,0,554,1447,1461,383,633
1843,81835432,0,520,1448,1465,399,643
1844,81845432,0,456,1449,1469,407,646
1845,81855432,0,393,1450,1476,417,650
1846,81865432,0,329,1449,1480,423,650
1847,81875432,0,248,1448,1483,430,649
1848,81885432,0,0,1373,1449,388,646
1849,81895432,0,0,1442,1490,452,659
1850,81905432,0,0,1436,1491,459,655
1851,81915432,0,0,1428,1493,470,662
1852,81925432,0,0,1413,1494,472,648
1853,81935432,0,0,1394,1493,468,664
1854,81945432,0,0,1370,1490,453,667
1855,81955432,0,0,1298,1481,415,652
1856,81965432,0,0,1297,1462,392,633
1857,81975432,0,0,1251,1447,374,613
1858,81985432,0,0,1205,1420,366,584
1859,81995432,0,0,1161,1383,331,534
1860,82005432,0,0,1110,1336,289,508
1861,82015432,0,0,1053,1286,216,469
1862,82025432,0,0,999,1226,135,382
1863,82035432,0,0,945,1153,74,296
1864,82045432,0,0,895,1081,18,208
1865,82055432,0,0,841,1001,0,136
1866,82065432,0,0,781,941,0,67
1867,82075432,0,0,728,876,0,2
1868,82085432,0,0,682,819,0,0
1869,82095432,0,0,646,741,0,0
1870,82105432,0,0,592,664,0,0
1871,82115432,0,0,555,578,0,0
1872,82125432,0,0,529,494,0,0
1873,82135432,0,0,474,423,0,0
1874,82145432,0,0,445,367,0,0
1875,82155432,0,0,403,308,0,0
1876,82165432,0,0,370,267,0,0
1877,82175432,0,0,339,236,0,0
1878,82185432,0,0,308,192,0,0
1879,82195432,0,0,292,175,0,0
1880,82205432,0,0,283,158,0,0
1881,82215432,0,0,274,141,0,0
1882,82225432,0,0,272,120,0,0
1883,82235432,0,0,266,110,0,0
1884,82245432,0,0,268,104,0,0
1885,82255432,0,0,272,104,0,1
1886,82265432,0,0,275,100,0,0
1887,82275432,0,0,271,101,0,0
1888,82285432,0,0,275,101,0,0
1889,82295432,0,0,277,98,0,0
1890,82305432,0,0,276,101,0,0
1891,82315432,0,0,277,103,0,0
1892,82325432,0,0,278,100,0,0
1893,82335432,0,0,281,99,0,0
1894,82345432,0,0,284,97,0,0
1895,82355432,0,0,282,92,0,0
1896,82365432,0,0,279,97,0,0
1897,82375432,0,4,280,94,0,0
1898,82385432,0,0,284,95,2,0
1899,82395432,0,0,278,90,0,0
1900,82405432,0,0,268,91,0,0
1901,82415432,0,0,264,89,3,0
1902,82425432,2,0,243,86,0,0
1903,82435432,0,0,232,79,0,0
1904,82445432,0,0,227,74,0,0
1905,82455432,0,0,217,72,0,0
1906,82465432,0,0,202,67,0,0
1907,82475432,0,0,190,64,0,0
1908,82485432,0,0,180,56,3,0
1909,82495432,0,0,170,53,0,0
1910,82505432,0,4,157,45,0,0
1911,82515432,0,0,153,45,0,0
1912,82525432,0,0,142,46,0,0
1913,82535432,0,0,150,43,0,0
1914,82545432,0,0,131,41,0,0
1915,82555432,0,0,101,30,0,0
1916,82565432,0,0,88,23,0,0
1917,82575432,0,0,82,20,0,0
1918,82585432,0,0,69,16,0,0
1919,82595432,0,0,63,12,0,0
1920,82605432,0,0,56,12,0,0
1921,82615432,0,0,56,12,0,0
1922,82625432,0,0,54,8,0,0
1923,82635432,0,0,48,10,0,0
1924,82645432,0,0,48,9,0,0
1925,82655432,0,0,45,10,0,0
1926,82665432,0,0,54,10,0,0
1927,82675432,0,0,45,10,0,0
1928,82685432,0,3,49,11,0,0
1929,82695432,0,14,51,11,0,0
1930,82705432,0,33,54,12,0,0
1931,82715432,0,43,57,19,0,0
1932,82725432,2,77,61,21,0,0
1933,82735432,0,125,67,29,0,0
1934,82745432,0,198,68,35,0,0
1935,82755432,0,265,75,38,0,0
1936,82765432,0,419,78,37,0,0
1937,82775432,0,569,72,36,0,0
1938,82785432,0,713,81,38,0,0
1939,82795432,0,826,84,39,0,0
1940,82805432,0,927,107,49,0,0
1941,82815432,0,989,154,82,0,0
1942,82825432,0,1045,201,107,0,0
1943,82835432,0,1071,227,125,0,0
1944,82845432,0,1084,259,174,0,0
1945,82855432,0,1090,301,227,0,0
1946,82865432,0,1092,353,279,0,0
1947,82875432,0,1087,395,311,0,0
1948,82885432,0,1094,446,362,0,0
1949,82895432,0,1109,494,425,0,0
1950,82905432,0,1129,540,461,0,11
1951,82915432,0,1132,592,497,0,55
1952,82925432,0,1139,663,548,0,115
1953,82935432,0,1146,685,596,0,178
1954,82945432,0,1091,704,586,0,230
1955,82955432,0,1171,779,657,0,292
1956,82965432,0,1179,817,685,0,349
1957,82975432,0,1194,850,724,0,391
1958,82985432,0,1214,870,735,4,428
1959,82995432,0,1244,893,754,20,467
1960,83005432,0,1266,863,750,10,476
1961,83015432,0,1287,938,793,47,508
1962,83025432,0,1301,955,810,64,536
1963,83035432,0,1312,975,829,85,552
1964,83045432,0,1323,997,844,94,566
1965,83055432,0,1331,1019,862,108,580
1966,83065432,0,1337,1033,875,121,589
1967,83075432,0,1336,1050,887,137,597
1968,83085432,0,1350,1054,900,147,613
1969,83095432,0,1349,1063,910,155,621
1970,83105432,0,1341,1074,921,172,627
1971,83115432,0,1335,1080,929,186,635
1972,83125432,0,1325,1093,943,202,653
1973,83135432,0,1310,1099,952,214,670
1974,83145432,0,1290,1107,963,236,680
1975,83155432,0,1255,1112,972,251,691
1976,83165432,0,1213,1116,982,271,707
1977,83175432,0,1198,1123,993,288,722
1978,83185432,0,1192,1128,998,296,730
1979,83195432,0,1179,1132,1007,314,740
1980,83205432,0,1175,1138,1019,328,748
1981,83215432,0,1162,1143,1032,337,763
1982,83225432,0,1147,1146,1040,343,773
1983,83235432,0,1143,1149,1048,350,786
1984,83245432,0,1141,1159,1062,363,792
1985,83255432,0,1142,1164,1068,368,801
1986,83265432,0,1075,1135,1078,380,808
1987,83275432,0,1141,1174,1084,395,812
1988,83285432,0,1138,1179,1094,396,818
1989,83295432,0,1135,1185,1099,407,824
1990,83305432,0,1134,1187,1105,406,828
1991,83315432,0,1132,1190,1110,417,836
1992,83325432,0,1131,1194,1115,425,840
1993,83335432,0,1123,1196,1120,433,846
1994,83345432,0,1121,1197,1123,439,849
1995,83355432,0,1115,1200,1125,446,855
1996,83365432,0,1108,1200,1127,453,860
1997,83375432,0,1099,1202,1130,460,863
1998,83385432,0,1088,1204,1133,468,863
1999,83395432,0,1077,1206,1135,481,868
2000,83405432,0,1059,1208,1141,489,871
2001,83415432,0,1047,1208,1142,493,868
2002,83425432,0,1034,1209,1146,502,0
2003,83435432,0,1015,1210,1150,517,0
2004,83445432,0,997,1212,1158,526,0
2005,83455432,0,981,1213,1164,536,0
2006,83465432,0,966,1217,1169,542,0
2007,83475432,0,950,1221,1174,552,0
2008,83485432,0,933,1222,1177,559,0
2009,83495432,0,922,1223,1181,567,0
2010,83505432,0,907,1225,1188,572,0
2011,83515432,0,0,1228,1195,585,0
2012,83525432,0,0,1233,1201,599,0
2013,83535432,0,0,1170,1169,574,0
2014,83545432,0,0,1238,1221,623,0
2015,83555432,0,0,1240,1230,635,0
2016,83565432,0,0,1243,1238,651,0
2017,83575432,0,0,0,1246,669,0
2018,83585432,0,0,0,1251,692,0
2019,83595432,0,0,1153,1259,711,0
2020,83605432,0,0,1160,1234,653,0
2021,83615432,0,0,1251,1275,743,0
2022,83625432,0,0,1256,1289,761,0
2023,83635432,0,0,1258,1295,790,0
2024,83645432,0,418,1258,1303,815,0
2025,83655432,0,355,1258,1307,843,0
2026,83665432,0,297,1261,1315,860,0
2027,83675432,0,231,1260,1324,876,0
2028,83685432,0,171,1257,1327,904,0
2029,83695432,0,103,1254,1329,924,0
2030,83705432,0,35,1243,1337,937,0
2031,83715432,0,0,1233,1338,957,0
2032,83725432,0,0,1211,1337,975,0
2033,83735432,0,0,1189,1330,992,0
2034,83745432,0,0,1157,1328,1002,0
2035,83755432,0,0,1120,1323,1007,0
2036,83765432,0,0,1050,1311,1010,0
2037,83775432,0,0,0,1294,1005,0
2038,83785432,0,0,932,1266,988,944
2039,83795432,0,0,883,1237,960,1086
2040,83805432,0,0,854,1209,926,1077
2041,83815432,0,0,814,1167,938,1062
2042,83825432,0,0,779,1127,953,1038
2043,83835432,0,0,751,1080,907,995
2044,83845432,0,0,721,1041,803,935
2045,83855432,0,0,689,988,688,841
2046,83865432,0,0,669,943,542,718
2047,83875432,0,0,657,911,389,551
2048,83885432,0,0,638,872,223,353
2049,83895432,0,0,617,818,78,156
2050,83905432,0,0,586,741,2,0
2051,83915432,0,0,555,682,0,0
2052,83925432,0,0,531,618,0,0
2053,83935432,0,0,504,550,0,0
2054,83945432,0,1,473,491,0,0
2055,83955432,0,0,451,444,0,0
2056,83965432,0,0,419,381,0,1
2057,83975432,0,0,394,338,0,0
2058,83985432,0,0,362,288,0,0
2059,83995432,0,0,324,217,0,0
2060,84005432,0,0,315,215,0,0
2061,84015432,0,0,296,179,0,0
2062,84025432,0,0,281,160,0,0
2063,84035432,0,0,260,148,0,0
2064,84045432,0,0,248,130,0,0
2065,84055432,0,0,236,119,0,0
2066,84065432,0,0,213,107,0,0
2067,84075432,0,0,217,103,0,0
2068,84085432,0,0,212,101,0,0
2069,84095432,0,0,203,99,0,0
2070,84105432,0,0,206,94,0,0
2071,84115432,0,0,202,92,0,0
2072,84125432,0,0,209,89,0,0
2073,84135432,0,0,184,87,0,0
2074,84145432,0,0,188,90,0,0
2075,84155432,0,0,192,92,0,0
2076,84165432,0,0,183,90,0,0
2077,84175432,0,0,180,90,0,0
2078,84185432,0,0,183,75,0,0
2079,84195432,0,0,176,74,0,0
2080,84205432,0,0,177,72,0,0
2081,84215432,0,0,174,69,0,0
2082,84225432,0,0,182,69,0,0
2083,84235432,0,0,182,73,0,0
2084,84245432,0,0,181,68,0,0
2085,84255432,0,0,182,71,0,0
2086,84265432,0,0,187,75,0,0
2087,84275432,0,0,196,74,0,0
2088,84285432,0,0,198,69,0,0
2089,84295432,0,0,183,58,0,0
2090,84305432,0,18,153,52,0,0
2091,84315432,0,0,122,46,0,0
2092,84325432,0,0,102,37,0,0
2093,84335432,0,0,66,16,0,0
2094,84345432,0,0,86,34,0,0
2095,84355432,0,0,62,24,0,0
2096,84365432,0,0,47,18,0,0
2097,84375432,0,0,40,13,0,0
2098,84385432,0,0,37,12,0,0
2099,84395432,0,0,37,12,0,0
2100,84405432,0,0,35,10,0,0
2101,84415432,0,0,32,9,0,0
2102,84425432,2,0,33,10,0,0
2103,84435432,0,0,30,12,0,0
2104,84445432,0,0,30,12,0,0
2105,84455432,0,0,30,12,0,0
2106,84465432,0,0,31,13,0,0
2107,84475432,0,27,34,16,0,0
2108,84485432,0,43,35,14,0,0
2109,84495432,0,61,35,13,0,0
2110,84505432,0,78,35,12,0,0
2111,84515432,0,102,34,14,0,0
2112,84525432,0,148,35,18,0,0
2113,84535432,2,201,36,18,0,0
2114,84545432,0,260,34,19,0,0
2115,84555432,0,325,33,21,0,0
2116,84565432,0,453,28,23,0,0
2117,84575432,0,632,34,40,0,0
2118,84585432,0,804,97,72,0,0
2119,84595432,0,955,168,128,0,0
2120,84605432,0,1049,247,183,0,0
2121,84615432,0,1102,334,279,0,0
2122,84625432,0,1134,446,361,0,0
2123,84635432,0,1135,539,438,0,0
2124,84645432,0,1137,601,502,0,0
2125,84655432,0,1138,668,568,0,0
2126,84665432,0,1145,709,608,0,0
2127,84675432,0,1143,752,657,0,0
2128,84685432,0,1144,795,704,0,28
2129,84695432,0,1138,837,739,0,85
2130,84705432,0,1138,866,763,7,136
2131,84715432,0,1159,890,787,23,181
2132,84725432,0,1091,900,748,34,227
2133,84735432,0,1192,941,833,54,263
2134,84745432,0,1210,969,854,73,287
2135,84755432,0,1239,991,871,88,322
2136,84765432,0,1254,1012,889,100,355
2137,84775432,0,1267,1033,909,119,377
2138,84785432,0,1276,1051,927,139,403
2139,84795432,0,1288,1068,947,155,426
2140,84805432,0,1291,1084,960,168,450
2141,84815432,0,1298,1098,981,188,468
2142,84825432,0,1300,1110,999,204,489
2143,84835432,0,1302,1120,1013,220,505
2144,84845432,0,1302,1131,1023,240,508
2145,84855432,0,1295,1142,1041,252,533
2146,84865432,0,1298,1147,1049,275,548
2147,84875432,0,1291,1158,1061,287,558
2148,84885432,0,1284,1163,1069,309,571
2149,84895432,0,1272,1170,1076,316,592
2150,84905432,0,1261,1175,1083,336,609
2151,84915432,0,1195,1102,1074,305,617
2152,84925432,0,1240,1181,1098,361,638
2153,84935432,0,1230,1187,1103,372,638
2154,84945432,0,1220,1189,1111,380,648
2155,84955432,0,1205,1192,1117,392,662
2156,84965432,0,1195,1197,1126,403,1
2157,84975432,0,1184,1201,1131,410,0
2158,84985432,0,1082,1199,1141,423,0
2159,84995432,0,1164,1209,1147,428,0
2160,85005432,0,1158,1212,1157,437,0
2161,85015432,0,1151,1219,1162,441,0
2162,85025432,0,1149,1223,1167,445,0
2163,85035432,0,1148,1227,1173,454,0
2164,85045432,0,1065,1211,1098,451,0
2165,85055432,0,1147,1236,1185,472,0
2166,85065432,0,1145,1238,1193,481,0
2167,85075432,0,1138,1242,1198,490,0
2168,85085432,0,1129,1248,1208,495,0
2169,85095432,0,1116,1252,1214,502,0
2170,85105432,0,1107,1254,1225,520,0
2171,85115432,0,1097,1257,1230,538,0
2172,85125432,0,1086,1259,1244,548,0
2173,85135432,0,1075,1261,1243,562,0
2174,85145432,0,1067,1266,1248,570,0
2175,85155432,0,1053,1268,1262,575,0
2176,85165432,0,1044,1271,1258,586,0
2177,85175432,0,1009,1272,1249,539,0
2178,85185432,0,0,1275,1265,594,0
2179,85195432,0,0,1276,1273,604,0
2180,85205432,0,0,1280,1275,609,0
2181,85215432,0,0,1281,1282,614,0
2182,85225432,0,0,1282,1287,620,0
2183,85235432,0,0,0,1285,575,0
2184,85245432,0,0,0,1292,630,0
2185,85255432,0,0,0,1298,637,0
2186,85265432,0,0,0,1302,648,0
2187,85275432,0,0,0,1304,660,0
2188,85285432,0,0,1260,1307,666,0
2189,85295432,0,0,1274,1310,671,0
2190,85305432,0,0,1259,1323,682,0
2191,85315432,0,0,1300,1321,692,0
2192,85325432,0,0,1301,1324,701,0
2193,85335432,0,0,1303,1333,714,0
2194,85345432,0,696,1304,1334,728,0
2195,85355432,0,650,1306,1339,742,0
2196,85365432,0,602,1306,1333,699,0
2197,85375432,0,557,1307,1353,773,0
2198,85385432,0,500,1310,1357,794,0
2199,85395432,0,408,1306,1362,807,0
2200,85405432,0,314,1305,1367,830,0
2201,85415432,0,231,1302,1371,855,0
2202,85425432,0,160,1296,1374,871,0
2203,85435432,0,79,1290,1377,893,0
2204,85445432,0,21,1280,1380,904,0
2205,85455432,0,0,1268,1382,918,0
2206,85465432,0,0,1258,1386,924,0
2207,85475432,0,0,1243,1387,931,0
2208,85485432,0,0,1196,1386,917,0
2209,85495432,0,0,0,1371,833,0
2210,85505432,0,0,1174,1380,877,0
2211,85515432,0,0,1138,1371,868,0
2212,85525432,0,0,1096,1365,856,0
2213,85535432,0,0,1047,1353,829,0
2214,85545432,0,0,1003,1335,837,0
2215,85555432,0,0,964,1317,866,914
2216,85565432,0,0,925,1292,854,879
2217,85575432,0,0,888,1257,804,844
2218,85585432,0,0,850,1208,731,795
2219,85595432,0,0,803,1164,637,746
2220,85605432,0,0,753,1111,555,699
2221,85615432,0,0,719,1062,461,651
2222,85625432,0,0,689,1006,371,587
2223,85635432,0,0,658,946,238,500
2224,85645432,0,0,626,904,118,374
2225,85655432,0,0,596,849,25,249
2226,85665432,0,0,559,776,0,0
2227,85675432,0,0,526,705,0,36
2228,85685432,0,0,491,639,0,0
2229,85695432,0,0,467,567,0,0
2230,85705432,0,1,429,493,0,0
2231,85715432,0,0,380,436,0,0
2232,85725432,0,0,363,366,0,0
2233,85735432,0,0,330,315,0,0
2234,85745432,0,0,304,271,0,0
2235,85755432,0,0,282,222,0,0
2236,85765432,0,0,252,183,0,0
2237,85775432,0,0,235,157,0,0
2238,85785432,2,0,223,131,0,0
2239,85795432,0,0,211,104,0,0
2240,85805432,0,0,199,90,0,0
2241,85815432,0,0,195,88,0,0
2242,85825432,0,0,176,86,0,0
2243,85835432,0,0,187,87,0,0
2244,85845432,0,0,185,85,0,0
2245,85855432,0,0,186,82,0,0
2246,85865432,0,0,184,80,0,0
2247,85875432,0,0,188,77,0,0
2248,85885432,0,0,169,75,0,0
2249,85895432,0,0,188,75,0,0
2250,85905432,0,0,183,75,0,0
2251,85915432,0,0,167,72,0,0
2252,85925432,0,0,160,70,0,0
2253,85935432,0,0,155,71,0,0
2254,85945432,0,0,152,69,0,0
2255,85955432,0,0,146,72,0,0
2256,85965432,0,0,130,67,0,0
2257,85975432,0,0,118,63,0,0
2258,85985432,0,0,108,60,0,0
2259,85995432,0,0,100,55,0,0
2260,86005432,0,0,86,53,0,0
2261,86015432,0,0,89,50,0,0
2262,86025432,0,0,85,49,0,0
2263,86035432,0,0,68,46,0,0
2264,86045432,0,0,56,42,0,0
2265,86055432,0,0,43,39,0,0
2266,86065432,0,0,36,38,0,0
2267,86075432,0,0,29,29,0,0
2268,86085432,0,0,29,28,0,0
2269,86095432,0,0,29,24,0,0
2270,86105432,0,0,30,22,0,0
2271,86115432,0,0,31,23,0,0
2272,86125432,0,0,28,22,0,0
2273,86135432,0,0,28,20,0,0
2274,86145432,0,0,29,21,0,0
2275,86155432,0,0,30,22,0,0
2276,86165432,0,0,28,23,0,0
2277,86175432,0,53,26,28,0,0
2278,86185432,0,91,42,45,0,0
2279,86195432,0,117,52,61,0,0
2280,86205432,0,157,72,71,0,0
2281,86215432,0,204,87,89,0,0
2282,86225432,0,273,92,87,0,0
2283,86235432,0,348,122,124,0,0
2284,86245432,0,441,177,172,0,0
2285,86255432,0,522,228,226,0,0
2286,86265432,0,579,269,272,0,0
2287,86275432,0,594,313,300,0,0
2288,86285432,0,583,364,340,0,2
2289,86295432,0,589,399,376,0,53
2290,86305432,0,595,417,397,0,100
2291,86315432,0,610,444,422,0,160
2292,86325432,0,601,474,430,0,222
2293,86335432,0,616,487,438,0,270
2294,86345432,0,615,489,439,0,324
2295,86355432,0,607,506,443,0,377
2296,86365432,0,588,527,458,13,442
2297,86375432,0,573,542,475,43,502
2298,86385432,0,572,567,502,75,557
2299,86395432,0,579,583,538,104,600
2300,86405432,0,589,602,568,138,645
2301,86415432,0,595,628,584,170,687
2302,86425432,0,613,650,606,191,730
2303,86435432,0,618,677,628,233,763
2304,86445432,0,633,698,648,269,809
2305,86455432,0,638,719,662,315,848
2306,86465432,0,651,732,688,354,892
2307,86475432,0,665,750,708,391,931
2308,86485432,0,680,765,725,430,955
2309,86495432,0,704,786,740,466,979
2310,86505432,0,733,798,748,496,1000
2311,86515432,0,759,823,760,534,1020
2312,86525432,0,787,849,764,511,1002
2313,86535432,0,825,870,790,585,1061
2314,86545432,0,859,889,799,607,1071
2315,86555432,0,890,910,813,624,1082
2316,86565432,0,917,924,826,645,1098
2317,86575432,0,945,939,841,657,1106
2318,86585432,0,969,955,846,674,1114
2319,86595432,0,988,969,869,680,1124
2320,86605432,0,1001,981,872,699,1128
2321,86615432,0,1017,990,875,713,1135
2322,86625432,0,1035,1004,889,726,1142
2323,86635432,0,1042,1017,903,730,1145
2324,86645432,0,1044,1032,913,742,1154
2325,86655432,0,1038,1045,923,748,1162
2326,86665432,0,1041,1049,938,760,1172
2327,86675432,0,1034,1057,946,775,1176
2328,86685432,0,1020,1062,960,784,1182
2329,86695432,0,1013,1069,974,794,1187
2330,86705432,0,1006,1076,980,805,0
2331,86715432,0,1000,1081,988,810,0
2332,86725432,0,991,1085,999,813,0
2333,86735432,0,982,1093,1005,827,0
2334,86745432,0,976,1097,1016,837,0
2335,86755432,0,970,1102,1028,854,0
2336,86765432,0,960,1106,1038,856,0
2337,86775432,0,960,1110,1045,863,0
2338,86785432,0,955,1052,1014,798,0
2339,86795432,0,956,1115,1052,873,0
2340,86805432,0,958,1117,1054,879,0
2341,86815432,0,962,1121,1060,881,0
2342,86825432,0,965,1126,1063,882,0
2343,86835432,0,969,1129,1065,892,0
2344,86845432,0,972,1130,1062,893,0
2345,86855432,0,973,1131,1064,903,0
2346,86865432,0,977,1131,1065,916,0
2347,86875432,0,979,1132,1063,915,0
2348,86885432,0,985,1130,1063,921,0
2349,86895432,0,987,1130,1060,922,0
2350,86905432,0,986,1127,1057,922,0
2351,86915432,0,1000,1125,1051,925,0
2352,86925432,0,995,1123,1048,917,0
2353,86935432,0,999,1121,1046,917,0
2354,86945432,0,1006,1119,1044,917,0
2355,86955432,0,1009,1118,1042,916,0
2356,86965432,0,1010,1117,1040,912,0
2357,86975432,0,1011,1116,1038,903,0
2358,86985432,0,1012,1113,1034,889,0
2359,86995432,0,1010,1111,1032,881,0
2360,87005432,0,1013,1109,1026,868,0
2361,87015432,0,1015,1101,1020,855,0
2362,87025432,0,1011,1100,1019,840,0
2363,87035432,0,1016,1093,1018,828,0
2364,87045432,0,1013,1097,1019,819,0
2365,87055432,0,1008,1092,1019,818,0
2366,87065432,0,999,1098,1020,810,0
2367,87075432,0,993,1086,1020,808,0
2368,87085432,0,984,1089,1019,794,967
2369,87095432,0,978,1086,1017,781,911
2370,87105432,0,966,1082,1017,774,900
2371,87115432,0,952,1082,1018,778,921
2372,87125432,0,924,1087,1030,777,947
2373,87135432,0,887,1082,1040,779,948
2374,87145432,0,840,1085,1049,791,939
2375,87155432,0,0,1096,1059,798,938
2376,87165432,0,0,1090,1068,806,934
2377,87175432,0,0,1058,1079,808,942
2378,87185432,0,0,1091,1085,808,942
2379,87195432,0,0,1069,1090,805,947
2380,87205432,0,0,1054,1094,795,944
2381,87215432,0,0,1028,1095,790,940
2382,87225432,0,0,985,1094,776,932
2383,87235432,0,0,940,1073,700,878
2384,87245432,0,0,890,1075,742,885
2385,87255432,0,0,860,1063,689,851
2386,87265432,0,0,837,1047,634,808
2387,87275432,0,0,809,1035,583,743
2388,87285432,0,0,779,1015,523,689
2389,87295432,0,0,750,994,468,606
2390,87305432,0,0,671,937,363,522
2391,87315432,0,0,678,937,399,451
2392,87325432,0,0,647,905,343,394
2393,87335432,0,0,612,865,263,336
2394,87345432,0,0,568,808,161,270
2395,87355432,0,0,551,744,78,194
2396,87365432,0,0,529,699,5,119
2397,87375432,0,0,502,648,0,48
2398,87385432,0,0,489,584,0,0
2399,87395432,0,0,472,520,0,0
2400,87405432,0,0,455,461,0,0
2401,87415432,0,0,427,412,0,0
2402,87425432,0,0,404,361,0,0
2403,87435432,0,0,374,327,0,0
2404,87445432,0,3,350,295,0,0
2405,87455432,1,11,339,253,0,0
2406,87465432,0,16,323,226,0,0
2407,87475432,0,18,306,185,0,0
2408,87485432,0,22,290,166,0,0
2409,87495432,0,21,279,148,0,0
2410,87505432,0,21,262,120,0,0
2411,87515432,0,19,260,102,0,0
2412,87525432,0,18,245,88,0,0
2413,87535432,0,17,234,80,0,0
2414,87545432,0,13,221,72,0,0
2415,87555432,0,11,214,69,0,0
2416,87565432,0,9,214,59,0,0
2417,87575432,0,3,203,62,0,0
2418,87585432,0,3,196,61,0,0
2419,87595432,0,0,188,59,0,0
2420,87605432,0,0,182,56,0,0
2421,87615432,0,0,176,57,0,0
2422,87625432,0,0,180,58,0,0
2423,87635432,0,0,183,62,0,0
2424,87645432,0,0,184,62,0,0
2425,87655432,0,0,183,61,0,0
2426,87665432,0,0,176,62,0,0
2427,87675432,0,0,170,62,0,0
2428,87685432,0,0,166,60,0,0
2429,87695432,0,0,180,65,0,0
2430,87705432,0,0,173,63,0,0
2431,87715432,0,0,152,56,0,0
2432,87725432,0,0,153,55,0,0
2433,87735432,0,0,151,56,0,0
2434,87745432,0,0,158,56,0,0
2435,87755432,0,0,168,54,0,0
2436,87765432,0,14,171,53,0,0
2437,87775432,0,26,164,54,0,0
2438,87785432,0,25,140,51,0,0
2439,87795432,0,6,118,40,0,0
2440,87805432,0,0,97,37,0,0
2441,87815432,0,0,92,33,0,0
2442,87825432,0,6,95,30,0,0
2443,87835432,0,21,99,31,0,2
2444,87845432,0,39,103,32,0,0
2445,87855432,0,49,104,32,0,0
2446,87865432,0,56,101,29,0,0
2447,87875432,0,60,90,26,0,0
2448,87885432,0,54,88,22,0,0
2449,87895432,0,47,86,25,0,0
2450,87905432,0,39,83,25,0,0
2451,87915432,0,13,73,21,0,0
2452,87925432,0,9,71,20,0,0
2453,87935432,0,9,63,22,0,0
2454,87945432,0,9,63,17,0,0
2455,87955432,0,27,69,19,0,0
2456,87965432,0,42,69,20,0,0
2457,87975432,0,56,70,19,0,0
2458,87985432,0,72,70,18,0,0
2459,87995432,0,93,70,17,0,0
2460,88005432,0,140,66,17,0,0
2461,88015432,0,179,61,12,0,0
2462,88025432,0,222,54,13,0,0
2463,88035432,0,283,52,13,0,0
2464,88045432,0,396,45,13,0,0
2465,88055432,0,551,46,21,0,0
2466,88065432,0,719,54,3,0,0
2467,88075432,0,893,70,13,0,0
2468,88085432,0,1035,102,28,0,0
2469,88095432,0,1127,158,55,0,0
2470,88105432,0,1179,207,86,0,0
2471,88115432,0,1209,259,125,0,0
2472,88125432,0,1228,297,149,0,0
2473,88135432,0,1243,335,183,0,0
2474,88145432,0,1259,328,208,0,0
2475,88155432,0,1277,409,251,0,0
2476,88165432,0,1304,457,273,0,0
2477,88175432,0,1326,480,307,0,0
2478,88185432,0,1348,521,322,0,0
2479,88195432,0,1367,556,349,0,0
2480,88205432,0,1379,586,382,0,0
2481,88215432,0,1306,599,390,0,0
2482,88225432,0,1412,663,451,0,0
2483,88235432,0,1428,690,474,0,1
2484,88245432,0,1438,724,495,0,11
2485,88255432,0,1446,763,536,0,29
2486,88265432,0,1452,792,566,0,51
2487,88275432,0,1455,773,577,0,61
2488,88285432,0,1459,850,616,0,90
2489,88295432,0,1466,870,638,0,118
2490,88305432,0,1466,889,660,0,142
2491,88315432,0,1477,913,681,0,163
2492,88325432,0,1481,927,701,2,184
2493,88335432,0,1484,941,713,2,216
2494,88345432,0,1486,950,726,3,246
2495,88355432,0,1487,960,739,10,276
2496,88365432,0,1485,969,747,12,310
2497,88375432,0,1495,976,760,20,339
2498,88385432,0,1489,983,767,25,363
2499,88395432,0,1485,988,779,39,389
2500,88405432,0,1488,997,790,51,414
2501,88415432,0,1483,1003,796,53,419
2502,88425432,0,1475,1009,804,69,426
2503,88435432,0,1472,1017,811,78,436
2504,88445432,0,1469,1026,817,81,445
2505,88455432,0,1467,1034,823,75,456
2506,88465432,0,1459,1041,827,83,463
2507,88475432,0,1404,980,804,90,475
2508,88485432,0,1451,1053,846,102,489
2509,88495432,0,1448,1059,855,114,498
2510,88505432,0,1451,1064,861,124,505
2511,88515432,0,1437,1075,867,124,524
2512,88525432,0,1432,1073,871,127,537
2513,88535432,0,1429,1073,874,130,549
2514,88545432,0,1426,1074,877,137,565
2515,88555432,0,1420,1076,877,149,582
2516,88565432,0,1418,1075,877,159,600
2517,88575432,0,1414,1078,876,181,621
2518,88585432,0,1417,1074,876,205,645
2519,88595432,0,1412,1083,878,220,662
2520,88605432,0,1405,1088,878,232,677
2521,88615432,0,1403,1075,879,236,686
2522,88625432,0,1400,1081,881,245,697
2523,88635432,0,1397,1077,883,252,709
2524,88645432,0,1398,1085,886,257,715
2525,88655432,0,1396,1082,887,275,726
2526,88665432,0,1396,1083,887,284,731
2527,88675432,0,1386,1082,889,288,739
2528,88685432,0,1387,1083,891,301,742
2529,88695432,0,1383,1085,893,314,745
2530,88705432,0,1381,1092,899,327,748
2531,88715432,0,1375,1090,904,330,754
2532,88725432,0,1370,1093,906,338,761
2533,88735432,0,1366,1096,906,338,718
2534,88745432,0,1362,1099,916,346,770
2535,88755432,0,1354,1099,919,353,770
2536,88765432,0,1354,1101,921,350,773
2537,88775432,0,1352,1100,925,347,766
2538,88785432,0,1349,1103,929,350,764
2539,88795432,0,1346,1104,929,342,714
2540,88805432,0,1338,1104,934,344,758
2541,88815432,0,1334,1105,938,340,754
2542,88825432,0,1327,1105,940,345,753
2543,88835432,0,1325,1105,942,343,748
2544,88845432,0,1320,1107,945,340,746
2545,88855432,0,1318,1109,951,344,741
2546,88865432,0,1314,1047,928,300,723
2547,88875432,0,1312,1111,956,339,727
2548,88885432,0,1310,1113,959,336,717
2549,88895432,0,1307,1114,966,330,713
2550,88905432,0,1303,1116,971,327,712
2551,88915432,0,1298,1122,978,333,709
2552,88925432,0,1288,1127,985,338,714
2553,88935432,0,1207,1101,995,343,721
2554,88945432,0,1259,1138,1001,343,730
2555,88955432,0,1241,1144,1012,353,738
2556,88965432,0,1223,1149,1021,358,740
2557,88975432,0,1191,1158,1040,367,744
2558,88985432,0,1158,1164,1049,374,749
2559,88995432,0,1110,1166,1058,391,754
2560,89005432,0,1046,1170,1064,400,763
2561,89015432,0,971,1170,1074,412,765
2562,89025432,0,885,1170,1077,420,780
2563,89035432,0,0,1168,1083,440,787
2564,89045432,0,0,1163,1093,462,800
2565,89055432,0,0,1155,1094,480,821
2566,89065432,0,508,1142,1099,510,835
2567,89075432,0,409,1131,1106,542,845
2568,89085432,0,299,1118,1113,571,859
2569,89095432,0,205,1106,1124,603,0
2570,89105432,0,144,1084,1127,624,0
2571,89115432,0,59,1062,1133,645,0
2572,89125432,0,23,1031,1134,650,0
2573,89135432,0,0,984,1134,651,0
2574,89145432,0,0,951,1132,659,0
2575,89155432,0,0,903,1130,663,0
2576,89165432,0,0,856,1124,684,0
2577,89175432,0,0,825,1113,698,0
2578,89185432,0,0,801,1099,677,0
2579,89195432,0,0,775,1080,644,0
2580,89205432,0,0,757,1062,576,187
2581,89215432,0,0,732,1042,535,0
2582,89225432,0,0,711,1008,444,0
2583,89235432,0,0,684,978,385,0
2584,89245432,0,0,662,936,295,0
2585,89255432,0,0,627,900,196,0
2586,89265432,0,0,596,845,86,0
2587,89275432,0,0,569,767,10,47
2588,89285432,0,0,545,715,0,49
2589,89295432,0,0,528,655,0,0
2590,89305432,0,0,504,590,0,0
2591,89315432,0,0,480,509,0,0
2592,89325432,0,0,456,444,0,0
2593,89335432,0,0,425,385,0,0
2594,89345432,0,0,396,334,0,0
2595,89355432,0,0,362,275,0,1
2596,89365432,0,0,337,238,0,0
2597,89375432,0,0,303,196,0,1
2598,89385432,0,0,282,155,0,0
2599,89395432,0,0,265,120,0,0
2600,89405432,0,0,250,95,0,0
2601,89415432,0,0,235,86,0,0
2602,89425432,0,0,229,85,0,0
2603,89435432,0,0,223,83,0,0
2604,89445432,0,0,217,75,0,0
2605,89455432,0,0,207,72,0,0
2606,89465432,0,0,202,71,0,0
2607,89475432,0,0,198,62,0,0
2608,89485432,0,0,193,63,0,0
2609,89495432,0,0,186,71,0,0
2610,89505432,0,0,185,63,0,0
2611,89515432,0,0,182,61,0,0
2612,89525432,0,0,180,64,0,0
2613,89535432,0,0,182,68,0,0
2614,89545432,0,0,179,70,0,0
2615,89555432,0,0,173,69,0,0
2616,89565432,0,0,176,70,0,0
2617,89575432,0,0,173,66,0,0
2618,89585432,0,0,166,65,0,0
2619,89595432,0,0,158,61,0,0
2620,89605432,0,0,154,58,0,0
2621,89615432,0,0,150,60,0,0
2622,89625432,0,0,145,60,0,0
2623,89635432,0,0,138,63,0,0
2624,89645432,0,8,154,49,0,0
2625,89655432,0,52,148,51,0,0
2626,89665432,0,59,117,37,0,0
2627,89675432,0,0,96,32,0,0
2628,89685432,0,0,90,32,0,0
2629,89695432,0,0,86,29,0,0
2630,89705432,0,0,80,24,0,0
2631,89715432,0,0,78,26,0,0
2632,89725432,0,0,77,26,0,0
2633,89735432,0,0,77,27,0,0
2634,89745432,0,0,78,26,0,0
2635,89755432,0,0,77,23,0,0
2636,89765432,0,0,74,19,0,0
2637,89775432,0,0,70,20,0,0
2638,89785432,0,0,62,19,0,0
2639,89795432,0,0,62,21,0,0
2640,89805432,0,0,63,17,0,0
2641,89815432,0,0,69,18,0,0
2642,89825432,0,3,72,20,0,0
2643,89835432,0,6,74,20,0,0
2644,89845432,0,35,76,17,0,0
2645,89855432,0,43,76,14,0,0
2646,89865432,0,69,75,16,0,0
2647,89875432,0,109,74,10,0,0
2648,89885432,0,180,72,9,0,0
2649,89895432,0,244,65,10,0,0
2650,89905432,0,356,58,11,0,0
2651,89915432,0,496,62,18,0,0
2652,89925432,0,655,60,19,0,0
2653,89935432,1,817,71,4,0,0
2654,89945432,0,1006,80,9,0,0
2655,89955432,0,1127,99,14,0,0
2656,89965432,0,1203,118,22,0,0
2657,89975432,0,1260,142,30,0,0
2658,89985432,0,1296,164,37,0,0
2659,89995432,0,1313,168,38,0,0
2660,90005432,0,1322,182,40,0,0
2661,90015432,0,1331,198,49,0,0
2662,90025432,0,1337,222,60,0,0
2663,90035432,0,1351,252,76,0,0
2664,90045432,0,1362,285,89,0,0
2665,90055432,0,1380,310,118,0,0
2666,90065432,0,1397,336,130,0,0
2667,90075432,0,1411,359,148,0,0
2668,90085432,0,1342,387,143,0,0
2669,90095432,0,1440,453,212,0,0
2670,90105432,0,1453,510,249,0,0
2671,90115432,0,1468,547,285,0,0
2672,90125432,0,1483,586,328,0,0
2673,90135432,0,1496,628,363,0,0
2674,90145432,0,1506,670,407,0,0
2675,90155432,0,1516,694,443,0,0
2676,90165432,0,1521,729,475,0,0
2677,90175432,0,1527,764,497,0,0
2678,90185432,0,1529,799,540,0,0
2679,90195432,0,1539,838,569,0,0
2680,90205432,0,1543,859,601,0,0
2681,90215432,0,1547,881,628,0,0
2682,90225432,0,1548,901,649,0,3
2683,90235432,0,1549,917,682,0,25
2684,90245432,0,1551,932,700,0,43
2685,90255432,0,1551,946,726,0,69
2686,90265432,0,1551,959,745,0,89
2687,90275432,0,1546,972,774,0,115
2688,90285432,0,1544,988,794,0,136
2689,90295432,0,1542,999,810,0,148
2690,90305432,0,1533,1008,821,0,156
2691,90315432,0,1529,1022,828,0,164
2692,90325432,0,1525,1038,843,0,168
2693,90335432,0,1520,1048,855,0,169
2694,90345432,0,1423,1016,823,0,160
2695,90355432,0,1510,1066,878,0,181
2696,90365432,3,1505,1076,890,4,191
2697,90375432,0,1497,1085,904,7,200
2698,90385432,0,1494,1096,917,8,210
2699,90395432,0,1484,1106,931,12,219
2700,90405432,0,1478,1117,949,16,230
2701,90415432,0,1466,1133,971,19,241
2702,90425432,0,1455,1150,990,24,253
2703,90435432,0,1447,1164,1007,34,274
2704,90445432,0,1437,1176,1026,42,285
2705,90455432,0,1431,1184,1044,46,299
2706,90465432,0,1424,1193,1060,57,312
2707,90475432,0,1415,1204,1075,69,334
2708,90485432,0,1402,1211,1088,84,350
2709,90495432,0,1393,1222,1101,97,363
2710,90505432,0,1384,1229,1115,104,372
2711,90515432,0,1374,1238,1130,110,380
2712,90525432,0,1362,1245,1144,118,0
2713,90535432,0,1346,1251,1161,133,0
2714,90545432,0,1336,1257,1172,142,0
2715,90555432,0,1323,1260,1182,153,0
2716,90565432,0,1310,1264,1193,165,0
2717,90575432,0,1301,1268,1199,172,0
2718,90585432,0,1290,1273,1207,181,0
2719,90595432,0,1277,1277,1220,184,461
2720,90605432,0,1179,1265,1145,186,472
2721,90615432,0,1257,1289,1239,196,477
2722,90625432,0,1246,1293,1245,202,484
2723,90635432,0,1236,1298,1254,212,490
2724,90645432,0,1223,1301,1262,223,499
2725,90655432,0,1208,1307,1269,233,504
2726,90665432,0,1191,1309,1262,207,481
2727,90675432,0,1180,1317,1286,253,510
2728,90685432,0,1165,1321,1291,263,529
2729,90695432,0,1144,1326,1300,268,536
2730,90705432,0,1128,1333,1306,282,548
2731,90715432,0,1106,1339,1311,293,550
2732,90725432,0,1085,1349,1321,297,559
2733,90735432,0,1066,1352,1331,314,574
2734,90745432,0,1045,1358,1337,317,579
2735,90755432,0,0,1366,1344,331,581
2736,90765432,0,0,1369,1354,339,592
2737,90775432,0,0,1373,1365,352,606
2738,90785432,0,0,1378,1369,362,612
2739,90795432,0,0,1382,1376,367,622
2740,90805432,0,0,1380,1383,382,638
2741,90815432,0,0,0,1390,396,652
2742,90825432,0,0,0,1397,418,668
2743,90835432,0,0,0,1404,431,676
2744,90845432,0,748,0,1414,437,688
2745,90855432,0,713,0,1418,449,699
2746,90865432,0,679,0,1426,456,709
2747,90875432,0,647,0,1431,480,723
2748,90885432,0,598,0,1436,492,726
2749,90895432,0,551,0,1444,502,732
2750,90905432,0,492,0,1447,530,735
2751,90915432,0,426,1405,1453,538,739
2752,90925432,0,364,1408,1459,555,741
2753,90935432,0,275,1408,1466,574,747
2754,90945432,0,212,1405,1470,587,753
2755,90955432,0,129,1407,1478,601,766
2756,90965432,0,57,1403,1481,618,773
2757,90975432,0,13,1400,1481,626,785
2758,90985432,0,0,1383,1471,582,0
2759,90995432,0,0,0,1486,632,0
2760,91005432,0,0,0,1485,630,0
2761,91015432,0,0,0,1490,624,0
2762,91025432,0,0,0,1475,618,0
2763,91035432,0,0,1234,1474,620,0
2764,91045432,0,0,1291,1459,618,0
2765,91055432,0,0,1237,1454,618,0
2766,91065432,0,0,1252,1447,616,0
2767,91075432,0,0,1233,1436,603,0
2768,91085432,0,0,1209,1426,564,0
2769,91095432,0,0,1191,1405,481,0
2770,91105432,0,0,1174,1379,357,102
2771,91115432,0,0,1144,1363,228,0
2772,91125432,0,0,1114,1341,104,0
2773,91135432,0,0,1077,1289,16,0
2774,91145432,0,0,1045,1245,0,0
2775,91155432,0,0,1000,1186,0,0
2776,91165432,0,0,956,1133,0,0
2777,91175432,0,0,917,1068,0,0
2778,91185432,0,0,872,997,0,0
2779,91195432,0,0,827,937,0,0
2780,91205432,0,0,779,871,0,0
2781,91215432,0,0,728,791,0,0
2782,91225432,0,0,681,708,0,0
2783,91235432,0,0,647,631,0,0
2784,91245432,0,0,611,549,0,0
2785,91255432,0,0,569,464,0,0
2786,91265432,0,3,532,378,0,0
2787,91275432,0,0,488,316,0,0
2788,91285432,0,0,454,278,0,0
2789,91295432,3,0,415,240,0,0
2790,91305432,0,0,378,212,0,0
2791,91315432,0,0,353,186,0,0
2792,91325432,0,0,329,149,0,2
2793,91335432,0,0,306,134,0,0
2794,91345432,0,0,285,117,0,0
2795,91355432,1,0,281,113,0,0
2796,91365432,0,0,278,112,0,0
2797,91375432,0,0,274,107,0,0
2798,91385432,0,5,246,99,0,0
2799,91395432,0,0,282,111,0,0
2800,91405432,0,0,283,109,0,0
2801,91415432,0,0,281,109,0,0
2802,91425432,0,0,281,110,0,0
2803,91435432,0,0,279,111,0,0
2804,91445432,0,0,275,111,0,0
2805,91455432,0,0,269,111,0,0
2806,91465432,0,0,281,105,0,0
2807,91475432,0,0,272,106,0,0
2808,91485432,0,0,259,108,0,0
2809,91495432,0,0,262,108,0,0
2810,91505432,0,0,268,111,0,0
2811,91515432,0,0,255,107,0,0
2812,91525432,0,0,270,102,0,0
2813,91535432,0,0,264,92,0,0
2814,91545432,0,0,233,78,0,0
2815,91555432,0,0,195,69,0,0
2816,91565432,0,0,184,59,0,0
2817,91575432,0,0,183,58,0,0
2818,91585432,0,0,177,61,0,0
2819,91595432,0,0,180,58,0,0
2820,91605432,0,0,178,57,0,0
2821,91615432,0,0,183,58,0,0
2822,91625432,0,0,179,58,0,0
2823,91635432,0,0,176,59,0,0
2824,91645432,0,0,172,59,0,0
2825,91655432,0,0,161,56,0,0
2826,91665432,0,0,154,54,0,0
2827,91675432,0,0,150,52,0,0
2828,91685432,0,0,141,47,0,0
2829,91695432,0,0,146,44,0,0
2830,91705432,0,0,142,45,0,0
2831,91715432,0,0,149,51,0,0
2832,91725432,0,42,148,47,0,0
2833,91735432,0,68,153,50,0,0
2834,91745432,0,107,151,43,0,0
2835,91755432,0,172,146,43,0,0
2836,91765432,0,257,135,36,0,0
2837,91775432,0,344,128,31,0,0
2838,91785432,0,479,118,37,0,0
2839,91795432,0,623,115,37,0,0
2840,91805432,0,779,118,26,0,0
2841,91815432,0,953,125,10,0,0
2842,91825432,0,1116,146,17,0,0
2843,91835432,0,1150,141,8,0,0
2844,91845432,0,1292,179,37,0,0
2845,91855432,0,1336,218,45,0,0
2846,91865432,0,1366,244,58,0,0
2847,91875432,0,1382,283,74,0,0
2848,91885432,0,1396,315,99,0,0
2849,91895432,0,1414,324,117,0,0
2850,91905432,0,1432,406,153,0,0
2851,91915432,0,1445,457,198,0,0
2852,91925432,0,1462,498,236,0,0
2853,91935432,0,1476,549,291,0,0
2854,91945432,0,1484,591,343,0,0
2855,91955432,0,1491,634,392,0,0
2856,91965432,0,1495,678,442,0,0
2857,91975432,0,1496,722,485,0,0
2858,91985432,0,1498,749,525,0,0
2859,91995432,0,1499,787,564,0,0
2860,92005432,0,1500,811,597,0,0
2861,92015432,0,1500,841,623,0,0
2862,92025432,0,1398,852,591,0,8
2863,92035432,0,1500,891,678,0,34
2864,92045432,0,1501,917,703,0,60
2865,92055432,0,1501,942,731,0,90
2866,92065432,0,1500,964,752,0,117
2867,92075432,0,1498,981,782,0,145
2868,92085432,0,1497,997,806,0,172
2869,92095432,0,1394,997,759,0,195
2870,92105432,0,1494,1038,847,0,207
2871,92115432,0,1489,1052,867,2,229
2872,92125432,0,1483,1067,887,9,250
2873,92135432,0,1472,1083,917,24,280
2874,92145432,0,1463,1100,939,36,293
2875,92155432,0,1455,1114,958,50,332
2876,92165432,0,1449,1130,983,61,349
2877,92175432,0,1442,1145,1004,86,349
2878,92185432,0,1435,1160,1020,98,367
2879,92195432,0,1422,1172,1042,106,374
2880,92205432,0,1410,1180,1061,113,384
2881,92215432,0,1397,1190,1075,118,392
2882,92225432,0,1385,1202,1086,131,413
2883,92235432,0,1370,1210,1105,141,423
2884,92245432,0,1356,1223,1123,155,439
2885,92255432,0,1341,1233,1137,160,449
2886,92265432,0,1331,1241,1155,166,465
2887,92275432,0,1318,1250,1167,174,0
2888,92285432,0,1305,1191,1152,149,0
2889,92295432,0,1300,1262,1194,184,0
2890,92305432,0,1292,1268,1204,188,0
2891,92315432,0,1287,1273,1212,198,0
2892,92325432,0,1280,1280,1226,201,0
2893,92335432,0,1272,1287,1239,208,0
2894,92345432,0,1263,1293,1252,214,0
2895,92355432,0,1165,1281,1176,218,522
2896,92365432,0,1244,1306,1269,232,532
2897,92375432,0,1235,1310,1275,237,538
2898,92385432,0,1225,1315,1285,247,547
2899,92395432,0,1211,1318,1290,262,553
2900,92405432,0,1206,1321,1294,263,486
2901,92415432,0,1196,1322,1299,265,562
2902,92425432,0,1191,1324,1302,269,568
2903,92435432,0,1183,1325,1304,273,571
2904,92445432,0,1178,1327,1303,272,576
2905,92455432,0,1171,1328,1310,273,582
2906,92465432,0,1164,1330,1316,273,586
2907,92475432,0,1157,1330,1315,280,585
2908,92485432,0,1147,1332,1310,284,586
2909,92495432,0,1144,1333,1316,283,586
2910,92505432,0,1141,1334,1319,281,584
2911,92515432,0,1136,1334,1323,287,587
2912,92525432,0,1131,1335,1318,284,586
2913,92535432,0,1128,1337,1327,280,583
2914,92545432,0,1124,1340,1331,279,580
2915,92555432,0,1117,1341,1331,280,575
2916,92565432,0,1113,1346,1334,288,573
2917,92575432,0,1107,1348,1336,295,570
2918,92585432,0,0,1352,1334,301,571
2919,92595432,0,0,1353,1342,304,575
2920,92605432,0,0,1355,1348,303,578
2921,92615432,0,0,1356,1350,319,588
2922,92625432,0,0,1359,1355,329,605
2923,92635432,0,0,1361,1356,340,607
2924,92645432,0,0,1363,1363,346,620
2925,92655432,0,0,1363,1370,357,632
2926,92665432,0,0,1365,1372,380,649
2927,92675432,0,0,1367,1372,390,620
2928,92685432,0,579,1369,1381,404,677
2929,92695432,0,806,1370,1386,422,691
2930,92705432,0,756,1372,1392,441,709
2931,92715432,0,686,1372,1396,466,722
2932,92725432,0,614,1371,1399,480,737
2933,92735432,0,537,1368,1403,508,755
2934,92745432,0,375,0,1346,497,750
2935,92755432,0,313,0,1416,551,790
2936,92765432,0,213,0,1417,580,801
2937,92775432,0,121,0,1419,616,814
2938,92785432,0,39,1304,1417,630,824
2939,92795432,0,0,1307,1416,643,826
2940,92805432,0,0,1282,1406,657,824
2941,92815432,0,0,1217,1400,654,837
2942,92825432,0,0,1221,1386,658,843
2943,92835432,0,0,1174,1367,629,824
2944,92845432,0,0,1126,1337,590,809
2945,92855432,0,0,1065,1309,540,778
2946,92865432,0,0,1000,1277,481,743
2947,92875432,0,0,904,1175,369,687
2948,92885432,0,0,889,1172,361,661
2949,92895432,0,0,847,1109,264,595
2950,92905432,0,0,801,1051,165,500
2951,92915432,0,0,745,984,56,364
2952,92925432,0,0,689,920,0,237
2953,92935432,0,0,665,854,0,81
2954,92945432,0,0,624,765,0,0
2955,92955432,0,0,605,712,0,0
2956,92965432,0,0,583,632,0,0
2957,92975432,0,0,554,557,0,0
2958,92985432,0,0,530,476,0,0
2959,92995432,0,0,501,408,0,0
2960,93005432,0,0,459,345,0,0
2961,93015432,0,0,418,296,0,0
2962,93025432,0,0,376,246,0,0
2963,93035432,0,0,362,209,0,0
2964,93045432,0,0,326,165,0,0
2965,93055432,0,0,298,133,0,0
2966,93065432,0,0,278,103,0,0
2967,93075432,0,0,263,93,0,0
2968,93085432,0,0,245,86,0,0
2969,93095432,0,0,232,79,0,0
2970,93105432,0,0,223,77,0,0
2971,93115432,0,0,210,75,0,0
2972,93125432,0,0,206,75,0,0
2973,93135432,0,0,197,73,0,0
2974,93145432,0,0,196,68,0,0
2975,93155432,0,0,200,67,0,0
2976,93165432,0,0,192,64,0,0
2977,93175432,0,0,189,57,0,0
2978,93185432,0,0,179,55,0,0
2979,93195432,0,0,166,29,0,0
2980,93205432,0,0,177,55,0,0
2981,93215432,0,0,180,56,0,0
2982,93225432,0,0,182,58,0,0
2983,93235432,0,0,188,58,0,0
2984,93245432,0,0,192,61,0,0
2985,93255432,0,0,196,61,0,0
2986,93265432,0,0,181,60,0,0
2987,93275432,0,0,198,61,0,0
2988,93285432,0,0,198,59,0,0
2989,93295432,0,0,188,59,0,0
2990,93305432,0,0,185,59,0,0
2991,93315432,0,0,181,58,0,0
2992,93325432,0,0,176,56,0,0
2993,93335432,0,0,182,47,0,0
2994,93345432,0,0,171,48,0,0
2995,93355432,0,0,170,50,0,0
2996,93365432,0,0,170,52,0,0
2997,93375432,0,0,170,55,0,0
2998,93385432,0,0,170,56,0,0
2999,93395432,0,0,167,56,0,0
3000,93405432,0,0,163,55,0,0
3001,93415432,0,0,159,54,0,0
3002,93425432,0,0,152,53,0,0
3003,93435432,0,0,149,52,0,0
3004,93445432,0,0,149,47,0,0
3005,93455432,0,0,145,45,0,0
3006,93465432,0,0,143,43,0,0
3007,93475432,0,0,139,41,0,0
3008,93485432,0,0,137,41,0,0
3009,93495432,0,0,137,39,0,0
3010,93505432,0,0,138,39,0,0
3011,93515432,0,0,138,40,0,0
3012,93525432,0,0,138,41,0,0
3013,93535432,0,0,140,42,0,0
3014,93545432,0,0,141,41,0,0
3015,93555432,0,0,139,41,0,0
3016,93565432,0,0,141,41,0,0
3017,93575432,0,0,142,41,0,0
3018,93585432,0,0,145,45,0,0
3019,93595432,0,0,149,43,0,0
3020,93605432,0,0,150,43,0,0
3021,93615432,0,0,153,44,0,0
3022,93625432,0,0,156,44,0,0
3023,93635432,0,0,156,40,0,0
3024,93645432,0,21,159,44,0,0
3025,93655432,0,39,166,40,0,0
3026,93665432,0,82,169,48,0,0
3027,93675432,0,132,171,47,0,0
3028,93685432,0,212,178,47,0,0
3029,93695432,0,287,185,50,0,0
3030,93705432,0,407,183,53,0,0
3031,93715432,0,537,187,52,0,0
3032,93725432,0,669,194,49,0,0
3033,93735432,0,797,218,58,0,0
3034,93745432,0,888,269,83,0,0
3035,93755432,0,968,324,144,0,0
3036,93765432,0,1033,380,212,0,0
3037,93775432,0,1076,503,300,0,0
3038,93785432,0,1125,612,414,0,0
3039,93795432,0,1162,709,507,0,0
3040,93805432,0,1192,815,606,0,0
3041,93815432,0,1219,893,687,0,0
3042,93825432,0,1242,951,750,0,0
3043,93835432,0,1271,1011,802,0,0
3044,93845432,0,1295,1052,850,0,0
3045,93855432,0,1318,1084,877,0,0
3046,93865432,0,1339,1106,904,0,0
3047,93875432,0,1291,1088,923,0,0
3048,93885432,0,1377,1132,945,0,0
3049,93895432,0,1389,1144,951,0,0
3050,93905432,0,1401,1154,956,0,0
3051,93915432,0,1414,1161,968,0,0
3052,93925432,0,1421,1166,981,0,1
3053,93935432,0,1429,1107,949,0,5
3054,93945432,0,1438,1170,979,0,9
3055,93955432,0,1445,1171,977,0,15
3056,93965432,0,1450,1172,975,0,18
3057,93975432,0,1458,1169,970,0,25
3058,93985432,0,1464,1165,967,0,26
3059,93995432,0,1470,1158,953,0,34
3060,94005432,0,1480,1086,918,0,25
3061,94015432,0,1486,1139,932,0,37
3062,94025432,0,1494,1129,917,0,38
3063,94035432,0,1499,1121,914,3,40
3064,94045432,0,1507,1111,895,0,45
3065,94055432,0,1510,1099,881,0,48
3066,94065432,0,1509,1082,861,0,52
3067,94075432,0,1418,1048,781,0,54
3068,94085432,0,1521,1053,837,0,56
3069,94095432,0,1525,1044,822,0,54
3070,94105432,0,1527,1034,811,0,55
3071,94115432,0,1531,1027,802,0,56
3072,94125432,0,1533,1019,797,0,63
3073,94135432,0,1530,1018,779,0,62
3074,94145432,0,1532,1019,796,0,108
3075,94155432,0,1531,1018,792,0,138
3076,94165432,0,1528,1017,789,1,160
3077,94175432,0,1526,1013,783,0,182
3078,94185432,0,1523,1009,780,2,209
3079,94195432,0,1522,1000,765,0,236
3080,94205432,0,1516,991,752,0,227
3081,94215432,0,1516,987,756,0,273
3082,94225432,0,1510,979,759,0,271
3083,94235432,0,1502,969,760,0,293
3084,94245432,0,1498,966,757,0,308
3085,94255432,0,1485,968,758,0,337
3086,94265432,0,1473,967,755,0,349
3087,94275432,0,1462,973,753,3,360
3088,94285432,0,1450,979,751,8,377
3089,94295432,0,1432,980,753,17,401
3090,94305432,0,1410,986,758,30,413
3091,94315432,0,1380,994,764,36,450
3092,94325432,0,1361,1001,772,54,474
3093,94335432,0,1349,1004,780,80,492
3094,94345432,0,1336,1007,783,95,516
3095,94355432,0,1321,1011,789,110,538
3096,94365432,0,1320,1014,791,121,554
3097,94375432,0,1307,1009,792,138,568
3098,94385432,0,1290,1014,792,153,589
3099,94395432,0,1273,1012,794,166,601
3100,94405432,0,1263,1003,792,175,613
3101,94415432,0,1247,991,788,183,623
3102,94425432,0,1235,981,785,189,630
3103,94435432,0,1204,971,778,197,631
3104,94445432,0,1182,953,765,197,628
3105,94455432,0,1147,931,751,190,621
3106,94465432,0,1107,913,733,186,612
3107,94475432,0,1067,885,715,181,595
3108,94485432,0,1026,860,692,167,573
3109,94495432,0,976,823,669,153,557
3110,94505432,0,927,775,649,132,539
3111,94515432,0,867,734,628,115,519
3112,94525432,0,811,683,605,104,482
3113,94535432,0,748,634,565,91,452
3114,94545432,0,683,574,523,80,407
3115,94555432,0,614,504,467,54,363
3116,94565432,0,545,439,411,29,317
3117,94575432,0,473,387,343,8,261
3118,94585432,0,419,334,290,0,185
3119,94595432,0,360,292,214,0,101
3120,94605432,0,299,236,155,0,31
3121,94615432,0,236,191,100,0,0
3122,94625432,0,202,143,58,0,0
3123,94635432,0,160,97,25,0,0
3124,94645432,0,144,61,0,0,0
3125,94655432,0,139,25,0,0,0
3126,94665432,0,150,10,0,0,0
3127,94675432,0,169,0,0,0,0
3128,94685432,0,177,0,0,0,0
3129,94695432,0,0,4,0,0,0
3130,94705432,0,185,12,0,0,0
3131,94715432,0,195,18,0,0,0
3132,94725432,0,168,18,0,0,0
3133,94735432,0,217,26,0,0,0
3134,94745432,0,230,31,0,0,0
3135,94755432,0,232,38,0,0,0
3136,94765432,0,236,46,0,0,0
3137,94775432,0,233,55,0,0,0
3138,94785432,0,231,69,0,0,0
3139,94795432,0,222,71,0,0,0
3140,94805432,0,214,84,0,0,0
3141,94815432,0,206,89,1,0,0
3142,94825432,0,201,90,1,0,0
3143,94835432,0,194,88,0,0,0
3144,94845432,0,193,84,0,0,0
3145,94855432,0,185,79,0,0,0
3146,94865432,0,182,71,0,0,0
3147,94875432,0,181,67,0,0,0
3148,94885432,0,175,61,0,0,0
3149,94895432,0,172,61,0,0,0
3150,94905432,0,168,60,0,0,0
3151,94915432,0,135,43,0,0,0
3152,94925432,0,163,56,0,0,0
3153,94935432,0,156,55,0,0,0
3154,94945432,0,151,54,0,0,0
3155,94955432,0,142,57,0,0,0
3156,94965432,0,132,59,0,0,0
3157,94975432,0,117,64,0,0,0
3158,94985432,0,93,56,0,0,0
3159,94995432,0,105,73,0,0,0
3160,95005432,0,103,74,0,0,0
3161,95015432,0,104,78,0,0,0
3162,95025432,0,162,81,0,0,0
3163,95035432,0,170,76,0,0,0
3164,95045432,0,167,73,0,0,0
3165,95055432,0,162,72,0,0,0
3166,95065432,0,123,62,0,0,0
3167,95075432,0,91,56,0,0,0
3168,95085432,0,77,55,0,0,0
3169,95095432,0,69,55,0,0,0
3170,95105432,0,68,56,0,0,0
3171,95115432,0,67,37,0,0,0
3172,95125432,0,62,52,0,0,0
3173,95135432,0,59,50,0,0,0
3174,95145432,0,54,45,0,0,0
3175,95155432,0,52,45,0,0,0
3176,95165432,0,46,44,0,0,0
3177,95175432,0,37,42,0,0,0
3178,95185432,0,31,40,0,0,0
3179,95195432,0,40,42,0,0,0
3180,95205432,0,46,44,0,0,0
3181,95215432,0,50,47,0,0,0
3182,95225432,0,62,52,0,0,0
3183,95235432,0,75,56,0,0,0
3184,95245432,0,67,45,0,0,0
3185,95255432,0,107,64,0,0,0
3186,95265432,0,145,66,0,0,0
3187,95275432,0,172,71,0,0,0
3188,95285432,0,218,72,0,0,0
3189,95295432,0,261,75,1,0,0
3190,95305432,0,284,77,0,0,0
3191,95315432,0,329,77,1,0,0
3192,95325432,0,381,75,1,0,0
3193,95335432,0,441,75,2,0,0
3194,95345432,0,490,75,6,0,0
3195,95355432,0,582,69,0,0,0
3196,95365432,0,686,71,0,0,0
3197,95375432,0,789,60,0,0,0
3198,95385432,0,870,56,5,0,0
3199,95395432,0,926,53,0,0,0
3200,95405432,0,973,55,0,0,0
3201,95415432,0,1007,67,0,0,0
3202,95425432,0,1042,78,0,0,0
3203,95435432,0,1054,86,6,0,0
3204,95445432,0,1064,99,7,0,0
3205,95455432,0,1072,140,27,0,0
3206,95465432,0,1080,160,46,0,0
3207,95475432,0,1082,196,66,0,0
3208,95485432,0,1093,239,97,0,0
3209,95495432,0,1107,286,130,0,0
3210,95505432,0,1126,330,195,0,0
3211,95515432,0,1150,391,246,2,0
3212,95525432,0,1185,456,303,0,0
3213,95535432,0,1220,539,378,0,0
3214,95545432,0,1256,591,437,0,0
3215,95555432,0,1289,660,483,0,0
3216,95565432,0,1320,708,536,2,1
3217,95575432,0,1353,748,579,0,11
3218,95585432,0,1382,782,612,0,28
3219,95595432,0,1402,824,636,0,32
3220,95605432,0,1427,857,675,6,43
3221,95615432,0,1441,886,705,0,48
3222,95625432,0,1452,917,731,0,59
3223,95635432,0,1465,937,765,0,86
3224,95645432,0,1475,964,790,0,101
3225,95655432,0,1484,978,811,1,118
3226,95665432,0,1493,997,827,0,140
3227,95675432,0,1499,1016,844,0,148
3228,95685432,0,1502,1032,858,0,169
3229,95695432,0,1509,1045,867,0,182
3230,95705432,0,1503,1054,880,0,219
3231,95715432,0,1490,1063,894,0,244
3232,95725432,0,1490,1069,906,0,293
3233,95735432,0,1481,1077,912,7,322
3234,95745432,0,1481,1083,921,21,356
3235,95755432,0,1473,1092,933,31,372
3236,95765432,0,1462,1101,944,50,400
3237,95775432,0,1457,1112,956,70,415
3238,95785432,0,1451,1121,969,82,433
3239,95795432,0,1444,1128,981,98,445
3240,95805432,0,1440,1133,993,103,462
3241,95815432,0,1437,1139,999,112,472
3242,95825432,0,1428,1143,1003,116,480
3243,95835432,0,1416,1145,1008,130,486
3244,95845432,0,1421,1148,1014,132,495
3245,95855432,0,1416,1149,1017,141,500
3246,95865432,0,1413,1151,1017,141,509
3247,95875432,0,1406,1146,1017,145,520
3248,95885432,0,1404,1158,1022,151,531
3249,95895432,0,1401,1153,1017,157,534
3250,95905432,0,1405,1163,1016,164,539
3251,95915432,0,1397,1155,1016,173,541
3252,95925432,0,1398,1156,1016,171,552
3253,95935432,0,1393,1156,1006,179,560
3254,95945432,0,1389,1148,1003,183,568
3255,95955432,0,1388,1149,1000,189,579
3256,95965432,0,1386,1146,997,203,587
3257,95975432,0,1383,1138,999,208,596
3258,95985432,0,1382,1142,989,215,603
3259,95995432,0,1377,1141,987,217,611
3260,96005432,0,1372,1141,983,228,617
3261,96015432,0,1369,1136,979,231,626
3262,96025432,0,1367,1138,973,237,633
3263,96035432,0,1365,1135,969,249,632
3264,96045432,0,1363,1130,961,265,635
3265,96055432,0,1358,1130,958,268,637
3266,96065432,0,1353,1130,958,269,645
3267,96075432,0,1340,1132,957,278,654
3268,96085432,0,1326,1128,959,284,660
3269,96095432,0,1305,1130,964,291,666
3270,96105432,0,1280,1131,964,300,675
3271,96115432,0,1262,1131,964,307,678
3272,96125432,0,1249,1133,968,314,683
3273,96135432,0,1243,1137,974,327,686
3274,96145432,0,1235,1143,984,344,690
3275,96155432,0,1203,1146,995,366,699
3276,96165432,0,1187,1159,1005,380,710
3277,96175432,0,1154,1162,1017,411,721
3278,96185432,0,1114,1167,1033,432,735
3279,96195432,0,1077,1174,1043,448,750
3280,96205432,0,1030,1178,1053,472,760
3281,96215432,0,0,1180,1064,491,772
3282,96225432,0,0,1183,1077,530,786
3283,96235432,0,0,1185,1081,558,796
3284,96245432,0,0,1183,1089,586,804
3285,96255432,0,0,1179,1095,617,812
3286,96265432,0,0,1175,1098,638,811
3287,96275432,0,0,1168,1099,652,810
3288,96285432,0,0,1157,1099,658,801
3289,96295432,2,0,1137,1093,657,778
3290,96305432,0,341,1112,1076,645,747
3291,96315432,0,295,1076,1063,607,717
3292,96325432,0,237,1036,1046,563,678
3293,96335432,0,0,971,1019,506,650
3294,96345432,0,0,863,955,459,616
3295,96355432,0,0,852,957,421,571
3296,96365432,0,0,790,920,406,526
3297,96375432,0,0,723,874,372,477
3298,96385432,0,0,683,814,359,413
3299,96395432,0,0,627,734,290,366
3300,96405432,0,0,571,663,230,298
3301,96415432,0,0,531,580,145,209
3302,96425432,0,0,483,482,67,94
3303,96435432,0,0,442,424,3,7
3304,96445432,0,0,408,359,0,0
3305,96455432,0,0,362,297,0,0
3306,96465432,0,0,329,245,0,0
3307,96475432,0,0,285,156,0,0
3308,96485432,0,0,283,126,0,0
3309,96495432,0,0,265,101,0,0
3310,96505432,0,0,253,83,0,0
3311,96515432,0,0,237,73,0,0
3312,96525432,0,0,234,61,0,0
3313,96535432,0,0,229,56,0,0
3314,96545432,0,0,221,58,0,0
3315,96555432,0,0,221,53,0,0
3316,96565432,0,0,223,54,0,0
3317,96575432,0,0,225,57,0,0
3318,96585432,0,0,229,57,0,0
3319,96595432,0,91,235,59,0,0
3320,96605432,0,89,233,59,0,0
3321,96615432,0,91,234,59,0,0
3322,96625432,0,90,235,56,0,0
3323,96635432,0,92,241,62,0,0
3324,96645432,0,97,241,61,0,0
3325,96655432,0,98,218,53,0,0
3326,96665432,0,91,215,53,0,0
3327,96675432,0,92,204,44,0,0
3328,96685432,0,91,197,44,0,2
3329,96695432,0,92,192,47,0,0
3330,96705432,0,89,192,50,0,0
3331,96715432,0,85,182,44,0,0
3332,96725432,0,86,182,41,0,0
3333,96735432,0,86,179,34,0,0
3334,96745432,0,77,179,30,0,0
3335,96755432,0,75,168,29,0,0
3336,96765432,0,70,165,27,0,0
3337,96775432,0,64,176,26,0,0
3338,96785432,0,95,180,24,0,0
3339,96795432,0,159,174,21,0,0
3340,96805432,0,185,154,12,0,0
3341,96815432,0,212,114,9,0,0
3342,96825432,0,201,91,3,0,0
3343,96835432,0,164,81,3,0,0
3344,96845432,0,113,65,2,0,0
3345,96855432,0,74,55,0,0,0
3346,96865432,0,31,49,0,0,0
3347,96875432,0,43,51,4,0,0
3348,96885432,0,0,42,9,0,0
3349,96895432,0,0,38,0,0,0
3350,96905432,0,0,31,0,0,0
3351,96915432,0,0,27,0,0,0
3352,96925432,0,0,9,6,0,0
3353,96935432,0,0,22,0,0,0
3354,96945432,0,0,20,0,0,0
3355,96955432,0,0,16,0,0,0
3356,96965432,0,0,13,1,0,0
3357,96975432,0,0,11,3,0,0
3358,96985432,0,0,7,0,0,0
3359,96995432,0,0,6,0,2,0
3360,97005432,0,0,7,0,0,0
3361,97015432,0,0,8,0,0,0
3362,97025432,0,0,10,0,0,0
3363,97035432,0,0,5,0,0,0
3364,97045432,0,0,3,0,0,0
3365,97055432,0,0,0,0,0,0
3366,97065432,0,0,1,0,0,0
3367,97075432,0,0,3,0,0,0
3368,97085432,0,0,4,0,0,0
3369,97095432,0,0,8,0,0,0
3370,97105432,0,23,12,0,0,0
3371,97115432,0,52,15,0,0,0
3372,97125432,0,84,18,1,0,0
3373,97135432,0,130,14,0,0,0
3374,97145432,0,187,17,0,0,0
3375,97155432,0,245,19,0,0,0
3376,97165432,0,322,16,1,0,0
3377,97175432,0,430,20,2,0,0
3378,97185432,0,565,19,3,0,0
3379,97195432,0,737,15,0,0,0
3380,97205432,0,900,22,0,0,0
3381,97215432,0,1029,32,1,0,0
3382,97225432,0,1126,71,19,0,0
3383,97235432,0,1199,123,55,0,0
3384,97245432,0,1244,179,94,0,0
3385,97255432,0,1238,222,115,0,0
3386,97265432,0,1239,293,172,0,0
3387,97275432,0,1223,349,223,0,0
3388,97285432,0,1198,401,282,0,0
3389,97295432,0,1196,467,342,0,0
3390,97305432,0,1200,519,387,0,9
3391,97315432,0,1219,552,424,0,71
3392,97325432,0,1229,596,458,0,168
3393,97335432,0,1240,608,492,0,241
3394,97345432,0,1250,651,509,5,317
3395,97355432,0,1257,680,539,31,370
3396,97365432,0,1271,690,567,55,442
3397,97375432,0,1218,690,567,89,492
3398,97385432,0,1308,759,607,108,522
3399,97395432,0,1329,778,624,123,549
3400,97405432,0,1342,805,644,146,575
3401,97415432,0,1356,825,656,173,602
3402,97425432,0,1361,842,679,200,627
3403,97435432,0,1358,858,700,228,654
3404,97445432,0,1362,870,716,244,676
3405,97455432,0,1364,876,734,266,686
3406,97465432,0,1364,882,734,283,698
3407,97475432,0,1366,890,745,303,703
3408,97485432,0,1364,893,751,318,714
3409,97495432,0,1364,898,758,326,721
3410,97505432,0,1354,902,758,330,678
3411,97515432,0,1351,906,764,338,726
3412,97525432,0,1344,911,769,341,729
3413,97535432,0,1330,910,773,345,730
3414,97545432,0,1326,919,780,354,733
3415,97555432,0,1322,918,783,358,736
3416,97565432,0,1314,923,790,361,739
3417,97575432,0,1312,928,797,360,741
3418,97585432,0,1308,932,800,361,742
3419,97595432,0,1307,938,805,364,743
3420,97605432,0,1306,942,812,371,746
3421,97615432,1,1306,950,818,374,747
3422,97625432,0,1305,952,824,375,749
3423,97635432,0,1304,903,807,333,739
3424,97645432,0,1302,962,842,392,755
3425,97655432,0,1302,968,850,401,759
3426,97665432,0,1301,972,856,407,763
3427,97675432,0,1300,974,859,416,770
3428,97685432,0,1302,979,868,420,772
3429,97695432,0,1304,983,872,422,775
3430,97705432,0,1312,986,875,430,775
3431,97715432,0,1306,989,877,429,773
3432,97725432,0,1306,993,879,432,766
3433,97735432,0,1305,996,883,432,764
3434,97745432,0,1307,997,885,432,758
3435,97755432,0,1306,997,882,430,752
3436,97765432,0,1303,997,883,420,741
3437,97775432,0,1310,991,875,412,725
3438,97785432,0,1317,985,872,407,705
3439,97795432,0,1320,983,868,396,689
3440,97805432,0,1323,983,866,382,681
3441,97815432,0,1328,982,863,389,681
3442,97825432,0,1319,984,865,399,678
3443,97835432,0,1329,984,865,401,674
3444,97845432,0,1328,983,865,407,665
3445,97855432,0,1330,984,865,407,662
3446,97865432,0,1331,983,865,412,650
3447,97875432,0,1332,981,860,423,636
3448,97885432,0,1332,980,857,423,624
3449,97895432,0,1334,976,852,423,613
3450,97905432,0,1336,970,844,418,589
3451,97915432,0,1339,966,838,411,568
3452,97925432,0,1342,965,831,413,573
3453,97935432,0,1340,965,838,412,589
3454,97945432,0,1336,966,841,427,599
3455,97955432,0,1329,969,846,441,601
3456,97965432,0,1322,973,856,441,611
3457,97975432,0,1308,976,859,459,629
3458,97985432,0,1292,977,865,470,632
3459,97995432,0,1267,978,869,477,641
3460,98005432,0,1243,975,874,490,649
3461,98015432,0,1210,974,875,495,665
3462,98025432,0,1168,972,881,503,676
3463,98035432,0,1108,972,887,508,678
3464,98045432,0,1020,970,891,501,685
3465,98055432,0,926,969,899,499,689
3466,98065432,0,0,965,905,492,696
3467,98075432,0,0,953,905,493,695
3468,98085432,0,0,936,903,487,692
3469,98095432,0,0,916,894,477,635
3470,98105432,0,0,883,887,472,667
3471,98115432,0,0,855,880,458,651
3472,98125432,0,0,809,864,441,625
3473,98135432,0,0,739,857,421,598
3474,98145432,0,0,686,839,384,551
3475,98155432,0,0,635,810,359,494
3476,98165432,0,0,595,773,337,398
3477,98175432,0,128,552,714,313,365
3478,98185432,0,110,502,643,307,256
3479,98195432,0,103,447,565,267,157
3480,98205432,0,101,398,503,185,65
3481,98215432,0,98,372,428,98,0
3482,98225432,0,103,347,374,27,0
3483,98235432,0,112,331,331,0,0
3484,98245432,0,119,314,286,0,0
3485,98255432,0,127,296,237,0,0
3486,98265432,0,116,275,183,0,0
3487,98275432,0,120,260,141,0,0
3488,98285432,0,123,243,116,0,0
3489,98295432,0,136,228,93,0,0
3490,98305432,0,139,216,88,0,0
3491,98315432,0,139,208,68,0,0
3492,98325432,0,141,197,55,0,0
3493,98335432,0,142,186,53,0,0
3494,98345432,0,136,176,53,0,0
3495,98355432,0,131,175,43,0,0
3496,98365432,0,126,173,43,0,0
3497,98375432,0,118,174,46,0,0
3498,98385432,0,109,174,46,0,0
3499,98395432,0,104,169,42,0,0
3500,98405432,0,101,168,41,0,0
3501,98415432,0,91,167,37,0,0
3502,98425432,0,91,169,39,1,0
3503,98435432,0,91,169,40,0,0
3504,98445432,0,92,169,48,0,0
3505,98455432,0,94,173,38,0,0
3506,98465432,0,96,169,38,0,0
3507,98475432,0,93,165,33,0,0
3508,98485432,0,90,165,37,0,0
3509,98495432,0,89,156,33,0,0
3510,98505432,0,87,149,35,0,0
3511,98515432,0,79,145,34,0,0
3512,98525432,0,75,140,32,0,0
3513,98535432,0,71,138,30,0,0
3514,98545432,0,60,135,31,0,0
3515,98555432,0,0,124,30,0,0
3516,98565432,0,0,114,26,0,0
3517,98575432,0,0,108,24,0,1
3518,98585432,0,0,96,20,0,0
3519,98595432,0,0,86,18,0,0
3520,98605432,0,0,75,11,0,0
3521,98615432,0,0,59,11,0,0
3522,98625432,0,0,48,6,0,0
3523,98635432,0,0,43,5,0,0
3524,98645432,0,0,33,4,0,0
3525,98655432,0,0,24,2,0,0
3526,98665432,0,0,18,3,0,0
3527,98675432,0,0,9,1,0,0
3528,98685432,0,0,8,0,0,0
3529,98695432,0,1,8,1,0,0
3530,98705432,0,0,9,1,0,0
3531,98715432,0,0,11,0,0,0
3532,98725432,0,0,14,1,0,0
3533,98735432,0,0,16,0,0,0
3534,98745432,0,0,19,0,0,0
3535,98755432,0,4,21,1,0,0
3536,98765432,0,4,23,1,0,0
3537,98775432,0,119,22,3,0,0
3538,98785432,0,158,25,1,0,0
3539,98795432,0,228,23,0,0,0
3540,98805432,0,283,24,1,0,0
3541,98815432,0,386,16,0,0,0
3542,98825432,0,485,12,2,0,0
3543,98835432,0,612,11,6,0,0
3544,98845432,0,733,18,2,0,0
3545,98855432,0,883,38,0,0,0
3546,98865432,0,1042,51,6,0,0
3547,98875432,0,1146,73,32,0,0
3548,98885432,0,1211,145,72,0,0
3549,98895432,0,1227,194,107,0,0
3550,98905432,0,1224,265,150,0,0
3551,98915432,0,1210,315,202,0,0
3552,98925432,0,1192,357,246,0,0
3553,98935432,0,1173,419,290,0,0
3554,98945432,0,1155,475,345,0,0
3555,98955432,0,1138,530,396,0,38
3556,98965432,0,1143,556,436,0,101
3557,98975432,0,1143,609,488,0,184
3558,98985432,0,1137,656,537,15,280
3559,98995432,0,1127,696,598,43,365
3560,99005432,0,1131,748,623,79,431
3561,99015432,0,1145,789,657,105,488
3562,99025432,0,1162,821,691,131,536
3563,99035432,0,1180,858,722,169,571
3564,99045432,0,1193,879,741,212,607
3565,99055432,0,1204,895,757,248,646
3566,99065432,0,1214,912,774,276,676
3567,99075432,0,1223,0,789,327,698
3568,99085432,0,1228,0,803,359,730
3569,99095432,0,1233,0,826,383,752
3570,99105432,0,1235,872,839,409,774
3571,99115432,0,1237,935,852,439,791
3572,99125432,0,1238,0,858,471,806
3573,99135432,0,1241,0,866,490,823
3574,99145432,0,1242,0,871,504,834
3575,99155432,0,1243,0,876,530,844
3576,99165432,0,1242,939,881,549,853
3577,99175432,0,1238,995,888,567,861
3578,99185432,0,1232,1007,898,583,873
3579,99195432,0,1227,1014,907,597,881
3580,99205432,0,1215,1021,918,607,887
3581,99215432,0,1209,1032,924,619,894
3582,99225432,0,1203,1040,933,626,905
3583,99235432,0,1198,1043,938,636,907
3584,99245432,0,1195,1047,946,649,911
3585,99255432,0,1191,1050,951,652,914
3586,99265432,0,1188,1054,956,657,918
3587,99275432,0,1183,998,936,598,904
3588,99285432,0,1184,1062,971,662,922
3589,99295432,0,1183,1065,972,663,924
3590,99305432,0,1184,1068,978,659,925
3591,99315432,0,1185,1070,982,653,928
3592,99325432,0,1187,1074,984,648,927
3593,99335432,0,1191,1078,988,639,925
3594,99345432,0,1188,1080,990,631,921
3595,99355432,0,1196,1082,993,622,921
3596,99365432,0,1200,1082,991,616,918
3597,99375432,0,1202,1083,993,612,917
3598,99385432,0,1208,1085,993,603,913
3599,99395432,0,1212,1087,994,595,908
3600,99405432,0,1222,1088,993,584,905
3601,99415432,0,1227,1091,995,572,900
3602,99425432,0,1234,1092,993,558,888
3603,99435432,0,1238,1093,993,548,881
3604,99445432,0,1241,1092,989,536,873
3605,99455432,0,1243,1094,988,525,865
3606,99465432,0,1245,1094,988,509,856
3607,99475432,0,1246,1094,989,504,850
3608,99485432,0,1248,1096,993,498,847
3609,99495432,0,1249,1099,996,492,843
3610,99505432,0,1247,1100,1000,488,838
3611,99515432,0,1246,1103,1001,485,833
3612,99525432,0,1243,1106,1003,475,828
3613,99535432,0,1243,1109,1005,467,827
3614,99545432,0,1172,1077,1011,459,827
3615,99555432,0,1241,1111,1012,452,821
3616,99565432,0,1240,1114,1015,447,826
3617,99575432,0,1238,1118,1018,436,817
3618,99585432,0,1234,1122,1021,434,814
3619,99595432,0,1227,1125,1033,430,817
3620,99605432,0,1220,1070,1007,387,802
3621,99615432,0,1213,1131,1044,439,818
3622,99625432,0,1209,1136,1050,438,818
3623,99635432,0,1202,1142,1054,439,817
3624,99645432,0,1194,1145,1064,441,813
3625,99655432,0,1185,1150,1070,444,814
3626,99665432,0,1168,1096,1049,402,799
3627,99675432,0,1149,1163,1083,460,815
3628,99685432,0,1126,1170,1095,473,810
3629,99695432,0,1098,1173,1105,491,815
3630,99705432,0,1060,1176,1112,514,815
3631,99715432,0,1013,1179,1124,538,817
3632,99725432,0,0,1183,1132,566,776
3633,99735432,0,0,1186,1145,597,834
3634,99745432,0,0,1185,1158,618,841
3635,99755432,0,0,1184,1172,644,843
3636,99765432,0,0,1180,1179,666,837
3637,99775432,0,0,1175,1186,686,0
3638,99785432,0,0,1163,1190,703,0
3639,99795432,0,0,1147,1191,713,0
3640,99805432,0,0,1132,1191,710,0
3641,99815432,0,0,1112,1186,713,0
3642,99825432,0,0,1079,1179,718,0
3643,99835432,0,0,1044,1176,718,0
3644,99845432,0,0,993,1172,702,0
3645,99855432,0,0,939,1164,694,0
3646,99865432,0,0,902,1149,680,0
3647,99875432,0,0,860,1141,671,0
3648,99885432,0,0,823,1125,658,0
3649,99895432,0,0,786,1105,638,0
3650,99905432,0,0,753,1075,636,0
3651,99915432,0,0,718,1045,606,0
3652,99925432,0,0,676,1007,559,0
3653,99935432,0,0,630,972,498,0
3654,99945432,0,0,583,929,432,0
3655,99955432,0,0,547,898,378,616
3656,99965432,0,0,522,854,299,587
3657,99975432,0,0,490,799,250,0
3658,99985432,0,0,419,720,129,0
3659,99995432,0,0,441,700,74,387
3660,100005432,0,0,429,655,1,283
3661,100015432,0,0,404,600,0,153
3662,100025432,0,0,377,538,0,58
3663,100035432,0,0,358,462,0,1
3664,100045432,0,0,333,407,0,0
3665,100055432,0,0,311,347,6,0
3666,100065432,0,0,298,302,0,0
3667,100075432,0,0,285,263,0,0
3668,100085432,0,0,269,220,0,1
3669,100095432,0,0,248,171,0,2
3670,100105432,0,2,231,139,0,0
3671,100115432,0,0,192,82,0,0
3672,100125432,0,0,197,81,0,0
3673,100135432,0,0,181,68,0,0
3674,100145432,0,0,178,60,0,0
3675,100155432,0,0,169,57,0,0
3676,100165432,0,0,167,59,0,0
3677,100175432,0,0,161,59,0,0
3678,100185432,0,0,155,58,0,0
3679,100195432,0,0,153,57,0,0
3680,100205432,0,0,151,56,0,0
3681,100215432,0,0,149,56,0,0
3682,100225432,0,0,148,58,0,0
3683,100235432,0,0,145,57,0,0
3684,100245432,0,0,136,61,0,0
3685,100255432,0,0,127,60,0,0
3686,100265432,0,0,106,56,0,0
3687,100275432,0,0,98,52,0,0
3688,100285432,0,0,79,45,0,0
3689,100295432,0,0,75,29,0,0
3690,100305432,0,0,71,35,0,0
3691,100315432,0,0,56,27,0,0
3692,100325432,0,0,54,35,0,0
3693,100335432,0,0,69,34,0,0
3694,100345432,0,0,54,30,0,0
3695,100355432,0,0,30,21,0,0
3696,100365432,0,0,26,14,0,0
3697,100375432,0,0,30,10,0,0
3698,100385432,0,0,22,15,0,0
3699,100395432,0,0,21,13,0,0
3700,100405432,0,0,16,11,0,0
3701,100415432,0,0,13,12,0,0
3702,100425432,0,0,10,11,0,0
3703,100435432,0,0,9,8,0,0
3704,100445432,0,0,4,9,0,0
3705,100455432,0,0,6,10,0,0
3706,100465432,0,0,6,12,0,0
3707,100475432,0,0,7,16,0,0
3708,100485432,0,0,4,15,0,0
3709,100495432,0,0,7,20,0,0
3710,100505432,0,0,11,25,0,0
3711,100515432,0,0,19,28,0,0
3712,100525432,0,0,22,38,0,0
3713,100535432,1,0,22,44,0,0
3714,100545432,0,7,36,57,0,0
3715,100555432,0,15,46,60,0,0
3716,100565432,0,10,51,62,0,0
3717,100575432,0,19,58,69,0,0
3718,100585432,0,62,70,88,0,0
3719,100595432,0,92,80,106,0,0
3720,100605432,0,191,87,115,0,0
3721,100615432,0,288,94,118,0,0
3722,100625432,0,414,126,137,0,17
3723,100635432,0,570,155,146,0,29
3724,100645432,1,671,176,152,0,39
3725,100655432,0,751,204,165,0,44
3726,100665432,0,820,231,173,0,68
3727,100675432,0,865,246,182,0,87
3728,100685432,0,910,265,195,0,98
3729,100695432,0,944,281,202,0,109
3730,100705432,0,983,293,202,0,114
3731,100715432,0,1006,300,213,0,123
3732,100725432,0,1039,310,216,0,126
3733,100735432,0,1075,329,215,0,139
3734,100745432,0,1111,338,233,0,143
3735,100755432,0,1143,357,248,0,151
3736,100765432,0,1175,381,257,0,165
3737,100775432,0,1198,415,269,0,176
3738,100785432,0,1229,432,294,0,195
3739,100795432,0,1252,476,324,0,212
3740,100805432,0,1270,510,360,0,244
3741,100815432,0,1292,539,391,0,253
3742,100825432,0,1318,571,422,0,266
3743,100835432,0,1338,611,447,1,277
3744,100845432,0,1363,652,466,5,282
3745,100855432,0,1376,681,491,9,283
3746,100865432,0,1387,711,530,18,294
3747,100875432,0,1400,741,556,25,297
3748,100885432,0,1412,764,583,37,313
3749,100895432,0,1423,795,615,49,330
3750,100905432,0,1431,823,634,58,345
3751,100915432,0,1438,849,657,63,349
3752,100925432,0,1448,860,678,67,358
3753,100935432,0,1455,878,694,75,364
3754,100945432,0,1463,892,713,80,377
3755,100955432,0,1471,907,722,85,381
3756,100965432,0,1481,919,731,90,393
3757,100975432,0,1485,924,738,94,395
3758,100985432,0,1491,931,743,100,400
3759,100995432,0,1494,937,747,101,407
3760,101005432,0,1495,941,750,102,412
3761,101015432,0,1497,945,755,105,419
3762,101025432,0,1499,949,759,106,423
3763,101035432,0,1424,919,761,107,424
3764,101045432,0,1501,951,761,107,426
3765,101055432,0,1502,951,761,105,427
3766,101065432,0,1502,951,761,100,427
3767,101075432,0,1505,950,761,94,425
3768,101085432,0,1507,950,760,90,416
3769,101095432,0,1507,951,760,81,409
3770,101105432,0,1509,951,760,76,403
3771,101115432,0,1509,950,761,59,385
3772,101125432,0,1512,950,760,41,363
3773,101135432,0,1514,951,759,27,329
3774,101145432,0,1517,948,757,17,298
3775,101155432,0,1523,948,757,3,281
3776,101165432,0,1527,948,756,0,256
3777,101175432,0,1530,948,757,0,234
3778,101185432,0,1542,947,754,0,220
3779,101195432,0,1545,947,752,0,202
3780,101205432,0,1548,946,750,0,183
3781,101215432,0,1554,945,749,0,166
3782,101225432,0,1559,946,750,0,152
3783,101235432,0,1564,947,750,0,138
3784,101245432,0,1568,948,752,0,114
3785,101255432,0,1573,949,756,0,103
3786,101265432,0,1577,952,760,0,92
3787,101275432,0,1579,955,765,0,92
3788,101285432,0,1581,958,775,0,89
3789,101295432,0,1478,950,719,0,87
3790,101305432,0,1587,969,792,0,84
3791,101315432,0,1589,972,794,3,77
3792,101325432,0,1590,977,797,0,55
3793,101335432,0,1592,980,803,0,38
3794,101345432,0,1594,982,803,0,27
3795,101355432,0,1594,928,785,0,14
3796,101365432,0,1597,987,809,0,8
3797,101375432,0,1601,988,809,0,0
3798,101385432,0,1600,990,811,0,0
3799,101395432,0,1605,994,811,0,0
3800,101405432,0,1606,995,809,0,0
3801,101415432,0,1607,995,807,0,0
3802,101425432,0,1609,997,810,0,0
3803,101435432,0,1609,999,812,0,0
3804,101445432,0,1610,1001,815,0,0
3805,101455432,0,1609,1010,823,0,0
3806,101465432,0,1609,1020,840,0,0
3807,101475432,0,1607,1038,852,0,0
3808,101485432,0,1605,1050,867,0,0
3809,101495432,0,1597,1062,884,0,0
3810,101505432,0,1596,1073,903,0,0
3811,101515432,0,1588,1084,916,0,0
3812,101525432,0,1586,1098,931,0,1
3813,101535432,0,1580,1108,946,0,5
3814,101545432,0,1575,1116,958,0,11
3815,101555432,0,1571,1068,943,0,15
3816,101565432,0,1563,1135,982,0,18
3817,101575432,0,1559,1142,992,0,26
3818,101585432,0,1553,1148,1003,0,20
3819,101595432,0,1536,1156,1011,0,25
3820,101605432,0,1518,1159,1017,0,19
3821,101615432,0,1503,1160,1020,0,12
3822,101625432,0,1408,1128,1026,0,3
3823,101635432,0,1459,1163,1031,0,0
3824,101645432,0,1436,1162,1029,0,0
3825,101655432,0,1406,1158,1031,0,0
3826,101665432,0,1350,1152,1024,0,0
3827,101675432,0,1286,1147,1018,0,0
3828,101685432,0,1229,1143,1008,0,0
3829,101695432,0,0,1138,1002,0,0
3830,101705432,0,524,1130,993,0,0
3831,101715432,0,924,1126,982,0,0
3832,101725432,0,827,1117,970,0,0
3833,101735432,0,715,1106,955,0,0
3834,101745432,0,597,1099,935,0,0
3835,101755432,0,502,1072,898,0,0
3836,101765432,0,400,1050,851,0,0
3837,101775432,0,274,1010,764,0,0
3838,101785432,0,223,970,707,0,0
3839,101795432,0,183,913,664,0,0
3840,101805432,0,0,870,609,0,0
3841,101815432,0,0,836,558,0,0
3842,101825432,0,0,775,507,0,0
3843,101835432,0,0,726,466,0,0
3844,101845432,0,0,668,416,0,0
3845,101855432,0,0,613,364,0,0
3846,101865432,0,0,584,320,0,0
3847,101875432,0,0,537,269,0,0
3848,101885432,0,0,490,225,0,0
3849,101895432,0,0,449,173,0,0
3850,101905432,0,0,403,139,0,0
3851,101915432,0,0,373,114,0,0
3852,101925432,0,0,359,110,0,0
3853,101935432,0,0,356,108,0,0
3854,101945432,0,0,352,106,0,0
3855,101955432,0,0,345,108,0,0
3856,101965432,0,0,333,106,0,0
3857,101975432,0,0,331,104,0,0
3858,101985432,0,0,322,101,0,0
3859,101995432,0,0,313,97,0,0
3860,102005432,0,0,293,93,0,0
3861,102015432,0,0,281,90,0,0
3862,102025432,0,0,260,80,0,0
3863,102035432,0,0,253,76,0,0
3864,102045432,0,0,241,73,0,0
3865,102055432,0,0,227,71,0,0
3866,102065432,0,0,212,69,0,0
3867,102075432,0,0,195,66,0,0
3868,102085432,0,0,173,61,0,0
3869,102095432,0,0,155,56,0,0
3870,102105432,0,0,154,53,0,0
3871,102115432,0,0,132,52,0,0
3872,102125432,0,0,116,47,0,0
3873,102135432,0,0,100,41,0,0
3874,102145432,0,0,106,43,0,0
3875,102155432,1,0,111,53,0,0
3876,102165432,0,0,68,28,0,0
3877,102175432,0,0,57,28,0,0
3878,102185432,0,0,59,29,0,0
3879,102195432,0,0,61,33,0,0
3880,102205432,0,0,46,25,0,0
3881,102215432,0,0,72,36,0,0
3882,102225432,0,0,73,38,0,0
3883,102235432,0,0,71,38,0,0
3884,102245432,0,103,70,38,0,0
3885,102255432,0,108,71,41,0,0
3886,102265432,0,122,76,41,0,0
3887,102275432,0,147,79,40,0,0
3888,102285432,0,183,80,43,0,0
3889,102295432,0,231,91,52,0,0
3890,102305432,0,265,109,70,0,0
3891,102315432,0,297,149,89,0,0
3892,102325432,0,343,179,125,0,0
3893,102335432,0,437,254,205,0,0
3894,102345432,0,525,313,302,0,0
3895,102355432,0,577,383,376,0,0
3896,102365432,0,612,456,431,0,0
3897,102375432,0,632,501,484,0,0
3898,102385432,0,635,542,530,0,52
3899,102395432,0,660,595,567,0,162
3900,102405432,0,680,640,604,0,267
3901,102415432,0,699,686,648,20,374
3902,102425432,0,719,733,707,58,473
3903,102435432,0,729,783,741,102,553
3904,102445432,0,738,822,785,139,625
3905,102455432,0,755,855,821,172,680
3906,102465432,0,774,888,861,218,729
3907,102475432,0,786,923,888,253,775
3908,102485432,0,804,949,921,286,808
3909,102495432,0,827,980,947,324,839
3910,102505432,0,852,1004,979,359,859
3911,102515432,0,860,1038,1001,390,884
3912,102525432,0,840,1058,1020,413,914
3913,102535432,0,0,1080,1046,441,935
3914,102545432,0,880,1100,1062,478,956
3915,102555432,0,893,1115,1077,507,981
3916,102565432,0,856,1129,1090,540,1011
3917,102575432,0,861,1142,1103,568,1040
3918,102585432,0,856,1152,1111,597,1058
3919,102595432,0,0,1163,1109,569,1028
3920,102605432,0,0,1172,1129,659,1081
3921,102615432,0,0,1177,1138,687,1095
3922,102625432,0,939,1183,1144,714,1108
3923,102635432,0,932,1189,1149,731,1124
3924,102645432,0,0,1193,1162,756,1136
3925,102655432,0,0,1198,1172,765,1147
3926,102665432,0,0,1205,1181,790,1159
3927,102675432,0,0,1209,1190,805,1166
3928,102685432,0,0,1211,1196,818,1175
3929,102695432,0,0,1213,1207,838,1180
3930,102705432,0,0,1217,1210,843,1188
3931,102715432,0,0,1221,1218,853,1192
3932,102725432,0,0,1224,1230,862,1196
3933,102735432,0,0,1227,1243,875,1075
3934,102745432,0,0,1231,1246,886,0
3935,102755432,0,0,1235,1253,890,0
3936,102765432,0,0,1236,1269,902,0
3937,102775432,0,0,1238,1265,908,0
3938,102785432,0,0,1240,1267,914,0
3939,102795432,0,0,1241,1274,917,0
3940,102805432,0,0,1244,1274,920,0
3941,102815432,0,0,1249,1286,921,0
3942,102825432,0,0,1252,1288,923,0
3943,102835432,0,0,1255,1293,920,0
3944,102845432,0,0,1257,1298,923,0
3945,102855432,0,0,1193,1267,841,0
3946,102865432,0,0,1262,1306,918,0
3947,102875432,0,0,1266,1310,931,0
3948,102885432,0,0,1269,1312,920,0
3949,102895432,0,0,1270,1318,914,0
3950,102905432,0,0,1272,1321,910,0
3951,102915432,0,0,1272,1325,893,0
3952,102925432,0,0,1274,1328,888,0
3953,102935432,0,0,1275,1334,884,0
3954,102945432,0,0,1277,1337,874,0
3955,102955432,0,0,1280,1340,873,0
3956,102965432,0,0,1284,1345,875,0
3957,102975432,0,1,1286,1349,867,0
3958,102985432,0,0,1287,1354,873,0
3959,102995432,0,0,1288,1357,873,0
3960,103005432,0,0,1289,1362,864,0
3961,103015432,0,0,1292,1366,863,0
3962,103025432,0,0,1292,1370,851,0
3963,103035432,0,1,1294,1373,851,0
3964,103045432,0,0,1297,1380,852,0
3965,103055432,0,0,1298,1381,850,0
3966,103065432,0,429,1298,1378,854,0
3967,103075432,0,402,1298,1387,856,0
3968,103085432,0,353,1299,1394,864,0
3969,103095432,0,308,1298,1395,852,0
3970,103105432,0,248,1297,1398,845,0
3971,103115432,0,198,1289,1399,839,0
3972,103125432,0,153,1284,1399,807,0
3973,103135432,0,112,1272,1395,781,0
3974,103145432,0,55,1255,1389,740,0
3975,103155432,0,21,1241,1385,705,0
3976,103165432,0,0,1215,1373,654,0
3977,103175432,0,0,1190,1360,604,0
3978,103185432,0,0,1147,1339,548,0
3979,103195432,0,0,1103,1320,484,0
3980,103205432,0,0,1042,1293,433,0
3981,103215432,0,0,976,1254,390,0
3982,103225432,0,0,917,1206,344,0
3983,103235432,0,0,881,1163,243,0
3984,103245432,0,0,822,1033,161,0
3985,103255432,0,0,787,1065,93,496
3986,103265432,0,0,742,1007,38,426
3987,103275432,0,0,687,950,2,359
3988,103285432,0,0,656,895,0,275
3989,103295432,0,0,615,830,0,189
3990,103305432,0,0,577,745,0,105
3991,103315432,0,0,541,675,0,42
3992,103325432,0,0,488,602,0,0
3993,103335432,0,0,449,518,0,0
3994,103345432,0,0,419,448,0,0
3995,103355432,0,0,395,387,0,0
3996,103365432,0,0,362,349,0,0
3997,103375432,0,0,338,304,0,0
3998,103385432,0,0,308,263,0,0
3999,103395432,0,0,284,229,0,0
4000,103405432,0,0,267,188,0,0
4001,103415432,0,0,247,161,0,0
4002,103425432,0,0,230,140,0,0
4003,103435432,0,0,223,96,0,0
4004,103445432,0,0,219,115,0,0
4005,103455432,0,0,217,114,0,0
4006,103465432,0,0,218,112,0,0
4007,103475432,0,0,219,117,0,0
4008,103485432,0,0,212,114,0,0
4009,103495432,0,0,206,104,0,0
4010,103505432,0,0,197,95,0,0
4011,103515432,0,0,193,91,0,0
4012,103525432,0,0,194,81,0,0
4013,103535432,0,0,187,75,0,0
4014,103545432,0,0,185,71,0,0
4015,103555432,0,0,189,70,0,0
4016,103565432,0,0,163,59,0,0
4017,103575432,0,0,186,70,0,0
4018,103585432,3,0,185,69,0,0
4019,103595432,0,0,182,69,0,0
4020,103605432,0,0,177,69,0,0
4021,103615432,0,0,175,66,0,0
4022,103625432,0,0,175,63,0,0
4023,103635432,0,0,174,63,0,0
4024,103645432,0,0,171,61,0,0
4025,103655432,0,0,166,60,0,0
4026,103665432,0,0,156,60,0,0
4027,103675432,0,0,152,58,0,0
4028,103685432,0,0,152,61,0,0
4029,103695432,0,0,150,59,0,0
4030,103705432,0,0,142,54,0,0
4031,103715432,0,0,135,54,0,0
4032,103725432,0,0,129,52,0,0
4033,103735432,0,0,125,52,0,0
4034,103745432,0,0,122,53,0,0
4035,103755432,0,0,118,56,0,0
4036,103765432,0,0,118,54,0,0
4037,103775432,0,0,117,53,0,0
4038,103785432,0,0,110,54,0,0
4039,103795432,0,0,110,55,0,0
4040,103805432,0,0,104,55,0,0
4041,103815432,0,0,103,53,0,0
4042,103825432,0,0,82,35,0,0
4043,103835432,0,0,92,50,0,0
4044,103845432,0,0,89,47,0,0
4045,103855432,0,0,89,47,0,0
4046,103865432,0,0,87,46,0,0
4047,103875432,0,0,87,44,0,0
4048,103885432,0,0,66,36,0,0
4049,103895432,0,0,88,45,0,0
4050,103905432,0,0,93,46,0,0
4051,103915432,0,0,93,44,0,0
4052,103925432,0,0,91,41,0,0
4053,103935432,0,0,87,40,0,0
4054,103945432,0,0,85,39,0,0
4055,103955432,0,0,78,13,0,0
4056,103965432,0,0,85,37,0,0
4057,103975432,0,0,85,38,0,0
4058,103985432,0,0,86,37,0,0
4059,103995432,0,21,90,38,0,0
4060,104005432,0,46,91,38,0,0
4061,104015432,0,74,91,36,0,0
4062,104025432,0,115,92,37,0,0
4063,104035432,0,167,89,36,0,0
4064,104045432,0,211,86,34,0,0
4065,104055432,0,276,83,29,0,0
4066,104065432,0,349,75,29,0,0
4067,104075432,0,455,72,26,0,0
4068,104085432,0,591,67,28,0,0
4069,104095432,0,684,69,21,0,0
4070,104105432,0,818,72,4,0,0
4071,104115432,0,961,74,9,0,0
4072,104125432,0,1064,83,11,0,0
4073,104135432,0,1133,101,24,0,0
4074,104145432,0,1192,120,41,0,0
4075,104155432,0,1149,150,41,0,0
4076,104165432,0,1247,246,129,0,0
4077,104175432,0,1243,310,189,0,0
4078,104185432,0,1226,390,256,0,0
4079,104195432,0,1192,491,334,0,0
4080,104205432,0,1161,558,426,0,0
4081,104215432,0,1140,623,484,0,0
4082,104225432,0,1034,671,547,0,42
4083,104235432,0,1125,730,595,0,129
4084,104245432,0,1115,773,661,0,247
4085,104255432,0,1115,826,722,24,350
4086,104265432,0,1111,872,765,61,458
4087,104275432,0,1110,919,811,105,536
4088,104285432,0,1104,954,851,109,562
4089,104295432,0,1108,988,904,187,647
4090,104305432,0,1113,1019,943,234,685
4091,104315432,0,1122,1053,976,274,721
4092,104325432,0,1129,1084,1003,305,743
4093,104335432,0,1140,1110,1022,350,764
4094,104345432,0,1147,1127,1046,376,775
4095,104355432,0,1156,1145,1066,418,789
4096,104365432,0,1154,1163,1086,438,801
4097,104375432,0,1149,1177,1103,459,824
4098,104385432,0,1144,1188,1115,485,830
4099,104395432,0,1137,1201,1132,506,836
4100,104405432,0,1127,1209,1152,526,843
4101,104415432,0,1114,1222,1174,548,852
4102,104425432,0,1100,1231,1193,561,0
4103,104435432,0,1083,1238,1206,571,0
4104,104445432,0,1072,1244,1221,584,0
4105,104455432,0,1052,1252,1236,586,0
4106,104465432,0,1034,1256,1250,590,0
4107,104475432,0,1012,1262,1258,598,1
4108,104485432,0,0,1251,1184,589,0
4109,104495432,0,0,1275,1280,583,0
4110,104505432,0,0,1285,1293,591,0
4111,104515432,0,0,1289,1303,587,0
4112,104525432,0,0,1296,1309,585,0
4113,104535432,0,0,1302,1319,585,0
4114,104545432,0,0,1306,1325,585,0
4115,104555432,0,0,1316,1333,582,0
4116,104565432,0,0,1322,1340,585,0
4117,104575432,0,0,1331,1350,584,0
4118,104585432,0,0,1339,1356,586,0
4119,104595432,0,0,1349,1365,587,0
4120,104605432,0,0,1354,1369,590,0
4121,104615432,0,0,1361,1373,597,803
4122,104625432,0,0,1364,1380,602,820
4123,104635432,0,0,1370,1385,610,821
4124,104645432,0,0,1371,1388,616,812
4125,104655432,0,0,1378,1397,616,0
4126,104665432,0,0,1382,1401,621,0
4127,104675432,0,0,1386,1412,622,0
4128,104685432,0,0,1388,1419,627,0
4129,104695432,0,0,1394,1420,633,0
4130,104705432,0,0,1397,1425,634,0
4131,104715432,0,0,1397,1426,634,0
4132,104725432,0,0,1398,1434,635,0
4133,104735432,0,0,1411,1436,633,0
4134,104745432,0,0,1403,1438,633,0
4135,104755432,0,0,1401,1446,628,0
4136,104765432,0,0,1403,1447,635,0
4137,104775432,0,0,1402,1448,628,0
4138,104785432,0,0,1415,1454,627,0
4139,104795432,0,0,1415,1459,631,0
4140,104805432,0,600,1417,1468,628,0
4141,104815432,0,583,1422,1465,630,0
4142,104825432,0,570,1422,1471,629,0
4143,104835432,0,557,1427,1482,635,0
4144,104845432,0,521,1428,1484,633,0
4145,104855432,0,504,1429,1490,631,0
4146,104865432,0,485,1427,1494,627,0
4147,104875432,0,463,1432,1496,625,0
4148,104885432,0,434,1432,1506,626,0
4149,104895432,0,396,1433,1509,623,0
4150,104905432,0,362,1435,1511,619,0
4151,104915432,0,298,1434,1514,615,0
4152,104925432,0,277,1433,1515,600,0
4153,104935432,0,253,1431,1513,582,0
4154,104945432,0,231,1428,1508,549,0
4155,104955432,0,206,1421,1501,514,0
4156,104965432,0,112,1414,1500,493,0
4157,104975432,0,62,1404,1494,481,0
4158,104985432,0,15,1394,1491,469,0
4159,104995432,0,0,1382,1485,449,0
4160,105005432,0,0,1363,1480,410,0
4161,105015432,0,0,1326,1466,370,0
4162,105025432,0,0,1293,1455,343,0
4163,105035432,0,0,1243,1441,300,0
4164,105045432,0,0,1196,1417,230,0
4165,105055432,0,0,1146,1385,167,0
4166,105065432,0,0,1110,1345,84,0
4167,105075432,0,0,1055,1298,23,0
4168,105085432,0,0,1000,1232,0,0
4169,105095432,0,0,960,1161,0,0
4170,105105432,0,0,912,1083,0,0
4171,105115432,0,0,869,1015,0,0
4172,105125432,0,0,820,938,0,0
4173,105135432,0,0,778,885,0,0
4174,105145432,0,0,732,803,0,0
4175,105155432,0,0,675,728,0,0
4176,105165432,0,0,644,668,0,0
4177,105175432,0,0,613,600,0,0
4178,105185432,0,0,580,530,0,0
4179,105195432,0,0,555,460,0,0
4180,105205432,0,0,533,395,0,0
4181,105215432,0,0,493,344,0,0
4182,105225432,0,0,460,304,0,0
4183,105235432,0,0,441,275,0,0
4184,105245432,0,0,411,241,0,0
4185,105255432,0,0,361,222,0,0
4186,105265432,0,0,359,201,0,0
4187,105275432,0,0,339,180,0,0
4188,105285432,0,0,317,160,0,0
4189,105295432,0,0,302,139,0,0
4190,105305432,0,0,284,110,0,0
4191,105315432,0,0,275,109,0,0
4192,105325432,0,0,265,104,0,0
4193,105335432,0,0,263,101,0,0
4194,105345432,0,0,258,99,0,0
4195,105355432,0,0,252,100,0,0
4196,105365432,0,0,248,101,0,0
4197,105375432,0,0,246,101,0,0
4198,105385432,0,0,245,100,0,0
4199,105395432,0,0,226,101,0,0
4200,105405432,0,0,250,100,0,0
4201,105415432,0,0,247,101,0,0
4202,105425432,0,0,244,100,0,0
4203,105435432,0,0,240,95,0,0
4204,105445432,0,0,233,93,0,0
4205,105455432,0,0,225,89,0,0
4206,105465432,0,0,207,82,0,0
4207,105475432,0,0,198,79,0,0
4208,105485432,0,0,186,75,0,0
4209,105495432,0,0,170,62,0,0
4210,105505432,0,0,164,60,0,0
4211,105515432,0,0,159,59,0,0
4212,105525432,0,0,161,60,0,0
4213,105535432,0,0,169,59,0,0
4214,105545432,0,0,165,56,0,0
4215,105555432,0,0,150,54,0,0
4216,105565432,0,0,145,55,0,0
4217,105575432,0,0,136,53,0,0
4218,105585432,0,0,133,52,0,0
4219,105595432,0,0,135,51,0,0
4220,105605432,0,0,136,53,0,0
4221,105615432,0,0,140,48,0,0
4222,105625432,0,0,143,54,0,0
4223,105635432,0,0,144,55,0,0
4224,105645432,0,0,145,56,0,0
4225,105655432,0,0,147,57,0,0
4226,105665432,0,0,146,65,0,0
4227,105675432,0,0,147,58,0,0
4228,105685432,0,0,150,53,0,0
4229,105695432,0,0,155,55,0,0
4230,105705432,0,22,157,56,0,0
4231,105715432,0,65,159,53,0,0
4232,105725432,0,135,157,56,0,0
4233,105735432,0,231,157,53,0,0
4234,105745432,0,318,156,55,0,0
4235,105755432,0,469,144,52,0,0
4236,105765432,0,630,138,39,0,0
4237,105775432,0,780,136,18,0,0
4238,105785432,0,963,144,21,0,0
4239,105795432,0,1095,151,26,0,0
4240,105805432,0,1182,164,35,0,0
4241,105815432,0,1260,190,47,0,0
4242,105825432,0,1308,216,60,0,0
4243,105835432,0,1334,251,75,0,1
4244,105845432,0,1344,277,96,0,0
4245,105855432,0,1352,333,138,0,0
4246,105865432,0,1359,389,180,0,0
4247,105875432,0,1365,458,232,0,0
4248,105885432,0,1368,528,291,0,0
4249,105895432,0,1372,579,348,0,0
4250,105905432,0,1387,625,407,0,0
4251,105915432,0,1395,671,445,0,0
4252,105925432,0,1403,727,493,0,0
4253,105935432,0,1414,765,548,0,0
4254,105945432,0,1423,822,593,0,0
4255,105955432,0,1430,859,628,0,0
4256,105965432,0,1436,887,671,0,0
4257,105975432,0,1439,923,712,0,0
4258,105985432,0,1439,952,738,0,1
4259,105995432,0,1443,973,772,0,40
4260,106005432,0,1443,996,794,0,88
4261,106015432,0,1444,1015,813,0,130
4262,106025432,0,1447,1036,838,0,174
4263,106035432,0,1446,1048,854,0,228
4264,106045432,0,1444,1055,858,0,237
4265,106055432,0,1446,1065,872,0,309
4266,106065432,0,1440,1069,881,0,344
4267,106075432,0,1439,1076,889,0,376
4268,106085432,0,1435,1081,895,0,388
4269,106095432,0,1427,1092,903,7,408
4270,106105432,0,1423,1094,909,10,416
4271,106115432,0,1414,1098,916,18,422
4272,106125432,0,1402,1098,920,26,428
4273,106135432,0,1392,1101,922,37,439
4274,106145432,0,1381,1113,927,40,446
4275,106155432,0,1370,1105,930,50,459
4276,106165432,0,1356,1109,931,57,466
4277,106175432,0,1342,1111,926,44,442
4278,106185432,0,1337,1113,941,76,480
4279,106195432,0,1332,1119,944,77,488
4280,106205432,0,1323,1119,950,86,499
4281,106215432,0,1321,1124,964,86,505
4282,106225432,0,1318,1125,957,91,523
4283,106235432,0,1318,1126,971,99,536
4284,106245432,0,1227,1114,893,106,546
4285,106255432,0,1321,1127,968,120,557
4286,106265432,0,1321,1129,972,138,563
4287,106275432,0,1322,1134,974,139,573
4288,106285432,0,1312,1140,976,155,584
4289,106295432,0,1306,1139,979,169,603
4290,106305432,0,1306,1142,980,192,616
4291,106315432,0,1293,1142,983,207,631
4292,106325432,0,1277,1142,982,215,644
4293,106335432,0,1259,1142,984,230,652
4294,106345432,0,1237,1147,987,248,661
4295,106355432,0,1220,1145,988,264,669
4296,106365432,0,1207,1147,993,276,682
4297,106375432,0,1135,1115,992,284,691
4298,106385432,0,1194,1150,991,287,696
4299,106395432,0,1183,1148,992,298,702
4300,106405432,0,1183,1147,990,301,699
4301,106415432,0,1186,1147,989,300,695
4302,106425432,2,1195,1144,986,301,686
4303,106435432,0,1197,1143,984,297,681
4304,106445432,0,1109,1135,986,295,690
4305,106455432,0,1194,1142,985,295,688
4306,106465432,0,1190,1142,988,302,695
4307,106475432,0,1181,1145,993,320,701
4308,106485432,0,1164,1146,998,333,724
4309,106495432,0,1141,1151,1002,345,729
4310,106505432,0,1038,1097,969,359,738
4311,106515432,0,1075,1159,1012,362,743
4312,106525432,0,1051,1161,1015,372,745
4313,106535432,0,1032,1162,1023,375,750
4314,106545432,0,1001,1164,1032,381,750
4315,106555432,0,972,1165,1034,396,758
4316,106565432,0,937,1168,1043,419,770
4317,106575432,0,831,1170,1045,432,787
4318,106585432,0,0,1170,1050,458,803
4319,106595432,0,0,1166,1054,489,818
4320,106605432,0,0,1159,1060,530,833
4321,106615432,0,567,1141,1053,566,847
4322,106625432,0,469,1119,1052,609,856
4323,106635432,0,361,1086,1050,647,864
4324,106645432,0,244,1051,1046,686,0
4325,106655432,0,169,995,1042,726,0
4326,106665432,0,102,943,1033,753,0
4327,106675432,0,0,880,1017,778,0
4328,106685432,0,0,812,1003,794,0
4329,106695432,0,0,730,981,791,0
4330,106705432,0,0,679,943,770,845
4331,106715432,0,0,629,908,723,832
4332,106725432,0,0,581,857,669,794
4333,106735432,0,0,539,793,626,746
4334,106745432,0,0,507,726,549,669
4335,106755432,0,0,472,666,467,575
4336,106765432,0,0,442,600,354,466
4337,106775432,0,0,431,553,271,381
4338,106785432,0,0,405,488,137,247
4339,106795432,0,0,376,425,31,137
4340,106805432,0,0,362,364,0,23
4341,106815432,0,0,348,329,0,0
4342,106825432,0,0,336,294,0,0
4343,106835432,0,0,325,247,0,0
4344,106845432,0,0,312,214,0,0
4345,106855432,0,0,301,175,0,0
4346,106865432,0,0,293,155,0,0
4347,106875432,0,0,284,140,0,0
4348,106885432,0,0,264,111,0,0
4349,106895432,0,0,249,99,0,0
4350,106905432,0,0,238,89,0,0
4351,106915432,0,0,222,72,0,0
4352,106925432,0,0,209,60,0,0
4353,106935432,0,0,204,59,0,0
4354,106945432,0,0,201,57,0,0
4355,106955432,0,0,195,56,0,0
4356,106965432,0,0,186,59,0,0
4357,106975432,0,0,175,60,0,0
4358,106985432,0,0,170,55,0,0
4359,106995432,0,0,168,47,0,0
4360,107005432,0,0,164,51,0,0
4361,107015432,0,0,161,50,0,0
4362,107025432,0,0,155,45,0,0
4363,107035432,0,0,151,43,0,0
4364,107045432,0,0,151,42,0,0
4365,107055432,0,0,153,42,0,0
4366,107065432,0,0,152,40,0,0
4367,107075432,0,0,151,38,0,0
4368,107085432,0,0,152,37,0,0
4369,107095432,0,0,151,37,0,0
4370,107105432,0,0,151,37,0,0
4371,107115432,0,0,153,38,0,0
4372,107125432,0,0,156,37,0,0
4373,107135432,0,0,154,37,0,0
4374,107145432,0,0,150,39,0,0
4375,107155432,0,0,137,10,0,0
4376,107165432,0,0,141,33,0,0
4377,107175432,0,0,137,33,0,0
4378,107185432,0,0,130,33,0,0
4379,107195432,0,0,121,30,0,0
4380,107205432,0,0,115,32,0,0
4381,107215432,0,0,112,27,0,0
4382,107225432,0,0,108,25,0,0
4383,107235432,0,0,111,26,0,0
4384,107245432,0,0,114,25,0,0
4385,107255432,0,0,113,26,0,0
4386,107265432,0,0,118,12,0,0
4387,107275432,0,0,116,12,0,0
4388,107285432,0,0,107,13,0,0
4389,107295432,0,0,102,11,0,0
4390,107305432,0,0,92,11,0,0
4391,107315432,0,0,86,12,0,0
4392,107325432,0,0,77,11,0,0
4393,107335432,0,0,72,11,0,0
4394,107345432,0,0,69,8,0,0
4395,107355432,0,0,60,8,0,0
4396,107365432,0,0,57,8,0,0
4397,107375432,0,0,52,9,0,0
4398,107385432,0,0,54,10,0,0
4399,107395432,0,0,58,9,0,0
4400,107405432,0,0,60,6,0,0
4401,107415432,0,0,48,1,0,0
4402,107425432,0,2,61,4,0,0
4403,107435432,0,0,69,3,0,0
4404,107445432,0,0,73,4,0,0
4405,107455432,0,0,81,9,0,0
4406,107465432,0,0,97,29,0,0
4407,107475432,0,0,110,49,0,0
4408,107485432,0,0,124,51,0,0
4409,107495432,0,25,174,127,0,0
4410,107505432,0,54,227,197,0,0
4411,107515432,0,44,279,273,1,0
4412,107525432,0,22,327,334,0,0
4413,107535432,0,14,385,428,0,0
4414,107545432,0,32,460,519,0,110
4415,107555432,0,71,536,600,10,261
4416,107565432,0,112,599,653,24,369
4417,107575432,0,160,636,711,50,461
4418,107585432,0,231,685,749,80,540
4419,107595432,0,282,747,790,109,603
4420,107605432,0,319,784,824,139,648
4421,107615432,0,367,815,847,167,675
4422,107625432,0,428,847,881,202,696
4423,107635432,0,520,881,904,209,714
4424,107645432,0,602,921,929,216,711
4425,107655432,0,683,948,946,216,705
4426,107665432,0,762,967,955,206,693
4427,107675432,0,835,983,970,202,679
4428,107685432,0,899,989,969,190,658
4429,107695432,0,970,995,972,183,642
4430,107705432,0,1028,1007,971,181,631
4431,107715432,0,1073,1015,963,176,620
4432,107725432,0,1119,1019,962,177,614
4433,107735432,0,1152,1024,963,184,606
4434,107745432,0,1188,1029,957,202,611
4435,107755432,0,1210,1032,958,221,620
4436,107765432,0,1227,1031,957,234,630
4437,107775432,0,1245,1040,957,254,638
4438,107785432,0,1261,1040,952,280,651
4439,107795432,0,1188,1022,878,288,660
4440,107805432,0,1299,1041,945,311,677
4441,107815432,0,1313,1043,949,336,698
4442,107825432,0,1323,1052,950,368,720
4443,107835432,0,1325,1053,951,390,734
4444,107845432,0,1330,1050,952,408,747
4445,107855432,0,1332,1047,953,436,761
4446,107865432,0,1334,0,955,453,775
4447,107875432,0,1334,0,956,479,787
4448,107885432,0,1334,0,952,495,792
4449,107895432,0,1327,0,944,514,796
4450,107905432,0,1326,0,935,531,801
4451,107915432,0,1327,0,925,538,800
4452,107925432,0,1222,0,846,544,802
4453,107935432,0,1306,0,909,551,803
4454,107945432,0,1297,0,903,548,807
4455,107955432,0,1287,0,898,546,807
4456,107965432,0,1272,0,893,543,808
4457,107975432,0,1260,0,896,538,806
4458,107985432,0,1253,0,893,531,804
4459,107995432,0,1255,0,891,523,798
4460,108005432,0,1262,0,890,517,793
4461,108015432,0,1271,0,887,492,786
4462,108025432,0,1288,0,886,479,776
4463,108035432,0,1308,0,883,447,764
4464,108045432,0,1314,0,875,420,749
4465,108055432,0,1326,0,867,395,687
4466,108065432,0,1339,0,861,374,712
4467,108075432,0,1360,0,852,335,686
4468,108085432,0,1374,0,834,300,655
4469,108095432,0,1398,0,813,268,611
4470,108105432,0,1416,0,788,227,556
4471,108115432,0,1434,0,757,182,506
4472,108125432,0,1455,877,723,137,465
4473,108135432,0,1468,871,679,100,423
4474,108145432,0,1485,853,647,87,393
4475,108155432,0,1496,837,617,60,369
4476,108165432,0,1505,809,590,49,351
4477,108175432,0,1512,785,569,36,339
4478,108185432,0,1519,761,541,28,329
4479,108195432,0,1524,743,522,25,318
4480,108205432,0,1527,724,499,26,316
4481,108215432,0,1528,713,493,27,328
4482,108225432,0,1525,701,493,30,351
4483,108235432,0,1518,693,493,37,373
4484,108245432,0,1434,665,487,54,381
4485,108255432,0,1501,687,485,58,395
4486,108265432,0,1492,681,474,61,399
4487,108275432,0,1484,676,468,70,404
4488,108285432,0,1471,670,463,72,404
4489,108295432,0,1460,664,456,69,400
4490,108305432,0,1450,660,450,71,396
4491,108315432,0,1441,653,446,65,390
4492,108325432,0,1433,650,443,57,377
4493,108335432,0,1432,644,438,51,365
4494,108345432,0,1429,633,429,42,354
4495,108355432,0,1426,622,421,36,345
4496,108365432,0,1420,611,411,29,328
4497,108375432,0,1404,598,396,15,309
4498,108385432,0,1390,576,374,6,293
4499,108395432,0,1374,550,349,0,268
4500,108405432,0,1354,510,315,0,246
4501,108415432,0,1328,474,294,0,229
4502,108425432,0,1302,430,266,0,201
4503,108435432,0,1273,390,232,0,176
4504,108445432,0,1251,349,199,0,130
4505,108455432,0,1211,305,174,0,138
4506,108465432,0,1176,267,136,0,111
4507,108475432,0,1131,230,117,0,76
4508,108485432,0,1085,189,91,0,56
4509,108495432,0,1045,158,71,0,46
4510,108505432,0,999,124,50,0,28
4511,108515432,0,886,95,13,0,16
4512,108525432,0,920,75,16,0,0
4513,108535432,0,882,40,0,0,0
4514,108545432,0,853,20,0,0,0
4515,108555432,0,812,2,0,0,0
4516,108565432,0,764,0,0,0,0
4517,108575432,0,724,0,0,0,0
4518,108585432,0,677,0,0,0,0
4519,108595432,0,632,0,0,0,0
4520,108605432,0,587,0,0,0,0
4521,108615432,0,532,1,0,0,0
4522,108625432,0,478,0,0,0,0
4523,108635432,0,435,0,0,0,0
4524,108645432,0,362,0,2,0,0
4525,108655432,0,380,3,0,0,0
4526,108665432,0,358,7,0,0,0
4527,108675432,0,318,9,0,0,0
4528,108685432,0,286,11,0,0,0
4529,108695432,0,252,10,0,0,0
4530,108705432,0,230,11,0,0,0
4531,108715432,0,196,7,0,0,0
4532,108725432,0,173,7,0,2,0
4533,108735432,0,170,5,0,0,0
4534,108745432,0,170,8,0,0,0
4535,108755432,0,171,8,0,0,0
4536,108765432,0,167,8,0,0,0
4537,108775432,0,167,11,0,0,0
4538,108785432,0,166,12,0,0,3
4539,108795432,0,161,15,0,3,0
4540,108805432,0,160,21,0,0,0
4541,108815432,0,159,25,0,0,0
4542,108825432,0,157,26,0,0,0
4543,108835432,0,145,34,0,0,0
4544,108845432,0,148,37,0,0,0
4545,108855432,0,137,41,0,2,0
4546,108865432,0,117,45,0,0,0
4547,108875432,0,106,44,0,0,0
4548,108885432,0,104,46,0,0,0
4549,108895432,0,137,43,0,0,0
4550,108905432,0,134,29,0,0,0
4551,108915432,0,151,25,0,0,0
4552,108925432,0,174,23,0,0,0
4553,108935432,0,173,19,0,0,0
4554,108945432,0,182,18,0,0,0
4555,108955432,0,182,18,0,0,0
4556,108965432,0,189,18,0,0,0
4557,108975432,0,190,19,0,0,0
4558,108985432,0,193,21,0,6,0
4559,108995432,0,203,22,0,0,0
4560,109005432,0,203,16,0,0,0
4561,109015432,0,198,19,0,0,0
4562,109025432,0,209,18,0,0,0
4563,109035432,0,216,19,0,0,0
4564,109045432,0,236,30,0,0,0
4565,109055432,0,262,27,0,0,0
4566,109065432,0,294,27,0,0,0
4567,109075432,0,341,29,0,0,0
4568,109085432,0,412,26,0,0,0
4569,109095432,0,487,27,0,0,0
4570,109105432,0,580,23,0,0,0
4571,109115432,0,704,15,0,0,0
4572,109125432,0,838,21,0,0,0
4573,109135432,0,977,29,4,0,0
4574,109145432,0,1136,80,15,0,0
4575,109155432,0,1258,210,108,0,2
4576,109165432,0,1320,329,170,0,0
4577,109175432,0,1355,456,284,0,0
4578,109185432,0,1374,589,403,0,0
4579,109195432,0,1378,682,494,0,0
4580,109205432,0,1387,763,599,0,0
4581,109215432,0,1399,845,672,0,27
4582,109225432,0,1405,888,733,0,110
4583,109235432,0,1318,917,711,0,202
4584,109245432,0,1419,964,820,20,274
4585,109255432,0,1419,988,853,55,347
4586,109265432,0,1418,1009,867,71,399
4587,109275432,0,1417,1032,885,95,452
4588,109285432,0,1409,1041,901,114,489
4589,109295432,0,1403,1048,909,150,534
4590,109305432,2,1397,1055,917,173,562
4591,109315432,0,1388,1063,925,197,596
4592,109325432,0,1386,1067,932,232,630
4593,109335432,0,1378,1072,941,263,653
4594,109345432,0,1368,1077,951,286,669
4595,109355432,0,1360,1087,958,316,685
4596,109365432,0,1353,1095,967,341,712
4597,109375432,0,1338,1101,980,376,733
4598,109385432,0,1325,1109,988,404,745
4599,109395432,0,1307,1114,1000,429,760
4600,109405432,0,1280,1121,1007,457,785
4601,109415432,0,1257,1126,1016,494,810
4602,109425432,0,1143,1122,1024,538,828
4603,109435432,0,1209,1131,1034,586,857
4604,109445432,0,1187,1133,1041,619,878
4605,109455432,0,1163,1138,1043,658,896
4606,109465432,0,1134,1139,1048,700,914
4607,109475432,0,1103,1141,1057,730,0
4608,109485432,0,1060,1085,1033,696,0
4609,109495432,0,0,1145,1063,794,0
4610,109505432,0,0,1146,1075,825,0
4611,109515432,0,0,1144,1077,853,0
4612,109525432,0,0,1143,1079,879,0
4613,109535432,0,0,1142,1082,903,0
4614,109545432,0,0,1143,1083,921,0
4615,109555432,0,0,1142,1090,942,1024
4616,109565432,0,0,1141,1091,957,1034
4617,109575432,0,0,1142,1097,969,1017
4618,109585432,0,0,1143,1097,988,1092
4619,109595432,0,0,1142,1100,1001,1104
4620,109605432,0,0,1143,1103,1013,1115
4621,109615432,0,0,1112,1110,1030,1123
4622,109625432,0,0,1146,1118,1045,1129
4623,109635432,0,0,1147,1119,1054,1139
4624,109645432,0,0,1149,1123,1061,1145
4625,109655432,0,0,1153,1128,1065,1158
4626,109665432,0,0,1156,1134,1071,1163
4627,109675432,0,0,1117,1086,1011,1133
4628,109685432,0,0,1162,1142,1072,1170
4629,109695432,0,0,1165,1144,1081,1174
4630,109705432,0,0,1168,1158,1085,1176
4631,109715432,0,0,1171,1163,1091,1178
4632,109725432,0,0,1173,1172,1096,1181
4633,109735432,0,0,1175,1168,1095,1184
4634,109745432,0,0,1175,1168,1099,1194
4635,109755432,0,0,1176,1177,1105,1197
4636,109765432,0,0,1176,1183,1109,1199
4637,109775432,0,0,1176,1190,1117,1205
4638,109785432,0,0,1180,1193,1130,1210
4639,109795432,0,0,1177,1199,1138,1213
4640,109805432,0,0,1114,1173,1064,1205
4641,109815432,0,0,1184,1210,1157,1226
4642,109825432,0,0,1170,1213,1158,1230
4643,109835432,0,0,1163,1213,1165,1230
4644,109845432,0,0,1148,1213,1172,1232
4645,109855432,0,0,1133,1212,1178,1228
4646,109865432,0,0,1113,1208,1189,1228
4647,109875432,0,0,1080,1201,1193,1222
4648,109885432,0,0,1043,1189,1196,1214
4649,109895432,0,0,987,1175,1190,1208
4650,109905432,0,0,930,1155,1171,1188
4651,109915432,0,0,870,1130,1143,1160
4652,109925432,0,0,819,1100,1105,1134
4653,109935432,0,0,782,982,1054,1115
4654,109945432,0,0,747,1007,1015,1095
4655,109955432,0,0,684,954,959,1064
4656,109965432,0,0,648,895,896,1011
4657,109975432,0,0,602,829,829,943
4658,109985432,0,0,541,740,761,868
4659,109995432,0,0,489,649,635,768
4660,110005432,0,0,454,583,471,651
4661,110015432,0,0,415,496,312,0
4662,110025432,0,0,367,427,192,343
4663,110035432,0,0,332,352,69,195
4664,110045432,0,0,299,296,0,30
4665,110055432,0,0,283,252,0,0
4666,110065432,0,4,272,216,0,0
4667,110075432,0,16,245,170,0,0
4668,110085432,0,27,226,136,0,0
4669,110095432,0,37,208,104,0,0
4670,110105432,0,40,189,80,0,0
4671,110115432,0,47,180,56,0,0
4672,110125432,0,59,157,44,0,0
4673,110135432,0,62,154,43,0,0
4674,110145432,0,74,150,35,0,0
4675,110155432,0,80,154,30,0,0
4676,110165432,0,81,164,30,0,0
4677,110175432,0,83,174,31,0,0
4678,110185432,0,80,183,34,0,0
4679,110195432,0,77,193,35,0,0
4680,110205432,0,77,200,45,0,0
4681,110215432,0,74,210,54,0,0
4682,110225432,0,68,227,60,0,0
4683,110235432,0,62,243,61,0,0
4684,110245432,0,71,247,60,0,0
4685,110255432,0,83,246,58,0,0
4686,110265432,0,85,236,52,0,0
4687,110275432,0,88,216,39,0,0
4688,110285432,0,84,204,26,0,0
4689,110295432,0,75,177,19,0,0
4690,110305432,0,76,178,26,0,0
4691,110315432,0,68,174,21,0,0
4692,110325432,0,67,175,22,0,0
4693,110335432,0,60,174,19,0,0
4694,110345432,0,59,170,11,0,0
4695,110355432,0,59,164,16,0,0
4696,110365432,0,58,158,12,0,0
4697,110375432,0,55,142,8,0,0
4698,110385432,0,53,122,7,0,0
4699,110395432,0,56,104,7,0,0
4700,110405432,0,100,111,6,0,0
4701,110415432,0,101,90,5,0,0
4702,110425432,0,104,69,2,0,0
4703,110435432,0,112,60,1,0,0
4704,110445432,0,113,58,0,0,0
4705,110455432,0,110,52,0,0,0
4706,110465432,0,108,45,0,0,0
4707,110475432,0,116,44,0,0,0
4708,110485432,0,130,45,0,0,0
4709,110495432,0,137,39,0,0,0
4710,110505432,0,148,36,0,0,0
4711,110515432,0,141,24,0,0,0
4712,110525432,0,140,20,0,0,0
4713,110535432,0,155,21,1,0,0
4714,110545432,0,182,22,0,0,0
4715,110555432,1,220,22,0,0,0
4716,110565432,0,265,23,0,0,0
4717,110575432,0,288,21,0,0,0
4718,110585432,0,330,15,0,0,0
4719,110595432,0,392,11,0,0,0
4720,110605432,0,457,4,0,0,0
4721,110615432,0,534,3,0,0,0
4722,110625432,0,606,1,0,0,0
4723,110635432,0,692,1,0,0,0
4724,110645432,0,784,4,3,0,0
4725,110655432,0,819,8,0,0,0
4726,110665432,0,1015,35,0,0,0
4727,110675432,0,1094,123,41,0,0
4728,110685432,0,1130,216,101,0,0
4729,110695432,0,1146,312,189,0,0
4730,110705432,0,1157,396,302,0,0
4731,110715432,0,1058,514,363,0,0
4732,110725432,0,1115,614,504,0,66
4733,110735432,0,1086,679,585,28,301
4734,110745432,0,1053,748,646,80,509
4735,110755432,0,1031,795,702,137,680
4736,110765432,0,1006,842,742,220,804
4737,110775432,0,989,872,788,308,882
4738,110785432,0,961,900,819,390,956
4739,110795432,0,955,923,853,477,1005
4740,110805432,0,957,942,888,535,1055
4741,110815432,0,949,967,915,618,1097
4742,110825432,0,940,993,949,693,1127
4743,110835432,0,933,1018,979,737,1149
4744,110845432,0,925,1047,1011,770,1174
4745,110855432,0,927,1068,1039,806,1190
4746,110865432,0,925,1084,1060,836,1209
4747,110875432,0,0,1107,1081,869,1225
4748,110885432,0,0,1120,1099,891,0
4749,110895432,0,0,1133,1115,905,0
4750,110905432,0,0,1144,1128,920,0
4751,110915432,0,0,1158,1138,929,0
4752,110925432,0,0,1168,1158,938,0
4753,110935432,0,0,1175,1171,951,0
4754,110945432,0,0,1184,1185,955,0
4755,110955432,0,0,1190,1199,966,0
4756,110965432,0,0,1195,1212,974,0
4757,110975432,0,0,1203,1228,979,0
4758,110985432,0,0,1206,1233,984,0
4759,110995432,0,0,1208,1246,991,0
4760,111005432,0,0,1213,1253,999,0
4761,111015432,0,0,1221,1258,999,0
4762,111025432,0,0,1225,1263,1004,0
4763,111035432,0,0,1227,1270,1004,0
4764,111045432,0,0,1229,1275,1011,0
4765,111055432,0,0,1234,1287,1015,0
4766,111065432,0,0,1236,1290,1014,0
4767,111075432,0,0,1233,1294,1019,0
4768,111085432,0,0,1242,1300,1024,0
4769,111095432,0,0,1244,1303,1019,0
4770,111105432,0,0,1249,1305,1020,0
4771,111115432,0,0,1255,1308,1017,0
4772,111125432,0,0,1259,1310,1014,0
4773,111135432,0,0,1258,1312,1010,0
4774,111145432,0,0,1262,1319,1013,0
4775,111155432,0,0,1260,1317,1011,0
4776,111165432,0,0,1263,1319,1007,0
4777,111175432,0,0,1266,1315,938,0
4778,111185432,0,0,1266,1319,1001,0
4779,111195432,0,0,1266,1322,1001,0
4780,111205432,0,0,1269,1322,1005,0
4781,111215432,0,0,1269,1322,1005,0
4782,111225432,0,0,1268,1322,1001,0
4783,111235432,0,0,1263,1323,999,0
4784,111245432,0,0,1269,1323,1003,0
4785,111255432,0,0,1268,1320,995,0
4786,111265432,0,0,1266,1321,989,0
4787,111275432,0,0,1264,1314,990,0
4788,111285432,0,0,1264,1318,989,0
4789,111295432,0,0,1264,1317,992,0
4790,111305432,0,0,1217,1258,933,0
4791,111315432,0,0,1269,1316,996,0
4792,111325432,0,0,1261,1318,997,0
4793,111335432,0,0,1258,1317,1007,0
4794,111345432,0,0,1260,1319,1014,0
4795,111355432,0,46,1258,1321,1014,0
4796,111365432,0,403,1257,1314,1017,0
4797,111375432,0,371,1257,1323,1020,0
4798,111385432,0,347,1257,1326,1033,0
4799,111395432,0,312,1258,1330,1044,0
4800,111405432,0,248,1258,1335,1052,0
4801,111415432,0,217,1257,1337,1064,0
4802,111425432,0,180,1256,1341,1075,0
4803,111435432,0,132,1250,1345,1078,0
4804,111445432,0,76,1240,1347,1082,0
4805,111455432,0,28,1224,1347,1093,0
4806,111465432,0,0,1202,1341,1101,0
4807,111475432,0,0,1171,1335,1103,0
4808,111485432,0,0,1137,1324,1105,0
4809,111495432,0,0,1094,1310,1111,0
4810,111505432,0,0,1041,1290,1101,0
4811,111515432,0,0,971,1258,1091,0
4812,111525432,0,0,922,1221,1064,0
4813,111535432,0,0,871,1170,1042,0
4814,111545432,0,0,832,1117,997,1041
4815,111555432,0,0,771,1051,946,982
4816,111565432,0,0,663,955,825,901
4817,111575432,0,0,653,906,837,842
4818,111585432,0,0,602,826,729,755
4819,111595432,0,0,527,731,598,679
4820,111605432,0,0,477,654,442,565
4821,111615432,0,0,432,585,298,412
4822,111625432,0,0,390,491,172,0
4823,111635432,0,0,347,426,43,126
4824,111645432,0,0,315,344,0,0
4825,111655432,0,0,282,286,0,0
4826,111665432,0,0,263,244,0,0
4827,111675432,0,0,242,194,0,0
4828,111685432,0,0,215,149,0,2
4829,111695432,0,0,185,119,0,0
4830,111705432,0,0,154,100,0,0
4831,111715432,0,0,125,75,0,0
4832,111725432,0,0,105,73,0,0
4833,111735432,0,0,94,59,1,0
4834,111745432,0,0,87,55,0,0
4835,111755432,1,0,79,44,0,0
4836,111765432,0,0,75,43,0,0
4837,111775432,0,0,79,38,0,0
4838,111785432,0,0,75,41,0,0
4839,111795432,0,0,78,42,0,0
4840,111805432,0,0,77,40,0,0
4841,111815432,0,0,80,45,0,0
4842,111825432,0,0,85,49,0,0
4843,111835432,0,0,85,54,0,0
4844,111845432,0,0,93,54,0,0
4845,111855432,0,0,98,55,0,0
4846,111865432,0,0,99,55,0,0
4847,111875432,0,0,98,53,0,0
4848,111885432,0,0,93,48,0,0
4849,111895432,0,0,87,45,0,0
4850,111905432,0,0,83,43,0,0
4851,111915432,0,0,77,41,0,0
4852,111925432,0,0,73,41,0,0
4853,111935432,0,0,73,39,0,0
4854,111945432,0,0,73,37,0,0
4855,111955432,0,0,74,35,0,0
4856,111965432,0,0,67,29,0,0
4857,111975432,0,0,67,27,0,0
4858,111985432,0,0,62,22,0,0
4859,111995432,0,0,56,20,0,0
4860,112005432,0,0,52,18,0,1
4861,112015432,0,0,43,17,0,0
4862,112025432,0,0,36,15,0,0
4863,112035432,0,0,39,13,0,0
4864,112045432,0,0,28,10,0,0
4865,112055432,0,0,25,10,0,0
4866,112065432,0,0,22,9,0,0
4867,112075432,0,0,21,8,0,0
4868,112085432,0,0,21,6,0,0
4869,112095432,0,0,21,4,0,0
4870,112105432,0,0,21,6,0,0
4871,112115432,0,0,21,2,0,0
4872,112125432,0,0,18,2,3,0
4873,112135432,0,0,18,2,0,0
4874,112145432,0,0,16,1,0,0
4875,112155432,0,0,13,0,0,0
4876,112165432,0,0,11,2,0,0
4877,112175432,0,4,15,0,0,0
4878,112185432,0,24,18,1,0,0
4879,112195432,0,46,18,11,0,0
4880,112205432,0,67,20,5,0,0
4881,112215432,0,102,19,6,0,0
4882,112225432,0,146,21,4,0,0
4883,112235432,0,181,19,2,0,0
4884,112245432,0,217,14,0,0,0
4885,112255432,0,276,10,0,0,0
4886,112265432,0,339,12,0,0,0
4887,112275432,0,443,10,0,0,0
4888,112285432,0,547,7,0,0,0
4889,112295432,0,680,9,0,0,0
4890,112305432,0,825,12,0,0,0
4891,112315432,0,969,23,0,0,0
4892,112325432,0,1061,45,10,0,0
4893,112335432,0,1126,119,51,0,0
4894,112345432,0,1160,171,105,0,0
4895,112355432,0,1163,215,132,0,0
4896,112365432,0,1150,286,202,0,0
4897,112375432,0,1128,331,245,0,0
4898,112385432,0,1098,364,288,0,0
4899,112395432,0,1062,428,341,0,34
4900,112405432,0,1052,470,382,0,134
4901,112415432,0,1042,493,409,0,243
4902,112425432,0,1036,533,442,26,351
4903,112435432,0,1023,554,457,64,435
4904,112445432,0,1020,566,480,109,522
4905,112455432,0,1032,585,499,145,585
4906,112465432,0,1036,611,519,192,635
4907,112475432,0,1044,629,535,249,684
4908,112485432,0,1046,648,548,290,723
4909,112495432,0,1053,660,557,346,760
4910,112505432,0,1060,671,567,382,794
4911,112515432,0,1074,688,583,427,821
4912,112525432,0,1086,699,597,456,848
4913,112535432,0,1100,720,602,490,869
4914,112545432,0,1115,738,620,540,889
4915,112555432,0,1125,707,611,521,893
4916,112565432,0,1133,772,652,618,926
4917,112575432,0,1146,742,665,652,941
4918,112585432,0,1155,733,680,688,955
4919,112595432,0,1164,819,697,722,968
4920,112605432,0,1173,832,714,747,979
4921,112615432,0,1178,845,717,782,987
4922,112625432,0,1181,854,730,814,998
4923,112635432,0,1178,870,740,837,1009
4924,112645432,0,1169,871,747,860,1023
4925,112655432,0,1159,877,757,884,1042
4926,112665432,0,1143,883,761,910,1052
4927,112675432,0,1128,885,767,939,1065
4928,112685432,0,1114,890,776,969,1080
4929,112695432,0,1096,889,782,980,1099
4930,112705432,0,1071,889,787,1006,1108
4931,112715432,0,1050,891,792,1034,1117
4932,112725432,0,1020,891,796,1053,1130
4933,112735432,0,998,893,806,1074,1144
4934,112745432,0,972,900,802,1090,1096
4935,112755432,0,955,898,817,1110,1168
4936,112765432,0,939,902,823,1128,1179
4937,112775432,0,928,900,827,1139,1186
4938,112785432,0,923,905,841,1149,1196
4939,112795432,0,919,909,850,1162,1204
4940,112805432,0,915,912,855,1171,1144
4941,112815432,0,912,916,865,1178,1213
4942,112825432,0,908,920,873,1189,1211
4943,112835432,0,906,924,880,1192,1223
4944,112845432,0,896,928,887,1198,1227
4945,112855432,0,898,934,895,1208,0
4946,112865432,0,890,937,905,1212,0
4947,112875432,0,883,941,912,1223,0
4948,112885432,0,877,941,919,1227,0
4949,112895432,0,868,950,929,1232,0
4950,112905432,0,856,954,938,1238,0
4951,112915432,0,840,958,943,1240,0
4952,112925432,0,821,963,954,1244,0
4953,112935432,0,795,966,952,1172,0
4954,112945432,0,777,970,972,1259,2
4955,112955432,0,758,973,981,1263,0
4956,112965432,0,730,976,987,1270,0
4957,112975432,0,700,981,994,1275,0
4958,112985432,0,671,983,1000,1285,0
4959,112995432,0,628,989,1008,1288,0
4960,113005432,0,590,983,1016,1291,0
4961,113015432,0,541,981,1021,1296,0
4962,113025432,0,503,983,1036,1299,0
4963,113035432,0,473,983,1044,1301,0
4964,113045432,0,429,986,1054,1301,0
4965,113055432,0,0,989,1063,1302,0
4966,113065432,0,0,995,1077,1299,0
4967,113075432,0,0,1004,1093,1293,0
4968,113085432,0,0,1009,1103,1286,0
4969,113095432,0,0,1010,1114,1272,0
4970,113105432,0,0,1003,1124,1264,0
4971,113115432,0,0,988,1127,1259,0
4972,113125432,0,0,951,1129,1253,0
4973,113135432,0,0,907,1128,1239,0
4974,113145432,0,0,874,1124,1225,0
4975,113155432,0,0,834,1110,1205,0
4976,113165432,0,0,803,1085,1173,0
4977,113175432,0,0,752,1061,1133,0
4978,113185432,0,0,718,1019,1100,0
4979,113195432,0,0,672,980,1051,283
4980,113205432,0,0,592,916,905,1076
4981,113215432,0,0,604,898,943,1053
4982,113225432,0,0,571,853,884,983
4983,113235432,0,0,528,793,772,890
4984,113245432,0,0,483,723,641,794
4985,113255432,0,0,464,673,462,656
4986,113265432,0,0,437,635,317,0
4987,113275432,0,0,414,574,182,305
4988,113285432,0,0,376,491,61,138
4989,113295432,0,0,341,441,0,23
4990,113305432,0,0,316,366,0,0
4991,113315432,0,0,298,330,0,0
4992,113325432,0,0,273,282,0,0
4993,113335432,0,0,235,237,0,0
4994,113345432,0,0,230,194,0,0
4995,113355432,0,0,205,160,0,0
4996,113365432,0,0,183,136,0,0
4997,113375432,0,0,176,110,0,0
4998,113385432,0,0,160,95,0,0
4999,113395432,0,0,138,66,0,0
5000,113405432,0,1,139,71,0,0
5001,113415432,0,1,129,61,0,0
5002,113425432,0,0,127,60,0,0
5003,113435432,0,0,120,58,0,0
5004,113445432,0,0,119,58,0,0
5005,113455432,0,0,101,45,0,0
5006,113465432,0,0,118,57,0,0
5007,113475432,0,0,113,58,0,0
5008,113485432,0,0,108,53,0,0
5009,113495432,0,0,106,47,0,0
5010,113505432,0,0,100,45,0,0
5011,113515432,0,0,90,40,0,0
5012,113525432,0,0,79,36,0,0
5013,113535432,0,0,70,42,0,0
5014,113545432,0,0,59,36,0,0
5015,113555432,0,0,53,39,0,0
5016,113565432,0,0,58,37,0,0
5017,113575432,0,0,50,35,0,0
5018,113585432,0,0,25,39,0,0
5019,113595432,0,0,32,43,0,0
5020,113605432,0,0,27,33,0,0
5021,113615432,0,0,29,35,0,0
5022,113625432,0,0,41,30,0,0
5023,113635432,0,70,41,34,0,0
5024,113645432,0,84,45,38,0,0
5025,113655432,0,92,36,39,0,0
5026,113665432,0,84,40,40,0,0
5027,113675432,0,73,37,38,0,0
5028,113685432,0,82,37,40,0,0
5029,113695432,0,92,36,38,0,0
5030,113705432,0,127,42,40,0,0
5031,113715432,0,162,40,31,0,0
5032,113725432,0,202,43,36,0,0
5033,113735432,0,231,42,34,0,0
5034,113745432,0,261,38,33,0,0
5035,113755432,3,280,36,32,0,0
5036,113765432,0,309,34,30,0,0
5037,113775432,0,358,23,26,0,0
5038,113785432,0,384,25,18,0,0
5039,113795432,0,416,20,11,0,0
5040,113805432,0,462,17,7,0,0
5041,113815432,0,519,15,3,0,0
5042,113825432,0,616,25,0,0,0
5043,113835432,0,724,30,3,0,0
5044,113845432,0,827,38,4,0,0
5045,113855432,0,922,53,15,0,0
5046,113865432,0,1011,85,55,0,0
5047,113875432,0,1066,147,81,0,0
5048,113885432,0,1080,199,120,0,0
5049,113895432,0,1097,265,148,0,0
5050,113905432,0,1098,318,198,0,0
5051,113915432,0,1110,380,259,0,0
5052,113925432,0,1116,458,309,0,0
5053,113935432,0,1122,535,366,0,6
5054,113945432,0,1133,587,430,0,94
5055,113955432,0,1135,646,493,26,219
5056,113965432,0,1136,692,555,41,313
5057,113975432,0,1138,757,621,111,431
5058,113985432,0,1133,813,677,142,520
5059,113995432,0,1136,0,718,188,592
5060,114005432,0,1132,890,758,230,655
5061,114015432,0,1125,921,784,289,709
5062,114025432,0,1126,939,810,340,759
5063,114035432,0,1126,956,827,385,805
5064,114045432,0,1129,972,841,431,842
5065,114055432,0,1129,981,856,476,869
5066,114065432,0,1132,991,867,533,894
5067,114075432,0,1129,1004,878,569,920
5068,114085432,0,1130,1013,892,615,937
5069,114095432,0,1128,1020,896,601,915
5070,114105432,0,1132,1030,914,682,969
5071,114115432,0,1131,1036,920,701,981
5072,114125432,0,1133,1039,924,716,995
5073,114135432,0,1134,1041,928,733,1008
5074,114145432,0,1133,1044,931,750,1022
5075,114155432,0,1134,1046,932,770,1048
5076,114165432,0,1131,987,905,712,1045
5077,114175432,0,1127,1048,933,802,1072
5078,114185432,0,1124,1048,935,813,1082
5079,114195432,0,1118,1047,934,824,1092
5080,114205432,0,1114,1045,935,839,1104
5081,114215432,0,1113,1043,934,840,1110
5082,114225432,0,1111,978,897,792,1086
5083,114235432,0,1113,1032,926,848,1122
5084,114245432,0,1113,1032,924,852,1123
5085,114255432,0,1113,1031,923,853,1125
5086,114265432,0,1113,1030,923,860,1128
5087,114275432,0,1111,1030,922,861,1131
5088,114285432,0,1113,1029,921,863,1134
5089,114295432,0,1115,1026,919,865,1134
5090,114305432,0,1120,1021,915,864,1133
5091,114315432,0,1125,1019,910,860,1130
5092,114325432,0,1131,1017,904,856,1127
5093,114335432,0,1135,1016,894,849,1122
5094,114345432,0,1146,1014,890,838,1108
5095,114355432,0,1153,1012,889,827,1106
5096,114365432,0,1161,1014,889,824,1102
5097,114375432,0,1166,1017,890,822,1098
5098,114385432,0,1173,1021,892,815,1095
5099,114395432,0,1175,1031,897,809,1092
5100,114405432,0,1179,1034,903,804,1084
5101,114415432,0,1183,1036,905,792,1076
5102,114425432,0,1190,1038,906,779,1065
5103,114435432,0,1194,1039,906,761,1048
5104,114445432,0,1200,1039,906,748,1038
5105,114455432,0,1204,1042,907,735,1027
5106,114465432,0,1207,1043,910,725,1019
5107,114475432,0,1208,1046,917,717,1014
5108,114485432,0,1206,1048,910,655,973
5109,114495432,0,1207,1051,925,704,1005
5110,114505432,0,1202,1052,932,692,1001
5111,114515432,0,1197,1054,935,685,997
5112,114525432,0,1193,1059,939,681,993
5113,114535432,0,1190,1060,945,672,987
5114,114545432,0,1185,1064,950,667,983
5115,114555432,0,1175,1008,930,593,962
5116,114565432,0,1162,1073,968,650,977
5117,114575432,0,1144,1080,980,640,973
5118,114585432,0,1127,1085,995,636,970
5119,114595432,0,1101,1094,1003,632,967
5120,114605432,0,1071,1099,1014,634,959
5121,114615432,0,1039,1106,1024,632,898
5122,114625432,0,0,1110,1040,646,943
5123,114635432,0,0,1112,1046,634,911
5124,114645432,0,0,1110,1053,616,891
5125,114655432,0,0,1107,1059,597,860
5126,114665432,0,0,1097,1058,578,840
5127,114675432,0,0,1085,1061,565,823
5128,114685432,0,0,1073,1057,527,764
5129,114695432,0,0,1055,1061,507,808
5130,114705432,0,0,1026,1056,483,797
5131,114715432,0,0,996,1054,457,778
5132,114725432,0,0,969,1053,437,766
5133,114735432,0,0,934,1053,418,731
5134,114745432,0,0,896,1047,397,723
5135,114755432,0,0,843,969,361,694
5136,114765432,0,0,813,1040,359,668
5137,114775432,0,0,783,1021,343,621
5138,114785432,0,0,736,1003,323,578
5139,114795432,0,0,713,985,283,529
5140,114805432,0,0,670,962,260,463
5141,114815432,0,0,632,933,218,400
5142,114825432,0,0,603,891,159,334
5143,114835432,0,2,567,846,84,234
5144,114845432,0,24,538,786,18,129
5145,114855432,0,26,502,716,0,56
5146,114865432,0,24,463,647,0,0
5147,114875432,0,25,425,568,0,0
5148,114885432,0,28,399,489,0,0
5149,114895432,0,30,359,421,0,0
5150,114905432,0,38,321,363,0,0
5151,114915432,0,44,306,312,0,0
5152,114925432,0,44,285,263,0,0
5153,114935432,0,51,263,223,0,0
5154,114945432,0,57,231,172,0,0
5155,114955432,0,59,240,153,0,0
5156,114965432,0,60,228,123,0,0
5157,114975432,0,63,205,88,0,0
5158,114985432,0,63,184,65,0,0
5159,114995432,0,63,167,54,0,0
5160,115005432,0,63,165,49,0,0
5161,115015432,0,68,160,53,0,0
5162,115025432,0,72,157,62,0,0
5163,115035432,0,61,154,55,0,0
5164,115045432,0,58,155,51,0,0
5165,115055432,0,55,151,50,0,0
5166,115065432,0,53,153,50,0,0
5167,115075432,0,48,156,56,0,0
5168,115085432,0,45,163,53,0,0
5169,115095432,0,27,155,59,0,0
5170,115105432,0,18,151,55,0,0
5171,115115432,0,11,137,57,0,0
5172,115125432,0,5,119,56,0,0
5173,115135432,0,0,99,61,0,0
5174,115145432,0,0,108,54,0,0
5175,115155432,0,0,89,50,0,0
5176,115165432,0,0,82,41,0,0
5177,115175432,0,0,63,31,0,0
5178,115185432,0,0,61,30,0,0
5179,115195432,3,0,62,32,0,0
5180,115205432,0,60,71,32,0,0
5181,115215432,0,103,70,27,0,0
5182,115225432,0,124,60,27,0,0
5183,115235432,0,119,54,18,0,0
5184,115245432,0,82,45,13,0,0
5185,115255432,0,68,35,11,0,0
5186,115265432,0,60,29,10,0,0
5187,115275432,0,54,25,10,0,0
5188,115285432,0,64,23,9,0,0
5189,115295432,0,73,27,9,0,0
5190,115305432,2,76,23,9,0,0
5191,115315432,0,99,21,8,0,0
5192,115325432,0,129,23,6,0,0
5193,115335432,0,175,24,6,0,0
5194,115345432,0,230,23,2,0,0
5195,115355432,0,283,19,0,0,0
5196,115365432,0,342,18,0,0,0
5197,115375432,0,429,17,0,0,0
5198,115385432,0,552,23,0,0,0
5199,115395432,0,699,30,0,0,0
5200,115405432,0,839,42,6,0,0
5201,115415432,0,962,47,9,0,0
5202,115425432,0,1062,57,17,0,0
5203,115435432,0,1133,71,26,0,0
5204,115445432,0,1189,107,46,0,0
5205,115455432,0,1226,124,51,0,0
5206,115465432,0,1247,145,61,0,0
5207,115475432,0,1259,170,71,0,0
5208,115485432,0,1277,191,92,0,0
5209,115495432,0,1300,223,110,0,0
5210,115505432,0,1324,261,129,0,0
5211,115515432,0,1353,287,150,0,0
5212,115525432,0,1379,315,167,0,0
5213,115535432,0,1402,348,182,0,0
5214,115545432,0,1430,368,197,0,0
5215,115555432,0,1450,392,214,0,0
5216,115565432,0,1471,425,237,0,0
5217,115575432,0,1495,465,252,0,0
5218,115585432,0,1513,476,268,0,0
5219,115595432,0,1530,512,283,0,0
5220,115605432,0,1545,535,300,0,4
5221,115615432,0,1553,552,319,0,18
5222,115625432,0,1557,579,355,0,27
5223,115635432,0,1561,608,391,0,40
5224,115645432,0,1562,637,422,0,59
5225,115655432,0,1565,668,442,0,92
5226,115665432,0,1566,690,461,0,118
5227,115675432,0,1567,708,476,0,144
5228,115685432,0,1569,724,494,0,167
5229,115695432,0,1570,745,521,0,185
5230,115705432,0,1570,773,549,0,217
5231,115715432,0,1568,793,570,1,246
5232,115725432,0,1566,813,599,8,270
5233,115735432,0,1564,844,629,21,300
5234,115745432,0,1561,860,652,37,333
5235,115755432,0,1556,880,682,52,358
5236,115765432,0,1552,902,711,69,378
5237,115775432,0,1544,919,739,77,414
5238,115785432,0,1431,921,703,87,430
5239,115795432,0,1525,948,791,100,454
5240,115805432,0,1513,966,810,105,472
5241,115815432,0,1502,983,831,114,491
5242,115825432,0,1493,1000,856,125,501
5243,115835432,0,1485,1015,880,137,507
5244,115845432,0,1476,1037,898,142,524
5245,115855432,0,1392,1018,919,152,533
5246,115865432,0,1461,1067,938,159,546
5247,115875432,0,1452,1080,959,176,551
5248,115885432,0,1443,1097,983,188,558
5249,115895432,0,1435,1114,1004,202,565
5250,115905432,0,1429,1130,1028,217,572
5251,115915432,0,1423,1143,1046,225,574
5252,115925432,0,1419,1158,1063,228,577
5253,115935432,0,1415,1172,1078,236,581
5254,115945432,0,1415,1180,1093,238,576
5255,115955432,0,1407,1190,1103,244,577
5256,115965432,0,1405,1196,1113,245,580
5257,115975432,0,1403,1205,1126,248,579
5258,115985432,0,1307,1192,1063,246,578
5259,115995432,0,1402,1221,1153,249,570
5260,116005432,0,1401,1226,1166,249,568
5261,116015432,0,1401,1232,1173,245,566
5262,116025432,0,1400,1236,1183,237,563
5263,116035432,0,1399,1238,1189,234,558
5264,116045432,0,1398,1242,1195,228,552
5265,116055432,0,1301,1227,1120,216,549
5266,116065432,0,1397,1248,1205,213,542
5267,116075432,0,1396,1250,1209,206,537
5268,116085432,0,1394,1252,1211,200,535
5269,116095432,0,1392,1253,1211,189,530
5270,116105432,0,1392,1252,1213,182,527
5271,116115432,0,1390,1252,1212,173,523
5272,116125432,0,1387,1253,1213,168,531
5273,116135432,0,1384,1253,1214,169,532
5274,116145432,0,1377,1253,1215,166,536
5275,116155432,0,1370,1253,1223,163,536
5276,116165432,0,1364,1253,1223,158,542
5277,116175432,0,1356,1254,1225,153,535
5278,116185432,0,1352,1255,1225,150,537
5279,116195432,0,1350,1257,1228,141,532
5280,116205432,0,1346,1257,1229,140,515
5281,116215432,0,1340,1258,1231,142,506
5282,116225432,0,1335,1258,1233,134,496
5283,116235432,0,1325,1259,1236,133,491
5284,116245432,0,1313,1261,1239,140,486
5285,116255432,0,1199,1244,1159,147,488
5286,116265432,0,1259,1264,1247,148,489
5287,116275432,0,1223,1262,1251,152,503
5288,116285432,0,1173,1261,1252,154,504
5289,116295432,0,0,1260,1253,159,504
5290,116305432,0,0,1255,1253,174,496
5291,116315432,0,0,1205,1192,141,465
5292,116325432,0,0,1236,1244,169,477
5293,116335432,0,103,1223,1238,157,440
5294,116345432,0,737,1203,1227,151,411
5295,116355432,0,634,1187,1212,136,376
5296,116365432,0,531,1165,1202,120,340
5297,116375432,0,427,1141,1187,93,253
5298,116385432,0,301,1114,1174,61,227
5299,116395432,0,225,1083,1150,23,143
5300,116405432,0,193,1052,1127,4,57
5301,116415432,0,158,1010,1102,0,0
5302,116425432,0,79,962,1057,0,0
5303,116435432,0,66,907,1028,0,0
5304,116445432,0,50,859,980,0,0
5305,116455432,0,42,826,916,0,0
5306,116465432,0,35,777,858,0,0
5307,116475432,0,0,731,787,0,0
5308,116485432,0,0,681,689,0,0
5309,116495432,0,0,620,602,0,0
5310,116505432,0,0,561,450,0,0
5311,116515432,0,0,536,410,0,0
5312,116525432,0,0,482,342,0,0
5313,116535432,0,0,441,274,0,0
5314,116545432,0,0,383,191,0,0
5315,116555432,0,0,358,146,0,0
5316,116565432,0,0,337,115,0,0
5317,116575432,0,0,334,118,0,0
5318,116585432,0,0,318,114,0,0
5319,116595432,0,0,310,104,0,0
5320,116605432,0,0,310,103,0,0
5321,116615432,0,0,305,105,0,0
5322,116625432,0,0,302,103,0,0
5323,116635432,0,0,295,103,0,0
5324,116645432,0,0,303,108,0,0
5325,116655432,0,0,288,104,0,0
5326,116665432,0,0,283,101,0,0
5327,116675432,0,0,279,100,0,0
5328,116685432,0,0,274,96,0,0
5329,116695432,0,0,273,96,0,0
5330,116705432,0,0,273,98,0,0
5331,116715432,0,0,272,94,0,0
5332,116725432,0,0,263,89,0,0
5333,116735432,0,0,257,83,0,0
5334,116745432,0,0,241,78,0,0
5335,116755432,2,0,228,71,0,0
5336,116765432,0,0,221,57,0,0
5337,116775432,0,0,202,54,0,0
5338,116785432,0,0,182,52,0,0
5339,116795432,0,0,170,45,0,0
5340,116805432,0,0,154,44,0,0
5341,116815432,0,4,150,42,0,0
5342,116825432,0,0,137,42,0,0
5343,116835432,0,1,129,19,0,0
5344,116845432,0,0,137,37,0,0
5345,116855432,0,67,137,39,0,0
5346,116865432,0,73,135,39,0,0
5347,116875432,0,74,123,33,0,0
5348,116885432,0,77,119,33,0,0
5349,116895432,0,74,111,29,0,0
5350,116905432,1,79,103,26,0,0
5351,116915432,0,99,102,24,0,0
5352,116925432,0,124,102,23,0,0
5353,116935432,0,171,99,22,0,0
5354,116945432,0,214,96,18,0,0
5355,116955432,0,235,85,18,0,0
5356,116965432,0,266,78,16,0,0
5357,116975432,0,299,75,18,0,0
5358,116985432,0,349,72,14,0,0
5359,116995432,0,408,69,17,0,0
5360,117005432,0,522,72,20,0,0
5361,117015432,0,650,77,9,0,0
5362,117025432,0,778,61,6,0,0
5363,117035432,0,916,91,13,0,0
5364,117045432,0,1007,103,18,0,0
5365,117055432,0,1088,121,33,0,0
5366,117065432,0,1135,157,52,0,0
5367,117075432,0,1171,208,87,0,0
5368,117085432,0,1187,253,126,0,0
5369,117095432,0,1108,287,150,0,0
5370,117105432,0,1201,356,230,0,0
5371,117115432,0,1207,407,285,0,0
5372,117125432,0,1207,466,336,0,0
5373,117135432,0,1209,521,387,0,0
5374,117145432,0,1206,558,433,0,0
5375,117155432,0,1204,598,480,0,8
5376,117165432,0,1135,635,532,0,59
5377,117175432,0,1203,685,582,0,119
5378,117185432,0,1202,723,618,0,194
5379,117195432,0,1206,749,634,0,249
5380,117205432,0,1218,775,664,0,299
5381,117215432,0,1227,802,685,11,354
5382,117225432,0,1230,826,713,40,409
5383,117235432,0,1238,855,738,63,446
5384,117245432,0,1242,879,764,99,484
5385,117255432,0,1245,906,789,108,520
5386,117265432,0,1246,933,810,129,548
5387,117275432,0,1251,957,839,149,572
5388,117285432,0,1253,981,868,180,609
5389,117295432,0,1161,984,824,206,631
5390,117305432,0,1254,1017,919,235,652
5391,117315432,0,1256,1047,940,261,677
5392,117325432,0,1254,1063,962,292,697
5393,117335432,0,1252,1077,983,309,717
5394,117345432,0,1246,1098,1002,346,730
5395,117355432,0,1237,1110,1018,368,744
5396,117365432,0,1228,1128,1042,394,760
5397,117375432,0,1212,1139,1059,436,779
5398,117385432,0,1196,1149,1077,457,794
5399,117395432,0,1179,1163,1088,484,805
5400,117405432,0,1162,1172,1101,505,825
5401,117415432,0,1144,1179,1112,535,838
5402,117425432,0,1126,1187,1124,549,851
5403,117435432,0,1111,1194,1131,568,861
5404,117445432,0,1093,1199,1145,584,873
5405,117455432,0,1070,1204,1158,600,0
5406,117465432,0,1057,1210,1170,626,0
5407,117475432,0,1044,1212,1177,636,0
5408,117485432,0,1037,1220,1186,653,0
5409,117495432,0,973,1187,1194,668,0
5410,117505432,0,1029,1228,1204,677,0
5411,117515432,0,1021,1233,1209,683,0
5412,117525432,0,1018,1238,1220,690,0
5413,117535432,0,1013,1240,1228,695,0
5414,117545432,0,1007,1243,1237,698,0
5415,117555432,0,0,1248,1243,702,0
5416,117565432,0,912,1251,1249,713,0
5417,117575432,0,0,1254,1253,719,0
5418,117585432,0,0,1256,1258,722,0
5419,117595432,0,0,1258,1262,724,0
5420,117605432,0,0,1261,1269,725,0
5421,117615432,0,0,1263,1271,725,0
5422,117625432,0,0,1266,1272,725,0
5423,117635432,0,0,1269,1279,727,0
5424,117645432,0,0,1271,1285,724,0
5425,117655432,0,0,1273,1288,728,0
5426,117665432,0,0,1274,1289,733,0
5427,117675432,0,0,1276,1292,734,0
5428,117685432,0,0,1278,1294,740,1
5429,117695432,0,0,1282,1299,726,0
5430,117705432,0,0,1285,1300,720,0
5431,117715432,0,0,1286,1303,718,0
5432,117725432,0,0,1288,1305,712,0
5433,117735432,0,0,1290,1307,714,0
5434,117745432,0,0,1291,1308,717,2
5435,117755432,0,0,1273,1223,706,1
5436,117765432,0,0,1293,1312,705,0
5437,117775432,0,0,1296,1316,721,0
5438,117785432,0,0,1297,1318,725,0
5439,117795432,0,0,1299,1321,718,0
5440,117805432,0,0,1300,1323,733,0
5441,117815432,0,0,1301,1325,733,0
5442,117825432,0,0,1281,1240,735,0
5443,117835432,0,0,1304,1334,755,0
5444,117845432,0,0,1305,1337,770,0
5445,117855432,0,664,1304,1340,783,0
5446,117865432,0,607,1305,1350,793,0
5447,117875432,0,563,1307,1361,810,0
5448,117885432,0,521,1307,1357,821,0
5449,117895432,0,483,1304,1353,826,0
5450,117905432,0,421,1302,1359,837,0
5451,117915432,0,349,1298,1354,852,0
5452,117925432,0,279,1288,1362,862,0
5453,117935432,0,213,1281,1358,868,0
5454,117945432,0,147,1267,1357,878,0
5455,117955432,0,49,1241,1263,874,0
5456,117965432,0,18,1242,1347,876,0
5457,117975432,0,0,1219,1338,853,0
5458,117985432,0,0,1195,1331,793,0
5459,117995432,0,0,1152,1310,730,0
5460,118005432,0,0,1123,1293,685,0
5461,118015432,0,0,1062,1263,628,0
5462,118025432,0,0,1008,1233,556,0
5463,118035432,0,0,949,1195,444,0
5464,118045432,0,0,900,1153,346,0
5465,118055432,0,0,865,1105,241,0
5466,118065432,0,0,818,1051,123,0
5467,118075432,0,0,789,982,28,0
5468,118085432,0,0,719,925,2,0
5469,118095432,0,0,674,855,0,0
5470,118105432,0,0,647,752,0,0
5471,118115432,0,0,611,684,0,0
5472,118125432,0,0,574,618,0,0
5473,118135432,0,0,542,528,0,0
5474,118145432,0,0,490,392,0,0
5475,118155432,0,0,454,349,0,0
5476,118165432,0,0,393,276,0,0
5477,118175432,0,3,352,204,0,0
5478,118185432,0,0,313,168,0,0
5479,118195432,0,0,295,144,0,0
5480,118205432,0,0,290,122,0,0
5481,118215432,0,0,275,104,0,0
5482,118225432,0,0,261,98,0,0
5483,118235432,0,0,249,89,0,0
5484,118245432,0,0,249,82,0,0
5485,118255432,0,0,236,78,0,0
5486,118265432,3,0,227,80,0,0
5487,118275432,0,0,213,52,0,0
5488,118285432,3,0,216,82,0,0
5489,118295432,0,0,206,78,0,0
5490,118305432,0,0,202,74,0,0
5491,118315432,0,2,198,71,0,0
5492,118325432,0,0,197,72,0,0
5493,118335432,0,0,168,46,0,0
5494,118345432,0,0,183,65,0,0
5495,118355432,0,0,183,66,0,0
5496,118365432,0,0,186,67,0,0
5497,118375432,0,0,186,67,0,0
5498,118385432,0,0,187,69,0,0
5499,118395432,3,0,188,69,0,0
5500,118405432,0,0,186,64,0,0
5501,118415432,0,0,181,60,0,0
5502,118425432,0,0,188,55,0,0
5503,118435432,0,0,181,54,0,0
5504,118445432,0,69,164,49,0,0
5505,118455432,0,77,153,45,0,0
5506,118465432,0,66,147,47,0,0
5507,118475432,0,0,140,51,0,0
5508,118485432,0,0,128,47,0,0
5509,118495432,0,0,124,47,0,0
5510,118505432,0,0,128,44,0,0
5511,118515432,0,0,122,44,0,0
5512,118525432,0,0,120,47,0,0
5513,118535432,0,0,117,48,0,0
5514,118545432,0,0,113,47,0,0
5515,118555432,0,0,112,46,0,0
5516,118565432,0,0,115,47,0,0
5517,118575432,0,0,116,47,0,0
5518,118585432,0,0,114,40,0,0
5519,118595432,0,0,110,41,0,0
5520,118605432,0,0,106,39,0,0
5521,118615432,0,0,100,34,0,0
5522,118625432,0,0,94,30,0,0
5523,118635432,0,52,95,33,0,0
5524,118645432,0,70,96,29,0,0
5525,118655432,0,113,94,26,0,0
5526,118665432,0,175,89,16,0,0
5527,118675432,0,224,86,13,0,0
5528,118685432,0,281,75,8,0,0
5529,118695432,0,346,74,9,0,0
5530,118705432,0,422,73,9,0,0
5531,118715432,0,518,70,10,0,0
5532,118725432,0,620,68,9,0,0
5533,118735432,0,726,68,1,0,0
5534,118745432,0,856,66,0,0,0
5535,118755432,0,980,67,0,0,0
5536,118765432,0,1079,69,0,0,0
5537,118775432,0,1153,73,0,0,0
5538,118785432,0,1204,78,6,0,0
5539,118795432,0,1245,92,16,0,0
5540,118805432,0,1274,122,28,0,0
5541,118815432,0,1298,170,52,0,0
5542,118825432,0,1318,242,100,0,0
5543,118835432,0,1328,281,139,0,0
5544,118845432,0,1338,339,195,0,0
5545,118855432,0,1354,376,236,0,0
5546,118865432,0,1369,437,275,0,0
5547,118875432,0,1382,505,330,0,0
5548,118885432,0,1399,557,404,0,0
5549,118895432,0,1414,618,447,0,0
5550,118905432,0,1430,675,481,0,0
5551,118915432,0,1438,697,519,0,0
5552,118925432,0,1448,729,552,0,0
5553,118935432,0,1453,753,584,0,0
5554,118945432,0,1459,785,605,0,13
5555,118955432,0,1464,815,638,0,23
5556,118965432,0,1468,842,664,0,30
5557,118975432,0,1475,868,691,0,38
5558,118985432,0,1481,883,716,0,40
5559,118995432,0,1485,901,738,0,41
5560,119005432,0,1493,922,759,0,43
5561,119015432,0,1499,938,782,0,45
5562,119025432,0,1507,956,804,0,44
5563,119035432,0,1512,973,821,0,44
5564,119045432,0,1519,989,834,0,48
5565,119055432,0,1525,1011,853,0,34
5566,119065432,0,1529,1032,870,0,36
5567,119075432,0,1533,1053,884,0,30
5568,119085432,0,1538,1067,901,0,34
5569,119095432,0,1540,1080,920,0,36
5570,119105432,0,1541,1098,932,1,28
5571,119115432,0,1538,1112,946,0,42
5572,119125432,0,1530,1126,960,0,42
5573,119135432,0,1529,1141,980,0,43
5574,119145432,0,1526,1158,991,0,48
5575,119155432,0,1523,1170,1004,0,54
5576,119165432,0,1516,1177,1018,0,53
5577,119175432,0,1513,1182,1034,0,57
5578,119185432,0,1511,1193,1046,0,65
5579,119195432,0,1509,1199,1053,0,54
5580,119205432,0,1508,1208,1065,0,64
5581,119215432,0,1504,1216,1076,0,70
5582,119225432,0,1501,1225,1087,4,74
5583,119235432,0,1498,1231,1099,0,75
5584,119245432,0,1497,1238,1107,0,81
5585,119255432,0,1497,1242,1112,0,92
5586,119265432,0,1497,1245,1116,0,95
5587,119275432,0,1497,1250,1121,1,103
5588,119285432,0,1498,1252,1126,1,100
5589,119295432,0,1496,1254,1128,3,117
5590,119305432,0,1494,1255,1120,0,97
5591,119315432,0,1497,1258,1136,5,114
5592,119325432,0,1494,1262,1142,8,125
5593,119335432,0,1492,1261,1143,5,136
5594,119345432,0,1491,1267,1147,2,136
5595,119355432,0,1491,1266,1148,2,141
5596,119365432,0,1491,1266,1140,0,141
5597,119375432,0,1441,1205,1146,4,141
5598,119385432,0,1491,1263,1149,0,143
5599,119395432,0,1491,1262,1145,0,148
5600,119405432,0,1492,1261,1145,0,152
5601,119415432,0,1491,1260,1145,0,156
5602,119425432,0,1488,1257,1140,0,165
5603,119435432,0,1486,1257,1141,0,172
5604,119445432,0,1485,1252,1134,0,182
5605,119455432,0,1484,1240,1118,0,210
5606,119465432,0,1482,1233,1118,0,220
5607,119475432,0,1481,1221,1100,0,239
5608,119485432,0,1481,1210,1096,0,261
5609,119495432,0,1480,1203,1085,0,279
5610,119505432,0,1479,1200,1076,0,296
5611,119515432,0,1470,1199,1073,0,324
5612,119525432,0,1466,1195,1073,0,330
5613,119535432,0,1463,1195,1077,0,333
5614,119545432,0,1455,1210,1080,0,333
5615,119555432,0,1449,1199,1080,0,332
5616,119565432,0,1438,1201,1081,0,332
5617,119575432,0,1428,1196,1080,0,322
5618,119585432,0,1403,1197,1075,0,311
5619,119595432,0,1376,1193,1072,0,311
5620,119605432,0,1335,1188,1071,0,324
5621,119615432,0,1288,1189,1079,9,331
5622,119625432,1,1224,1187,1081,21,358
5623,119635432,0,1150,1180,1073,10,359
5624,119645432,0,0,1171,1085,46,406
5625,119655432,0,0,1160,1080,69,424
5626,119665432,0,857,1144,1078,70,426
5627,119675432,0,754,1125,1074,75,397
5628,119685432,0,635,1104,1065,57,335
5629,119695432,0,544,1072,1051,31,254
5630,119705432,0,425,1041,1037,15,115
5631,119715432,0,315,996,1012,0,0
5632,119725432,0,253,953,985,0,0
5633,119735432,0,228,905,957,0,0
5634,119745432,0,208,853,932,0,0
5635,119755432,0,152,800,900,0,0
5636,119765432,0,0,753,858,0,0
5637,119775432,0,3,723,790,0,0
5638,119785432,0,0,675,726,0,0
5639,119795432,0,0,646,655,0,0
5640,119805432,0,0,608,577,0,0
5641,119815432,0,0,572,492,0,0
5642,119825432,0,0,547,444,0,0
5643,119835432,0,0,514,379,0,0
5644,119845432,0,0,484,334,0,0
5645,119855432,0,0,443,276,0,0
5646,119865432,0,0,399,214,0,0
5647,119875432,0,0,370,165,0,0
5648,119885432,0,0,325,138,0,0
5649,119895432,0,0,321,113,0,0
5650,119905432,0,0,297,102,0,0
5651,119915432,0,0,278,88,0,0
5652,119925432,0,0,265,80,0,0
5653,119935432,0,0,247,77,0,0
5654,119945432,0,0,235,74,0,0
5655,119955432,0,2,230,72,0,0
5656,119965432,0,0,218,67,0,0
5657,119975432,0,0,212,67,0,0
5658,119985432,0,0,204,64,0,0
5659,119995432,0,0,200,67,0,0
5660,120005432,0,0,200,62,0,0
5661,120015432,0,0,189,54,0,0
5662,120025432,0,0,188,60,0,0
5663,120035432,0,0,183,59,0,0
5664,120045432,0,0,177,58,0,0
5665,120055432,0,0,172,58,0,0
5666,120065432,0,0,165,56,0,0
5667,120075432,0,0,155,52,0,0
5668,120085432,0,0,156,49,0,0
5669,120095432,0,0,150,49,0,0
5670,120105432,0,0,149,50,0,0
5671,120115432,0,0,143,48,0,0
5672,120125432,0,0,136,48,0,0
5673,120135432,0,0,132,43,0,0
5674,120145432,0,0,128,39,0,0
5675,120155432,0,0,122,40,0,0
5676,120165432,0,0,125,29,0,0
5677,120175432,0,0,120,27,0,0
5678,120185432,0,0,101,23,0,0
5679,120195432,0,0,86,21,0,0
5680,120205432,0,0,85,16,0,0
5681,120215432,0,0,75,3,0,0
5682,120225432,0,0,83,14,0,0
5683,120235432,0,0,79,15,0,0
5684,120245432,0,0,75,16,0,0
5685,120255432,0,0,76,12,0,0
5686,120265432,0,0,71,13,0,0
5687,120275432,0,0,71,11,0,0
5688,120285432,0,0,65,10,0,0
5689,120295432,0,0,56,9,0,0
5690,120305432,0,0,53,7,0,0
5691,120315432,0,0,55,6,0,0
5692,120325432,0,59,60,8,0,0
5693,120335432,0,100,66,9,0,0
5694,120345432,0,161,69,11,0,0
5695,120355432,0,219,69,11,0,0
5696,120365432,0,277,62,10,0,0
5697,120375432,0,345,56,11,0,0
5698,120385432,0,430,53,8,0,0
5699,120395432,0,537,51,13,0,0
5700,120405432,0,661,47,12,0,0
5701,120415432,0,807,47,6,0,0
5702,120425432,0,977,57,9,0,0
5703,120435432,0,1100,59,20,0,0
5704,120445432,0,1180,93,33,0,0
5705,120455432,0,1228,141,54,0,0
5706,120465432,0,1259,188,72,0,0
5707,120475432,0,1271,249,113,0,0
5708,120485432,0,1275,314,177,0,0
5709,120495432,0,1279,361,234,0,0
5710,120505432,0,1276,436,293,0,0
5711,120515432,0,1275,513,373,0,0
5712,120525432,0,1274,571,452,0,0
5713,120535432,0,1273,633,510,0,0
5714,120545432,0,1268,692,593,0,0
5715,120555432,0,1259,749,636,0,49
5716,120565432,0,1255,791,694,0,125
5717,120575432,0,1257,837,733,1,211
5718,120585432,0,1259,871,764,26,275
5719,120595432,0,1265,897,797,45,318
5720,120605432,0,1269,923,825,75,369
5721,120615432,0,1193,914,812,78,381
5722,120625432,0,1272,970,884,115,442
5723,120635432,0,1274,988,908,133,474
5724,120645432,0,1273,1013,933,153,507
5725,120655432,0,1275,1036,957,163,540
5726,120665432,0,1276,1054,979,199,554
5727,120675432,0,1280,1070,997,215,572
5728,120685432,0,1285,1087,1014,235,597
5729,120695432,0,1286,1101,1032,253,613
5730,120705432,0,1288,1113,1045,268,631
5731,120715432,0,1288,1123,1056,280,641
5732,120725432,0,1287,1129,1064,301,659
5733,120735432,0,1286,1137,1074,305,671
5734,120745432,0,1280,1143,1082,314,679
5735,120755432,0,1280,1149,1095,319,685
5736,120765432,0,1272,1158,1099,324,690
5737,120775432,0,1269,1160,1103,332,697
5738,120785432,0,1267,1165,1110,341,704
5739,120795432,0,1262,1167,1113,353,709
5740,120805432,0,1259,1170,1112,353,715
5741,120815432,0,1250,1172,1120,355,717
5742,120825432,0,1256,1170,1118,362,722
5743,120835432,0,1257,1170,1120,363,725
5744,120845432,0,1257,1173,1120,376,727
5745,120855432,0,1257,1173,1111,378,728
5746,120865432,0,1257,1165,1111,387,733
5747,120875432,0,1259,1164,1106,393,737
5748,120885432,0,1260,1158,1100,402,740
5749,120895432,0,1261,1157,1097,407,740
5750,120905432,0,1263,1151,1085,409,742
5751,120915432,0,1268,1147,1081,420,744
5752,120925432,0,1271,1144,1077,427,744
5753,120935432,0,1273,1137,1069,425,743
5754,120945432,0,1277,1134,1051,433,696
5755,120955432,0,1281,1135,1056,436,742
5756,120965432,0,1288,1128,1046,440,742
5757,120975432,0,1290,1128,1041,454,743
5758,120985432,0,1293,1124,1040,456,744
5759,120995432,0,1296,1116,1035,467,743
5760,121005432,0,1298,1114,1032,471,738
5761,121015432,0,1299,1117,1024,476,735
5762,121025432,0,1300,1112,1020,481,737
5763,121035432,0,1300,1115,1018,485,738
5764,121045432,0,1300,1112,1018,484,739
5765,121055432,0,1300,1107,1018,489,731
5766,121065432,0,1300,1102,1014,488,731
5767,121075432,0,1300,1106,1006,489,729
5768,121085432,0,1297,1097,1003,486,721
5769,121095432,0,1293,1095,1001,488,721
5770,121105432,0,1285,1093,999,489,722
5771,121115432,0,1277,1095,999,485,726
5772,121125432,0,1272,1093,999,499,735
5773,121135432,0,1267,1092,1000,503,741
5774,121145432,0,1262,1094,1002,504,745
5775,121155432,0,1257,1096,1005,504,744
5776,121165432,0,1253,1098,1006,501,743
5777,121175432,0,1242,1097,1008,497,742
5778,121185432,0,1232,1096,1010,488,731
5779,121195432,0,1225,1090,1007,469,719
5780,121205432,0,1167,1010,987,395,698
5781,121215432,0,1208,1071,995,418,680
5782,121225432,0,1186,1054,980,393,659
5783,121235432,0,1174,1036,965,370,627
5784,121245432,0,1139,1010,951,343,608
5785,121255432,0,1071,987,935,330,595
5786,121265432,0,0,968,917,304,570
5787,121275432,0,0,942,917,358,612
5788,121285432,0,0,915,909,378,618
5789,121295432,0,0,875,895,404,634
5790,121305432,0,0,839,885,422,650
5791,121315432,0,0,787,871,437,642
5792,121325432,0,0,723,861,436,616
5793,121335432,1,0,637,804,397,579
5794,121345432,0,0,623,818,392,549
5795,121355432,0,0,588,789,364,483
5796,121365432,0,0,555,741,335,396
5797,121375432,0,0,521,698,291,282
5798,121385432,0,0,492,638,251,159
5799,121395432,0,0,445,571,165,59
5800,121405432,0,0,400,506,85,0
5801,121415432,0,0,395,454,3,0
5802,121425432,0,0,375,408,0,0
5803,121435432,0,0,362,362,0,0
5804,121445432,0,0,354,316,0,0
5805,121455432,0,0,334,276,0,0
5806,121465432,0,0,286,214,0,0
5807,121475432,0,0,303,192,0,0
5808,121485432,0,0,298,163,0,0
5809,121495432,0,0,281,137,0,0
5810,121505432,0,0,270,114,0,0
5811,121515432,0,0,251,89,0,0
5812,121525432,0,0,234,84,0,0
5813,121535432,0,0,196,49,0,0
5814,121545432,0,0,200,62,0,0
5815,121555432,0,0,191,61,0,0
5816,121565432,0,0,186,57,0,0
5817,121575432,0,0,174,60,0,0
5818,121585432,0,0,171,59,0,0
5819,121595432,0,0,165,59,0,0
5820,121605432,0,0,145,38,0,0
5821,121615432,0,0,161,53,0,0
5822,121625432,0,0,159,50,0,0
5823,121635432,0,0,154,49,0,0
5824,121645432,0,0,152,48,0,0
5825,121655432,0,0,155,49,0,0
5826,121665432,0,121,151,48,0,0
5827,121675432,0,123,151,48,0,0
5828,121685432,0,118,148,52,0,0
5829,121695432,0,113,150,51,0,0
5830,121705432,0,106,149,49,0,0
5831,121715432,0,104,150,50,0,0
5832,121725432,0,102,150,48,0,0
5833,121735432,0,67,132,32,0,0
5834,121745432,0,94,151,50,0,0
5835,121755432,0,91,149,52,0,0
5836,121765432,0,87,148,50,0,0
5837,121775432,0,81,139,50,0,0
5838,121785432,0,74,134,50,0,0
5839,121795432,0,68,134,48,0,0
5840,121805432,0,60,128,46,0,0
5841,121815432,0,58,125,42,0,0
5842,121825432,0,52,124,41,0,0
5843,121835432,0,51,123,41,0,0
5844,121845432,0,44,122,40,0,0
5845,121855432,0,36,120,41,0,0
5846,121865432,0,5,111,17,0,0
5847,121875432,0,26,108,38,0,0
5848,121885432,0,21,104,35,0,0
5849,121895432,0,11,99,29,0,0
5850,121905432,0,0,89,26,0,0
5851,121915432,0,0,85,21,0,0
5852,121925432,0,0,77,18,0,0
5853,121935432,0,0,66,3,0,0
5854,121945432,0,0,70,12,0,0
5855,121955432,0,0,69,10,0,0
5856,121965432,0,0,69,8,0,0
5857,121975432,0,0,58,6,0,0
5858,121985432,0,0,52,5,0,2
5859,121995432,0,0,45,1,0,0
5860,122005432,0,0,42,2,0,0
5861,122015432,0,0,36,3,0,0
5862,122025432,0,0,66,44,0,0
5863,122035432,0,0,74,56,0,0
5864,122045432,0,0,91,70,0,0
5865,122055432,0,0,104,90,0,0
5866,122065432,0,0,117,109,0,0
5867,122075432,0,0,125,144,0,0
5868,122085432,0,0,157,211,0,0
5869,122095432,0,0,199,281,0,0
5870,122105432,0,0,247,363,1,65
5871,122115432,0,0,291,453,27,176
5872,122125432,0,0,332,541,67,285
5873,122135432,0,0,392,620,108,403
5874,122145432,0,0,442,685,149,456
5875,122155432,0,0,497,733,176,519
5876,122165432,0,0,556,787,217,572
5877,122175432,0,0,627,839,245,639
5878,122185432,0,0,679,881,289,680
5879,122195432,0,7,742,918,322,720
5880,122205432,0,29,804,956,345,744
5881,122215432,0,70,862,985,359,763
5882,122225432,0,141,905,1010,365,0
5883,122235432,0,231,945,1033,360,783
5884,122245432,0,332,977,1051,347,769
5885,122255432,0,286,1015,1067,338,760
5886,122265432,0,0,1048,1081,316,747
5887,122275432,0,0,1073,1098,296,737
5888,122285432,0,0,1102,1114,283,731
5889,122295432,0,0,1122,1117,281,722
5890,122305432,0,0,1134,1127,270,714
5891,122315432,0,0,1147,1129,258,715
5892,122325432,0,0,1159,1135,267,718
5893,122335432,0,0,1165,1136,275,722
5894,122345432,0,0,1170,1137,282,723
5895,122355432,0,0,1173,1140,281,727
5896,122365432,0,0,1175,1142,282,737
5897,122375432,0,0,1176,1135,301,743
5898,122385432,0,0,1176,1146,307,749
5899,122395432,0,0,1179,1130,320,758
5900,122405432,0,0,1180,1127,337,765
5901,122415432,0,0,1177,1126,358,778
5902,122425432,0,0,1170,1116,362,786
5903,122435432,0,0,1173,1109,392,796
5904,122445432,0,0,1165,1104,414,803
5905,122455432,0,0,1163,1099,440,812
5906,122465432,0,0,1157,1091,465,822
5907,122475432,0,0,1156,1087,478,835
5908,122485432,0,0,1160,1083,502,845
5909,122495432,0,1134,1145,1078,525,856
5910,122505432,0,1130,1142,1075,541,865
5911,122515432,0,1125,1144,1077,566,876
5912,122525432,0,1115,1144,1073,589,884
5913,122535432,0,1100,1142,1067,604,891
5914,122545432,0,1088,1140,1069,623,904
5915,122555432,0,1013,1141,1067,638,911
5916,122565432,0,1057,1139,1064,653,919
5917,122575432,0,1042,1138,1065,675,928
5918,122585432,0,1022,1134,1062,682,936
5919,122595432,0,1008,1133,1061,700,942
5920,122605432,0,997,1131,1061,712,947
5921,122615432,0,992,1130,1060,725,950
5922,122625432,0,1025,1129,1059,735,952
5923,122635432,0,1011,1129,1057,742,955
5924,122645432,0,1029,1129,1055,745,958
5925,122655432,0,956,1130,1054,755,961
5926,122665432,0,1001,1127,1052,752,964
5927,122675432,0,1004,1125,1049,753,965
5928,122685432,0,1037,1122,1046,754,964
5929,122695432,0,1050,1120,1044,751,964
5930,122705432,0,1077,1116,1040,749,956
5931,122715432,0,1091,1110,1033,747,953
5932,122725432,0,1090,1106,1021,741,947
5933,122735432,0,1104,1098,1013,739,938
5934,122745432,0,1110,1095,1002,730,934
5935,122755432,0,1122,1085,995,724,925
5936,122765432,0,1124,1076,984,721,921
5937,122775432,0,1125,1068,973,722,919
5938,122785432,0,1126,1061,963,720,919
5939,122795432,0,1130,1052,952,719,918
5940,122805432,0,1132,1048,941,716,916
5941,122815432,0,1137,1041,933,713,911
5942,122825432,0,1143,1032,921,712,910
5943,122835432,0,1145,1021,914,701,905
5944,122845432,0,1148,1011,902,698,902
5945,122855432,0,1159,1000,887,695,893
5946,122865432,0,1154,992,875,690,884
5947,122875432,0,1164,982,865,683,878
5948,122885432,0,1171,974,856,669,882
5949,122895432,0,1175,966,843,651,874
5950,122905432,0,1179,949,825,622,856
5951,122915432,0,1188,934,807,584,830
5952,122925432,0,1196,916,786,541,805
5953,122935432,0,1204,892,760,494,779
5954,122945432,0,1212,876,740,470,761
5955,122955432,0,1216,866,727,444,749
5956,122965432,0,1215,854,713,420,742
5957,122975432,0,1208,837,691,388,729
5958,122985432,0,1196,807,673,362,715
5959,122995432,0,1179,774,649,329,695
5960,123005432,0,1163,740,622,313,674
5961,123015432,0,1142,0,606,290,656
5962,123025432,0,1116,669,580,268,619
5963,123035432,0,0,648,550,233,577
5964,123045432,0,0,620,506,194,523
5965,123055432,0,0,587,469,157,458
5966,123065432,0,0,547,425,118,366
5967,123075432,0,0,507,374,92,281
5968,123085432,0,0,465,330,48,177
5969,123095432,0,0,410,286,21,103
5970,123105432,0,0,348,246,0,25
5971,123115432,0,0,300,200,0,0
5972,123125432,0,0,273,146,0,0
5973,123135432,0,857,236,103,0,0
5974,123145432,0,819,181,55,0,0
5975,123155432,0,783,120,36,0,0
5976,123165432,0,739,88,8,0,0
5977,123175432,0,693,70,0,0,0
5978,123185432,0,664,59,0,0,0
5979,123195432,0,636,45,0,0,0
5980,123205432,0,617,35,0,0,0
5981,123215432,0,540,22,0,0,0
5982,123225432,0,576,25,0,0,0
5983,123235432,0,544,24,0,0,0
5984,123245432,0,511,25,0,0,0
5985,123255432,0,481,27,0,0,0
5986,123265432,0,447,24,0,0,0
5987,123275432,0,403,24,0,0,0
5988,123285432,0,331,16,0,0,0
5989,123295432,0,340,24,0,0,0
5990,123305432,0,297,29,0,0,0
5991,123315432,0,280,35,0,0,0
5992,123325432,0,251,42,0,0,0
5993,123335432,0,212,42,0,0,0
5994,123345432,0,166,44,0,0,0
5995,123355432,0,164,51,0,0,0
5996,123365432,0,171,53,0,0,0
5997,123375432,0,173,48,0,0,0
5998,123385432,0,181,49,0,0,0
5999,123395432,0,184,46,0,0,0
6000,123405432,0,182,47,0,0,0
6001,123415432,0,183,48,0,0,0
6002,123425432,0,184,46,0,0,0
6003,123435432,0,205,50,0,0,0
6004,123445432,0,237,52,0,0,0
6005,123455432,0,263,54,0,0,0
6006,123465432,0,265,52,0,0,0
6007,123475432,0,259,51,0,0,1
6008,123485432,0,243,54,0,0,0
6009,123495432,0,226,55,0,0,0
6010,123505432,0,212,61,0,0,0
6011,123515432,0,215,61,0,0,0
6012,123525432,0,228,61,0,0,0
6013,123535432,0,227,59,0,0,0
6014,123545432,0,201,36,0,0,0
6015,123555432,0,182,55,0,0,0
6016,123565432,0,166,54,0,0,0
6017,123575432,0,169,51,0,0,2
6018,123585432,0,172,39,0,0,0
6019,123595432,0,174,38,0,0,0
6020,123605432,0,184,31,0,0,0
6021,123615432,0,190,28,0,0,0
6022,123625432,0,187,27,0,0,3
6023,123635432,0,198,22,0,0,0
6024,123645432,0,198,21,0,0,0
6025,123655432,0,202,21,0,2,0
6026,123665432,0,203,20,0,0,0
6027,123675432,0,208,19,0,1,0
6028,123685432,0,212,17,0,0,0
6029,123695432,0,213,16,0,0,0
6030,123705432,0,214,16,0,0,0
6031,123715432,0,213,14,0,0,0
6032,123725432,0,206,13,0,0,0
6033,123735432,0,202,15,0,0,0
6034,123745432,0,178,9,0,0,0
6035,123755432,0,211,17,0,0,0
6036,123765432,0,216,17,0,0,0
6037,123775432,0,228,19,0,0,0
6038,123785432,0,247,20,0,0,0
6039,123795432,0,281,23,0,0,0
6040,123805432,0,316,24,0,0,0
6041,123815432,0,391,23,1,0,0
6042,123825432,0,462,25,0,0,0
6043,123835432,0,540,21,0,0,0
6044,123845432,0,615,16,0,0,0
6045,123855432,0,708,12,2,0,0
6046,123865432,0,794,18,2,0,0
6047,123875432,0,896,15,0,0,0
6048,123885432,0,1033,10,0,0,0
6049,123895432,0,1126,9,0,0,0
6050,123905432,0,1179,19,0,0,0
6051,123915432,0,1229,22,0,0,0
6052,123925432,0,1263,22,0,0,0
6053,123935432,0,1294,35,0,0,0
6054,123945432,0,1317,50,3,0,0
6055,123955432,0,1349,64,0,0,0
6056,123965432,0,1371,87,0,0,0
6057,123975432,0,1394,102,2,0,0
6058,123985432,0,1417,122,11,0,0
6059,123995432,0,1444,145,26,0,0
6060,124005432,0,1387,185,40,0,0
6061,124015432,0,1486,241,58,0,0
6062,124025432,0,1507,282,72,0,0
6063,124035432,0,1527,311,92,0,0
6064,124045432,0,1560,342,120,0,0
6065,124055432,0,1572,367,151,0,0
6066,124065432,0,1584,404,183,0,0
6067,124075432,0,1607,436,218,0,0
6068,124085432,0,1619,477,241,0,0
6069,124095432,0,1635,529,278,0,0
6070,124105432,0,1643,563,296,0,0
6071,124115432,0,1655,588,324,0,0
6072,124125432,0,1662,610,348,0,0
6073,124135432,0,1676,634,365,0,0
6074,124145432,0,1686,648,380,0,0
6075,124155432,0,1687,659,396,0,0
6076,124165432,2,1697,670,407,1,0
6077,124175432,0,1695,673,414,0,0
6078,124185432,0,1699,679,422,0,0
6079,124195432,0,1692,686,428,0,0
6080,124205432,0,1700,693,437,0,0
6081,124215432,0,1702,698,440,0,0
6082,124225432,0,1700,698,449,0,0
6083,124235432,0,1702,704,459,0,0
6084,124245432,0,1699,712,467,0,0
6085,124255432,0,1701,723,472,0,0
6086,124265432,0,1703,730,480,0,0
6087,124275432,0,1702,740,493,0,0
6088,124285432,0,1700,744,500,0,0
6089,124295432,0,1699,752,503,0,0
6090,124305432,0,1698,760,514,0,0
6091,124315432,0,1696,765,525,0,0
6092,124325432,0,1695,777,535,0,0
6093,124335432,0,1690,791,548,0,0
6094,124345432,0,1698,802,559,0,0
6095,124355432,0,1694,812,568,0,0
6096,124365432,0,1690,828,589,0,0
6097,124375432,0,1690,846,612,0,0
6098,124385432,0,1689,859,649,0,0
6099,124395432,0,1684,877,671,0,0
6100,124405432,0,1681,900,698,0,1
6101,124415432,0,1673,917,723,0,14
6102,124425432,0,1672,935,746,0,29
6103,124435432,0,1667,951,765,0,34
6104,124445432,0,1662,969,792,0,45
6105,124455432,0,1657,981,808,0,53
6106,124465432,0,1648,996,814,0,43
6107,124475432,0,1643,1009,844,0,68
6108,124485432,0,1636,1020,858,0,87
6109,124495432,0,1631,1039,872,0,94
6110,124505432,0,1626,1045,883,0,101
6111,124515432,0,1623,1052,889,0,108
6112,124525432,0,1620,1058,903,0,110
6113,124535432,0,1506,1047,840,0,120
6114,124545432,0,1610,1068,919,0,136
6115,124555432,0,1606,1075,926,0,146
6116,124565432,0,1598,1079,934,0,157
6117,124575432,0,1592,1085,943,0,167
6118,124585432,0,1587,1094,952,0,178
6119,124595432,0,1580,1100,968,0,188
6120,124605432,0,1574,1109,979,0,201
6121,124615432,0,1566,1113,986,0,210
6122,124625432,0,1560,1119,995,0,220
6123,124635432,0,1556,1123,1003,0,220
6124,124645432,0,1550,1128,1011,1,230
6125,124655432,0,1545,1132,1019,4,239
6126,124665432,0,1433,1120,955,6,250
