seq,ts_us,s0,s1,s2,s3,s4,s5
117,30572240,1178,1242,0,979,234,989
118,30582240,1178,1242,0,978,236,992
119,30592240,1177,1242,0,978,232,995
120,30602240,1177,1240,0,980,234,998
121,30612240,1173,1239,0,980,238,995
122,30622240,1175,1241,0,980,232,998
123,30632240,1177,1241,0,980,233,1002
124,30642240,1176,1241,0,980,239,1001
125,30652240,1176,1241,0,980,236,1001
126,30662240,1181,1243,0,982,237,1004
127,30672240,1177,1243,0,981,235,1003
128,30682240,1180,1241,0,981,236,1009
129,30692240,1177,1240,0,981,237,1006
130,30702240,1178,1240,0,981,238,1008
131,30712240,1181,1240,0,940,201,991
132,30722240,1174,1241,0,982,245,1019
133,30732240,1176,1241,0,983,237,1010
134,30742240,1176,1240,0,982,244,1008
135,30752240,1177,1241,0,981,240,1009
136,30762240,1176,1242,0,982,244,1014
137,30772240,1178,1240,0,982,239,1009
138,30782240,1176,1243,0,982,242,1012
139,30792240,1176,1240,0,983,246,1015
140,30802240,1179,1243,0,983,244,1012
141,30812240,1179,1242,0,983,244,1012
142,30822240,1180,1243,0,981,245,1013
143,30832240,1176,1242,0,983,246,1012
144,30842240,1178,1246,0,982,249,1002
145,30852240,1178,1242,0,983,243,1004
146,30862240,1180,1239,0,984,246,1001
147,30872240,1180,1244,0,983,246,996
148,30882240,1181,1242,0,983,243,977
149,30892240,1178,1244,0,983,242,0
150,30902240,1181,1243,0,985,239,0
151,30912240,1180,1244,0,981,234,0
152,30922240,1183,1245,0,985,231,0
153,30932240,1179,1244,0,984,228,0
154,30942240,1182,1243,0,984,228,0
155,30952240,1182,1247,0,984,224,0
156,30962240,1184,1245,0,985,223,0
157,30972240,1181,1243,0,983,222,0
158,30982240,1185,1249,0,986,221,0
159,30992240,1183,1248,0,986,220,0
160,31002240,1186,1250,0,987,218,0
161,31012240,1184,1248,0,985,218,0
162,31022240,1190,1251,0,986,215,0
163,31032240,1184,1249,0,982,214,0
164,31042240,1187,1150,0,925,187,0
165,31052240,1189,1251,0,984,207,0
166,31062240,1189,1254,0,983,205,0
167,31072240,1190,1253,0,983,204,0
168,31082240,1192,1254,0,984,197,0
169,31092240,1189,1254,0,984,186,0
170,31102240,1195,1254,0,982,145,0
171,31112240,1195,1258,0,983,176,0
172,31122240,1197,1259,0,979,171,0
173,31132240,1203,1259,0,976,164,0
174,31142240,1201,1262,0,979,164,0
175,31152240,1200,1263,0,977,155,0
176,31162240,1201,1265,0,976,149,0
177,31172241,1158,1186,0,892,143,0
178,31182240,1209,1271,0,973,138,0
179,31192240,1209,1271,0,971,138,583
180,31202240,1210,1271,0,972,136,698
181,31212240,1210,1273,0,971,137,0
182,31222240,1211,1273,0,968,137,0
183,31232240,1215,1275,0,970,132,0
184,31242241,1217,1277,0,977,123,0
185,31252240,1214,1277,0,970,122,0
186,31262240,1216,1275,0,970,120,0
187,31272240,1218,1277,0,969,117,0
188,31282240,1216,1276,0,968,119,0
189,31292240,1219,1281,0,968,116,0
190,31302240,1218,1282,0,969,119,0
191,31312240,1222,1281,0,967,118,0
192,31322240,1221,1281,0,968,118,0
193,31332240,1221,1282,0,967,117,0
194,31342240,1221,1282,0,966,120,0
195,31352240,1219,1282,0,966,118,0
196,31362240,1222,1280,0,967,119,0
197,31372240,1224,1283,0,962,119,0
198,31382240,1223,1282,0,963,119,0
199,31392240,1225,1285,0,964,118,0
200,31402240,1225,1287,0,961,117,0
201,31412240,1226,1288,0,963,117,0
202,31422240,1224,1287,0,958,116,0
203,31432240,1227,1286,0,962,122,0
204,31442240,1228,1291,0,955,112,0
205,31452240,1227,1288,0,955,111,0
206,31462240,1229,1291,0,956,110,0
207,31472240,1229,1291,0,954,105,0
208,31482240,1230,1291,0,957,106,0
209,31492240,1230,1293,0,954,107,0
210,31502240,1232,1293,0,954,108,0
211,31512240,1231,1293,0,953,110,0
212,31522240,1233,1294,0,953,106,0
213,31532240,1233,1295,0,949,102,0
214,31542240,1236,1295,0,952,105,0
215,31552240,1235,1296,0,951,105,0
216,31562240,1236,1296,0,951,103,0
217,31572240,1235,1297,0,949,109,0
218,31582240,1237,1297,0,950,107,0
219,31592240,1234,1291,0,952,108,0
220,31602240,1235,1297,0,955,110,0
221,31612240,1235,1297,0,952,111,0
222,31622240,1234,1298,0,952,112,0
223,31632240,1137,1290,0,952,112,0
224,31642240,1233,1295,0,952,113,0
225,31652240,1236,1296,0,953,115,0
226,31662240,1234,1296,0,952,114,0
227,31672240,1235,1295,0,955,115,0
228,31682240,1237,1297,0,957,115,0
229,31692240,1237,1295,0,953,114,0
230,31702240,1236,1297,0,954,116,0
231,31712240,1237,1297,0,953,117,0
232,31722240,1238,1297,0,953,125,0
233,31732240,1235,1299,0,955,116,0
234,31742240,1239,1299,0,953,119,0
235,31752240,1237,1296,0,953,121,0
236,31762240,1239,1300,0,954,121,0
237,31772240,1237,1299,0,953,121,0
238,31782240,1237,1296,0,955,123,0
239,31792240,1236,1306,0,955,123,0
240,31802240,1235,1300,0,955,122,0
241,31812240,1234,1298,0,957,127,0
242,31822240,1233,1299,0,955,127,0
243,31832240,1234,1297,0,958,129,0
244,31842240,1234,1298,0,957,130,0
245,31852240,1234,1295,0,958,130,0
246,31862240,1230,1295,0,963,132,0
247,31872240,1228,1293,0,961,135,0
248,31882240,1230,1293,0,963,138,0
249,31892240,1226,1293,0,964,134,0
250,31902240,1229,1290,0,963,136,0
251,31912240,1223,1288,0,965,139,0
252,31922240,1223,1285,0,967,151,0
253,31932240,1223,1283,0,968,151,0
254,31942240,1221,1281,0,971,152,0
255,31952240,1219,1279,0,971,153,0
256,31962240,1219,1273,0,969,155,0
257,31972240,1218,1279,0,970,159,586
258,31982240,1215,1275,0,971,152,676
259,31992240,1214,1276,0,973,160,702
260,32002240,1213,1275,0,971,163,696
261,32012240,1212,1276,0,971,166,595
262,32022240,1212,1276,0,974,167,630
263,32032241,1167,1194,0,891,167,522
264,32042240,1214,1278,0,971,167,0
265,32052240,1213,1280,0,974,169,0
266,32062240,1213,1274,0,977,167,0
267,32072240,1212,1274,0,974,171,0
268,32082240,1211,1273,0,978,169,0
269,32092240,1214,1274,0,976,172,0
270,32102240,1217,1276,0,978,171,0
271,32112240,1211,1276,0,979,177,0
272,32122240,1214,1274,0,977,178,0
273,32132240,1216,1276,0,975,178,0
274,32142240,1215,1274,0,976,180,0
275,32152240,1217,1274,0,978,172,0
276,32162240,1214,1275,0,979,174,0
277,32172240,1211,1275,0,980,175,636
278,32182240,1212,1272,0,982,172,650
279,32192240,1211,1272,0,982,171,602
280,32202240,1210,1272,0,982,170,644
281,32212240,1210,1272,0,980,174,668
282,32222240,1208,1271,0,981,172,646
283,32232240,1210,1270,0,982,173,696
284,32242240,1208,1269,0,980,181,692
285,32252240,1207,1269,0,984,180,707
286,32262240,1206,1267,0,980,183,754
287,32272240,1207,1267,0,981,183,776
288,32282240,1206,1266,0,984,187,782
289,32292240,1199,1265,0,986,188,792
290,32302240,1203,1265,0,984,189,793
291,32312240,1202,1263,0,981,190,785
292,32322240,1200,1261,0,984,189,791
293,32332240,1201,1261,0,984,192,775
294,32342240,1200,1259,0,986,191,790
295,32352240,1197,1257,0,987,152,725
296,32362240,1199,1258,0,986,191,746
297,32372240,1194,1258,0,986,190,705
298,32382240,1197,1258,0,983,196,805
299,32392240,1197,1257,0,985,195,795
300,32402240,1197,1257,0,986,202,797
301,32412240,1198,1258,0,985,201,775
302,32422240,1193,1257,0,943,167,780
303,32432240,1198,1257,0,986,203,812
304,32442240,1195,1257,0,985,204,806
305,32452240,1197,1257,0,986,206,807
306,32462240,1197,1256,0,980,206,811
307,32472240,1196,1256,0,986,206,803
308,32482240,1199,1254,0,985,164,762
309,32492240,1197,1255,0,987,215,788
310,32502240,1197,1255,0,985,211,791
311,32512240,1197,1256,0,985,211,813
312,32522240,1199,1255,0,985,211,813
313,32532240,1197,1256,0,986,210,805
314,32542240,1196,1256,0,986,213,814
315,32552240,1199,1257,0,986,209,807
316,32562240,1199,1257,0,985,211,804
317,32572240,1201,1258,0,985,211,811
318,32582240,1199,1259,0,985,210,802
319,32592240,1201,1259,0,984,210,794
320,32602240,1202,1260,0,983,205,800
321,32612240,1202,1261,0,983,206,809
322,32622240,1202,1260,0,982,196,798
323,32632240,1204,1262,0,982,200,785
324,32642240,1204,1263,0,981,198,763
325,32652240,1204,1264,0,979,187,774
326,32662240,1205,1266,0,977,185,795
327,32672240,1208,1268,0,978,179,747
328,32682240,1209,1268,0,972,175,720
329,32692240,1210,1272,0,974,168,642
330,32702240,1212,1275,0,972,162,0
331,32712240,1218,1274,0,970,156,468
332,32722240,1221,1276,3,971,151,595
333,32732240,1217,1277,0,969,152,632
334,32742240,1220,1277,0,966,149,597
335,32752240,1224,1280,0,969,149,723
336,32762240,1224,1282,0,968,147,684
337,32772240,1225,1282,0,967,141,0
338,32782240,1225,1284,0,968,141,0
339,32792240,1226,1284,0,965,142,0
340,32802240,1225,1285,0,964,138,0
341,32812240,1227,1288,0,967,140,0
342,32822240,1226,1286,0,965,140,0
343,32832240,1228,1287,0,963,140,0
344,32842240,1231,1290,0,962,134,0
345,32852240,1228,1289,1,957,133,0
346,32862240,1229,1288,0,964,132,0
347,32872240,1231,1291,0,962,135,0
348,32882240,1230,1291,0,959,129,0
349,32892240,1231,1292,0,957,132,0
350,32902240,1230,1291,0,958,133,0
351,32912240,1230,1292,0,959,127,0
352,32922240,1233,1287,0,958,124,0
353,32932240,1231,1292,0,958,126,0
354,32942240,1232,1295,0,955,124,0
355,32952240,1233,1293,0,958,121,0
356,32962240,1234,1294,0,955,118,0
357,32972240,1234,1293,0,953,114,0
358,32982240,1234,1294,0,952,112,0
359,32992240,1242,1293,0,951,108,0
360,33002240,1237,1296,0,951,107,0
361,33012240,1238,1297,0,949,100,0
362,33022240,1238,1298,0,947,102,0
363,33032240,1240,1300,0,943,96,0
364,33042240,1243,1299,0,941,90,0
365,33052240,1241,1302,0,937,81,0
366,33062240,1242,1199,0,873,62,0
367,33072240,1246,1303,0,934,85,0
368,33082240,1244,1304,0,934,81,0
369,33092240,1245,1305,0,932,89,0
370,33102240,1247,1305,0,934,89,0
371,33112240,1247,1305,0,934,88,0
372,33122240,1248,1304,0,933,88,0
373,33132241,1196,1220,0,852,94,0
374,33142240,1245,1306,0,932,97,0
375,33152240,1245,1303,0,933,99,0
376,33162240,1246,1303,0,931,95,0
377,33172240,1246,1303,0,930,91,0
378,33182240,1245,1306,0,933,94,0
379,33192240,1243,1301,0,930,93,0
380,33202240,1246,1301,0,932,90,723
381,33212240,1246,1304,0,932,91,753
382,33222240,1243,1302,0,933,89,763
383,33232240,1244,1301,0,931,93,779
384,33242240,1244,1306,0,933,90,792
385,33252240,1245,1302,0,933,90,799
386,33262240,1245,1296,0,932,58,793
387,33272240,1244,1301,0,934,92,827
388,33282240,1243,1299,0,934,92,843
389,33292240,1241,1301,0,936,91,854
390,33302240,1243,1301,0,936,93,857
391,33312240,1240,1300,0,938,88,873
392,33322240,1239,1298,0,939,87,889
393,33332240,1236,1194,0,880,74,862
394,33342240,1234,1298,0,942,90,918
395,33352240,1235,1296,0,944,85,923
396,33362240,1231,1294,0,943,88,924
397,33372240,1232,1293,0,949,86,933
398,33382240,1227,1292,0,946,88,939
399,33392240,1229,1290,0,948,85,951
400,33402240,1150,1229,0,950,91,967
401,33412240,1225,1284,0,952,88,974
402,33422240,1222,1284,0,952,89,983
403,33432240,1222,1281,0,955,87,992
404,33442240,1216,1276,0,956,93,1005
405,33452240,1213,1281,0,957,93,1010
406,33462240,1212,1273,0,959,95,1021
407,33472240,1212,1274,0,960,98,1035
408,33482240,1209,1272,0,961,100,1049
409,33492240,1209,1272,0,961,105,1052
410,33502240,1215,1271,0,965,105,1060
411,33512240,1203,1271,0,967,107,1065
412,33522240,1204,1270,0,969,109,1070
413,33532240,1201,1268,0,972,109,1081
414,33542240,1198,1265,0,973,114,1086
415,33552240,1196,1264,0,972,114,1095
416,33562240,1193,1261,0,976,119,1103
417,33572240,1194,1260,0,972,124,1109
418,33582240,1192,1257,0,973,124,1115
419,33592240,1189,1257,0,971,138,1121
420,33602240,1190,1254,0,978,145,1127
421,33612240,1189,1254,0,980,149,1132
422,33622240,1185,1253,0,978,151,1138
423,33632240,1186,1251,0,980,153,1144
424,33642240,1184,1251,0,982,155,1150
425,33652240,1184,1249,0,982,156,1154
426,33662240,1184,1250,0,981,163,1158
427,33672240,1183,1251,0,984,167,1161
428,33682240,1180,1251,0,983,172,1162
429,33692240,1185,1251,0,984,173,1164
430,33702240,1184,1253,0,985,169,1169
431,33712240,1182,1252,0,985,177,1172
432,33722240,1183,1250,0,986,182,1173
433,33732240,1184,1252,0,986,183,1174
434,33742240,1182,1251,0,986,186,1175
435,33752240,1184,1250,0,987,187,1178
436,33762240,1184,1251,0,987,197,1179
437,33772240,1184,1250,0,988,200,1178
438,33782240,1183,1250,0,989,200,1180
439,33792240,1182,1249,0,990,161,1150
440,33802240,1183,1249,0,991,203,1182
441,33812240,1181,1248,0,992,208,1184
442,33822240,1176,1246,0,995,210,1186
443,33832240,1179,1245,0,995,209,1188
444,33842240,1179,1246,0,994,209,1189
445,33852240,1178,1246,0,994,213,1190
446,33862240,1177,1247,0,993,215,1191
447,33872240,1177,1245,0,994,217,1192
448,33882240,1177,1246,0,995,218,1193
449,33892240,1176,1246,0,994,225,1195
450,33902240,1176,1244,0,993,220,1194
451,33912240,1174,1245,0,995,227,1195
452,33922240,1177,1247,0,995,228,1196
453,33932240,1176,1246,0,993,228,1195
454,33942240,1176,1244,0,995,227,1195
455,33952240,1177,1245,0,997,223,1196
456,33962240,1175,1243,0,996,228,1196
457,33972240,1174,1243,0,997,226,1198
458,33982241,1124,1161,0,917,226,1201
459,33992240,1175,1245,0,999,231,1196
460,34002240,1173,1243,0,997,231,1197
461,34012240,1173,1242,0,998,235,1198
462,34022240,1175,1245,0,997,235,1198
463,34032240,1175,1244,0,998,236,1191
464,34042240,1176,1246,0,998,236,1197
465,34052240,1131,1162,0,916,233,1197
466,34062240,1177,1246,0,996,238,1195
467,34072240,1178,1246,0,998,236,1192
468,34082240,1178,1245,0,995,238,1192
469,34092240,1178,1248,0,994,240,1188
470,34102240,1179,1247,0,996,240,1183
471,34112240,1178,1246,0,994,240,1179
472,34122240,1108,1192,0,995,242,1176
473,34132240,1180,1250,0,996,236,1170
474,34142240,1180,1249,0,996,236,1163
475,34152240,1180,1247,0,994,231,1153
476,34162240,1181,1252,0,995,229,1143
477,34172240,1183,1251,0,993,228,1143
478,34182240,1185,1252,0,995,222,1137
479,34192240,1185,1254,0,994,222,1135
480,34202240,1186,1253,0,996,218,1133
481,34212240,1190,1253,0,994,213,1122
482,34222240,1190,1260,0,992,201,1110
483,34232240,1192,1258,0,991,201,1109
484,34242240,1195,1262,0,991,190,1099
485,34252240,1196,1263,0,987,186,1086
486,34262240,1198,1265,0,986,177,1078
487,34272240,1202,1271,0,982,163,1063
488,34282240,1204,1275,0,980,156,1052
489,34292240,1208,1275,0,978,147,1043
490,34302240,1206,1280,0,973,134,1025
491,34312240,1223,1289,0,972,123,1014
492,34322240,1224,1292,0,968,117,1005
493,34332240,1235,1298,0,967,111,998
494,34342240,1229,1295,0,965,109,997
495,34352240,1232,1299,0,967,110,993
496,34362240,1231,1298,0,964,105,990
497,34372240,1156,1241,0,962,108,987
498,34382240,1231,1300,0,964,107,980
499,34392240,1235,1297,0,958,108,977
500,34402240,1238,1301,0,958,106,974
501,34412240,1237,1301,0,957,104,971
502,34422240,1240,1302,0,955,100,966
503,34432240,1242,1302,0,954,95,958
504,34442240,1241,1302,0,952,92,954
505,34452240,1243,1302,0,949,86,949
506,34462240,1244,1304,0,948,88,940
507,34472240,1244,1306,0,944,86,936
508,34482240,1248,1312,0,941,85,931
509,34492240,1248,1315,0,939,81,919
510,34502240,1251,1314,0,935,70,907
511,34512240,1253,1309,0,943,69,909
512,34522240,1253,1314,0,934,72,904
513,34532240,1259,1322,0,930,72,900
514,34542240,1251,1310,0,933,75,899
515,34552240,1254,1318,0,927,73,896
516,34562240,1256,1316,0,929,76,849
517,34572240,1256,1318,0,930,73,891
518,34582240,1256,1320,0,928,74,884
519,34592240,1258,1319,0,928,67,879
520,34602240,1258,1319,0,926,69,873
521,34612240,1261,1322,0,925,61,866
522,34622240,1260,1324,0,925,58,860
523,34632241,1213,1241,0,845,53,855
524,34642240,1268,1329,0,918,52,846
525,34652240,1268,1331,0,917,45,830
526,34662240,1268,1332,0,912,42,819
527,34672240,1271,1335,0,906,41,807
528,34682240,1272,1337,0,900,37,799
529,34692240,1278,1347,0,891,28,781
530,34702240,1218,1343,0,887,19,763
531,34712240,1287,1352,0,882,11,748
532,34722240,1295,1360,0,873,7,737
533,34732240,1300,1364,0,865,5,721
534,34742240,1310,1370,0,859,2,700
535,34752240,1308,1376,0,860,0,686
536,34762240,1252,1382,0,856,0,662
537,34772240,1318,1386,0,855,0,637
538,34782240,1319,1392,0,851,0,617
539,34792240,1323,1395,0,849,0,614
540,34802240,1327,1400,0,845,0,612
541,34812240,1333,1403,0,845,0,625
542,34822240,1273,1304,0,838,0,622
543,34832240,1339,1411,0,834,0,635
544,34842240,1341,1417,0,831,0,651
545,34852240,1342,1419,0,826,0,661
546,34862240,1351,1422,0,821,0,672
547,34872240,1356,1425,0,822,0,689
548,34882240,1356,1428,0,816,0,698
549,34892240,1257,1423,0,814,0,698
550,34902240,1364,1431,0,809,0,707
551,34912240,1364,1432,0,801,0,711
552,34922240,1363,1434,0,793,0,710
553,34932240,1364,1435,0,783,0,700
554,34942240,1365,1436,0,769,0,696
555,34952240,1286,1374,0,754,0,673
556,34962240,1363,1437,0,741,0,664
557,34972240,1362,1437,0,723,0,652
558,34982240,1363,1437,0,702,0,632
559,34992240,1362,1437,0,683,0,627
560,35002240,1361,1437,0,662,0,628
561,35012240,1358,1434,0,606,0,605
562,35022240,1362,1436,0,622,0,595
563,35032240,1358,1437,0,610,0,571
564,35042240,1360,1437,0,586,0,556
565,35052240,1360,1439,0,569,0,525
566,35062240,1358,1439,0,553,0,468
567,35072240,1358,1438,0,530,0,418
568,35082240,1358,1439,0,504,0,374
569,35092240,1357,1438,0,485,0,338
570,35102240,1356,1440,0,478,0,316
571,35112240,1358,1443,0,472,0,297
572,35122240,1355,1445,0,468,0,270
573,35132240,1358,1444,0,465,0,244
574,35142240,1357,1444,0,464,0,227
575,35152240,1357,1444,0,466,0,204
576,35162240,1356,1444,0,474,0,199
577,35172240,1353,1439,0,488,0,208
578,35182240,1349,1437,0,499,0,213
579,35192240,1340,1433,0,519,0,215
580,35202240,1337,1430,0,534,0,221
581,35212240,1331,1427,0,554,0,220
582,35222240,1322,1418,0,570,0,220
583,35232240,1314,1413,0,590,0,200
584,35242240,1308,1405,0,611,0,165
585,35252240,1304,1401,0,629,0,131
586,35262240,1298,1396,0,646,0,107
587,35272240,1293,1390,0,660,0,74
588,35282240,1291,1383,0,674,0,44
589,35292240,1286,1381,0,689,0,21
590,35302240,1279,1377,0,695,0,2
591,35312240,1274,1373,0,702,0,1
592,35322240,1272,1368,0,714,0,0
593,35332240,1268,1367,0,717,0,0
594,35342240,1264,1363,0,723,0,0
595,35352240,1261,1357,0,736,0,0
596,35362240,1258,1358,0,746,0,0
597,35372240,1255,1353,0,759,0,0
598,35382240,1253,1351,0,777,0,0
599,35392240,1253,1349,0,789,0,0
600,35402240,1250,1343,0,795,0,0
601,35412240,1168,1283,0,807,0,0
602,35422240,1240,1337,0,814,0,0
603,35432240,1236,1335,0,827,0,0
604,35442240,1230,1331,0,842,0,0
605,35452240,1221,1322,0,855,0,0
606,35462240,1209,1317,0,868,0,0
607,35472240,1200,1205,0,816,0,0
608,35482240,1195,1306,0,884,0,43
609,35492240,1190,1302,0,889,0,95
610,35502240,1187,1294,0,893,13,145
611,35512240,1181,1290,0,897,20,217
612,35522240,1182,1289,0,900,34,279
613,35532240,1183,1289,0,905,48,338
614,35542240,1183,1288,0,906,66,366
615,35552240,1183,1284,0,915,77,414
616,35562240,1182,1276,0,917,87,458
617,35572240,1181,1273,0,923,105,489
618,35582240,1168,1271,0,925,108,525
619,35592240,1173,1269,0,929,122,551
620,35602240,1170,1270,0,932,127,580
621,35612240,1170,1262,0,933,138,605
622,35622240,1169,1265,0,932,147,633
623,35632240,1171,1258,0,932,153,657
624,35642240,1170,1258,0,931,156,683
625,35652240,1174,1256,0,933,167,705
626,35662240,1170,1254,0,933,176,733
627,35672240,1170,1254,0,933,189,743
628,35682240,1171,1256,0,932,198,755
629,35692240,1171,1254,0,935,204,763
630,35702240,1172,1254,0,934,207,778
631,35712240,1171,1254,0,933,218,789
632,35722240,1170,1253,0,934,220,800
633,35732240,1171,1253,0,935,222,810
634,35742240,1171,1251,0,934,226,829
635,35752240,1171,1251,0,932,224,839
636,35762240,1171,1251,0,932,222,851
637,35772240,1171,1251,0,930,226,861
638,35782240,1170,1251,0,928,230,868
639,35792240,1167,1253,0,926,230,881
640,35802240,1176,1253,0,926,236,885
641,35812240,1175,1256,0,923,231,895
642,35822240,1176,1258,0,922,232,910
643,35832240,1178,1260,0,921,223,918
644,35842240,1180,1258,0,921,229,925
645,35852240,1132,1178,0,842,225,933
646,35862240,1179,1257,0,924,233,944
647,35872240,1180,1259,0,919,233,947
648,35882240,1183,1259,0,919,238,954
649,35892240,1181,1258,0,918,239,958
650,35902240,1182,1261,0,918,241,965
651,35912241,1133,1177,0,832,237,970
652,35922240,1185,1262,0,918,238,968
653,35932240,1185,1263,0,918,242,970
654,35942240,1187,1263,0,921,242,970
655,35952240,1186,1264,0,918,244,969
656,35962240,1186,1265,0,916,238,968
657,35972240,1190,1265,0,914,235,968
658,35982240,1120,1210,0,916,227,967
659,35992240,1194,1268,0,915,220,956
660,36002240,1188,1271,0,915,214,951
661,36012240,1198,1274,0,913,204,943
662,36022240,1198,1275,0,914,190,936
663,36032240,1203,1283,0,910,183,921
664,36042240,1138,1230,0,906,163,906
665,36052240,1214,1292,0,903,150,890
666,36062240,1225,1301,0,891,131,867
667,36072240,1234,1307,0,888,115,840
668,36082240,1244,1317,0,867,78,807
669,36092240,1253,1323,0,856,59,780
670,36102240,1268,1334,0,844,40,752
671,36112240,1275,1340,0,842,35,742
672,36122240,1277,1343,0,841,41,750
673,36132240,1280,1345,0,842,46,753
674,36142240,1277,1343,0,845,44,758
675,36152240,1280,1348,0,846,49,758
676,36162240,1284,1350,0,848,52,760
677,36172240,1284,1351,0,846,51,757
678,36182240,1285,1351,0,847,50,755
679,36192240,1286,1352,0,848,51,753
680,36202240,1284,1353,0,841,51,748
681,36212240,1287,1353,0,843,43,745
682,36222240,1287,1354,0,845,45,742
683,36232240,1290,1355,0,843,40,744
684,36242240,1290,1357,0,845,48,743
685,36252240,1292,1354,0,846,49,745
686,36262240,1291,1357,0,843,55,747
687,36272240,1288,1357,0,850,54,751
688,36282240,1290,1357,0,851,57,753
689,36292240,1291,1356,0,846,60,755
690,36302240,1295,1358,0,849,66,716
691,36312240,1291,1358,0,854,67,757
692,36322240,1290,1354,0,853,70,757
693,36332240,1290,1356,0,855,63,756
694,36342240,1291,1357,0,855,69,756
695,36352240,1292,1354,0,854,63,753
696,36362240,1290,1356,0,855,68,751
697,36372240,1292,1358,0,855,65,747
698,36382240,1294,1356,0,856,58,747
699,36392240,1292,1356,0,854,53,744
700,36402240,1293,1358,0,858,57,742
701,36412240,1293,1356,0,854,48,743
702,36422240,1296,1358,0,854,46,740
703,36432240,1292,1252,0,794,31,698
704,36442240,1294,1360,0,851,45,734
705,36452240,1296,1358,0,851,46,736
706,36462240,1297,1358,0,849,48,733
707,36472240,1296,1359,0,844,45,732
708,36482240,1297,1358,0,846,44,729
709,36492240,1297,1359,0,845,44,728
710,36502240,1300,1361,0,842,43,727
711,36512240,1298,1362,0,840,39,725
712,36522240,1297,1361,0,839,41,725
713,36532240,1298,1360,0,841,42,724
714,36542240,1299,1361,0,841,44,727
715,36552240,1297,1361,0,840,45,725
716,36562240,1298,1360,0,844,47,728
717,36572240,1296,1359,0,844,54,730
718,36582240,1296,1357,0,846,55,729
719,36592240,1294,1356,0,849,56,733
720,36602240,1292,1359,0,850,60,734
721,36612240,1293,1354,0,853,61,738
722,36622240,1292,1354,0,855,66,741
723,36632240,1290,1352,0,858,69,748
724,36642240,1289,1350,0,857,75,753
725,36652240,1286,1350,0,860,81,765
726,36662240,1280,1346,0,862,77,766
727,36672240,1280,1343,0,862,82,770
728,36682240,1276,1340,0,863,83,776
729,36692240,1203,1282,0,863,84,781
730,36702240,1276,1339,0,865,86,780
731,36712240,1273,1338,0,866,91,784
732,36722240,1271,1338,0,868,91,787
733,36732240,1273,1337,0,868,92,789
734,36742240,1273,1337,0,867,96,793
735,36752240,1197,1280,0,869,100,793
736,36762240,1272,1338,0,869,101,794
737,36772240,1272,1336,0,871,100,794
738,36782240,1270,1336,0,872,100,797
739,36792240,1272,1336,0,873,100,796
740,36802240,1271,1334,0,876,100,797
741,36812240,1270,1334,0,876,102,803
742,36822240,1167,1328,0,875,104,803
743,36832240,1268,1334,0,875,106,805
744,36842240,1268,1334,0,877,99,807
745,36852240,1268,1337,0,877,105,806
746,36862240,1269,1330,0,877,104,806
747,36872240,1267,1333,0,877,104,803
748,36882240,1197,1279,0,878,104,806
749,36892240,1270,1336,0,878,105,808
750,36902240,1271,1336,0,877,108,803
751,36912240,1272,1339,0,877,109,803
752,36922240,1271,1337,0,875,108,807
753,36932240,1273,1336,0,876,109,807
754,36942240,1275,1337,0,875,108,805
755,36952240,1274,1336,0,877,107,805
756,36962240,1275,1338,0,875,103,804
757,36972240,1273,1336,0,876,106,802
758,36982240,1276,1341,0,875,108,803
759,36992240,1277,1340,0,872,102,800
760,37002240,1280,1342,0,868,98,798
761,37012240,1279,1343,0,873,97,798
762,37022240,1288,1349,0,869,94,794
763,37032240,1281,1340,0,867,90,795
764,37042240,1283,1344,0,867,91,793
765,37052240,1282,1346,0,870,95,792
766,37062240,1284,1343,0,869,93,792
767,37072240,1283,1238,0,811,75,757
768,37082240,1282,1347,0,870,95,793
769,37092240,1284,1341,0,872,102,794
770,37102240,1282,1347,0,870,102,794
771,37112240,1282,1340,0,868,99,793
772,37122240,1286,1343,0,867,102,793
773,37132240,1278,1343,0,870,103,792
774,37142240,1281,1340,0,872,103,790
775,37152240,1281,1343,0,873,105,790
776,37162240,1282,1340,0,872,109,792
777,37172240,1280,1340,0,874,103,793
778,37182240,1278,1341,0,876,112,791
779,37192240,1275,1335,1,875,111,797
780,37202240,1200,1279,0,878,110,799
781,37212240,1268,1335,0,879,110,805
782,37222240,1269,1334,0,881,109,804
783,37232240,1267,1332,0,883,106,808
784,37242240,1263,1331,0,882,107,810
785,37252240,1265,1328,0,885,108,811
786,37262240,1260,1325,0,887,110,813
787,37272240,1262,1327,0,884,110,816
788,37282240,1258,1324,0,886,110,816
789,37292240,1258,1323,0,882,112,816
790,37302240,1256,1322,0,889,114,818
791,37312240,1251,1322,0,889,115,819
792,37322240,1254,1320,0,889,118,822
793,37332240,1253,1319,0,890,116,824
794,37342240,1250,1318,0,891,116,825
795,37352240,1245,1317,0,898,110,825
796,37362240,1247,1315,0,893,116,828
797,37372240,1244,1312,0,894,118,830
798,37382240,1245,1312,0,897,117,829
799,37392241,1248,1207,0,838,100,794
800,37402240,1243,1310,0,896,120,834
801,37412240,1245,1310,0,901,124,835
802,37422240,1241,1306,0,900,127,839
803,37432240,1242,1307,0,903,131,838
804,37442240,1238,1308,0,904,129,839
805,37452240,1240,1306,0,906,128,839
806,37462240,1239,1306,0,909,134,841
807,37472240,1238,1306,0,908,129,842
808,37482240,1237,1306,0,907,140,841
809,37492240,1239,1306,0,906,138,844
810,37502240,1240,1308,0,907,139,843
811,37512240,1240,1306,0,908,142,845
812,37522240,1240,1306,0,908,142,845
813,37532240,1239,1307,0,908,143,848
814,37542240,1240,1308,0,917,144,847
815,37552240,1241,1308,0,907,145,847
816,37562240,1241,1307,0,910,146,847
817,37572240,1242,1308,0,907,150,846
818,37582240,1240,1308,0,908,149,847
819,37592240,1238,1307,0,865,117,831
820,37602240,1241,1312,0,906,149,850
821,37612240,1241,1308,0,908,147,850
822,37622240,1243,1308,0,908,151,850
823,37632240,1242,1309,0,910,150,848
824,37642240,1243,1311,0,908,148,847
825,37652240,1243,1308,0,909,152,848
826,37662240,1243,1203,0,846,136,790
827,37672240,1245,1308,0,906,151,850
828,37682240,1245,1310,0,908,150,849
829,37692240,1247,1311,0,910,152,852
830,37702240,1246,1312,0,908,149,852
831,37712240,1248,1312,0,908,153,852
832,37722240,1247,1314,0,908,153,851
833,37732240,1248,1313,0,909,155,852
834,37742240,1248,1315,0,909,154,852
835,37752240,1248,1312,0,908,152,853
836,37762240,1248,1315,0,909,154,852
837,37772240,1248,1311,0,908,153,853
838,37782240,1249,1318,0,907,154,854
839,37792240,1248,1317,0,907,151,855
840,37802240,1251,1321,0,908,152,851
841,37812240,1251,1316,0,910,152,852
842,37822240,1251,1318,0,908,151,850
843,37832240,1251,1317,0,908,151,853
844,37842240,1253,1319,0,905,151,852
845,37852240,1254,1319,0,908,152,848
846,37862240,1253,1320,0,909,152,849
847,37872240,1254,1321,0,907,152,844
848,37882240,1254,1321,0,906,155,850
849,37892240,1255,1321,0,907,153,848
850,37902240,1255,1320,0,904,154,849
851,37912240,1256,1320,0,905,153,849
852,37922240,1252,1322,0,863,120,831
853,37932240,1255,1323,0,904,153,847
854,37942240,1257,1322,0,904,149,845
855,37952240,1260,1323,0,905,148,844
856,37962240,1262,1323,0,902,149,844
857,37972240,1256,1325,0,900,149,844
858,37982240,1257,1324,0,860,116,827
859,37992240,1261,1325,0,902,144,844
860,38002240,1260,1325,0,901,143,842
861,38012240,1260,1325,0,901,138,844
862,38022240,1262,1325,0,896,139,844
863,38032240,1263,1327,0,903,143,843
864,38042240,1263,1326,0,898,143,843
865,38052240,1263,1326,0,897,142,842
866,38062240,1264,1328,0,899,143,845
867,38072240,1258,1328,0,904,143,847
868,38082240,1265,1326,0,901,144,846
869,38092240,1264,1325,0,902,142,845
870,38102240,1261,1326,0,902,152,847
871,38112240,1265,1328,0,903,143,845
872,38122240,1266,1326,0,903,145,845
873,38132240,1261,1326,0,901,151,846
874,38142240,1258,1327,0,903,148,847
875,38152240,1262,1327,0,903,150,850
876,38162240,1262,1324,0,904,149,851
877,38172240,1261,1321,0,905,147,849
878,38182240,1259,1324,0,904,152,854
879,38192240,1260,1325,0,904,154,853
880,38202240,1263,1323,0,907,152,849
881,38212240,1260,1324,0,904,154,854
882,38222240,1256,1322,0,905,153,856
883,38232240,1253,1323,0,863,132,795
884,38242240,1255,1323,0,910,156,858
885,38252240,1256,1321,0,910,155,860
886,38262240,1256,1322,0,910,155,857
887,38272240,1258,1322,0,912,154,858
888,38282240,1254,1323,0,912,158,861
889,38292240,1257,1324,0,910,153,862
890,38302240,1253,1322,0,869,133,804
891,38312240,1256,1323,0,915,155,860
892,38322240,1258,1323,0,911,158,861
893,38332240,1257,1321,0,912,155,857
894,38342240,1260,1323,0,910,157,856
895,38352240,1259,1322,0,913,159,860
896,38362240,1257,1322,0,912,157,857
897,38372240,1255,1323,0,870,125,846
898,38382240,1257,1323,0,910,160,864
899,38392240,1257,1323,0,910,158,862
900,38402240,1258,1324,0,910,158,863
901,38412240,1258,1324,0,913,160,865
902,38422240,1259,1322,0,910,155,864
903,38432240,1257,1324,0,912,162,866
904,38442240,1257,1219,0,852,129,827
905,38452240,1259,1323,0,913,159,868
906,38462240,1257,1323,0,916,157,867
907,38472240,1255,1322,0,913,158,868
908,38482240,1258,1321,0,914,154,870
909,38492240,1257,1321,0,915,153,867
910,38502240,1255,1322,0,916,153,867
911,38512240,1178,1264,0,912,151,872
912,38522240,1255,1321,0,913,152,867
913,38532240,1256,1321,0,917,152,868
914,38542240,1256,1321,0,917,155,869
915,38552240,1254,1320,0,919,158,869
916,38562240,1256,1321,0,917,160,870
917,38572240,1253,1322,0,916,159,869
918,38582240,1257,1322,0,915,157,871
919,38592240,1254,1322,0,914,158,869
920,38602240,1258,1323,0,917,158,865
921,38612240,1259,1324,0,907,156,867
922,38622240,1259,1324,0,916,156,867
923,38632240,1259,1325,0,915,154,862
924,38642240,1263,1322,0,911,113,836
925,38652240,1262,1326,0,910,152,860
926,38662240,1264,1328,0,915,143,856
927,38672240,1263,1327,0,910,137,853
928,38682240,1264,1327,0,910,135,852
929,38692240,1266,1329,0,906,129,847
930,38702240,1267,1330,0,907,122,842
931,38712240,1267,1332,0,899,116,842
932,38722240,1272,1334,0,898,107,835
933,38732240,1273,1337,0,890,99,825
934,38742240,1276,1338,0,887,96,819
935,38752240,1280,1341,0,886,84,814
936,38762240,1283,1340,0,886,94,813
937,38772240,1281,1341,0,886,95,813
938,38782240,1284,1344,0,886,102,813
939,38792240,1284,1341,0,884,103,813
940,38802240,1283,1341,0,887,104,814
941,38812240,1282,1340,0,886,104,813
942,38822240,1284,1341,0,886,103,813
943,38832240,1281,1341,0,886,104,813
944,38842240,1281,1340,0,852,78,796
945,38852240,1284,1341,0,887,105,813
946,38862240,1283,1341,0,887,108,812
947,38872240,1282,1340,0,886,110,813
948,38882240,1281,1339,0,885,108,813
949,38892240,1280,1340,0,883,107,814
950,38902240,1282,1335,0,887,78,792
951,38912240,1279,1339,0,886,110,815
952,38922240,1280,1337,0,885,111,817
953,38932240,1279,1337,0,888,112,817
954,38942240,1278,1337,0,888,113,817
955,38952240,1276,1334,0,889,116,816
956,38962240,1276,1334,0,887,115,819
957,38972240,1276,1336,0,890,117,821
958,38982240,1275,1336,0,887,116,821
959,38992240,1274,1335,0,890,118,820
960,39002240,1275,1337,0,889,117,820
961,39012240,1274,1336,0,886,119,817
962,39022240,1275,1342,0,889,121,818
963,39032240,1275,1335,0,889,119,821
964,39042240,1274,1336,0,890,120,822
965,39052240,1273,1335,0,890,122,822
966,39062240,1273,1332,0,888,123,823
967,39072240,1270,1334,0,890,123,824
968,39082240,1272,1332,0,890,122,824
969,39092240,1270,1332,0,890,125,824
970,39102240,1219,1247,0,815,123,826
971,39112240,1268,1331,0,891,124,827
972,39122240,1268,1330,0,893,125,829
973,39132240,1268,1329,0,896,126,827
974,39142240,1267,1332,0,894,127,827
975,39152240,1268,1329,0,894,129,830
976,39162240,1268,1330,0,895,128,836
977,39172240,1268,1330,0,894,127,836
978,39182240,1268,1330,0,895,130,833
979,39192240,1269,1329,0,896,133,836
980,39202240,1266,1330,0,896,130,834
981,39212240,1269,1333,0,894,133,834
982,39222240,1269,1331,0,897,134,836
983,39232240,1264,1325,0,852,110,796
984,39242240,1267,1330,0,894,132,833
985,39252240,1267,1330,0,897,135,837
986,39262240,1269,1330,0,895,135,833
987,39272240,1270,1333,0,895,135,838
988,39282240,1270,1331,0,896,135,835
989,39292240,1269,1332,0,894,135,837
990,39302240,1210,1328,0,896,135,839
991,39312240,1269,1329,0,900,133,837
992,39322240,1267,1327,0,897,135,840
993,39332240,1266,1328,0,896,134,839
994,39342240,1265,1326,0,898,135,843
995,39352240,1263,1327,0,900,138,839
996,39362240,1265,1328,0,894,137,842
997,39372240,1265,1336,0,898,136,846
998,39382240,1266,1329,0,897,136,839
999,39392240,1267,1326,0,897,137,841
1000,39402240,1264,1327,0,898,139,842
1001,39412240,1265,1329,0,897,136,837
1002,39422240,1264,1329,0,899,138,839
1003,39432240,1266,1333,0,899,137,841
1004,39442240,1267,1327,0,898,134,840
1005,39452240,1267,1330,0,898,139,841
1006,39462240,1266,1328,0,899,138,843
1007,39472240,1268,1332,0,896,138,840
1008,39482240,1268,1327,0,900,140,844
1009,39492240,1268,1329,0,899,140,841
1010,39502240,1170,1324,0,897,138,841
1011,39512240,1266,1331,0,896,139,843
1012,39522240,1266,1330,0,896,138,841
1013,39532240,1266,1329,0,895,146,843
1014,39542240,1270,1332,0,895,139,840
1015,39552240,1270,1327,0,893,140,839
1016,39562241,1220,1245,0,818,138,839
1017,39572240,1269,1332,0,896,138,838
1018,39582240,1269,1328,0,892,139,837
1019,39592240,1270,1332,0,895,138,837
1020,39602240,1275,1331,0,891,139,833
1021,39612240,1271,1332,0,899,139,832
1022,39622240,1269,1332,0,889,137,834
1023,39632240,1197,1280,0,894,141,833
1024,39642240,1271,1328,0,894,140,836
1025,39652240,1271,1333,0,892,140,837
1026,39662240,1270,1331,0,896,143,839
1027,39672240,1268,1331,0,895,145,837
1028,39682240,1270,1330,0,895,137,837
1029,39692241,1218,1243,0,817,140,839
1030,39702240,1268,1330,0,894,142,839
1031,39712240,1269,1332,0,896,137,838
1032,39722240,1269,1329,0,895,142,842
1033,39732240,1265,1330,0,899,137,841
1034,39742240,1266,1326,0,898,141,841
1035,39752240,1265,1328,0,899,140,843
1036,39762240,1268,1326,0,899,142,843
1037,39772240,1265,1325,0,902,141,844
1038,39782240,1261,1327,0,901,143,844
1039,39792240,1261,1324,0,904,140,843
1040,39802240,1261,1324,0,901,143,844
1041,39812240,1261,1326,0,902,144,845
1042,39822240,1261,1324,0,903,144,844
1043,39832240,1262,1325,0,903,144,844
1044,39842240,1263,1323,0,900,144,844
1045,39852240,1261,1325,0,902,145,846
1046,39862240,1263,1324,0,899,145,843
1047,39872240,1264,1324,0,902,146,843
1048,39882240,1264,1324,0,902,143,842
1049,39892240,1206,1322,0,903,145,843
1050,39902240,1265,1326,0,902,145,845
1051,39912240,1263,1325,0,903,144,845
1052,39922240,1265,1326,0,901,144,843
1053,39932240,1266,1325,0,900,142,843
1054,39942240,1264,1325,0,900,140,844
1055,39952240,1261,1325,0,855,119,805
1056,39962240,1268,1325,0,899,141,844
1057,39972240,1265,1325,0,900,141,845
1058,39982240,1266,1325,0,901,140,847
1059,39992240,1267,1327,0,899,142,844
1060,40002240,1267,1328,0,899,136,842
1061,40012240,1268,1326,0,896,140,843
1062,40022240,1266,1223,0,839,121,802
1063,40032240,1270,1330,0,896,140,840
1064,40042240,1267,1329,0,899,136,837
1065,40052240,1271,1331,0,897,132,833
1066,40062240,1270,1332,0,892,134,828
1067,40072240,1270,1331,0,895,131,826
1068,40082240,1271,1331,0,891,128,823
1069,40092240,1271,1337,0,892,125,823
1070,40102240,1271,1338,0,891,118,819
1071,40112240,1271,1334,0,889,120,816
1072,40122240,1273,1333,0,890,118,813
1073,40132240,1272,1333,3,888,117,813
1074,40142240,1272,1334,0,889,120,812
1075,40152240,1223,1250,0,816,119,812
1076,40162240,1273,1333,0,891,121,811
1077,40172240,1273,1329,0,890,122,811
1078,40182240,1274,1333,0,887,122,811
1079,40192240,1273,1334,0,890,118,814
1080,40202240,1274,1329,0,890,123,815
1081,40212240,1272,1328,0,889,93,791
1082,40222240,1272,1334,0,884,125,814
1083,40232240,1272,1333,0,891,125,816
1084,40242240,1271,1332,0,892,128,818
1085,40252240,1270,1332,0,892,133,817
1086,40262240,1269,1331,0,888,134,820
1087,40272240,1268,1334,0,894,135,823
1088,40282240,1268,1330,0,899,138,825
1089,40292240,1266,1327,0,900,140,827
1090,40302240,1262,1325,0,901,140,828
1091,40312240,1262,1324,0,901,140,829
1092,40322240,1260,1324,0,903,140,831
1093,40332240,1258,1322,0,904,139,833
1094,40342240,1257,1321,0,905,142,841
1095,40352240,1258,1322,0,907,147,836
1096,40362240,1257,1323,0,908,148,840
1097,40372240,1257,1317,0,908,147,841
1098,40382240,1257,1320,0,908,147,844
1099,40392240,1256,1321,0,908,147,842
1100,40402240,1255,1330,0,908,149,840
1101,40412240,1197,1222,0,911,148,843
1102,40422240,1256,1321,0,910,150,843
1103,40432240,1256,1320,0,910,150,846
1104,40442240,1256,1322,0,908,151,845
1105,40452240,1256,1320,0,910,152,844
1106,40462240,1257,1323,0,911,152,842
1107,40472240,1254,1320,0,911,153,842
1108,40482240,1257,1323,0,910,154,842
1109,40492240,1259,1321,0,909,155,844
1110,40502240,1258,1322,0,912,155,844
1111,40512240,1259,1323,0,913,156,846
1112,40522240,1258,1322,0,912,155,843
1113,40532240,1258,1325,0,912,156,844
1114,40542240,1259,1322,0,912,155,842
1115,40552240,1259,1323,0,913,156,844
1116,40562240,1265,1323,0,913,156,847
1117,40572240,1261,1323,0,910,156,843
1118,40582240,1260,1326,0,914,154,844
1119,40592240,1260,1324,0,912,152,844
1120,40602240,1261,1324,0,913,155,843
1121,40612240,1261,1324,0,914,156,847
1122,40622240,1260,1324,0,913,158,844
1123,40632240,1258,1323,0,913,158,846
1124,40642240,1262,1324,0,915,160,847
1125,40652240,1257,1322,0,914,155,848
1126,40662240,1257,1323,0,914,156,847
1127,40672240,1256,1321,0,914,158,848
1128,40682240,1258,1322,0,912,156,809
1129,40692240,1257,1321,0,913,157,847
1130,40702240,1256,1321,0,915,156,849
1131,40712240,1256,1320,0,914,157,858
1132,40722240,1257,1318,0,915,156,848
1133,40732240,1253,1318,0,915,158,849
1134,40742240,1255,1317,0,918,155,849
1135,40752240,1252,1315,0,914,153,806
1136,40762240,1254,1315,0,916,151,852
1137,40772240,1256,1315,0,916,154,852
1138,40782240,1250,1316,0,919,164,851
1139,40792240,1251,1314,0,917,154,852
1140,40802240,1251,1310,0,918,158,853
1141,40812240,1252,1316,0,919,146,853
1142,40822240,1174,1260,0,921,154,849
1143,40832240,1251,1315,0,919,153,853
1144,40842240,1250,1312,0,920,153,853
1145,40852240,1247,1311,0,920,153,851
1146,40862240,1245,1308,0,920,153,852
1147,40872240,1245,1310,0,921,154,853
1148,40882240,1246,1310,0,921,154,853
1149,40892240,1239,1308,0,920,151,855
1150,40902240,1245,1308,0,920,151,855
1151,40912240,1244,1309,0,921,151,857
1152,40922240,1243,1310,0,921,148,856
1153,40932240,1241,1307,0,920,148,858
1154,40942240,1241,1307,0,923,153,860
1155,40952240,1240,1306,0,923,153,860
1156,40962240,1241,1305,0,925,151,861
1157,40972240,1239,1302,0,927,152,862
1158,40982240,1237,1301,0,926,150,864
1159,40992240,1234,1300,0,929,152,868
1160,41002240,1230,1297,0,930,152,867
1161,41012240,1226,1191,0,873,131,830
1162,41022240,1226,1293,0,931,153,871
1163,41032240,1225,1289,0,934,156,872
1164,41042240,1222,1287,0,935,153,873
1165,41052240,1221,1285,0,940,156,875
1166,41062240,1217,1286,0,937,156,882
1167,41072240,1215,1282,0,943,159,878
1168,41082240,1210,1285,0,934,165,882
1169,41092240,1215,1280,0,942,170,884
1170,41102240,1208,1279,0,943,172,887
1171,41112240,1204,1277,0,943,176,886
1172,41122240,1203,1275,0,947,181,888
1173,41132240,1198,1273,0,946,179,888
1174,41142241,1148,1189,0,865,178,889
1175,41152240,1196,1270,0,949,186,890
1176,41162240,1195,1269,0,950,189,891
1177,41172240,1201,1269,0,951,195,894
1178,41182240,1191,1268,0,947,196,894
1179,41192240,1191,1268,0,953,196,897
1180,41202240,1193,1266,0,952,200,893
1181,41212240,1191,1266,0,953,201,895
1182,41222240,1190,1265,0,955,202,900
1183,41232240,1188,1264,0,953,200,899
1184,41242240,1191,1266,0,954,200,901
1185,41252240,1188,1263,0,956,200,898
1186,41262240,1191,1265,0,958,206,904
1187,41272240,1189,1262,0,957,171,879
1188,41282240,1188,1262,0,958,207,908
1189,41292240,1186,1262,0,960,207,906
1190,41302240,1185,1259,0,961,214,907
1191,41312240,1184,1258,0,961,211,907
1192,41322240,1180,1254,0,964,218,909
1193,41332240,1177,1254,0,965,220,910
1194,41342241,1125,1171,0,883,224,910
1195,41352240,1169,1253,0,968,221,916
1196,41362240,1172,1252,0,969,229,916
1197,41372240,1170,1251,0,969,231,922
1198,41382240,1172,1250,0,969,236,923
1199,41392240,1170,1250,0,971,245,926
1200,41402240,1171,1251,0,972,250,932
1201,41412240,1171,1249,0,974,253,934
1202,41422240,1171,1252,0,974,262,936
1203,41432240,1170,1250,0,979,261,936
1204,41442240,1166,1249,0,975,268,940
1205,41452240,1165,1248,0,977,270,943
1206,41462240,1163,1240,0,977,278,945
1207,41472240,1161,1241,0,978,276,957
1208,41482240,1160,1241,0,978,285,949
1209,41492240,1159,1239,0,975,286,951
1210,41502240,1159,1238,0,975,288,953
1211,41512240,1159,1236,0,980,287,954
1212,41522240,1158,1238,0,980,290,955
1213,41532240,1154,1238,0,984,290,959
1214,41542240,1148,1237,0,946,257,943
1215,41552240,1154,1237,0,982,292,967
1216,41562240,1149,1234,0,980,298,969
1217,41572240,1145,1232,0,980,298,965
1218,41582240,1145,1232,0,982,298,969
1219,41592240,1145,1229,0,980,299,969
1220,41602240,1146,1231,0,983,300,970
1221,41612241,1100,1149,0,896,297,972
1222,41622240,1146,1232,0,982,301,972
1223,41632240,1146,1239,0,981,300,973
1224,41642240,1147,1230,0,982,303,972
1225,41652240,1146,1229,0,981,304,973
1226,41662240,1145,1231,0,981,299,974
1227,41672240,1145,1230,0,982,298,973
1228,41682240,1147,1232,0,980,295,972
1229,41692240,1147,1231,0,980,294,972
1230,41702240,1146,1233,0,980,292,974
1231,41712240,1146,1231,0,982,291,973
1232,41722240,1146,1234,0,981,285,970
1233,41732240,1148,1233,0,979,282,967
1234,41742240,1148,1131,0,915,255,927
1235,41752240,1152,1237,0,977,277,966
1236,41762240,1155,1237,0,975,275,963
1237,41772240,1160,1240,0,974,271,959
1238,41782240,1158,1241,0,974,265,954
1239,41792240,1168,1244,0,970,256,954
1240,41802240,1162,1244,0,968,250,950
1241,41812240,1164,1146,0,904,216,900
1242,41822240,1175,1250,0,964,225,939
1243,41832240,1166,1254,0,956,220,934
1244,41842240,1180,1255,0,954,210,929
1245,41852240,1181,1258,0,954,203,926
1246,41862240,1186,1260,0,954,202,925
1247,41872240,1188,1264,0,954,199,923
1248,41882240,1099,1259,0,952,195,917
1249,41892240,1191,1267,0,952,193,916
1250,41902240,1200,1266,0,950,190,913
1251,41912240,1192,1267,0,949,186,910
1252,41922240,1196,1267,0,949,184,908
1253,41932240,1194,1269,0,947,181,906
1254,41942240,1194,1265,0,944,140,891
1255,41952240,1194,1269,0,946,174,899
1256,41962240,1194,1269,0,944,180,899
1257,41972240,1198,1268,0,944,175,896
1258,41982240,1196,1268,0,943,174,897
1259,41992240,1198,1269,0,943,167,899
1260,42002240,1198,1272,0,941,162,887
1261,42012241,1153,1192,0,860,154,893
1262,42022240,1207,1274,0,935,148,888
1263,42032240,1208,1278,0,936,139,881
1264,42042240,1209,1282,0,934,132,877
1265,42052240,1214,1286,0,933,142,877
1266,42062240,1216,1286,0,930,134,869
1267,42072240,1215,1286,0,927,135,870
1268,42082240,1217,1289,0,926,128,866
1269,42092240,1220,1285,0,924,128,862
1270,42102240,1224,1292,0,921,123,855
1271,42112240,1224,1292,0,919,124,851
1272,42122240,1226,1294,0,919,111,843
1273,42132240,1232,1297,0,914,111,842
1274,42142240,1227,1300,0,916,112,832
1275,42152240,1231,1299,0,914,107,826
1276,42162240,1233,1298,0,910,110,823
1277,42172240,1233,1301,0,910,108,821
1278,42182240,1235,1301,0,910,110,819
1279,42192240,1236,1301,0,907,102,811
1280,42202240,1233,1300,0,908,105,809
1281,42212240,1232,1301,0,902,102,764
1282,42222240,1236,1300,0,905,100,807
1283,42232240,1234,1301,0,905,105,807
1284,42242240,1234,1301,0,903,104,808
1285,42252240,1235,1301,0,906,105,810
1286,42262240,1236,1302,0,905,104,811
1287,42272240,1234,1303,0,906,108,811
1288,42282240,1237,1196,0,846,92,776
1289,42292240,1237,1301,0,907,114,813
1290,42302240,1236,1303,0,905,115,813
1291,42312240,1235,1297,0,907,115,812
1292,42322240,1234,1300,0,911,114,812
1293,42332240,1234,1300,0,905,116,813
1294,42342240,1235,1302,0,906,114,813
1295,42352240,1236,1299,0,907,113,814
1296,42362240,1233,1301,0,908,111,814
1297,42372240,1236,1300,0,906,112,813
1298,42382240,1235,1301,0,906,113,814
1299,42392240,1236,1301,0,904,113,814
1300,42402240,1237,1302,0,907,114,813
1301,42412240,1160,1243,0,906,111,816
1302,42422240,1237,1302,0,906,108,816
1303,42432240,1235,1302,0,906,109,813
1304,42442240,1236,1302,0,903,105,812
1305,42452240,1236,1302,0,902,106,813
1306,42462240,1233,1303,0,900,106,815
1307,42472240,1237,1303,0,902,105,815
1308,42482240,1163,1243,0,849,101,816
1309,42492240,1236,1304,0,898,99,816
1310,42502240,1238,1303,0,902,102,813
1311,42512240,1238,1304,0,898,97,812
1312,42522240,1240,1304,0,897,102,813
1313,42532240,1239,1305,0,894,96,811
1314,42542240,1240,1305,0,895,96,811
1315,42552240,1241,1306,0,897,97,811
1316,42562240,1240,1306,0,895,97,810
1317,42572240,1239,1306,0,893,99,810
1318,42582240,1243,1305,0,896,102,811
1319,42592240,1242,1304,0,897,103,812
1320,42602240,1241,1306,0,897,103,813
1321,42612241,1191,1223,0,821,105,813
1322,42622240,1242,1306,0,900,106,815
1323,42632240,1240,1304,0,902,115,817
1324,42642240,1240,1306,3,901,115,817
1325,42652240,1240,1305,0,905,119,820
1326,42662240,1239,1305,0,907,121,823
1327,42672240,1236,1303,0,868,95,806
1328,42682240,1237,1305,0,912,123,825
1329,42692240,1237,1303,0,916,126,824
1330,42702240,1235,1302,0,915,131,826
1331,42712240,1234,1302,0,918,136,829
1332,42722240,1233,1301,0,921,146,829
1333,42732240,1230,1299,0,923,147,789
1334,42742240,1228,1295,0,923,151,834
1335,42752240,1223,1291,0,924,153,838
1336,42762240,1222,1292,0,936,154,841
1337,42772240,1218,1288,0,929,153,842
1338,42782240,1212,1287,0,942,153,847
1339,42792240,1210,1285,0,938,155,848
1340,42802240,1210,1283,0,939,157,852
1341,42812240,1206,1277,0,942,156,855
1342,42822240,1202,1280,0,942,159,858
1343,42832240,1197,1272,0,946,166,859
1344,42842240,1197,1272,0,950,167,867
1345,42852240,1196,1269,0,951,171,868
1346,42862240,1194,1266,0,950,135,846
1347,42872240,1193,1267,0,954,178,873
1348,42882240,1191,1265,0,953,181,873
1349,42892240,1191,1265,0,954,180,875
1350,42902240,1190,1265,0,954,181,874
1351,42912240,1190,1265,0,956,185,877
1352,42922240,1192,1265,0,958,187,878
1353,42932240,1098,1265,0,958,190,881
1354,42942240,1194,1264,0,959,188,878
1355,42952240,1191,1266,0,957,191,885
1356,42962240,1191,1268,0,959,190,884
1357,42972240,1197,1266,0,959,190,883
1358,42982240,1193,1267,0,960,192,884
1359,42992240,1192,1268,0,957,195,843
1360,43002240,1192,1269,0,958,199,887
1361,43012240,1192,1268,0,962,200,886
1362,43022240,1192,1269,0,962,201,889
1363,43032240,1192,1268,0,962,201,891
1364,43042240,1189,1267,0,964,199,891
1365,43052240,1199,1265,0,967,201,894
1366,43062240,1190,1263,0,967,193,897
1367,43072240,1187,1261,0,968,203,899
1368,43082240,1185,1259,0,967,205,901
1369,43092240,1185,1259,0,970,206,902
1370,43102240,1182,1267,0,970,212,904
1371,43112240,1184,1259,0,970,213,904
1372,43122240,1183,1262,0,970,174,886
1373,43132240,1185,1260,0,971,219,907
1374,43142240,1186,1260,0,972,219,908
1375,43152240,1181,1259,0,973,219,910
1376,43162240,1184,1259,0,971,221,909
1377,43172240,1186,1262,0,971,222,912
1378,43182240,1182,1261,0,971,233,908
1379,43192240,1092,1254,0,974,227,908
1380,43202240,1188,1261,0,971,224,910
1381,43212240,1186,1262,0,972,227,913
1382,43222240,1186,1260,0,970,227,910
1383,43232240,1186,1264,0,970,225,907
1384,43242240,1189,1262,0,972,228,912
1385,43252240,1116,1208,0,971,227,909
1386,43262240,1190,1266,0,971,228,908
1387,43272240,1191,1266,0,971,223,907
1388,43282240,1193,1268,0,967,222,909
1389,43292240,1193,1267,0,970,222,908
1390,43302240,1195,1268,0,969,222,906
1391,43312240,1193,1268,0,970,222,908
1392,43322240,1194,1267,0,969,220,909
1393,43332240,1195,1270,0,967,219,908
1394,43342240,1193,1269,0,970,226,907
1395,43352240,1195,1270,0,965,221,908
1396,43362240,1196,1271,0,967,217,907
1397,43372240,1197,1271,0,965,217,910
1398,43382240,1195,1272,0,967,219,900
1399,43392240,1205,1272,0,969,229,905
1400,43402240,1196,1272,0,965,222,906
1401,43412240,1197,1271,0,966,220,906
1402,43422240,1198,1272,0,967,220,905
1403,43432240,1196,1272,0,966,221,903
1404,43442240,1199,1272,0,965,220,904
1405,43452240,1199,1273,0,964,219,902
1406,43462240,1201,1273,0,963,217,903
1407,43472240,1201,1271,0,966,220,903
1408,43482240,1199,1274,0,958,221,900
1409,43492240,1198,1274,0,955,219,902
1410,43502240,1209,1274,0,961,218,900
1411,43512240,1201,1274,0,959,217,899
1412,43522240,1202,1277,0,962,215,889
1413,43532240,1202,1276,0,961,214,894
1414,43542240,1207,1276,0,956,216,893
1415,43552240,1205,1278,0,960,216,893
1416,43562240,1206,1276,0,960,217,894
1417,43572240,1205,1279,0,963,218,895
1418,43582240,1207,1279,0,962,219,894
1419,43592240,1206,1277,0,960,218,895
1420,43602240,1206,1278,0,963,220,896
1421,43612240,1204,1278,0,960,221,894
1422,43622240,1209,1277,0,960,221,894
1423,43632240,1204,1277,0,959,221,894
1424,43642240,1206,1279,0,960,219,897
1425,43652240,1204,1278,0,963,223,893
1426,43662240,1205,1277,0,960,220,896
1427,43672240,1206,1280,0,960,219,897
1428,43682240,1205,1277,0,963,221,898
1429,43692240,1205,1279,0,964,221,896
1430,43702240,1206,1279,0,962,223,897
1431,43712240,1202,1277,0,962,222,895
1432,43722240,1204,1277,0,966,218,898
1433,43732240,1208,1277,0,961,219,897
1434,43742240,1205,1279,0,959,216,894
1435,43752240,1206,1280,0,958,218,895
1436,43762240,1206,1279,0,958,217,895
1437,43772240,1207,1282,0,962,217,894
1438,43782240,1206,1277,0,959,216,897
1439,43792240,1208,1280,0,958,216,895
1440,43802240,1207,1279,0,955,215,894
1441,43812240,1208,1281,0,960,214,894
1442,43822240,1209,1282,0,957,208,893
1443,43832240,1208,1180,0,895,188,856
1444,43842240,1209,1286,0,956,212,892
1445,43852240,1209,1284,0,959,211,893
1446,43862240,1211,1281,0,956,209,891
1447,43872240,1209,1282,0,956,212,892
1448,43882240,1209,1284,0,953,207,891
1449,43892240,1205,1285,0,915,174,877
1450,43902240,1210,1285,0,955,211,892
1451,43912240,1209,1285,0,953,207,889
1452,43922240,1211,1285,0,955,208,890
1453,43932240,1210,1286,0,953,205,888
1454,43942240,1211,1288,0,954,209,888
1455,43952240,1211,1287,0,955,205,888
1456,43962240,1212,1287,0,956,205,889
1457,43972240,1212,1287,0,954,205,890
1458,43982240,1212,1287,0,955,205,890
1459,43992240,1214,1287,0,954,207,890
1460,44002240,1213,1288,0,957,206,890
1461,44012240,1213,1287,0,955,211,888
1462,44022240,1142,1231,0,956,215,891
1463,44032240,1211,1286,0,957,212,893
1464,44042240,1211,1291,0,959,212,895
1465,44052240,1211,1285,0,952,214,895
1466,44062240,1212,1285,0,956,217,897
1467,44072240,1211,1283,0,958,215,904
1468,44082240,1210,1182,0,899,181,859
1469,44092240,1211,1281,0,956,217,899
1470,44102240,1210,1281,0,959,217,900
1471,44112240,1208,1282,0,953,218,898
1472,44122240,1209,1281,0,958,219,900
1473,44132240,1207,1282,0,962,219,899
1474,44142240,1208,1280,0,963,220,902
1475,44152240,1208,1284,0,964,221,900
1476,44162240,1208,1282,0,963,223,899
1477,44172240,1208,1282,0,963,224,902
1478,44182240,1208,1279,0,961,223,904
1479,44192240,1207,1284,0,964,222,904
1480,44202240,1208,1282,0,963,222,902
1481,44212240,1208,1282,0,962,223,898
1482,44222240,1208,1284,0,960,220,900
1483,44232240,1209,1285,0,961,221,900
1484,44242240,1210,1284,0,964,219,899
1485,44252240,1211,1283,0,962,221,900
1486,44262240,1209,1283,0,962,218,897
1487,44272240,1211,1283,0,964,220,899
1488,44282240,1209,1183,0,901,198,860
1489,44292240,1211,1286,0,961,220,897
1490,44302240,1212,1287,0,962,220,898
1491,44312240,1212,1285,0,960,218,897
1492,44322240,1211,1287,0,962,220,899
1493,44332240,1211,1284,0,961,219,898
1494,44342240,1208,1283,0,921,187,882
1495,44352240,1211,1288,0,961,222,900
1496,44362240,1211,1286,0,960,222,897
1497,44372240,1213,1287,0,959,216,901
1498,44382240,1212,1286,0,959,219,897
1499,44392240,1212,1286,0,958,219,908
1500,44402240,1212,1285,0,961,219,901
1501,44412240,1212,1290,0,963,220,898
1502,44422240,1212,1285,0,958,222,898
1503,44432240,1214,1288,0,960,225,898
1504,44442240,1215,1285,0,961,224,899
1505,44452240,1211,1287,0,960,224,898
1506,44462240,1212,1285,0,960,224,900
1507,44472240,1215,1288,0,958,214,899
1508,44482240,1211,1289,0,960,222,897
1509,44492240,1214,1289,0,958,218,895
1510,44502240,1213,1288,0,957,213,898
1511,44512240,1214,1288,0,959,216,895
1512,44522240,1214,1287,0,957,214,895
1513,44532240,1214,1288,0,958,212,894
1514,44542240,1211,1288,0,959,215,891
1515,44552240,1218,1291,0,955,207,892
1516,44562240,1216,1289,0,954,207,890
1517,44572240,1218,1289,0,956,208,888
1518,44582240,1221,1290,0,955,203,888
1519,44592240,1220,1291,0,958,203,889
1520,44602240,1219,1289,0,952,208,889
1521,44612240,1218,1293,0,955,207,883
1522,44622240,1220,1292,0,956,205,888
1523,44632240,1217,1290,0,955,202,894
1524,44642240,1226,1291,0,957,200,884
1525,44652240,1223,1291,0,956,196,882
1526,44662240,1224,1292,0,954,197,878
1527,44672240,1223,1190,0,893,170,839
1528,44682240,1221,1292,0,952,192,876
1529,44692240,1223,1293,0,952,197,874
1530,44702240,1224,1293,0,954,190,875
1531,44712240,1224,1289,0,954,198,876
1532,44722240,1221,1294,0,952,190,875
1533,44732240,1222,1293,0,955,195,875
1534,44742240,1226,1296,0,953,192,874
1535,44752240,1226,1295,0,954,196,874
1536,44762240,1225,1296,0,950,197,875
1537,44772240,1223,1294,0,953,198,875
1538,44782240,1223,1294,0,953,198,876
1539,44792240,1223,1293,0,953,198,874
1540,44802240,1224,1294,0,956,200,876
1541,44812240,1224,1293,2,954,199,877
1542,44822240,1223,1293,0,954,199,876
1543,44832240,1226,1295,0,955,198,878
1544,44842240,1221,1293,0,959,200,876
1545,44852240,1223,1293,0,955,199,875
1546,44862240,1221,1295,0,954,202,875
1547,44872240,1161,1291,0,956,202,876
1548,44882240,1221,1293,0,958,202,875
1549,44892240,1217,1293,0,954,202,876
1550,44902240,1223,1291,0,955,204,876
1551,44912240,1223,1293,0,955,206,876
1552,44922240,1221,1296,0,955,206,875
1553,44932241,1172,1208,0,875,201,877
1554,44942240,1224,1294,0,956,202,877
1555,44952240,1224,1297,0,954,203,877
1556,44962240,1225,1296,0,950,202,876
1557,44972240,1223,1298,0,956,204,877
1558,44982240,1225,1298,0,953,202,875
1559,44992240,1225,1297,0,958,205,874
1560,45002240,1226,1297,0,957,201,876
1561,45012240,1225,1299,0,954,202,873
1562,45022240,1225,1299,0,955,201,874
1563,45032240,1225,1299,0,955,197,873
1564,45042240,1226,1299,0,954,199,874
1565,45052240,1226,1299,0,956,202,873
1566,45062240,1226,1192,0,894,179,835
1567,45072240,1231,1299,0,956,203,874
1568,45082240,1224,1299,0,961,204,874
1569,45092240,1226,1298,0,957,205,873
1570,45102240,1226,1299,0,953,205,874
1571,45112240,1225,1299,0,953,204,875
1572,45122240,1226,1298,0,955,206,876
1573,45132240,1225,1300,0,958,206,875
1574,45142240,1226,1299,0,959,205,876
1575,45152240,1225,1298,0,954,205,876
1576,45162240,1226,1298,0,956,208,877
1577,45172240,1225,1299,0,957,208,876
1578,45182240,1226,1299,0,957,208,876
1579,45192240,1226,1301,0,960,209,875
1580,45202240,1224,1299,0,958,209,878
1581,45212240,1225,1294,0,956,210,877
1582,45222240,1224,1298,0,956,212,877
1583,45232240,1226,1300,0,955,210,878
1584,45242240,1224,1298,0,956,212,877
1585,45252240,1224,1296,0,952,211,880
1586,45262240,1226,1295,0,953,212,835
1587,45272240,1225,1297,0,956,212,880
1588,45282240,1224,1297,0,960,213,878
1589,45292240,1224,1296,0,959,213,881
1590,45302240,1221,1292,0,957,214,881
1591,45312240,1220,1293,0,961,215,884
1592,45322240,1218,1293,0,959,217,883
1593,45332240,1220,1301,0,960,217,885
1594,45342240,1218,1290,0,965,218,886
1595,45352240,1213,1292,0,962,218,886
1596,45362240,1213,1290,0,966,218,889
1597,45372240,1213,1289,0,962,219,889
1598,45382240,1211,1287,0,962,220,889
1599,45392240,1139,1228,0,964,227,893
1600,45402240,1210,1286,0,965,222,896
1601,45412240,1208,1286,0,964,226,890
1602,45422240,1207,1284,0,967,228,897
1603,45432240,1205,1279,0,967,228,901
1604,45442240,1205,1278,0,968,229,900
1605,45452240,1201,1275,0,925,195,887
1606,45462240,1202,1277,0,970,232,903
1607,45472240,1203,1277,0,970,232,902
1608,45482240,1202,1278,0,971,234,904
1609,45492240,1203,1278,0,971,233,905
1610,45502240,1204,1278,0,972,233,901
1611,45512240,1203,1279,0,970,233,904
1612,45522240,1198,1279,0,930,199,885
1613,45532240,1205,1281,0,973,235,903
1614,45542240,1203,1279,0,970,235,901
1615,45552240,1202,1280,0,972,236,900
1616,45562240,1202,1281,0,972,235,902
1617,45572240,1204,1278,0,972,236,902
1618,45582240,1205,1282,0,973,236,902
1619,45592240,1202,1281,0,972,235,900
1620,45602240,1201,1279,0,972,237,900
1621,45612240,1204,1282,0,972,233,904
1622,45622240,1205,1282,0,973,235,893
1623,45632240,1206,1282,0,972,236,897
1624,45642240,1205,1284,0,973,236,898
1625,45652240,1204,1279,0,973,236,899
1626,45662240,1206,1281,0,972,237,897
1627,45672240,1204,1280,0,972,237,898
1628,45682240,1207,1280,0,970,236,901
1629,45692240,1207,1284,0,971,235,897
1630,45702240,1207,1281,0,972,234,891
1631,45712240,1208,1283,0,971,234,895
1632,45722240,1208,1285,0,969,235,898
1633,45732240,1206,1285,0,970,234,897
1634,45742240,1208,1286,0,970,235,893
1635,45752240,1209,1285,0,970,234,893
1636,45762240,1209,1286,0,970,238,893
1637,45772240,1209,1288,0,969,234,892
1638,45782240,1211,1287,0,970,233,894
1639,45792240,1210,1288,0,968,233,896
1640,45802240,1216,1286,0,971,237,895
1641,45812240,1209,1287,0,969,232,892
1642,45822240,1210,1287,0,970,229,890
1643,45832240,1212,1287,0,969,230,890
1644,45842240,1140,1246,0,916,227,892
1645,45852240,1212,1288,0,966,226,889
1646,45862240,1212,1289,0,962,225,887
1647,45872240,1216,1289,0,964,224,886
1648,45882240,1211,1288,0,967,221,885
1649,45892240,1215,1289,0,965,219,884
1650,45902240,1215,1291,0,963,219,884
1651,45912240,1213,1290,0,962,218,883
1652,45922240,1216,1290,0,961,217,883
1653,45932240,1220,1292,0,964,213,880
1654,45942240,1219,1292,0,961,209,880
1655,45952240,1218,1292,0,963,206,878
1656,45962240,1222,1294,0,956,200,876
1657,45972240,1222,1295,0,956,200,874
1658,45982240,1224,1298,0,957,192,874
1659,45992240,1225,1297,0,953,186,870
1660,46002240,1229,1301,0,951,179,864
1661,46012240,1226,1302,0,949,172,861
1662,46022240,1231,1303,0,947,164,855
1663,46032240,1230,1194,0,886,141,817
1664,46042240,1232,1303,0,943,161,854
1665,46052240,1234,1305,0,945,160,849
1666,46062240,1235,1304,0,943,159,851
1667,46072240,1236,1303,0,944,159,853
1668,46082240,1237,1305,0,940,155,848
1669,46092240,1229,1304,0,939,155,804
1670,46102240,1236,1305,0,940,150,846
1671,46112240,1233,1305,0,939,143,842
1672,46122240,1241,1305,0,937,140,842
1673,46132240,1237,1305,0,939,133,840
1674,46142240,1238,1306,0,938,134,836
1675,46152240,1238,1306,0,935,129,832
1676,46162240,1238,1307,0,933,129,832
1677,46172240,1239,1306,0,934,129,831
1678,46182240,1237,1307,0,934,130,832
1679,46192240,1237,1307,0,933,134,832
1680,46202240,1240,1306,0,933,131,833
1681,46212240,1239,1307,0,932,133,832
1682,46222240,1239,1307,0,934,135,832
1683,46232240,1237,1308,0,933,133,830
1684,46242240,1240,1308,0,935,142,831
1685,46252240,1240,1307,0,935,135,830
1686,46262240,1240,1308,0,932,135,829
1687,46272240,1240,1309,0,934,129,829
1688,46282240,1238,1309,0,932,125,825
1689,46292240,1241,1308,0,931,125,824
1690,46302240,1240,1310,0,930,122,823
1691,46312240,1241,1309,0,930,115,824
1692,46322240,1244,1310,0,930,129,822
1693,46332240,1245,1310,0,929,116,823
1694,46342240,1245,1311,0,929,117,820
1695,46352240,1248,1312,0,925,113,821
1696,46362240,1247,1312,0,926,115,820
1697,46372240,1245,1314,0,925,113,819
1698,46382240,1244,1309,0,926,107,820
1699,46392240,1247,1311,0,924,108,818
1700,46402240,1248,1312,0,922,104,818
1701,46412240,1251,1315,0,918,104,814
1702,46422240,1251,1314,0,919,107,813
1703,46432240,1251,1315,0,915,112,812
1704,46442240,1253,1320,0,911,100,808
1705,46452240,1254,1318,0,912,104,810
1706,46462240,1254,1319,0,910,104,808
1707,46472240,1254,1319,0,910,103,805
1708,46482240,1255,1319,0,908,102,805
1709,46492240,1256,1322,0,906,98,809
1710,46502240,1256,1322,0,902,97,807
1711,46512240,1256,1323,0,907,99,806
1712,46522240,1258,1322,0,907,91,805
1713,46532240,1259,1322,0,903,92,801
1714,46542240,1258,1323,0,903,88,799
1715,46552240,1260,1324,0,899,90,790
1716,46562240,1260,1325,0,896,85,794
1717,46572240,1260,1325,0,892,81,790
1718,46582240,1263,1325,0,889,81,787
1719,46592240,1264,1330,0,887,78,786
1720,46602240,1266,1331,0,888,73,780
1721,46612240,1269,1332,0,882,72,776
1722,46622240,1270,1331,0,880,71,767
1723,46632240,1272,1333,0,876,66,759
1724,46642240,1273,1335,0,874,58,755
1725,46652240,1275,1341,0,866,53,745
1726,46662240,1277,1338,0,865,56,741
1727,46672240,1282,1337,0,866,54,738
1728,46682240,1280,1341,0,864,53,738
1729,46692240,1286,1339,3,863,51,735
1730,46702240,1284,1340,0,859,52,735
1731,46712240,1283,1341,0,860,53,733
1732,46722240,1286,1341,0,860,52,732
1733,46732240,1287,1341,0,859,48,729
1734,46742240,1284,1240,0,803,31,685
1735,46752240,1287,1346,0,858,49,723
1736,46762240,1288,1342,0,856,53,727
1737,46772240,1288,1342,0,857,44,724
1738,46782240,1289,1346,0,855,48,721
1739,46792240,1289,1343,0,856,46,722
1740,46802240,1290,1347,0,857,51,723
1741,46812240,1290,1346,0,857,53,727
1742,46822240,1289,1347,0,858,57,730
1743,46832240,1288,1346,0,860,63,730
1744,46842240,1289,1345,0,860,63,730
1745,46852240,1289,1344,0,861,60,730
1746,46862240,1289,1342,0,863,65,731
1747,46872240,1282,1340,0,828,43,716
1748,46882240,1287,1341,0,864,71,734
1749,46892240,1286,1340,0,867,67,731
1750,46902240,1281,1345,0,868,74,739
1751,46912240,1280,1343,0,868,75,742
1752,46922240,1285,1336,0,870,74,745
1753,46932240,1273,1340,0,873,73,743
1754,46942240,1277,1338,0,874,75,746
1755,46952240,1278,1338,0,875,78,746
1756,46962240,1278,1336,0,875,77,748
1757,46972240,1277,1334,0,878,79,749
1758,46982240,1273,1334,0,881,81,753
1759,46992240,1274,1336,0,882,83,754
1760,47002240,1272,1334,0,884,84,760
1761,47012240,1270,1339,0,885,83,759
1762,47022240,1271,1335,0,886,87,760
1763,47032240,1271,1333,0,886,87,760
1764,47042240,1268,1332,0,888,89,764
1765,47052240,1266,1333,0,890,91,764
1766,47062240,1270,1332,0,891,93,763
1767,47072240,1264,1330,0,893,96,763
1768,47082240,1264,1329,0,896,99,770
1769,47092240,1263,1330,0,899,100,772
1770,47102240,1260,1331,0,897,100,773
1771,47112240,1261,1328,0,904,102,777
1772,47122240,1261,1328,0,905,104,776
1773,47132240,1255,1324,0,865,78,762
1774,47142240,1260,1327,0,905,105,782
1775,47152240,1259,1323,0,909,104,779
1776,47162240,1255,1323,0,914,106,770
1777,47172240,1253,1322,0,913,112,780
1778,47182240,1255,1321,0,918,117,783
1779,47192240,1253,1320,0,918,118,785
1780,47202240,1254,1321,0,920,115,786
1781,47212240,1253,1318,0,921,117,792
1782,47222240,1251,1317,0,924,120,791
1783,47232240,1248,1316,0,926,120,793
1784,47242240,1245,1316,0,932,127,795
1785,47252240,1241,1311,0,933,132,801
1786,47262240,1144,1305,0,936,138,801
1787,47272240,1240,1311,0,936,142,806
1788,47282240,1240,1308,0,937,147,811
1789,47292240,1238,1306,0,942,151,812
1790,47302240,1236,1304,0,942,149,812
1791,47312240,1234,1304,0,946,149,818
1792,47322240,1229,1303,0,947,153,821
1793,47332240,1227,1302,0,949,153,823
1794,47342240,1227,1301,0,953,156,825
1795,47352240,1229,1298,0,953,157,827
1796,47362240,1226,1297,0,955,162,833
1797,47372240,1225,1295,0,955,162,832
1798,47382240,1224,1297,0,957,165,839
1799,47392240,1222,1296,0,957,167,841
1800,47402240,1223,1293,0,959,166,847
1801,47412240,1220,1294,0,960,170,849
1802,47422240,1219,1293,0,962,170,851
1803,47432240,1216,1294,0,965,167,853
1804,47442240,1220,1292,0,965,175,852
1805,47452240,1220,1294,0,965,178,854
1806,47462240,1223,1292,0,959,178,855
1807,47472240,1222,1292,0,965,175,855
1808,47482240,1223,1293,0,977,181,856
1809,47492240,1224,1295,0,966,184,858
1810,47502240,1225,1294,0,967,186,857
1811,47512240,1220,1293,0,926,153,842
1812,47522240,1223,1296,0,968,186,859
1813,47532240,1225,1297,0,968,187,858
1814,47542240,1226,1297,0,971,189,857
1815,47552240,1228,1301,0,969,190,859
1816,47562240,1229,1301,0,969,190,859
1817,47572240,1221,1299,0,968,154,834
1818,47582240,1229,1303,0,969,195,859
1819,47592240,1230,1303,0,972,194,859
1820,47602240,1229,1303,0,969,198,860
1821,47612240,1231,1303,0,968,197,861
1822,47622240,1231,1305,0,963,194,860
1823,47632240,1231,1305,0,968,194,861
1824,47642240,1195,1205,0,919,199,861
1825,47652240,1232,1305,0,968,199,861
1826,47662240,1232,1305,0,968,196,863
1827,47672240,1234,1306,0,971,203,862
1828,47682240,1232,1305,0,966,202,861
1829,47692240,1234,1306,0,968,202,862
1830,47702240,1233,1306,0,968,202,862
1831,47712240,1234,1306,0,969,200,865
1832,47722240,1234,1305,0,966,199,865
1833,47732240,1234,1306,0,969,197,866
1834,47742240,1234,1305,0,968,200,866
1835,47752240,1234,1305,0,967,201,865
1836,47762240,1235,1306,0,969,199,875
1837,47772240,1233,1306,0,968,196,866
1838,47782240,1232,1306,0,965,191,867
1839,47792240,1233,1305,0,969,196,867
1840,47802240,1234,1306,0,967,195,869
1841,47812240,1232,1305,0,970,198,868
1842,47822240,1235,1308,0,970,198,868
1843,47832240,1136,1301,0,970,197,869
1844,47842240,1232,1306,0,974,199,868
1845,47852240,1234,1308,0,970,201,867
1846,47862240,1234,1306,0,969,198,870
1847,47872240,1235,1306,0,968,200,866
1848,47882240,1233,1304,0,968,201,869
1849,47892240,1159,1247,0,970,202,870
1850,47902240,1233,1304,0,969,201,868
1851,47912240,1234,1308,0,967,204,868
1852,47922240,1233,1306,0,969,205,869
1853,47932240,1233,1305,0,967,210,870
1854,47942240,1232,1305,0,969,207,869
1855,47952240,1157,1248,0,969,208,871
1856,47962240,1233,1306,0,969,206,867
1857,47972240,1232,1306,0,968,207,861
1858,47982240,1232,1305,0,968,203,869
1859,47992240,1233,1305,0,968,206,870
1860,48002240,1232,1305,0,967,207,872
1861,48012240,1233,1305,0,969,207,872
1862,48022240,1233,1305,0,970,208,870
1863,48032240,1235,1309,0,970,208,871
1864,48042240,1232,1305,0,968,208,873
1865,48052240,1232,1305,0,968,202,873
1866,48062240,1234,1304,0,968,208,872
1867,48072240,1230,1304,0,968,209,873
1868,48082240,1223,1199,0,906,185,833
1869,48092240,1230,1304,0,968,212,871
1870,48102240,1232,1306,0,969,211,873
1871,48112240,1233,1302,0,967,211,873
1872,48122240,1230,1303,0,968,211,875
1873,48132240,1230,1304,0,968,210,873
1874,48142240,1226,1303,0,969,212,875
1875,48152240,1230,1304,0,970,211,872
1876,48162240,1230,1300,0,968,213,883
1877,48172240,1230,1299,0,968,212,873
1878,48182240,1230,1303,0,968,212,875
1879,48192240,1233,1303,0,969,214,876
1880,48202240,1232,1305,0,968,216,875
1881,48212241,1182,1217,0,887,210,876
1882,48222240,1234,1306,0,968,213,875
1883,48232240,1237,1303,0,968,213,874
1884,48242240,1235,1301,0,968,212,873
1885,48252240,1234,1305,0,967,215,874
1886,48262240,1235,1307,0,965,212,874
1887,48272240,1236,1306,0,968,213,875
1888,48282240,1161,1247,0,967,210,872
1889,48292240,1234,1304,0,966,213,874
1890,48302240,1241,1306,0,966,213,881
1891,48312240,1236,1306,0,965,212,874
1892,48322240,1232,1307,0,966,213,872
1893,48332240,1236,1306,0,965,212,870
1894,48342241,1186,1224,0,880,209,871
1895,48352240,1238,1307,0,964,211,866
1896,48362240,1238,1307,0,958,205,870
1897,48372240,1238,1308,0,958,205,867
1898,48382240,1239,1309,0,960,203,866
1899,48392240,1239,1309,0,961,204,866
1900,48402240,1194,1225,0,875,196,865
1901,48412240,1240,1312,0,959,191,863
1902,48422240,1241,1312,0,958,188,857
1903,48432240,1239,1311,0,957,185,858
1904,48442240,1241,1313,0,955,181,856
1905,48452240,1243,1315,0,954,180,855
1906,48462241,1193,1230,0,874,179,856
1907,48472240,1245,1314,0,954,180,853
1908,48482240,1244,1316,0,953,178,852
1909,48492240,1244,1315,0,954,176,856
1910,48502240,1246,1315,0,951,173,852
1911,48512240,1246,1317,0,951,172,852
1912,48522240,1248,1313,0,950,132,824
1913,48532240,1250,1318,0,950,172,849
1914,48542240,1244,1318,0,951,172,846
1915,48552240,1248,1317,0,951,173,846
1916,48562240,1249,1317,0,950,173,848
1917,48572240,1251,1318,0,948,176,849
1918,48582240,1253,1320,0,949,174,849
1919,48592240,1250,1319,0,909,146,833
1920,48602240,1253,1319,0,948,176,848
1921,48612240,1257,1320,0,948,175,844
1922,48622240,1252,1319,0,948,177,846
1923,48632240,1253,1319,0,945,176,846
1924,48642240,1253,1319,0,943,173,846
1925,48652240,1254,1320,0,943,169,843
1926,48662240,1253,1320,0,946,171,843
1927,48672240,1255,1320,0,942,168,845
1928,48682240,1253,1321,0,944,165,844
1929,48692240,1254,1322,0,944,165,839
1930,48702240,1255,1323,0,943,164,841
1931,48712240,1255,1323,0,943,165,838
1932,48722240,1256,1325,0,950,163,841
1933,48732240,1257,1323,0,942,158,839
1934,48742240,1258,1323,0,942,158,836
1935,48752240,1257,1323,0,939,157,838
1936,48762240,1257,1324,0,944,155,837
1937,48772240,1258,1324,0,942,152,837
1938,48782240,1259,1325,0,944,154,835
1939,48792240,1257,1326,0,943,153,831
1940,48802240,1258,1326,0,943,151,835
1941,48812240,1259,1326,0,942,148,833
1942,48822240,1261,1326,0,939,151,834
1943,48832240,1260,1326,0,940,151,832
1944,48842240,1255,1325,0,898,121,816
1945,48852240,1260,1326,0,940,153,835
1946,48862240,1260,1326,0,940,152,836
1947,48872240,1260,1327,0,940,154,838
1948,48882240,1261,1328,0,940,154,837
1949,48892240,1258,1326,0,941,154,837
1950,48902240,1260,1328,0,939,156,838
1951,48912240,1257,1221,0,880,131,798
1952,48922240,1261,1329,0,942,159,839
1953,48932240,1260,1328,0,940,158,839
1954,48942240,1258,1327,0,939,159,839
1955,48952240,1259,1328,0,941,159,839
1956,48962240,1259,1329,0,940,160,841
1957,48972240,1261,1324,0,939,124,816
1958,48982240,1259,1324,0,943,164,840
1959,48992240,1260,1327,0,943,163,841
1960,49002240,1261,1327,0,942,164,839
1961,49012240,1258,1334,0,941,164,840
1962,49022240,1259,1327,0,943,168,842
1963,49032240,1260,1328,0,941,164,842
1964,49042240,1259,1327,0,946,167,844
1965,49052240,1259,1326,0,943,167,844
1966,49062240,1258,1325,0,944,167,843
1967,49072240,1256,1326,0,946,169,844
1968,49082240,1258,1325,0,945,168,844
1969,49092240,1256,1323,0,945,169,846
1970,49102240,1181,1265,0,949,170,845
1971,49112240,1258,1324,0,948,170,846
1972,49122240,1258,1323,0,948,171,844
1973,49132240,1257,1324,0,949,174,842
1974,49142240,1257,1324,0,952,172,845
1975,49152240,1257,1321,0,950,173,848
1976,49162240,1257,1323,0,949,174,847
1977,49172240,1257,1324,0,949,172,845
1978,49182240,1256,1319,0,950,173,846
1979,49192240,1255,1323,0,949,174,848
1980,49202240,1256,1319,0,951,172,845
1981,49212240,1255,1322,0,950,173,846
1982,49222240,1256,1325,0,950,175,845
1983,49232240,1258,1325,0,950,174,844
1984,49242240,1255,1324,0,950,175,850
1985,49252240,1257,1324,0,949,175,846
1986,49262240,1256,1324,0,949,172,847
1987,49272240,1256,1323,0,952,173,847
1988,49282240,1256,1323,0,950,175,847
1989,49292240,1158,1319,0,950,176,846
1990,49302240,1257,1331,0,950,175,846
1991,49312240,1256,1323,0,948,172,847
1992,49322240,1256,1323,0,949,173,846
1993,49332240,1257,1323,0,951,175,842
1994,49342240,1256,1325,0,950,177,846
1995,49352240,1160,1317,0,951,175,846
1996,49362240,1255,1322,0,951,176,847
1997,49372240,1254,1322,0,951,177,847
1998,49382240,1254,1322,0,950,177,849
1999,49392240,1253,1321,0,950,178,847
2000,49402240,1256,1321,0,950,179,845
2001,49412240,1255,1322,0,949,180,846
2002,49422240,1255,1322,0,951,176,848
2003,49432240,1253,1325,0,950,173,845
2004,49442240,1251,1318,0,949,179,845
2005,49452240,1255,1322,0,951,182,847
2006,49462240,1250,1318,0,950,180,849
2007,49472240,1252,1317,0,951,180,849
2008,49482240,1251,1321,0,952,183,846
2009,49492240,1252,1317,0,951,180,849
2010,49502240,1253,1319,0,951,183,851
2011,49512240,1253,1319,0,950,183,849
2012,49522240,1252,1319,0,951,187,850
2013,49532240,1250,1318,0,951,184,850
2014,49542240,1248,1320,0,952,186,851
2015,49552240,1246,1314,0,953,187,853
2016,49562240,1245,1315,0,952,189,851
2017,49572240,1245,1312,0,953,188,855
2018,49582240,1245,1314,0,954,188,854
2019,49592240,1245,1312,0,955,188,854
2020,49602240,1244,1310,0,954,187,856
2021,49612240,1242,1311,0,954,200,857
2022,49622240,1243,1311,0,957,198,855
2023,49632240,1241,1312,0,953,198,857
2024,49642240,1243,1311,0,956,199,856
2025,49652240,1243,1311,0,956,202,855
2026,49662240,1241,1312,0,955,205,855
2027,49672240,1241,1310,0,955,201,855
2028,49682240,1242,1311,0,954,203,856
2029,49692240,1244,1311,0,955,201,856
2030,49702240,1243,1310,0,955,200,856
2031,49712240,1243,1311,0,955,203,855
2032,49722240,1244,1313,0,954,202,859
2033,49732240,1243,1311,0,954,203,856
2034,49742240,1244,1312,0,955,202,856
2035,49752240,1243,1310,0,955,203,857
2036,49762240,1241,1309,0,956,203,857
2037,49772240,1241,1312,0,955,204,856
2038,49782240,1241,1307,0,955,202,858
2039,49792240,1240,1307,0,955,204,854
2040,49802240,1240,1307,0,957,203,855
2041,49812240,1241,1308,0,956,205,856
2042,49822240,1241,1309,0,955,205,858
2043,49832240,1238,1308,0,955,205,859
2044,49842240,1240,1307,0,954,206,857
2045,49852240,1241,1309,0,954,207,856
2046,49862240,1242,1310,0,954,205,858
2047,49872240,1240,1307,0,954,208,855
2048,49882240,1241,1307,0,952,208,857
2049,49892240,1241,1307,0,953,207,855
2050,49902240,1240,1308,0,952,207,857
2051,49912240,1242,1307,0,951,209,856
2052,49922240,1240,1205,0,889,177,819
2053,49932240,1240,1309,0,952,209,856
2054,49942240,1242,1309,0,951,208,856
2055,49952240,1242,1308,0,951,210,855
2056,49962240,1245,1309,0,951,206,855
2057,49972240,1246,1310,0,950,211,854
2058,49982240,1244,1310,0,949,209,855
2059,49992241,1195,1227,0,870,207,849
2060,50002240,1246,1312,0,948,211,852
2061,50012240,1246,1312,0,950,206,852
2062,50022240,1247,1314,0,950,207,853
2063,50032240,1247,1314,0,950,206,852
2064,50042240,1245,1314,0,948,210,853
2065,50052240,1246,1316,0,949,209,851
2066,50062240,1246,1315,0,949,206,852
2067,50072240,1247,1315,0,950,202,853
2068,50082240,1245,1314,0,948,209,852
2069,50092240,1245,1314,0,947,208,852
2070,50102240,1248,1315,0,949,206,853
2071,50112240,1246,1315,0,950,204,852
2072,50122240,1248,1316,0,950,211,854
2073,50132240,1246,1316,0,949,210,851
2074,50142240,1246,1317,0,953,208,851
2075,50152240,1248,1316,0,951,211,853
2076,50162240,1249,1316,0,951,205,854
2077,50172240,1245,1317,0,952,210,854
2078,50182240,1245,1210,0,888,189,813
2079,50192240,1246,1316,0,951,214,855
2080,50202240,1249,1316,0,952,214,855
2081,50212240,1247,1315,0,951,215,856
2082,50222240,1248,1317,0,952,213,856
2083,50232240,1245,1318,0,951,217,856
2084,50242240,1246,1315,0,951,216,855
2085,50252240,1246,1316,0,953,215,857
2086,50262240,1246,1316,0,953,222,857
2087,50272240,1248,1315,0,955,213,857
2088,50282240,1248,1317,0,952,214,857
2089,50292240,1248,1314,0,953,213,858
2090,50302240,1247,1317,0,952,206,857
2091,50312240,1247,1317,0,952,207,857
2092,50322240,1251,1318,0,951,206,854
2093,50332240,1247,1320,0,951,203,855
2094,50342240,1251,1317,0,951,200,857
2095,50352240,1251,1318,0,948,197,854
2096,50362240,1249,1319,0,946,198,855
2097,50372240,1252,1319,0,949,197,851
2098,50382240,1252,1327,0,947,195,850
2099,50392240,1254,1315,0,945,189,850
2100,50402240,1254,1322,0,943,186,852
2101,50412240,1255,1320,0,942,184,847
2102,50422240,1255,1323,0,941,183,847
2103,50432240,1256,1327,0,939,185,846
2104,50442240,1257,1323,0,935,181,842
2105,50452240,1257,1326,0,935,179,840
2106,50462240,1259,1326,0,938,172,834
2107,50472240,1260,1328,0,931,172,832
2108,50482240,1261,1329,0,928,163,827
2109,50492240,1262,1331,0,924,157,823
2110,50502240,1265,1333,0,922,156,818
2111,50512240,1267,1333,0,921,151,816
2112,50522240,1269,1333,0,918,150,808
2113,50532240,1270,1335,0,919,147,804
2114,50542240,1272,1334,0,919,147,798
2115,50552240,1272,1336,0,918,155,798
2116,50562240,1270,1336,0,917,140,796
2117,50572240,1272,1335,0,919,134,797
2118,50582240,1175,1329,0,918,144,796
2119,50592240,1271,1335,0,918,143,796
2120,50602240,1269,1333,0,920,147,798
2121,50612240,1270,1337,0,919,144,796
2122,50622240,1270,1333,0,919,150,796
2123,50632240,1269,1335,0,920,149,797
2124,50642240,1270,1333,0,921,149,796
2125,50652240,1270,1336,0,921,148,797
2126,50662240,1261,1334,0,921,151,796
2127,50672240,1269,1333,0,921,151,798
2128,50682240,1269,1334,0,921,159,797
2129,50692240,1268,1334,0,921,152,798
2130,50702240,1267,1332,0,920,149,796
2131,50712240,1267,1228,0,858,129,755
2132,50722240,1267,1333,0,920,148,791
2133,50732240,1267,1334,0,921,148,791
2134,50742240,1266,1330,0,920,145,788
2135,50752240,1265,1333,0,920,142,785
2136,50762240,1272,1333,0,919,137,788
2137,50772240,1267,1333,0,918,133,782
2138,50782240,1268,1334,0,918,129,781
2139,50792240,1264,1334,0,918,128,779
2140,50802240,1268,1333,0,919,127,778
2141,50812240,1269,1333,0,918,133,781
2142,50822240,1269,1332,0,919,134,781
2143,50832240,1264,1336,0,919,135,782
2144,50842240,1169,1331,0,919,138,785
2145,50852240,1267,1333,0,921,140,786
2146,50862240,1268,1331,0,920,140,786
2147,50872240,1267,1333,0,921,139,786
2148,50882240,1266,1334,0,922,138,788
2149,50892240,1266,1333,0,922,141,788
2150,50902240,1267,1333,0,921,141,741
2151,50912240,1268,1336,0,921,142,785
2152,50922240,1269,1334,0,922,142,786
2153,50932240,1268,1332,0,923,143,782
2154,50942240,1264,1333,0,922,145,787
2155,50952240,1268,1335,0,922,146,790
2156,50962240,1268,1332,0,925,147,788
2157,50972240,1260,1334,0,923,148,788
2158,50982240,1260,1335,0,921,149,789
2159,50992240,1265,1331,0,922,149,786
2160,51002240,1266,1331,0,924,149,787
2161,51012240,1266,1333,0,924,149,789
2162,51022240,1269,1332,0,923,151,787
2163,51032240,1265,1226,0,861,129,745
2164,51042240,1266,1333,0,922,150,782
2165,51052240,1270,1333,0,921,151,772
2166,51062240,1270,1335,0,921,151,765
2167,51072240,1269,1334,0,921,151,764
2168,51082240,1269,1334,0,920,149,763
2169,51092240,1265,1334,0,919,149,756
2170,51102240,1270,1335,0,920,148,758
2171,51112240,1270,1334,0,920,146,756
2172,51122240,1270,1334,0,920,142,754
2173,51132240,1270,1335,0,919,140,753
2174,51142240,1271,1336,0,916,140,750
2175,51152240,1277,1335,0,920,140,748
2176,51162240,1272,1335,0,918,141,750
2177,51172240,1271,1335,0,921,141,753
2178,51182240,1271,1335,0,919,142,752
2179,51192240,1268,1335,0,920,141,754
2180,51202240,1270,1334,0,919,143,756
2181,51212240,1269,1334,0,915,145,755
2182,51222240,1270,1334,0,919,144,758
2183,51232240,1269,1332,0,920,149,759
2184,51242240,1267,1332,0,918,145,759
2185,51252240,1267,1332,0,919,151,762
2186,51262240,1260,1333,0,921,152,764
2187,51272240,1266,1333,0,922,151,770
2188,51282240,1268,1333,0,917,151,768
2189,51292240,1268,1333,0,918,152,773
2190,51302240,1266,1332,0,916,152,777
2191,51312240,1266,1334,0,922,153,778
2192,51322240,1268,1334,0,923,154,779
2193,51332240,1267,1333,0,921,155,780
2194,51342240,1170,1327,0,924,157,781
2195,51352240,1266,1333,0,926,157,785
2196,51362240,1267,1333,0,923,153,783
2197,51372240,1273,1333,0,924,156,783
2198,51382240,1268,1333,0,922,157,784
2199,51392240,1266,1332,0,922,159,786
2200,51402240,1262,1331,0,880,127,771
2201,51412240,1269,1332,0,921,157,786
2202,51422240,1265,1331,0,923,157,782
2203,51432240,1267,1332,0,924,159,784
2204,51442240,1265,1332,0,922,161,786
2205,51452240,1266,1331,0,923,162,785
2206,51462240,1266,1334,0,923,154,786
2207,51472240,1166,1326,0,924,164,787
2208,51482240,1263,1329,0,923,160,786
2209,51492240,1267,1333,0,925,165,788
2210,51502240,1265,1332,0,921,163,786
2211,51512240,1266,1333,0,925,161,787
2212,51522240,1266,1332,0,916,166,788
2213,51532240,1263,1332,0,927,164,789
2214,51542240,1206,1236,0,924,165,789
2215,51552240,1267,1337,0,925,166,789
2216,51562240,1267,1332,0,924,165,791
2217,51572240,1265,1334,0,924,167,792
2218,51582240,1263,1330,0,925,164,794
2219,51592240,1262,1331,0,926,166,794
2220,51602240,1262,1332,0,926,167,794
2221,51612240,1205,1233,0,931,167,797
2222,51622240,1262,1332,0,931,169,797
2223,51632240,1261,1330,0,931,171,796
2224,51642240,1260,1328,0,935,171,800
2225,51652240,1260,1328,0,933,170,802
2226,51662240,1261,1328,0,935,169,802
2227,51672240,1259,1327,0,935,173,803
2228,51682240,1161,1322,0,938,170,806
2229,51692240,1258,1326,0,938,173,807
2230,51702240,1259,1326,0,939,172,806
2231,51712240,1258,1327,0,937,172,809
2232,51722240,1259,1327,0,945,175,807
2233,51732240,1257,1327,0,942,176,810
2234,51742240,1257,1328,0,938,178,810
2235,51752240,1258,1332,0,940,181,811
2236,51762240,1260,1328,0,942,181,811
2237,51772240,1260,1326,0,941,181,813
2238,51782240,1258,1326,0,945,181,810
2239,51792240,1260,1329,0,944,184,811
2240,51802240,1258,1326,0,946,185,812
2241,51812240,1257,1325,0,945,183,814
2242,51822240,1257,1328,0,948,195,818
2243,51832240,1259,1327,0,948,184,816
2244,51842240,1259,1325,0,947,185,819
2245,51852240,1258,1325,0,946,185,817
2246,51862240,1257,1325,0,947,185,816
2247,51872240,1257,1325,0,949,180,819
2248,51882240,1257,1325,0,949,186,819
2249,51892240,1265,1327,0,949,185,820
2250,51902240,1257,1324,0,949,187,820
2251,51912240,1259,1326,0,951,186,819
2252,51922240,1257,1325,0,950,187,823
2253,51932240,1259,1325,0,949,188,819
2254,51942240,1254,1319,0,908,157,806
2255,51952240,1256,1324,0,950,188,828
2256,51962240,1255,1324,0,951,190,822
2257,51972240,1253,1323,0,952,188,826
2258,51982240,1253,1320,0,952,191,827
2259,51992240,1253,1321,0,955,187,825
2260,52002240,1250,1319,0,954,187,826
2261,52012240,1248,1320,0,956,188,831
2262,52022240,1244,1317,0,957,187,837
2263,52032240,1243,1315,0,959,191,836
2264,52042240,1243,1312,0,961,196,840
2265,52052240,1242,1311,0,959,198,841
2266,52062240,1237,1310,0,962,200,845
2267,52072240,1237,1308,0,967,198,848
2268,52082240,1233,1307,0,967,198,843
2269,52092240,1234,1305,0,964,204,845
2270,52102240,1230,1305,0,967,202,847
2271,52112240,1234,1303,0,966,202,850
2272,52122240,1232,1305,0,968,206,851
2273,52132240,1230,1305,0,960,210,850
2274,52142240,1234,1303,0,968,207,852
2275,52152240,1234,1302,0,968,209,852
2276,52162240,1233,1307,0,965,210,851
2277,52172240,1234,1303,0,967,212,852
2278,52182240,1233,1307,0,968,216,852
2279,52192240,1236,1307,0,969,217,853
2280,52202240,1183,1222,0,888,214,854
2281,52212240,1232,1305,0,964,217,853
2282,52222240,1233,1306,0,968,217,855
2283,52232240,1235,1305,0,970,219,853
2284,52242240,1238,1305,0,969,219,851
2285,52252240,1237,1305,0,966,223,850
2286,52262240,1236,1307,0,967,223,853
2287,52272240,1235,1306,0,972,222,852
2288,52282240,1237,1310,0,969,225,853
2289,52292240,1236,1306,0,968,222,853
2290,52302240,1234,1307,0,970,222,853
2291,52312240,1227,1307,0,973,224,852
2292,52322240,1236,1306,0,969,224,852
2293,52332240,1138,1302,0,968,224,852
2294,52342240,1236,1308,0,968,225,854
2295,52352240,1238,1308,0,968,224,863
2296,52362240,1237,1308,0,968,224,855
2297,52372240,1237,1307,0,966,223,856
2298,52382240,1238,1306,0,967,225,855
2299,52392240,1233,1306,0,926,189,839
2300,52402240,1236,1307,0,963,225,854
2301,52412240,1237,1306,0,964,222,853
2302,52422240,1235,1305,0,966,223,856
2303,52432240,1237,1307,0,969,220,854
2304,52442240,1236,1305,0,968,221,855
2305,52452240,1236,1304,0,961,220,857
2306,52462240,1157,1245,0,967,220,855
2307,52472240,1232,1303,0,965,217,857
2308,52482240,1233,1301,0,966,215,858
2309,52492240,1232,1301,0,966,214,859
2310,52502240,1231,1300,0,966,203,863
2311,52512240,1231,1299,0,968,206,869
2312,52522240,1228,1298,0,966,210,871
2313,52532240,1227,1297,0,968,203,874
2314,52542240,1225,1294,0,965,205,879
2315,52552240,1223,1292,0,969,206,883
2316,52562240,1224,1293,0,969,209,886
2317,52572240,1213,1294,0,967,209,890
2318,52582240,1216,1291,0,968,209,891
2319,52592240,1120,1284,0,977,208,899
2320,52602240,1214,1289,0,967,213,905
2321,52612240,1212,1288,0,970,216,908
2322,52622240,1211,1289,0,969,215,909
2323,52632240,1210,1289,0,968,219,912
2324,52642240,1212,1288,0,970,217,913
2325,52652240,1213,1289,0,970,220,915
2326,52662240,1120,1270,0,972,223,917
2327,52672240,1212,1290,0,971,228,918
2328,52682240,1213,1289,0,969,226,920
2329,52692240,1214,1288,0,971,231,921
2330,52702240,1214,1289,0,970,231,921
2331,52712240,1213,1289,0,970,238,922
2332,52722240,1215,1289,0,970,235,922
2333,52732240,1213,1289,0,971,235,923
2334,52742240,1214,1289,0,969,237,924
2335,52752240,1213,1289,0,970,236,923
2336,52762240,1214,1289,0,970,239,923
2337,52772240,1215,1289,0,970,236,925
2338,52782240,1213,1291,0,969,237,925
2339,52792240,1143,1230,0,970,238,927
2340,52802240,1215,1289,0,968,240,926
2341,52812240,1218,1288,0,971,238,926
2342,52822240,1214,1292,0,974,235,927
2343,52832240,1216,1291,0,970,241,928
2344,52842240,1214,1290,0,971,239,926
2345,52852240,1216,1289,0,971,244,928
2346,52862240,1121,1284,0,969,244,928
2347,52872240,1218,1289,0,973,244,926
2348,52882240,1217,1290,0,971,251,926
2349,52892240,1221,1290,0,970,248,926
2350,52902240,1220,1291,0,970,247,927
2351,52912240,1218,1290,0,971,245,927
2352,52922240,1218,1289,0,969,200,901
2353,52932240,1219,1291,0,969,244,925
2354,52942240,1219,1291,3,969,244,924
2355,52952240,1220,1292,0,970,245,926
2356,52962240,1220,1291,0,970,247,923
2357,52972240,1222,1293,0,970,245,924
2358,52982240,1222,1292,0,969,247,924
2359,52992240,1126,1287,0,971,248,927
2360,53002240,1221,1300,0,969,253,923
2361,53012240,1224,1293,0,970,242,922
2362,53022240,1221,1293,0,969,242,922
2363,53032240,1224,1295,0,969,246,922
2364,53042240,1224,1293,0,968,242,919
2365,53052240,1127,1289,0,969,242,921
2366,53062240,1225,1293,0,969,244,921
2367,53072240,1224,1295,0,969,245,920
2368,53082240,1225,1295,0,969,240,919
2369,53092240,1226,1293,0,970,239,919
2370,53102240,1227,1295,0,970,240,916
2371,53112240,1226,1296,0,969,239,918
2372,53122240,1130,1285,0,970,237,917
2373,53132240,1225,1294,0,969,240,916
2374,53142240,1225,1298,0,969,241,916
2375,53152240,1229,1290,0,969,245,917
2376,53162240,1225,1296,0,970,243,909
2377,53172240,1228,1296,0,969,244,916
2378,53182241,1175,1210,0,886,242,915
2379,53192240,1228,1296,0,969,247,914
2380,53202240,1225,1295,0,969,244,913
2381,53212240,1229,1296,0,969,244,914
2382,53222240,1227,1297,0,969,246,916
2383,53232240,1228,1296,0,968,246,914
2384,53242240,1227,1295,0,968,247,916
2385,53252240,1227,1297,0,968,246,915
2386,53262240,1228,1296,0,968,247,924
2387,53272240,1227,1296,0,968,248,913
2388,53282240,1227,1297,0,969,244,914
2389,53292240,1228,1297,0,968,252,916
2390,53302240,1228,1298,0,969,245,914
2391,53312240,1227,1293,0,969,249,913
2392,53322240,1227,1294,0,970,251,924
2393,53332240,1226,1294,0,969,251,915
2394,53342240,1226,1294,0,969,254,917
2395,53352240,1225,1296,0,969,249,917
2396,53362240,1226,1295,0,969,247,917
2397,53372240,1224,1292,0,968,251,918
2398,53382240,1226,1295,0,969,252,918
2399,53392240,1224,1294,0,971,255,918
2400,53402240,1226,1295,0,967,252,918
2401,53412240,1225,1295,0,970,254,918
2402,53422240,1224,1294,0,970,253,920
2403,53432240,1224,1293,0,970,254,921
2404,53442240,1147,1236,0,970,258,921
2405,53452240,1223,1292,0,980,256,921
2406,53462240,1225,1293,0,969,256,923
2407,53472240,1221,1292,0,970,256,924
2408,53482240,1222,1291,0,971,258,923
2409,53492240,1219,1291,0,970,260,923
2410,53502240,1221,1292,0,971,262,923
2411,53512240,1219,1298,0,971,258,922
2412,53522240,1222,1293,0,970,263,923
2413,53532240,1222,1291,0,970,260,923
2414,53542240,1221,1293,0,972,260,920
2415,53552240,1220,1292,0,972,260,923
2416,53562240,1223,1292,0,972,262,922
2417,53572240,1226,1291,0,971,259,924
2418,53582240,1219,1293,0,963,259,921
2419,53592240,1224,1292,0,969,259,921
2420,53602240,1225,1292,0,971,257,921
2421,53612240,1225,1292,0,973,256,919
2422,53622240,1228,1293,0,970,254,920
2423,53632240,1226,1294,0,970,255,919
2424,53642240,1229,1295,0,972,256,918
2425,53652240,1227,1295,0,970,252,918
2426,53662240,1227,1294,0,969,252,914
2427,53672240,1227,1296,0,972,249,916
2428,53682240,1227,1296,0,969,250,913
2429,53692240,1229,1297,0,968,248,912
2430,53702240,1225,1299,0,968,250,914
2431,53712240,1232,1299,0,969,249,911
2432,53722240,1232,1299,0,970,247,909
2433,53732240,1232,1300,0,970,247,907
2434,53742240,1234,1301,0,969,245,906
2435,53752240,1234,1303,0,967,246,904
2436,53762240,1156,1241,0,962,244,903
2437,53772240,1231,1301,0,969,243,904
2438,53782240,1235,1303,0,967,243,902
2439,53792240,1233,1303,0,966,241,901
2440,53802240,1235,1303,0,967,240,899
2441,53812240,1236,1303,0,964,236,895
2442,53822240,1236,1303,0,967,235,891
2443,53832240,1234,1304,0,963,234,890
2444,53842240,1237,1305,0,963,235,887
2445,53852240,1236,1304,0,965,233,888
2446,53862240,1235,1305,0,961,231,885
2447,53872240,1236,1304,0,961,222,885
2448,53882240,1236,1304,0,962,231,884
2449,53892240,1238,1306,0,960,232,886
2450,53902240,1238,1306,0,958,234,887
2451,53912240,1237,1305,0,959,232,888
2452,53922240,1238,1306,0,957,234,887
2453,53932240,1238,1306,0,959,233,888
2454,53942240,1238,1304,0,955,234,888
2455,53952240,1236,1305,0,957,236,887
2456,53962240,1236,1304,0,963,235,890
2457,53972240,1236,1303,0,959,235,892
2458,53982240,1237,1303,0,958,239,892
2459,53992240,1237,1300,0,960,238,892
2460,54002240,1236,1301,0,956,238,891
2461,54012240,1237,1302,0,957,240,893
2462,54022240,1237,1303,0,957,240,895
2463,54032240,1238,1302,0,956,238,893
2464,54042240,1234,1302,0,957,241,893
2465,54052240,1237,1302,0,958,239,895
2466,54062240,1237,1303,0,956,243,894
2467,54072240,1235,1303,0,956,242,895
2468,54082240,1236,1304,0,956,242,894
2469,54092240,1236,1303,0,958,241,893
2470,54102240,1237,1305,0,956,243,892
2471,54112240,1234,1304,0,956,242,892
2472,54122240,1237,1303,0,956,240,892
2473,54132240,1237,1303,0,956,239,888
2474,54142240,1237,1303,0,954,238,891
2475,54152240,1237,1304,0,955,239,890
2476,54162240,1237,1303,0,956,236,889
2477,54172240,1239,1305,0,956,237,889
2478,54182240,1238,1305,0,954,232,889
2479,54192240,1239,1304,0,955,231,886
2480,54202240,1239,1308,0,956,229,887
2481,54212240,1240,1304,0,955,227,883
2482,54222240,1241,1307,0,954,226,886
2483,54232240,1241,1305,0,954,226,889
2484,54242240,1241,1307,0,954,227,885
2485,54252240,1241,1307,0,956,226,885
2486,54262240,1241,1307,0,956,224,883
2487,54272240,1241,1305,0,955,224,885
2488,54282240,1243,1308,0,953,223,892
2489,54292240,1242,1307,0,953,220,886
2490,54302240,1242,1307,0,951,219,888
2491,54312240,1243,1308,0,952,217,887
2492,54322240,1243,1309,0,952,217,896
2493,54332240,1242,1309,0,953,219,887
2494,54342240,1243,1309,0,952,220,887
2495,54352240,1242,1310,0,951,219,888
2496,54362240,1242,1309,0,952,220,883
2497,54372240,1242,1309,0,951,221,886
2498,54382240,1243,1309,0,952,223,887
2499,54392240,1242,1309,0,951,217,885
2500,54402240,1243,1310,0,951,220,888
2501,54412240,1244,1309,0,952,226,888
2502,54422240,1243,1310,0,953,226,890
2503,54432240,1242,1309,0,953,227,889
2504,54442240,1244,1307,0,952,227,886
2505,54452240,1242,1309,0,953,230,888
2506,54462240,1245,1308,0,954,228,887
2507,54472240,1243,1309,0,954,229,890
2508,54482240,1243,1309,0,954,228,888
2509,54492240,1242,1308,0,954,234,887
2510,54502240,1241,1308,0,954,230,890
2511,54512240,1241,1309,2,955,231,889
2512,54522240,1242,1306,0,954,230,892
2513,54532240,1240,1307,0,954,231,889
2514,54542240,1239,1309,0,952,230,891
2515,54552240,1241,1307,0,954,232,889
2516,54562240,1240,1309,0,954,230,890
2517,54572240,1248,1308,0,954,233,889
2518,54582240,1239,1308,0,955,231,890
2519,54592240,1241,1307,0,955,230,891
2520,54602240,1241,1309,0,954,229,890
2521,54612240,1240,1308,0,955,230,890
2522,54622240,1241,1308,0,953,226,892
2523,54632240,1240,1307,0,955,234,890
2524,54642240,1240,1307,0,955,232,893
2525,54652240,1240,1306,0,956,233,890
2526,54662240,1238,1304,0,955,233,890
2527,54672240,1239,1306,0,957,234,891
2528,54682240,1238,1306,0,957,234,892
2529,54692240,1238,1306,0,956,241,893
2530,54702240,1238,1304,0,956,234,891
2531,54712240,1238,1306,0,955,234,891
2532,54722240,1236,1304,0,956,233,891
2533,54732240,1235,1301,0,955,236,892
2534,54742240,1237,1305,0,956,234,893
2535,54752240,1237,1306,0,957,235,892
2536,54762240,1237,1305,0,955,233,890
2537,54772240,1240,1304,0,955,235,891
2538,54782240,1239,1305,0,954,235,890
2539,54792240,1239,1305,0,955,236,891
2540,54802240,1239,1305,0,956,239,891
2541,54812240,1239,1304,0,953,236,891
2542,54822240,1237,1304,0,958,239,891
2543,54832240,1239,1306,0,955,238,891
2544,54842240,1238,1309,0,958,236,890
2545,54852240,1240,1299,0,954,235,891
2546,54862240,1239,1307,0,954,235,890
2547,54872240,1238,1306,0,952,236,897
2548,54882240,1240,1304,0,952,237,889
2549,54892240,1246,1305,0,954,233,889
2550,54902240,1248,1307,0,953,233,889
2551,54912240,1240,1306,0,952,229,889
2552,54922240,1241,1307,0,951,231,844
2553,54932240,1242,1307,0,954,230,889
2554,54942240,1244,1307,0,952,228,887
2555,54952240,1240,1309,0,954,229,889
2556,54962240,1241,1308,0,952,228,885
2557,54972240,1241,1307,0,952,227,887
2558,54982240,1242,1307,0,958,222,884
2559,54992241,1192,1224,0,871,224,886
2560,55002240,1248,1308,0,952,220,885
2561,55012240,1247,1308,0,948,218,885
2562,55022240,1242,1309,0,951,218,885
2563,55032240,1243,1308,0,951,216,886
2564,55042240,1241,1308,0,951,217,886
2565,55052240,1242,1308,0,950,217,886
2566,55062240,1182,1209,0,952,219,887
2567,55072240,1245,1307,0,951,217,886
2568,55082240,1242,1308,0,951,217,886
2569,55092240,1244,1307,0,951,216,886
2570,55102240,1241,1308,0,951,215,884
2571,55112240,1242,1308,0,952,212,882
2572,55122240,1242,1307,0,950,211,883
2573,55132240,1242,1308,0,949,209,882
2574,55142240,1242,1309,0,948,211,883
2575,55152240,1243,1307,0,948,210,881
2576,55162240,1242,1307,0,950,212,882
2577,55172240,1242,1309,0,947,212,881
2578,55182240,1243,1308,0,948,212,884
2579,55192240,1237,1307,0,903,187,823
2580,55202240,1245,1308,0,946,211,878
2581,55212240,1243,1308,0,946,210,878
2582,55222240,1241,1307,0,946,211,877
2583,55232240,1244,1307,0,946,209,878
2584,55242240,1242,1310,0,946,211,875
2585,55252240,1242,1307,0,941,208,875
2586,55262240,1242,1204,0,886,183,839
2587,55272240,1243,1308,0,943,204,874
2588,55282240,1243,1309,0,942,198,874
2589,55292240,1244,1309,0,939,191,870
2590,55302240,1244,1308,0,937,190,870
2591,55312240,1243,1310,0,936,186,869
2592,55322240,1245,1309,0,935,180,865
2593,55332240,1169,1254,0,935,173,864
2594,55342240,1247,1311,0,932,168,864
2595,55352240,1246,1310,0,933,169,861
2596,55362240,1246,1310,0,933,169,861
2597,55372240,1248,1311,0,931,169,861
2598,55382240,1247,1310,0,928,169,859
2599,55392240,1247,1312,0,928,169,859
2600,55402240,1247,1311,0,926,166,853
2601,55412240,1249,1312,0,926,161,853
2602,55422240,1250,1311,0,931,156,854
2603,55432240,1249,1312,0,922,148,851
2604,55442240,1250,1314,0,922,149,847
2605,55452240,1251,1314,0,923,150,843
2606,55462240,1251,1314,0,921,144,841
2607,55472240,1252,1309,0,920,146,841
2608,55482240,1251,1314,0,922,148,840
2609,55492240,1252,1313,0,921,145,840
2610,55502240,1251,1316,0,922,147,833
2611,55512240,1251,1315,0,919,147,836
2612,55522240,1251,1316,0,919,147,838
2613,55532240,1251,1211,3,861,121,797
2614,55542240,1252,1316,0,922,142,835
2615,55552240,1252,1315,0,921,146,836
2616,55562240,1253,1316,0,920,142,841
2617,55572240,1254,1314,0,921,145,837
2618,55582240,1253,1319,0,922,145,834
2619,55592240,1253,1316,0,921,143,832
2620,55602240,1255,1320,0,922,141,833
2621,55612240,1254,1317,0,920,139,836
2622,55622240,1255,1316,0,921,140,831
2623,55632240,1255,1317,0,920,135,833
2624,55642240,1255,1319,0,918,133,832
2625,55652240,1255,1318,0,920,138,830
2626,55662240,1252,1324,0,918,136,827
2627,55672240,1255,1316,0,920,135,829
2628,55682240,1257,1315,0,918,128,828
2629,55692240,1256,1318,0,918,130,826
2630,55702240,1254,1319,0,919,127,824
2631,55712240,1256,1319,0,919,123,828
2632,55722240,1257,1320,0,919,128,825
2633,55732240,1257,1321,0,917,127,825
2634,55742240,1257,1319,0,919,126,822
2635,55752240,1263,1315,0,919,124,824
2636,55762240,1258,1324,0,917,120,822
2637,55772240,1259,1323,0,918,110,821
2638,55782240,1259,1323,0,916,117,821
2639,55792240,1258,1327,0,915,115,821
2640,55802240,1260,1323,0,913,115,819
2641,55812240,1261,1323,0,912,114,813
2642,55822240,1261,1325,0,914,118,821
2643,55832240,1261,1326,0,915,118,822
2644,55842240,1261,1324,0,915,121,819
2645,55852240,1259,1325,0,874,92,807
2646,55862240,1260,1322,0,914,122,821
2647,55872240,1264,1330,0,916,114,824
2648,55882240,1261,1324,0,916,126,822
2649,55892240,1262,1329,0,917,124,822
2650,55902240,1260,1324,0,916,123,821
2651,55912240,1262,1327,0,915,124,822
2652,55922240,1262,1326,0,916,126,824
2653,55932240,1260,1326,0,915,128,823
2654,55942240,1262,1325,0,918,126,823
2655,55952240,1263,1327,0,920,131,822
2656,55962240,1264,1326,0,917,130,823
2657,55972240,1262,1325,0,917,136,823
2658,55982240,1191,1234,0,867,135,824
2659,55992240,1258,1325,0,918,135,824
2660,56002240,1259,1324,0,918,135,827
2661,56012240,1261,1323,0,918,138,826
2662,56022240,1259,1322,0,918,138,826
2663,56032240,1260,1323,0,918,140,828
2664,56042240,1258,1324,0,919,148,826
2665,56052240,1260,1321,0,920,145,829
2666,56062240,1269,1323,0,919,146,830
2667,56072240,1257,1322,0,922,149,832
2668,56082240,1256,1321,0,922,148,840
2669,56092240,1255,1320,0,924,148,833
2670,56102240,1255,1320,0,926,149,836
2671,56112241,1204,1251,0,901,119,830
2672,56122240,1254,1318,0,928,153,839
2673,56132240,1250,1317,0,930,156,843
2674,56142240,1248,1319,0,929,156,841
2675,56152240,1251,1317,0,933,158,845
2676,56162240,1250,1318,0,932,159,844
2677,56172240,1250,1312,0,931,123,837
2678,56182240,1252,1315,0,932,159,847
2679,56192240,1251,1313,0,934,163,846
2680,56202240,1249,1315,0,934,165,848
2681,56212240,1249,1315,0,937,166,845
2682,56222240,1249,1314,0,942,167,849
2683,56232240,1248,1315,0,937,167,849
2684,56242240,1246,1316,0,938,172,851
2685,56252240,1247,1313,0,935,169,852
2686,56262240,1246,1312,0,942,171,853
2687,56272240,1253,1312,0,939,172,853
2688,56282240,1246,1312,0,942,173,853
2689,56292240,1244,1312,0,942,175,854
2690,56302240,1248,1313,0,941,177,853
2691,56312240,1245,1310,0,942,181,853
2692,56322240,1247,1311,0,944,181,854
2693,56332240,1247,1311,0,943,182,854
2694,56342240,1248,1311,0,942,183,856
2695,56352240,1247,1312,0,943,183,854
2696,56362240,1246,1313,0,942,182,854
2697,56372240,1247,1312,0,944,185,854
2698,56382240,1247,1311,0,941,185,854
2699,56392240,1245,1313,0,945,185,854
2700,56402240,1245,1312,0,943,185,855
2701,56412240,1241,1314,0,946,186,855
2702,56422240,1248,1312,0,944,187,856
2703,56432240,1245,1314,0,945,186,856
2704,56442240,1244,1312,0,945,187,856
2705,56452240,1245,1312,0,945,187,857
2706,56462240,1246,1314,0,941,188,856
2707,56472240,1246,1312,0,946,187,854
2708,56482240,1249,1313,0,943,188,855
2709,56492240,1248,1312,0,943,189,856
2710,56502240,1247,1313,0,945,189,855
2711,56512240,1247,1314,0,944,187,856
2712,56522240,1247,1313,0,944,191,855
2713,56532240,1246,1316,0,945,190,856
2714,56542240,1246,1315,0,946,191,856
2715,56552240,1247,1315,0,944,188,855
2716,56562240,1246,1313,0,944,188,855
2717,56572240,1247,1313,0,944,188,857
2718,56582240,1247,1313,0,945,194,856
2719,56592240,1245,1311,0,943,192,855
2720,56602240,1245,1313,0,947,192,860
2721,56612240,1240,1309,0,908,159,841
2722,56622240,1243,1312,0,948,190,860
2723,56632240,1242,1309,0,948,194,869
2724,56642240,1242,1312,0,951,191,862
2725,56652240,1241,1307,0,949,188,864
2726,56662240,1241,1306,0,951,196,863
2727,56672240,1240,1306,0,948,196,866
2728,56682240,1240,1306,0,948,200,870
2729,56692240,1238,1306,0,949,198,863
2730,56702240,1238,1305,0,950,199,863
2731,56712240,1236,1305,0,949,201,864
2732,56722240,1237,1304,0,952,200,865
2733,56732240,1237,1304,0,952,203,865
2734,56742240,1238,1303,0,950,203,865
2735,56752240,1237,1304,0,951,204,869
2736,56762240,1238,1303,0,950,204,865
2737,56772240,1239,1306,0,953,204,864
2738,56782240,1238,1305,0,951,204,865
2739,56792240,1240,1305,0,950,205,867
2740,56802240,1242,1304,0,950,206,865
2741,56812240,1240,1306,0,950,204,863
2742,56822240,1242,1307,0,953,206,864
2743,56832240,1242,1307,0,951,203,874
2744,56842240,1243,1308,0,950,204,862
2745,56852240,1243,1309,0,948,205,865
2746,56862240,1243,1309,0,948,202,864
2747,56872240,1242,1309,0,949,203,863
2748,56882240,1244,1311,0,947,202,864
2749,56892240,1244,1310,0,946,201,860
2750,56902240,1244,1311,0,944,201,859
2751,56912240,1245,1310,0,943,200,858
2752,56922240,1245,1312,0,944,193,858
2753,56932240,1247,1312,0,942,204,853
2754,56942240,1248,1314,0,942,192,855
2755,56952240,1249,1314,0,940,192,855
2756,56962240,1249,1314,0,939,193,855
2757,56972240,1249,1316,0,939,192,854
2758,56982240,1250,1315,0,939,191,854
2759,56992240,1250,1315,0,939,191,853
2760,57002240,1251,1316,0,938,189,851
2761,57012240,1251,1312,0,938,186,854
2762,57022240,1249,1314,0,938,188,853
2763,57032240,1251,1315,0,938,189,853
2764,57042240,1251,1316,0,937,189,852
2765,57052240,1251,1314,0,936,190,852
2766,57062240,1252,1315,0,936,189,851
2767,57072240,1251,1316,0,935,186,851
2768,57082240,1251,1316,0,934,187,851
2769,57092240,1250,1315,0,937,190,849
2770,57102240,1244,1314,0,938,189,849
2771,57112240,1252,1319,0,934,188,853
2772,57122240,1252,1317,0,937,188,851
2773,57132240,1253,1315,0,936,190,850
2774,57142240,1252,1313,0,935,190,850
2775,57152240,1253,1320,0,934,187,852
2776,57162240,1252,1319,0,936,189,849
2777,57172240,1253,1325,0,934,191,844
2778,57182240,1253,1318,0,935,188,848
2779,57192240,1255,1319,0,934,189,852
2780,57202240,1202,1233,0,853,186,849
2781,57212240,1253,1316,0,934,185,849
2782,57222240,1254,1317,0,933,188,851
2783,57232240,1252,1316,0,932,192,848
2784,57242240,1252,1318,0,934,188,850
2785,57252240,1253,1317,0,931,189,847
2786,57262240,1255,1318,0,929,184,805
2787,57272240,1253,1317,0,931,182,852
2788,57282240,1255,1319,0,925,183,847
2789,57292240,1255,1315,0,931,183,847
2790,57302240,1256,1318,0,931,185,848
2791,57312240,1251,1318,0,931,183,844
2792,57322240,1255,1317,0,928,175,847
2793,57332240,1254,1319,0,928,179,843
2794,57342240,1256,1317,0,930,180,845
2795,57352240,1256,1317,0,921,176,843
2796,57362240,1255,1314,0,927,173,845
2797,57372240,1256,1318,0,927,174,843
2798,57382240,1256,1317,0,928,171,839
2799,57392240,1256,1320,0,927,173,839
2800,57402240,1257,1321,0,932,171,839
2801,57412240,1252,1321,0,927,172,839
2802,57422240,1257,1321,0,926,173,841
2803,57432240,1257,1320,0,925,172,841
2804,57442240,1256,1320,0,922,170,841
2805,57452240,1257,1320,0,924,170,835
2806,57462240,1258,1321,0,924,166,842
2807,57472240,1256,1322,0,923,166,836
2808,57482240,1259,1322,0,926,165,840
2809,57492240,1259,1321,0,925,164,838
2810,57502240,1257,1321,0,923,164,840
2811,57512240,1259,1320,0,926,163,838
2812,57522240,1260,1322,0,924,164,838
2813,57532240,1260,1321,0,924,162,835
2814,57542240,1259,1321,0,923,159,837
2815,57552240,1259,1322,0,921,159,833
2816,57562240,1259,1323,0,919,156,836
2817,57572240,1258,1322,0,921,161,837
2818,57582240,1258,1315,0,922,126,811
2819,57592240,1260,1320,0,921,164,831
2820,57602240,1261,1320,0,922,165,832
2821,57612240,1258,1321,0,917,166,834
2822,57622240,1256,1320,0,924,165,832
2823,57632240,1257,1321,0,922,167,838
2824,57642240,1256,1321,0,922,166,836
2825,57652240,1260,1320,0,921,166,838
2826,57662240,1256,1321,0,920,167,836
2827,57672240,1259,1320,0,923,169,836
2828,57682240,1257,1320,0,923,168,836
2829,57692240,1257,1321,0,923,170,837
2830,57702240,1258,1320,0,925,171,840
2831,57712241,1203,1233,0,847,170,842
2832,57722240,1255,1318,0,927,173,842
2833,57732240,1253,1318,0,928,174,844
2834,57742240,1252,1314,0,929,176,843
2835,57752240,1251,1316,0,931,177,847
2836,57762240,1250,1314,0,931,181,845
2837,57772240,1250,1315,0,932,192,850
2838,57782240,1151,1309,0,933,184,851
2839,57792240,1247,1313,0,934,186,849
2840,57802240,1250,1312,0,934,187,851
2841,57812240,1246,1309,0,935,186,851
2842,57822240,1246,1311,0,938,190,853
2843,57832240,1245,1309,0,934,189,854
2844,57842240,1243,1204,0,879,170,814
2845,57852240,1244,1307,0,939,189,855
2846,57862240,1243,1306,0,940,200,856
2847,57872240,1243,1308,0,942,202,858
2848,57882240,1241,1306,0,944,199,859
2849,57892240,1242,1305,0,946,199,860
2850,57902240,1242,1305,0,947,203,859
2851,57912240,1240,1304,0,944,201,859
2852,57922240,1238,1302,0,949,202,862
2853,57932240,1238,1302,0,950,203,862
2854,57942240,1235,1300,0,951,206,865
2855,57952240,1234,1298,0,952,205,863
2856,57962240,1230,1297,0,949,203,866
2857,57972240,1229,1294,0,956,205,869
2858,57982240,1228,1295,0,954,203,871
2859,57992240,1225,1294,0,957,206,870
2860,58002240,1225,1296,0,957,204,872
2861,58012240,1227,1295,0,957,204,874
2862,58022240,1226,1304,0,961,204,872
2863,58032240,1229,1297,0,963,207,875
2864,58042240,1228,1297,0,967,213,872
2865,58052240,1227,1295,0,965,214,874
2866,58062240,1227,1294,0,963,214,875
2867,58072240,1226,1296,0,965,215,875
2868,58082240,1228,1293,0,965,212,875
2869,58092241,1177,1209,0,881,220,875
2870,58102240,1226,1295,0,967,219,886
2871,58112240,1226,1296,0,968,220,878
2872,58122240,1225,1291,0,964,222,878
2873,58132240,1227,1292,0,966,224,877
2874,58142240,1227,1295,0,965,220,879
2875,58152240,1228,1291,0,966,179,855
2876,58162240,1227,1294,0,966,224,881
2877,58172240,1227,1294,0,967,226,881
2878,58182240,1227,1294,0,965,225,881
2879,58192240,1228,1295,0,964,225,881
2880,58202240,1227,1291,0,963,224,886
2881,58212240,1228,1295,0,966,224,879
2882,58222240,1228,1293,0,960,184,856
2883,58232240,1227,1295,0,960,220,879
2884,58242240,1227,1292,0,963,223,882
2885,58252240,1226,1293,0,959,226,881
2886,58262240,1227,1293,0,961,223,882
2887,58272240,1227,1293,0,963,226,881
2888,58282240,1227,1291,0,961,223,884
2889,58292240,1126,1287,0,963,229,884
2890,58302240,1225,1291,0,961,226,882
2891,58312240,1226,1292,0,961,227,881
2892,58322240,1225,1290,0,963,226,881
2893,58332240,1223,1290,0,961,224,883
2894,58342240,1222,1288,0,962,224,883
2895,58352240,1220,1288,0,962,226,887
2896,58362240,1220,1288,0,964,229,884
2897,58372240,1218,1287,0,963,229,884
2898,58382240,1222,1289,0,964,226,883
2899,58392240,1224,1288,0,963,227,886
2900,58402240,1223,1289,0,964,230,893
2901,58412240,1225,1287,0,964,234,887
2902,58422240,1225,1281,0,963,187,865
2903,58432240,1224,1289,0,964,231,890
2904,58442240,1223,1287,0,965,228,890
2905,58452240,1224,1288,0,963,229,890
2906,58462240,1224,1286,0,966,223,890
2907,58472240,1226,1292,0,964,229,892
2908,58482240,1226,1293,0,962,224,887
2909,58492240,1226,1287,0,962,181,878
2910,58502240,1227,1291,0,964,224,891
2911,58512240,1229,1293,0,963,229,891
2912,58522240,1230,1293,0,965,227,896
2913,58532240,1228,1294,0,968,233,898
2914,58542240,1228,1294,0,965,234,898
2915,58552240,1230,1291,0,966,234,904
2916,58562240,1229,1298,0,967,234,905
2917,58572240,1229,1293,0,972,237,907
2918,58582240,1231,1296,0,965,235,909
2919,58592240,1233,1296,0,969,237,909
2920,58602240,1231,1295,0,970,239,911
2921,58612240,1232,1294,0,970,239,915
2922,58622240,1231,1295,0,972,241,920
2923,58632240,1233,1299,0,971,242,919
2924,58642240,1236,1297,0,974,242,930
2925,58652240,1234,1300,0,972,246,924
2926,58662240,1235,1298,0,971,241,925
2927,58672240,1237,1299,0,970,245,930
2928,58682240,1233,1298,0,972,243,935
2929,58692240,1232,1299,0,971,240,936
2930,58702240,1229,1296,0,971,238,935
2931,58712240,1227,1294,0,973,242,934
2932,58722240,1224,1291,0,971,240,936
2933,58732240,1228,1291,0,969,244,942
2934,58742240,1227,1292,0,966,244,942
2935,58752240,1227,1294,0,968,241,942
2936,58762240,1229,1293,0,962,240,942
2937,58772240,1226,1292,0,961,240,943
2938,58782240,1224,1290,0,960,238,947
2939,58792240,1224,1288,0,957,236,945
2940,58802240,1218,1285,0,956,237,949
2941,58812240,1217,1280,0,956,240,948
2942,58822240,1214,1277,0,956,243,948
2943,58832240,1211,1276,0,956,243,951
2944,58842240,1209,1275,0,957,243,952
2945,58852240,1204,1273,0,957,242,952
2946,58862240,1204,1266,0,956,245,954
2947,58872240,1199,1265,0,958,238,953
2948,58882240,1199,1165,0,899,211,911
2949,58892240,1204,1266,0,957,229,951
2950,58902240,1205,1269,0,957,227,949
2951,58912240,1203,1271,0,955,217,944
2952,58922240,1208,1273,0,953,211,940
2953,58932240,1207,1274,0,953,203,938
2954,58942240,1205,1272,0,914,163,919
2955,58952240,1204,1267,0,948,196,934
2956,58962240,1199,1261,0,949,192,934
2957,58972240,1192,1256,0,952,199,935
2958,58982240,1182,1252,0,952,200,937
2959,58992240,1180,1249,0,955,204,939
2960,59002240,1183,1249,0,956,214,945
2961,59012240,1176,1246,0,958,215,949
2962,59022240,1176,1242,0,962,215,952
2963,59032240,1169,1238,0,966,218,958
2964,59042240,1157,1229,0,970,219,963
2965,59052240,1145,1210,0,970,219,969
2966,59062240,1122,1195,0,975,223,982
2967,59072241,1054,1101,0,898,224,990
2968,59082240,1081,1166,0,983,243,1002
2969,59092240,1060,1157,0,988,264,1020
2970,59102240,1046,1140,0,992,294,1049
2971,59112240,1029,1129,0,996,311,1061
2972,59122240,1014,1126,0,1000,332,1076
2973,59132240,1002,1113,0,1002,350,1093
2974,59142240,987,1104,0,1002,357,1104
2975,59152240,969,1090,0,1003,372,1115
2976,59162240,952,1073,0,1004,378,1128
2977,59172240,947,1063,0,1011,382,1134
2978,59182240,943,1064,0,1015,395,1140
2979,59192240,942,1062,0,1012,395,1142
2980,59202240,946,1068,0,1016,393,1148
2981,59212240,946,1067,0,1018,393,1154
2982,59222240,947,1067,0,1021,389,1161
2983,59232240,944,1065,0,1019,390,1164
2984,59242240,937,1063,0,1024,392,1166
2985,59252240,926,1056,0,1024,396,1173
2986,59262240,917,1046,0,1035,401,1174
2987,59272240,904,1034,0,1034,405,1179
2988,59282240,886,1019,0,1037,413,1183
2989,59292240,882,1014,0,1040,423,1187
2990,59302240,879,1014,0,1038,423,1191
2991,59312240,881,1017,0,1044,430,1198
2992,59322240,885,1016,0,1045,433,1198
2993,59332240,889,1018,0,1048,436,1204
2994,59342240,885,1020,0,996,390,1187
2995,59352240,890,1019,0,1050,442,1207
2996,59362240,890,1020,0,1050,453,1216
2997,59372240,889,1018,0,1052,459,1212
2998,59382240,888,1018,0,1055,465,1218
2999,59392240,889,1018,0,1053,469,1218
3000,59402240,887,1016,0,1055,470,1227
3001,59412240,886,1018,0,1060,475,1227
3002,59422240,888,1019,0,1062,482,1230
3003,59432240,889,1019,0,1059,481,1236
3004,59442240,890,1030,0,1062,484,1236
3005,59452240,893,1030,0,1064,488,1236
3006,59462240,892,1029,0,1063,489,1241
3007,59472240,894,1028,0,1064,487,1241
3008,59482240,896,1028,0,1064,488,1246
3009,59492240,895,1028,0,1066,492,1243
3010,59502240,895,1029,0,1065,493,1246
3011,59512240,899,1031,0,1065,492,1247
3012,59522240,899,1029,0,1064,496,1251
3013,59532240,900,1032,0,1065,492,1251
3014,59542240,902,1031,0,1062,437,1220
3015,59552240,904,1035,0,1065,496,1254
3016,59562240,902,1035,0,1065,501,1255
3017,59572240,902,1032,0,1066,499,1254
3018,59582240,900,1030,0,1066,497,1256
3019,59592240,900,1028,0,1067,503,1258
3020,59602240,898,1028,0,1066,500,1257
3021,59612240,903,1030,0,1067,507,1259
3022,59622240,905,1030,0,1065,505,1256
3023,59632240,906,1033,0,1067,502,1259
3024,59642240,909,1038,0,1064,500,1260
3025,59652240,912,1044,0,1064,504,1256
3026,59662240,918,1046,0,1062,490,1255
3027,59672240,921,1049,0,1060,487,1256
3028,59682240,925,1052,0,1058,476,1254
3029,59692240,930,1052,0,1053,475,1254
3030,59702240,936,1059,0,1053,476,1250
3031,59712240,939,1064,0,1051,469,1245
3032,59722240,949,1074,0,1049,461,1242
3033,59732240,953,1079,0,1048,454,1238
3034,59742240,959,1087,0,1046,438,1233
3035,59752240,970,1097,0,1040,429,1228
3036,59762240,979,1102,0,1042,424,1226
3037,59772240,983,1106,0,1043,420,1226
3038,59782240,985,1108,0,1041,410,1229
3039,59792240,985,1111,0,1039,416,1222
3040,59802240,982,1109,0,1039,416,1214
3041,59812240,993,1115,0,1041,414,1214
3042,59822240,992,1115,0,1037,418,1216
3043,59832240,995,1117,0,1033,421,1217
3044,59842240,996,1117,0,1036,422,1216
3045,59852240,996,1115,0,1036,422,1222
3046,59862240,997,1113,0,1034,371,1190
3047,59872240,997,1117,0,1041,433,1225
3048,59882240,995,1116,0,1040,432,1222
3049,59892240,996,1117,0,1038,441,1225
3050,59902240,994,1116,0,1039,441,1226
3051,59912240,997,1120,0,1039,442,1226
3052,59922240,997,1119,0,1040,441,1228
3053,59932240,998,1120,0,1040,440,1228
3054,59942240,1001,1121,0,1038,444,1227
3055,59952240,1002,1124,0,1038,444,1226
3056,59962240,1005,1124,0,1037,442,1224
3057,59972240,1004,1123,0,1035,443,1226
3058,59982240,1005,1124,0,1038,444,1228
3059,59992240,1004,1123,0,1038,444,1228
3060,60002240,1003,1121,0,1039,445,1226
3061,60012240,999,1121,0,1039,444,1215
3062,60022240,1003,1123,0,1038,442,1227
3063,60032240,1004,1123,0,1035,440,1224
3064,60042240,1005,1123,0,1030,437,1223
3065,60052240,1011,1126,0,1029,433,1223
3066,60062240,932,1123,0,1024,425,1208
3067,60072240,1014,1131,0,1022,418,1215
3068,60082240,1017,1133,0,1020,408,1210
3069,60092240,1021,1136,0,1022,397,1207
3070,60102240,1029,1137,0,1010,379,1199
3071,60112240,1033,1140,0,1013,365,1193
3072,60122240,1040,1140,0,1010,297,1157
3073,60132240,1045,1148,0,1005,327,1179
3074,60142240,1051,1151,0,1004,312,1169
3075,60152240,1055,1153,0,1001,303,1163
3076,60162240,1057,1156,0,998,301,1162
3077,60172240,1057,1160,0,1000,296,1159
3078,60182240,1061,1160,0,998,295,1148
3079,60192240,1065,1162,0,997,291,1147
3080,60202240,1064,1160,0,996,290,1143
3081,60212240,1063,1162,0,994,283,1140
3082,60222240,1065,1163,0,992,279,1139
3083,60232240,1067,1164,0,992,274,1132
3084,60242240,1069,1165,0,993,271,1130
3085,60252240,1071,1167,0,991,270,1127
3086,60262240,1072,1171,0,990,270,1128
3087,60272240,1077,1172,0,990,264,1125
3088,60282240,1079,1173,0,989,254,1123
3089,60292240,1077,1174,0,988,257,1121
3090,60302240,1080,1175,0,989,256,1116
3091,60312240,1079,1175,0,988,255,1117
3092,60322240,991,1170,0,991,254,1116
3093,60332240,1080,1175,0,984,262,1116
3094,60342240,1079,1174,0,990,263,1117
3095,60352240,1081,1175,0,988,270,1119
3096,60362240,1081,1174,0,992,274,1119
3097,60372240,1081,1175,0,989,277,1121
3098,60382240,1079,1178,0,989,277,1119
3099,60392240,1080,1176,0,990,279,1120
3100,60402240,1078,1173,0,989,282,1121
3101,60412240,1079,1173,0,990,283,1123
3102,60422240,1079,1169,0,990,287,1123
3103,60432240,1078,1170,0,992,290,1125
3104,60442240,1076,1173,0,990,294,1126
3105,60452240,1076,1171,0,990,295,1074
3106,60462240,1078,1172,0,994,298,1127
3107,60472240,1077,1172,0,993,300,1128
3108,60482240,1077,1174,0,997,304,1129
3109,60492240,1073,1165,0,998,308,1131
3110,60502240,1066,1162,0,997,311,1134
3111,60512240,1064,1158,0,999,315,1134
3112,60522240,1060,1156,0,1002,325,1143
3113,60532240,1052,1148,0,1007,334,1147
3114,60542240,1050,1146,0,1003,340,1148
3115,60552240,1049,1147,0,1005,345,1152
3116,60562240,1047,1145,0,1005,348,1159
3117,60572240,1046,1143,0,1010,358,1158
3118,60582240,1045,1142,0,1008,364,1163
3119,60592240,1043,1143,0,1012,365,1162
3120,60602240,1043,1139,0,1010,370,1165
3121,60612240,1042,1138,0,1014,374,1166
3122,60622240,1041,1139,0,1014,373,1167
3123,60632240,1043,1140,0,1015,374,1166
3124,60642240,1045,1142,0,1012,379,1166
3125,60652240,1046,1143,0,1014,377,1166
3126,60662240,1050,1146,0,1016,375,1163
3127,60672240,1051,1148,0,1015,375,1161
3128,60682240,1054,1150,0,1013,372,1148
3129,60692240,1055,1149,0,1013,369,1155
3130,60702240,1057,1160,0,1014,369,1152
3131,60712240,1062,1156,0,1010,359,1095
3132,60722240,1065,1159,0,1011,354,1144
3133,60732240,1068,1163,0,1008,348,1140
3134,60742240,1074,1166,0,1006,334,1132
3135,60752240,1078,1172,0,1004,312,1125
3136,60762240,1082,1177,0,999,303,1115
3137,60772240,1087,1181,0,998,286,1107
3138,60782240,1097,1188,0,993,273,1046
3139,60792240,1102,1192,0,991,257,1093
3140,60802240,1106,1196,0,989,235,1085
3141,60812240,1114,1198,0,985,220,1074
3142,60822240,1118,1203,0,983,220,1067
3143,60832240,1121,1203,0,981,214,1059
3144,60842240,1127,1207,0,978,206,1053
3145,60852240,1129,1208,0,977,209,1045
3146,60862240,1131,1210,0,975,206,1047
3147,60872240,1133,1210,0,974,213,1046
3148,60882240,1136,1214,0,972,213,1040
3149,60892240,1137,1213,0,974,218,1038
3150,60902240,1136,1219,0,971,212,1040
3151,60912240,1137,1216,0,972,214,1038
3152,60922240,1139,1219,0,973,211,1037
3153,60932240,1140,1216,0,972,213,1039
3154,60942240,1141,1216,0,974,217,1035
3155,60952240,1139,1219,0,974,221,1039
3156,60962240,1141,1215,0,977,225,1040
3157,60972240,1139,1211,0,979,227,1044
3158,60982240,1137,1216,0,977,232,1044
3159,60992240,1136,1216,0,978,232,1048
3160,61002240,1135,1214,0,980,235,1045
3161,61012240,1136,1215,0,982,237,1050
3162,61022240,1135,1212,0,981,239,1053
3163,61032240,1136,1213,0,983,242,1053
3164,61042240,1134,1216,0,983,244,1057
3165,61052240,1136,1217,0,984,246,1055
3166,61062240,1137,1215,0,986,244,1058
3167,61072240,1136,1214,0,984,251,1060
3168,61082240,1133,1213,0,988,250,1062
3169,61092240,1130,1212,0,991,261,1065
3170,61102240,1129,1211,0,991,264,1067
3171,61112240,1129,1208,0,992,264,1064
3172,61122240,1128,1210,0,993,266,1068
3173,61132240,1129,1210,0,1003,268,1069
3174,61142240,1131,1211,0,994,268,1068
3175,61152240,1133,1211,0,994,270,1069
3176,61162240,1133,1212,0,995,266,1067
3177,61172240,1134,1213,0,996,268,1069
3178,61182240,1136,1214,0,995,266,1067
3179,61192240,1137,1217,0,992,266,1067
3180,61202240,1137,1214,0,994,266,1068
3181,61212240,1139,1217,0,994,263,1067
3182,61222240,1141,1221,0,993,265,1065
3183,61232240,1142,1224,0,995,257,1064
3184,61242240,1144,1228,0,991,254,1060
3185,61252240,1143,1224,0,991,249,1060
3186,61262240,1148,1227,0,991,246,1061
3187,61272240,1149,1231,0,987,243,1059
3188,61282240,1150,1231,0,987,233,1053
3189,61292240,1156,1234,0,988,224,1053
3190,61302240,1158,1237,0,989,217,1049
3191,61312240,1161,1239,0,986,202,1051
3192,61322240,1163,1241,0,983,196,1034
3193,61332240,1170,1243,0,984,187,1028
3194,61342240,1171,1246,0,979,180,1016
3195,61352240,1174,1250,0,973,178,1007
3196,61362240,1180,1253,0,972,174,1001
3197,61372240,1180,1255,0,971,169,998
3198,61382240,1182,1255,0,971,167,991
3199,61392240,1187,1257,0,968,160,987
3200,61402240,1187,1259,0,967,160,981
3201,61412240,1191,1261,0,968,157,977
3202,61422240,1192,1260,0,968,154,981
3203,61432240,1192,1261,0,966,153,977
3204,61442240,1194,1263,0,966,155,979
3205,61452240,1195,1265,0,966,159,977
3206,61462240,1197,1266,0,960,165,978
3207,61472240,1204,1269,0,960,166,979
3208,61482240,1204,1269,0,959,165,979
3209,61492240,1209,1272,0,961,167,978
3210,61502240,1204,1272,0,957,169,978
3211,61512240,1205,1271,0,953,170,983
3212,61522240,1208,1270,0,953,170,983
3213,61532240,1202,1269,0,950,172,986
3214,61542240,1204,1267,0,948,169,988
3215,61552240,1202,1266,0,947,177,990
3216,61562240,1200,1265,0,947,181,991
3217,61572240,1201,1265,0,947,182,991
3218,61582240,1200,1264,0,947,184,994
3219,61592240,1200,1264,0,947,181,996
3220,61602240,1196,1261,0,949,185,1000
3221,61612240,1194,1260,0,948,191,1000
3222,61622240,1193,1256,0,951,156,976
3223,61632240,1189,1257,0,954,197,1004
3224,61642240,1189,1256,0,954,202,1006
3225,61652240,1186,1253,0,956,203,1008
3226,61662240,1186,1253,0,958,207,1009
3227,61672240,1184,1253,0,958,208,1011
3228,61682240,1184,1251,0,957,213,1012
3229,61692240,1182,1251,0,961,217,1013
3230,61702240,1181,1250,0,963,219,1015
3231,61712240,1179,1248,0,964,219,1014
3232,61722240,1179,1247,0,966,219,1015
3233,61732240,1177,1247,0,965,221,1017
3234,61742240,1176,1244,0,964,226,1018
3235,61752240,1175,1243,0,969,228,1021
3236,61762240,1172,1239,1,968,229,1021
3237,61772240,1170,1240,0,968,231,1023
3238,61782240,1165,1236,0,970,229,1023
3239,61792240,1163,1234,0,971,230,1029
3240,61802240,1158,1229,0,972,232,1034
3241,61812240,1149,1226,0,976,231,1036
3242,61822240,1059,1219,0,977,235,1041
3243,61832240,1142,1219,0,979,241,1045
3244,61842240,1136,1214,0,983,248,1057
3245,61852240,1130,1210,0,986,256,1055
3246,61862240,1126,1204,0,990,267,1061
3247,61872240,1120,1205,0,991,269,1069
3248,61882240,1114,1196,0,994,277,1078
3249,61892240,1108,1191,0,1001,282,1081
3250,61902240,1103,1187,0,1001,289,1092
3251,61912240,1096,1182,0,1002,303,1095
3252,61922240,1092,1180,0,1007,313,1102
3253,61932240,1090,1175,0,1008,317,1111
3254,61942240,1084,1174,0,1010,330,1114
3255,61952240,1081,1167,0,1012,334,1118
3256,61962240,1077,1172,0,1014,342,1124
3257,61972240,1070,1168,0,1018,348,1130
3258,61982240,1065,1162,0,1016,358,1135
3259,61992240,1056,1154,0,1022,358,1138
3260,62002240,1049,1150,0,1022,367,1141
3261,62012240,1045,1146,0,1028,374,1146
3262,62022240,1043,1148,0,1033,380,1149
3263,62032240,1040,1143,0,1034,382,1150
3264,62042240,1035,1140,0,1037,390,1155
3265,62052240,1032,1141,0,1036,393,1157
3266,62062240,1025,1139,0,1036,400,1159
3267,62072240,1028,1139,0,1037,397,1161
3268,62082240,1025,1049,0,968,371,1117
3269,62092240,1034,1141,0,1038,403,1163
3270,62102240,1033,1142,0,1038,402,1165
3271,62112240,1034,1143,0,1037,392,1165
3272,62122240,1039,1150,0,1037,394,1162
3273,62132240,1045,1148,0,1035,385,1161
3274,62142240,1050,1059,0,968,355,1110
3275,62152240,1053,1159,0,1034,383,1151
3276,62162240,1059,1156,0,1033,374,1144
3277,62172240,1063,1165,0,1028,361,1141
3278,62182240,1065,1170,0,1027,352,1133
3279,62192240,1073,1176,0,1026,339,1129
3280,62202240,1077,1182,0,1027,337,1125
3281,62212240,991,1174,0,1023,333,1121
3282,62222240,1083,1180,0,1025,334,1122
3283,62232240,1083,1185,0,1020,334,1120
3284,62242240,1088,1185,0,1020,335,1119
3285,62252240,1088,1186,0,1020,335,1118
3286,62262240,1093,1190,0,1019,332,1114
3287,62272240,1098,1191,0,1018,331,1110
3288,62282240,1100,1194,0,1016,322,1109
3289,62292240,1107,1197,0,1017,320,1107
3290,62302240,1112,1202,0,1016,311,1096
3291,62312240,1115,1206,0,1015,301,1100
3292,62322240,1120,1208,0,1015,298,1096
3293,62332240,1126,1213,0,1014,284,1095
3294,62342240,1125,1214,0,967,233,1069
3295,62352240,1132,1224,0,1008,263,1083
3296,62362240,1135,1224,0,1007,254,1076
3297,62372240,1141,1230,0,1007,249,1068
3298,62382240,1145,1232,0,1005,243,1068
3299,62392240,1147,1236,0,1004,238,1065
3300,62402240,1149,1239,0,1001,232,1060
3301,62412240,1155,1243,0,1003,225,1056
3302,62422240,1157,1241,0,997,218,1048
3303,62432240,1159,1243,0,996,206,1041
3304,62442240,1165,1246,0,996,206,1030
3305,62452240,1167,1251,0,997,192,1014
3306,62462240,1172,1251,0,997,191,1016
3307,62472240,1167,1250,0,999,194,1016
3308,62482240,1172,1252,0,999,203,1015
3309,62492240,1170,1251,0,1001,208,1016
3310,62502240,1170,1252,0,1001,211,1014
3311,62512240,1172,1253,0,1003,214,1015
3312,62522240,1171,1252,0,1005,221,1016
3313,62532240,1171,1253,0,1005,222,1017
3314,62542240,1164,1252,0,1007,225,1012
3315,62552240,1171,1252,0,1005,228,1012
3316,62562240,1171,1252,0,1004,228,1009
3317,62572240,1180,1255,0,1004,230,1012
3318,62582240,1175,1256,0,1010,230,1007
3319,62592240,1177,1259,0,1004,227,1003
3320,62602240,1180,1262,0,1007,210,996
3321,62612240,1189,1268,0,1000,181,977
3322,62622240,1196,1277,0,996,155,961
3323,62632240,1210,1289,0,991,131,936
3324,62642240,1222,1298,0,981,107,910
3325,62652240,1235,1310,0,972,94,872
3326,62662240,1242,1321,0,959,71,847
3327,62672240,1255,1221,0,891,42,777
3328,62682240,1269,1335,0,941,52,798
3329,62692240,1271,1340,0,939,45,790
3330,62702240,1274,1339,0,938,43,787
3331,62712240,1274,1343,0,936,44,790
3332,62722240,1277,1347,0,938,42,790
3333,62732240,1280,1348,0,934,44,790
3334,62742240,1285,1348,0,932,42,788
3335,62752240,1285,1349,0,927,41,792
3336,62762240,1285,1352,0,923,40,796
3337,62772240,1287,1349,0,923,43,804
3338,62782240,1282,1345,0,927,47,813
3339,62792240,1275,1339,0,931,67,822
3340,62802240,1268,1333,0,933,70,837
3341,62812240,1263,1328,0,936,85,844
3342,62822240,1255,1321,0,935,83,852
3343,62832240,1246,1316,0,937,91,857
3344,62842240,1242,1306,0,935,93,861
3345,62852240,1235,1301,0,934,93,869
3346,62862240,1226,1290,0,938,99,874
3347,62872240,1212,1278,0,940,104,881
3348,62882240,1203,1270,0,944,116,889
3349,62892240,1193,1262,0,948,120,902
3350,62902240,1179,1254,0,948,119,909
3351,62912240,1172,1244,0,952,137,916
3352,62922240,1166,1240,0,956,137,920
3353,62932240,1160,1230,0,954,151,929
3354,62942240,1148,1228,0,955,149,936
3355,62952240,1143,1220,0,958,154,941
3356,62962240,1140,1212,0,961,165,953
3357,62972240,1130,1205,0,964,173,963
3358,62982240,1121,1197,0,974,185,971
3359,62992240,1113,1193,0,970,194,983
3360,63002240,1103,1186,0,969,210,939
3361,63012240,1098,1180,0,973,218,994
3362,63022240,1095,1177,0,975,221,1000
3363,63032240,1088,1172,0,976,222,1003
3364,63042240,1090,1173,0,980,223,1008
3365,63052240,1090,1175,0,979,230,1012
3366,63062240,1090,1174,0,979,233,1011
3367,63072241,1044,1096,0,897,224,1014
3368,63082240,1092,1177,0,978,232,1012
3369,63092240,1088,1176,0,979,234,1013
3370,63102240,1091,1175,0,983,233,1014
3371,63112240,1087,1168,0,978,236,1016
3372,63122240,1084,1170,0,980,237,1016
3373,63132240,1079,1169,0,980,236,1022
3374,63142240,1078,1164,0,983,236,1023
3375,63152240,1074,1169,0,984,237,1029
3376,63162240,1075,1164,0,983,244,1031
3377,63172240,1075,1163,0,986,243,1039
3378,63182240,1077,1164,0,985,240,1042
3379,63192240,1075,1164,0,987,242,1044
3380,63202240,1077,1167,0,982,248,1046
3381,63212240,1076,1167,0,988,246,1047
3382,63222240,1075,1165,0,989,248,1052
3383,63232240,1072,1164,0,991,251,1057
3384,63242240,1073,1164,0,989,254,1060
3385,63252240,1073,1162,0,993,259,1060
3386,63262240,1072,1161,0,991,264,1064
3387,63272240,1073,1164,0,995,265,1065
3388,63282240,1072,1162,0,994,266,1067
3389,63292240,1071,1163,0,993,268,1068
3390,63302240,1071,1163,0,997,267,1067
3391,63312240,1070,1162,0,997,265,1068
3392,63322240,1071,1163,0,997,280,1074
3393,63332240,1006,1111,0,999,273,1071
3394,63342240,1074,1163,0,999,272,1070
3395,63352240,1075,1167,0,999,284,1075
3396,63362240,1071,1164,0,1000,279,1076
3397,63372240,1070,1163,0,1001,276,1079
3398,63382240,1069,1162,0,1003,277,1080
3399,63392240,1068,1161,0,1003,276,1081
3400,63402240,1067,1159,0,1004,277,1083
3401,63412240,1062,1159,0,1004,276,1085
3402,63422240,1061,1159,0,1005,280,1087
3403,63432240,1063,1157,0,1004,288,1088
3404,63442240,1060,1158,0,1006,287,1092
3405,63452240,1062,1159,0,1008,292,1094
3406,63462240,1061,1059,0,946,271,1053
3407,63472240,1058,1156,0,1009,295,1100
3408,63482240,1060,1155,0,1009,298,1101
3409,63492240,1061,1158,0,1010,301,1100
3410,63502240,1063,1159,0,1012,301,1101
3411,63512240,1064,1159,0,1008,305,1102
3412,63522240,1063,1161,0,964,276,1034
3413,63532240,1068,1164,0,1010,302,1094
3414,63542240,1073,1168,0,1008,304,1095
3415,63552240,1074,1165,0,1008,298,1099
3416,63562240,1076,1173,0,1007,299,1099
3417,63572240,1081,1174,0,1005,298,1099
3418,63582240,1080,1172,0,1006,301,1100
3419,63592240,1077,1167,0,966,261,1083
3420,63602240,1081,1176,0,1007,306,1100
3421,63612240,1080,1175,0,1007,304,1103
3422,63622240,1083,1177,0,1005,303,1101
3423,63632240,1084,1177,0,1006,297,1101
3424,63642240,1089,1179,0,1005,301,1103
3425,63652240,1093,1179,0,1005,300,1100
3426,63662240,1093,1180,0,1003,300,1103
3427,63672240,1095,1180,0,1005,299,1100
3428,63682240,1098,1181,0,1005,295,1097
3429,63692240,1103,1188,0,1001,293,1097
3430,63702240,1107,1191,0,1002,286,1097
3431,63712240,1111,1195,0,1001,283,1094
3432,63722240,1114,1196,0,997,277,1038
3433,63732240,1116,1199,0,999,271,1086
3434,63742240,1121,1203,0,997,267,1083
3435,63752240,1122,1205,0,993,256,1080
3436,63762240,1129,1204,0,989,247,1076
3437,63772240,1133,1210,0,984,238,1071
3438,63782240,1141,1216,0,979,223,1064
3439,63792240,1149,1225,0,977,204,1056
3440,63802240,1152,1229,0,968,183,1045
3441,63812240,1162,1237,0,959,163,1038
3442,63822240,1173,1243,0,953,152,1015
3443,63832240,1180,1250,0,948,136,1004
3444,63842240,1182,1256,0,937,130,995
3445,63852240,1138,1176,0,854,112,991
3446,63862240,1192,1259,0,930,113,985
3447,63872240,1191,1260,0,928,111,984
3448,63882240,1190,1260,0,929,116,980
3449,63892240,1192,1259,0,925,117,988
3450,63902240,1193,1259,0,925,116,979
3451,63912240,1193,1258,0,923,117,976
3452,63922241,1150,1176,0,851,113,970
3453,63932240,1194,1260,0,920,112,967
3454,63942240,1192,1258,0,916,110,966
3455,63952240,1193,1260,0,913,109,965
3456,63962240,1195,1259,0,910,110,962
3457,63972240,1194,1259,0,909,106,957
3458,63982240,1193,1259,0,907,112,956
3459,63992240,1101,1256,0,904,106,956
3460,64002240,1205,1262,0,904,104,955
3461,64012240,1199,1262,0,903,99,955
3462,64022240,1199,1266,0,902,104,956
3463,64032240,1202,1266,0,905,97,953
3464,64042240,1202,1268,0,898,94,952
3465,64052240,1204,1267,0,901,90,949
3466,64062240,1207,1270,0,892,86,946
3467,64072240,1207,1270,0,889,76,940
3468,64082240,1209,1271,0,890,77,937
3469,64092240,1207,1270,0,890,79,936
3470,64102240,1209,1271,0,891,81,936
3471,64112240,1211,1271,0,890,82,938
3472,64122240,1207,1266,0,890,47,912
3473,64132240,1208,1269,0,892,83,935
3474,64142240,1206,1268,0,893,83,936
3475,64152240,1208,1269,0,892,81,936
3476,64162240,1206,1268,0,897,80,936
3477,64172240,1204,1268,0,891,82,938
3478,64182240,1207,1267,0,894,84,935
3479,64192240,1205,1268,0,893,86,935
3480,64202240,1203,1267,0,894,90,936
3481,64212240,1201,1268,0,899,93,936
3482,64222240,1200,1265,0,904,98,938
3483,64232240,1197,1264,0,903,98,938
3484,64242240,1193,1260,0,906,100,940
3485,64252240,1144,1178,0,829,102,945
3486,64262240,1192,1256,0,913,110,948
3487,64272240,1188,1254,0,917,113,950
3488,64282240,1185,1251,0,922,113,953
3489,64292240,1182,1250,0,926,116,958
3490,64302240,1179,1247,0,932,121,967
3491,64312240,1177,1244,0,932,137,971
3492,64322240,1174,1240,0,939,144,978
3493,64332240,1170,1238,0,946,150,981
3494,64342240,1165,1236,0,952,155,987
3495,64352240,1160,1229,0,955,163,993
3496,64362240,1151,1230,0,962,170,999
3497,64372240,1145,1224,0,966,178,1005
3498,64382240,1141,1220,0,971,187,1012
3499,64392240,1137,1215,0,972,196,1014
3500,64402240,1131,1210,0,977,205,1016
3501,64412240,1127,1208,0,981,211,1029
3502,64422240,1125,1206,0,983,214,1034
3503,64432240,1121,1210,0,984,217,1038
3504,64442240,1116,1102,0,928,200,996
3505,64452240,1114,1196,0,991,229,1048
3506,64462240,1110,1196,0,995,245,1051
3507,64472240,1106,1192,0,997,243,1057
3508,64482240,1099,1189,0,1000,251,1062
3509,64492240,1099,1193,0,1000,253,1064
3510,64502240,1096,1188,0,1001,264,1066
3511,64512240,1095,1187,0,1003,268,1073
3512,64522240,1088,1177,0,1003,276,1072
3513,64532240,1082,1178,0,1005,281,1078
3514,64542240,1079,1175,0,1008,285,1080
3515,64552240,1077,1173,0,1007,291,1082
3516,64562240,1076,1172,0,1011,295,1084
3517,64572240,1073,1171,0,1010,298,1034
3518,64582240,1074,1174,0,1020,306,1089
3519,64592240,1076,1172,0,1012,306,1092
3520,64602240,1076,1172,0,1013,307,1095
3521,64612240,1077,1174,0,1014,306,1096
3522,64622240,1074,1172,0,1015,304,1097
3523,64632240,1076,1171,0,1014,310,1098
3524,64642240,1073,1170,0,1017,313,1103
3525,64652240,1073,1176,0,1016,325,1105
3526,64662240,1073,1167,0,1017,318,1101
3527,64672240,1073,1170,0,1016,320,1104
3528,64682240,1072,1171,0,1016,316,1105
3529,64692240,1075,1170,0,1016,318,1105
3530,64702240,1075,1170,0,1018,323,1106
3531,64712240,1075,1169,0,1016,323,1108
3532,64722240,1072,1168,0,1016,324,1108
3533,64732240,1070,1165,0,1017,330,1110
3534,64742240,1066,1166,0,1016,332,1111
3535,64752240,1064,1164,0,1017,333,1115
3536,64762240,1066,1161,0,1013,333,1062
3537,64772240,1064,1161,0,1017,336,1115
3538,64782240,1066,1163,0,1016,334,1116
3539,64792240,1063,1160,0,1016,334,1117
3540,64802240,1059,1157,0,1017,334,1119
3541,64812240,1055,1154,0,1016,334,1121
3542,64822240,1054,1151,0,1018,341,1120
3543,64832240,1047,1152,0,1018,337,1123
3544,64842240,1045,1152,0,1019,333,1125
3545,64852240,1043,1145,0,1018,335,1125
3546,64862240,1041,1141,0,1020,340,1123
3547,64872240,1035,1138,0,1023,338,1125
3548,64882240,1030,1134,0,1021,335,1127
3549,64892240,1025,1132,0,1025,344,1131
3550,64902240,1021,1129,0,1024,346,1130
3551,64912240,1020,1130,0,1023,342,1133
3552,64922240,1020,1130,0,1024,346,1134
3553,64932240,1018,1131,0,1022,353,1136
3554,64942240,1019,1133,0,1022,350,1134
3555,64952240,1021,1132,0,1025,354,1138
3556,64962240,1018,1130,0,980,311,1118
3557,64972240,1021,1131,0,1021,353,1136
3558,64982240,1022,1129,0,1025,356,1136
3559,64992240,1021,1135,0,1024,359,1137
3560,65002240,1022,1131,0,1028,359,1135
3561,65012240,1027,1131,0,1028,357,1139
3562,65022240,1031,1133,0,1023,355,1134
3563,65032240,1033,1134,0,1023,355,1136
3564,65042240,1031,1134,0,1020,353,1134
3565,65052240,1031,1135,0,1020,350,1134
3566,65062240,1035,1138,0,1023,350,1129
3567,65072240,1033,1137,0,1024,347,1129
3568,65082240,1036,1139,0,1020,344,1131
3569,65092240,1035,1139,0,979,303,1108
3570,65102240,1043,1142,0,1021,342,1130
3571,65112240,1044,1143,0,1029,339,1128
3572,65122240,1047,1145,0,1019,335,1128
3573,65132240,1048,1147,0,1018,333,1128
3574,65142240,1049,1147,0,1018,330,1126
3575,65152240,1050,1147,0,1018,330,1120
3576,65162240,1057,1151,0,1018,330,1130
3577,65172240,1054,1152,0,1017,331,1123
3578,65182240,1061,1154,0,1017,330,1124
3579,65192240,1059,1157,0,1018,332,1124
3580,65202240,1063,1159,0,1016,330,1123
3581,65212240,1062,1160,0,1015,328,1123
3582,65222240,1062,1160,0,1014,319,1120
3583,65232240,1066,1160,0,1012,316,1120
3584,65242240,1068,1162,0,1014,310,1117
3585,65252240,1069,1166,0,1012,304,1115
3586,65262240,1077,1166,0,1011,302,1113
3587,65272240,1075,1169,0,1009,299,1110
3588,65282240,1077,1168,0,1011,298,1109
3589,65292240,1076,1168,0,968,254,1089
3590,65302240,1077,1171,0,1009,295,1104
3591,65312240,1079,1171,0,1010,289,1106
3592,65322240,1079,1172,0,1008,291,1105
3593,65332240,1080,1172,0,1006,294,1103
3594,65342240,1078,1170,0,1010,297,1106
3595,65352240,1078,1170,0,1010,300,1110
3596,65362241,1075,1072,0,955,281,1060
3597,65372240,1080,1166,0,1010,307,1109
3598,65382240,1072,1167,0,1011,316,1110
3599,65392240,1073,1166,0,1011,307,1109
3600,65402240,1074,1167,0,1012,312,1111
3601,65412240,1074,1166,0,1012,312,1111
3602,65422240,1073,1166,0,1011,313,1111
3603,65432240,1073,1071,0,940,289,1065
3604,65442240,1074,1168,0,1012,315,1111
3605,65452240,1076,1168,0,1013,315,1113
3606,65462240,1075,1168,0,1012,318,1110
3607,65472240,1076,1167,0,1014,317,1112
3608,65482240,1077,1169,0,1010,315,1112
3609,65492240,1077,1169,0,1011,318,1111
3610,65502240,1076,1170,0,1010,319,1113
3611,65512240,1078,1170,0,1012,320,1112
3612,65522240,1076,1166,0,1012,318,1113
3613,65532240,1078,1169,0,1007,320,1113
3614,65542240,1077,1168,0,1010,320,1112
3615,65552240,1077,1169,0,1015,317,1112
3616,65562240,1077,1169,0,1012,319,1113
3617,65572240,1078,1169,0,1010,317,1114
3618,65582240,1079,1167,0,1011,320,1111
3619,65592240,1077,1163,0,1011,322,1110
3620,65602240,1077,1169,0,1012,319,1110
3621,65612240,1077,1169,0,1009,324,1110
3622,65622240,1076,1164,0,1012,276,1083
3623,65632240,1075,1167,0,1012,326,1113
3624,65642240,1076,1166,0,1015,326,1113
3625,65652240,1075,1166,0,1014,323,1113
3626,65662240,1073,1165,0,1009,325,1112
3627,65672240,1074,1166,0,1013,324,1113
3628,65682240,1073,1169,0,1012,324,1112
3629,65692240,1074,1167,0,1011,326,1113
3630,65702240,1076,1169,0,1013,329,1109
3631,65712240,1074,1166,0,1013,329,1115
3632,65722240,1073,1161,0,1012,330,1116
3633,65732240,1074,1165,0,1014,330,1116
3634,65742240,1073,1164,0,1014,333,1116
3635,65752240,1072,1165,0,1012,333,1117
3636,65762240,1072,1163,0,1013,336,1117
3637,65772240,1070,1164,0,1014,333,1118
3638,65782240,1068,1164,0,1015,338,1119
3639,65792240,1068,1161,0,1018,338,1119
3640,65802240,1068,1164,0,1014,335,1121
3641,65812240,1068,1162,0,1015,340,1122
3642,65822240,1068,1162,0,1015,339,1122
3643,65832240,1067,1160,0,1013,340,1120
3644,65842240,1068,1162,0,1015,340,1121
3645,65852240,1070,1161,0,1015,339,1122
3646,65862240,1069,1163,0,1014,342,1121
3647,65872240,1070,1162,0,1014,340,1121
3648,65882240,1069,1161,0,1014,350,1123
3649,65892240,1068,1161,0,1015,342,1125
3650,65902240,1071,1162,0,1014,347,1122
3651,65912240,1071,1160,0,1013,342,1123
3652,65922240,1070,1162,0,1014,340,1118
3653,65932240,1072,1163,0,1013,341,1120
3654,65942240,1072,1167,0,1013,341,1118
3655,65952240,1072,1165,0,1012,338,1120
3656,65962240,1072,1165,0,1014,336,1119
3657,65972240,1075,1165,0,1013,336,1116
3658,65982240,1075,1164,0,1012,336,1117
3659,65992240,1076,1168,0,1014,331,1117
3660,66002240,1077,1166,0,1012,329,1116
3661,66012240,1076,1167,0,1012,331,1114
3662,66022240,1079,1162,0,1011,330,1113
3663,66032240,1078,1168,0,1012,326,1113
3664,66042240,1078,1168,0,1011,329,1115
3665,66052240,1080,1170,0,1013,328,1114
3666,66062240,1081,1170,0,1011,329,1113
3667,66072240,1079,1169,0,1011,328,1112
3668,66082240,1082,1171,0,1011,327,1111
3669,66092240,1080,1171,0,1010,335,1108
3670,66102240,1080,1172,0,1011,327,1110
3671,66112240,1083,1171,0,1009,328,1110
3672,66122240,1080,1172,0,1008,326,1111
3673,66132240,1080,1171,0,1008,326,1116
3674,66142240,1078,1073,0,947,305,1064
3675,66152240,1082,1170,0,1010,329,1111
3676,66162240,1078,1169,0,1009,331,1110
3677,66172240,1079,1172,0,1010,334,1110
3678,66182240,1080,1171,0,1011,334,1113
3679,66192240,1082,1171,0,1009,330,1110
3680,66202240,1080,1171,0,1010,332,1110
3681,66212240,1077,1173,0,1010,331,1110
3682,66222240,1082,1174,0,1010,333,1118
3683,66232240,1085,1175,0,1008,331,1109
3684,66242240,1083,1174,0,1010,330,1107
3685,66252240,1083,1175,0,1008,327,1109
3686,66262240,1083,1179,0,1009,328,1107
3687,66272240,1086,1175,0,1009,327,1104
3688,66282240,1087,1169,0,1009,326,1108
3689,66292240,1088,1175,0,1010,323,1109
3690,66302240,1086,1175,0,1007,324,1107
3691,66312240,1085,1176,0,1007,328,1108
3692,66322240,1086,1174,0,1009,325,1110
3693,66332240,1083,1175,0,1010,329,1109
3694,66342240,1085,1176,0,1008,331,1109
3695,66352240,1086,1176,0,1010,329,1107
3696,66362240,1089,1177,0,1009,328,1107
3697,66372240,1086,1176,0,1010,330,1105
3698,66382240,1088,1177,0,1010,327,1109
3699,66392240,1086,1178,0,1006,328,1108
3700,66402240,1086,1177,0,1006,329,1106
3701,66412240,1088,1178,0,1004,330,1052
3702,66422240,1091,1178,0,1009,331,1109
3703,66432240,1089,1178,0,1008,328,1107
3704,66442240,1090,1179,0,1011,330,1109
3705,66452240,1088,1179,0,1010,329,1108
3706,66462240,1092,1178,0,1011,328,1105
3707,66472240,1091,1178,0,1009,327,1107
3708,66482240,1090,1179,0,1006,325,1106
3709,66492240,1093,1180,0,1008,323,1108
3710,66502240,1093,1180,0,1007,321,1102
3711,66512240,1089,1181,0,1006,323,1105
3712,66522240,1095,1180,0,1010,323,1105
3713,66532240,1096,1180,0,1006,326,1105
3714,66542240,1096,1181,0,1009,325,1104
3715,66552240,1096,1181,0,1006,322,1102
3716,66562240,1098,1181,0,1008,322,1103
3717,66572240,1097,1181,0,999,316,1100
3718,66582240,1096,1182,0,1006,318,1100
3719,66592240,1097,1182,0,1007,314,1099
3720,66602240,1101,1183,0,1006,312,1100
3721,66612240,1100,1184,0,1005,313,1096
3722,66622240,1102,1184,0,1006,308,1097
3723,66632240,1102,1187,0,1005,310,1097
3724,66642240,1105,1187,0,1005,308,1097
3725,66652240,1104,1188,0,1006,307,1094
3726,66662240,1099,1186,0,1006,307,1094
3727,66672240,1104,1186,0,1003,306,1094
3728,66682240,1102,1188,0,1004,304,1094
3729,66692240,1101,1187,0,1005,303,1092
3730,66702240,1104,1187,0,1004,302,1093
3731,66712240,1103,1187,0,1003,303,1090
3732,66722240,1103,1187,0,1004,300,1091
3733,66732240,1107,1189,0,1004,298,1092
3734,66742240,1108,1188,0,1003,298,1090
3735,66752240,1107,1187,0,1004,298,1086
3736,66762240,1108,1188,0,1006,307,1087
3737,66772240,1109,1189,0,1003,295,1089
3738,66782240,1110,1189,0,1002,294,1089
3739,66792240,1018,1183,0,1012,294,1089
3740,66802240,1108,1191,0,1003,293,1088
3741,66812240,1111,1190,0,1002,287,1086
3742,66822240,1109,1192,0,1004,286,1083
3743,66832240,1109,1191,0,1001,284,1086
3744,66842240,1111,1191,0,1001,283,1085
3745,66852240,1112,1190,0,1000,283,1082
3746,66862240,1114,1192,0,1000,280,1083
3747,66872240,1112,1190,0,999,284,1082
3748,66882240,1114,1194,0,998,276,1082
3749,66892240,1109,1192,0,998,280,1088
3750,66902240,1116,1193,0,999,281,1082
3751,66912240,1115,1192,0,998,281,1082
3752,66922240,1115,1192,0,999,280,1080
3753,66932240,1115,1192,0,999,281,1083
3754,66942240,1117,1194,0,998,281,1083
3755,66952240,1116,1192,0,1000,283,1084
3756,66962240,1116,1192,0,998,285,1084
3757,66972240,1115,1193,0,1003,286,1084
3758,66982240,1113,1192,0,998,285,1087
3759,66992240,1115,1189,0,999,292,1084
3760,67002240,1114,1192,0,1001,291,1084
3761,67012240,1114,1191,0,1002,294,1092
3762,67022240,1113,1191,0,997,294,1086
3763,67032240,1112,1189,0,1001,295,1091
3764,67042240,1112,1189,0,999,298,1085
3765,67052240,1111,1185,0,1000,298,1083
3766,67062240,1111,1190,0,1001,298,1086
3767,67072240,1109,1189,0,1001,300,1088
3768,67082240,1109,1186,0,1000,299,1087
3769,67092240,1109,1187,0,1001,298,1087
3770,67102240,1111,1190,0,1001,300,1091
3771,67112240,1110,1189,0,1001,300,1089
3772,67122240,1110,1188,0,1001,301,1090
3773,67132240,1110,1187,0,1002,303,1090
3774,67142240,1108,1182,0,1002,303,1088
3775,67152240,1110,1187,0,1002,304,1089
3776,67162240,1111,1189,0,1003,303,1092
3777,67172240,1112,1189,0,1001,304,1088
3778,67182240,1110,1190,0,1001,303,1087
3779,67192240,1119,1190,0,1001,300,1088
3780,67202240,1112,1190,0,1000,302,1087
3781,67212240,1113,1191,0,1001,302,1087
3782,67222240,1112,1193,0,1001,299,1086
3783,67232240,1112,1192,0,1000,303,1084
3784,67242240,1114,1194,0,1000,298,1089
3785,67252240,1046,1138,0,1000,299,1085
3786,67262240,1116,1192,0,998,295,1083
3787,67272240,1116,1193,0,999,295,1085
3788,67282240,1115,1192,0,999,295,1082
3789,67292240,1115,1192,0,999,295,1082
3790,67302240,1117,1195,0,1000,294,1081
3791,67312240,1116,1193,0,997,290,1080
3792,67322240,1118,1193,0,996,289,1081
3793,67332240,1119,1194,0,992,282,1077
3794,67342240,1121,1195,0,994,278,1074
3795,67352240,1121,1196,0,994,284,1073
3796,67362240,1121,1197,0,994,284,1072
3797,67372240,1121,1196,0,992,285,1075
3798,67382241,1076,1119,0,912,284,1074
3799,67392240,1120,1199,0,994,285,1071
3800,67402240,1124,1197,0,995,288,1073
3801,67412240,1119,1196,0,995,288,1074
3802,67422240,1123,1195,0,993,297,1072
3803,67432240,1121,1198,0,994,286,1073
3804,67442240,1123,1199,0,990,288,1074
3805,67452240,1123,1199,0,994,287,1073
3806,67462240,1121,1195,0,993,288,1070
3807,67472240,1123,1199,0,993,289,1069
3808,67482240,1124,1198,0,993,299,1071
3809,67492240,1123,1197,0,994,290,1074
3810,67502240,1123,1198,0,993,290,1073
3811,67512240,1123,1198,0,995,293,1069
3812,67522240,1124,1198,0,994,284,1074
3813,67532240,1125,1200,0,994,289,1075
3814,67542240,1125,1197,0,993,290,1079
3815,67552240,1125,1198,0,994,293,1073
3816,67562240,1123,1190,0,994,291,1074
3817,67572240,1123,1194,0,998,294,1073
3818,67582240,1031,1193,0,995,294,1076
3819,67592240,1122,1196,0,991,296,1077
3820,67602240,1120,1198,0,995,296,1077
3821,67612240,1124,1196,0,994,296,1077
3822,67622240,1121,1196,0,994,295,1076
3823,67632240,1123,1191,0,995,296,1077
3824,67642240,1121,1195,0,997,297,1073
3825,67652240,1121,1194,0,996,297,1074
3826,67662240,1120,1196,0,993,297,1078
3827,67672240,1120,1193,0,998,302,1078
3828,67682240,1121,1193,0,996,301,1079
3829,67692240,1120,1194,0,997,301,1078
3830,67702240,1121,1195,0,995,303,1079
3831,67712240,1118,1193,0,955,265,1063
3832,67722240,1118,1193,0,998,303,1078
3833,67732240,1119,1194,0,996,305,1080
3834,67742240,1116,1193,0,997,306,1080
3835,67752240,1118,1192,0,998,304,1080
3836,67762240,1117,1193,0,999,306,1081
3837,67772240,1117,1193,0,997,308,1079
3838,67782240,1117,1193,0,999,308,1082
3839,67792240,1118,1193,0,998,306,1080
3840,67802240,1119,1191,0,998,305,1081
3841,67812240,1119,1194,0,997,305,1079
3842,67822240,1119,1193,0,1000,304,1079
3843,67832240,1122,1194,0,1001,303,1079
3844,67842241,1075,1114,0,911,300,1079
3845,67852240,1122,1196,0,996,301,1083
3846,67862240,1119,1195,0,997,301,1078
3847,67872240,1123,1195,0,997,299,1079
3848,67882240,1122,1196,0,996,298,1077
3849,67892240,1124,1197,0,993,297,1077
3850,67902240,1121,1196,0,996,298,1076
3851,67912240,1125,1196,0,995,295,1075
3852,67922240,1123,1198,0,995,293,1074
3853,67932240,1123,1199,0,991,293,1075
3854,67942240,1125,1199,0,992,290,1075
3855,67952240,1125,1199,0,988,289,1072
3856,67962240,1123,1198,0,989,288,1069
3857,67972240,1127,1199,0,992,288,1072
3858,67982240,1127,1199,0,990,289,1071
3859,67992240,1127,1199,0,990,288,1070
3860,68002240,1127,1199,0,990,292,1072
3861,68012240,1128,1197,0,992,294,1071
3862,68022240,1125,1198,0,990,293,1072
3863,68032240,1126,1198,0,990,296,1074
3864,68042240,1124,1197,0,989,297,1074
3865,68052240,1125,1197,0,997,295,1077
3866,68062240,1123,1197,0,994,297,1076
3867,68072240,1121,1196,0,992,298,1077
3868,68082240,1121,1194,0,993,298,1078
3869,68092240,1122,1196,0,993,301,1079
3870,68102240,1121,1195,0,995,304,1079
3871,68112240,1119,1194,0,994,306,1081
3872,68122240,1119,1195,0,996,309,1083
3873,68132240,1115,1191,0,995,312,1084
3874,68142240,1117,1194,0,995,312,1084
3875,68152240,1116,1193,0,997,315,1085
3876,68162240,1115,1192,0,995,312,1034
3877,68172240,1114,1192,0,997,316,1087
3878,68182240,1114,1191,0,996,314,1088
3879,68192240,1113,1191,0,999,314,1087
3880,68202240,1112,1188,0,1001,317,1088
3881,68212240,1110,1186,0,1000,317,1087
3882,68222240,1111,1186,0,999,322,1088
3883,68232240,1110,1185,0,1000,319,1089
3884,68242240,1109,1186,0,1000,325,1090
3885,68252240,1108,1187,0,1000,324,1092
3886,68262240,1107,1185,0,1001,328,1091
3887,68272240,1108,1186,0,998,327,1094
3888,68282240,1109,1192,0,1001,326,1091
3889,68292240,1109,1187,0,1003,329,1094
3890,68302240,1107,1187,0,1003,330,1091
3891,68312240,1109,1193,0,1004,330,1094
3892,68322240,1107,1187,0,1002,329,1095
3893,68332240,1108,1188,0,1001,331,1095
3894,68342240,1108,1187,0,1003,327,1085
3895,68352240,1108,1190,0,1004,330,1093
3896,68362240,1108,1186,0,1003,331,1096
3897,68372240,1107,1186,0,1003,332,1085
3898,68382240,1108,1186,0,1003,330,1094
3899,68392240,1109,1193,0,1003,332,1093
3900,68402240,1108,1181,0,1001,332,1094
3901,68412240,1104,1183,0,962,294,1073
3902,68422240,1106,1186,0,1005,332,1095
3903,68432240,1105,1185,0,1006,331,1095
3904,68442240,1107,1184,0,1005,334,1096
3905,68452240,1105,1184,0,1006,333,1096
3906,68462240,1106,1184,0,1003,334,1097
3907,68472240,1106,1186,0,1007,335,1096
3908,68482241,1058,1105,0,926,334,1095
3909,68492240,1104,1184,0,1006,343,1096
3910,68502240,1101,1177,0,1006,332,1097
3911,68512240,1100,1181,0,1008,334,1097
3912,68522240,1101,1182,0,1009,337,1095
3913,68532240,1099,1177,0,1009,339,1098
3914,68542240,1098,1179,0,1010,335,1098
3915,68552240,1098,1180,0,1008,337,1102
3916,68562240,1094,1180,0,1010,337,1102
3917,68572240,1099,1181,0,1009,337,1106
3918,68582240,1098,1180,0,1010,334,1103
3919,68592240,1098,1180,0,1012,338,1106
3920,68602240,1095,1180,0,1012,340,1104
3921,68612241,1091,1082,0,948,312,1060
3922,68622240,1096,1177,0,1011,348,1105
3923,68632240,1093,1177,0,1012,341,1108
3924,68642240,1093,1176,0,1011,344,1108
3925,68652240,1095,1175,0,1013,341,1109
3926,68662240,1094,1177,0,1013,344,1110
3927,68672240,1094,1177,0,1013,346,1112
3928,68682240,1093,1176,0,1013,345,1110
3929,68692240,1096,1178,0,1014,347,1110
3930,68702240,1097,1176,0,1013,346,1111
3931,68712240,1092,1172,0,1013,346,1111
3932,68722240,1095,1178,0,1013,345,1111
3933,68732240,1098,1175,0,1014,343,1110
3934,68742240,1089,1176,0,971,305,1091
3935,68752240,1094,1173,0,1014,345,1113
3936,68762240,1092,1176,0,1012,345,1110
3937,68772240,1095,1180,0,1013,347,1110
3938,68782240,1091,1177,0,1014,348,1111
3939,68792240,1096,1177,0,1013,350,1112
3940,68802240,1095,1177,0,1014,351,1115
3941,68812240,1096,1178,0,1013,353,1113
3942,68822240,1096,1178,0,1014,353,1116
3943,68832240,1095,1177,0,1015,351,1112
3944,68842240,1094,1179,0,1014,353,1111
3945,68852240,1097,1177,0,1013,351,1114
3946,68862240,1099,1178,0,1014,350,1112
3947,68872240,1097,1179,0,1014,351,1112
3948,68882240,1092,1178,0,1013,353,1112
3949,68892240,1096,1177,0,1013,351,1112
3950,68902240,1096,1178,0,1015,357,1113
3951,68912240,1093,1176,0,1018,354,1115
3952,68922240,1095,1178,0,1013,353,1112
3953,68932240,1024,1126,0,1015,353,1113
3954,68942240,1095,1178,0,1012,353,1113
3955,68952240,1094,1179,0,1012,356,1113
3956,68962240,1097,1179,0,1015,357,1112
3957,68972240,1097,1178,0,1013,353,1112
3958,68982240,1094,1179,0,1015,351,1111
3959,68992240,1098,1086,0,950,323,1067
3960,69002240,1098,1180,0,1012,349,1110
3961,69012240,1099,1179,0,1016,346,1112
3962,69022240,1099,1183,0,1013,349,1108
3963,69032240,1099,1181,0,1014,346,1110
3964,69042240,1099,1181,0,1014,345,1109
3965,69052240,1101,1182,0,1018,346,1113
3966,69062240,1097,1181,0,1013,347,1109
3967,69072240,1101,1182,0,1015,345,1111
3968,69082240,1102,1184,0,1014,344,1112
3969,69092240,1102,1184,0,1016,343,1109
3970,69102240,1104,1184,0,1017,343,1106
3971,69112240,1102,1187,0,1014,343,1109
3972,69122240,1104,1188,0,1008,343,1055
3973,69132240,1112,1187,0,1013,343,1108
3974,69142240,1103,1187,0,1008,344,1105
3975,69152240,1104,1188,0,1013,344,1109
3976,69162240,1104,1186,0,1014,344,1107
3977,69172240,1102,1188,0,1012,344,1108
3978,69182240,1106,1190,0,1010,344,1056
3979,69192240,1105,1189,0,1013,342,1106
3980,69202240,1106,1189,0,1011,344,1106
3981,69212240,1105,1188,0,1015,343,1107
3982,69222240,1105,1189,0,1014,344,1108
3983,69232240,1106,1190,0,1018,344,1107
3984,69242240,1107,1190,0,1014,344,1108
3985,69252240,1109,1187,0,1011,294,1078
3986,69262240,1107,1191,0,1010,345,1106
3987,69272240,1107,1192,0,1013,342,1105
3988,69282240,1108,1190,0,1013,341,1107
3989,69292240,1107,1190,0,1011,337,1106
3990,69302240,1111,1191,0,1014,341,1106
3991,69312240,1111,1191,0,1017,338,1105
3992,69322240,1110,1188,0,1010,290,1074
3993,69332240,1110,1193,0,1016,340,1104
3994,69342240,1110,1192,0,1011,339,1103
3995,69352240,1112,1192,0,1013,342,1104
3996,69362240,1109,1192,0,1010,330,1104
3997,69372240,1110,1192,0,1012,344,1103
3998,69382240,1113,1192,0,1011,339,1103
3999,69392240,1112,1193,0,1013,337,1101
4000,69402240,1112,1189,0,1011,340,1101
4001,69412240,1110,1192,0,1012,338,1102
4002,69422240,1113,1193,0,1010,336,1103
4003,69432240,1113,1191,0,1004,333,1101
4004,69442240,1115,1191,0,1009,334,1101
4005,69452240,1113,1191,0,960,297,1081
4006,69462240,1115,1192,0,1009,333,1101
4007,69472240,1114,1190,0,1009,336,1099
4008,69482240,1115,1192,0,1009,334,1100
4009,69492240,1115,1192,0,1009,336,1100
4010,69502240,1115,1193,0,1008,333,1098
4011,69512240,1114,1197,0,1008,333,1097
4012,69522240,1115,1194,0,1012,331,1097
4013,69532240,1115,1193,0,1007,330,1096
4014,69542240,1115,1193,0,1007,329,1098
4015,69552240,1115,1193,0,1006,329,1097
4016,69562240,1116,1192,0,1002,331,1096
4017,69572240,1117,1194,0,1001,329,1096
4018,69582240,1023,1189,0,1002,330,1096
4019,69592240,1118,1200,0,1003,328,1094
4020,69602240,1116,1192,0,1003,328,1090
4021,69612240,1119,1193,0,1004,325,1092
4022,69622240,1120,1193,0,1002,319,1089
4023,69632240,1119,1194,0,1003,318,1085
4024,69642240,1032,1192,0,1003,316,1086
4025,69652240,1120,1194,0,1001,319,1089
4026,69662240,1118,1195,0,1003,316,1084
4027,69672240,1123,1197,0,1000,315,1087
4028,69682240,1123,1192,0,1002,311,1082
4029,69692240,1120,1197,0,1001,307,1084
4030,69702240,1122,1198,0,999,308,1083
4031,69712240,1125,1199,2,998,303,1082
4032,69722240,1125,1202,0,998,302,1080
4033,69732240,1125,1202,0,997,301,1081
4034,69742240,1129,1201,0,997,299,1079
4035,69752240,1127,1200,0,995,299,1079
4036,69762240,1129,1202,0,993,300,1073
4037,69772241,1083,1125,0,908,294,1076
4038,69782240,1139,1205,0,994,292,1073
4039,69792240,1132,1207,0,990,295,1070
4040,69802240,1131,1207,0,995,294,1063
4041,69812240,1132,1207,0,992,293,1063
4042,69822240,1133,1207,0,992,295,1061
4043,69832240,1133,1206,0,991,296,1061
4044,69842240,1137,1206,0,993,298,1058
4045,69852240,1132,1208,0,991,299,1059
4046,69862240,1133,1211,0,990,298,1060
4047,69872240,1132,1207,0,990,297,1059
4048,69882240,1133,1209,0,990,299,1055
4049,69892240,1136,1208,0,990,299,1056
4050,69902240,1132,1207,0,990,301,1057
4051,69912240,1133,1208,0,990,301,1060
4052,69922240,1134,1206,0,993,303,1058
4053,69932240,1135,1207,0,991,301,1059
4054,69942240,1136,1207,0,992,301,1056
4055,69952240,1135,1208,0,993,303,1058
4056,69962240,1134,1209,0,992,304,1058
4057,69972240,1134,1208,0,993,305,1059
4058,69982240,1133,1207,0,993,307,1057
4059,69992240,1134,1207,0,993,310,1057
4060,70002240,1127,1206,0,994,310,1062
4061,70012240,1130,1207,0,993,316,1060
4062,70022240,1130,1205,0,995,312,1063
4063,70032240,1130,1205,0,996,314,1065
4064,70042240,1041,1200,0,997,314,1066
4065,70052240,1131,1206,0,995,317,1065
4066,70062240,1130,1205,0,996,318,1067
4067,70072240,1125,1203,0,998,327,1068
4068,70082240,1129,1204,0,997,322,1071
4069,70092240,1130,1202,0,998,324,1075
4070,70102240,1038,1198,0,998,324,1077
4071,70112240,1128,1202,0,1000,318,1076
4072,70122240,1128,1201,0,999,328,1075
4073,70132240,1124,1201,0,999,326,1078
4074,70142240,1124,1199,0,999,325,1079
4075,70152240,1124,1205,0,999,330,1081
4076,70162240,1125,1199,0,998,330,1078
4077,70172240,1125,1200,0,999,330,1080
4078,70182240,1129,1201,0,1000,329,1079
4079,70192240,1126,1200,0,1001,328,1079
4080,70202240,1127,1203,0,1001,330,1081
4081,70212240,1125,1202,0,1000,327,1081
4082,70222240,1126,1202,0,1003,330,1085
4083,70232240,1121,1201,0,1003,332,1084
4084,70242240,1126,1201,0,1000,332,1084
4085,70252240,1126,1204,0,1004,333,1085
4086,70262240,1123,1201,0,1002,334,1082
4087,70272240,1122,1200,0,1001,333,1086
4088,70282240,1123,1199,0,1003,334,1086
4089,70292240,1121,1201,0,1011,334,1083
4090,70302240,1124,1198,0,1005,333,1082
4091,70312240,1119,1198,0,1004,337,1084
4092,70322240,1121,1198,0,1004,335,1086
4093,70332240,1119,1197,0,1004,337,1088
4094,70342240,1118,1196,0,1008,336,1086
4095,70352240,1118,1196,0,1006,338,1090
4096,70362240,1117,1196,0,1007,337,1087
4097,70372240,1114,1195,0,1006,340,1091
4098,70382240,1116,1194,0,1006,339,1092
4099,70392240,1116,1194,0,1007,340,1087
4100,70402240,1115,1196,0,1005,340,1092
4101,70412240,1115,1194,0,1004,339,1091
4102,70422240,1114,1195,0,1005,339,1090
4103,70432240,1118,1196,0,1007,341,1090
4104,70442240,1118,1194,0,1006,339,1092
4105,70452240,1116,1196,0,1008,348,1091
4106,70462240,1116,1194,0,1011,335,1093
4107,70472240,1116,1196,0,1009,340,1093
4108,70482241,1068,1119,0,928,336,1095
4109,70492240,1117,1195,0,1009,340,1094
4110,70502240,1114,1196,0,1010,341,1092
4111,70512240,1118,1196,0,1010,340,1092
4112,70522240,1115,1196,0,1009,343,1092
4113,70532240,1117,1195,0,1009,341,1095
4114,70542240,1117,1198,0,1010,341,1093
4115,70552240,1116,1197,0,1009,339,1095
4116,70562240,1116,1196,0,1012,342,1095
4117,70572240,1116,1198,0,1011,342,1094
4118,70582240,1116,1197,0,1010,343,1092
4119,70592240,1116,1196,0,1009,342,1096
4120,70602240,1118,1197,0,1012,345,1095
4121,70612240,1120,1195,0,1011,292,1079
4122,70622240,1116,1196,0,1008,342,1096
4123,70632240,1116,1197,0,1012,356,1095
4124,70642240,1118,1197,0,1010,343,1094
4125,70652240,1118,1196,0,1012,343,1095
4126,70662240,1116,1197,0,1010,342,1096
4127,70672240,1118,1197,0,1007,345,1045
4128,70682240,1117,1198,0,1012,345,1099
4129,70692240,1119,1196,0,1014,347,1096
4130,70702240,1117,1196,0,1009,347,1097
4131,70712240,1116,1194,0,1012,348,1098
4132,70722240,1117,1197,0,1010,351,1096
4133,70732240,1116,1196,0,1013,343,1097
4134,70742240,1114,1196,0,1011,348,1098
4135,70752240,1115,1196,0,1013,350,1098
4136,70762240,1113,1195,0,1013,352,1098
4137,70772240,1114,1195,0,1014,350,1098
4138,70782240,1115,1194,0,1012,352,1099
4139,70792240,1114,1194,0,1013,350,1099
4140,70802240,1066,1116,0,929,352,1100
4141,70812240,1112,1194,0,1013,350,1102
4142,70822240,1111,1194,0,1013,353,1101
4143,70832240,1112,1195,0,1013,354,1101
4144,70842240,1113,1194,0,1014,356,1102
4145,70852240,1114,1197,0,1015,354,1101
4146,70862240,1111,1192,0,1010,355,1092
4147,70872240,1112,1191,0,1015,356,1099
4148,70882240,1113,1195,0,1011,356,1100
4149,70892240,1112,1199,0,1013,358,1101
4150,70902240,1112,1193,0,1013,357,1100
4151,70912240,1111,1194,0,1013,357,1102
4152,70922240,1111,1192,0,1014,358,1103
4153,70932240,1110,1192,3,1014,359,1105
4154,70942240,1110,1192,0,1015,359,1105
4155,70952240,1108,1192,0,1014,357,1104
4156,70962240,1107,1191,0,1014,358,1103
4157,70972240,1107,1190,0,1013,361,1098
4158,70982240,1107,1189,0,1015,358,1109
4159,70992240,1105,1188,0,1015,358,1115
4160,71002240,1104,1187,0,1014,358,1106
4161,71012240,1104,1184,0,1014,358,1107
4162,71022240,1105,1184,0,1015,359,1108
4163,71032240,1103,1187,0,1016,359,1111
4164,71042240,1106,1187,0,1015,360,1112
4165,71052240,1103,1187,0,1015,360,1108
4166,71062240,1104,1188,0,1016,361,1107
4167,71072240,1102,1186,0,1014,361,1105
4168,71082240,1104,1188,0,1014,361,1107
4169,71092240,1101,1182,0,1015,359,1108
4170,71102240,1103,1186,0,1014,363,1101
4171,71112240,1103,1186,0,1016,360,1108
4172,71122240,1099,1185,0,976,320,1089
4173,71132240,1103,1187,0,1016,363,1108
4174,71142240,1106,1187,0,1015,360,1108
4175,71152240,1101,1186,2,1014,360,1109
4176,71162240,1102,1186,0,1015,365,1110
4177,71172240,1102,1189,0,1015,364,1109
4178,71182240,1103,1185,0,1016,361,1107
4179,71192240,1103,1185,0,1016,359,1109
4180,71202240,1101,1185,0,1014,363,1110
4181,71212240,1100,1184,0,1015,362,1110
4182,71222240,1100,1187,0,1016,364,1112
4183,71232240,1099,1181,0,1017,363,1111
4184,71242240,1097,1184,0,1015,365,1111
4185,71252241,1096,1084,0,952,336,1067
4186,71262240,1093,1180,0,1015,372,1112
4187,71272240,1096,1181,0,1016,365,1116
4188,71282240,1095,1182,0,1017,361,1115
4189,71292240,1095,1183,0,1017,367,1115
4190,71302240,1094,1179,0,1018,369,1116
4191,71312240,1094,1180,0,1017,367,1115
4192,71322240,1003,1178,0,1017,370,1121
4193,71332240,1096,1180,0,1017,371,1119
4194,71342240,1096,1180,0,1017,368,1121
4195,71352240,1097,1182,0,1018,370,1123
4196,71362240,1096,1182,0,1017,364,1120
4197,71372240,1097,1180,0,1017,366,1120
4198,71382240,1095,1182,0,971,334,1051
4199,71392240,1098,1184,0,1018,374,1133
4200,71402240,1098,1183,0,1018,370,1125
4201,71412240,1098,1184,0,1019,369,1125
4202,71422240,1097,1183,0,1016,369,1124
4203,71432240,1097,1181,0,1018,369,1126
4204,71442240,1101,1182,0,1018,367,1126
4205,71452240,1098,1177,0,1017,369,1126
4206,71462240,1098,1186,0,1017,369,1127
4207,71472240,1097,1183,0,1017,372,1127
4208,71482240,1098,1185,0,1018,372,1127
4209,71492240,1099,1186,0,1017,369,1126
4210,71502240,1102,1186,0,1017,370,1129
4211,71512240,1096,1187,0,1019,369,1130
4212,71522240,1100,1186,0,1017,371,1126
4213,71532240,1099,1185,0,1016,373,1127
4214,71542240,1097,1184,0,1018,372,1125
4215,71552240,1096,1183,0,1023,373,1127
4216,71562240,1099,1185,0,1017,373,1128
4217,71572240,1097,1184,0,1017,376,1127
4218,71582240,1101,1185,0,1017,371,1129
4219,71592240,1101,1184,0,1019,376,1124
4220,71602240,1097,1184,0,1018,374,1125
4221,71612240,1099,1184,0,1018,375,1126
4222,71622240,1100,1185,0,1018,378,1129
4223,71632240,1099,1185,0,1019,376,1128
4224,71642240,1097,1184,0,1022,375,1127
4225,71652240,1097,1186,0,1017,377,1129
4226,71662240,1098,1184,1,1017,375,1128
4227,71672240,1098,1186,0,1019,377,1125
4228,71682240,1098,1186,0,1020,376,1128
4229,71692240,1100,1187,0,1019,376,1128
4230,71702240,1098,1187,0,1015,377,1075
4231,71712240,1098,1185,0,1018,378,1128
4232,71722240,1103,1186,0,1022,378,1126
4233,71732240,1099,1185,0,1022,378,1128
4234,71742240,1100,1185,2,1023,379,1130
4235,71752240,1099,1185,0,1020,378,1125
4236,71762240,1101,1185,0,1023,378,1130
4237,71772240,1095,1184,0,980,337,1112
4238,71782240,1098,1185,0,1023,378,1129
4239,71792240,1099,1187,0,1021,380,1129
4240,71802240,1095,1185,0,1020,379,1129
4241,71812240,1099,1186,0,1022,379,1130
4242,71822240,1100,1186,0,1010,381,1128
4243,71832240,1097,1185,0,1015,380,1074
4244,71842240,1099,1186,0,1020,380,1129
4245,71852240,1099,1186,0,1020,379,1129
4246,71862240,1100,1187,0,1014,380,1129
4247,71872240,1100,1187,0,1022,381,1129
4248,71882240,1099,1187,0,1022,380,1129
4249,71892240,1100,1187,0,1018,372,1075
4250,71902240,1101,1188,0,1020,381,1130
4251,71912240,1100,1186,0,1020,377,1127
4252,71922240,1103,1188,0,1022,378,1127
4253,71932240,1102,1189,0,1022,379,1126
4254,71942240,1100,1187,0,1020,378,1128
4255,71952240,1101,1188,0,1020,380,1127
4256,71962240,1103,1188,0,1019,378,1126
4257,71972240,1103,1189,0,1024,373,1126
4258,71982240,1105,1189,0,1020,377,1126
4259,71992240,1103,1188,0,1021,374,1125
4260,72002240,1106,1189,0,1020,375,1124
4261,72012240,1106,1190,0,1021,373,1122
4262,72022240,1102,1190,0,977,329,1102
4263,72032240,1109,1192,0,1020,370,1122
4264,72042240,1109,1192,0,1023,372,1119
4265,72052240,1107,1192,0,1019,371,1116
4266,72062240,1109,1192,0,1019,371,1117
4267,72072240,1107,1191,0,1018,372,1114
4268,72082240,1106,1192,0,1017,371,1111
4269,72092240,1109,1191,0,1018,369,1108
4270,72102240,1107,1187,0,1014,370,1107
4271,72112240,1108,1192,0,1019,371,1105
4272,72122240,1108,1192,0,1019,371,1106
4273,72132240,1108,1192,0,1017,370,1104
4274,72142240,1108,1191,0,1018,371,1101
4275,72152240,1104,1189,0,973,327,1082
4276,72162240,1109,1191,0,1017,372,1094
4277,72172240,1109,1187,0,1021,370,1097
4278,72182240,1109,1191,0,1018,370,1100
4279,72192240,1107,1192,0,1019,369,1096
4280,72202240,1109,1193,0,1019,369,1094
4281,72212240,1111,1193,0,1020,371,1092
4282,72222240,1111,1193,0,1019,366,1086
4283,72232240,1110,1193,0,1017,366,1086
4284,72242240,1109,1192,0,1018,367,1087
4285,72252240,1110,1195,0,1018,368,1079
4286,72262240,1109,1194,0,1017,366,1087
4287,72272240,1110,1193,0,1019,367,1088
4288,72282240,1109,1191,0,1018,365,1093
4289,72292240,1109,1194,0,1017,370,1090
4290,72302240,1109,1192,0,1019,368,1086
4291,72312240,1110,1192,0,1017,372,1088
4292,72322240,1109,1193,0,1016,368,1088
4293,72332240,1111,1194,0,1014,368,1087
4294,72342240,1111,1193,0,1016,367,1086
4295,72352240,1112,1200,0,1016,366,1084
4296,72362240,1112,1194,0,1015,370,1084
4297,72372240,1113,1195,0,1015,365,1083
4298,72382240,1112,1196,0,1015,351,1087
4299,72392240,1115,1196,0,1014,359,1081
4300,72402240,1115,1195,0,1014,359,1081
4301,72412241,1114,1097,0,951,328,1039
4302,72422240,1115,1193,0,1015,358,1082
4303,72432240,1120,1201,0,1013,353,1080
4304,72442240,1117,1200,0,1014,349,1080
4305,72452240,1120,1199,0,1012,359,1081
4306,72462240,1123,1200,0,1012,343,1079
4307,72472240,1123,1200,0,1013,341,1071
4308,72482240,1126,1200,0,1012,342,1076
4309,72492240,1121,1200,0,1010,333,1072
4310,72502240,1127,1202,0,1009,327,1069
4311,72512240,1128,1203,0,1008,329,1065
4312,72522240,1127,1205,0,1006,322,1064
4313,72532240,1129,1204,0,1005,321,1060
4314,72542240,1131,1207,0,1003,313,1059
4315,72552240,1131,1207,1,1003,307,1051
4316,72562240,1135,1206,0,1001,302,1047
4317,72572240,1134,1207,0,999,297,1045
4318,72582240,1135,1207,0,998,290,1038
4319,72592240,1135,1208,0,997,284,1024
4320,72602240,1139,1210,0,995,277,1020
4321,72612240,1139,1210,0,995,275,1014
4322,72622240,1137,1211,0,995,270,1009
4323,72632240,1136,1212,0,995,269,1004
4324,72642240,1139,1213,0,990,265,999
4325,72652240,1140,1211,0,992,258,994
4326,72662240,1138,1210,0,991,250,986
4327,72672240,1141,1212,0,990,249,984
4328,72682240,1141,1214,0,991,248,986
4329,72692240,1143,1213,0,989,255,985
4330,72702240,1140,1214,0,989,251,984
4331,72712240,1144,1213,0,991,251,983
4332,72722240,1147,1214,0,988,255,983
4333,72732240,1146,1216,0,988,256,988
4334,72742240,1094,1219,0,988,255,984
4335,72752240,1148,1217,0,987,256,986
4336,72762240,1152,1221,0,987,259,985
4337,72772240,1150,1221,0,987,259,985
4338,72782240,1151,1222,0,989,263,986
4339,72792240,1151,1225,0,988,263,987
4340,72802240,1153,1224,0,988,264,988
4341,72812240,1158,1229,0,989,267,990
4342,72822240,1158,1225,0,987,266,994
4343,72832240,1158,1226,0,988,268,991
4344,72842240,1157,1226,0,986,265,990
4345,72852240,1161,1228,0,986,266,994
4346,72862240,1159,1229,0,985,265,1000
4347,72872240,1162,1230,0,986,265,1001
4348,72882240,1161,1231,0,987,262,1001
4349,72892240,1163,1233,0,986,254,1002
4350,72902240,1165,1232,0,983,254,1004
4351,72912240,1166,1235,0,982,247,1004
4352,72922240,1167,1239,0,982,237,1002
4353,72932240,1169,1238,0,981,234,1003
4354,72942240,1170,1239,0,988,231,1000
4355,72952240,1173,1242,0,979,225,1001
4356,72962240,1174,1243,0,982,221,999
4357,72972240,1176,1243,0,978,218,999
4358,72982240,1174,1245,0,977,215,1000
4359,72992240,1177,1245,0,977,213,998
4360,73002240,1179,1246,0,978,213,998
4361,73012240,1177,1249,0,972,214,997
4362,73022240,1178,1247,0,976,210,996
4363,73032240,1178,1249,0,977,212,998
4364,73042240,1179,1249,0,976,212,998
4365,73052240,1181,1251,0,976,215,998
4366,73062240,1181,1251,0,979,217,998
4367,73072240,1183,1251,0,977,214,999
4368,73082240,1182,1249,0,977,213,999
4369,73092240,1182,1252,0,976,212,999
4370,73102240,1182,1251,0,978,214,999
4371,73112240,1182,1252,0,976,213,998
4372,73122240,1184,1251,0,975,209,999
4373,73132240,1183,1250,0,979,208,999
4374,73142240,1181,1252,0,976,205,999
4375,73152240,1180,1253,0,977,207,998
4376,73162240,1185,1253,0,977,203,999
4377,73172240,1187,1255,0,976,206,998
4378,73182240,1184,1253,0,976,204,996
4379,73192240,1186,1254,0,973,198,997
4380,73202240,1114,1198,0,977,197,998
4381,73212240,1189,1255,0,973,193,997
4382,73222240,1188,1256,0,973,191,995
4383,73232240,1190,1256,0,966,185,995
4384,73242240,1190,1255,0,972,192,993
4385,73252240,1191,1255,0,971,184,992
4386,73262240,1189,1256,0,927,152,973
4387,73272240,1191,1258,0,973,182,991
4388,73282240,1193,1259,0,969,181,986
4389,73292240,1195,1258,0,968,180,987
4390,73302240,1194,1259,0,965,173,984
4391,73312240,1194,1261,0,967,168,980
4392,73322240,1191,1260,0,924,137,959
4393,73332240,1197,1265,0,964,167,973
4394,73342240,1199,1264,0,958,164,969
4395,73352240,1200,1268,0,959,165,968
4396,73362240,1201,1270,0,958,150,964
4397,73372240,1201,1269,0,956,156,962
4398,73382240,1203,1271,0,953,157,957
4399,73392241,1202,1171,0,895,128,915
4400,73402240,1208,1274,0,953,141,950
4401,73412240,1210,1275,0,956,137,945
4402,73422240,1211,1276,0,951,130,943
4403,73432240,1214,1282,0,950,127,935
4404,73442240,1216,1282,0,946,120,930
4405,73452240,1221,1284,0,944,114,928
4406,73462240,1224,1289,0,939,111,923
4407,73472240,1226,1288,0,934,115,921
4408,73482240,1226,1290,0,934,115,919
4409,73492240,1225,1292,0,935,116,918
4410,73502240,1226,1293,0,935,117,922
4411,73512240,1225,1292,0,932,116,921
4412,73522241,1176,1207,0,854,113,919
4413,73532240,1226,1294,0,934,117,919
4414,73542240,1226,1289,0,934,118,920
4415,73552240,1226,1291,0,934,123,920
4416,73562240,1226,1291,0,933,119,919
4417,73572240,1227,1291,0,934,120,921
4418,73582240,1225,1291,0,934,122,922
4419,73592240,1175,1207,0,853,116,922
4420,73602240,1227,1288,0,935,126,922
4421,73612240,1225,1288,0,936,132,925
4422,73622240,1226,1285,0,938,135,925
4423,73632240,1224,1288,0,936,136,924
4424,73642240,1225,1289,0,936,138,927
4425,73652240,1220,1288,0,895,106,912
4426,73662240,1223,1287,0,937,139,930
4427,73672240,1222,1287,0,938,141,929
4428,73682240,1221,1286,0,938,139,933
4429,73692240,1222,1282,0,939,145,933
4430,73702240,1216,1281,0,940,151,930
4431,73712240,1216,1280,0,943,145,935
4432,73722241,1169,1198,0,866,145,935
4433,73732240,1215,1279,0,942,147,937
4434,73742240,1214,1276,0,944,147,937
4435,73752240,1212,1276,0,946,151,940
4436,73762240,1210,1278,0,948,149,939
4437,73772240,1211,1276,0,948,150,939
4438,73782240,1212,1272,0,949,154,943
4439,73792240,1136,1220,0,951,154,944
4440,73802240,1206,1269,0,951,155,946
4441,73812240,1206,1272,0,952,156,949
4442,73822240,1204,1269,0,953,161,953
4443,73832240,1203,1268,0,953,159,953
4444,73842240,1202,1268,0,952,164,954
4445,73852240,1202,1268,0,955,167,955
4446,73862240,1204,1264,0,956,170,955
4447,73872240,1199,1264,0,956,168,958
4448,73882240,1198,1263,0,961,170,959
4449,73892240,1198,1267,0,960,173,962
4450,73902240,1199,1261,0,962,175,962
4451,73912240,1197,1268,0,965,172,963
4452,73922240,1195,1260,0,964,176,960
4453,73932240,1194,1261,0,965,181,967
4454,73942240,1192,1257,0,966,182,970
4455,73952240,1189,1257,0,967,181,969
4456,73962240,1189,1255,0,969,187,972
4457,73972240,1185,1252,0,972,188,975
4458,73982240,1184,1253,0,971,190,977
4459,73992240,1183,1252,0,973,200,985
4460,74002240,1179,1249,0,973,195,987
4461,74012240,1182,1251,0,978,201,987
4462,74022240,1177,1245,0,980,204,993
4463,74032240,1175,1242,0,981,209,996
4464,74042240,1171,1239,0,982,216,998
4465,74052240,1165,1239,0,942,185,984
4466,74062240,1165,1231,0,985,228,1001
4467,74072240,1165,1237,0,987,233,1008
4468,74082240,1162,1232,0,990,238,1011
4469,74092240,1158,1233,0,990,245,1014
4470,74102240,1156,1227,0,991,247,1015
4471,74112240,1151,1226,0,995,257,1021
4472,74122240,1144,1225,0,950,232,961
4473,74132240,1145,1225,0,998,263,1027
4474,74142240,1144,1223,0,997,265,1031
4475,74152240,1143,1219,0,1001,266,1036
4476,74162240,1140,1222,0,1000,271,1037
4477,74172240,1141,1217,0,1003,272,1042
4478,74182240,1138,1214,0,1013,279,1041
4479,74192240,1136,1212,0,1004,281,1045
4480,74202240,1137,1212,0,998,285,1047
4481,74212240,1136,1213,0,1007,286,1051
4482,74222240,1131,1212,0,1006,291,1051
4483,74232240,1134,1212,0,1009,287,1050
4484,74242240,1133,1211,0,1006,291,1054
4485,74252240,1131,1211,0,1009,296,1057
4486,74262240,1130,1210,0,1009,297,1061
4487,74272240,1128,1211,0,1013,299,1062
4488,74282240,1128,1208,0,1013,301,1062
4489,74292240,1129,1206,0,1012,303,1063
4490,74302240,1127,1206,0,1013,306,1063
4491,74312240,1128,1208,0,1014,310,1064
4492,74322240,1126,1207,0,1013,309,1066
4493,74332240,1124,1207,0,1015,308,1066
4494,74342240,1126,1205,0,1011,313,1077
4495,74352240,1125,1205,0,1018,313,1073
4496,74362240,1125,1205,0,1015,307,1073
4497,74372240,1122,1204,0,1016,314,1074
4498,74382240,1123,1203,0,1018,316,1077
4499,74392240,1118,1200,0,1015,318,1077
4500,74402240,1118,1202,0,1017,318,1079
4501,74412240,1119,1201,0,1015,318,1081
4502,74422240,1118,1202,0,1017,322,1079
4503,74432240,1119,1201,0,1016,323,1079
4504,74442240,1118,1199,0,1018,280,1053
4505,74452240,1116,1199,0,1017,330,1083
4506,74462240,1117,1201,0,1017,328,1082
4507,74472240,1118,1202,0,1020,336,1083
4508,74482240,1116,1199,0,1019,335,1082
4509,74492240,1116,1199,0,1018,340,1083
4510,74502240,1115,1199,0,1017,341,1084
4511,74512240,1108,1197,0,1020,343,1087
4512,74522240,1113,1197,0,1020,344,1086
4513,74532240,1113,1197,0,1021,346,1086
4514,74542240,1112,1196,0,1019,344,1087
4515,74552240,1110,1198,0,1023,347,1085
4516,74562240,1113,1196,0,1018,344,1086
4517,74572240,1107,1196,0,975,306,1070
4518,74582240,1113,1198,0,1020,348,1088
4519,74592240,1116,1201,0,1020,343,1088
4520,74602240,1115,1198,0,1021,347,1087
4521,74612240,1115,1200,0,1020,342,1086
4522,74622240,1114,1201,0,1021,342,1086
4523,74632240,1117,1199,0,1019,293,1059
4524,74642240,1119,1203,0,1020,343,1087
4525,74652240,1119,1202,0,1021,338,1088
4526,74662240,1120,1202,0,1021,344,1089
4527,74672240,1119,1203,0,1020,341,1089
4528,74682240,1121,1203,0,1021,342,1088
4529,74692240,1119,1212,2,1022,343,1088
4530,74702240,1051,1150,0,1021,343,1092
4531,74712240,1115,1203,0,1019,345,1090
4532,74722240,1121,1206,0,1017,344,1088
4533,74732240,1123,1203,0,1020,344,1089
4534,74742240,1123,1205,0,1019,344,1088
4535,74752240,1122,1205,0,1018,344,1087
4536,74762240,1123,1206,0,1019,340,1085
4537,74772240,1123,1205,0,1019,342,1090
4538,74782240,1121,1205,0,1022,343,1089
4539,74792240,1124,1204,0,1018,342,1089
4540,74802240,1121,1204,0,1020,344,1088
4541,74812240,1122,1203,0,1019,344,1089
4542,74822240,1123,1205,0,1014,342,1084
4543,74832240,1122,1204,0,1024,343,1090
4544,74842240,1124,1207,0,1020,342,1088
4545,74852240,1123,1206,0,1019,341,1088
4546,74862240,1124,1205,0,1019,340,1086
4547,74872240,1125,1206,0,1018,340,1087
4548,74882240,1123,1208,0,1016,339,1082
4549,74892240,1126,1203,0,1015,289,1059
4550,74902240,1128,1206,0,1018,338,1087
4551,74912240,1127,1209,3,1018,340,1085
4552,74922240,1128,1207,0,1018,340,1086
4553,74932240,1127,1210,0,1018,338,1087
4554,74942240,1128,1210,0,1019,340,1088
4555,74952240,1128,1210,0,1017,340,1085
4556,74962240,1129,1210,0,1017,338,1084
4557,74972240,1131,1210,0,1016,339,1083
4558,74982240,1130,1210,0,1017,338,1085
4559,74992240,1130,1210,0,1017,339,1084
4560,75002240,1131,1210,0,1016,339,1082
4561,75012240,1128,1210,0,1017,338,1085
4562,75022240,1130,1212,0,1017,338,1095
4563,75032240,1130,1210,0,1017,342,1086
4564,75042240,1129,1209,0,1016,338,1086
4565,75052240,1130,1211,0,1016,342,1086
4566,75062240,1129,1209,0,1016,340,1087
4567,75072240,1130,1210,0,1017,343,1085
4568,75082240,1127,1210,0,1016,341,1076
4569,75092240,1129,1211,0,1017,344,1085
4570,75102240,1131,1210,0,1015,342,1084
4571,75112240,1130,1210,0,1017,344,1084
4572,75122240,1132,1211,0,1015,343,1088
4573,75132240,1129,1211,0,1016,339,1083
4574,75142240,1129,1210,0,1016,342,1084
4575,75152240,1131,1210,0,1015,340,1082
4576,75162240,1131,1211,0,1015,334,1081
4577,75172240,1134,1211,0,1015,332,1079
4578,75182240,1132,1212,0,1014,334,1080
4579,75192240,1134,1213,0,1014,331,1079
4580,75202240,1137,1212,0,1014,325,1079
4581,75212240,1138,1215,0,1014,325,1078
4582,75222240,1136,1216,0,1014,325,1076
4583,75232240,1138,1216,0,1015,320,1078
4584,75242240,1136,1221,0,1014,314,1075
4585,75252240,1138,1218,0,1013,314,1072
4586,75262240,1141,1220,0,1007,311,1072
4587,75272240,1143,1221,0,1010,311,1069
4588,75282240,1143,1225,0,1006,312,1066
4589,75292240,1144,1223,0,1008,309,1063
4590,75302240,1151,1223,0,1007,316,1063
4591,75312240,1145,1224,0,1006,307,1062
4592,75322240,1146,1225,0,1004,304,1067
4593,75332240,1146,1226,0,1005,300,1059
4594,75342240,1146,1225,0,1003,302,1060
4595,75352240,1085,1147,0,951,300,1058
4596,75362240,1148,1225,0,1003,301,1056
4597,75372240,1150,1226,0,1003,301,1057
4598,75382240,1144,1226,0,1000,302,1059
4599,75392240,1149,1227,0,1003,306,1054
4600,75402240,1150,1228,0,1002,303,1058
4601,75412240,1152,1227,0,1003,306,1058
4602,75422240,1149,1225,0,1003,306,1056
4603,75432240,1152,1228,0,1003,304,1056
4604,75442240,1150,1227,0,1000,303,1057
4605,75452240,1156,1234,0,1001,306,1055
4606,75462240,1154,1228,0,1000,308,1055
4607,75472240,1155,1227,0,1001,308,1058
4608,75482240,1150,1229,0,959,268,1040
4609,75492240,1151,1229,0,998,309,1058
4610,75502240,1155,1230,0,1000,307,1060
4611,75512240,1156,1229,0,999,306,1057
4612,75522240,1157,1229,0,999,305,1057
4613,75532240,1158,1231,0,999,301,1057
4614,75542240,1155,1230,0,997,297,1052
4615,75552240,1085,1208,0,997,295,1053
4616,75562240,1159,1231,0,995,290,1051
4617,75572240,1158,1232,0,996,286,1050
4618,75582240,1162,1233,0,993,284,1048
4619,75592240,1162,1234,0,993,282,1048
4620,75602240,1162,1236,0,994,280,1044
4621,75612240,1164,1237,0,991,273,1041
4622,75622240,1165,1237,0,993,273,1039
4623,75632240,1164,1237,0,991,270,1037
4624,75642240,1168,1239,0,991,267,1028
4625,75652240,1169,1239,0,990,264,1031
4626,75662240,1174,1242,0,988,264,1019
4627,75672240,1174,1244,0,988,260,1016
4628,75682240,1175,1245,0,987,259,1015
4629,75692240,1175,1245,0,986,256,1014
4630,75702240,1176,1246,0,987,253,1012
4631,75712240,1177,1248,0,985,249,1011
4632,75722240,1177,1249,0,985,250,1010
4633,75732240,1178,1251,0,988,249,1012
4634,75742240,1107,1194,0,983,245,1010
4635,75752240,1179,1249,0,983,248,1007
4636,75762240,1180,1251,0,984,254,1011
4637,75772240,1179,1251,0,985,251,1011
4638,75782240,1180,1250,0,986,250,1011
4639,75792240,1179,1251,0,985,252,1011
4640,75802240,1180,1250,0,985,258,1013
4641,75812240,1180,1252,0,985,257,1015
4642,75822240,1177,1250,0,984,260,1015
4643,75832240,1181,1250,0,984,260,1015
4644,75842240,1178,1248,0,985,263,1016
4645,75852240,1177,1249,0,980,264,1018
4646,75862240,1178,1246,0,990,266,1019
4647,75872240,1178,1247,0,990,278,1023
4648,75882240,1177,1248,0,988,270,1021
4649,75892240,1177,1250,0,989,274,1028
4650,75902240,1177,1246,0,987,274,1028
4651,75912240,1177,1245,0,987,275,1029
4652,75922240,1178,1246,0,988,277,1031
4653,75932240,1176,1245,0,988,277,1031
4654,75942241,1126,1164,0,909,277,1034
4655,75952240,1176,1243,0,994,280,1035
4656,75962240,1174,1243,0,989,282,1034
4657,75972240,1174,1242,0,990,281,1035
4658,75982240,1174,1242,0,991,285,1037
4659,75992240,1173,1242,0,991,284,1036
4660,76002240,1124,1160,0,908,283,1037
4661,76012240,1175,1244,0,994,288,1035
4662,76022240,1175,1243,0,993,286,1039
4663,76032240,1173,1239,0,992,289,1040
4664,76042240,1171,1240,0,992,286,1038
4665,76052240,1170,1240,0,992,291,1044
4666,76062241,1121,1156,0,911,290,1042
4667,76072240,1168,1237,0,990,291,1043
4668,76082240,1168,1238,0,994,292,1048
4669,76092240,1169,1237,0,995,292,1045
4670,76102240,1170,1240,0,993,292,1043
4671,76112240,1167,1236,0,992,293,1045
4672,76122240,1168,1239,0,995,294,1045
4673,76132240,1076,1232,0,994,294,1041
4674,76142240,1169,1238,0,994,294,1047
4675,76152240,1167,1238,0,993,294,1048
4676,76162240,1172,1237,0,991,295,1044
4677,76172240,1170,1236,0,994,295,1045
4678,76182240,1171,1234,0,992,296,1046
4679,76192240,1171,1237,0,996,296,1045
4680,76202240,1169,1236,0,992,296,1055
4681,76212240,1171,1238,0,996,296,1041
4682,76222240,1170,1239,0,997,297,1047
4683,76232240,1170,1239,0,993,295,1047
4684,76242240,1169,1239,0,992,296,1047
4685,76252240,1167,1237,0,995,296,1045
4686,76262240,1170,1234,0,991,253,1018
4687,76272240,1166,1238,0,993,298,1048
4688,76282240,1166,1237,0,993,296,1049
4689,76292240,1168,1237,0,994,297,1047
4690,76302240,1170,1237,0,994,298,1047
4691,76312240,1168,1238,0,993,298,1049
4692,76322240,1168,1237,0,994,299,1047
4693,76332240,1169,1239,0,994,298,1047
4694,76342240,1170,1235,0,993,305,1049
4695,76352240,1168,1236,0,993,299,1051
4696,76362240,1167,1237,0,992,300,1048
4697,76372240,1167,1236,0,995,299,1049
4698,76382240,1168,1237,0,994,299,1048
4699,76392240,1168,1235,0,992,301,997
4700,76402240,1165,1237,0,995,304,1051
4701,76412240,1169,1236,0,996,306,1049
4702,76422240,1168,1235,0,995,303,1049
4703,76432240,1167,1234,0,994,305,1048
4704,76442240,1168,1236,0,996,304,1051
4705,76452240,1165,1237,0,996,304,1051
4706,76462240,1166,1137,0,933,280,1006
4707,76472240,1163,1235,0,995,306,1050
4708,76482240,1169,1235,0,995,306,1049
4709,76492240,1165,1236,0,994,305,1051
4710,76502240,1163,1235,0,997,306,1048
4711,76512240,1162,1232,0,996,308,1050
4712,76522240,1163,1230,0,995,260,1024
4713,76532240,1161,1234,0,997,308,1051
4714,76542240,1163,1236,0,995,309,1049
4715,76552240,1161,1227,0,997,306,1050
4716,76562240,1162,1236,0,997,309,1051
4717,76572240,1164,1235,0,997,309,1052
4718,76582240,1166,1235,0,996,302,1053
4719,76592240,1165,1232,0,995,263,1023
4720,76602240,1165,1239,0,997,306,1054
4721,76612240,1163,1236,0,996,307,1052
4722,76622240,1166,1235,0,993,310,1052
4723,76632240,1165,1235,0,994,308,1051
4724,76642240,1169,1237,0,995,312,1049
4725,76652240,1169,1237,0,996,309,1052
4726,76662240,1169,1132,0,928,294,1007
4727,76672240,1170,1238,0,996,309,1048
4728,76682240,1170,1238,0,993,310,1048
4729,76692240,1172,1238,0,995,310,1049
4730,76702240,1172,1238,0,995,309,1048
4731,76712240,1178,1241,0,994,307,1048
4732,76722240,1171,1239,0,993,306,1048
4733,76732240,1174,1236,0,995,304,1045
4734,76742240,1172,1239,0,992,300,1040
4735,76752240,1173,1239,0,994,301,1045
4736,76762240,1176,1239,0,993,299,1041
4737,76772240,1175,1241,0,991,297,1037
4738,76782240,1175,1242,0,990,296,1034
4739,76792240,1178,1244,0,993,295,1032
4740,76802240,1178,1243,0,990,291,1033
4741,76812240,1177,1245,0,992,288,1028
4742,76822240,1183,1246,0,989,285,1024
4743,76832240,1181,1249,0,988,281,1014
4744,76842240,1180,1250,0,987,279,1015
4745,76852241,1181,1148,0,921,249,971
4746,76862240,1183,1253,0,985,267,1009
4747,76872240,1184,1254,0,983,259,1003
4748,76882240,1187,1256,0,979,250,998
4749,76892240,1186,1255,0,977,245,996
4750,76902240,1190,1257,0,975,235,995
4751,76912240,1189,1257,0,973,233,994
4752,76922240,1190,1259,0,972,228,997
4753,76932240,1192,1258,0,967,228,993
4754,76942240,1192,1258,0,969,227,992
4755,76952240,1195,1260,0,968,227,991
4756,76962240,1196,1261,0,968,228,993
4757,76972240,1196,1261,0,967,229,993
4758,76982240,1194,1260,0,968,229,992
4759,76992240,1197,1263,0,970,228,992
4760,77002240,1194,1261,0,969,229,992
4761,77012240,1198,1262,0,968,229,992
4762,77022240,1194,1260,0,974,231,992
4763,77032240,1194,1260,0,960,234,994
4764,77042240,1195,1260,0,969,235,995
4765,77052240,1196,1260,0,967,235,993
4766,77062240,1197,1260,0,967,239,996
4767,77072240,1192,1261,0,968,239,998
4768,77082240,1192,1261,0,968,242,996
4769,77092240,1194,1259,0,969,243,996
4770,77102240,1196,1260,0,970,243,997
4771,77112240,1197,1260,0,967,246,998
4772,77122240,1194,1259,0,968,202,969
4773,77132240,1195,1259,0,968,244,997
4774,77142240,1196,1259,0,968,245,999
4775,77152240,1195,1260,0,968,243,996
4776,77162240,1196,1260,0,966,244,995
4777,77172240,1194,1259,0,966,248,998
4778,77182240,1195,1260,0,968,248,995
4779,77192240,1195,1260,0,969,244,987
4780,77202240,1196,1260,0,970,248,994
4781,77212240,1196,1252,0,970,243,992
4782,77222240,1195,1260,0,970,246,992
4783,77232240,1197,1261,0,969,245,993
4784,77242240,1194,1260,0,968,245,994
4785,77252240,1194,1257,0,970,246,992
4786,77262240,1193,1257,0,972,248,993
4787,77272240,1193,1259,0,967,249,995
4788,77282240,1194,1259,0,969,251,995
4789,77292240,1192,1257,0,973,247,998
4790,77302240,1191,1258,0,970,253,995
4791,77312240,1191,1258,0,971,254,994
4792,77322240,1191,1258,0,970,252,996
4793,77332240,1190,1257,0,974,256,998
4794,77342240,1188,1256,0,973,259,1000
4795,77352240,1186,1254,0,974,264,1001
4796,77362240,1186,1253,0,979,267,1000
4797,77372240,1183,1252,0,977,269,1003
4798,77382240,1183,1252,0,979,268,1004
4799,77392240,1182,1251,0,981,268,1005
4800,77402240,1181,1251,0,980,275,1011
4801,77412240,1180,1251,0,982,273,1013
4802,77422240,1180,1251,0,981,275,1014
4803,77432240,1179,1250,0,983,277,1014
4804,77442240,1180,1248,0,984,277,1017
4805,77452240,1180,1249,0,986,280,1016
4806,77462240,1179,1248,0,986,283,1019
4807,77472240,1180,1252,0,985,283,1020
4808,77482240,1180,1250,0,988,283,1020
4809,77492240,1179,1249,0,986,286,1023
4810,77502240,1180,1250,0,987,287,1023
4811,77512240,1179,1248,0,986,289,1021
4812,77522240,1177,1248,0,943,250,1006
4813,77532240,1180,1249,0,988,289,1024
4814,77542240,1179,1248,0,988,290,1022
4815,77552240,1178,1253,0,987,295,1026
4816,77562240,1179,1248,0,986,291,1023
4817,77572240,1180,1247,0,987,293,1026
4818,77582240,1179,1257,0,996,292,1028
4819,77592240,1180,1253,0,986,293,1023
4820,77602240,1179,1246,0,989,293,1026
4821,77612240,1181,1252,0,988,292,1023
4822,77622240,1178,1251,0,986,292,1024
4823,77632240,1180,1248,0,988,294,1027
4824,77642240,1179,1253,0,988,292,1027
4825,77652240,1180,1251,0,989,291,1021
4826,77662240,1182,1252,0,988,291,1020
4827,77672240,1181,1251,0,989,293,1023
4828,77682240,1182,1252,0,987,289,1025
4829,77692240,1186,1253,0,987,291,1023
4830,77702240,1181,1253,0,989,295,1022
4831,77712240,1183,1254,0,989,291,1022
4832,77722240,1179,1254,0,950,256,1005
4833,77732240,1182,1252,0,988,298,1026
4834,77742240,1183,1257,0,988,294,1020
4835,77752240,1181,1260,0,989,293,1020
4836,77762240,1184,1254,0,988,295,1026
4837,77772240,1180,1253,0,988,295,1023
4838,77782240,1183,1251,0,991,297,1025
4839,77792240,1179,1253,0,948,256,1005
4840,77802240,1190,1253,0,990,295,1024
4841,77812240,1181,1253,0,989,297,1027
4842,77822240,1181,1252,0,990,298,1024
4843,77832240,1181,1252,0,989,300,1029
4844,77842240,1180,1253,0,990,300,1029
4845,77852240,1178,1257,0,951,263,1010
4846,77862240,1179,1250,0,993,299,1029
4847,77872240,1178,1250,0,992,300,1031
4848,77882240,1178,1249,0,993,298,1031
4849,77892240,1176,1250,0,993,299,1033
4850,77902240,1178,1246,0,995,298,1034
4851,77912240,1178,1247,0,993,296,1036
4852,77922240,1181,1247,0,996,301,1039
4853,77932240,1172,1244,0,995,301,1041
4854,77942240,1173,1241,0,998,301,1042
4855,77952240,1170,1245,0,998,302,1044
4856,77962240,1166,1241,0,998,306,1045
4857,77972240,1166,1238,0,1000,307,1046
4858,77982240,1164,1239,0,1007,308,1048
4859,77992240,1160,1234,0,998,311,1049
4860,78002240,1161,1237,0,1003,309,1049
4861,78012240,1159,1235,0,1002,312,1051
4862,78022240,1148,1229,0,1004,312,1054
4863,78032240,1143,1230,0,1005,313,1053
4864,78042240,1151,1231,0,1007,313,1053
4865,78052241,1147,1127,0,948,290,1014
4866,78062240,1147,1226,0,1009,324,1068
4867,78072240,1146,1226,0,1010,318,1061
4868,78082240,1144,1226,0,1010,324,1062
4869,78092240,1141,1223,0,1009,325,1061
4870,78102240,1143,1223,0,1009,329,1065
4871,78112240,1141,1223,0,1012,330,1064
4872,78122240,1142,1224,0,1011,329,1066
4873,78132240,1152,1224,0,1014,329,1066
4874,78142240,1143,1225,0,1012,330,1065
4875,78152240,1143,1224,0,1012,333,1066
4876,78162240,1142,1224,0,1012,332,1068
4877,78172240,1142,1225,0,1014,334,1066
4878,78182240,1139,1222,0,972,297,1052
4879,78192240,1143,1223,0,1013,338,1067
4880,78202240,1144,1224,0,1014,340,1068
4881,78212240,1144,1226,0,1014,339,1067
4882,78222240,1144,1225,0,1012,341,1068
4883,78232240,1145,1226,0,1013,340,1067
4884,78242240,1145,1225,0,1014,341,1068
4885,78252240,1147,1226,0,1014,342,1067
4886,78262240,1145,1227,0,1013,342,1066
4887,78272240,1145,1226,0,1013,341,1068
4888,78282240,1147,1226,0,1013,342,1067
4889,78292240,1145,1226,0,1014,342,1070
4890,78302240,1146,1226,0,1014,343,1067
4891,78312240,1147,1228,0,1015,342,1067
4892,78322240,1145,1226,0,1016,344,1068
4893,78332240,1146,1226,0,1015,345,1067
4894,78342240,1146,1226,0,1014,345,1068
4895,78352240,1144,1225,0,1016,347,1068
4896,78362240,1143,1225,0,1015,343,1070
4897,78372240,1141,1225,0,1016,348,1068
4898,78382240,1143,1225,0,1018,351,1073
4899,78392240,1143,1223,0,1018,352,1073
4900,78402240,1141,1222,0,1018,350,1074
4901,78412240,1139,1222,0,1019,353,1075
4902,78422240,1138,1223,0,1017,356,1075
4903,78432240,1140,1222,0,1018,355,1077
4904,78442240,1140,1223,0,1017,356,1076
4905,78452240,1139,1223,0,1018,356,1078
4906,78462240,1137,1217,0,1016,356,1078
4907,78472240,1136,1220,0,1018,356,1082
4908,78482240,1135,1219,0,1017,359,1081
4909,78492240,1135,1219,0,1017,361,1082
4910,78502240,1136,1213,0,1015,312,1054
4911,78512240,1134,1216,0,1016,362,1082
4912,78522240,1134,1218,0,1014,359,1082
4913,78532240,1136,1220,0,1016,359,1081
4914,78542240,1134,1220,0,1010,358,1082
4915,78552240,1137,1222,0,1015,360,1081
4916,78562240,1135,1219,0,1016,365,1080
4917,78572241,1091,1143,0,934,361,1081
4918,78582240,1137,1224,0,1014,359,1081
4919,78592240,1140,1225,0,1018,358,1079
4920,78602240,1141,1224,0,1017,360,1080
4921,78612240,1142,1222,0,1015,360,1081
4922,78622240,1141,1224,0,1018,362,1080
4923,78632241,1095,1142,0,935,352,1081
4924,78642240,1144,1226,0,1015,358,1079
4925,78652240,1146,1229,0,1015,358,1078
4926,78662240,1145,1226,0,1016,355,1079
4927,78672240,1146,1228,0,1018,351,1079
4928,78682240,1146,1227,0,1015,351,1080
4929,78692240,1149,1226,0,1012,350,1028
4930,78702240,1149,1229,0,1015,351,1079
4931,78712240,1147,1229,0,1016,350,1079
4932,78722240,1148,1229,0,1015,353,1080
4933,78732240,1148,1230,0,1014,352,1079
4934,78742240,1150,1230,0,1016,351,1078
4935,78752240,1152,1232,0,1014,349,1078
4936,78762240,1154,1231,0,1010,349,1029
4937,78772240,1152,1231,0,1015,351,1079
4938,78782240,1153,1234,0,1016,349,1080
4939,78792240,1152,1231,0,1013,347,1080
4940,78802240,1151,1233,0,1014,348,1081
4941,78812240,1154,1233,0,1013,349,1087
4942,78822240,1155,1235,0,1015,348,1078
4943,78832240,1081,1173,0,1017,351,1080
4944,78842240,1154,1232,0,1014,350,1079
4945,78852240,1152,1231,0,1014,352,1081
4946,78862240,1153,1235,0,1014,350,1077
4947,78872240,1154,1232,0,1014,353,1079
4948,78882240,1154,1233,0,1015,352,1082
4949,78892240,1151,1231,0,1013,355,1080
4950,78902240,1154,1234,0,1015,355,1078
4951,78912240,1151,1230,0,1014,357,1080
4952,78922240,1150,1232,0,1015,359,1079
4953,78932240,1148,1228,0,1014,353,1078
4954,78942240,1147,1227,0,1015,359,1082
4955,78952240,1147,1230,0,1014,358,1080
4956,78962241,1102,1147,0,932,357,1083
4957,78972240,1150,1230,0,1015,361,1082
4958,78982240,1147,1226,0,1015,361,1082
4959,78992240,1145,1228,0,1015,361,1082
4960,79002240,1148,1226,0,1017,360,1082
4961,79012240,1150,1228,0,1015,362,1087
4962,79022240,1145,1225,0,1015,361,1081
4963,79032240,1143,1226,0,1016,366,1080
4964,79042240,1144,1225,0,1016,364,1083
4965,79052240,1142,1234,0,1016,365,1085
4966,79062240,1144,1225,0,1015,368,1083
4967,79072240,1141,1225,0,1017,366,1082
4968,79082240,1145,1226,0,1017,365,1084
4969,79092240,1142,1227,0,1017,367,1080
4970,79102240,1141,1225,0,1016,370,1083
4971,79112240,1145,1224,0,1016,370,1079
4972,79122240,1139,1225,0,1016,371,1079
4973,79132240,1142,1225,0,1017,371,1084
4974,79142240,1141,1226,0,1017,373,1084
4975,79152240,1070,1171,0,1017,370,1084
4976,79162240,1144,1225,0,1018,369,1081
4977,79172240,1144,1228,0,1017,366,1082
4978,79182240,1143,1227,0,1019,367,1082
4979,79192240,1145,1228,0,1018,366,1083
4980,79202240,1145,1229,0,1016,366,1080
4981,79212240,1143,1228,0,977,325,1056
4982,79222240,1145,1230,0,1017,364,1081
4983,79232240,1137,1230,0,1018,364,1082
4984,79242240,1147,1230,0,1017,361,1082
4985,79252240,1150,1230,0,1017,366,1081
4986,79262240,1146,1236,0,1018,367,1081
4987,79272240,1150,1233,0,1017,364,1080
4988,79282240,1153,1234,0,1018,361,1080
4989,79292240,1149,1235,0,1016,359,1080
4990,79302240,1150,1232,0,1020,358,1079
4991,79312240,1151,1234,0,1018,356,1078
4992,79322240,1158,1233,0,1015,352,1077
4993,79332240,1151,1236,0,1018,352,1076
4994,79342240,1150,1235,0,974,311,1055
4995,79352240,1157,1236,0,1016,348,1073
4996,79362240,1156,1242,0,1023,347,1072
4997,79372240,1156,1237,0,1018,347,1071
4998,79382240,1158,1235,0,1016,347,1071
4999,79392240,1158,1236,0,1018,348,1073
5000,79402240,1152,1238,0,1017,351,1075
5001,79412240,1158,1236,0,1022,353,1072
5002,79422240,1154,1237,0,1016,354,1071
5003,79432240,1155,1236,0,1017,353,1074
5004,79442240,1154,1238,0,1018,353,1075
5005,79452240,1158,1237,0,1017,355,1073
5006,79462240,1157,1237,0,1015,356,1076
5007,79472240,1085,1180,0,1020,355,1076
5008,79482240,1153,1237,0,1017,358,1075
5009,79492240,1154,1233,0,1018,359,1078
5010,79502240,1152,1236,0,1020,359,1078
5011,79512240,1152,1235,0,1016,359,1077
5012,79522240,1153,1234,0,1018,360,1077
5013,79532240,1154,1234,0,1018,359,1082
5014,79542240,1159,1235,0,1018,360,1079
5015,79552240,1150,1233,0,1020,360,1079
5016,79562240,1153,1234,0,1018,361,1078
5017,79572240,1150,1233,0,1019,362,1079
5018,79582240,1152,1234,0,1019,361,1078
5019,79592240,1152,1235,0,1019,362,1081
5020,79602240,1062,1227,0,1019,361,1080
5021,79612240,1155,1236,0,1020,362,1079
5022,79622240,1151,1235,0,1018,359,1081
5023,79632240,1154,1235,0,1018,362,1080
5024,79642240,1155,1236,0,1018,361,1081
5025,79652240,1155,1234,0,1021,363,1079
5026,79662240,1151,1234,0,1018,363,1080
5027,79672241,1154,1236,0,1020,363,1081
5028,79682240,1150,1235,0,1018,365,1079
5029,79692240,1154,1235,0,1019,365,1079
5030,79702240,1154,1235,0,1019,365,1080
5031,79712240,1157,1236,0,1019,366,1079
5032,79722240,1152,1234,0,1028,366,1079
5033,79732240,1155,1236,0,1016,365,1030
5034,79742240,1156,1234,0,1019,365,1080
5035,79752240,1151,1235,0,1017,365,1082
5036,79762240,1152,1235,0,1018,366,1082
5037,79772240,1150,1233,0,1021,366,1080
5038,79782240,1151,1233,0,1019,370,1081
5039,79792240,1150,1232,0,1020,370,1081
5040,79802240,1151,1234,0,1019,366,1082
5041,79812240,1151,1234,0,1020,370,1082
5042,79822240,1152,1233,0,1021,370,1082
5043,79832240,1150,1233,0,1024,365,1084
5044,79842240,1150,1234,0,1017,369,1082
5045,79852240,1151,1235,0,1027,372,1081
5046,79862240,1151,1234,0,1018,366,1081
5047,79872240,1151,1234,0,1018,369,1080
5048,79882240,1150,1234,0,1022,373,1084
5049,79892240,1149,1233,0,1021,371,1084
5050,79902240,1147,1233,0,1022,370,1082
5051,79912240,1150,1235,0,1021,372,1083
5052,79922240,1149,1233,0,1019,377,1082
5053,79932240,1153,1234,0,1023,374,1086
5054,79942240,1150,1232,0,1023,373,1082
5055,79952240,1149,1229,0,1021,374,1085
5056,79962240,1148,1231,0,1022,375,1082
5057,79972240,1148,1230,0,1021,375,1082
5058,79982240,1149,1232,0,1022,374,1084
5059,79992240,1148,1231,0,1023,373,1083
5060,80002240,1148,1230,0,1026,375,1086
5061,80012240,1145,1231,0,1021,375,1084
5062,80022240,1145,1233,0,1027,377,1089
5063,80032240,1145,1228,0,1025,377,1089
5064,80042240,1144,1226,0,1024,377,1086
5065,80052240,1144,1230,0,1023,377,1086
5066,80062240,1146,1228,0,1028,376,1090
5067,80072240,1145,1227,0,1019,377,1087
5068,80082240,1144,1229,0,1024,377,1089
5069,80092240,1145,1227,0,1023,381,1089
5070,80102240,1144,1228,0,1022,381,1084
5071,80112240,1143,1227,0,1024,380,1088
5072,80122240,1144,1226,0,1024,378,1085
5073,80132241,1097,1146,0,940,376,1088
5074,80142240,1145,1228,0,1027,380,1091
5075,80152240,1144,1219,0,1025,378,1088
5076,80162240,1144,1228,0,1025,378,1089
5077,80172240,1144,1228,0,1024,379,1089
5078,80182240,1143,1227,0,1026,382,1084
5079,80192240,1144,1227,0,1030,381,1086
5080,80202240,1144,1229,0,1025,377,1088
5081,80212240,1145,1224,0,1023,374,1084
5082,80222240,1147,1228,0,1027,375,1089
5083,80232240,1145,1227,0,1024,375,1090
5084,80242240,1145,1228,0,1026,375,1088
5085,80252240,1145,1228,0,1024,377,1088
5086,80262240,1144,1230,0,1023,375,1087
5087,80272240,1144,1228,0,1023,373,1084
5088,80282240,1144,1228,0,1020,374,1085
5089,80292240,1147,1227,0,1019,372,1084
5090,80302240,1146,1230,0,1020,370,1085
5091,80312240,1143,1226,0,1021,371,1082
5092,80322240,1146,1226,0,1018,370,1037
5093,80332240,1147,1229,0,1021,373,1082
5094,80342240,1150,1230,0,1017,371,1082
5095,80352240,1150,1230,0,1019,369,1085
5096,80362240,1148,1230,0,1019,366,1082
5097,80372240,1151,1230,0,1020,366,1082
5098,80382240,1149,1231,0,1022,367,1084
5099,80392240,1154,1226,0,1017,318,1056
5100,80402240,1149,1233,0,1018,366,1085
5101,80412240,1148,1232,0,1018,361,1079
5102,80422240,1148,1231,0,1018,369,1081
5103,80432240,1147,1229,0,1019,369,1081
5104,80442240,1152,1230,0,1018,370,1082
5105,80452240,1150,1228,0,1016,322,1053
5106,80462240,1151,1237,0,1018,370,1081
5107,80472240,1148,1232,0,1018,367,1081
5108,80482240,1150,1230,0,1018,367,1080
5109,80492240,1154,1225,0,1019,365,1078
5110,80502240,1149,1231,0,1018,366,1077
5111,80512240,1154,1231,0,1018,366,1075
5112,80522240,1151,1229,0,977,325,1057
5113,80532240,1155,1233,0,1015,359,1074
5114,80542240,1157,1236,0,1017,365,1073
5115,80552240,1157,1230,0,1016,361,1070
5116,80562240,1156,1235,0,1016,362,1070
5117,80572240,1156,1232,0,1018,356,1071
5118,80582240,1157,1234,0,1016,367,1073
5119,80592240,1157,1235,0,1010,361,1075
5120,80602240,1155,1234,0,1018,362,1071
5121,80612240,1155,1232,0,1016,363,1073
5122,80622240,1154,1234,0,1016,363,1072
5123,80632240,1153,1235,0,1017,363,1075
5124,80642240,1164,1233,0,1016,361,1075
5125,80652240,1152,1233,0,1016,370,1077
5126,80662240,1150,1233,0,1016,368,1074
5127,80672240,1152,1232,0,1018,366,1075
5128,80682240,1154,1231,0,1016,369,1075
5129,80692240,1151,1234,0,1013,369,1078
5130,80702240,1150,1233,0,1015,371,1076
5131,80712240,1154,1230,0,1016,320,1046
5132,80722240,1153,1232,0,1017,370,1078
5133,80732240,1153,1234,0,1017,370,1078
5134,80742240,1151,1232,0,1016,372,1077
5135,80752240,1154,1231,0,1017,371,1077
5136,80762240,1151,1234,0,1016,372,1077
5137,80772240,1156,1232,0,1017,371,1027
5138,80782240,1156,1233,0,1017,373,1078
5139,80792240,1154,1234,0,1017,372,1078
5140,80802240,1154,1232,0,1016,372,1077
5141,80812240,1150,1232,0,1018,371,1077
5142,80822240,1153,1233,0,1013,373,1078
5143,80832240,1157,1234,0,1017,372,1077
5144,80842240,1156,1131,0,954,341,1032
5145,80852240,1154,1234,0,1015,370,1074
5146,80862240,1156,1234,0,1019,367,1077
5147,80872240,1154,1233,0,1016,366,1075
5148,80882240,1158,1234,0,1018,363,1072
5149,80892240,1157,1234,0,1017,364,1072
5150,80902240,1159,1236,0,1012,360,1020
5151,80912240,1159,1232,0,1015,358,1072
5152,80922240,1159,1237,0,1014,355,1070
5153,80932240,1161,1236,0,1015,356,1068
5154,80942240,1161,1236,0,1015,349,1069
5155,80952240,1161,1234,0,1014,354,1069
5156,80962240,1163,1237,0,1014,351,1068
5157,80972240,1161,1237,0,1013,350,1066
5158,80982240,1161,1237,0,1012,348,1068
5159,80992240,1160,1238,0,1013,345,1066
5160,81002240,1162,1236,0,1011,346,1065
5161,81012240,1162,1237,0,1012,344,1065
5162,81022240,1162,1237,0,1011,344,1064
5163,81032240,1163,1239,0,1009,338,1063
5164,81042240,1163,1239,0,1008,338,1061
5165,81052240,1162,1239,0,1008,338,1062
5166,81062240,1166,1239,0,1008,334,1059
5167,81072240,1164,1240,0,1007,335,1061
5168,81082240,1164,1240,0,1005,332,1058
5169,81092240,1165,1240,0,1006,334,1058
5170,81102240,1168,1241,0,1008,335,1057
5171,81112240,1167,1240,0,1007,334,1057
5172,81122240,1167,1241,0,1004,338,1056
5173,81132240,1167,1241,0,1007,336,1057
5174,81142240,1167,1241,0,1005,335,1058
5175,81152240,1168,1240,0,1002,333,1055
5176,81162240,1108,1237,0,1007,334,1056
5177,81172240,1166,1240,0,1007,334,1056
5178,81182240,1167,1240,0,1007,337,1056
5179,81192240,1166,1240,0,1007,336,1057
5180,81202240,1168,1241,0,1007,331,1059
5181,81212240,1167,1240,0,1008,335,1057
5182,81222240,1167,1240,0,1007,333,1053
5183,81232240,1167,1241,0,1008,334,1057
5184,81242240,1169,1240,0,1006,332,1057
5185,81252240,1169,1241,0,1007,334,1056
5186,81262240,1167,1241,0,1006,333,1055
5187,81272240,1166,1241,0,1005,337,1054
5188,81282240,1168,1241,0,1008,337,1055
5189,81292240,1169,1240,0,1004,337,1056
5190,81302240,1167,1241,0,1008,338,1058
5191,81312240,1168,1242,0,1007,340,1058
5192,81322240,1167,1242,0,1005,339,1056
5193,81332240,1166,1242,0,1007,338,1056
5194,81342240,1168,1241,0,1013,339,1056
5195,81352240,1169,1241,0,1007,339,1059
5196,81362240,1163,1241,0,967,297,1041
5197,81372240,1169,1242,0,1006,338,1058
5198,81382240,1170,1241,0,1006,339,1056
5199,81392240,1166,1242,0,1003,339,1056
5200,81402240,1169,1241,0,1008,339,1056
5201,81412240,1170,1242,0,1007,340,1059
5202,81422240,1168,1242,0,1009,341,1057
5203,81432240,1170,1242,0,1007,340,1058
5204,81442240,1170,1243,0,1006,339,1057
5205,81452240,1169,1243,0,1009,340,1057
5206,81462240,1169,1246,0,1006,340,1058
5207,81472240,1168,1242,0,1007,342,1055
5208,81482240,1169,1242,0,1006,340,1058
5209,81492240,1168,1245,0,1007,339,1056
5210,81502240,1170,1244,0,1007,339,1059
5211,81512240,1172,1243,0,1006,335,1056
5212,81522240,1170,1245,0,1006,337,1062
5213,81532240,1173,1243,0,1007,338,1056
5214,81542240,1172,1244,0,1006,335,1066
5215,81552240,1172,1244,0,1005,334,1055
5216,81562240,1170,1144,0,944,306,1013
5217,81572240,1173,1244,0,1004,334,1058
5218,81582240,1173,1244,0,1007,342,1058
5219,81592240,1173,1245,0,1004,339,1055
5220,81602240,1171,1244,0,1008,337,1059
5221,81612240,1173,1245,0,1006,339,1060
5222,81622240,1178,1244,0,1005,339,1057
5223,81632240,1172,1244,0,1007,338,1057
5224,81642240,1171,1246,0,1004,335,1061
5225,81652240,1174,1245,0,1006,335,1056
5226,81662240,1175,1247,0,1004,339,1057
5227,81672240,1172,1241,0,1006,337,1055
5228,81682240,1172,1247,0,1006,333,1057
5229,81692240,1175,1245,0,1005,329,1056
5230,81702240,1174,1246,0,1003,329,1056
5231,81712240,1175,1245,0,1005,328,1053
5232,81722240,1176,1247,0,1003,325,1054
5233,81732240,1178,1250,0,1003,323,1054
5234,81742240,1177,1247,0,1004,316,1052
5235,81752240,1175,1250,0,1004,321,1051
5236,81762240,1177,1250,0,1003,319,1052
5237,81772240,1179,1248,0,1002,317,1051
5238,81782240,1177,1251,0,1001,316,1049
5239,81792240,1179,1251,0,1001,312,1048
5240,81802240,1180,1251,0,999,304,1045
5241,81812240,1190,1252,0,998,302,1042
5242,81822240,1181,1254,0,999,300,1041
5243,81832240,1181,1254,0,999,290,1040
5244,81842240,1180,1254,0,999,297,1040
5245,81852240,1182,1255,0,998,297,1039
5246,81862240,1181,1255,0,997,297,1037
5247,81872240,1181,1256,0,996,294,1034
5248,81882240,1183,1256,0,996,292,1035
5249,81892240,1183,1256,0,995,284,1033
5250,81902240,1183,1257,0,996,286,1031
5251,81912240,1186,1257,0,993,286,1030
5252,81922240,1186,1255,0,996,286,1030
5253,81932240,1186,1257,0,995,288,1028
5254,81942240,1185,1257,0,995,288,1033
5255,81952240,1134,1175,0,912,289,1031
5256,81962240,1186,1258,0,997,294,1032
5257,81972240,1187,1257,0,995,293,1031
5258,81982240,1187,1256,0,996,293,1035
5259,81992240,1187,1257,0,996,294,1033
5260,82002240,1185,1254,0,997,295,1031
5261,82012240,1184,1256,0,997,295,1034
5262,82022240,1186,1256,0,998,295,1033
5263,82032240,1185,1257,0,997,296,1034
5264,82042240,1186,1256,0,998,297,1034
5265,82052240,1182,1257,0,998,300,1035
5266,82062240,1181,1255,0,999,300,1035
5267,82072240,1182,1255,0,1001,303,1035
5268,82082241,1133,1174,0,915,299,1036
5269,82092240,1180,1255,0,995,305,1037
5270,82102240,1183,1256,0,998,303,1037
5271,82112240,1181,1255,0,995,304,1037
5272,82122240,1182,1254,0,1000,305,1038
5273,82132240,1179,1252,0,1005,308,1037
5274,82142240,1178,1151,0,937,282,994
5275,82152240,1179,1251,0,1001,310,1040
5276,82162240,1181,1250,0,1002,312,1040
5277,82172240,1175,1252,0,1002,311,1043
5278,82182240,1180,1251,0,1001,312,1043
5279,82192240,1179,1251,0,1001,312,1042
5280,82202240,1174,1251,0,959,278,1025
5281,82212240,1178,1251,0,1001,314,1043
5282,82222240,1180,1252,0,1003,315,1044
5283,82232240,1179,1251,0,1001,313,1044
5284,82242240,1179,1252,0,1001,315,1044
5285,82252240,1176,1251,0,997,315,1043
5286,82262240,1177,1251,0,998,314,1043
5287,82272241,1130,1168,0,920,311,1044
5288,82282240,1179,1251,0,1000,312,1042
5289,82292240,1179,1252,0,994,312,1041
5290,82302240,1180,1251,0,1000,311,1041
5291,82312240,1178,1251,0,998,311,1041
5292,82322240,1180,1253,0,998,310,1039
5293,82332241,1135,1170,0,916,306,1041
5294,82342240,1178,1253,0,998,309,1040
5295,82352240,1182,1253,0,999,309,1040
5296,82362240,1181,1253,0,996,307,1038
5297,82372240,1182,1255,0,997,308,1039
5298,82382240,1181,1254,0,998,306,1035
5299,82392240,1177,1254,0,994,303,1036
5300,82402240,1183,1255,0,995,306,1036
5301,82412240,1182,1255,0,996,301,1033
5302,82422240,1183,1255,0,994,301,1034
5303,82432240,1183,1256,0,993,298,1032
5304,82442240,1187,1258,0,993,296,1031
5305,82452240,1183,1256,0,995,298,1032
5306,82462240,1186,1255,0,990,297,1029
5307,82472240,1184,1257,0,991,297,1033
5308,82482240,1183,1256,0,993,294,1030
5309,82492240,1186,1255,0,990,299,1031
5310,82502240,1186,1255,0,993,295,1030
5311,82512240,1186,1256,0,990,294,1028
5312,82522240,1186,1256,0,992,294,1027
5313,82532240,1186,1255,0,991,295,1025
5314,82542240,1185,1255,0,995,292,1027
5315,82552240,1185,1256,0,992,290,1027
5316,82562240,1184,1255,0,992,297,1025
5317,82572240,1185,1257,0,993,297,1024
5318,82582240,1184,1256,0,993,294,1024
5319,82592240,1184,1254,0,991,295,1024
5320,82602240,1185,1256,0,993,296,1025
5321,82612240,1186,1255,0,991,296,1022
5322,82622240,1186,1256,0,992,297,1027
5323,82632240,1184,1255,0,993,298,1031
5324,82642240,1184,1253,0,996,300,1023
5325,82652240,1185,1254,0,996,303,1041
5326,82662240,1181,1252,0,996,307,1032
5327,82672240,1183,1252,0,998,308,1034
5328,82682240,1180,1251,0,996,308,1037
5329,82692240,1180,1251,0,996,308,1037
5330,82702240,1180,1250,0,999,306,1037
5331,82712240,1179,1250,0,998,307,1038
5332,82722240,1178,1249,0,997,307,1039
5333,82732241,1128,1167,0,916,310,1041
5334,82742240,1177,1246,0,993,313,1040
5335,82752240,1176,1246,0,999,316,1039
5336,82762240,1174,1245,0,1001,314,1045
5337,82772240,1175,1246,0,999,314,1045
5338,82782240,1175,1246,0,1000,315,1041
5339,82792240,1178,1246,0,1001,316,1040
5340,82802240,1085,1242,0,999,315,1045
5341,82812240,1178,1249,0,1000,313,1044
5342,82822240,1179,1247,0,1001,313,1042
5343,82832240,1178,1247,0,1000,315,1037
5344,82842240,1179,1247,0,998,323,1042
5345,82852240,1178,1247,0,999,315,1042
5346,82862240,1178,1251,0,999,319,1038
5347,82872240,1179,1250,3,1000,315,1038
5348,82882240,1181,1250,0,999,313,1039
5349,82892240,1182,1248,0,1000,314,1041
5350,82902240,1181,1253,0,1000,313,1039
5351,82912240,1180,1251,0,999,315,1040
5352,82922240,1181,1252,0,999,313,1040
5353,82932240,1184,1254,0,994,312,990
5354,82942240,1174,1252,0,998,315,1036
5355,82952240,1184,1248,0,998,309,1040
5356,82962240,1181,1250,0,997,307,1038
5357,82972240,1183,1254,0,996,308,1033
5358,82982240,1185,1256,0,998,307,1040
5359,82992240,1183,1255,0,997,308,1034
5360,83002240,1188,1255,0,996,304,1037
5361,83012240,1188,1254,0,998,302,1036
5362,83022240,1186,1255,0,996,303,1037
5363,83032240,1187,1256,0,995,302,1033
5364,83042240,1185,1256,0,997,308,1035
5365,83052240,1185,1255,0,995,301,1031
5366,83062240,1186,1265,0,993,298,983
5367,83072240,1188,1259,0,995,297,1033
5368,83082240,1190,1257,0,993,297,1032
5369,83092240,1187,1265,0,993,296,1030
5370,83102240,1190,1255,0,994,294,1029
5371,83112240,1189,1258,0,991,295,1031
5372,83122240,1186,1258,0,993,296,1028
5373,83132240,1189,1257,0,993,294,1028
5374,83142240,1188,1259,0,991,295,1027
5375,83152240,1191,1258,0,992,293,1026
5376,83162240,1188,1264,0,991,285,1024
5377,83172240,1189,1259,0,991,289,1022
5378,83182240,1189,1259,0,990,282,1021
5379,83192240,1190,1260,0,991,281,1016
5380,83202240,1191,1260,0,991,281,1017
5381,83212240,1191,1260,0,988,282,1016
5382,83222240,1193,1260,0,990,279,1014
5383,83232240,1191,1261,0,987,282,1015
5384,83242240,1190,1262,0,991,279,1013
5385,83252240,1194,1261,0,988,279,1013
5386,83262240,1192,1260,0,986,274,1013
5387,83272240,1194,1260,0,989,275,1015
5388,83282240,1193,1262,0,990,280,1013
5389,83292240,1191,1261,0,988,281,1011
5390,83302240,1192,1262,0,989,285,1016
5391,83312240,1193,1260,0,992,285,1017
5392,83322240,1192,1260,0,988,284,1019
5393,83332241,1143,1178,0,907,284,1020
5394,83342240,1191,1260,0,989,287,1019
5395,83352240,1191,1260,0,989,283,1023
5396,83362240,1191,1262,0,986,286,1024
5397,83372240,1192,1260,0,990,284,1025
5398,83382240,1189,1260,0,987,284,1023
5399,83392241,1141,1177,0,903,284,1024
5400,83402240,1190,1259,0,988,286,1024
5401,83412240,1190,1260,0,989,287,1025
5402,83422240,1190,1260,0,989,287,1026
5403,83432240,1192,1259,0,990,288,1025
5404,83442240,1192,1259,0,986,287,1024
5405,83452240,1190,1258,0,986,245,1004
5406,83462240,1191,1260,0,988,286,1026
5407,83472240,1190,1260,0,989,287,1027
5408,83482240,1189,1259,0,988,288,1027
5409,83492240,1190,1259,0,989,289,1026
5410,83502240,1192,1259,0,990,290,1026
5411,83512240,1190,1260,0,989,291,1027
5412,83522240,1096,1255,0,990,293,1024
5413,83532240,1191,1258,0,989,294,1027
5414,83542240,1189,1258,0,989,287,1029
5415,83552240,1190,1258,0,990,296,1030
5416,83562240,1189,1258,0,988,296,1028
5417,83572240,1190,1258,0,989,296,1030
5418,83582240,1189,1257,0,990,296,1029
5419,83592240,1189,1257,0,998,297,1032
5420,83602240,1186,1257,0,990,297,1035
5421,83612240,1185,1254,0,990,301,1034
5422,83622240,1184,1254,0,994,302,1035
5423,83632240,1184,1254,0,996,302,1035
5424,83642240,1184,1254,0,994,304,1038
5425,83652240,1137,1172,0,912,304,1038
5426,83662240,1184,1254,0,996,305,1038
5427,83672240,1184,1252,0,997,302,1038
5428,83682240,1183,1252,0,997,309,1040
5429,83692240,1182,1252,0,994,309,1041
5430,83702240,1181,1252,0,997,305,1041
5431,83712240,1181,1252,0,997,311,1040
5432,83722241,1135,1170,0,914,306,1042
5433,83732240,1183,1251,0,995,313,1042
5434,83742240,1181,1251,0,997,310,1040
5435,83752240,1181,1254,0,995,309,1041
5436,83762240,1180,1251,0,996,310,1042
5437,83772240,1180,1252,0,998,311,1041
5438,83782240,1179,1250,0,994,311,991
5439,83792240,1180,1248,0,998,318,1041
5440,83802240,1179,1250,0,998,315,1044
5441,83812240,1180,1252,0,999,316,1044
5442,83822240,1180,1248,0,997,319,1043
5443,83832240,1179,1249,0,999,316,1044
5444,83842240,1179,1250,0,997,317,1044
5445,83852240,1178,1248,0,998,316,1044
5446,83862240,1180,1249,0,998,318,1046
5447,83872240,1178,1250,0,998,318,1045
5448,83882240,1177,1248,0,999,321,1047
5449,83892240,1176,1248,0,999,322,1046
5450,83902240,1177,1248,0,1005,322,1048
5451,83912240,1175,1249,0,1000,327,1049
5452,83922240,1176,1246,0,998,326,1048
5453,83932240,1176,1246,0,998,327,1050
5454,83942240,1177,1248,0,999,325,1050
5455,83952240,1178,1246,0,999,327,1048
5456,83962240,1177,1246,0,1001,326,1051
5457,83972240,1177,1246,0,999,327,1048
5458,83982240,1178,1249,0,1002,327,1048
5459,83992240,1179,1247,0,1005,327,1046
5460,84002240,1180,1250,0,1004,326,1045
5461,84012240,1180,1249,0,999,326,1047
5462,84022240,1180,1250,0,998,324,1049
5463,84032240,1181,1250,0,999,320,1048
5464,84042240,1180,1251,0,999,320,1048
5465,84052240,1181,1251,0,999,320,1046
5466,84062240,1182,1251,0,1000,316,1045
5467,84072240,1180,1253,0,999,316,1040
5468,84082240,1182,1251,0,997,317,1045
5469,84092240,1183,1252,0,996,315,1044
5470,84102240,1184,1252,0,998,316,1046
5471,84112240,1090,1246,0,998,315,1045
5472,84122240,1183,1252,0,996,313,1042
5473,84132240,1184,1252,0,996,315,1042
5474,84142240,1183,1253,0,996,316,1041
5475,84152240,1184,1252,0,996,323,1041
5476,84162240,1185,1261,0,996,314,1042
5477,84172240,1183,1253,0,998,312,1034
5478,84182240,1184,1250,0,997,313,1041
5479,84192240,1186,1253,0,996,315,1041
5480,84202240,1184,1253,0,997,312,1039
5481,84212240,1183,1253,0,996,314,1040
5482,84222240,1185,1253,0,997,314,1042
5483,84232240,1186,1252,0,997,314,1041
5484,84242240,1186,1253,0,997,317,1041
5485,84252240,1184,1252,0,998,313,1044
5486,84262240,1183,1253,0,998,321,1042
5487,84272240,1183,1252,0,997,317,1042
5488,84282240,1182,1250,0,997,319,1044
5489,84292240,1183,1251,0,999,320,1043
5490,84302240,1180,1249,0,998,272,1030
5491,84312240,1181,1248,0,997,322,1044
5492,84322240,1179,1247,0,999,326,1047
5493,84332240,1179,1246,0,999,324,1047
5494,84342240,1178,1242,0,1000,328,1049
5495,84352240,1176,1245,0,999,328,1049
5496,84362240,1176,1255,0,998,331,1046
5497,84372241,1174,1144,0,937,303,1007
5498,84382240,1176,1244,0,999,329,1063
5499,84392240,1172,1244,0,1000,330,1053
5500,84402240,1174,1245,0,999,331,1052
5501,84412240,1171,1242,0,1000,332,1055
5502,84422240,1171,1240,0,1001,333,1056
5503,84432240,1165,1240,0,960,291,1030
5504,84442240,1167,1240,0,997,333,1056
5505,84452240,1165,1237,0,1001,338,1057
5506,84462240,1165,1240,0,1002,338,1056
5507,84472240,1163,1237,0,1001,340,1057
5508,84482240,1168,1240,0,1003,333,1056
5509,84492240,1162,1235,0,960,295,1041
5510,84502240,1166,1238,0,1003,340,1060
5511,84512240,1164,1236,0,1003,337,1061
5512,84522240,1160,1235,0,1010,340,1059
5513,84532240,1163,1235,0,1005,342,1061
5514,84542240,1160,1235,0,1005,341,1062
5515,84552240,1158,1232,0,1004,339,1059
5516,84562240,1158,1232,0,1002,342,1063
5517,84572240,1159,1232,0,1006,343,1064
5518,84582240,1155,1230,0,1007,347,1064
5519,84592240,1155,1240,0,1008,344,1064
5520,84602240,1154,1230,0,1005,344,1064
5521,84612240,1157,1231,0,1006,345,1065
5522,84622240,1157,1231,0,1006,345,1064
5523,84632240,1155,1230,0,1006,346,1065
5524,84642240,1155,1230,0,1007,346,1063
5525,84652240,1153,1228,0,1008,346,1063
5526,84662240,1155,1228,0,1006,348,1065
5527,84672240,1155,1226,0,1006,346,1067
5528,84682240,1154,1230,0,1006,348,1064
5529,84692240,1150,1229,0,1007,347,1063
5530,84702240,1152,1231,0,1008,346,1064
5531,84712240,1157,1229,0,1008,345,1065
5532,84722240,1156,1228,0,1010,349,1065
5533,84732240,1160,1229,0,1008,350,1065
5534,84742240,1155,1228,0,1008,347,1065
5535,84752240,1156,1232,0,1009,348,1066
5536,84762240,1158,1231,0,1008,348,1064
5537,84772240,1157,1230,0,1007,348,1067
5538,84782240,1159,1230,0,1009,348,1068
5539,84792240,1158,1228,0,1009,348,1067
5540,84802240,1160,1230,0,1010,349,1067
5541,84812240,1158,1228,0,1008,350,1066
5542,84822240,1156,1232,0,1009,350,1067
5543,84832240,1156,1231,0,1010,348,1065
5544,84842240,1157,1231,0,1012,349,1066
5545,84852240,1159,1231,0,1012,350,1066
5546,84862240,1158,1231,0,1010,350,1068
5547,84872240,1155,1234,0,1009,349,1067
5548,84882240,1159,1231,0,1010,350,1067
5549,84892240,1159,1233,0,1012,351,1066
5550,84902240,1157,1231,0,1011,350,1068
5551,84912240,1159,1232,0,1012,348,1068
5552,84922240,1160,1234,0,1012,350,1065
5553,84932240,1159,1234,0,1013,350,1067
5554,84942240,1160,1234,0,1012,349,1068
5555,84952240,1105,1169,0,983,304,1060
5556,84962240,1160,1233,0,1012,350,1067
5557,84972240,1159,1232,0,1020,350,1070
5558,84982240,1158,1232,0,1012,356,1068
5559,84992240,1159,1231,0,1012,354,1067
5560,85002240,1157,1231,0,1011,353,1068
5561,85012240,1157,1230,0,1013,353,1068
5562,85022241,1107,1150,0,930,352,1068
5563,85032240,1157,1231,0,1012,353,1070
5564,85042240,1155,1229,0,1014,359,1071
5565,85052240,1153,1229,0,1014,352,1072
5566,85062240,1152,1228,0,1016,355,1070
5567,85072240,1148,1226,0,1015,357,1072
5568,85082240,1148,1223,0,1015,306,1045
5569,85092240,1146,1225,0,1016,357,1074
5570,85102240,1146,1227,0,1015,361,1075
5571,85112240,1146,1225,0,1017,359,1075
5572,85122240,1144,1225,0,1015,356,1077
5573,85132240,1144,1222,0,1019,357,1076
5574,85142240,1144,1222,0,1017,360,1077
5575,85152240,1145,1223,0,1019,360,1076
5576,85162240,1144,1221,0,1015,361,1077
5577,85172240,1143,1221,0,1019,361,1078
5578,85182240,1144,1224,0,1017,361,1078
5579,85192240,1143,1224,0,1018,360,1078
5580,85202240,1142,1225,0,1018,362,1079
5581,85212240,1142,1123,0,957,333,1036
5582,85222240,1144,1226,0,1017,362,1077
5583,85232240,1144,1225,0,1019,363,1078
5584,85242240,1144,1222,0,1021,362,1080
5585,85252240,1144,1224,0,1019,362,1079
5586,85262240,1145,1224,0,1018,363,1075
5587,85272240,1145,1127,0,961,335,1035
5588,85282240,1145,1226,0,1020,363,1077
5589,85292240,1144,1224,0,1017,365,1078
5590,85302240,1146,1225,0,1018,364,1080
5591,85312240,1145,1224,0,1019,364,1080
5592,85322240,1146,1225,0,1017,364,1079
5593,85332240,1145,1123,0,955,341,1035
5594,85342240,1146,1224,0,1018,368,1079
5595,85352240,1146,1223,0,1018,369,1080
5596,85362240,1145,1226,0,1018,367,1079
5597,85372240,1146,1225,0,1020,365,1080
5598,85382240,1147,1224,0,1019,366,1079
5599,85392240,1146,1224,0,1018,315,1052
5600,85402240,1146,1226,0,1017,367,1081
5601,85412240,1147,1227,0,1019,366,1080
5602,85422240,1147,1225,0,1018,366,1080
5603,85432240,1146,1226,0,1017,366,1079
5604,85442240,1147,1226,0,1018,374,1076
5605,85452240,1146,1226,0,1019,364,1078
5606,85462240,1149,1226,0,1017,360,1080
5607,85472240,1148,1231,0,1018,365,1082
5608,85482240,1148,1224,0,1017,367,1078
5609,85492240,1148,1226,0,1018,367,1077
5610,85502240,1150,1228,0,1018,372,1078
5611,85512240,1149,1226,0,1018,367,1077
5612,85522240,1148,1226,0,1016,368,1077
5613,85532240,1147,1224,0,1018,367,1082
5614,85542240,1149,1228,0,1017,363,1079
5615,85552240,1149,1227,0,1018,364,1076
5616,85562240,1150,1222,0,1018,362,1078
5617,85572240,1149,1227,0,1016,365,1078
5618,85582240,1154,1222,0,1016,369,1079
5619,85592240,1083,1166,0,1017,367,1080
5620,85602240,1152,1226,0,1018,370,1080
5621,85612240,1149,1220,0,1017,368,1078
5622,85622240,1151,1226,0,1017,369,1078
5623,85632240,1151,1226,0,1019,365,1081
5624,85642240,1152,1226,0,1018,369,1080
5625,85652240,1104,1142,0,934,365,1075
5626,85662240,1149,1228,0,1018,369,1079
5627,85672240,1149,1231,0,1017,370,1079
5628,85682240,1150,1229,0,1018,370,1083
5629,85692240,1151,1227,0,1016,370,1079
5630,85702240,1148,1226,0,1018,370,1077
5631,85712240,1150,1230,0,1018,370,1078
5632,85722240,1148,1228,0,1017,375,1078
5633,85732240,1149,1226,0,1017,371,1081
5634,85742240,1147,1225,0,1018,373,1080
5635,85752240,1142,1224,0,1018,377,1082
5636,85762240,1146,1226,0,1020,371,1081
5637,85772240,1148,1227,0,1017,372,1081
5638,85782240,1148,1227,0,1019,371,1081
5639,85792240,1146,1225,0,1018,372,1081
5640,85802240,1150,1225,0,1017,375,1081
5641,85812240,1148,1226,0,1018,375,1081
5642,85822240,1149,1225,0,1018,373,1086
5643,85832240,1145,1227,0,1014,373,1085
5644,85842240,1146,1222,0,1020,374,1082
5645,85852240,1145,1225,0,1019,373,1079
5646,85862240,1142,1222,0,1017,373,1081
5647,85872240,1143,1221,0,1019,373,1081
5648,85882240,1141,1221,0,1019,374,1082
5649,85892240,1144,1222,0,1020,378,1083
5650,85902240,1142,1221,0,1020,374,1082
5651,85912240,1142,1223,0,1019,372,1082
5652,85922240,1142,1221,0,1018,373,1089
5653,85932240,1142,1222,0,1020,375,1084
5654,85942240,1142,1222,3,1020,375,1087
5655,85952240,1142,1227,0,1020,376,1083
5656,85962240,1141,1218,0,1019,376,1084
5657,85972240,1143,1220,0,1021,376,1084
5658,85982240,1140,1217,0,1022,375,1088
5659,85992240,1139,1217,0,1020,377,1085
5660,86002240,1138,1216,0,1022,378,1089
5661,86012240,1136,1216,0,1020,381,1085
5662,86022240,1137,1217,0,1020,378,1087
5663,86032240,1134,1212,0,1020,377,1087
5664,86042240,1133,1211,0,1024,380,1087
5665,86052240,1132,1210,0,1024,380,1088
5666,86062240,1130,1210,0,1025,377,1087
5667,86072240,1133,1212,0,1019,377,1088
5668,86082240,1131,1210,0,1022,376,1089
5669,86092240,1132,1213,0,1025,376,1089
5670,86102240,1131,1209,0,1022,375,1086
5671,86112240,1135,1211,0,1027,376,1090
5672,86122240,1128,1211,0,1025,377,1089
5673,86132240,1133,1211,0,1027,378,1090
5674,86142240,1134,1213,0,1024,379,1089
5675,86152240,1134,1212,0,1021,378,1090
5676,86162240,1133,1212,0,1023,379,1089
5677,86172240,1064,1159,0,1025,378,1092
5678,86182240,1136,1214,0,1020,378,1092
5679,86192240,1135,1212,0,1024,378,1090
5680,86202240,1135,1213,0,1023,380,1088
5681,86212240,1138,1213,0,1022,378,1089
5682,86222240,1135,1212,0,1025,381,1090
5683,86232240,1134,1215,0,1021,379,1091
5684,86242240,1136,1213,0,1021,379,1092
5685,86252240,1136,1214,0,1026,374,1090
5686,86262240,1136,1213,0,1025,379,1091
5687,86272240,1134,1215,0,1026,380,1091
5688,86282240,1134,1212,0,1024,379,1093
5689,86292240,1133,1212,0,1028,380,1091
5690,86302240,1132,1212,0,1026,379,1091
5691,86312240,1131,1210,0,1027,382,1091
5692,86322240,1132,1210,0,1025,382,1090
5693,86332240,1130,1210,0,1027,381,1090
5694,86342240,1129,1210,0,1024,383,1092
5695,86352240,1130,1210,0,1032,387,1091
5696,86362240,1129,1209,0,1028,384,1093
5697,86372240,1129,1209,0,1025,384,1092
5698,86382240,1129,1209,0,1023,384,1094
5699,86392240,1129,1208,0,1027,383,1093
5700,86402240,1128,1208,0,1024,383,1089
5701,86412240,1129,1208,0,1025,385,1090
5702,86422240,1129,1207,0,1029,382,1093
5703,86432240,1127,1207,0,1029,382,1092
5704,86442240,1126,1207,0,1027,387,1093
5705,86452240,1127,1207,0,1024,382,1094
5706,86462240,1128,1208,0,1028,382,1091
5707,86472240,1128,1208,0,1025,376,1093
5708,86482240,1129,1209,0,1024,384,1091
5709,86492240,1129,1211,0,1023,388,1093
5710,86502240,1131,1209,0,1028,390,1091
5711,86512240,1130,1208,0,1023,387,1094
5712,86522240,1129,1207,0,1027,388,1093
5713,86532240,1126,1207,0,1024,389,1092
5714,86542240,1127,1206,0,1024,389,1094
5715,86552240,1128,1206,0,1027,388,1093
5716,86562240,1128,1206,0,1022,387,1094
5717,86572240,1127,1213,0,1026,390,1088
5718,86582240,1128,1207,0,1026,391,1092
5719,86592240,1130,1209,0,1030,393,1093
5720,86602240,1130,1207,0,1027,388,1091
5721,86612240,1129,1209,0,1026,387,1089
5722,86622240,1127,1207,0,982,348,1075
5723,86632240,1130,1210,0,1024,390,1094
5724,86642240,1131,1208,0,1027,391,1092
5725,86652240,1129,1210,0,1026,388,1095
5726,86662240,1132,1209,0,1024,388,1092
5727,86672240,1131,1210,0,1024,394,1095
5728,86682240,1131,1210,0,1026,392,1093
5729,86692240,1133,1210,0,1025,387,1098
5730,86702240,1131,1210,0,1023,391,1093
5731,86712240,1131,1210,0,1024,391,1089
5732,86722240,1135,1212,0,1026,387,1093
5733,86732240,1135,1212,0,1024,388,1094
5734,86742240,1134,1212,0,1024,389,1090
5735,86752240,1136,1214,0,1026,383,1092
5736,86762240,1136,1215,0,1026,391,1091
5737,86772240,1135,1215,0,1024,379,1092
5738,86782240,1135,1218,0,1023,376,1086
5739,86792240,1137,1218,0,1023,372,1089
5740,86802240,1140,1219,0,1025,375,1092
5741,86812240,1053,1215,0,1025,375,1089
5742,86822240,1142,1220,0,1023,372,1091
5743,86832240,1141,1223,0,1022,374,1086
5744,86842240,1142,1222,0,1021,375,1089
5745,86852240,1141,1220,0,1022,373,1088
5746,86862240,1142,1223,0,1019,373,1088
5747,86872240,1144,1223,0,1021,369,1088
5748,86882240,1144,1224,0,1022,374,1088
5749,86892240,1145,1223,0,1020,368,1085
5750,86902240,1144,1225,0,1022,373,1086
5751,86912240,1143,1225,0,1019,370,1084
5752,86922240,1143,1227,0,1020,367,1088
5753,86932240,1145,1218,0,1019,369,1087
5754,86942240,1147,1225,0,1019,366,1088
5755,86952240,1148,1227,0,1021,363,1090
5756,86962240,1148,1227,0,1020,367,1086
5757,86972240,1148,1229,0,1019,362,1085
5758,86982240,1156,1229,0,1020,369,1088
5759,86992240,1155,1234,0,1019,357,1083
5760,87002240,1152,1230,0,1018,355,1082
5761,87012240,1154,1228,0,1019,358,1081
5762,87022240,1152,1233,0,1017,357,1080
5763,87032240,1154,1231,0,1018,355,1081
5764,87042240,1153,1235,0,1017,354,1079
5765,87052240,1153,1234,0,1017,349,1079
5766,87062240,1157,1234,0,1015,348,1078
5767,87072240,1158,1236,0,1012,345,1025
5768,87082240,1160,1235,0,1014,345,1075
5769,87092240,1160,1235,0,1013,343,1074
5770,87102240,1162,1235,0,1010,341,1069
5771,87112240,1163,1237,0,1009,336,1071
5772,87122240,1162,1237,0,1010,335,1072
5773,87132240,1163,1237,0,1010,331,1068
5774,87142240,1164,1237,0,1007,336,1071
5775,87152240,1164,1237,0,1009,339,1067
5776,87162240,1162,1237,0,1010,338,1067
5777,87172240,1163,1238,0,1011,334,1069
5778,87182240,1165,1238,0,998,333,1067
5779,87192240,1164,1239,0,1009,331,1066
5780,87202240,1096,1182,0,1008,334,1071
5781,87212240,1165,1239,0,1007,332,1067
5782,87222240,1165,1240,0,1004,330,1066
5783,87232240,1168,1242,0,1004,331,1067
5784,87242240,1167,1241,0,1005,332,1069
5785,87252240,1168,1242,0,1008,331,1066
5786,87262240,1170,1243,0,1005,332,1064
5787,87272240,1169,1243,0,1006,330,1068
5788,87282240,1170,1243,0,1004,330,1066
5789,87292240,1171,1243,0,1004,327,1065
5790,87302240,1172,1244,0,1008,327,1065
5791,87312240,1166,1245,0,1005,324,1065
5792,87322240,1170,1243,0,1003,327,1066
5793,87332240,1171,1243,0,1007,325,1066
5794,87342240,1171,1244,0,1004,327,1065
5795,87352240,1171,1242,0,1006,328,1065
5796,87362240,1169,1244,0,1008,328,1064
5797,87372240,1168,1244,0,1006,328,1065
5798,87382240,1170,1244,0,1004,328,1065
5799,87392240,1172,1245,0,1006,329,1065
5800,87402240,1076,1239,0,1007,327,1067
5801,87412240,1171,1244,0,1005,328,1065
5802,87422240,1174,1245,0,1006,328,1065
5803,87432240,1172,1246,0,1005,328,1067
5804,87442240,1172,1244,0,1005,328,1067
5805,87452240,1174,1244,0,1006,329,1066
5806,87462240,1169,1245,0,962,297,998
5807,87472240,1171,1247,0,1007,327,1068
5808,87482240,1175,1244,0,1009,326,1066
5809,87492240,1172,1245,0,1007,329,1066
5810,87502240,1172,1245,0,1005,330,1066
5811,87512240,1173,1245,0,1010,330,1068
5812,87522240,1173,1245,0,1005,330,1066
5813,87532240,1175,1246,0,1004,323,1066
5814,87542240,1171,1245,0,1006,331,1066
5815,87552240,1171,1245,0,1006,332,1066
5816,87562240,1173,1246,0,1006,327,1065
5817,87572240,1173,1246,0,1004,332,1066
5818,87582240,1174,1245,0,1006,332,1065
5819,87592240,1171,1245,0,1006,330,1065
5820,87602240,1173,1248,0,1008,332,1067
5821,87612240,1175,1246,0,1009,331,1066
5822,87622240,1172,1246,0,1005,329,1066
5823,87632240,1175,1244,0,1007,330,1067
5824,87642240,1172,1246,0,1015,331,1066
5825,87652240,1174,1245,0,1004,331,1066
5826,87662240,1173,1248,0,1011,331,1066
5827,87672240,1172,1246,0,1007,331,1064
5828,87682240,1174,1248,0,1003,330,1065
5829,87692240,1175,1251,0,1008,329,1065
5830,87702240,1176,1248,0,1006,331,1064
5831,87712240,1177,1249,0,1007,329,1065
5832,87722240,1175,1144,0,947,289,1021
5833,87732240,1177,1247,0,1005,329,1065
5834,87742240,1174,1248,0,1005,329,1063
5835,87752240,1175,1248,0,1006,339,1064
5836,87762240,1176,1248,0,1006,331,1063
5837,87772240,1177,1248,0,1007,333,1063
5838,87782240,1175,1251,0,1004,331,1063
5839,87792241,1127,1169,0,924,331,1064
5840,87802240,1178,1250,0,1006,332,1065
5841,87812240,1177,1249,0,1007,331,1061
5842,87822240,1177,1251,0,1004,329,1062
5843,87832240,1178,1253,0,1005,331,1062
5844,87842240,1178,1251,0,1005,333,1062
5845,87852240,1178,1254,0,1004,335,1062
5846,87862240,1087,1248,0,1006,337,1065
5847,87872240,1178,1254,0,1007,336,1064
5848,87882240,1179,1254,0,1004,340,1067
5849,87892240,1179,1253,0,1004,340,1065
5850,87902240,1181,1255,0,1005,341,1062
5851,87912240,1180,1250,0,1006,342,1067
5852,87922240,1175,1251,0,963,311,999
5853,87932240,1179,1254,0,1008,347,1068
5854,87942240,1180,1253,0,1006,346,1068
5855,87952240,1181,1253,0,1009,346,1070
5856,87962240,1180,1255,0,1010,348,1071
5857,87972240,1180,1256,0,1009,348,1074
5858,87982240,1181,1255,0,1012,349,1066
5859,87992240,1177,1253,0,966,322,1005
5860,88002240,1180,1255,0,1013,353,1072
5861,88012240,1180,1257,0,1014,354,1071
5862,88022240,1180,1255,0,1014,353,1074
5863,88032240,1180,1256,0,1014,356,1076
5864,88042240,1181,1254,0,1014,359,1074
5865,88052240,1180,1254,0,1015,357,1071
5866,88062240,1181,1255,0,1017,359,1077
5867,88072240,1183,1256,0,1020,351,1074
5868,88082240,1184,1256,0,1017,356,1075
5869,88092240,1180,1255,0,1017,354,1077
5870,88102240,1181,1256,0,1017,355,1074
5871,88112240,1181,1256,0,1017,354,1072
5872,88122240,1181,1257,0,1015,346,1024
5873,88132240,1180,1256,0,1018,345,1073
5874,88142240,1186,1258,0,1017,329,1070
5875,88152240,1185,1260,0,1018,312,1069
5876,88162240,1187,1261,0,1017,310,1065
5877,88172240,1191,1263,0,1016,289,1060
5878,88182240,1191,1267,0,1016,286,1058
5879,88192240,1196,1267,0,1015,276,1052
5880,88202240,1189,1270,0,1012,271,1049
5881,88212240,1193,1269,0,1011,264,1047
5882,88222240,1194,1270,0,1011,254,1052
5883,88232240,1193,1268,0,1011,252,1046
5884,88242240,1192,1269,0,1008,240,1043
5885,88252240,1193,1267,0,1009,232,1042
5886,88262240,1194,1265,0,1009,233,1042
5887,88272240,1191,1263,0,1011,236,1043
5888,88282240,1191,1263,0,1008,237,1043
5889,88292240,1190,1265,0,1009,233,1044
5890,88302240,1197,1263,0,1010,236,1045
5891,88312240,1187,1260,0,1009,229,1040
5892,88322240,1184,1259,0,1011,226,1039
5893,88332240,1182,1257,0,1008,223,1038
5894,88342240,1180,1253,0,1009,212,1034
5895,88352240,1181,1254,0,1005,214,1033
5896,88362240,1179,1254,0,1004,211,1030
5897,88372240,1182,1254,0,1004,206,1025
5898,88382240,1170,1249,0,1003,206,1028
5899,88392240,1162,1242,0,1001,214,1030
5900,88402240,1152,1230,0,1001,211,1026
5901,88412240,1144,1228,0,1001,209,1032
5902,88422240,1134,1220,0,1003,201,1032
5903,88432240,1137,1218,0,1002,203,1025
5904,88442240,1143,1225,0,995,201,1019
5905,88452240,1153,1228,0,995,186,1020
5906,88462240,1159,1233,0,989,178,1002
5907,88472240,1161,1238,0,988,167,997
5908,88482240,1161,1234,0,985,164,997
5909,88492240,1148,1225,0,977,165,996
5910,88502240,1138,1212,0,980,163,996
5911,88512240,1121,1199,0,980,164,995
5912,88522240,1108,1177,0,976,168,996
5913,88532240,1096,1176,0,971,172,993
5914,88542240,1089,1172,0,970,178,995
5915,88552240,1088,1171,0,963,183,993
5916,88562240,1085,1168,0,955,183,991
5917,88572240,1079,1162,0,955,180,990
5918,88582240,1065,1145,0,947,180,990
5919,88592240,1044,1127,0,942,180,988
5920,88602240,1018,1105,0,937,176,988
5921,88612240,1001,1091,0,934,171,984
5922,88622240,997,1083,0,930,166,976
5923,88632240,995,1084,0,924,156,971
5924,88642240,988,1085,0,919,143,960
5925,88652240,1000,1091,0,911,133,950
5926,88662240,1001,1096,0,905,124,937
5927,88672240,1003,1093,0,893,116,927
5928,88682240,1000,1090,0,890,106,913
5929,88692240,995,1086,0,885,95,901
5930,88702240,992,1083,0,878,91,890
5931,88712240,982,1082,0,875,87,884
5932,88722240,982,1075,0,873,83,881
5933,88732240,971,1069,0,869,78,874
5934,88742240,968,1062,0,865,76,870
5935,88752240,963,1060,0,857,66,860
5936,88762240,964,1058,0,851,28,837
5937,88772240,965,1062,0,844,56,833
5938,88782240,964,1062,0,840,52,825
5939,88792240,964,1058,0,830,43,816
5940,88802240,962,1055,0,826,45,808
5941,88812240,959,1053,0,825,44,804
5942,88822240,961,1053,0,826,40,799
5943,88832241,921,984,0,752,36,793
5944,88842240,966,1059,0,822,32,784
5945,88852240,969,1060,0,821,24,777
5946,88862240,969,1062,0,815,25,763
5947,88872240,973,1063,0,821,21,754
5948,88882240,976,1065,0,821,24,747
5949,88892240,979,1068,0,821,19,741
5950,88902240,983,1068,0,825,20,733
5951,88912240,983,1073,0,826,16,728
5952,88922240,987,1074,0,828,13,722
5953,88932240,988,1080,0,831,15,715
5954,88942240,990,1083,0,839,15,713
5955,88952240,994,1085,0,840,13,712
5956,88962240,997,1091,0,842,10,713
5957,88972240,1001,1094,0,845,16,712
5958,88982240,1005,1097,0,847,18,714
5959,88992240,1006,1098,0,849,14,714
5960,89002240,1010,1099,0,849,12,715
5961,89012240,1011,1098,0,851,16,715
5962,89022240,983,1013,0,853,17,716
5963,89032240,1013,1103,1,853,14,720
5964,89042240,1015,1102,0,855,17,720
5965,89052240,1016,1103,0,857,15,721
5966,89062240,1021,1107,0,858,16,722
5967,89072240,1020,1111,0,859,18,720
5968,89082240,1022,1102,0,858,20,725
5969,89092240,1022,1109,0,857,22,729
5970,89102240,1021,1105,0,858,26,735
5971,89112240,1018,1102,0,859,25,741
5972,89122240,1014,1098,0,859,28,745
5973,89132240,1011,1097,0,859,29,745
5974,89142240,1005,1095,0,862,33,748
5975,89152240,935,1069,0,863,36,751
5976,89162240,1001,1089,0,865,37,752
5977,89172240,1002,1088,0,865,35,759
5978,89182240,1001,1086,0,863,37,760
5979,89192240,1002,1085,0,864,40,756
5980,89202240,1002,1092,0,864,41,761
5981,89212240,1003,1091,0,864,41,759
5982,89222240,1005,1089,0,866,43,762
5983,89232240,1000,1087,0,868,42,764
5984,89242240,998,1082,0,869,43,767
5985,89252240,997,1079,0,869,49,774
5986,89262240,993,1079,0,871,51,779
5987,89272240,992,1081,0,873,54,781
5988,89282240,995,991,0,819,30,749
5989,89292240,996,1085,0,874,54,784
5990,89302240,998,1086,0,873,57,786
5991,89312240,1001,1087,0,873,55,788
5992,89322240,1003,1092,0,874,57,785
5993,89332240,1000,1096,0,875,58,788
5994,89342240,1001,1092,0,875,58,793
5995,89352240,1003,1092,0,876,58,793
5996,89362240,1003,1094,0,877,66,791
5997,89372240,1004,1095,0,878,59,785
5998,89382240,1004,1098,0,876,54,791
5999,89392240,1007,1099,0,878,60,789
6000,89402240,1013,1102,0,876,55,790
6001,89412241,1013,1013,0,817,33,753
6002,89422240,1014,1106,0,875,54,792
6003,89432240,1013,1107,0,876,48,787
6004,89442240,1013,1107,0,874,47,786
6005,89452240,1014,1109,0,871,43,782
6006,89462240,1015,1108,0,869,41,779
6007,89472240,1017,1109,0,868,37,775
6008,89482240,1014,1111,0,863,38,772
6009,89492240,1020,1110,0,860,35,765
6010,89502240,1023,1112,0,858,37,761
6011,89512240,1020,1114,0,858,35,760
6012,89522240,1021,1114,0,857,31,755
6013,89532240,1026,1113,0,856,30,757
6014,89542240,1026,1114,0,857,4,746
6015,89552240,1026,1116,2,856,31,749
6016,89562240,1031,1120,0,854,31,751
6017,89572240,1030,1117,0,852,31,750
6018,89582240,1031,1118,0,855,33,752
6019,89592240,1031,1118,0,853,32,750
6020,89602240,1031,1118,0,849,35,712
6021,89612240,1030,1115,0,849,37,757
6022,89622240,1033,1118,0,851,34,754
6023,89632240,1032,1117,0,848,38,756
6024,89642240,1034,1119,0,846,40,756
6025,89652240,1035,1120,0,845,38,757
6026,89662240,1036,1125,0,845,32,756
6027,89672240,1039,1120,0,838,32,714
6028,89682240,1042,1124,0,841,35,752
6029,89692240,1042,1128,0,841,36,753
6030,89702240,1036,1130,0,843,38,749
6031,89712240,1044,1131,0,842,40,752
6032,89722240,1044,1132,0,843,39,749
6033,89732240,1047,1132,0,842,35,752
6034,89742240,1046,1039,0,786,16,718
6035,89752240,1047,1134,0,843,41,753
6036,89762240,1047,1134,0,845,39,756
6037,89772240,1046,1134,0,844,42,756
6038,89782240,1047,1132,0,844,46,758
6039,89792240,1049,1137,0,850,52,758
6040,89802240,1048,1134,0,850,42,757
6041,89812240,1046,1134,0,846,45,758
6042,89822240,1048,1135,0,846,46,763
6043,89832240,1049,1135,0,847,47,762
6044,89842240,1050,1135,0,845,49,764
6045,89852240,1051,1138,0,846,51,764
6046,89862240,1049,1140,0,846,49,768
6047,89872240,1048,1138,0,800,31,712
6048,89882240,1052,1141,0,855,50,762
6049,89892240,1050,1140,0,845,50,764
6050,89902240,1052,1141,0,846,53,759
6051,89912240,1054,1141,0,845,53,763
6052,89922240,1048,1143,0,845,50,763
6053,89932240,1054,1145,0,846,47,761
6054,89942240,1056,1145,0,847,45,758
6055,89952240,1056,1146,0,847,47,759
6056,89962240,1058,1146,0,847,44,758
6057,89972240,1058,1149,0,847,46,755
6058,89982240,1060,1148,0,846,45,755
6059,89992240,1062,1152,0,849,45,751
6060,90002240,1061,1154,0,806,27,712
6061,90012240,1065,1156,0,846,43,747
6062,90022240,1067,1160,0,846,42,739
6063,90032240,1080,1159,0,844,39,735
6064,90042240,1070,1161,0,849,40,734
6065,90052240,1071,1163,0,850,39,732
6066,90062240,1074,1164,0,851,39,691
6067,90072240,1071,1163,0,852,39,730
6068,90082240,1075,1165,0,854,45,730
6069,90092240,1076,1166,0,854,43,730
6070,90102240,1076,1169,0,855,42,731
6071,90112240,1078,1169,0,858,43,731
6072,90122240,1081,1169,0,854,41,732
6073,90132240,1079,1074,0,797,26,702
6074,90142240,1079,1172,0,861,46,738
6075,90152240,1083,1173,0,864,47,738
6076,90162240,1084,1173,0,863,48,738
6077,90172240,1087,1173,0,863,49,741
6078,90182240,1084,1173,0,865,50,741
6079,90192240,1085,1075,0,810,27,708
6080,90202240,1087,1174,0,866,48,744
6081,90212240,1088,1174,0,867,50,743
6082,90222240,1086,1175,0,867,49,744
6083,90232240,1089,1175,0,867,47,744
6084,90242240,1089,1175,0,866,44,742
6085,90252241,1090,1077,0,814,20,708
6086,90262240,1090,1175,0,865,42,742
6087,90272240,1091,1175,0,862,41,742
6088,90282240,1091,1174,0,865,42,740
6089,90292240,1091,1174,0,866,41,741
6090,90302240,1093,1175,0,868,40,739
6091,90312240,1092,1174,0,864,39,739
6092,90322240,1094,1175,0,865,41,740
6093,90332240,1093,1175,0,862,39,740
6094,90342240,1094,1175,0,865,39,741
6095,90352240,1094,1176,0,865,38,740
6096,90362240,1092,1177,0,864,39,739
6097,90372240,1094,1177,0,863,38,740
6098,90382241,1045,1115,0,837,14,734
6099,90392240,1096,1177,0,862,41,739
6100,90402240,1095,1179,0,858,40,738
6101,90412240,1096,1177,0,857,39,738
6102,90422240,1097,1178,0,856,38,736
6103,90432240,1098,1183,0,856,37,735
6104,90442240,1097,1083,0,800,14,700
6105,90452240,1099,1180,0,855,41,733
6106,90462240,1102,1181,0,851,38,733
6107,90472240,1102,1182,0,849,38,731
6108,90482240,1104,1185,0,852,35,730
6109,90492240,1105,1183,0,845,33,726
6110,90502240,1107,1186,0,842,34,729
6111,90512240,1105,1185,0,839,34,728
6112,90522240,1106,1185,0,840,35,728
6113,90532240,1107,1185,0,834,37,730
6114,90542240,1106,1187,0,833,35,727
6115,90552240,1106,1188,0,831,35,729
6116,90562240,1107,1186,0,828,35,729
6117,90572240,1108,1188,0,824,33,688
