seq,ts_us,s0,s1,s2,s3,s4,s5
111,12045732,1064,1143,689,588,0,133
112,12055732,1062,1143,687,586,0,125
113,12065732,1069,1144,686,586,0,125
114,12075732,1067,1145,685,585,0,124
115,12085732,1068,1147,685,584,0,121
116,12095732,1069,1145,685,583,0,118
117,12105732,1069,1147,684,582,0,116
118,12115732,1066,1147,683,582,0,113
119,12125732,1062,1150,683,582,0,110
120,12135732,1072,1148,681,578,0,110
121,12145732,1071,1147,681,575,0,107
122,12155732,1070,1149,680,574,0,107
123,12165732,1068,1148,679,573,0,103
124,12175732,1074,1148,678,573,0,103
125,12185732,1075,1149,678,572,0,103
126,12195732,1074,1148,678,571,0,102
127,12205732,1074,1148,677,571,0,101
128,12215732,1077,1150,679,571,0,101
129,12225732,1076,1149,678,570,0,99
130,12235732,1077,1154,678,570,0,97
131,12245732,1079,1153,678,570,0,94
132,12255732,1079,1153,678,570,0,93
133,12265732,1078,1156,679,570,0,94
134,12275732,1079,1154,678,569,0,93
135,12285732,1079,1156,678,570,0,93
136,12295732,1079,1156,678,570,0,92
137,12305732,1079,1156,679,572,0,93
138,12315732,1080,1158,680,573,0,93
139,12325733,1080,1159,681,576,0,95
140,12335732,1079,1158,682,578,0,99
141,12345732,1080,1157,683,582,0,99
142,12355732,1079,1153,686,584,0,102
143,12365732,1078,1151,686,585,0,103
144,12375732,1077,1151,688,586,0,104
145,12385732,1076,1147,688,526,0,78
146,12395732,1076,1149,692,587,0,105
147,12405732,1074,1148,692,589,0,107
148,12415732,1072,1148,693,589,0,106
149,12425732,1070,1147,694,589,0,111
150,12435732,1069,1146,694,591,0,113
151,12445732,1069,1145,695,591,0,116
152,12455732,1061,1146,697,594,0,119
153,12465732,1068,1144,696,594,0,120
154,12475732,1068,1144,696,595,0,122
155,12485732,1068,1144,696,595,0,134
156,12495732,1067,1144,696,595,0,131
157,12505732,1067,1143,696,595,0,130
158,12515732,1066,1143,694,595,0,107
159,12525732,1066,1143,696,596,0,136
160,12535732,1065,1142,695,596,0,138
161,12545732,1063,1141,697,596,0,136
162,12555732,1062,1141,696,596,0,138
163,12565732,1062,1140,696,597,0,140
164,12575732,1061,1140,696,597,0,143
165,12585732,1061,1140,696,597,0,144
166,12595732,1061,1141,696,597,0,147
167,12605732,1061,1140,696,596,0,146
168,12615732,1060,1140,696,596,0,147
169,12625732,1061,1140,695,597,0,148
170,12635732,1056,1137,694,597,0,148
171,12645732,1058,1139,695,597,0,150
172,12655732,1057,1138,694,597,0,148
173,12665732,1058,1139,695,596,0,145
174,12675732,1057,1139,695,595,0,148
175,12685732,1057,1139,695,597,0,149
176,12695732,1058,1139,695,596,0,150
177,12705732,1056,1102,654,550,0,110
178,12715732,1057,1139,697,597,0,153
179,12725732,1058,1139,696,603,0,149
180,12735732,1056,1138,697,597,0,147
181,12745732,1055,1136,697,598,0,150
182,12755732,1055,1137,697,599,0,149
183,12765732,1054,1135,697,597,0,151
184,12775732,1056,1135,697,600,0,149
185,12785732,1054,1136,697,599,0,149
186,12795732,1054,1136,698,598,0,146
187,12805732,1054,1134,698,601,0,149
188,12815732,1052,1134,698,601,0,149
189,12825732,1051,1134,698,600,0,151
190,12835732,1051,1133,697,601,0,151
191,12845732,1049,1132,698,604,0,151
192,12855732,1049,1131,698,603,0,150
193,12865732,1048,1131,697,602,0,149
194,12875732,1047,1130,698,599,0,152
195,12885732,1047,1130,698,600,0,152
196,12895732,1046,1126,698,542,0,118
197,12905732,1047,1128,698,600,3,151
198,12915732,1045,1128,698,600,0,150
199,12925732,1044,1128,699,603,0,149
200,12935732,1042,1126,699,605,0,153
201,12945732,1040,1126,702,606,0,154
202,12955732,1038,1125,705,607,0,156
203,12965732,1037,1124,707,613,0,157
204,12975732,1029,1121,711,614,0,156
205,12985732,1033,1123,712,616,0,155
206,12995732,1033,1124,714,619,0,157
207,13005732,1032,1124,716,628,0,153
208,13015732,1034,1124,718,621,0,155
209,13025732,1044,1125,719,631,0,148
210,13035732,1033,1133,721,628,0,147
211,13045732,1040,1122,721,625,0,145
212,13055732,1038,1127,724,634,0,145
213,13065732,1040,1126,726,631,0,145
214,13075732,1039,1128,727,631,0,140
215,13085732,1040,1128,726,635,0,139
216,13095732,1043,1126,727,574,0,108
217,13105732,1039,1128,729,633,0,135
218,13115732,1040,1130,727,636,0,136
219,13125732,1040,1128,729,638,0,136
220,13135732,1042,1127,728,634,0,134
221,13145732,1040,1125,729,635,0,136
222,13155732,1037,1128,730,637,0,135
223,13165732,1041,1130,724,636,0,134
224,13175732,1041,1131,731,636,0,135
225,13185732,1041,1128,729,637,0,136
226,13195732,1041,1126,731,637,0,136
227,13205732,1040,1126,728,638,0,137
228,13215732,1040,1124,725,637,0,138
229,13225732,1041,1130,734,640,0,138
230,13235732,1037,1127,728,639,0,140
231,13245732,1033,1126,731,637,0,139
232,13255732,1033,1130,734,638,0,140
233,13265732,1033,1125,731,641,0,141
234,13275732,1033,1121,732,638,0,143
235,13285732,1032,1123,733,638,0,144
236,13295732,1032,1121,735,637,0,152
237,13305732,1032,1119,727,637,0,163
238,13315732,1031,1119,729,635,0,170
239,13325732,1031,1123,732,636,0,176
240,13335732,1025,1118,735,636,0,183
241,13345732,986,1059,732,639,0,190
242,13355732,1022,1119,738,642,0,191
243,13365732,1020,1120,742,646,0,197
244,13375732,1018,1116,745,650,0,200
245,13385732,1017,1116,749,651,0,200
246,13395732,1016,1118,749,654,0,202
247,13405732,1015,1115,754,656,0,203
248,13415732,1015,1117,757,659,0,206
249,13425732,1016,1121,756,661,0,205
250,13435732,1016,1113,758,662,0,205
251,13445732,1014,1116,760,663,0,203
252,13455732,1014,1115,761,663,0,202
253,13465732,1014,1116,760,663,0,202
254,13475732,1014,1114,758,663,0,177
255,13485732,1013,1114,759,664,0,204
256,13495732,1012,1112,760,664,0,206
257,13505732,1008,1112,760,663,0,207
258,13515732,1001,1111,759,664,0,209
259,13525732,1004,1111,758,664,0,210
260,13535732,1010,1111,758,663,0,210
261,13545732,1008,1111,758,662,0,211
262,13555732,1009,1110,757,661,0,211
263,13565732,1008,1110,757,661,0,210
264,13575732,1007,1110,756,660,0,211
265,13585732,1006,1107,755,660,0,212
266,13595732,1014,1109,752,660,0,211
267,13605732,1008,1109,752,660,0,210
268,13615732,1005,1109,751,660,0,211
269,13625732,1011,1108,750,657,0,211
270,13635732,1008,1109,749,658,0,210
271,13645732,1008,1109,749,656,0,211
272,13655732,1007,1109,746,654,0,211
273,13665732,1009,1108,744,653,0,211
274,13675732,930,1091,680,621,0,209
275,13685732,1012,1110,741,649,0,210
276,13695732,1011,1110,740,649,0,209
277,13705732,1013,1111,739,647,0,210
278,13715732,1012,1110,735,644,0,210
279,13725732,1013,1112,733,640,0,212
280,13735732,1014,1112,730,637,0,210
281,13745733,1016,1113,730,637,0,206
282,13755732,1019,1115,728,635,0,204
283,13765732,1020,1115,727,634,0,204
284,13775732,1021,1117,726,633,0,203
285,13785732,1026,1121,725,633,0,198
286,13795732,1031,1123,724,631,0,191
287,13805732,1036,1124,719,629,0,167
288,13815732,1040,1126,722,628,0,185
289,13825732,1042,1127,721,627,0,185
290,13835732,1043,1129,719,622,0,180
291,13845732,1045,1132,717,621,0,176
292,13855732,1047,1132,716,620,0,180
293,13865732,1049,1134,716,620,0,171
294,13875732,1041,1136,717,620,0,172
295,13885732,1051,1135,716,619,0,167
296,13895732,1053,1136,716,619,0,171
297,13905732,1052,1137,716,619,0,170
298,13915732,1053,1138,716,619,0,171
299,13925732,1053,1138,717,620,0,170
300,13935732,1015,1082,716,621,0,172
301,13945732,1055,1139,719,620,0,169
302,13955732,1057,1140,719,621,0,170
303,13965732,1060,1140,719,622,0,171
304,13975732,1060,1140,720,622,0,168
305,13985732,1060,1141,720,622,0,171
306,13995732,974,1124,658,597,0,172
307,14005732,1059,1141,723,625,0,172
308,14015732,1057,1141,724,627,0,172
309,14025732,1058,1141,724,627,0,173
310,14035732,1058,1140,725,629,0,173
311,14045732,1059,1141,725,629,0,175
312,14055732,1058,1141,726,629,0,174
313,14065732,1059,1143,727,631,0,176
314,14075732,1058,1141,728,631,0,177
315,14085732,1058,1141,728,631,0,177
316,14095732,1055,1141,729,633,0,182
317,14105732,1054,1140,731,633,0,186
318,14115732,1052,1140,729,634,0,184
319,14125732,1050,1136,730,634,0,186
320,14135732,1049,1133,729,635,0,186
321,14145732,1046,1131,728,629,0,189
322,14155732,1043,1130,728,635,0,184
323,14165732,1041,1129,726,634,0,187
324,14175732,1035,1127,726,632,0,189
325,14185732,1033,1126,724,631,0,186
326,14195732,1024,1124,721,631,0,186
327,14205732,1020,1120,720,630,0,187
328,14215732,1017,1116,716,625,0,187
329,14225732,1016,1116,715,619,0,186
330,14235732,1015,1116,713,625,0,185
331,14245732,1016,1115,711,620,0,186
332,14255732,980,1057,707,619,0,182
333,14265732,1018,1118,703,613,0,181
334,14275732,1021,1122,699,612,0,174
335,14285732,1031,1124,697,605,0,172
336,14295732,1035,1126,695,603,0,164
337,14305732,1044,1130,693,598,0,161
338,14315732,1008,1078,692,601,0,160
339,14325732,1051,1137,697,604,0,165
340,14335732,1053,1139,700,606,0,168
341,14345732,1054,1140,704,610,0,170
342,14355732,1057,1141,710,611,0,173
343,14365732,1060,1142,712,613,0,174
344,14375732,1063,1144,713,615,0,173
345,14385732,1058,1146,715,616,0,178
346,14395732,1067,1146,714,617,0,178
347,14405732,1067,1147,715,617,0,177
348,14415732,1069,1148,714,618,0,182
349,14425732,1069,1149,715,616,0,184
350,14435732,1071,1149,715,618,0,181
351,14445732,1072,1149,715,618,0,181
352,14455732,1064,1149,716,616,0,182
353,14465732,1075,1149,715,616,0,182
354,14475732,1072,1149,714,615,0,181
355,14485732,1071,1149,713,623,0,182
356,14495732,1069,1148,713,612,0,182
357,14505732,1071,1148,712,610,0,180
358,14515732,1062,1149,710,608,0,180
359,14525732,1072,1148,708,609,0,173
360,14535732,1071,1148,701,605,0,175
361,14545732,1071,1149,698,602,0,169
362,14555732,1071,1148,695,598,0,164
363,14565732,1073,1149,691,593,0,162
364,14575732,1070,1151,686,587,0,155
365,14585733,1076,1154,684,593,0,153
366,14595732,1076,1153,682,582,0,152
367,14605732,1078,1153,682,579,0,151
368,14615732,1080,1158,681,580,0,152
369,14625732,1078,1160,681,581,0,151
370,14635732,1081,1159,683,580,0,151
371,14645732,1082,1154,682,579,0,151
372,14655732,1083,1161,680,580,0,152
373,14665732,1083,1162,680,579,0,152
374,14675732,1085,1161,686,578,0,150
375,14685732,1083,1161,681,573,0,150
376,14695732,1085,1161,676,574,0,151
377,14705732,1087,1164,677,572,0,150
378,14715732,1086,1161,678,569,0,148
379,14725732,1086,1165,675,570,0,149
380,14735732,1086,1164,673,567,0,149
381,14745732,1086,1164,674,566,0,148
382,14755732,1093,1166,674,567,0,147
383,14765732,1084,1165,667,562,0,146
384,14775732,1088,1163,668,558,0,146
385,14785732,1087,1165,662,552,0,143
386,14795732,1087,1160,661,552,0,144
387,14805732,1087,1164,667,549,0,140
388,14815732,1089,1165,664,541,0,140
389,14825732,1093,1168,661,536,0,140
390,14835732,1094,1167,661,534,0,140
391,14845732,1094,1168,661,534,0,141
392,14855732,1095,1170,662,533,0,142
393,14865732,1094,1172,661,530,0,142
394,14875732,1098,1171,661,528,0,142
395,14885732,1097,1173,663,526,0,141
396,14895732,1099,1174,661,524,0,142
397,14905732,1100,1176,660,523,0,142
398,14915732,1102,1176,663,522,0,141
399,14925732,1104,1179,662,522,0,142
400,14935732,1106,1178,663,523,0,141
401,14945732,1107,1179,662,523,0,142
402,14955732,1108,1181,664,523,0,140
403,14965732,1109,1184,663,523,0,143
404,14975732,1112,1185,664,522,0,143
405,14985732,1108,1190,665,523,0,144
406,14995732,1118,1191,665,523,0,147
407,15005732,1118,1191,665,524,0,147
408,15015732,1119,1195,665,523,0,148
409,15025732,1122,1195,665,524,0,147
410,15035732,1123,1198,664,524,0,148
411,15045733,1128,1202,666,525,0,150
412,15055732,1130,1204,668,527,0,151
413,15065732,1136,1207,669,531,0,155
414,15075732,1133,1208,672,535,0,159
415,15085732,1138,1209,675,539,0,164
416,15095732,1137,1210,679,541,0,167
417,15105732,1138,1211,680,547,0,173
418,15115732,1141,1212,684,551,0,178
419,15125732,1141,1213,688,556,0,180
420,15135732,1144,1215,693,563,0,185
421,15145732,1147,1214,697,568,0,187
422,15155732,1149,1221,701,572,0,196
423,15165732,1148,1223,701,574,0,201
424,15175733,1150,1224,709,580,0,202
425,15185732,1149,1223,710,580,0,204
426,15195732,1155,1224,712,580,0,205
427,15205732,1158,1225,713,583,0,209
428,15215732,1159,1226,715,584,0,213
429,15225732,1161,1227,717,584,0,218
430,15235732,1162,1188,675,541,0,178
431,15245732,1164,1233,722,587,0,222
432,15255732,1166,1235,724,587,0,222
433,15265732,1173,1237,724,587,0,228
434,15275732,1174,1239,725,589,0,230
435,15285732,1177,1242,726,588,0,231
436,15295732,1180,1244,724,587,0,211
437,15305732,1186,1249,728,589,0,241
438,15315732,1190,1254,728,589,0,243
439,15325732,1193,1256,729,589,0,246
440,15335732,1197,1258,728,589,0,247
441,15345732,1203,1262,730,588,0,247
442,15355732,1208,1268,735,588,0,249
443,15365732,1145,1237,669,584,0,249
444,15375732,1215,1275,739,590,0,251
445,15385732,1224,1286,740,592,0,256
446,15395732,1228,1290,743,595,0,262
447,15405732,1236,1296,746,596,0,259
448,15415732,1242,1302,747,598,0,264
449,15425732,1156,1287,685,571,0,264
450,15435732,1260,1316,753,601,0,267
451,15445732,1271,1322,756,603,0,268
452,15455732,1283,1332,760,606,0,275
453,15465732,1294,1339,765,611,0,280
454,15475732,1305,1353,773,615,0,280
455,15485732,1319,1364,778,619,0,284
456,15495732,1330,1373,783,622,0,284
457,15505732,1341,1382,787,629,0,285
458,15515732,1357,1390,791,632,0,286
459,15525732,1366,1400,792,635,0,287
460,15535732,1372,1404,793,635,0,285
461,15545732,1379,1413,793,635,0,282
462,15555732,1383,1417,792,634,0,281
463,15565732,1387,1421,791,632,0,278
464,15575732,1390,1425,789,628,0,272
465,15585732,1393,1428,785,621,0,265
466,15595732,1395,1430,779,617,0,255
467,15605732,1398,1431,776,613,0,254
468,15615732,1399,1432,774,609,0,248
469,15625732,1400,1434,767,603,0,246
470,15635732,1402,1436,764,601,0,244
471,15645732,1404,1438,763,598,0,238
472,15655732,1405,1439,762,597,0,239
473,15665732,1405,1442,762,597,0,238
474,15675732,1406,1442,762,597,0,240
475,15685732,1406,1442,763,600,0,234
476,15695732,1406,1442,765,601,0,240
477,15705732,1406,1442,766,601,0,245
478,15715732,1407,1443,770,603,0,247
479,15725732,1406,1443,773,607,0,250
480,15735732,1408,1443,775,612,0,252
481,15745732,1408,1444,778,615,0,247
482,15755732,1406,1443,781,622,0,256
483,15765732,1406,1441,783,626,0,259
484,15775732,1404,1438,785,627,0,262
485,15785732,1402,1435,787,633,0,263
486,15795732,1398,1431,789,637,0,264
487,15805732,1388,1427,789,641,0,265
488,15815732,1377,1417,789,645,0,264
489,15825732,1365,1400,789,645,0,265
490,15835732,1345,1389,787,645,0,267
491,15845732,1328,1378,785,648,0,266
492,15855732,1311,1363,782,646,0,267
493,15865732,1294,1347,780,646,0,268
494,15875732,1271,1330,777,646,0,266
495,15885732,1250,1315,771,646,0,272
496,15895732,1234,1301,763,646,0,274
497,15905732,1214,1282,759,651,0,275
498,15915732,1195,1261,755,644,0,274
499,15925732,1178,1251,751,645,0,274
500,15935732,1163,1239,748,645,0,271
501,15945732,1146,1226,747,646,0,268
502,15955732,1133,1211,744,653,0,271
503,15965732,1121,1200,742,650,0,251
504,15975732,1109,1189,740,648,0,271
505,15985732,1107,1178,738,639,0,255
506,15995732,1085,1172,739,652,0,253
507,16005732,1081,1164,738,651,0,248
508,16015732,1075,1162,739,649,0,238
509,16025732,1068,1158,740,652,0,230
510,16035732,1061,1148,739,651,0,222
511,16045732,1052,1144,740,653,0,212
512,16055732,1044,1138,743,654,0,197
513,16065732,1030,1132,747,655,0,181
514,16075732,1018,1125,749,658,0,171
515,16085732,1003,1110,754,598,0,126
516,16095732,988,1103,761,666,0,154
517,16105732,969,1087,768,669,0,149
518,16115732,949,1076,773,671,0,142
519,16125732,931,1065,777,676,0,136
520,16135732,915,1060,778,678,0,119
521,16145732,903,1052,778,679,0,110
522,16155732,888,1045,779,682,0,99
523,16165732,875,1036,782,682,0,83
524,16175732,867,1036,783,683,0,62
525,16185732,860,1032,784,686,0,53
526,16195732,855,1016,783,684,0,39
527,16205732,853,1019,786,683,0,27
528,16215732,850,1019,786,682,0,15
529,16225732,848,1020,781,683,0,1
530,16235732,846,1019,782,681,0,0
531,16245732,845,1021,787,682,0,0
532,16255732,845,1024,773,681,0,0
533,16265732,843,1036,779,682,0,0
534,16275732,835,1027,0,681,0,0
535,16285732,843,1024,0,683,0,0
536,16295732,843,1025,0,683,0,0
537,16305732,845,1033,0,683,0,0
538,16315732,848,1035,0,684,0,0
539,16325732,851,1034,0,686,0,0
540,16335732,777,1021,0,656,0,0
541,16345732,853,1040,0,692,0,0
542,16355732,852,1042,0,692,0,0
543,16365732,852,1041,0,694,0,0
544,16375732,853,1041,0,694,0,0
545,16385732,851,1041,0,694,0,0
546,16395732,853,1041,0,694,0,0
547,16405732,856,1041,0,694,0,0
548,16415732,858,1047,0,695,0,0
549,16425732,863,1047,0,695,0,0
550,16435732,868,1049,0,695,0,0
551,16445732,869,1053,0,696,0,0
552,16455732,870,1051,0,697,0,0
553,16465732,865,1053,0,697,0,0
554,16475732,868,1054,0,698,0,0
555,16485732,884,1055,0,698,0,0
556,16495732,874,1057,0,698,0,0
557,16505732,876,1057,777,697,0,0
558,16515732,878,1057,777,697,0,0
559,16525732,878,1058,777,697,0,0
560,16535732,888,1062,776,697,0,0
561,16545732,888,1062,774,695,0,0
562,16555732,895,1064,772,695,0,0
563,16565732,905,1067,766,692,0,0
564,16575732,910,1069,763,688,0,0
565,16585732,916,1070,760,685,0,0
566,16595732,884,1016,756,684,0,0
567,16605732,924,1077,756,682,0,0
568,16615732,937,1079,752,681,0,0
569,16625732,943,1081,749,679,0,0
570,16635732,952,1085,747,678,0,0
571,16645732,956,1087,747,677,0,0
572,16655732,960,1093,747,676,0,0
573,16665732,969,1094,746,677,0,0
574,16675732,972,1096,744,675,0,0
575,16685732,978,1099,742,675,0,0
576,16695732,983,1101,739,671,0,1
577,16705732,987,1103,736,669,0,5
578,16715732,988,1106,732,666,0,17
579,16725732,994,1110,726,663,0,14
580,16735732,998,1111,727,661,0,42
581,16745732,1001,1112,725,660,0,55
582,16755732,1002,1114,725,661,0,69
583,16765732,1004,1114,725,662,0,75
584,16775732,1007,1115,726,663,0,80
585,16785732,1010,1116,725,662,0,87
586,16795732,934,1102,662,633,0,96
587,16805732,1015,1118,727,663,0,105
588,16815732,1016,1120,726,663,0,109
589,16825732,1018,1122,725,663,0,114
590,16835732,1020,1123,727,664,0,119
591,16845732,1027,1125,727,665,0,123
592,16855732,1031,1126,727,665,0,124
593,16865732,1034,1127,727,665,0,136
594,16875732,1034,1127,727,666,0,122
595,16885732,1036,1128,726,665,0,124
596,16895732,1038,1128,726,665,0,125
597,16905732,1038,1128,724,664,0,125
598,16915732,1036,1127,722,663,0,124
599,16925732,1037,1128,719,662,0,124
600,16935732,1037,1127,718,659,0,124
601,16945732,1038,1127,716,660,0,123
602,16955732,1041,1128,713,655,0,106
603,16965732,1042,1130,712,652,0,96
604,16975732,1043,1131,709,649,0,88
605,16985732,1047,1133,702,646,0,84
606,16995732,1048,1137,700,637,0,78
607,17005732,1052,1140,698,634,0,76
608,17015732,1054,1142,698,630,0,71
609,17025732,1059,1144,693,623,0,70
610,17035732,1060,1146,689,619,0,67
611,17045733,1063,1148,685,615,0,60
612,17055732,1064,1151,681,606,0,55
613,17065732,1068,1157,678,601,0,41
614,17075732,1075,1163,669,585,0,29
615,17085732,1079,1168,661,570,0,19
616,17095732,1085,1173,655,549,0,10
617,17105732,1094,1177,649,538,0,6
618,17115732,1098,1182,641,524,0,0
619,17125732,1100,1185,635,519,0,0
620,17135732,1104,1189,633,509,0,0
621,17145732,1107,1192,635,493,0,0
622,17155732,1109,1194,632,492,0,0
623,17165732,1111,1195,632,484,0,0
624,17175732,1106,1198,633,488,0,0
625,17185732,1115,1198,632,482,0,0
626,17195732,1116,1199,632,486,0,0
627,17205732,1115,1199,631,485,0,0
628,17215732,1115,1199,632,486,0,0
629,17225732,1115,1199,631,478,0,0
630,17235732,1028,1181,568,455,0,0
631,17245732,1115,1198,621,478,0,0
632,17255732,1115,1199,619,475,0,0
633,17265732,1115,1198,617,473,0,0
634,17275732,1115,1198,617,472,0,0
635,17285732,1116,1198,617,473,0,0
636,17295732,1116,1201,618,476,0,0
637,17305732,1116,1201,620,475,0,0
638,17315732,1118,1203,622,477,0,0
639,17325732,1120,1203,622,479,0,0
640,17335732,1122,1203,624,479,0,0
641,17345732,1121,1204,625,482,0,0
642,17355732,1123,1204,625,482,0,0
643,17365732,1122,1204,625,481,0,1
644,17375732,1122,1204,623,485,0,0
645,17385732,1122,1203,624,484,0,0
646,17395732,1120,1204,625,485,0,0
647,17405732,1119,1203,625,493,0,0
648,17415732,1120,1204,626,478,0,0
649,17425732,1120,1203,627,487,0,0
650,17435732,1122,1204,625,488,0,0
651,17445732,1123,1205,623,486,0,0
652,17455732,1118,1206,622,480,0,0
653,17465732,1125,1207,624,474,0,0
654,17475732,1124,1202,623,471,0,0
655,17485732,1127,1208,625,468,0,0
656,17495732,1129,1209,625,473,0,0
657,17505732,1129,1209,624,467,0,0
658,17515732,1131,1209,626,472,0,0
659,17525732,1130,1211,626,478,0,0
660,17535732,1131,1211,626,470,0,0
661,17545732,1124,1213,626,473,0,0
662,17555732,1132,1216,625,465,0,0
663,17565732,1133,1219,626,467,0,0
664,17575732,1137,1216,627,467,0,0
665,17585732,1133,1216,626,463,0,0
666,17595732,1139,1225,619,460,0,0
667,17605732,1140,1222,628,462,0,0
668,17615732,1140,1217,617,460,0,0
669,17625732,1141,1222,617,459,0,0
670,17635732,1142,1219,621,462,0,0
671,17645732,1141,1225,613,459,0,0
672,17655732,1143,1224,622,459,0,0
673,17665732,1143,1226,619,456,0,0
674,17675732,1145,1227,620,461,0,0
675,17685732,1146,1228,621,458,0,0
676,17695732,1146,1225,613,457,0,0
677,17705732,1147,1234,624,459,0,0
678,17715732,1151,1229,630,460,0,0
679,17725732,1146,1229,619,461,0,0
680,17735732,1147,1224,627,462,0,0
681,17745732,1149,1229,628,464,0,0
682,17755732,1150,1232,632,468,0,0
683,17765732,1150,1230,632,470,0,0
684,17775732,1151,1233,633,470,0,0
685,17785732,1151,1229,636,472,0,0
686,17795732,1147,1231,632,474,0,0
687,17805732,1149,1228,638,474,0,0
688,17815732,1149,1229,637,475,0,0
689,17825732,1149,1225,636,476,0,0
690,17835732,1150,1227,639,480,0,0
691,17845732,1151,1228,645,482,0,0
692,17855732,1149,1229,645,483,0,0
693,17865732,1150,1225,648,484,0,0
694,17875732,1148,1233,649,487,0,0
695,17885732,1148,1226,650,489,0,0
696,17895732,1144,1223,649,489,0,0
697,17905732,1142,1221,652,490,0,0
698,17915732,1140,1217,652,491,0,0
699,17925732,1136,1213,654,493,0,0
700,17935732,1134,1208,654,495,0,0
701,17945732,1133,1210,660,499,0,0
702,17955732,1131,1208,661,501,0,0
703,17965732,1131,1206,661,503,0,0
704,17975732,1126,1201,663,506,0,1
705,17985732,1125,1198,664,512,0,4
706,17995732,1128,1196,666,520,0,6
707,18005732,1032,1176,610,494,0,9
708,18015732,1120,1190,672,526,0,11
709,18025732,1121,1189,675,529,0,14
710,18035732,1114,1185,675,531,0,15
711,18045732,1106,1181,678,534,0,17
712,18055732,1109,1179,680,537,0,19
713,18065732,1106,1178,680,540,0,20
714,18075732,1103,1175,682,541,0,24
715,18085732,1099,1172,684,549,0,27
716,18095732,1098,1169,684,553,0,27
717,18105732,1096,1164,686,555,0,28
718,18115732,1093,1162,687,558,0,31
719,18125732,1083,1157,689,562,0,31
720,18135732,993,1120,640,561,0,34
721,18145732,1076,1146,691,565,0,36
722,18155732,1068,1143,691,567,0,37
723,18165732,1065,1141,693,567,0,38
724,18175732,1063,1138,693,569,0,39
725,18185732,1058,1133,693,571,0,39
726,18195732,1053,1131,692,573,0,21
727,18205732,1049,1127,696,574,0,38
728,18215732,1043,1121,696,579,0,39
729,18225732,1039,1116,695,581,0,39
730,18235732,1033,1112,697,582,0,40
731,18245732,1021,1108,697,583,0,40
732,18255732,1014,1102,696,583,0,39
733,18265732,1007,1096,698,584,0,41
734,18275732,999,1092,698,586,0,41
735,18285732,992,1081,700,588,0,43
736,18295732,981,1070,706,594,0,51
737,18305732,967,1059,712,600,0,59
738,18315732,942,1045,720,611,0,66
739,18325732,923,1028,723,619,0,74
740,18335732,901,1006,728,628,0,83
741,18345732,873,992,736,640,0,85
742,18355732,852,980,742,649,0,96
743,18365732,832,969,746,656,0,98
744,18375732,822,956,748,660,0,103
745,18385732,808,948,748,661,0,86
746,18395732,796,938,750,664,0,108
747,18405732,788,929,752,666,0,106
748,18415732,778,924,753,667,0,112
749,18425732,769,919,754,669,0,115
750,18435732,761,915,754,671,0,113
751,18445732,754,910,754,677,0,115
752,18455732,698,876,683,673,0,116
753,18465732,738,903,754,679,0,115
754,18475732,729,891,753,679,0,111
755,18485732,724,887,752,682,0,110
756,18495732,716,880,751,682,0,102
757,18505732,713,875,749,683,0,96
758,18515732,713,873,747,683,0,98
759,18525732,712,871,746,682,0,99
760,18535732,712,870,745,682,0,99
761,18545732,713,869,744,681,0,95
762,18555732,714,871,745,680,0,91
763,18565732,715,872,744,680,0,91
764,18575732,716,872,744,679,0,91
765,18585732,668,847,674,675,0,88
766,18595732,719,874,743,679,0,87
767,18605732,718,876,743,679,0,86
768,18615732,718,876,743,679,0,86
769,18625732,721,875,742,673,0,86
770,18635732,719,874,742,680,0,88
771,18645732,718,873,743,681,0,89
772,18655732,684,823,740,679,0,91
773,18665732,714,872,742,681,0,91
774,18675732,712,870,743,681,0,93
775,18685732,711,870,742,682,0,96
776,18695732,709,868,741,682,0,96
777,18705732,707,864,740,679,0,96
778,18715732,673,811,737,680,0,96
779,18725732,700,859,737,679,0,95
780,18735732,697,857,736,680,0,97
781,18745732,695,855,733,680,0,95
782,18755732,690,851,731,677,0,97
783,18765732,685,847,731,676,2,94
784,18775732,616,830,667,645,0,96
785,18785732,679,843,730,676,0,98
786,18795732,679,841,729,674,0,97
787,18805732,676,839,728,675,0,99
788,18815732,670,835,728,675,0,100
789,18825732,665,835,728,673,0,100
790,18835732,664,832,728,675,0,100
791,18845732,616,803,659,666,0,101
792,18855732,659,827,726,670,0,99
793,18865732,658,826,725,669,0,99
794,18875732,660,825,725,669,0,99
795,18885732,661,821,723,668,0,102
796,18895732,660,825,723,667,0,105
797,18905732,596,811,661,649,0,98
798,18915732,661,825,721,662,0,96
799,18925732,660,824,720,666,0,101
800,18935732,660,824,720,665,0,97
801,18945732,662,824,718,669,0,104
802,18955732,661,824,718,665,0,99
803,18965732,662,825,717,663,0,96
804,18975732,651,827,718,665,0,98
805,18985732,662,827,716,666,0,96
806,18995732,662,829,718,658,0,96
807,19005732,663,827,716,664,0,99
808,19015732,662,829,716,663,0,96
809,19025732,662,828,715,661,0,93
810,19035732,666,827,716,665,0,94
811,19045732,668,830,716,662,0,94
812,19055732,668,829,715,662,0,94
813,19065732,667,826,714,661,0,92
814,19075732,667,821,712,661,0,94
815,19085732,670,832,716,660,0,90
816,19095732,669,834,710,660,0,94
817,19105732,645,783,714,660,0,98
818,19115732,676,838,710,660,0,93
819,19125732,678,839,714,659,0,92
820,19135732,678,841,713,659,0,89
821,19145732,680,839,711,657,0,89
822,19155732,681,843,711,659,0,89
823,19165732,654,792,709,659,0,90
824,19175732,685,845,709,657,0,86
825,19185732,688,849,706,657,0,86
826,19195732,689,848,707,655,0,81
827,19205732,693,853,703,655,0,77
828,19215732,695,857,698,653,0,75
829,19225732,698,851,703,653,0,76
830,19235732,702,853,703,650,0,74
831,19245732,711,861,704,650,0,74
832,19255732,715,864,700,647,0,73
833,19265732,717,868,699,648,0,72
834,19275732,720,870,698,645,0,70
835,19285732,723,871,695,640,0,69
836,19295732,725,869,694,636,0,67
837,19305732,728,875,693,636,0,60
838,19315732,731,877,694,635,0,58
839,19325732,734,878,692,633,0,56
840,19335732,739,881,690,630,0,53
841,19345732,742,883,691,631,0,51
842,19355732,747,887,692,629,0,46
843,19365732,752,895,692,631,0,47
844,19375732,756,903,694,629,0,47
845,19385732,759,902,694,631,0,46
846,19395732,759,904,693,632,0,46
847,19405732,757,900,695,633,0,47
848,19415732,750,895,695,634,0,48
849,19425732,745,889,695,633,0,52
850,19435732,750,887,694,632,0,53
851,19445732,744,885,693,635,0,55
852,19455732,737,880,694,635,0,56
853,19465732,729,880,694,635,0,56
854,19475732,730,875,693,636,0,57
855,19485732,726,875,694,636,0,58
856,19495732,717,875,695,637,0,61
857,19505732,729,874,695,638,0,61
858,19515732,722,874,695,638,0,62
859,19525732,727,874,695,638,0,63
860,19535732,726,875,695,640,0,68
861,19545732,723,873,696,642,0,70
862,19555732,719,871,695,639,0,70
863,19565732,720,871,694,639,0,70
864,19575732,722,870,694,637,0,71
865,19585732,718,868,692,638,0,72
866,19595732,718,867,691,637,0,71
867,19605732,717,866,690,637,0,71
868,19615732,713,865,688,636,0,72
869,19625732,713,859,687,575,0,44
870,19635732,710,862,687,636,0,71
871,19645732,711,861,687,635,0,72
872,19655732,709,860,686,634,0,73
873,19665732,706,860,686,635,0,73
874,19675732,703,859,685,636,0,72
875,19685732,702,858,685,636,0,73
876,19695732,701,858,687,636,0,73
877,19705732,700,856,685,636,0,73
878,19715732,698,855,686,636,0,73
879,19725732,695,853,685,637,0,73
880,19735732,692,851,685,636,0,73
881,19745732,691,847,685,636,0,73
882,19755732,686,844,682,636,0,55
883,19765732,683,842,683,636,0,74
884,19775732,681,840,683,636,0,74
885,19785732,679,839,683,636,0,74
886,19795732,677,834,683,636,0,71
887,19805732,670,829,683,635,0,74
888,19815732,668,827,683,636,0,72
889,19825732,666,826,682,636,0,73
890,19835732,663,823,681,635,0,72
891,19845732,661,822,681,635,0,78
892,19855732,660,821,680,635,0,68
893,19865732,659,821,681,635,0,72
894,19875732,659,820,680,635,0,71
895,19885732,654,819,680,635,0,73
896,19895732,653,815,681,635,0,70
897,19905732,652,814,681,635,0,70
898,19915732,651,814,680,635,0,74
899,19925732,650,812,680,636,0,73
900,19935732,651,813,680,637,0,73
901,19945732,652,813,681,636,0,76
902,19955732,653,813,682,637,0,76
903,19965732,653,812,682,637,0,75
904,19975732,652,813,682,638,0,75
905,19985732,653,813,682,638,0,76
906,19995732,651,813,682,642,0,77
907,20005732,653,813,681,644,0,76
908,20015732,608,787,615,637,0,76
909,20025732,655,813,681,640,0,74
910,20035732,658,814,681,641,0,75
911,20045732,659,815,682,638,0,75
912,20055732,661,817,683,640,0,75
913,20065732,663,819,683,643,0,74
914,20075732,665,821,683,641,0,75
915,20085732,667,822,683,642,0,75
916,20095732,669,823,684,641,0,82
917,20105732,671,825,684,643,0,77
918,20115732,674,826,685,645,0,75
919,20125732,676,828,686,645,0,75
920,20135732,678,830,686,643,0,75
921,20145732,650,786,688,646,0,76
922,20155732,681,834,688,645,0,76
923,20165732,682,837,689,646,0,76
924,20175732,684,839,690,644,0,73
925,20185732,686,840,691,647,0,79
926,20195732,686,841,692,648,0,77
927,20205732,687,841,692,647,0,75
928,20215732,688,842,692,648,0,79
929,20225732,689,843,694,649,0,77
930,20235732,690,843,693,648,0,80
931,20245732,691,844,694,646,0,79
932,20255732,691,844,694,650,0,80
933,20265732,691,845,694,650,0,79
934,20275732,644,817,627,645,0,82
935,20285732,691,844,694,651,0,79
936,20295732,691,845,695,651,2,81
937,20305732,692,845,695,652,0,78
938,20315732,691,846,696,653,2,82
939,20325732,692,846,697,654,0,96
940,20335732,692,844,696,590,0,54
941,20345732,693,847,698,656,0,83
942,20355732,692,847,698,656,0,83
943,20365732,693,848,699,658,0,82
944,20375732,694,849,701,660,0,81
945,20385732,694,850,701,660,0,89
946,20395732,693,847,700,597,0,57
947,20405732,693,850,704,661,0,91
948,20415732,694,851,704,662,0,89
949,20425732,693,850,706,661,0,90
950,20435732,693,852,706,665,0,86
951,20445732,694,846,709,661,0,90
952,20455732,690,847,710,660,0,88
953,20465732,698,845,710,667,0,91
954,20475732,687,842,711,668,0,94
955,20485732,685,848,713,663,0,96
956,20495732,685,843,713,663,0,96
957,20505732,685,846,714,669,0,100
958,20515732,684,845,714,666,0,98
959,20525732,618,830,651,635,0,104
960,20535732,682,843,715,669,0,101
961,20545732,681,845,715,665,0,103
962,20555732,680,848,716,667,0,102
963,20565732,678,846,716,668,0,101
964,20575732,678,845,718,668,0,101
965,20585732,678,843,717,614,0,72
966,20595732,679,845,723,670,0,101
967,20605732,680,845,716,669,0,103
968,20615732,680,848,717,669,0,103
969,20625732,681,842,723,671,0,103
970,20635732,682,846,715,670,0,103
971,20645732,682,848,722,670,0,101
972,20655732,683,847,721,670,0,103
973,20665732,683,848,723,671,0,104
974,20675732,684,850,720,669,0,103
975,20685732,684,850,719,667,0,103
976,20695732,688,851,723,671,0,104
977,20705732,689,854,722,668,0,103
978,20715732,692,848,720,669,0,83
979,20725732,691,857,725,670,0,103
980,20735732,692,858,725,670,0,103
981,20745732,695,858,725,669,0,102
982,20755732,695,855,722,669,0,102
983,20765732,696,864,725,670,0,102
984,20775732,697,860,723,669,0,102
985,20785732,634,842,661,639,0,84
986,20795732,702,861,724,668,0,102
987,20805732,699,861,724,670,0,103
988,20815732,700,864,723,670,0,103
989,20825732,701,859,723,669,0,103
990,20835732,702,863,723,669,0,103
991,20845732,701,863,726,670,0,102
992,20855732,638,850,660,641,0,102
993,20865732,703,866,723,670,0,103
994,20875732,705,866,725,669,0,103
995,20885732,702,866,723,672,0,103
996,20895732,703,867,724,670,0,104
997,20905732,708,866,723,670,0,103
998,20915732,696,867,724,670,0,104
999,20925732,648,853,684,608,0,82
1000,20935732,706,870,724,670,0,104
1001,20945732,709,871,724,670,0,104
1002,20955732,705,871,724,670,0,103
1003,20965732,710,871,724,670,0,103
1004,20975732,709,873,724,669,0,103
1005,20985732,705,872,724,670,0,103
1006,20995732,681,825,722,670,0,102
1007,21005732,714,872,724,669,0,102
1008,21015732,718,872,724,668,0,102
1009,21025732,718,872,724,669,0,99
1010,21035732,719,872,722,668,0,98
1011,21045732,714,873,722,668,0,98
1012,21055732,649,859,658,638,0,80
1013,21065732,717,874,722,668,0,95
1014,21075732,718,875,722,667,0,94
1015,21085732,719,875,722,667,0,95
1016,21095732,720,876,722,668,0,96
1017,21105732,720,876,722,668,0,95
1018,21115732,722,876,722,668,0,96
1019,21125732,723,877,721,667,0,97
1020,21135732,723,877,721,667,0,94
1021,21145732,722,877,720,666,0,94
1022,21155732,724,878,720,667,0,93
1023,21165732,723,878,721,667,0,93
1024,21175732,726,879,721,667,0,94
1025,21185732,720,880,722,667,0,93
1026,21195732,726,879,721,667,0,95
1027,21205732,725,880,720,666,0,94
1028,21215732,726,881,719,667,0,93
1029,21225732,726,881,717,666,0,94
1030,21235732,727,882,718,667,0,92
1031,21245732,727,883,718,666,0,92
1032,21255732,727,883,717,665,0,91
1033,21265732,727,883,716,666,0,92
1034,21275732,728,883,716,665,0,92
1035,21285732,728,883,715,664,0,91
1036,21295732,728,884,715,665,0,91
1037,21305732,728,883,714,664,0,90
1038,21315732,681,855,644,658,0,90
1039,21325732,729,884,713,664,0,88
1040,21335732,728,883,713,663,0,80
1041,21345732,728,883,712,663,0,82
1042,21355732,729,884,712,662,0,83
1043,21365732,728,884,711,661,0,85
1044,21375732,730,885,711,661,0,83
1045,21385732,730,884,710,660,0,80
1046,21395732,731,885,710,660,0,81
1047,21405732,731,885,709,660,0,81
1048,21415732,731,884,705,659,0,79
1049,21425732,731,884,706,659,0,78
1050,21435732,731,884,705,658,0,81
1051,21445732,732,885,706,658,0,76
1052,21455732,731,884,703,657,0,77
1053,21465732,731,884,702,657,0,78
1054,21475732,731,884,703,658,0,77
1055,21485732,731,883,701,655,0,77
1056,21495732,730,883,702,655,0,77
1057,21505732,730,883,702,653,0,79
1058,21515732,728,880,701,653,0,76
1059,21525732,728,879,700,653,0,77
1060,21535732,727,878,700,652,0,77
1061,21545732,727,878,700,651,0,77
1062,21555732,727,877,699,651,0,77
1063,21565732,657,862,638,621,0,77
1064,21575732,726,876,698,650,0,77
1065,21585732,724,874,697,650,0,76
1066,21595732,723,873,696,650,0,74
1067,21605732,721,871,695,650,0,76
1068,21615732,718,871,694,649,0,76
1069,21625732,716,868,693,650,0,76
1070,21635733,716,867,693,648,0,77
1071,21645732,714,865,693,649,0,76
1072,21655732,713,863,692,648,0,76
1073,21665732,711,861,691,648,0,75
1074,21675732,710,860,692,645,0,77
1075,21685732,709,859,691,647,0,77
1076,21695732,640,844,632,619,0,60
1077,21705732,702,856,691,649,0,80
1078,21715732,700,855,691,649,0,77
1079,21725732,699,854,691,650,0,75
1080,21735732,697,853,690,649,0,74
1081,21745732,696,849,690,649,0,77
1082,21755732,693,846,690,649,0,76
1083,21765732,691,844,691,649,0,76
1084,21775732,688,843,691,651,3,77
1085,21785732,686,843,690,650,0,77
1086,21795732,686,842,691,650,0,78
1087,21805732,683,841,691,651,0,80
1088,21815732,683,840,691,651,0,78
1089,21825732,683,840,691,651,0,80
1090,21835732,683,839,689,652,0,78
1091,21845732,683,839,689,649,0,79
1092,21855732,682,838,689,651,0,77
1093,21865732,682,839,686,651,6,81
1094,21875732,682,839,686,646,1,80
1095,21885732,682,838,686,648,0,83
1096,21895732,682,837,686,650,0,77
1097,21905732,682,837,686,648,0,79
1098,21915732,682,835,684,648,0,80
1099,21925732,682,836,684,649,0,78
1100,21935732,681,835,683,653,0,73
1101,21945732,682,835,683,649,0,78
1102,21955732,681,836,683,651,0,76
1103,21965732,682,838,682,647,0,75
1104,21975732,683,837,681,645,0,74
1105,21985732,682,838,680,645,0,74
1106,21995732,683,839,680,647,0,73
1107,22005732,682,839,680,645,0,73
1108,22015732,683,836,680,644,0,73
1109,22025732,683,840,680,641,0,72
1110,22035732,677,839,678,645,0,73
1111,22045732,683,838,677,643,0,73
1112,22055732,681,837,685,640,0,72
1113,22065732,680,839,672,639,0,70
1114,22075732,679,836,680,637,0,71
1115,22085732,679,836,674,636,0,69
1116,22095732,677,832,666,638,0,71
1117,22105733,679,833,675,642,0,71
1118,22115732,678,832,673,637,0,71
1119,22125732,679,835,673,632,0,71
1120,22135732,680,835,664,635,0,69
1121,22145732,681,838,674,632,0,65
1122,22155732,680,834,680,631,0,60
1123,22165732,680,833,670,628,0,58
1124,22175732,670,837,661,629,0,57
1125,22185732,682,830,665,629,0,57
1126,22195732,682,849,668,629,0,57
1127,22205732,681,838,665,631,0,55
1128,22215732,680,831,664,629,0,55
1129,22225732,678,828,665,628,0,54
1130,22235732,673,827,663,626,0,53
1131,22245733,669,827,661,628,0,51
1132,22255732,665,824,661,627,0,50
1133,22265732,662,821,659,627,0,51
1134,22275732,662,821,661,627,0,50
1135,22285732,661,821,663,628,0,53
1136,22295732,663,822,661,628,0,52
1137,22305732,662,820,661,628,0,51
1138,22315732,662,823,663,627,0,53
1139,22325732,662,822,661,628,0,53
1140,22335732,662,820,662,628,0,54
1141,22345732,662,821,661,628,0,54
1142,22355732,663,821,663,628,0,54
1143,22365732,664,821,664,629,0,55
1144,22375732,608,805,665,629,0,55
1145,22385732,662,821,665,629,0,55
1146,22395732,661,821,666,630,0,56
1147,22405732,659,819,666,629,0,56
1148,22415732,655,817,666,630,0,57
1149,22425732,655,815,666,629,0,56
1150,22435732,603,790,600,625,0,57
1151,22445732,649,814,666,630,0,57
1152,22455732,642,815,666,630,0,58
1153,22465732,659,813,666,630,0,58
1154,22475732,647,813,666,630,0,58
1155,22485732,645,812,666,630,0,58
1156,22495732,635,808,665,570,0,34
1157,22505732,636,810,666,631,0,59
1158,22515732,629,809,666,631,0,60
1159,22525732,633,808,666,632,0,60
1160,22535732,631,807,666,632,0,60
1161,22545732,628,805,666,632,0,61
1162,22555732,624,803,666,632,0,61
1163,22565732,621,803,666,633,0,63
1164,22575732,619,801,667,633,0,64
1165,22585732,617,798,667,634,0,68
1166,22595732,614,796,667,635,0,69
1167,22605732,613,796,668,636,0,71
1168,22615732,612,796,669,637,0,71
1169,22625733,611,795,670,637,0,71
1170,22635732,610,794,669,638,0,71
1171,22645732,606,793,671,639,0,72
1172,22655732,607,793,671,644,0,72
1173,22665732,606,792,671,642,0,72
1174,22675732,604,793,672,644,0,72
1175,22685732,548,779,614,616,0,72
1176,22695732,606,793,673,645,0,72
1177,22705732,607,793,675,646,0,72
1178,22715732,608,793,674,646,0,72
1179,22725732,607,793,674,647,0,72
1180,22735732,607,793,674,646,0,72
1181,22745732,604,793,675,647,0,74
1182,22755732,603,793,675,647,0,74
1183,22765732,603,792,672,647,0,67
1184,22775732,602,792,673,647,0,73
1185,22785732,603,792,673,647,0,72
1186,22795732,603,792,674,647,0,73
1187,22805732,603,792,674,647,0,73
1188,22815732,603,793,673,648,0,71
1189,22825732,603,793,675,647,0,68
1190,22835732,604,793,673,647,0,76
1191,22845732,604,793,674,647,0,75
1192,22855732,605,794,673,647,0,74
1193,22865732,605,794,672,647,0,70
1194,22875732,605,794,674,647,0,73
1195,22885732,605,795,674,648,0,74
1196,22895732,605,794,673,647,0,74
1197,22905732,604,794,672,647,0,74
1198,22915732,605,794,672,646,0,74
1199,22925732,605,794,670,647,0,73
1200,22935732,605,794,671,646,0,73
1201,22945732,605,794,670,646,0,77
1202,22955732,604,793,670,645,0,75
1203,22965732,605,793,669,645,0,74
1204,22975732,604,793,669,645,0,73
1205,22985732,604,793,669,644,0,74
1206,22995732,604,793,670,642,0,74
1207,23005732,603,793,668,642,0,74
1208,23015732,602,792,669,642,0,72
1209,23025732,598,791,669,641,0,73
1210,23035732,594,790,667,640,0,73
1211,23045732,592,788,667,644,0,78
1212,23055732,587,786,667,639,0,73
1213,23065732,584,781,667,639,0,72
1214,23075732,583,781,668,638,0,69
1215,23085732,581,779,667,640,0,71
1216,23095732,578,779,667,638,0,74
1217,23105732,574,779,666,641,0,73
1218,23115732,573,778,666,641,0,74
1219,23125732,572,777,666,637,0,71
1220,23135732,570,776,666,638,0,70
1221,23145732,569,775,667,638,0,69
1222,23155732,563,774,667,640,0,71
1223,23165732,563,774,667,639,0,68
1224,23175732,562,773,667,638,0,71
1225,23185732,558,769,667,637,0,71
1226,23195732,557,767,667,640,0,72
1227,23205732,557,770,667,638,0,73
1228,23215733,557,769,668,640,0,73
1229,23225732,557,768,667,638,0,74
1230,23235732,559,770,668,639,2,73
1231,23245732,560,769,669,639,0,76
1232,23255732,567,773,670,642,0,75
1233,23265732,567,775,670,642,0,78
1234,23275732,568,776,671,644,0,76
1235,23285732,569,776,671,645,0,76
1236,23295732,569,776,672,645,0,75
1237,23305732,569,776,673,648,0,77
1238,23315732,569,776,674,647,0,76
1239,23325732,569,776,673,644,0,78
1240,23335732,568,775,675,648,0,79
1241,23345732,568,775,672,648,0,58
1242,23355732,564,775,676,643,0,78
1243,23365732,558,774,677,650,0,74
1244,23375732,555,773,676,649,0,80
1245,23385732,554,770,677,650,0,81
1246,23395732,553,769,678,648,0,83
1247,23405732,553,768,677,652,0,79
1248,23415732,552,764,677,588,0,54
1249,23425732,551,765,678,655,0,79
1250,23435732,548,765,678,650,0,82
1251,23445732,547,764,678,658,0,83
1252,23455732,546,763,678,655,0,87
1253,23465732,542,762,678,648,0,87
1254,23475732,541,762,677,649,0,86
1255,23485732,540,761,678,649,0,84
1256,23495732,540,761,677,652,0,86
1257,23505732,539,762,676,650,0,85
1258,23515732,539,761,674,650,0,82
1259,23525732,538,761,677,650,0,83
1260,23535732,537,762,672,646,0,85
1261,23545732,538,763,679,648,0,87
1262,23555732,538,762,679,646,0,87
1263,23565732,539,762,673,647,0,86
1264,23575732,539,761,669,642,0,86
1265,23585732,539,762,674,645,0,85
1266,23595732,540,762,670,643,0,83
1267,23605732,515,717,666,642,0,85
1268,23615732,542,760,667,637,0,83
1269,23625732,542,763,668,638,0,83
1270,23635732,542,764,668,639,0,82
1271,23645732,546,770,666,639,0,82
1272,23655732,546,763,667,634,0,81
1273,23665732,548,763,666,635,0,80
1274,23675732,549,766,666,634,0,79
1275,23685732,549,769,663,638,0,78
1276,23695732,549,764,661,634,0,79
1277,23705732,549,763,662,634,0,77
1278,23715732,549,767,658,635,0,77
1279,23725732,548,764,659,634,0,77
1280,23735732,548,759,659,633,0,77
1281,23745732,543,764,655,632,0,77
1282,23755732,543,763,654,632,0,78
1283,23765732,543,758,651,634,0,77
1284,23775732,543,766,652,631,0,77
1285,23785732,543,761,652,632,0,77
1286,23795732,516,715,646,631,0,77
1287,23805732,539,755,649,630,0,77
1288,23815732,538,756,648,631,0,77
1289,23825732,536,755,649,630,0,76
1290,23835732,537,757,647,632,0,77
1291,23845732,537,755,648,630,0,77
1292,23855732,533,757,647,630,0,78
1293,23865732,535,760,648,630,0,78
1294,23875732,538,757,648,630,0,78
1295,23885732,545,759,649,631,0,79
1296,23895732,543,758,648,630,0,78
1297,23905732,543,758,649,630,0,77
1298,23915732,540,757,649,631,0,77
1299,23925732,541,758,648,630,0,59
1300,23935732,545,758,649,630,0,77
1301,23945732,551,759,651,632,0,78
1302,23955732,544,759,651,632,0,77
1303,23965732,545,758,652,632,0,81
1304,23975732,540,757,653,632,0,79
1305,23985732,537,757,653,633,0,80
1306,23995732,538,752,655,571,0,49
1307,24005732,533,755,656,633,0,82
1308,24015732,533,756,658,633,0,81
1309,24025732,533,753,657,633,0,81
1310,24035732,531,751,658,633,0,83
1311,24045732,526,749,658,634,0,83
1312,24055732,522,744,658,574,0,53
1313,24065732,517,744,658,634,0,84
1314,24075732,508,743,658,634,0,84
1315,24085732,507,743,658,635,0,84
1316,24095732,505,740,659,635,0,83
1317,24105732,503,739,661,635,0,83
1318,24115732,503,737,658,634,0,61
1319,24125732,501,736,661,636,0,84
1320,24135732,500,736,660,635,0,84
1321,24145732,500,734,661,636,0,83
1322,24155732,499,735,661,637,0,83
1323,24165732,498,736,661,637,0,83
1324,24175732,498,734,661,637,0,83
1325,24185732,497,734,662,638,0,84
1326,24195732,497,733,662,637,0,84
1327,24205732,499,732,661,640,0,83
1328,24215732,498,732,661,638,0,85
1329,24225732,496,731,662,640,0,87
1330,24235732,495,732,662,641,0,86
1331,24245732,440,719,604,612,0,85
1332,24255732,495,731,663,641,0,85
1333,24265732,496,732,663,640,0,86
1334,24275732,495,732,662,642,0,86
1335,24285732,494,732,663,640,0,86
1336,24295732,492,731,663,643,0,86
1337,24305732,489,729,663,639,0,85
1338,24315732,487,729,663,642,0,86
1339,24325732,482,727,664,641,0,86
1340,24335732,477,724,663,643,0,86
1341,24345732,474,723,662,641,0,84
1342,24355732,472,722,662,640,0,85
1343,24365732,469,720,661,641,0,84
1344,24375732,467,720,661,639,0,85
1345,24385732,459,717,659,638,0,83
1346,24395732,457,716,659,638,0,83
1347,24405732,454,715,658,639,0,83
1348,24415732,446,713,658,638,0,83
1349,24425732,443,710,657,637,0,79
1350,24435732,414,659,653,637,0,80
1351,24445732,432,702,652,636,0,77
1352,24455732,430,700,651,635,0,77
1353,24465732,429,700,650,635,0,77
1354,24475732,427,698,650,635,0,74
1355,24485732,425,698,648,635,0,77
1356,24495732,427,699,648,635,0,77
1357,24505732,426,698,649,634,0,74
1358,24515732,428,699,648,634,0,75
1359,24525732,428,698,646,633,0,71
1360,24535732,428,697,646,633,0,68
1361,24545732,427,696,645,633,0,67
1362,24555732,427,696,645,633,0,63
1363,24565732,426,695,643,633,0,62
1364,24575732,426,694,645,633,0,62
1365,24585732,423,692,644,632,0,62
1366,24595732,418,692,643,632,0,62
1367,24605732,414,689,640,632,0,66
1368,24615732,413,687,638,632,0,63
1369,24625732,414,686,637,632,0,65
1370,24635732,409,685,640,632,0,63
1371,24645732,412,684,637,632,0,61
1372,24655732,410,683,638,632,0,65
1373,24665732,408,683,639,633,0,63
1374,24675732,406,682,639,633,0,61
1375,24685732,404,681,643,634,0,65
1376,24695732,401,679,641,633,0,43
1377,24705732,397,678,646,634,0,66
1378,24715732,392,677,645,633,0,66
1379,24725732,380,674,645,633,0,71
1380,24735732,373,670,645,634,3,72
1381,24745732,365,668,647,634,1,70
1382,24755732,360,665,647,634,0,73
1383,24765732,354,662,650,635,0,73
1384,24775732,345,659,651,636,0,81
1385,24785732,341,653,651,637,0,74
1386,24795732,331,649,652,637,0,78
1387,24805732,326,650,653,638,0,80
1388,24815732,314,643,652,639,0,85
1389,24825732,303,635,653,642,0,83
1390,24835732,295,626,653,645,0,91
1391,24845732,284,618,654,645,0,89
1392,24855732,280,613,654,645,0,103
1393,24865732,269,605,654,644,0,107
1394,24875732,263,600,655,641,0,111
1395,24885732,252,566,615,599,0,76
1396,24895732,254,593,656,646,0,115
1397,24905732,251,593,658,645,0,118
1398,24915732,254,593,658,645,0,113
1399,24925732,254,594,659,646,0,117
1400,24935732,253,592,659,645,0,120
1401,24945732,252,591,658,650,0,120
1402,24955732,251,589,659,649,0,122
1403,24965732,250,588,660,647,0,126
1404,24975732,249,588,661,651,0,126
1405,24985732,248,586,660,660,0,128
1406,24995732,248,585,658,651,0,129
1407,25005732,249,586,659,652,0,128
1408,25015732,245,584,661,651,0,128
1409,25025732,246,584,659,652,0,127
1410,25035732,244,582,659,653,0,129
1411,25045732,239,582,660,654,0,132
1412,25055732,236,580,659,655,0,131
1413,25065732,237,577,661,654,0,133
1414,25075732,216,535,658,655,0,134
1415,25085732,235,572,655,653,0,132
1416,25095732,233,573,660,652,0,135
1417,25105732,231,571,659,654,0,133
1418,25115732,233,571,659,653,0,132
1419,25125732,235,571,659,651,0,129
1420,25135732,196,562,600,623,0,133
1421,25145732,237,579,659,651,0,134
1422,25155732,239,571,654,652,0,135
1423,25165732,243,574,666,651,0,135
1424,25175732,246,577,659,652,0,136
1425,25185732,248,579,660,655,0,138
1426,25195732,249,583,663,653,0,134
1427,25205732,252,585,664,652,0,134
1428,25215732,253,584,663,649,0,137
1429,25225732,255,585,664,655,0,138
1430,25235732,255,584,663,655,0,138
1431,25245732,257,585,661,656,0,134
1432,25255732,256,585,668,656,0,141
1433,25265732,259,583,664,591,0,109
1434,25275732,260,583,669,655,0,138
1435,25285732,260,588,670,658,0,130
1436,25295732,264,590,670,659,0,135
1437,25305732,264,596,675,659,0,123
1438,25315732,267,596,676,659,0,116
1439,25325732,271,601,680,661,0,112
1440,25335732,253,558,668,663,0,109
1441,25345732,276,603,680,661,0,113
1442,25355732,281,603,678,662,0,108
1443,25365732,281,604,681,661,0,112
1444,25375732,280,605,683,663,0,108
1445,25385732,283,610,681,667,0,106
1446,25395732,282,619,683,664,0,108
1447,25405732,270,576,679,668,0,107
1448,25415732,297,617,677,666,0,110
1449,25425732,300,620,685,667,0,114
1450,25435732,301,624,687,666,0,107
1451,25445732,299,627,688,668,0,105
1452,25455732,313,629,689,666,0,105
1453,25465732,318,633,692,668,0,107
1454,25475732,327,635,693,668,0,101
1455,25485732,332,644,692,667,0,97
1456,25495732,339,649,693,668,0,93
1457,25505732,343,652,692,668,0,86
1458,25515732,356,657,694,668,0,89
1459,25525732,365,664,695,671,0,87
1460,25535732,370,665,695,604,0,56
1461,25545732,374,670,695,667,0,86
1462,25555732,392,679,695,666,0,80
1463,25565732,400,685,695,661,0,77
1464,25575732,419,690,695,664,0,75
1465,25585732,433,696,694,663,0,72
1466,25595732,448,706,696,656,0,60
1467,25605732,464,716,693,660,0,61
1468,25615732,476,726,691,654,0,59
1469,25625732,493,739,687,651,0,54
1470,25635732,511,744,686,646,0,44
1471,25645732,529,746,683,644,0,39
1472,25655732,538,758,683,633,0,37
1473,25665732,553,765,682,631,0,33
1474,25675732,566,777,678,629,0,33
1475,25685732,582,783,677,626,0,31
1476,25695732,590,790,675,621,0,31
1477,25705732,603,796,673,617,0,28
1478,25715732,621,803,671,615,0,27
1479,25725732,611,809,671,613,0,26
1480,25735732,626,812,669,608,0,24
1481,25745732,632,819,668,603,0,22
1482,25755732,642,822,667,600,0,19
1483,25765732,652,833,665,602,0,16
1484,25775732,659,840,663,591,0,12
1485,25785732,662,843,662,590,0,4
1486,25795732,666,845,662,591,0,11
1487,25805732,677,851,661,583,0,9
1488,25815732,679,851,660,588,0,10
1489,25825732,683,857,659,580,0,10
1490,25835732,688,860,658,583,0,9
1491,25845732,692,863,657,575,0,9
1492,25855732,695,863,653,515,0,2
1493,25865732,700,866,653,572,0,9
1494,25875732,703,872,653,571,0,8
1495,25885732,709,873,651,570,0,8
1496,25895732,717,873,652,568,0,7
1497,25905732,717,877,652,568,0,6
1498,25915732,720,881,653,568,0,6
1499,25925732,724,858,613,519,0,0
1500,25935732,727,891,653,561,0,5
1501,25945732,735,893,652,560,0,4
1502,25955732,740,901,653,559,0,3
1503,25965732,739,903,654,561,0,2
1504,25975732,743,906,655,561,0,1
1505,25985732,748,906,654,559,0,1
1506,25995733,748,910,656,563,0,0
1507,26005732,754,916,656,559,0,0
1508,26015732,756,915,655,558,0,0
1509,26025732,757,917,655,559,0,0
1510,26035732,764,919,655,557,0,0
1511,26045732,764,924,654,559,0,0
1512,26055732,737,875,655,558,0,0
1513,26065732,776,929,658,557,0,0
1514,26075732,777,932,658,557,0,0
1515,26085732,783,935,658,557,0,1
1516,26095732,786,936,658,557,0,2
1517,26105732,787,938,655,558,0,0
1518,26115732,788,936,657,498,0,0
1519,26125732,793,941,659,559,0,0
1520,26135732,794,941,659,558,0,0
1521,26145732,796,943,659,559,0,0
1522,26155732,795,946,657,559,0,0
1523,26165732,804,948,660,559,0,0
1524,26175732,805,951,659,558,0,0
1525,26185732,807,952,658,557,0,0
1526,26195732,808,953,659,557,0,0
1527,26205732,809,953,660,556,0,0
1528,26215732,809,954,660,556,0,0
1529,26225732,810,954,657,554,0,0
1530,26235732,810,955,659,552,0,0
1531,26245732,805,957,657,551,0,0
1532,26255732,813,958,656,549,0,0
1533,26265732,814,959,653,548,0,0
1534,26275732,816,964,654,546,0,6
1535,26285732,821,965,653,542,0,0
1536,26295732,822,965,653,542,0,0
1537,26305732,771,936,586,530,0,0
1538,26315732,826,968,658,541,0,0
1539,26325732,827,970,652,539,0,0
1540,26335732,828,971,649,540,0,0
1541,26345732,830,972,653,536,0,0
1542,26355732,836,972,653,535,0,0
1543,26365732,763,958,594,505,0,0
1544,26375732,838,975,651,532,0,0
1545,26385732,839,977,648,532,0,0
1546,26395732,840,978,646,523,0,0
1547,26405732,841,980,639,513,0,0
1548,26415732,843,981,633,502,0,0
1549,26425732,845,983,626,497,0,0
1550,26435732,840,986,617,487,0,0
1551,26445732,850,986,606,487,0,0
1552,26455732,852,986,596,480,0,0
1553,26465732,853,988,593,475,0,0
1554,26475732,853,988,578,472,0,0
1555,26485732,855,989,572,466,0,0
1556,26495732,856,992,567,455,0,0
1557,26505732,858,996,561,462,0,0
1558,26515732,860,997,554,454,0,0
1559,26525732,860,997,549,440,0,0
1560,26535732,862,999,544,442,0,0
1561,26545732,865,1001,541,435,0,0
1562,26555732,867,1002,540,426,0,0
1563,26565732,868,1001,540,372,0,0
1564,26575732,871,1004,541,412,0,0
1565,26585732,872,1004,542,411,0,0
1566,26595732,875,1006,544,411,0,0
1567,26605732,877,1013,544,406,0,0
1568,26615732,880,1011,540,407,0,0
1569,26625732,884,1017,539,399,0,0
1570,26635732,886,1015,542,348,0,0
1571,26645732,889,1024,534,393,0,0
1572,26655732,892,1020,529,392,0,0
1573,26665732,894,1025,527,392,0,0
1574,26675732,897,1031,529,393,0,0
1575,26685732,898,1032,529,387,0,0
1576,26695732,905,1034,529,379,0,0
1577,26705732,905,1035,529,378,0,0
1578,26715732,904,1034,531,376,0,0
1579,26725732,910,1038,531,374,0,0
1580,26735732,908,1039,532,374,0,0
1581,26745732,914,1042,533,373,0,0
1582,26755732,912,1043,536,373,0,0
1583,26765732,836,1022,480,349,0,0
1584,26775732,918,1043,536,373,0,0
1585,26785732,917,1043,536,372,0,0
1586,26795732,916,1045,537,372,0,0
1587,26805732,918,1046,536,372,0,0
1588,26815732,922,1047,546,375,0,0
1589,26825732,917,1043,537,324,0,0
1590,26835732,920,1044,540,375,0,0
1591,26845732,918,1046,540,376,0,0
1592,26855732,919,1045,543,378,0,0
1593,26865732,913,1046,546,379,0,0
1594,26875732,916,1046,548,377,0,0
1595,26885732,915,1044,550,382,0,0
1596,26895732,913,1043,549,381,0,0
1597,26905732,912,1042,551,386,0,0
1598,26915732,912,1038,551,388,0,0
1599,26925732,909,1038,554,389,0,0
1600,26935732,908,1037,549,392,0,0
1601,26945732,906,1032,553,394,0,0
1602,26955732,908,1033,553,395,0,0
1603,26965732,904,1030,556,398,0,0
1604,26975732,901,1029,556,400,0,0
1605,26985732,896,1023,557,399,0,0
1606,26995732,893,1014,557,405,0,0
1607,27005732,890,1013,557,405,0,0
1608,27015732,887,1015,559,410,0,0
1609,27025732,890,1014,562,413,0,0
1610,27035732,888,1013,564,417,0,0
1611,27045732,888,1014,565,413,0,0
1612,27055732,887,1009,565,414,0,0
1613,27065732,887,1011,567,417,0,0
1614,27075732,885,1009,567,420,0,0
1615,27085732,883,1006,568,418,0,0
1616,27095732,880,1008,571,420,0,0
1617,27105732,879,1005,570,421,0,0
1618,27115732,878,1004,570,424,0,0
1619,27125732,879,1004,571,426,0,0
1620,27135732,880,1005,571,425,0,0
1621,27145732,881,1005,572,427,0,0
1622,27155732,881,1014,573,428,0,0
1623,27165732,884,1016,574,428,0,0
1624,27175732,882,1012,578,431,2,0
1625,27185732,885,1008,579,430,0,0
1626,27195732,887,1009,580,430,0,0
1627,27205732,883,1010,581,435,0,0
1628,27215732,886,1005,581,436,0,0
1629,27225732,883,1007,582,439,0,0
1630,27235732,885,1010,583,438,0,0
1631,27245732,884,1011,585,436,0,0
1632,27255732,883,1006,585,440,0,0
1633,27265732,882,1007,588,439,0,0
1634,27275732,884,1009,588,442,0,0
1635,27285732,882,1009,588,443,0,0
1636,27295732,829,982,527,440,0,0
1637,27305732,882,1009,592,448,0,0
1638,27315732,881,1009,593,449,0,0
1639,27325732,883,1006,594,448,0,0
1640,27335732,879,1007,595,451,0,0
1641,27345732,883,1006,596,452,0,0
1642,27355732,810,993,541,427,0,0
1643,27365732,888,1009,598,454,0,0
1644,27375732,887,1010,599,455,0,0
1645,27385732,888,1011,600,457,0,0
1646,27395732,889,1013,601,457,0,0
1647,27405732,892,1013,599,457,0,0
1648,27415732,888,983,562,420,0,0
1649,27425732,893,1016,602,458,0,0
1650,27435732,897,1017,602,459,0,0
1651,27445732,894,1018,604,458,0,0
1652,27455732,894,1018,606,460,0,0
1653,27465732,896,1018,604,460,0,0
1654,27475732,896,1018,607,462,0,0
1655,27485732,901,1018,602,462,0,0
1656,27495732,901,1018,609,461,0,0
1657,27505732,898,1018,609,464,0,0
1658,27515732,899,1018,610,466,0,0
1659,27525732,897,1018,616,467,0,0
1660,27535732,897,1017,611,467,0,0
1661,27545732,900,1020,613,468,0,0
1662,27555732,895,1018,614,471,0,1
1663,27565732,895,1017,615,471,0,1
1664,27575732,893,1015,620,471,0,3
1665,27585732,890,1013,620,475,0,4
1666,27595732,887,1011,620,476,0,8
1667,27605732,886,1007,634,481,0,11
1668,27615732,880,1004,627,483,0,19
1669,27625732,877,1001,629,487,0,21
1670,27635732,873,998,629,488,0,23
1671,27645732,869,995,632,491,0,24
1672,27655732,865,991,634,491,0,25
1673,27665732,861,988,635,494,0,25
1674,27675732,826,934,632,499,0,27
1675,27685732,856,986,635,501,0,26
1676,27695732,855,985,638,503,1,28
1677,27705732,852,983,638,504,0,27
1678,27715732,850,982,643,508,0,31
1679,27725732,846,981,642,510,0,33
1680,27735732,844,980,644,518,0,37
1681,27745732,844,981,649,521,0,37
1682,27755732,840,979,650,522,0,39
1683,27765732,839,979,647,523,0,41
1684,27775732,836,978,653,524,0,42
1685,27785732,831,976,650,528,0,41
1686,27795732,828,974,653,530,0,44
1687,27805732,775,944,589,525,0,45
1688,27815732,827,973,658,531,0,47
1689,27825732,825,971,659,536,0,47
1690,27835732,824,971,659,537,0,50
1691,27845732,824,971,661,540,0,54
1692,27855732,823,971,664,542,0,50
1693,27865732,823,970,663,543,0,54
1694,27875732,823,969,664,546,0,53
1695,27885732,821,968,666,547,0,57
1696,27895732,820,968,661,548,0,54
1697,27905732,819,967,662,548,0,58
1698,27915732,819,967,665,550,0,54
1699,27925732,818,967,666,551,0,57
1700,27935732,819,967,668,556,0,57
1701,27945732,819,967,666,554,0,58
1702,27955732,821,968,669,554,0,61
1703,27965732,820,968,670,554,0,66
1704,27975732,820,968,667,555,0,57
1705,27985732,821,968,669,557,0,51
1706,27995732,821,968,668,556,0,55
1707,28005732,821,969,672,556,0,54
1708,28015732,821,968,671,557,0,53
1709,28025732,821,968,668,557,0,54
1710,28035732,821,969,672,558,0,49
1711,28045732,821,970,671,557,0,44
1712,28055732,822,970,670,559,0,45
1713,28065732,823,970,670,556,0,42
1714,28075732,824,971,670,556,0,43
1715,28085732,825,972,671,556,0,38
1716,28095732,826,974,679,553,0,34
1717,28105732,830,976,671,554,0,32
1718,28115732,835,977,669,552,0,29
1719,28125732,840,977,668,551,0,26
1720,28135732,769,965,608,518,0,21
1721,28145732,848,983,667,547,0,15
1722,28155732,854,984,664,541,0,13
1723,28165732,856,988,663,541,0,12
1724,28175732,861,991,661,535,0,11
1725,28185732,866,997,659,532,0,9
1726,28195732,868,987,659,527,0,6
1727,28205732,871,1000,656,525,0,2
1728,28215732,880,1002,655,520,0,2
1729,28225732,885,1006,654,518,0,0
1730,28235732,890,1010,650,515,0,0
1731,28245732,891,1012,650,509,0,0
1732,28255732,895,1014,649,508,0,0
1733,28265732,904,1020,647,506,0,0
1734,28275732,905,1019,645,504,0,0
1735,28285732,909,1021,643,501,0,0
1736,28295732,907,1024,642,499,0,0
1737,28305732,908,1030,635,497,0,0
1738,28315732,908,1027,637,493,0,0
1739,28325732,913,1030,630,437,0,0
1740,28335732,913,1032,631,490,0,0
1741,28345732,913,1036,631,489,0,0
1742,28355732,911,1040,631,486,0,0
1743,28365732,914,1035,630,480,0,0
1744,28375732,917,1036,629,484,0,0
1745,28385732,917,1035,629,482,0,0
1746,28395732,919,1038,628,480,0,0
1747,28405732,920,1034,629,479,0,0
1748,28415732,920,1039,628,480,0,0
1749,28425732,920,1039,629,480,0,0
1750,28435732,917,1037,628,481,0,0
1751,28445732,925,1038,628,480,0,0
1752,28455732,864,1007,562,477,0,0
1753,28465732,921,1035,627,481,0,0
1754,28475732,924,1038,628,480,0,0
1755,28485732,921,1040,627,482,0,0
1756,28495732,921,1038,627,474,0,0
1757,28505732,922,1039,627,480,0,0
1758,28515732,923,1040,624,482,0,0
1759,28525732,922,1037,627,479,0,0
1760,28535732,924,1040,627,480,0,0
1761,28545732,923,1038,626,481,0,0
1762,28555732,924,1041,627,484,0,0
1763,28565732,924,1042,626,479,0,0
1764,28575732,925,1042,627,482,0,0
1765,28585732,925,1049,628,483,0,0
1766,28595732,925,1039,628,482,0,0
1767,28605732,926,1040,628,480,0,0
1768,28615732,924,1046,628,483,0,0
1769,28625732,927,1043,627,481,0,0
1770,28635732,925,1043,627,481,0,0
1771,28645732,928,1044,627,480,0,0
1772,28655732,932,1046,626,478,0,0
1773,28665732,931,1045,626,478,0,0
1774,28675732,933,1047,623,477,0,0
1775,28685732,931,1048,624,481,0,0
1776,28695732,935,1052,622,474,0,0
1777,28705732,937,1050,621,472,0,0
1778,28715732,936,1050,620,472,0,0
1779,28725732,935,1051,620,471,0,0
1780,28735732,937,1051,619,469,0,0
1781,28745732,940,1054,620,468,0,0
1782,28755732,939,1054,620,469,0,0
1783,28765732,940,1052,618,467,0,0
1784,28775732,940,1054,619,467,0,0
1785,28785732,942,1061,618,466,0,0
1786,28795732,940,1056,618,468,0,0
1787,28805732,947,1055,618,465,0,0
1788,28815732,942,1057,615,467,0,0
1789,28825732,944,1056,620,466,0,0
1790,28835732,948,1058,622,465,0,0
1791,28845732,948,1052,618,410,0,0
1792,28855732,944,1059,618,463,0,0
1793,28865732,951,1060,620,464,0,0
1794,28875732,953,1060,622,465,1,0
1795,28885732,949,1060,622,466,0,0
1796,28895732,948,1061,626,464,0,0
1797,28905732,949,1061,623,464,0,0
1798,28915732,917,1003,589,454,0,0
1799,28925732,945,1063,623,463,0,0
1800,28935732,947,1062,625,460,0,0
1801,28945732,953,1063,626,461,0,0
1802,28955732,952,1065,622,461,0,0
1803,28965732,953,1064,621,461,0,0
1804,28975732,953,1062,619,409,0,0
1805,28985732,956,1066,620,459,0,0
1806,28995732,950,1066,621,457,0,0
1807,29005732,956,1067,620,456,0,0
1808,29015732,958,1068,620,455,0,0
1809,29025732,959,1069,617,452,0,0
1810,29035732,967,1075,616,446,0,0
1811,29045732,965,1071,614,444,0,0
1812,29055732,969,1075,609,441,0,0
1813,29065732,971,1076,612,439,0,0
1814,29075732,972,1079,609,436,0,0
1815,29085732,973,1078,604,434,0,0
1816,29095732,976,1083,606,431,0,0
1817,29105732,978,1086,604,427,0,0
1818,29115732,979,1090,603,426,0,0
1819,29125732,980,1090,601,424,0,0
1820,29135732,982,1092,601,423,0,0
1821,29145732,984,1094,602,424,0,0
1822,29155732,986,1097,598,422,0,0
1823,29165732,989,1095,600,419,0,0
1824,29175732,989,1095,600,418,0,0
1825,29185732,991,1099,596,415,0,0
1826,29195732,990,1099,599,413,0,0
1827,29205732,993,1098,598,412,0,0
1828,29215732,993,1099,598,412,0,0
1829,29225732,993,1099,599,415,0,0
1830,29235732,994,1100,598,364,0,0
1831,29245732,995,1099,600,413,0,0
1832,29255732,996,1100,601,418,0,0
1833,29265732,996,1100,597,421,0,0
1834,29275732,996,1101,603,421,0,0
1835,29285732,997,1102,603,420,0,0
1836,29295732,998,1100,606,420,0,0
1837,29305733,1000,1103,609,422,0,0
1838,29315732,999,1101,606,424,0,0
1839,29325732,1000,1101,612,425,0,0
1840,29335732,1000,1100,611,426,0,0
1841,29345732,999,1101,613,431,0,0
1842,29355732,999,1101,615,428,0,0
1843,29365732,999,1101,613,432,0,0
1844,29375732,999,1100,617,434,0,0
1845,29385732,998,1099,617,439,0,0
1846,29395732,996,1098,622,442,0,0
1847,29405732,995,1098,627,446,0,0
1848,29415732,994,1096,630,441,0,0
1849,29425732,994,1095,631,459,0,0
1850,29435732,991,1093,633,460,0,0
1851,29445732,989,1092,632,461,0,0
1852,29455732,989,1090,637,465,0,0
1853,29465732,987,1087,638,466,0,0
1854,29475732,986,1085,639,469,0,0
1855,29485732,986,1085,638,468,0,0
1856,29495732,985,1085,637,472,0,0
1857,29505732,985,1084,641,474,0,0
1858,29515732,984,1083,644,476,0,0
1859,29525732,986,1083,644,475,0,0
1860,29535732,983,1085,645,472,0,0
1861,29545732,983,1081,643,480,0,0
1862,29555732,983,1079,644,484,0,0
1863,29565732,982,1079,647,484,0,0
1864,29575732,979,1081,647,485,4,0
1865,29585732,984,1080,648,487,0,0
1866,29595732,980,1077,650,490,0,0
1867,29605732,981,1076,649,485,0,0
1868,29615732,979,1077,646,488,0,0
1869,29625732,900,1061,593,465,0,0
1870,29635732,978,1078,650,489,0,0
1871,29645732,979,1085,650,491,0,0
1872,29655732,979,1078,650,492,0,0
1873,29665732,979,1075,656,493,0,0
1874,29675732,978,1077,655,493,0,0
1875,29685732,977,1075,654,497,0,0
1876,29695732,968,1075,654,499,0,0
1877,29705732,975,1071,654,497,0,0
1878,29715732,971,1070,659,501,0,0
1879,29725732,969,1069,659,504,0,2
1880,29735732,971,1067,663,506,0,0
1881,29745732,966,1064,662,508,0,2
1882,29755732,951,1063,665,518,0,3
1883,29765732,958,1063,665,519,0,7
1884,29775732,956,1052,669,524,0,9
1885,29785732,952,1057,669,524,0,21
1886,29795732,949,1051,669,528,0,20
1887,29805732,948,1051,668,531,2,20
1888,29815732,946,1051,668,530,0,24
1889,29825732,943,1048,671,532,0,22
1890,29835732,943,1050,671,535,0,26
1891,29845732,941,1047,674,536,0,34
1892,29855732,943,1045,676,541,0,27
1893,29865732,938,1047,676,545,0,31
1894,29875732,937,1047,677,546,0,33
1895,29885732,933,1040,677,547,0,37
1896,29895732,931,1041,678,550,0,40
1897,29905732,927,1032,679,549,0,45
1898,29915732,926,1035,678,553,0,42
1899,29925732,921,1031,680,555,0,44
1900,29935732,922,1029,680,552,0,44
1901,29945732,920,1029,681,556,0,46
1902,29955732,920,1031,681,558,0,45
1903,29965732,919,1031,681,559,0,51
1904,29975732,920,1019,682,561,0,52
1905,29985732,911,1018,681,560,0,50
1906,29995732,910,1017,682,564,0,53
1907,30005732,908,1012,682,561,0,55
1908,30015732,828,996,623,539,0,58
1909,30025732,901,1012,682,570,0,58
1910,30035732,904,1013,682,568,0,57
1911,30045732,893,1012,681,567,0,59
1912,30055732,893,1009,683,569,0,59
1913,30065732,886,1005,683,571,0,59
1914,30075732,892,1009,684,570,0,62
1915,30085732,888,1007,684,571,0,62
1916,30095732,887,1013,685,572,0,67
1917,30105732,891,1009,686,574,0,67
1918,30115732,891,1009,687,577,0,64
1919,30125732,896,1011,688,581,0,65
1920,30135732,900,1010,689,582,0,64
1921,30145732,845,982,623,574,0,63
1922,30155732,901,1012,692,583,0,66
1923,30165732,900,1011,693,588,0,68
1924,30175732,898,1010,695,586,0,70
1925,30185732,891,1009,694,588,0,70
1926,30195732,892,1011,696,591,0,71
1927,30205732,885,1012,697,592,0,70
1928,30215732,894,1005,698,594,0,71
1929,30225732,883,1002,699,592,0,73
1930,30235732,881,1000,701,593,0,74
1931,30245732,877,998,703,595,0,75
1932,30255732,871,993,699,595,0,75
1933,30265732,863,993,701,597,0,76
1934,30275733,859,990,698,597,0,77
1935,30285732,855,990,700,600,0,77
1936,30295732,854,987,705,599,0,78
1937,30305732,852,988,704,600,0,78
1938,30315732,850,986,702,600,0,81
1939,30325732,856,985,701,601,0,84
1940,30335732,774,970,641,573,0,83
1941,30345732,850,986,701,602,0,86
1942,30355732,846,985,700,602,0,85
1943,30365732,846,985,701,603,0,87
1944,30375732,848,985,703,605,0,88
1945,30385732,849,983,703,604,0,88
1946,30395732,845,983,704,607,0,88
1947,30405732,843,984,708,608,0,86
1948,30415732,847,984,708,611,0,84
1949,30425732,846,984,712,610,0,82
1950,30435732,849,984,708,612,0,81
1951,30445732,848,984,706,611,0,78
1952,30455732,848,978,709,612,0,81
1953,30465732,850,985,706,613,0,62
1954,30475732,851,984,711,614,0,83
1955,30485732,850,985,709,615,0,83
1956,30495732,850,985,710,616,0,83
1957,30505732,850,984,710,617,0,84
1958,30515732,852,980,713,618,0,83
1959,30525732,851,983,713,619,0,83
1960,30535732,851,985,715,620,0,83
1961,30545732,851,984,713,621,0,84
1962,30555732,850,984,716,622,0,85
1963,30565732,851,983,716,624,0,84
1964,30575732,850,983,715,625,0,86
1965,30585732,849,981,715,623,0,85
1966,30595732,849,981,715,626,0,85
1967,30605732,847,980,713,627,0,84
1968,30615732,844,978,718,627,0,82
1969,30625732,843,977,717,629,0,86
1970,30635732,840,974,719,628,0,85
1971,30645732,839,972,717,628,0,85
1972,30655732,836,971,717,628,0,85
1973,30665732,837,972,713,629,0,84
1974,30675732,833,972,717,628,0,86
1975,30685732,833,971,716,628,0,85
1976,30695732,831,971,716,629,0,87
1977,30705732,831,971,716,630,0,84
1978,30715732,829,968,716,629,0,85
1979,30725732,779,940,648,624,0,88
1980,30735732,828,969,714,628,0,89
1981,30745732,828,969,714,626,0,93
1982,30755732,828,969,714,632,1,93
1983,30765732,829,969,713,630,0,90
1984,30775732,829,970,714,625,0,81
1985,30785732,835,971,712,624,0,87
1986,30795732,838,972,714,626,0,88
1987,30805732,838,972,712,623,0,83
1988,30815732,840,974,713,621,0,85
1989,30825732,841,976,712,620,0,86
1990,30835732,843,976,712,620,0,84
1991,30845732,843,977,710,620,0,82
1992,30855732,769,963,646,589,0,85
1993,30865732,847,979,708,620,0,80
1994,30875732,848,980,705,617,0,78
1995,30885732,851,981,702,617,0,73
1996,30895732,854,983,701,615,0,73
1997,30905732,858,984,700,613,0,72
1998,30915732,861,986,700,611,0,71
1999,30925732,795,973,639,592,0,50
2000,30935732,873,990,698,606,0,68
2001,30945732,875,994,700,603,0,68
2002,30955732,877,995,698,595,0,71
2003,30965732,880,997,695,603,0,70
2004,30975732,882,998,693,600,0,62
2005,30985732,883,999,694,598,0,64
2006,30995732,886,1000,694,596,0,64
2007,31005732,887,1001,695,599,0,65
2008,31015732,887,1001,699,599,0,64
2009,31025732,888,1002,690,597,0,63
2010,31035732,888,1002,685,590,0,63
2011,31045732,889,1000,689,598,0,63
2012,31055732,836,982,622,583,0,65
2013,31065732,891,998,688,593,0,62
2014,31075732,892,1005,685,593,0,66
2015,31085732,893,1002,695,592,0,61
2016,31095732,892,1003,696,592,0,62
2017,31105732,893,1009,690,590,0,61
2018,31115732,892,967,648,550,0,35
2019,31125732,895,1011,689,595,0,63
2020,31135732,900,1008,687,594,0,64
2021,31145732,901,1014,690,593,0,65
2022,31155732,901,1009,694,593,0,64
2023,31165732,903,1011,691,593,0,65
2024,31175732,903,1007,689,591,0,66
2025,31185732,904,1011,689,593,0,66
2026,31195732,904,1012,693,591,0,65
2027,31205732,904,1012,691,592,0,67
2028,31215732,904,1009,689,590,0,67
2029,31225732,904,1011,689,589,0,66
2030,31235732,906,1013,691,589,0,64
2031,31245732,903,1016,690,582,0,68
2032,31255732,913,1016,690,589,0,68
2033,31265732,903,1016,689,590,0,69
2034,31275732,912,1017,690,592,0,69
2035,31285732,915,1018,688,589,0,69
2036,31295732,920,1019,689,589,0,66
2037,31305732,924,1020,686,586,0,61
2038,31315732,904,1031,687,579,0,48
2039,31325732,931,1031,684,570,0,41
2040,31335732,926,1036,683,575,0,38
2041,31345732,938,1038,681,572,0,32
2042,31355732,935,1042,680,570,0,30
2043,31365732,938,1044,679,563,0,28
2044,31375732,935,1045,690,557,0,26
2045,31385732,930,1046,678,558,0,21
2046,31395732,943,1048,676,554,0,15
2047,31405732,946,1052,675,551,0,12
2048,31415732,952,1054,672,548,0,8
2049,31425732,954,1057,669,542,0,5
2050,31435732,956,1061,669,537,0,1
2051,31445732,963,1064,668,537,0,0
2052,31455732,965,1065,667,534,0,0
2053,31465732,965,1068,665,532,0,0
2054,31475732,972,1069,664,530,0,0
2055,31485732,967,1071,662,529,0,0
2056,31495732,974,1074,661,526,0,0
2057,31505732,974,1075,660,524,0,0
2058,31515732,977,1077,659,520,0,0
2059,31525732,981,1077,657,520,0,0
2060,31535732,981,1078,657,516,0,0
2061,31545732,984,1079,655,510,0,0
2062,31555732,985,1081,654,507,0,0
2063,31565732,987,1082,653,505,0,0
2064,31575732,988,1082,652,503,0,0
2065,31585732,989,1084,651,502,0,0
2066,31595732,991,1086,651,500,0,0
2067,31605732,994,1089,650,499,0,0
2068,31615732,995,1092,649,498,0,0
2069,31625732,994,1088,646,442,0,0
2070,31635732,996,1096,646,493,0,0
2071,31645732,997,1094,645,493,0,0
2072,31655732,997,1094,643,491,0,0
2073,31665732,997,1094,641,490,0,0
2074,31675732,999,1097,640,488,0,0
2075,31685732,1000,1096,643,487,0,0
2076,31695732,964,1038,639,487,0,0
2077,31705732,1001,1097,641,485,0,0
2078,31715732,1003,1098,642,485,0,0
2079,31725732,1004,1100,640,483,0,0
2080,31735732,1005,1100,641,483,0,0
2081,31745732,1005,1101,641,483,0,0
2082,31755732,1005,1095,639,428,0,0
2083,31765732,1007,1102,640,481,0,0
2084,31775732,1007,1101,639,478,0,0
2085,31785732,1008,1103,637,478,0,0
2086,31795732,1008,1104,637,477,0,0
2087,31805732,1009,1103,637,477,0,0
2088,31815732,1010,1101,636,423,0,0
2089,31825732,1013,1106,636,476,0,0
2090,31835732,1013,1108,636,476,0,0
2091,31845732,1013,1107,636,476,0,0
2092,31855732,1015,1109,636,476,0,0
2093,31865732,1016,1110,637,477,0,0
2094,31875732,1017,1111,639,477,0,0
2095,31885732,1019,1113,643,477,0,0
2096,31895732,1021,1113,643,477,0,0
2097,31905732,1021,1114,642,478,0,0
2098,31915732,1022,1114,640,478,0,0
2099,31925732,1022,1115,639,477,0,0
2100,31935732,1024,1115,639,477,0,0
2101,31945733,1030,1115,639,477,0,0
2102,31955732,1028,1115,643,478,0,0
2103,31965732,1031,1116,643,478,0,0
2104,31975732,1032,1116,645,479,0,0
2105,31985732,1033,1117,644,481,0,0
2106,31995732,1033,1118,646,482,0,0
2107,32005732,995,1061,645,483,0,0
2108,32015732,1036,1118,648,483,0,0
2109,32025732,1035,1118,649,483,0,0
2110,32035732,1034,1117,649,483,0,0
2111,32045732,1034,1117,649,483,0,0
2112,32055732,1035,1118,650,483,0,0
2113,32065732,973,1086,583,473,0,0
2114,32075732,1035,1118,649,483,0,0
2115,32085732,1035,1118,649,483,0,0
2116,32095732,1035,1118,650,483,0,0
2117,32105732,1035,1117,650,482,0,0
2118,32115732,1035,1118,650,482,0,0
2119,32125732,1035,1118,650,483,0,0
2120,32135732,1036,1118,649,483,0,0
2121,32145732,1035,1117,648,483,0,0
2122,32155732,1035,1117,649,483,0,0
2123,32165732,1034,1117,649,482,0,0
2124,32175732,1033,1116,649,482,0,0
2125,32185732,1029,1114,649,483,0,0
2126,32195732,1023,1113,649,486,0,0
2127,32205732,1020,1112,647,484,0,0
2128,32215732,1017,1111,646,483,2,0
2129,32225732,1015,1109,645,484,0,0
2130,32235732,1010,1105,644,482,0,0
2131,32245732,1006,1105,644,484,0,0
2132,32255732,1004,1102,647,485,0,0
2133,32265732,1003,1102,648,488,0,0
2134,32275732,1001,1100,649,487,0,0
2135,32285732,1001,1101,650,490,0,0
2136,32295732,1001,1101,652,490,0,0
2137,32305732,1002,1101,652,493,0,0
2138,32315732,1002,1102,655,494,6,0
2139,32325732,966,1046,655,496,0,0
2140,32335732,1004,1103,659,499,0,0
2141,32345732,1004,1105,660,500,0,0
2142,32355732,1004,1106,662,502,0,0
2143,32365732,1004,1105,663,501,0,0
2144,32375732,1004,1104,662,502,0,0
2145,32385732,1003,1104,662,503,0,0
2146,32395732,969,1046,662,507,0,0
2147,32405732,1003,1104,664,506,0,0
2148,32415732,1003,1104,659,506,0,0
2149,32425732,1002,1103,658,503,0,0
2150,32435732,1001,1103,664,504,0,0
2151,32445732,999,1101,662,504,0,0
2152,32455732,998,1100,658,490,0,0
2153,32465732,996,1098,657,489,0,0
2154,32475732,995,1097,663,498,0,0
2155,32485732,993,1082,654,490,0,0
2156,32495732,989,1093,656,488,0,0
2157,32505732,987,1090,645,489,0,0
2158,32515732,985,1088,644,487,0,0
2159,32525732,982,1084,647,489,0,0
2160,32535732,981,1082,642,490,0,0
2161,32545732,980,1079,639,485,0,0
2162,32555732,980,1078,637,484,0,0
2163,32565732,980,1082,636,479,0,0
2164,32575732,981,1081,638,483,0,0
2165,32585733,983,1085,636,489,0,0
2166,32595732,983,1087,632,482,0,0
2167,32605732,985,1086,631,484,0,0
2168,32615732,985,1086,631,482,0,0
2169,32625732,985,1086,630,485,0,0
2170,32635732,985,1088,630,483,0,0
2171,32645732,906,1069,577,460,0,0
2172,32655732,986,1087,635,484,0,0
2173,32665732,987,1088,640,485,0,0
2174,32675732,987,1087,635,486,0,0
2175,32685732,989,1086,637,486,0,0
2176,32695732,989,1088,634,485,0,0
2177,32705732,988,1092,635,486,0,0
2178,32715732,987,1091,634,489,0,0
2179,32725732,987,1094,635,492,0,0
2180,32735732,994,1093,635,492,0,0
2181,32745732,991,1095,636,488,0,0
2182,32755732,990,1090,635,490,0,0
2183,32765732,997,1096,636,487,0,0
2184,32775732,910,1076,600,433,0,0
2185,32785732,992,1090,635,488,0,0
2186,32795732,990,1096,635,488,0,0
2187,32805732,991,1095,636,490,0,0
2188,32815732,1003,1094,640,489,0,0
2189,32825732,992,1099,639,488,0,0
2190,32835732,994,1094,639,490,0,0
2191,32845732,993,1095,639,489,0,0
2192,32855732,997,1098,642,491,0,0
2193,32865732,999,1097,644,492,0,0
2194,32875732,1001,1098,646,493,0,0
2195,32885732,1000,1097,646,494,0,0
2196,32895732,1000,1099,648,494,0,0
2197,32905732,964,1039,648,497,0,0
2198,32915732,1001,1099,651,499,0,0
2199,32925732,1004,1099,653,500,0,0
2200,32935732,1003,1099,653,503,0,0
2201,32945732,1005,1098,656,504,0,0
2202,32955732,1003,1099,658,505,0,0
2203,32965732,1002,1098,661,508,0,0
2204,32975732,994,1099,663,510,0,0
2205,32985732,998,1096,666,519,0,0
2206,32995732,996,1094,669,523,0,0
2207,33005732,997,1092,671,526,0,0
2208,33015732,991,1087,677,531,0,0
2209,33025732,989,1088,678,536,0,0
2210,33035732,988,1081,679,537,0,0
2211,33045732,985,1080,681,539,0,2
2212,33055732,982,1075,683,540,0,5
2213,33065732,980,1072,683,542,0,8
2214,33075732,976,1070,683,542,0,9
2215,33085732,974,1068,684,547,0,14
2216,33095732,972,1068,684,548,0,14
2217,33105732,971,1068,684,549,0,17
2218,33115732,971,1067,683,550,0,19
2219,33125732,971,1066,683,550,0,20
2220,33135732,970,1063,684,550,0,21
2221,33145732,971,1066,684,550,0,22
2222,33155732,971,1067,684,550,0,23
2223,33165732,962,1065,685,552,0,25
2224,33175732,970,1066,685,553,0,26
2225,33185732,969,1065,686,553,0,30
2226,33195732,969,1065,687,556,0,30
2227,33205732,968,1064,690,558,0,36
2228,33215732,968,1064,691,562,0,38
2229,33225732,966,1058,692,503,0,15
2230,33235732,966,1063,693,567,0,41
2231,33245732,966,1063,696,570,0,41
2232,33255732,965,1061,697,572,0,43
2233,33265732,959,1061,698,576,0,45
2234,33275732,958,1059,700,580,0,48
2235,33285732,957,1058,701,584,0,52
2236,33295732,920,999,694,586,0,56
2237,33305732,954,1054,706,589,0,59
2238,33315732,952,1053,708,593,0,60
2239,33325732,951,1053,709,595,0,62
2240,33335732,951,1052,708,597,0,65
2241,33345732,950,1051,712,600,0,68
2242,33355732,950,1052,708,603,0,50
2243,33365732,949,1052,712,610,0,71
2244,33375732,949,1052,712,611,0,73
2245,33385732,948,1052,713,612,0,75
2246,33395732,949,1052,713,614,0,75
2247,33405732,949,1051,713,615,0,81
2248,33415732,949,1052,714,617,0,83
2249,33425733,950,1053,715,620,0,83
2250,33435732,948,1052,714,622,0,87
2251,33445732,949,1052,716,625,0,90
2252,33455732,949,1051,716,627,0,91
2253,33465732,949,1052,718,628,0,94
2254,33475732,950,1053,720,630,0,96
2255,33485732,949,1053,722,631,0,98
2256,33495732,950,1053,722,633,0,103
2257,33505732,951,1054,724,633,0,103
2258,33515732,951,1054,724,636,0,103
2259,33525732,951,1054,726,636,0,103
2260,33535732,951,1054,727,637,0,104
2261,33545732,950,1054,728,637,0,104
2262,33555732,949,1018,685,595,0,82
2263,33565732,950,1053,728,643,0,105
2264,33575732,950,1053,729,643,0,105
2265,33585732,950,1053,729,645,0,106
2266,33595732,950,1053,730,646,0,106
2267,33605732,950,1053,731,646,0,104
2268,33615732,949,1053,732,647,0,103
2269,33625732,914,995,730,648,0,110
2270,33635732,947,1052,732,648,0,109
2271,33645732,944,1049,732,649,0,111
2272,33655732,942,1047,733,650,0,122
2273,33665732,940,1047,734,651,0,118
2274,33675732,939,1046,738,652,0,117
2275,33685732,938,1046,738,653,0,113
2276,33695732,930,1047,740,654,0,122
2277,33705732,937,1046,740,653,0,112
2278,33715732,936,1044,741,657,3,118
2279,33725732,934,1042,740,658,0,123
2280,33735732,932,1042,741,656,0,111
2281,33745732,926,1038,742,658,0,134
2282,33755732,923,1034,743,657,0,138
2283,33765732,921,1033,744,658,0,129
2284,33775732,918,1030,744,666,0,134
2285,33785732,915,1023,744,660,0,136
2286,33795732,914,1021,745,660,0,137
2287,33805732,912,1021,746,658,0,140
2288,33815732,913,1020,746,661,0,139
2289,33825732,912,1020,746,661,0,141
2290,33835732,910,1020,746,661,3,141
2291,33845732,910,1019,748,663,0,144
2292,33855732,909,1019,748,664,0,147
2293,33865732,908,1019,748,663,0,146
2294,33875732,909,1019,749,664,0,148
2295,33885732,874,965,747,666,0,149
2296,33895732,907,1018,752,666,0,150
2297,33905732,906,1017,756,667,0,151
2298,33915732,906,1016,750,672,0,152
2299,33925732,905,1015,751,662,0,151
2300,33935732,904,1015,754,668,0,152
2301,33945732,826,999,686,635,0,151
2302,33955732,905,1015,745,669,0,150
2303,33965732,904,1015,746,669,0,153
2304,33975732,905,1015,746,666,0,152
2305,33985732,905,1014,754,669,0,153
2306,33995732,904,1014,748,666,0,156
2307,34005732,903,1017,746,663,0,153
2308,34015732,898,1014,747,663,0,152
2309,34025732,904,1016,746,658,0,149
2310,34035732,905,1016,744,666,0,154
2311,34045732,905,1010,741,663,0,151
2312,34055732,905,1018,750,663,0,151
2313,34065732,906,1016,747,665,0,150
2314,34075732,908,1018,746,665,0,149
2315,34085732,910,1023,748,664,0,150
2316,34095732,914,1028,748,664,0,150
2317,34105732,916,1031,748,666,0,149
2318,34115732,918,1032,739,665,0,150
2319,34125732,919,1034,748,667,0,149
2320,34135732,920,1035,746,665,0,148
2321,34145732,921,1032,747,667,0,148
2322,34155732,921,1034,749,667,0,146
2323,34165732,920,1035,750,669,0,147
2324,34175732,920,1031,750,667,0,147
2325,34185732,919,1031,751,668,0,143
2326,34195732,919,1026,750,672,0,143
2327,34205732,908,1022,750,671,0,139
2328,34215732,918,1020,752,670,0,139
2329,34225732,915,1021,751,667,0,139
2330,34235732,915,1020,753,673,0,141
2331,34245732,915,1022,753,672,0,141
2332,34255732,920,1022,753,673,0,141
2333,34265732,917,1022,754,672,0,143
2334,34275732,911,1022,756,667,0,143
2335,34285732,905,1025,756,672,0,146
2336,34295732,917,1023,755,673,0,146
2337,34305732,910,1025,755,672,0,148
2338,34315732,918,1021,755,671,0,145
2339,34325732,918,1030,756,673,0,142
2340,34335732,922,1031,755,675,0,141
2341,34345732,921,1031,754,679,0,118
2342,34355732,926,1036,757,675,0,140
2343,34365732,927,1036,757,675,0,140
2344,34375732,929,1037,756,674,0,141
2345,34385732,934,1040,756,676,0,141
2346,34395732,934,1041,757,674,0,141
2347,34405732,932,1042,757,674,0,140
2348,34415732,935,1044,756,674,0,140
2349,34425732,937,1046,757,673,0,140
2350,34435732,937,1045,756,671,0,140
2351,34445732,940,1046,756,671,0,140
2352,34455732,940,1047,755,671,0,138
2353,34465732,941,1048,756,670,0,138
2354,34475732,948,1050,754,670,0,137
2355,34485732,950,1052,754,669,0,132
2356,34495732,953,1051,754,668,0,124
2357,34505732,952,1054,754,667,0,122
2358,34515732,953,1056,752,667,0,121
2359,34525732,953,1056,751,667,0,121
2360,34535732,955,1055,750,665,0,118
2361,34545732,955,1056,749,665,0,118
2362,34555732,956,1053,748,665,0,116
2363,34565732,956,1056,746,665,0,112
2364,34575732,957,1060,745,664,0,109
2365,34585732,958,1066,743,664,0,108
2366,34595732,959,1061,744,663,0,107
2367,34605732,965,1062,744,663,0,107
2368,34615732,966,1062,745,663,0,106
2369,34625732,966,1061,745,664,0,107
2370,34635732,967,1064,746,665,0,108
2371,34645732,968,1066,746,665,0,110
2372,34655732,968,1065,746,665,0,109
2373,34665733,970,1069,747,665,0,110
2374,34675732,971,1067,747,665,0,111
2375,34685732,972,1069,748,665,0,113
2376,34695732,972,1068,749,666,0,112
2377,34705732,972,1068,749,666,0,115
2378,34715732,972,1068,749,665,0,116
2379,34725732,972,1068,749,666,0,117
2380,34735732,971,1066,749,665,0,119
2381,34745732,969,1068,750,666,0,120
2382,34755732,968,1064,750,666,0,121
2383,34765732,968,1065,750,667,0,122
2384,34775732,967,1065,749,666,0,125
2385,34785732,967,1064,750,666,0,127
2386,34795733,966,1064,750,667,0,132
2387,34805732,965,1063,750,666,0,133
2388,34815732,964,1063,751,666,0,136
2389,34825732,963,1062,751,666,0,137
2390,34835732,961,1062,751,667,0,138
2391,34845732,959,1062,752,666,0,139
2392,34855732,960,1062,752,667,0,138
2393,34865732,960,1062,753,666,0,139
2394,34875732,960,1062,751,667,0,140
2395,34885732,961,1063,752,667,0,141
2396,34895732,962,1063,752,666,0,141
2397,34905732,963,1062,752,666,0,141
2398,34915732,965,1062,754,667,0,141
2399,34925732,964,1063,750,666,0,120
2400,34935732,966,1062,752,667,0,142
2401,34945732,966,1063,751,667,0,142
2402,34955732,967,1063,752,667,0,142
2403,34965732,967,1063,752,667,0,143
2404,34975732,968,1063,752,666,0,144
2405,34985732,968,1064,751,667,0,143
2406,34995732,968,1065,754,667,0,143
2407,35005732,968,1065,754,666,0,144
2408,35015732,970,1065,754,666,0,142
2409,35025732,970,1066,752,666,0,142
2410,35035732,971,1066,751,666,0,141
2411,35045732,971,1066,752,666,0,138
2412,35055732,935,1011,749,665,0,137
2413,35065732,972,1067,748,665,0,134
2414,35075732,972,1068,747,663,0,129
2415,35085732,973,1068,745,663,0,125
2416,35095732,974,1068,745,662,0,126
2417,35105732,976,1069,745,662,0,129
2418,35115732,975,1068,745,660,0,127
2419,35125732,977,1070,744,657,0,117
2420,35135732,975,1069,745,662,0,124
2421,35145732,976,1069,744,662,0,124
2422,35155732,975,1069,744,661,0,115
2423,35165732,976,1070,744,658,0,113
2424,35175732,977,1070,744,662,0,127
2425,35185732,895,1055,680,632,0,116
2426,35195732,978,1071,743,659,0,125
2427,35205732,978,1073,743,661,0,120
2428,35215732,977,1073,742,661,0,120
2429,35225732,979,1074,742,661,0,122
2430,35235732,979,1073,742,661,0,118
2431,35245732,978,1071,742,597,0,91
2432,35255732,979,1075,743,662,0,119
2433,35265732,979,1075,743,661,5,120
2434,35275732,979,1074,742,661,0,121
2435,35285732,979,1074,742,661,0,124
2436,35295732,979,1073,742,662,0,121
2437,35305732,979,1075,741,661,0,97
2438,35315732,979,1074,743,662,0,124
2439,35325732,979,1075,744,662,0,123
2440,35335732,980,1075,743,663,0,126
2441,35345732,980,1076,744,664,0,126
2442,35355732,981,1077,752,662,0,128
2443,35365732,982,1078,748,662,0,124
2444,35375732,975,1079,745,663,0,124
2445,35385732,984,1078,744,663,0,124
2446,35395732,984,1079,743,663,0,123
2447,35405732,986,1080,744,666,0,124
2448,35415732,986,1081,746,662,0,124
2449,35425732,987,1081,741,663,0,119
2450,35435732,988,1075,745,661,0,120
2451,35445732,989,1085,741,664,0,120
2452,35455732,990,1082,736,659,0,117
2453,35465732,992,1083,743,667,0,117
2454,35475732,994,1089,741,662,0,114
2455,35485732,995,1081,740,656,0,114
2456,35495732,997,1094,743,657,0,112
2457,35505732,990,1087,745,660,0,109
2458,35515732,999,1094,731,654,0,108
2459,35525732,1000,1093,745,658,0,107
2460,35535732,1001,1095,739,648,0,107
2461,35545732,1002,1097,739,655,0,105
2462,35555732,1003,1098,741,656,0,105
2463,35565732,927,1079,675,621,0,108
2464,35575732,1006,1097,742,654,0,105
2465,35585732,1006,1096,742,648,0,105
2466,35595732,1006,1096,746,656,0,105
2467,35605732,1009,1095,742,657,0,104
2468,35615732,1009,1098,739,657,0,105
2469,35625732,1010,1097,740,656,0,105
2470,35635732,1011,1100,742,660,0,106
2471,35645732,1016,1099,742,663,0,105
2472,35655732,1016,1100,743,658,0,106
2473,35665732,1012,1097,741,657,0,106
2474,35675732,1013,1098,743,656,0,105
2475,35685732,1010,1100,744,655,0,106
2476,35695732,1010,1101,746,661,0,107
2477,35705732,1008,1094,744,658,0,107
2478,35715732,1009,1102,745,659,0,107
2479,35725732,1013,1098,745,656,0,108
2480,35735732,1018,1107,743,660,0,108
2481,35745732,1014,1098,745,658,0,108
2482,35755732,1009,1102,745,660,0,107
2483,35765732,1009,1104,746,660,0,109
2484,35775732,1022,1105,746,662,0,109
2485,35785732,1016,1104,746,661,0,109
2486,35795732,1009,1101,747,664,0,110
2487,35805732,1019,1103,746,662,0,110
2488,35815732,1012,1106,747,663,0,110
2489,35825732,958,1061,678,661,0,112
2490,35835732,1015,1101,747,663,0,115
2491,35845732,1014,1102,747,662,0,115
2492,35855732,1015,1101,747,662,0,115
2493,35865732,1016,1100,746,664,0,115
2494,35875732,1014,1100,746,665,0,115
2495,35885732,1012,1096,745,599,0,86
2496,35895732,1015,1101,746,664,0,115
2497,35905732,1011,1100,746,663,0,115
2498,35915732,1013,1101,746,661,0,114
2499,35925732,1015,1101,747,662,0,116
2500,35935732,1013,1102,747,662,0,116
2501,35945732,1015,1100,747,661,0,116
2502,35955732,1014,1102,748,662,0,116
2503,35965732,1013,1102,748,662,0,116
2504,35975732,1015,1102,747,662,0,117
2505,35985732,1016,1107,747,662,0,117
2506,35995732,1016,1101,748,661,0,118
2507,36005732,1016,1103,748,661,0,118
2508,36015732,1016,1106,748,660,0,120
2509,36025732,1017,1104,747,661,0,120
2510,36035732,1018,1105,747,661,0,120
2511,36045732,1019,1104,747,661,0,120
2512,36055732,1019,1107,748,660,0,121
2513,36065732,1020,1107,747,661,0,120
2514,36075732,963,1076,679,648,0,122
2515,36085732,1022,1108,747,659,0,121
2516,36095732,1023,1107,746,658,0,122
2517,36105732,1028,1110,746,657,0,122
2518,36115732,1031,1110,746,655,0,121
2519,36125732,1032,1111,745,654,0,122
2520,36135732,1033,1110,745,654,0,123
2521,36145732,1035,1112,746,654,0,124
2522,36155732,1035,1112,745,653,0,123
2523,36165732,1037,1113,745,653,0,122
2524,36175732,1039,1114,744,652,0,123
2525,36185732,1040,1115,743,652,0,122
2526,36195732,1043,1115,743,651,0,122
2527,36205732,1033,1118,743,651,0,121
2528,36215732,1045,1116,742,649,0,121
2529,36225732,1046,1116,741,648,0,120
2530,36235732,1046,1118,741,647,0,118
2531,36245732,1047,1119,740,647,0,116
2532,36255732,1048,1122,739,646,0,113
2533,36265732,988,1089,670,637,0,112
2534,36275732,1050,1124,740,638,0,111
2535,36285732,1051,1125,739,636,0,110
2536,36295732,1051,1126,739,636,0,109
2537,36305732,1052,1126,739,636,0,107
2538,36315732,1052,1126,738,635,0,107
2539,36325732,1053,1128,738,636,0,107
2540,36335732,1045,1129,738,636,0,106
2541,36345732,1054,1127,736,634,0,106
2542,36355732,1055,1129,737,633,0,105
2543,36365732,1056,1129,735,633,0,106
2544,36375732,1057,1130,736,632,0,106
2545,36385732,1058,1130,734,633,0,107
2546,36395732,1059,1130,737,633,0,107
2547,36405732,1060,1130,737,633,0,107
2548,36415732,1060,1131,737,634,0,108
2549,36425732,1060,1131,736,633,0,108
2550,36435732,1061,1131,737,633,0,107
2551,36445732,1061,1132,737,634,0,108
2552,36455732,1061,1132,738,634,0,108
2553,36465732,975,1115,674,605,0,107
2554,36475732,1062,1132,738,634,0,108
2555,36485732,1062,1133,738,634,0,108
2556,36495732,1062,1133,737,634,0,108
2557,36505732,1062,1133,735,634,0,109
2558,36515732,1063,1134,736,633,0,108
2559,36525732,1063,1134,736,633,0,108
2560,36535732,1063,1134,737,634,0,109
2561,36545732,1063,1134,738,634,0,109
2562,36555732,1063,1134,737,633,0,109
2563,36565732,1065,1134,737,633,0,103
2564,36575732,1066,1134,738,633,0,105
2565,36585732,1066,1135,738,633,0,102
2566,36595732,1027,1081,736,634,0,113
2567,36605732,1068,1137,738,633,0,112
2568,36615732,1069,1136,737,632,0,109
2569,36625732,1070,1138,737,632,0,111
2570,36635732,1070,1138,736,632,0,117
2571,36645732,1070,1139,735,632,0,103
2572,36655732,1070,1137,734,571,0,85
2573,36665732,1072,1140,737,632,0,116
2574,36675732,1073,1140,735,631,0,110
2575,36685732,1072,1141,735,631,0,126
2576,36695732,1074,1142,735,630,0,112
2577,36705732,1075,1143,734,629,0,112
2578,36715732,1076,1144,733,626,0,107
2579,36725732,1077,1145,731,624,0,109
2580,36735732,1078,1145,730,622,0,107
2581,36745732,1078,1146,730,621,0,103
2582,36755732,1079,1146,729,620,0,104
2583,36765732,1080,1148,729,620,0,102
2584,36775732,1082,1149,729,620,0,102
2585,36785732,1083,1152,728,619,0,102
2586,36795732,1084,1155,728,618,0,101
2587,36805732,1084,1156,727,618,0,100
2588,36815732,1084,1158,727,617,0,99
2589,36825732,1083,1158,729,617,0,103
2590,36835732,1083,1158,726,617,0,101
2591,36845732,1084,1158,729,618,0,101
2592,36855732,1083,1158,728,619,0,101
2593,36865732,1084,1158,723,620,0,101
2594,36875732,1084,1159,728,619,0,102
2595,36885732,1084,1158,727,616,0,101
2596,36895732,1083,1159,724,621,0,102
2597,36905732,1084,1158,732,618,0,100
2598,36915732,1084,1158,725,612,0,104
2599,36925732,1084,1159,724,618,0,102
2600,36935732,1084,1156,735,619,0,102
2601,36945732,1084,1158,729,620,0,98
2602,36955732,1084,1152,729,620,0,103
2603,36965732,1083,1157,732,622,0,104
2604,36975732,1043,1100,730,623,0,106
2605,36985732,1082,1150,735,614,0,105
2606,36995732,1081,1152,740,626,0,107
2607,37005732,1080,1151,732,627,0,108
2608,37015732,1080,1152,735,631,0,108
2609,37025732,1079,1142,736,630,0,110
2610,37035732,1079,1150,733,629,0,111
2611,37045732,1079,1143,739,632,0,115
2612,37055732,1078,1147,742,633,0,118
2613,37065732,1079,1148,737,631,0,119
2614,37075732,1078,1147,740,634,0,119
2615,37085732,1078,1150,740,636,0,120
2616,37095732,1078,1146,739,636,0,120
2617,37105732,1070,1154,742,636,0,123
2618,37115732,1078,1147,738,638,0,122
2619,37125732,1078,1147,741,636,0,125
2620,37135732,1078,1147,741,637,0,125
2621,37145732,1081,1147,741,638,0,129
2622,37155732,1086,1149,742,644,0,128
2623,37165732,1072,1148,735,641,0,130
2624,37175732,1073,1148,740,641,0,131
2625,37185732,1076,1147,741,645,0,132
2626,37195732,1079,1142,742,640,0,132
2627,37205732,1080,1147,743,644,0,130
2628,37215732,1083,1149,742,643,0,130
2629,37225732,1074,1147,742,644,0,130
2630,37235732,1074,1146,741,643,0,132
2631,37245732,1076,1146,742,644,0,131
2632,37255732,1080,1149,741,644,0,132
2633,37265732,1079,1150,743,641,0,131
2634,37275732,1083,1149,742,640,0,131
2635,37285732,1082,1149,741,640,0,130
2636,37295732,1078,1150,741,642,0,131
2637,37305732,1078,1149,740,643,0,131
2638,37315732,1081,1150,741,645,0,131
2639,37325732,1079,1149,740,644,0,131
2640,37335732,1080,1149,741,642,0,133
2641,37345732,1079,1149,741,642,0,131
2642,37355732,1082,1150,741,642,0,130
2643,37365732,1079,1148,741,644,0,127
2644,37375732,1082,1150,739,641,0,128
2645,37385732,1081,1150,739,642,0,126
2646,37395732,1079,1149,740,643,0,130
2647,37405732,1080,1149,741,646,0,132
2648,37415732,1082,1149,742,643,0,133
2649,37425732,1041,1094,741,643,0,135
2650,37435732,1077,1150,741,647,0,134
2651,37445732,1081,1147,741,647,0,135
2652,37455732,1081,1152,742,647,0,135
2653,37465732,1081,1154,742,647,0,136
2654,37475732,1081,1151,742,648,0,136
2655,37485732,1081,1154,740,647,0,113
2656,37495732,1082,1151,743,649,0,137
2657,37505732,1082,1150,743,649,0,137
2658,37515732,1082,1150,743,649,0,137
2659,37525732,1082,1154,743,649,0,137
2660,37535732,1081,1150,743,649,0,139
2661,37545732,1080,1150,741,648,0,117
2662,37555732,1081,1151,743,649,0,140
2663,37565732,1080,1148,743,650,0,142
2664,37575732,1080,1146,743,650,0,144
2665,37585732,1079,1150,743,649,0,146
2666,37595732,1078,1147,744,650,0,147
2667,37605732,1077,1147,744,650,0,146
2668,37615732,1076,1144,744,650,0,148
2669,37625732,1074,1144,743,648,0,148
2670,37635732,1073,1143,742,649,0,148
2671,37645732,1071,1143,743,649,0,149
2672,37655732,1070,1142,742,649,0,149
2673,37665732,1069,1148,742,647,0,149
2674,37675732,1068,1141,741,646,0,149
2675,37685732,1068,1140,741,646,0,150
2676,37695732,1066,1140,741,646,0,151
2677,37705732,1066,1138,741,645,0,151
2678,37715732,1065,1138,740,644,0,150
2679,37725732,1065,1138,739,640,0,150
2680,37735732,1064,1138,738,638,0,151
2681,37745732,1064,1135,737,579,0,118
2682,37755732,1065,1137,737,638,0,150
2683,37765732,1064,1137,737,638,0,151
2684,37775732,1065,1139,737,638,0,152
2685,37785732,1065,1138,738,637,0,152
2686,37795732,1066,1138,736,636,0,153
2687,37805732,1067,1138,737,637,0,153
2688,37815732,1068,1139,738,637,0,153
2689,37825732,1068,1139,737,637,0,153
2690,37835732,1067,1139,737,636,0,153
2691,37845732,1068,1140,736,636,0,154
2692,37855732,1068,1139,736,636,0,152
2693,37865732,1068,1139,737,635,0,153
2694,37875732,1029,1082,736,635,0,152
2695,37885732,1068,1140,738,635,0,152
2696,37895732,1068,1140,737,634,0,151
2697,37905732,1068,1140,737,634,0,151
2698,37915732,1068,1140,737,633,0,150
2699,37925732,1069,1141,737,632,0,149
2700,37935732,1032,1085,733,631,0,149
2701,37945732,1071,1143,735,631,0,148
2702,37955732,1073,1143,733,631,0,147
2703,37965732,1074,1144,733,631,0,141
2704,37975732,1076,1144,733,630,0,137
2705,37985732,1076,1145,732,629,0,131
2706,37995732,991,1129,671,600,0,119
2707,38005732,1079,1147,731,628,0,117
2708,38015732,1079,1148,729,624,0,111
2709,38025732,1081,1149,729,622,0,109
2710,38035732,1082,1150,728,621,0,107
2711,38045732,1083,1150,728,620,0,112
2712,38055732,1083,1153,726,619,0,106
2713,38065732,1084,1155,725,616,0,102
2714,38075732,1084,1156,723,615,0,95
2715,38085732,1085,1158,722,614,0,99
2716,38095732,1088,1159,721,613,2,95
2717,38105732,1091,1160,721,612,0,92
2718,38115732,1092,1161,719,610,0,91
2719,38125732,1092,1158,718,548,0,61
2720,38135732,1094,1162,717,606,0,90
2721,38145732,1094,1162,718,604,0,101
2722,38155732,1094,1162,717,604,0,90
2723,38165732,1095,1162,717,604,0,90
2724,38175732,1095,1163,717,604,0,87
2725,38185732,1096,1163,717,604,0,88
2726,38195732,1097,1163,718,605,0,88
2727,38205732,1096,1164,719,605,0,87
2728,38215732,1097,1164,718,605,0,89
2729,38225732,1098,1165,719,605,0,91
2730,38235732,1098,1165,718,605,0,91
2731,38245732,1099,1165,720,605,2,89
2732,38255732,1090,1165,722,608,8,95
2733,38265732,1098,1164,723,610,0,93
2734,38275732,1097,1164,724,612,0,96
2735,38285732,1097,1163,724,614,0,95
2736,38295732,1096,1163,724,615,0,98
2737,38305732,1095,1162,725,616,0,97
2738,38315732,1055,1102,725,618,0,101
2739,38325732,1095,1162,728,620,0,103
2740,38335732,1094,1160,720,620,0,105
2741,38345732,1094,1160,729,627,0,105
2742,38355732,1093,1159,731,623,0,106
2743,38365732,1093,1158,733,623,0,108
2744,38375732,1092,1159,740,627,0,107
2745,38385732,1092,1159,731,629,0,111
2746,38395732,1092,1166,734,633,0,117
2747,38405732,1089,1160,737,636,0,123
2748,38415732,1088,1158,741,633,0,124
2749,38425732,1088,1157,740,636,0,128
2750,38435732,1087,1152,741,641,0,127
2751,38445732,1088,1156,740,645,0,130
2752,38455732,1086,1155,741,644,0,134
2753,38465732,1086,1158,741,643,0,135
2754,38475732,1086,1155,754,647,0,136
2755,38485732,1086,1157,742,646,0,136
2756,38495732,1086,1160,742,651,0,138
2757,38505732,1086,1159,742,652,0,139
2758,38515732,1087,1158,743,652,0,139
2759,38525732,1086,1157,749,653,0,140
2760,38535732,1086,1157,746,653,0,140
2761,38545732,1087,1159,751,653,0,141
2762,38555732,1085,1157,748,653,0,141
2763,38565732,1086,1157,748,654,0,140
2764,38575732,1087,1158,747,654,0,140
2765,38585732,1087,1157,755,657,0,142
2766,38595732,1086,1158,748,659,0,143
2767,38605732,1082,1158,749,656,0,146
2768,38615732,1086,1156,748,657,0,147
2769,38625732,1086,1158,748,656,0,147
2770,38635732,1092,1159,748,662,0,147
2771,38645732,1052,1100,749,661,0,147
2772,38655732,1089,1163,749,661,0,147
2773,38665732,1086,1159,742,659,0,148
2774,38675732,1088,1159,748,661,0,147
2775,38685732,1089,1155,749,659,0,148
2776,38695732,1087,1152,749,661,0,148
2777,38705732,1084,1162,749,652,0,146
2778,38715732,1090,1158,749,658,0,148
2779,38725732,1086,1159,748,659,0,148
2780,38735732,1092,1158,746,659,0,148
2781,38745732,1089,1160,749,657,0,148
2782,38755732,1086,1157,748,656,0,149
2783,38765732,1094,1157,748,656,0,149
2784,38775732,1026,1124,679,650,0,149
2785,38785732,1086,1167,748,656,0,150
2786,38795732,1086,1159,749,655,0,149
2787,38805732,1092,1160,749,656,0,150
2788,38815732,1089,1159,749,657,0,150
2789,38825732,1091,1159,749,657,0,149
2790,38835732,1090,1158,749,655,0,151
2791,38845732,1087,1158,749,658,0,153
2792,38855732,1083,1155,750,660,0,156
2793,38865732,1083,1150,754,661,0,158
2794,38875732,1087,1148,754,661,0,163
2795,38885732,1077,1146,756,662,0,166
2796,38895732,1075,1145,756,662,0,167
2797,38905732,1078,1145,756,666,0,168
2798,38915732,1075,1144,758,666,0,169
2799,38925732,1071,1143,758,667,0,171
2800,38935732,1069,1149,758,668,0,173
2801,38945732,1067,1140,759,669,0,176
2802,38955732,1064,1138,761,670,0,180
2803,38965732,999,1101,692,666,0,185
2804,38975732,1060,1135,763,672,0,187
2805,38985732,1059,1134,763,673,0,189
2806,38995732,1057,1129,763,675,0,195
2807,39005732,1055,1129,764,675,0,199
2808,39015732,1052,1123,766,677,0,199
2809,39025732,1051,1131,764,677,0,174
2810,39035732,1050,1127,768,679,0,200
2811,39045732,1050,1128,771,679,0,203
2812,39055732,1050,1123,773,681,0,209
2813,39065732,1051,1129,774,680,0,210
2814,39075732,1050,1128,775,681,0,211
2815,39085732,1050,1128,776,682,0,213
2816,39095732,1049,1090,731,636,0,172
2817,39105732,1049,1125,778,683,0,213
2818,39115732,1050,1127,778,684,0,214
2819,39125732,1051,1128,780,684,0,216
2820,39135732,1051,1129,778,684,0,216
2821,39145732,1051,1129,779,684,0,215
2822,39155732,1052,1128,778,684,0,214
2823,39165732,1053,1130,779,685,0,213
2824,39175732,1053,1130,778,685,0,212
2825,39185732,1053,1130,778,684,0,210
2826,39195732,1053,1129,779,684,0,209
2827,39205732,1054,1130,778,684,0,208
2828,39215732,1055,1131,778,684,0,209
2829,39225732,1058,1132,776,684,0,185
2830,39235732,1059,1132,778,684,0,211
2831,39245732,1061,1133,778,685,0,211
2832,39255732,1060,1133,777,684,0,208
2833,39265732,1061,1133,777,684,0,209
2834,39275732,1062,1134,777,684,0,210
2835,39285732,1062,1134,777,684,0,210
2836,39295732,1054,1135,777,685,0,212
2837,39305732,1062,1134,777,684,0,210
2838,39315732,1062,1133,777,684,0,211
2839,39325732,1062,1134,777,684,0,210
2840,39335732,1062,1133,776,684,0,208
2841,39345732,1062,1134,776,685,0,208
2842,39355732,998,1103,704,680,0,210
2843,39365732,1062,1133,777,685,0,211
2844,39375732,1061,1132,778,685,0,211
2845,39385732,1059,1132,777,686,0,211
2846,39395732,1056,1131,777,686,0,209
2847,39405732,1055,1130,778,686,0,211
2848,39415732,969,1111,711,656,0,209
2849,39425732,1052,1127,778,685,0,210
2850,39435732,1052,1127,778,686,0,213
2851,39445732,1051,1126,778,686,0,212
2852,39455732,1050,1126,778,686,0,211
2853,39465732,1049,1125,777,686,0,207
2854,39475732,1050,1126,778,687,0,207
2855,39485732,1050,1126,777,687,0,204
2856,39495732,1049,1126,777,688,0,203
2857,39505732,1049,1126,777,687,0,202
2858,39515732,1049,1125,777,687,0,201
2859,39525732,1049,1126,776,686,0,210
2860,39535732,1049,1126,776,687,0,204
2861,39545732,966,1108,711,657,0,196
2862,39555732,1050,1127,776,686,0,189
2863,39565732,1050,1126,775,686,0,188
2864,39575732,1049,1127,775,687,0,178
2865,39585732,1049,1126,775,686,0,175
2866,39595732,1047,1125,774,686,0,173
2867,39605732,1046,1124,770,686,0,145
2868,39615732,1045,1124,774,686,0,170
2869,39625732,1044,1122,773,688,0,171
2870,39635732,1043,1120,773,687,3,179
2871,39645732,1041,1118,773,688,0,172
2872,39655732,1040,1118,774,688,0,173
2873,39665732,1036,1116,774,688,0,172
2874,39675732,1033,1115,775,690,0,174
2875,39685732,1031,1113,776,690,0,173
2876,39695732,1023,1112,776,691,0,176
2877,39705732,1020,1110,777,691,0,177
2878,39715732,1018,1110,777,692,0,179
2879,39725732,1017,1109,777,692,0,180
2880,39735732,1018,1109,777,692,0,181
2881,39745732,1017,1109,777,692,0,184
2882,39755732,1017,1109,778,692,0,187
2883,39765732,1017,1108,778,692,0,197
2884,39775732,1017,1108,779,692,0,197
2885,39785732,1017,1108,778,693,0,202
2886,39795732,1017,1109,776,692,0,201
2887,39805732,1019,1110,774,693,0,203
2888,39815732,1018,1111,773,691,0,209
2889,39825732,1020,1111,777,694,0,205
2890,39835732,1021,1111,777,696,0,204
2891,39845732,1022,1113,776,687,0,204
2892,39855732,1025,1113,776,690,0,202
2893,39865732,1031,1115,774,689,0,201
2894,39875732,1032,1116,775,691,0,204
2895,39885732,1034,1118,772,686,0,200
2896,39895732,1038,1122,774,689,0,190
2897,39905732,1041,1124,775,689,0,185
2898,39915732,1044,1129,764,684,0,179
2899,39925732,1044,1124,765,617,0,136
2900,39935732,1046,1126,760,679,0,167
2901,39945732,1047,1129,759,682,0,164
2902,39955732,1048,1130,760,679,0,161
2903,39965732,1050,1131,752,679,0,156
2904,39975732,1052,1133,757,677,0,155
2905,39985732,1053,1134,762,675,0,153
2906,39995732,1016,1077,757,676,0,148
2907,40005732,1054,1135,759,675,0,146
2908,40015732,1054,1135,762,675,0,145
2909,40025732,1054,1139,760,675,0,142
2910,40035732,1055,1135,757,673,0,139
2911,40045732,1054,1134,760,671,0,139
2912,40055732,1055,1135,757,671,0,138
2913,40065732,1056,1135,762,673,0,139
2914,40075732,1054,1136,757,671,0,138
2915,40085732,1055,1134,759,674,0,138
2916,40095732,1053,1135,759,670,0,139
2917,40105732,1051,1134,760,676,0,140
2918,40115732,1051,1134,760,676,0,141
2919,40125732,1046,1134,761,676,0,140
2920,40135732,1050,1130,765,681,0,141
2921,40145732,1048,1134,765,678,0,147
2922,40155732,1048,1131,765,681,0,150
2923,40165732,1047,1130,768,679,0,151
2924,40175732,1050,1129,766,674,0,151
2925,40185732,1045,1129,767,682,0,154
2926,40195732,982,1092,699,676,0,155
2927,40205732,1035,1125,771,684,0,157
2928,40215732,1036,1129,774,682,0,161
2929,40225732,1035,1123,776,685,0,163
2930,40235732,1033,1122,776,689,0,167
2931,40245732,1026,1121,778,691,0,167
2932,40255732,941,1103,712,660,0,169
2933,40265732,1024,1118,779,692,0,173
2934,40275732,1023,1118,779,692,0,174
2935,40285732,1019,1117,778,692,0,174
2936,40295732,1019,1116,778,692,0,176
2937,40305732,1018,1115,778,692,0,178
2938,40315732,939,1100,712,661,0,177
2939,40325732,1020,1116,777,690,0,177
2940,40335732,1018,1117,776,690,0,177
2941,40345732,1022,1117,776,690,0,175
2942,40355732,1024,1119,775,688,0,175
2943,40365732,1023,1118,772,686,0,175
2944,40375732,1023,1121,766,684,0,154
2945,40385732,1033,1122,765,685,0,172
2946,40395732,1032,1125,764,683,0,169
2947,40405732,1036,1126,761,680,0,167
2948,40415732,1041,1131,758,677,0,161
2949,40425732,1043,1129,753,671,0,154
2950,40435732,1046,1130,747,665,0,143
2951,40445732,964,1120,680,627,0,131
2952,40455732,1054,1137,737,649,0,117
2953,40465732,1059,1140,731,635,0,109
2954,40475732,1063,1143,725,630,0,104
2955,40485732,1067,1146,717,618,0,100
2956,40495732,1070,1151,712,613,0,93
2957,40505732,1075,1149,704,604,0,88
2958,40515732,1078,1152,698,597,0,85
2959,40525732,1080,1158,695,592,0,83
2960,40535732,1082,1156,691,587,0,78
2961,40545732,1085,1160,687,580,0,75
2962,40555732,1087,1161,683,573,0,69
2963,40565732,1092,1163,681,570,0,65
2964,40575733,1094,1162,680,568,0,60
2965,40585732,1094,1163,677,565,0,58
2966,40595732,1095,1164,676,562,0,56
2967,40605732,1094,1164,673,558,0,54
2968,40615732,1095,1165,669,555,0,52
2969,40625732,1094,1164,665,551,0,47
2970,40635732,1095,1164,662,548,0,39
2971,40645732,1096,1165,659,545,0,32
2972,40655732,1096,1164,658,541,0,27
2973,40665732,1096,1165,656,538,0,23
2974,40675732,1096,1165,652,536,0,21
2975,40685732,1096,1165,650,533,0,16
2976,40695732,1095,1162,646,531,0,11
2977,40705733,1095,1162,636,530,0,6
2978,40715732,1095,1160,632,524,0,3
2979,40725732,1093,1160,631,521,0,2
2980,40735732,1094,1160,629,520,0,0
2981,40745732,1095,1161,626,518,0,0
2982,40755732,1096,1163,626,510,0,0
2983,40765732,1098,1165,625,509,0,0
2984,40775732,1099,1166,627,509,0,0
2985,40785732,1100,1168,626,509,0,0
2986,40795732,1100,1169,625,510,0,0
2987,40805732,1101,1167,627,514,0,0
2988,40815732,1102,1168,628,514,0,0
2989,40825732,1102,1170,629,517,0,0
2990,40835732,1104,1170,629,519,0,0
2991,40845732,1106,1171,632,521,0,0
2992,40855732,1106,1171,633,522,0,0
2993,40865732,1108,1172,635,524,0,0
2994,40875732,1108,1173,636,525,0,0
2995,40885732,1109,1173,642,529,0,0
2996,40895732,1108,1174,645,531,0,2
2997,40905732,1108,1173,649,533,0,3
2998,40915732,1108,1173,652,537,0,5
2999,40925732,1107,1173,659,539,0,11
3000,40935732,1107,1173,664,542,0,17
3001,40945732,1108,1173,667,546,0,19
3002,40955732,1107,1172,670,549,0,21
3003,40965732,1107,1172,676,550,0,24
3004,40975732,1106,1169,677,493,0,8
3005,40985732,1107,1172,682,555,0,38
3006,40995732,1107,1172,686,558,0,42
3007,41005732,1107,1172,690,560,0,45
3008,41015732,1107,1173,693,564,0,49
3009,41025732,1108,1174,695,565,0,48
3010,41035732,1110,1175,696,567,0,50
3011,41045732,1111,1177,698,568,0,54
3012,41055732,1112,1178,699,567,0,47
3013,41065732,1113,1180,700,568,0,57
3014,41075732,1114,1181,700,568,0,55
3015,41085732,1116,1184,701,568,0,52
3016,41095732,1116,1187,701,568,0,52
3017,41105732,1117,1188,701,568,0,51
3018,41115732,1118,1190,701,568,0,55
3019,41125732,1120,1190,702,568,0,54
3020,41135732,1124,1192,703,568,2,61
3021,41145732,1126,1194,705,569,0,54
3022,41155732,1128,1196,706,569,0,51
3023,41165732,1130,1197,708,570,0,51
3024,41175732,1091,1140,708,571,0,53
3025,41185732,1131,1198,711,571,0,54
3026,41195732,1130,1199,712,573,0,57
3027,41205732,1131,1198,713,576,0,58
3028,41215732,1130,1198,714,579,0,61
3029,41225732,1130,1198,715,580,0,59
3030,41235732,1129,1194,716,518,0,38
3031,41245732,1129,1197,716,583,0,66
3032,41255732,1128,1195,717,583,0,69
3033,41265732,1127,1194,720,585,2,70
3034,41275732,1126,1194,720,586,0,69
3035,41285732,1125,1193,721,587,0,68
3036,41295732,1124,1192,718,582,0,73
3037,41305732,1123,1191,720,591,0,74
3038,41315732,1118,1190,724,597,0,76
3039,41325732,1117,1186,727,595,0,69
3040,41335732,1116,1182,726,590,0,81
3041,41345732,1115,1182,728,597,0,81
3042,41355732,1113,1179,728,598,0,85
3043,41365732,1025,1159,668,570,0,90
3044,41375732,1112,1175,739,603,0,94
3045,41385732,1110,1173,734,612,0,95
3046,41395732,1108,1171,732,613,0,100
3047,41405732,1106,1169,734,617,0,102
3048,41415732,1106,1172,737,616,0,104
3049,41425732,1105,1167,736,620,0,106
3050,41435732,1106,1170,740,628,0,107
3051,41445732,1106,1169,739,625,0,108
3052,41455732,1106,1170,740,626,0,109
3053,41465732,1106,1169,741,624,0,109
3054,41475732,1105,1167,737,628,0,108
3055,41485732,1103,1164,738,629,0,109
3056,41495732,1103,1161,739,628,0,90
3057,41505732,1101,1163,742,632,0,112
3058,41515732,1099,1161,747,633,0,118
3059,41525732,1097,1158,755,635,0,121
3060,41535732,1095,1159,744,638,0,123
3061,41545732,1095,1158,749,639,0,124
3062,41555732,1095,1158,751,646,0,125
3063,41565732,1095,1158,753,649,0,131
3064,41575732,1096,1159,760,652,0,133
3065,41585732,1097,1158,758,655,0,136
3066,41595732,1097,1156,761,666,0,138
3067,41605732,1099,1154,760,657,0,142
3068,41615732,1095,1152,765,664,0,146
3069,41625732,1088,1148,765,658,0,148
3070,41635732,1084,1149,766,665,0,150
3071,41645732,1084,1148,772,668,0,151
3072,41655732,1083,1147,772,670,0,155
3073,41665732,1081,1144,775,672,0,157
3074,41675732,1079,1143,774,678,0,161
3075,41685732,1067,1142,775,675,0,164
3076,41695732,1080,1140,777,676,0,165
3077,41705732,1076,1140,778,677,0,168
3078,41715732,1067,1137,776,678,0,170
3079,41725732,1072,1135,777,679,0,170
3080,41735732,1065,1134,776,681,0,171
3081,41745732,1064,1122,779,680,0,172
3082,41755732,1061,1125,778,682,0,176
3083,41765732,1060,1128,778,681,0,179
3084,41775732,1057,1123,778,683,0,179
3085,41785732,1055,1125,779,684,0,180
3086,41795732,1053,1124,780,684,0,181
3087,41805732,1053,1123,780,686,0,181
3088,41815732,1052,1086,733,640,0,146
3089,41825732,1058,1123,779,686,0,183
3090,41835732,1054,1121,779,687,0,182
3091,41845732,1050,1119,778,688,0,182
3092,41855732,1050,1117,778,687,0,181
3093,41865732,1045,1114,779,689,0,179
3094,41875732,1048,1114,778,690,0,176
3095,41885732,969,1096,778,688,0,177
3096,41895732,1045,1117,778,691,0,175
3097,41905732,1045,1108,778,691,0,173
3098,41915732,1047,1112,779,692,0,174
3099,41925732,1049,1115,779,692,0,174
3100,41935732,1048,1117,779,692,0,173
3101,41945732,1049,1120,780,693,0,173
3102,41955732,1051,1120,781,693,0,173
3103,41965732,1051,1123,780,693,0,172
3104,41975732,1051,1116,781,693,0,172
3105,41985732,1051,1121,781,694,0,173
3106,41995732,1051,1123,782,694,0,174
3107,42005732,1052,1122,783,695,0,175
3108,42015732,1051,1123,785,695,0,177
3109,42025732,1050,1122,785,696,0,179
3110,42035732,1051,1119,785,695,0,180
3111,42045732,1050,1120,787,696,0,181
3112,42055732,1050,1121,788,696,0,183
3113,42065732,1051,1122,790,697,0,183
3114,42075732,1053,1123,787,697,0,160
3115,42085732,1054,1124,791,698,0,184
3116,42095732,1055,1125,791,699,0,184
3117,42105732,1054,1124,791,700,0,186
3118,42115732,1054,1126,792,700,0,187
3119,42125732,1053,1124,793,702,0,188
3120,42135732,1051,1123,792,702,0,190
3121,42145732,1051,1123,794,709,0,196
3122,42155732,1049,1121,794,707,0,198
3123,42165732,1049,1123,793,712,0,202
3124,42175732,1048,1121,794,712,0,208
3125,42185732,1048,1121,794,715,0,212
3126,42195732,1047,1121,794,717,0,216
3127,42205732,1044,1116,794,654,0,183
3128,42215732,1043,1117,797,724,0,221
3129,42225732,1040,1115,799,727,0,228
3130,42235732,1037,1112,799,730,0,229
3131,42245732,1033,1110,800,733,0,232
3132,42255732,1024,1109,802,734,0,234
3133,42265732,1021,1108,803,738,0,236
3134,42275732,1020,1106,804,739,0,239
3135,42285732,1019,1106,805,741,0,241
3136,42295732,1018,1104,807,741,0,244
3137,42305732,1015,1101,806,743,0,245
3138,42315732,1014,1099,808,745,0,245
3139,42325732,1012,1097,810,746,0,247
3140,42335732,1009,1096,810,748,0,248
3141,42345732,1007,1096,810,749,0,249
3142,42355732,1007,1095,811,749,0,249
3143,42365732,1008,1095,812,750,0,250
3144,42375732,1007,1095,813,751,0,251
3145,42385732,1006,1095,813,753,0,251
3146,42395732,1007,1095,815,754,0,252
3147,42405732,1006,1096,815,756,0,252
3148,42415732,1005,1093,816,756,0,256
3149,42425732,1004,1093,816,756,0,257
3150,42435732,1003,1093,818,757,0,259
3151,42445732,1003,1092,819,756,0,261
3152,42455732,1004,1092,818,757,0,261
3153,42465733,1005,1094,818,758,0,261
3154,42475732,1004,1092,818,757,0,261
3155,42485732,1004,1093,818,758,0,262
3156,42495732,1004,1092,819,759,0,264
3157,42505732,1004,1093,818,759,0,268
3158,42515732,1004,1093,819,759,0,260
3159,42525732,1004,1090,819,759,0,264
3160,42535733,1005,1092,819,760,0,263
3161,42545732,1004,1092,818,760,0,264
3162,42555732,1003,1091,818,759,0,263
3163,42565732,1004,1088,817,760,0,260
3164,42575732,1005,1090,817,759,0,263
3165,42585732,1004,1091,814,758,0,265
3166,42595732,1005,1089,813,758,0,265
3167,42605732,1005,1091,812,758,0,264
3168,42615732,1005,1091,812,758,0,263
3169,42625732,1006,1092,811,758,0,256
3170,42635732,1006,1092,810,758,0,254
3171,42645732,1006,1093,809,757,0,254
3172,42655732,1008,1094,810,756,0,247
3173,42665732,1011,1095,808,756,0,249
3174,42675732,1013,1095,808,755,0,250
3175,42685732,1015,1097,806,754,0,248
3176,42695732,1016,1098,806,752,0,248
3177,42705732,1017,1098,806,750,0,251
3178,42715732,1017,1099,804,749,0,246
3179,42725732,1017,1099,804,749,0,243
3180,42735732,1018,1099,804,749,0,243
3181,42745732,1017,1099,805,749,0,243
3182,42755732,1018,1098,804,749,0,241
3183,42765732,1017,1097,799,748,0,242
3184,42775732,1017,1097,803,746,0,249
3185,42785732,1015,1097,808,747,0,242
3186,42795733,1016,1097,804,747,0,240
3187,42805732,1016,1097,800,747,0,243
3188,42815732,1017,1099,804,750,0,244
3189,42825732,1017,1099,804,748,0,243
3190,42835732,1017,1099,806,748,0,246
3191,42845732,1017,1099,804,752,0,245
3192,42855732,1008,1099,804,747,0,246
3193,42865732,1016,1097,803,755,0,247
3194,42875732,1014,1096,804,747,0,248
3195,42885732,1013,1095,808,749,0,250
3196,42895732,1012,1093,800,746,0,248
3197,42905732,1010,1094,801,745,0,254
3198,42915732,1008,1085,798,678,0,218
3199,42925732,1007,1087,799,745,0,253
3200,42935732,1004,1086,799,742,0,248
3201,42945732,1003,1083,800,745,0,253
3202,42955732,1002,1083,799,744,0,254
3203,42965732,1000,1082,801,744,0,255
3204,42975732,999,1081,802,746,0,254
3205,42985733,1000,1084,799,746,0,257
3206,42995732,1000,1083,807,750,0,254
3207,43005732,1001,1083,804,747,0,255
3208,43015732,1003,1086,797,750,0,256
3209,43025732,1004,1086,804,748,0,256
3210,43035732,1004,1086,806,748,0,255
3211,43045732,1005,1087,804,748,0,255
3212,43055732,1005,1087,804,749,0,253
3213,43065732,1005,1087,804,755,0,254
3214,43075732,1006,1089,804,749,0,256
3215,43085732,1003,1087,805,757,0,258
3216,43095732,1006,1092,804,753,0,260
3217,43105732,1005,1088,804,751,0,260
3218,43115732,992,1089,806,752,0,262
3219,43125732,1005,1088,806,750,0,261
3220,43135732,1003,1089,805,755,0,261
3221,43145732,1007,1087,806,756,0,261
3222,43155732,1001,1088,806,753,0,262
3223,43165732,1003,1090,805,754,0,262
3224,43175732,1003,1051,759,707,0,219
3225,43185732,1005,1089,807,752,0,263
3226,43195732,1007,1087,807,751,0,264
3227,43205732,1004,1088,807,753,0,263
3228,43215732,1006,1086,807,756,0,263
3229,43225732,1011,1087,806,755,0,264
3230,43235732,1007,1090,806,755,0,266
3231,43245732,1008,1089,807,756,0,266
3232,43255732,1008,1089,807,756,0,267
3233,43265732,1009,1093,809,755,0,266
3234,43275732,1012,1093,809,756,0,267
3235,43285732,1013,1095,810,758,0,266
3236,43295732,1015,1096,811,758,0,267
3237,43305732,1014,1097,811,758,0,267
3238,43315732,1010,1097,811,758,0,267
3239,43325732,1016,1097,811,757,0,267
3240,43335732,1018,1098,811,759,0,267
3241,43345732,1017,1099,812,757,0,268
3242,43355732,1019,1104,812,756,0,267
3243,43365732,1011,1100,813,758,0,267
3244,43375732,1018,1100,812,758,0,268
3245,43385732,1019,1102,812,757,0,268
3246,43395732,1020,1102,813,758,0,269
3247,43405732,1020,1106,813,757,0,268
3248,43415732,1020,1102,813,758,0,268
3249,43425732,1021,1104,813,758,0,269
3250,43435732,1019,1105,813,758,0,268
3251,43445732,1020,1110,814,758,0,269
3252,43455732,1019,1098,813,758,0,267
3253,43465732,1020,1104,813,758,0,267
3254,43475732,1021,1104,813,758,0,266
3255,43485732,1022,1103,813,758,0,266
3256,43495732,1022,1103,812,758,0,267
3257,43505732,1024,1104,813,758,0,266
3258,43515732,1029,1108,812,757,0,265
3259,43525732,1032,1108,813,758,0,265
3260,43535732,1033,1108,812,758,0,264
3261,43545732,1034,1109,811,757,0,263
3262,43555733,1037,1112,811,756,0,261
3263,43565732,1040,1112,810,755,0,253
3264,43575732,1042,1113,810,751,0,251
3265,43585732,1043,1114,809,751,0,250
3266,43595732,1043,1116,809,751,0,250
3267,43605732,1044,1114,808,750,0,250
3268,43615732,1042,1079,763,702,0,211
3269,43625732,1044,1114,809,750,0,251
3270,43635732,1044,1116,809,750,0,252
3271,43645732,1044,1114,810,750,0,252
3272,43655732,1045,1114,809,750,0,251
3273,43665732,1045,1115,809,750,0,250
3274,43675732,1045,1115,809,749,0,249
3275,43685732,1045,1115,809,750,0,248
3276,43695732,1045,1116,808,750,0,247
3277,43705732,1045,1116,808,751,0,247
3278,43715732,1045,1115,809,751,0,248
3279,43725732,1045,1116,809,751,0,249
3280,43735732,1046,1115,809,751,0,249
3281,43745732,1045,1115,810,751,0,249
3282,43755732,1045,1115,810,752,0,249
3283,43765732,1045,1116,809,751,0,250
3284,43775732,1045,1116,809,750,0,246
3285,43785732,1045,1115,808,750,0,244
3286,43795732,1045,1115,808,749,0,243
3287,43805732,1044,1114,808,750,0,244
3288,43815732,1043,1111,806,684,0,210
3289,43825732,1043,1114,808,750,0,245
3290,43835732,1042,1114,807,751,0,246
3291,43845732,1042,1113,807,750,0,246
3292,43855732,1043,1113,808,749,0,245
3293,43865732,1042,1114,806,749,0,246
3294,43875732,1042,1111,804,680,0,210
3295,43885732,1043,1114,805,747,0,245
3296,43895732,1044,1114,804,745,0,246
3297,43905732,1044,1114,804,744,0,246
3298,43915732,1044,1114,804,744,0,246
3299,43925732,1045,1115,803,743,0,246
3300,43935732,1045,1115,802,742,0,246
3301,43945732,982,1084,727,735,0,245
3302,43955732,1043,1114,798,738,0,245
3303,43965732,1042,1113,797,736,0,247
3304,43975732,1041,1113,796,734,0,242
3305,43985732,1041,1111,795,733,0,238
3306,43995732,1039,1110,795,734,0,238
3307,44005732,1037,1108,793,666,0,201
3308,44015732,1037,1110,794,732,0,236
3309,44025732,1037,1110,793,731,0,237
3310,44035732,1036,1110,792,730,0,237
3311,44045732,1038,1111,792,730,0,236
3312,44055732,1039,1111,792,730,0,235
3313,44065732,1040,1111,794,731,0,236
3314,44075732,1030,1113,795,732,0,236
3315,44085732,1041,1112,794,733,1,237
3316,44095732,1040,1111,795,732,0,237
3317,44105732,1039,1111,795,734,0,239
3318,44115732,1039,1111,796,733,0,236
3319,44125732,1039,1111,796,734,0,238
3320,44135732,1039,1111,795,733,0,235
3321,44145732,1041,1111,796,734,0,234
3322,44155732,1040,1112,796,733,0,235
3323,44165732,1041,1113,795,734,0,232
3324,44175732,1043,1113,796,733,0,232
3325,44185732,1043,1114,797,733,0,230
3326,44195732,1044,1114,797,734,0,227
3327,44205732,957,1098,733,703,0,226
3328,44215732,1045,1115,798,734,0,230
3329,44225732,1045,1116,797,734,0,229
3330,44235732,1045,1116,797,735,0,239
3331,44245732,1046,1116,797,735,0,228
3332,44255732,1046,1116,801,738,0,231
3333,44265732,1046,1116,797,744,0,232
3334,44275732,960,1101,733,706,0,230
3335,44285732,1046,1116,797,735,0,232
3336,44295732,1046,1117,799,733,0,233
3337,44305732,1046,1117,799,736,0,232
3338,44315732,1047,1116,802,736,0,233
3339,44325732,1046,1116,798,733,0,233
3340,44335732,1046,1116,800,738,0,233
3341,44345732,1047,1117,800,746,0,241
3342,44355732,1046,1116,799,741,0,233
3343,44365732,1047,1117,801,738,0,233
3344,44375732,1047,1116,800,740,0,233
3345,44385732,1047,1117,807,744,0,234
3346,44395732,1047,1119,806,740,0,234
3347,44405732,1048,1118,795,741,0,236
3348,44415732,1048,1118,803,742,0,236
3349,44425732,1049,1119,803,741,0,238
3350,44435732,1049,1120,800,743,0,238
3351,44445732,1048,1118,805,743,0,238
3352,44455732,1048,1117,809,743,0,239
3353,44465732,1046,1080,760,694,0,202
3354,44475732,1047,1116,806,744,0,243
3355,44485732,1047,1117,808,743,0,245
3356,44495732,1047,1117,805,744,0,244
3357,44505732,1047,1118,803,745,0,245
3358,44515732,1047,1118,808,746,0,245
3359,44525732,1048,1117,806,745,0,244
3360,44535732,1047,1117,805,744,0,244
3361,44545732,1047,1116,803,742,0,243
3362,44555732,1046,1116,802,750,0,243
3363,44565732,1045,1116,803,747,0,242
3364,44575732,1044,1117,803,740,0,239
3365,44585732,1048,1115,804,739,0,238
3366,44595732,987,1089,733,736,0,238
3367,44605732,1049,1119,802,745,0,238
3368,44615732,1051,1117,801,738,0,236
3369,44625732,1055,1123,803,744,0,235
3370,44635732,1056,1122,802,743,0,234
3371,44645732,1052,1124,804,744,0,231
3372,44655732,992,1090,732,738,0,229
3373,44665732,1059,1125,807,747,0,228
3374,44675732,1057,1126,806,748,0,227
3375,44685732,1061,1127,807,750,0,225
3376,44695732,1063,1126,809,750,0,226
3377,44705732,1069,1136,810,752,0,226
3378,44715732,999,1096,738,747,0,226
3379,44725732,1064,1132,810,754,0,225
3380,44735732,1066,1131,810,755,0,224
3381,44745732,1064,1130,810,755,0,224
3382,44755732,1064,1131,810,755,0,225
3383,44765732,1061,1129,811,755,0,226
3384,44775732,1061,1130,808,754,0,199
3385,44785732,1064,1130,811,756,0,221
3386,44795732,1064,1130,810,757,0,218
3387,44805732,1063,1130,810,755,0,216
3388,44815732,1066,1131,810,756,0,214
3389,44825732,1065,1131,808,751,0,211
3390,44835732,1067,1132,808,751,0,207
3391,44845732,983,1123,741,717,0,203
3392,44855732,1068,1133,806,746,0,202
3393,44865732,1070,1134,805,744,0,201
3394,44875732,1070,1133,804,741,0,199
3395,44885732,1075,1132,801,739,0,194
3396,44895732,1077,1135,801,736,0,188
3397,44905732,1078,1141,798,732,0,184
3398,44915733,1079,1140,796,730,0,182
3399,44925732,1080,1145,794,726,0,179
3400,44935732,1081,1137,792,723,0,171
3401,44945732,1082,1142,790,718,0,169
3402,44955732,1083,1145,789,716,0,168
3403,44965732,1085,1141,789,715,0,168
3404,44975732,1024,1114,715,708,0,167
3405,44985732,1085,1145,787,714,0,168
3406,44995732,1085,1144,788,713,0,169
3407,45005732,1084,1144,786,712,0,169
3408,45015732,1084,1145,783,710,0,170
3409,45025732,1084,1144,780,706,0,170
3410,45035732,1084,1144,777,700,0,167
3411,45045732,1083,1144,774,699,0,165
3412,45055732,1083,1144,766,696,0,163
3413,45065732,1083,1143,762,694,0,162
3414,45075732,1082,1142,758,691,0,158
3415,45085732,1082,1142,756,687,0,157
3416,45095732,1082,1143,750,683,0,155
3417,45105732,1083,1143,747,680,0,131
3418,45115732,1084,1145,746,678,0,151
3419,45125732,1084,1145,744,674,0,150
3420,45135732,1083,1145,742,673,0,153
3421,45145732,1081,1143,743,673,0,155
3422,45155732,1079,1141,743,674,0,155
3423,45165732,1076,1140,742,672,0,158
3424,45175732,1073,1101,697,626,0,124
3425,45185732,1070,1135,740,670,0,161
3426,45195732,1068,1133,740,670,0,164
3427,45205732,1067,1132,739,670,0,165
3428,45215732,1066,1131,740,669,0,166
3429,45225732,1065,1131,740,670,0,166
3430,45235732,1063,1130,740,670,0,165
3431,45245732,1063,1130,741,669,0,168
3432,45255732,1061,1128,740,669,0,169
3433,45265732,1058,1128,741,669,0,168
3434,45275732,1057,1127,740,668,0,169
3435,45285732,1055,1125,739,668,0,169
3436,45295732,1052,1125,739,668,0,170
3437,45305732,1051,1124,739,669,0,170
3438,45315732,1051,1123,739,669,0,170
3439,45325732,1050,1123,739,669,0,171
3440,45335732,1050,1123,739,669,0,171
3441,45345732,1049,1123,739,670,0,171
3442,45355732,1049,1123,740,670,0,170
3443,45365733,1049,1123,740,671,0,170
3444,45375732,1048,1123,739,670,0,168
3445,45385732,1048,1123,738,670,0,168
3446,45395732,1049,1124,739,670,0,167
3447,45405732,1050,1124,737,669,0,165
3448,45415732,1050,1124,738,669,0,162
3449,45425732,1051,1126,735,669,0,160
3450,45435732,1052,1126,732,668,0,155
3451,45445732,1052,1126,730,665,0,150
3452,45455732,1053,1126,729,663,0,129
3453,45465732,1054,1127,728,661,0,139
3454,45475732,1056,1129,726,658,0,125
3455,45485732,1060,1130,724,652,0,113
3456,45495732,1063,1131,721,648,0,121
3457,45505732,1066,1134,718,643,0,115
3458,45515732,1067,1134,715,637,0,111
3459,45525732,1070,1138,714,633,0,109
3460,45535732,1072,1140,711,630,0,102
3461,45545732,1076,1141,709,628,3,99
3462,45555732,1078,1142,703,623,0,99
3463,45565732,1080,1143,701,620,0,94
3464,45575732,1081,1143,698,617,0,95
3465,45585732,1083,1144,695,614,0,91
3466,45595732,1083,1144,692,613,0,89
3467,45605732,1084,1146,690,611,0,88
3468,45615732,1085,1146,690,607,0,84
3469,45625732,1088,1148,686,605,0,86
3470,45635732,1091,1149,686,604,0,93
3471,45645732,1093,1149,687,602,0,82
3472,45655732,1095,1152,688,602,0,83
3473,45665732,1094,1150,689,603,1,78
3474,45675732,1094,1153,689,605,0,86
3475,45685732,1094,1153,692,606,0,84
3476,45695732,1094,1154,694,612,0,87
3477,45705732,1093,1150,697,613,0,88
3478,45715732,1093,1151,699,614,0,91
3479,45725732,1093,1152,699,616,0,90
3480,45735732,1093,1151,702,618,0,93
3481,45745732,1091,1149,707,625,0,94
3482,45755732,1082,1149,711,621,0,95
3483,45765732,1088,1148,712,623,0,98
3484,45775732,1086,1148,712,626,0,100
3485,45785732,1086,1148,713,628,0,103
3486,45795732,1085,1147,714,629,0,103
3487,45805732,1085,1147,712,629,0,105
3488,45815732,1084,1112,666,587,0,74
3489,45825732,1085,1147,718,630,0,107
3490,45835732,1085,1148,721,630,0,107
3491,45845732,1084,1147,724,635,0,112
3492,45855732,1083,1147,730,635,0,117
3493,45865732,1083,1146,727,638,0,121
3494,45875732,1082,1146,722,641,0,121
3495,45885732,996,1130,669,616,0,126
3496,45895732,1081,1145,726,644,0,127
3497,45905732,1081,1146,737,648,0,127
3498,45915732,1081,1146,725,647,0,129
3499,45925732,1083,1146,737,648,0,132
3500,45935732,1083,1147,727,650,0,133
3501,45945732,1084,1147,732,652,0,135
3502,45955732,1083,1147,743,653,0,136
3503,45965732,1084,1147,735,654,0,136
3504,45975732,1084,1147,736,656,0,136
3505,45985732,1083,1146,736,655,0,136
3506,45995732,1083,1146,739,657,0,137
3507,46005732,1081,1146,740,656,0,137
3508,46015732,1082,1146,742,658,0,138
3509,46025732,1081,1146,739,665,0,138
3510,46035732,1085,1147,740,659,0,139
3511,46045732,1085,1147,739,654,0,139
3512,46055732,1089,1151,740,661,3,139
3513,46065732,1085,1151,741,662,0,140
3514,46075732,1085,1147,740,660,0,139
3515,46085732,1086,1148,739,662,0,141
3516,46095732,1088,1148,740,661,0,141
3517,46105732,1085,1150,741,664,0,141
3518,46115732,1090,1148,740,654,0,144
3519,46125732,1090,1149,743,664,0,142
3520,46135732,1087,1152,741,665,0,145
3521,46145732,1089,1148,739,663,0,146
3522,46155732,1084,1148,740,662,0,147
3523,46165732,1089,1149,744,663,0,149
3524,46175732,1089,1149,741,662,0,150
3525,46185732,1090,1151,742,664,0,150
3526,46195732,1085,1149,743,661,0,151
3527,46205732,1004,1134,680,636,0,150
3528,46215732,1091,1150,744,663,0,151
3529,46225732,1092,1151,743,664,0,152
3530,46235732,1088,1150,744,663,0,152
3531,46245732,1090,1154,744,663,0,152
3532,46255732,1094,1152,744,664,0,151
3533,46265732,1088,1152,744,664,0,152
3534,46275733,1090,1154,745,664,0,153
3535,46285732,1091,1153,745,665,0,153
3536,46295732,1095,1156,746,665,0,153
3537,46305732,1095,1157,745,668,0,153
3538,46315732,1093,1157,746,665,0,153
3539,46325732,1096,1157,747,665,0,154
3540,46335732,1094,1153,746,602,0,121
3541,46345732,1094,1158,747,666,0,155
3542,46355732,1096,1159,747,667,0,154
3543,46365732,1094,1155,748,667,0,155
3544,46375732,1093,1157,748,667,0,156
3545,46385732,1095,1159,749,669,0,157
3546,46395732,1094,1158,750,670,0,158
3547,46405732,1094,1149,751,671,0,159
3548,46415732,1095,1156,750,672,0,160
3549,46425732,1094,1160,750,671,0,160
3550,46435732,1092,1157,751,672,0,162
3551,46445732,1095,1157,753,673,0,163
3552,46455732,1092,1156,754,672,0,165
3553,46465732,1093,1155,754,675,0,165
3554,46475732,1094,1154,755,676,0,166
3555,46485732,1094,1154,754,676,0,166
3556,46495732,1093,1156,755,676,0,166
3557,46505732,1093,1153,755,677,0,167
3558,46515732,1093,1153,756,678,0,168
3559,46525732,1093,1153,756,679,0,168
3560,46535732,1091,1152,758,680,0,169
3561,46545732,1089,1153,758,680,0,171
3562,46555732,1086,1153,759,681,0,171
3563,46565732,1086,1150,760,682,0,172
3564,46575732,1085,1149,761,682,0,173
3565,46585732,1084,1147,761,684,0,176
3566,46595732,1083,1149,762,685,0,176
3567,46605732,999,1130,699,655,0,178
3568,46615732,1081,1147,764,686,0,180
3569,46625732,1080,1146,765,687,0,183
3570,46635732,1078,1145,766,689,0,183
3571,46645732,1076,1145,770,691,0,186
3572,46655732,1075,1143,771,693,0,187
3573,46665732,1074,1143,776,694,0,188
3574,46675733,1074,1144,777,695,0,190
3575,46685732,1072,1144,777,696,0,193
3576,46695732,1071,1143,777,696,0,193
3577,46705732,1072,1143,778,697,0,198
3578,46715732,1072,1143,779,698,0,198
3579,46725732,1073,1144,780,699,0,199
3580,46735732,1070,1107,735,651,0,160
3581,46745732,1072,1143,780,699,0,201
3582,46755732,1071,1144,780,700,0,202
3583,46765732,1071,1143,780,700,0,202
3584,46775732,1072,1143,780,700,0,202
3585,46785732,1071,1143,780,699,0,202
3586,46795732,1073,1144,780,700,0,202
3587,46805732,1071,1108,734,653,0,163
3588,46815732,1075,1144,781,700,0,201
3589,46825732,1075,1144,781,699,0,201
3590,46835732,1076,1145,780,700,0,202
3591,46845732,1076,1146,781,701,0,201
3592,46855732,1078,1146,780,700,0,201
3593,46865732,1078,1146,781,701,0,201
3594,46875732,1079,1146,783,701,0,200
3595,46885732,1080,1147,781,701,0,198
3596,46895732,1079,1147,782,701,0,199
3597,46905732,1079,1147,782,701,0,198
3598,46915732,1079,1147,781,701,0,199
3599,46925732,1080,1147,781,701,0,197
3600,46935732,1081,1147,782,701,0,207
3601,46945732,1082,1148,781,701,0,191
3602,46955732,1083,1148,781,701,0,197
3603,46965732,1083,1149,781,701,0,196
3604,46975732,1084,1149,781,701,0,199
3605,46985732,1085,1150,782,701,0,197
3606,46995732,1087,1152,781,700,0,197
3607,47005732,1003,1135,716,669,0,195
3608,47015732,1089,1154,781,699,3,195
3609,47025732,1090,1155,781,699,0,190
3610,47035732,1092,1156,780,699,0,199
3611,47045732,1093,1155,779,699,0,196
3612,47055732,1092,1156,780,699,0,193
3613,47065732,1093,1155,779,699,0,196
3614,47075732,1027,1123,707,693,0,196
3615,47085732,1094,1158,780,699,0,192
3616,47095732,1094,1158,780,699,0,194
3617,47105732,1095,1158,780,699,0,194
3618,47115732,1095,1158,779,698,4,193
3619,47125732,1095,1158,780,699,0,197
3620,47135732,1095,1158,779,699,0,195
3621,47145732,1096,1159,781,700,0,198
3622,47155732,1096,1158,780,699,0,196
3623,47165732,1095,1158,779,699,0,197
3624,47175732,1096,1159,780,699,0,195
3625,47185732,1097,1159,779,699,0,192
3626,47195732,1096,1159,777,699,0,198
3627,47205732,1096,1120,733,655,0,158
3628,47215732,1097,1159,779,700,0,187
3629,47225732,1097,1159,778,702,0,194
3630,47235732,1097,1159,779,700,0,196
3631,47245732,1098,1159,779,701,0,194
3632,47255732,1097,1160,778,698,0,195
3633,47265732,1098,1160,778,699,0,198
3634,47275733,1099,1160,776,701,0,192
3635,47285732,1099,1160,778,699,0,196
3636,47295732,1099,1160,781,698,0,194
3637,47305732,1099,1160,780,699,0,198
3638,47315732,1099,1160,779,697,0,198
3639,47325732,1099,1160,778,698,0,196
3640,47335732,1098,1123,727,650,0,157
3641,47345732,1100,1161,787,698,0,197
3642,47355732,1100,1161,775,694,0,192
3643,47365732,1100,1162,773,696,0,190
3644,47375732,1100,1161,777,696,0,189
3645,47385732,1101,1162,777,692,0,190
3646,47395732,1101,1162,777,694,0,188
3647,47405732,1038,1130,700,687,0,184
3648,47415732,1102,1164,774,693,0,186
3649,47425732,1103,1164,764,694,0,184
3650,47435732,1103,1164,769,693,0,182
3651,47445732,1106,1165,772,692,0,182
3652,47455732,1103,1165,764,692,0,180
3653,47465732,1105,1165,764,691,0,157
3654,47475732,1106,1165,765,691,0,178
3655,47485732,1107,1166,763,691,0,180
3656,47495732,1106,1166,765,692,0,177
3657,47505732,1105,1168,766,692,0,179
3658,47515732,1109,1170,763,687,0,178
3659,47525732,1117,1170,764,687,0,174
3660,47535732,1071,1111,763,686,0,177
3661,47545732,1107,1172,764,687,0,173
3662,47555732,1106,1170,763,684,0,173
3663,47565732,1110,1172,763,685,0,174
3664,47575732,1111,1173,764,687,0,174
3665,47585732,1111,1171,762,685,0,175
3666,47595732,1113,1173,764,684,0,175
3667,47605732,1109,1173,765,682,0,175
3668,47615732,1113,1175,765,686,0,175
3669,47625732,1110,1170,762,684,0,174
3670,47635732,1110,1174,762,689,0,173
3671,47645732,1112,1173,762,684,0,172
3672,47655732,1110,1172,762,683,0,172
3673,47665732,1110,1175,761,685,0,172
3674,47675732,1111,1174,762,686,0,173
3675,47685732,1109,1174,762,684,0,172
3676,47695732,1109,1174,763,684,0,172
3677,47705732,1111,1174,762,683,0,172
3678,47715732,1111,1174,763,685,0,173
3679,47725732,1112,1176,763,683,0,171
3680,47735732,1112,1176,762,684,0,172
3681,47745732,1116,1176,762,685,0,172
3682,47755732,1113,1175,763,684,0,172
3683,47765732,1113,1175,763,685,0,173
3684,47775732,1111,1175,764,686,0,173
3685,47785732,1114,1175,766,688,0,173
3686,47795732,1113,1175,764,688,0,173
3687,47805732,1111,1177,767,689,0,173
3688,47815732,1111,1181,767,689,0,175
3689,47825732,1110,1171,770,691,0,176
3690,47835732,1110,1176,773,691,0,179
3691,47845732,1110,1171,773,693,0,181
3692,47855732,1111,1167,776,693,0,182
3693,47865732,1109,1168,776,694,0,185
3694,47875732,1108,1170,777,695,0,187
3695,47885732,1107,1162,778,697,0,189
3696,47895732,1105,1166,778,698,0,197
3697,47905732,1102,1164,780,699,0,199
3698,47915732,1101,1165,781,700,0,199
3699,47925732,1100,1160,781,700,0,200
3700,47935732,1097,1162,784,701,0,204
3701,47945732,1095,1158,786,702,0,205
3702,47955732,1094,1158,789,702,0,211
3703,47965732,1092,1155,790,705,0,212
3704,47975732,1026,1124,718,702,0,214
3705,47985732,1087,1156,792,711,0,214
3706,47995732,1084,1155,793,711,0,216
3707,48005732,1084,1151,793,711,0,217
3708,48015732,1083,1152,794,712,0,217
3709,48025732,1082,1150,797,714,0,218
3710,48035732,1080,1148,795,714,0,218
3711,48045733,1080,1150,797,717,0,218
3712,48055732,1078,1148,797,716,0,220
3713,48065732,1077,1147,797,717,0,219
3714,48075732,1077,1146,798,718,0,222
3715,48085732,1075,1149,797,720,0,224
3716,48095732,1076,1146,799,722,0,227
3717,48105732,1076,1144,798,723,0,228
3718,48115733,1076,1147,801,724,0,230
3719,48125732,1070,1143,801,724,0,229
3720,48135732,1069,1146,802,724,0,237
3721,48145732,1068,1141,802,725,0,233
3722,48155732,1066,1142,800,725,0,235
3723,48165732,1066,1140,802,726,0,236
3724,48175733,1067,1139,802,727,0,237
3725,48185732,1065,1139,805,727,0,234
3726,48195732,1066,1140,804,727,0,236
3727,48205732,1064,1131,807,727,0,238
3728,48215732,1067,1140,805,727,0,239
3729,48225732,1066,1140,805,728,0,239
3730,48235732,1067,1140,805,727,0,239
3731,48245733,1067,1141,807,728,0,240
3732,48255732,1066,1139,803,728,0,244
3733,48265732,1067,1140,805,728,0,242
3734,48275732,1065,1139,804,728,0,241
3735,48285732,1068,1141,804,724,0,242
3736,48295732,1066,1140,804,728,0,242
3737,48305732,1065,1140,804,729,0,243
3738,48315732,1067,1140,805,729,0,242
3739,48325732,1066,1140,805,729,0,241
3740,48335732,1066,1139,804,729,0,242
3741,48345732,1064,1141,804,728,0,240
3742,48355732,1066,1138,804,728,0,243
3743,48365732,1067,1139,803,728,0,243
3744,48375732,1058,1140,805,725,0,243
3745,48385732,1065,1140,804,728,0,244
3746,48395732,1065,1139,802,727,0,243
3747,48405732,1066,1139,803,729,0,243
3748,48415732,1066,1140,803,729,0,247
3749,48425732,1066,1140,803,728,0,242
3750,48435732,1068,1144,804,727,0,242
3751,48445732,1066,1142,803,728,0,239
3752,48455732,1067,1142,803,722,0,241
3753,48465732,1070,1141,802,727,0,243
3754,48475732,1068,1137,803,727,0,240
3755,48485732,1068,1144,802,727,0,240
3756,48495732,1068,1142,802,722,0,240
3757,48505732,985,1125,737,690,0,238
3758,48515732,1070,1143,803,726,0,239
3759,48525732,1070,1144,803,725,0,237
3760,48535732,1071,1143,801,726,0,237
3761,48545732,1074,1143,800,724,0,237
3762,48555732,1073,1146,800,725,0,238
3763,48565732,1072,1150,801,726,0,237
3764,48575732,1075,1146,801,723,0,237
3765,48585732,1075,1145,799,725,0,238
3766,48595732,1076,1144,798,724,0,237
3767,48605732,1075,1145,800,726,0,236
3768,48615732,1076,1145,801,724,0,237
3769,48625732,1077,1146,799,723,0,236
3770,48635732,1077,1146,798,723,0,236
3771,48645732,1081,1147,799,719,0,236
3772,48655732,1078,1147,798,722,0,235
3773,48665732,1078,1146,798,722,0,236
3774,48675732,1078,1147,798,723,0,237
3775,48685732,1076,1147,798,723,0,236
3776,48695732,1080,1147,798,720,0,236
3777,48705733,1079,1148,801,724,0,235
3778,48715732,1080,1147,798,723,0,239
3779,48725732,1081,1147,798,723,0,234
3780,48735732,1080,1148,798,723,0,235
3781,48745732,1080,1148,799,723,0,236
3782,48755732,1080,1148,799,723,0,235
3783,48765732,1072,1148,798,723,0,235
3784,48775732,1082,1148,800,723,0,236
3785,48785732,1082,1148,799,722,0,237
3786,48795732,1081,1149,800,723,0,235
3787,48805732,1080,1148,800,723,0,235
3788,48815732,1082,1148,801,723,0,236
3789,48825732,1083,1149,799,723,0,233
3790,48835732,1070,1150,800,723,0,233
3791,48845732,1084,1149,799,723,0,232
3792,48855732,1085,1150,799,719,0,231
3793,48865732,1084,1151,798,719,0,231
3794,48875732,1089,1150,798,717,0,230
3795,48885732,1089,1152,798,716,0,229
3796,48895732,1083,1157,799,716,0,227
3797,48905732,1092,1156,796,716,0,222
3798,48915732,1094,1157,799,715,0,220
3799,48925732,1094,1155,794,715,0,221
3800,48935732,1095,1157,794,713,0,219
3801,48945732,1096,1159,793,713,0,218
3802,48955732,1096,1157,793,712,0,219
3803,48965732,1097,1158,791,712,0,219
3804,48975732,1097,1159,793,712,0,219
3805,48985732,1098,1159,786,711,0,217
3806,48995732,1098,1159,789,713,0,214
3807,49005732,1099,1156,787,710,0,213
3808,49015732,1099,1160,787,711,0,212
3809,49025732,1099,1161,787,709,0,211
3810,49035732,1100,1163,784,708,0,211
3811,49045732,1101,1159,782,703,0,209
3812,49055732,1102,1162,787,703,0,210
3813,49065732,1103,1163,785,701,0,207
3814,49075732,1103,1163,782,704,0,208
3815,49085732,1104,1163,782,703,0,207
3816,49095732,1105,1164,786,711,0,206
3817,49105732,1104,1164,782,703,0,208
3818,49115732,1106,1165,780,701,0,207
3819,49125732,1105,1164,781,703,0,203
3820,49135732,1106,1165,778,702,0,206
3821,49145732,1106,1165,780,699,0,206
3822,49155732,1107,1166,779,702,0,205
3823,49165732,1106,1165,776,701,0,207
3824,49175732,1107,1165,781,702,0,206
3825,49185732,1106,1165,778,701,0,207
3826,49195732,1107,1165,780,696,0,206
3827,49205732,1107,1165,781,699,0,206
3828,49215732,1107,1165,778,699,0,205
3829,49225732,1107,1165,779,697,0,205
3830,49235732,1107,1166,776,699,0,203
3831,49245732,1107,1165,779,701,0,204
3832,49255732,1108,1166,776,699,0,203
3833,49265732,1108,1169,778,698,0,203
3834,49275732,1108,1169,779,699,0,202
3835,49285732,1109,1167,778,699,0,203
3836,49295732,1109,1168,779,699,0,203
3837,49305732,1108,1170,778,696,0,201
3838,49315732,1109,1170,776,700,0,202
3839,49325732,1110,1170,781,698,0,204
3840,49335732,1109,1170,779,700,0,202
3841,49345732,1110,1170,778,699,0,204
3842,49355732,1110,1171,778,697,0,201
3843,49365732,1111,1171,776,697,0,197
3844,49375732,1110,1173,775,696,0,195
3845,49385732,1111,1171,777,697,0,200
3846,49395732,1111,1172,774,695,0,198
3847,49405732,1111,1172,777,696,0,204
3848,49415732,1110,1174,774,695,0,202
3849,49425732,1112,1173,772,697,0,197
3850,49435732,1113,1172,769,694,0,200
3851,49445732,1113,1174,772,693,0,201
3852,49455732,1115,1176,775,701,0,197
3853,49465732,1114,1176,772,692,0,191
3854,49475732,1117,1173,768,626,0,160
3855,49485732,1115,1179,766,690,0,187
3856,49495732,1116,1178,763,687,0,185
3857,49505732,1117,1179,763,685,0,184
3858,49515732,1116,1180,761,684,0,180
3859,49525732,1119,1182,764,681,0,174
3860,49535732,1123,1182,756,680,0,152
3861,49545732,1124,1184,758,677,0,171
3862,49555732,1128,1185,756,676,0,169
3863,49565732,1126,1189,751,674,0,168
3864,49575732,1128,1189,752,672,0,161
3865,49585732,1130,1190,751,669,0,158
3866,49595732,1134,1192,749,666,0,156
3867,49605732,1116,1135,749,665,0,155
3868,49615732,1132,1193,746,661,0,153
3869,49625732,1135,1193,745,656,0,152
3870,49635732,1134,1194,743,654,0,150
3871,49645732,1137,1193,743,651,0,149
3872,49655732,1140,1195,742,650,0,145
3873,49665732,1139,1202,739,648,0,125
3874,49675732,1140,1198,742,651,0,149
3875,49685732,1139,1199,743,652,0,144
3876,49695732,1139,1197,745,652,0,149
3877,49705732,1139,1197,745,652,0,152
3878,49715732,1142,1196,746,656,0,153
3879,49725732,1139,1196,747,655,0,155
3880,49735732,1135,1150,704,610,0,118
3881,49745732,1140,1197,749,661,0,154
3882,49755732,1141,1198,749,661,0,154
3883,49765732,1138,1196,749,659,0,155
3884,49775732,1138,1196,751,665,0,153
3885,49785732,1138,1193,749,662,0,155
3886,49795732,1138,1193,750,662,0,157
3887,49805732,1101,1139,750,663,0,155
3888,49815732,1136,1196,753,663,0,157
3889,49825732,1136,1195,754,663,0,155
3890,49835732,1141,1195,750,664,0,159
3891,49845732,1138,1197,752,663,0,158
3892,49855732,1137,1196,753,664,0,159
3893,49865732,1135,1195,754,664,0,158
3894,49875732,1137,1195,753,663,0,158
3895,49885732,1138,1196,751,663,0,158
3896,49895732,1137,1198,753,664,0,160
3897,49905732,1137,1198,753,664,0,159
3898,49915732,1136,1198,754,663,0,160
3899,49925732,1137,1195,753,669,0,161
3900,49935732,1074,1164,683,659,0,162
3901,49945732,1140,1197,751,663,0,160
3902,49955732,1136,1197,753,665,0,158
3903,49965732,1139,1195,751,665,0,161
3904,49975732,1137,1199,753,663,0,162
3905,49985732,1141,1196,753,665,0,163
3906,49995732,1053,1179,690,636,0,161
3907,50005732,1138,1196,752,666,0,164
3908,50015732,1138,1196,753,666,0,163
3909,50025732,1138,1195,752,666,0,164
3910,50035732,1138,1197,753,666,0,162
3911,50045732,1137,1196,751,666,0,161
3912,50055732,1138,1196,752,665,0,163
3913,50065732,1074,1165,683,663,0,163
3914,50075732,1138,1197,752,666,0,163
3915,50085732,1139,1196,753,664,0,164
3916,50095732,1139,1196,752,666,0,163
3917,50105732,1142,1201,752,664,0,164
3918,50115732,1138,1197,753,669,0,163
3919,50125732,1139,1197,753,666,0,163
3920,50135732,1139,1198,753,666,0,163
3921,50145732,1139,1199,752,666,0,162
3922,50155732,1139,1198,752,666,0,161
3923,50165732,1140,1198,752,664,0,161
3924,50175732,1141,1198,750,665,0,161
3925,50185732,1137,1199,750,665,0,161
3926,50195732,1140,1198,750,664,0,159
3927,50205732,1141,1198,750,664,0,156
3928,50215732,1142,1200,750,662,0,160
3929,50225732,1138,1199,750,662,0,157
3930,50235732,1142,1200,749,662,0,158
3931,50245732,1143,1202,750,660,0,156
3932,50255732,1142,1203,749,659,0,156
3933,50265732,1144,1202,748,659,0,153
3934,50275732,1144,1203,748,657,0,154
3935,50285732,1145,1203,747,656,0,149
3936,50295732,1144,1203,746,654,0,151
3937,50305732,1142,1203,746,653,0,149
3938,50315732,1144,1204,745,652,0,147
3939,50325732,1143,1204,746,651,0,143
3940,50335732,1144,1204,741,649,0,119
3941,50345732,1144,1199,745,649,0,140
3942,50355732,1145,1205,743,648,0,138
3943,50365732,1146,1206,743,648,0,138
3944,50375732,1147,1205,744,648,2,138
3945,50385732,1143,1205,743,648,0,139
3946,50395732,1146,1206,743,648,0,139
3947,50405732,1146,1205,744,648,0,140
3948,50415732,1146,1205,743,642,0,143
3949,50425732,1146,1206,744,645,0,145
3950,50435732,1145,1205,744,648,0,146
3951,50445732,1145,1205,743,651,0,147
3952,50455732,1147,1205,743,650,0,148
3953,50465733,1145,1205,745,650,0,149
3954,50475732,1145,1205,744,649,0,150
3955,50485732,1145,1205,745,651,0,150
3956,50495732,1144,1203,745,652,0,149
3957,50505732,1145,1204,752,653,0,152
3958,50515732,1144,1204,744,654,0,154
3959,50525732,1144,1204,747,654,0,155
3960,50535732,1144,1203,746,655,0,154
3961,50545732,1143,1203,749,652,0,156
3962,50555732,1142,1202,746,660,0,157
3963,50565732,1143,1201,749,659,0,158
3964,50575732,1141,1199,751,660,0,162
3965,50585732,1141,1199,752,662,0,163
3966,50595732,1141,1199,752,664,0,163
3967,50605732,1141,1198,755,664,0,165
3968,50615732,1140,1198,754,663,0,166
3969,50625732,1139,1198,756,667,0,164
3970,50635732,1138,1197,757,664,0,168
3971,50645732,1136,1196,758,667,0,170
3972,50655733,1136,1196,762,671,0,173
3973,50665732,1135,1195,759,666,0,176
3974,50675732,1134,1196,761,668,0,178
3975,50685732,1133,1194,760,673,0,180
3976,50695732,1133,1193,762,674,0,180
3977,50705732,1132,1193,762,674,0,184
3978,50715732,1044,1175,701,647,0,183
3979,50725732,1131,1193,764,676,0,186
3980,50735732,1129,1193,765,673,0,184
3981,50745732,1130,1191,768,677,0,187
3982,50755732,1130,1192,766,678,0,186
3983,50765732,1129,1192,768,681,0,187
3984,50775732,1129,1191,765,679,0,188
3985,50785732,1130,1192,768,681,0,192
3986,50795732,1130,1192,770,678,0,190
3987,50805732,1130,1193,770,681,0,190
3988,50815732,1130,1186,770,682,0,196
3989,50825732,1131,1192,774,682,0,192
3990,50835732,1130,1192,774,682,0,193
3991,50845732,1042,1176,709,654,0,188
3992,50855732,1130,1185,770,685,0,193
3993,50865732,1130,1190,774,685,0,193
3994,50875732,1131,1192,776,686,0,189
3995,50885732,1129,1192,776,686,0,192
3996,50895732,1131,1191,779,687,0,191
3997,50905732,1040,1176,734,624,0,166
3998,50915732,1129,1192,779,689,0,192
3999,50925732,1128,1190,778,691,0,198
4000,50935732,1127,1191,779,691,0,199
4001,50945732,1130,1189,781,693,0,196
4002,50955732,1124,1186,781,693,0,201
4003,50965732,1123,1182,785,694,0,202
4004,50975732,1080,1127,784,696,0,204
4005,50985732,1121,1182,785,696,0,204
4006,50995732,1120,1179,787,697,0,205
4007,51005732,1117,1179,788,697,0,208
4008,51015732,1116,1175,789,700,0,211
4009,51025732,1113,1173,793,702,0,215
4010,51035732,1023,1156,721,675,0,216
4011,51045732,1108,1171,796,711,0,217
4012,51055732,1106,1167,796,711,0,221
4013,51065732,1105,1166,797,712,0,231
4014,51075732,1102,1164,799,713,0,229
4015,51085732,1100,1167,801,713,0,234
4016,51095732,1097,1158,802,647,0,204
4017,51105732,1096,1163,803,716,0,246
4018,51115732,1094,1161,804,719,0,246
4019,51125732,1094,1162,805,720,0,249
4020,51135732,1093,1160,805,722,0,253
4021,51145732,1094,1159,807,723,0,258
4022,51155732,1093,1161,808,724,0,262
4023,51165732,1093,1158,808,721,0,263
4024,51175732,1098,1159,809,723,0,263
4025,51185732,1096,1159,808,724,0,266
4026,51195732,1093,1160,809,724,0,263
4027,51205732,1094,1160,810,731,0,269
4028,51215732,1096,1162,810,727,0,267
4029,51225732,1094,1165,809,728,0,269
4030,51235732,1097,1164,811,728,0,269
4031,51245732,1095,1165,810,730,0,271
4032,51255732,1097,1161,811,728,0,270
4033,51265732,1100,1162,812,729,0,271
4034,51275732,1098,1163,812,731,0,274
4035,51285732,1097,1164,812,729,0,275
4036,51295732,1032,1132,742,726,0,275
4037,51305732,1099,1169,814,731,0,273
4038,51315732,1100,1163,815,730,0,274
4039,51325732,1097,1163,817,735,0,275
4040,51335732,1097,1161,818,737,0,271
4041,51345732,1092,1165,819,741,0,271
4042,51355732,1095,1165,820,743,0,268
4043,51365732,1094,1164,821,748,0,266
4044,51375732,1091,1163,820,747,0,264
4045,51385732,1095,1163,822,752,0,253
4046,51395732,1096,1165,823,750,0,250
4047,51405732,1096,1166,823,752,0,248
4048,51415732,1098,1163,823,752,0,247
4049,51425732,1090,1163,824,752,0,249
4050,51435732,1084,1162,824,757,0,250
4051,51445732,1082,1162,825,757,0,248
4052,51455732,1082,1158,825,754,0,248
4053,51465732,1081,1154,824,756,0,245
4054,51475732,1080,1159,825,756,0,241
4055,51485732,1082,1158,824,754,0,237
4056,51495732,995,1141,758,723,0,235
4057,51505732,1080,1157,824,754,0,234
4058,51515732,1080,1158,824,759,0,234
4059,51525732,1078,1159,824,758,0,232
4060,51535732,1074,1156,823,759,0,229
4061,51545732,1078,1153,823,758,0,229
4062,51555732,1070,1149,822,751,0,223
4063,51565732,1067,1145,821,755,0,219
4064,51575732,1062,1142,819,756,0,218
4065,51585732,1058,1136,817,757,0,216
4066,51595732,1053,1133,813,750,0,216
4067,51605732,1049,1132,814,751,0,215
4068,51615732,1048,1132,814,750,0,215
4069,51625732,1043,1130,814,751,0,216
4070,51635732,1043,1126,814,753,0,221
4071,51645732,1039,1122,815,755,0,221
4072,51655732,1034,1118,817,757,0,222
4073,51665732,1025,1115,816,757,0,227
4074,51675732,1021,1117,819,761,0,227
4075,51685732,1021,1112,820,759,0,230
4076,51695732,1018,1111,821,761,0,231
4077,51705732,1017,1111,821,761,0,233
4078,51715732,1017,1110,823,763,0,235
4079,51725732,1016,1110,823,764,0,238
4080,51735732,1012,1108,824,766,0,238
4081,51745732,1009,1108,824,765,0,241
4082,51755732,1009,1107,825,766,0,243
4083,51765732,1011,1109,824,766,0,244
4084,51775732,1012,1109,825,766,0,244
4085,51785732,1012,1108,824,767,0,243
4086,51795732,1012,1109,825,767,0,245
4087,51805732,1012,1109,825,768,0,245
4088,51815732,1011,1107,826,768,0,244
4089,51825732,1010,1105,829,771,0,245
4090,51835732,1011,1106,827,774,0,247
4091,51845732,1011,1107,828,775,0,249
4092,51855732,1009,1107,829,776,0,251
4093,51865732,1009,1100,830,778,0,250
4094,51875732,1011,1106,835,779,0,254
4095,51885732,1010,1105,837,779,0,257
4096,51895732,1007,1103,838,779,0,262
4097,51905732,1005,1099,835,781,0,263
4098,51915732,1001,1097,839,782,0,270
4099,51925732,998,1094,841,784,0,272
4100,51935732,993,1092,835,785,0,268
4101,51945732,988,1087,838,790,0,275
4102,51955732,985,1083,842,788,0,281
4103,51965732,982,1081,844,785,0,280
4104,51975732,975,1076,847,788,0,283
4105,51985732,968,1069,847,792,0,293
4106,51995732,959,1064,848,792,0,296
4107,52005732,953,1060,849,794,0,299
4108,52015732,948,1054,850,795,0,302
4109,52025732,942,1050,847,795,0,304
4110,52035732,940,1047,850,796,0,309
4111,52045732,938,1046,851,798,0,310
4112,52055732,935,1042,852,798,0,312
4113,52065732,932,1039,849,798,0,314
4114,52075732,925,1035,853,799,0,319
4115,52085732,920,1032,852,799,0,323
4116,52095732,916,1027,853,801,0,327
4117,52105732,909,1022,854,804,0,322
4118,52115732,906,1021,854,802,0,330
4119,52125732,905,1018,852,803,0,330
4120,52135732,905,1018,854,803,0,329
4121,52145732,904,1018,852,805,0,331
4122,52155732,902,1016,854,803,0,328
4123,52165732,894,1014,853,804,0,335
4124,52175732,891,1013,854,803,0,336
4125,52185732,887,1011,853,803,0,341
4126,52195732,883,1005,850,806,0,336
4127,52205732,879,1004,855,802,0,339
4128,52215732,876,1003,853,800,0,342
4129,52225732,876,1002,854,807,0,340
4130,52235732,877,1002,853,806,0,337
4131,52245732,876,1005,853,805,0,339
4132,52255732,880,1002,853,805,0,344
4133,52265732,824,973,777,801,0,342
4134,52275732,876,1002,854,806,0,343
4135,52285732,873,998,854,806,0,349
4136,52295732,869,992,855,806,0,344
4137,52305732,860,989,863,808,0,348
4138,52315732,859,986,856,807,0,350
4139,52325732,798,953,777,801,0,349
4140,52335732,851,982,852,808,0,349
4141,52345732,849,979,858,807,0,351
4142,52355732,845,977,856,808,0,352
4143,52365732,848,972,854,809,0,355
4144,52375732,841,974,851,811,0,357
4145,52385732,840,971,856,811,0,356
4146,52395732,838,971,858,813,0,359
4147,52405732,829,970,856,813,0,358
4148,52415732,827,967,855,813,0,359
4149,52425732,826,967,857,814,0,357
4150,52435732,827,965,856,814,0,357
4151,52445732,830,964,856,814,0,355
4152,52455733,829,967,857,815,0,357
4153,52465732,828,964,856,814,0,358
4154,52475732,828,966,857,815,0,358
4155,52485732,831,965,857,816,0,361
4156,52495732,824,962,861,819,0,362
4157,52505732,823,957,858,820,0,362
4158,52515732,822,958,859,821,0,362
4159,52525732,820,953,860,823,0,363
4160,52535732,816,951,859,822,0,363
4161,52545732,815,949,859,823,5,365
4162,52555732,815,950,860,823,0,367
4163,52565732,813,948,860,823,0,367
4164,52575732,813,948,861,825,0,371
4165,52585732,811,949,861,825,0,369
4166,52595732,812,949,861,827,0,371
4167,52605732,814,944,862,825,0,372
4168,52615732,810,948,862,827,0,376
4169,52625732,810,948,861,828,0,372
4170,52635732,812,945,862,826,0,367
4171,52645732,814,950,862,828,0,368
4172,52655732,817,951,863,828,0,368
4173,52665732,816,951,862,827,0,367
4174,52675732,818,951,862,826,0,366
4175,52685732,819,951,861,825,0,367
4176,52695732,819,951,861,825,0,366
4177,52705732,817,951,861,827,0,361
4178,52715732,815,952,856,827,0,365
4179,52725732,826,955,861,825,0,362
4180,52735732,821,954,860,828,0,361
4181,52745732,825,953,860,827,0,361
4182,52755732,824,955,861,827,0,361
4183,52765732,824,956,860,827,0,362
4184,52775732,824,956,860,826,0,363
4185,52785733,826,957,861,827,0,363
4186,52795732,825,957,860,827,0,363
4187,52805732,825,958,860,828,0,363
4188,52815732,826,961,860,827,0,363
4189,52825732,827,966,860,826,0,362
4190,52835732,829,967,860,826,0,360
4191,52845732,834,968,860,825,0,359
4192,52855732,838,969,860,826,0,360
4193,52865732,838,970,860,825,0,357
4194,52875732,839,970,860,825,0,357
4195,52885732,839,970,859,824,0,358
4196,52895732,840,971,859,825,0,356
4197,52905732,841,971,859,825,0,356
4198,52915732,842,973,861,825,0,357
4199,52925732,842,972,860,825,0,356
4200,52935732,842,972,860,826,0,360
4201,52945732,842,971,861,826,0,363
4202,52955732,840,971,861,827,0,362
4203,52965732,839,971,861,828,0,362
4204,52975732,803,916,859,829,0,363
4205,52985732,837,969,861,829,0,364
4206,52995732,838,969,861,828,0,362
4207,53005732,838,969,860,828,0,365
4208,53015732,838,970,861,828,0,366
4209,53025732,837,969,861,828,0,368
4210,53035732,838,969,861,828,0,371
4211,53045733,838,969,862,830,0,372
4212,53055732,830,966,862,829,0,364
4213,53065732,828,965,862,830,0,374
4214,53075732,826,960,863,830,0,374
4215,53085732,825,959,862,831,0,373
4216,53095732,825,958,862,830,0,370
4217,53105732,755,941,795,797,0,367
4218,53115732,824,955,863,831,0,373
4219,53125732,823,953,862,829,0,372
4220,53135732,823,953,862,829,0,374
4221,53145732,822,952,862,826,0,377
4222,53155732,821,952,861,826,0,370
4223,53165732,821,952,861,834,0,378
4224,53175732,807,902,863,830,0,379
4225,53185732,820,952,861,831,0,381
4226,53195732,819,951,862,830,0,383
4227,53205732,820,952,862,830,0,384
4228,53215732,820,952,863,831,0,380
4229,53225732,820,952,862,831,0,382
4230,53235732,820,950,861,759,0,341
4231,53245732,821,952,859,830,0,385
4232,53255732,821,953,861,837,0,383
4233,53265732,821,954,860,833,0,375
4234,53275732,821,953,859,831,0,381
4235,53285732,822,953,863,836,0,386
4236,53295732,822,953,864,830,0,382
4237,53305732,816,954,862,835,0,382
4238,53315732,823,954,863,832,0,379
4239,53325732,824,955,865,831,0,379
4240,53335732,824,956,870,832,0,376
4241,53345732,825,957,860,828,0,377
4242,53355732,827,958,862,827,0,376
4243,53365732,828,959,859,828,0,375
4244,53375732,829,965,860,826,0,373
4245,53385732,832,966,858,827,0,369
4246,53395732,834,967,856,828,0,367
4247,53405732,838,968,857,832,0,364
4248,53415732,838,968,857,825,0,363
4249,53425732,840,970,854,824,0,362
4250,53435732,769,954,789,789,0,360
4251,53445732,842,971,853,823,0,359
4252,53455732,841,971,853,825,0,358
4253,53465732,845,971,853,817,0,356
4254,53475732,846,975,852,821,2,352
4255,53485732,848,973,851,821,0,350
4256,53495732,775,959,781,785,0,348
4257,53505732,847,974,851,818,0,347
4258,53515732,853,977,848,822,0,346
4259,53525732,854,979,850,815,0,346
4260,53535732,854,980,850,812,0,346
4261,53545732,855,981,848,815,1,345
4262,53555732,858,985,845,814,0,343
4263,53565732,823,928,845,816,0,342
4264,53575732,858,984,848,813,0,341
4265,53585732,863,984,848,815,0,340
4266,53595732,863,983,847,813,0,339
4267,53605732,862,985,847,814,0,339
4268,53615732,861,986,846,813,0,340
4269,53625732,860,951,798,761,0,291
4270,53635732,870,985,847,813,0,340
4271,53645732,864,986,847,814,0,341
4272,53655732,864,986,838,815,0,342
4273,53665732,864,986,845,813,0,342
4274,53675732,867,986,846,813,0,342
4275,53685732,868,987,844,812,0,343
4276,53695732,862,988,851,815,0,343
4277,53705732,862,986,845,811,0,344
4278,53715732,864,987,844,812,0,344
4279,53725732,871,987,845,811,0,344
4280,53735732,868,987,842,811,0,343
4281,53745732,869,993,844,811,0,343
4282,53755732,870,988,845,811,0,342
4283,53765732,871,998,843,809,0,338
4284,53775732,872,988,843,809,0,334
4285,53785732,873,995,841,808,0,331
4286,53795732,875,998,835,807,0,329
4287,53805732,875,994,839,806,0,325
4288,53815732,877,998,836,804,0,321
4289,53825732,843,945,830,805,0,317
4290,53835732,884,1001,836,804,0,315
4291,53845732,888,999,839,803,0,312
4292,53855732,889,997,835,803,0,310
4293,53865732,890,999,838,802,0,310
4294,53875732,890,1010,837,802,0,308
4295,53885732,891,1003,837,802,0,304
4296,53895732,893,1001,837,802,0,306
4297,53905732,895,1004,838,802,0,307
4298,53915732,894,1005,838,802,0,306
4299,53925732,896,1003,838,802,0,307
4300,53935732,894,1005,836,803,0,307
4301,53945732,894,1004,837,802,0,307
4302,53955732,894,1006,838,802,0,309
4303,53965732,892,1004,840,804,0,311
4304,53975732,891,1004,840,804,0,313
4305,53985732,888,1003,839,804,0,317
4306,53995732,886,1002,840,804,0,319
4307,54005732,885,1002,841,806,0,326
4308,54015732,883,1002,840,806,0,326
4309,54025732,878,1002,838,805,0,299
4310,54035732,877,1000,841,805,0,330
4311,54045732,876,998,840,805,0,332
4312,54055732,874,997,840,806,0,334
4313,54065732,873,996,839,805,0,333
4314,54075732,873,997,839,805,0,335
4315,54085732,874,998,838,804,0,335
4316,54095732,822,969,761,798,0,334
4317,54105732,876,999,834,799,0,330
4318,54115732,878,1001,827,797,0,328
4319,54125732,883,1003,825,795,0,323
4320,54135732,888,1003,821,790,0,312
4321,54145732,893,1005,819,786,0,302
4322,54155732,903,1010,817,779,0,295
4323,54165732,874,962,811,775,0,286
4324,54175732,920,1021,809,765,0,279
4325,54185732,928,1031,804,760,0,264
4326,54195732,936,1035,802,756,0,251
4327,54205732,942,1040,799,750,0,247
4328,54215732,947,1043,798,748,0,244
4329,54225732,951,1045,798,747,0,243
4330,54235732,953,1046,798,747,0,241
4331,54245732,953,1047,798,747,0,239
4332,54255732,953,1047,798,746,0,237
4333,54265732,955,1048,798,745,0,236
4334,54275732,956,1049,797,744,0,234
4335,54285732,957,1051,796,744,0,231
4336,54295732,961,1054,797,744,0,232
4337,54305732,965,1054,798,745,0,234
4338,54315732,961,1052,800,746,0,236
4339,54325732,957,1051,801,747,0,237
4340,54335732,956,1049,803,749,0,241
4341,54345732,954,1048,804,750,0,242
4342,54355732,953,1048,805,753,0,244
4343,54365732,953,1049,806,755,0,246
4344,54375732,952,1048,806,755,0,247
4345,54385732,952,1048,807,756,0,248
4346,54395732,951,1048,807,758,0,248
4347,54405732,953,1048,807,759,0,249
4348,54415732,952,1048,808,759,0,251
4349,54425732,951,1048,808,758,0,249
4350,54435732,950,1047,808,760,0,251
4351,54445732,949,1047,808,759,0,251
4352,54455732,948,1046,809,760,0,254
4353,54465732,948,1046,810,762,0,252
4354,54475732,946,1045,811,763,0,260
4355,54485732,943,1044,811,764,0,255
4356,54495732,941,1042,810,764,0,234
4357,54505732,939,1040,813,766,0,264
4358,54515732,937,1040,813,767,0,270
4359,54525732,936,1039,814,769,0,270
4360,54535732,936,1039,814,773,0,271
4361,54545732,936,1040,815,773,0,277
4362,54555732,936,1040,818,775,0,275
4363,54565732,880,1008,747,769,0,277
4364,54575732,937,1040,821,777,0,281
4365,54585732,936,1040,821,777,0,280
4366,54595732,935,1038,821,778,0,281
4367,54605732,932,1038,822,778,0,282
4368,54615732,928,1035,822,778,0,280
4369,54625732,872,1001,749,765,0,284
4370,54635732,923,1032,822,780,0,291
4371,54645732,919,1025,822,782,0,297
4372,54655732,912,1022,823,778,0,294
4373,54665732,908,1019,824,786,0,299
4374,54675732,906,1017,824,785,0,302
4375,54685732,905,1015,825,789,0,309
4376,54695732,905,1015,825,786,0,303
4377,54705732,903,1014,825,786,0,303
4378,54715732,903,1014,826,788,0,306
4379,54725732,901,1014,823,788,0,301
4380,54735732,901,1014,826,787,0,305
4381,54745732,900,1014,826,785,0,304
4382,54755732,901,1014,826,788,0,305
4383,54765732,901,1014,827,783,0,305
4384,54775732,902,1014,833,788,0,304
4385,54785732,898,1014,826,788,0,305
4386,54795732,895,1014,827,789,0,305
4387,54805732,893,1013,825,792,0,308
4388,54815732,893,1013,827,784,0,306
4389,54825732,892,1014,829,790,0,308
4390,54835732,891,1014,823,791,0,309
4391,54845732,890,1014,827,792,0,310
4392,54855732,889,1013,832,793,0,310
4393,54865732,887,1013,827,793,0,312
4394,54875732,886,1013,833,791,0,315
4395,54885732,884,1010,829,723,0,273
4396,54895732,885,1012,831,794,0,315
4397,54905732,885,1013,831,796,0,317
4398,54915732,884,1012,832,796,0,316
4399,54925732,884,1012,835,802,0,324
4400,54935732,884,1012,834,796,0,327
4401,54945732,884,1012,829,796,0,298
4402,54955732,881,1010,838,791,0,331
4403,54965732,880,1009,840,798,0,332
4404,54975732,877,1011,841,803,0,335
4405,54985732,877,1010,840,802,0,338
4406,54995732,878,1010,842,802,0,340
4407,55005732,877,1008,841,800,0,343
4408,55015732,805,993,770,768,0,344
4409,55025732,874,1009,843,804,0,344
4410,55035732,877,1008,843,803,0,349
4411,55045732,873,1009,844,802,0,350
4412,55055732,873,1007,844,805,0,357
4413,55065732,881,1007,845,808,0,359
4414,55075732,871,1007,844,802,0,360
4415,55085732,791,990,779,772,0,359
4416,55095732,879,1007,848,804,0,365
4417,55105732,872,1008,849,809,0,368
4418,55115732,875,1009,851,807,0,372
4419,55125732,865,1010,851,807,0,374
4420,55135732,869,1008,851,808,0,375
4421,55145732,872,1009,851,810,0,376
4422,55155732,870,1010,851,810,0,378
4423,55165732,872,1011,852,811,0,379
4424,55175732,867,1012,852,809,0,379
4425,55185732,879,1012,852,811,0,380
4426,55195732,875,1014,853,813,0,380
4427,55205732,876,1014,853,812,0,381
4428,55215732,875,1014,854,811,0,381
4429,55225732,884,1015,853,813,0,381
4430,55235732,877,1021,854,812,0,381
4431,55245732,881,1020,853,812,0,380
4432,55255732,883,1020,853,812,0,379
4433,55265732,886,1017,854,813,0,377
4434,55275732,889,1020,854,813,0,375
4435,55285732,892,1025,849,813,0,375
4436,55295732,891,1027,853,813,0,375
4437,55305732,890,1024,854,814,0,375
4438,55315732,892,1025,853,814,0,375
4439,55325732,893,1026,854,814,0,376
4440,55335732,894,1030,854,814,0,374
4441,55345732,894,1031,857,813,0,374
4442,55355732,896,1031,855,814,0,375
4443,55365732,896,1028,856,814,0,377
4444,55375732,894,1025,856,815,0,377
4445,55385732,897,1032,859,817,0,378
4446,55395732,893,1028,859,818,0,379
4447,55405732,892,1028,859,819,0,380
4448,55415732,892,996,809,767,0,335
4449,55425732,893,1028,858,820,0,382
4450,55435732,895,1032,859,820,0,382
4451,55445732,895,1032,860,820,0,382
4452,55455732,894,1033,859,821,0,386
4453,55465732,893,1032,861,821,0,388
4454,55475732,892,1031,863,822,0,389
4455,55485732,860,976,862,825,0,390
4456,55495732,889,1022,864,824,0,389
4457,55505732,888,1023,866,825,0,391
4458,55515732,886,1023,865,825,0,391
4459,55525732,885,1021,866,825,0,392
4460,55535732,885,1020,867,826,0,393
4461,55545732,884,1021,869,827,0,394
4462,55555732,883,1020,869,828,0,394
4463,55565732,880,1018,869,829,0,396
4464,55575732,878,1016,870,830,0,397
4465,55585732,874,1014,870,832,0,397
4466,55595732,874,1012,871,835,0,398
4467,55605732,871,1012,872,837,0,401
4468,55615732,869,1011,870,837,0,368
4469,55625732,869,1010,873,839,0,403
4470,55635732,868,1010,873,840,0,404
4471,55645732,866,1009,875,842,0,406
4472,55655732,862,1006,876,842,0,406
4473,55665732,859,1005,875,842,0,406
4474,55675732,857,1004,877,844,0,408
4475,55685732,782,986,807,809,0,407
4476,55695732,854,999,876,845,0,409
4477,55705732,852,999,876,845,0,409
4478,55715732,851,998,876,846,0,409
4479,55725732,851,997,877,847,0,414
4480,55735732,851,998,877,846,0,414
4481,55745732,851,998,877,846,0,414
4482,55755732,851,999,878,846,0,414
4483,55765732,851,998,878,847,0,415
4484,55775732,851,998,879,847,0,415
4485,55785732,850,998,879,846,0,415
4486,55795732,849,997,882,849,0,418
4487,55805732,846,996,883,851,0,420
4488,55815732,836,995,883,851,0,420
4489,55825732,843,991,884,852,0,422
4490,55835732,842,991,885,854,0,420
4491,55845732,842,990,885,855,0,420
4492,55855732,842,991,0,857,0,423
4493,55865732,841,990,0,858,0,420
4494,55875732,840,988,0,859,0,426
4495,55885732,839,988,0,860,0,421
4496,55895732,836,987,0,861,0,425
4497,55905732,834,986,0,861,0,423
4498,55915732,830,985,0,860,0,427
4499,55925732,829,984,0,862,0,429
4500,55935732,827,983,0,865,0,429
4501,55945732,825,983,0,865,0,398
4502,55955732,825,982,0,868,0,430
4503,55965732,824,981,0,868,0,433
4504,55975732,823,980,0,868,0,434
4505,55985732,822,981,0,869,0,436
4506,55995732,821,979,0,870,0,441
4507,56005732,819,979,0,873,0,437
4508,56015732,811,978,0,874,0,437
4509,56025732,816,975,0,874,0,437
4510,56035732,816,976,0,874,0,440
4511,56045732,814,974,0,875,0,440
4512,56055732,814,974,0,875,0,439
4513,56065732,813,974,0,875,0,443
4514,56075732,745,959,0,842,0,439
4515,56085732,815,976,0,877,0,440
4516,56095732,815,976,0,877,0,436
4517,56105732,816,976,0,876,0,441
4518,56115732,817,976,0,875,0,433
4519,56125732,819,977,0,879,0,437
4520,56135732,820,978,0,879,0,444
4521,56145732,820,979,0,872,0,441
4522,56155732,820,979,0,877,0,442
4523,56165732,820,978,0,879,0,440
4524,56175732,819,979,0,879,0,445
4525,56185732,819,979,0,878,0,441
4526,56195732,820,979,0,877,0,440
4527,56205732,817,980,0,880,0,440
4528,56215732,823,981,0,878,0,440
4529,56225732,824,982,0,880,0,443
4530,56235732,825,983,0,880,0,440
4531,56245732,826,983,0,879,3,440
4532,56255732,827,984,0,877,0,439
4533,56265732,827,984,0,879,0,439
4534,56275732,827,985,1,882,0,439
4535,56285732,828,985,0,879,0,440
4536,56295732,828,984,0,881,0,441
4537,56305732,827,983,0,878,0,441
4538,56315732,826,983,0,880,0,443
4539,56325732,823,981,0,887,0,440
4540,56335732,821,980,0,884,0,443
4541,56345732,817,978,0,880,0,443
4542,56355732,814,973,0,877,0,444
4543,56365732,814,975,0,878,0,443
4544,56375732,814,974,0,879,0,444
4545,56385732,814,975,0,877,0,446
4546,56395732,745,959,0,844,0,443
4547,56405732,814,974,0,875,0,445
4548,56415732,813,973,0,869,0,445
4549,56425732,813,972,0,874,0,445
4550,56435732,812,969,0,881,0,445
4551,56445732,808,968,0,876,0,445
4552,56455732,806,968,0,873,0,445
4553,56465732,805,965,0,870,0,446
4554,56475732,807,964,0,874,0,445
4555,56485732,806,966,0,871,0,445
4556,56495732,807,967,0,870,0,446
4557,56505732,808,966,0,868,0,446
4558,56515732,810,968,0,869,0,447
4559,56525732,803,970,0,865,0,445
4560,56535732,813,971,0,866,0,446
4561,56545732,817,973,0,862,0,446
4562,56555732,822,976,0,863,0,446
4563,56565732,824,980,0,863,0,449
4564,56575732,826,981,0,858,0,450
4565,56585732,775,945,0,829,0,452
4566,56595732,830,982,0,856,0,447
4567,56605732,838,983,0,855,0,444
4568,56615732,837,984,0,854,0,443
4569,56625732,839,985,0,852,0,442
4570,56635732,840,986,838,847,0,438
4571,56645732,840,987,843,844,0,436
4572,56655732,838,986,844,844,0,436
4573,56665732,843,988,844,844,0,435
4574,56675732,841,988,843,835,0,432
4575,56685732,838,989,844,841,0,429
4576,56695732,845,990,844,840,0,428
4577,56705732,847,991,844,837,0,427
4578,56715732,844,990,841,835,0,392
4579,56725732,845,988,844,837,0,425
4580,56735732,846,994,845,834,0,424
4581,56745732,849,995,845,836,0,423
4582,56755732,850,998,845,835,0,422
4583,56765732,853,997,845,836,0,420
4584,56775732,854,1000,844,836,0,420
4585,56785732,856,1003,843,832,0,386
4586,56795732,858,1004,845,835,0,417
4587,56805732,860,996,845,832,0,419
4588,56815732,862,1003,847,832,0,417
4589,56825732,862,1007,849,832,0,418
4590,56835732,866,1010,848,834,0,418
4591,56845732,868,1011,849,832,0,415
4592,56855732,833,958,846,833,0,414
4593,56865732,869,1014,850,831,0,413
4594,56875732,873,1015,853,831,0,413
4595,56885732,876,1017,849,831,0,413
4596,56895732,876,1019,852,831,0,413
4597,56905732,878,1017,850,831,0,413
4598,56915732,806,1006,779,799,0,412
4599,56925732,875,1022,850,831,0,413
4600,56935732,883,1021,850,832,0,412
4601,56945732,885,1024,852,832,0,412
4602,56955732,886,1022,852,831,0,413
4603,56965732,886,1030,852,833,0,412
4604,56975732,887,1030,853,834,0,412
4605,56985732,835,998,774,828,0,413
4606,56995732,889,1030,854,835,0,412
4607,57005732,890,1032,855,831,0,412
4608,57015732,889,1032,854,834,0,413
4609,57025732,890,1034,855,836,0,413
4610,57035732,890,1033,855,835,0,413
4611,57045732,890,997,807,781,0,364
4612,57055732,891,1033,855,836,0,413
4613,57065732,891,1033,856,836,0,413
4614,57075732,893,1034,856,838,0,413
4615,57085732,893,1034,856,838,0,414
4616,57095732,892,1034,857,838,0,414
4617,57105732,893,1034,858,839,0,412
4618,57115732,893,1034,858,839,0,413
4619,57125732,893,1034,858,839,0,414
4620,57135732,892,1034,858,839,0,413
4621,57145732,894,1035,858,839,0,413
4622,57155732,893,1035,858,839,0,413
4623,57165732,894,1035,859,839,0,413
4624,57175732,894,1036,859,839,0,414
4625,57185732,894,1034,859,839,0,413
4626,57195732,893,1035,858,840,0,414
4627,57205732,894,1035,859,839,0,414
4628,57215732,895,1034,859,840,0,414
4629,57225732,895,1035,859,840,0,415
4630,57235732,895,1035,860,840,0,415
4631,57245732,897,1036,860,840,0,418
4632,57255732,895,1036,860,840,0,417
4633,57265732,895,1035,861,841,0,415
4634,57275732,895,1036,861,840,0,417
4635,57285732,894,1036,861,841,0,419
4636,57295732,894,1036,861,841,0,417
4637,57305732,894,1032,861,767,0,373
4638,57315732,894,1037,862,842,0,417
4639,57325732,894,1036,861,842,0,417
4640,57335732,893,1035,862,841,0,418
4641,57345732,892,1034,863,842,0,419
4642,57355732,891,1033,863,842,0,419
4643,57365732,891,1032,862,842,0,416
4644,57375732,857,976,862,843,0,420
4645,57385732,891,1032,862,842,0,420
4646,57395732,891,1033,862,843,0,419
4647,57405732,892,1033,863,843,0,420
4648,57415732,891,1033,863,842,0,419
4649,57425732,891,1032,863,842,0,420
4650,57435732,891,1032,865,843,0,419
4651,57445732,890,1032,864,843,0,422
4652,57455732,889,1031,864,843,0,421
4653,57465732,889,1030,864,843,0,420
4654,57475732,887,1029,864,843,0,415
4655,57485732,887,1030,865,842,0,421
4656,57495732,887,1029,866,842,0,420
4657,57505732,888,1031,866,843,0,424
4658,57515732,888,1027,865,843,0,428
4659,57525732,888,1031,866,843,0,419
4660,57535732,886,1030,865,843,0,427
4661,57545732,886,1026,866,844,0,423
4662,57555732,885,1023,864,843,0,419
4663,57565732,849,972,864,844,0,421
4664,57575732,884,1024,865,843,0,424
4665,57585732,883,1025,866,843,0,420
4666,57595732,883,1025,867,844,0,426
4667,57605732,883,1024,866,844,0,421
4668,57615732,884,1023,866,844,0,427
4669,57625732,884,1022,867,844,0,422
4670,57635732,884,1023,865,844,0,426
4671,57645732,883,1022,867,844,0,421
4672,57655732,883,1021,867,845,0,422
4673,57665732,882,1020,866,845,0,421
4674,57675732,879,1020,867,844,0,421
4675,57685732,879,1019,866,843,0,423
4676,57695732,867,1019,867,845,0,422
4677,57705732,879,1018,866,845,0,423
4678,57715732,880,1019,867,841,0,423
4679,57725732,879,1019,859,843,0,425
4680,57735732,878,1018,867,844,0,423
4681,57745732,879,1018,867,844,0,423
4682,57755732,879,1018,867,843,0,424
4683,57765732,879,1019,869,846,0,423
4684,57775732,880,1019,876,844,0,424
4685,57785732,880,1018,867,844,0,427
4686,57795732,879,1019,869,845,0,425
4687,57805732,880,1019,871,840,0,423
4688,57815732,881,1019,866,851,0,425
4689,57825733,882,1020,877,844,0,423
4690,57835732,882,1020,867,838,0,423
4691,57845732,882,1020,868,844,0,424
4692,57855732,883,1020,865,845,0,423
4693,57865732,882,1021,865,844,0,424
4694,57875732,883,1021,870,845,0,422
4695,57885732,848,969,866,845,0,424
4696,57895732,884,1021,870,842,0,423
4697,57905732,884,1022,866,844,0,423
4698,57915732,884,1021,868,839,0,423
4699,57925732,883,1021,868,841,0,423
4700,57935732,884,1024,868,844,0,423
4701,57945732,811,1015,800,811,0,423
4702,57955732,885,1023,870,847,0,423
4703,57965732,884,1024,868,846,0,423
4704,57975732,884,1022,870,844,0,424
4705,57985732,884,1025,867,845,3,423
4706,57995732,884,1020,868,846,0,423
4707,58005732,810,1009,799,808,0,422
4708,58015732,884,1023,869,845,0,423
4709,58025732,883,1022,868,846,0,423
4710,58035732,884,1022,868,852,0,423
4711,58045732,884,1023,869,850,0,424
4712,58055732,883,1022,870,843,0,425
4713,58065732,879,1023,870,845,0,424
4714,58075732,881,1023,870,847,0,423
4715,58085732,876,1022,870,846,0,424
4716,58095732,882,1021,871,848,0,424
4717,58105732,885,1022,870,846,0,424
4718,58115732,879,1021,870,847,0,424
4719,58125732,883,1020,871,849,0,425
4720,58135732,803,1008,803,813,0,424
4721,58145732,877,1021,871,848,0,425
4722,58155732,882,1021,872,850,0,425
4723,58165732,878,1020,872,849,0,425
4724,58175732,875,1020,872,849,0,426
4725,58185732,879,1019,871,849,0,426
4726,58195732,880,1019,873,850,0,427
4727,58205732,868,967,796,849,0,428
4728,58215732,879,1030,873,852,0,428
4729,58225732,881,1017,874,852,0,428
4730,58235732,878,1019,874,853,0,428
4731,58245732,878,1020,870,852,0,429
4732,58255732,878,1020,875,853,0,430
4733,58265732,874,1018,881,854,0,432
4734,58275732,811,996,878,860,0,432
4735,58285732,876,1019,878,855,0,436
4736,58295732,875,1023,875,856,0,436
4737,58305732,873,1015,878,856,0,437
4738,58315732,873,1012,877,855,0,439
4739,58325732,873,1015,879,856,0,438
4740,58335732,873,1016,877,856,0,438
4741,58345732,872,1016,878,856,0,439
4742,58355732,872,1015,876,857,0,439
4743,58365732,872,1017,879,857,0,441
4744,58375732,871,1011,880,858,0,440
4745,58385732,871,1015,880,857,0,440
4746,58395732,871,1015,879,858,0,443
4747,58405732,871,1014,881,859,0,443
4748,58415732,870,1015,881,859,0,444
4749,58425732,869,1014,883,859,0,444
4750,58435732,869,1014,884,860,0,445
4751,58445732,868,1012,885,860,0,445
4752,58455732,867,1013,883,861,0,445
4753,58465732,867,1011,884,859,0,416
4754,58475732,867,1011,885,860,0,447
4755,58485732,867,1013,885,861,0,447
4756,58495732,866,1013,883,860,0,450
4757,58505732,864,1012,882,861,0,452
4758,58515732,863,1011,878,862,0,453
4759,58525732,862,1011,722,864,0,454
4760,58535732,831,957,705,865,0,454
4761,58545732,861,1008,725,865,0,454
4762,58555732,861,1006,798,866,0,454
4763,58565732,860,1006,0,866,0,456
4764,58575732,860,1007,0,867,0,455
4765,58585732,860,1007,0,866,0,456
4766,58595732,861,1006,0,868,0,457
4767,58605733,861,1007,0,867,0,456
4768,58615732,861,1007,0,868,0,457
4769,58625732,860,1006,0,869,0,457
4770,58635732,860,1007,0,870,0,458
4771,58645732,860,1006,0,870,0,457
4772,58655732,860,1006,0,869,0,458
4773,58665732,859,1003,0,796,0,411
4774,58675732,860,1005,0,870,0,458
4775,58685732,859,1005,0,871,0,459
4776,58695732,859,1004,0,871,0,459
4777,58705732,859,1005,0,872,0,459
4778,58715732,860,1005,0,871,0,460
4779,58725732,859,1002,0,798,0,414
4780,58735732,860,1005,0,871,0,461
4781,58745732,859,1004,0,872,0,461
4782,58755732,858,1003,0,872,0,461
4783,58765732,857,1003,0,872,0,461
4784,58775732,857,1002,0,872,0,461
4785,58785732,857,1000,0,798,0,415
4786,58795732,859,1002,0,873,0,461
4787,58805732,860,1004,0,873,0,461
4788,58815732,861,1005,0,873,0,461
4789,58825732,862,1006,0,873,0,461
4790,58835732,862,1007,0,873,0,461
4791,58845732,862,1006,0,873,0,463
4792,58855732,807,978,0,867,0,462
4793,58865732,861,1006,0,873,0,461
4794,58875732,861,1007,0,874,0,462
4795,58885732,861,1006,0,873,0,461
4796,58895732,861,1006,0,874,0,458
4797,58905732,861,1007,0,874,0,458
4798,58915732,821,953,0,845,0,461
4799,58925732,862,1006,0,873,0,460
4800,58935732,862,1008,0,873,0,461
4801,58945732,862,1008,0,873,0,462
4802,58955732,864,1007,0,873,0,461
4803,58965732,862,1007,0,873,0,458
4804,58975732,810,978,0,867,0,461
4805,58985732,862,1007,0,872,0,465
4806,58995732,862,1007,0,872,0,456
4807,59005732,862,1006,0,871,0,464
4808,59015732,862,1007,0,871,2,462
4809,59025732,861,1007,0,871,0,451
4810,59035732,860,1006,0,871,0,455
4811,59045732,807,978,0,863,0,461
4812,59055732,860,1005,0,870,0,461
4813,59065732,860,1005,0,870,0,461
4814,59075732,860,1004,0,869,0,452
4815,59085732,859,1004,0,869,0,458
4816,59095732,859,1004,0,869,0,461
4817,59105732,859,1004,0,868,0,460
4818,59115732,859,1004,0,867,0,463
4819,59125732,859,1003,0,872,0,458
4820,59135732,859,1004,0,867,0,458
4821,59145732,859,1004,0,867,0,462
4822,59155732,858,1003,0,866,0,461
4823,59165732,858,1003,0,865,0,461
4824,59175732,859,1004,0,869,0,463
4825,59185732,858,1003,0,869,0,459
4826,59195732,857,1002,0,868,0,459
4827,59205732,857,1003,0,870,0,460
4828,59215732,857,1002,0,867,0,462
4829,59225732,857,1002,0,869,0,460
4830,59235732,857,1002,0,868,0,460
4831,59245732,858,1003,0,868,0,460
4832,59255732,858,1002,0,867,0,460
4833,59265732,857,1003,2,867,0,464
4834,59275732,858,1003,0,867,0,460
4835,59285732,857,1003,0,867,0,461
4836,59295732,857,1003,0,868,0,461
4837,59305732,823,952,0,869,0,458
4838,59315732,858,1003,0,867,0,461
4839,59325732,858,1004,0,870,0,462
4840,59335732,858,1004,0,866,0,461
4841,59345732,858,1003,0,864,0,463
4842,59355732,858,1003,0,864,0,461
4843,59365732,858,1001,0,793,0,418
4844,59375732,858,1003,0,870,0,465
4845,59385732,858,1003,0,866,0,463
4846,59395732,858,1003,0,857,0,466
4847,59405732,858,1003,0,868,0,466
4848,59415732,858,1003,0,868,0,464
4849,59425732,859,1003,0,871,0,465
4850,59435732,787,989,0,835,0,463
4851,59445732,858,1006,0,870,0,467
4852,59455732,858,1004,0,870,0,468
4853,59465732,859,1005,0,871,0,467
4854,59475732,859,1006,0,877,0,468
4855,59485732,859,1006,0,868,0,468
4856,59495732,860,1005,0,867,0,468
4857,59505732,848,1006,0,869,0,468
4858,59515732,862,1009,0,866,0,468
4859,59525732,872,1006,0,868,0,468
4860,59535732,861,1008,0,870,0,468
4861,59545732,864,1008,0,869,0,468
4862,59555732,867,1009,0,869,0,469
4863,59565732,861,1009,0,869,0,468
4864,59575732,860,1011,0,869,0,468
4865,59585732,859,1011,0,867,0,468
4866,59595732,868,1012,0,868,0,467
4867,59605732,870,1013,0,869,0,468
4868,59615732,865,1012,0,867,0,468
4869,59625732,869,1013,0,869,0,468
4870,59635732,871,1013,0,868,0,467
4871,59645732,867,1015,0,870,0,468
4872,59655732,879,1015,0,868,0,468
4873,59665732,868,1014,0,871,0,468
4874,59675732,867,1015,0,868,0,468
4875,59685732,868,1013,0,869,0,467
4876,59695732,869,1023,0,868,0,468
4877,59705732,871,971,0,814,0,413
4878,59715732,872,1017,0,869,0,468
4879,59725732,871,1014,0,868,0,467
4880,59735732,875,1015,0,869,0,468
4881,59745732,874,1014,0,868,0,468
4882,59755732,871,1017,0,868,0,467
4883,59765732,874,1013,0,867,0,467
4884,59775732,875,1013,0,867,0,467
4885,59785732,873,1013,0,867,0,467
4886,59795732,874,1016,0,868,0,467
4887,59805732,874,1010,0,865,0,467
4888,59815732,868,1016,0,866,0,467
4889,59825732,878,1019,0,866,0,467
4890,59835732,873,1016,0,791,0,420
4891,59845732,875,1018,0,867,0,467
4892,59855732,875,1017,0,866,0,467
4893,59865732,876,1016,0,865,0,467
4894,59875732,876,1018,0,865,0,467
4895,59885732,878,1017,0,864,0,467
4896,59895732,878,1020,0,863,0,467
4897,59905732,877,1021,0,865,0,466
4898,59915732,879,1022,0,864,0,465
4899,59925732,882,1019,0,862,0,466
4900,59935732,880,1023,0,863,0,464
4901,59945732,883,1025,0,862,0,462
4902,59955732,884,1026,0,862,0,460
4903,59965732,886,1032,0,860,0,427
4904,59975732,886,1033,0,861,0,460
4905,59985732,888,1033,0,861,0,460
4906,59995732,890,1033,0,861,0,460
4907,60005732,889,1033,0,861,0,460
4908,60015732,891,1034,0,861,0,461
4909,60025732,891,1034,0,862,0,460
4910,60035733,892,1035,0,862,0,459
4911,60045732,893,1034,0,861,0,459
4912,60055732,894,1035,0,861,0,459
4913,60065732,893,1035,0,861,0,458
4914,60075732,894,1036,0,861,0,460
4915,60085732,895,1036,0,861,0,459
4916,60095733,897,1037,0,862,0,458
4917,60105732,894,1037,0,861,0,458
4918,60115732,897,1037,0,861,0,458
4919,60125732,898,1038,0,861,0,457
4920,60135732,900,1038,0,861,0,456
4921,60145732,900,1037,0,860,0,456
4922,60155732,901,1039,0,860,0,453
4923,60165732,901,1041,0,860,0,453
4924,60175732,903,1040,790,859,0,453
4925,60185732,903,1041,793,858,0,451
4926,60195732,904,1041,794,858,0,449
4927,60205732,905,1041,795,858,0,450
4928,60215732,906,1041,796,857,0,446
4929,60225732,850,1009,719,851,0,446
4930,60235732,907,1042,773,857,0,445
4931,60245732,906,1042,796,856,0,444
4932,60255732,906,1043,794,857,0,443
4933,60265732,907,1043,816,856,0,442
4934,60275732,907,1042,828,856,0,442
4935,60285732,908,1042,822,856,0,442
4936,60295732,910,1043,823,856,0,441
4937,60305732,910,1043,839,855,0,442
4938,60315732,911,1044,846,855,0,440
4939,60325732,912,1044,850,855,0,439
4940,60335732,912,1045,851,854,0,439
4941,60345732,913,1044,852,855,0,438
4942,60355733,915,1045,854,854,0,438
4943,60365732,916,1045,852,854,0,436
4944,60375732,916,1046,852,853,0,437
4945,60385732,917,1046,853,853,0,436
4946,60395732,916,1046,854,853,0,435
4947,60405732,917,1045,854,853,0,436
4948,60415732,917,1046,854,853,0,442
4949,60425732,918,1047,854,853,0,435
4950,60435732,917,1046,854,853,0,435
4951,60445732,919,1047,854,853,0,426
4952,60455732,919,1047,854,852,0,437
4953,60465732,919,1048,854,853,0,435
4954,60475732,919,1048,854,853,0,443
4955,60485732,919,1048,855,852,0,434
4956,60495732,919,1048,855,852,0,432
4957,60505732,919,1048,855,852,0,430
4958,60515732,920,1048,855,852,0,435
4959,60525732,921,1049,856,851,0,439
4960,60535732,921,1048,856,852,0,432
4961,60545732,920,1049,857,851,0,435
4962,60555732,921,1049,857,851,0,429
4963,60565732,921,1049,856,850,0,424
4964,60575732,920,1049,856,850,0,427
4965,60585732,921,1050,855,849,0,436
4966,60595732,921,1049,855,848,0,433
4967,60605732,921,1049,855,848,0,429
4968,60615732,922,1050,855,846,0,429
4969,60625732,922,1050,855,846,0,427
4970,60635732,923,1050,855,845,0,425
4971,60645732,924,1051,854,846,0,426
4972,60655732,925,1052,854,845,0,426
4973,60665732,927,1053,854,845,0,426
4974,60675732,930,1050,853,771,0,382
4975,60685732,931,1054,854,844,0,421
4976,60695732,932,1054,854,844,0,421
4977,60705732,933,1055,854,843,0,423
4978,60715732,934,1055,854,843,0,418
4979,60725732,934,1057,854,842,0,414
4980,60735732,935,1056,853,843,0,421
4981,60745732,936,1059,856,852,0,421
4982,60755732,935,1059,854,842,0,422
4983,60765732,936,1058,853,836,0,419
4984,60775732,936,1060,853,842,0,419
4985,60785732,936,1061,857,841,0,420
4986,60795732,936,1061,853,847,0,420
4987,60805732,938,1063,851,841,0,420
4988,60815732,939,1062,857,839,0,420
4989,60825732,939,1062,856,842,0,420
4990,60835732,939,1062,852,843,0,419
4991,60845732,940,1063,854,848,0,420
4992,60855732,940,1063,853,840,0,421
4993,60865732,940,1063,855,844,0,419
4994,60875732,941,1063,855,844,0,420
4995,60885732,940,1063,858,844,0,420
4996,60895732,940,1063,855,847,0,420
4997,60905732,941,1063,857,850,0,419
4998,60915732,940,1063,855,844,0,419
4999,60925732,941,1063,856,840,0,420
5000,60935732,866,1048,784,815,0,420
5001,60945732,941,1064,856,841,0,420
5002,60955732,941,1064,856,846,0,420
5003,60965732,941,1064,856,843,0,420
5004,60975732,941,1065,856,849,3,419
5005,60985732,941,1066,856,846,0,420
5006,60995732,941,1065,857,842,0,419
5007,61005732,941,1067,858,842,0,420
5008,61015732,941,1066,857,845,0,421
5009,61025732,941,1067,857,843,0,420
5010,61035732,941,1066,857,842,2,420
5011,61045732,937,1066,858,845,0,420
5012,61055732,949,1066,858,842,0,420
5013,61065732,937,1067,859,835,0,421
5014,61075732,939,1065,858,844,0,421
5015,61085732,943,1064,859,844,0,421
5016,61095732,941,1066,858,844,0,422
5017,61105732,941,1064,858,844,0,422
5018,61115732,942,1063,859,843,0,422
5019,61125732,943,1063,859,843,0,422
5020,61135732,941,1062,860,844,0,423
5021,61145732,940,1066,860,845,0,423
5022,61155732,940,1063,861,845,0,422
5023,61165732,942,1063,861,845,0,424
5024,61175732,940,1063,861,845,0,424
5025,61185732,940,1066,861,846,0,426
5026,61195732,937,1062,861,846,0,426
5027,61205732,941,1067,861,846,0,426
5028,61215732,939,1063,862,846,0,426
5029,61225732,940,1062,861,845,0,425
5030,61235732,939,1060,865,846,0,426
5031,61245732,939,1063,862,845,0,426
5032,61255732,940,1061,860,845,0,425
5033,61265732,905,1007,862,846,0,426
5034,61275732,939,1060,858,845,0,426
5035,61285732,937,1060,860,845,0,426
5036,61295732,940,1063,863,846,0,427
5037,61305732,940,1061,864,846,0,427
5038,61315732,940,1059,863,847,0,427
5039,61325732,941,1061,863,846,0,428
5040,61335732,933,1060,867,846,0,427
5041,61345732,940,1060,860,846,0,428
5042,61355732,940,1064,862,846,0,426
5043,61365732,940,1062,862,845,0,427
5044,61375732,939,1070,863,846,0,427
5045,61385732,940,1062,863,846,0,426
5046,61395732,940,1062,864,846,0,427
5047,61405732,941,1063,864,845,0,426
5048,61415732,940,1064,865,845,0,426
5049,61425732,940,1063,863,846,0,426
5050,61435732,940,1062,862,845,0,427
5051,61445732,940,1062,862,845,0,426
5052,61455732,940,1063,861,845,0,426
5053,61465732,864,1047,792,811,0,425
5054,61475732,941,1063,861,845,0,427
5055,61485732,941,1063,861,844,0,427
5056,61495732,941,1063,866,844,0,427
5057,61505732,941,1063,861,844,0,427
5058,61515732,941,1063,863,845,0,427
5059,61525732,940,1063,862,844,0,426
5060,61535732,941,1063,862,845,0,427
5061,61545732,941,1063,861,845,0,427
5062,61555732,940,1063,862,845,0,427
5063,61565732,940,1063,862,844,0,426
5064,61575732,941,1063,860,844,0,425
5065,61585732,940,1063,861,845,0,425
5066,61595733,944,1063,862,845,0,425
5067,61605732,941,1063,862,845,0,427
5068,61615732,942,1063,861,845,0,426
5069,61625732,943,1064,861,845,0,427
5070,61635732,940,1063,862,845,0,427
5071,61645732,941,1063,862,845,0,427
5072,61655732,940,1062,863,846,0,427
5073,61665732,940,1062,863,845,0,427
5074,61675732,941,1062,864,845,0,427
5075,61685732,940,1062,864,846,0,428
5076,61695732,940,1063,865,846,0,428
5077,61705732,939,1063,864,846,0,428
5078,61715732,939,1063,865,846,0,427
5079,61725732,939,1062,866,846,0,428
5080,61735732,938,1062,865,847,0,428
5081,61745732,940,1062,866,847,0,429
5082,61755732,938,1062,866,847,0,429
5083,61765732,938,1061,866,847,0,428
5084,61775732,937,1061,866,847,0,428
5085,61785732,938,1061,865,849,0,428
5086,61795732,937,1061,867,847,0,427
5087,61805732,936,1061,867,847,0,429
5088,61815732,937,1061,867,849,0,429
5089,61825732,935,1060,867,848,0,429
5090,61835732,936,1059,867,848,0,429
5091,61845732,936,1059,868,849,0,430
5092,61855732,936,1057,868,850,0,429
5093,61865732,935,1053,867,774,0,398
5094,61875732,936,1057,868,849,0,429
5095,61885732,934,1056,867,850,0,430
5096,61895732,934,1055,869,850,0,430
5097,61905732,935,1055,869,850,0,430
5098,61915732,933,1055,869,850,0,431
5099,61925732,934,1056,869,849,0,430
5100,61935732,934,1056,869,851,0,431
5101,61945732,933,1056,869,850,0,437
5102,61955732,933,1055,869,850,0,431
5103,61965732,933,1054,869,851,0,422
5104,61975732,934,1055,869,851,0,433
5105,61985732,934,1055,868,850,0,433
5106,61995732,928,1056,869,851,0,432
5107,62005732,933,1054,869,850,0,432
5108,62015732,932,1054,869,850,0,430
5109,62025732,932,1054,869,851,0,433
5110,62035732,933,1054,868,850,0,431
5111,62045732,934,1055,869,849,0,434
5112,62055732,926,1056,869,851,0,434
5113,62065732,933,1055,869,849,0,430
5114,62075732,933,1054,869,850,0,433
5115,62085732,933,1054,869,850,0,435
5116,62095732,933,1054,868,850,0,433
5117,62105732,934,1054,868,849,0,432
5118,62115732,933,1054,869,849,0,433
5119,62125732,933,1054,869,849,0,431
5120,62135732,933,1055,869,849,0,434
5121,62145732,934,1054,869,848,0,422
5122,62155732,934,1055,869,850,0,433
5123,62165732,934,1055,870,849,0,434
5124,62175732,935,1055,871,849,0,435
5125,62185732,934,1021,821,795,0,380
5126,62195732,935,1055,869,850,0,433
5127,62205732,935,1055,867,845,0,434
5128,62215732,935,1055,870,849,0,434
5129,62225732,934,1055,878,849,0,436
5130,62235732,933,1055,869,849,0,432
5131,62245732,934,1055,872,848,0,433
5132,62255732,934,1054,883,849,0,435
5133,62265732,934,1054,870,854,0,433
5134,62275732,933,1054,869,845,0,435
5135,62285732,933,1054,869,854,0,434
5136,62295732,932,1054,870,850,0,439
5137,62305732,932,1053,870,849,0,434
5138,62315732,874,1022,790,840,0,433
5139,62325732,930,1053,872,851,0,436
5140,62335732,927,1052,870,849,0,439
5141,62345732,926,1053,871,850,0,440
5142,62355732,925,1052,871,849,0,435
5143,62365732,924,1051,870,849,0,436
5144,62375732,924,1051,870,849,0,437
5145,62385732,856,1032,871,852,0,437
5146,62395732,924,1050,871,854,0,438
5147,62405732,923,1050,873,848,0,438
5148,62415732,922,1050,871,850,0,437
5149,62425732,921,1050,871,851,0,439
5150,62435732,921,1050,872,853,2,440
5151,62445732,920,1049,872,847,0,440
5152,62455733,920,1049,873,856,0,439
5153,62465732,919,1049,873,854,0,440
5154,62475732,919,1048,872,852,0,442
5155,62485732,919,1049,873,858,3,441
5156,62495732,917,1048,872,852,0,442
5157,62505732,917,1048,872,852,0,442
5158,62515732,917,1047,874,855,0,442
5159,62525732,918,1044,874,856,0,442
5160,62535732,914,1046,872,856,0,444
5161,62545732,910,1046,876,855,0,445
5162,62555732,915,1046,873,855,0,444
5163,62565732,918,1046,877,855,0,444
5164,62575732,926,1047,876,855,0,445
5165,62585732,916,1046,876,858,0,445
5166,62595732,922,1048,875,857,0,444
5167,62605732,918,1046,876,858,0,443
5168,62615732,918,1047,875,856,0,445
5169,62625732,913,1046,875,856,0,444
5170,62635732,919,1048,875,856,0,444
5171,62645732,917,1049,875,855,0,444
5172,62655732,918,1042,876,859,0,445
5173,62665732,915,1047,876,858,0,444
5174,62675732,915,1046,877,858,0,445
5175,62685732,917,1053,876,858,0,445
5176,62695732,918,1046,876,857,0,447
5177,62705732,917,1049,876,857,0,447
5178,62715733,915,1050,877,859,0,447
5179,62725732,916,1042,875,859,0,447
5180,62735732,918,1050,879,859,0,450
5181,62745732,916,1039,880,859,0,449
5182,62755732,914,1044,877,858,0,450
5183,62765732,915,1040,874,859,0,449
5184,62775732,915,1047,876,857,0,418
5185,62785732,915,1045,882,859,0,450
5186,62795732,916,1038,878,860,0,450
5187,62805732,914,1045,881,861,0,452
5188,62815732,912,1049,881,861,0,454
5189,62825732,911,1045,876,861,0,453
5190,62835732,912,1044,881,861,0,452
5191,62845732,914,1045,881,861,0,455
5192,62855732,913,1045,880,862,0,455
5193,62865732,914,1046,878,861,0,455
5194,62875732,912,1042,883,862,0,455
5195,62885732,913,1042,883,862,0,455
5196,62895732,913,1045,880,861,0,456
5197,62905732,914,1043,880,862,0,457
5198,62915732,914,1044,880,862,0,457
5199,62925732,913,1045,881,861,0,457
5200,62935732,910,1045,879,861,0,457
5201,62945732,911,1043,878,861,0,457
5202,62955732,913,1045,880,862,0,458
5203,62965732,913,1046,879,862,0,455
5204,62975732,913,1045,877,862,0,457
5205,62985732,913,1044,668,861,0,458
5206,62995732,914,1044,692,861,0,458
5207,63005732,914,1046,649,862,0,459
5208,63015732,913,1045,631,862,0,458
5209,63025732,914,1045,640,861,0,459
5210,63035732,873,978,595,797,0,459
5211,63045732,914,1044,659,863,0,459
5212,63055732,914,1045,660,862,0,458
5213,63065732,914,1045,658,862,0,459
5214,63075732,913,1045,658,862,0,460
5215,63085732,915,1046,0,863,0,459
5216,63095732,837,1028,0,830,0,459
5217,63105732,916,1046,0,864,0,460
5218,63115732,914,1045,0,864,0,461
5219,63125732,916,1046,0,865,0,461
5220,63135732,916,1046,0,864,0,462
5221,63145732,915,1046,0,863,0,462
5222,63155732,914,1009,0,810,0,410
5223,63165732,912,1046,0,866,0,465
5224,63175732,913,1046,0,865,0,465
5225,63185732,915,1046,0,865,0,466
5226,63195732,914,1046,0,865,0,465
5227,63205732,914,1046,0,865,0,466
5228,63215732,913,1046,0,864,0,466
5229,63225733,915,1046,0,866,0,468
5230,63235732,914,1045,0,864,0,467
5231,63245732,913,1045,0,865,0,468
5232,63255732,912,1045,0,865,0,468
5233,63265732,913,1045,0,864,0,469
5234,63275732,912,1045,0,865,0,468
5235,63285732,912,1044,0,866,0,468
5236,63295732,912,1045,0,865,0,469
5237,63305732,912,1045,0,865,0,469
5238,63315732,912,1045,0,864,0,470
5239,63325732,912,1045,0,864,0,470
5240,63335732,913,1044,0,865,0,470
5241,63345732,913,1045,0,866,0,470
5242,63355732,913,1045,0,866,0,469
5243,63365732,913,1046,0,866,0,471
5244,63375732,912,1046,0,867,0,471
5245,63385732,912,1046,0,868,0,470
5246,63395732,913,1046,0,867,0,470
5247,63405732,914,1046,0,867,0,470
5248,63415732,913,1045,0,867,0,470
5249,63425732,914,1045,0,866,0,470
5250,63435732,915,1046,0,867,0,471
5251,63445732,914,1046,0,867,0,470
5252,63455732,914,1046,0,867,0,473
5253,63465732,915,1046,0,867,0,474
5254,63475732,914,1046,0,868,0,467
5255,63485732,915,1047,0,868,0,465
5256,63495732,914,1043,0,793,0,423
5257,63505732,914,1046,0,868,0,470
5258,63515732,915,1046,0,868,0,471
5259,63525732,915,1046,0,869,0,476
5260,63535732,914,1046,0,868,0,471
5261,63545732,914,1046,0,869,0,473
5262,63555732,913,1045,0,868,0,471
5263,63565733,914,1046,0,869,0,477
5264,63575732,914,1045,0,869,0,470
5265,63585732,913,1045,0,869,0,475
5266,63595732,914,1045,0,868,0,471
5267,63605732,914,1045,0,868,0,472
5268,63615732,915,1046,0,868,0,472
5269,63625732,915,1046,0,869,0,469
5270,63635732,916,1047,0,868,0,473
5271,63645732,916,1047,0,869,0,473
5272,63655732,916,1047,0,868,0,473
5273,63665732,915,1046,0,869,0,471
5274,63675732,915,1046,0,869,0,469
5275,63685732,916,1047,0,869,0,472
5276,63695732,916,1047,0,869,0,440
5277,63705732,916,1047,0,870,0,474
5278,63715732,916,1047,0,870,0,473
5279,63725732,916,1046,0,876,0,475
5280,63735732,915,1047,0,870,0,473
5281,63745732,915,1046,0,875,0,472
5282,63755732,915,1046,0,870,0,473
5283,63765732,915,1046,0,873,0,473
5284,63775732,915,1046,0,871,0,472
5285,63785732,915,1046,0,870,0,473
5286,63795732,914,1045,0,872,0,473
5287,63805732,915,1046,0,872,0,474
5288,63815732,915,1046,0,871,0,474
5289,63825732,915,1046,0,871,0,474
5290,63835732,914,1045,0,870,0,474
5291,63845732,914,1046,0,873,0,475
5292,63855732,913,1045,0,865,0,474
5293,63865732,913,1045,0,865,0,475
5294,63875732,911,1044,0,869,1,474
5295,63885732,835,1027,0,852,0,434
5296,63895732,911,1045,0,874,0,474
5297,63905732,911,1044,0,873,0,473
5298,63915732,911,1045,0,872,0,475
5299,63925732,910,1044,0,875,0,474
5300,63935732,910,1044,0,869,0,475
5301,63945732,913,1045,0,869,0,475
5302,63955733,913,1045,0,872,0,475
5303,63965732,911,1045,0,871,2,475
5304,63975732,911,1044,0,874,0,475
5305,63985732,902,1044,0,870,0,474
5306,63995732,910,1044,0,872,0,474
5307,64005732,912,1044,0,870,0,474
5308,64015732,912,1045,0,872,0,475
5309,64025732,905,1045,0,870,0,476
5310,64035732,911,1044,0,877,6,475
5311,64045732,908,1045,0,869,0,476
5312,64055732,909,1049,0,872,0,475
5313,64065732,908,1041,0,872,0,476
5314,64075732,914,1044,0,867,0,476
5315,64085732,913,1045,0,872,0,476
5316,64095732,913,1045,0,874,0,476
5317,64105732,915,1045,0,871,0,476
5318,64115732,920,1045,0,871,0,476
5319,64125732,901,1044,0,872,0,476
5320,64135732,916,1047,0,871,0,476
5321,64145732,910,1038,0,872,0,475
5322,64155732,911,1045,0,872,0,476
5323,64165732,914,1038,0,873,0,476
5324,64175732,911,1040,0,873,0,476
5325,64185732,911,1046,0,872,0,476
5326,64195732,912,1045,0,871,0,477
5327,64205732,915,1046,0,871,0,476
5328,64215732,912,1041,0,871,0,476
5329,64225732,911,1039,0,872,0,477
5330,64235732,913,1047,0,872,0,477
5331,64245732,913,1040,0,872,0,477
5332,64255732,912,1044,0,872,0,477
5333,64265732,914,1046,0,872,0,477
5334,64275732,913,1047,0,871,0,477
5335,64285732,913,1041,0,871,0,475
5336,64295732,912,1043,0,871,0,477
5337,64305732,912,1043,0,871,0,477
5338,64315732,915,1044,0,872,0,476
5339,64325732,913,1044,0,872,0,476
5340,64335732,912,1048,0,872,0,476
5341,64345732,913,1047,0,872,0,476
5342,64355732,856,1014,0,868,0,477
5343,64365732,913,1044,0,872,0,476
5344,64375732,913,1043,0,872,0,478
5345,64385732,914,1044,0,874,0,477
5346,64395732,914,1045,0,873,0,477
5347,64405732,914,1046,0,873,0,477
5348,64415732,913,1041,0,872,0,477
5349,64425732,898,963,0,874,0,477
5350,64435732,912,1044,0,873,0,477
5351,64445732,912,1045,0,873,0,476
5352,64455732,912,1045,0,873,0,476
5353,64465732,911,1045,0,874,0,477
5354,64475732,911,1045,0,873,0,477
5355,64485732,836,1027,0,839,0,477
5356,64495732,912,1045,0,875,0,477
5357,64505732,911,1045,0,874,0,478
5358,64515732,911,1044,0,875,0,478
5359,64525732,903,1043,0,875,0,476
5360,64535732,905,1043,0,875,0,477
5361,64545732,909,1043,0,875,0,477
5362,64555732,902,1044,0,875,0,478
5363,64565732,909,1044,0,875,0,478
5364,64575732,908,1043,0,875,0,478
5365,64585732,910,1044,0,875,0,478
5366,64595732,911,1043,0,876,0,479
5367,64605732,906,1043,0,876,0,478
5368,64615732,883,978,0,873,0,480
5369,64625732,907,1043,0,877,0,478
5370,64635732,906,1042,0,878,0,480
5371,64645732,905,1042,0,878,0,481
5372,64655732,904,1043,0,880,0,480
5373,64665732,905,1042,0,879,0,482
5374,64675732,905,1043,0,879,0,481
5375,64685732,905,1042,0,882,0,482
5376,64695732,904,1042,0,882,0,484
5377,64705732,901,1041,0,883,0,483
5378,64715732,903,1041,0,883,0,482
5379,64725732,901,1041,0,884,0,483
5380,64735732,901,1041,0,883,0,483
5381,64745733,902,1042,0,884,0,484
5382,64755732,896,1042,0,884,0,483
5383,64765732,895,1041,0,885,0,483
5384,64775732,895,1040,0,885,0,483
5385,64785732,894,1041,0,886,0,483
5386,64795732,893,1040,0,886,0,484
5387,64805732,894,1040,0,885,0,484
5388,64815732,894,1041,0,886,0,484
5389,64825732,893,1040,0,886,0,484
5390,64835732,893,1040,0,885,0,484
5391,64845732,893,1040,0,885,0,484
5392,64855732,893,1040,0,886,0,484
5393,64865732,893,1039,0,885,0,485
5394,64875732,893,1040,0,886,0,486
5395,64885732,893,1040,0,885,0,486
5396,64895732,893,1039,0,886,0,486
5397,64905732,893,1040,0,885,0,487
5398,64915732,893,1039,0,885,0,485
5399,64925732,893,1040,0,885,0,486
5400,64935732,893,1039,0,886,0,486
5401,64945732,820,1021,0,864,0,445
5402,64955732,894,1040,0,886,0,486
5403,64965732,895,1040,0,885,0,483
5404,64975732,893,1040,0,885,0,489
5405,64985732,894,1040,0,885,0,490
5406,64995732,895,1040,0,885,0,485
5407,65005732,822,1023,0,850,0,485
5408,65015732,899,1041,0,885,0,486
5409,65025732,900,1041,0,884,0,487
5410,65035732,902,1041,0,885,0,484
5411,65045732,902,1041,0,884,0,488
5412,65055732,903,1042,0,884,0,487
5413,65065732,903,1042,0,882,0,487
5414,65075732,828,1023,0,847,0,483
5415,65085732,904,1043,0,881,0,482
5416,65095732,904,1042,0,881,0,486
5417,65105732,904,1043,0,879,0,487
5418,65115732,904,1043,0,879,0,485
5419,65125732,904,1043,0,877,0,484
5420,65135732,905,1043,0,878,0,485
5421,65145732,905,1043,0,877,0,484
5422,65155732,906,1043,0,876,0,483
5423,65165732,906,1043,0,877,0,483
5424,65175732,907,1044,0,876,0,482
5425,65185732,908,1044,1,876,0,483
5426,65195732,907,1044,0,876,0,486
5427,65205732,907,1008,0,818,0,430
5428,65215732,908,1045,0,876,0,483
5429,65225732,908,1044,0,878,0,484
5430,65235732,908,1045,0,875,0,479
5431,65245732,909,1045,0,872,0,485
5432,65255732,911,1045,0,871,0,483
5433,65265732,910,1045,0,875,0,481
5434,65275732,910,1046,0,874,0,484
5435,65285732,911,1046,0,883,0,482
5436,65295732,910,1045,0,877,0,481
5437,65305732,911,1045,0,874,0,476
5438,65315732,910,1045,0,877,0,490
5439,65325732,911,1045,0,876,0,481
5440,65335732,856,1006,0,816,0,483
5441,65345732,914,1046,0,874,0,479
5442,65355732,914,1047,0,869,0,478
5443,65365732,915,1047,0,875,2,479
5444,65375732,915,1047,0,873,0,480
5445,65385732,915,1048,0,872,0,479
5446,65395732,915,1047,0,887,0,446
5447,65405732,914,1047,0,873,0,479
5448,65415732,915,1047,0,875,0,479
5449,65425732,915,1048,0,873,0,478
5450,65435732,916,1047,0,873,0,478
5451,65445732,916,1047,0,874,0,478
5452,65455732,916,1048,0,873,0,445
5453,65465732,916,1048,0,874,0,477
5454,65475732,911,1048,0,872,0,479
5455,65485732,911,1042,0,873,0,478
5456,65495732,919,1049,0,872,0,477
5457,65505732,918,1048,0,873,0,479
5458,65515732,918,1048,0,870,0,479
5459,65525732,920,1021,0,821,0,424
5460,65535732,923,1048,0,868,0,479
5461,65545732,914,1050,0,873,0,479
5462,65555732,918,1048,0,871,0,479
5463,65565732,918,1048,0,875,0,478
5464,65575732,918,1049,0,877,0,480
5465,65585732,918,1046,0,800,0,433
5466,65595732,919,1049,0,867,0,478
5467,65605732,920,1047,0,876,0,480
5468,65615732,918,1048,0,874,0,479
5469,65625732,918,1056,0,874,0,479
5470,65635732,920,1051,0,874,0,480
5471,65645732,915,1048,0,874,0,480
5472,65655732,918,1050,0,875,0,480
5473,65665732,919,1046,0,874,0,481
5474,65675732,918,1048,0,874,0,479
5475,65685732,919,1052,0,875,0,479
5476,65695732,919,1053,0,875,0,480
5477,65705732,919,1047,0,875,0,481
5478,65715732,916,1047,0,875,0,480
5479,65725732,917,1047,0,875,0,481
5480,65735732,919,1050,0,875,0,482
5481,65745732,918,1045,0,876,0,482
5482,65755732,916,1050,0,876,0,483
5483,65765732,917,1048,0,876,0,483
5484,65775732,915,1049,0,876,0,483
5485,65785732,917,1047,0,875,0,481
5486,65795732,917,1047,0,875,0,483
5487,65805732,917,1051,0,877,0,483
5488,65815732,915,1049,0,875,0,483
5489,65825732,917,1044,0,876,0,484
5490,65835732,916,1046,0,876,0,484
5491,65845732,916,1047,0,876,0,483
5492,65855733,913,1045,0,876,0,484
5493,65865732,915,1048,0,876,0,484
5494,65875732,916,1048,0,876,0,485
5495,65885732,915,1048,0,876,0,485
5496,65895732,917,1048,0,876,0,484
5497,65905732,914,1048,0,876,0,485
5498,65915732,914,1046,0,875,0,450
5499,65925732,915,1046,0,876,0,485
5500,65935732,913,1047,0,876,0,484
5501,65945732,913,1046,0,876,0,484
5502,65955732,914,1046,0,875,0,484
5503,65965732,915,1047,0,875,0,484
5504,65975732,915,1047,0,875,0,485
5505,65985732,858,1016,0,870,0,486
5506,65995732,915,1047,0,876,0,485
5507,66005732,915,1047,0,876,0,485
5508,66015732,913,1048,0,875,0,485
5509,66025732,919,1048,0,876,0,485
5510,66035732,918,1048,0,876,0,485
5511,66045732,836,1030,0,842,0,484
5512,66055732,913,1048,0,876,0,485
5513,66065732,917,1049,0,875,0,485
5514,66075732,918,1049,0,875,0,485
5515,66085732,914,1047,0,875,0,484
5516,66095732,918,1048,0,875,0,484
5517,66105732,917,1013,0,821,0,428
5518,66115732,918,1049,0,873,0,483
5519,66125732,919,1049,0,873,0,483
5520,66135732,919,1049,0,872,0,481
5521,66145732,920,1050,0,871,0,479
5522,66155732,920,1050,0,872,0,478
5523,66165732,921,1050,0,870,0,476
5524,66175732,923,1050,0,870,0,475
5525,66185732,924,1051,0,869,0,474
5526,66195732,925,1052,0,869,0,473
5527,66205732,928,1053,0,867,0,470
5528,66215732,925,1053,0,865,0,468
5529,66225732,928,1054,0,864,0,467
5530,66235732,930,1055,0,861,0,467
5531,66245732,931,1055,0,860,0,461
5532,66255732,934,1056,0,860,0,461
5533,66265732,934,1057,0,860,0,460
5534,66275732,935,1058,0,859,0,459
5535,66285732,935,1058,0,858,0,457
5536,66295732,938,1059,0,856,0,421
5537,66305732,941,1061,0,857,0,453
5538,66315732,940,1063,0,856,0,452
5539,66325732,942,1063,0,856,0,453
5540,66335732,943,1064,0,856,0,454
5541,66345732,942,1065,0,856,0,454
5542,66355732,944,1064,0,856,0,454
5543,66365732,942,1065,0,856,0,454
5544,66375732,942,1064,0,856,0,454
5545,66385732,942,1064,0,856,0,454
5546,66395732,942,1064,0,855,0,453
5547,66405732,943,1064,0,855,0,453
5548,66415732,944,1064,0,855,0,451
5549,66425732,947,1065,0,853,0,450
5550,66435732,948,1066,0,854,0,447
5551,66445732,950,1067,0,853,0,449
5552,66455732,951,1069,0,853,0,445
5553,66465732,953,1073,0,853,0,444
5554,66475732,955,1075,0,852,0,440
5555,66485732,957,1077,0,852,0,439
5556,66495732,961,1079,0,852,0,439
5557,66505732,965,1080,0,852,0,439
5558,66515732,968,1080,0,851,0,432
5559,66525732,969,1081,0,851,0,434
5560,66535732,971,1083,0,851,0,431
5561,66545732,976,1084,0,851,0,427
5562,66555732,980,1089,0,851,0,427
5563,66565732,981,1087,0,850,0,423
5564,66575732,981,1087,0,851,0,423
5565,66585732,981,1086,0,850,0,415
5566,66595732,980,1085,740,848,0,418
5567,66605732,979,1084,764,848,0,414
5568,66615732,970,1088,821,846,0,410
5569,66625732,979,1084,818,842,0,407
5570,66635732,981,1087,819,839,0,401
5571,66645732,982,1085,816,836,0,402
5572,66655732,983,1087,813,830,0,399
5573,66665732,984,1087,813,829,0,399
5574,66675732,986,1092,813,828,0,397
5575,66685732,989,1095,814,828,0,396
5576,66695732,994,1095,815,827,0,396
5577,66705732,998,1098,816,826,0,394
5578,66715732,1000,1101,818,822,0,396
5579,66725732,1003,1102,817,825,0,392
5580,66735732,1006,1104,818,824,0,386
5581,66745732,1007,1106,819,821,0,383
5582,66755732,1012,1108,821,824,0,382
5583,66765732,1015,1110,822,825,0,383
5584,66775732,1017,1112,821,825,0,382
5585,66785732,1021,1115,823,823,0,389
5586,66795732,1031,1117,824,824,0,389
5587,66805732,1034,1121,826,825,0,393
5588,66815732,1039,1087,784,776,0,345
5589,66825732,1044,1127,830,829,0,394
5590,66835732,1046,1128,835,826,0,396
5591,66845732,1048,1130,835,827,0,396
5592,66855732,1049,1131,839,830,0,397
5593,66865732,1049,1132,841,827,0,396
5594,66875732,1051,1133,841,831,0,396
5595,66885732,1051,1133,843,829,0,396
5596,66895732,1051,1133,846,830,0,397
5597,66905732,1051,1133,848,833,0,398
5598,66915732,1053,1135,851,837,0,397
5599,66925732,1052,1134,852,840,0,400
5600,66935732,1052,1134,853,841,0,401
5601,66945732,1052,1134,854,843,0,403
5602,66955732,1052,1133,856,844,0,405
5603,66965732,1051,1133,0,846,0,406
5604,66975732,1051,1134,0,850,0,407
5605,66985732,1050,1133,0,846,0,408
5606,66995732,1050,1132,0,853,3,411
5607,67005732,988,1103,0,845,0,406
5608,67015732,1052,1134,0,852,0,414
5609,67025732,1050,1135,0,857,0,415
5610,67035732,1051,1135,0,857,0,413
5611,67045732,1054,1138,0,856,0,413
5612,67055732,1063,1140,0,855,0,407
5613,67065732,1056,1141,0,856,0,408
5614,67075732,1063,1143,0,854,0,406
5615,67085732,1060,1144,0,853,0,402
5616,67095732,1068,1147,0,853,0,397
5617,67105732,1071,1148,0,851,0,391
5618,67115732,1072,1149,0,849,0,391
5619,67125732,1073,1157,0,853,0,391
5620,67135733,1073,1157,0,854,0,394
5621,67145732,1071,1153,0,851,0,394
5622,67155732,1073,1154,0,852,0,395
5623,67165732,1070,1154,0,852,0,398
5624,67175732,1071,1154,0,852,0,398
5625,67185732,1069,1152,0,853,0,401
5626,67195732,1066,1153,0,852,0,403
5627,67205732,1068,1152,0,851,0,404
5628,67215732,1068,1152,0,851,0,405
5629,67225732,1065,1146,0,851,0,405
5630,67235732,1063,1156,0,850,0,408
5631,67245732,1059,1147,0,848,0,407
5632,67255732,1056,1144,0,850,0,408
5633,67265732,1056,1142,0,851,0,408
5634,67275732,1056,1143,0,851,0,410
5635,67285732,1055,1145,0,851,0,409
5636,67295732,1055,1144,0,850,0,407
5637,67305732,1057,1147,0,850,0,408
5638,67315732,1058,1142,0,850,0,407
5639,67325732,1058,1146,842,848,0,405
5640,67335732,1059,1145,845,847,0,404
5641,67345732,1060,1143,845,847,0,404
5642,67355732,1059,1142,847,847,0,403
5643,67365732,1057,1142,846,847,0,403
5644,67375732,1053,1143,838,848,0,403
5645,67385732,1049,1138,851,850,0,405
5646,67395732,1045,1136,847,850,0,405
5647,67405732,1042,1134,851,849,0,405
5648,67415732,1036,1127,850,850,0,407
5649,67425732,1031,1126,853,850,0,407
5650,67435732,1021,1124,851,849,0,408
5651,67445732,1019,1120,852,850,0,408
5652,67455732,1016,1116,850,850,0,410
5653,67465732,1013,1115,851,850,0,411
5654,67475732,1008,1112,852,850,0,413
5655,67485732,1004,1109,849,850,0,414
5656,67495732,1000,1106,852,851,0,416
5657,67505732,999,1101,852,851,0,418
5658,67515732,991,1099,852,852,0,421
5659,67525732,990,1097,853,852,0,423
5660,67535732,988,1095,851,852,0,392
5661,67545732,985,1092,853,852,0,427
5662,67555732,982,1085,853,852,0,426
5663,67565732,980,1084,854,853,0,427
5664,67575732,974,1084,854,853,0,428
5665,67585732,969,1081,853,852,0,429
5666,67595732,966,1079,853,853,0,430
5667,67605732,942,1025,854,854,0,431
5668,67615732,959,1075,852,853,0,433
5669,67625732,957,1073,851,853,0,432
5670,67635732,955,1069,851,853,0,435
5671,67645732,951,1063,851,853,0,436
5672,67655732,948,1061,851,852,0,436
5673,67665732,945,1060,851,852,0,437
5674,67675732,943,1058,850,853,0,438
5675,67685732,940,1055,849,852,0,439
5676,67695732,939,1054,850,852,0,439
5677,67705732,936,1053,849,852,0,439
5678,67715732,936,1052,847,851,0,439
5679,67725732,934,1051,848,851,0,440
5680,67735732,934,1050,846,851,0,441
5681,67745732,933,1050,847,850,0,440
5682,67755732,927,1048,847,849,0,440
5683,67765732,924,1047,847,849,0,441
5684,67775732,924,1046,848,851,0,441
5685,67785732,922,1046,847,851,0,441
5686,67795732,922,1046,846,850,0,441
5687,67805732,925,1047,847,849,0,441
5688,67815732,927,1048,848,850,0,440
5689,67825732,930,1049,845,850,0,439
5690,67835732,933,1050,847,849,0,437
5691,67845732,935,1051,848,850,0,437
5692,67855732,936,1052,848,850,0,437
5693,67865732,938,1053,848,850,0,436
5694,67875732,940,1054,848,851,0,437
5695,67885732,942,1055,849,851,0,435
5696,67895732,943,1056,849,851,0,425
5697,67905732,946,1059,849,851,0,430
5698,67915732,949,1060,847,851,0,430
5699,67925732,950,1061,848,850,0,428
5700,67935733,953,1063,848,850,0,421
5701,67945732,953,1063,847,849,0,422
5702,67955732,954,1064,846,848,0,420
5703,67965732,955,1064,846,850,0,416
5704,67975732,956,1065,847,848,0,420
5705,67985732,957,1066,848,850,0,421
5706,67995732,952,1067,850,851,0,420
5707,68005732,959,1068,849,850,0,419
5708,68015732,963,1069,849,850,0,416
5709,68025732,964,1070,849,850,0,415
5710,68035732,966,1071,848,851,0,404
5711,68045732,966,1071,846,848,0,412
5712,68055732,965,1069,844,773,0,362
5713,68065732,966,1071,844,846,0,409
5714,68075732,966,1071,845,848,0,408
5715,68085732,966,1072,844,848,0,410
5716,68095732,967,1072,845,847,0,407
5717,68105732,967,1073,844,848,0,408
5718,68115732,967,1074,845,847,0,409
5719,68125732,959,1075,845,850,0,410
5720,68135732,967,1071,846,849,0,413
5721,68145732,967,1071,847,850,0,413
5722,68155732,967,1072,848,850,0,413
5723,68165732,966,1071,849,847,0,415
5724,68175732,966,1071,850,850,0,415
5725,68185732,966,1071,850,851,0,417
5726,68195732,966,1071,851,852,0,415
5727,68205732,966,1070,851,851,0,412
5728,68215732,966,1068,850,860,0,414
5729,68225732,964,1067,852,849,0,417
5730,68235732,964,1067,852,851,0,421
5731,68245732,962,1067,852,851,0,422
5732,68255732,955,1068,855,853,0,422
5733,68265732,966,1068,853,851,0,422
5734,68275732,965,1069,854,848,0,422
5735,68285732,966,1070,854,853,0,424
5736,68295732,966,1069,854,846,0,423
5737,68305732,966,1068,855,853,0,423
5738,68315732,964,1065,852,776,0,376
5739,68325732,965,1067,856,855,0,426
5740,68335732,964,1068,854,846,0,424
5741,68345732,966,1069,856,851,0,425
5742,68355732,965,1071,855,852,0,424
5743,68365732,967,1073,856,849,0,424
5744,68375732,968,1075,856,855,0,423
5745,68385732,890,1060,786,813,0,422
5746,68395732,971,1077,854,852,0,422
5747,68405732,972,1079,856,852,0,423
5748,68415732,972,1079,856,852,0,419
5749,68425732,972,1080,856,851,5,423
5750,68435732,974,1081,857,853,0,428
5751,68445732,975,1081,856,852,0,418
5752,68455732,979,1081,856,851,0,419
5753,68465732,983,1083,857,851,0,420
5754,68475732,981,1084,858,851,0,420
5755,68485732,981,1085,852,849,0,420
5756,68495732,982,1085,857,847,1,421
5757,68505732,984,1084,858,850,0,423
5758,68515733,984,1085,860,853,0,422
5759,68525732,981,1084,859,849,0,424
5760,68535732,985,1090,858,846,2,424
5761,68545732,991,1083,860,852,0,424
5762,68555732,982,1084,858,847,0,425
5763,68565732,978,1083,858,852,0,425
5764,68575732,981,1083,858,851,0,424
5765,68585732,983,1082,853,850,0,424
5766,68595732,983,1084,856,843,0,426
5767,68605732,984,1083,858,848,0,424
5768,68615732,982,1084,858,849,0,425
5769,68625732,984,1083,857,848,0,424
5770,68635732,979,1086,857,848,0,425
5771,68645732,977,1088,858,847,0,424
5772,68655732,985,1092,856,848,0,425
5773,68665732,985,1083,857,847,0,425
5774,68675732,986,1086,857,846,0,425
5775,68685732,986,1088,856,846,0,424
5776,68695732,988,1090,858,845,0,423
5777,68705732,987,1091,852,845,0,423
5778,68715732,981,1099,855,847,0,424
5779,68725732,988,1095,854,844,0,423
5780,68735732,989,1090,852,843,0,421
5781,68745732,987,1093,852,843,0,420
5782,68755732,988,1092,850,843,0,420
5783,68765732,991,1096,849,843,0,419
5784,68775732,993,1091,856,843,0,417
5785,68785732,993,1099,852,843,0,416
5786,68795732,991,1096,855,842,0,414
5787,68805732,994,1089,850,842,0,412
5788,68815732,994,1103,850,841,0,411
5789,68825732,995,1095,849,841,0,411
5790,68835732,997,1098,851,840,0,409
5791,68845732,998,1100,852,840,0,408
5792,68855732,1000,1099,853,841,0,409
5793,68865732,998,1098,854,840,0,409
5794,68875732,998,1100,856,840,0,410
5795,68885732,997,1101,855,841,0,411
5796,68895732,996,1100,854,841,0,411
5797,68905732,998,1100,854,841,0,410
5798,68915732,998,1099,855,841,0,411
5799,68925732,998,1102,855,841,0,411
5800,68935732,999,1102,853,841,0,411
5801,68945732,999,1101,855,840,0,410
5802,68955732,999,1100,852,841,0,410
5803,68965732,999,1101,852,840,0,410
5804,68975732,1000,1101,854,840,0,410
5805,68985732,1000,1101,852,839,0,409
5806,68995732,1001,1102,853,839,0,408
5807,69005732,1001,1103,853,839,0,407
5808,69015732,1002,1104,852,839,0,407
5809,69025732,1003,1105,853,839,0,406
5810,69035732,1006,1107,853,839,0,406
5811,69045732,1005,1107,852,839,0,404
5812,69055732,1009,1107,852,838,0,400
5813,69065732,1008,1108,852,837,0,399
5814,69075732,1005,1108,851,837,0,399
5815,69085732,1009,1109,851,836,0,397
5816,69095732,971,1050,848,837,0,396
5817,69105732,1013,1110,851,834,0,395
5818,69115732,1015,1112,851,830,0,395
5819,69125732,1016,1113,850,831,0,394
5820,69135732,1019,1113,850,830,0,393
5821,69145732,1017,1114,850,829,0,393
5822,69155732,1016,1115,849,827,0,393
5823,69165732,1017,1114,849,828,0,392
5824,69175732,1018,1115,849,828,0,392
5825,69185732,1021,1115,849,827,0,392
5826,69195732,1018,1116,847,826,0,391
5827,69205732,1020,1116,845,826,0,390
5828,69215732,1020,1116,844,825,0,390
5829,69225732,1019,1114,844,752,0,344
5830,69235732,1020,1117,844,822,0,382
5831,69245732,1024,1118,844,822,0,381
5832,69255732,1026,1119,844,821,0,381
5833,69265732,1028,1119,843,821,0,382
5834,69275732,1028,1120,843,821,0,380
5835,69285732,1029,1120,843,819,0,380
5836,69295732,1031,1122,844,821,0,381
5837,69305732,1032,1122,844,821,0,382
5838,69315732,1031,1122,844,820,0,383
5839,69325732,1031,1123,844,821,0,384
5840,69335732,1031,1123,844,821,0,383
5841,69345732,1032,1123,844,821,0,382
5842,69355732,1032,1123,844,820,0,382
5843,69365732,1032,1123,843,820,0,380
5844,69375732,1032,1123,843,819,0,380
5845,69385732,1032,1123,843,819,0,380
5846,69395732,1032,1123,843,818,0,380
5847,69405732,1033,1124,843,817,0,380
5848,69415732,1031,1122,843,748,0,340
5849,69425732,1034,1125,843,818,0,378
5850,69435732,1035,1125,844,818,0,380
5851,69445732,1035,1125,844,818,0,382
5852,69455732,1035,1126,844,818,0,380
5853,69465732,1035,1126,844,818,0,379
5854,69475732,1034,1126,843,818,0,379
5855,69485732,1035,1126,843,819,0,391
5856,69495732,1034,1126,844,820,0,382
5857,69505732,1034,1125,844,819,0,382
5858,69515732,1034,1125,844,820,0,380
5859,69525732,1034,1125,844,819,0,385
5860,69535732,1035,1125,844,820,0,385
5861,69545732,1036,1125,844,819,0,382
5862,69555732,1036,1126,844,818,0,380
5863,69565732,1035,1125,843,816,0,380
5864,69575732,1036,1126,843,816,0,380
5865,69585732,1037,1126,841,816,0,380
5866,69595732,1036,1126,841,815,0,375
5867,69605732,1037,1126,840,813,0,373
5868,69615732,1038,1127,840,814,0,372
5869,69625732,1040,1127,840,812,0,368
5870,69635732,1040,1127,839,811,0,368
5871,69645732,1040,1128,838,810,0,365
5872,69655732,1040,1127,838,810,0,364
5873,69665732,1041,1128,838,809,0,364
5874,69675732,1043,1129,836,808,0,363
5875,69685732,1043,1129,833,807,0,361
5876,69695732,1044,1130,831,805,0,360
5877,69705732,1045,1131,829,805,0,355
5878,69715732,1046,1131,827,801,0,353
5879,69725732,1046,1131,826,804,0,349
5880,69735732,1048,1133,825,798,0,348
5881,69745732,1048,1133,823,796,0,344
5882,69755732,1050,1134,822,793,0,341
5883,69765732,1052,1136,820,792,0,339
5884,69775732,1054,1137,819,788,0,335
5885,69785732,1055,1139,814,788,0,331
5886,69795732,1057,1137,812,711,0,287
5887,69805732,1059,1141,813,779,0,329
5888,69815732,1059,1142,814,790,0,327
5889,69825732,1060,1141,813,780,0,327
5890,69835732,1060,1142,814,776,0,328
5891,69845732,1061,1142,815,775,0,328
5892,69855732,1060,1142,815,786,0,327
5893,69865732,976,1124,750,746,0,328
5894,69875732,1061,1143,816,782,2,328
5895,69885732,1061,1143,815,782,0,328
5896,69895732,1062,1143,814,782,0,330
5897,69905732,1061,1143,816,784,0,329
5898,69915732,1061,1143,816,783,0,327
5899,69925732,1061,1142,817,786,0,329
5900,69935732,1023,1087,815,786,0,328
5901,69945732,1061,1143,817,783,5,331
5902,69955732,1058,1143,816,782,2,330
5903,69965732,1061,1143,817,782,0,332
5904,69975732,1060,1142,818,786,0,335
5905,69985732,1058,1143,818,787,0,330
5906,69995732,1060,1141,819,789,0,328
5907,70005732,1061,1140,819,783,0,329
5908,70015732,1061,1139,820,788,0,333
5909,70025732,1056,1139,821,790,0,334
5910,70035732,1056,1134,821,788,0,340
5911,70045732,1057,1139,821,792,0,338
5912,70055732,1053,1135,822,793,0,338
5913,70065732,1052,1138,824,793,0,340
5914,70075732,1052,1134,823,787,0,340
5915,70085732,1054,1134,823,794,0,342
5916,70095732,1046,1133,824,794,0,342
5917,70105732,1054,1134,824,795,0,344
5918,70115732,1048,1133,825,795,0,346
5919,70125732,1048,1130,826,796,0,347
5920,70135732,1048,1128,827,798,0,349
5921,70145732,1042,1129,828,797,0,353
5922,70155732,1043,1128,828,802,0,356
5923,70165732,1043,1127,829,807,0,358
5924,70175732,1043,1130,831,799,0,359
5925,70185732,1043,1124,838,804,0,361
5926,70195732,1041,1124,836,805,0,360
5927,70205732,1042,1127,832,806,0,361
5928,70215732,1041,1124,833,805,0,363
5929,70225732,1036,1126,834,805,0,362
5930,70235732,1039,1125,835,807,0,364
5931,70245732,1039,1124,832,807,0,363
5932,70255732,1039,1124,835,808,0,362
5933,70265732,1035,1124,838,809,0,365
5934,70275732,1035,1124,837,808,0,368
5935,70285732,1039,1124,837,808,0,366
5936,70295732,1037,1123,839,809,0,371
5937,70305732,1036,1124,838,809,0,373
5938,70315732,1037,1123,836,809,0,372
5939,70325732,1038,1123,838,810,0,372
5940,70335732,1034,1124,842,811,0,378
5941,70345732,1038,1123,841,811,0,374
5942,70355732,1035,1122,843,812,0,375
5943,70365732,1036,1122,840,811,0,377
5944,70375732,1036,1123,842,813,0,382
5945,70385732,1035,1122,844,813,0,378
5946,70395732,1025,1124,843,814,0,381
5947,70405732,1035,1121,851,814,0,379
5948,70415732,1037,1123,844,814,0,378
5949,70425732,1037,1124,844,814,0,378
5950,70435732,1038,1124,844,814,0,379
5951,70445732,1033,1124,847,814,0,379
5952,70455732,1035,1123,843,815,0,381
5953,70465732,1035,1121,844,816,0,381
5954,70475732,1034,1112,844,816,0,382
5955,70485732,1032,1121,845,817,0,384
5956,70495732,1033,1120,843,815,0,382
5957,70505732,1032,1121,845,818,0,383
5958,70515732,1033,1120,846,815,0,383
5959,70525732,1034,1122,851,817,0,382
5960,70535732,1033,1121,847,817,0,382
5961,70545732,1034,1122,846,817,0,384
5962,70555732,1034,1122,851,819,0,382
5963,70565732,1033,1121,846,816,0,385
5964,70575732,1033,1119,847,819,0,385
5965,70585732,1032,1121,843,812,0,383
5966,70595732,1032,1119,847,811,0,389
5967,70605732,1033,1121,850,813,0,385
5968,70615732,1033,1120,849,818,0,388
5969,70625732,1033,1119,848,819,0,390
5970,70635732,1032,1117,847,813,0,388
5971,70645732,1032,1118,850,819,0,390
5972,70655732,1031,1116,851,820,0,389
5973,70665732,1028,1116,851,822,0,387
5974,70675732,1024,1117,853,820,0,391
5975,70685732,1024,1116,852,822,0,389
5976,70695732,1021,1115,851,821,0,395
5977,70705732,1023,1115,854,820,0,394
5978,70715732,1023,1115,853,818,0,395
5979,70725732,1022,1115,853,816,0,395
5980,70735732,1021,1115,853,821,0,394
5981,70745732,1020,1114,854,824,0,397
5982,70755732,1019,1114,851,823,0,397
5983,70765732,1019,1121,854,824,0,396
5984,70775732,1018,1113,853,824,0,399
5985,70785732,940,1097,784,792,0,399
5986,70795732,1018,1114,852,824,0,400
5987,70805732,1018,1113,851,825,0,402
5988,70815732,1018,1114,855,825,0,402
5989,70825732,1018,1112,855,827,0,401
5990,70835732,1017,1109,854,826,0,403
5991,70845732,1017,1111,855,824,0,401
5992,70855733,1018,1111,856,826,0,403
5993,70865732,1015,1111,854,825,0,404
5994,70875732,1015,1111,855,825,0,404
5995,70885732,1014,1110,855,823,0,405
5996,70895732,1015,1108,857,828,0,406
5997,70905732,1015,1109,851,824,0,407
5998,70915732,981,1053,862,830,0,398
5999,70925732,1015,1111,853,827,0,409
6000,70935732,1016,1112,862,832,0,407
6001,70945732,1015,1110,856,830,0,408
6002,70955732,1015,1108,857,828,0,408
6003,70965732,1015,1112,856,829,0,408
6004,70975732,1013,1108,857,827,0,408
6005,70985732,1014,1110,857,830,0,408
6006,70995732,1014,1109,852,829,0,410
6007,71005732,1014,1108,857,828,0,410
6008,71015732,1015,1110,856,827,0,410
6009,71025732,1013,1108,857,829,0,410
6010,71035732,1012,1107,857,829,0,409
6011,71045732,1015,1107,857,829,0,410
6012,71055732,1013,1109,857,830,0,413
6013,71065732,1014,1107,857,829,0,408
6014,71075732,1013,1109,858,830,0,410
6015,71085732,1012,1107,857,830,0,410
6016,71095732,1010,1115,857,829,0,411
6017,71105732,1013,1108,857,830,0,412
6018,71115732,954,1075,781,826,0,414
6019,71125732,1010,1109,857,830,0,413
6020,71135732,1011,1105,858,830,0,413
6021,71145732,1011,1108,857,831,0,414
6022,71155732,1010,1109,857,830,0,413
6023,71165732,1012,1105,856,832,0,414
6024,71175732,1012,1109,858,832,0,413
6025,71185732,1004,1113,858,834,0,413
6026,71195732,1012,1107,857,830,0,417
6027,71205732,1012,1107,858,830,0,408
6028,71215732,1008,1113,857,833,0,414
6029,71225732,1014,1108,858,835,0,413
6030,71235732,1010,1108,857,830,0,416
6031,71245732,1008,1111,858,830,0,414
6032,71255732,1012,1106,859,836,0,413
6033,71265732,1011,1108,859,833,0,413
6034,71275732,1012,1106,859,833,0,414
6035,71285732,1010,1106,859,835,0,412
6036,71295732,1018,1105,859,836,0,419
6037,71305732,1011,1105,859,839,0,417
6038,71315732,1010,1107,857,831,0,386
6039,71325732,1008,1106,860,837,0,416
6040,71335732,1007,1106,860,838,0,419
6041,71345732,1007,1104,860,840,0,419
6042,71355732,1007,1104,860,838,0,418
6043,71365732,1007,1104,861,838,0,419
6044,71375732,1007,1102,861,838,0,419
6045,71385732,949,1069,785,818,0,421
6046,71395732,1005,1102,861,835,0,421
6047,71405732,1006,1103,861,841,0,419
6048,71415732,1006,1101,861,841,0,421
6049,71425732,1006,1103,862,839,0,421
6050,71435732,1005,1102,863,837,0,421
6051,71445732,1005,1104,863,840,0,421
6052,71455732,943,1068,789,833,0,422
6053,71465732,1002,1094,864,839,0,422
6054,71475732,1006,1102,865,846,0,422
6055,71485732,1007,1104,864,849,0,423
6056,71495732,1007,1097,865,836,0,422
6057,71505732,1005,1105,865,840,0,424
6058,71515732,1006,1102,867,842,0,423
6059,71525732,1007,1102,866,843,0,423
6060,71535732,1004,1102,866,842,0,421
6061,71545732,1006,1103,866,838,0,422
6062,71555732,1006,1101,867,842,0,422
6063,71565732,1006,1102,867,844,0,423
6064,71575732,1002,1102,866,841,0,424
6065,71585732,926,1086,797,806,0,422
6066,71595732,1005,1102,867,838,0,423
6067,71605732,1005,1103,866,838,0,423
6068,71615732,1008,1103,866,841,0,424
6069,71625732,1007,1100,861,841,0,423
6070,71635732,1007,1102,863,843,0,423
6071,71645732,1007,1103,866,841,0,421
6072,71655732,1003,1103,866,842,0,422
6073,71665732,1010,1103,864,840,0,421
6074,71675732,1007,1102,866,833,0,422
6075,71685732,1008,1103,863,840,0,426
6076,71695732,1008,1105,862,839,0,424
6077,71705732,1012,1105,869,841,0,421
6078,71715732,1012,1106,865,840,0,421
6079,71725732,1012,1106,862,839,2,422
6080,71735732,1009,1107,862,837,0,420
6081,71745732,1014,1106,859,838,0,421
6082,71755732,1012,1106,861,839,0,419
6083,71765732,1015,1107,861,838,0,421
6084,71775732,1018,1108,857,838,0,420
6085,71785732,1014,1108,859,837,0,418
6086,71795732,1016,1109,859,836,0,416
6087,71805732,1014,1108,860,835,0,415
6088,71815732,1016,1110,856,833,0,413
6089,71825732,1020,1120,858,834,0,412
6090,71835732,1017,1111,858,832,0,412
6091,71845732,1024,1112,858,831,0,413
6092,71855732,1018,1111,858,832,3,412
6093,71865732,1018,1111,857,830,0,411
6094,71875732,1017,1113,860,831,0,411
6095,71885732,1019,1109,858,831,0,411
6096,71895732,1019,1111,857,831,0,410
6097,71905732,1019,1111,857,830,0,410
6098,71915732,1019,1112,857,822,0,409
6099,71925732,1019,1111,856,834,0,408
6100,71935732,1020,1112,857,830,0,409
6101,71945732,1018,1114,857,832,0,410
6102,71955732,1019,1111,853,831,0,410
6103,71965732,1019,1112,855,830,0,410
6104,71975732,1019,1112,857,832,0,410
6105,71985732,1018,1111,857,830,0,409
6106,71995732,1019,1112,862,828,0,410
6107,72005732,1019,1112,862,830,0,409
6108,72015732,1019,1112,860,831,0,410
6109,72025732,1018,1112,858,831,0,408
6110,72035732,1018,1111,859,831,0,410
