seq,ts_us,s0,s1,s2,s3,s4,s5
108,3281701,1236,1420,1150,983,0,359
109,3291701,1235,1418,1149,983,0,359
110,3301701,1233,1417,1149,983,0,360
111,3311701,1229,1411,1149,983,0,359
112,3321701,1225,1404,1149,984,0,362
113,3331701,1214,1398,1149,984,0,365
114,3341701,1208,1394,1151,985,0,368
115,3351701,1204,1383,1153,964,0,342
116,3361701,1200,1382,1151,986,0,372
117,3371701,1197,1379,1150,986,0,373
118,3381701,1193,1374,1151,987,0,374
119,3391701,1190,1369,1152,987,0,374
120,3401701,1184,1364,1153,990,0,376
121,3411701,1179,1356,1153,991,0,376
122,3421701,1173,1352,1153,992,0,376
123,3431701,1166,1346,1151,991,0,377
124,3441701,1161,1338,1151,994,0,377
125,3451701,1157,1335,1152,993,0,376
126,3461701,1147,1328,1153,995,0,370
127,3471701,1139,1323,1156,995,0,362
128,3481701,1130,1314,1151,993,0,319
129,3491701,1121,1306,1152,997,0,352
130,3501701,1111,1298,1149,996,0,348
131,3511701,1105,1289,1148,997,0,347
132,3521701,1097,1277,1147,997,0,345
133,3531701,1091,1272,1147,998,0,345
134,3541701,1085,0,1147,999,0,345
135,3551701,1082,0,1146,998,0,346
136,3561701,1078,0,1145,999,0,348
137,3571701,1072,0,1144,999,0,352
138,3581701,1065,0,1144,998,0,356
139,3591701,1056,0,1143,999,0,358
140,3601701,1049,0,1141,998,0,361
141,3611701,1043,0,1141,999,0,364
142,3621701,1035,0,1138,999,0,370
143,3631701,1026,0,1138,999,0,373
144,3641701,1019,0,1137,998,0,376
145,3651701,1014,0,1136,998,0,383
146,3661701,1005,0,1135,998,0,391
147,3671701,998,0,1135,999,0,400
148,3681701,988,0,1134,999,0,404
149,3691701,981,0,1134,999,0,408
150,3701701,972,0,1134,1000,0,410
151,3711701,966,1135,1132,998,0,410
152,3721701,956,1132,1132,999,0,411
153,3731701,952,1127,1132,981,0,385
154,3741701,948,1126,1132,999,0,418
155,3751701,943,1123,1130,1000,0,420
156,3761701,942,1121,1130,999,0,419
157,3771701,940,1116,1130,1000,0,422
158,3781701,941,1114,1129,999,0,422
159,3791701,939,1113,1128,999,0,422
160,3801701,872,1106,1128,999,0,422
161,3811701,935,1109,1127,998,0,416
162,3821701,934,1107,1125,998,0,417
163,3831701,929,1103,1124,999,0,417
164,3841701,926,1101,1124,998,0,416
165,3851701,923,1097,1124,998,0,420
166,3861701,921,1095,1123,999,0,415
167,3871701,919,1093,1123,998,0,417
168,3881701,915,1087,1122,1002,0,419
169,3891701,912,1084,1121,1003,0,418
170,3901701,910,1082,1121,996,0,417
171,3911701,907,1081,1121,1002,0,417
172,3921701,904,1077,1120,993,0,420
173,3931701,897,1072,1049,978,0,409
174,3941701,895,1070,1121,1000,0,424
175,3951701,893,1069,1121,1000,0,431
176,3961701,891,1067,1121,999,0,425
177,3971701,890,1066,1120,1008,0,427
178,3981701,889,1065,1118,999,0,428
179,3991701,889,1064,1118,998,0,429
180,4001701,863,979,1100,937,0,424
181,4011701,888,1064,1116,999,0,422
182,4021701,890,1064,1116,999,0,424
183,4031701,889,1063,1114,998,0,422
184,4041701,890,1064,1114,996,0,420
185,4051701,891,1064,1112,994,0,418
186,4061701,893,1062,1111,974,0,386
187,4071701,893,1066,1112,991,0,413
188,4081701,894,1068,1111,992,0,414
189,4091701,899,1069,1108,992,0,409
190,4101701,903,1071,1104,987,0,409
191,4111701,904,1073,1106,984,0,404
192,4121701,907,1077,1108,985,0,396
193,4131701,913,1077,1103,984,0,393
194,4141701,915,1080,1092,982,0,391
195,4151701,917,1090,1090,979,0,381
196,4161701,919,1079,1092,978,0,376
197,4171701,920,1085,1081,974,0,371
198,4181701,921,1089,1086,969,0,365
199,4191701,922,1088,1080,971,0,361
200,4201701,924,1088,1079,967,0,356
201,4211701,926,1092,1079,965,0,348
202,4221701,926,1090,1075,967,0,339
203,4231701,929,1092,1070,957,0,328
204,4241701,931,1095,1069,952,0,318
205,4251701,932,1094,1065,945,0,313
206,4261701,933,1095,1055,940,0,308
207,4271701,935,1096,1053,925,0,300
208,4281701,935,1090,1048,927,0,295
209,4291701,936,1097,1044,922,0,287
210,4301701,936,1093,1038,922,0,279
211,4311701,935,1097,1033,919,0,276
212,4321701,935,1098,1030,915,0,275
213,4331701,940,1096,1027,913,0,270
214,4341701,937,1098,1025,909,0,268
215,4351701,936,1096,1019,903,0,266
216,4361701,936,1098,1019,907,0,263
217,4371701,943,1098,1019,907,0,262
218,4381701,936,1099,1018,906,0,262
219,4391701,937,1097,1018,908,0,264
220,4401701,941,1097,1020,909,0,265
221,4411701,933,1097,1019,910,0,266
222,4421701,935,1097,1020,912,0,267
223,4431701,935,1094,1021,911,0,267
224,4441701,935,1093,1026,911,0,269
225,4451701,887,1025,997,914,0,270
226,4461701,939,1088,1024,913,0,269
227,4471701,931,1090,1025,913,0,269
228,4481701,930,1091,1028,913,0,267
229,4491701,934,1088,1025,912,0,266
230,4501701,929,1088,1025,912,0,265
231,4511701,927,1087,1027,912,0,264
232,4521701,929,1087,1024,913,0,263
233,4531701,931,1086,1027,914,0,264
234,4541701,930,1087,1025,914,0,264
235,4551701,929,1086,1028,917,0,264
236,4561701,927,1085,1028,914,0,265
237,4571701,925,1084,1029,915,0,265
238,4581701,897,999,1008,851,0,267
239,4591701,921,1082,1027,914,0,267
240,4601701,920,1082,1028,916,0,267
241,4611701,920,1080,1024,914,0,266
242,4621701,917,1080,1023,913,0,266
243,4631701,919,1077,1022,915,0,267
244,4641701,919,1079,1024,914,0,268
245,4651701,920,1079,1025,914,0,269
246,4661701,919,1079,1021,914,0,268
247,4671701,919,1078,1021,914,0,270
248,4681701,919,1077,1020,913,0,270
249,4691701,918,1077,1020,915,0,272
250,4701701,920,1077,1021,915,0,273
251,4711701,852,1072,1021,914,0,271
252,4721701,919,1079,1021,914,0,273
253,4731701,917,1078,1020,914,0,274
254,4741701,917,1075,1020,914,0,274
255,4751701,916,1074,1019,915,0,274
256,4761701,914,1074,1019,914,0,274
257,4771701,912,1071,1019,915,0,275
258,4781701,915,1071,1020,915,0,276
259,4791701,913,1068,1019,915,0,275
260,4801701,913,1070,1019,915,0,275
261,4811701,912,1068,1018,915,0,276
262,4821701,914,1068,1018,914,0,276
263,4831701,915,1069,1018,913,0,273
264,4841701,915,1070,1018,913,0,271
265,4851701,916,1071,1018,912,0,271
266,4861701,916,1070,1017,911,0,270
267,4871701,917,1072,1017,910,0,267
268,4881701,917,1074,1016,910,0,265
269,4891701,919,1075,1015,909,0,262
270,4901701,919,1078,1014,908,0,254
271,4911701,897,995,997,846,0,252
272,4921701,923,1079,1013,907,0,250
273,4931701,924,1079,1013,906,0,249
274,4941701,925,1081,1013,906,0,247
275,4951701,926,1081,1012,906,0,248
276,4961701,927,1081,1013,905,0,247
277,4971701,924,1081,949,885,0,235
278,4981701,928,1081,1013,904,0,244
279,4991701,930,1083,1013,905,0,245
280,5001701,929,1083,1014,905,0,245
281,5011701,930,1083,1013,905,0,244
282,5021701,931,1084,1014,905,0,244
283,5031701,933,1085,1014,903,0,212
284,5041701,934,1086,1014,905,0,245
285,5051701,934,1092,1014,905,0,243
286,5061701,935,1092,1015,905,0,243
287,5071701,936,1094,1014,905,0,241
288,5081701,937,1094,1016,905,0,242
289,5091701,938,1096,1015,906,0,244
290,5101701,939,1097,1017,908,0,245
291,5111701,940,1098,1018,908,0,247
292,5121701,939,1099,1019,909,0,247
293,5131701,940,1099,1020,909,0,248
294,5141701,940,1099,1021,909,0,249
295,5151701,941,1099,1025,910,0,250
296,5161701,941,1098,1021,892,0,228
297,5171701,943,1101,1028,912,0,251
298,5181701,944,1100,1028,913,0,251
299,5191701,945,1103,1029,913,0,252
300,5201701,946,1104,1030,912,0,252
301,5211701,948,1105,1030,914,0,253
302,5221701,949,1106,1034,912,0,255
303,5231701,950,1108,1035,915,0,256
304,5241701,950,1108,1035,914,0,257
305,5251701,950,1109,1034,915,0,255
306,5261701,951,1110,1035,915,0,257
307,5271701,952,1109,1037,915,0,261
308,5281701,952,1110,1037,915,0,262
309,5291701,953,1110,1040,915,0,262
310,5301701,952,1111,1039,916,0,263
311,5311701,953,1112,1039,916,0,263
312,5321701,955,1112,1041,917,0,264
313,5331701,955,1113,1041,917,0,265
314,5341701,955,1112,1042,918,0,266
315,5351701,956,1113,1043,919,0,269
316,5361701,956,1113,1043,920,0,268
317,5371701,955,1113,1044,920,0,271
318,5381701,956,1113,1045,919,0,272
319,5391701,956,1113,1045,924,0,276
320,5401701,956,1114,1045,921,0,274
321,5411701,957,1113,1045,920,0,275
322,5421701,957,1114,1046,921,0,275
323,5431701,957,1113,1046,925,0,272
324,5441701,957,1114,1047,923,0,295
325,5451701,956,1114,1047,923,0,281
326,5461701,957,1115,1049,924,0,277
327,5471701,957,1114,1049,925,0,277
328,5481701,957,1114,1050,924,0,281
329,5491701,957,1116,1050,925,0,284
330,5501701,957,1115,1049,925,0,281
331,5511701,958,1116,1050,925,0,277
332,5521701,958,1115,1050,925,0,282
333,5531701,957,1116,1050,925,0,280
334,5541701,957,1116,1050,926,0,280
335,5551701,892,1110,1051,922,0,281
336,5561701,958,1116,1051,928,0,282
337,5571701,957,1116,1051,926,0,283
338,5581701,957,1116,1048,926,0,284
339,5591701,958,1117,1050,927,0,285
340,5601701,958,1116,1052,927,0,283
341,5611701,958,1119,1049,932,0,284
342,5621701,961,1119,1052,934,0,283
343,5631701,958,1117,1048,926,0,284
344,5641701,960,1118,1052,922,0,284
345,5651701,961,1117,1050,927,0,284
346,5661701,965,1122,1051,925,0,286
347,5671701,966,1123,1048,923,0,283
348,5681701,966,1122,1052,926,0,284
349,5691701,967,1124,1054,923,0,283
350,5701701,967,1135,1051,925,0,284
351,5711701,968,1123,1060,934,0,284
352,5721701,968,1128,1052,928,0,284
353,5731701,969,1125,1053,925,0,284
354,5741701,958,1051,1009,883,0,275
355,5751701,970,1129,1052,931,0,284
356,5761701,970,1129,1054,921,0,285
357,5771701,970,1135,1052,923,0,286
358,5781701,970,1130,1049,925,0,285
359,5791701,970,1130,1054,924,0,285
360,5801701,970,1129,1049,923,0,285
361,5811701,971,1129,1051,923,0,286
362,5821701,971,1130,1055,923,0,286
363,5831701,972,1131,1055,925,0,285
364,5841701,971,1129,1051,923,0,286
365,5851701,973,1130,1051,922,0,287
366,5861701,974,1130,1053,923,0,286
367,5871701,969,1131,1053,923,0,286
368,5881701,964,1129,1050,921,0,286
369,5891701,966,1129,1049,921,0,286
370,5901701,964,1131,1050,924,0,286
371,5911701,967,1134,1051,922,0,286
372,5921701,972,1122,1049,922,0,285
373,5931701,972,1126,1051,924,0,286
374,5941701,966,1128,1050,922,0,286
375,5951701,972,1127,1050,924,0,286
376,5961701,966,1127,1049,922,0,286
377,5971701,967,1127,1051,921,0,286
378,5981701,962,1126,1050,921,0,287
379,5991701,969,1125,1051,923,0,286
380,6001701,964,1125,1051,919,0,250
381,6011701,964,1123,1051,922,0,288
382,6021701,965,1121,1051,921,0,288
383,6031701,966,1123,1050,924,0,289
384,6041701,963,1122,1051,923,0,288
385,6051701,959,1121,1050,923,0,289
386,6061701,959,1120,1051,923,0,290
387,6071701,958,1121,1051,926,0,289
388,6081701,955,1121,1050,925,0,288
389,6091701,961,1117,1051,924,0,291
390,6101701,958,1117,1051,924,0,292
391,6111701,955,1116,1051,924,0,292
392,6121701,956,1116,1052,925,0,293
393,6131701,943,1041,1007,883,0,280
394,6141701,954,1114,1052,926,0,293
395,6151701,956,1114,1051,926,0,293
396,6161701,953,1114,1052,926,0,293
397,6171701,953,1114,1052,926,0,293
398,6181701,952,1114,1052,927,0,293
399,6191701,953,1113,1052,928,0,294
400,6201701,952,1114,1052,929,0,293
401,6211701,952,1114,1053,928,0,295
402,6221701,953,1114,1053,926,0,294
403,6231701,953,1111,1053,928,0,295
404,6241701,953,1114,1052,928,0,295
405,6251701,951,1113,1053,930,0,295
406,6261701,952,1116,1054,929,0,296
407,6271701,952,1112,1053,930,0,295
408,6281701,949,1112,1053,931,0,295
409,6291701,952,1111,1052,931,0,296
410,6301701,952,1109,1054,932,0,296
411,6311701,952,1111,1054,931,0,297
412,6321701,951,1112,1054,933,0,297
413,6331701,953,1112,1056,933,0,297
414,6341701,951,1112,1055,933,0,297
415,6351701,952,1112,1054,933,0,297
416,6361701,952,1113,1056,933,0,299
417,6371701,952,1113,1056,933,0,299
418,6381701,951,1113,1056,934,0,299
419,6391701,953,1112,1055,934,0,300
420,6401701,953,1114,1058,934,0,300
421,6411701,952,1113,1058,935,0,300
422,6421701,953,1113,1059,935,0,300
423,6431701,953,1114,1059,935,0,300
424,6441701,953,1115,1058,935,0,301
425,6451701,953,1115,1059,936,0,301
426,6461701,953,1115,1059,936,0,302
427,6471701,954,1115,1059,935,0,302
428,6481701,954,1115,1058,935,0,302
429,6491701,954,1115,1059,936,0,302
430,6501701,954,1116,1060,935,0,302
431,6511701,955,1116,1060,935,0,302
432,6521701,955,1116,1059,935,0,302
433,6531701,956,1118,1059,935,0,302
434,6541701,956,1117,1060,935,0,301
435,6551701,956,1117,1059,935,0,301
436,6561701,956,1119,1059,935,0,302
437,6571701,958,1118,1059,935,0,302
438,6581701,958,1118,1059,935,0,302
439,6591701,957,1118,1059,932,0,266
440,6601701,958,1119,1060,935,0,303
441,6611701,958,1118,1059,935,0,303
442,6621701,959,1119,1060,936,0,303
443,6631701,958,1121,1060,935,0,302
444,6641701,960,1122,1059,935,0,302
445,6651701,962,1122,1060,935,0,302
446,6661701,961,1122,1059,935,0,302
447,6671701,961,1124,1060,935,0,302
448,6681701,960,1124,1059,935,0,302
449,6691701,962,1125,1060,935,0,302
450,6701701,961,1125,1060,935,0,302
451,6711701,962,1125,1061,935,0,303
452,6721701,964,1125,1059,934,0,302
453,6731701,965,1125,1061,935,0,303
454,6741701,963,1124,1060,935,0,303
455,6751701,966,1125,1060,935,0,304
456,6761701,965,1125,1060,935,0,306
457,6771701,966,1125,1060,936,0,304
458,6781701,966,1125,1060,935,0,304
459,6791701,963,1126,1060,935,0,304
460,6801701,966,1127,1061,935,0,305
461,6811701,966,1126,1061,935,0,306
462,6821701,966,1126,1061,935,0,304
463,6831701,967,1126,1061,936,0,307
464,6841701,966,1126,1060,936,0,307
465,6851701,966,1126,1061,936,0,306
466,6861701,967,1126,1061,936,0,299
467,6871701,966,1127,1061,933,0,307
468,6881701,967,1126,1061,935,0,304
469,6891701,967,1126,1062,936,0,310
470,6901701,966,1127,1062,937,0,303
471,6911701,967,1126,1062,936,0,305
472,6921701,966,1127,1061,936,0,313
473,6931701,967,1128,1061,936,0,308
474,6941701,966,1128,1062,937,0,305
475,6951701,967,1127,1061,937,0,300
476,6961701,967,1127,1061,937,0,315
477,6971701,967,1127,1062,936,0,312
478,6981701,967,1127,1062,935,0,306
479,6991701,954,1051,1018,893,0,297
480,7001701,967,1127,1062,936,0,304
481,7011701,967,1128,1061,936,0,308
482,7021701,967,1127,1062,936,2,311
483,7031701,966,1126,1062,937,0,306
484,7041701,966,1128,1062,938,0,309
485,7051701,967,1127,1062,935,0,307
486,7061701,939,1042,1045,876,0,308
487,7071701,966,1128,1062,938,0,309
488,7081701,967,1128,1062,937,0,309
489,7091701,967,1128,1064,940,0,312
490,7101701,968,1129,1074,938,0,310
491,7111701,968,1129,1065,938,0,314
492,7121701,967,1129,1066,947,0,308
493,7131701,919,1064,1036,939,0,314
494,7141701,969,1130,1065,937,0,310
495,7151701,969,1128,1062,937,0,312
496,7161701,969,1130,1067,937,0,312
497,7171701,969,1129,1065,937,0,313
498,7181701,969,1131,1064,938,0,312
499,7191701,969,1129,1062,936,0,312
500,7201701,920,1066,1042,935,0,313
501,7211701,969,1132,1065,939,0,313
502,7221701,969,1130,1066,939,0,313
503,7231701,969,1131,1066,937,0,313
504,7241701,969,1128,1056,942,0,312
505,7251701,969,1129,1064,936,0,314
506,7261701,969,1131,1064,931,0,312
507,7271701,968,1129,1063,940,0,313
508,7281701,969,1130,1065,938,0,312
509,7291701,969,1127,1066,940,0,313
510,7301701,969,1131,1065,939,0,314
511,7311701,969,1131,1059,939,0,313
512,7321701,969,1130,1065,939,0,313
513,7331701,969,1129,1064,937,0,278
514,7341701,969,1131,1066,939,0,313
515,7351701,970,1131,1068,938,0,315
516,7361701,968,1129,1065,940,0,313
517,7371701,967,1129,1062,938,0,313
518,7381701,971,1131,1065,938,0,313
519,7391701,966,1128,1067,939,0,313
520,7401701,921,1065,1037,940,0,314
521,7411701,970,1131,1064,938,0,314
522,7421701,963,1130,1065,940,0,313
523,7431701,965,1129,1062,940,0,313
524,7441701,971,1129,1064,939,0,313
525,7451701,975,1128,1064,939,0,314
526,7461701,971,1135,1065,939,0,314
527,7471701,966,1130,1066,937,0,314
528,7481701,971,1131,1065,939,0,314
529,7491701,964,1131,1063,939,0,314
530,7501701,965,1131,1063,939,0,314
531,7511701,968,1130,1064,940,0,314
532,7521701,973,1130,1064,939,0,313
533,7531701,972,1131,1065,938,0,314
534,7541701,972,1131,1065,939,0,313
535,7551701,972,1130,1065,939,0,313
536,7561701,970,1130,1064,939,0,313
537,7571701,973,1129,1065,939,0,313
538,7581701,971,1130,1064,938,0,312
539,7591701,970,1132,1064,938,0,313
540,7601701,972,1133,1065,940,0,312
541,7611701,974,1132,1065,938,0,312
542,7621701,972,1132,1065,938,0,312
543,7631701,974,1133,1064,937,0,312
544,7641701,977,1131,1064,938,0,312
545,7651701,974,1132,1064,938,0,312
546,7661701,973,1132,1064,939,0,312
547,7671701,974,1133,1064,939,0,313
548,7681701,973,1135,1064,937,0,312
549,7691701,973,1131,1064,938,0,312
550,7701701,974,1137,1064,937,0,312
551,7711701,974,1133,1063,936,0,311
552,7721701,976,1135,1063,937,0,311
553,7731701,975,1133,1062,937,0,311
554,7741701,976,1134,1063,937,0,311
555,7751701,976,1134,1063,937,0,311
556,7761701,976,1134,1064,937,0,310
557,7771701,978,1135,1064,938,0,311
558,7781701,979,1136,1064,937,0,311
559,7791701,978,1136,1064,937,0,311
560,7801701,966,1064,1020,894,0,299
561,7811701,978,1137,1064,938,0,312
562,7821701,979,1136,1064,937,0,312
563,7831701,979,1139,1065,938,0,312
564,7841701,979,1137,1065,938,0,312
565,7851701,979,1138,1065,937,0,311
566,7861701,979,1138,1066,938,0,312
567,7871701,979,1139,1066,938,0,312
568,7881701,979,1136,1065,938,0,312
569,7891701,979,1136,1065,938,0,312
570,7901701,979,1137,1065,937,0,312
571,7911701,979,1138,1065,938,0,312
572,7921701,979,1138,1065,937,0,312
573,7931701,979,1138,1066,938,0,312
574,7941701,979,1135,1064,937,0,312
575,7951701,978,1138,1064,937,0,311
576,7961701,978,1138,1064,937,0,312
577,7971701,979,1138,1063,938,0,311
578,7981701,979,1139,1064,936,0,310
579,7991701,979,1136,1063,936,0,310
580,8001701,979,1137,1064,937,0,310
581,8011701,978,1137,1063,936,0,308
582,8021701,979,1136,1064,936,0,308
583,8031701,979,1137,1063,936,0,308
584,8041701,978,1137,1063,936,0,308
585,8051701,978,1135,1065,936,0,309
586,8061701,979,1133,1061,922,0,283
587,8071701,979,1138,1064,937,0,307
588,8081701,978,1138,1062,935,0,307
589,8091701,979,1137,1062,934,0,303
590,8101701,979,1138,1062,936,0,304
591,8111701,978,1138,1065,936,0,304
592,8121701,978,1137,1062,934,0,267
593,8131701,979,1136,1062,936,0,302
594,8141701,979,1136,1062,936,0,303
595,8151701,979,1138,1064,936,0,303
596,8161701,979,1135,1054,937,0,303
597,8171701,979,1136,1063,938,0,304
598,8181701,978,1137,1064,938,0,304
599,8191701,980,1137,1064,938,0,303
600,8201701,978,1137,1064,937,0,304
601,8211701,977,1135,1067,938,0,302
602,8221701,977,1135,1065,938,0,306
603,8231701,977,1135,1063,937,0,306
604,8241701,977,1135,1066,937,0,307
605,8251701,977,1135,1064,939,0,307
606,8261701,977,1134,1064,938,0,314
607,8271701,975,1133,1065,939,0,303
608,8281701,974,1134,1065,941,0,310
609,8291701,972,1132,1067,940,0,310
610,8301701,971,1131,1064,939,0,309
611,8311701,969,1129,1065,939,0,312
612,8321701,969,1128,1066,939,0,313
613,8331701,968,1127,1065,940,0,316
614,8341701,966,1126,1064,940,0,314
615,8351701,962,1124,1065,940,0,316
616,8361701,958,1128,1067,940,0,318
617,8371701,957,1123,1066,940,0,318
618,8381701,958,1121,1066,942,0,326
619,8391701,945,1045,1022,899,0,315
620,8401701,957,1120,1067,942,0,329
621,8411701,956,1119,1065,942,0,328
622,8421701,956,1117,1067,944,0,328
623,8431701,963,1116,1067,943,0,328
624,8441701,954,1118,1067,945,0,331
625,8451701,955,1119,1066,941,0,294
626,8461701,955,1117,1067,945,0,332
627,8471701,956,1118,1065,945,0,331
628,8481701,957,1119,1068,944,0,332
629,8491701,958,1119,1067,946,0,330
630,8501701,956,1119,1066,947,0,332
631,8511701,957,1120,1067,947,0,332
632,8521701,956,1122,1072,948,0,332
633,8531701,959,1122,1069,951,0,332
634,8541701,958,1121,1067,947,0,333
635,8551701,959,1122,1070,947,0,334
636,8561701,965,1125,1070,946,0,333
637,8571701,964,1124,1069,947,0,336
638,8581701,965,1126,1071,948,0,334
639,8591701,965,1125,1068,944,0,334
640,8601701,965,1125,1070,948,0,335
641,8611701,967,1125,1072,948,0,334
642,8621701,968,1126,1074,950,0,337
643,8631701,966,1126,1073,949,0,332
644,8641701,966,1126,1073,949,0,335
645,8651701,967,1126,1074,950,0,337
646,8661701,967,1127,1072,949,0,337
647,8671701,968,1126,1072,952,0,338
648,8681701,976,1126,1066,950,0,339
649,8691701,969,1128,1073,950,0,338
650,8701701,968,1127,1076,951,0,339
651,8711701,970,1128,1075,951,0,341
652,8721701,967,1127,1076,952,0,342
653,8731701,968,1127,1077,952,0,343
654,8741701,970,1127,1078,953,0,343
655,8751701,966,1127,1077,953,0,343
656,8761701,968,1127,1078,955,0,347
657,8771701,966,1128,1079,955,0,346
658,8781701,967,1126,1078,955,0,348
659,8791701,966,1127,1084,955,0,348
660,8801701,968,1128,1079,957,0,347
661,8811701,969,1127,1079,955,0,351
662,8821701,968,1126,1079,955,0,353
663,8831701,969,1132,1079,958,0,353
664,8841701,969,1128,1078,956,0,354
665,8851701,967,1127,1078,956,0,348
666,8861701,967,1126,1078,956,0,354
667,8871701,968,1126,1078,956,0,354
668,8881701,968,1126,1079,956,0,358
669,8891701,969,1128,1078,956,0,354
670,8901701,970,1129,1079,955,0,350
671,8911701,970,1129,1078,956,0,351
672,8921701,975,1129,1078,953,0,352
673,8931701,968,1130,1078,956,0,350
674,8941701,972,1130,1079,957,0,356
675,8951701,970,1129,1078,955,0,354
676,8961701,970,1130,1080,955,0,354
677,8971701,972,1129,1079,955,0,357
678,8981701,970,1129,1080,956,0,357
679,8991701,969,1130,1080,956,0,357
680,9001701,970,1127,1079,956,0,358
681,9011701,971,1130,1080,957,0,361
682,9021701,971,1130,1080,957,0,361
683,9031701,970,1128,1081,958,0,363
684,9041701,969,1128,1081,957,0,364
685,9051701,962,1125,1081,959,0,363
686,9061701,967,1126,1081,959,0,365
687,9071701,965,1129,1082,961,0,367
688,9081701,966,1127,1083,961,0,366
689,9091701,954,1053,1039,916,0,355
690,9101701,967,1129,1084,964,0,369
691,9111701,969,1127,1083,964,0,370
692,9121701,967,1126,1083,964,0,371
693,9131701,965,1124,1084,963,0,375
694,9141701,965,1126,1084,975,0,373
695,9151701,963,1126,1085,965,0,377
696,9161701,958,1126,1087,968,0,377
697,9171701,962,1126,1085,967,0,379
698,9181701,958,1126,1087,966,0,379
699,9191701,959,1122,1086,966,0,378
700,9201701,957,1125,1087,966,0,379
701,9211701,957,1123,1085,967,0,378
702,9221701,956,1123,1086,967,0,380
703,9231701,956,1123,1086,969,0,379
704,9241701,957,1123,1085,967,0,381
705,9251701,956,1124,1086,967,0,380
706,9261701,957,1124,1088,968,0,381
707,9271701,957,1125,1086,967,0,381
708,9281701,957,1122,1088,966,0,381
709,9291701,924,1067,1004,953,0,378
710,9301701,959,1123,1086,968,0,383
711,9311701,952,1123,1085,968,0,382
712,9321701,957,1123,1088,969,0,381
713,9331701,959,1123,1087,968,0,380
714,9341701,959,1125,1088,967,0,380
715,9351701,959,1124,1086,969,0,380
716,9361701,960,1123,1087,968,0,380
717,9371701,960,1124,1090,966,0,379
718,9381701,965,1125,1087,967,0,378
719,9391701,963,1125,1087,966,0,377
720,9401701,965,1126,1084,967,0,376
721,9411701,966,1127,1085,967,0,377
722,9421701,967,1128,1087,967,0,374
723,9431701,966,1127,1085,967,0,373
724,9441701,967,1128,1084,965,0,373
725,9451701,968,1127,1085,966,0,372
726,9461701,969,1128,1085,966,0,372
727,9471701,969,1129,1084,965,0,371
728,9481701,970,1133,1087,966,0,371
729,9491701,969,1129,1082,965,0,370
730,9501701,970,1130,1083,965,0,369
731,9511701,970,1130,1081,966,0,369
732,9521701,970,1130,1083,965,0,369
733,9531701,970,1130,1087,965,0,371
734,9541701,943,1047,1065,900,0,372
735,9551701,971,1130,1083,964,0,371
736,9561701,971,1130,1086,965,0,371
737,9571701,971,1130,1084,967,0,372
738,9581701,971,1130,1084,965,0,372
739,9591701,972,1129,1085,964,0,373
740,9601701,932,1077,1002,948,0,371
741,9611701,969,1129,1084,967,0,372
742,9621701,970,1129,1086,966,0,375
743,9631701,969,1129,1086,967,0,373
744,9641701,969,1129,1083,966,0,375
745,9651701,969,1128,1085,967,0,375
746,9661701,968,1129,1079,966,0,375
747,9671701,899,1123,1088,966,0,376
748,9681701,968,1128,1085,971,0,376
749,9691701,968,1129,1084,964,0,376
750,9701701,969,1129,1085,968,0,376
751,9711701,968,1129,1087,968,0,376
752,9721701,969,1128,1087,968,0,377
753,9731701,968,1129,1086,967,0,377
754,9741701,968,1128,1087,969,0,378
755,9751701,967,1128,1085,968,0,378
756,9761701,967,1127,1087,970,0,381
757,9771701,967,1128,1084,969,0,379
758,9781701,966,1127,1087,970,0,379
759,9791701,966,1126,1085,970,0,379
760,9801701,966,1126,1088,969,0,381
761,9811701,966,1126,1089,970,0,380
762,9821701,964,1125,1090,969,0,382
763,9831701,963,1125,1091,971,0,382
764,9841701,960,1124,1091,972,0,380
765,9851701,957,1124,1093,973,0,383
766,9861701,957,1122,1092,972,0,384
767,9871701,956,1120,1091,972,0,391
768,9881701,953,1117,1093,973,0,393
769,9891701,952,1117,1095,973,0,392
770,9901701,949,1115,1094,973,0,395
771,9911701,948,1113,1093,977,0,395
772,9921701,942,1112,1093,975,0,394
773,9931701,941,1109,1095,977,0,394
774,9941701,939,1106,1095,979,0,393
775,9951701,936,1106,1094,979,0,396
776,9961701,933,1104,1094,978,0,398
777,9971701,932,1100,1093,980,0,397
778,9981701,930,1102,1095,980,0,398
779,9991701,863,1094,1095,980,0,398
780,10001701,926,1100,1095,980,0,402
781,10011701,925,1101,1097,981,0,403
782,10021701,925,1097,1097,982,0,404
783,10031701,920,1099,1099,983,0,403
784,10041701,922,1099,1099,984,0,402
785,10051701,920,1095,1100,992,0,405
786,10061701,921,1098,1102,984,0,403
787,10071701,919,1098,1100,986,0,403
788,10081701,921,1098,1102,987,0,402
789,10091701,919,1098,1098,985,0,404
790,10101701,919,1099,1095,986,0,403
791,10111701,918,1099,1101,985,0,403
792,10121701,873,1034,1075,987,0,401
793,10131701,921,1100,1097,987,0,403
794,10141701,922,1100,1100,987,0,402
795,10151701,921,1102,1094,986,0,401
796,10161701,919,1100,1104,987,0,398
797,10171701,921,1101,1102,987,0,404
798,10181701,920,1100,1030,966,0,386
799,10191701,923,1105,1102,986,0,401
800,10201701,924,1102,1101,986,0,400
801,10211701,923,1098,1100,985,0,398
802,10221701,925,1105,1100,985,0,399
803,10231701,925,1103,1100,987,0,397
804,10241701,927,1104,1100,985,0,396
805,10251701,928,1104,1099,987,0,396
806,10261701,931,1105,1095,986,0,395
807,10271701,928,1106,1098,984,0,396
808,10281701,930,1106,1099,984,0,396
809,10291701,929,1105,1098,984,0,399
810,10301701,931,1106,1097,982,0,393
811,10311701,932,1107,1097,983,0,393
812,10321701,933,1107,1097,983,0,395
813,10331701,933,1108,1096,982,0,396
814,10341701,934,1109,1096,981,0,398
815,10351701,932,1108,1095,981,0,395
816,10361701,935,1110,1097,982,0,392
817,10371701,935,1106,1096,981,0,395
818,10381701,936,1110,1096,981,0,395
819,10391701,935,1111,1096,981,0,395
820,10401701,938,1111,1097,979,0,393
821,10411701,939,1110,1096,979,0,394
822,10421701,939,1111,1096,979,0,392
823,10431701,940,1115,1096,979,0,393
824,10441701,939,1114,1096,978,0,393
825,10451701,942,1115,1095,978,0,391
826,10461701,940,1113,1094,977,0,394
827,10471701,941,1115,1094,975,0,391
828,10481701,941,1115,1094,977,0,390
829,10491701,942,1111,1094,967,0,390
830,10501701,943,1114,1094,976,0,390
831,10511701,949,1113,1094,977,0,390
832,10521701,945,1112,1094,975,0,391
833,10531701,943,1114,1094,977,0,388
834,10541701,943,1114,1094,983,0,391
835,10551701,942,1113,1094,975,0,389
836,10561701,944,1114,1094,975,0,385
837,10571701,941,1113,1022,953,0,375
838,10581701,943,1115,1093,974,0,389
839,10591701,942,1113,1093,974,0,386
840,10601701,944,1111,1093,974,0,391
841,10611701,942,1114,1093,983,0,390
842,10621701,942,1114,1093,974,0,391
843,10631701,943,1111,1094,976,0,391
844,10641701,898,1045,1064,974,0,391
845,10651701,942,1113,1093,976,0,390
846,10661701,941,1113,1093,973,0,390
847,10671701,942,1111,1092,974,0,392
848,10681701,941,1112,1092,974,0,392
849,10691701,942,1112,1093,973,0,391
850,10701701,942,1112,1094,972,0,392
851,10711701,942,1112,1089,975,0,392
852,10721701,941,1112,1092,976,0,392
853,10731701,938,1109,1093,973,0,391
854,10741701,940,1108,1094,974,0,391
855,10751701,939,1108,1091,974,0,392
856,10761701,936,1108,1094,975,0,393
857,10771701,937,1109,1094,975,0,393
858,10781701,938,1108,1091,975,0,393
859,10791701,939,1108,1093,976,0,393
860,10801701,937,1107,1094,975,0,394
861,10811701,938,1109,1092,976,0,393
862,10821701,938,1108,1093,976,0,393
863,10831701,938,1107,1092,955,0,365
864,10841701,941,1108,1092,976,0,395
865,10851701,937,1108,1094,977,0,395
866,10861701,939,1109,1094,977,0,395
867,10871701,937,1108,1095,976,0,396
868,10881701,937,1108,1096,976,0,397
869,10891701,938,1109,1094,975,0,397
870,10901701,938,1106,1093,956,0,369
871,10911701,939,1108,1094,977,0,398
872,10921701,939,1108,1094,977,0,398
873,10931701,939,1107,1095,978,0,400
874,10941701,938,1107,1089,978,0,401
875,10951701,938,1107,1095,977,0,400
876,10961701,938,1104,1095,978,0,402
877,10971701,938,1106,1096,978,0,400
878,10981701,938,1106,1094,977,0,402
879,10991701,937,1107,1097,978,0,403
880,11001701,937,1106,1095,978,0,403
881,11011701,935,1106,1095,978,0,403
882,11021701,936,1105,1095,978,0,405
883,11031701,935,1106,1094,978,0,403
884,11041701,936,1105,1096,979,0,404
885,11051701,935,1106,1095,979,0,405
886,11061701,935,1105,1096,976,0,404
887,11071701,934,1103,1095,979,0,405
888,11081701,933,1101,1095,978,0,404
889,11091701,932,1103,1097,979,0,407
890,11101701,933,1100,1096,976,0,364
891,11111701,932,1101,1096,980,0,407
892,11121701,932,1102,1097,979,0,405
893,11131701,932,1100,1096,975,0,406
894,11141701,931,1100,1097,980,0,409
895,11151701,932,1099,1095,980,0,407
896,11161701,931,1099,1094,980,0,407
897,11171701,932,1101,1096,979,0,408
898,11181701,931,1099,1095,980,0,410
899,11191701,932,1101,1095,979,0,406
900,11201701,933,1101,1094,979,0,406
901,11211701,932,1100,1093,979,0,408
902,11221701,931,1101,1096,980,0,407
903,11231701,932,1102,1094,979,0,410
904,11241701,932,1104,1097,981,0,411
905,11251701,933,1103,1096,987,0,407
906,11261701,933,1102,1095,979,0,408
907,11271701,932,1102,1097,979,0,408
908,11281701,934,1104,1096,978,0,408
909,11291701,932,1103,1095,978,0,409
910,11301701,923,1027,1050,932,0,395
911,11311701,932,1102,1096,979,0,401
912,11321701,932,1101,1095,980,0,408
913,11331701,933,1101,1094,979,0,409
914,11341701,932,1100,1093,979,0,412
915,11351701,933,1100,1096,979,0,410
916,11361701,933,1100,1096,980,0,410
917,11371701,885,1034,1069,978,0,410
918,11381701,934,1099,1096,979,0,408
919,11391701,934,1101,1094,979,0,409
920,11401701,934,1102,1096,980,0,408
921,11411701,935,1104,1096,980,0,418
922,11421701,935,1104,1095,980,0,410
923,11431701,934,1104,1102,980,0,416
924,11441701,935,1104,1096,980,0,402
925,11451701,931,1107,1096,980,0,414
926,11461701,936,1107,1095,979,0,409
927,11471701,936,1107,1096,980,0,407
928,11481701,937,1105,1096,980,0,407
929,11491701,935,1105,1095,980,0,408
930,11501701,888,1037,1067,982,0,416
931,11511701,934,1103,1095,980,0,408
932,11521701,933,1103,1096,980,0,411
933,11531701,934,1102,1095,980,0,408
934,11541701,934,1103,1094,980,0,408
935,11551701,934,1104,1096,979,0,407
936,11561701,932,1104,1026,956,0,394
937,11571701,935,1105,1094,979,0,404
938,11581701,935,1106,1097,980,0,407
939,11591701,936,1107,1097,980,0,405
940,11601701,936,1105,1096,978,0,405
941,11611701,936,1106,1096,979,0,405
942,11621701,936,1107,1095,980,0,407
943,11631701,872,1100,1098,980,0,405
944,11641701,938,1109,1095,980,0,404
945,11651701,935,1107,1095,980,3,403
946,11661701,938,1108,1097,980,0,405
947,11671701,938,1108,1095,980,0,406
948,11681701,939,1107,1096,980,0,401
949,11691701,937,1106,1096,980,0,407
950,11701701,937,1107,1097,980,0,400
951,11711701,937,1107,1096,980,0,405
952,11721701,939,1108,1096,980,0,406
953,11731701,942,1108,1097,981,0,407
954,11741701,938,1108,1096,980,0,407
955,11751701,938,1108,1097,979,0,407
956,11761701,927,1033,1049,931,0,393
957,11771701,938,1109,1096,979,0,406
958,11781701,938,1106,1096,980,0,405
959,11791701,937,1107,1096,979,0,405
960,11801701,940,1108,1096,978,0,405
961,11811701,938,1108,1096,978,0,397
962,11821701,939,1108,1096,977,0,405
963,11831701,939,1109,1096,979,0,404
964,11841701,939,1107,1095,977,0,403
965,11851701,942,1108,1094,976,0,404
966,11861701,939,1108,1095,976,0,404
967,11871701,938,1108,1095,977,0,403
968,11881701,939,1108,1095,976,0,404
969,11891701,874,1102,1096,977,0,404
970,11901701,940,1110,1095,976,0,402
971,11911701,940,1109,1096,975,0,404
972,11921701,941,1105,1095,977,0,407
973,11931701,940,1108,1096,978,0,403
974,11941701,939,1110,1095,978,0,402
975,11951701,889,1031,1091,978,0,402
976,11961701,941,1108,1095,977,0,403
977,11971701,939,1111,1095,976,0,404
978,11981701,942,1108,1095,975,0,404
979,11991701,939,1110,1096,977,0,405
980,12001701,942,1109,1095,977,0,402
981,12011701,940,1109,1095,977,0,405
982,12021701,941,1109,1096,977,0,409
983,12031701,941,1111,1095,976,0,404
984,12041701,941,1104,1096,973,0,403
985,12051701,941,1110,1095,976,0,403
986,12061701,942,1110,1095,977,0,403
987,12071701,941,1110,1095,977,0,404
988,12081701,941,1110,1096,974,0,365
989,12091701,942,1109,1096,976,0,404
990,12101701,942,1109,1095,978,0,407
991,12111701,944,1109,1096,976,0,406
992,12121701,940,1109,1096,978,0,407
993,12131701,940,1108,1096,978,0,405
994,12141701,940,1110,1097,977,0,405
995,12151701,941,1114,1096,977,0,407
996,12161701,939,1110,1096,985,0,406
997,12171701,940,1110,1098,977,0,407
998,12181701,943,1110,1096,977,0,406
999,12191701,942,1110,1098,976,0,406
1000,12201701,940,1111,1094,978,0,407
1001,12211701,941,1107,1096,959,0,377
1002,12221701,944,1110,1096,976,0,408
1003,12231701,940,1110,1094,978,0,407
1004,12241701,941,1112,1095,977,0,408
1005,12251701,941,1109,1091,977,0,407
1006,12261701,940,1109,1096,977,1,408
1007,12271701,941,1109,1097,977,0,408
1008,12281701,940,1109,1096,977,0,407
1009,12291701,940,1109,1094,979,0,407
1010,12301701,941,1108,1096,978,0,407
1011,12311701,940,1109,1095,976,0,409
1012,12321701,940,1108,1095,978,0,407
1013,12331701,940,1108,1095,977,0,408
1014,12341701,940,1108,1096,974,0,367
1015,12351701,941,1109,1095,978,0,408
1016,12361701,939,1109,1095,979,0,408
1017,12371701,942,1109,1097,977,0,409
1018,12381701,940,1109,1096,979,0,408
1019,12391701,939,1109,1096,977,0,409
1020,12401701,941,1110,1096,977,0,409
1021,12411701,944,1111,1095,978,0,410
1022,12421701,941,1111,1096,979,0,411
1023,12431701,943,1112,1096,979,0,410
1024,12441701,940,1106,1096,978,0,410
1025,12451701,941,1110,1094,979,0,411
1026,12461701,941,1110,1096,977,0,411
1027,12471701,909,1056,1010,963,0,409
1028,12481701,941,1111,1097,978,0,411
1029,12491701,940,1110,1094,978,0,411
1030,12501701,942,1110,1096,979,0,411
1031,12511701,941,1110,1096,978,0,412
1032,12521701,941,1110,1096,979,0,412
1033,12531701,941,1110,1096,979,0,411
1034,12541701,941,1110,1100,979,0,411
1035,12551701,940,1110,1096,976,0,410
1036,12561701,941,1109,1098,977,0,411
1037,12571701,940,1110,1096,978,0,410
1038,12581701,940,1109,1097,978,0,411
1039,12591701,940,1109,1098,979,0,410
1040,12601701,941,1110,1097,978,0,410
1041,12611701,940,1110,1096,979,0,410
1042,12621701,940,1110,1097,979,0,410
1043,12631701,940,1110,1094,978,0,412
1044,12641701,940,1109,1095,978,0,410
1045,12651701,939,1109,1096,977,0,410
1046,12661701,941,1110,1097,979,0,411
1047,12671701,941,1110,1098,979,0,411
1048,12681701,940,1110,1096,978,0,411
1049,12691701,940,1109,1097,977,0,412
1050,12701701,940,1109,1094,978,0,411
1051,12711701,939,1110,1095,977,0,412
1052,12721701,940,1110,1096,976,0,409
1053,12731701,939,1109,1095,978,0,412
1054,12741701,940,1111,1097,978,0,411
1055,12751701,940,1112,1096,977,0,411
1056,12761701,940,1108,1095,977,0,411
1057,12771701,941,1110,1095,979,0,410
1058,12781701,941,1109,1095,978,0,410
1059,12791701,941,1110,1095,977,0,410
1060,12801701,941,1111,1096,978,0,410
1061,12811701,941,1111,1095,977,0,408
1062,12821701,939,1112,1096,977,0,409
1063,12831701,936,1110,1094,975,0,410
1064,12841701,942,1112,1094,976,0,408
1065,12851701,942,1111,1094,976,0,406
1066,12861701,943,1113,1093,976,0,411
1067,12871701,942,1112,1093,974,0,408
1068,12881701,941,1113,1091,974,0,410
1069,12891701,941,1109,1093,975,0,408
1070,12901701,943,1111,1090,973,0,410
1071,12911701,940,1111,1091,974,0,408
1072,12921701,943,1113,1092,973,0,408
1073,12931701,943,1110,1093,974,0,408
1074,12941701,946,1111,1093,973,0,407
1075,12951701,942,1112,1090,973,0,403
1076,12961701,946,1113,1092,972,0,401
1077,12971701,945,1113,1091,973,0,406
1078,12981701,947,1114,1088,972,0,402
1079,12991701,914,1061,1006,958,0,401
1080,13001701,949,1117,1091,971,0,399
1081,13011701,948,1115,1089,972,0,401
1082,13021701,950,1117,1088,973,0,398
1083,13031701,950,1117,1087,972,0,396
1084,13041701,951,1116,1089,971,0,395
1085,13051701,948,1116,1019,960,0,381
1086,13061701,950,1117,1097,969,0,393
1087,13071701,946,1115,1087,970,0,394
1088,13081701,950,1116,1087,969,0,396
1089,13091701,951,1115,1086,969,0,393
1090,13101701,951,1118,1085,968,0,388
1091,13111701,951,1119,1084,968,0,389
1092,13121701,953,1118,1084,968,0,386
1093,13131701,953,1118,1085,968,0,382
1094,13141701,952,1120,1084,967,0,380
1095,13151701,954,1123,1085,968,0,378
1096,13161701,954,1122,1083,968,0,379
1097,13171701,955,1121,1082,967,0,374
1098,13181701,945,1047,1039,921,1,364
1099,13191701,956,1122,1084,966,0,374
1100,13201701,956,1125,1084,967,0,375
1101,13211701,950,1124,1082,966,0,373
1102,13221701,958,1124,1083,966,0,372
1103,13231701,959,1125,1084,965,0,373
1104,13241701,962,1126,1083,965,0,372
1105,13251701,948,1049,1039,919,0,358
1106,13261701,964,1126,1083,965,0,372
1107,13271701,965,1122,1084,965,0,373
1108,13281701,965,1126,1083,965,0,372
1109,13291701,964,1126,1083,972,0,369
1110,13301701,965,1126,1081,964,0,372
1111,13311701,965,1126,1083,966,0,371
1112,13321701,930,1128,1083,965,0,372
1113,13331701,965,1127,1081,964,3,368
1114,13341701,968,1122,1081,960,0,369
1115,13351701,967,1128,1081,960,0,366
1116,13361701,967,1127,1081,959,0,365
1117,13371701,967,1127,1080,961,0,365
1118,13381701,967,1127,1081,959,0,366
1119,13391701,969,1128,1081,960,0,365
1120,13401701,969,1128,1080,966,0,364
1121,13411701,967,1128,1081,960,0,365
1122,13421701,968,1128,1080,959,0,365
1123,13431701,968,1129,1079,958,0,361
1124,13441701,970,1129,1080,957,0,363
1125,13451701,970,1127,1080,940,0,337
1126,13461701,970,1129,1080,958,0,363
1127,13471701,971,1130,1080,959,0,361
1128,13481701,971,1131,1080,959,0,359
1129,13491701,971,1131,1080,956,0,359
1130,13501701,972,1130,1080,958,0,361
1131,13511701,972,1136,1079,956,0,357
1132,13521701,974,1130,1080,959,0,361
1133,13531701,973,1132,1080,958,0,358
1134,13541701,973,1133,1080,959,0,357
1135,13551701,974,1134,1081,958,0,352
1136,13561701,975,1133,1080,948,0,356
1137,13571701,975,1133,1079,957,0,357
1138,13581701,908,1128,1081,958,0,355
1139,13591701,975,1139,1079,955,0,354
1140,13601701,974,1134,1079,955,0,354
1141,13611701,974,1136,1080,956,0,353
1142,13621701,979,1132,1081,954,0,353
1143,13631701,977,1135,1080,950,0,351
1144,13641701,978,1133,1080,953,0,349
1145,13651701,979,1137,1080,954,0,350
1146,13661701,976,1136,1080,953,0,349
1147,13671701,978,1137,1080,954,0,350
1148,13681701,979,1140,1080,956,0,350
1149,13691701,980,1138,1080,956,0,351
1150,13701701,980,1137,1080,955,0,351
1151,13711701,980,1139,1081,954,0,350
1152,13721701,980,1140,1081,955,0,352
1153,13731701,982,1140,1081,954,0,350
1154,13741701,982,1140,1080,954,0,351
1155,13751701,983,1140,1081,956,0,351
1156,13761701,982,1140,1081,955,0,352
1157,13771701,980,1140,1081,954,0,353
1158,13781701,982,1141,1082,955,0,354
1159,13791701,983,1142,1082,957,0,353
1160,13801701,983,1144,1082,956,0,353
1161,13811701,983,1145,1082,954,0,352
1162,13821701,982,1139,1082,955,0,351
1163,13831701,983,1142,1082,955,0,352
1164,13841701,983,1138,1081,938,0,325
1165,13851701,985,1141,1082,955,0,352
1166,13861701,984,1145,1082,955,0,351
1167,13871701,985,1143,1082,955,0,351
1168,13881701,986,1146,1082,955,0,349
1169,13891701,986,1144,1081,954,0,348
1170,13901701,985,1143,1081,954,0,348
1171,13911701,985,1144,1080,954,0,348
1172,13921701,984,1143,1080,953,0,347
1173,13931701,985,1139,1079,954,0,346
1174,13941701,985,1142,1080,953,0,346
1175,13951701,985,1142,1080,952,0,346
1176,13961701,985,1144,1079,953,0,345
1177,13971701,919,1137,1080,953,0,344
1178,13981701,987,1145,1079,952,0,343
1179,13991701,988,1147,1080,952,0,342
1180,14001701,988,1148,1079,952,0,342
1181,14011701,988,1147,1079,952,0,342
1182,14021701,989,1149,1079,952,0,342
1183,14031701,921,1142,1080,952,0,342
1184,14041701,990,1147,1079,952,0,343
1185,14051701,990,1148,1080,952,0,343
1186,14061701,989,1148,1080,952,0,343
1187,14071701,990,1148,1081,953,0,344
1188,14081701,989,1147,1080,952,0,345
1189,14091701,987,1148,1012,933,0,332
1190,14101701,990,1148,1080,953,0,343
1191,14111701,990,1150,1080,952,0,343
1192,14121701,992,1148,1080,952,0,343
1193,14131701,992,1149,1079,952,0,343
1194,14141701,993,1150,1079,952,0,343
1195,14151701,995,1146,1078,933,0,315
1196,14161701,993,1150,1080,951,0,342
1197,14171701,994,1149,1079,950,0,343
1198,14181701,996,1151,1079,950,0,342
1199,14191701,996,1153,1078,949,0,341
1200,14201701,996,1150,1077,949,0,339
1201,14211701,997,1153,1076,947,0,339
1202,14221701,948,1085,1048,949,0,339
1203,14231701,997,1151,1076,946,0,337
1204,14241701,997,1153,1075,946,0,337
1205,14251701,998,1156,1075,946,0,337
1206,14261701,998,1157,1075,947,0,335
1207,14271701,998,1157,1075,947,0,335
1208,14281701,997,1156,1003,927,0,321
1209,14291701,999,1158,1073,946,0,333
1210,14301701,999,1159,1073,945,0,332
1211,14311701,999,1159,1073,944,0,330
1212,14321701,1000,1158,1072,943,0,330
1213,14331701,1000,1160,1073,944,0,329
1214,14341701,1000,1160,1072,944,0,330
1215,14351701,966,1103,989,930,0,327
1216,14361701,1001,1160,1072,943,0,329
1217,14371701,1000,1159,1070,944,0,330
1218,14381701,1001,1160,1071,944,0,329
1219,14391701,1001,1161,1071,943,0,329
1220,14401701,1001,1161,1072,943,0,329
1221,14411701,999,1160,1005,922,0,316
1222,14421701,1001,1160,1071,943,0,328
1223,14431701,1002,1160,1072,942,0,329
1224,14441701,1002,1160,1071,942,0,329
1225,14451701,1002,1161,1072,942,0,333
1226,14461701,1001,1160,1071,943,0,329
1227,14471701,1001,1160,1071,943,0,327
1228,14481701,1001,1160,1071,943,0,328
1229,14491701,1001,1160,1071,943,0,333
1230,14501701,1001,1160,1073,942,0,326
1231,14511701,1002,1159,1073,945,0,330
1232,14521701,1001,1159,1072,943,0,333
1233,14531701,1001,1159,1073,943,0,327
1234,14541701,1001,1160,1073,944,0,330
1235,14551701,1000,1159,1073,945,3,329
1236,14561701,999,1159,1073,945,0,333
1237,14571701,999,1159,1073,945,0,332
1238,14581701,999,1158,1073,945,0,332
1239,14591701,999,1158,1072,946,0,339
1240,14601701,999,1158,1075,946,0,334
1241,14611701,999,1158,1075,948,0,330
1242,14621701,998,1157,1074,946,0,329
1243,14631701,999,1158,1073,946,0,338
1244,14641701,998,1155,1073,947,0,333
1245,14651701,999,1156,1076,947,0,332
1246,14661701,998,1155,1075,948,0,332
1247,14671701,999,1156,1076,948,0,334
1248,14681701,997,1152,1075,947,0,331
1249,14691701,998,1155,1074,948,0,333
1250,14701701,998,1152,1073,947,0,334
1251,14711701,998,1155,1077,947,0,335
1252,14721701,997,1153,1074,945,0,331
1253,14731701,998,1154,1075,950,0,333
1254,14741701,997,1155,1075,946,0,333
1255,14751701,998,1154,1075,949,0,333
1256,14761701,999,1154,1073,946,0,335
1257,14771701,998,1156,1074,940,0,333
1258,14781701,999,1157,1077,947,0,337
1259,14791701,998,1156,1076,947,0,336
1260,14801701,999,1157,1076,946,0,337
1261,14811701,998,1157,1075,948,0,337
1262,14821701,998,1152,1077,952,0,339
1263,14831701,998,1158,1075,944,0,338
1264,14841701,998,1156,1075,949,0,340
1265,14851701,998,1157,1076,950,0,340
1266,14861701,999,1158,1077,955,0,340
1267,14871701,999,1157,1078,953,0,340
1268,14881701,998,1158,1076,949,0,341
1269,14891701,998,1157,1074,949,0,341
1270,14901701,998,1161,1074,946,0,341
1271,14911701,999,1156,1076,949,0,341
1272,14921701,999,1155,1075,947,0,341
1273,14931701,1000,1156,1075,949,0,341
1274,14941701,998,1152,1075,948,0,341
1275,14951701,998,1152,1072,948,0,341
1276,14961701,998,1157,1078,948,0,340
1277,14971701,998,1156,1076,949,0,340
1278,14981701,999,1156,1074,949,0,341
1279,14991701,998,1156,1078,948,0,338
1280,15001701,999,1154,1076,950,0,342
1281,15011701,1001,1155,1085,947,0,342
1282,15021701,996,1151,1075,948,0,342
1283,15031701,993,1156,1075,946,0,342
1284,15041701,997,1153,1075,951,0,342
1285,15051701,995,1153,1077,952,0,343
1286,15061701,997,1155,1075,951,0,342
1287,15071701,999,1150,1078,947,0,342
1288,15081701,991,1151,1077,950,0,342
1289,15091701,991,1151,1076,950,0,343
1290,15101701,998,1152,1077,951,0,343
1291,15111701,992,1151,1077,951,0,344
1292,15121701,996,1148,1076,931,0,317
1293,15131701,1003,1151,1076,951,0,345
1294,15141701,995,1151,1078,951,0,345
1295,15151701,994,1152,1078,950,0,345
1296,15161701,993,1148,1077,947,0,346
1297,15171701,991,1150,1079,950,0,346
1298,15181701,993,1147,1077,934,0,320
1299,15191701,991,1147,1079,952,0,347
1300,15201701,990,1148,1078,953,0,345
1301,15211701,991,1150,1079,953,0,346
1302,15221701,990,1147,1079,952,0,347
1303,15231701,992,1146,1079,954,0,346
1304,15241701,991,1146,1079,954,0,348
1305,15251701,997,1145,1080,953,0,348
1306,15261701,991,1145,1079,953,0,348
1307,15271701,984,1144,1079,954,0,349
1308,15281701,986,1144,1079,953,0,349
1309,15291701,989,1144,1080,954,0,350
1310,15301701,988,1143,1080,954,0,351
1311,15311701,989,1146,1081,956,0,351
1312,15321701,988,1146,1081,955,0,353
1313,15331701,987,1147,1081,956,0,353
1314,15341701,985,1144,1080,956,0,353
1315,15351701,986,1144,1081,956,0,355
1316,15361701,985,1144,1081,955,0,355
1317,15371701,985,1142,1082,955,0,356
1318,15381701,985,1143,1082,955,0,357
1319,15391701,986,1141,1082,957,0,358
1320,15401701,986,1141,1083,957,0,358
1321,15411701,983,1140,1082,958,0,358
1322,15421701,984,1148,1083,958,0,360
1323,15431701,985,1141,1084,957,0,359
1324,15441701,983,1137,1083,959,0,360
1325,15451701,916,1137,1084,961,0,361
1326,15461701,984,1140,1084,961,0,361
1327,15471701,984,1139,1083,963,0,362
1328,15481701,983,1140,1084,964,0,362
1329,15491701,982,1139,1084,964,0,364
1330,15501701,981,1140,1085,966,0,366
1331,15511701,981,1136,1085,966,0,367
1332,15521701,980,1136,1085,966,0,370
1333,15531701,980,1136,1085,967,0,372
1334,15541701,980,1135,1086,966,0,372
1335,15551701,979,1133,1085,968,0,372
1336,15561701,978,1133,1085,967,0,373
1337,15571701,978,1133,1087,968,0,374
1338,15581701,976,1132,1089,968,0,375
1339,15591701,975,1132,1091,969,0,375
1340,15601701,973,1131,1091,970,0,376
1341,15611701,973,1130,1092,969,0,377
1342,15621701,971,1130,1092,970,0,378
1343,15631701,971,1130,1093,971,0,379
1344,15641701,972,1130,1095,972,0,379
1345,15651701,970,1129,1096,972,0,381
1346,15661701,968,1128,1095,972,0,386
1347,15671701,968,1127,1096,973,0,389
1348,15681701,967,1126,1095,973,0,389
1349,15691701,967,1126,1096,974,0,391
1350,15701701,963,1125,1096,970,0,351
1351,15711701,959,1124,1096,978,0,394
1352,15721701,958,1123,1096,976,0,395
1353,15731701,958,1123,1096,978,0,397
1354,15741701,957,1122,1097,978,0,398
1355,15751701,956,1120,1098,978,0,399
1356,15761701,955,1119,1097,978,0,400
1357,15771701,954,1118,1097,979,0,403
1358,15781701,954,1117,1097,979,0,403
1359,15791701,954,1118,1098,980,0,404
1360,15801701,953,1117,1098,980,0,404
1361,15811701,951,1116,1098,980,0,405
1362,15821701,950,1116,1098,980,0,405
1363,15831701,949,1115,1098,981,0,407
1364,15841701,948,1115,1098,981,0,409
1365,15851701,946,1113,1098,981,0,410
1366,15861701,946,1113,1099,982,0,411
1367,15871701,946,1113,1099,981,0,410
1368,15881701,945,1112,1099,982,0,410
1369,15891701,943,1111,1099,982,0,410
1370,15901701,940,1109,1029,960,0,398
1371,15911701,940,1110,1100,983,0,412
1372,15921701,939,1109,1100,984,0,413
1373,15931701,936,1109,1100,985,0,413
1374,15941701,934,1108,1102,985,0,415
1375,15951701,931,1106,1102,986,0,416
1376,15961701,927,1106,1103,986,0,417
1377,15971701,901,1015,1084,925,0,420
1378,15981701,925,1100,1105,988,0,419
1379,15991701,924,1099,1106,989,0,424
1380,16001701,923,1099,1106,990,0,418
1381,16011701,923,1098,1106,989,1,421
1382,16021701,922,1097,1107,990,0,420
1383,16031701,921,1097,1107,990,0,422
1384,16041701,921,1097,1107,992,0,422
1385,16051701,920,1097,1107,993,0,422
1386,16061701,920,1097,1108,994,0,419
1387,16071701,920,1097,1107,993,0,419
1388,16081701,920,1096,1107,993,0,425
1389,16091701,921,1096,1107,992,0,425
1390,16101701,909,1021,1060,947,0,408
1391,16111701,921,1097,1107,994,0,418
1392,16121701,921,1097,1108,993,1,422
1393,16131701,921,1096,1108,994,0,424
1394,16141701,920,1096,1108,993,0,423
1395,16151701,920,1095,1108,994,0,425
1396,16161701,920,1095,1107,993,0,424
1397,16171701,920,1096,1109,994,0,426
1398,16181701,920,1096,1107,993,0,424
1399,16191701,921,1096,1108,994,0,428
1400,16201701,921,1096,1109,994,0,424
1401,16211701,920,1096,1117,993,0,426
1402,16221701,920,1096,1110,993,3,423
1403,16231701,920,1096,1107,995,0,424
1404,16241701,920,1096,1119,994,0,424
1405,16251701,919,1096,1109,997,0,427
1406,16261701,918,1096,1108,994,0,425
1407,16271701,917,1094,1108,992,0,426
1408,16281701,918,1095,1109,997,0,429
1409,16291701,917,1095,1110,1001,0,429
1410,16301701,916,1095,1108,994,0,427
1411,16311701,916,1097,1111,997,0,428
1412,16321701,914,1094,1111,998,0,428
1413,16331701,914,1093,1109,999,0,428
1414,16341701,912,1093,1111,997,0,429
1415,16351701,912,1090,1110,999,0,428
1416,16361701,910,1091,1111,990,0,427
1417,16371701,909,1092,1115,998,0,429
1418,16381701,908,1088,1111,997,0,429
1419,16391701,907,1087,1111,1002,0,429
1420,16401701,908,1088,1117,1000,0,429
1421,16411701,907,1084,1111,1000,0,430
1422,16421701,906,1083,1110,998,0,430
1423,16431701,894,1010,1073,953,0,417
1424,16441701,905,1085,1112,1000,0,429
1425,16451701,904,1083,1107,1001,0,430
1426,16461701,904,1083,1110,1001,1,430
1427,16471701,904,1082,1116,1001,0,431
1428,16481701,905,1083,1115,1002,0,430
1429,16491701,905,1080,1110,982,0,405
1430,16501701,905,1083,1112,1003,0,432
1431,16511701,903,1083,1107,1001,0,431
1432,16521701,904,1081,1116,1001,0,433
1433,16531701,906,1083,1114,1000,0,432
1434,16541701,909,1082,1111,1000,0,431
1435,16551701,900,1083,1112,1001,0,431
1436,16561701,841,1075,1114,1001,0,432
1437,16571701,901,1082,1112,1001,0,433
1438,16581701,903,1082,1114,1000,0,432
1439,16591701,905,1082,1112,1000,0,433
1440,16601701,907,1081,1111,1003,0,433
1441,16611701,905,1083,1112,998,0,431
1442,16621701,905,1084,1112,1004,0,435
1443,16631701,913,1084,1113,1002,0,432
1444,16641701,908,1085,1112,1000,0,434
1445,16651701,906,1086,1112,995,0,434
1446,16661701,905,1086,1113,1000,0,435
1447,16671701,912,1093,1110,1001,0,434
1448,16681701,905,1085,1112,1004,0,436
1449,16691701,906,1086,1111,1001,0,436
1450,16701701,910,1088,1112,1001,0,436
1451,16711701,910,1087,1111,1001,0,436
1452,16721701,909,1088,1112,1001,0,436
1453,16731701,913,1087,1111,1001,0,436
1454,16741701,910,1089,1111,1000,0,436
1455,16751701,912,1088,1111,999,0,437
1456,16761701,899,1015,1065,955,0,421
1457,16771701,912,1093,1110,999,0,436
1458,16781701,914,1090,1110,999,0,436
1459,16791701,911,1092,1109,998,0,435
1460,16801701,915,1093,1110,997,0,435
1461,16811701,914,1090,1110,998,0,435
1462,16821701,917,1093,1110,999,0,433
1463,16831701,888,1010,1090,934,0,435
1464,16841701,916,1092,1110,995,0,434
1465,16851701,917,1091,1109,995,0,433
1466,16861701,917,1086,1108,996,0,431
1467,16871701,916,1092,1108,995,0,432
1468,16881701,917,1092,1108,995,0,430
1469,16891701,905,1018,1061,948,0,419
1470,16901701,918,1096,1108,995,0,432
1471,16911701,920,1091,1107,995,0,430
1472,16921701,918,1094,1107,993,0,429
1473,16931701,917,1100,1107,991,0,429
1474,16941701,919,1093,1106,992,0,428
1475,16951701,919,1096,1106,992,0,428
1476,16961701,895,1006,1084,928,0,428
1477,16971701,922,1101,1105,991,0,427
1478,16981701,923,1104,1104,991,0,429
1479,16991701,923,1095,1104,990,0,428
1480,17001701,924,1098,1103,989,0,428
1481,17011701,924,1098,1103,989,0,427
1482,17021701,926,1100,1103,989,0,427
1483,17031701,926,1099,1103,988,0,426
1484,17041701,926,1099,1103,987,0,426
1485,17051701,927,1099,1102,987,0,425
1486,17061701,929,1100,1103,987,0,425
1487,17071701,930,1101,1103,987,0,424
1488,17081701,932,1100,1103,987,0,423
1489,17091701,934,1100,1031,961,0,409
1490,17101701,933,1103,1102,986,0,421
1491,17111701,934,1104,1102,985,0,420
1492,17121701,935,1104,1102,986,0,420
1493,17131701,934,1107,1102,985,0,420
1494,17141701,934,1106,1101,985,0,418
1495,17151701,935,1108,1102,985,0,418
1496,17161701,936,1110,1102,984,0,416
1497,17171701,937,1110,1101,985,0,417
1498,17181701,937,1110,1102,984,0,414
1499,17191701,937,1111,1101,984,0,413
1500,17201701,937,1110,1101,984,0,413
1501,17211701,938,1111,1100,985,0,414
1502,17221701,940,1112,1101,983,0,414
1503,17231701,939,1111,1102,984,0,413
1504,17241701,940,1111,1101,983,0,413
1505,17251701,940,1112,1101,984,0,414
1506,17261701,941,1113,1101,984,0,413
1507,17271701,941,1113,1100,984,0,412
1508,17281701,941,1113,1101,984,0,412
1509,17291701,942,1115,1102,984,0,412
1510,17301701,943,1115,1102,983,0,412
1511,17311701,942,1115,1101,984,0,412
1512,17321701,942,1115,1102,983,0,412
1513,17331701,942,1115,1100,984,0,412
1514,17341701,942,1114,1101,984,0,412
1515,17351701,945,1115,1102,981,0,371
1516,17361701,945,1116,1101,984,0,411
1517,17371701,946,1115,1101,983,0,411
1518,17381701,946,1115,1101,983,0,411
1519,17391701,947,1116,1101,983,0,411
1520,17401701,947,1116,1102,983,0,411
1521,17411701,947,1116,1101,981,0,371
1522,17421701,949,1116,1102,984,0,412
1523,17431701,948,1117,1101,983,0,411
1524,17441701,949,1116,1102,983,0,410
1525,17451701,950,1117,1101,983,0,410
1526,17461701,951,1118,1101,983,0,411
1527,17471701,951,1119,1101,983,0,411
1528,17481701,950,1120,1102,983,0,411
1529,17491701,951,1120,1101,983,0,410
1530,17501701,951,1119,1102,983,0,411
1531,17511701,950,1119,1102,983,0,410
1532,17521701,950,1119,1102,984,0,410
1533,17531701,950,1118,1101,984,0,403
1534,17541701,950,1118,1102,984,0,410
1535,17551701,949,1119,1101,983,0,403
1536,17561701,950,1118,1101,983,0,405
1537,17571701,950,1120,1100,983,0,409
1538,17581701,950,1120,1102,983,0,407
1539,17591701,950,1121,1101,983,0,408
1540,17601701,951,1122,1101,981,0,364
1541,17611701,952,1121,1100,983,0,405
1542,17621701,953,1123,1101,983,0,401
1543,17631701,953,1124,1101,983,0,401
1544,17641701,954,1123,1101,983,0,408
1545,17651701,954,1124,1101,983,0,400
1546,17661701,955,1124,1102,983,0,404
1547,17671701,956,1124,1101,983,0,406
1548,17681701,956,1125,1101,982,0,406
1549,17691701,956,1125,1101,982,0,406
1550,17701701,955,1125,1100,981,4,401
1551,17711701,955,1125,1100,982,0,407
1552,17721701,956,1125,1100,981,0,404
1553,17731701,945,1049,1046,934,0,388
1554,17741701,957,1126,1099,981,0,400
1555,17751701,958,1125,1099,981,0,404
1556,17761701,959,1126,1100,981,0,400
1557,17771701,959,1126,1098,979,0,402
1558,17781701,959,1127,1099,980,0,401
1559,17791701,959,1127,1099,979,0,399
1560,17801701,962,1127,1097,978,0,395
1561,17811701,963,1127,1098,975,0,396
1562,17821701,960,1127,1100,978,0,397
1563,17831701,961,1128,1099,976,0,396
1564,17841701,962,1128,1098,976,0,396
1565,17851701,963,1128,1094,976,0,392
1566,17861701,961,1127,1028,954,0,378
1567,17871701,965,1137,1097,972,0,392
1568,17881701,966,1129,1104,970,0,392
1569,17891701,968,1129,1095,968,0,389
1570,17901701,967,1129,1097,972,0,391
1571,17911701,968,1130,1093,971,0,392
1572,17921701,969,1130,1097,968,0,390
1573,17931701,969,1131,1095,972,0,389
1574,17941701,970,1131,1098,971,0,390
1575,17951701,970,1131,1096,970,0,389
1576,17961701,970,1132,1096,973,0,387
1577,17971701,970,1131,1098,973,0,384
1578,17981701,970,1131,1095,971,0,385
1579,17991701,970,1127,1091,971,0,384
1580,18001701,971,1132,1089,971,0,383
1581,18011701,971,1131,1096,971,0,384
1582,18021701,970,1131,1096,972,0,388
1583,18031701,972,1132,1097,972,0,386
1584,18041701,972,1131,1095,973,0,384
1585,18051701,968,1131,1095,969,0,384
1586,18061701,907,1126,1097,971,0,387
1587,18071701,971,1132,1096,973,0,384
1588,18081701,971,1131,1094,969,0,384
1589,18091701,974,1132,1095,969,0,383
1590,18101701,970,1133,1098,970,0,383
1591,18111701,972,1132,1097,975,0,384
1592,18121701,969,1132,1026,952,0,374
1593,18131701,967,1131,1097,970,0,387
1594,18141701,974,1132,1097,973,0,390
1595,18151701,973,1133,1096,969,0,391
1596,18161701,971,1128,1096,972,0,390
1597,18171701,974,1132,1094,969,0,390
1598,18181701,975,1132,1095,974,0,390
1599,18191701,903,1126,1097,970,0,391
1600,18201701,973,1131,1097,974,0,391
1601,18211701,973,1131,1096,975,0,392
1602,18221701,973,1132,1097,972,0,391
1603,18231701,971,1130,1097,973,0,392
1604,18241701,971,1130,1098,965,0,393
1605,18251701,974,1131,1098,975,0,393
1606,18261701,973,1130,1098,973,0,393
1607,18271701,974,1131,1097,973,0,394
1608,18281701,971,1131,1097,972,0,394
1609,18291701,971,1130,1098,974,0,394
1610,18301701,971,1130,1097,974,0,395
1611,18311701,970,1129,1098,975,0,395
1612,18321701,890,1123,1098,973,0,395
1613,18331701,968,1129,1098,974,0,395
1614,18341701,968,1128,1098,976,0,396
1615,18351701,969,1128,1099,978,0,397
1616,18361701,968,1129,1098,976,0,396
1617,18371701,968,1129,1099,976,0,397
1618,18381701,970,1133,1099,977,0,397
1619,18391701,902,1124,1099,979,0,397
1620,18401701,968,1128,1098,977,0,397
1621,18411701,969,1131,1099,978,0,398
1622,18421701,968,1131,1099,977,0,398
1623,18431701,967,1129,1098,978,0,398
1624,18441701,968,1127,1099,977,0,401
1625,18451701,968,1129,1098,978,0,400
1626,18461701,969,1139,1098,978,0,401
1627,18471701,967,1129,1098,977,0,401
1628,18481701,968,1125,1099,979,0,403
1629,18491701,969,1128,1099,977,0,401
1630,18501701,970,1130,1099,977,0,402
1631,18511701,970,1129,1099,977,0,401
1632,18521701,958,1055,1053,931,0,388
1633,18531701,969,1128,1099,977,0,401
1634,18541701,969,1129,1099,977,0,402
1635,18551701,968,1129,1099,979,0,401
1636,18561701,969,1129,1098,978,0,402
1637,18571701,969,1130,1098,978,0,402
1638,18581701,969,1130,1098,979,0,401
1639,18591701,969,1129,1099,979,0,401
1640,18601701,970,1132,1099,979,0,397
1641,18611701,970,1130,1099,978,0,398
1642,18621701,971,1129,1098,979,0,399
1643,18631701,971,1130,1099,979,0,399
1644,18641701,970,1130,1098,979,0,398
1645,18651701,901,1123,1100,979,0,400
1646,18661701,971,1130,1099,978,0,399
1647,18671701,971,1132,1099,979,0,400
1648,18681701,971,1131,1099,979,0,401
1649,18691701,971,1131,1100,979,0,401
1650,18701701,971,1130,1099,979,0,402
1651,18711701,970,1130,1100,979,0,402
1652,18721701,971,1131,1099,980,0,404
1653,18731701,970,1129,1100,980,0,405
1654,18741701,969,1129,1099,980,0,405
1655,18751701,970,1129,1100,980,0,405
1656,18761701,969,1129,1100,980,0,405
1657,18771701,970,1129,1100,980,0,406
1658,18781701,900,1123,1100,981,0,406
1659,18791701,968,1129,1100,980,0,406
1660,18801701,969,1128,1100,980,0,407
1661,18811701,968,1129,1099,980,0,407
1662,18821701,968,1129,1099,980,0,408
1663,18831701,967,1129,1101,981,0,408
1664,18841701,967,1128,1100,980,0,408
1665,18851701,968,1129,1100,981,0,408
1666,18861701,968,1128,1099,980,0,408
1667,18871701,968,1128,1100,980,0,408
1668,18881701,968,1128,1100,981,0,408
1669,18891701,968,1128,1100,980,0,408
1670,18901701,967,1128,1099,980,0,409
1671,18911701,968,1128,1100,981,0,409
1672,18921701,967,1128,1101,981,0,409
1673,18931701,967,1128,1100,981,0,408
1674,18941701,967,1128,1100,981,0,408
1675,18951701,967,1129,1101,982,0,409
1676,18961701,967,1128,1099,982,0,409
1677,18971701,967,1129,1100,982,0,408
1678,18981701,966,1128,1101,982,0,409
1679,18991701,965,1127,1101,982,0,410
1680,19001701,964,1127,1100,982,0,410
1681,19011701,963,1127,1102,983,0,409
1682,19021701,960,1126,1101,982,0,410
1683,19031701,960,1126,1101,982,0,416
1684,19041701,960,1126,1101,983,0,410
1685,19051701,958,1126,1101,983,0,413
1686,19061701,959,1126,1101,983,0,405
1687,19071701,960,1126,1101,983,1,411
1688,19081701,960,1125,1101,983,0,413
1689,19091701,958,1125,1101,983,0,413
1690,19101701,959,1125,1102,984,0,415
1691,19111701,957,1125,1102,984,0,414
1692,19121701,957,1125,1101,983,0,414
1693,19131701,957,1124,1101,983,0,416
1694,19141701,959,1125,1101,984,0,416
1695,19151701,958,1126,1102,983,0,413
1696,19161701,957,1125,1101,984,0,418
1697,19171701,906,1045,1096,985,0,410
1698,19181701,959,1125,1102,984,0,411
1699,19191701,958,1125,1102,983,0,413
1700,19201701,958,1125,1103,984,0,414
1701,19211701,957,1125,1102,984,0,416
1702,19221701,958,1124,1102,984,0,419
1703,19231701,956,1124,1101,984,0,417
1704,19241701,958,1125,1102,984,0,417
1705,19251701,957,1124,1102,984,1,416
1706,19261701,957,1124,1100,984,0,418
1707,19271701,956,1124,1102,984,0,416
1708,19281701,956,1124,1102,984,0,408
1709,19291701,956,1124,1104,984,0,418
1710,19301701,956,1123,1106,983,0,416
1711,19311701,956,1124,1106,986,0,416
1712,19321701,957,1124,1101,983,0,417
1713,19331701,956,1124,1102,983,0,417
1714,19341701,956,1122,1102,983,0,420
1715,19351701,956,1124,1101,984,0,420
1716,19361701,957,1123,1103,984,0,417
1717,19371701,957,1125,1100,983,0,419
1718,19381701,956,1123,1098,983,0,418
1719,19391701,957,1122,1101,993,0,419
1720,19401701,956,1124,1107,992,0,419
1721,19411701,956,1124,1103,984,0,419
1722,19421701,957,1123,1098,983,0,419
1723,19431701,956,1124,1107,987,0,420
1724,19441701,957,1123,1107,976,0,420
1725,19451701,956,1122,1107,984,0,421
1726,19461701,956,1124,1102,986,0,420
1727,19471701,956,1125,1103,985,0,421
1728,19481701,957,1123,1104,986,0,422
1729,19491701,956,1120,1100,966,0,399
1730,19501701,956,1123,1102,985,0,422
1731,19511701,956,1123,1105,986,0,421
1732,19521701,956,1122,1108,985,0,421
1733,19531701,956,1122,1104,983,0,421
1734,19541701,956,1123,1104,983,0,421
1735,19551701,957,1123,1102,987,0,422
1736,19561701,932,1035,1082,920,0,422
1737,19571701,962,1124,1102,987,0,421
1738,19581701,960,1124,1098,984,0,421
1739,19591701,960,1123,1105,985,0,422
1740,19601701,955,1122,1104,985,0,420
1741,19611701,957,1120,1100,989,0,421
1742,19621701,957,1124,1104,984,0,379
1743,19631701,956,1123,1103,986,0,420
1744,19641701,956,1123,1106,986,0,421
1745,19651701,957,1121,1100,983,0,419
1746,19661701,967,1125,1102,983,0,419
1747,19671701,958,1124,1103,983,0,418
1748,19681701,958,1123,1100,986,0,419
1749,19691701,962,1125,1106,982,0,419
1750,19701701,962,1124,1103,981,0,420
1751,19711701,959,1127,1104,985,0,421
1752,19721701,956,1126,1101,987,0,421
1753,19731701,960,1124,1103,990,0,421
1754,19741701,961,1127,1104,985,0,422
1755,19751701,960,1126,1104,990,0,379
1756,19761701,959,1126,1105,988,0,423
1757,19771701,959,1126,1105,987,0,423
1758,19781701,964,1126,1104,986,0,423
1759,19791701,958,1125,1105,986,0,425
1760,19801701,962,1126,1105,986,0,425
1761,19811701,962,1125,1105,989,0,424
1762,19821701,915,1058,1076,986,0,424
1763,19831701,961,1126,1105,985,0,424
1764,19841701,967,1126,1103,987,0,424
1765,19851701,966,1126,1104,985,0,424
1766,19861701,962,1127,1105,986,0,425
1767,19871701,963,1126,1104,987,0,424
1768,19881701,965,1123,1101,967,0,396
1769,19891701,964,1127,1105,988,0,425
1770,19901701,964,1122,1104,987,0,426
1771,19911701,962,1125,1104,986,0,426
1772,19921701,963,1123,1105,986,0,425
1773,19931701,961,1127,1105,986,0,426
1774,19941701,962,1124,1103,986,0,426
1775,19951701,894,1083,1052,986,0,426
1776,19961701,962,1126,1104,986,0,425
1777,19971701,960,1135,1104,986,0,426
1778,19981701,963,1125,1104,986,0,425
1779,19991701,964,1126,1104,986,0,425
1780,20001701,963,1129,1104,986,0,425
1781,20011701,915,1057,1077,988,0,426
1782,20021701,959,1125,1103,987,0,425
1783,20031701,959,1126,1104,986,0,425
1784,20041701,962,1126,1105,986,0,425
1785,20051701,960,1126,1105,986,0,425
1786,20061701,962,1127,1106,987,0,426
1787,20071701,961,1125,1104,986,0,426
1788,20081701,960,1126,1105,987,0,425
1789,20091701,961,1125,1105,987,0,425
1790,20101701,964,1127,1106,986,0,426
1791,20111701,961,1127,1105,986,0,426
1792,20121701,961,1127,1105,987,0,425
1793,20131701,961,1128,1105,986,0,426
1794,20141701,961,1127,1106,987,0,425
1795,20151701,962,1128,1106,988,0,426
1796,20161701,962,1126,1106,987,0,426
1797,20171701,964,1126,1105,987,0,426
1798,20181701,964,1126,1106,987,0,426
1799,20191701,961,1127,1106,987,0,425
1800,20201701,962,1128,1106,987,0,424
1801,20211701,896,1122,1106,988,0,424
1802,20221701,964,1127,1106,986,0,425
1803,20231701,960,1128,1105,986,0,426
1804,20241701,963,1127,1105,987,0,426
1805,20251701,963,1127,1106,987,0,425
1806,20261701,962,1128,1106,986,0,425
1807,20271701,964,1127,1105,986,0,426
1808,20281701,964,1128,1106,988,0,426
1809,20291701,962,1128,1106,987,0,426
1810,20301701,962,1128,1106,987,0,426
1811,20311701,964,1127,1105,988,0,426
1812,20321701,964,1127,1106,988,0,426
1813,20331701,963,1127,1106,987,0,426
1814,20341701,965,1128,1106,987,0,425
1815,20351701,962,1127,1106,987,0,426
1816,20361701,963,1127,1105,987,0,426
1817,20371701,961,1126,1106,987,0,425
1818,20381701,959,1126,1105,987,0,425
1819,20391701,960,1125,1105,987,0,425
1820,20401701,959,1123,1103,968,0,396
1821,20411701,958,1125,1106,987,0,425
1822,20421701,957,1124,1104,987,0,424
1823,20431701,956,1124,1105,986,0,425
1824,20441701,956,1124,1104,986,0,424
1825,20451701,955,1123,1103,986,0,424
1826,20461701,955,1123,1104,986,0,423
1827,20471701,952,1121,1032,965,0,408
1828,20481701,955,1123,1102,985,0,421
1829,20491701,954,1122,1102,985,0,419
1830,20501701,953,1121,1101,985,0,417
1831,20511701,952,1119,1101,984,0,416
1832,20521701,953,1121,1101,983,0,414
1833,20531701,953,1119,1100,982,0,414
1834,20541701,954,1121,1100,982,0,413
1835,20551701,954,1121,1100,982,0,412
1836,20561701,954,1119,1099,982,0,411
1837,20571701,954,1120,1099,980,0,413
1838,20581701,954,1121,1099,980,0,414
1839,20591701,954,1120,1098,980,0,415
1840,20601701,953,1121,1099,980,0,408
1841,20611701,955,1123,1099,980,0,414
1842,20621701,955,1123,1099,980,0,412
1843,20631701,956,1124,1098,980,0,413
1844,20641701,957,1125,1099,980,0,411
1845,20651701,958,1126,1099,980,0,410
1846,20661701,959,1126,1100,979,0,411
1847,20671701,964,1128,1100,980,0,415
1848,20681701,964,1129,1100,980,0,409
1849,20691701,966,1128,1100,981,0,414
1850,20701701,966,1130,1100,981,0,419
1851,20711701,967,1130,1101,981,0,418
1852,20721701,968,1131,1101,981,0,415
1853,20731701,968,1128,1100,964,0,387
1854,20741701,969,1132,1102,983,0,419
1855,20751701,970,1133,1103,982,0,419
1856,20761701,971,1135,1104,983,0,417
1857,20771701,971,1135,1104,984,0,423
1858,20781701,973,1136,1105,984,0,419
1859,20791701,973,1139,1106,982,0,379
1860,20801701,973,1141,1106,985,0,422
1861,20811701,975,1141,1108,986,0,425
1862,20821701,977,1142,1108,985,0,424
1863,20831701,979,1144,1107,989,0,426
1864,20841701,981,1145,1109,989,0,426
1865,20851701,982,1146,1109,986,0,425
1866,20861701,982,1146,1110,990,0,424
1867,20871701,984,1148,1109,986,0,426
1868,20881701,984,1151,1109,988,0,427
1869,20891701,985,1152,1112,988,0,428
1870,20901701,985,1158,1111,990,0,427
1871,20911701,986,1156,1111,983,0,429
1872,20921701,939,1089,1086,989,0,428
1873,20931701,987,1159,1114,992,0,428
1874,20941701,988,1161,1114,988,0,428
1875,20951701,989,1162,1115,994,0,427
1876,20961701,989,1163,1112,988,0,426
1877,20971701,991,1164,1110,989,0,428
1878,20981701,991,1164,1108,989,0,427
1879,20991701,994,1166,1111,990,0,427
1880,21001701,994,1167,1117,991,0,427
1881,21011701,996,1167,1112,990,0,426
1882,21021701,996,1168,1121,988,0,425
1883,21031701,998,1172,1117,988,0,424
1884,21041701,998,1174,1113,989,0,423
1885,21051701,1000,1175,1113,988,0,423
1886,21061701,1001,1176,1125,989,0,423
1887,21071701,1002,1176,1122,988,0,424
1888,21081701,1004,1177,1112,988,0,424
1889,21091701,1006,1179,1121,990,0,425
1890,21101701,1010,1180,1117,988,0,424
1891,21111701,1012,1182,1116,989,0,424
1892,21121701,1015,1184,1117,989,0,424
1893,21131701,1012,1186,1115,985,0,423
1894,21141701,1020,1184,1117,986,0,422
1895,21151701,1019,1188,1116,987,0,423
1896,21161701,1020,1188,1118,989,0,424
1897,21171701,1016,1190,1118,988,0,424
1898,21181701,970,1123,1090,991,0,423
1899,21191701,1021,1191,1116,989,0,424
1900,21201701,1025,1195,1116,988,0,424
1901,21211701,1025,1195,1118,987,0,426
1902,21221701,1028,1195,1121,989,0,426
1903,21231701,1021,1195,1120,990,0,427
1904,21241701,1026,1197,1121,986,3,427
1905,21251701,1028,1197,1121,988,0,428
1906,21261701,1031,1197,1122,988,0,428
1907,21271701,1032,1200,1121,988,0,428
1908,21281701,1037,1201,1121,990,0,429
1909,21291701,1030,1202,1120,989,0,429
1910,21301701,1041,1204,1122,990,0,428
1911,21311701,963,1197,1121,996,0,430
1912,21321701,1044,1204,1123,990,0,429
1913,21331701,1038,1205,1122,991,0,429
1914,21341701,1041,1206,1123,990,0,430
1915,21351701,1038,1206,1123,987,0,432
1916,21361701,1041,1206,1124,992,0,431
1917,21371701,1031,1207,1054,967,0,420
1918,21381701,1043,1209,1124,991,0,435
1919,21391701,1039,1208,1124,991,0,434
1920,21401701,1042,1209,1125,991,0,434
1921,21411701,1042,1212,1125,995,0,436
1922,21421701,1043,1213,1126,993,0,435
1923,21431701,1045,1213,1126,993,0,437
1924,21441701,1048,1210,1127,994,0,437
1925,21451701,1047,1212,1127,993,0,438
1926,21461701,1047,1212,1127,994,0,438
1927,21471701,1049,1211,1128,994,0,438
1928,21481701,1050,1220,1128,995,0,438
1929,21491701,1050,1219,1129,995,0,438
1930,21501701,1038,1131,1082,950,0,425
1931,21511701,1054,1222,1130,996,0,439
1932,21521701,1053,1224,1130,996,0,440
1933,21531701,1053,1225,1131,997,0,441
1934,21541701,1057,1220,1131,997,0,440
1935,21551701,1058,1225,1133,997,0,441
1936,21561701,1060,1222,1134,997,0,443
1937,21571701,1022,1174,1052,984,0,439
1938,21581701,1062,1236,1137,999,0,443
1939,21591701,1063,1234,1139,1000,0,444
1940,21601701,1064,1236,1140,1002,0,444
1941,21611701,1066,1239,1140,1003,0,445
1942,21621701,1066,1240,1142,1003,0,443
1943,21631701,1068,1240,1143,1003,0,447
1944,21641701,998,1235,1146,1004,0,447
1945,21651701,1072,1245,1145,1005,0,448
1946,21661701,1075,1248,1146,1005,0,446
1947,21671701,1076,1243,1147,1007,0,450
1948,21681701,1078,0,1149,1009,0,455
1949,21691701,1079,0,1152,1011,0,455
1950,21701701,1081,0,1150,994,0,426
1951,21711701,1083,0,1152,1014,0,457
1952,21721701,1085,0,1157,1016,0,460
1953,21731701,1085,0,1157,1016,0,461
1954,21741701,1087,0,1160,1017,0,463
1955,21751701,1090,0,1161,1018,0,463
1956,21761701,1092,0,1162,1020,0,466
1957,21771701,1017,0,1164,1024,0,469
1958,21781701,1094,0,1165,1023,0,468
1959,21791701,1096,0,1167,1025,0,470
1960,21801701,1096,0,1167,1024,0,472
1961,21811701,1097,0,1169,1027,0,474
1962,21821701,1099,0,1169,1028,0,473
1963,21831701,1101,0,1171,1031,0,473
1964,21841701,1102,0,1171,1032,0,474
1965,21851701,1103,0,1173,1032,0,476
1966,21861701,1106,0,1173,1033,0,478
1967,21871701,1106,0,1174,1032,0,478
1968,21881701,1108,0,1174,1033,0,479
1969,21891701,1109,0,1174,1033,0,480
1970,21901701,1080,0,1153,966,0,481
1971,21911701,1112,0,1175,1033,0,482
1972,21921701,1112,0,1176,1034,0,482
1973,21931701,1113,0,1175,1034,0,483
1974,21941701,1114,0,1176,1034,0,484
1975,21951701,1114,0,1176,1035,0,484
1976,21961701,1115,0,1176,1036,0,485
1977,21971701,1118,0,1177,1036,0,486
1978,21981701,1119,0,1177,1036,0,486
1979,21991701,1119,0,1177,1036,0,487
1980,22001701,1122,0,1178,1037,0,487
1981,22011701,1122,0,1177,1037,0,487
1982,22021701,1124,0,1178,1038,0,487
1983,22031701,1089,0,1178,1038,0,488
1984,22041701,1124,0,1178,1038,0,490
1985,22051701,1124,0,1178,1038,0,489
1986,22061701,1127,0,1178,1038,0,489
1987,22071701,1127,0,1179,1038,0,490
1988,22081701,1128,0,1179,1038,0,491
1989,22091701,1128,0,1180,1039,0,495
1990,22101701,1131,0,1181,1039,0,492
1991,22111701,1130,0,1180,1039,0,490
1992,22121701,1130,0,1181,1039,0,490
1993,22131701,1130,0,1182,1040,0,494
1994,22141701,1129,0,1182,1042,0,496
1995,22151701,1128,0,1184,1043,0,498
1996,22161701,1076,0,1156,1044,0,498
1997,22171701,1127,0,1185,1044,0,503
1998,22181701,1125,0,1187,1046,0,507
1999,22191701,1123,0,1187,1048,0,517
2000,22201701,1119,0,1188,1049,0,518
2001,22211701,1116,0,1189,1050,0,522
2002,22221701,1114,0,1190,1052,0,523
2003,22231701,1112,0,1191,1052,0,529
2004,22241701,1110,0,1191,1053,0,538
2005,22251701,1108,0,1193,1055,0,530
2006,22261701,1107,0,1194,1058,0,535
2007,22271701,1106,0,1196,1062,0,537
2008,22281701,1103,0,1198,1063,0,540
2009,22291701,1101,0,1198,1065,0,544
2010,22301701,1101,0,1199,1067,0,544
2011,22311701,1098,0,1202,1069,0,548
2012,22321701,1097,0,1203,1072,0,551
2013,22331701,1096,0,1207,1076,0,553
2014,22341701,1094,0,1205,1079,0,562
2015,22351701,1090,0,1209,1082,0,564
2016,22361701,1049,0,1123,1068,0,562
2017,22371701,1084,0,1211,1097,0,573
2018,22381701,1081,0,1209,1091,0,576
2019,22391701,1080,0,1212,1089,0,582
2020,22401701,1079,0,1213,1095,0,586
2021,22411701,1076,0,1223,1097,0,586
2022,22421701,1070,0,1144,1076,0,580
2023,22431701,1070,0,1223,1099,0,592
2024,22441701,1069,0,1225,1101,0,594
2025,22451701,1069,0,1226,1095,0,595
2026,22461701,1069,0,1229,1104,0,599
2027,22471701,1069,0,1226,1109,0,599
2028,22481701,1069,0,1236,1108,0,600
2029,22491701,1070,0,1226,1108,0,601
2030,22501701,1070,0,1226,1108,0,604
2031,22511701,1071,0,1231,1110,0,605
2032,22521701,1073,0,1229,1111,7,605
2033,22531701,1073,0,1231,1110,0,605
2034,22541701,1075,0,1229,1110,0,606
2035,22551701,1077,0,1229,1113,0,606
2036,22561701,1077,0,1230,1111,0,605
2037,22571701,1080,0,1232,1112,0,604
2038,22581701,1080,0,1232,1111,0,604
2039,22591701,1082,0,1231,1109,0,604
2040,22601701,1088,0,1237,1110,0,603
2041,22611701,1086,0,1227,1110,0,602
2042,22621701,1090,0,1234,1112,0,601
2043,22631701,1092,0,1232,1109,0,600
2044,22641701,1090,0,1230,1110,0,598
2045,22651701,1097,0,1232,1112,0,598
2046,22661701,1099,0,1231,1109,0,597
2047,22671701,1103,0,1229,1114,0,596
2048,22681701,1102,0,1228,1104,1,594
2049,22691701,1105,0,1228,1102,0,591
2050,22701701,1110,0,1230,1102,0,589
2051,22711701,1109,0,1228,1101,0,587
2052,22721701,1110,0,1227,1100,0,586
2053,22731701,1110,0,1214,1097,0,585
2054,22741701,1112,1258,1221,1096,0,584
2055,22751701,1112,1268,1221,1097,0,583
2056,22761701,1117,1269,1226,1096,0,583
2057,22771701,1116,1279,1227,1094,0,583
2058,22781701,1122,1283,1224,1094,0,582
2059,22791701,1114,1289,1223,1091,0,578
2060,22801701,1123,1291,1223,1094,0,575
2061,22811701,1093,1195,1203,1017,0,574
2062,22821701,1127,1293,1223,1090,0,573
2063,22831701,1131,1298,1224,1088,0,572
2064,22841701,1132,1299,1222,1088,0,570
2065,22851701,1128,1302,1222,1085,0,569
2066,22861701,1134,1303,1222,1084,0,568
2067,22871701,1131,1305,1222,1084,0,568
2068,22881701,1138,1307,1224,1084,0,567
2069,22891701,1137,1308,1217,1080,0,566
2070,22901701,1140,1310,1220,1082,0,565
2071,22911701,1140,1311,1220,1084,0,565
2072,22921701,1147,1312,1218,1080,0,563
2073,22931701,1146,1316,1215,1080,0,560
2074,22941701,1147,1319,1219,1080,0,559
2075,22951701,1147,1315,1214,1078,0,558
2076,22961701,1156,1328,1213,1076,0,557
2077,22971701,1157,1325,1212,1075,0,555
2078,22981701,1158,1322,1211,1075,0,555
2079,22991701,1160,1323,1212,1070,0,554
2080,23001701,1163,1325,1211,1069,0,554
2081,23011701,1163,1323,1210,1069,0,553
2082,23021701,1163,1328,1209,1068,0,554
2083,23031701,1165,1326,1209,1067,0,554
2084,23041701,1163,1324,1211,1067,0,555
2085,23051701,1165,1322,1207,1066,0,555
2086,23061701,1164,1330,1207,1065,0,555
2087,23071701,1167,1323,1207,1064,0,554
2088,23081701,1169,1326,1206,1063,0,555
2089,23091701,1170,1329,1206,1063,0,556
2090,23101701,1170,1329,1204,1062,0,555
2091,23111701,1170,1328,1204,1059,0,555
2092,23121701,1171,1330,1203,1059,0,556
2093,23131701,1173,1331,1203,1058,0,556
2094,23141701,1173,1335,1204,1058,0,556
2095,23151701,1174,1333,1204,1056,0,556
2096,23161701,1174,1333,1204,1056,0,557
2097,23171701,1176,1335,1204,1055,0,556
2098,23181701,1175,1334,1202,1054,0,556
2099,23191701,1176,1333,1203,1053,0,557
2100,23201701,1177,1327,1200,1032,0,524
2101,23211701,1177,1331,1202,1054,0,557
2102,23221701,1177,1333,1202,1053,0,557
2103,23231701,1177,1332,1201,1053,0,558
2104,23241701,1177,1336,1202,1052,0,558
2105,23251701,1177,1332,1201,1052,0,558
2106,23261701,1176,1333,1202,1052,0,559
2107,23271701,1121,1258,1173,1053,0,559
2108,23281701,1177,1332,1201,1051,0,558
2109,23291701,1176,1332,1202,1051,0,559
2110,23301701,1177,1332,1201,1051,0,559
2111,23311701,1177,1332,1201,1051,0,558
2112,23321701,1176,1332,1202,1051,0,558
2113,23331701,1163,1245,1154,1004,0,543
2114,23341701,1177,1333,1203,1053,0,557
2115,23351701,1176,1333,1202,1053,0,558
2116,23361701,1176,1333,1202,1053,0,557
2117,23371701,1176,1333,1203,1054,0,557
2118,23381701,1177,1334,1203,1055,0,557
2119,23391701,1176,1334,1204,1055,0,557
2120,23401701,1178,1335,1205,1058,0,557
2121,23411701,1177,1333,1204,1057,0,557
2122,23421701,1178,1334,1205,1057,0,555
2123,23431701,1179,1336,1206,1058,0,555
2124,23441701,1178,1335,1205,1059,0,553
2125,23451701,1179,1336,1205,1060,0,552
2126,23461701,1179,1337,1207,1062,0,549
2127,23471701,1179,1338,1208,1062,0,548
2128,23481701,1179,1337,1207,1064,0,547
2129,23491701,1179,1337,1208,1063,0,544
2130,23501701,1178,1336,1209,1065,0,543
2131,23511701,1178,1337,1209,1065,0,543
2132,23521701,1178,1337,1209,1065,0,542
2133,23531701,1180,1338,1210,1066,0,541
2134,23541701,1179,1338,1209,1066,0,538
2135,23551701,1180,1338,1209,1067,0,537
2136,23561701,1180,1339,1210,1066,0,536
2137,23571701,1180,1339,1210,1067,0,535
2138,23581701,1179,1338,1210,1067,0,534
2139,23591701,1180,1339,1210,1068,0,532
2140,23601701,1180,1339,1210,1068,0,531
2141,23611701,1180,1339,1210,1068,0,529
2142,23621701,1180,1339,1210,1068,0,528
2143,23631701,1179,1340,1211,1069,0,529
2144,23641701,1180,1340,1211,1069,0,530
2145,23651701,1179,1339,1210,1069,0,531
2146,23661701,1179,1339,1211,1068,0,525
2147,23671701,1179,1339,1210,1069,0,532
2148,23681701,1178,1338,1210,1069,0,529
2149,23691701,1177,1338,1210,1069,0,532
2150,23701701,1177,1337,1210,1068,0,530
2151,23711701,1176,1336,1209,1068,0,526
2152,23721701,1176,1335,1210,1068,0,536
2153,23731701,1176,1334,1209,1068,0,534
2154,23741701,1174,1334,1209,1068,0,529
2155,23751701,1174,1333,1208,1068,0,530
2156,23761701,1172,1332,1209,1067,0,535
2157,23771701,1173,1330,1208,1066,0,535
2158,23781701,1170,1328,1207,1065,0,526
2159,23791701,1168,1325,1206,1064,0,533
2160,23801701,1167,1324,1205,1064,0,531
2161,23811701,1164,1323,1204,1062,0,533
2162,23821701,1164,1322,1203,1061,0,538
2163,23831701,1162,1321,1202,1060,0,533
2164,23841701,1162,1321,1201,1061,0,528
2165,23851701,1161,1319,1200,1060,0,535
2166,23861701,1161,1318,1199,1057,0,532
2167,23871701,1160,1317,1198,1058,0,533
2168,23881701,1159,1318,1197,1063,0,534
2169,23891701,1158,1317,1198,1060,0,534
2170,23901701,1156,1315,1196,1058,0,532
2171,23911701,1154,1315,1196,1057,0,532
2172,23921701,1152,1312,1196,1054,0,536
2173,23931701,1078,1306,1196,1057,0,535
2174,23941701,1152,1312,1196,1057,0,533
2175,23951701,1150,1310,1196,1056,0,536
2176,23961701,1148,1309,1196,1056,0,535
2177,23971701,1149,1309,1196,1055,0,537
2178,23981701,1148,1308,1198,1058,0,538
2179,23991701,1147,1308,1195,1062,0,537
2180,24001701,1074,1300,1198,1061,0,540
2181,24011701,1144,1305,1198,1054,0,537
2182,24021701,1143,1302,1209,1057,0,539
2183,24031701,1142,1301,1203,1060,0,541
2184,24041701,1140,1300,1202,1063,0,541
2185,24051701,1134,1299,1197,1065,0,541
2186,24061701,1134,1297,1202,1065,0,543
2187,24071701,1132,1296,1199,1067,0,544
2188,24081701,1131,1293,1200,1065,0,545
2189,24091701,1131,1292,1204,1068,0,546
2190,24101701,1129,1291,1203,1068,0,548
2191,24111701,1128,1290,1212,1068,0,548
2192,24121701,1126,1288,1204,1069,0,549
2193,24131701,1071,1214,1174,1070,0,551
2194,24141701,1122,1287,1199,1067,0,550
2195,24151701,1125,1286,1206,1070,0,550
2196,24161701,1121,1286,1210,1067,0,551
2197,24171701,1120,1285,1205,1067,0,551
2198,24181701,1123,1285,1206,1072,0,551
2199,24191701,1122,1281,1204,1050,0,517
2200,24201701,1121,1284,1203,1067,0,551
2201,24211701,1120,1283,1207,1070,0,552
2202,24221701,1119,1280,1205,1070,0,552
2203,24231701,1120,1278,1207,1070,0,552
2204,24241701,1118,1278,1205,1066,0,552
2205,24251701,1121,1277,1205,1067,0,552
2206,24261701,1109,1196,1156,1026,0,535
2207,24271701,1118,1278,1202,1071,0,551
2208,24281701,1119,1277,1205,1072,0,551
2209,24291701,1117,1278,1205,1072,0,551
2210,24301701,1122,1276,1203,1070,0,550
2211,24311701,1118,1275,1203,1066,0,550
2212,24321701,1123,1277,1202,1070,0,549
2213,24331701,1066,1206,1174,1072,0,550
2214,24341701,1118,1277,1202,1068,0,550
2215,24351701,1121,1276,1204,1070,0,549
2216,24361701,1119,1275,1200,1068,0,549
2217,24371701,1119,1277,1202,1066,0,547
2218,24381701,1117,1278,1202,1067,0,546
2219,24391701,1121,1274,1199,1046,0,511
2220,24401701,1121,1277,1200,1068,0,545
2221,24411701,1131,1277,1199,1064,0,544
2222,24421701,1120,1279,1199,1064,0,542
2223,24431701,1121,1282,1198,1062,0,541
2224,24441701,1126,1286,1197,1062,0,541
2225,24451701,1121,1285,1196,1058,0,493
2226,24461701,1128,1285,1196,1060,0,540
2227,24471701,1127,1285,1195,1057,0,539
2228,24481701,1126,1288,1194,1060,0,539
2229,24491701,1125,1287,1193,1058,0,536
2230,24501701,1127,1295,1193,1057,0,536
2231,24511701,1129,1288,1193,1056,0,537
2232,24521701,1130,1283,1193,1055,0,536
2233,24531701,1129,1287,1192,1054,0,536
2234,24541701,1129,1289,1192,1053,0,535
2235,24551701,1130,1289,1191,1053,0,534
2236,24561701,1132,1292,1191,1052,0,532
2237,24571701,1131,1291,1191,1052,0,532
2238,24581701,1131,1293,1190,1051,0,532
2239,24591701,1133,1293,1190,1052,0,532
2240,24601701,1133,1291,1190,1051,0,532
2241,24611701,1133,1294,1190,1051,0,532
2242,24621701,1134,1297,1190,1050,0,531
2243,24631701,1135,1296,1190,1051,0,531
2244,24641701,1135,1295,1190,1050,0,532
2245,24651701,1132,1295,1112,1024,0,516
2246,24661701,1137,1296,1190,1049,0,532
2247,24671701,1136,1296,1189,1049,0,533
2248,24681701,1137,1297,1189,1048,0,533
2249,24691701,1138,1296,1188,1048,0,533
2250,24701701,1138,1297,1189,1048,0,533
2251,24711701,1138,1299,1188,1047,0,534
2252,24721701,1140,1297,1188,1048,0,534
2253,24731701,1137,1298,1188,1047,0,534
2254,24741701,1138,1294,1188,1047,0,535
2255,24751701,1137,1294,1187,1047,0,535
2256,24761701,1139,1295,1187,1046,0,535
2257,24771701,1138,1295,1187,1047,0,535
2258,24781701,1138,1294,1188,1047,0,535
2259,24791701,1137,1294,1188,1047,0,535
2260,24801701,1138,1294,1187,1046,0,535
2261,24811701,1136,1293,1186,1046,0,536
2262,24821701,1136,1293,1187,1046,0,535
2263,24831701,1136,1292,1186,1047,0,535
2264,24841701,1135,1293,1187,1046,0,535
2265,24851701,1133,1293,1112,1026,0,519
2266,24861701,1136,1292,1187,1047,0,536
2267,24871701,1137,1293,1187,1047,0,537
2268,24881701,1136,1292,1187,1048,0,537
2269,24891701,1135,1292,1187,1047,0,536
2270,24901701,1136,1292,1187,1047,0,536
2271,24911701,1136,1293,1187,1048,0,535
2272,24921701,1138,1293,1188,1048,0,535
2273,24931701,1136,1292,1188,1047,0,535
2274,24941701,1138,1293,1188,1047,0,535
2275,24951701,1138,1293,1187,1048,0,535
2276,24961701,1136,1292,1188,1048,0,536
2277,24971701,1137,1293,1187,1048,0,536
2278,24981701,1098,1232,1099,1031,0,533
2279,24991701,1137,1292,1188,1047,0,536
2280,25001701,1138,1293,1187,1048,0,536
2281,25011701,1138,1293,1188,1048,0,536
2282,25021701,1137,1292,1188,1048,0,536
2283,25031701,1138,1292,1187,1047,0,536
2284,25041701,1136,1292,1188,1049,0,537
2285,25051701,1107,1197,1168,981,0,537
2286,25061701,1136,1291,1188,1049,0,537
2287,25071701,1135,1290,1188,1049,0,538
2288,25081701,1134,1290,1189,1050,0,539
2289,25091701,1133,1290,1188,1049,0,538
2290,25101701,1134,1289,1189,1050,0,539
2291,25111701,1133,1287,1188,1031,0,507
2292,25121701,1134,1290,1189,1051,0,540
2293,25131701,1133,1289,1191,1053,0,540
2294,25141701,1132,1289,1190,1053,0,540
2295,25151701,1131,1284,1191,1053,0,546
2296,25161701,1129,1265,1190,1054,0,539
2297,25171701,1128,1214,1192,1056,0,540
2298,25181701,1128,0,1192,1059,0,535
2299,25191701,1127,0,1193,1060,0,543
2300,25201701,1126,0,1193,1060,0,541
2301,25211701,1125,0,1194,1062,0,543
2302,25221701,1124,0,1194,1062,0,537
2303,25231701,1124,0,1195,1063,0,542
2304,25241701,1122,0,1196,1061,0,493
2305,25251701,1121,0,1197,1065,0,541
2306,25261701,1121,0,1197,1065,0,545
2307,25271701,1119,0,1198,1065,0,539
2308,25281701,1120,0,1200,1067,0,541
2309,25291701,1117,0,1200,1067,3,537
2310,25301701,1116,0,1201,1068,0,541
2311,25311701,1115,0,1198,1047,0,500
2312,25321701,1115,0,1201,1068,0,531
2313,25331701,1114,0,1200,1068,0,535
2314,25341701,1112,0,1200,1069,0,528
2315,25351701,1113,0,1201,1069,0,527
2316,25361701,1112,0,1202,1070,0,528
2317,25371701,1113,0,1199,1050,0,492
2318,25381701,1112,0,1202,1079,0,526
2319,25391701,1112,0,1202,1072,0,527
2320,25401701,1112,0,1202,1071,0,524
2321,25411701,1112,0,1201,1072,0,527
2322,25421701,1111,0,1201,1071,0,520
2323,25431701,1111,0,1201,1069,0,519
2324,25441701,1108,0,1127,1049,0,504
2325,25451701,1111,0,1201,1069,0,521
2326,25461701,1111,0,1202,1071,0,520
2327,25471701,1112,0,1203,1082,0,518
2328,25481701,1112,0,1202,1072,0,519
2329,25491701,1112,0,1204,1072,0,516
2330,25501701,1112,0,1201,1072,0,513
2331,25511701,1113,0,1202,1074,0,515
2332,25521701,1113,0,1202,1069,0,517
2333,25531701,1113,0,1202,1072,0,516
2334,25541701,1113,0,1206,1068,0,513
2335,25551701,1114,0,1198,1069,0,516
2336,25561701,1113,0,1202,1070,0,515
2337,25571701,1114,0,1202,1070,0,518
2338,25581701,1115,0,1203,1068,0,519
2339,25591701,1115,0,1204,1072,0,519
2340,25601701,1114,0,1201,1071,0,520
2341,25611701,1114,0,1199,1070,0,520
2342,25621701,1114,0,1202,1071,0,521
2343,25631701,1113,0,1199,1049,0,495
2344,25641701,1113,0,1201,1069,0,522
2345,25651701,1113,0,1210,1072,0,521
2346,25661701,1112,0,1199,1071,0,522
2347,25671701,1107,0,1199,1072,0,523
2348,25681701,1105,0,1208,1070,0,522
2349,25691701,1112,0,1199,1070,0,523
2350,25701701,1111,0,1203,1072,0,523
2351,25711701,1111,0,1201,1068,0,522
2352,25721701,1109,0,1198,1069,0,522
2353,25731701,1108,0,1196,1070,0,520
2354,25741701,1103,0,1200,1068,0,521
2355,25751701,1105,0,1201,1069,0,520
2356,25761701,1099,0,1199,1066,0,470
2357,25771701,1101,0,1198,1068,0,519
2358,25781701,1102,0,1194,1066,0,519
2359,25791701,1097,0,1196,1067,0,520
2360,25801701,1094,0,1196,1067,0,519
2361,25811701,1092,0,1197,1067,0,518
2362,25821701,1097,2,1196,1067,0,520
2363,25831701,1085,0,1196,1067,0,520
2364,25841701,1085,0,1197,1066,0,520
2365,25851701,1078,0,1197,1067,0,520
2366,25861701,1075,0,1195,1065,0,520
2367,25871701,1078,0,1193,1067,0,520
2368,25881701,1075,0,1194,1065,0,520
2369,25891701,1022,0,1165,1067,0,520
2370,25901701,1069,0,1192,1064,0,520
2371,25911701,1072,0,1193,1065,0,520
2372,25921701,1066,0,1191,1064,0,520
2373,25931701,1065,0,1191,1064,0,521
2374,25941701,1064,0,1191,1064,0,520
2375,25951701,1006,0,1161,1061,0,521
2376,25961701,1058,0,1190,1062,0,520
2377,25971701,1060,0,1189,1063,0,520
2378,25981701,1059,1,1187,1058,0,521
2379,25991701,1059,0,1186,1062,0,521
2380,26001701,1055,0,1185,1059,0,522
2381,26011701,1051,0,1112,1035,0,504
2382,26021701,1055,0,1182,1057,0,523
2383,26031701,1054,0,1180,1056,0,523
2384,26041701,1054,0,1179,1054,0,523
2385,26051701,1053,0,1180,1054,0,523
2386,26061701,1055,0,1179,1054,0,525
2387,26071701,1054,0,1179,1053,0,526
2388,26081701,1050,0,1179,1054,0,529
2389,26091701,1049,0,1179,1053,0,530
2390,26101701,1049,0,1179,1053,0,531
2391,26111701,1046,1,1179,1053,0,531
2392,26121701,1046,0,1178,1052,0,531
2393,26131701,1046,0,1177,1053,0,533
2394,26141701,1045,0,1177,1053,0,532
2395,26151701,1045,2,1179,1053,0,533
2396,26161701,1044,0,1177,1053,0,533
2397,26171701,1043,0,1178,1053,0,533
2398,26181701,1043,0,1177,1052,0,533
2399,26191701,1042,0,1177,1052,0,534
2400,26201701,1042,0,1177,1051,0,534
2401,26211701,1040,0,1176,1052,0,534
2402,26221701,1042,0,1177,1051,0,535
2403,26231701,1041,0,1176,1051,0,534
2404,26241701,1040,0,1175,1051,0,534
2405,26251701,1041,0,1175,1050,0,534
2406,26261701,1041,0,1174,1050,0,534
2407,26271701,1041,0,1173,1049,0,534
2408,26281701,1040,0,1173,1048,0,533
2409,26291701,1042,0,1173,1048,0,534
2410,26301701,1041,0,1172,1047,0,533
2411,26311701,1041,0,1171,1047,0,534
2412,26321701,1042,0,1171,1046,0,533
2413,26331701,1041,0,1170,1045,0,533
2414,26341701,1042,0,1168,1044,0,534
2415,26351701,1040,0,1166,1022,0,500
2416,26361701,1041,0,1167,1043,0,535
2417,26371701,1041,0,1166,1043,0,534
2418,26381701,1042,0,1167,1044,0,535
2419,26391701,1041,0,1166,1043,0,534
2420,26401701,1042,0,1165,1041,0,535
2421,26411701,1042,0,1165,1042,0,535
2422,26421701,1043,0,1165,1041,0,535
2423,26431701,1043,0,1165,1041,0,535
2424,26441701,1044,0,1164,1041,0,536
2425,26451701,1044,0,1164,1042,0,536
2426,26461701,1043,0,1164,1042,0,536
2427,26471701,1043,0,1164,1042,0,536
2428,26481701,1039,0,1091,1018,0,520
2429,26491701,1044,0,1163,1041,0,537
2430,26501701,1044,0,1164,1041,0,538
2431,26511701,1045,0,1164,1040,0,537
2432,26521701,1045,0,1164,1040,0,537
2433,26531701,1045,0,1163,1041,0,537
2434,26541701,1044,0,1164,1041,0,537
2435,26551701,1041,0,1091,1017,0,522
2436,26561701,1043,0,1163,1040,0,538
2437,26571701,1043,0,1163,1040,0,537
2438,26581701,1043,0,1163,1040,0,537
2439,26591701,1043,0,1162,1039,0,537
2440,26601701,1043,0,1162,1040,0,537
2441,26611701,1043,0,1162,1038,0,536
2442,26621701,1044,0,1163,1038,0,536
2443,26631701,1044,0,1162,1038,0,536
2444,26641701,1044,0,1161,1039,0,536
2445,26651701,1044,0,1162,1039,0,535
2446,26661701,1044,0,1162,1038,0,535
2447,26671701,1043,0,1162,1037,0,542
2448,26681701,1043,0,1161,1016,0,501
2449,26691701,1045,0,1160,1036,0,528
2450,26701701,1044,0,1160,1035,0,531
2451,26711701,1043,0,1160,1036,0,530
2452,26721701,1044,0,1160,1035,0,531
2453,26731701,1044,0,1160,1035,0,528
2454,26741701,1044,0,1160,1034,0,526
2455,26751701,1044,0,1160,1034,0,527
2456,26761701,1045,0,1160,1034,0,527
2457,26771701,1046,0,1159,1033,0,516
2458,26781701,1045,0,1159,1033,0,524
2459,26791701,1046,0,1158,1034,0,520
2460,26801701,1046,0,1158,1032,0,518
2461,26811701,1046,0,1158,1028,0,469
2462,26821701,1047,0,1158,1032,0,528
2463,26831701,1047,0,1158,1032,0,519
2464,26841701,1047,0,1158,1032,0,517
2465,26851701,1048,0,1157,1032,0,515
2466,26861701,1048,0,1157,1031,0,510
2467,26871701,1048,0,1157,1032,0,518
2468,26881701,1049,0,1157,1031,0,516
2469,26891701,1049,0,1156,1031,0,510
2470,26901701,1049,0,1156,1031,0,510
2471,26911701,1048,0,1155,1029,0,508
2472,26921701,1049,0,1155,1029,0,513
2473,26931701,1048,0,1155,1025,0,508
2474,26941701,1047,0,1155,1027,0,512
2475,26951701,1048,0,1156,1022,0,505
2476,26961701,1048,1165,1152,1026,0,506
2477,26971701,1048,1166,1152,1024,0,504
2478,26981701,1048,1168,1151,1028,0,503
2479,26991701,1048,1168,1150,1026,0,504
2480,27001701,1047,1170,1150,1025,0,503
2481,27011701,975,1165,1154,1025,0,501
2482,27021701,1047,1171,1150,1022,0,504
2483,27031701,1047,1173,1150,1025,0,502
2484,27041701,1046,1175,1149,1027,0,502
2485,27051701,1047,1177,1150,1027,0,502
2486,27061701,1047,1179,1150,1025,0,500
2487,27071701,1047,1179,1149,1028,0,499
2488,27081701,1049,1179,1149,1029,0,495
2489,27091701,1047,1181,1144,1017,0,496
2490,27101701,1047,1180,1152,1023,0,495
2491,27111701,1047,1180,1148,1025,0,494
2492,27121701,1047,1178,1155,1021,0,494
2493,27131701,1047,1179,1151,1024,0,493
2494,27141701,1034,1103,1102,978,0,477
2495,27151701,1047,1180,1149,1023,0,491
2496,27161701,1047,1179,1149,1023,0,490
2497,27171701,1047,1179,1146,1022,0,489
2498,27181701,1046,1180,1145,1022,0,489
2499,27191701,1046,1180,1147,1022,0,488
2500,27201701,1046,1180,1148,1016,0,485
2501,27211701,1046,1180,1143,1020,0,487
2502,27221701,1047,1179,1141,1019,0,486
2503,27231701,1046,1180,1146,1026,0,487
2504,27241701,1046,1181,1147,1022,0,485
2505,27251701,1047,1180,1147,1024,0,484
2506,27261701,1047,1180,1143,1027,0,485
2507,27271701,1045,1179,1148,1012,0,484
2508,27281701,1046,1178,1144,1022,0,482
2509,27291701,1045,1179,1148,1021,0,485
2510,27301701,1044,1178,1148,1020,0,483
2511,27311701,1046,1179,1145,1022,0,479
2512,27321701,1042,1180,1147,1024,0,477
2513,27331701,1032,1101,1101,975,0,463
2514,27341701,1040,1178,1147,1018,0,477
2515,27351701,1045,1180,1144,1015,0,474
2516,27361701,1045,1180,1146,1024,0,475
2517,27371701,1046,1181,1146,1020,0,475
2518,27381701,1040,1181,1145,1024,0,474
2519,27391701,1043,1180,1145,1019,0,474
2520,27401701,1045,1181,1145,1012,0,475
2521,27411701,1046,1180,1145,1024,0,475
2522,27421701,1043,1181,1145,1021,0,475
2523,27431701,1045,1180,1145,1019,0,477
2524,27441701,1044,1182,1145,1023,0,477
2525,27451701,1042,1181,1145,1020,0,478
2526,27461701,1039,1181,1145,1019,0,477
2527,27471701,1046,1182,1145,1019,0,478
2528,27481701,1046,1183,1145,1021,0,478
2529,27491701,1041,1183,1145,1022,0,479
2530,27501701,1043,1181,1145,1022,0,477
2531,27511701,1042,1180,1144,1022,0,479
2532,27521701,1045,1183,1144,1021,0,477
2533,27531701,1046,1183,1144,1020,0,476
2534,27541701,1045,1189,1144,1019,0,475
2535,27551701,1045,1187,1142,1018,0,475
2536,27561701,1047,1183,1143,1018,0,474
2537,27571701,1045,1185,1134,1018,0,473
2538,27581701,1046,1184,1144,1016,0,472
2539,27591701,1030,1115,1095,970,0,456
2540,27601701,1045,1184,1141,1015,0,468
2541,27611701,1046,1183,1142,1015,0,467
2542,27621701,1046,1192,1142,1015,0,466
2543,27631701,1046,1185,1142,1015,0,465
2544,27641701,1045,1186,1141,1014,0,462
2545,27651701,1045,1187,1141,1014,0,461
2546,27661701,1016,1092,1122,952,0,461
2547,27671701,1046,1185,1141,1015,0,460
2548,27681701,1047,1183,1141,1014,0,459
2549,27691701,1047,1184,1138,1015,0,458
2550,27701701,1047,1185,1141,1015,0,459
2551,27711701,1047,1184,1139,1015,0,459
2552,27721701,1047,1184,1140,1014,0,457
2553,27731701,1013,1191,1141,1015,0,458
2554,27741701,1047,1184,1139,1014,0,458
2555,27751701,1047,1186,1139,1014,0,458
2556,27761701,1047,1185,1141,1013,0,458
2557,27771701,1047,1186,1140,1015,0,458
2558,27781701,1046,1184,1141,1015,0,457
2559,27791701,1016,1096,1122,952,0,460
2560,27801701,1047,1188,1140,1015,0,459
2561,27811701,1046,1187,1140,1015,0,458
2562,27821701,1047,1188,1140,1014,0,460
2563,27831701,1046,1187,1141,1014,0,459
2564,27841701,1046,1184,1141,1014,0,459
2565,27851702,1046,1183,1139,1014,0,460
2566,27861701,1047,1184,1140,1013,0,460
2567,27871701,1047,1183,1139,1014,0,459
2568,27881701,1047,1185,1139,1013,0,459
2569,27891701,1047,1185,1140,1013,0,460
2570,27901701,1048,1184,1140,1014,0,460
2571,27911701,1047,1186,1140,1013,0,460
2572,27921701,1043,1182,1070,990,0,446
2573,27931701,1047,1185,1139,1013,0,460
2574,27941701,1047,1184,1139,1013,0,458
2575,27951701,1047,1186,1139,1013,0,458
2576,27961701,1048,1185,1138,1012,0,458
2577,27971701,1048,1187,1138,1012,0,457
2578,27981701,1047,1185,1138,1009,0,414
2579,27991701,1048,1187,1138,1011,0,456
2580,28001701,1047,1187,1137,1012,0,456
2581,28011701,1049,1188,1138,1012,0,457
2582,28021701,1047,1188,1135,1011,0,455
2583,28031701,1048,1188,1137,1012,0,456
2584,28041701,1049,1188,1136,1011,0,455
2585,28051701,1045,1189,1065,989,0,440
2586,28061701,1048,1188,1136,1010,0,455
2587,28071701,1048,1188,1134,1010,0,453
2588,28081701,1049,1188,1135,1010,0,453
2589,28091701,1049,1188,1134,1010,0,453
2590,28101701,1049,1189,1135,1010,0,450
2591,28111701,1050,1189,1133,1008,0,449
2592,28121701,1022,1101,1115,946,0,449
2593,28131701,1049,1191,1134,1008,0,447
2594,28141701,1051,1190,1133,1006,0,446
2595,28151701,1051,1190,1132,1008,0,445
2596,28161701,1050,1190,1131,1006,0,443
2597,28171701,1051,1189,1131,1007,0,443
2598,28181701,1050,1190,1130,1006,0,441
2599,28191701,1052,1191,1132,1007,0,442
2600,28201701,1051,1190,1130,1005,0,439
2601,28211701,1052,1191,1129,1006,0,437
2602,28221701,1051,1191,1130,1005,0,435
2603,28231701,1052,1193,1129,1005,0,439
2604,28241701,1052,1193,1129,1004,0,441
2605,28251701,1052,1193,1130,1006,0,440
2606,28261701,1053,1195,1130,1006,0,438
2607,28271701,1054,1194,1129,1005,0,441
2608,28281701,1052,1194,1130,1005,0,441
2609,28291701,1052,1194,1130,1005,0,441
2610,28301701,1052,1195,1130,1005,0,443
2611,28311701,1052,1195,1130,1005,0,442
2612,28321701,1053,1194,1130,1005,0,443
2613,28331701,1053,1193,1130,1006,0,448
2614,28341701,1052,1192,1130,1006,0,450
2615,28351701,1051,1192,1130,1006,0,445
2616,28361701,1051,1192,1131,1006,0,450
2617,28371701,1051,1192,1130,1006,0,449
2618,28381701,1048,1190,1061,983,0,437
2619,28391701,1051,1191,1130,1006,0,452
2620,28401701,1051,1192,1131,1007,0,453
2621,28411701,1051,1192,1131,1006,0,447
2622,28421701,1050,1192,1131,1006,0,450
2623,28431701,1050,1191,1130,1007,0,443
2624,28441701,1051,1190,1131,1006,0,448
2625,28451701,1037,1113,1085,962,0,443
2626,28461701,1050,1191,1131,1007,0,452
2627,28471701,1049,1191,1131,1006,0,450
2628,28481701,1050,1191,1131,1005,0,453
2629,28491701,1050,1190,1132,1001,0,450
2630,28501701,1050,1191,1131,1007,0,451
2631,28511701,1038,1114,1087,960,0,429
2632,28521701,1050,1191,1131,1008,0,448
2633,28531701,1050,1191,1131,1007,0,451
2634,28541701,1051,1191,1130,1006,0,451
2635,28551701,1051,1192,1132,1007,0,448
2636,28561701,1050,1193,1133,1008,0,450
2637,28571701,1050,1192,1132,1011,0,455
2638,28581701,1037,1114,1106,946,0,416
2639,28591701,1051,1192,1133,1010,0,453
2640,28601701,1051,1192,1133,1001,0,454
2641,28611701,1051,1193,1135,1008,0,455
2642,28621701,1050,1192,1134,1008,0,453
2643,28631701,1050,1193,1128,1006,0,455
2644,28641701,1051,1193,1130,1007,0,455
2645,28651701,978,1187,1131,1003,0,456
2646,28661701,1051,1192,1134,1007,0,455
2647,28671701,1051,1192,1133,1008,0,456
2648,28681701,1050,1192,1132,1009,0,456
2649,28691701,1049,1191,1131,1008,0,456
2650,28701701,1049,1191,1136,1010,0,456
2651,28711701,1049,1190,1135,1010,0,456
2652,28721701,1048,1190,1134,1008,0,458
2653,28731701,1047,1191,1132,1011,0,457
2654,28741701,1048,1190,1133,1013,0,457
2655,28751701,1050,1191,1128,1012,0,458
2656,28761701,1047,1190,1134,1009,0,457
2657,28771701,1049,1187,1134,1014,0,457
2658,28781701,1047,1190,1135,1012,0,457
2659,28791701,1047,1190,1135,1011,0,458
2660,28801701,1048,1190,1135,1010,0,457
2661,28811701,1048,1187,1138,1010,0,457
2662,28821701,1046,1187,1136,1008,0,458
2663,28831701,1046,1187,1135,1012,0,458
2664,28841701,972,1182,1137,1015,2,458
2665,28851701,1045,1187,1139,1010,0,458
2666,28861701,1046,1187,1140,1013,0,458
2667,28871701,1045,1186,1135,1011,0,458
2668,28881701,1046,1183,1139,1013,0,459
2669,28891701,1041,1186,1136,1012,1,459
2670,28901701,1045,1185,1137,1012,0,459
2671,28911701,1054,1186,1137,1012,0,459
2672,28921701,1043,1186,1139,1013,0,459
2673,28931701,1043,1185,1137,1012,0,460
2674,28941701,1043,1185,1139,1013,0,459
2675,28951701,1044,1186,1138,1012,0,460
2676,28961701,1038,1184,1137,1014,0,460
2677,28971701,1040,1185,1066,994,0,447
2678,28981701,1042,1186,1137,1013,0,460
2679,28991701,1040,1185,1137,1014,0,460
2680,29001701,1042,1184,1135,1012,0,460
2681,29011701,1040,1182,1137,1013,0,460
2682,29021701,1033,1180,1136,1013,0,459
2683,29031701,1039,1181,1136,1012,0,461
2684,29041701,1038,1183,1138,1011,0,460
2685,29051701,1038,1183,1137,1013,0,459
2686,29061701,1038,1181,1138,1014,0,461
2687,29071701,1034,1174,1136,1014,0,460
2688,29081701,1038,1183,1136,1014,0,460
2689,29091701,1035,1182,1137,1014,0,460
2690,29101701,1025,1096,1091,968,0,447
2691,29111701,1035,1181,1138,1013,0,460
2692,29121701,1036,1181,1137,1014,0,460
2693,29131701,1036,1179,1139,1014,0,460
2694,29141701,1038,1178,1138,1015,0,461
2695,29151701,1038,1182,1138,1014,0,461
2696,29161701,1033,1181,1139,1014,0,461
2697,29171701,985,1115,1111,1015,0,461
2698,29181701,1037,1180,1137,1015,0,463
2699,29191701,1034,1180,1139,1015,0,464
2700,29201701,1034,1180,1145,1015,0,466
2701,29211701,1035,1179,1138,1014,0,466
2702,29221701,1034,1179,1131,1015,0,467
2703,29231701,1033,1174,1139,991,0,434
2704,29241701,1033,1179,1141,1015,0,467
2705,29251701,1032,1176,1137,1014,0,467
2706,29261701,1033,1177,1138,1014,0,466
2707,29271701,1033,1179,1138,1014,0,466
2708,29281701,1032,1173,1137,1014,0,466
2709,29291701,1031,1178,1137,1014,0,466
2710,29301701,1019,1100,1093,968,0,450
2711,29311701,1032,1175,1135,1015,0,466
2712,29321701,1032,1176,1135,1015,0,465
2713,29331701,1033,1178,1138,1015,0,466
2714,29341701,1033,1177,1135,1014,0,466
2715,29351701,1032,1174,1137,1014,0,466
2716,29361701,1032,1178,1134,1014,0,465
2717,29371701,1031,1177,1135,1013,0,464
2718,29381701,1031,1176,1135,1014,0,466
2719,29391701,1032,1176,1135,1014,0,464
2720,29401701,1032,1177,1134,1014,0,464
2721,29411701,1033,1176,1134,1014,0,464
2722,29421701,1031,1176,1135,1013,0,464
2723,29431701,1032,1175,1133,993,0,434
2724,29441701,1032,1177,1134,1013,0,466
2725,29451701,1032,1178,1133,1013,0,464
2726,29461701,1031,1177,1134,1013,0,464
2727,29471701,1031,1177,1133,1013,0,463
2728,29481701,1031,1177,1133,1013,0,463
2729,29491701,1032,1176,1133,1013,0,462
2730,29501701,1031,1177,1133,1013,0,464
2731,29511701,1029,1176,1133,1013,0,464
2732,29521701,1028,1176,1134,1014,0,464
2733,29531701,1031,1176,1133,1013,0,462
2734,29541701,1031,1177,1134,1013,0,463
2735,29551701,1031,1176,1134,1013,0,463
2736,29561701,997,1086,1115,951,0,463
2737,29571701,1024,1175,1133,1013,0,462
2738,29581701,1023,1175,1133,1014,0,462
2739,29591701,1023,1175,1134,1013,0,463
2740,29601701,1021,1175,1134,1013,0,464
2741,29611701,1024,1175,1133,1014,0,464
2742,29621701,1021,1174,1134,1014,0,465
2743,29631701,1022,1174,1133,1014,0,464
2744,29641701,1021,1174,1134,1015,0,464
2745,29651701,1020,1174,1133,1013,0,463
2746,29661701,1021,1174,1133,1014,0,464
2747,29671701,1020,1174,1134,1014,0,464
2748,29681701,1021,1175,1133,1014,0,464
2749,29691701,974,1107,1107,1015,0,465
2750,29701701,1021,1175,1134,1014,0,465
2751,29711701,1023,1174,1135,1014,0,463
2752,29721701,1023,1175,1134,1015,0,464
2753,29731701,1024,1175,1134,1015,0,464
2754,29741701,1021,1176,1133,1014,0,466
2755,29751701,1023,1176,1133,1012,0,420
2756,29761701,1025,1176,1134,1014,0,464
2757,29771701,1024,1176,1134,1015,0,464
2758,29781701,1024,1176,1135,1015,0,462
2759,29791701,1029,1176,1134,1015,0,463
2760,29801701,1027,1177,1135,1015,0,464
2761,29811701,1030,1177,1135,1014,0,462
2762,29821701,958,1172,1134,1015,0,460
2763,29831701,1030,1178,1133,1015,0,462
2764,29841701,1032,1177,1133,1015,0,461
2765,29851701,1032,1178,1134,1013,0,463
2766,29861701,1033,1178,1135,1014,0,467
2767,29871701,1034,1179,1133,1013,0,460
2768,29881701,1034,1180,1134,1014,0,460
2769,29891701,1035,1181,1134,1014,0,462
2770,29901701,1037,1181,1133,1013,0,449
2771,29911701,1038,1182,1134,1013,0,463
2772,29921701,1038,1182,1134,1014,0,459
2773,29931701,1040,1183,1134,1012,0,459
2774,29941701,1040,1184,1134,1013,0,459
2775,29951701,1038,1186,1065,993,0,447
2776,29961701,1042,1187,1137,1014,0,459
2777,29971701,1044,1189,1138,1015,0,464
2778,29981701,1044,1189,1138,1015,0,457
2779,29991701,1044,1189,1140,1015,0,458
2780,30001701,1046,1191,1141,1020,0,457
2781,30011701,1047,1193,1141,1012,0,457
2782,30021701,1007,1136,1059,999,0,448
2783,30031701,1049,1196,1143,1017,0,447
2784,30041701,1051,1198,1143,1018,0,450
2785,30051701,1052,1202,1144,1017,0,447
2786,30061701,1053,1204,1145,1018,0,440
2787,30071701,1054,1206,1144,1016,0,441
2788,30081701,1058,1207,1147,1022,0,425
2789,30091701,1061,1209,1151,1019,0,419
2790,30101701,1060,1210,1149,1022,0,413
2791,30111701,1061,1211,1154,1023,0,406
2792,30121701,1060,1212,1155,1025,0,391
2793,30131701,1060,1212,1156,1029,0,380
2794,30141701,1060,1213,1163,1025,0,376
2795,30151701,1061,1213,1158,1033,0,369
2796,30161701,1061,1214,1159,1032,0,367
2797,30171701,1061,1220,1159,1034,0,363
2798,30181701,1060,1220,1156,1034,0,361
2799,30191701,1061,1222,1158,1035,0,360
2800,30201701,1062,1223,1161,1035,0,358
2801,30211701,1062,1224,1165,1034,0,354
2802,30221701,1013,1155,1135,1036,0,349
2803,30231701,1064,1227,1165,1032,0,348
2804,30241701,1065,1227,1166,1032,0,345
2805,30251701,1065,1228,1155,1032,0,342
2806,30261701,1066,1229,1157,1032,0,340
2807,30271701,1067,1230,1168,1033,0,340
2808,30281701,1053,1153,1109,981,0,323
2809,30291701,1068,1226,1160,1032,0,335
2810,30301701,1068,1234,1159,1029,0,332
2811,30311701,1069,1235,1159,1030,0,332
2812,30321701,1069,1235,1157,1019,0,331
2813,30331701,1070,1234,1157,1024,1,331
2814,30341701,1068,1236,1156,1022,0,329
2815,30351701,1070,1234,1153,1026,0,328
2816,30361701,1070,1235,1153,1020,0,324
2817,30371701,1069,1233,1149,1015,0,323
2818,30381701,1070,1234,1144,1012,0,324
2819,30391701,1069,1234,1143,1005,0,321
2820,30401701,1071,1233,1144,1010,0,327
2821,30411701,1039,1235,1142,1007,0,326
2822,30421701,1072,1232,1136,1012,0,328
2823,30431701,1073,1233,1135,1002,0,328
2824,30441701,1069,1231,1133,999,0,327
2825,30451701,1074,1228,1130,1002,0,328
2826,30461701,1071,1231,1129,997,0,329
2827,30471701,1073,1227,1128,976,0,302
2828,30481701,1071,1230,1127,993,0,328
2829,30491701,1072,1228,1125,991,0,327
2830,30501701,1068,1229,1124,988,0,328
2831,30511701,1073,1229,1124,987,0,328
2832,30521701,1071,1230,1123,987,0,328
2833,30531701,1072,1230,1120,979,0,292
2834,30541701,1071,1228,1120,983,0,330
2835,30551701,1071,1229,1118,981,0,330
2836,30561701,1069,1226,1116,980,0,329
2837,30571701,1070,1235,1115,980,0,329
2838,30581701,1069,1226,1114,981,0,329
2839,30591701,1072,1227,1115,980,0,327
2840,30601701,1072,1230,1114,980,0,322
2841,30611701,1071,1228,1114,979,0,317
2842,30621701,1070,1229,1113,979,0,315
2843,30631701,1069,1229,1114,979,0,316
2844,30641701,1069,1220,1114,979,0,315
2845,30651701,1065,1219,1113,979,0,315
2846,30661701,1067,1225,1115,980,0,312
2847,30671701,1067,1225,1115,981,0,310
2848,30681701,1067,1222,1114,981,0,306
2849,30691701,1068,1224,1115,981,0,303
2850,30701701,1066,1222,1116,982,0,300
2851,30711701,1067,1229,1115,982,0,298
2852,30721701,1067,1219,1116,982,0,296
2853,30731701,1000,1161,1056,951,0,295
2854,30741701,1065,1222,1115,981,0,294
2855,30751701,1061,1214,1116,981,0,295
2856,30761701,1056,1215,1115,981,0,293
2857,30771701,1053,1211,1115,982,0,291
2858,30781701,1051,1209,1115,982,0,292
2859,30791701,1051,1210,1116,982,0,293
2860,30801701,998,1143,1089,983,0,294
2861,30811701,1047,1209,1116,982,0,294
2862,30821701,1046,1205,1115,982,0,295
2863,30831701,1042,1204,1117,983,0,295
2864,30841701,1040,1200,1116,982,0,296
2865,30851701,1037,1199,1115,983,0,298
2866,30861701,1036,1201,1115,984,0,300
2867,30871701,966,1194,1116,984,0,300
2868,30881701,1039,1203,1115,984,0,300
2869,30891701,1040,1203,1117,984,0,300
2870,30901701,1039,1201,1116,984,0,302
2871,30911701,1037,1198,1118,984,0,302
2872,30921701,1030,1196,1115,984,0,303
2873,30931701,1018,1192,1115,984,0,303
2874,30941701,1012,1189,1115,984,0,304
2875,30951701,1004,1184,1115,985,0,303
2876,30961701,1000,1182,1114,984,0,300
2877,30971701,998,1181,1114,984,0,299
2878,30981701,997,1181,1114,984,0,298
2879,30991701,996,1180,1113,984,0,298
2880,31001701,995,1180,1114,984,0,299
2881,31011701,990,1176,1113,984,0,298
2882,31021701,984,1174,1113,984,0,301
2883,31031701,976,1167,1112,985,3,306
2884,31041701,968,1159,1112,986,0,307
2885,31051701,957,1148,1112,986,0,307
2886,31061701,950,1144,1113,986,0,311
2887,31071701,943,1140,1113,989,0,313
2888,31081701,941,1139,1114,989,0,316
2889,31091701,939,1133,1114,993,0,323
2890,31101701,935,1132,1116,993,0,323
2891,31111701,928,1129,1116,996,0,328
2892,31121701,924,1126,1117,997,0,328
2893,31131701,922,1121,1119,998,0,332
2894,31141701,916,1122,1119,1006,0,331
2895,31151701,915,1118,1119,1001,0,333
2896,31161701,917,1117,1121,999,0,333
2897,31171701,913,1118,1120,1000,0,333
2898,31181701,909,1115,1120,1001,0,335
2899,31191701,910,1117,1119,1000,0,335
2900,31201701,910,1114,1121,999,0,337
2901,31211701,909,1111,1121,999,0,339
2902,31221701,904,1112,1122,999,0,341
2903,31231701,902,1111,1121,1001,0,341
2904,31241701,896,1110,1120,1001,0,342
2905,31251701,893,1106,1120,1002,0,345
2906,31261701,888,1101,1120,983,0,321
2907,31271701,887,1097,1122,1001,0,346
2908,31281701,884,1096,1121,1004,0,348
2909,31291701,876,1089,1119,1003,0,349
2910,31301701,870,1083,1121,1003,0,350
2911,31311701,862,1075,1121,1004,0,353
2912,31321701,852,1070,1114,1003,0,354
2913,31331701,850,1064,1120,1004,0,357
2914,31341701,843,1063,1122,1003,2,357
2915,31351701,839,1058,1119,1004,0,358
2916,31361701,833,1053,1118,1005,0,361
2917,31371701,827,1051,1118,1004,0,362
2918,31381701,833,1049,1117,1003,0,364
2919,31391701,824,1046,1116,1004,0,366
2920,31401701,819,1044,1119,1005,0,368
2921,31411701,815,1039,1117,1004,0,367
2922,31421701,809,1034,1116,1003,0,368
2923,31431701,804,1027,1115,1003,0,372
2924,31441701,797,1023,1112,1004,0,373
2925,31451701,796,1019,1114,1004,0,374
2926,31461701,723,1012,1114,1004,0,376
2927,31471701,790,1016,1112,1004,0,379
2928,31481701,790,1015,1114,1004,0,381
2929,31491701,788,1013,1114,1004,0,381
2930,31501701,787,1012,1112,1005,0,381
2931,31511701,788,1012,1115,1004,0,382
2932,31521701,788,1011,1114,1001,0,345
2933,31531701,789,1010,1113,1005,0,388
2934,31541701,791,1011,1113,1005,0,390
2935,31551701,788,1005,1113,1006,0,389
2936,31561701,788,1012,1113,1005,0,390
2937,31571701,787,1010,1113,1005,0,391
2938,31581701,788,1011,1112,1004,0,391
2939,31591701,763,932,1093,942,0,392
2940,31601701,790,1011,1113,1005,0,392
2941,31611701,792,1014,1113,1005,0,390
2942,31621701,795,1015,1114,1005,0,392
2943,31631701,798,1017,1115,1005,0,392
2944,31641701,800,1018,1114,1006,0,393
2945,31651701,800,1019,1041,984,0,377
2946,31661701,808,1021,1114,1005,0,390
2947,31671701,811,1022,1115,1006,0,389
2948,31681701,812,1025,1116,1005,0,389
2949,31691701,814,1031,1114,1006,0,390
2950,31701701,817,1033,1118,1006,0,388
2951,31711701,818,1032,1116,1006,0,387
2952,31721701,818,1033,1116,1009,0,376
2953,31731701,818,1035,1118,1006,0,379
2954,31741701,821,1035,1117,1007,0,377
2955,31751701,823,1038,1117,1002,0,371
2956,31761701,825,1044,1118,1006,0,371
2957,31771701,827,1047,1118,1007,0,367
2958,31781701,769,1045,1118,1008,0,367
2959,31791701,837,1051,1118,1008,0,361
2960,31801701,839,1054,1119,1005,0,361
2961,31811701,840,1057,1118,1006,0,359
2962,31821701,842,1057,1117,1005,0,355
2963,31831701,842,1059,1117,1004,0,351
2964,31841701,843,1060,1115,1001,0,345
2965,31851701,843,1061,1115,1002,0,345
2966,31861701,844,1062,1117,1003,0,345
2967,31871701,848,1064,1118,1001,0,344
2968,31881701,851,1066,1116,1001,0,346
2969,31891701,853,1069,1115,1002,0,343
2970,31901701,854,1070,1115,1002,0,344
2971,31911701,868,1077,1114,1000,0,344
2972,31921701,868,1080,1118,991,0,342
2973,31931701,871,1082,1116,1000,0,343
2974,31941701,875,1089,1117,1001,0,342
2975,31951701,875,1081,1116,1000,0,342
2976,31961701,877,1085,1116,999,0,346
2977,31971701,877,1085,1118,1000,0,349
2978,31981701,872,1083,1126,1001,0,341
2979,31991701,876,1084,1116,998,0,345
2980,32001701,875,1082,1116,1008,0,346
2981,32011701,877,1080,1117,1001,0,345
2982,32021701,877,1081,1117,1001,0,344
2983,32031701,879,1082,1116,984,0,321
2984,32041701,881,1084,1117,1002,0,348
2985,32051701,881,1086,1117,1002,0,351
2986,32061701,883,1095,1118,1003,0,353
2987,32071701,882,1088,1116,1002,0,356
2988,32081701,885,1090,1117,1003,0,355
2989,32091701,886,1090,1118,1003,0,356
2990,32101701,876,1015,1089,940,0,333
2991,32111701,888,1093,1118,1004,0,360
2992,32121701,887,1094,1118,1004,0,362
2993,32131701,889,1091,1122,1004,0,362
2994,32141701,888,1094,1119,1004,0,363
2995,32151701,888,1093,1124,1006,0,365
2996,32161701,890,1088,1124,1006,0,370
2997,32171701,891,1096,1125,1006,0,373
2998,32181701,892,1102,1125,1007,0,374
2999,32191701,894,1097,1126,1007,0,376
3000,32201701,899,1095,1126,1008,0,377
3001,32211701,903,1099,1126,1008,0,379
3002,32221701,904,1101,1126,1007,0,374
3003,32231701,862,1036,1101,1011,0,384
3004,32241701,910,1107,1127,1010,0,382
3005,32251701,908,1107,1128,1011,0,385
3006,32261701,909,1106,1127,1011,0,389
3007,32271701,912,1107,1128,1007,0,392
3008,32281701,911,1106,1128,1009,0,390
3009,32291701,912,1107,1129,1011,0,393
3010,32301701,864,1041,1103,1011,0,394
3011,32311701,917,1116,1128,1011,0,395
3012,32321701,920,1105,1127,1010,0,395
3013,32331701,921,1110,1128,1011,0,395
3014,32341701,924,1116,1128,1011,0,395
3015,32351701,932,1119,1129,1010,0,395
3016,32361701,936,1123,1127,1006,0,390
3017,32371701,941,1126,1127,1005,0,389
3018,32381701,949,1129,1124,1002,0,386
3019,32391701,958,1134,1122,999,0,381
3020,32401701,962,1140,1122,997,0,379
3021,32411701,967,1142,1120,997,0,379
3022,32421701,970,1145,1121,996,0,384
3023,32431701,975,1150,1121,994,0,380
3024,32441701,975,1143,1121,994,0,380
3025,32451701,974,1146,1120,994,0,382
3026,32461701,975,1145,1118,992,0,377
3027,32471701,976,1147,1117,990,0,375
3028,32481701,978,1147,1115,988,0,370
3029,32491701,979,1150,1114,988,0,363
3030,32501701,980,1149,1040,953,0,312
3031,32511701,986,1160,1110,983,0,349
3032,32521701,989,1160,1109,980,0,342
3033,32531701,991,1162,1109,980,0,345
3034,32541701,994,1163,1109,981,1,348
3035,32551701,994,1162,1109,981,0,354
3036,32561701,995,1163,1111,982,0,357
3037,32571701,999,1163,1112,980,0,357
3038,32581701,1000,1165,1112,983,0,358
3039,32591701,1000,1165,1112,981,0,353
3040,32601701,1000,1169,1113,981,0,360
3041,32611701,1005,1172,1113,981,0,359
3042,32621701,1007,1172,1113,984,0,362
3043,32631701,1010,1175,1114,982,0,360
3044,32641701,1009,1174,1114,984,0,361
3045,32651701,1015,1179,1114,983,0,361
3046,32661701,1023,1181,1114,980,0,360
3047,32671701,1030,1185,1114,981,0,355
3048,32681701,1034,1190,1116,981,0,349
3049,32691701,1041,1192,1111,961,0,318
3050,32701701,1045,1197,1114,978,0,346
3051,32711701,1047,1199,1114,976,0,345
3052,32721701,1050,1204,1114,979,0,346
3053,32731701,1053,1205,1115,975,0,344
3054,32741701,1055,1206,1114,975,0,344
3055,32751701,1058,1208,1114,973,0,344
3056,32761701,1061,1211,1114,973,0,343
3057,32771701,1060,1214,1111,974,0,344
3058,32781701,1064,1214,1114,973,0,343
3059,32791701,1067,1222,1114,970,0,343
3060,32801701,1069,1224,1114,970,0,343
3061,32811701,1070,1225,1116,971,0,343
3062,32821701,1072,1227,1114,969,0,343
3063,32831701,1075,1227,1113,970,0,345
3064,32841701,1076,1227,1113,970,0,347
3065,32851701,1077,1224,1115,970,0,349
3066,32861701,1078,1171,1114,970,0,351
3067,32871701,1078,1186,1116,971,0,354
3068,32881701,1086,1208,1115,972,0,356
3069,32891701,1077,1206,1115,954,0,330
3070,32901701,1079,1209,1116,971,0,358
3071,32911701,1080,1213,1116,971,0,359
3072,32921701,1080,1216,1118,972,0,360
3073,32931701,1081,1216,1117,973,0,361
3074,32941701,1080,1215,1117,972,0,361
3075,32951701,1081,1217,1117,973,0,361
3076,32961701,1081,1215,1118,973,0,362
3077,32971701,1080,1215,1117,974,0,362
3078,32981701,1080,1216,1117,976,0,364
3079,32991701,1078,1214,1119,977,0,365
3080,33001701,1076,1224,1121,979,0,371
3081,33011701,1074,1219,1122,981,0,373
3082,33021701,1040,1126,1107,918,0,378
3083,33031701,1068,1214,1126,984,0,378
3084,33041701,1067,1210,1127,985,0,381
3085,33051701,1065,1209,1128,987,0,385
3086,33061701,1062,1206,1129,988,0,390
3087,33071701,1059,1204,1128,988,0,392
3088,33081701,1055,1203,1131,988,0,354
3089,33091701,1052,1199,1131,995,0,397
3090,33101701,1051,1197,1131,996,0,402
3091,33111701,1048,1194,1131,996,0,405
3092,33121701,1046,1193,1132,997,0,406
3093,33131701,1042,1191,1132,999,0,406
3094,33141701,1039,1189,1133,996,0,408
3095,33151701,1037,1189,1134,1003,0,409
3096,33161701,1032,1182,1134,1003,0,411
3097,33171701,1023,1181,1135,1004,0,413
3098,33181701,1019,1176,1136,1005,0,418
3099,33191701,1016,1174,1138,1005,0,418
3100,33201701,1012,1172,1138,1007,0,416
3101,33211701,1006,1170,1061,987,0,404
3102,33221701,1005,1169,1138,1012,0,419
3103,33231701,1003,1167,1140,1011,0,419
3104,33241701,1002,1163,1139,1013,0,423
3105,33251701,1000,1162,1141,1013,0,424
3106,33261701,998,1160,1141,1012,0,424
3107,33271701,997,1157,1141,1012,0,383
3108,33281701,995,1152,1142,1014,0,426
3109,33291701,991,1148,1143,1014,0,428
3110,33301701,989,1147,1152,1016,0,428
3111,33311701,989,1145,1143,1016,0,431
3112,33321701,990,1146,1151,1016,0,426
3113,33331701,989,1145,1142,1017,0,427
3114,33341701,987,1144,1075,993,0,415
3115,33351701,991,1146,1143,1016,0,426
3116,33361701,994,1152,1141,1017,0,428
3117,33371701,994,1146,1145,1017,0,426
3118,33381701,991,1146,1143,1025,0,428
3119,33391701,989,1146,1142,1021,0,427
3120,33401701,987,1144,1143,1017,0,429
3121,33411701,959,1054,1123,957,0,413
3122,33421701,986,1142,1143,1019,0,436
3123,33431701,986,1142,1145,1020,0,431
3124,33441701,985,1142,1141,1018,0,433
3125,33451701,985,1141,1144,1020,0,431
3126,33461701,985,1141,1142,1019,0,430
3127,33471701,985,1142,1142,1016,0,429
3128,33481701,950,1087,1059,1004,0,429
3129,33491701,985,1142,1143,1020,0,431
3130,33501701,987,1142,1141,1023,0,430
3131,33511701,985,1141,1142,1021,0,433
3132,33521701,984,1140,1141,1019,0,431
3133,33531701,985,1136,1141,1020,0,431
3134,33541701,984,1132,1143,1018,0,429
3135,33551701,986,1141,1142,1019,0,432
3136,33561701,984,1139,1141,1019,0,430
3137,33571701,984,1139,1141,1019,0,432
3138,33581701,987,1140,1135,1019,0,431
3139,33591701,982,1140,1138,1019,0,433
3140,33601701,981,1138,1137,1019,0,434
3141,33611701,982,1139,1139,1019,0,432
3142,33621701,981,1137,1139,1020,0,431
3143,33631701,982,1138,1136,1017,0,431
3144,33641701,982,1138,1137,1018,0,437
3145,33651701,983,1137,1137,1018,0,430
3146,33661701,985,1143,1137,1019,0,430
3147,33671701,987,1141,1134,1018,0,429
3148,33681701,984,1142,1137,1016,0,430
3149,33691701,990,1142,1134,1016,0,425
3150,33701701,982,1141,1135,1016,0,429
3151,33711701,992,1141,1135,1015,0,425
3152,33721701,994,1145,1132,1014,0,423
3153,33731701,998,1146,1133,1010,0,419
3154,33741701,997,1146,1132,1005,0,373
3155,33751701,999,1147,1132,1008,0,410
3156,33761701,998,1149,1131,1008,0,411
3157,33771701,1000,1153,1129,1004,0,409
3158,33781701,1003,1158,1129,1006,0,411
3159,33791701,1002,1163,1129,1006,0,411
3160,33801701,1004,1156,1129,1004,0,407
3161,33811701,978,1071,1110,942,0,413
3162,33821701,1004,1158,1129,1004,0,412
3163,33831701,1005,1161,1128,1000,0,411
3164,33841701,1007,1164,1129,1004,0,412
3165,33851701,1011,1166,1128,1003,0,411
3166,33861701,1012,1162,1129,1003,0,412
3167,33871701,1008,1166,1129,1003,0,412
3168,33881701,977,1111,1042,988,0,411
3169,33891701,1015,1169,1129,999,0,419
3170,33901701,1017,1170,1128,1002,0,411
3171,33911701,1019,1174,1128,1002,0,411
3172,33921701,1023,1176,1128,999,0,410
3173,33931701,1022,1173,1128,1001,0,411
3174,33941701,1028,1175,1128,999,0,407
3175,33951701,1030,1177,1127,1002,0,408
3176,33961701,1030,1175,1127,999,0,409
3177,33971701,1030,1175,1127,999,0,410
3178,33981701,1033,1176,1127,998,0,408
3179,33991701,1035,1175,1126,997,0,408
3180,34001701,1034,1173,1126,998,0,409
3181,34011701,1034,1176,1125,996,0,408
3182,34021701,1034,1175,1124,997,0,405
3183,34031701,1034,1180,1123,995,0,404
3184,34041701,1035,1177,1123,996,0,404
3185,34051701,1037,1178,1122,994,0,402
3186,34061701,1039,1178,1123,993,0,401
3187,34071701,1039,1177,1121,994,0,398
3188,34081701,1041,1177,1121,992,0,397
3189,34091701,1041,1181,1120,988,0,394
3190,34101701,1043,1182,1120,998,0,393
3191,34111701,1044,1182,1119,989,0,392
3192,34121701,1044,1184,1120,990,0,394
3193,34131701,1043,1183,1118,991,0,394
3194,34141701,1044,1183,1117,991,0,394
3195,34151701,1045,1184,1119,989,0,393
3196,34161701,1048,1177,1126,990,0,394
3197,34171701,1047,1181,1124,990,0,392
3198,34181701,1048,1182,1119,988,0,393
3199,34191701,1049,1187,1119,988,0,392
3200,34201701,1049,1187,1118,988,0,393
3201,34211701,1049,1188,1117,991,0,392
3202,34221701,1049,1190,1118,986,0,392
3203,34231701,1056,1189,1119,989,0,392
3204,34241701,1051,1189,1119,988,0,392
3205,34251701,1051,1190,1116,989,0,391
3206,34261701,1053,1191,1116,986,0,391
3207,34271701,1053,1190,1117,986,1,389
3208,34281701,1053,1190,1116,986,0,383
3209,34291701,1051,1191,1115,985,0,381
3210,34301701,1051,1192,1114,986,0,381
3211,34311701,1053,1192,1113,985,0,380
3212,34321701,1052,1191,1114,984,0,379
3213,34331701,1054,1192,1114,985,0,378
3214,34341701,1055,1193,1114,984,0,377
3215,34351701,1054,1194,1114,985,0,369
3216,34361701,1055,1193,1113,984,0,377
3217,34371701,1055,1193,1116,983,0,376
3218,34381701,1056,1194,1112,983,0,375
3219,34391701,1058,1194,1114,983,0,375
3220,34401701,1055,1194,1113,983,0,376
3221,34411701,1056,1193,1114,983,0,376
3222,34421701,1056,1193,1113,983,0,377
3223,34431701,1055,1192,1114,983,0,378
3224,34441701,1057,1191,1117,983,0,379
3225,34451701,1056,1193,1112,984,0,380
3226,34461701,1054,1193,1114,985,0,384
3227,34471701,1055,1192,1114,986,0,385
3228,34481701,1055,1192,1115,987,0,385
3229,34491701,1054,1191,1116,987,0,391
3230,34501701,1054,1192,1117,987,0,391
3231,34511701,1054,1195,1116,987,0,392
3232,34521701,1055,1192,1115,987,0,391
3233,34531701,1056,1194,1115,987,0,391
3234,34541701,1056,1192,1116,986,0,390
3235,34551701,1058,1193,1116,988,0,391
3236,34561701,1056,1193,1116,985,0,387
3237,34571701,1057,1193,1117,986,0,386
3238,34581701,1057,1194,1116,996,0,383
3239,34591701,1057,1195,1117,986,0,382
3240,34601701,1058,1194,1115,985,0,384
3241,34611701,1056,1195,1042,965,0,369
3242,34621701,1060,1196,1114,994,0,383
3243,34631701,1060,1195,1115,986,0,379
3244,34641701,1060,1195,1114,984,0,379
3245,34651701,1060,1196,1114,984,0,383
3246,34661701,1059,1197,1114,985,0,384
3247,34671701,1065,1196,1042,965,0,365
3248,34681701,1062,1196,1113,984,0,377
3249,34691701,1062,1197,1112,984,0,375
3250,34701701,1063,1198,1114,977,0,374
3251,34711701,1063,1200,1114,983,0,373
3252,34721701,1064,1201,1113,982,0,372
3253,34731701,1064,1202,1114,982,0,373
3254,34741701,1063,1203,1042,962,0,360
3255,34751701,1066,1205,1114,984,0,374
3256,34761701,1066,1205,1114,988,0,372
3257,34771701,1066,1206,1113,982,0,375
3258,34781701,1066,1202,1115,984,0,374
3259,34791701,1066,1206,1113,983,0,370
3260,34801701,1066,1205,1113,985,0,374
3261,34811701,1067,1205,1115,982,0,376
3262,34821701,1067,1207,1115,983,0,377
3263,34831701,1066,1204,1115,984,0,377
3264,34841701,1066,1204,1116,983,0,379
3265,34851701,1066,1203,1114,984,0,376
3266,34861701,1067,1205,1115,983,0,376
3267,34871701,1069,1207,1115,982,0,377
3268,34881701,1067,1206,1115,984,0,378
3269,34891701,1067,1197,1115,985,0,379
3270,34901701,1067,1203,1115,985,0,380
3271,34911701,1066,1204,1115,986,0,388
3272,34921701,1067,1204,1116,983,0,380
3273,34931701,1066,1203,1116,985,0,380
3274,34941701,1065,1199,1117,984,0,382
3275,34951701,1066,1204,1116,986,0,381
3276,34961701,1070,1205,1117,987,0,385
3277,34971701,1065,1203,1116,989,0,386
3278,34981701,1066,1199,1117,981,0,388
3279,34991701,1064,1200,1118,987,0,393
3280,35001701,1052,1122,1073,942,0,381
3281,35011701,1062,1199,1121,990,0,396
3282,35021701,1062,1198,1122,983,0,397
3283,35031701,1063,1195,1123,991,0,397
3284,35041701,1062,1198,1123,991,0,399
3285,35051701,1062,1198,1122,991,0,402
3286,35061701,1062,1196,1125,994,0,404
3287,35071701,1032,1110,1107,929,0,404
3288,35081701,1060,1198,1132,994,0,406
3289,35091701,1060,1196,1124,996,0,409
3290,35101701,1057,1196,1127,996,0,406
3291,35111701,1060,1195,1127,998,0,408
3292,35121701,1056,1193,1128,996,0,408
3293,35131701,1057,1194,1129,997,0,417
3294,35141701,1057,1194,1127,999,0,410
3295,35151701,1053,1195,1139,999,0,413
3296,35161701,1054,1193,1129,1000,0,409
3297,35171701,1052,1192,1131,1001,0,414
3298,35181701,1050,1191,1130,1002,0,421
3299,35191701,1051,1191,1130,1002,0,419
3300,35201701,1044,1186,1061,983,0,412
3301,35211701,1049,1185,1132,1004,0,422
3302,35221701,1041,1185,1130,1003,0,421
3303,35231701,1045,1184,1132,1003,0,420
3304,35241701,1047,1182,1134,1004,0,424
3305,35251701,1044,1182,1132,1007,0,423
3306,35261701,1046,1182,1132,1007,0,423
3307,35271701,1046,1182,1132,1005,0,424
3308,35281701,1046,1181,1133,1006,0,425
3309,35291701,1046,1181,1133,1007,0,431
3310,35301701,1045,1184,1131,1006,0,430
3311,35311701,1045,1183,1132,1006,0,424
3312,35321701,1046,1182,1134,1011,0,425
3313,35331701,1045,1181,1133,988,0,394
3314,35341701,1045,1183,1134,1009,0,427
3315,35351701,1045,1182,1134,1009,0,425
3316,35361701,1045,1182,1135,1009,0,424
3317,35371701,1045,1181,1133,1010,0,424
3318,35381701,1040,1181,1133,1011,0,423
3319,35391701,1041,1174,1136,1010,0,428
3320,35401701,1035,1177,1134,1013,0,428
3321,35411701,1037,1178,1135,1012,0,428
3322,35421701,1045,1182,1135,1012,0,429
3323,35431701,1046,1183,1135,1016,0,431
3324,35441701,1042,1180,1135,1011,0,432
3325,35451701,1040,1177,1134,1011,0,428
3326,35461701,1037,1177,1135,1005,0,430
3327,35471701,1038,1176,1136,1013,0,431
3328,35481701,1036,1177,1136,1011,0,432
3329,35491701,1039,1178,1136,1015,0,431
3330,35501701,1038,1178,1137,1015,0,427
3331,35511701,1040,1179,1137,1012,0,431
3332,35521701,1040,1179,1136,1014,0,430
3333,35531701,1041,1178,1135,1014,0,430
3334,35541701,1038,1179,1136,1013,0,431
3335,35551701,1036,1176,1136,1011,0,434
3336,35561701,1038,1177,1136,1013,0,434
3337,35571701,1039,1178,1136,1010,0,434
3338,35581701,1038,1178,1137,1014,0,432
3339,35591701,1035,1175,1136,1011,0,430
3340,35601701,1027,1099,1092,967,0,417
3341,35611701,1040,1178,1137,1012,0,429
3342,35621701,1042,1179,1135,1013,0,432
3343,35631701,1041,1178,1137,1013,0,431
3344,35641701,1042,1179,1137,1014,0,431
3345,35651701,1039,1178,1138,1011,0,431
3346,35661701,1041,1178,1137,1013,0,432
3347,35671701,1042,1179,1138,1016,0,431
3348,35681701,1049,1180,1138,1013,0,431
3349,35691701,1042,1179,1136,1004,0,431
3350,35701701,1041,1180,1138,1015,0,433
3351,35711701,1043,1180,1135,1013,0,433
3352,35721701,1045,1181,1136,1014,0,432
3353,35731701,974,1178,1137,1012,0,433
3354,35741701,1046,1182,1138,1011,0,431
3355,35751701,1046,1183,1138,1012,0,431
3356,35761701,1046,1183,1134,1012,0,432
3357,35771701,1045,1184,1142,1012,0,431
3358,35781701,1047,1186,1137,1012,0,430
3359,35791701,1049,1186,1134,1011,0,429
3360,35801701,1048,1189,1136,1012,0,429
3361,35811701,1049,1189,1136,1011,0,429
3362,35821701,1049,1189,1136,1011,0,428
3363,35831701,1049,1191,1135,1009,0,427
3364,35841701,1049,1191,1136,1011,0,427
3365,35851701,1051,1192,1136,1010,0,427
3366,35861701,1052,1192,1139,1008,0,427
3367,35871701,1051,1191,1135,1007,0,426
3368,35881701,1052,1191,1135,1007,0,426
3369,35891701,1051,1192,1136,1006,0,425
3370,35901701,1053,1194,1134,1006,0,424
3371,35911701,1053,1193,1126,1007,0,425
3372,35921701,1054,1194,1134,1006,0,424
3373,35931701,1055,1195,1134,1006,0,425
3374,35941701,1051,1193,1135,1005,0,424
3375,35951701,1053,1193,1135,1007,0,424
3376,35961701,1057,1193,1135,1006,0,423
3377,35971701,1058,1197,1134,1005,0,423
3378,35981701,1059,1195,1136,1004,0,422
3379,35991701,1057,1196,1134,1003,0,422
3380,36001701,1058,1198,1132,1005,0,429
3381,36011701,1058,1195,1132,1001,0,421
3382,36021701,1058,1196,1132,1001,0,417
3383,36031701,1057,1195,1133,1003,0,421
3384,36041701,1057,1195,1132,1003,0,420
3385,36051701,1059,1197,1132,1003,0,421
3386,36061701,1061,1198,1132,1002,0,418
3387,36071701,1062,1199,1133,1001,0,419
3388,36081701,1061,1200,1131,1001,0,416
3389,36091701,1061,1199,1131,1001,0,414
3390,36101701,1062,1200,1132,1001,0,413
3391,36111701,1062,1203,1131,999,0,413
3392,36121701,1062,1201,1131,999,0,418
3393,36131701,1009,1135,1105,1002,0,409
3394,36141701,1062,1203,1129,998,0,407
3395,36151701,1064,1206,1129,999,0,405
3396,36161701,1064,1207,1129,1000,0,404
3397,36171701,1065,1207,1130,996,0,404
3398,36181701,1065,1207,1129,998,0,402
3399,36191701,1037,1120,1107,934,0,401
3400,36201701,1066,1208,1127,997,0,401
3401,36211701,1067,1208,1127,996,0,398
3402,36221701,1067,1209,1127,992,0,400
3403,36231701,1068,1209,1127,993,0,390
3404,36241701,1068,1212,1126,992,0,393
3405,36251701,1069,1208,1126,992,0,394
3406,36261701,1070,1211,1126,991,0,384
3407,36271701,1072,1211,1126,989,0,396
3408,36281701,1072,1212,1125,991,0,390
3409,36291701,1072,1213,1126,991,0,390
3410,36301701,1072,1210,1126,992,0,390
3411,36311701,1074,1217,1126,991,0,387
3412,36321701,1073,1212,1126,991,0,390
3413,36331701,1074,1214,1126,993,0,391
3414,36341701,1074,1213,1125,987,0,390
3415,36351701,1074,1213,1126,991,0,390
3416,36361701,1075,1213,1126,990,0,390
3417,36371701,1074,1215,1118,989,0,391
3418,36381701,1074,1214,1126,991,0,393
3419,36391701,1074,1214,1126,991,0,394
3420,36401701,1075,1212,1127,993,0,393
3421,36411701,1075,1215,1128,993,0,394
3422,36421701,1075,1212,1126,990,0,394
3423,36431701,1074,1213,1127,990,0,392
3424,36441701,1073,1216,1126,994,0,394
3425,36451701,1075,1215,1126,993,0,393
3426,36461701,1073,1212,1128,986,0,391
3427,36471701,1075,1214,1128,993,0,393
3428,36481701,1075,1214,1127,992,0,393
3429,36491701,1075,1215,1126,992,0,393
3430,36501701,1072,1211,1126,994,0,393
3431,36511701,1073,1212,1127,992,0,392
3432,36521701,1075,1216,1128,991,0,390
3433,36531701,1076,1220,1126,993,0,391
3434,36541701,1077,1220,1126,992,0,394
3435,36551701,1076,1217,1126,992,0,387
3436,36561701,1075,1216,1124,991,0,388
3437,36571701,1070,1217,1126,990,0,388
3438,36581701,1076,1226,1126,993,0,387
3439,36591701,1063,1140,1080,946,0,368
3440,36601701,1076,1219,1127,991,0,383
3441,36611701,1076,1218,1126,993,0,385
3442,36621701,1077,1222,1127,991,0,382
3443,36631701,1079,1224,1126,992,0,385
3444,36641701,1079,1223,1126,990,0,389
3445,36651701,1071,1224,1126,989,0,347
3446,36661701,1078,1221,1126,992,0,384
3447,36671701,1078,1226,1128,990,0,384
3448,36681701,1086,1224,1127,991,0,387
3449,36691701,1080,1219,1126,990,0,386
3450,36701701,1082,1223,1126,991,0,389
3451,36711701,1072,1223,1126,990,0,382
3452,36721701,1027,1154,1099,990,0,382
3453,36731701,1080,1222,1126,990,0,383
3454,36741701,1078,1223,1128,989,0,381
3455,36751701,1079,1226,1126,988,0,381
3456,36761701,1079,1226,1126,988,0,381
3457,36771701,1081,1230,1128,989,0,383
3458,36781701,1081,1222,1126,980,0,345
3459,36791701,1079,1222,1124,990,0,382
3460,36801701,1079,1228,1127,989,0,386
3461,36811701,1078,1230,1124,989,0,383
3462,36821701,1082,1225,1125,989,0,386
3463,36831701,1079,1225,1127,989,0,386
3464,36841701,1081,1224,1127,989,0,385
3465,36851701,1079,1224,1128,989,0,385
3466,36861701,1080,1223,1125,989,0,385
3467,36871701,1079,1226,1126,989,0,384
3468,36881701,1079,1218,1126,990,0,386
3469,36891701,1079,1223,1129,990,0,388
3470,36901701,1079,1222,1126,990,0,388
3471,36911701,1079,1224,1126,990,0,390
3472,36921701,1080,1223,1126,991,0,388
3473,36931701,1079,1223,1127,993,0,391
3474,36941701,1079,1222,1127,991,0,391
3475,36951701,1079,1224,1129,991,0,392
3476,36961701,1078,1223,1129,991,0,392
3477,36971701,1027,1152,1102,993,0,392
3478,36981701,1078,1225,1129,993,0,393
3479,36991701,1077,1223,1128,992,0,394
3480,37001701,1077,1222,1128,992,0,393
3481,37011701,1076,1221,1130,994,0,394
3482,37021701,1077,1223,1127,994,0,395
3483,37031701,1077,1222,1128,994,0,396
3484,37041701,1076,1216,1127,995,0,397
3485,37051701,1070,1212,1128,995,0,396
3486,37061701,1074,1213,1127,996,0,397
3487,37071701,1072,1214,1130,995,0,397
3488,37081701,1076,1215,1130,996,0,398
3489,37091701,1076,1214,1130,996,0,400
3490,37101701,1072,1212,1129,996,0,401
3491,37111701,1073,1212,1130,996,0,400
3492,37121701,1073,1212,1130,997,0,402
3493,37131701,1071,1212,1131,997,0,403
3494,37141701,1070,1210,1130,997,0,403
3495,37151701,1068,1210,1131,998,0,404
3496,37161701,1070,1211,1131,995,0,363
3497,37171701,1070,1211,1132,998,0,406
3498,37181701,1069,1211,1132,999,0,406
3499,37191701,1070,1211,1132,998,0,407
3500,37201701,1069,1210,1133,999,0,406
3501,37211701,1071,1210,1133,999,0,408
3502,37221701,1070,1210,1132,999,0,408
3503,37231701,1068,1209,1133,1000,0,408
3504,37241701,1067,1208,1133,1000,0,409
3505,37251701,1067,1208,1133,1000,0,410
3506,37261701,1067,1208,1133,1000,0,411
3507,37271701,1067,1208,1133,1000,0,412
3508,37281701,1067,1207,1132,1000,0,412
3509,37291701,1068,1207,1133,1001,0,412
3510,37301701,1068,1208,1133,1001,0,413
3511,37311701,1067,1208,1133,1001,0,413
3512,37321701,1066,1207,1134,1001,0,414
3513,37331701,1065,1206,1133,1001,0,413
3514,37341701,1065,1204,1135,1002,0,414
3515,37351701,1064,1205,1134,1003,0,414
3516,37361701,1051,1126,1090,957,0,402
3517,37371701,1065,1204,1134,1003,0,417
3518,37381701,1064,1204,1134,1004,0,417
3519,37391701,1064,1203,1134,1003,0,417
3520,37401701,1063,1203,1134,1004,0,419
3521,37411701,1062,1201,1135,1005,0,419
3522,37421701,1061,1200,1135,1005,0,420
3523,37431701,1061,1197,1135,1006,0,421
3524,37441701,1059,1197,1134,1007,0,423
3525,37451701,1057,1196,1135,1007,0,423
3526,37461701,1056,1195,1136,1007,0,423
3527,37471701,1055,1196,1136,1008,0,424
3528,37481701,1054,1195,1136,1010,0,425
3529,37491701,1058,1196,1137,1011,0,424
3530,37501701,1054,1195,1136,1009,0,426
3531,37511701,1052,1194,1137,1011,0,425
3532,37521701,1052,1193,1138,1010,0,426
3533,37531701,1052,1194,1136,1012,0,428
3534,37541701,1051,1193,1138,1010,0,430
3535,37551701,996,1135,1074,979,0,428
3536,37561701,1049,1191,1139,1013,0,425
3537,37571701,1048,1190,1139,1013,0,429
3538,37581701,1048,1189,1137,1014,0,428
3539,37591701,1047,1189,1138,1013,0,428
3540,37601701,1047,1189,1138,1014,0,434
3541,37611701,1047,1188,1138,1013,0,432
3542,37621701,995,1120,1111,1014,0,431
3543,37631701,1047,1187,1139,1014,0,428
3544,37641701,1047,1188,1138,1014,0,426
3545,37651701,1044,1184,1138,1014,0,437
3546,37661701,1042,1182,1139,1014,0,440
3547,37671701,1044,1183,1138,1014,0,435
3548,37681701,1045,1184,1139,1011,0,392
3549,37691701,1046,1186,1138,1015,0,432
3550,37701701,1046,1184,1139,1014,0,442
3551,37711701,1043,1182,1139,1015,0,435
3552,37721701,1043,1181,1138,1015,0,434
3553,37731701,1043,1181,1138,1014,0,436
3554,37741701,1042,1180,1138,1014,0,437
3555,37751701,1042,1180,1145,1014,0,436
3556,37761701,1042,1181,1138,1014,0,431
3557,37771701,1043,1181,1139,1014,0,434
3558,37781701,1042,1182,1135,1014,0,437
3559,37791701,1042,1181,1139,1015,0,437
3560,37801701,1042,1181,1139,1014,0,435
3561,37811701,1011,1092,1119,951,0,434
3562,37821701,1043,1182,1136,1014,0,436
3563,37831701,1044,1182,1138,1015,0,434
3564,37841701,1043,1182,1142,1022,0,436
3565,37851701,1044,1182,1139,1016,0,437
3566,37861701,1044,1182,1140,1015,0,436
3567,37871701,1044,1183,1139,1014,0,437
3568,37881701,1045,1183,1136,1014,0,435
3569,37891701,1044,1183,1140,1015,0,437
3570,37901701,1044,1182,1140,1015,0,436
3571,37911701,1044,1186,1141,1013,0,436
3572,37921701,1045,1185,1146,1014,0,436
3573,37931701,1045,1186,1138,1014,0,434
3574,37941701,1046,1188,1140,1015,0,436
3575,37951701,1047,1188,1139,1016,0,436
3576,37961701,1048,1187,1140,1015,0,435
3577,37971701,1047,1188,1140,1014,0,436
3578,37981701,1047,1189,1139,1016,0,435
3579,37991701,1048,1189,1137,1012,0,435
3580,38001701,1048,1190,1140,1013,0,435
3581,38011701,1048,1189,1139,1015,0,435
3582,38021701,1048,1190,1138,1014,0,435
3583,38031701,1051,1190,1138,1016,0,436
3584,38041701,1045,1190,1139,1010,1,436
3585,38051701,1048,1189,1140,1017,0,434
3586,38061701,1049,1190,1142,1015,0,437
3587,38071701,1048,1191,1139,1013,0,433
3588,38081701,1048,1191,1138,1014,0,434
3589,38091701,1050,1190,1138,1010,0,432
3590,38101701,1051,1191,1135,1015,0,433
3591,38111701,1049,1191,1137,1015,0,432
3592,38121701,1048,1191,1137,1012,0,432
3593,38131701,1050,1192,1138,1013,0,432
3594,38141701,1051,1193,1137,1014,0,432
3595,38151701,1051,1193,1136,1011,0,432
3596,38161701,1054,1192,1139,1011,0,431
3597,38171701,1053,1192,1136,1012,0,431
3598,38181701,1048,1192,1137,1013,0,431
3599,38191701,1051,1194,1138,1012,0,432
3600,38201701,1051,1185,1138,1013,0,431
3601,38211701,1051,1194,1136,1011,0,430
3602,38221701,1049,1192,1135,1013,0,431
3603,38231701,1052,1200,1137,1012,0,431
3604,38241701,1050,1197,1135,1012,0,431
3605,38251701,1052,1196,1135,1010,0,390
3606,38261701,1049,1189,1135,1012,0,430
3607,38271701,1048,1189,1134,1010,0,434
3608,38281701,1050,1190,1134,1010,0,432
3609,38291701,1049,1190,1136,1010,0,430
3610,38301701,1050,1190,1134,1010,0,431
3611,38311701,1051,1189,1131,1007,0,431
3612,38321701,1050,1200,1135,1009,0,430
3613,38331701,1051,1186,1135,1007,0,430
3614,38341701,1049,1194,1135,1006,0,431
3615,38351701,1049,1190,1134,1006,0,430
3616,38361701,1050,1192,1135,1006,0,431
3617,38371701,1051,1184,1132,1006,0,430
3618,38381701,1051,1193,1136,1005,0,429
3619,38391701,1049,1193,1136,1006,0,429
3620,38401701,1052,1193,1134,1005,0,429
3621,38411701,1053,1195,1134,1005,0,429
3622,38421701,1053,1194,1133,1005,0,428
3623,38431701,1054,1200,1132,1004,0,428
3624,38441701,1054,1197,1134,1004,0,428
3625,38451701,1054,1195,1132,1004,0,426
3626,38461701,1054,1197,1131,1005,0,425
3627,38471701,1050,1195,1134,1003,0,424
3628,38481701,1056,1194,1131,1003,0,424
3629,38491701,1057,1196,1132,1002,0,424
3630,38501701,1058,1195,1131,1002,0,423
3631,38511701,1059,1196,1130,1003,0,423
3632,38521701,1059,1198,1131,1002,0,422
3633,38531701,1060,1198,1130,1002,0,421
3634,38541701,1061,1200,1129,1001,0,420
3635,38551701,1060,1197,1132,1001,0,419
3636,38561701,1063,1200,1130,1001,0,420
3637,38571701,1062,1199,1130,1001,0,420
3638,38581701,1061,1195,1128,980,0,391
3639,38591701,1062,1198,1130,1001,0,420
3640,38601701,1063,1198,1130,1000,0,420
3641,38611701,1063,1200,1130,1000,0,419
3642,38621701,1063,1200,1130,1001,0,418
3643,38631701,1064,1199,1130,1001,0,416
3644,38641701,1064,1201,1130,1000,0,416
3645,38651701,1064,1200,1130,1000,0,417
3646,38661701,1064,1201,1130,1000,0,415
3647,38671701,1064,1201,1130,1000,0,415
3648,38681701,1064,1202,1129,1000,0,416
3649,38691701,1064,1200,1129,999,0,416
3650,38701701,1065,1200,1129,999,0,414
3651,38711701,1063,1203,1129,999,0,414
3652,38721701,1065,1202,1128,999,0,415
3653,38731701,1066,1201,1129,999,0,416
3654,38741701,1065,1203,1129,1000,0,416
3655,38751701,1065,1202,1128,999,0,415
3656,38761701,1065,1202,1129,999,0,415
3657,38771701,1065,1201,1128,999,0,414
3658,38781701,1065,1201,1129,1000,0,415
3659,38791701,1065,1201,1128,999,0,414
3660,38801701,1065,1202,1127,999,0,414
3661,38811701,1066,1201,1128,999,0,415
3662,38821701,1063,1202,1128,999,0,414
3663,38831701,1063,1202,1128,999,0,414
3664,38841701,1065,1202,1128,999,0,414
3665,38851701,1066,1204,1128,999,0,415
3666,38861701,1067,1203,1128,999,0,415
3667,38871701,1064,1202,1128,999,0,414
3668,38881701,1066,1203,1128,998,0,415
3669,38891701,1065,1204,1127,998,0,414
3670,38901701,1066,1205,1127,998,0,414
3671,38911701,1067,1205,1127,998,0,413
3672,38921701,1066,1205,1128,999,0,414
3673,38931701,1066,1205,1128,998,0,415
3674,38941701,1067,1205,1127,999,0,415
3675,38951701,1066,1205,1127,999,0,415
3676,38961701,1066,1205,1127,999,0,415
3677,38971701,1066,1205,1127,999,0,415
3678,38981701,1068,1206,1128,999,0,414
3679,38991701,1067,1205,1128,998,0,415
3680,39001701,1067,1206,1128,998,0,414
3681,39011701,1066,1205,1127,998,0,414
3682,39021701,1066,1205,1127,998,0,413
3683,39031701,1066,1205,1128,998,0,409
3684,39041701,1066,1205,1128,998,0,413
3685,39051701,1066,1205,1128,998,0,419
3686,39061701,1067,1206,1128,999,0,409
3687,39071701,1067,1206,1127,998,0,419
3688,39081701,1067,1206,1128,998,0,413
3689,39091701,1068,1206,1128,998,0,421
3690,39101701,1068,1206,1127,998,0,412
3691,39111701,1067,1206,1128,999,0,408
3692,39121701,1067,1206,1128,999,0,406
3693,39131701,1068,1206,1128,999,0,412
3694,39141701,1068,1206,1128,998,0,414
3695,39151701,1067,1205,1128,998,0,410
3696,39161701,1068,1205,1129,999,0,413
3697,39171701,1068,1206,1128,999,0,408
3698,39181701,1068,1206,1128,999,0,412
3699,39191701,1068,1206,1128,1000,0,412
3700,39201701,1068,1206,1128,999,0,412
3701,39211701,1068,1206,1128,999,0,418
3702,39221701,1069,1208,1128,998,0,411
3703,39231701,1069,1208,1128,999,0,419
3704,39241701,1069,1208,1127,998,0,410
3705,39251701,1069,1206,1127,979,0,383
3706,39261701,1069,1208,1128,998,0,409
3707,39271701,1069,1208,1128,999,0,417
3708,39281701,1070,1208,1128,999,0,407
3709,39291701,1069,1208,1128,999,0,413
3710,39301701,1070,1208,1127,999,0,410
3711,39311701,1070,1208,1128,998,0,414
3712,39321701,1070,1209,1128,998,0,413
3713,39331701,1070,1209,1128,999,0,408
3714,39341701,1071,1209,1127,997,0,408
3715,39351701,1070,1208,1127,998,0,410
3716,39361701,1070,1208,1127,998,0,407
3717,39371701,1070,1208,1127,996,0,407
3718,39381701,1070,1206,1126,978,0,380
3719,39391701,1070,1209,1126,995,0,406
3720,39401701,1070,1209,1118,995,0,406
3721,39411701,1070,1209,1118,998,0,405
3722,39421701,1070,1209,1123,996,0,406
3723,39431701,1070,1209,1127,996,0,406
3724,39441701,1070,1209,1126,996,0,405
3725,39451701,999,1204,1127,996,0,406
3726,39461701,1071,1210,1124,995,0,406
3727,39471701,1070,1210,1125,996,0,406
3728,39481701,1071,1211,1127,997,0,406
3729,39491701,1070,1211,1126,995,0,406
3730,39501701,1071,1210,1127,998,0,408
3731,39511701,1071,1210,1126,997,0,407
3732,39521701,1071,1210,1125,997,0,408
3733,39531701,1072,1209,1127,998,0,407
3734,39541701,1071,1210,1126,995,0,407
3735,39551701,1071,1209,1127,998,0,408
3736,39561701,1070,1209,1127,994,1,408
3737,39571701,1070,1210,1127,989,0,408
3738,39581701,1070,1209,1127,991,0,407
3739,39591701,1070,1209,1127,996,0,407
3740,39601701,1069,1209,1128,996,0,408
3741,39611701,1071,1209,1128,992,0,408
3742,39621701,1078,1209,1129,994,0,409
3743,39631701,1079,1209,1128,996,0,409
3744,39641701,1069,1208,1128,997,2,409
3745,39651701,1071,1211,1127,1001,2,409
3746,39661701,1070,1208,1128,996,0,410
3747,39671701,1070,1210,1128,997,0,410
3748,39681701,1064,1209,1128,998,0,411
3749,39691701,1069,1210,1129,1000,0,411
3750,39701701,1069,1208,1129,999,0,412
3751,39711701,996,1202,1130,1003,0,413
3752,39721701,1070,1206,1129,999,0,414
3753,39731701,1068,1206,1129,999,0,415
3754,39741701,1067,1208,1129,1001,0,415
3755,39751701,1065,1206,1130,999,0,417
3756,39761701,1066,1206,1129,999,0,418
3757,39771701,1067,1206,1130,1006,0,418
3758,39781701,1068,1203,1130,1000,0,418
3759,39791701,1067,1210,1130,1000,0,419
3760,39801701,1066,1204,1132,1000,0,420
3761,39811701,1066,1205,1131,1001,0,420
3762,39821701,1067,1204,1132,1001,0,421
3763,39831701,1068,1201,1134,1000,0,420
3764,39841701,1067,1208,1136,1001,0,421
3765,39851701,1068,1204,1134,1001,0,422
3766,39861701,1068,1194,1131,1001,0,421
3767,39871701,1067,1206,1130,1002,0,422
3768,39881701,1068,1197,1131,1002,0,424
3769,39891701,1069,1205,1132,1002,0,424
3770,39901701,1066,1205,1133,1003,0,424
3771,39911701,995,1199,1138,1004,0,426
3772,39921701,1065,1196,1134,1003,0,425
3773,39931701,1066,1204,1136,1002,0,425
3774,39941701,1066,1205,1132,1004,0,425
3775,39951701,1066,1203,1134,1004,0,426
3776,39961701,1066,1202,1138,1004,0,427
3777,39971701,1014,1135,1104,1006,0,427
3778,39981701,1066,1206,1134,1004,0,427
3779,39991701,1066,1203,1133,1004,0,427
3780,40001701,1065,1204,1134,1004,0,426
3781,40011701,1066,1205,1134,1003,0,427
3782,40021701,1066,1202,1134,1004,0,426
3783,40031701,1066,1210,1133,1003,0,426
3784,40041701,1067,1205,1135,1004,0,425
3785,40051701,1067,1204,1136,1003,0,426
3786,40061701,1066,1206,1132,1004,0,426
3787,40071701,1066,1206,1132,1004,0,425
3788,40081701,1066,1205,1133,1004,0,425
3789,40091701,1066,1206,1133,1003,0,425
3790,40101701,1066,1206,1134,1004,0,425
3791,40111701,1067,1205,1134,1003,0,425
3792,40121701,1068,1206,1132,1003,0,425
3793,40131701,1064,1204,1131,1004,0,426
3794,40141701,1066,1204,1132,1003,0,425
3795,40151701,1066,1204,1136,1003,0,425
3796,40161701,1066,1204,1133,1004,0,426
3797,40171701,1067,1205,1134,1003,0,426
3798,40181701,1067,1205,1133,1004,0,426
3799,40191701,1066,1206,1133,1003,0,425
3800,40201701,1066,1205,1132,1003,0,426
3801,40211701,1066,1207,1132,1003,0,424
3802,40221701,1064,1205,1063,983,0,411
3803,40231701,1068,1206,1132,1003,0,424
3804,40241701,1068,1207,1131,1003,0,423
3805,40251701,1070,1206,1132,1003,0,424
3806,40261701,1064,1207,1132,1002,0,424
3807,40271701,1070,1206,1132,1003,0,423
3808,40281701,1068,1207,1132,1002,0,422
3809,40291701,1066,1207,1131,1002,0,423
3810,40301701,1068,1207,1130,1002,0,422
3811,40311701,1069,1207,1131,1001,0,420
3812,40321701,1068,1208,1130,1001,0,419
3813,40331701,1068,1209,1130,1000,0,419
3814,40341701,1070,1209,1130,1001,0,418
3815,40351701,1071,1210,1130,1001,0,419
3816,40361701,1070,1210,1130,1000,0,418
3817,40371701,1070,1211,1130,1001,0,416
3818,40381701,1071,1211,1130,1001,0,418
3819,40391701,1071,1212,1130,1001,0,419
3820,40401701,1072,1211,1131,1001,0,418
3821,40411701,1070,1211,1130,997,0,377
3822,40421701,1071,1211,1131,1001,0,418
3823,40431701,1071,1211,1131,1000,0,419
3824,40441701,1072,1211,1131,1001,0,420
3825,40451701,1072,1211,1131,1001,0,421
3826,40461701,1071,1211,1131,1001,0,421
3827,40471701,1071,1211,1131,1000,0,421
3828,40481701,1059,1134,1086,956,0,408
3829,40491701,1072,1212,1132,1002,0,421
3830,40501701,1072,1211,1131,1001,0,421
3831,40511701,1071,1212,1132,1001,0,421
3832,40521701,1070,1211,1132,1001,0,421
3833,40531701,1072,1211,1132,1001,0,422
3834,40541701,1072,1211,1132,1001,0,423
3835,40551701,1057,1134,1088,955,0,417
3836,40561701,1071,1211,1132,1001,0,424
3837,40571701,1070,1211,1131,1001,0,422
3838,40581701,1070,1211,1131,1002,0,422
3839,40591701,1071,1211,1132,1002,0,421
3840,40601701,1072,1212,1132,1001,0,422
3841,40611701,1072,1212,1131,1001,0,422
3842,40621701,1021,1145,1105,1002,0,422
3843,40631701,1072,1212,1131,1001,0,419
3844,40641701,1073,1211,1131,1001,0,419
3845,40651701,1074,1213,1130,1000,0,418
3846,40661701,1074,1212,1130,1000,0,419
3847,40671701,1074,1213,1130,1000,0,416
3848,40681701,1075,1213,1129,999,0,414
3849,40691701,1074,1213,1130,999,0,412
3850,40701701,1074,1213,1129,999,0,414
3851,40711701,1075,1213,1130,999,0,418
3852,40721701,1074,1213,1129,998,0,412
3853,40731701,1075,1213,1129,999,0,413
3854,40741701,1075,1214,1129,999,0,404
3855,40751701,1024,1147,1102,999,0,410
3856,40761701,1076,1215,1129,997,0,408
3857,40771701,1076,1214,1128,997,0,410
3858,40781701,1077,1213,1128,997,0,410
3859,40791701,1077,1214,1128,997,0,410
3860,40801701,1077,1215,1129,997,0,407
3861,40811701,1064,1140,1081,951,0,396
3862,40821701,1078,1216,1128,996,0,411
3863,40831701,1078,1217,1126,997,0,410
3864,40841701,1077,1217,1120,997,0,410
3865,40851701,1078,1220,1127,996,0,408
3866,40861701,1078,1218,1127,996,0,408
3867,40871701,1078,1221,1129,996,0,408
3868,40881701,1079,1222,1128,993,0,410
3869,40891701,1077,1221,1128,991,0,407
3870,40901701,1077,1220,1129,998,0,410
3871,40911701,1078,1219,1128,996,0,409
3872,40921701,1078,1222,1129,994,0,410
3873,40931701,1079,1221,1127,997,0,408
3874,40941701,1078,1220,1129,999,0,408
3875,40951701,1080,1222,1131,1005,0,409
3876,40961701,1079,1220,1125,999,0,408
3877,40971701,1078,1220,1130,996,0,409
3878,40981701,1078,1220,1129,995,0,410
3879,40991701,1078,1220,1129,998,0,402
3880,41001701,1078,1221,1125,1001,0,409
3881,41011701,1078,1221,1126,998,0,409
3882,41021701,1078,1219,1128,1006,0,410
3883,41031701,1079,1220,1128,996,0,408
3884,41041701,1078,1219,1129,996,0,410
3885,41051701,1078,1219,1131,999,0,412
3886,41061701,1078,1219,1128,998,0,409
3887,41071701,1078,1220,1129,997,0,410
3888,41081701,1078,1221,1131,993,0,410
3889,41091701,1078,1219,1129,997,0,410
3890,41101701,1079,1219,1129,998,0,411
3891,41111701,1078,1219,1128,999,0,410
3892,41121701,1077,1220,1129,999,0,408
3893,41131701,1079,1219,1130,997,0,410
3894,41141701,1078,1221,1131,999,0,410
3895,41151701,1076,1222,1127,998,0,409
3896,41161701,1077,1221,1129,989,0,409
3897,41171701,1068,1220,1129,999,0,409
3898,41181701,1079,1220,1129,998,2,408
3899,41191701,1078,1218,1129,1000,2,409
3900,41201701,1074,1217,1129,996,0,411
3901,41211701,1077,1219,1129,999,0,407
3902,41221701,1078,1218,1128,998,0,408
3903,41231701,1074,1219,1129,998,0,408
3904,41241701,1073,1221,1129,999,0,409
3905,41251701,1075,1220,1129,998,0,409
3906,41261701,1081,1222,1129,999,0,409
3907,41271701,1083,1222,1129,1003,0,409
3908,41281701,1078,1218,1128,978,0,384
3909,41291701,1077,1222,1129,1000,0,410
3910,41301701,1077,1219,1129,996,0,410
3911,41311701,1080,1220,1128,1001,0,410
3912,41321701,1076,1216,1129,998,0,410
3913,41331701,1077,1225,1129,999,0,410
3914,41341701,1077,1217,1129,999,0,411
3915,41351701,1080,1216,1129,1003,0,409
3916,41361701,1074,1216,1129,998,0,409
3917,41371701,1078,1212,1128,1000,0,408
3918,41381701,1078,1219,1129,999,0,409
3919,41391701,1077,1224,1129,998,0,410
3920,41401701,1077,1220,1131,999,0,409
3921,41411701,1075,1222,1129,1000,0,410
3922,41421701,1076,1222,1131,1000,0,410
3923,41431701,1074,1227,1131,1000,0,411
3924,41441701,1076,1217,1133,999,0,412
3925,41451701,1078,1212,1129,1001,0,412
3926,41461701,1076,1226,1132,1000,0,412
3927,41471701,1003,1215,1129,1000,0,412
3928,41481701,1076,1221,1131,1000,0,413
3929,41491701,1076,1218,1133,1000,0,414
3930,41501701,1074,1217,1132,1000,0,414
3931,41511701,1072,1214,1133,1000,0,414
3932,41521701,1076,1213,1132,1000,0,415
3933,41531701,1076,1218,1131,1001,0,415
3934,41541701,1076,1215,1131,1001,0,416
3935,41551701,1075,1213,1131,1001,0,417
3936,41561701,1075,1216,1131,1000,0,418
3937,41571701,1076,1214,1133,1001,0,419
3938,41581701,1075,1213,1134,1001,0,416
3939,41591701,1075,1218,1134,1001,0,417
3940,41601701,1076,1213,1135,1001,0,417
3941,41611701,1075,1213,1132,1000,0,418
3942,41621701,1075,1213,1132,1001,0,419
3943,41631701,1072,1213,1133,1001,0,420
3944,41641701,1074,1213,1133,1002,0,420
3945,41651701,1075,1212,1135,1001,0,420
3946,41661701,1076,1209,1132,976,0,392
3947,41671701,1074,1215,1134,1001,0,420
3948,41681701,1073,1214,1134,1002,0,420
3949,41691701,1074,1213,1133,1001,0,420
3950,41701701,1075,1213,1133,1002,0,420
3951,41711701,1075,1214,1133,1001,0,421
3952,41721701,1074,1213,1134,1002,0,420
3953,41731701,1076,1214,1134,1002,0,421
3954,41741701,1074,1214,1134,1001,0,421
3955,41751701,1073,1212,1133,1001,0,420
3956,41761701,1070,1214,1134,1001,0,421
3957,41771701,1074,1212,1133,1001,0,421
3958,41781701,1074,1212,1134,1002,0,421
3959,41791701,1074,1210,1134,982,0,392
3960,41801701,1073,1213,1133,1002,0,421
3961,41811701,1074,1213,1133,1001,0,421
3962,41821701,1072,1212,1133,1001,0,421
3963,41831701,1073,1212,1133,1001,0,421
3964,41841701,1072,1211,1134,1002,0,422
3965,41851701,1072,1212,1133,1002,0,421
3966,41861701,1075,1212,1134,1002,0,422
3967,41871701,1074,1212,1134,1002,0,423
3968,41881701,1073,1212,1133,1002,0,423
3969,41891701,1073,1211,1134,1002,0,421
3970,41901701,1072,1211,1134,1002,0,423
3971,41911701,1072,1211,1134,1002,0,422
3972,41921701,1075,1212,1134,1002,0,423
3973,41931701,1074,1212,1134,1002,0,423
3974,41941701,1071,1212,1134,1003,0,423
3975,41951701,1072,1212,1134,1004,0,424
3976,41961701,1073,1212,1134,1002,0,424
3977,41971701,1072,1211,1135,1002,0,424
3978,41981701,1072,1212,1134,1002,0,424
3979,41991701,1073,1212,1134,1003,0,424
3980,42001701,1072,1211,1134,1002,0,424
3981,42011701,1072,1212,1135,1003,0,424
3982,42021701,1072,1212,1135,1003,0,424
3983,42031701,1071,1211,1135,1003,0,424
3984,42041701,1070,1211,1134,1003,0,423
3985,42051701,1072,1212,1135,1003,0,424
3986,42061701,1071,1211,1134,1002,0,424
3987,42071701,1071,1212,1134,1003,0,424
3988,42081701,1071,1211,1134,1003,0,423
3989,42091701,1072,1213,1134,1003,0,423
3990,42101701,1072,1212,1135,1003,0,423
3991,42111701,1072,1212,1134,1003,0,424
3992,42121701,1072,1212,1135,1004,0,424
3993,42131701,1073,1212,1135,1003,0,424
3994,42141701,1072,1211,1134,1003,0,426
3995,42151701,1071,1212,1134,1003,0,425
3996,42161701,1072,1212,1135,1003,0,426
3997,42171701,1072,1211,1134,1003,0,421
3998,42181701,1072,1212,1135,1003,0,423
3999,42191701,1073,1212,1134,1003,0,421
4000,42201701,1071,1211,1134,1004,0,426
4001,42211701,1072,1212,1133,1002,0,421
4002,42221701,1072,1211,1133,1003,0,416
4003,42231701,1071,1211,1133,1003,0,424
4004,42241701,1070,1211,1133,1003,0,422
4005,42251701,1070,1211,1133,1003,0,417
4006,42261701,1071,1211,1133,1003,0,424
4007,42271701,1072,1211,1134,1003,0,422
4008,42281701,1072,1212,1134,1003,0,423
4009,42291701,1071,1212,1133,1003,0,423
4010,42301701,1071,1212,1133,1003,0,425
4011,42311701,1021,1145,1108,1004,0,430
4012,42321701,1071,1212,1134,1003,0,424
4013,42331701,1072,1211,1134,1003,0,423
4014,42341701,1070,1211,1134,1003,0,422
4015,42351701,1071,1211,1134,1003,0,420
4016,42361701,1071,1212,1134,1003,0,425
4017,42371701,1072,1211,1134,1003,0,424
4018,42381701,1020,1144,1108,1004,0,421
4019,42391701,1071,1211,1134,1003,0,423
4020,42401701,1071,1212,1134,1003,0,424
4021,42411701,1071,1211,1133,1004,0,424
4022,42421701,1070,1211,1134,1003,0,423
4023,42431701,1070,1211,1134,1001,0,424
4024,42441701,1070,1210,1134,1003,0,424
4025,42451701,1071,1211,1134,1004,0,425
4026,42461701,1070,1211,1132,1003,0,424
4027,42471701,1070,1211,1133,1003,0,424
4028,42481701,1071,1210,1132,1004,0,424
4029,42491701,1070,1211,1133,1002,0,423
4030,42501701,1071,1211,1132,1001,0,424
4031,42511701,1071,1212,1133,1003,0,424
4032,42521701,1072,1212,1133,1002,0,424
4033,42531701,1071,1212,1131,1002,0,424
4034,42541701,1071,1212,1132,1002,0,424
4035,42551701,1071,1212,1133,1005,0,423
4036,42561701,1070,1212,1132,1002,0,424
4037,42571701,1071,1211,1132,999,0,424
4038,42581701,1070,1211,1132,1000,0,424
4039,42591701,1071,1211,1132,1001,0,424
4040,42601701,1071,1212,1133,1003,0,424
4041,42611701,1071,1211,1131,1002,3,424
4042,42621701,1070,1211,1132,1003,0,425
4043,42631701,1071,1211,1132,1003,0,424
4044,42641701,1072,1211,1132,1002,0,424
4045,42651701,1072,1212,1133,1002,0,424
4046,42661701,1070,1211,1132,1002,0,427
4047,42671701,1070,1210,1132,1002,0,423
4048,42681701,1072,1210,1131,1002,0,424
4049,42691701,1071,1210,1132,1002,2,424
4050,42701701,1073,1212,1133,1004,0,423
4051,42711701,1066,1210,1132,1002,0,425
4052,42721701,1070,1210,1132,1003,0,424
4053,42731701,1071,1210,1132,1001,0,425
4054,42741701,1073,1210,1132,1001,0,425
4055,42751701,1071,1210,1132,1003,3,423
4056,42761701,1073,1210,1132,1002,0,424
4057,42771701,1074,1211,1133,1002,0,424
4058,42781701,1067,1211,1132,1003,0,425
4059,42791701,1070,1208,1133,1003,0,424
4060,42801701,1070,1210,1132,1004,0,425
4061,42811701,1070,1218,1131,997,0,423
4062,42821701,1068,1209,1132,1004,0,425
4063,42831701,1069,1207,1132,1003,0,426
4064,42841701,1073,1201,1132,1006,0,424
4065,42851701,1071,1207,1132,999,0,383
4066,42861701,1069,1206,1132,1005,0,424
4067,42871701,1071,1207,1132,1003,0,425
4068,42881701,1072,1200,1134,1003,0,425
4069,42891701,1070,1207,1128,1002,0,425
4070,42901701,1070,1209,1134,1002,0,424
4071,42911701,1071,1209,1132,1003,0,424
4072,42921701,1068,1207,1061,978,0,411
4073,42931701,1073,1207,1131,1003,0,423
4074,42941701,1071,1205,1140,1002,0,423
4075,42951701,1072,1209,1132,1002,0,422
4076,42961701,1073,1210,1132,1000,0,423
4077,42971701,1072,1210,1132,1002,0,421
4078,42981701,1070,1212,1138,1001,0,421
4079,42991701,1072,1208,1127,1001,0,421
4080,43001701,1073,1210,1123,1002,0,421
4081,43011701,1071,1207,1132,1001,0,420
4082,43021701,1074,1213,1137,1001,0,418
4083,43031701,1073,1209,1132,1002,0,418
4084,43041701,1073,1213,1134,1001,0,416
4085,43051701,1073,1213,1130,1000,0,414
4086,43061701,1072,1210,1129,1001,0,414
4087,43071701,1073,1214,1130,1000,0,413
4088,43081701,1073,1215,1127,1000,0,413
4089,43091701,1074,1213,1126,1000,0,413
4090,43101701,1073,1208,1128,1000,0,411
4091,43111701,1075,1215,1131,1001,0,412
4092,43121701,1075,1213,1129,999,0,411
4093,43131701,1075,1214,1127,1000,0,412
4094,43141701,1074,1215,1127,999,0,412
4095,43151701,1073,1215,1127,999,0,411
4096,43161701,1074,1214,1127,999,0,410
4097,43171701,1071,1215,1054,978,0,397
4098,43181701,1074,1213,1128,998,0,410
4099,43191701,1074,1212,1124,999,0,410
4100,43201701,1075,1213,1128,998,0,409
4101,43211701,1067,1214,1126,998,0,410
4102,43221701,1076,1214,1126,998,0,409
4103,43231701,1075,1213,1127,998,0,409
4104,43241701,1059,1135,1081,954,0,395
4105,43251701,1071,1214,1128,998,0,410
4106,43261701,1075,1213,1128,999,0,410
4107,43271701,1075,1213,1128,999,0,410
4108,43281701,1074,1213,1128,998,0,410
4109,43291701,1074,1213,1127,998,0,412
4110,43301701,1072,1213,1128,999,0,411
4111,43311701,1075,1213,1129,999,0,411
4112,43321701,1075,1213,1129,1000,0,412
4113,43331701,1075,1214,1129,1000,0,413
4114,43341701,1076,1213,1128,1000,0,413
4115,43351701,1074,1215,1129,1000,0,413
4116,43361701,1073,1213,1129,1000,0,413
4117,43371701,1075,1211,1129,982,0,393
4118,43381701,1075,1213,1129,1000,0,413
4119,43391701,1073,1213,1128,1000,0,413
4120,43401701,1072,1212,1129,1000,0,414
4121,43411701,1075,1212,1128,1001,0,414
4122,43421701,1074,1212,1129,1000,0,414
4123,43431701,1073,1212,1129,1001,0,414
4124,43441701,1074,1209,1126,981,0,387
4125,43451701,1073,1211,1129,1000,0,414
4126,43461701,1072,1211,1129,1000,0,414
4127,43471701,1073,1211,1128,1000,0,415
4128,43481701,1073,1211,1129,1000,0,415
4129,43491701,1073,1211,1128,1000,0,415
4130,43501701,1073,1211,1129,1000,0,415
4131,43511701,1072,1211,1128,1001,0,415
4132,43521701,1071,1209,1128,1000,0,416
4133,43531701,1071,1208,1129,1001,0,418
4134,43541701,1070,1208,1129,1000,0,417
4135,43551701,1070,1208,1129,1002,0,416
4136,43561701,1070,1209,1129,1001,0,419
4137,43571701,1071,1209,1129,1001,0,417
4138,43581701,1071,1209,1129,1001,0,417
4139,43591701,1071,1209,1129,1001,0,418
4140,43601701,1071,1208,1129,1002,0,418
4141,43611701,1071,1209,1129,1001,0,418
4142,43621701,1071,1209,1129,1001,0,418
4143,43631701,1073,1210,1129,1001,0,416
4144,43641701,1071,1208,1129,1001,0,418
4145,43651701,1071,1209,1129,1001,0,416
4146,43661701,1071,1209,1128,1000,0,417
4147,43671701,1073,1209,1129,1001,0,413
4148,43681701,1070,1208,1128,1001,0,418
4149,43691701,1044,1121,1110,939,0,418
4150,43701701,1071,1209,1128,1001,0,418
4151,43711701,1071,1209,1128,1001,0,428
4152,43721701,1071,1209,1128,1000,0,406
4153,43731701,1071,1210,1128,1001,0,420
4154,43741701,1071,1210,1129,1001,0,416
4155,43751701,1070,1210,1129,1000,0,418
4156,43761701,1072,1210,1129,1000,0,414
4157,43771701,1071,1210,1129,1000,0,417
4158,43781701,1072,1210,1128,1000,0,419
4159,43791701,1072,1210,1129,1000,0,412
4160,43801701,1071,1210,1128,1000,0,410
4161,43811701,1071,1210,1129,1000,0,410
4162,43821701,1072,1208,1128,981,0,388
4163,43831701,1071,1211,1130,1001,0,416
4164,43841701,1073,1211,1129,1000,0,416
4165,43851701,1074,1211,1129,1000,0,414
4166,43861701,1073,1211,1129,1001,0,418
4167,43871701,1071,1211,1129,1000,0,416
4168,43881701,1073,1211,1129,1001,0,418
4169,43891701,1059,1134,1076,955,0,405
4170,43901701,1073,1212,1129,1000,0,418
4171,43911701,1072,1211,1129,1000,0,419
4172,43921701,1073,1211,1129,1001,0,420
4173,43931701,1072,1211,1128,1001,0,420
4174,43941701,1072,1211,1130,1001,0,419
4175,43951701,1072,1211,1129,1001,0,419
4176,43961701,1074,1212,1129,1001,0,417
4177,43971701,1072,1212,1130,1003,0,419
4178,43981701,1072,1212,1129,1002,0,420
4179,43991701,1071,1211,1129,1000,0,418
4180,44001701,1073,1211,1129,999,0,420
4181,44011701,1072,1211,1129,998,0,419
4182,44021701,1071,1212,1135,1001,0,418
4183,44031701,1073,1212,1131,999,0,420
4184,44041701,1071,1212,1130,999,0,419
4185,44051701,1073,1213,1130,997,0,419
4186,44061701,1073,1212,1129,995,0,419
4187,44071701,1072,1212,1129,1010,0,422
4188,44081701,1073,1212,1130,1001,0,419
4189,44091701,1074,1213,1131,1002,0,420
4190,44101701,1073,1212,1129,1009,0,420
4191,44111701,1074,1213,1130,1001,0,421
4192,44121701,1074,1213,1130,1000,2,421
4193,44131701,1073,1212,1130,1001,0,422
4194,44141701,1074,1209,1130,982,0,394
4195,44151701,1074,1212,1131,1002,0,422
4196,44161701,1071,1212,1130,999,0,423
4197,44171701,1073,1212,1131,999,0,423
4198,44181701,1073,1213,1130,1004,0,423
4199,44191701,1073,1211,1131,1003,0,423
4200,44201701,1073,1211,1131,1000,0,428
4201,44211701,1071,1211,1132,1002,0,426
4202,44221701,1071,1211,1131,1001,0,424
4203,44231701,1071,1210,1130,1001,0,422
4204,44241701,1071,1210,1133,1002,0,423
4205,44251701,1071,1211,1131,1001,0,424
4206,44261701,1072,1206,1131,1004,2,424
4207,44271701,1075,1211,1131,1001,0,424
4208,44281701,1071,1211,1132,1010,0,422
4209,44291701,1072,1208,1131,999,0,417
4210,44301701,1076,1211,1132,1000,0,426
4211,44311701,1071,1211,1134,1002,0,425
4212,44321701,1071,1212,1132,1002,0,424
4213,44331701,1071,1210,1132,1002,0,425
4214,44341701,1072,1211,1133,1002,0,425
4215,44351701,1071,1208,1133,1004,0,427
4216,44361701,1068,1211,1133,1003,2,425
4217,44371701,1070,1209,1132,1002,0,425
4218,44381701,1070,1208,1133,1004,0,425
4219,44391701,1070,1211,1132,1002,0,426
4220,44401701,1066,1215,1064,980,0,414
4221,44411701,1070,1202,1133,1002,0,423
4222,44421701,1070,1210,1136,1003,0,425
4223,44431701,1071,1210,1126,1004,0,426
4224,44441701,1071,1208,1132,1003,0,427
4225,44451701,1069,1208,1134,1003,0,426
4226,44461701,1071,1208,1131,998,0,382
4227,44471701,1071,1209,1138,1003,0,426
4228,44481701,1072,1208,1137,1004,0,427
4229,44491701,1071,1213,1132,1003,0,427
4230,44501701,1075,1208,1133,1004,0,427
4231,44511701,1071,1210,1129,1003,0,427
4232,44521701,1070,1213,1137,1003,0,428
4233,44531701,1070,1206,1132,979,0,399
4234,44541701,1070,1210,1148,1004,0,428
4235,44551701,1070,1216,1137,1002,0,429
4236,44561701,1069,1208,1137,1003,0,428
4237,44571701,1072,1207,1141,1003,0,428
4238,44581701,1069,1209,1142,1003,0,427
4239,44591701,1070,1209,1134,1004,0,428
4240,44601701,1020,1142,1102,956,0,428
4241,44611701,1069,1209,1135,1004,0,427
4242,44621701,1072,1210,1136,1004,0,428
4243,44631701,1067,1212,1136,1004,0,428
4244,44641701,1070,1208,1136,1004,0,428
4245,44651701,1070,1211,1134,1004,0,428
4246,44661701,1034,1156,1051,990,0,426
4247,44671701,1070,1210,1136,1005,0,429
4248,44681701,1069,1209,1136,1005,0,428
4249,44691701,1069,1209,1134,1005,0,428
4250,44701701,1070,1210,1136,1004,0,427
4251,44711701,1070,1209,1139,1005,0,428
4252,44721701,1069,1208,1135,1004,0,429
4253,44731701,1017,1141,1109,1006,0,430
4254,44741701,1061,1209,1134,1004,0,429
4255,44751701,1071,1209,1135,1005,0,429
4256,44761701,1067,1210,1136,1007,0,429
4257,44771701,1068,1210,1137,1006,0,429
4258,44781701,1071,1210,1136,1006,0,430
4259,44791701,1070,1210,1136,1005,0,430
4260,44801701,1072,1210,1137,1005,0,430
4261,44811701,1071,1207,1137,1006,0,431
4262,44821701,1067,1208,1137,1006,0,432
4263,44831701,1068,1207,1137,1006,0,432
4264,44841701,1068,1209,1137,1006,0,430
4265,44851701,1067,1209,1138,1007,0,432
4266,44861701,1064,1206,1065,986,0,419
4267,44871701,1069,1208,1137,1007,0,432
4268,44881701,1070,1209,1138,1009,0,432
4269,44891701,1069,1209,1138,1007,0,432
4270,44901701,1069,1209,1137,1007,0,432
4271,44911701,1068,1209,1138,1008,0,432
4272,44921701,1065,1206,1067,989,0,420
4273,44931701,1070,1209,1138,1008,0,434
4274,44941701,1070,1209,1138,1007,0,434
4275,44951701,1070,1208,1138,1009,0,434
4276,44961701,1068,1208,1137,1008,0,432
4277,44971701,1069,1208,1139,1008,0,434
4278,44981701,1069,1208,1138,1008,0,434
4279,44991701,997,1201,1140,1011,0,436
4280,45001701,1067,1206,1139,1008,0,436
4281,45011701,1069,1206,1139,1009,0,434
4282,45021701,1066,1206,1138,1010,0,434
4283,45031701,1067,1206,1138,1010,0,434
4284,45041701,1066,1207,1138,1009,0,435
4285,45051701,1067,1206,1139,1011,0,435
4286,45061701,1033,1207,1140,1011,0,436
4287,45071701,1066,1206,1139,1010,0,437
4288,45081701,1066,1206,1139,1011,0,436
4289,45091701,1066,1206,1139,1010,0,437
4290,45101701,1067,1205,1139,1011,0,436
4291,45111701,1067,1206,1139,1011,0,436
4292,45121701,1066,1206,1139,1007,0,394
4293,45131701,1067,1206,1140,1011,0,437
4294,45141701,1066,1206,1139,1012,0,437
4295,45151701,1065,1205,1139,1011,0,438
4296,45161701,1066,1205,1140,1012,0,437
4297,45171701,1065,1204,1140,1012,0,437
4298,45181701,1065,1205,1139,1011,0,437
4299,45191701,1066,1205,1139,1012,0,438
4300,45201701,1065,1205,1140,1012,0,438
4301,45211701,1065,1205,1141,1011,0,438
4302,45221701,1066,1204,1140,1012,0,436
4303,45231701,1066,1205,1140,1012,0,441
4304,45241701,1066,1205,1140,1013,0,437
4305,45251701,1066,1202,1138,993,0,408
4306,45261701,1066,1204,1140,1011,0,439
4307,45271701,1065,1204,1140,1012,0,444
4308,45281701,1065,1205,1139,1012,0,437
4309,45291701,1065,1204,1139,1012,0,440
4310,45301701,1065,1203,1139,1012,0,444
4311,45311701,1065,1203,1140,1012,0,434
4312,45321701,1065,1204,1140,1012,0,441
4313,45331701,1064,1204,1140,1012,0,438
4314,45341701,1065,1203,1140,1013,0,440
4315,45351701,1064,1203,1140,1012,0,440
4316,45361701,1064,1204,1141,1013,0,439
4317,45371701,1063,1203,1140,1012,0,441
4318,45381701,1063,1204,1140,1010,0,396
4319,45391701,1063,1204,1140,1013,0,441
4320,45401701,1064,1204,1139,1013,0,440
4321,45411701,1063,1203,1140,1014,0,441
4322,45421701,1062,1203,1140,1013,0,441
4323,45431701,1062,1201,1140,1013,0,441
4324,45441701,1060,1199,1140,1013,0,441
4325,45451701,1045,1122,1095,970,0,428
4326,45461701,1056,1198,1140,1015,0,443
4327,45471701,1058,1197,1141,1015,0,445
4328,45481701,1057,1198,1140,1014,0,444
4329,45491701,1057,1198,1139,1013,0,443
4330,45501701,1057,1198,1141,1014,0,441
4331,45511701,1058,1198,1140,1024,0,440
4332,45521701,1028,1111,1121,950,0,439
4333,45531701,1058,1199,1141,1017,0,442
4334,45541701,1059,1199,1140,1013,0,442
4335,45551701,1058,1198,1140,1015,0,442
4336,45561701,1059,1198,1140,1016,0,442
4337,45571701,1058,1198,1141,1017,0,443
4338,45581701,1057,1197,1140,1008,0,443
4339,45591701,1056,1197,1141,1014,0,442
4340,45601701,1054,1196,1141,1011,0,443
4341,45611701,1054,1195,1141,1015,0,443
4342,45621701,1053,1195,1141,1022,0,444
4343,45631701,1052,1194,1141,1015,0,444
4344,45641701,1053,1194,1140,1014,0,443
4345,45651701,1054,1194,1140,1014,0,395
4346,45661701,1054,1194,1141,1015,0,443
4347,45671701,1053,1193,1141,1015,0,444
4348,45681701,1053,1193,1141,1015,0,443
4349,45691701,1052,1192,1140,1013,0,444
4350,45701701,1051,1191,1141,1019,0,444
4351,45711701,1051,1191,1142,1016,0,444
4352,45721701,1050,1191,1141,1013,0,400
4353,45731701,1050,1191,1142,1016,0,445
4354,45741701,1050,1190,1141,1016,0,448
4355,45751701,1048,1190,1141,1017,0,444
4356,45761701,1049,1189,1142,1017,0,447
4357,45771701,1048,1189,1141,1018,0,443
4358,45781701,1049,1188,1142,1019,0,446
4359,45791701,1045,1186,1073,995,0,438
4360,45801701,1046,1187,1143,1014,0,449
4361,45811701,1046,1188,1142,1018,0,450
4362,45821701,1046,1187,1143,1018,0,456
4363,45831701,1045,1185,1143,1018,0,449
4364,45841701,1044,1185,1142,1017,0,455
4365,45851701,1039,1183,1143,1018,0,451
4366,45861701,1045,1185,1144,1031,0,452
4367,45871701,1043,1183,1143,1018,0,450
4368,45881701,1042,1184,1142,1019,0,453
4369,45891701,1042,1184,1143,1018,0,451
4370,45901701,1048,1183,1143,1020,0,454
4371,45911701,1041,1185,1143,1018,0,454
4372,45921701,1041,1186,1143,1015,0,411
4373,45931701,1043,1184,1144,1013,0,455
4374,45941701,1041,1186,1144,1023,0,455
4375,45951701,1044,1184,1142,1019,0,454
4376,45961701,1042,1181,1146,1019,0,454
4377,45971701,1044,1182,1143,1019,0,455
4378,45981701,1043,1186,1145,1019,0,452
4379,45991701,1029,1107,1097,974,0,438
4380,46001701,1043,1181,1141,1020,0,451
4381,46011701,1044,1181,1145,1020,0,455
4382,46021701,1044,1185,1143,1020,0,454
4383,46031701,1044,1193,1141,1019,0,454
4384,46041701,1044,1186,1142,1020,0,455
4385,46051701,1043,1180,1147,1019,0,455
4386,46061701,1046,1188,1142,1021,0,456
4387,46071701,1045,1184,1144,1020,0,455
4388,46081701,1045,1186,1148,1020,0,455
4389,46091701,1045,1185,1146,1022,0,456
4390,46101701,1044,1185,1143,1023,0,455
4391,46111701,1043,1186,1143,1020,0,455
4392,46121701,1013,1101,1116,958,0,455
4393,46131701,1044,1183,1146,1020,0,456
4394,46141701,1045,1189,1145,1021,0,455
4395,46151701,1045,1186,1143,1020,0,455
4396,46161701,1045,1186,1144,1020,0,455
4397,46171701,1045,1188,1141,1020,0,455
4398,46181701,1045,1184,1144,1020,0,455
4399,46191701,1045,1186,1142,1020,0,455
4400,46201701,1044,1186,1144,1020,0,455
4401,46211701,1045,1186,1143,1020,0,456
4402,46221701,1045,1186,1142,1020,0,455
4403,46231701,1044,1185,1145,1020,0,455
4404,46241701,1043,1190,1146,1020,0,455
4405,46251701,1044,1186,1146,1020,0,455
4406,46261701,1044,1184,1147,1020,0,456
4407,46271701,1042,1185,1145,1020,0,456
4408,46281701,1043,1188,1144,1022,0,455
4409,46291701,1040,1183,1144,1020,0,455
4410,46301701,1043,1188,1146,1021,0,456
4411,46311701,1044,1188,1145,1021,0,455
4412,46321701,1045,1188,1145,1021,0,456
4413,46331701,1040,1188,1145,1021,0,456
4414,46341701,1043,1187,1145,1021,0,456
4415,46351701,1044,1184,1148,1021,0,456
4416,46361701,1044,1185,1147,1021,0,456
4417,46371701,1046,1187,1146,1021,0,457
4418,46381701,1044,1185,1146,1017,0,413
4419,46391701,1043,1186,1146,1021,0,458
4420,46401701,1042,1185,1146,1020,0,458
4421,46411701,1042,1186,1146,1022,0,458
4422,46421701,1043,1187,1146,1021,0,458
4423,46431701,1045,1186,1146,1021,0,458
4424,46441701,1045,1186,1147,1021,0,459
4425,46451701,1044,1187,1146,1019,0,415
4426,46461701,1043,1188,1147,1021,0,459
4427,46471701,1044,1187,1146,1021,0,458
4428,46481701,1043,1188,1146,1021,0,459
4429,46491701,1045,1187,1146,1021,0,458
4430,46501701,1046,1187,1146,1020,0,459
4431,46511701,1045,1187,1146,1021,0,458
4432,46521701,1045,1188,1146,1021,0,458
4433,46531701,1045,1186,1146,1020,0,459
4434,46541701,1044,1187,1146,1020,0,458
4435,46551701,1045,1188,1145,1020,0,459
4436,46561701,1045,1186,1145,1020,0,458
4437,46571701,1046,1187,1145,1020,0,459
4438,46581701,1047,1188,1145,1020,0,458
4439,46591701,1048,1189,1145,1020,0,458
4440,46601701,1047,1188,1145,1019,0,458
4441,46611701,1048,1189,1145,1019,0,458
4442,46621701,1048,1189,1144,1019,0,458
4443,46631701,1048,1189,1145,1019,0,458
4444,46641701,1048,1190,1145,1020,0,458
4445,46651701,1048,1190,1144,1019,0,457
4446,46661701,1047,1190,1146,1020,0,457
4447,46671701,1048,1189,1144,1020,0,458
4448,46681701,1048,1190,1145,1019,0,457
4449,46691701,1049,1190,1145,1019,0,456
4450,46701701,1049,1191,1144,1019,0,455
4451,46711701,1050,1191,1145,1020,0,455
4452,46721701,1050,1191,1145,1019,0,456
4453,46731701,1050,1192,1144,1019,0,456
4454,46741701,1051,1192,1144,1019,0,456
4455,46751701,1051,1193,1145,1019,0,456
4456,46761701,1051,1192,1144,1018,0,459
4457,46771701,1052,1193,1144,1019,0,460
4458,46781701,1052,1193,1144,1019,0,463
4459,46791701,1052,1193,1144,1019,0,455
4460,46801701,1052,1193,1144,1019,0,455
4461,46811701,1053,1192,1144,1018,0,456
4462,46821701,1053,1194,1144,1019,0,456
4463,46831701,1053,1193,1144,1019,0,452
4464,46841701,1052,1194,1144,1018,0,456
4465,46851701,1053,1194,1144,1019,0,457
4466,46861701,1054,1195,1144,1019,0,453
4467,46871701,1054,1195,1144,1019,0,458
4468,46881701,1054,1197,1144,1018,0,453
4469,46891701,1055,1196,1144,1018,0,447
4470,46901701,1054,1198,1143,1018,0,447
4471,46911701,1022,1199,1145,1019,0,455
4472,46921701,1056,1197,1144,1018,0,453
4473,46931701,1056,1197,1143,1018,0,451
4474,46941701,1057,1199,1143,1018,0,450
4475,46951701,1057,1198,1144,1017,0,450
4476,46961701,1057,1199,1143,1018,0,456
4477,46971701,1058,1196,1143,998,0,423
4478,46981701,1059,1201,1143,1017,0,452
4479,46991701,1060,1200,1143,1017,0,451
4480,47001701,1059,1200,1143,1017,0,450
4481,47011701,1060,1201,1143,1017,0,448
4482,47021701,1060,1201,1143,1018,0,451
4483,47031701,1060,1201,1143,1016,0,451
4484,47041701,1055,1199,1073,996,0,436
4485,47051701,1060,1200,1143,1015,0,448
4486,47061701,1061,1202,1143,1015,0,450
4487,47071701,1061,1202,1143,1020,0,446
4488,47081701,1062,1202,1142,1018,0,447
4489,47091701,1062,1201,1143,1018,0,445
4490,47101701,1063,1201,1142,1016,0,444
4491,47111701,1062,1203,1143,1015,0,445
4492,47121701,1063,1204,1143,1014,0,445
4493,47131701,1063,1204,1143,1016,0,446
4494,47141701,1063,1204,1142,1021,0,444
4495,47151701,1064,1204,1142,1014,0,443
4496,47161701,1064,1205,1142,1025,0,445
4497,47171701,1065,1205,1143,1010,0,445
4498,47181701,1065,1204,1142,1017,0,444
4499,47191701,1065,1204,1142,1017,0,443
4500,47201701,1065,1205,1142,1017,0,442
4501,47211701,1065,1205,1143,1017,0,440
4502,47221701,1065,1206,1142,1017,0,443
4503,47231701,996,1200,1143,1016,0,444
4504,47241701,1067,1207,1142,1016,0,443
4505,47251701,1067,1207,1142,1019,0,442
4506,47261701,1070,1207,1141,1016,0,441
4507,47271701,1067,1207,1142,1018,0,441
4508,47281701,1067,1206,1142,1013,0,440
4509,47291701,1067,1207,1142,1016,0,441
4510,47301701,1068,1207,1142,1013,0,441
4511,47311701,1068,1207,1142,1013,0,442
4512,47321701,1066,1207,1142,1011,0,442
4513,47331701,1070,1207,1141,1015,0,443
4514,47341701,1066,1209,1142,1013,0,441
4515,47351701,1067,1209,1141,1015,0,441
4516,47361701,1066,1206,1141,1014,0,445
4517,47371701,1069,1206,1141,1010,0,440
4518,47381701,1066,1206,1141,1013,0,441
4519,47391701,1069,1206,1141,1014,0,436
4520,47401701,1067,1208,1141,1014,0,441
4521,47411701,1061,1208,1141,1014,0,442
4522,47421701,1068,1207,1142,1009,0,441
4523,47431701,1065,1208,1142,1015,0,442
4524,47441701,1067,1208,1142,1015,0,439
4525,47451701,1069,1207,1141,1015,0,442
4526,47461701,1069,1210,1143,1017,0,443
4527,47471701,1068,1205,1142,1016,0,442
4528,47481701,1067,1206,1148,1016,0,443
4529,47491701,1067,1207,1142,1018,0,443
4530,47501701,1068,1205,1147,1017,0,445
4531,47511701,1068,1209,1142,1016,0,443
4532,47521701,1068,1208,1152,1019,0,444
4533,47531701,1065,1205,1144,1015,0,444
4534,47541701,1067,1206,1141,1016,0,446
4535,47551701,1070,1207,1143,1015,0,447
4536,47561701,1038,1120,1115,954,0,449
4537,47571701,1067,1211,1149,1017,0,445
4538,47581701,1067,1207,1146,1018,0,446
4539,47591701,1065,1215,1144,1016,0,448
4540,47601701,1067,1214,1140,1018,0,447
4541,47611701,1067,1203,1140,1016,0,447
4542,47621701,1066,1211,1139,1017,0,446
4543,47631701,994,1202,1146,1019,0,447
4544,47641701,1065,1206,1143,1018,0,447
4545,47651701,1065,1206,1144,1018,0,448
4546,47661701,1064,1203,1145,1017,0,448
4547,47671701,1062,1206,1143,1018,0,448
4548,47681701,1065,1205,1144,1018,0,448
4549,47691701,1065,1207,1143,1017,0,449
4550,47701701,989,1203,1146,1020,0,451
4551,47711701,1064,1202,1147,1019,0,449
4552,47721701,1065,1206,1144,1019,0,452
4553,47731701,1065,1207,1145,1018,0,451
4554,47741701,1066,1208,1143,1018,0,450
4555,47751701,1064,1206,1145,1019,0,450
4556,47761701,1064,1204,1147,1019,0,450
4557,47771701,994,1200,1143,1019,0,452
4558,47781701,1065,1207,1144,1018,0,451
4559,47791701,1064,1205,1144,1018,0,453
4560,47801701,1064,1205,1143,1018,0,451
4561,47811701,1062,1205,1146,1018,0,452
4562,47821701,1061,1205,1145,1018,0,454
4563,47831701,1030,1135,1124,941,0,454
4564,47841701,1061,1204,1145,1018,0,454
4565,47851701,1061,1206,1145,1019,0,454
4566,47861701,1062,1205,1145,1018,0,454
4567,47871701,1064,1205,1145,1019,0,454
4568,47881701,1065,1204,1145,1019,0,454
4569,47891701,1066,1205,1145,1018,0,455
4570,47901701,1064,1206,1145,1019,0,454
4571,47911701,1061,1203,1144,1018,0,452
4572,47921701,1062,1203,1144,1019,0,454
4573,47931701,1064,1203,1144,1019,0,454
4574,47941701,1059,1203,1145,1019,0,454
4575,47951701,1062,1204,1145,1019,0,455
4576,47961701,1060,1205,1145,1019,0,455
4577,47971701,1061,1204,1146,1020,0,455
4578,47981701,1061,1204,1145,1020,0,455
4579,47991701,1063,1204,1145,1019,0,455
4580,48001701,1060,1204,1145,1019,0,455
4581,48011701,1061,1204,1145,1020,0,456
4582,48021701,1059,1204,1145,1019,0,454
4583,48031701,1061,1204,1145,1019,0,455
4584,48041701,1061,1204,1145,1019,0,455
4585,48051701,1061,1203,1145,1019,0,455
4586,48061701,1060,1203,1145,1019,0,455
4587,48071701,1061,1203,1145,1019,0,455
4588,48081701,1064,1203,1145,1019,0,455
4589,48091701,1060,1204,1145,1019,0,454
4590,48101701,1060,1204,1145,1019,0,454
4591,48111701,1060,1203,1146,1019,0,454
4592,48121701,1060,1203,1145,1019,0,455
4593,48131701,1059,1203,1145,1019,0,455
4594,48141701,1061,1202,1144,1019,0,454
4595,48151701,1060,1202,1145,1019,0,455
4596,48161701,1060,1204,1145,1020,0,454
4597,48171701,1060,1203,1146,1019,0,455
4598,48181701,1061,1204,1145,1019,0,455
4599,48191701,1061,1203,1146,1020,0,455
4600,48201701,1060,1204,1146,1019,0,456
4601,48211701,1061,1203,1146,1019,0,457
4602,48221701,1061,1203,1145,1020,0,456
4603,48231701,1061,1204,1146,1020,0,457
4604,48241701,1061,1203,1145,1019,0,456
4605,48251701,1060,1203,1145,1020,0,456
4606,48261701,1061,1203,1146,1020,0,455
4607,48271701,1061,1203,1146,1019,0,456
4608,48281701,1061,1203,1145,1020,0,456
4609,48291701,1061,1203,1145,1019,0,459
4610,48301701,1061,1202,1145,1019,0,454
4611,48311701,1061,1203,1145,1019,0,457
4612,48321701,1061,1203,1145,1019,0,447
4613,48331701,1060,1203,1145,1019,0,454
4614,48341701,1060,1203,1145,1019,0,455
4615,48351701,1030,1111,1125,956,0,437
4616,48361701,1060,1200,1145,1019,0,456
4617,48371701,1058,1199,1145,1019,0,457
4618,48381701,1057,1200,1145,1019,0,454
4619,48391701,1057,1200,1145,1019,0,452
4620,48401701,1059,1200,1145,1019,0,456
4621,48411701,1058,1200,1145,1019,0,456
4622,48421701,1059,1201,1145,1019,0,455
4623,48431701,1059,1199,1145,1019,0,460
4624,48441701,1059,1201,1145,1020,0,456
4625,48451701,1059,1201,1145,1020,0,459
4626,48461701,1060,1199,1145,1019,0,454
4627,48471701,1059,1200,1144,1019,0,456
4628,48481701,1058,1201,1145,1017,0,413
4629,48491701,1058,1201,1145,1019,0,460
4630,48501701,1058,1200,1145,1018,0,457
4631,48511701,1058,1200,1145,1021,0,456
4632,48521701,1059,1200,1144,1020,0,456
4633,48531701,1059,1201,1145,1019,0,457
4634,48541701,1058,1201,1145,1019,0,459
4635,48551701,1060,1201,1146,1020,0,457
4636,48561701,1060,1200,1145,1019,0,458
4637,48571701,1060,1202,1145,1019,0,460
4638,48581701,1059,1202,1146,1020,0,458
4639,48591701,1060,1199,1145,1017,0,459
4640,48601701,1059,1201,1146,1021,0,458
4641,48611701,987,1193,1146,1020,0,459
4642,48621701,1059,1200,1145,1020,0,459
4643,48631701,1058,1199,1145,1019,0,458
4644,48641701,1059,1198,1145,1020,0,458
4645,48651701,1059,1199,1145,1022,0,459
4646,48661701,1059,1200,1144,1024,0,459
4647,48671701,1029,1112,1125,958,0,456
4648,48681701,1059,1199,1145,1020,0,459
4649,48691701,1060,1200,1145,1020,0,459
4650,48701701,1059,1200,1145,1018,0,459
4651,48711701,1060,1199,1145,1018,0,458
4652,48721701,1060,1200,1144,1019,1,458
4653,48731701,1059,1199,1145,1021,0,457
4654,48741701,986,1194,1145,1020,0,459
4655,48751701,1061,1201,1144,1019,0,459
4656,48761701,1061,1201,1145,1018,0,459
4657,48771701,1061,1202,1144,1019,0,458
4658,48781701,1061,1200,1144,1020,0,458
4659,48791701,1061,1201,1144,1019,0,458
4660,48801701,1061,1199,1144,1021,0,457
4661,48811701,1062,1200,1144,1018,0,454
4662,48821701,1061,1200,1144,1020,0,457
4663,48831701,1061,1201,1143,1018,0,455
4664,48841701,1061,1202,1144,1019,0,458
4665,48851701,1064,1200,1143,1020,0,456
4666,48861701,1062,1202,1143,1019,0,455
4667,48871701,1059,1200,1074,987,0,406
4668,48881701,1063,1203,1143,1024,0,456
4669,48891701,1063,1203,1143,1013,0,454
4670,48901701,1062,1203,1142,1017,0,456
4671,48911701,1064,1203,1142,1017,0,456
4672,48921701,1068,1204,1142,1017,0,457
4673,48931701,1066,1205,1142,1016,0,458
4674,48941701,1063,1203,1142,1016,0,446
4675,48951701,1065,1205,1142,1017,0,453
4676,48961701,1065,1204,1141,1009,0,454
4677,48971701,1067,1204,1141,1014,0,452
4678,48981701,1066,1204,1141,1015,0,453
4679,48991701,1066,1205,1141,1015,0,454
4680,49001701,1054,1127,1097,966,0,425
4681,49011701,1067,1204,1141,1015,0,450
4682,49021701,1068,1204,1142,1012,0,453
4683,49031701,1069,1206,1141,1013,0,452
4684,49041701,1067,1205,1139,1014,0,449
4685,49051701,1067,1205,1140,1013,0,448
4686,49061701,1070,1205,1140,1014,0,450
4687,49071701,1067,1204,1148,1014,0,451
4688,49081701,1069,1208,1144,1014,0,450
4689,49091701,1068,1207,1142,1014,0,445
4690,49101701,1069,1202,1140,1013,0,443
4691,49111701,1069,1208,1134,1014,0,443
4692,49121701,1069,1208,1138,1011,0,443
4693,49131701,1071,1206,1142,1014,0,443
4694,49141701,1070,1207,1140,1012,0,443
4695,49151701,1070,1209,1146,1014,0,443
4696,49161701,1069,1208,1150,1011,0,444
4697,49171701,1070,1215,1138,1011,0,443
4698,49181701,1069,1212,1138,1009,0,443
4699,49191701,1070,1210,1146,1011,0,442
4700,49201701,1071,1209,1141,1012,0,442
4701,49211701,1070,1211,1141,1012,0,441
4702,49221701,1070,1210,1138,1011,0,441
4703,49231701,1071,1214,1139,1011,0,441
4704,49241701,1070,1211,1139,1012,0,442
4705,49251701,1070,1211,1138,1011,0,441
4706,49261701,1043,1126,1120,948,0,441
4707,49271701,1073,1213,1138,1010,0,440
4708,49281701,1072,1211,1140,1007,0,441
4709,49291701,1074,1216,1141,1009,0,440
4710,49301701,1074,1211,1139,1011,0,439
4711,49311701,1073,1212,1138,1008,0,439
4712,49321701,1072,1212,1139,1007,0,440
4713,49331701,1075,1215,1139,1010,0,439
4714,49341701,1076,1214,1139,1009,0,440
4715,49351701,1075,1214,1141,1009,0,439
4716,49361701,1073,1214,1137,1007,0,438
4717,49371701,1074,1214,1138,1007,0,438
4718,49381701,1076,1215,1140,1006,0,437
4719,49391701,1069,1213,1069,985,0,424
4720,49401701,1072,1220,1139,1006,0,435
4721,49411701,1072,1215,1139,1006,0,434
4722,49421701,1075,1216,1139,1006,0,435
4723,49431701,1079,1214,1138,1006,0,433
4724,49441701,1076,1214,1138,1006,0,432
4725,49451701,1075,1216,1138,1005,0,433
4726,49461701,1083,1218,1138,1005,0,430
4727,49471701,1075,1220,1138,1005,0,429
4728,49481701,1075,1219,1136,1005,0,430
4729,49491701,1073,1219,1137,1006,0,428
4730,49501701,1068,1220,1137,1005,0,429
4731,49511701,1077,1220,1136,1004,0,428
4732,49521701,1074,1219,1128,986,0,400
4733,49531701,1075,1221,1137,1004,0,427
4734,49541701,1077,1222,1135,1004,0,427
4735,49551701,1075,1221,1135,1004,0,428
4736,49561701,1078,1222,1133,1003,0,426
4737,49571701,1077,1222,1134,1003,0,426
4738,49581701,1077,1222,1134,1003,0,425
4739,49591701,1075,1222,1063,981,0,412
4740,49601701,1081,1223,1134,1002,0,425
4741,49611701,1079,1223,1133,1002,0,424
4742,49621701,1079,1223,1134,1002,0,424
4743,49631701,1078,1223,1134,1002,0,425
4744,49641701,1079,1224,1134,1002,0,426
4745,49651701,1080,1224,1134,1002,0,425
4746,49661701,1081,1225,1135,1003,0,426
4747,49671701,1081,1224,1135,1003,0,426
4748,49681701,1081,1224,1134,1003,0,426
4749,49691701,1081,1224,1135,1003,0,426
4750,49701701,1081,1224,1134,1002,0,424
4751,49711701,1082,1225,1134,1002,0,424
4752,49721701,1081,1225,1134,1002,0,422
4753,49731701,1082,1225,1133,1002,0,422
4754,49741701,1082,1225,1134,1002,0,423
4755,49751701,1081,1224,1134,1001,0,423
4756,49761701,1082,1226,1134,1002,0,422
4757,49771701,1082,1225,1134,1002,0,422
4758,49781701,1082,1224,1133,1002,0,422
4759,49791701,1081,1225,1133,1002,0,421
4760,49801701,1082,1225,1132,1001,0,422
4761,49811701,1081,1225,1133,1001,0,423
4762,49821701,1081,1224,1133,1000,0,423
4763,49831701,1080,1225,1133,1001,0,423
4764,49841701,1081,1225,1133,1001,0,423
4765,49851701,1068,1145,1087,955,0,409
4766,49861701,1080,1225,1133,1001,0,425
4767,49871701,1081,1225,1132,1000,0,423
4768,49881701,1081,1225,1132,1000,0,419
4769,49891701,1082,1225,1132,1000,0,422
4770,49901701,1081,1225,1132,1000,0,421
4771,49911701,1081,1225,1132,1000,0,423
4772,49921701,1082,1225,1133,1001,0,422
4773,49931701,1081,1225,1132,1001,0,419
4774,49941701,1082,1225,1132,1000,0,424
4775,49951701,1082,1225,1132,1000,0,425
4776,49961701,1082,1226,1131,1000,0,421
4777,49971701,1081,1225,1131,1001,0,423
4778,49981701,1077,1225,1061,979,0,407
4779,49991701,1082,1225,1132,1001,0,421
4780,50001701,1082,1225,1131,1000,0,419
4781,50011701,1082,1225,1131,1000,0,420
4782,50021701,1082,1226,1131,1000,0,422
4783,50031701,1082,1226,1131,1000,0,420
4784,50041701,1082,1223,1130,982,0,393
4785,50051701,1081,1226,1132,1000,0,422
4786,50061701,1082,1226,1131,1001,0,422
4787,50071701,1082,1225,1131,1009,0,421
4788,50081701,1082,1225,1131,1000,0,425
4789,50091701,1082,1225,1131,996,0,422
4790,50101701,1081,1225,1131,1000,0,421
4791,50111701,1069,1144,1086,955,0,411
4792,50121701,1082,1225,1130,1002,0,421
4793,50131701,1081,1225,1131,1000,0,421
4794,50141701,1081,1224,1131,999,0,423
4795,50151701,1081,1224,1131,1004,0,423
4796,50161701,1081,1224,1131,999,0,425
4797,50171701,1080,1225,1131,1001,0,422
4798,50181701,1009,1205,1132,1001,0,423
4799,50191701,1082,1225,1132,1002,0,425
4800,50201701,1081,1224,1131,999,0,431
4801,50211701,1081,1224,1132,1002,0,425
4802,50221701,1081,1224,1132,1001,0,426
4803,50231701,1080,1224,1133,1003,0,426
4804,50241701,1080,1223,1132,1003,0,427
4805,50251701,1080,1224,1133,1000,0,427
4806,50261701,1079,1223,1132,1002,0,426
4807,50271701,1079,1223,1133,1002,0,429
4808,50281701,1079,1223,1133,1001,0,428
4809,50291701,1079,1222,1133,1002,0,427
4810,50301701,1079,1223,1133,1002,0,429
4811,50311701,1078,1222,1134,1003,0,427
4812,50321701,1079,1222,1134,1004,1,428
4813,50331701,1078,1222,1133,1004,0,432
4814,50341701,1079,1222,1136,1004,0,432
4815,50351701,1078,1221,1135,1004,0,433
4816,50361701,1078,1221,1136,1003,0,434
4817,50371701,1078,1221,1135,995,0,436
4818,50381701,1077,1219,1137,1001,0,390
4819,50391701,1078,1215,1135,1005,0,433
4820,50401701,1077,1216,1137,1004,0,435
4821,50411701,1078,1213,1138,1005,0,435
4822,50421701,1078,1214,1136,1003,0,435
4823,50431701,1076,1216,1138,1005,0,432
4824,50441701,1077,1215,1137,1008,0,436
4825,50451701,1064,1136,1093,955,0,424
4826,50461701,1075,1215,1138,1010,0,437
4827,50471701,1074,1212,1138,1007,0,440
4828,50481701,1074,1210,1136,1007,0,438
4829,50491701,1073,1209,1138,1008,0,439
4830,50501701,1069,1208,1136,1007,0,435
4831,50511701,1071,1208,1139,1003,0,439
4832,50521701,998,1202,1139,1009,0,435
4833,50531701,1069,1207,1139,1008,0,438
4834,50541701,1069,1208,1137,1007,0,439
4835,50551701,1069,1209,1139,1011,0,440
4836,50561701,1068,1204,1139,1009,0,438
4837,50571701,1070,1207,1135,1009,0,441
4838,50581701,1070,1204,1139,991,0,408
4839,50591701,1068,1206,1142,1012,0,445
4840,50601701,1068,1207,1141,1012,0,442
4841,50611701,1066,1207,1139,1013,0,443
4842,50621701,1066,1202,1144,1013,0,445
4843,50631701,1065,1201,1134,1014,0,447
4844,50641701,1065,1204,1135,1014,0,447
4845,50651701,1064,1204,1143,1013,0,447
4846,50661701,1065,1200,1133,1015,0,449
4847,50671701,1061,1204,1141,1014,0,448
4848,50681701,1062,1206,1159,1014,0,452
4849,50691701,1062,1203,1140,1017,0,452
4850,50701701,1059,1204,1143,1017,0,452
4851,50711701,1058,1197,1142,1018,0,452
4852,50721701,1060,1194,1145,1016,0,451
4853,50731701,1059,1198,1140,1018,0,453
4854,50741701,1058,1199,1142,1018,0,451
4855,50751701,1056,1198,1145,1017,0,453
4856,50761701,1055,1198,1143,1017,0,452
4857,50771701,1055,1197,1143,1017,0,451
4858,50781701,1054,1199,1144,1016,0,451
4859,50791701,1055,1193,1143,1018,0,452
4860,50801701,1052,1193,1143,1016,0,453
4861,50811701,1053,1191,1145,1017,0,454
4862,50821701,1052,1193,1143,1017,0,454
4863,50831701,1054,1192,1141,1017,0,454
4864,50841701,1052,1193,1144,1017,0,453
4865,50851701,1052,1192,1142,1019,0,454
4866,50861701,1051,1193,1145,1019,0,454
4867,50871701,1051,1191,1143,1017,0,454
4868,50881701,1053,1190,1140,1017,0,454
4869,50891701,1051,1190,1142,1017,0,454
4870,50901701,1047,1189,1143,1017,0,455
4871,50911701,1049,1190,1143,1017,0,455
4872,50921701,1041,1189,1141,1017,0,455
4873,50931701,1048,1188,1142,1017,0,454
4874,50941701,1044,1188,1143,1017,0,454
4875,50951701,1045,1187,1143,1017,0,455
4876,50961701,1044,1187,1142,1018,0,455
4877,50971701,971,1183,1142,1019,0,456
4878,50981701,1052,1186,1142,1017,0,456
4879,50991701,1045,1185,1142,1018,0,456
4880,51001701,1044,1183,1142,1017,0,456
4881,51011701,1044,1183,1142,1017,0,456
4882,51021701,1045,1183,1142,1017,0,456
4883,51031701,962,1176,1143,1018,0,457
4884,51041701,1037,1180,1143,1018,0,456
4885,51051701,1033,1179,1142,1017,0,457
4886,51061701,1032,1179,1143,1018,0,457
4887,51071701,1034,1178,1143,1017,0,458
4888,51081701,1032,1177,1142,1018,0,459
4889,51091701,1027,1175,1142,1017,0,458
4890,51101701,1030,1174,1142,1017,0,458
4891,51111701,1033,1175,1142,1018,0,459
4892,51121701,1031,1175,1142,1018,0,458
4893,51131701,1031,1174,1142,1018,0,458
4894,51141701,1032,1174,1142,1018,0,459
4895,51151701,1031,1174,1142,1018,0,458
4896,51161701,1027,1175,1142,1018,0,459
4897,51171701,1029,1173,1142,1019,0,458
4898,51181701,1027,1173,1142,1018,0,458
4899,51191701,1023,1173,1142,1018,0,458
4900,51201701,1029,1173,1142,1019,0,458
4901,51211701,1028,1174,1142,1019,0,459
4902,51221701,1031,1173,1143,1019,0,459
4903,51231701,1028,1173,1142,1019,0,459
4904,51241701,1029,1173,1143,1019,0,458
4905,51251701,1027,1173,1143,1019,0,458
4906,51261701,1027,1173,1143,1019,0,459
4907,51271701,1027,1172,1143,1019,0,459
4908,51281701,1022,1172,1072,1000,0,444
4909,51291701,1026,1173,1143,1019,0,459
4910,51301701,1030,1172,1143,1019,0,459
4911,51311701,1027,1173,1142,1019,0,459
4912,51321701,1026,1172,1142,1019,0,458
4913,51331701,1026,1172,1142,1019,0,458
4914,51341701,1026,1172,1142,1018,0,458
4915,51351701,1027,1173,1143,1019,0,459
4916,51361701,1025,1173,1142,1018,0,458
4917,51371701,1025,1172,1142,1018,0,457
4918,51381701,1025,1172,1143,1019,0,459
4919,51391701,1025,1172,1142,1019,0,468
4920,51401701,1025,1173,1142,1018,0,462
4921,51411701,1023,1172,1143,1018,0,457
4922,51421701,1026,1173,1142,1019,0,458
4923,51431701,1026,1173,1143,1019,0,455
4924,51441701,1030,1173,1142,1018,0,457
4925,51451701,1032,1173,1141,1018,0,458
4926,51461701,1030,1174,1142,1017,0,453
4927,51471701,1032,1173,1142,1018,0,457
4928,51481701,1032,1174,1142,1019,0,452
4929,51491701,1032,1173,1142,1019,0,457
4930,51501701,1031,1173,1142,1018,0,457
4931,51511701,1032,1174,1142,1019,0,457
4932,51521701,1031,1173,1141,1017,0,455
4933,51531701,1032,1174,1141,1018,0,458
4934,51541701,1033,1175,1142,1017,0,457
4935,51551701,1033,1175,1143,1018,0,457
4936,51561701,1032,1175,1142,1017,0,456
4937,51571701,1032,1174,1142,1018,0,455
4938,51581701,1032,1174,1142,1017,0,457
4939,51591701,1032,1174,1141,1017,0,457
4940,51601701,1032,1173,1142,1017,0,456
4941,51611701,979,1104,1114,1019,0,452
4942,51621701,1032,1173,1141,1016,0,457
4943,51631701,1032,1174,1141,1017,0,456
4944,51641701,1033,1174,1140,1017,0,456
4945,51651701,1033,1175,1141,1017,0,454
4946,51661701,1033,1175,1140,1019,0,456
4947,51671701,1034,1175,1140,1015,0,455
4948,51681701,1034,1176,1141,1015,0,456
4949,51691701,1035,1176,1140,1018,0,455
4950,51701701,1035,1176,1139,1016,0,456
4951,51711701,1034,1176,1140,1016,0,456
4952,51721701,1035,1176,1141,1017,0,456
4953,51731701,1037,1177,1141,1017,0,456
4954,51741701,1039,1177,1141,1013,0,413
4955,51751701,1039,1178,1141,1015,0,456
4956,51761701,1040,1178,1140,1016,0,457
4957,51771701,1039,1178,1140,1024,0,457
4958,51781701,1040,1179,1140,1017,0,457
4959,51791701,1040,1178,1140,1019,0,457
4960,51801701,1040,1178,1141,1015,0,456
4961,51811701,1041,1179,1141,1016,0,456
4962,51821701,1043,1180,1141,1015,0,456
4963,51831701,1044,1180,1140,1016,0,456
4964,51841701,1043,1180,1140,1014,0,456
4965,51851701,1044,1180,1140,1016,0,456
4966,51861701,1044,1179,1140,1017,3,456
4967,51871701,1043,1180,1140,1015,0,455
4968,51881701,1043,1180,1139,1015,0,457
4969,51891701,1043,1180,1139,1014,0,454
4970,51901701,1044,1181,1140,1014,0,455
4971,51911701,1045,1181,1141,1015,0,458
4972,51921701,1046,1182,1140,1015,1,457
4973,51931701,1047,1184,1140,1015,0,457
4974,51941701,1047,1184,1140,1015,0,456
4975,51951701,1050,1191,1140,1017,0,454
4976,51961701,1050,1187,1141,1017,0,458
4977,51971701,1050,1189,1140,1019,0,454
4978,51981701,1052,1189,1141,1020,0,455
4979,51991701,1051,1190,1141,1019,0,455
4980,52001701,1051,1190,1070,994,0,440
4981,52011701,1056,1192,1140,1015,0,451
4982,52021701,1057,1193,1140,1015,0,451
4983,52031701,1058,1195,1140,1017,0,443
4984,52041701,1061,1196,1140,1017,0,447
4985,52051701,1063,1197,1141,1015,0,447
4986,52061701,1062,1200,1140,1017,0,444
4987,52071701,998,1145,1079,981,2,443
4988,52081701,1065,1203,1140,1020,0,443
4989,52091701,1064,1200,1140,1013,0,442
4990,52101701,1066,1204,1138,1012,0,440
4991,52111701,1065,1205,1142,1013,0,441
4992,52121701,1068,1204,1140,1009,0,440
4993,52131701,1067,1204,1143,1011,0,439
4994,52141701,1067,1206,1153,1011,0,438
4995,52151701,1068,1202,1135,1010,0,439
4996,52161701,1068,1206,1145,1009,0,436
4997,52171701,1068,1208,1137,1007,0,439
4998,52181701,1068,1207,1141,1007,0,441
4999,52191701,1068,1209,1142,1008,0,440
5000,52201701,1067,1207,1068,991,0,425
5001,52211701,1070,1206,1139,1008,0,440
5002,52221701,1069,1210,1140,1009,0,440
5003,52231701,1069,1207,1140,1008,0,440
5004,52241701,1070,1205,1143,1013,0,441
5005,52251701,1070,1204,1142,1012,0,440
5006,52261701,1071,1205,1139,990,0,411
5007,52271701,1072,1208,1144,1009,0,441
5008,52281701,1070,1210,1141,1011,0,443
5009,52291701,1071,1208,1145,1010,0,441
5010,52301701,1071,1211,1142,1011,0,442
5011,52311701,1072,1210,1140,1011,0,442
5012,52321701,1071,1204,1142,1011,0,442
5013,52331701,1058,1131,1097,967,0,428
5014,52341701,1071,1214,1144,1013,0,443
5015,52351701,1071,1209,1142,1024,0,444
5016,52361701,1072,1209,1141,1013,0,444
5017,52371701,1072,1210,1142,1014,0,444
5018,52381701,1074,1208,1142,1014,0,444
5019,52391701,1069,1210,1068,991,0,433
5020,52401701,1073,1210,1143,1015,0,445
5021,52411701,1073,1211,1144,1015,0,445
5022,52421701,1073,1214,1143,1015,0,444
5023,52431701,1066,1210,1144,1017,0,445
5024,52441701,1074,1213,1144,1016,0,445
5025,52451701,1071,1212,1143,1016,0,445
5026,52461701,1071,1210,1072,996,0,437
5027,52471701,1073,1211,1144,1017,0,447
5028,52481701,1072,1211,1144,1017,0,446
5029,52491701,1073,1212,1144,1016,0,449
5030,52501701,1069,1212,1144,1017,0,449
5031,52511701,1074,1217,1144,1016,0,450
5032,52521701,1070,1212,1143,1017,0,446
5033,52531701,1074,1213,1145,1017,0,447
5034,52541701,1083,1214,1144,1017,0,449
5035,52551701,1075,1213,1143,1016,0,449
5036,52561701,1079,1214,1144,1016,0,448
5037,52571701,1076,1214,1143,1017,0,448
5038,52581701,1075,1216,1144,1015,0,446
5039,52591701,1045,1126,1124,952,0,447
5040,52601701,1078,1214,1143,1015,0,446
5041,52611701,1076,1215,1143,1016,0,446
5042,52621701,1075,1216,1143,1015,0,446
5043,52631701,1074,1217,1143,1015,0,445
5044,52641701,1076,1215,1143,1014,0,445
5045,52651701,1074,1210,1072,995,0,433
5046,52661701,1078,1216,1143,1015,0,447
5047,52671701,1077,1215,1143,1015,0,445
5048,52681701,1078,1215,1143,1014,0,445
5049,52691701,1076,1215,1143,1014,0,444
5050,52701701,1075,1216,1142,1013,0,443
5051,52711701,1078,1217,1142,1012,0,443
5052,52721701,1075,1218,1143,1013,0,444
5053,52731701,1078,1217,1143,1012,0,443
5054,52741701,1076,1217,1143,1013,0,443
5055,52751701,1077,1222,1143,1012,0,444
5056,52761701,1078,1221,1143,1012,0,444
5057,52771701,1078,1221,1143,1012,0,444
5058,52781701,1078,1221,1144,1012,0,445
5059,52791701,1078,1221,1142,1012,0,445
5060,52801701,1078,1222,1143,1012,0,445
5061,52811701,1078,1220,1143,1012,0,446
5062,52821701,1077,1219,1142,1012,0,446
5063,52831701,1077,1219,1142,1011,0,446
5064,52841701,1005,1213,1143,1012,0,446
5065,52851701,1077,1219,1142,1012,0,448
5066,52861701,1077,1219,1142,1012,0,445
5067,52871701,1077,1216,1141,1011,0,446
5068,52881701,1078,1220,1142,1011,0,446
5069,52891701,1077,1217,1142,1010,0,444
5070,52901701,1077,1218,1142,1005,0,405
5071,52911701,1078,1219,1141,1009,0,446
5072,52921701,1078,1219,1142,1008,0,446
5073,52931701,1077,1217,1141,1008,0,445
5074,52941701,1077,1219,1141,1007,0,445
5075,52951701,1077,1217,1141,1008,0,438
5076,52961701,1077,1217,1141,1007,0,446
5077,52971701,1078,1221,1142,1009,0,445
5078,52981701,1078,1219,1140,1007,0,444
5079,52991701,1078,1218,1141,1008,0,446
5080,53001701,1078,1219,1141,1007,0,436
5081,53011701,1078,1219,1141,1008,0,440
5082,53021701,1078,1220,1141,1007,0,445
5083,53031701,1079,1222,1142,1009,0,447
5084,53041701,1078,1218,1141,1008,0,445
5085,53051701,1078,1218,1141,1008,0,445
5086,53061701,1077,1219,1140,1008,0,446
5087,53071701,1077,1219,1141,1010,0,438
5088,53081701,1078,1218,1141,1009,0,445
5089,53091701,1005,1211,1141,1010,0,450
5090,53101701,1078,1216,1142,1008,0,446
5091,53111701,1077,1214,1140,1008,0,446
5092,53121701,1077,1214,1141,1008,0,447
5093,53131701,1077,1214,1141,1008,0,447
5094,53141701,1077,1214,1141,1008,0,446
5095,53151701,1077,1215,1141,1008,0,448
5096,53161701,1004,1208,1141,1010,0,447
5097,53171701,1077,1214,1140,1008,0,446
5098,53181701,1077,1214,1141,1007,0,445
5099,53191701,1077,1214,1140,1006,0,446
5100,53201701,1076,1214,1140,1008,0,445
5101,53211701,1076,1213,1141,1008,0,445
5102,53221701,1076,1213,1140,1006,0,448
5103,53231701,1077,1213,1140,1006,0,445
5104,53241701,1077,1214,1141,1004,0,445
5105,53251701,1076,1213,1140,1008,0,446
5106,53261701,1076,1213,1140,1008,0,445
5107,53271701,1077,1213,1140,1006,0,446
5108,53281701,1076,1212,1139,1007,0,445
5109,53291701,1073,1211,1072,986,0,443
5110,53301701,1075,1211,1139,1007,0,447
5111,53311701,1075,1210,1139,1006,0,445
5112,53321701,1074,1209,1139,1005,0,446
5113,53331701,1075,1209,1139,1008,0,446
5114,53341701,1076,1210,1139,1007,0,445
5115,53351701,1073,1209,1139,1006,0,441
5116,53361701,1003,1203,1140,1009,0,446
5117,53371701,1074,1208,1138,1007,0,444
5118,53381701,1074,1208,1138,1008,0,442
5119,53391701,1074,1208,1138,1007,0,442
5120,53401701,1074,1209,1139,1005,0,443
5121,53411701,1074,1208,1137,1006,0,442
5122,53421701,1071,1208,1136,1006,0,441
5123,53431701,999,1202,1137,1007,0,443
5124,53441701,1071,1207,1135,1006,0,443
5125,53451701,1072,1207,1134,1006,0,442
5126,53461701,1070,1206,1133,1006,0,442
5127,53471701,1069,1206,1134,1007,0,443
5128,53481701,1068,1205,1133,1007,0,443
5129,53491701,1070,1204,1133,1006,0,445
5130,53501701,1070,1204,1133,1008,0,443
5131,53511701,1069,1204,1133,1002,1,442
5132,53521701,1068,1202,1132,1008,0,443
5133,53531701,1067,1203,1132,1004,0,448
5134,53541701,1067,1202,1132,1002,0,449
5135,53551701,1066,1201,1132,1000,0,439
5136,53561701,1036,1113,1113,944,0,439
5137,53571701,1066,1200,1131,1001,0,439
5138,53581701,1066,1199,1131,1006,0,442
5139,53591701,1066,1197,1131,1007,0,441
5140,53601701,1064,1197,1130,1005,0,442
5141,53611701,1065,1196,1130,1013,0,443
5142,53621701,1062,1191,1130,1007,0,442
5143,53631701,1062,1194,1130,1013,0,439
5144,53641701,1062,1191,1129,1006,0,441
5145,53651701,1062,1191,1127,1004,0,441
5146,53661701,1060,1191,1129,1004,0,439
5147,53671701,1057,1191,1129,1005,0,441
5148,53681701,1056,1188,1129,1004,0,441
5149,53691701,983,1183,1129,1005,0,442
5150,53701701,1056,1189,1134,1007,0,442
5151,53711701,1054,1189,1127,1003,0,442
5152,53721701,1054,1204,1127,1006,0,442
5153,53731701,1054,1188,1127,1004,0,442
5154,53741701,1058,1190,1126,1003,0,442
5155,53751701,1053,1186,1127,1004,0,441
5156,53761701,1054,1188,1124,1003,0,442
5157,53771701,1053,1189,1125,1004,0,441
5158,53781701,1053,1190,1128,1004,0,443
5159,53791701,1053,1186,1131,1000,0,443
5160,53801701,1053,1188,1128,1003,0,443
5161,53811701,1053,1190,1126,1004,0,443
5162,53821701,1054,1188,1125,1004,0,443
5163,53831701,1055,1189,1127,1003,0,442
5164,53841701,1054,1186,1124,1004,0,442
5165,53851701,1053,1184,1127,1003,0,442
5166,53861701,1054,1193,1125,1003,0,442
5167,53871701,1060,1188,1128,1003,0,441
5168,53881701,1053,1187,1126,1004,0,442
5169,53891701,1052,1182,1127,1003,0,442
5170,53901701,1051,1186,1126,1003,0,441
5171,53911701,1050,1184,1129,1003,0,441
5172,53921701,1050,1183,1131,1003,0,440
5173,53931701,1050,1184,1124,1003,0,440
5174,53941701,1049,1185,1125,1000,0,439
5175,53951701,1048,1184,1125,1003,0,439
5176,53961701,1047,1182,1124,1002,0,439
5177,53971701,1037,1178,1123,1001,0,439
5178,53981701,1031,1179,1121,1001,0,438
5179,53991701,1030,1175,1123,1002,0,439
5180,54001701,1032,1171,1121,1001,0,438
5181,54011701,1032,1170,1123,999,0,397
5182,54021701,1024,1170,1123,1001,0,438
5183,54031701,1021,1166,1122,1001,0,438
5184,54041701,1025,1164,1123,1002,0,439
5185,54051701,1018,1167,1124,1002,0,439
5186,54061701,1012,1166,1123,1002,0,439
5187,54071701,1019,1165,1122,1003,0,440
5188,54081701,994,1078,1104,942,0,441
5189,54091701,1021,1174,1123,1001,0,440
5190,54101701,1018,1165,1125,1003,0,438
5191,54111701,1023,1168,1125,1002,0,437
5192,54121701,1024,1168,1128,1004,0,440
5193,54131701,1022,1170,1123,1004,0,441
5194,54141701,1021,1169,1126,1003,0,443
5195,54151701,1000,1080,1107,943,0,444
5196,54161701,1029,1170,1128,1005,0,444
5197,54171701,1024,1169,1129,1007,0,443
5198,54181701,1031,1165,1130,1006,0,444
5199,54191701,1033,1173,1129,1006,0,445
5200,54201701,1034,1172,1130,1009,0,444
5201,54211701,1033,1173,1130,1006,0,405
5202,54221701,1034,1171,1132,1009,0,448
5203,54231701,1036,1175,1132,1011,0,446
5204,54241701,1037,1175,1133,1010,0,450
5205,54251701,1045,1174,1135,1010,0,451
5206,54261701,1039,1177,1128,1012,0,449
5207,54271701,1036,1176,1134,1013,3,449
5208,54281701,1039,1176,1133,1013,0,449
5209,54291701,1038,1177,1135,1013,0,451
5210,54301701,1039,1183,1137,1013,0,454
5211,54311701,1040,1176,1136,1013,0,453
5212,54321701,1040,1177,1138,1013,0,453
5213,54331701,1039,1179,1137,1014,0,455
5214,54341701,985,1179,1138,1015,0,453
5215,54351701,1041,1174,1130,1014,0,453
5216,54361701,1041,1178,1140,1015,0,455
5217,54371701,1041,1178,1138,1014,0,455
5218,54381701,1042,1179,1138,1015,0,454
5219,54391701,1041,1179,1139,1016,0,455
5220,54401701,969,1176,1139,1016,0,455
5221,54411701,1043,1177,1140,1014,0,456
5222,54421701,1041,1178,1139,1015,0,456
5223,54431701,1042,1178,1139,1014,0,457
5224,54441701,1043,1179,1139,1012,0,456
5225,54451701,1041,1179,1139,1014,0,456
5226,54461701,1043,1180,1139,1016,0,457
5227,54471701,1043,1179,1139,1017,0,457
5228,54481701,1044,1180,1139,1017,0,457
5229,54491701,1044,1180,1138,1017,0,454
5230,54501701,1052,1180,1139,1018,0,457
5231,54511701,1044,1181,1140,1009,0,456
5232,54521701,1042,1181,1138,1017,0,458
5233,54531701,1042,1178,1140,1017,0,458
5234,54541701,1036,1178,1141,1018,0,458
5235,54551701,1039,1175,1140,1017,0,458
5236,54561701,1043,1180,1140,1018,0,460
5237,54571701,1041,1181,1141,1018,0,459
5238,54581701,1040,1183,1141,1018,0,458
5239,54591701,1040,1180,1143,999,0,428
5240,54601701,1041,1178,1141,1018,0,460
5241,54611701,1038,1179,1141,1019,0,460
5242,54621701,1038,1178,1141,1018,0,457
5243,54631701,1039,1179,1142,1019,0,459
5244,54641701,1038,1179,1141,1019,0,460
5245,54651701,1035,1179,1142,1019,0,461
5246,54661701,990,1111,1115,1021,0,459
5247,54671701,1034,1179,1142,1021,0,460
5248,54681701,1036,1178,1142,1019,0,457
5249,54691701,1036,1177,1142,1019,0,456
5250,54701701,1036,1179,1142,1020,0,460
5251,54711701,1035,1177,1141,1020,0,460
5252,54721701,1033,1179,1142,1020,0,459
5253,54731701,1036,1178,1143,1020,0,460
5254,54741701,1035,1177,1143,1020,0,460
5255,54751701,1034,1178,1143,1021,0,462
5256,54761701,1034,1178,1144,1021,0,461
5257,54771701,1034,1177,1142,1020,0,462
5258,54781701,1033,1177,1143,1020,0,464
5259,54791701,1027,1176,1143,1023,0,463
5260,54801701,1034,1176,1143,1021,0,465
5261,54811701,1032,1177,1143,1022,0,465
5262,54821701,1033,1175,1143,1023,0,466
5263,54831701,1031,1175,1143,1024,0,466
5264,54841701,1033,1174,1143,1017,0,466
5265,54851701,1032,1173,1144,1021,0,465
5266,54861701,1032,1174,1143,1021,0,466
5267,54871701,1032,1174,1144,1021,0,467
5268,54881701,1032,1174,1144,1021,0,466
5269,54891701,1032,1174,1143,1021,0,465
5270,54901701,1032,1173,1144,1023,0,465
5271,54911701,1032,1174,1144,1024,0,466
5272,54921701,1030,1171,1143,1002,0,437
5273,54931701,1030,1174,1138,1022,0,467
5274,54941701,1031,1173,1143,1021,0,467
5275,54951701,1029,1173,1144,1021,0,465
5276,54961701,1025,1173,1143,1022,0,466
5277,54971701,1024,1172,1142,1021,0,466
5278,54981701,1026,1171,1145,1023,0,466
5279,54991701,973,1105,1116,1026,0,466
5280,55001701,1025,1171,1143,1021,0,465
5281,55011701,1023,1172,1144,1024,0,466
5282,55021701,1022,1170,1142,1021,0,465
5283,55031701,1022,1170,1144,1024,0,467
5284,55041701,1021,1169,1142,1021,0,467
5285,55051701,994,1079,1125,960,0,467
5286,55061701,1020,1168,1145,1023,0,467
5287,55071701,1020,1168,1143,1023,0,466
5288,55081701,1020,1165,1142,1022,0,467
5289,55091701,1020,1168,1143,1021,0,467
5290,55101701,1020,1167,1146,1023,0,468
5291,55111701,1019,1162,1143,1003,0,436
5292,55121701,1018,1166,1145,1024,0,467
5293,55131701,1018,1165,1144,1024,0,466
5294,55141701,1017,1165,1145,1026,0,469
5295,55151701,1017,1163,1143,1024,0,469
5296,55161701,1017,1162,1144,1022,0,470
5297,55171701,1016,1161,1144,1024,0,470
5298,55181701,950,1157,1144,1031,0,470
5299,55191701,1016,1162,1144,1028,0,470
5300,55201701,1016,1162,1137,1030,0,469
5301,55211701,1016,1162,1144,1028,0,469
5302,55221701,1015,1161,1144,1031,0,469
5303,55231701,1015,1161,1144,1031,0,469
5304,55241701,1013,1161,1146,1031,0,470
5305,55251701,1013,1160,1144,1030,0,470
5306,55261701,1013,1159,1145,1033,0,470
5307,55271701,1012,1160,1144,1030,0,471
5308,55281701,1012,1159,1144,1031,0,470
5309,55291701,1011,1159,1144,1026,0,470
5310,55301701,1011,1159,1144,1032,0,472
5311,55311701,943,1152,1144,1032,0,472
5312,55321701,1010,1157,1140,1033,0,472
5313,55331701,1010,1158,1145,1031,0,473
5314,55341701,1009,1158,1145,1030,0,481
5315,55351701,1009,1157,1144,1032,0,473
5316,55361701,1008,1156,1143,1036,0,473
5317,55371701,1004,1154,1076,1006,0,458
5318,55381701,1006,1157,1145,1031,0,471
5319,55391701,1006,1156,1145,1032,0,471
5320,55401701,1006,1153,1145,1033,0,473
5321,55411701,1006,1152,1145,1032,0,473
5322,55421701,1006,1155,1145,1030,0,472
5323,55431701,1005,1154,1144,1033,0,473
5324,55441701,939,1146,1145,1030,0,473
5325,55451701,1004,1149,1143,1031,0,473
5326,55461701,1004,1150,1145,1030,0,472
5327,55471701,1003,1149,1144,1031,0,470
5328,55481701,1002,1148,1144,1031,0,471
5329,55491701,1001,1148,1144,1030,0,472
5330,55501701,1002,1149,1143,1007,0,443
5331,55511701,1001,1148,1142,1031,0,474
5332,55521701,1001,1149,1144,1031,0,476
5333,55531701,1000,1145,1144,1032,0,476
5334,55541701,1001,1148,1146,1027,0,474
5335,55551701,1000,1146,1143,1030,0,473
5336,55561701,1000,1147,1143,1032,0,474
5337,55571701,998,1148,1145,1028,0,473
5338,55581701,1000,1147,1145,1026,0,475
5339,55591701,999,1147,1144,1031,0,474
5340,55601701,998,1146,1146,1032,0,476
5341,55611701,999,1147,1145,1032,0,475
5342,55621701,999,1146,1144,1033,0,477
5343,55631701,1000,1147,1145,1035,0,432
5344,55641701,999,1145,1145,1033,0,477
5345,55651701,999,1145,1146,1033,0,476
5346,55661701,998,1146,1146,1030,0,476
5347,55671701,997,1144,1145,1033,0,477
5348,55681701,997,1145,1143,1033,0,476
5349,55691701,998,1146,1145,1032,0,477
5350,55701701,998,1141,1144,1033,0,475
5351,55711701,995,1143,1144,1032,0,477
5352,55721701,996,1147,1147,1032,0,478
5353,55731701,1002,1144,1144,1030,0,475
5354,55741701,996,1143,1146,1032,0,476
5355,55751701,996,1144,1145,1030,0,480
5356,55761701,999,1144,1143,1027,0,432
5357,55771701,996,1144,1143,1032,0,477
5358,55781701,995,1144,1143,1032,0,477
5359,55791701,996,1144,1145,1032,0,474
5360,55801701,997,1144,1145,1032,0,476
5361,55811701,995,1144,1145,1033,0,476
5362,55821701,996,1144,1144,1032,0,478
5363,55831701,994,1145,1145,1032,0,476
5364,55841701,996,1142,1144,1032,0,476
5365,55851701,999,1145,1145,1032,0,478
5366,55861701,997,1145,1144,1032,0,473
5367,55871701,998,1146,1144,1031,0,477
5368,55881701,999,1145,1144,1032,0,476
5369,55891701,997,1146,1144,1030,0,476
5370,55901701,1000,1146,1144,1032,1,476
5371,55911701,998,1147,1144,1032,0,477
5372,55921701,999,1146,1144,1031,0,477
5373,55931701,997,1146,1143,1032,0,476
5374,55941701,1000,1149,1144,1031,0,477
5375,55951701,999,1147,1144,1032,0,475
5376,55961701,974,1063,1124,965,0,474
5377,55971701,1004,1148,1146,1031,0,477
5378,55981701,1002,1150,1144,1032,0,474
5379,55991701,1003,1149,1143,1029,0,474
5380,56001701,1003,1150,1144,1033,0,474
5381,56011701,1004,1150,1143,1030,0,474
5382,56021701,1006,1153,1143,1031,0,473
5383,56031701,953,1096,1081,997,0,475
5384,56041701,1007,1148,1143,1032,0,474
5385,56051701,1004,1151,1144,1032,0,473
5386,56061701,1005,1150,1144,1031,0,473
5387,56071701,1006,1152,1144,1030,0,472
5388,56081701,1006,1147,1144,1032,0,473
5389,56091701,1007,1151,1143,1024,0,473
5390,56101701,1007,1155,1145,1032,0,471
5391,56111701,1007,1154,1145,1031,0,473
5392,56121701,1009,1155,1145,1026,0,473
5393,56131701,1011,1155,1144,1029,0,472
5394,56141701,1009,1158,1144,1030,0,473
5395,56151701,1010,1156,1145,1032,0,473
5396,56161701,1010,1158,1145,1032,0,473
5397,56171701,1013,1157,1144,1031,0,475
5398,56181701,1010,1157,1144,1031,0,473
5399,56191701,1012,1158,1145,1032,0,481
5400,56201701,1014,1155,1144,1033,0,474
5401,56211701,1013,1157,1145,1032,0,473
5402,56221701,1008,1157,1075,1008,0,458
5403,56231701,1012,1159,1145,1031,0,470
5404,56241701,1013,1161,1145,1033,0,471
5405,56251701,1014,1161,1145,1027,0,471
5406,56261701,1017,1159,1145,1031,0,472
5407,56271701,1014,1162,1146,1032,0,473
5408,56281701,1011,1160,1074,1006,0,457
5409,56291701,1014,1163,1145,1032,0,472
5410,56301701,1014,1161,1146,1031,0,466
5411,56311701,1014,1163,1145,1032,0,472
5412,56321701,1015,1161,1145,1032,0,471
5413,56331701,1015,1154,1155,1033,0,471
5414,56341701,1016,1159,1152,1032,0,470
5415,56351701,1016,1162,1146,1029,0,469
5416,56361701,1017,1162,1146,1031,0,473
5417,56371701,1015,1162,1146,1030,0,469
5418,56381701,1016,1162,1145,1032,0,469
5419,56391701,1014,1164,1145,1032,0,471
5420,56401701,1014,1162,1146,1029,0,470
5421,56411701,1015,1162,1145,1032,0,470
5422,56421701,1015,1164,1146,1030,0,470
5423,56431701,1015,1162,1145,1030,0,470
5424,56441701,1016,1162,1145,1033,0,473
5425,56451701,1016,1162,1146,1032,0,470
5426,56461701,1016,1161,1138,1033,0,470
5427,56471701,1017,1164,1146,1031,0,469
5428,56481701,967,1096,1118,1032,0,471
5429,56491701,1017,1164,1145,1031,0,470
5430,56501701,1017,1164,1145,1029,0,469
5431,56511701,1020,1163,1144,1031,0,469
5432,56521701,1018,1173,1146,1030,0,468
5433,56531701,1017,1163,1145,1032,0,469
5434,56541701,1016,1163,1146,1031,0,467
5435,56551701,1017,1164,1145,1030,0,469
5436,56561701,1017,1164,1144,1031,0,469
5437,56571701,1017,1164,1147,1029,0,468
5438,56581701,1017,1165,1142,1031,0,467
5439,56591701,1017,1165,1142,1030,0,467
5440,56601701,1017,1166,1143,1031,0,465
5441,56611701,1018,1167,1143,1029,0,464
5442,56621701,1019,1165,1143,1030,0,466
5443,56631701,1019,1166,1144,1028,0,464
5444,56641701,1019,1165,1144,1030,0,464
5445,56651701,1019,1166,1144,1028,0,465
5446,56661701,1020,1169,1145,1028,0,465
5447,56671701,1020,1168,1144,1028,0,464
5448,56681701,1020,1169,1143,1026,0,465
5449,56691701,1019,1168,1144,1026,0,467
5450,56701701,1020,1170,1145,1031,0,467
5451,56711701,1020,1169,1143,1031,0,463
5452,56721701,1020,1168,1146,1028,0,462
5453,56731701,1021,1169,1144,1024,0,467
5454,56741701,1021,1169,1144,1030,0,463
5455,56751701,1020,1170,1144,1031,0,467
5456,56761701,1021,1170,1142,1028,0,468
5457,56771701,1021,1171,1143,1035,0,467
5458,56781701,1022,1170,1144,1028,0,464
5459,56791701,1022,1171,1145,1037,0,466
5460,56801701,1022,1171,1145,1029,0,467
5461,56811701,1021,1172,1144,1027,0,467
5462,56821701,1023,1172,1146,1030,0,466
5463,56831701,1024,1171,1143,1030,0,463
5464,56841701,1021,1170,1144,1024,0,458
5465,56851701,1021,1171,1142,1030,0,466
5466,56861701,1021,1168,1143,1004,0,436
5467,56871701,1021,1170,1143,1028,0,465
5468,56881701,1021,1171,1143,1024,0,467
5469,56891701,1021,1170,1144,1021,0,467
5470,56901701,1021,1171,1144,1025,0,469
5471,56911701,1021,1170,1143,1028,0,467
5472,56921701,1021,1171,1146,1024,0,466
5473,56931701,1021,1170,1147,1029,0,466
5474,56941701,1021,1171,1146,1026,0,466
5475,56951701,1020,1171,1144,1026,0,465
5476,56961701,1020,1171,1145,1027,0,465
5477,56971701,1020,1170,1144,1031,0,471
5478,56981701,1020,1169,1147,1026,0,467
5479,56991701,1019,1168,1147,1021,0,421
5480,57001701,1021,1168,1146,1027,0,469
5481,57011701,1019,1168,1145,1036,0,467
5482,57021701,1020,1170,1145,1027,0,468
5483,57031701,1020,1169,1144,1028,0,467
5484,57041701,1019,1167,1144,1027,0,467
5485,57051701,1019,1167,1144,1030,0,476
5486,57061701,1019,1167,1075,1005,0,452
5487,57071701,1019,1171,1152,1029,0,469
5488,57081701,1017,1168,1146,1027,0,466
5489,57091701,1020,1169,1144,1029,0,466
5490,57101701,1020,1170,1148,1029,0,468
5491,57111701,1020,1169,1144,1030,0,467
5492,57121701,1022,1166,1144,1029,0,466
5493,57131701,1013,1093,1102,980,0,452
5494,57141701,1020,1170,1145,1026,0,465
5495,57151701,1020,1170,1145,1031,0,461
5496,57161701,1020,1169,1145,1027,0,466
5497,57171701,1020,1171,1143,1029,0,467
5498,57181701,1019,1175,1148,1028,0,466
5499,57191701,1019,1169,1145,1027,0,465
5500,57201701,1020,1171,1145,1032,0,468
5501,57211701,1021,1169,1145,1032,0,466
5502,57221701,1020,1167,1144,1032,0,468
5503,57231701,1020,1167,1144,1031,3,467
5504,57241701,1021,1167,1145,1031,0,465
5505,57251701,1021,1170,1143,1029,0,464
5506,57261701,1020,1169,1148,1032,0,467
5507,57271701,1020,1169,1145,1031,0,466
5508,57281701,1020,1168,1145,1032,0,467
5509,57291701,1020,1168,1144,1030,0,464
5510,57301701,1019,1170,1143,1031,0,468
5511,57311701,1018,1169,1145,1030,0,469
5512,57321701,1017,1168,1145,1031,0,468
5513,57331701,1018,1167,1149,1030,0,468
5514,57341701,1019,1167,1146,1031,0,467
5515,57351701,1017,1168,1146,1030,1,468
5516,57361701,1018,1167,1144,1031,0,467
5517,57371701,1021,1167,1146,1031,0,467
5518,57381701,1023,1166,1144,1028,0,468
5519,57391701,990,1075,1126,963,0,470
5520,57401701,1017,1165,1144,1032,0,468
5521,57411701,1017,1169,1145,1031,0,469
5522,57421701,1016,1168,1145,1031,0,469
5523,57431701,1017,1165,1145,1031,0,468
5524,57441701,1016,1166,1145,1030,0,469
5525,57451701,1017,1166,1146,1031,0,469
5526,57461701,1017,1163,1146,1034,0,469
5527,57471701,1017,1165,1145,1030,0,468
5528,57481701,1014,1164,1145,1029,0,469
5529,57491701,1017,1164,1145,1031,0,469
5530,57501701,1017,1163,1144,1030,0,469
5531,57511701,1020,1163,1146,1029,0,468
5532,57521701,1017,1161,1146,1030,0,469
5533,57531701,1015,1161,1146,1031,0,468
5534,57541701,1016,1163,1145,1030,0,470
5535,57551701,1015,1157,1145,1030,0,469
5536,57561701,1013,1162,1146,1026,0,474
5537,57571701,1014,1165,1146,1032,0,472
5538,57581701,1014,1162,1145,1032,0,470
5539,57591701,1015,1161,1146,1033,0,471
5540,57601701,1017,1164,1146,1033,0,470
5541,57611701,1014,1162,1145,1031,0,474
5542,57621701,1014,1161,1146,1032,0,473
5543,57631701,1014,1161,1145,1031,0,473
5544,57641701,1016,1163,1145,1032,0,473
5545,57651701,1016,1162,1146,1032,0,472
5546,57661701,1015,1164,1145,1030,0,473
5547,57671701,1015,1163,1145,1033,0,473
5548,57681701,1014,1162,1145,1031,0,473
5549,57691701,1015,1163,1145,1031,0,473
5550,57701701,1015,1162,1144,1031,0,473
5551,57711701,1015,1163,1146,1030,0,473
5552,57721701,1016,1162,1145,1031,0,474
5553,57731701,1015,1162,1145,1031,0,473
5554,57741701,1019,1163,1145,1032,0,473
5555,57751701,1017,1163,1145,1033,0,472
5556,57761701,1017,1163,1145,1031,0,474
5557,57771701,1018,1163,1145,1030,0,473
5558,57781701,1016,1163,1145,1031,0,472
5559,57791701,1016,1169,1144,1032,0,473
5560,57801701,1018,1164,1144,1029,0,473
5561,57811701,1016,1163,1142,1031,0,472
5562,57821701,1016,1163,1144,1031,0,472
5563,57831701,1016,1165,1144,1030,0,471
5564,57841701,1018,1165,1144,1030,0,472
5565,57851701,1017,1164,1144,1031,0,471
5566,57861701,1017,1164,1145,1031,0,471
5567,57871701,1017,1164,1143,1031,0,472
5568,57881701,1017,1164,1145,1026,0,470
5569,57891701,1017,1166,1145,1030,0,470
5570,57901701,1021,1164,1141,1026,0,470
5571,57911701,986,1166,1144,1031,0,470
5572,57921701,1018,1165,1144,1029,0,470
5573,57931701,1018,1166,1146,1029,0,470
5574,57941701,1018,1166,1143,1025,0,469
5575,57951701,1019,1167,1144,1026,0,470
5576,57961701,1018,1166,1144,1027,0,470
5577,57971701,1007,1089,1099,979,0,454
5578,57981701,1020,1166,1142,1027,0,469
5579,57991701,1020,1166,1143,1023,0,469
5580,58001701,1020,1167,1144,1022,0,469
5581,58011701,1020,1169,1144,1021,0,469
5582,58021701,1022,1170,1142,1021,0,469
5583,58031701,1020,1166,1142,1002,0,438
5584,58041701,1020,1171,1143,1022,0,468
5585,58051701,1022,1171,1142,1020,0,469
5586,58061701,1022,1172,1142,1021,0,470
5587,58071701,1024,1172,1141,1021,0,468
5588,58081701,1022,1172,1141,1021,0,469
5589,58091701,1025,1173,1142,1020,0,468
5590,58101701,1029,1173,1142,1020,0,468
5591,58111701,1026,1174,1143,1020,0,467
5592,58121701,1029,1173,1142,1022,0,467
5593,58131701,1030,1174,1140,1020,0,468
5594,58141701,1029,1174,1142,1019,0,467
5595,58151701,1029,1174,1143,1020,0,467
5596,58161701,1015,1096,1106,976,0,452
5597,58171701,1031,1174,1142,1021,0,467
5598,58181701,1031,1175,1142,1022,0,467
5599,58191701,1031,1175,1142,1018,0,467
5600,58201701,1032,1176,1140,1019,0,467
5601,58211701,1032,1176,1146,1023,0,466
5602,58221701,1020,1099,1096,974,0,451
5603,58231701,1033,1176,1143,1019,0,466
5604,58241701,1032,1176,1140,1020,0,465
5605,58251701,1032,1177,1142,1020,0,465
5606,58261701,1032,1177,1142,1012,0,466
5607,58271701,1033,1177,1143,1019,0,466
5608,58281701,1034,1178,1144,1019,0,463
5609,58291701,1033,1177,1142,1017,0,465
5610,58301701,1034,1177,1142,1019,0,462
5611,58311701,1035,1178,1141,1018,0,463
5612,58321701,1034,1178,1142,1019,0,465
5613,58331701,1035,1178,1135,1021,0,466
5614,58341701,1037,1178,1142,1019,0,465
5615,58351701,983,1110,1116,1019,0,466
5616,58361701,1036,1179,1142,1022,0,465
5617,58371701,1037,1179,1144,1019,0,464
5618,58381701,1036,1178,1144,1020,0,464
5619,58391701,1039,1179,1141,1028,0,464
5620,58401701,1038,1180,1142,1020,0,465
5621,58411701,1039,1186,1143,1022,0,464
5622,58421701,1040,1180,1143,1022,0,464
5623,58431701,1040,1180,1143,1019,0,463
5624,58441701,1040,1177,1142,1017,0,464
5625,58451701,1040,1182,1144,1020,0,465
5626,58461701,1040,1181,1144,1020,0,462
5627,58471701,1039,1181,1142,1019,0,460
5628,58481701,1040,1181,1141,1020,0,461
5629,58491701,1034,1182,1142,1019,0,462
5630,58501701,1042,1191,1141,1018,0,461
5631,58511701,1043,1183,1142,1016,0,460
5632,58521701,1044,1184,1142,1019,0,458
5633,58531701,1044,1184,1142,1017,0,462
5634,58541701,1046,1185,1142,1020,0,459
5635,58551701,1044,1185,1141,1015,0,416
5636,58561701,1046,1185,1142,1018,0,460
5637,58571701,1051,1186,1142,1017,0,452
5638,58581701,1046,1186,1142,1015,0,459
5639,58591701,1045,1186,1142,1016,0,454
5640,58601701,1046,1182,1142,1016,0,457
5641,58611701,1046,1185,1139,1016,0,456
5642,58621701,1034,1110,1096,971,0,442
5643,58631701,1048,1186,1141,1016,0,455
5644,58641701,1049,1187,1139,1016,0,452
5645,58651701,1048,1187,1139,1015,0,455
5646,58661701,1049,1189,1141,1015,0,454
5647,58671701,1049,1188,1141,1016,0,454
5648,58681701,1051,1189,1140,1015,0,453
5649,58691701,1045,1189,1141,1016,0,455
5650,58701701,1051,1188,1141,1015,0,453
5651,58711701,1051,1189,1141,1015,0,455
5652,58721701,1055,1189,1140,1015,0,455
5653,58731701,1048,1191,1142,1015,0,456
5654,58741701,1054,1190,1140,1015,0,457
5655,58751701,1025,1100,1122,952,0,457
5656,58761701,1052,1191,1142,1015,0,457
5657,58771701,1053,1191,1140,1015,0,456
5658,58781701,1053,1193,1139,1014,0,458
5659,58791701,1055,1191,1139,1015,0,457
5660,58801701,1055,1191,1141,1015,0,458
5661,58811701,1053,1192,1141,1017,0,464
5662,58821701,1054,1193,1141,1014,0,457
5663,58831701,1055,1193,1141,1018,0,456
5664,58841701,1054,1193,1141,1012,0,457
5665,58851701,1058,1194,1140,1013,0,456
5666,58861701,1056,1194,1142,1013,0,455
5667,58871701,1056,1189,1139,1013,0,456
5668,58881701,1007,1129,1113,1013,0,453
5669,58891701,1056,1194,1140,1012,0,456
5670,58901701,1061,1195,1140,1012,0,455
5671,58911701,1058,1196,1141,1012,0,454
5672,58921701,1057,1196,1139,1011,0,454
5673,58931701,1060,1197,1140,1011,0,451
5674,58941701,1058,1195,1141,1011,0,448
5675,58951701,987,1194,1141,1010,0,451
5676,58961701,1058,1197,1138,1006,0,448
5677,58971701,1060,1198,1138,1010,0,448
5678,58981701,1061,1198,1138,1010,0,447
5679,58991701,1060,1196,1139,1009,5,447
5680,59001701,1060,1205,1138,1009,0,448
5681,59011701,1048,1121,1093,964,0,434
5682,59021701,1061,1206,1139,1010,0,447
5683,59031701,1062,1198,1138,1011,0,447
5684,59041701,1060,1200,1138,1011,0,449
5685,59051701,1061,1196,1138,1010,0,448
5686,59061701,1061,1194,1138,1012,0,445
5687,59071701,1059,1201,1138,1011,0,446
5688,59081701,1063,1199,1139,1013,0,447
5689,59091701,1063,1199,1139,1008,0,445
5690,59101701,1065,1201,1139,1009,0,447
5691,59111701,1065,1199,1138,1009,0,447
5692,59121701,1065,1198,1138,1009,0,447
5693,59131701,1065,1200,1138,1010,0,448
5694,59141701,1068,1201,1138,1009,0,450
5695,59151701,1065,1201,1138,1006,0,446
5696,59161701,1064,1211,1138,1009,0,447
5697,59171701,1066,1205,1137,1018,0,446
5698,59181701,1065,1202,1137,1006,0,444
5699,59191701,1068,1202,1137,1005,0,443
5700,59201701,1066,1204,1135,999,0,442
5701,59211701,1066,1204,1137,1006,4,442
5702,59221701,1066,1205,1136,1005,0,442
5703,59231701,1068,1204,1135,1004,0,441
5704,59241701,1064,1205,1136,1006,0,442
5705,59251701,1067,1205,1135,1006,0,442
5706,59261701,1067,1205,1135,1006,0,441
5707,59271701,1068,1206,1135,1005,0,441
5708,59281701,1068,1206,1135,1010,0,441
5709,59291701,1068,1206,1135,1007,0,442
5710,59301701,1070,1206,1135,1005,0,439
5711,59311701,1069,1207,1135,1005,0,439
5712,59321701,1068,1207,1135,1005,0,440
5713,59331701,1069,1207,1134,1005,0,439
5714,59341701,1070,1207,1136,1005,0,438
5715,59351701,1069,1208,1135,1005,0,436
5716,59361701,1072,1207,1136,1005,0,437
5717,59371701,1070,1207,1133,1005,0,437
5718,59381701,1070,1206,1134,1005,0,437
5719,59391701,1069,1207,1134,1005,0,437
5720,59401701,1069,1208,1136,1005,0,437
5721,59411701,1069,1207,1137,1005,0,436
5722,59421701,1068,1208,1135,1006,0,438
5723,59431701,1070,1207,1136,1005,0,437
5724,59441701,1070,1207,1134,1005,0,439
5725,59451701,1070,1207,1133,1004,0,435
5726,59461701,1070,1207,1133,1005,0,436
5727,59471701,1077,1207,1133,1005,0,437
5728,59481701,1069,1207,1135,1005,0,438
5729,59491701,1069,1207,1135,1005,0,436
5730,59501701,1071,1207,1134,1005,0,437
5731,59511701,1071,1207,1134,1005,0,437
5732,59521701,1070,1207,1135,1005,0,437
5733,59531701,1070,1205,1065,986,0,423
5734,59541701,1072,1207,1135,1006,0,438
5735,59551701,1071,1207,1134,1005,0,436
5736,59561701,1070,1207,1135,1005,0,436
5737,59571701,1073,1207,1135,1005,0,437
5738,59581701,1070,1207,1133,1005,0,439
5739,59591701,1069,1207,1133,1005,0,436
5740,59601701,1070,1207,1134,1004,0,435
5741,59611701,1070,1207,1134,1003,0,438
5742,59621701,1071,1207,1135,1005,0,435
5743,59631701,1070,1207,1133,1004,0,435
5744,59641701,1068,1207,1134,1005,0,436
5745,59651701,1069,1207,1134,1005,0,435
5746,59661701,1070,1207,1134,1005,0,436
5747,59671701,1070,1207,1134,1004,0,445
5748,59681701,1069,1206,1134,1006,0,440
5749,59691701,1068,1206,1136,1006,0,437
5750,59701701,1068,1205,1134,1006,0,437
5751,59711701,1068,1206,1133,1004,0,437
5752,59721701,1068,1206,1135,1006,0,435
5753,59731701,1069,1206,1134,1004,0,437
5754,59741701,1068,1206,1135,1005,0,430
5755,59751701,1068,1206,1135,1007,0,437
5756,59761701,1069,1206,1135,1006,0,435
5757,59771701,1070,1206,1137,1004,0,437
5758,59781701,1069,1206,1134,1006,0,437
5759,59791701,1069,1206,1137,1003,0,436
5760,59801701,1069,1206,1136,1006,0,439
5761,59811701,1069,1206,1134,1006,0,437
5762,59821701,1068,1206,1135,1005,0,437
5763,59831701,1068,1205,1134,1006,0,439
5764,59841701,1068,1205,1136,1006,0,438
5765,59851701,1066,1204,1137,1006,0,443
5766,59861701,1068,1205,1137,1007,0,441
5767,59871701,1067,1204,1136,1007,0,441
5768,59881701,1067,1205,1136,1006,0,443
5769,59891701,1066,1204,1134,1005,0,443
5770,59901701,1067,1203,1136,1006,0,443
5771,59911701,1066,1204,1135,1007,0,442
5772,59921701,1067,1203,1139,1009,0,444
5773,59931701,1066,1202,1138,1006,0,444
5774,59941701,1065,1201,1137,1006,0,444
5775,59951701,1065,1199,1135,1007,0,445
5776,59961701,1065,1203,1136,1008,0,445
5777,59971701,1064,1200,1128,1007,0,444
5778,59981701,1065,1198,1141,1006,0,445
5779,59991701,1064,1199,1139,1007,0,446
5780,60001701,1062,1199,1136,1006,0,446
5781,60011701,1061,1201,1135,1006,0,447
5782,60021701,1062,1194,1136,1008,0,447
5783,60031701,1062,1196,1139,1009,0,448
5784,60041701,1032,1106,1118,949,0,449
5785,60051701,1060,1195,1137,1009,0,448
5786,60061701,1060,1198,1135,1009,0,446
5787,60071701,1060,1192,1136,1009,0,448
5788,60081701,1059,1194,1137,1008,0,450
5789,60091701,1059,1195,1137,1009,0,446
5790,60101701,1060,1194,1136,1007,0,447
5791,60111701,1061,1198,1137,1008,0,446
5792,60121701,1056,1196,1134,1008,0,446
5793,60131701,1059,1197,1135,1007,0,447
5794,60141701,1058,1197,1136,1008,0,447
5795,60151701,1057,1193,1137,1009,0,449
5796,60161701,1059,1197,1136,1009,0,449
5797,60171701,1057,1196,1136,1010,0,448
5798,60181701,1061,1194,1137,1007,0,450
5799,60191701,1059,1193,1138,1009,0,451
5800,60201701,1058,1194,1136,1009,0,451
5801,60211701,1061,1193,1137,1008,0,453
5802,60221701,1060,1194,1137,1008,0,451
5803,60231701,1065,1193,1138,1012,0,452
5804,60241701,1056,1192,1066,979,0,438
5805,60251701,1058,1192,1139,1011,0,452
5806,60261701,1061,1195,1138,1010,0,454
5807,60271701,1057,1191,1138,1009,0,452
5808,60281701,1058,1193,1138,1010,0,451
5809,60291701,1058,1195,1138,1009,0,453
5810,60301701,1056,1194,1138,1011,0,452
5811,60311701,1027,1103,1119,947,0,454
5812,60321701,1056,1192,1137,1011,0,454
5813,60331701,1056,1191,1138,1011,0,454
5814,60341701,1057,1191,1138,1010,0,455
5815,60351701,1053,1193,1138,1009,0,455
5816,60361701,1063,1192,1138,1008,0,454
5817,60371701,1041,1114,1094,964,0,438
5818,60381701,1058,1192,1138,1009,0,454
5819,60391701,1056,1190,1139,1010,0,455
5820,60401701,1058,1192,1137,1010,0,454
5821,60411701,1054,1192,1138,1011,0,454
5822,60421701,1056,1192,1137,1010,0,454
5823,60431701,1053,1191,1137,1011,0,454
5824,60441701,1042,1112,1092,965,0,438
5825,60451701,1053,1191,1138,1011,0,455
5826,60461701,1054,1193,1138,1011,0,455
5827,60471701,1053,1192,1139,1011,0,455
5828,60481701,1054,1192,1138,1011,0,455
5829,60491701,1054,1191,1139,1011,0,455
5830,60501701,1054,1191,1139,1011,0,455
5831,60511701,1053,1192,1139,1012,0,455
5832,60521701,1053,1192,1139,1011,0,455
5833,60531701,1052,1191,1140,1011,0,456
5834,60541701,1052,1191,1140,1013,0,456
5835,60551701,1052,1191,1140,1013,0,456
5836,60561701,1052,1191,1139,1013,0,456
5837,60571701,980,1184,1141,1013,0,456
5838,60581701,1052,1191,1141,1014,0,456
5839,60591701,1053,1191,1140,1014,0,456
5840,60601701,1052,1191,1140,1014,0,457
5841,60611701,1052,1190,1140,1014,0,456
5842,60621701,1053,1191,1140,1014,0,457
5843,60631701,1053,1190,1141,1014,0,456
5844,60641701,1052,1191,1141,1014,0,457
5845,60651701,1052,1190,1140,1014,0,457
5846,60661701,1052,1191,1141,1014,0,457
5847,60671701,1053,1193,1141,1015,0,458
5848,60681701,1052,1189,1141,1015,0,458
5849,60691701,1053,1192,1141,1015,0,458
5850,60701701,1052,1191,1141,1015,0,457
5851,60711701,1052,1191,1142,1015,0,458
5852,60721701,1051,1190,1142,1015,0,458
5853,60731701,1051,1189,1141,1015,0,457
5854,60741701,1051,1190,1142,1015,0,457
5855,60751701,1051,1190,1142,1015,0,457
5856,60761701,1050,1189,1141,1015,0,459
5857,60771701,1050,1189,1141,1016,0,459
5858,60781701,1050,1189,1141,1015,0,459
5859,60791701,1049,1189,1142,1016,0,459
5860,60801701,1050,1189,1142,1016,0,459
5861,60811701,1050,1189,1142,1016,0,459
5862,60821701,1050,1189,1142,1013,0,417
5863,60831701,1050,1189,1142,1016,0,459
5864,60841701,1050,1189,1142,1017,0,460
5865,60851701,1050,1189,1143,1016,0,460
5866,60861701,1050,1189,1142,1016,0,460
5867,60871701,1051,1189,1142,1017,0,461
5868,60881701,1050,1190,1142,1016,0,461
5869,60891701,978,1185,1143,1017,0,461
5870,60901701,1051,1190,1143,1017,0,461
5871,60911701,1050,1189,1142,1016,0,461
5872,60921701,1050,1189,1142,1016,0,461
5873,60931701,1050,1190,1143,1017,0,461
5874,60941701,1050,1190,1142,1017,0,462
5875,60951701,1051,1190,1143,1017,0,461
5876,60961701,1051,1190,1142,1017,0,462
5877,60971701,1051,1191,1142,1017,0,461
5878,60981701,1050,1190,1142,1017,0,462
5879,60991701,1050,1190,1143,1017,0,462
5880,61001701,1051,1190,1142,1016,0,461
5881,61011701,1051,1190,1143,1017,0,462
5882,61021701,1052,1191,1143,1017,0,463
5883,61031701,1052,1190,1142,1016,0,462
5884,61041701,1052,1191,1142,1016,0,462
5885,61051701,1052,1190,1142,1016,0,462
5886,61061701,1052,1191,1143,1017,0,461
5887,61071701,1052,1191,1143,1016,0,461
5888,61081701,1039,1112,1097,971,0,447
5889,61091701,1052,1191,1143,1017,0,463
5890,61101701,1053,1192,1143,1017,0,462
5891,61111701,1053,1192,1143,1017,0,461
5892,61121701,1054,1192,1142,1017,0,463
5893,61131701,1053,1192,1143,1016,0,462
5894,61141701,1051,1191,1073,996,0,448
5895,61151701,1053,1193,1143,1018,0,462
5896,61161701,1053,1192,1143,1017,0,458
5897,61171701,1054,1192,1143,1017,0,465
5898,61181701,1054,1192,1142,1017,0,463
5899,61191701,1054,1193,1143,1017,0,459
5900,61201701,1054,1192,1142,1015,0,464
5901,61211701,1051,1191,1072,996,0,448
5902,61221701,1055,1192,1143,1017,0,464
5903,61231701,1054,1193,1143,1019,0,467
5904,61241701,1055,1193,1143,1018,0,461
5905,61251701,1056,1193,1142,1017,0,464
5906,61261701,1057,1193,1143,1016,0,460
5907,61271701,1057,1193,1142,1016,0,462
5908,61281701,1058,1194,1143,1017,0,462
5909,61291701,1059,1194,1142,1016,0,461
5910,61301701,1059,1195,1143,1026,0,464
5911,61311701,1058,1195,1143,1017,0,461
5912,61321701,1058,1195,1142,1016,0,462
5913,61331701,1059,1195,1143,1015,0,463
5914,61341701,1030,1109,1124,953,3,461
5915,61351701,1060,1197,1142,1019,0,453
5916,61361701,1060,1198,1143,1017,0,456
5917,61371701,1060,1198,1146,1017,0,459
5918,61381701,1061,1198,1152,1018,0,461
5919,61391701,1060,1199,1145,1016,0,460
5920,61401701,1047,1122,1107,974,0,445
5921,61411701,1060,1199,1143,1017,0,459
5922,61421701,1060,1198,1148,1016,0,460
5923,61431701,1060,1196,1146,1018,0,458
5924,61441701,1060,1198,1144,1016,0,461
5925,61451701,1061,1198,1145,1017,0,461
5926,61461701,1061,1197,1142,998,0,429
5927,61471701,1062,1201,1142,1017,0,460
5928,61481701,1062,1201,1144,1017,0,459
5929,61491701,1062,1200,1143,1016,0,460
5930,61501701,1062,1201,1142,1015,0,459
5931,61511701,1062,1197,1144,1018,0,460
5932,61521701,1062,1199,1143,1016,0,460
5933,61531701,1062,1200,1148,1016,0,459
5934,61541701,1062,1202,1141,1009,0,458
5935,61551701,1062,1202,1139,1014,0,458
5936,61561701,1062,1199,1146,1015,0,458
5937,61571701,1061,1200,1142,1016,0,459
5938,61581701,1063,1204,1146,1015,0,458
5939,61591701,1063,1204,1146,1016,0,458
5940,61601701,1063,1197,1142,1016,0,457
5941,61611701,1063,1212,1142,1015,0,456
5942,61621701,1063,1198,1143,1015,0,456
5943,61631701,1063,1203,1145,1017,0,456
5944,61641701,1064,1201,1142,1015,0,456
5945,61651701,1063,1204,1137,1016,0,457
5946,61661701,1063,1202,1141,1018,0,455
5947,61671701,1069,1204,1141,1015,0,455
5948,61681701,1064,1204,1144,1016,0,456
5949,61691701,1065,1206,1144,1014,0,456
5950,61701701,1061,1203,1143,1016,0,455
5951,61711701,1065,1206,1143,1015,0,455
5952,61721701,1066,1206,1143,1018,0,455
5953,61731701,1067,1204,1143,1015,0,455
5954,61741701,1063,1207,1143,1015,0,454
5955,61751701,1068,1209,1143,1015,0,454
5956,61761701,1064,1206,1143,1015,0,455
5957,61771701,1068,1206,1142,1015,0,454
5958,61781701,1064,1208,1143,1015,0,454
5959,61791701,1060,1204,1144,1015,0,451
5960,61801701,1068,1207,1142,1014,0,453
5961,61811701,1066,1206,1141,1014,0,452
5962,61821701,1067,1206,1142,1014,0,450
5963,61831701,1066,1207,1143,1014,0,451
5964,61841701,1065,1204,1138,993,0,420
5965,61851701,1064,1207,1143,1013,0,450
5966,61861701,1066,1206,1141,1014,0,450
5967,61871701,1066,1206,1143,1014,0,451
5968,61881701,1065,1206,1142,1013,0,453
5969,61891701,1068,1205,1142,1013,0,452
5970,61901701,1067,1206,1142,1014,0,452
5971,61911701,1065,1207,1142,1014,0,453
5972,61921701,1069,1206,1142,1014,0,452
5973,61931701,1068,1206,1142,1013,0,453
5974,61941701,1068,1206,1143,1014,0,452
5975,61951701,1067,1207,1142,1014,0,450
5976,61961701,1064,1205,1143,1014,0,452
5977,61971701,1067,1206,1142,1014,0,454
5978,61981701,1066,1206,1143,1015,0,453
5979,61991701,1065,1204,1143,1015,0,455
5980,62001701,1065,1206,1142,1014,0,455
5981,62011701,1064,1205,1143,1015,0,456
5982,62021701,1064,1204,1142,1015,0,457
5983,62031701,1064,1204,1143,1015,0,457
5984,62041701,1064,1205,1143,1015,0,457
5985,62051701,1064,1204,1143,1015,0,457
5986,62061701,1064,1203,1143,1015,0,456
5987,62071701,1064,1203,1142,1015,0,457
5988,62081701,1064,1202,1142,1014,0,457
5989,62091701,1060,1200,1074,993,0,443
5990,62101701,1063,1202,1143,1015,0,457
5991,62111701,1063,1203,1142,1015,0,457
5992,62121701,1064,1202,1141,1014,0,457
5993,62131701,1064,1203,1142,1014,0,457
5994,62141701,1065,1203,1142,1014,0,456
5995,62151701,1063,1203,1142,1014,0,457
5996,62161701,1064,1203,1142,1014,0,457
5997,62171701,1064,1202,1142,1014,0,456
5998,62181701,1064,1203,1141,1013,0,456
5999,62191701,1064,1203,1141,1013,0,456
6000,62201701,1064,1201,1141,1013,0,455
6001,62211701,1063,1203,1141,1013,0,457
6002,62221701,1063,1203,1141,1013,0,456
6003,62231701,1063,1203,1141,1013,0,455
6004,62241701,1063,1203,1141,1014,0,455
6005,62251701,1063,1203,1141,1013,0,455
6006,62261701,1064,1204,1141,1013,0,455
6007,62271701,1063,1203,1141,1013,0,455
6008,62281701,1064,1203,1141,1013,0,455
6009,62291701,1013,1136,1113,1013,0,454
6010,62301701,1065,1204,1140,1012,0,454
6011,62311701,1065,1204,1140,1011,0,453
6012,62321701,1065,1204,1139,1011,0,452
6013,62331701,1065,1203,1140,1011,0,450
6014,62341701,1065,1204,1140,1010,0,451
6015,62351701,1065,1203,1140,1011,0,449
6016,62361701,1014,1134,1111,1012,0,450
6017,62371701,1065,1205,1138,1010,0,449
6018,62381701,1066,1204,1137,1009,0,446
6019,62391701,1066,1204,1137,1008,0,446
6020,62401701,1066,1204,1137,1008,0,445
6021,62411701,1066,1204,1137,1007,0,445
6022,62421701,1066,1204,1137,1006,0,445
6023,62431701,1066,1204,1136,1008,0,445
6024,62441701,1066,1205,1136,1007,0,443
6025,62451701,1066,1204,1134,1007,0,443
6026,62461701,1066,1204,1135,1006,0,444
6027,62471701,1066,1205,1134,1006,0,443
6028,62481701,1066,1205,1134,1006,0,442
6029,62491701,1067,1203,1133,987,0,412
6030,62501701,1067,1206,1134,1006,0,440
6031,62511701,1067,1205,1133,1005,0,439
6032,62521701,1067,1206,1133,1005,0,439
6033,62531701,1068,1206,1133,1005,0,440
6034,62541701,1067,1206,1133,1005,0,439
6035,62551701,1067,1204,1133,986,0,411
6036,62561701,1067,1206,1133,1005,0,439
6037,62571701,1067,1206,1133,1005,0,439
6038,62581701,1067,1206,1133,1005,0,439
6039,62591701,1068,1206,1133,1005,0,438
6040,62601701,1067,1207,1133,1004,0,439
6041,62611701,1068,1206,1133,1004,0,437
6042,62621701,1068,1206,1133,1004,0,437
6043,62631701,1067,1206,1132,1005,0,436
6044,62641701,1067,1206,1133,1004,0,436
6045,62651701,1067,1207,1132,1004,0,435
6046,62661701,1068,1207,1132,1003,0,437
6047,62671701,1068,1207,1132,1003,3,436
6048,62681701,1040,1118,1114,942,0,437
6049,62691701,1068,1206,1132,1004,0,436
6050,62701701,1068,1206,1132,1003,0,440
6051,62711701,1068,1206,1133,1007,0,435
6052,62721701,1067,1206,1132,1003,0,434
6053,62731701,1068,1205,1132,1001,2,436
6054,62741701,1039,1117,1114,942,0,436
6055,62751701,1068,1206,1132,1003,0,436
6056,62761701,1068,1206,1132,1006,0,435
6057,62771701,1068,1206,1132,1004,0,434
6058,62781701,1068,1206,1132,1007,0,434
6059,62791701,1068,1206,1132,1003,0,435
6060,62801701,1068,1206,1132,1003,0,432
6061,62811701,1068,1206,1132,1003,0,429
6062,62821701,1068,1205,1132,1005,0,435
6063,62831701,1068,1206,1132,1002,0,435
6064,62841701,1068,1206,1132,1004,0,433
6065,62851701,1068,1206,1132,1004,0,438
6066,62861701,1068,1205,1132,1003,0,437
6067,62871701,1068,1206,1134,1003,0,433
6068,62881701,1067,1206,1131,1004,0,437
6069,62891701,1067,1205,1131,1004,2,435
6070,62901701,1068,1206,1132,1004,0,435
6071,62911701,1067,1205,1132,1004,0,436
6072,62921701,1067,1205,1134,1004,0,437
6073,62931701,1068,1205,1128,1002,0,434
6074,62941701,1068,1206,1137,1004,0,435
6075,62951701,1068,1204,1132,1004,0,432
6076,62961701,1068,1207,1133,1006,0,433
6077,62971701,1068,1206,1132,1001,0,434
6078,62981701,1067,1214,1130,1006,0,433
6079,62991701,1067,1206,1126,1005,0,433
6080,63001701,1068,1214,1133,1008,0,432
6081,63011701,1068,1208,1130,1003,0,435
6082,63021701,1068,1206,1133,1002,0,436
6083,63031701,1068,1205,1130,1009,0,435
6084,63041701,1068,1205,1133,1006,0,436
6085,63051701,1067,1207,1133,1003,0,437
6086,63061701,1067,1204,1141,1003,0,438
6087,63071701,1067,1203,1127,1004,0,439
6088,63081701,1068,1206,1132,1014,0,439
6089,63091701,1067,1206,1129,1007,0,440
6090,63101701,1066,1204,1129,1010,0,440
6091,63111701,1066,1201,1133,1003,0,440
6092,63121701,1067,1201,1133,1004,0,440
6093,63131701,1066,1206,1136,1002,5,396
6094,63141701,1066,1207,1133,1003,0,440
6095,63151701,1066,1208,1135,1001,0,440
6096,63161701,1066,1205,1135,1005,0,441
6097,63171701,1066,1204,1135,1004,0,441
6098,63181701,1066,1199,1133,1005,0,440
6099,63191701,1066,1204,1133,1003,0,441
6100,63201701,1069,1205,1132,1006,0,443
6101,63211701,1067,1202,1134,1004,0,442
6102,63221701,1067,1203,1133,1005,0,442
6103,63231701,1069,1203,1132,1006,0,442
6104,63241701,1061,1204,1134,1005,0,443
6105,63251701,1064,1202,1134,1005,0,443
6106,63261701,1014,1138,1109,1008,0,444
6107,63271701,1063,1202,1134,1006,0,444
