seq,ts_us,s0,s1,s2,s3,s4,s5
120,49748700,1307,1323,1238,1034,1,526
121,49758700,1314,1336,1230,1021,0,526
122,49768700,1323,1333,1228,1017,0,531
123,49778700,1332,1339,1221,1004,0,532
124,49788700,1338,1357,1212,993,0,533
125,49798700,1350,1358,1206,986,0,532
126,49808700,1356,1364,1200,976,0,532
127,49818700,1365,1370,1193,963,0,530
128,49828700,1372,1373,1187,955,0,523
129,49838700,1383,1385,1178,945,0,513
130,49848700,1393,1391,1171,932,0,500
131,49858700,1407,1400,1157,922,0,484
132,49868700,1419,1414,1153,909,0,471
133,49878700,1432,1420,1144,892,0,456
134,49888700,1448,1427,1132,879,0,436
135,49898700,1452,1436,1128,865,0,423
136,49908700,1461,1443,1118,854,0,419
137,49918700,1464,1444,1115,840,0,409
138,49928700,1468,0,1116,824,0,407
139,49938700,1476,0,1117,837,0,407
140,49948700,1474,0,1118,833,0,407
141,49958700,1482,3,1115,832,0,399
142,49968700,1481,0,1121,834,0,413
143,49978700,1479,0,1123,826,0,413
144,49988700,1487,0,1125,826,0,414
145,49998700,1497,0,1124,822,0,418
146,50008700,1493,0,1124,818,0,420
147,50018700,1491,0,1123,818,0,422
148,50028700,1495,0,1121,818,0,424
149,50038700,1493,0,1114,807,0,428
150,50048700,1496,0,1109,806,0,431
151,50058700,1495,0,1099,803,0,436
152,50068700,1498,0,1092,795,0,437
153,50078700,1499,1466,1082,791,0,438
154,50088700,1497,1455,1075,791,0,439
155,50098700,1499,1456,1068,781,0,439
156,50108700,1497,1472,1060,773,0,438
157,50118700,1501,0,1052,770,0,435
158,50128700,1508,0,1045,761,0,429
159,50138700,1497,0,1037,757,0,423
160,50148700,1497,0,1011,674,0,379
161,50158700,1497,0,1020,737,0,411
162,50168700,1499,0,1013,728,0,407
163,50178700,1502,0,1004,714,0,398
164,50188700,1505,0,997,698,0,383
165,50198700,1507,0,985,685,0,373
166,50208700,1504,0,970,671,0,348
167,50218700,1508,0,965,662,0,341
168,50228700,1509,0,956,652,0,328
169,50238700,1510,0,949,646,0,314
170,50248700,1512,0,938,630,0,302
171,50258700,1512,0,929,620,0,294
172,50268700,1513,0,920,605,0,279
173,50278700,1513,0,908,595,0,266
174,50288700,1510,1433,902,579,0,250
175,50298700,1509,1435,887,566,0,238
176,50308700,1506,1461,876,549,0,222
177,50318700,1497,1472,861,534,0,208
178,50328700,1488,1476,845,518,0,193
179,50338700,1469,1463,828,492,0,175
180,50348700,1454,1446,809,474,0,162
181,50358700,1434,1431,787,452,0,149
182,50368700,1405,1411,751,428,0,128
183,50378700,1379,1388,728,402,0,110
184,50388700,1339,1364,699,377,0,95
185,50398700,1305,1329,664,349,0,78
186,50408700,1168,1273,586,328,0,59
187,50418700,1235,1266,606,293,0,45
188,50428700,1188,1226,566,261,0,24
189,50438700,1130,1174,527,237,0,5
190,50448700,1078,1121,481,204,0,0
191,50458700,1014,1061,426,185,0,0
192,50468700,948,986,388,158,0,0
193,50478700,879,924,340,111,0,0
194,50488700,806,847,306,87,0,0
195,50498700,710,765,270,63,0,0
196,50508700,609,672,241,44,0,0
197,50518700,491,599,220,26,0,0
198,50528700,379,518,199,16,0,0
199,50538700,278,455,191,8,0,0
200,50548700,181,376,189,6,0,0
201,50558700,93,327,183,4,0,0
202,50568700,42,284,182,5,0,0
203,50578700,10,263,180,10,0,0
204,50588700,0,235,173,14,0,0
205,50598700,0,217,174,20,0,0
206,50608700,0,191,174,21,0,0
207,50618700,0,165,180,25,0,0
208,50628700,0,160,184,28,0,0
209,50638700,0,166,186,30,0,0
210,50648700,0,169,190,34,0,0
211,50658700,0,157,202,35,0,0
212,50668700,0,167,206,37,0,0
213,50678700,0,166,212,38,0,0
214,50688700,0,161,216,41,0,0
215,50698700,0,155,222,44,0,0
216,50708700,0,152,223,45,0,0
217,50718700,0,148,225,45,0,0
218,50728700,0,139,228,51,0,0
219,50738700,0,135,230,54,0,0
220,50748700,0,121,233,54,0,0
221,50758700,0,111,236,58,0,0
222,50768700,0,103,244,60,0,0
223,50778700,0,91,247,61,0,0
224,50788700,0,85,249,68,0,0
225,50798700,0,79,252,67,0,0
226,50808700,0,76,256,68,0,0
227,50818700,0,73,254,69,0,0
228,50828700,0,71,254,69,0,0
229,50838700,0,72,252,70,0,0
230,50848700,0,71,256,70,0,0
231,50858700,0,53,238,42,0,0
232,50868700,0,73,260,70,0,0
233,50878700,0,73,262,70,0,0
234,50888700,0,75,265,70,0,0
235,50898700,0,77,265,72,0,0
236,50908700,0,74,266,73,0,0
237,50918700,0,76,268,75,0,0
238,50928700,0,80,272,75,0,0
239,50938700,0,81,274,77,0,0
240,50948700,0,83,279,77,0,0
241,50958700,0,82,280,77,0,0
242,50968700,0,80,279,76,0,0
243,50978700,0,80,271,75,0,0
244,50988700,0,75,266,74,0,0
245,50998700,0,84,253,71,0,0
246,51008700,0,82,243,69,0,0
247,51018700,0,84,236,62,0,0
248,51028700,0,84,229,58,0,0
249,51038700,0,87,231,57,0,0
250,51048700,0,83,195,56,0,0
251,51058700,0,100,233,56,0,0
252,51068700,0,107,234,54,0,0
253,51078700,0,0,255,44,0,0
254,51088700,137,445,252,22,0,0
255,51098700,473,693,236,4,0,0
256,51108700,719,863,249,0,0,0
257,51118700,880,980,247,0,0,0
258,51128700,993,1062,246,0,0,0
259,51138700,1095,1150,253,0,0,0
260,51148700,1184,1226,267,10,0,0
261,51158700,1268,1288,290,29,0,0
262,51168700,1326,1330,311,40,0,0
263,51178700,1362,1367,339,34,0,0
264,51188700,1386,1397,374,71,0,0
265,51198700,1402,1422,412,75,0,0
266,51208700,1417,0,444,92,0,0
267,51218700,1432,0,480,114,0,0
268,51228700,1449,0,512,153,0,0
269,51238700,1467,0,547,201,0,0
270,51248700,1488,0,597,248,0,0
271,51258700,1502,1512,626,298,0,0
272,51268700,1512,1525,669,348,0,0
273,51278700,1515,1529,713,412,0,0
274,51288700,1516,1534,753,469,0,0
275,51298700,1516,1534,793,522,0,0
276,51308700,1515,1445,807,494,0,0
277,51318700,1517,1541,850,587,0,0
278,51328700,1516,1541,866,607,0,0
279,51338700,1517,1536,893,622,0,0
280,51348700,1517,1529,891,639,0,0
281,51358700,1516,1527,905,661,0,0
282,51368700,1512,1518,917,680,0,0
283,51378700,1406,1481,925,697,0,0
284,51388700,1490,1498,937,712,0,6
285,51398700,1473,1482,935,725,0,40
286,51408700,1455,1465,949,742,0,84
287,51418700,1439,1449,958,764,0,128
288,51428700,1404,1431,968,789,0,170
289,51438700,1369,1317,966,745,0,181
290,51448700,1326,1367,997,857,0,266
291,51458700,1289,1332,1017,893,0,310
292,51468700,1239,1296,1033,925,0,361
293,51478700,1185,1261,1049,956,0,400
294,51488700,1131,1230,1061,982,6,438
295,51498700,1077,1192,1073,1006,25,469
296,51508700,1018,1084,1069,956,49,456
297,51518700,973,0,1104,1060,91,541
298,51528700,928,0,1111,1080,136,575
299,51538700,878,0,1124,1099,168,612
300,51548700,822,0,1132,1115,211,636
301,51558700,759,0,1140,1134,262,668
302,51568700,707,0,1147,1145,307,695
303,51578700,640,0,1156,1164,363,729
304,51588700,555,0,1161,1174,418,756
305,51598700,496,0,1163,1183,477,789
306,51608700,442,747,1163,1195,540,826
307,51618700,400,727,1167,1194,587,874
308,51628700,348,683,1165,1197,650,914
309,51638700,298,639,1141,1134,664,899
310,51648700,233,594,1164,1204,756,975
311,51658700,171,549,1163,1209,798,1003
312,51668700,110,490,1164,1215,856,1037
313,51678700,42,432,1162,1222,903,1069
314,51688700,8,376,1162,1227,949,1110
315,51698700,0,311,1160,1230,984,1116
316,51708700,0,257,1158,1240,1017,1175
317,51718700,0,209,1156,1244,1051,1198
318,51728700,0,167,1153,1250,1091,1229
319,51738700,0,124,1147,1253,1122,1256
320,51748700,0,72,1146,1260,1160,1286
321,51758700,0,29,1145,1266,1191,1309
322,51768701,0,0,1142,1274,1221,1338
323,51778700,0,0,1140,1286,1239,1360
324,51788700,0,0,1134,1293,1262,1382
325,51798700,0,0,1130,1301,1287,1402
326,51808700,0,0,1123,1305,1310,1429
327,51818700,0,0,1115,1309,1332,1453
328,51828700,0,0,1036,1297,1357,1483
329,51838700,0,0,1099,1316,1379,1509
330,51848700,0,0,1083,1319,1399,1543
331,51858700,0,0,1068,1322,1416,1565
332,51868700,0,0,1059,1321,1431,1589
333,51878700,0,0,1045,1324,1445,1611
334,51888700,0,0,1004,1250,1396,1582
335,51898700,0,0,1012,1324,1469,1664
336,51908700,0,0,994,1323,1479,1687
337,51918700,0,0,973,1321,1486,1706
338,51928700,0,0,958,1316,1487,1724
339,51938700,0,0,937,1307,1484,1744
340,51948700,0,0,916,1294,1471,1758
341,51958700,0,0,882,1267,1453,1774
342,51968700,0,0,853,1235,1423,1791
343,51978700,0,0,808,1193,1375,1812
344,51988700,0,0,762,1146,1305,1824
345,51998700,0,0,718,1096,1179,1840
346,52008700,0,0,678,1035,1017,1853
347,52018700,0,0,653,987,821,1867
348,52028701,0,0,629,940,622,1876
349,52038700,0,0,595,877,365,1878
350,52048700,0,0,556,807,186,1871
351,52058700,0,0,522,740,67,1845
352,52068700,0,0,475,658,6,1799
353,52078700,0,0,442,596,0,1724
354,52088700,0,0,408,542,0,1653
355,52098701,0,0,362,476,0,1563
356,52108700,0,0,331,392,0,1454
357,52118700,0,0,293,331,0,1301
358,52128700,0,0,261,271,0,1129
359,52138700,0,0,235,209,0,867
360,52148700,0,0,217,156,0,507
361,52158700,0,0,188,89,0,105
362,52168701,0,0,139,54,0,12
363,52178700,0,0,136,56,0,39
364,52188700,0,0,146,61,0,73
365,52198700,0,0,146,60,0,45
366,52208700,0,0,137,57,0,8
367,52218700,0,0,132,52,0,0
368,52228701,0,0,121,49,0,0
369,52238700,0,0,119,45,0,0
370,52248700,0,0,119,44,0,0
371,52258700,0,0,117,42,0,0
372,52268700,0,0,118,38,0,0
373,52278700,0,0,118,33,0,0
374,52288700,0,0,116,31,0,0
375,52298700,0,0,121,33,0,0
376,52308700,0,0,127,26,0,0
377,52318700,0,0,135,27,0,0
378,52328700,0,0,140,34,0,0
379,52338700,0,0,151,44,0,0
380,52348700,0,0,162,49,0,0
381,52358700,0,0,170,52,0,0
382,52368700,0,0,178,53,0,0
383,52378700,0,0,186,57,0,0
384,52388700,0,0,194,60,0,0
385,52398700,0,0,200,65,0,0
386,52408700,0,0,205,70,0,0
387,52418700,0,0,209,73,0,0
388,52428700,0,0,208,73,0,0
389,52438700,0,0,204,75,0,0
390,52448700,0,0,193,75,0,0
391,52458700,0,0,187,75,0,0
392,52468700,0,0,184,75,0,0
393,52478700,0,0,180,75,0,3
394,52488700,0,0,173,75,0,0
395,52498700,0,0,167,75,0,0
396,52508700,0,0,160,76,0,0
397,52518700,0,0,153,76,0,0
398,52528700,0,0,150,76,0,0
399,52538700,0,0,148,75,0,0
400,52548700,0,0,145,76,0,0
401,52558700,0,0,149,77,0,0
402,52568700,0,0,150,79,0,0
403,52578700,0,0,152,83,0,0
404,52588700,0,0,155,81,0,0
405,52598700,0,0,157,81,0,0
406,52608700,0,0,160,83,0,2
407,52618700,0,0,161,82,0,0
408,52628700,0,0,161,83,0,0
409,52638700,0,0,159,81,0,0
410,52648700,0,0,153,78,0,0
411,52658700,0,0,148,73,0,0
412,52668700,0,7,167,64,0,0
413,52678700,0,0,172,42,0,0
414,52688700,59,358,165,21,0,0
415,52698700,267,673,160,6,0,0
416,52708700,541,887,169,1,0,0
417,52718700,696,1004,167,0,0,0
418,52728700,774,1055,170,0,0,0
419,52738700,841,1101,168,0,0,0
420,52748700,906,1145,168,0,0,0
421,52758700,968,1196,183,1,0,0
422,52768700,1018,1239,189,2,0,0
423,52778700,1072,1274,215,10,0,0
424,52788700,1121,1313,233,33,0,0
425,52798700,1160,1342,238,52,0,0
426,52808700,1198,1369,285,86,0,0
427,52818700,1232,1396,353,125,0,0
428,52828700,1256,1417,435,205,0,0
429,52838700,1273,1434,505,269,0,0
430,52848700,1295,1440,593,357,0,0
431,52858700,1310,1444,645,424,0,25
432,52868700,1328,1444,689,490,0,122
433,52878700,1339,1437,736,552,0,224
434,52888700,1346,1427,766,602,0,316
435,52898700,1351,1415,812,649,0,431
436,52908700,1349,1398,833,695,0,502
437,52918700,1340,1384,865,744,0,575
438,52928700,1334,1376,894,781,0,647
439,52938700,1323,1371,918,813,40,717
440,52948700,1309,1356,933,843,74,755
441,52958700,1304,1346,951,864,102,793
442,52968700,1291,1337,960,875,132,821
443,52978700,1281,1336,968,888,160,845
444,52988700,1270,1330,974,897,200,857
445,52998700,1257,1318,978,909,223,875
446,53008700,1239,1305,985,919,240,901
447,53018700,1222,1290,988,925,275,918
448,53028700,1199,1267,992,932,299,933
449,53038700,1172,1245,997,937,326,947
450,53048700,1142,1221,1000,947,344,954
451,53058700,1117,1202,1002,954,357,967
452,53068700,1099,1185,1002,959,376,977
453,53078701,1078,1174,1008,972,393,981
454,53088700,1065,1162,1008,973,417,990
455,53098700,1054,1149,1012,981,435,1001
456,53108700,1049,1134,1014,986,464,1012
457,53118700,1026,1122,1021,994,470,1022
458,53128700,1008,1110,1022,998,500,1037
459,53138700,999,1100,1017,1008,526,1051
460,53148700,984,1091,1029,1012,557,1066
461,53158700,973,1077,1029,1017,596,1084
462,53168700,965,1066,1039,1021,629,1099
463,53178700,953,1060,1042,1037,652,1113
464,53188700,946,1053,1043,1046,677,1127
465,53198700,937,1048,1048,1049,701,1138
466,53208700,925,1035,1050,1062,727,1144
467,53218700,911,1014,1054,1071,750,1164
468,53228700,882,994,1061,1082,780,1181
469,53238700,841,964,1064,1097,818,1200
470,53248700,797,938,1068,1107,858,1222
471,53258700,747,0,1072,1116,905,1239
472,53268700,688,0,1074,1125,939,1257
473,53278700,638,0,1073,1136,976,1272
474,53288700,598,0,1077,1141,1008,1288
475,53298700,536,0,1080,1147,1042,1302
476,53308700,487,0,1079,1155,1074,1318
477,53318700,415,0,1081,1164,1115,1328
478,53328700,357,0,1081,1171,1144,1340
479,53338701,298,0,1081,1179,1173,1361
480,53348700,224,0,1079,1184,1202,1380
481,53358700,152,0,1078,1192,1237,1399
482,53368700,86,0,1077,1196,1257,1419
483,53378700,32,0,1075,1205,1287,1435
484,53388700,0,0,1069,1211,1311,1453
485,53398700,0,0,1066,1222,1344,1469
486,53408700,0,0,1062,1227,1372,1492
487,53418700,0,0,1055,1235,1401,1512
488,53428700,0,0,1048,1238,1427,1539
489,53438700,0,0,1039,1244,1448,1562
490,53448700,0,0,1025,1246,1465,1580
491,53458700,0,0,1013,1252,1485,1602
492,53468700,0,0,1001,1255,1496,1622
493,53478700,0,0,989,1257,1507,1638
494,53488700,0,0,971,1258,1515,1656
495,53498700,0,0,947,1259,1523,1676
496,53508700,0,0,921,1254,1529,1693
497,53518700,0,0,878,1246,1540,1706
498,53528700,0,0,808,1163,1465,1663
499,53538700,0,0,782,1205,1519,1733
500,53548700,0,0,750,1178,1506,1743
501,53558700,0,0,711,1143,1477,1750
502,53568700,0,0,660,1105,1435,1757
503,53578700,0,0,616,1064,1378,1764
504,53588700,0,0,567,1009,1309,1770
505,53598700,0,0,540,955,1212,1775
506,53608700,0,0,492,905,1109,1781
507,53618700,0,0,459,858,1006,1783
508,53628700,0,0,437,819,901,1784
509,53638700,0,0,422,779,741,1780
510,53648700,0,0,393,729,555,1768
511,53658700,0,0,369,672,354,1748
512,53668700,0,0,346,619,216,1702
513,53678700,0,0,315,574,103,1644
514,53688700,0,0,296,550,39,1565
515,53698700,0,0,275,497,0,1467
516,53708700,0,0,264,460,0,1368
517,53718701,0,0,254,405,0,1259
518,53728700,0,0,249,362,0,1162
519,53738700,0,0,251,338,0,1047
520,53748700,0,0,248,306,0,887
521,53758700,0,0,240,278,0,715
522,53768700,0,0,237,251,0,483
523,53778700,0,0,220,185,0,208
524,53788700,0,0,217,154,0,41
525,53798700,0,0,187,103,0,0
526,53808700,0,0,176,82,0,0
527,53818700,0,0,169,73,0,0
528,53828700,0,0,158,60,0,0
529,53838700,0,0,152,60,0,0
530,53848700,0,0,149,56,0,0
531,53858700,0,0,149,58,0,0
532,53868700,0,0,152,62,0,0
533,53878700,0,0,153,66,0,0
534,53888700,0,0,156,73,0,0
535,53898700,0,0,158,79,0,0
536,53908700,0,0,154,52,0,0
537,53918700,0,0,168,89,0,0
538,53928700,0,0,173,90,0,0
539,53938700,0,0,178,93,0,0
540,53948700,0,0,186,99,0,0
541,53958700,0,0,190,105,0,0
542,53968700,0,0,204,110,0,0
543,53978700,0,0,211,117,0,0
544,53988700,0,0,214,122,0,0
545,53998700,0,0,216,126,0,0
546,54008700,0,0,220,130,0,0
547,54018700,0,0,221,127,1,2
548,54028700,0,0,218,123,0,0
549,54038700,0,0,214,119,0,0
550,54048700,0,0,211,116,0,0
551,54058700,0,0,207,110,0,0
552,54068700,0,0,202,108,0,0
553,54078700,0,0,200,107,0,0
554,54088700,0,0,201,108,0,0
555,54098700,0,0,195,109,0,0
556,54108700,0,0,183,78,0,0
557,54118700,0,0,185,104,0,0
558,54128700,0,0,179,101,0,0
559,54138700,0,0,171,91,0,0
560,54148700,0,0,166,90,0,0
561,54158700,0,0,163,82,0,0
562,54168700,0,0,153,74,0,0
563,54178700,0,0,156,57,0,0
564,54188700,0,43,148,42,0,0
565,54198700,0,86,131,19,0,0
566,54208700,0,147,106,2,0,0
567,54218700,10,234,97,0,0,0
568,54228700,110,375,87,0,0,0
569,54238700,298,534,76,0,0,0
570,54248700,523,708,78,0,0,0
571,54258700,697,877,87,0,0,0
572,54268700,837,977,118,0,0,0
573,54278700,926,1044,114,0,0,0
574,54288700,990,1080,123,0,0,0
575,54298700,1023,1117,186,11,0,0
576,54308700,1045,1132,261,68,0,0
577,54318700,1044,1134,326,103,0,0
578,54328700,1042,1125,397,176,0,0
579,54338700,1047,1100,466,242,0,0
580,54348700,1048,1096,542,298,0,93
581,54358700,1045,1096,602,386,0,214
582,54368700,1053,1097,653,444,0,352
583,54378700,1056,1102,694,512,0,477
584,54388700,1064,1097,732,566,25,587
585,54398700,1065,1094,748,607,97,687
586,54408700,1067,1090,777,642,173,777
587,54418700,1069,1017,788,607,239,778
588,54428700,1069,1083,809,709,336,903
589,54438700,1061,1071,831,745,423,951
590,54448700,1047,1061,853,775,534,996
591,54458700,1021,1049,860,801,618,1048
592,54468700,1005,1034,880,823,700,1095
593,54478700,992,1019,894,847,764,0
594,54488700,983,1013,909,867,820,0
595,54498700,971,1004,923,883,873,0
596,54508700,973,1000,927,893,917,0
597,54518700,966,998,934,904,954,0
598,54528700,960,994,938,909,981,0
599,54538700,955,992,939,913,999,1213
600,54548700,948,987,941,919,1016,1224
601,54558700,936,980,944,921,1044,1234
602,54568700,922,967,951,926,1063,1241
603,54578700,903,952,953,932,1086,1245
604,54588700,886,940,952,936,1094,1251
605,54598700,861,931,954,941,1111,1255
606,54608700,852,922,954,942,1122,1257
607,54618700,849,914,956,945,1133,1254
608,54628700,848,910,957,948,1135,1256
609,54638700,840,907,958,948,1143,1257
610,54648700,838,0,962,950,1144,1258
611,54658700,839,0,963,955,1152,1258
612,54668700,837,0,964,958,1156,1259
613,54678700,840,0,970,961,1148,1258
614,54688700,842,0,972,965,1159,1258
615,54698700,845,0,975,969,1163,1258
616,54708700,848,0,978,971,1169,1258
617,54718700,847,0,979,975,1175,1259
618,54728700,841,0,982,979,1177,1258
619,54738700,851,0,985,983,1180,1258
620,54748700,854,0,987,986,1183,1259
621,54758700,855,0,997,996,1181,1259
622,54768700,863,0,1002,1000,1182,1258
623,54778700,852,0,1006,1004,1188,1260
624,54788700,845,0,1011,1012,1192,1262
625,54798700,823,1,1015,1020,1197,1262
626,54808700,811,0,1017,1035,1201,1267
627,54818700,789,0,1018,1035,1208,1264
628,54828700,759,0,1021,1043,1213,1270
629,54838700,731,0,1027,1050,1228,1275
630,54848700,696,0,1031,1061,1230,1285
631,54858700,653,0,1032,1065,1242,1287
632,54868700,554,0,1035,1075,1257,1294
633,54878700,569,0,1037,1081,1264,1302
634,54888700,511,0,1036,1093,1273,1310
635,54898700,443,0,1034,1101,1289,1322
636,54908700,378,0,1035,1109,1304,1336
637,54918700,299,0,1032,1119,1322,1351
638,54928700,190,0,1033,1131,1340,1361
639,54938700,158,1,1031,1138,1360,1370
640,54948700,92,0,1022,1146,1379,1383
641,54958700,37,0,1016,1158,1402,1395
642,54968700,3,0,1005,1162,1430,1414
643,54978700,0,0,990,1173,1448,1428
644,54988700,0,0,967,1178,1467,1439
645,54998700,0,0,945,1183,1490,1452
646,55008700,0,0,911,1186,1504,1466
647,55018700,0,0,863,1178,1519,1481
648,55028700,0,0,816,1170,1534,0
649,55038700,0,0,780,1148,1549,0
650,55048700,0,0,734,1125,1558,0
651,55058700,0,0,650,1023,1500,0
652,55068700,0,0,605,1042,1574,1563
653,55078700,0,0,550,986,1574,1587
654,55088700,0,0,488,918,1569,1610
655,55098700,0,0,424,848,1557,1639
656,55108700,0,0,357,770,1525,1659
657,55118700,0,0,292,658,1414,1630
658,55128700,0,0,262,660,1384,1707
659,55138700,0,0,243,610,1249,1723
660,55148700,0,0,226,569,1101,1740
661,55158700,0,0,201,539,903,1752
662,55168700,0,0,178,501,715,0
663,55178700,0,0,157,462,567,0
664,55188700,0,0,144,418,408,1690
665,55198700,0,0,134,374,276,1619
666,55208700,0,0,127,325,147,1521
667,55218700,0,0,135,269,47,1399
668,55228700,0,0,122,225,0,1271
669,55238700,0,0,130,186,0,1123
670,55248700,0,0,125,152,0,935
671,55258700,0,0,127,126,0,700
672,55268700,0,0,114,84,0,417
673,55278700,0,0,107,62,0,110
674,55288700,0,0,88,32,0,0
675,55298700,0,0,84,23,0,0
676,55308700,0,0,88,26,0,9
677,55318700,0,0,83,27,0,5
678,55328700,0,0,77,19,0,0
679,55338700,0,0,74,19,0,0
680,55348700,0,0,75,18,0,0
681,55358700,0,0,77,19,0,0
682,55368700,0,0,77,19,0,0
683,55378700,0,0,66,5,0,0
684,55388700,0,0,84,26,0,0
685,55398700,0,0,92,29,0,0
686,55408700,0,0,97,38,0,0
687,55418700,0,0,106,43,0,0
688,55428700,0,0,109,45,0,0
689,55438700,0,0,112,52,0,0
690,55448700,0,0,120,52,0,0
691,55458700,0,0,122,52,0,0
692,55468700,0,0,130,53,0,0
693,55478700,0,0,136,58,0,0
694,55488700,0,0,136,59,0,0
695,55498700,0,0,142,59,0,0
696,55508700,0,0,141,59,0,0
697,55518700,0,0,138,61,0,0
698,55528700,0,0,136,58,0,0
699,55538700,0,0,127,56,0,0
700,55548700,0,0,121,55,0,0
701,55558700,0,0,116,53,0,0
702,55568700,0,0,114,54,0,0
703,55578700,0,0,115,55,0,0
704,55588700,0,0,117,57,0,0
705,55598700,0,0,118,58,0,0
706,55608700,0,0,122,62,0,0
707,55618700,0,0,124,66,0,0
708,55628700,0,0,124,69,0,0
709,55638700,0,0,125,71,0,0
710,55648700,0,0,127,69,0,0
711,55658700,0,0,125,67,0,0
712,55668700,0,0,125,62,0,0
713,55678700,0,0,126,60,0,0
714,55688700,0,0,128,59,0,0
715,55698700,0,0,127,55,0,0
716,55708700,0,0,113,38,0,0
717,55718700,0,0,111,29,0,0
718,55728700,27,221,105,5,0,0
719,55738700,227,531,114,0,0,0
720,55748700,550,844,117,0,0,0
721,55758700,786,1049,124,0,0,0
722,55768700,928,1163,140,0,0,0
723,55778700,1003,1225,148,0,0,0
724,55788700,1080,1291,161,0,0,0
725,55798700,1156,1360,182,0,0,0
726,55808700,1213,1417,214,0,0,0
727,55818700,1269,1455,248,4,0,0
728,55828700,1305,1492,276,18,0,0
729,55838700,1265,1426,310,55,0,1
730,55848700,1351,1522,366,76,0,0
731,55858700,1359,1527,428,138,0,0
732,55868700,1365,1533,505,219,0,0
733,55878700,1365,1536,586,304,0,0
734,55888700,1371,1529,659,400,0,0
735,55898700,1370,1526,716,510,0,0
736,55908700,1368,1521,771,586,0,0
737,55918700,1365,1509,822,654,0,37
738,55928700,1357,1493,851,721,0,94
739,55938700,1345,1466,870,776,0,166
740,55948700,1330,1433,904,825,0,240
741,55958700,1313,1396,934,872,0,314
742,55968700,1298,1373,956,904,0,408
743,55978700,1274,1351,973,938,6,472
744,55988700,1258,1328,996,967,0,537
745,55998700,1239,1305,1004,987,35,585
746,56008700,1210,1276,1024,1002,81,632
747,56018700,1188,1252,1037,1033,113,685
748,56028700,1065,1205,981,978,148,734
749,56038700,1113,1186,1059,1074,197,776
750,56048700,1067,1148,1067,1088,238,813
751,56058700,1014,1099,1074,1111,290,853
752,56068700,969,0,1079,1126,345,875
753,56078700,916,0,1078,1143,408,908
754,56088700,867,0,1093,1158,449,924
755,56098700,814,0,1096,1167,491,954
756,56108700,772,0,1098,1177,534,983
757,56118700,722,0,1101,1189,564,1005
758,56128700,679,0,1103,1195,600,1024
759,56138700,633,0,1102,1206,625,1047
760,56148700,604,0,1108,1209,657,1062
761,56158700,573,0,1111,1214,683,1078
762,56168700,542,0,1104,1224,703,1085
763,56178700,518,0,1116,1223,722,1096
764,56188700,501,0,1117,1237,727,1101
765,56198700,489,0,1122,1241,743,1107
766,56208700,472,0,1127,1245,749,1112
767,56218700,459,0,1128,1258,757,1114
768,56228700,454,0,1133,1254,758,1118
769,56238700,439,0,1138,1258,774,1122
770,56248700,423,0,1140,1260,780,1127
771,56258700,412,0,1141,1265,790,1129
772,56268700,409,0,1142,1265,801,1131
773,56278700,408,0,1144,1268,805,1132
774,56288700,414,0,1143,1268,752,1117
775,56298700,417,0,1146,1270,811,1138
776,56308700,417,0,1144,1269,820,1140
777,56318700,393,0,1145,1271,824,1142
778,56328700,366,0,1146,1272,842,1147
779,56338700,320,0,1148,1273,866,1158
780,56348700,279,0,1149,1275,882,1168
781,56358700,190,0,1079,1275,905,1175
782,56368700,180,0,1153,1283,931,1186
783,56378700,124,0,1152,1288,953,1197
784,56388700,90,0,1151,1288,979,1212
785,56398700,58,0,1150,1297,1005,1227
786,56408700,21,0,1152,1303,1041,1242
787,56418700,0,0,1153,1309,1072,1264
788,56428700,0,0,1153,1316,1108,1292
789,56438700,0,0,1152,1323,1138,1316
790,56448700,0,0,1151,1326,1175,1341
791,56458700,0,0,1147,1336,1212,1368
792,56468700,0,0,1144,1341,1243,1390
793,56478700,0,0,1138,1352,1280,1420
794,56488700,0,0,1127,1360,1318,1448
795,56498700,0,0,1113,1367,1362,1467
796,56508700,0,0,1097,1370,1392,1493
797,56518700,0,0,1067,1370,1415,1514
798,56528700,0,0,1032,1365,1438,1542
799,56538700,0,0,984,1358,1455,1569
800,56548700,0,0,939,1336,1467,1594
801,56558700,0,0,858,1310,1483,1624
802,56568700,0,0,823,1274,1489,1646
803,56578700,0,0,771,1231,1485,1673
804,56588700,0,0,700,1176,1463,1693
805,56598700,0,0,635,1117,1423,1718
806,56608700,0,0,562,1049,1358,1741
807,56618700,0,0,493,966,1251,1761
808,56628700,0,0,439,889,1116,1776
809,56638700,0,0,407,818,971,1784
810,56648700,0,0,361,738,780,1788
811,56658700,0,0,310,661,566,1784
812,56668700,0,0,281,584,387,1757
813,56678700,0,0,250,535,281,1713
814,56688700,0,0,216,467,180,1616
815,56698700,0,0,187,410,111,1580
816,56708700,0,0,159,347,40,1482
817,56718700,0,0,139,302,0,1382
818,56728700,0,0,121,254,0,1259
819,56738700,0,0,109,205,0,1111
820,56748700,0,0,102,168,0,908
821,56758701,0,0,98,123,0,680
822,56768700,0,0,91,87,0,344
823,56778700,0,0,87,62,0,15
824,56788700,0,0,59,24,0,0
825,56798700,0,0,56,12,0,0
826,56808700,0,0,61,17,0,0
827,56818700,0,0,62,14,0,0
828,56828700,0,0,56,10,0,0
829,56838700,0,0,48,5,0,0
830,56848700,0,0,47,3,0,0
831,56858700,0,0,54,3,0,0
832,56868700,0,0,56,5,0,0
833,56878700,0,0,56,9,0,0
834,56888700,0,0,68,18,0,0
835,56898700,0,0,75,25,0,0
836,56908700,0,0,89,38,0,0
837,56918700,0,0,97,42,0,0
838,56928700,0,0,116,48,0,0
839,56938700,0,0,136,57,0,0
840,56948700,0,0,155,62,0,0
841,56958700,0,0,163,63,0,0
842,56968700,0,0,169,61,0,0
843,56978700,0,0,171,58,0,0
844,56988700,0,0,174,54,0,0
845,56998700,0,0,171,47,0,0
846,57008700,0,0,167,43,0,0
847,57018700,0,0,159,39,0,0
848,57028700,0,0,153,40,0,0
849,57038700,0,0,148,40,0,0
850,57048700,0,0,140,40,0,0
851,57058700,0,0,129,39,0,0
852,57068700,0,0,122,38,0,0
853,57078700,0,0,119,39,0,0
854,57088700,0,0,118,41,0,0
855,57098700,0,0,120,41,0,0
856,57108700,0,0,123,42,0,2
857,57118700,0,0,125,44,0,0
858,57128700,0,0,125,45,0,0
859,57138700,0,0,123,45,0,0
860,57148700,0,0,130,45,0,0
861,57158700,0,0,124,39,0,0
862,57168700,0,0,124,38,3,0
863,57178700,0,0,121,38,0,0
864,57188700,0,0,119,36,0,0
865,57198700,0,0,112,35,0,0
866,57208700,0,0,106,30,0,0
867,57218700,0,0,104,30,0,0
868,57228700,0,0,105,30,0,0
869,57238700,0,0,109,33,0,0
870,57248700,0,0,111,37,0,0
871,57258700,0,0,112,39,0,0
872,57268700,0,0,118,43,0,0
873,57278700,0,0,95,50,0,0
874,57288700,0,0,136,57,0,0
875,57298700,0,0,143,52,0,0
876,57308700,0,0,149,59,0,0
877,57318700,0,0,157,62,0,0
878,57328700,0,0,164,53,0,0
879,57338700,0,0,169,54,0,0
880,57348700,0,0,179,51,0,0
881,57358700,0,0,174,51,0,0
882,57368700,0,48,173,44,0,0
883,57378700,0,142,187,41,0,0
884,57388700,127,376,224,51,0,0
885,57398700,430,643,240,59,0,0
886,57408700,749,905,380,188,0,0
887,57418700,927,1017,472,282,0,0
888,57428700,978,1055,526,350,0,1
889,57438700,1001,1082,610,482,0,73
890,57448700,1000,1083,690,579,0,126
891,57458700,994,1082,765,662,0,189
892,57468700,904,1071,832,756,0,254
893,57478700,971,0,889,824,0,290
894,57488700,969,0,938,902,0,339
895,57498700,973,0,990,953,0,374
896,57508700,985,0,1026,995,0,405
897,57518700,996,0,1053,1024,0,436
898,57528700,1006,0,1079,1055,0,464
899,57538700,1014,0,1094,1076,0,490
900,57548700,1019,0,1114,1104,0,519
901,57558700,1020,0,1128,1124,0,543
902,57568700,1019,0,1140,1137,0,569
903,57578700,1016,0,1144,1160,0,597
904,57588700,1012,0,1158,1174,0,619
905,57598700,1005,0,1158,1177,1,636
906,57608700,997,0,1166,1183,24,675
907,57618700,989,0,1168,1196,53,696
908,57628700,971,0,1170,1195,81,715
909,57638700,954,0,1174,1199,101,741
910,57648700,938,0,1176,1206,123,761
911,57658700,918,0,1176,1209,144,777
912,57668700,914,0,1179,1213,175,801
913,57678700,903,0,1176,1212,215,824
914,57688700,889,0,1175,1216,274,853
915,57698700,880,0,1173,1213,351,879
916,57708700,857,0,1165,1211,416,909
917,57718700,823,0,1161,1209,466,934
918,57728700,799,0,1159,1214,518,956
919,57738700,758,0,1154,1211,580,981
920,57748700,728,0,1148,1210,644,1001
921,57758700,685,0,1140,1209,705,1020
922,57768700,662,0,1131,1207,767,1045
923,57778700,641,0,1123,1205,824,1063
924,57788700,614,0,1115,1201,900,1084
925,57798700,585,0,1110,1199,954,1101
926,57808700,558,0,1106,1196,1007,1115
927,57818700,525,0,1101,1196,1047,1127
928,57828700,471,0,1094,1198,1082,1141
929,57838700,435,0,1087,1196,1122,1150
930,57848700,385,0,1082,1194,1151,1164
931,57858700,322,0,1076,1193,1179,1177
932,57868700,273,0,1069,1192,1200,1188
933,57878700,231,0,1065,1190,1223,1197
934,57888700,192,0,1059,1192,1242,1209
935,57898700,157,0,1052,1190,1257,1214
936,57908700,136,0,1046,1189,1272,1226
937,57918700,115,0,1040,1185,1203,1214
938,57928700,103,0,1045,1190,1297,1241
939,57938700,86,0,1045,1191,1304,1247
940,57948700,74,0,1047,1195,1309,1254
941,57958700,72,0,1046,1196,1318,1256
942,57968700,71,0,1047,1198,1321,1260
943,57978700,72,0,1047,1198,1322,1261
944,57988700,72,0,1048,1198,1321,1261
945,57998700,73,0,1049,1196,1317,1263
946,58008700,85,0,1048,1193,1308,1261
947,58018700,100,0,1048,1193,1304,1260
948,58028700,116,0,1049,1193,1300,1258
949,58038700,131,0,1049,1191,1294,1258
950,58048700,148,0,1051,1190,1291,1258
951,58058700,164,0,1049,1189,1283,1258
952,58068700,186,0,1047,1186,1274,1257
953,58078700,206,0,1048,1184,1266,1254
954,58088700,227,0,1047,1181,1256,1253
955,58098700,262,0,1047,1179,1247,1252
956,58108700,299,0,1021,1110,1176,1200
957,58118700,331,0,1046,1174,1213,1242
958,58128700,364,0,1045,1170,1196,1235
959,58138700,405,0,1043,1162,1171,1226
960,58148700,439,0,1038,1150,1139,1212
961,58158700,473,0,1037,1143,1103,1204
962,58168700,522,0,1033,1133,1069,1190
963,58178700,565,0,1030,1122,1039,1178
964,58188700,599,0,1017,1111,996,1173
965,58198700,631,0,1010,1097,964,1155
966,58208700,662,0,1006,1085,934,1142
967,58218700,691,0,1001,1075,903,1126
968,58228700,723,0,998,1062,849,1101
969,58238700,745,0,975,961,775,1012
970,58248700,764,0,982,1032,740,1057
971,58258700,789,0,968,1004,676,1024
972,58268700,807,0,949,980,629,991
973,58278700,828,0,929,951,545,948
974,58288700,847,0,906,925,469,0
975,58298700,865,0,879,885,420,0
976,58308700,807,0,795,840,357,0
977,58318700,896,0,841,823,303,0
978,58328700,887,0,821,799,263,755
979,58338700,865,0,800,779,231,721
980,58348700,839,0,775,750,190,683
981,58358700,806,0,747,726,138,638
982,58368700,776,0,698,620,73,524
983,58378700,747,606,671,634,25,487
984,58388700,726,788,632,567,0,403
985,58398700,698,766,566,489,0,311
986,58408700,660,745,512,423,0,214
987,58418700,622,721,437,339,0,149
988,58428700,587,695,363,261,0,87
989,58438700,550,665,291,195,0,36
990,58448700,509,636,230,118,0,0
991,58458700,469,615,166,84,0,0
992,58468700,413,582,106,40,0,0
993,58478700,370,545,97,17,0,0
994,58488700,313,0,95,6,0,0
995,58498700,258,0,96,1,0,0
996,58508700,211,0,94,0,0,0
997,58518700,170,0,88,0,0,0
998,58528700,126,0,79,0,0,0
999,58538700,98,0,83,0,0,0
1000,58548700,93,0,76,0,0,0
1001,58558700,83,0,73,0,0,0
1002,58568700,60,0,64,0,0,0
1003,58578700,39,0,63,0,0,0
1004,58588700,25,0,66,0,0,0
1005,58598700,9,0,61,0,0,2
1006,58608700,0,0,61,0,0,0
1007,58618700,0,0,57,0,0,0
1008,58628700,0,0,56,0,0,0
1009,58638700,0,0,58,0,0,0
1010,58648700,0,0,59,0,0,0
1011,58658700,0,0,58,0,0,0
1012,58668700,0,0,60,0,0,0
1013,58678700,0,0,61,0,0,0
1014,58688700,0,0,68,0,0,0
1015,58698700,0,0,67,0,0,0
1016,58708700,0,0,72,0,0,0
1017,58718700,0,0,78,0,0,0
1018,58728700,0,0,81,0,0,0
1019,58738700,0,0,83,0,0,0
1020,58748700,0,0,86,1,0,0
1021,58758700,0,0,86,0,0,0
1022,58768700,0,0,93,2,0,0
1023,58778700,0,0,93,2,0,0
1024,58788700,0,0,98,2,0,0
1025,58798700,0,0,99,1,0,0
1026,58808700,0,0,101,2,0,0
1027,58818700,0,0,102,1,0,0
1028,58828700,0,0,103,3,0,0
1029,58838700,0,0,101,3,0,0
1030,58848700,0,0,101,5,0,0
1031,58858700,0,0,100,4,0,0
1032,58868700,0,0,100,5,0,0
1033,58878700,0,0,99,6,0,0
1034,58888700,0,0,104,5,0,0
1035,58898700,0,0,89,2,0,0
1036,58908700,0,0,108,12,2,0
1037,58918700,0,0,114,16,0,0
1038,58928700,0,0,119,19,0,0
1039,58938700,0,0,122,22,0,0
1040,58948700,0,0,125,26,1,0
1041,58958700,0,0,121,29,0,0
1042,58968701,0,0,124,32,0,0
1043,58978700,0,0,133,36,0,0
1044,58988700,0,0,136,38,0,0
1045,58998700,0,0,139,38,0,0
1046,59008700,0,0,140,39,0,0
1047,59018700,0,0,143,42,0,0
1048,59028700,0,0,148,42,0,0
1049,59038700,0,0,149,42,0,0
1050,59048700,0,0,148,42,0,0
1051,59058700,0,0,153,31,0,0
1052,59068700,0,0,151,24,0,0
1053,59078700,52,378,148,20,0,0
1054,59088700,213,571,128,5,0,0
1055,59098700,431,752,113,0,0,0
1056,59108700,641,903,118,0,0,0
1057,59118700,784,1015,117,0,0,0
1058,59128700,909,1111,124,0,0,0
1059,59138700,997,1197,133,0,0,0
1060,59148700,1083,1269,167,0,0,0
1061,59158700,1153,1336,193,7,0,0
1062,59168700,1225,1388,237,32,0,0
1063,59178700,1264,1421,279,54,0,0
1064,59188700,1292,1442,341,107,0,0
1065,59198700,1309,1461,424,193,0,0
1066,59208700,1320,1470,521,268,0,0
1067,59218700,1330,1482,597,352,0,0
1068,59228700,1334,1486,650,427,0,0
1069,59238700,1334,0,729,529,0,0
1070,59248700,1326,0,801,622,0,41
1071,59258700,1320,0,857,691,0,135
1072,59268700,1309,0,905,763,0,234
1073,59278700,1301,0,935,809,0,343
1074,59288700,1288,0,937,784,0,392
1075,59298700,1277,0,982,879,0,490
1076,59308700,1269,0,989,906,24,555
1077,59318700,1259,0,1006,922,50,598
1078,59328700,1246,0,1017,937,90,649
1079,59338700,1231,0,1027,948,141,690
1080,59348700,1211,0,1028,956,150,720
1081,59358700,1191,0,1040,970,228,769
1082,59368700,1173,0,1043,979,270,799
1083,59378700,1152,0,1049,987,317,825
1084,59388700,1131,0,1052,995,351,850
1085,59398700,1116,0,1052,1000,373,867
1086,59408700,1091,0,1046,1001,403,880
1087,59418701,1069,0,1054,1009,436,897
1088,59428700,1039,0,1059,1017,465,906
1089,59438700,1011,0,1062,1022,491,922
1090,59448700,990,0,1063,1033,529,939
1091,59458700,972,0,1069,1043,552,952
1092,59468700,965,0,1066,1055,585,967
1093,59478700,957,0,1056,965,587,904
1094,59488700,951,0,1071,1059,625,982
1095,59498700,939,0,1076,1065,644,992
1096,59508700,926,0,1079,1070,660,1002
1097,59518700,909,0,1084,1078,677,1006
1098,59528700,893,0,1092,1085,689,1015
1099,59538700,886,0,1087,1097,698,1032
1100,59548700,873,0,1098,1106,710,1039
1101,59558700,861,0,1101,1110,718,1045
1102,59568700,846,0,1103,1116,741,1053
1103,59578700,822,0,1108,1125,758,1060
1104,59588700,800,0,1108,1131,784,1069
1105,59598700,772,0,1112,1136,806,1080
1106,59608700,695,0,1072,1060,808,1093
1107,59618700,723,0,1116,1149,847,1104
1108,59628700,699,0,1118,1159,863,1119
1109,59638700,683,0,1118,1165,886,1127
1110,59648700,658,0,1122,1169,905,1138
1111,59658700,630,0,1125,1174,919,1143
1112,59668700,613,0,1123,1170,933,1127
1113,59678700,595,0,1128,1180,952,1158
1114,59688700,562,0,1129,1185,966,1171
1115,59698700,546,0,1130,1187,983,1176
1116,59708700,515,0,1129,1191,996,1179
1117,59718700,499,0,1131,1193,1013,1181
1118,59728700,477,0,1132,1193,1017,1190
1119,59738700,464,0,1133,1194,1026,1172
1120,59748700,442,0,1135,1198,1044,1198
1121,59758700,422,0,1135,1199,1047,1204
1122,59768700,395,0,1138,1204,1065,1210
1123,59778700,360,0,1138,1206,1076,1212
1124,59788700,334,0,1139,1208,1089,1231
1125,59798700,311,0,1140,1218,1104,1226
1126,59808700,288,0,1138,1213,1039,1213
1127,59818700,269,0,1141,1218,1122,1239
1128,59828700,247,0,1140,1218,1129,1239
1129,59838700,224,0,1139,1224,1134,1243
1130,59848700,206,0,1140,1225,1139,1247
1131,59858700,189,0,1139,1224,1146,1251
1132,59868700,179,0,1138,1223,1146,1254
1133,59878700,152,0,1139,1225,1147,1255
1134,59888700,139,0,1133,1225,1140,1245
1135,59898700,122,0,1129,1218,1126,1249
1136,59908700,106,0,1126,1218,1108,1241
1137,59918700,88,0,1122,1205,1096,1240
1138,59928700,65,0,1115,1204,1086,1235
1139,59938700,26,0,1089,1109,1054,1152
1140,59948700,0,0,1098,1192,1067,1223
1141,59958700,0,0,1078,1177,1045,1208
1142,59968700,0,0,1048,1153,1013,1190
1143,59978700,0,0,1007,1125,972,1159
1144,59988700,0,0,959,1092,917,1124
1145,59998700,0,0,911,1073,841,1070
1146,60008701,0,0,847,1033,752,1000
1147,60018700,0,0,789,997,667,932
1148,60028700,0,0,731,958,556,871
1149,60038700,0,0,659,910,437,798
1150,60048700,0,0,589,858,373,721
1151,60058700,0,0,529,798,260,630
1152,60068700,0,0,472,680,132,508
1153,60078700,0,0,450,649,56,440
1154,60088700,0,0,403,542,0,315
1155,60098700,0,0,366,433,0,169
1156,60108700,0,0,349,347,0,42
1157,60118700,0,0,294,241,0,0
1158,60128700,0,0,261,154,0,0
1159,60138700,0,0,184,90,0,0
1160,60148700,0,0,205,81,0,0
1161,60158700,0,0,198,69,0,0
1162,60168700,0,0,196,73,0,0
1163,60178700,0,0,199,71,0,0
1164,60188700,0,0,188,68,0,0
1165,60198700,0,0,184,61,0,0
1166,60208700,0,0,186,57,0,0
1167,60218700,0,0,183,55,0,0
1168,60228700,0,0,185,54,0,0
1169,60238700,0,0,182,52,0,0
1170,60248700,0,0,181,52,0,0
1171,60258700,0,0,186,50,0,0
1172,60268700,0,0,179,45,0,0
1173,60278700,0,0,179,50,0,0
1174,60288700,0,0,184,51,0,0
1175,60298700,0,0,183,51,0,0
1176,60308700,0,0,186,50,0,0
1177,60318700,0,0,190,48,0,0
1178,60328700,0,0,193,50,0,0
1179,60338700,0,0,192,45,0,0
1180,60348700,0,0,191,43,0,0
1181,60358700,0,0,199,43,0,0
1182,60368700,0,0,200,41,0,0
1183,60378700,0,0,203,42,0,0
1184,60388700,0,0,206,43,0,0
1185,60398700,0,0,200,23,0,0
1186,60408700,0,0,212,45,0,0
1187,60418700,0,0,212,50,0,0
1188,60428700,0,0,215,54,0,0
1189,60438700,0,0,218,54,0,0
1190,60448700,0,0,221,55,0,0
1191,60458700,0,2,225,55,0,0
1192,60468700,0,0,205,34,0,0
1193,60478700,0,0,229,57,0,0
1194,60488700,0,0,229,58,0,0
1195,60498700,0,0,229,57,0,0
1196,60508700,0,0,228,55,0,0
1197,60518700,0,0,229,55,0,0
1198,60528700,0,0,228,53,0,0
1199,60538700,0,0,230,56,0,0
1200,60548700,0,0,227,54,0,0
1201,60558700,0,0,232,55,0,0
1202,60568700,0,0,235,56,0,0
1203,60578700,0,0,237,57,0,0
1204,60588700,0,0,242,34,0,0
1205,60598700,60,0,237,21,0,0
1206,60608700,216,571,244,38,0,0
1207,60618700,404,722,244,45,0,0
1208,60628700,531,817,271,68,0,0
1209,60638700,616,877,291,103,0,0
1210,60648700,658,908,386,173,0,0
1211,60658700,671,917,460,263,0,0
1212,60668700,686,867,569,302,0,0
1213,60678700,710,0,660,447,0,0
1214,60688700,726,0,744,551,0,43
1215,60698700,747,0,805,625,0,121
1216,60708700,769,0,857,685,0,181
1217,60718700,790,0,910,747,0,255
1218,60728700,810,0,942,796,0,314
1219,60738700,826,0,982,842,0,374
1220,60748700,852,0,1014,884,0,432
1221,60758700,871,0,1046,921,0,477
1222,60768700,886,0,1069,950,0,522
1223,60778700,904,0,1085,973,25,559
1224,60788700,916,0,1106,988,47,593
1225,60798700,854,0,1118,1004,72,625
1226,60808700,921,0,1125,1017,93,660
1227,60818700,929,0,1131,1029,127,685
1228,60828700,926,0,1139,1042,179,715
1229,60838700,922,0,1148,1049,212,737
1230,60848700,923,0,1149,1060,242,758
1231,60858700,843,0,1083,1063,287,788
1232,60868700,925,0,1162,1073,316,812
1233,60878700,924,0,1169,1080,358,822
1234,60888700,918,0,1172,1085,396,853
1235,60898700,916,0,1174,1096,434,869
1236,60908700,910,0,1180,1102,459,894
1237,60918700,904,0,1184,1111,496,903
1238,60928700,892,0,1188,1118,530,914
1239,60938700,887,0,1190,1120,556,925
1240,60948700,879,0,1193,1126,572,935
1241,60958700,875,0,1194,1128,593,944
1242,60968700,867,0,1196,1131,616,955
1243,60978700,850,0,1199,1137,636,966
1244,60988700,827,0,1175,1077,625,938
1245,60998700,806,0,1204,1144,688,988
1246,61008700,786,0,1205,1143,709,996
1247,61018700,761,0,1202,1145,723,999
1248,61028700,746,0,1203,1147,735,1008
1249,61038700,742,0,1204,1147,742,1005
1250,61048700,732,0,1204,1152,749,1008
1251,61058700,715,0,1213,1157,756,1020
1252,61068700,694,0,1205,1159,771,1018
1253,61078700,664,0,1204,1162,788,1022
1254,61088700,620,0,1205,1163,797,1034
1255,61098700,585,0,1208,1167,811,1035
1256,61108700,544,0,1208,1169,822,1041
1257,61118701,510,0,1209,1175,835,1043
1258,61128700,484,0,1213,1176,846,1048
1259,61138700,457,0,1214,1192,857,1053
1260,61148700,410,0,1216,1189,874,1062
1261,61158700,363,0,1218,1193,893,1069
1262,61168700,314,0,1221,1203,916,1081
1263,61178700,232,0,1175,1119,914,1086
1264,61188700,217,0,1224,1210,954,1094
1265,61198700,170,0,1226,1215,972,1102
1266,61208700,135,0,1225,1224,993,1106
1267,61218700,106,0,1230,1227,1015,1121
1268,61228700,90,0,1230,1234,1033,1131
1269,61238700,77,0,1231,1239,1055,1137
1270,61248700,46,0,1233,1241,1072,1156
1271,61258700,30,0,1233,1244,1096,1162
1272,61268700,18,0,1235,1247,1111,1175
1273,61278700,8,0,1234,1251,1122,1177
1274,61288700,0,0,1234,1253,1134,1182
1275,61298700,0,0,1235,1257,1147,1188
1276,61308700,0,0,1236,1256,1163,1198
1277,61318700,0,0,1235,1259,1175,1207
1278,61328700,0,0,1236,1259,1180,1214
1279,61338700,0,0,1236,1262,1190,1222
1280,61348700,0,0,1237,1265,1199,1228
1281,61358700,0,0,1238,1267,1200,1234
1282,61368700,0,0,1237,1270,1207,1235
1283,61378700,0,0,1238,1270,1201,1235
1284,61388700,0,0,1237,1267,1191,1238
1285,61398700,0,0,1237,1263,1189,1238
1286,61408700,0,0,1237,1267,1190,1239
1287,61418700,0,0,1238,1270,1190,1240
1288,61428700,0,0,1236,1267,1192,1241
1289,61438700,0,0,1214,1173,1172,1162
1290,61448700,0,0,1234,1268,1187,1241
1291,61458700,0,0,1233,1266,1183,1239
1292,61468700,0,0,1230,1263,1180,1237
1293,61478700,6,0,1230,1262,1176,1235
1294,61488700,19,0,1228,1260,1162,1230
1295,61498700,27,0,1227,1258,1149,1225
1296,61508700,15,0,1149,1216,1104,1220
1297,61518700,60,0,1227,1252,1122,1211
1298,61528700,76,0,1226,1250,1106,1206
1299,61538700,92,0,1226,1246,1082,1193
1300,61548700,111,0,1222,1240,1054,1181
1301,61558700,146,0,1216,1228,1015,1170
1302,61568700,144,0,1136,1208,969,1147
1303,61578700,219,0,1205,1197,889,1112
1304,61588700,274,0,1192,1166,804,1067
1305,61598700,347,0,1177,1130,713,1006
1306,61608700,432,0,1161,1096,596,931
1307,61618700,504,0,1140,1065,486,866
1308,61628700,558,0,1118,1041,403,821
1309,61638700,586,0,1089,1013,348,787
1310,61648700,581,0,1062,991,289,739
1311,61658700,542,0,1032,968,232,696
1312,61668700,485,0,991,940,186,652
1313,61678700,402,0,946,905,140,0
1314,61688700,306,0,901,867,96,0
1315,61698700,217,0,858,830,67,0
1316,61708700,128,0,812,799,20,0
1317,61718700,58,0,760,759,0,374
1318,61728700,8,0,690,711,0,282
1319,61738700,0,0,636,661,0,213
1320,61748700,0,0,587,589,0,121
1321,61758700,0,0,504,501,0,71
1322,61768700,0,0,444,421,0,13
1323,61778700,0,0,378,332,0,0
1324,61788700,0,0,332,254,0,0
1325,61798700,0,0,300,179,0,0
1326,61808700,0,0,268,117,0,0
1327,61818700,0,0,234,85,0,0
1328,61828700,0,0,218,68,0,0
1329,61838700,0,0,216,61,0,0
1330,61848700,0,0,215,63,0,0
1331,61858700,0,0,216,69,0,0
1332,61868700,0,0,216,68,0,0
1333,61878700,0,0,210,63,0,0
1334,61888700,0,0,198,36,0,0
1335,61898700,0,0,218,61,0,0
1336,61908700,0,0,219,66,0,0
1337,61918700,0,0,219,63,0,0
1338,61928700,0,0,217,57,0,0
1339,61938700,0,0,214,55,0,0
1340,61948700,0,0,217,52,0,0
1341,61958700,0,0,217,53,0,0
1342,61968700,0,0,215,54,0,0
1343,61978700,0,0,216,53,0,0
1344,61988700,0,0,214,49,0,0
1345,61998700,0,0,215,46,0,0
1346,62008700,0,0,212,45,0,0
1347,62018700,0,0,193,19,0,0
1348,62028700,0,0,209,46,0,0
1349,62038700,0,0,211,43,0,0
1350,62048700,0,0,211,40,0,0
1351,62058700,0,0,214,48,0,0
1352,62068700,0,0,210,41,0,0
1353,62078700,0,0,213,38,0,0
1354,62088700,0,0,213,38,0,0
1355,62098700,0,0,203,37,0,0
1356,62108700,0,0,204,36,0,1
1357,62118700,0,0,207,37,0,0
1358,62128700,0,0,205,41,0,0
1359,62138700,0,0,210,42,0,0
1360,62148700,0,0,212,41,0,0
1361,62158700,0,0,212,41,0,0
1362,62168700,0,0,214,41,0,0
1363,62178700,0,0,216,40,0,0
1364,62188700,0,0,218,44,0,0
1365,62198700,0,0,220,44,0,0
1366,62208700,0,0,209,25,0,0
1367,62218700,0,0,223,45,0,0
1368,62228700,0,0,221,44,0,0
1369,62238700,0,0,226,49,0,0
1370,62248700,0,0,236,54,0,0
1371,62258700,0,0,248,59,0,0
1372,62268700,0,0,280,86,0,0
1373,62278700,0,0,337,147,0,0
1374,62288700,0,0,437,211,0,0
1375,62298700,0,229,500,263,0,0
1376,62308700,0,284,575,365,0,0
1377,62318700,0,333,648,462,0,86
1378,62328700,0,363,701,542,0,188
1379,62338700,2,378,767,605,0,277
1380,62348700,1,389,827,673,0,378
1381,62358700,0,402,859,724,0,464
1382,62368700,6,413,906,785,0,538
1383,62378700,19,443,944,840,1,596
1384,62388700,26,0,985,882,38,649
1385,62398700,43,0,1020,915,59,695
1386,62408700,61,0,1045,940,56,729
1387,62418700,91,0,1074,973,117,769
1388,62428700,132,0,1098,993,142,793
1389,62438700,181,0,1118,1015,169,810
1390,62448700,229,0,1136,1033,192,827
1391,62458700,275,0,1150,1049,215,837
1392,62468700,313,0,1172,1064,247,827
1393,62478700,357,0,1180,1078,268,855
1394,62488700,410,0,1187,1085,302,869
1395,62498700,444,0,1196,1095,335,878
1396,62508700,474,0,1203,1103,363,890
1397,62518700,498,0,1207,1112,392,904
1398,62528700,522,0,1218,1121,414,914
1399,62538700,535,0,1225,1130,436,925
1400,62548700,542,0,1228,1139,461,944
1401,62558700,547,0,1237,1145,484,949
1402,62568700,551,0,1243,1149,506,957
1403,62578700,555,0,1248,1158,520,962
1404,62588700,558,0,1251,1162,540,968
1405,62598700,567,0,1257,1166,546,968
1406,62608700,568,0,1260,1174,550,974
1407,62618700,580,0,1263,1174,551,972
1408,62628700,591,0,1268,1175,553,967
1409,62638700,600,0,1271,1179,557,972
1410,62648700,601,0,1274,1180,561,971
1411,62658700,597,0,1278,1182,559,969
1412,62668700,599,0,1279,1185,554,970
1413,62678700,598,0,1281,1191,539,964
1414,62688700,599,0,1285,1189,530,956
1415,62698700,604,0,1285,1191,517,949
1416,62708700,607,0,1287,1192,498,936
1417,62718700,609,0,1288,1194,489,932
1418,62728700,604,0,1291,1193,486,928
1419,62738700,600,0,1293,1200,482,922
1420,62748700,586,0,1297,1203,483,921
1421,62758700,584,0,1300,1211,477,917
1422,62768700,589,0,1304,1208,472,914
1423,62778700,582,0,1304,1211,469,913
1424,62788700,589,0,1305,1210,467,905
1425,62798700,590,0,1308,1215,461,902
1426,62808700,591,0,1310,1218,454,892
1427,62818700,592,0,1314,1226,444,890
1428,62828700,595,0,1316,1225,449,886
1429,62838700,592,0,1317,1227,447,885
1430,62848700,595,0,1320,1230,436,880
1431,62858700,595,0,1322,1241,423,875
1432,62868700,598,0,1324,1236,414,872
1433,62878700,600,0,1326,1235,411,870
1434,62888700,603,0,1330,1239,413,871
1435,62898700,591,0,1332,1241,419,871
1436,62908700,588,0,1334,1242,421,872
1437,62918700,579,1,1335,1243,422,872
1438,62928700,573,0,1337,1244,426,872
1439,62938700,566,0,1339,1250,429,871
1440,62948700,561,0,1342,1251,426,869
1441,62958700,556,0,1348,1254,422,869
1442,62968700,555,0,1349,1257,424,867
1443,62978700,553,0,1352,1257,422,863
1444,62988700,487,0,1269,1254,423,868
1445,62998700,542,0,1355,1259,426,868
1446,63008700,537,0,1356,1263,429,872
1447,63018700,534,0,1357,1264,437,871
1448,63028700,526,0,1358,1266,438,873
1449,63038700,530,0,1359,1268,441,874
1450,63048700,532,0,1361,1268,443,876
1451,63058700,535,0,1360,1271,445,876
1452,63068700,536,0,1357,1270,448,878
1453,63078700,534,0,1362,1270,452,880
1454,63088700,534,0,1365,1270,455,884
1455,63098700,535,0,1364,1271,455,886
1456,63108700,541,0,1363,1272,458,888
1457,63118700,549,0,1357,1270,418,876
1458,63128700,554,0,1361,1269,466,900
1459,63138700,569,0,1362,1269,466,904
1460,63148700,576,0,1361,1268,468,906
1461,63158700,591,0,1359,1264,467,910
1462,63168700,599,0,1359,1264,469,909
1463,63178700,605,0,1358,1264,470,914
1464,63188700,614,0,1351,1262,427,897
1465,63198700,618,0,1358,1264,471,915
1466,63208700,623,0,1357,1262,473,916
1467,63218700,626,0,1356,1261,469,917
1468,63228700,634,0,1354,1261,467,916
1469,63238700,645,0,1352,1257,461,916
1470,63248700,651,0,1350,1254,461,916
1471,63258700,591,0,1266,1245,451,916
1472,63268700,666,0,1346,1248,457,916
1473,63278700,669,0,1347,1245,455,914
1474,63288700,676,0,1344,1242,452,912
1475,63298700,682,0,1337,1239,444,908
1476,63308700,689,0,1334,1234,436,907
1477,63318700,696,0,1333,1229,429,906
1478,63328700,636,0,1244,1216,417,904
1479,63338700,720,0,1329,1216,405,893
1480,63348700,730,0,1315,1208,380,887
1481,63358700,748,0,1309,1197,357,873
1482,63368700,756,0,1295,1181,303,853
1483,63378700,764,0,1279,1165,263,818
1484,63388700,769,0,1235,1079,203,747
1485,63398700,764,0,1240,1116,190,758
1486,63408700,742,1,1213,1092,178,731
1487,63418700,692,0,1189,1064,162,701
1488,63428700,617,0,1163,1041,145,679
1489,63438700,524,0,1132,1011,133,657
1490,63448700,402,0,1098,984,109,627
1491,63458700,261,0,1053,953,91,599
1492,63468700,136,0,1000,921,83,556
1493,63478700,21,0,942,894,64,1
1494,63488700,0,0,875,858,53,0
1495,63498700,0,0,799,809,40,0
1496,63508700,0,0,695,754,53,0
1497,63518700,0,0,630,679,51,0
1498,63528700,0,0,567,597,27,0
1499,63538700,0,0,526,527,0,0
1500,63548700,0,0,457,442,0,0
1501,63558700,0,0,424,364,0,155
1502,63568700,0,0,371,286,0,114
1503,63578700,0,0,334,212,0,18
1504,63588700,0,0,306,156,0,0
1505,63598700,0,0,281,114,0,0
1506,63608700,0,0,248,79,0,0
1507,63618700,0,0,220,48,0,0
1508,63628700,0,0,195,36,0,0
1509,63638700,0,0,193,33,0,0
1510,63648700,0,0,188,32,0,0
1511,63658700,0,0,199,36,0,0
1512,63668700,0,0,190,36,0,0
1513,63678700,0,0,190,37,0,0
1514,63688700,0,0,191,37,0,2
1515,63698700,0,0,195,42,0,0
1516,63708700,0,0,197,36,0,0
1517,63718700,0,0,196,40,0,0
1518,63728700,0,0,193,38,0,0
1519,63738700,0,0,196,38,0,0
1520,63748700,0,0,195,40,0,2
1521,63758700,0,0,197,41,0,0
1522,63768700,0,0,191,41,0,0
1523,63778700,0,0,189,40,0,0
1524,63788700,0,0,185,39,0,0
1525,63798700,0,3,181,38,0,0
1526,63808700,0,0,173,35,0,0
1527,63818700,0,0,168,30,0,0
1528,63828700,0,0,154,27,0,0
1529,63838700,0,0,150,26,0,0
1530,63848700,0,0,146,25,0,0
1531,63858700,0,0,133,22,0,0
1532,63868700,0,0,126,20,0,0
1533,63878700,0,0,117,20,0,0
1534,63888700,0,0,107,19,0,0
1535,63898700,0,0,104,20,0,0
1536,63908700,0,0,95,2,0,0
1537,63918700,0,0,99,14,0,0
1538,63928700,0,0,106,20,3,0
1539,63938700,0,0,113,23,0,0
1540,63948700,0,0,119,31,0,0
1541,63958700,0,0,127,43,0,0
1542,63968700,0,0,139,53,0,0
1543,63978700,0,0,138,28,0,0
1544,63988700,0,0,150,59,0,0
1545,63998700,0,0,152,61,0,0
1546,64008700,0,0,155,61,0,0
1547,64018700,0,0,158,66,0,0
1548,64028700,0,0,163,69,0,0
1549,64038700,0,0,163,70,0,0
1550,64048700,0,0,166,71,0,0
1551,64058700,0,0,168,72,1,0
1552,64068700,0,0,169,72,0,0
1553,64078700,0,0,174,73,0,0
1554,64088700,0,0,182,44,0,0
1555,64098700,0,0,175,29,0,0
1556,64108700,10,0,173,16,0,0
1557,64118700,168,498,166,5,0,0
1558,64128700,417,812,148,2,0,0
1559,64138700,650,955,161,0,0,0
1560,64148700,782,1059,154,0,0,0
1561,64158700,852,1110,150,0,0,0
1562,64168700,848,1122,117,0,0,0
1563,64178700,982,1206,144,0,0,0
1564,64188700,1045,1263,156,0,0,0
1565,64198700,1105,1306,156,0,0,0
1566,64208700,1163,1352,173,8,0,0
1567,64218700,1216,1393,203,27,0,0
1568,64228700,1263,1432,226,37,0,0
1569,64238700,1309,1468,260,63,0,0
1570,64248700,1338,1498,298,86,0,0
1571,64258700,1364,1523,333,114,0,0
1572,64268700,1383,1547,420,170,0,0
1573,64278700,1396,1560,473,220,0,0
1574,64288700,1416,1575,530,272,0,0
1575,64298700,1432,1590,586,309,0,0
1576,64308700,1450,1607,626,353,0,0
1577,64318700,1461,1616,659,397,0,0
1578,64328700,1468,1624,698,442,0,0
1579,64338700,1478,1627,740,482,0,0
1580,64348700,1482,1633,779,535,0,0
1581,64358700,1487,1641,803,568,0,0
1582,64368700,1484,1642,830,603,0,0
1583,64378700,1493,1645,857,629,0,0
1584,64388700,1490,1645,885,662,0,0
1585,64398700,1487,1645,908,693,0,0
1586,64408700,1483,1644,928,721,0,0
1587,64418700,1475,1642,954,754,0,0
1588,64428700,1463,1637,979,781,1,0
1589,64438700,1454,1634,1000,811,0,10
1590,64448700,1436,1629,1017,837,0,21
1591,64458700,1425,1623,1044,863,0,29
1592,64468700,1400,1612,1063,882,0,41
1593,64478700,1390,1600,1082,917,0,53
1594,64488700,1367,1584,1105,947,0,65
1595,64498700,1337,1571,1129,978,0,79
1596,64508700,1309,374,1146,1001,0,100
1597,64518700,1286,0,1164,1021,0,111
1598,64528700,1262,0,1182,1048,0,139
1599,64538700,1239,0,1194,1065,0,156
1600,64548700,1210,0,1207,1083,0,179
1601,64558700,1187,0,1223,1102,0,207
1602,64568700,1163,0,1237,1125,0,227
1603,64578700,1133,0,1246,1143,0,242
1604,64588700,1109,0,1257,1164,0,268
1605,64598700,1085,0,1267,1177,0,282
1606,64608700,1054,0,1275,1191,0,304
1607,64618700,1032,0,1283,1203,0,328
1608,64628700,1013,0,1289,1209,0,342
1609,64638700,997,0,1294,1225,0,373
1610,64648700,987,0,1300,1231,0,393
1611,64658700,974,0,1304,1239,0,413
1612,64668700,964,0,1309,1243,0,428
1613,64678700,942,0,1314,1252,0,449
1614,64688700,921,0,1319,1259,0,472
1615,64698700,896,0,1324,1267,0,496
1616,64708700,862,0,1326,1272,0,531
1617,64718700,821,0,1330,1279,4,550
1618,64728700,781,0,1332,1288,12,576
1619,64738700,739,0,1335,1294,37,598
1620,64748700,707,0,1336,1300,60,621
1621,64758700,668,0,1338,1305,73,641
1622,64768700,629,0,1339,1309,83,660
1623,64778700,589,0,1340,1316,98,682
1624,64788700,550,0,1342,1320,114,700
1625,64798700,492,0,1346,1324,137,718
1626,64808700,440,0,1346,1329,166,735
1627,64818700,385,0,1346,1331,184,757
1628,64828700,341,0,1345,1333,219,786
1629,64838700,302,0,1340,1335,265,814
1630,64848700,264,0,1340,1336,294,834
1631,64858700,212,0,1340,1339,314,849
1632,64868700,164,0,1341,1344,347,868
1633,64878700,102,0,1343,1354,379,893
1634,64888700,58,0,1347,1359,421,918
1635,64898700,5,0,1350,1365,466,943
1636,64908700,0,568,1346,1370,506,971
1637,64918700,0,507,1347,1374,570,1001
1638,64928700,0,444,1343,1380,622,1032
1639,64938700,0,369,1342,1383,683,1057
1640,64948700,0,284,1340,1387,746,1085
1641,64958700,0,201,1339,1397,801,1114
1642,64968701,0,97,1338,1403,842,1149
1643,64978700,0,38,1335,1413,886,1182
1644,64988700,0,0,1332,1420,933,1213
1645,64998700,0,0,1324,1428,987,1232
1646,65008700,0,0,1314,1439,1040,1259
1647,65018700,0,0,1297,1433,1085,1297
1648,65028700,0,0,1259,1434,1050,1310
1649,65038700,0,0,1222,1432,1168,1368
1650,65048700,0,0,1165,1420,1204,1403
1651,65058700,0,0,1110,1396,1241,1437
1652,65068700,0,0,1046,1365,1269,1478
1653,65078700,0,0,974,1320,1292,1516
1654,65088700,0,0,922,1272,1303,1556
1655,65098700,0,0,859,1211,1294,1592
1656,65108700,0,0,767,1147,1271,1623
1657,65118700,0,0,660,1083,1211,1652
1658,65128700,0,0,585,1001,1118,1684
1659,65138700,0,0,527,934,1002,1710
1660,65148700,0,0,478,880,826,1719
1661,65158700,0,0,394,732,574,1630
1662,65168700,0,0,364,713,373,1711
1663,65178700,0,0,298,610,258,1685
1664,65188700,0,0,261,533,140,1638
1665,65198700,0,0,219,468,65,1581
1666,65208700,0,0,191,408,8,1501
1667,65218700,0,0,155,330,0,1368
1668,65228700,0,0,147,282,0,1279
1669,65238700,0,0,143,235,0,1148
1670,65248700,0,0,120,186,0,970
1671,65258700,0,1,103,146,0,743
1672,65268700,0,0,106,92,0,423
1673,65278700,0,0,87,70,0,83
1674,65288700,0,0,63,30,0,31
1675,65298700,0,0,61,34,0,47
1676,65308700,0,0,69,29,0,50
1677,65318700,0,0,70,26,0,29
1678,65328700,0,0,63,26,0,2
1679,65338700,0,0,61,21,0,0
1680,65348700,0,0,57,25,0,0
1681,65358700,0,0,62,23,0,0
1682,65368700,0,0,69,25,0,0
1683,65378700,0,0,76,27,0,0
1684,65388700,0,0,82,34,0,0
1685,65398700,0,0,89,42,0,0
1686,65408700,0,0,90,46,0,0
1687,65418700,0,0,94,48,0,0
1688,65428700,0,0,101,56,0,0
1689,65438700,0,0,107,55,0,0
1690,65448700,0,0,110,56,0,0
1691,65458700,0,0,116,57,0,0
1692,65468700,0,0,118,54,0,0
1693,65478700,0,0,122,59,0,0
1694,65488700,0,0,124,63,0,0
1695,65498700,0,0,128,64,0,0
1696,65508700,0,0,136,66,0,0
1697,65518700,0,0,142,75,0,0
1698,65528700,0,0,145,78,0,0
1699,65538700,0,0,118,85,0,0
1700,65548700,0,0,150,89,0,0
1701,65558700,0,0,152,92,0,0
1702,65568700,0,0,150,91,0,0
1703,65578700,0,0,148,99,0,0
1704,65588700,0,0,145,102,0,0
1705,65598700,0,0,146,102,0,0
1706,65608701,0,0,139,105,0,0
1707,65618700,0,0,137,102,0,0
1708,65628700,0,0,132,99,0,0
1709,65638700,0,0,121,98,0,0
1710,65648700,0,0,119,96,0,0
1711,65658700,0,0,120,97,0,0
1712,65668701,0,0,102,62,0,0
1713,65678700,0,1,111,90,0,0
1714,65688700,0,0,104,81,0,0
1715,65698700,0,0,95,76,0,0
1716,65708700,0,1,91,65,0,0
1717,65718700,0,0,88,57,0,0
1718,65728700,0,0,77,51,0,0
1719,65738700,0,0,82,36,0,0
1720,65748700,0,0,84,25,0,0
1721,65758700,5,0,93,9,0,0
1722,65768700,103,542,98,2,0,0
1723,65778700,323,792,103,0,0,0
1724,65788700,578,945,106,0,0,0
1725,65798700,686,989,82,0,0,0
1726,65808700,839,1102,92,0,0,0
1727,65818700,920,1146,95,0,0,0
1728,65828700,996,1192,103,0,0,0
1729,65838700,1070,1237,111,0,0,0
1730,65848700,1119,1261,124,0,0,0
1731,65858700,1164,1295,138,9,0,0
1732,65868700,1203,1310,148,27,0,0
1733,65878700,1237,1330,169,40,0,0
1734,65888700,1259,1352,189,63,0,0
1735,65898700,1275,1366,221,84,0,0
1736,65908700,1295,1382,273,113,0,0
1737,65918700,1310,1400,324,163,0,0
1738,65928700,1333,1416,366,216,0,0
1739,65938700,1353,1431,422,254,0,0
1740,65948700,1368,1441,469,304,0,2
1741,65958700,1380,1453,530,349,0,68
1742,65968700,1385,1461,560,404,0,122
1743,65978700,1390,1468,605,444,0,178
1744,65988700,1389,1474,636,504,0,240
1745,65998700,1396,1470,675,545,0,292
1746,66008700,1396,1466,716,589,0,344
1747,66018700,1397,1466,743,637,0,395
1748,66028700,1391,1464,776,681,0,448
1749,66038700,1386,1463,804,723,0,505
1750,66048700,1383,1461,835,751,0,542
1751,66058700,1375,1369,846,710,0,531
1752,66068700,1373,1451,884,805,14,612
1753,66078700,1363,1446,907,828,33,636
1754,66088700,1355,1437,920,849,48,653
1755,66098700,1342,1430,933,869,66,677
1756,66108700,1332,1419,944,888,79,695
1757,66118700,1321,1407,955,906,89,714
1758,66128701,1309,1395,968,927,98,726
1759,66138700,1297,1381,978,950,110,742
1760,66148700,1276,1360,985,970,130,756
1761,66158700,1260,1340,990,983,145,764
1762,66168700,1243,1323,1000,994,155,777
1763,66178700,1222,1309,1006,1006,169,788
1764,66188700,1207,1299,1016,1019,177,795
1765,66198700,1192,1293,1021,1033,183,801
1766,66208700,1181,1286,1030,1040,185,808
1767,66218700,1173,1276,1038,1047,198,810
1768,66228700,1162,1271,1045,1053,209,818
1769,66238700,1147,1264,1052,1066,216,825
1770,66248700,1140,1258,1059,1077,229,837
1771,66258700,1132,0,1066,1090,238,843
1772,66268700,1127,0,1070,1100,240,846
1773,66278700,1125,0,1078,1108,264,855
1774,66288700,1121,0,1083,1114,275,860
1775,66298700,1120,0,1086,1118,285,868
1776,66308700,1120,0,1092,1123,289,872
1777,66318700,1116,0,1091,1129,264,859
1778,66328700,1115,0,1098,1132,300,876
1779,66338700,1114,0,1101,1138,305,884
1780,66348700,1110,0,1105,1140,316,886
1781,66358700,1105,0,1107,1144,324,891
1782,66368700,1100,0,1110,1146,337,889
1783,66378700,1096,0,1112,1151,342,892
1784,66388700,1080,0,1115,1157,345,899
1785,66398700,1081,0,1116,1158,357,902
1786,66408700,1074,0,1118,1160,369,913
1787,66418700,1063,0,1119,1161,378,911
1788,66428700,1048,0,1121,1163,386,913
1789,66438700,1034,0,1123,1164,395,916
1790,66448700,1015,0,1123,1162,402,902
1791,66458700,1005,0,1124,1168,411,936
1792,66468700,989,0,1123,1172,428,944
1793,66478700,978,0,1124,1173,444,953
1794,66488700,958,0,1124,1175,455,963
1795,66498700,935,0,1123,1177,462,975
1796,66508700,912,0,1123,1179,475,984
1797,66518700,886,0,1120,1182,445,974
1798,66528700,866,0,1125,1189,502,1002
1799,66538700,840,0,1126,1191,539,1013
1800,66548700,815,0,1129,1197,553,1024
1801,66558700,781,0,1131,1205,580,1043
1802,66568700,737,0,1132,1210,611,1055
1803,66578700,680,0,1136,1222,625,1080
1804,66588700,624,0,1120,1136,636,1023
1805,66598700,568,0,1142,1240,682,1110
1806,66608700,491,0,1145,1250,720,1131
1807,66618700,438,0,1149,1257,737,1145
1808,66628700,372,0,1151,1267,757,1168
1809,66638700,300,0,1164,1273,783,1185
1810,66648700,231,0,1129,1204,796,1103
1811,66658700,148,0,1161,1290,835,1217
1812,66668700,78,0,1163,1295,853,1228
1813,66678700,20,0,1163,1304,870,1249
1814,66688700,0,0,1165,1309,888,1263
1815,66698700,0,0,1158,1320,901,1279
1816,66708700,0,0,1146,1323,907,1293
1817,66718700,0,0,1137,1324,916,1300
1818,66728700,0,0,1125,1325,917,1306
1819,66738700,0,0,1113,1323,910,1315
1820,66748700,0,0,1093,1322,883,1310
1821,66758700,0,0,1072,1319,838,1299
1822,66768700,0,0,1043,1308,814,1296
1823,66778700,0,0,1016,1300,770,1290
1824,66788700,0,0,988,1292,721,1284
1825,66798700,0,0,945,1276,670,1274
1826,66808700,0,0,906,1256,615,1263
1827,66818700,0,0,874,1237,526,1259
1828,66828700,0,0,837,1199,430,1253
1829,66838700,0,0,804,1168,352,1248
1830,66848700,0,0,762,1020,212,1156
1831,66858700,0,0,771,1072,107,1197
1832,66868700,0,0,757,1031,10,1143
1833,66878700,0,0,746,983,0,1082
1834,66888700,0,0,724,930,0,1019
1835,66898700,0,0,695,859,0,926
1836,66908700,0,0,671,798,0,815
1837,66918700,0,0,658,735,0,713
1838,66928700,0,0,633,683,0,585
1839,66938700,0,0,605,619,0,413
1840,66948700,0,0,578,541,0,240
1841,66958700,0,0,544,467,0,106
1842,66968700,0,0,494,393,0,0
1843,66978700,0,0,440,313,0,0
1844,66988700,0,0,396,232,0,0
1845,66998700,0,0,356,181,0,0
1846,67008700,0,0,343,161,0,0
1847,67018700,0,0,325,150,0,0
1848,67028700,0,0,309,139,0,0
1849,67038700,0,0,299,133,0,0
1850,67048700,0,0,292,122,0,0
1851,67058700,0,0,284,123,0,0
1852,67068700,0,0,277,123,0,0
1853,67078700,0,0,275,125,0,0
1854,67088700,0,0,274,128,0,0
1855,67098700,0,0,271,137,0,0
1856,67108700,0,0,276,137,0,0
1857,67118700,0,0,274,142,0,0
1858,67128700,0,0,271,143,0,0
1859,67138700,0,0,254,140,0,0
1860,67148700,0,0,246,136,0,0
1861,67158700,0,0,233,123,0,0
1862,67168700,0,0,214,124,0,0
1863,67178700,0,0,218,119,0,0
1864,67188700,0,0,208,121,0,0
1865,67198700,0,0,208,120,0,0
1866,67208700,0,0,199,115,0,0
1867,67218700,0,0,186,112,0,0
1868,67228700,0,0,167,111,0,0
1869,67238700,0,0,164,105,0,0
1870,67248700,0,0,152,108,0,0
1871,67258700,0,0,139,104,0,0
1872,67268700,0,0,135,102,0,0
1873,67278700,0,0,123,99,0,0
1874,67288700,0,0,120,92,0,0
1875,67298700,0,0,121,92,0,0
1876,67308700,0,0,122,100,0,0
1877,67318700,0,0,125,105,0,0
1878,67328700,0,0,126,106,0,0
1879,67338700,0,0,131,107,0,0
1880,67348700,0,0,125,106,0,0
1881,67358700,0,0,123,108,0,0
1882,67368700,0,0,120,103,0,0
1883,67378700,0,0,121,85,0,0
1884,67388700,0,0,106,57,0,0
1885,67398700,0,0,95,35,0,0
1886,67408700,3,0,87,4,0,0
1887,67418700,99,0,99,0,0,0
1888,67428700,216,571,99,0,0,0
1889,67438700,354,714,92,0,0,0
1890,67448700,490,822,101,0,0,0
1891,67458700,613,913,107,0,0,0
1892,67468700,700,980,101,0,0,0
1893,67478700,790,1049,91,0,0,0
1894,67488700,798,1095,88,0,0,0
1895,67498700,948,1172,96,0,0,0
1896,67508700,1004,1215,95,0,0,0
1897,67518700,1061,1261,108,0,0,0
1898,67528700,1108,1302,105,0,0,0
1899,67538700,1144,1332,121,2,0,0
1900,67548700,1176,1359,125,23,0,0
1901,67558700,1204,1389,157,42,0,0
1902,67568700,1228,1420,202,53,0,0
1903,67578700,1247,1447,234,73,0,0
1904,67588700,1267,1470,272,87,0,0
1905,67598700,1284,1495,299,115,0,0
1906,67608700,1299,1515,349,154,0,0
1907,67618700,1316,1534,387,184,0,0
1908,67628700,1334,1556,421,220,0,0
1909,67638700,1353,1573,467,251,0,0
1910,67648700,1370,1589,499,283,0,0
1911,67658700,1381,1604,553,314,0,0
1912,67668700,1392,1618,597,361,0,0
1913,67678700,1403,1630,636,403,0,0
1914,67688700,1417,1544,653,401,0,0
1915,67698700,1426,1645,712,467,0,0
1916,67708700,1435,1654,743,489,0,0
1917,67718700,1445,1661,776,521,0,0
1918,67728700,1449,1669,807,558,0,0
1919,67738700,1452,1673,835,593,0,0
1920,67748700,1455,1674,860,623,0,0
1921,67758700,1457,1676,885,651,0,0
1922,67768700,1460,1677,915,678,0,0
1923,67778700,1463,1678,929,698,0,0
1924,67788700,1464,1680,946,720,0,0
1925,67798700,1466,1683,958,739,0,2
1926,67808700,1465,1681,977,759,0,0
1927,67818700,1464,1678,993,789,0,0
1928,67828700,1459,1674,1010,811,0,0
1929,67838700,1453,1670,1031,827,0,0
1930,67848700,1446,1660,1046,853,0,0
1931,67858700,1437,1654,1058,873,0,9
1932,67868700,1430,1649,1066,887,0,17
1933,67878700,1424,1644,1074,904,0,27
1934,67888700,1419,1639,1081,913,0,39
1935,67898700,1411,1634,1087,926,0,47
1936,67908700,1404,1628,1095,940,0,53
1937,67918700,1398,1623,1101,955,0,58
1938,67928700,1388,1616,1111,973,0,60
1939,67938700,1381,1607,1119,989,0,73
1940,67948700,1375,1594,1126,1004,0,91
1941,67958700,1367,1587,1134,1015,0,101
1942,67968700,1361,1580,1143,1031,0,112
1943,67978700,1356,1576,1147,1045,0,126
1944,67988700,1353,1573,1157,1054,0,141
1945,67998700,1350,1564,1163,1068,0,164
1946,68008700,1341,1469,1147,992,0,155
1947,68018700,1338,1556,1171,1084,0,198
1948,68028700,1335,1548,1175,1096,0,213
1949,68038700,1330,1541,1177,1105,0,232
1950,68048700,1325,1530,1179,1113,0,250
1951,68058700,1323,1526,1181,1117,0,279
1952,68068700,1323,1519,1180,1119,0,320
1953,68078700,1246,1451,1133,1035,0,357
1954,68088700,1323,1508,1176,1118,0,394
1955,68098700,1324,1507,1174,1116,0,417
1956,68108700,1324,1499,1173,1116,0,436
1957,68118700,1322,1488,1173,1118,0,458
1958,68128700,1315,1478,1174,1122,0,478
1959,68138700,1306,1463,1176,1126,0,506
1960,68148700,1299,1449,1175,1129,0,524
1961,68158700,1290,1434,1180,1134,0,536
1962,68168700,1278,0,1191,1141,0,560
1963,68178700,1267,0,1182,1143,0,578
1964,68188700,1253,0,1187,1145,0,596
1965,68198700,1241,0,1187,1149,0,621
1966,68208700,1228,0,1183,1148,0,639
1967,68218700,1209,0,1187,1156,17,672
1968,68228700,1194,0,1186,1160,39,693
1969,68238700,1175,0,1190,1162,72,715
1970,68248700,1145,0,1192,1172,97,727
1971,68258700,1114,0,1198,1183,113,740
1972,68268700,1082,0,1202,1193,144,753
1973,68278700,983,0,1162,1117,152,766
1974,68288700,1012,0,1215,1214,175,787
1975,68298700,979,0,1220,1225,206,802
1976,68308700,947,0,1225,1235,234,812
1977,68318700,921,0,1226,1243,269,829
1978,68328700,877,0,1235,1250,296,850
1979,68338700,774,0,1188,1162,315,865
1980,68348700,769,0,1238,1261,370,885
1981,68358700,701,0,1240,1270,404,907
1982,68368700,634,0,1241,1278,449,927
1983,68378700,568,0,1241,1281,516,959
1984,68388700,494,0,1236,1278,608,994
1985,68398700,428,0,1223,1284,684,1030
1986,68408700,322,0,1161,1183,740,1070
1987,68418700,272,0,1195,1279,832,1102
1988,68428700,171,0,1179,1285,904,1132
1989,68438700,92,0,1163,1281,972,1169
1990,68448700,20,0,1144,1284,1033,1208
1991,68458700,0,0,1130,1283,1074,1244
1992,68468700,0,0,1068,1191,1093,1273
1993,68478700,0,0,1095,1269,1174,1308
1994,68488700,0,0,1059,1269,1208,1338
1995,68498700,2,0,1030,1261,1248,1378
1996,68508700,0,0,986,1253,1270,1416
1997,68518700,0,0,937,1245,1300,1447
1998,68528700,0,0,879,1236,1310,1481
1999,68538700,0,0,840,1225,1330,1511
2000,68548700,0,0,809,1207,1339,1533
2001,68558700,0,0,754,1187,1354,1563
2002,68568700,0,0,731,1158,1361,1584
2003,68578700,0,0,674,1125,1363,1611
2004,68588700,0,0,611,1083,1358,1633
2005,68598700,0,0,555,1034,1260,1628
2006,68608700,0,0,490,975,1324,1681
2007,68618700,0,0,449,919,1285,1702
2008,68628700,0,0,391,855,1240,1723
2009,68638700,0,0,336,792,1146,1747
2010,68648700,0,0,304,744,1041,1765
2011,68658700,0,0,283,685,908,1778
2012,68668700,0,0,264,630,741,1791
2013,68678700,0,0,242,584,558,1800
2014,68688700,0,0,223,528,396,1788
2015,68698700,0,0,203,493,288,1770
2016,68708700,0,0,174,467,193,1738
2017,68718700,0,0,155,434,103,1692
2018,68728700,0,0,146,407,43,1649
2019,68738700,0,0,138,369,4,1593
2020,68748700,0,0,127,341,0,1522
2021,68758700,0,0,127,310,0,1438
2022,68768700,0,0,122,268,0,1326
2023,68778700,0,0,130,229,0,1210
2024,68788700,0,0,120,187,0,1031
2025,68798700,0,0,109,143,0,818
2026,68808700,0,0,98,101,0,496
2027,68818700,0,0,71,67,0,127
2028,68828700,0,0,52,29,0,26
2029,68838700,0,0,56,28,0,38
2030,68848700,0,0,58,32,0,56
2031,68858700,0,0,35,29,0,38
2032,68868700,0,0,58,26,0,16
2033,68878700,0,0,58,25,0,0
2034,68888700,0,0,58,23,0,0
2035,68898700,0,0,57,19,0,0
2036,68908700,0,0,59,17,0,0
2037,68918700,0,0,66,17,0,0
2038,68928700,0,0,43,18,0,0
2039,68938700,0,0,74,21,0,0
2040,68948700,0,0,75,22,0,0
2041,68958700,0,0,80,28,0,0
2042,68968700,0,0,86,31,0,0
2043,68978700,0,0,90,39,0,0
2044,68988700,0,0,70,17,0,0
2045,68998700,0,0,105,49,0,0
2046,69008700,0,0,116,57,0,0
2047,69018700,0,0,123,65,0,0
2048,69028700,0,0,135,72,0,0
2049,69038700,0,0,140,77,0,0
2050,69048700,0,0,150,80,0,0
2051,69058700,0,0,154,87,0,0
2052,69068700,0,0,157,88,0,0
2053,69078700,0,0,154,87,0,0
2054,69088700,0,0,152,84,0,0
2055,69098700,0,0,143,81,0,0
2056,69108700,0,0,137,76,0,0
2057,69118700,0,0,134,74,0,0
2058,69128700,0,0,132,73,0,0
2059,69138700,0,0,133,73,0,0
2060,69148700,0,0,136,75,0,0
2061,69158700,0,0,140,80,0,0
2062,69168700,0,0,144,84,0,0
2063,69178700,0,0,147,88,0,0
2064,69188700,0,0,154,92,0,0
2065,69198700,0,0,166,93,0,0
2066,69208700,0,0,170,96,0,0
2067,69218700,0,0,172,98,0,0
2068,69228700,0,0,169,92,0,0
2069,69238700,0,0,162,84,0,0
2070,69248700,0,0,152,75,0,0
2071,69258700,0,0,152,50,0,0
2072,69268700,0,0,128,29,0,0
2073,69278700,153,402,116,0,0,0
2074,69288700,423,709,115,0,0,0
2075,69298700,711,926,107,0,0,0
2076,69308700,784,1058,75,0,0,0
2077,69318700,968,1149,99,0,0,0
2078,69328700,1046,1212,104,0,0,0
2079,69338700,1105,1273,106,0,0,0
2080,69348700,1151,1318,113,0,0,0
2081,69358700,1204,1362,130,0,0,0
2082,69368700,1249,1399,152,0,0,0
2083,69378700,1276,1427,165,8,0,0
2084,69388700,1293,1440,201,33,0,0
2085,69398700,1302,1448,237,49,0,0
2086,69408700,1308,1451,275,84,0,0
2087,69418700,1311,1454,358,144,0,0
2088,69428700,1318,1456,454,231,0,0
2089,69438700,1315,1452,523,314,0,0
2090,69448700,1314,1424,599,417,0,0
2091,69458700,1316,1395,649,485,0,0
2092,69468700,1316,1369,710,557,0,70
2093,69478700,1316,1362,746,629,0,182
2094,69488700,1313,1355,781,692,0,280
2095,69498700,1302,1344,816,742,0,349
2096,69508700,1303,1335,845,785,0,419
2097,69518700,1296,1325,868,815,0,479
2098,69528700,1294,1324,890,839,12,542
2099,69538700,1292,1323,912,855,48,578
2100,69548700,1290,1321,931,874,86,622
2101,69558700,1286,1319,943,894,119,667
2102,69568700,1276,1310,957,919,170,705
2103,69578700,1264,1297,971,943,212,753
2104,69588700,1254,1279,982,963,259,786
2105,69598700,1242,1267,989,981,310,820
2106,69608700,1231,1255,999,995,345,852
2107,69618700,1214,1240,1003,1003,398,884
2108,69628700,1199,1226,1009,1016,430,910
2109,69638700,1178,1208,1013,1031,458,932
2110,69648700,1162,1191,1017,1038,492,957
2111,69658700,1133,1172,1020,1046,531,984
2112,69668700,1113,1147,1026,1051,555,996
2113,69678700,1086,1131,1033,1060,593,1024
2114,69688700,988,0,990,988,606,1046
2115,69698700,1029,0,1038,1073,638,1059
2116,69708700,1002,0,1041,1078,660,1073
2117,69718700,985,0,1043,1084,672,1078
2118,69728700,973,0,1045,1093,679,1083
2119,69738700,960,0,1046,1099,691,1098
2120,69748700,952,0,1050,1102,702,1104
2121,69758700,909,0,1054,1108,721,1112
2122,69768700,932,0,1058,1113,738,1122
2123,69778700,922,0,1060,1117,750,1130
2124,69788700,911,0,1070,1126,766,1135
2125,69798700,903,0,1067,1128,780,1145
2126,69808700,892,0,1072,1131,793,1149
2127,69818700,808,0,1009,1136,807,1163
2128,69828700,875,0,1079,1148,816,1173
2129,69838700,859,0,1079,1150,827,1180
2130,69848700,843,0,1083,1160,854,1190
2131,69858700,827,0,1088,1161,869,1199
2132,69868700,813,0,1089,1166,876,1205
2133,69878700,807,0,1092,1163,888,1209
2134,69888701,804,0,1093,1169,891,1212
2135,69898700,801,0,1091,1171,900,1216
2136,69908700,805,0,1091,1175,902,1223
2137,69918700,809,0,1091,1168,903,1223
2138,69928700,814,0,1090,1166,906,1225
2139,69938700,823,0,1092,1167,901,1224
2140,69948701,833,0,1091,1164,891,1216
2141,69958700,846,0,1091,1165,886,1206
2142,69968700,862,0,1088,1159,856,1195
2143,69978700,876,0,1087,1160,838,1188
2144,69988700,887,0,1087,1157,823,1182
2145,69998700,887,0,1092,1154,812,1181
2146,70008700,876,0,1070,1100,782,1140
2147,70018700,858,0,1095,1171,835,1193
2148,70028700,823,0,1098,1175,866,1197
2149,70038700,761,0,1096,1173,875,1206
2150,70048700,691,0,1097,1189,907,1215
2151,70058700,613,0,1098,1197,927,1229
2152,70068700,524,0,1099,1207,950,1239
2153,70078700,367,0,1026,1207,982,1255
2154,70088700,315,0,1100,1226,988,1279
2155,70098700,200,0,1097,1236,1036,1300
2156,70108700,82,0,1094,1243,1059,1323
2157,70118700,4,0,1086,1252,1093,1350
2158,70128700,0,0,1078,1257,1129,1373
2159,70138700,0,0,1045,1168,1143,1308
2160,70148700,0,0,1039,1265,1204,1428
2161,70158700,0,0,992,1264,1236,1455
2162,70168700,0,0,937,1263,1264,1483
2163,70178700,0,0,866,1250,1300,1512
2164,70188700,0,0,811,1225,1321,1548
2165,70198700,0,0,742,1193,1333,1573
2166,70208700,0,0,704,1150,1335,1594
2167,70218700,0,0,649,1102,1325,1621
2168,70228700,0,0,594,1047,1296,1645
2169,70238700,0,0,526,972,1215,1667
2170,70248700,0,0,472,906,1123,1690
2171,70258700,0,0,422,843,1032,1709
2172,70268700,0,0,345,777,922,1726
2173,70278700,0,0,356,730,792,1739
2174,70288700,0,0,340,658,624,1748
2175,70298700,0,0,314,619,442,1746
2176,70308700,0,0,293,561,311,1723
2177,70318700,0,0,275,520,215,1697
2178,70328700,0,0,260,476,139,1658
2179,70338700,0,0,229,422,84,1614
2180,70348700,0,0,203,387,29,1561
2181,70358700,0,0,190,341,0,1490
2182,70368700,0,0,173,308,0,1400
2183,70378700,0,0,167,282,0,1301
2184,70388700,0,0,157,250,0,1165
2185,70398700,0,0,140,213,0,1008
2186,70408700,0,0,130,163,0,790
2187,70418700,0,0,108,119,0,488
2188,70428700,0,0,94,88,0,161
2189,70438700,0,0,68,43,0,13
2190,70448700,0,0,64,29,0,4
2191,70458700,0,0,75,36,0,30
2192,70468700,0,0,44,34,0,11
2193,70478700,0,0,74,36,0,0
2194,70488700,0,0,71,29,0,0
2195,70498700,0,0,71,28,0,0
2196,70508700,0,0,73,29,0,0
2197,70518700,0,0,73,27,0,0
2198,70528700,0,0,76,28,0,0
2199,70538700,0,0,82,30,0,0
2200,70548700,0,0,86,31,0,0
2201,70558700,0,0,88,36,0,0
2202,70568700,0,0,89,35,0,0
2203,70578700,0,0,97,41,0,0
2204,70588700,0,0,105,45,0,0
2205,70598700,0,0,102,25,0,0
2206,70608700,0,0,124,59,0,0
2207,70618700,0,0,140,67,0,0
2208,70628700,0,0,153,72,0,0
2209,70638700,0,0,159,76,0,0
2210,70648700,0,0,166,82,0,0
2211,70658700,0,0,169,83,0,0
2212,70668700,0,0,171,86,0,0
2213,70678700,0,0,169,83,0,0
2214,70688700,0,0,162,75,0,0
2215,70698700,0,0,149,71,0,0
2216,70708700,0,0,137,61,0,0
2217,70718700,0,0,132,60,0,0
2218,70728700,0,0,93,58,0,0
2219,70738700,0,0,116,57,0,0
2220,70748700,0,0,110,56,0,0
2221,70758700,0,0,108,54,0,0
2222,70768700,0,0,101,53,0,0
2223,70778700,0,0,98,52,0,0
2224,70788700,0,0,101,54,0,0
2225,70798700,0,0,103,57,0,0
2226,70808700,0,0,109,62,0,0
2227,70818700,0,0,115,68,0,0
2228,70828700,0,0,120,70,0,0
2229,70838700,0,0,122,75,0,0
2230,70848700,0,0,125,77,0,0
2231,70858700,0,0,100,65,0,0
2232,70868700,0,0,129,81,0,0
2233,70878700,0,0,127,79,0,0
2234,70888700,0,0,125,75,0,0
2235,70898700,0,0,122,69,0,0
2236,70908700,0,0,125,58,0,0
2237,70918700,0,0,115,45,0,0
2238,70928700,70,269,104,12,0,0
2239,70938700,180,467,107,3,0,0
2240,70948700,367,666,114,1,0,0
2241,70958700,584,844,103,0,0,0
2242,70968700,721,954,103,0,0,0
2243,70978700,821,1050,103,0,0,0
2244,70988700,841,1070,82,0,0,0
2245,70998700,984,1181,108,0,0,0
2246,71008700,1046,1236,117,0,0,0
2247,71018700,1097,1277,139,0,0,0
2248,71028700,1141,1320,157,6,0,0
2249,71038700,1182,1347,164,15,0,0
2250,71048700,1210,1367,181,24,0,0
2251,71058700,1237,1383,204,45,0,0
2252,71068700,1259,1398,238,78,0,0
2253,71078700,1275,1413,284,111,0,0
2254,71088700,1293,1428,378,203,0,0
2255,71098700,1308,1433,462,270,0,0
2256,71108700,1317,1435,528,314,0,0
2257,71118700,1244,1377,554,371,0,0
2258,71128700,1327,1437,643,468,0,0
2259,71138700,1334,1438,692,531,0,44
2260,71148700,1336,1443,740,584,0,100
2261,71158700,1339,1445,778,627,0,155
2262,71168700,1349,1448,804,668,0,206
2263,71178700,1352,1451,838,716,0,233
2264,71188700,1353,1453,866,755,0,274
2265,71198700,1350,1453,892,791,0,313
2266,71208700,1350,1452,918,822,0,356
2267,71218700,1347,1452,947,853,0,398
2268,71228700,1348,1453,960,875,0,424
2269,71238700,1351,1453,970,890,0,448
2270,71248700,1258,1426,984,916,0,474
2271,71258700,1356,1459,991,925,0,495
2272,71268700,1358,1461,1001,939,0,507
2273,71278700,1357,1459,1005,953,0,535
2274,71288700,1355,1456,1012,968,3,548
2275,71298700,1354,1453,1022,985,12,571
2276,71308700,1352,1449,1031,992,22,573
2277,71318700,1348,1447,1036,1001,37,597
2278,71328700,1341,1442,1040,1003,45,615
2279,71338700,1338,1436,1042,1009,54,632
2280,71348700,1333,1429,1047,1014,63,642
2281,71358700,1327,1418,1050,1020,83,657
2282,71368700,1320,1403,1045,1022,92,680
2283,71378700,1222,1365,1052,1034,106,695
2284,71388700,1308,1383,1053,1038,118,713
2285,71398700,1304,1375,1054,1044,134,728
2286,71408700,1300,1371,1058,1054,144,743
2287,71418700,1296,1366,1060,1051,156,751
2288,71428700,1292,1364,1061,1048,170,762
2289,71438700,1290,1357,1062,1046,152,759
2290,71448700,1288,1354,1068,1063,201,785
2291,71458700,1285,1349,1068,1063,219,797
2292,71468700,1280,1341,1072,1070,233,808
2293,71478700,1278,1338,1075,1074,247,814
2294,71488700,1277,1336,1078,1080,270,823
2295,71498700,1275,1336,1078,1077,281,808
2296,71508700,1274,1334,1082,1081,293,834
2297,71518700,1275,1333,1080,1082,301,840
2298,71528700,1274,1332,1082,1081,315,839
2299,71538700,1274,1329,1082,1084,320,842
2300,71548700,1269,1324,1081,1086,333,844
2301,71558700,1270,1321,1081,1086,340,845
2302,71568700,1267,1319,1081,1086,348,850
2303,71578700,1264,1314,1083,1088,358,851
2304,71588700,1259,1312,1082,1085,372,862
2305,71598700,1261,0,1083,1087,378,856
2306,71608700,1255,0,1082,1083,386,853
2307,71618700,1262,0,1084,1087,387,853
2308,71628700,1263,0,1083,1091,383,847
2309,71638700,1277,0,1082,1085,376,841
2310,71648700,1280,0,1081,1081,366,830
2311,71658700,1286,1322,1076,1079,360,817
2312,71668700,1292,1324,1076,1076,344,812
2313,71678700,1299,1329,1076,1073,348,806
2314,71688700,1295,1330,1070,1074,307,784
2315,71698700,1295,3,1077,1074,350,803
2316,71708700,1294,0,1076,1072,360,803
2317,71718700,1291,0,1076,1070,362,805
2318,71728700,1288,0,1072,1070,363,807
2319,71738700,1289,0,1069,1066,362,799
2320,71748700,1285,0,1063,1057,314,774
2321,71758700,1288,0,1062,1049,348,773
2322,71768700,1287,0,1060,1045,334,748
2323,71778700,1278,0,1059,1040,323,729
2324,71788700,1270,0,1052,1034,311,726
2325,71798700,1243,0,1043,1037,313,738
2326,71808700,1193,0,1048,1041,328,753
2327,71818700,1129,0,1047,1045,341,777
2328,71828700,1047,2,1046,1045,348,796
2329,71838700,956,0,1029,1042,365,811
2330,71848700,853,0,1011,1037,375,826
2331,71858700,735,0,996,1033,384,853
2332,71868700,587,0,977,1034,397,872
2333,71878700,382,0,924,956,398,904
2334,71888700,256,0,937,1040,440,933
2335,71898700,98,0,923,1043,474,973
2336,71908700,10,0,895,1043,512,1005
2337,71918700,0,0,861,1045,559,1045
2338,71928700,0,0,822,1047,604,1072
2339,71938700,0,0,780,1045,627,1096
2340,71948700,0,0,735,1040,660,1127
2341,71958700,0,0,676,1031,684,1145
2342,71968700,0,1,638,1013,699,1162
2343,71978700,0,0,599,993,715,1179
2344,71988700,0,0,564,967,716,1194
2345,71998700,0,0,532,936,700,1214
2346,72008700,0,0,499,890,674,1236
2347,72018700,0,0,467,846,637,1258
2348,72028700,0,0,437,784,590,1274
2349,72038700,0,0,413,717,543,1293
2350,72048700,0,0,378,670,481,1305
2351,72058700,0,0,353,607,385,1309
2352,72068700,0,0,327,549,301,1309
2353,72078700,0,0,298,480,183,1303
2354,72088700,0,0,288,442,109,1280
2355,72098700,0,0,271,397,68,1251
2356,72108700,0,0,260,368,33,1202
2357,72118700,0,0,246,339,0,1137
2358,72128700,3,0,236,315,0,1068
2359,72138700,0,0,231,275,0,974
2360,72148700,0,0,228,246,0,866
2361,72158700,0,0,220,217,0,728
2362,72168700,0,0,215,177,0,557
2363,72178700,0,0,207,139,0,339
2364,72188700,0,0,191,103,0,145
2365,72198700,0,0,178,83,0,0
2366,72208700,0,0,166,61,0,0
2367,72218700,0,0,167,66,0,0
2368,72228700,0,0,174,66,0,0
2369,72238700,0,0,179,72,0,0
2370,72248700,0,0,184,70,0,0
2371,72258700,0,0,181,34,0,0
2372,72268700,0,0,191,63,0,0
2373,72278700,0,0,201,60,0,0
2374,72288700,0,0,202,58,0,0
2375,72298700,0,0,203,51,0,0
2376,72308700,0,0,202,50,0,0
2377,72318700,0,0,200,46,0,0
2378,72328700,0,0,199,43,0,0
2379,72338700,0,0,198,41,0,0
2380,72348700,0,0,191,41,0,0
2381,72358700,0,0,190,41,0,0
2382,72368700,0,0,188,44,0,0
2383,72378700,0,0,196,43,0,0
2384,72388700,0,0,198,45,0,0
2385,72398700,0,0,200,52,0,0
2386,72408700,0,0,202,54,0,0
2387,72418700,0,0,206,55,0,0
2388,72428700,0,0,209,57,0,0
2389,72438700,0,0,212,56,0,0
2390,72448700,0,0,206,53,0,0
2391,72458700,0,0,202,50,0,0
2392,72468700,0,0,203,44,0,0
2393,72478700,0,0,201,40,0,0
2394,72488700,0,0,204,43,0,0
2395,72498700,0,0,205,45,0,0
2396,72508700,0,0,208,46,0,0
2397,72518700,0,0,210,47,0,0
2398,72528700,0,0,209,52,0,0
2399,72538700,0,0,212,55,0,0
2400,72548700,0,0,214,57,0,0
2401,72558700,0,0,215,60,0,0
2402,72568700,0,0,217,61,0,0
2403,72578700,0,0,219,65,0,0
2404,72588700,0,0,218,68,0,0
2405,72598700,0,0,217,68,0,0
2406,72608700,0,0,214,68,0,0
2407,72618700,0,0,211,66,0,0
2408,72628700,0,0,204,64,0,0
2409,72638700,0,0,200,61,0,0
2410,72648700,0,0,192,60,0,0
2411,72658700,0,0,218,131,0,0
2412,72668700,0,0,264,230,0,15
2413,72678700,0,0,355,343,0,117
2414,72688700,0,0,444,489,0,231
2415,72698700,0,0,535,630,0,353
2416,72708700,0,0,642,763,0,468
2417,72718700,0,0,737,858,0,561
2418,72728700,0,0,836,930,0,654
2419,72738700,0,0,915,985,0,725
2420,72748700,0,1,987,1022,30,795
2421,72758700,0,39,1057,1066,55,837
2422,72768700,0,0,1107,1087,75,861
2423,72778700,0,0,1142,1121,88,874
2424,72788700,36,0,1177,1148,96,882
2425,72798700,144,0,1198,1162,99,889
2426,72808700,244,751,1223,1179,94,885
2427,72818700,344,855,1244,1193,85,873
2428,72828700,426,936,1263,1205,73,865
2429,72838700,510,987,1277,1211,63,856
2430,72848700,580,1033,1290,1228,54,851
2431,72858700,630,1071,1301,1230,41,844
2432,72868700,689,1108,1306,1228,37,842
2433,72878700,743,0,1307,1236,32,838
2434,72888700,780,0,1307,1235,30,830
2435,72898700,821,0,1311,1238,26,827
2436,72908700,852,0,1312,1236,24,821
2437,72918700,876,0,1313,1236,19,809
2438,72928700,907,0,1310,1231,9,794
2439,72938700,927,0,1309,1230,4,774
2440,72948700,950,0,1307,1223,0,746
2441,72958700,972,0,1303,1206,0,717
2442,72968700,992,0,1299,1209,0,695
2443,72978700,1009,0,1294,1195,0,668
2444,72988700,1025,0,1289,1192,0,636
2445,72998700,1043,0,1283,1184,0,613
2446,73008700,1055,0,1274,1175,0,595
2447,73018700,1068,0,1268,1170,0,573
2448,73028700,1080,0,1265,1159,1,567
2449,73038700,1095,0,1258,1146,0,553
2450,73048700,1018,0,1167,1127,0,540
2451,73058700,1123,0,1244,1123,0,536
2452,73068700,1133,0,1238,1121,0,521
2453,73078700,1146,0,1234,1109,0,511
2454,73088700,1161,0,1228,1103,0,503
2455,73098700,1170,0,1226,1105,0,504
2456,73108700,1173,0,1225,1103,0,505
2457,73118700,1172,0,1224,1103,0,509
2458,73128700,1181,0,1222,1103,0,516
2459,73138700,1189,0,1220,1096,0,524
2460,73148700,1191,0,1215,1095,0,534
2461,73158700,1191,0,1213,1093,0,542
2462,73168700,1192,0,1211,1090,0,542
2463,73178700,1196,0,1210,1092,0,558
2464,73188700,1192,0,1210,1094,0,572
2465,73198700,1191,0,1209,1089,0,587
2466,73208700,1191,0,1209,1094,0,598
2467,73218700,1190,0,1210,1093,0,605
2468,73228700,1189,0,1210,1096,0,617
2469,73238700,1189,0,1210,1096,3,623
2470,73248700,1183,0,1212,1096,5,631
2471,73258700,1180,0,1214,1098,12,647
2472,73268700,1174,0,1211,1097,22,667
2473,73278700,1170,0,1214,1097,43,678
2474,73288700,1168,0,1213,1096,57,698
2475,73298700,1170,0,1215,1097,80,713
2476,73308700,1167,0,1216,1096,94,724
2477,73318700,1168,0,1207,1095,111,737
2478,73328700,1165,0,1214,1087,119,748
2479,73338700,1170,0,1207,1082,128,752
2480,73348700,1174,0,1199,1077,132,755
2481,73358700,1174,0,1196,1069,135,756
2482,73368700,1180,0,1189,1064,137,758
2483,73378700,1183,0,1188,1053,132,743
2484,73388700,1182,0,1183,1051,148,763
2485,73398700,1179,0,1180,1047,150,774
2486,73408700,1175,0,1177,1043,155,780
2487,73418700,1171,0,1173,1037,168,792
2488,73428700,1167,0,1171,1033,177,805
2489,73438700,1167,0,1164,1028,183,812
2490,73448700,1166,0,1164,1016,192,802
2491,73458700,1166,0,1164,1017,210,834
2492,73468700,1159,0,1158,1016,229,851
2493,73478700,1149,0,1161,1015,239,864
2494,73488700,1148,0,1157,1014,248,877
2495,73498700,1142,0,1153,1012,269,895
2496,73508700,1137,0,1149,1006,279,916
2497,73518700,1133,0,1145,1005,285,929
2498,73528700,1130,0,1142,1003,296,942
2499,73538700,1122,0,1140,1001,306,956
2500,73548700,1114,0,1142,1001,316,972
2501,73558700,1102,0,1140,1002,328,986
2502,73568700,1094,0,1140,1003,343,1001
2503,73578700,1077,0,1142,1006,360,1012
2504,73588700,1069,0,1142,1009,369,1023
2505,73598700,1061,0,1141,1008,376,1041
2506,73608700,1046,0,1138,1008,387,1051
2507,73618700,1036,0,1133,1008,395,1057
2508,73628700,1017,0,1131,1007,412,1064
2509,73638700,997,0,1129,1009,421,1071
2510,73648700,960,0,1125,1006,426,1079
2511,73658700,921,0,1116,1003,438,1086
2512,73668700,869,0,1106,1000,455,1097
2513,73678700,808,0,1096,998,459,1100
2514,73688700,741,0,1080,994,471,1111
2515,73698700,654,0,1060,988,486,1121
2516,73708700,557,0,1041,981,517,1128
2517,73718700,439,0,1007,971,557,1137
2518,73728700,316,0,972,954,608,1145
2519,73738700,167,0,919,940,655,1162
2520,73748700,58,0,867,920,699,1167
2521,73758700,5,0,796,884,718,1168
2522,73768700,0,0,695,767,734,1092
2523,73778700,0,0,621,791,777,1145
2524,73788700,0,0,557,721,791,1124
2525,73798700,0,0,489,635,765,1087
2526,73808700,0,0,438,528,729,1028
2527,73818700,0,0,372,418,660,966
2528,73828700,0,0,314,342,548,0
2529,73838700,0,0,275,270,390,759
2530,73848700,0,0,236,190,214,605
2531,73858700,0,0,181,122,73,435
2532,73868700,0,0,121,77,0,236
2533,73878700,0,0,78,27,0,70
2534,73888700,0,0,38,0,0,0
2535,73898700,0,0,5,0,0,0
2536,73908700,0,0,2,0,0,0
2537,73918700,0,0,4,0,0,0
2538,73928700,0,0,9,0,0,0
2539,73938700,0,0,12,0,0,0
2540,73948700,0,0,13,0,0,0
2541,73958700,0,0,16,0,0,0
2542,73968700,0,0,17,0,0,0
2543,73978700,0,0,21,0,0,0
2544,73988700,0,0,26,0,0,0
2545,73998700,0,0,33,0,0,0
2546,74008700,0,0,42,0,0,0
2547,74018700,0,0,45,0,0,0
2548,74028701,0,0,54,0,0,0
2549,74038700,0,0,59,0,0,0
2550,74048700,0,0,65,0,0,0
2551,74058700,0,0,69,0,0,0
2552,74068700,0,0,70,0,0,0
2553,74078700,0,0,73,0,0,0
2554,74088700,0,0,74,0,0,0
2555,74098700,0,0,75,0,0,0
2556,74108700,0,0,75,0,0,0
2557,74118700,0,0,75,0,0,0
2558,74128700,0,0,73,0,0,0
2559,74138700,0,0,71,0,0,0
2560,74148700,0,0,72,0,0,0
2561,74158700,0,0,72,0,0,0
2562,74168700,0,0,72,0,0,0
2563,74178700,0,0,73,0,0,0
2564,74188700,0,0,70,0,0,0
2565,74198700,0,0,59,0,0,0
2566,74208700,0,0,38,0,0,0
2567,74218700,0,0,28,0,0,0
2568,74228701,0,0,24,0,0,0
2569,74238700,0,0,20,0,0,0
2570,74248700,0,0,17,0,0,0
2571,74258700,0,0,10,0,0,0
2572,74268700,0,0,9,0,0,0
2573,74278700,0,0,10,0,0,0
2574,74288700,0,0,9,0,0,0
2575,74298700,0,0,17,0,0,0
2576,74308700,0,0,22,0,0,0
2577,74318700,0,0,27,3,0,0
2578,74328700,0,0,28,0,0,0
2579,74338700,0,0,31,1,0,0
2580,74348700,0,0,36,0,0,0
2581,74358700,0,0,41,3,0,0
2582,74368700,0,0,44,2,0,0
2583,74378700,0,0,51,3,0,0
2584,74388700,0,0,55,4,0,0
2585,74398700,0,0,62,6,0,0
2586,74408700,0,0,72,6,0,0
2587,74418700,0,0,76,5,0,0
2588,74428700,0,0,83,8,0,0
2589,74438700,0,0,85,9,0,0
2590,74448700,0,0,78,1,0,0
2591,74458700,53,0,86,4,0,0
2592,74468700,245,582,88,0,0,0
2593,74478700,528,816,86,0,0,0
2594,74488701,725,974,87,0,0,0
2595,74498700,850,1083,84,0,0,0
2596,74508700,954,1164,87,0,0,0
2597,74518700,1042,1227,93,0,0,0
2598,74528700,1111,1278,96,0,0,0
2599,74538700,1165,1326,103,0,0,0
2600,74548701,1208,1364,115,0,0,0
2601,74558700,1236,1387,124,0,0,0
2602,74568700,1261,1408,147,0,0,0
2603,74578700,1280,1423,164,7,0,0
2604,74588700,1294,1432,187,29,0,0
2605,74598700,1299,1435,218,40,0,0
2606,74608700,1307,1439,266,92,0,0
2607,74618700,1314,1450,374,188,0,0
2608,74628700,1326,1458,461,256,0,0
2609,74638700,1331,1462,536,335,0,0
2610,74648700,1336,0,591,407,0,0
2611,74658700,1340,0,642,460,0,2
2612,74668700,1342,0,691,532,0,59
2613,74678700,1341,0,741,584,0,112
2614,74688700,1339,0,785,637,0,201
2615,74698700,1341,0,818,683,0,262
2616,74708700,1331,0,853,732,0,313
2617,74718700,1330,0,880,777,0,379
2618,74728700,1324,0,909,802,0,422
2619,74738700,1327,1372,931,821,0,449
2620,74748700,1324,1355,949,853,0,503
2621,74758700,1321,1388,969,878,0,538
2622,74768700,1314,1321,984,903,13,565
2623,74778700,1310,0,1009,933,31,594
2624,74788700,1299,0,1025,962,52,618
2625,74798700,1280,0,1034,986,80,648
2626,74808700,1263,0,1047,1002,112,669
2627,74818700,1244,0,1052,1019,142,686
2628,74828700,1227,0,1060,1034,161,700
2629,74838700,1208,0,1066,1046,186,717
2630,74848700,1192,0,1067,1053,215,729
2631,74858700,1169,0,1075,1063,234,740
2632,74868700,1055,0,1080,1076,263,748
2633,74878700,1113,0,1081,1077,284,758
2634,74888700,1083,0,1092,1083,308,775
2635,74898700,1063,0,1093,1091,338,782
2636,74908700,1046,0,1095,1095,346,790
2637,74918700,1034,0,1099,1101,361,796
2638,74928700,1020,0,1107,1107,365,802
2639,74938700,1009,0,1105,1112,373,810
2640,74948700,999,0,1109,1116,377,815
2641,74958700,988,0,1112,1123,387,822
2642,74968700,980,0,1117,1129,395,826
2643,74978700,970,0,1124,1134,400,839
2644,74988700,965,0,1130,1143,407,845
2645,74998700,951,0,1109,1086,381,820
2646,75008700,948,0,1141,1163,415,860
2647,75018700,937,0,1149,1175,427,871
2648,75028700,927,0,1159,1185,435,883
2649,75038700,913,0,1162,1195,444,892
2650,75048700,894,0,1169,1205,458,906
2651,75058700,873,0,1173,1212,462,916
2652,75068700,853,0,1177,1223,471,923
2653,75078700,819,0,1179,1229,482,939
2654,75088700,786,0,1182,1236,497,958
2655,75098700,733,0,1189,1240,521,971
2656,75108700,701,0,1190,1244,536,985
2657,75118700,671,0,1193,1251,556,998
2658,75128700,647,0,1171,1184,523,966
2659,75138700,618,0,1198,1260,573,1023
2660,75148700,597,0,1200,1263,587,1037
2661,75158700,571,0,1202,1267,604,1049
2662,75168700,528,0,1205,1271,621,1053
2663,75178700,490,0,1207,1273,634,1063
2664,75188700,444,0,1207,1276,657,1073
2665,75198700,416,0,1211,1286,675,1085
2666,75208700,357,0,1212,1288,700,1108
2667,75218700,301,0,1214,1293,723,1121
2668,75228700,247,0,1215,1298,742,1133
2669,75238700,183,0,1218,1302,762,1149
2670,75248700,111,0,1221,1307,795,1167
2671,75258700,64,0,1223,1311,824,1183
2672,75268700,20,0,1223,1318,857,1203
2673,75278700,0,0,1223,1322,892,1223
2674,75288700,0,0,1225,1326,932,1245
2675,75298700,0,0,1225,1332,966,1270
2676,75308700,0,181,1223,1336,996,1293
2677,75318700,0,99,1192,1270,980,1265
2678,75328700,0,31,1209,1351,1060,1333
2679,75338700,0,0,1191,1353,1098,1356
2680,75348700,0,0,1174,1355,1131,1373
2681,75358700,0,0,1149,1356,1161,1389
2682,75368700,0,0,1121,1352,1183,1404
2683,75378700,0,0,1080,1350,1208,1417
2684,75388700,0,0,1041,1339,1228,1430
2685,75398700,0,0,984,1325,1240,1434
2686,75408700,0,0,920,1305,1238,1447
2687,75418700,0,0,860,1272,1223,1453
2688,75428700,0,0,793,1224,1189,1465
2689,75438700,0,0,761,1172,1126,1480
2690,75448700,0,0,697,1021,1014,1397
2691,75458700,0,0,648,1049,962,1501
2692,75468700,0,0,598,970,856,1511
2693,75478700,0,0,551,911,697,1513
2694,75488700,0,0,520,839,472,1496
2695,75498700,0,0,473,716,235,1465
2696,75508700,0,0,417,561,86,1319
2697,75518700,0,0,390,543,10,1322
2698,75528700,0,0,360,462,0,1225
2699,75538700,0,0,330,392,0,1121
2700,75548700,0,0,301,343,0,969
2701,75558700,0,0,280,291,0,777
2702,75568700,0,0,238,246,0,505
2703,75578700,0,0,213,187,0,195
2704,75588700,0,0,183,122,0,0
2705,75598700,0,0,155,71,0,0
2706,75608700,0,0,153,68,0,0
2707,75618700,0,0,152,58,0,0
2708,75628700,0,0,149,57,0,0
2709,75638700,0,0,142,52,0,0
2710,75648700,0,0,138,46,0,0
2711,75658700,0,0,136,44,0,0
2712,75668700,0,0,137,43,0,0
2713,75678700,0,0,137,44,0,0
2714,75688700,0,0,138,47,0,0
2715,75698700,0,0,140,48,0,0
2716,75708700,0,0,145,52,0,0
2717,75718700,0,0,152,54,0,0
2718,75728700,0,0,155,57,0,0
2719,75738700,0,0,160,60,0,0
2720,75748700,0,0,167,65,0,0
2721,75758700,0,0,170,72,0,0
2722,75768700,0,0,177,74,0,0
2723,75778700,0,0,181,76,0,0
2724,75788700,0,0,184,78,0,0
2725,75798700,0,0,186,84,0,0
2726,75808700,0,0,188,86,0,0
2727,75818700,0,0,187,86,0,0
2728,75828700,0,0,182,83,0,0
2729,75838700,0,0,174,78,0,0
2730,75848700,0,0,166,76,0,0
2731,75858700,0,0,153,74,0,0
2732,75868700,0,0,137,71,0,0
2733,75878700,0,0,118,61,0,0
2734,75888700,0,0,99,60,0,0
2735,75898700,0,0,88,51,0,0
2736,75908700,0,0,72,47,0,0
2737,75918700,0,0,59,42,0,0
2738,75928700,0,0,55,40,0,0
2739,75938700,0,0,58,43,0,0
2740,75948700,0,0,61,46,0,0
2741,75958700,0,0,69,54,0,0
2742,75968700,0,0,71,62,0,0
2743,75978700,0,0,73,57,0,0
2744,75988700,0,0,75,63,0,0
2745,75998700,0,0,76,61,0,0
2746,76008700,0,0,79,66,0,0
2747,76018700,0,0,85,70,0,0
2748,76028700,0,0,90,69,0,0
2749,76038700,0,0,92,68,0,0
2750,76048700,0,0,96,74,0,0
2751,76058700,0,0,101,74,0,0
2752,76068700,0,0,103,76,0,0
2753,76078700,0,0,106,78,0,0
2754,76088700,0,0,107,70,0,0
2755,76098700,0,0,101,24,0,0
2756,76108700,0,0,100,19,0,0
2757,76118700,136,436,105,4,0,0
2758,76128700,343,710,103,0,0,0
2759,76138700,603,918,106,0,0,0
2760,76148700,784,1037,103,0,0,0
2761,76158700,880,1105,100,0,0,0
2762,76168700,950,1160,99,0,0,0
2763,76178700,1027,1207,92,0,0,0
2764,76188700,1080,1257,93,0,1,0
2765,76198700,1137,1305,101,0,0,0
2766,76208700,1199,1343,104,0,0,0
2767,76218700,1242,1379,115,0,0,0
2768,76228700,1274,1406,132,4,0,0
2769,76238700,1304,1434,160,31,0,0
2770,76248700,1332,1453,199,59,0,0
2771,76258700,1347,1466,230,87,0,0
2772,76268700,1359,1483,297,135,0,0
2773,76278700,1371,1500,353,187,0,0
2774,76288700,1380,1501,424,239,0,0
2775,76298700,1279,1475,434,273,0,0
2776,76308700,1390,1511,542,334,0,0
2777,76318700,1391,1518,590,396,0,11
2778,76328700,1392,1514,631,435,0,55
2779,76338700,1390,1520,670,498,0,101
2780,76348700,1385,1516,709,549,0,154
2781,76358700,1389,1515,746,599,0,210
2782,76368700,1386,1515,778,643,0,264
2783,76378700,1387,1513,805,670,0,312
2784,76388700,1383,1512,834,704,0,363
2785,76398700,1378,1500,859,739,0,403
2786,76408700,1368,1490,879,767,0,457
2787,76418700,1359,1475,907,795,0,514
2788,76428700,1351,1455,929,824,0,558
2789,76438700,1333,1437,945,850,22,591
2790,76448700,1321,1418,955,862,51,626
2791,76458700,1307,1402,972,885,84,659
2792,76468700,1294,1387,985,905,104,681
2793,76478700,1276,1365,994,927,134,708
2794,76488700,1257,1342,1006,946,158,725
2795,76498700,1239,1322,1014,961,188,748
2796,76508700,1213,1307,1019,980,219,773
2797,76518700,1188,1276,1035,994,246,789
2798,76528700,1160,1261,1047,1007,277,808
2799,76538700,1126,1237,1055,1021,302,825
2800,76548700,1086,1209,1062,1044,349,849
2801,76558700,1047,1186,1071,1053,388,849
2802,76568700,1006,0,1077,1072,409,887
2803,76578700,980,0,1084,1085,430,916
2804,76588700,943,0,1096,1100,449,926
2805,76598700,913,0,1101,1111,477,947
2806,76608700,875,0,1108,1120,521,966
2807,76618700,828,0,1112,1130,555,987
2808,76628700,789,0,1118,1143,585,1010
2809,76638700,739,0,1128,1159,616,1036
2810,76648700,689,0,1133,1177,654,1064
2811,76658700,650,0,1139,1188,683,1082
2812,76668700,615,0,1142,1196,716,1108
2813,76678700,583,0,1146,1209,743,1124
2814,76688700,550,0,1153,1218,768,1141
2815,76698700,522,0,1160,1227,799,1161
2816,76708700,474,0,1163,1236,817,1175
2817,76718700,437,0,1168,1241,840,1190
2818,76728700,409,0,1170,1246,860,1207
2819,76738700,374,0,1172,1254,892,1224
2820,76748700,313,0,1173,1258,922,1239
2821,76758700,273,0,1176,1262,947,1253
2822,76768700,234,0,1177,1268,968,1260
2823,76778700,207,0,1178,1273,987,1270
2824,76788700,156,0,1179,1275,1006,1277
2825,76798700,120,0,1179,1280,1027,1293
2826,76808700,89,0,1180,1289,1044,1306
2827,76818700,66,0,1182,1291,1062,1318
2828,76828700,33,0,1185,1296,1075,1332
2829,76838700,17,0,1186,1301,1088,1342
2830,76848700,3,0,1186,1304,1102,1359
2831,76858700,0,0,1187,1306,1117,1370
2832,76868700,0,0,1189,1310,1128,1379
2833,76878700,0,0,1189,1315,1143,1386
2834,76888700,0,0,1190,1319,1164,1397
2835,76898700,0,0,1189,1323,1176,1407
2836,76908700,0,0,1188,1325,1194,1418
2837,76918700,0,0,1187,1329,1204,1425
2838,76928700,0,0,1185,1332,1219,1436
2839,76938700,0,0,1183,1335,1234,1449
2840,76948700,0,0,1179,1338,1248,1461
2841,76958700,0,0,1176,1340,1262,1467
2842,76968700,0,0,1175,1343,1282,1479
2843,76978700,0,0,1171,1349,1300,1487
2844,76988700,0,0,1163,1352,1318,1499
2845,76998700,0,0,1155,1354,1333,1510
2846,77008700,0,0,1141,1356,1354,1518
2847,77018700,0,0,1127,1357,1365,1539
2848,77028700,0,0,1109,1357,1379,1549
2849,77038700,0,0,1082,1358,1397,1564
2850,77048700,0,0,1048,1354,1415,1579
2851,77058700,0,0,1006,1344,1429,1593
2852,77068700,0,0,955,1333,1443,1609
2853,77078700,0,0,904,1319,1451,1621
2854,77088700,0,0,845,1301,1454,1637
2855,77098700,0,0,803,1271,1451,1648
2856,77108700,0,0,761,1234,1437,1658
2857,77118700,0,0,700,1193,1407,1670
2858,77128700,0,0,642,1147,1363,1681
2859,77138700,0,0,595,1084,1305,1688
2860,77148700,0,0,520,1015,1259,1701
2861,77158700,0,0,457,939,1171,1712
2862,77168700,0,0,411,875,1041,1727
2863,77178700,0,0,391,812,899,1715
2864,77188700,0,0,358,730,701,1712
2865,77198700,0,0,330,629,464,1696
2866,77208700,0,0,316,578,307,1655
2867,77218700,0,0,293,509,149,1596
2868,77228700,0,0,264,442,57,1513
2869,77238700,0,0,232,389,4,1428
2870,77248700,0,0,201,334,0,1347
2871,77258700,0,0,168,294,0,1248
2872,77268700,0,0,123,257,0,1131
2873,77278700,0,0,138,234,0,981
2874,77288700,0,0,127,198,0,772
2875,77298700,0,0,118,154,0,508
2876,77308700,0,0,99,89,0,189
2877,77318700,0,0,78,45,0,32
2878,77328700,0,0,69,11,0,19
2879,77338700,0,0,76,38,0,60
2880,77348700,0,0,74,34,0,49
2881,77358700,0,0,72,34,0,32
2882,77368700,0,0,67,37,0,0
2883,77378700,0,0,65,36,0,0
2884,77388700,0,0,70,37,0,0
2885,77398700,0,0,58,16,0,0
2886,77408700,0,0,76,51,0,0
2887,77418700,0,0,85,54,0,0
2888,77428700,0,0,89,57,0,0
2889,77438700,0,0,94,65,0,0
2890,77448700,0,0,101,68,0,0
2891,77458700,0,0,107,74,0,0
2892,77468700,0,0,95,54,0,0
2893,77478700,0,0,119,86,0,0
2894,77488700,0,0,123,92,0,0
2895,77498700,0,0,133,98,0,0
2896,77508700,0,0,137,95,0,0
2897,77518700,0,0,140,95,0,0
2898,77528700,0,0,139,95,0,0
2899,77538700,0,0,136,95,0,0
2900,77548700,0,0,123,89,0,0
2901,77558700,0,0,119,83,0,0
2902,77568700,0,0,109,84,0,0
2903,77578700,0,0,103,83,0,0
2904,77588700,0,0,100,88,0,0
2905,77598700,0,0,92,89,0,0
2906,77608700,0,0,87,91,0,0
2907,77618700,0,0,77,90,0,0
2908,77628700,0,0,70,91,0,0
2909,77638700,0,0,67,88,0,0
2910,77648700,0,0,65,86,5,0
2911,77658700,0,0,62,88,0,0
2912,77668700,0,0,61,87,0,0
2913,77678700,0,0,62,83,0,0
2914,77688700,0,0,62,84,0,0
2915,77698700,0,0,62,86,0,0
2916,77708700,0,0,60,86,0,0
2917,77718700,0,0,61,85,0,0
2918,77728700,0,0,57,79,0,0
2919,77738700,0,0,55,73,0,0
2920,77748700,0,0,54,63,0,0
2921,77758700,0,0,54,60,0,0
2922,77768700,0,0,53,56,0,0
2923,77778700,0,1,53,53,0,0
2924,77788700,0,0,59,40,0,0
2925,77798700,0,0,74,49,0,0
2926,77808700,0,0,85,43,0,0
2927,77818700,34,0,94,43,0,0
2928,77828700,135,552,102,28,0,0
2929,77838700,255,682,105,15,0,0
2930,77848700,373,795,101,11,0,0
2931,77858700,485,876,99,7,0,0
2932,77868700,591,943,99,4,0,0
2933,77878700,682,1010,98,1,0,0
2934,77888700,789,1073,96,0,0,0
2935,77898700,887,1142,95,2,0,0
2936,77908700,975,1189,95,1,0,0
2937,77918700,1047,1237,100,2,0,0
2938,77928700,1092,1266,97,2,0,0
2939,77938700,1131,1294,115,12,0,0
2940,77948700,1164,1318,127,28,0,0
2941,77958700,1182,1335,167,53,0,0
2942,77968700,1206,1364,213,85,0,0
2943,77978700,1226,1389,247,102,0,0
2944,77988700,1248,1415,313,117,0,0
2945,77998700,1269,1435,351,157,0,0
2946,78008700,1293,1460,369,195,0,0
2947,78018700,1315,1488,402,220,0,0
2948,78028700,1336,1510,436,235,0,0
2949,78038700,1358,1532,457,265,0,0
2950,78048700,1381,1554,480,282,0,0
2951,78058700,1397,1567,508,297,0,0
2952,78068700,1416,1588,534,314,0,0
2953,78078700,1434,1596,556,339,0,0
2954,78088700,1447,1612,574,349,0,0
2955,78098700,1461,1621,592,368,0,0
2956,78108700,1472,1538,596,337,0,0
2957,78118700,1487,1642,617,407,0,0
2958,78128700,1497,1650,629,414,0,6
2959,78138700,1505,1657,641,426,0,11
2960,78148700,1518,1661,653,444,0,25
2961,78158700,1528,1673,665,447,0,30
2962,78168700,1541,1677,673,457,0,38
2963,78178700,1548,1685,679,467,0,47
2964,78188700,1557,1687,683,471,0,53
2965,78198700,1559,1688,692,477,0,63
2966,78208700,1564,1691,698,483,0,80
2967,78218700,1566,1692,702,487,0,102
2968,78228700,1574,1692,702,489,0,131
2969,78238700,1567,1691,708,488,0,156
2970,78248700,1575,1689,709,488,0,186
2971,78258700,1576,1689,710,489,0,201
2972,78268700,1579,1685,711,489,0,212
2973,78278700,1571,1684,712,491,0,233
2974,78288700,1579,1680,714,493,0,261
2975,78298700,1573,1676,716,498,0,267
2976,78308700,1570,1672,719,509,0,292
2977,78318700,1570,1667,725,521,0,306
2978,78328700,1564,1660,728,523,0,315
2979,78338700,1562,1658,730,531,0,327
2980,78348700,1564,1655,733,540,0,342
2981,78358700,1560,1652,740,549,0,354
2982,78368700,1558,1650,746,559,0,364
2983,78378700,1554,1647,754,573,0,372
2984,78388700,1553,1642,759,582,0,382
2985,78398700,1549,1641,764,589,0,400
2986,78408700,1547,1639,778,603,0,410
2987,78418700,1546,1638,790,616,0,417
2988,78428700,1544,1635,793,625,0,409
2989,78438700,1545,1635,803,633,0,427
2990,78448700,1543,1631,808,645,0,432
2991,78458700,1543,1629,814,650,0,444
2992,78468700,1541,1628,823,664,0,458
2993,78478700,1541,1626,829,676,0,467
2994,78488700,1540,1623,838,684,0,474
2995,78498700,1451,1555,805,637,0,483
2996,78508700,1535,1620,850,701,0,485
2997,78518700,1535,1620,857,711,0,489
2998,78528700,1532,1618,864,718,0,488
2999,78538700,1529,1617,870,727,0,493
3000,78548700,1528,1615,874,733,0,495
3001,78558700,1526,1611,879,739,0,498
3002,78568700,1526,1610,884,744,0,495
3003,78578700,1524,1608,885,748,0,493
3004,78588700,1520,1605,889,752,0,494
3005,78598700,1521,1603,893,758,0,494
3006,78608700,1518,1597,898,762,0,495
3007,78618700,1517,1594,902,768,0,499
3008,78628700,1515,1591,907,774,0,493
3009,78638700,1513,1590,910,778,0,492
3010,78648700,1512,1587,914,783,0,489
3011,78658700,1510,1582,918,787,0,486
3012,78668700,1509,1580,922,791,0,489
3013,78678700,1506,1575,928,796,0,491
3014,78688700,1502,1571,933,805,0,490
3015,78698700,1498,1563,936,808,0,482
3016,78708700,1494,1559,946,816,0,500
3017,78718700,1485,1555,953,822,0,502
3018,78728700,1481,1547,956,827,0,500
3019,78738700,1472,1540,964,839,0,507
3020,78748700,1465,1528,970,847,0,523
3021,78758700,1452,1517,980,860,0,549
3022,78768700,1440,1506,990,874,0,578
3023,78778700,1425,1489,1000,893,3,610
3024,78788700,1410,1467,1008,914,16,633
3025,78798700,1392,1450,1015,925,33,664
3026,78808700,1373,1428,1022,936,54,678
3027,78818700,1354,1397,1032,944,74,718
3028,78828700,1326,0,1041,954,86,740
3029,78838700,1294,0,1045,970,93,788
3030,78848700,1236,0,1047,982,122,831
3031,78858700,1168,0,1049,992,153,874
3032,78868700,1080,0,1047,1000,199,931
3033,78878700,982,0,1044,1006,241,987
3034,78888700,860,0,1034,1011,313,1048
3035,78898700,736,0,996,958,332,1049
3036,78908700,572,0,1005,1019,436,1126
3037,78918700,391,0,985,1034,532,1169
3038,78928700,207,0,955,1031,598,1211
3039,78938700,73,0,918,1045,689,1262
3040,78948700,0,0,862,1047,788,0
3041,78958700,0,0,800,1035,855,0
3042,78968700,0,0,743,1014,926,0
3043,78978700,0,0,686,995,960,0
3044,78988700,0,0,636,950,984,0
3045,78998700,0,0,598,891,970,0
3046,79008700,0,0,535,794,936,0
3047,79018700,0,0,486,710,874,1395
3048,79028701,0,0,441,636,774,1479
3049,79038700,0,0,419,574,674,1483
3050,79048700,0,0,393,514,502,0
3051,79058700,0,0,357,442,339,1464
3052,79068700,0,0,322,377,175,1435
3053,79078700,0,0,301,330,68,1399
3054,79088701,0,0,285,282,0,1349
3055,79098700,0,0,265,252,0,1271
3056,79108700,0,0,247,219,0,1186
3057,79118700,0,0,229,178,0,1089
3058,79128700,0,0,216,149,0,974
3059,79138700,0,0,198,121,0,869
3060,79148700,0,0,183,102,0,745
3061,79158700,0,0,160,89,0,602
3062,79168700,0,0,133,70,0,462
3063,79178700,0,0,112,49,0,344
3064,79188700,0,0,107,26,0,282
3065,79198700,0,0,108,25,0,271
3066,79208700,0,0,105,22,0,253
3067,79218701,0,0,103,24,0,220
3068,79228700,0,0,105,25,0,161
3069,79238700,0,0,105,30,0,92
3070,79248700,0,0,105,31,0,43
3071,79258700,0,0,106,37,0,1
3072,79268700,0,0,117,42,0,0
3073,79278700,0,0,120,48,0,0
3074,79288700,0,0,119,53,0,0
3075,79298700,0,0,123,52,0,0
3076,79308700,0,0,131,52,0,0
3077,79318700,0,0,125,53,0,0
3078,79328700,0,0,124,53,0,0
3079,79338700,0,0,125,56,0,0
3080,79348700,0,0,122,54,0,0
3081,79358700,0,0,118,59,0,0
3082,79368700,0,0,113,56,0,0
3083,79378700,0,0,109,54,0,0
3084,79388700,0,0,101,52,0,0
3085,79398700,0,0,96,54,0,0
3086,79408700,0,0,89,54,0,0
3087,79418700,0,0,82,53,0,0
3088,79428700,0,0,90,52,0,0
3089,79438700,0,0,87,53,0,0
3090,79448700,0,0,83,53,0,0
3091,79458700,0,0,79,54,0,0
3092,79468700,0,0,77,56,0,0
3093,79478700,0,0,71,57,0,0
3094,79488700,0,0,75,57,0,0
3095,79498700,0,0,77,60,0,0
3096,79508700,0,0,86,59,0,0
3097,79518700,0,0,78,56,0,0
3098,79528700,0,0,82,52,0,0
3099,79538700,0,0,69,51,0,0
3100,79548700,0,1,70,47,0,0
3101,79558700,0,0,65,41,0,0
3102,79568700,0,0,56,32,0,0
3103,79578700,0,15,56,24,0,0
3104,79588700,0,33,57,16,0,0
3105,79598700,0,19,54,10,0,0
3106,79608700,0,0,49,1,0,0
3107,79618700,0,0,58,0,0,0
3108,79628700,8,0,60,0,0,0
3109,79638700,66,0,78,0,0,0
3110,79648700,133,0,80,0,0,0
3111,79658700,227,572,84,0,0,0
3112,79668700,342,675,84,0,0,0
3113,79678700,487,786,77,0,0,0
3114,79688700,621,882,75,0,0,0
3115,79698700,744,965,84,0,0,0
3116,79708700,854,1031,91,0,0,0
3117,79718700,935,1083,100,0,0,0
3118,79728700,986,1046,100,0,0,0
3119,79738700,1022,1145,121,20,0,0
3120,79748700,1063,1178,142,40,0,0
3121,79758700,1083,1194,170,57,0,0
3122,79768700,1097,1210,190,78,0,0
3123,79778700,1107,1228,217,100,0,0
3124,79788700,1115,1241,242,118,0,0
3125,79798700,1050,1226,274,142,0,0
3126,79808700,1141,1259,300,180,0,0
3127,79818700,1167,1275,333,215,0,0
3128,79828700,1188,1301,361,236,0,20
3129,79838700,1211,1324,401,266,0,51
3130,79848700,1244,1359,434,289,0,56
3131,79858700,1268,1385,465,307,0,67
3132,79868700,1292,1407,503,333,0,94
3133,79878700,1308,1430,534,350,0,112
3134,79888700,1322,1446,562,393,0,123
3135,79898700,1329,1453,590,434,0,165
3136,79908700,1332,1457,623,471,0,207
3137,79918700,1334,1458,663,514,0,239
3138,79928700,1337,1461,684,551,0,291
3139,79938700,1338,1463,719,581,0,353
3140,79948700,1340,1466,742,606,0,396
3141,79958700,1351,1468,762,633,0,429
3142,79968700,1354,1473,788,657,0,459
3143,79978700,1360,1478,807,677,0,493
3144,79988700,1363,1480,827,699,0,530
3145,79998700,1367,1482,845,725,0,563
3146,80008700,1368,1482,862,749,5,591
3147,80018700,1368,1482,877,776,21,619
3148,80028700,1368,1481,892,793,30,637
3149,80038700,1369,1481,913,809,46,655
3150,80048700,1368,1481,925,826,52,670
3151,80058700,1368,1480,939,841,56,680
3152,80068700,1368,1477,950,853,61,690
3153,80078700,1366,1477,957,860,72,699
3154,80088700,1368,1476,965,871,75,711
3155,80098700,1367,1473,971,877,83,718
3156,80108700,1368,1474,980,885,88,723
3157,80118700,1369,1474,983,891,92,727
3158,80128700,1267,1441,923,896,98,731
3159,80138700,1368,1470,995,909,99,731
3160,80148700,1367,1467,998,919,101,733
3161,80158700,1363,1463,1002,925,103,737
3162,80168700,1360,1460,1005,931,109,739
3163,80178700,1354,1453,1008,934,118,740
3164,80188700,1276,1391,971,869,114,741
3165,80198700,1351,1449,1013,940,122,741
3166,80208700,1352,1450,1016,944,122,0
3167,80218700,1352,1448,1019,948,121,0
3168,80228700,1351,1449,1022,952,122,0
3169,80238700,1350,1447,1032,959,122,0
3170,80248700,1344,1447,1036,967,120,708
3171,80258700,1245,1414,971,938,106,701
3172,80268700,1344,1446,1046,983,114,697
3173,80278700,1347,1449,1049,989,111,696
3174,80288700,1350,1451,1055,996,105,693
3175,80298700,1351,1451,1059,1001,99,698
3176,80308700,1353,1454,1062,1007,85,691
3177,80318700,1354,1456,1068,1016,71,685
3178,80328700,1267,1422,1016,1032,53,684
3179,80338700,1360,1461,1077,1036,48,676
3180,80348700,1363,1463,1082,1042,41,677
3181,80358700,1364,1464,1086,1046,36,672
3182,80368700,1365,1467,1093,1052,23,672
3183,80378700,1365,1467,1094,1055,21,671
3184,80388700,1275,1441,1098,1062,17,667
3185,80398700,1366,1468,1099,1057,12,666
3186,80408700,1367,1468,1103,1065,9,665
3187,80418700,1367,1467,1106,1068,7,663
3188,80428700,1364,1466,1109,1072,7,662
3189,80438700,1362,1463,1112,1077,6,664
3190,80448700,1356,1460,1114,1078,11,665
3191,80458700,1350,1452,1117,1082,11,665
3192,80468700,1340,1446,1121,1092,21,673
3193,80478700,1334,1438,1124,1097,27,677
3194,80488700,1324,1431,1126,1099,38,682
3195,80498700,1318,1421,1129,1106,46,684
3196,80508700,1308,1405,1132,1110,58,695
3197,80518700,1300,1395,1134,1110,71,683
3198,80528700,1286,1383,1139,1120,87,711
3199,80538700,1271,1372,1141,1124,90,724
3200,80548700,1259,1361,1144,1128,103,732
3201,80558700,1244,1347,1148,1135,132,745
3202,80568700,1227,1330,1154,1139,141,763
3203,80578700,1207,1312,1161,1159,148,783
3204,80588701,1184,1296,1167,1168,160,802
3205,80598700,1157,1273,1174,1182,191,820
3206,80608700,1128,1253,1180,1196,189,838
3207,80618700,1101,1233,1188,1203,217,864
3208,80628700,1068,1207,1194,1222,238,887
3209,80638700,1031,1183,1205,1235,277,927
3210,80648700,985,1144,1212,1244,298,954
3211,80658700,942,0,1221,1255,351,983
3212,80668700,888,0,1227,1262,397,1008
3213,80678700,798,0,1230,1274,428,1035
3214,80688700,703,0,1235,1285,462,1074
3215,80698700,598,0,1239,1294,492,1118
3216,80708700,471,0,1241,1302,537,1152
3217,80718700,303,0,1160,1302,585,1187
3218,80728700,217,0,1241,1315,647,1209
3219,80738700,91,0,1239,1323,687,1244
3220,80748700,3,403,1237,1329,737,1271
3221,80758700,0,267,1233,1339,779,1298
3222,80768700,0,150,1224,1337,822,1325
3223,80778700,0,43,1209,1345,868,1326
3224,80788700,0,0,1194,1348,918,1375
3225,80798700,0,0,1177,1356,958,1391
3226,80808700,0,0,1151,1356,977,1411
3227,80818700,0,0,1124,1355,1020,1434
3228,80828700,0,0,1099,1352,1054,1454
3229,80838700,0,0,1063,1345,1061,1474
3230,80848700,0,0,1029,1332,1059,1493
3231,80858700,0,0,982,1320,1047,1520
3232,80868700,0,0,941,1308,1032,1541
3233,80878700,0,0,878,1288,997,1564
3234,80888700,0,0,850,1262,928,1590
3235,80898700,0,0,830,1231,868,1613
3236,80908700,0,0,829,1200,793,1634
3237,80918700,0,0,816,1172,688,1651
3238,80928700,0,0,790,1141,556,1672
3239,80938700,0,0,770,1119,410,1675
3240,80948700,0,0,779,1110,268,1677
3241,80958700,0,0,774,1096,135,1666
3242,80968700,0,0,775,1076,58,1650
3243,80978700,0,0,774,1049,5,1627
3244,80988700,0,0,760,1017,0,1578
3245,80998700,0,2,750,982,0,1522
3246,81008700,0,0,727,941,0,1463
3247,81018700,0,0,692,890,0,1416
3248,81028700,0,0,653,841,0,1355
3249,81038700,0,0,614,758,0,1258
3250,81048700,0,0,571,684,0,1176
3251,81058700,0,0,518,612,0,1073
3252,81068700,0,0,451,516,0,928
3253,81078700,0,0,404,438,0,748
3254,81088700,0,0,365,375,0,518
3255,81098700,0,0,330,286,0,244
3256,81108700,0,0,294,205,0,56
3257,81118700,0,0,232,128,0,0
3258,81128700,0,0,215,105,0,0
3259,81138700,0,0,214,108,0,0
3260,81148700,0,0,198,95,0,0
3261,81158700,0,0,182,88,0,0
3262,81168700,0,0,162,84,0,0
3263,81178700,0,0,149,66,0,0
3264,81188700,0,0,136,61,0,0
3265,81198700,0,0,139,61,0,0
3266,81208700,0,0,133,59,0,0
3267,81218700,0,0,138,60,0,0
3268,81228700,0,0,144,60,0,0
3269,81238700,0,0,148,61,0,0
3270,81248700,0,0,153,69,0,0
3271,81258700,0,0,168,76,0,0
3272,81268700,0,0,183,85,0,0
3273,81278700,0,0,197,90,0,0
3274,81288700,0,0,205,94,0,0
3275,81298700,0,0,212,103,0,0
3276,81308700,0,0,214,106,0,0
3277,81318700,0,0,222,108,0,0
3278,81328700,0,0,228,113,0,0
3279,81338700,0,0,228,118,0,0
3280,81348700,0,0,225,119,0,0
3281,81358700,0,0,174,115,0,0
3282,81368700,0,0,182,113,0,0
3283,81378700,0,0,165,108,0,0
3284,81388700,0,0,154,102,0,0
3285,81398700,0,0,149,93,0,0
3286,81408700,0,0,139,93,0,0
3287,81418700,0,0,137,94,0,0
3288,81428700,0,0,134,98,0,0
3289,81438700,0,0,135,97,0,0
3290,81448700,0,0,136,95,0,0
3291,81458700,0,0,137,94,0,0
3292,81468700,0,0,135,94,0,0
3293,81478700,0,0,134,96,0,0
3294,81488700,0,0,133,91,0,0
3295,81498700,0,0,128,90,0,0
3296,81508700,0,0,133,92,0,0
3297,81518700,0,0,129,93,0,0
3298,81528700,0,0,131,94,0,0
3299,81538700,0,0,132,90,0,0
3300,81548700,0,0,134,90,0,0
3301,81558700,0,0,125,58,0,0
3302,81568700,0,0,135,88,0,0
3303,81578700,0,0,132,85,0,0
3304,81588700,0,0,124,83,0,0
3305,81598700,0,0,124,76,0,0
3306,81608700,0,0,123,62,0,0
3307,81618700,0,0,124,40,0,0
3308,81628700,22,0,121,18,0,0
3309,81638700,112,312,123,6,0,0
3310,81648700,272,534,119,0,0,0
3311,81658700,470,723,110,0,0,0
3312,81668700,629,852,97,0,0,0
3313,81678700,729,943,95,0,0,0
3314,81688700,745,992,68,0,0,0
3315,81698700,895,1086,105,0,0,0
3316,81708700,968,1147,114,0,0,0
3317,81718700,1017,1192,123,0,0,0
3318,81728700,1059,1224,139,0,0,0
3319,81738700,1084,1243,142,0,0,0
3320,81748700,1105,1253,154,7,0,0
3321,81758700,1112,1256,168,20,0,0
3322,81768700,1111,1247,190,39,0,0
3323,81778700,1111,1237,231,70,0,0
3324,81788700,1108,1213,287,117,0,0
3325,81798700,1097,1179,371,218,0,0
3326,81808700,1092,1132,446,270,0,0
3327,81818700,995,1062,483,361,0,0
3328,81828700,1074,1080,595,445,0,128
3329,81838700,1064,1066,665,529,0,270
3330,81848700,1054,1060,724,613,0,415
3331,81858700,1049,1052,770,675,0,539
3332,81868700,1044,1051,812,748,5,620
3333,81878700,1035,1047,846,790,58,686
3334,81888700,1020,1047,878,827,103,754
3335,81898700,1014,1047,908,861,153,805
3336,81908700,1007,1050,939,904,206,842
3337,81918700,1002,1050,971,938,243,868
3338,81928700,999,1053,993,970,284,896
3339,81938700,998,1058,1016,997,335,925
3340,81948700,997,988,1013,953,361,863
3341,81958700,997,1063,1057,1043,416,981
3342,81968700,998,1066,1074,1061,466,1003
3343,81978700,999,1069,1083,1078,500,1034
3344,81988700,997,1071,1095,1097,532,1051
3345,81998700,995,915,1105,1107,565,1067
3346,82008700,985,1045,1109,1119,552,1065
3347,82018700,971,920,1121,1131,634,1102
3348,82028700,951,0,1126,1142,669,1125
3349,82038700,936,0,1131,1151,702,1145
3350,82048700,919,0,1135,1161,739,1169
3351,82058700,901,0,1140,1174,755,1180
3352,82068700,875,0,1145,1176,781,1194
3353,82078700,850,0,1148,1184,800,1205
3354,82088700,814,0,1150,1191,816,1219
3355,82098700,781,0,1156,1199,840,1228
3356,82108700,737,0,1155,1203,860,1239
3357,82118700,694,0,1156,1207,881,1243
3358,82128700,662,0,1157,1211,908,1250
3359,82138700,629,0,1136,1124,901,1173
3360,82148700,603,0,1157,1223,936,1259
3361,82158700,585,0,1158,1223,955,1267
3362,82168700,572,0,1157,1226,969,1271
3363,82178700,566,0,1159,1226,976,1273
3364,82188700,556,0,1157,1229,985,1277
3365,82198700,553,0,1157,1230,1003,1282
3366,82208700,549,0,1158,1234,1014,1288
3367,82218700,556,0,1155,1234,1033,1291
3368,82228700,558,0,1154,1234,1041,1297
3369,82238700,567,0,1153,1233,1053,1301
3370,82248700,569,0,1152,1234,1062,1300
3371,82258700,572,0,1151,1234,1069,1301
3372,82268700,579,0,1147,1230,1003,1278
3373,82278700,588,0,1147,1231,1071,1298
3374,82288700,600,0,1146,1227,1074,1289
3375,82298700,612,0,1145,1224,1075,1284
3376,82308700,623,0,1146,1222,1080,1277
3377,82318700,633,0,1141,1224,1077,1275
3378,82328700,645,0,1138,1222,1008,1255
3379,82338700,639,0,1143,1225,1081,1272
3380,82348700,641,0,1143,1226,1084,1269
3381,82358700,643,0,1146,1227,1076,1265
3382,82368700,636,0,1144,1229,1081,1259
3383,82378700,632,0,1145,1230,1077,1256
3384,82388700,625,0,1145,1234,1078,1257
3385,82398700,566,0,1096,1146,1060,1259
3386,82408700,575,0,1145,1239,1085,1261
3387,82418700,533,0,1145,1242,1098,1259
3388,82428700,477,0,1147,1248,1104,1262
3389,82438700,436,0,1148,1255,1107,1261
3390,82448700,381,0,1148,1259,1124,1267
3391,82458700,315,0,1151,1267,1129,1278
3392,82468700,247,0,1156,1274,1148,1289
3393,82478700,177,0,1160,1284,1160,1303
3394,82488700,119,0,1161,1288,1175,1309
3395,82498700,57,0,1161,1297,1189,1322
3396,82508700,7,0,1160,1304,1203,1337
3397,82518700,0,0,1159,1307,1219,1343
3398,82528700,0,0,1110,1216,1220,1354
3399,82538700,0,0,1136,1317,1262,1361
3400,82548700,0,0,1119,1320,1290,1367
3401,82558700,0,0,1092,1319,1304,1378
3402,82568700,0,0,1050,1315,1322,1391
3403,82578700,0,0,995,1311,1346,1400
3404,82588700,0,0,910,1208,1338,1416
3405,82598700,0,0,900,1290,1390,1430
3406,82608700,0,0,832,1271,1396,1441
3407,82618700,0,0,793,1249,1409,1466
3408,82628700,0,0,753,1224,1417,1487
3409,82638700,0,0,716,1189,1419,1511
3410,82648700,0,0,625,1070,1378,1543
3411,82658700,0,0,617,1117,1379,1574
3412,82668700,0,0,558,1072,1336,1596
3413,82678700,0,0,489,1016,1285,1623
3414,82688700,0,0,430,958,1221,1649
3415,82698700,0,0,397,916,1114,1666
3416,82708700,0,0,382,876,1036,1682
3417,82718700,0,0,363,825,916,1690
3418,82728700,0,0,341,763,762,1694
3419,82738700,0,0,313,719,612,1690
3420,82748700,0,0,309,679,476,1672
3421,82758700,0,0,292,634,375,1640
3422,82768700,0,0,277,603,295,1577
3423,82778700,0,0,256,570,187,1470
3424,82788700,0,0,235,538,109,1406
3425,82798700,0,0,225,493,52,1327
3426,82808700,0,0,206,447,19,1244
3427,82818700,0,0,180,395,0,1128
3428,82828700,1,0,174,345,0,989
3429,82838700,0,0,160,293,0,818
3430,82848700,0,0,146,244,0,614
3431,82858700,0,0,140,209,0,378
3432,82868700,0,0,127,156,0,102
3433,82878700,0,0,123,97,0,0
3434,82888700,0,0,98,68,0,0
3435,82898700,0,0,98,64,0,0
3436,82908700,0,0,104,70,0,0
3437,82918700,0,0,102,69,0,0
3438,82928700,0,0,100,61,0,0
3439,82938700,0,0,93,53,0,0
3440,82948700,0,0,93,47,0,0
3441,82958700,0,0,90,45,0,0
3442,82968700,0,0,95,48,0,0
3443,82978700,0,0,100,50,0,0
3444,82988700,0,0,104,51,0,0
3445,82998700,0,0,106,53,0,0
3446,83008700,0,0,109,54,0,0
3447,83018700,0,0,113,54,0,0
3448,83028700,0,0,119,60,0,0
3449,83038700,0,0,128,69,0,0
3450,83048700,0,0,135,72,0,0
3451,83058700,0,0,143,80,0,0
3452,83068700,0,0,151,86,0,0
3453,83078700,2,0,160,87,0,0
3454,83088700,0,0,165,92,0,0
3455,83098700,0,0,167,96,0,0
3456,83108700,0,0,166,101,0,0
3457,83118700,0,0,168,101,0,0
3458,83128700,0,0,163,100,0,0
3459,83138700,0,0,157,94,0,0
3460,83148700,0,0,152,92,0,0
3461,83158700,0,0,142,91,0,0
3462,83168700,0,0,136,90,0,0
3463,83178700,0,0,126,90,0,0
3464,83188700,0,0,113,85,0,0
3465,83198700,0,0,106,81,0,0
3466,83208700,0,0,101,77,0,0
3467,83218700,0,0,95,71,1,0
3468,83228700,0,0,88,71,0,0
3469,83238700,0,0,82,69,0,0
3470,83248700,0,0,78,68,0,0
3471,83258700,0,0,80,68,0,0
3472,83268700,0,0,79,71,0,0
3473,83278700,0,0,84,77,0,0
3474,83288700,0,0,87,82,0,0
3475,83298700,0,0,91,83,0,0
3476,83308700,0,0,79,60,0,0
3477,83318700,0,0,100,85,0,0
3478,83328700,2,0,104,84,0,0
3479,83338700,0,0,105,83,0,0
3480,83348700,0,0,106,76,0,0
3481,83358700,0,0,112,75,0,0
3482,83368700,0,0,85,72,0,0
3483,83378700,0,0,105,61,0,0
3484,83388700,0,0,104,54,0,0
3485,83398700,29,0,100,33,0,0
3486,83408700,145,406,103,12,0,0
3487,83418700,317,627,101,5,0,0
3488,83428700,481,771,101,0,0,0
3489,83438701,602,854,95,0,0,0
3490,83448700,673,908,94,0,0,0
3491,83458700,741,949,99,0,0,0
3492,83468700,816,1010,101,0,0,0
3493,83478700,876,1055,108,0,0,0
3494,83488700,925,1100,121,2,0,0
3495,83498700,890,1111,93,9,0,0
3496,83508700,1009,1160,126,20,0,0
3497,83518700,1040,1171,140,42,0,0
3498,83528700,1061,1194,193,79,0,0
3499,83538700,1086,1222,278,152,0,0
3500,83548700,1101,1230,345,220,0,0
3501,83558700,1098,1214,433,283,0,0
3502,83568700,1091,1191,504,366,0,0
3503,83578700,1091,1186,570,445,0,48
3504,83588700,1100,1173,640,533,0,125
3505,83598700,1104,1164,697,605,0,232
3506,83608700,1108,1160,748,674,0,326
3507,83618700,1113,1173,797,733,0,397
3508,83628700,1120,1175,839,787,0,472
3509,83638700,1123,1174,871,812,17,537
3510,83648700,1124,1171,896,855,54,587
3511,83658700,1121,1165,921,882,117,650
3512,83668700,1117,1164,945,907,180,699
3513,83678700,1116,1167,958,932,240,746
3514,83688700,1114,1163,976,956,309,795
3515,83698700,1114,1159,985,967,375,838
3516,83708700,1114,1160,994,981,460,872
3517,83718700,1118,1162,998,988,521,892
3518,83728700,1126,1170,1001,994,575,919
3519,83738700,1132,1176,1002,999,636,941
3520,83748700,1132,1173,1001,1001,705,971
3521,83758700,1136,1172,1001,1001,747,995
3522,83768700,1071,1130,946,959,729,986
3523,83778700,1132,1164,1001,1009,824,1046
3524,83788700,1127,1152,1004,1013,871,1066
3525,83798700,1118,1144,1003,1017,901,1080
3526,83808700,1107,1133,1002,1021,922,1095
3527,83818700,1095,1122,1005,1023,946,1109
3528,83828700,1080,1108,1003,1034,975,1126
3529,83838700,1061,1093,1005,1032,997,1130
3530,83848700,1046,1076,1003,1034,1018,1145
3531,83858700,1020,1062,1004,1041,1042,1156
3532,83868700,1003,1045,1002,1043,1061,1165
3533,83878700,987,1032,1000,1038,1077,1172
3534,83888700,973,1010,1005,1046,1095,1177
3535,83898700,958,1002,997,1049,1108,1181
3536,83908700,952,988,994,1049,1119,1184
3537,83918700,948,984,995,1051,1134,1190
3538,83928700,944,981,996,1052,1144,1193
3539,83938700,948,984,996,1053,1145,1194
3540,83948700,951,986,999,1054,1150,1194
3541,83958700,955,996,1001,1056,1152,1193
3542,83968700,967,1001,1002,1058,1150,1193
3543,83978700,979,1012,1004,1059,1146,1190
3544,83988700,993,1023,1005,1063,1134,1184
3545,83998700,1013,1048,1008,1058,1124,1173
3546,84008700,1039,1065,1010,1055,1108,1158
3547,84018700,1063,1082,1012,1051,1082,1133
3548,84028700,1027,1051,972,963,1030,1112
3549,84038700,1118,1125,1013,1039,1022,1089
3550,84048700,1138,1143,1013,1036,1001,1066
3551,84058700,1158,1164,1012,1032,981,1040
3552,84068700,1177,1177,1013,1018,956,1013
3553,84078700,1192,1190,1012,1013,928,989
3554,84088700,1211,1200,1010,1006,903,967
3555,84098700,1135,1182,941,994,878,940
3556,84108700,1241,1228,1002,987,849,916
3557,84118700,1254,1239,1007,973,814,893
3558,84128700,1266,1244,990,958,783,856
3559,84138700,1279,1256,984,949,734,0
3560,84148700,1293,1265,976,935,701,0
3561,84158700,1304,1274,968,926,674,0
3562,84168700,1210,1248,896,920,665,0
3563,84178700,1318,1289,964,924,651,0
3564,84188700,1321,1294,961,920,634,0
3565,84198700,1325,1296,957,919,620,0
3566,84208700,1325,1298,954,918,610,0
3567,84218700,1326,1301,951,912,597,0
3568,84228700,1329,1300,951,915,593,0
3569,84238700,1331,1297,949,916,584,0
3570,84248700,1328,1296,949,922,585,0
3571,84258700,1326,1291,951,923,583,0
3572,84268700,1324,1286,954,926,590,0
3573,84278700,1320,1278,957,931,595,0
3574,84288700,1308,1268,955,936,600,3
3575,84298700,1298,1263,962,941,620,0
3576,84308700,1286,1252,966,948,641,0
3577,84318700,1267,1236,967,955,659,0
3578,84328700,1242,1214,966,963,670,0
3579,84338700,1204,1190,957,967,684,0
3580,84348700,1165,1156,955,972,697,0
3581,84358700,1117,1114,954,982,706,0
3582,84368700,1049,1054,935,932,670,0
3583,84378700,971,0,961,1009,717,0
3584,84388700,857,0,963,1019,719,0
3585,84398700,728,0,953,1034,735,0
3586,84408700,570,0,940,1042,754,0
3587,84418700,394,0,915,1044,791,0
3588,84428700,198,0,873,1043,822,0
3589,84438700,67,202,807,1037,855,971
3590,84448700,0,108,746,1021,878,995
3591,84458700,0,0,682,1000,915,1016
3592,84468700,0,0,625,974,942,1032
3593,84478700,0,0,573,946,964,1052
3594,84488700,0,0,546,913,978,1069
3595,84498700,0,0,472,814,933,1036
3596,84508700,0,0,449,815,978,1096
3597,84518700,0,0,422,772,955,1110
3598,84528700,0,0,393,727,902,1128
3599,84538700,0,0,366,683,835,1152
3600,84548700,0,0,350,657,793,1176
3601,84558700,0,0,326,634,716,1195
3602,84568700,0,0,312,613,622,1214
3603,84578700,0,0,292,578,492,1224
3604,84588700,0,0,285,546,370,1237
3605,84598700,0,0,280,521,283,1251
3606,84608700,0,0,269,489,198,1254
3607,84618700,0,0,268,468,124,1259
3608,84628700,0,0,259,447,75,1253
3609,84638700,0,0,247,427,47,1233
3610,84648700,0,0,237,406,2,1207
3611,84658700,0,0,228,386,0,1175
3612,84668700,0,0,224,342,0,1126
3613,84678700,0,0,219,325,0,1065
3614,84688700,0,0,202,295,0,986
3615,84698700,0,0,196,270,0,869
3616,84708700,0,0,186,243,0,728
3617,84718700,0,0,182,218,0,576
3618,84728700,0,0,169,177,0,383
3619,84738700,0,0,154,139,0,198
3620,84748700,0,0,141,105,0,45
3621,84758700,0,0,124,76,0,0
3622,84768700,0,0,128,50,0,0
3623,84778700,0,0,146,85,0,0
3624,84788700,0,0,150,85,0,0
3625,84798700,0,0,151,88,0,0
3626,84808700,0,0,153,84,0,0
3627,84818700,0,0,154,78,0,0
3628,84828700,0,0,153,75,0,0
3629,84838700,0,0,153,71,0,0
3630,84848700,0,0,153,66,0,0
3631,84858700,0,0,154,68,0,0
3632,84868700,0,0,157,63,0,0
3633,84878700,0,0,160,59,0,0
3634,84888700,0,0,163,61,0,0
3635,84898701,0,0,170,59,0,0
3636,84908700,0,0,173,58,0,0
3637,84918700,0,0,174,54,0,0
3638,84928700,0,0,179,55,0,0
3639,84938700,0,0,180,51,0,0
3640,84948700,0,0,181,49,0,0
3641,84958700,0,0,180,48,0,0
3642,84968700,0,0,180,47,0,0
3643,84978700,0,0,177,50,0,0
3644,84988700,0,0,175,51,0,0
3645,84998700,0,0,177,48,0,0
3646,85008700,0,0,180,47,0,0
3647,85018700,0,0,180,45,0,0
3648,85028700,0,0,175,20,0,0
3649,85038700,0,0,184,51,0,0
3650,85048700,0,0,185,52,0,0
3651,85058700,0,0,185,52,0,0
3652,85068700,0,0,184,53,0,0
3653,85078700,0,0,184,53,0,0
3654,85088700,0,0,184,53,0,0
3655,85098700,0,0,182,54,0,0
3656,85108700,0,0,182,55,0,0
3657,85118700,0,0,181,54,0,0
3658,85128700,0,0,180,52,3,0
3659,85138700,0,0,174,47,0,0
3660,85148700,0,0,170,44,0,0
3661,85158700,0,0,155,33,0,0
3662,85168700,0,0,166,52,0,0
3663,85178700,0,0,165,53,0,0
3664,85188700,0,0,163,54,0,0
3665,85198700,0,0,159,54,0,0
3666,85208700,0,0,157,53,0,0
3667,85218700,0,0,157,53,0,0
3668,85228700,0,0,152,54,0,0
3669,85238700,0,0,151,51,0,0
3670,85248700,0,0,153,54,0,0
3671,85258700,0,0,154,54,0,0
3672,85268700,0,0,159,60,0,0
3673,85278700,0,0,167,75,0,0
3674,85288700,0,0,178,88,0,0
3675,85298700,0,0,219,158,0,83
3676,85308700,0,0,307,247,0,225
3677,85318700,0,0,357,342,0,411
3678,85328700,0,0,413,456,0,548
3679,85338700,0,0,497,567,0,0
3680,85348700,0,0,586,659,36,0
3681,85358700,0,0,658,745,95,852
3682,85368700,0,0,746,814,141,906
3683,85378700,0,18,813,869,169,946
3684,85388700,0,41,885,918,187,975
3685,85398700,0,86,935,955,209,1003
3686,85408700,0,134,979,992,219,1035
3687,85418700,0,188,1019,1023,228,1051
3688,85428700,0,0,1061,1054,234,1065
3689,85438700,14,0,1086,1081,237,1079
3690,85448700,51,0,1110,1106,252,1086
3691,85458700,101,0,1125,1118,265,1097
3692,85468700,138,0,1136,1131,291,1103
3693,85478700,160,0,1148,1140,309,1112
3694,85488700,278,0,1152,1141,313,1119
3695,85498700,354,0,1158,1140,319,1125
3696,85508700,423,0,1157,1138,337,1129
3697,85518700,481,0,1160,1134,346,1133
3698,85528700,543,0,1159,1130,368,1141
3699,85538700,580,0,1160,1127,381,1146
3700,85548700,548,0,1162,1128,404,0
3701,85558700,632,0,1165,1130,418,0
3702,85568700,644,0,1169,1133,435,0
3703,85578700,654,0,1164,1132,458,0
3704,85588700,663,0,1170,1135,472,0
3705,85598700,678,0,1174,1133,481,0
3706,85608700,699,0,1170,1133,488,0
3707,85618700,725,0,1172,1133,505,0
3708,85628700,745,0,1171,1129,522,0
3709,85638700,779,0,1172,1127,540,0
3710,85648700,805,0,1170,1122,547,0
3711,85658700,833,0,1169,1120,552,0
3712,85668700,855,0,1171,1116,556,0
3713,85678700,874,0,1170,1109,558,0
3714,85688700,891,0,1170,1107,560,0
3715,85698700,907,0,1167,1101,568,0
3716,85708700,918,0,1160,1098,572,0
3717,85718700,926,0,1162,1093,573,1
3718,85728700,934,0,1161,1085,582,0
3719,85738700,938,0,1155,1080,587,0
3720,85748700,947,0,1153,1075,593,0
3721,85758700,953,0,1152,1065,599,0
3722,85768700,963,0,1143,1062,599,0
3723,85778700,972,0,1140,1059,598,0
3724,85788700,983,0,1135,1053,599,0
3725,85798700,988,0,1131,1048,600,0
3726,85808700,999,0,1128,1045,602,0
3727,85818700,942,0,1076,957,592,0
3728,85828700,1007,0,1121,1035,610,0
3729,85838700,1017,0,1121,1029,614,0
3730,85848700,1012,0,1117,1023,614,0
3731,85858700,1014,0,1117,1018,615,0
3732,85868700,1016,0,1116,1017,618,0
3733,85878700,1020,0,1111,1012,619,0
3734,85888700,1032,0,1111,1012,619,0
3735,85898700,1043,0,1110,1012,618,0
3736,85908700,1047,0,1111,1010,618,0
3737,85918700,1051,0,1111,1012,619,0
3738,85928700,1054,0,1114,1011,620,0
3739,85938700,1055,2,1115,1011,617,0
3740,85948700,1059,0,1115,1013,613,0
3741,85958700,1060,0,1117,1013,613,0
3742,85968700,1060,0,1118,1013,611,0
3743,85978700,1058,0,1115,1011,618,0
3744,85988700,1055,0,1113,1009,622,0
3745,85998700,1046,0,1109,1005,621,0
3746,86008700,1035,0,1104,1004,622,0
3747,86018700,1018,0,1100,994,626,0
3748,86028700,1009,0,1097,995,638,0
3749,86038700,1003,0,1089,987,655,0
3750,86048700,993,2,1085,985,670,0
3751,86058700,986,0,1078,983,682,0
3752,86068700,983,0,1069,979,695,0
3753,86078700,981,0,1064,970,713,0
3754,86088700,902,0,1060,968,720,0
3755,86098700,988,0,1051,964,723,0
3756,86108700,995,0,1040,957,723,0
3757,86118700,1004,0,1042,954,720,0
3758,86128700,1009,0,1037,944,720,0
3759,86138700,1015,0,1033,939,723,0
3760,86148700,1020,0,1022,934,723,0
3761,86158700,1037,0,1019,929,720,0
3762,86168700,1044,0,1014,922,713,0
3763,86178700,1051,0,1008,917,710,1180
3764,86188700,1056,1,1003,909,699,1176
3765,86198700,1061,0,995,903,695,1173
3766,86208700,1059,0,987,896,688,1129
3767,86218700,1058,0,977,889,683,1205
3768,86228700,1060,0,968,878,679,1205
3769,86238700,1055,0,957,868,663,1204
3770,86248700,1057,0,950,855,653,1199
3771,86258700,1049,0,940,851,647,1194
3772,86268700,1043,0,929,843,629,1188
3773,86278700,1033,0,919,830,617,1181
3774,86288700,1016,0,906,825,607,1177
3775,86298700,1003,0,891,815,590,1168
3776,86308700,987,0,876,802,569,1160
3777,86318700,969,0,865,793,548,1145
3778,86328700,948,0,850,775,526,1129
3779,86338700,918,0,826,763,497,1121
3780,86348700,884,0,807,753,476,1102
3781,86358700,853,0,785,739,457,1087
3782,86368700,819,0,761,714,429,1064
3783,86378700,781,0,736,696,403,1040
3784,86388700,740,0,708,675,391,1009
3785,86398700,699,0,680,649,349,983
3786,86408700,652,756,648,621,320,941
3787,86418700,604,726,609,587,283,894
3788,86428700,558,687,574,542,227,832
3789,86438700,503,652,529,481,179,749
3790,86448700,455,610,476,408,128,653
3791,86458700,393,580,417,334,55,534
3792,86468700,329,538,341,263,0,419
3793,86478700,238,0,236,174,0,246
3794,86488700,203,0,216,136,0,125
3795,86498700,157,0,155,92,0,27
3796,86508700,153,0,111,59,0,0
3797,86518700,133,0,75,21,0,0
3798,86528700,122,0,47,0,0,0
3799,86538700,111,0,37,0,0,0
3800,86548700,86,0,32,0,0,0
3801,86558700,53,0,47,0,0,0
3802,86568700,18,0,36,0,0,0
3803,86578700,0,0,34,0,0,0
3804,86588700,0,0,36,0,0,0
3805,86598700,0,0,32,0,0,0
3806,86608700,0,0,31,0,0,0
3807,86618700,0,0,35,0,0,0
3808,86628700,0,0,32,0,0,0
3809,86638700,0,0,35,0,0,0
3810,86648700,0,0,40,0,0,0
3811,86658700,0,0,46,0,0,0
3812,86668700,0,0,52,0,0,0
3813,86678700,0,0,33,0,0,0
3814,86688700,0,0,66,0,0,0
3815,86698700,0,0,69,0,0,0
3816,86708700,0,0,70,0,0,0
3817,86718700,0,0,74,0,0,0
3818,86728700,0,0,77,0,0,0
3819,86738700,0,0,79,0,0,0
3820,86748700,0,0,83,0,0,0
3821,86758700,0,0,79,0,0,0
3822,86768700,0,0,76,0,0,0
3823,86778700,0,0,74,0,0,0
3824,86788700,0,0,72,0,0,0
3825,86798700,0,0,71,0,0,0
3826,86808700,0,0,66,0,0,0
3827,86818700,0,0,73,1,0,0
3828,86828700,0,0,72,0,0,0
3829,86838700,0,0,72,0,1,0
3830,86848700,0,0,72,0,1,0
3831,86858700,0,0,71,0,0,0
3832,86868700,0,0,64,0,0,0
3833,86878700,0,0,65,0,0,1
3834,86888700,0,0,56,0,0,0
3835,86898700,0,0,50,0,0,0
3836,86908700,0,0,42,0,0,0
3837,86918700,0,0,38,0,0,0
3838,86928700,0,0,33,0,0,0
3839,86938700,0,0,29,5,0,0
3840,86948700,0,0,35,3,0,0
3841,86958700,0,0,33,0,0,0
3842,86968700,0,0,28,0,0,0
3843,86978700,0,0,29,0,0,0
3844,86988700,0,0,24,2,0,0
3845,86998700,0,0,25,0,0,0
3846,87008700,0,0,25,2,0,0
3847,87018700,0,0,28,1,0,0
3848,87028700,0,0,28,2,0,0
3849,87038700,0,0,34,4,0,0
3850,87048700,0,0,40,4,0,0
3851,87058700,0,0,54,6,0,0
3852,87068700,0,0,50,7,0,0
3853,87078700,0,0,55,8,0,0
3854,87088700,0,0,48,8,0,0
3855,87098700,0,0,59,8,0,0
3856,87108700,0,0,66,11,0,0
3857,87118700,0,0,69,18,0,0
3858,87128700,0,0,80,19,0,0
3859,87138700,0,0,81,13,0,0
3860,87148700,0,0,85,12,0,0
3861,87158700,1,0,79,4,0,0
3862,87168700,134,458,83,0,0,0
3863,87178700,319,669,86,0,0,0
3864,87188700,510,806,82,0,0,0
3865,87198700,638,916,74,0,0,0
3866,87208700,753,986,77,0,0,0
3867,87218700,849,1065,83,0,0,0
3868,87228700,930,1131,87,0,0,0
3869,87238700,1012,1186,108,0,0,0
3870,87248700,1076,1235,118,0,0,0
3871,87258700,1122,1286,136,0,0,0
3872,87268700,1166,1317,143,0,0,0
3873,87278700,1198,1352,155,4,0,0
3874,87288700,1232,1372,190,24,0,0
3875,87298700,1272,1401,224,43,0,0
3876,87308700,1300,1430,257,56,0,0
3877,87318700,1325,1450,283,76,0,0
3878,87328700,1349,1467,336,104,0,0
3879,87338700,1373,1490,349,137,0,0
3880,87348700,1385,1505,392,169,0,0
3881,87358700,1401,1525,425,215,0,0
3882,87368700,1423,1545,460,235,0,0
3883,87378700,1433,1558,492,266,0,0
3884,87388700,1446,1572,522,288,0,0
3885,87398701,1456,1587,542,305,0,0
3886,87408700,1466,1595,566,333,0,0
3887,87418700,1477,1606,595,366,0,0
3888,87428700,1482,1614,621,393,0,0
3889,87438700,1494,1624,642,422,0,0
3890,87448700,1499,1629,665,442,0,0
3891,87458700,1507,1543,664,437,0,0
3892,87468700,1513,1643,709,491,0,0
3893,87478700,1516,1646,737,524,0,0
3894,87488700,1516,1646,762,565,0,0
3895,87498700,1517,1646,803,611,0,17
3896,87508700,1516,1645,826,649,0,50
3897,87518700,1514,1643,856,684,0,70
3898,87528700,1428,1573,841,659,0,94
3899,87538700,1507,1636,909,755,0,122
3900,87548700,1499,1629,931,790,0,156
3901,87558700,1493,1622,947,809,0,201
3902,87568700,1485,1614,958,827,0,238
3903,87578700,1469,1599,974,850,0,284
3904,87588700,1458,1589,978,866,0,339
3905,87598700,1450,1578,986,883,0,380
3906,87608700,1441,1566,992,891,0,426
3907,87618700,1431,1555,997,903,0,463
3908,87628700,1419,1539,1002,910,0,492
3909,87638700,1405,1523,1006,917,11,521
3910,87648700,1389,1509,1011,922,31,543
3911,87658700,1370,1491,1015,934,53,570
3912,87668700,1352,0,1020,948,93,604
3913,87678700,1325,0,1031,964,124,640
3914,87688700,1303,0,1039,980,155,676
3915,87698700,1275,0,1046,987,182,699
3916,87708700,1252,0,1049,1000,225,731
3917,87718700,1231,0,1056,1013,275,756
3918,87728700,1207,0,1062,1020,319,779
3919,87738700,1179,0,1067,1036,361,807
3920,87748700,1148,0,1076,1046,396,834
3921,87758700,1126,0,1080,1053,434,852
3922,87768700,1102,0,1085,1064,463,873
3923,87778700,1079,0,1091,1074,500,887
3924,87788700,973,0,1095,1079,547,906
3925,87798700,1048,0,1096,1084,584,919
3926,87808700,1032,0,1099,1093,604,936
3927,87818700,1006,0,1100,1096,630,950
3928,87828700,986,0,1102,1101,661,959
3929,87838700,957,0,1103,1109,691,981
3930,87848700,935,0,1106,1111,715,994
3931,87858700,911,0,1107,1116,743,1010
3932,87868700,885,0,1108,1121,764,1023
3933,87878700,858,0,1108,1124,795,1042
3934,87888700,822,0,1110,1127,817,1043
3935,87898700,791,0,1111,1131,828,1064
3936,87908700,761,0,1111,1133,852,1080
3937,87918700,732,0,1111,1133,871,1085
3938,87928700,701,0,1110,1136,884,1095
3939,87938700,678,0,1107,1138,902,1101
3940,87948700,651,0,1107,1139,918,1112
3941,87958700,626,0,1107,1139,931,1118
3942,87968700,597,0,1106,1139,947,1125
3943,87978700,524,0,1060,1052,941,1130
3944,87988700,543,0,1102,1143,978,1136
3945,87998700,505,0,1103,1145,989,1143
3946,88008700,472,0,1104,1148,1001,1155
3947,88018700,433,0,1106,1148,1010,1168
3948,88028700,397,0,1108,1158,1022,1180
3949,88038700,350,0,1109,1163,1038,1190
3950,88048700,283,0,1112,1173,1045,1208
3951,88058700,230,0,1116,1183,1056,1221
3952,88068700,157,0,1120,1196,1071,1239
3953,88078700,85,0,1122,1208,1094,1250
3954,88088700,23,0,1123,1217,1113,1266
3955,88098700,0,0,1121,1228,1130,1292
3956,88108700,0,0,1077,1237,1148,1318
3957,88118700,0,0,1108,1242,1166,1338
3958,88128700,0,0,1094,1250,1181,1362
3959,88138700,0,0,1073,1251,1197,1382
3960,88148700,0,0,1042,1252,1207,1397
3961,88158700,0,0,998,1248,1220,1408
3962,88168700,0,0,915,1146,1199,1429
3963,88178700,0,0,912,1228,1229,1442
3964,88188700,0,0,857,1212,1233,1456
3965,88198700,0,0,807,1193,1230,1473
3966,88208700,0,0,774,1163,1221,1492
3967,88218700,0,0,740,1137,1205,1508
3968,88228700,0,0,706,1099,1160,1499
3969,88238700,0,0,653,1058,1093,1550
3970,88248700,0,0,604,1000,1037,1568
3971,88258700,0,0,541,938,957,1582
3972,88268700,0,0,490,888,888,1594
3973,88278700,0,0,462,828,776,1602
3974,88288700,0,0,428,754,639,1602
3975,88298700,0,0,391,681,479,1598
3976,88308700,0,0,360,609,351,1583
3977,88318700,0,0,344,553,270,1551
3978,88328700,0,0,331,500,164,1501
3979,88338700,0,0,315,453,84,1439
3980,88348700,0,0,293,388,29,1370
3981,88358700,0,0,266,285,0,1216
3982,88368700,0,0,262,298,0,1213
3983,88378700,0,0,233,267,0,1132
3984,88388700,0,0,206,243,0,1033
3985,88398700,0,0,186,202,0,902
3986,88408700,0,0,163,161,0,705
3987,88418700,0,0,146,109,0,436
3988,88428700,0,0,134,82,0,179
3989,88438700,0,0,134,80,0,80
3990,88448700,0,0,139,82,0,100
3991,88458700,0,0,140,74,0,99
3992,88468700,0,0,140,72,0,49
3993,88478700,0,0,137,70,0,19
3994,88488700,0,0,129,42,0,0
3995,88498700,0,0,133,61,0,0
3996,88508700,0,0,128,60,0,0
3997,88518700,0,0,123,55,0,0
3998,88528700,0,0,115,57,0,0
3999,88538700,0,0,123,59,0,0
4000,88548700,0,0,123,58,0,0
4001,88558700,0,0,103,57,0,0
4002,88568700,0,0,141,66,0,0
4003,88578700,0,0,145,73,0,0
4004,88588700,0,0,154,70,0,0
4005,88598700,0,0,158,76,0,0
4006,88608700,0,0,152,70,0,0
4007,88618700,0,0,155,75,0,0
4008,88628700,0,0,151,71,0,0
4009,88638700,0,0,148,62,0,0
4010,88648700,0,0,145,62,0,0
4011,88658700,0,0,142,58,0,0
4012,88668700,0,0,137,60,0,0
4013,88678700,0,0,131,60,0,0
4014,88688700,0,0,119,53,0,0
4015,88698700,0,0,110,59,0,0
4016,88708700,0,0,95,56,0,0
4017,88718700,0,0,83,52,0,0
4018,88728700,0,0,70,44,0,0
4019,88738700,0,0,56,42,0,0
4020,88748700,0,0,53,42,0,0
4021,88758700,0,0,40,39,0,0
4022,88768700,0,0,34,43,0,0
4023,88778700,0,0,36,44,0,0
4024,88788700,1,0,35,48,0,0
4025,88798700,0,0,39,54,0,0
4026,88808700,0,0,45,57,0,0
4027,88818700,2,0,53,68,0,0
4028,88828700,0,0,51,45,0,0
4029,88838700,0,0,61,73,0,0
4030,88848700,0,0,67,73,0,0
4031,88858700,0,0,68,72,0,0
4032,88868700,0,0,68,71,0,0
4033,88878700,0,0,69,71,0,0
4034,88888700,0,0,62,48,0,0
4035,88898700,0,0,70,70,0,0
4036,88908700,0,0,69,62,0,0
4037,88918700,2,0,69,57,0,0
4038,88928700,0,0,69,54,0,0
4039,88938700,0,0,76,58,0,0
4040,88948700,0,0,73,54,0,0
4041,88958700,0,0,69,33,0,0
4042,88968700,0,0,59,20,0,0
4043,88978700,18,0,53,7,0,0
4044,88988700,126,0,54,0,0,0
4045,88998700,258,610,54,0,0,0
4046,89008700,413,748,52,0,0,0
4047,89018700,551,854,47,0,0,0
4048,89028700,651,920,51,0,0,0
4049,89038700,729,972,70,0,0,0
4050,89048700,815,1040,88,0,0,0
4051,89058700,890,1095,106,5,0,0
4052,89068700,958,1133,120,34,0,0
4053,89078700,1006,1164,153,74,0,0
4054,89088700,1022,1182,245,122,0,0
4055,89098700,1011,1174,325,201,0,0
4056,89108700,970,1136,385,271,0,16
4057,89118700,924,1096,473,340,0,159
4058,89128700,902,1053,534,422,0,355
4059,89138700,875,1019,588,490,0,521
4060,89148700,782,978,591,564,30,638
4061,89158700,852,987,701,640,114,740
4062,89168700,842,982,750,710,204,820
4063,89178700,830,982,788,771,291,892
4064,89188700,826,982,820,809,362,954
4065,89198700,828,985,853,841,459,1000
4066,89208700,764,968,815,867,549,1051
4067,89218700,853,1005,891,898,614,0
4068,89228700,860,1019,913,924,677,0
4069,89238700,870,1031,929,947,725,0
4070,89248700,876,1040,944,970,781,0
4071,89258700,880,1040,965,988,839,1186
4072,89268700,823,992,943,937,851,1152
4073,89278700,876,1043,1002,1033,909,1235
4074,89288700,870,1045,1015,1049,938,1253
4075,89298700,864,1046,1034,1064,966,1266
4076,89308700,861,1046,1048,1080,981,1276
4077,89318700,856,1048,1057,1095,995,1289
4078,89328700,846,1047,1070,1108,1012,1295
4079,89338700,838,1020,1081,1118,1028,1304
4080,89348700,820,0,1088,1129,1042,1309
4081,89358700,799,0,1096,1137,1056,1319
4082,89368700,776,0,1101,1145,1070,1324
4083,89378700,749,0,1109,1152,1082,1333
4084,89388700,728,0,1111,1160,1098,1339
4085,89398700,701,0,1116,1164,1111,1344
4086,89408700,675,0,1118,1171,1127,1355
4087,89418700,636,0,1122,1176,1140,1355
4088,89428700,605,0,1124,1181,1148,1359
4089,89438700,584,0,1125,1184,1159,1362
4090,89448700,557,0,1127,1187,1170,1363
4091,89458700,542,0,1128,1191,1175,1365
4092,89468700,529,0,1128,1193,1184,1368
4093,89478700,501,0,1129,1196,1190,1371
4094,89488700,487,0,1131,1197,1196,1373
4095,89498700,473,0,1130,1203,1200,1374
4096,89508700,464,0,1131,1207,1206,1374
4097,89518700,462,0,1133,1208,1211,1378
4098,89528700,466,0,1136,1209,1212,1381
4099,89538700,467,0,1137,1212,1216,1377
4100,89548700,471,0,1139,1217,1221,1377
4101,89558700,476,0,1142,1224,1221,1377
4102,89568700,482,0,1144,1227,1221,1373
4103,89578700,489,0,1145,1232,1220,1376
4104,89588700,495,0,1148,1236,1221,1367
4105,89598700,469,0,1116,1238,1221,1366
4106,89608700,510,0,1152,1238,1217,1364
4107,89618700,530,0,1152,1238,1216,1353
4108,89628700,534,0,1149,1236,1213,1340
4109,89638700,543,0,1147,1231,1210,1330
4110,89648700,550,0,1145,1226,1204,1317
4111,89658700,556,0,1143,1224,1199,1301
4112,89668700,564,0,1144,1223,1192,1288
4113,89678700,567,0,1144,1222,1185,1273
4114,89688700,572,0,1144,1223,1177,1257
4115,89698700,580,0,1142,1218,1163,1242
4116,89708700,587,0,1142,1218,1145,1229
4117,89718700,596,0,1143,1216,1135,1221
4118,89728700,596,0,1145,1223,1129,1219
4119,89738700,598,0,1147,1226,1123,1221
4120,89748700,584,0,1152,1232,1124,1225
4121,89758700,556,0,1161,1243,1123,1231
4122,89768700,501,0,1167,1254,1125,1240
4123,89778700,439,0,1173,1261,1125,1248
4124,89788700,364,0,1178,1273,1130,1256
4125,89798700,280,0,1183,1286,1139,1263
4126,89808700,219,0,1188,1293,1159,1271
4127,89818700,149,0,1189,1298,1178,1280
4128,89828700,91,0,1189,1305,1201,1291
4129,89838700,37,0,1189,1312,1219,1302
4130,89848700,0,0,1187,1317,1240,1308
4131,89858700,0,0,1181,1319,1186,1301
4132,89868700,0,0,1182,1323,1294,1331
4133,89878700,0,0,1175,1331,1321,1354
4134,89888700,0,0,1162,1336,1356,1368
4135,89898700,0,0,1147,1341,1388,1385
4136,89908700,0,0,1126,1341,1414,1402
4137,89918700,0,0,1100,1348,1426,1417
4138,89928700,0,0,1057,1347,1459,1434
4139,89938700,0,0,987,1333,1474,1450
4140,89948700,0,0,914,1322,1488,1474
4141,89958700,0,0,836,1301,1498,1503
4142,89968700,0,0,783,1258,1509,1531
4143,89978700,0,0,710,1211,1510,1566
4144,89988700,0,0,622,1076,1466,1502
4145,89998700,0,0,559,1107,1473,1617
4146,90008700,0,0,472,1031,1419,1650
4147,90018700,0,0,418,952,1365,1674
4148,90028700,0,0,352,892,1252,1692
4149,90038700,0,0,328,840,1123,1711
4150,90048700,0,0,296,720,953,1633
4151,90058700,0,0,290,707,792,1718
4152,90068700,0,0,265,655,623,1705
4153,90078700,0,0,253,599,439,1672
4154,90088700,0,0,229,563,330,1609
4155,90098700,0,0,196,526,221,1519
4156,90108700,0,0,170,469,123,1398
4157,90118700,0,0,166,406,52,1335
4158,90128700,0,0,142,362,7,1236
4159,90138700,0,0,136,311,0,1120
4160,90148700,0,0,138,253,0,959
4161,90158700,0,0,144,208,0,756
4162,90168700,0,0,123,154,0,487
4163,90178700,0,0,119,111,0,188
4164,90188700,0,0,93,83,0,2
4165,90198700,0,0,63,41,0,0
4166,90208700,0,0,69,36,0,0
4167,90218700,0,0,77,41,0,3
4168,90228700,0,0,80,41,0,2
4169,90238700,0,0,63,40,0,0
4170,90248700,0,0,75,35,0,0
4171,90258700,0,0,68,32,0,0
4172,90268700,0,0,71,30,0,0
4173,90278700,0,0,73,35,0,0
4174,90288700,2,0,78,37,0,0
4175,90298700,0,0,78,38,0,0
4176,90308700,0,0,71,43,0,0
4177,90318700,0,0,84,39,0,0
4178,90328700,0,0,88,44,0,0
4179,90338700,0,0,93,47,0,0
4180,90348700,0,0,100,52,0,0
4181,90358700,0,0,108,60,0,0
4182,90368700,0,0,114,63,0,0
4183,90378700,0,0,125,70,0,0
4184,90388700,0,0,128,74,0,0
4185,90398700,0,0,127,72,0,0
4186,90408700,0,0,120,70,0,0
4187,90418700,0,0,113,63,0,0
4188,90428700,0,0,102,53,0,0
4189,90438700,0,0,86,50,0,0
4190,90448700,0,0,71,40,0,0
4191,90458700,0,0,57,38,0,0
4192,90468700,0,0,41,30,0,0
4193,90478700,0,0,27,24,0,0
4194,90488700,0,0,20,17,0,0
4195,90498700,0,0,1,3,0,0
4196,90508700,0,0,1,4,0,0
4197,90518700,0,0,0,4,0,0
4198,90528700,0,0,0,3,0,0
4199,90538700,0,0,0,4,0,0
4200,90548700,0,0,0,4,0,0
4201,90558700,0,0,0,3,0,0
4202,90568700,0,0,0,5,0,0
4203,90578700,0,0,0,5,0,0
4204,90588700,0,0,0,7,0,0
4205,90598700,0,0,0,9,0,0
4206,90608700,0,0,2,10,0,0
4207,90618700,0,0,2,11,0,0
4208,90628700,0,0,1,10,0,0
4209,90638700,0,0,3,12,0,0
4210,90648700,0,0,4,15,0,0
4211,90658700,0,0,4,11,0,0
4212,90668700,0,50,5,7,0,0
4213,90678700,0,153,9,5,0,0
4214,90688700,0,0,22,5,0,0
4215,90698700,110,0,40,0,0,0
4216,90708700,260,693,48,0,0,0
4217,90718700,439,846,42,0,0,0
4218,90728700,584,937,36,0,0,0
4219,90738700,679,1003,36,0,0,0
4220,90748700,778,1055,39,0,0,0
4221,90758700,877,1121,44,0,0,0
4222,90768700,964,1184,58,0,0,0
4223,90778700,1042,1232,74,0,0,0
4224,90788700,1100,1269,87,0,0,0
4225,90798700,1139,1292,88,0,0,0
4226,90808700,1170,1311,100,11,0,0
4227,90818700,1191,1323,107,22,0,0
4228,90828700,1206,1339,118,33,0,0
4229,90838700,1221,1355,164,61,0,0
4230,90848700,1227,1367,213,83,0,0
4231,90858700,1239,1378,230,116,0,0
4232,90868700,1248,1391,278,143,0,0
4233,90878700,1262,1318,303,147,0,0
4234,90888700,1273,1416,354,213,0,0
4235,90898700,1287,1426,407,253,0,35
4236,90908700,1294,1433,441,289,0,65
4237,90918700,1306,1438,487,318,0,89
4238,90928700,1314,1447,534,364,0,125
4239,90938700,1325,1456,564,404,0,153
4240,90948700,1337,1378,583,382,0,163
4241,90958700,1354,1479,627,463,0,227
4242,90968700,1364,1487,660,492,0,265
4243,90978700,1372,1495,685,528,0,308
4244,90988700,1381,1501,709,556,0,339
4245,90998700,1387,1507,732,584,0,372
4246,91008700,1393,1509,755,609,0,395
4247,91018700,1398,1512,776,635,0,447
4248,91028700,1404,1513,796,662,0,472
4249,91038700,1407,1513,816,678,0,492
4250,91048700,1415,1516,830,692,8,520
4251,91058700,1415,1516,842,710,30,535
4252,91068700,1413,1513,853,722,47,551
4253,91078700,1412,1426,847,670,53,519
4254,91088700,1414,1510,872,746,75,581
4255,91098700,1405,1505,878,759,93,595
4256,91108700,1402,1498,885,767,117,601
4257,91118700,1397,1492,891,780,129,609
4258,91128700,1393,1486,899,789,143,614
4259,91138700,1387,1480,903,794,151,618
4260,91148700,1385,1476,908,798,160,620
4261,91158700,1381,1468,914,805,169,622
4262,91168700,1376,1462,918,812,185,630
4263,91178700,1369,1452,920,815,187,635
4264,91188700,1362,1446,924,821,197,638
4265,91198700,1353,1436,931,826,199,647
4266,91208700,1350,1431,936,837,208,639
4267,91218700,1341,1424,940,845,216,0
4268,91228700,1338,1419,949,854,219,0
4269,91238700,1336,1412,953,862,228,0
4270,91248700,1332,1404,956,869,237,0
4271,91258700,1325,1399,965,876,242,0
4272,91268700,1323,1396,969,882,253,0
4273,91278700,1245,1331,934,823,258,0
4274,91288700,1320,1389,981,903,278,0
4275,91298700,1320,1387,986,912,277,0
4276,91308700,1321,1388,991,919,281,0
4277,91318700,1321,1388,999,927,285,2
4278,91328700,1319,1386,1003,937,285,0
4279,91338700,1319,1386,1010,947,304,0
4280,91348700,1218,1352,951,948,317,752
4281,91358700,1315,1382,1020,959,324,755
4282,91368700,1311,1380,1030,969,334,762
4283,91378700,1310,1376,1037,971,346,775
4284,91388700,1304,1370,1042,979,355,774
4285,91398700,1297,1365,1046,986,364,783
4286,91408700,1287,1357,1051,990,373,788
4287,91418700,1275,1349,1053,996,389,797
4288,91428700,1266,1339,1056,1000,405,799
4289,91438700,1257,1332,1060,1002,408,812
4290,91448700,1244,1322,1062,1013,423,815
4291,91458700,1235,1310,1063,1014,424,825
4292,91468700,1223,1300,1065,1014,429,837
4293,91478700,1206,1287,1068,1028,449,840
4294,91488700,1184,1269,1067,1030,466,854
4295,91498700,1164,1251,1071,1041,483,868
4296,91508700,1144,0,1075,1046,510,894
4297,91518700,1125,0,1086,1054,518,918
4298,91528700,1099,0,1080,1058,538,934
4299,91538700,1075,0,1082,1066,562,953
4300,91548700,1046,0,1087,1072,595,980
4301,91558700,1011,0,1093,1079,615,1004
4302,91568700,981,0,1097,1084,643,1033
4303,91578700,937,0,1101,1098,679,1066
4304,91588700,882,0,1105,1106,725,1103
4305,91598700,826,0,1096,1122,757,1134
4306,91608700,760,0,1108,1131,802,1176
4307,91618700,676,0,1110,1146,848,1202
4308,91628700,595,0,1111,1165,889,1227
4309,91638700,503,1,1111,1175,928,1260
4310,91648700,398,0,1113,1189,974,1290
4311,91658700,283,0,1112,1198,1015,1319
4312,91668700,181,1,1109,1209,1055,1350
4313,91678700,77,0,1103,1222,1095,1373
4314,91688700,14,0,1095,1227,1129,1394
4315,91698700,0,0,1080,1235,1172,1425
4316,91708700,0,0,1062,1248,1210,1446
4317,91718700,0,0,1033,1241,1244,1467
4318,91728700,0,0,999,1248,1273,1485
4319,91738700,0,0,962,1250,1303,1500
4320,91748700,0,0,919,1244,1322,1514
4321,91758700,0,0,868,1237,1335,1524
4322,91768700,0,0,808,1220,1349,1542
4323,91778700,0,0,779,1193,1349,1553
4324,91788700,0,0,730,1164,1337,1562
4325,91798700,0,0,682,1135,1318,1571
4326,91808700,0,0,636,1107,1277,1577
4327,91818700,0,0,589,1072,1245,1589
4328,91828700,0,0,546,1031,1201,1605
4329,91838700,0,0,497,986,1149,1615
4330,91848700,0,0,465,952,1078,1631
4331,91858700,0,0,434,919,1001,1641
4332,91868700,0,0,411,890,921,1652
4333,91878700,0,0,411,880,807,1649
4334,91888700,0,0,411,859,655,1643
4335,91898700,0,0,410,833,471,1628
4336,91908700,2,0,404,799,336,1597
4337,91918700,0,0,397,778,196,1556
4338,91928700,0,0,374,746,104,1499
4339,91938700,0,0,316,715,48,1436
4340,91948700,0,0,350,693,8,1366
4341,91958700,0,0,344,657,0,1299
4342,91968700,0,0,332,610,0,1228
4343,91978700,0,0,323,572,0,1159
4344,91988700,0,0,325,526,0,1066
4345,91998700,0,0,302,405,0,903
4346,92008700,0,0,307,416,0,843
4347,92018700,0,0,301,365,0,701
4348,92028700,0,0,293,328,0,538
4349,92038700,0,0,285,282,0,322
4350,92048700,0,0,276,251,0,140
4351,92058700,0,0,253,222,0,0
4352,92068700,0,0,244,189,0,0
4353,92078700,0,0,219,156,0,0
4354,92088700,0,0,209,146,0,0
4355,92098700,0,0,199,144,0,0
4356,92108700,0,0,185,137,0,0
4357,92118700,0,0,171,121,0,0
4358,92128700,0,0,161,108,0,0
4359,92138700,0,0,157,107,0,0
4360,92148700,0,0,154,105,0,0
4361,92158700,0,0,153,105,0,0
4362,92168700,0,0,156,107,0,0
4363,92178700,0,0,158,110,0,0
4364,92188700,0,0,168,117,0,0
4365,92198700,0,0,172,120,0,0
4366,92208700,0,0,179,132,0,0
4367,92218700,0,0,186,138,0,0
4368,92228700,0,0,199,142,0,0
4369,92238700,0,0,205,150,0,0
4370,92248700,0,0,207,156,0,0
4371,92258700,0,0,212,164,0,0
4372,92268700,0,0,211,164,0,0
4373,92278700,0,0,201,156,0,0
4374,92288700,0,0,182,152,0,0
4375,92298700,0,0,163,148,0,0
4376,92308700,0,0,152,138,0,0
4377,92318700,0,0,144,134,0,0
4378,92328700,0,0,140,121,0,0
4379,92338700,0,0,134,116,0,0
4380,92348700,0,0,124,109,0,0
4381,92358700,0,0,119,100,0,0
4382,92368700,0,0,114,96,0,0
4383,92378700,0,0,114,101,0,0
4384,92388700,0,0,110,97,0,0
4385,92398700,0,0,117,91,0,0
4386,92408700,0,0,106,75,0,0
4387,92418700,0,34,95,58,0,0
4388,92428700,0,0,96,42,0,0
4389,92438700,0,0,99,35,0,0
4390,92448700,48,0,99,23,0,0
4391,92458700,137,431,102,12,0,0
4392,92468700,299,622,104,3,0,0
4393,92478700,488,789,107,0,0,0
4394,92488700,680,937,104,0,0,0
4395,92498700,844,1045,100,0,0,0
4396,92508700,954,1113,103,0,0,0
4397,92518700,1041,1165,108,0,0,0
4398,92528700,1087,1207,118,0,0,0
4399,92538700,1130,1251,122,0,0,0
4400,92548700,1168,1275,122,7,0,0
4401,92558700,1192,1294,151,17,0,0
4402,92568700,1209,1313,171,29,0,0
4403,92578700,1225,1327,197,42,0,0
4404,92588700,1240,1340,230,68,0,0
4405,92598700,1256,1356,255,92,0,0
4406,92608700,1276,1377,298,113,0,0
4407,92618700,1301,1402,340,138,0,0
4408,92628700,1323,1428,374,168,0,0
4409,92638700,1343,1447,393,191,0,0
4410,92648700,1363,1466,423,221,0,0
4411,92658700,1379,1489,447,234,0,0
4412,92668700,1390,1504,471,252,0,0
4413,92678700,1401,1516,498,275,0,0
4414,92688700,1415,1529,526,297,0,0
4415,92698700,1424,1543,549,317,0,0
4416,92708700,1431,1550,579,358,0,0
4417,92718700,1439,1554,599,384,0,0
4418,92728700,1445,1557,631,422,0,20
4419,92738700,1447,1557,668,455,0,41
4420,92748700,1448,1555,702,494,0,72
4421,92758700,1448,1554,733,538,0,114
4422,92768700,1447,1552,771,588,0,165
4423,92778700,1446,1550,794,616,0,210
4424,92788700,1446,1547,817,647,0,253
4425,92798700,1442,1542,840,678,0,311
4426,92808700,1435,1529,859,711,0,355
4427,92818700,1427,1518,884,739,8,401
4428,92828700,1416,1505,899,763,30,467
4429,92838700,1400,1491,912,790,55,505
4430,92848700,1393,1471,925,814,86,547
4431,92858700,1384,1460,935,822,114,572
4432,92868700,1373,1447,946,842,145,602
4433,92878700,1366,1435,957,853,159,620
4434,92888700,1354,1415,971,867,174,0
4435,92898700,1336,1393,982,887,200,0
4436,92908700,1319,1370,990,909,196,0
4437,92918700,1300,1337,1001,921,254,0
4438,92928700,1286,1305,1008,935,270,616
4439,92938700,1269,1281,1012,944,293,739
4440,92948700,1258,1266,1018,952,300,754
4441,92958700,1254,1259,1026,962,320,764
4442,92968700,1243,1250,1033,967,343,777
4443,92978700,1227,1239,1013,917,337,743
4444,92988700,1213,1235,1044,982,375,800
4445,92998700,1204,1224,1047,989,401,812
4446,93008700,1194,1216,1051,998,406,818
4447,93018700,1188,1210,1058,1004,412,829
4448,93028700,1180,1206,1062,1009,434,843
4449,93038700,1173,1204,1067,1017,427,842
4450,93048700,1167,1200,1048,965,400,806
4451,93058700,1169,1204,1074,1033,448,846
4452,93068700,1167,1205,1074,1036,438,854
4453,93078700,1163,1203,1085,1042,442,852
4454,93088700,1160,1201,1091,1047,451,860
4455,93098700,1157,1200,1093,1051,446,865
4456,93108700,1149,1198,1091,1056,410,854
4457,93118700,1145,1191,1101,1074,468,879
4458,93128700,1139,1192,1104,1072,474,878
4459,93138700,1132,1186,1109,1076,471,883
4460,93148700,1125,1180,1107,1082,478,880
4461,93158700,1117,1172,1106,1090,481,888
4462,93168700,1105,1161,1119,1093,489,891
4463,93178700,1089,1045,1113,1096,460,882
4464,93188700,1073,0,1122,1104,522,908
4465,93198700,1062,0,1127,1107,530,916
4466,93208700,1049,0,1123,1116,545,920
4467,93218700,1036,0,1136,1114,558,923
4468,93228700,1018,0,1135,1122,569,930
4469,93238700,1005,0,1138,1125,584,934
4470,93248700,945,0,1122,1046,587,937
4471,93258700,971,0,1142,1133,606,944
4472,93268700,945,0,1153,1135,618,955
4473,93278700,916,0,1144,1141,644,967
4474,93288700,877,0,1151,1149,664,979
4475,93298700,856,0,1147,1159,681,991
4476,93308700,821,0,1151,1166,703,1006
4477,93318700,718,0,1092,1095,724,1020
4478,93328700,746,0,1158,1183,745,1032
4479,93338700,710,0,1161,1192,756,1048
4480,93348700,678,0,1161,1200,777,1069
4481,93358700,635,0,1164,1208,790,1093
4482,93368700,594,0,1166,1220,806,1113
4483,93378700,545,0,1170,1227,829,1135
4484,93388700,474,0,1173,1237,856,1152
4485,93398700,420,0,1176,1245,876,1176
4486,93408700,350,0,1179,1255,897,1203
4487,93418700,263,0,1181,1262,921,1213
4488,93428700,191,0,1183,1268,939,1238
4489,93438700,120,0,1186,1274,953,1255
4490,93448700,53,0,1162,1215,932,1225
4491,93458700,0,0,1187,1290,1001,1286
4492,93468700,0,168,1180,1297,1018,1306
4493,93478700,0,102,1174,1302,1042,1320
4494,93488700,0,0,1163,1305,1061,1334
4495,93498700,0,0,1146,1307,1079,1347
4496,93508700,0,0,1130,1308,1102,1358
4497,93518700,0,0,1063,1220,1099,1368
4498,93528700,0,0,1075,1308,1133,1373
4499,93538700,0,0,1032,1302,1142,1375
4500,93548700,0,0,980,1293,1144,1380
4501,93558700,0,0,934,1286,1143,1382
4502,93568700,0,0,889,1272,1137,1387
4503,93578700,0,0,832,1191,1074,1341
4504,93588700,0,0,818,1245,1111,1401
4505,93598700,0,0,786,1229,1100,1416
4506,93608700,0,0,757,1207,1078,1428
4507,93618700,0,0,740,1189,1036,1437
4508,93628700,0,0,711,1174,992,1450
4509,93638700,0,0,669,1163,952,1463
4510,93648700,0,0,634,1144,883,1478
4511,93658700,0,0,627,1132,795,1484
4512,93668700,0,0,615,1121,674,1490
4513,93678700,0,0,619,1110,512,1478
4514,93688700,0,0,633,1093,377,1451
4515,93698700,0,0,632,1066,213,1425
4516,93708700,0,0,626,1035,101,1380
4517,93718700,0,0,615,998,34,1326
4518,93728700,0,0,598,965,0,1244
4519,93738700,0,0,569,920,0,1163
4520,93748700,0,0,550,865,0,1109
4521,93758700,0,0,511,797,0,1029
4522,93768700,0,0,487,714,0,915
4523,93778700,0,0,443,633,0,795
4524,93788700,0,0,409,555,0,669
4525,93798700,0,0,375,475,0,527
4526,93808700,0,0,335,395,0,320
4527,93818700,0,0,311,328,0,115
4528,93828700,0,0,285,255,0,0
4529,93838700,0,0,255,188,0,0
4530,93848700,0,0,219,110,0,0
4531,93858700,0,0,225,142,0,0
4532,93868700,0,0,210,124,0,0
4533,93878700,0,0,186,104,0,0
4534,93888700,0,0,171,92,0,0
4535,93898700,0,0,152,86,0,0
4536,93908700,0,0,140,82,0,0
4537,93918700,0,0,136,77,0,0
4538,93928700,0,0,137,74,0,0
4539,93938700,0,0,141,72,0,0
4540,93948700,0,0,146,72,0,0
4541,93958700,0,0,150,76,0,0
4542,93968700,0,0,154,82,0,0
4543,93978700,0,0,159,84,0,0
4544,93988700,0,0,165,88,0,0
4545,93998700,0,0,163,90,0,0
4546,94008700,0,0,155,86,0,0
4547,94018700,0,0,149,88,0,0
4548,94028700,0,0,143,85,0,0
4549,94038700,0,0,134,82,0,0
4550,94048700,0,0,113,71,0,0
4551,94058700,0,0,98,58,0,0
4552,94068700,0,0,84,50,0,0
4553,94078700,0,0,71,42,0,0
4554,94088700,0,0,57,39,0,0
4555,94098700,0,0,51,40,0,0
4556,94108700,0,0,47,40,0,0
4557,94118700,0,0,43,43,0,0
4558,94128700,0,0,45,46,0,0
4559,94138700,0,0,47,45,0,0
4560,94148700,0,0,49,47,0,10
4561,94158700,0,0,53,52,0,19
4562,94168700,0,0,56,53,0,33
4563,94178700,0,0,56,57,0,38
4564,94188700,0,0,60,59,0,39
4565,94198700,0,0,61,58,0,34
4566,94208700,0,0,61,61,0,28
4567,94218700,0,0,63,62,0,0
4568,94228700,0,0,43,41,0,0
4569,94238700,0,0,65,36,0,0
4570,94248700,0,19,64,11,0,0
4571,94258700,0,0,61,4,0,0
4572,94268700,55,0,74,0,0,0
4573,94278700,164,446,83,0,0,0
4574,94288700,343,661,91,0,0,0
4575,94298700,541,821,90,0,0,0
4576,94308700,694,940,82,0,0,0
4577,94318700,839,1034,77,0,0,0
4578,94328700,945,1118,72,0,0,0
4579,94338700,1042,1196,73,0,0,0
4580,94348700,1122,1262,76,0,0,0
4581,94358700,1192,1325,76,0,0,0
4582,94368700,1254,1380,93,0,0,0
4583,94378700,1308,1424,116,0,0,0
4584,94388700,1356,1462,156,25,0,0
4585,94398700,1387,1497,213,57,0,0
4586,94408700,1402,1517,297,101,0,0
4587,94418700,1418,1529,388,169,0,0
4588,94428700,1428,1545,472,241,0,0
4589,94438700,1436,1555,537,290,0,0
4590,94448700,1452,1564,572,345,0,0
4591,94458700,1468,1577,611,390,0,0
4592,94468700,1484,1591,639,425,0,0
4593,94478700,1496,1603,670,445,0,0
4594,94488700,1499,1609,694,475,0,0
4595,94498700,1498,1610,725,513,0,0
4596,94508700,1494,1611,761,557,0,0
4597,94518700,1486,1611,807,608,0,0
4598,94528700,1480,1610,831,643,0,0
4599,94538700,1474,1608,864,673,0,0
4600,94548700,1470,1607,889,704,0,4
4601,94558700,1468,1605,913,731,0,21
4602,94568700,1465,1601,932,752,0,37
4603,94578700,1461,1597,954,779,0,46
4604,94588700,1454,1594,973,808,0,63
4605,94598700,1450,1590,995,838,0,80
4606,94608700,1441,1581,1010,861,0,109
4607,94618700,1432,1575,1035,892,0,135
4608,94628700,1422,1567,1054,920,0,170
4609,94638700,1412,1560,1072,942,0,197
4610,94648700,1403,1553,1089,960,0,209
4611,94658700,1394,1546,1098,986,0,210
4612,94668700,1385,1535,1105,999,0,218
4613,94678700,1375,1527,1125,1016,0,230
4614,94688700,1287,1451,1093,960,0,214
4615,94698700,1351,1505,1150,1053,0,258
4616,94708700,1332,1492,1158,1067,0,269
4617,94718700,1315,1478,1169,1075,0,282
4618,94728700,1300,1467,1180,1098,0,307
4619,94738700,1287,1456,1187,1107,0,329
4620,94748700,1270,1447,1196,1124,0,344
4621,94758700,1257,1440,1203,1134,0,361
4622,94768700,1250,1429,1207,1138,0,372
4623,94778700,1244,1431,1221,1148,0,379
4624,94788700,1241,1426,1225,1163,0,399
4625,94798700,1236,1422,1230,1169,0,412
4626,94808700,1227,1404,1235,1180,0,425
4627,94818700,1208,1380,1235,1188,0,444
4628,94828700,1194,0,1251,1200,0,465
4629,94838700,1186,1366,1256,1211,0,480
4630,94848700,1165,0,1258,1225,7,494
4631,94858700,1145,0,1262,1230,16,508
4632,94868700,1131,0,1269,1239,26,522
4633,94878700,1120,0,1275,1244,34,532
4634,94888700,1044,0,1229,1161,34,537
4635,94898700,1097,0,1279,1257,45,550
4636,94908700,1089,0,1284,1265,52,557
4637,94918700,1070,0,1288,1272,55,569
4638,94928700,1063,0,1288,1277,59,582
4639,94938700,1046,0,1293,1288,72,594
4640,94948700,1028,0,1297,1291,82,603
4641,94958700,1010,0,1297,1298,87,613
4642,94968700,1006,0,1300,1303,95,616
4643,94978700,997,0,1298,1305,104,630
4644,94988700,999,0,1300,1305,106,633
4645,94998700,993,0,1299,1305,123,651
4646,95008700,998,0,1299,1306,129,665
4647,95018700,921,0,1305,1309,141,675
4648,95028700,986,0,1301,1304,157,692
4649,95038700,979,0,1301,1311,173,709
4650,95048700,963,0,1301,1319,176,729
4651,95058700,954,0,1300,1314,206,746
4652,95068700,936,0,1300,1316,235,775
4653,95078700,917,0,1298,1314,263,799
4654,95088700,904,0,1295,1311,284,827
4655,95098700,876,0,1287,1307,314,851
4656,95108700,862,0,1277,1304,349,875
4657,95118700,831,0,1273,1300,386,909
4658,95128700,801,0,1269,1301,427,943
4659,95138700,749,0,1269,1304,478,986
4660,95148700,682,0,1269,1307,529,1038
4661,95158700,595,0,1268,1313,598,1079
4662,95168700,500,0,1265,1318,657,1122
4663,95178700,418,0,1259,1321,705,1160
4664,95188700,329,0,1251,1323,768,1194
4665,95198700,239,0,1243,1325,825,1233
4666,95208700,162,0,1235,1325,884,1258
4667,95218700,81,0,1222,1327,934,1291
4668,95228700,38,0,1207,1331,983,1316
4669,95238700,0,0,1191,1330,1032,1337
4670,95248700,0,0,1173,1328,1075,1362
4671,95258700,0,0,1148,1323,1115,1385
4672,95268700,0,0,1081,1229,1133,1407
4673,95278700,0,0,1097,1316,1194,1431
4674,95288700,0,0,1053,1306,1230,1449
4675,95298700,0,0,1002,1299,1262,1462
4676,95308700,0,0,938,1287,1292,1483
4677,95318700,0,0,888,1269,1314,1499
4678,95328700,0,0,823,1244,1331,1515
4679,95338700,0,0,732,1224,1349,1533
4680,95348700,0,0,720,1192,1360,1556
4681,95358700,0,0,665,1159,1367,1572
4682,95368700,0,0,614,1124,1368,1586
4683,95378700,0,0,545,1081,1362,1604
4684,95388700,0,0,497,1036,1339,1619
4685,95398700,0,0,456,980,1303,1636
4686,95408700,0,0,412,934,1249,1649
4687,95418700,0,0,362,895,1182,1663
4688,95428700,0,0,345,868,1075,1676
4689,95438700,0,0,340,859,966,1683
4690,95448700,0,0,342,841,821,1684
4691,95458700,0,0,337,810,632,1675
4692,95468700,0,0,324,775,438,1656
4693,95478700,0,0,314,749,301,1627
4694,95488700,0,0,312,724,191,1587
4695,95498700,0,0,314,692,96,1532
4696,95508700,0,0,313,660,27,1463
4697,95518700,0,0,303,631,0,1397
4698,95528700,0,0,293,542,0,1256
4699,95538700,0,0,296,529,0,1242
4700,95548700,0,0,285,455,0,1171
4701,95558700,0,0,253,389,0,1095
4702,95568700,0,0,236,327,0,1005
4703,95578700,0,0,204,269,0,904
4704,95588700,0,0,181,227,0,773
4705,95598700,0,0,141,138,0,618
4706,95608700,0,0,155,114,0,426
4707,95618700,0,0,113,70,0,253
4708,95628700,0,0,79,40,0,289
4709,95638700,0,0,77,30,0,334
4710,95648700,0,0,68,17,0,354
4711,95658700,0,0,47,4,0,335
4712,95668701,0,0,29,0,0,302
4713,95678700,0,0,20,0,0,262
4714,95688700,0,0,15,0,0,209
4715,95698700,0,0,18,0,0,134
4716,95708700,0,0,22,0,0,93
4717,95718700,0,0,27,0,0,54
4718,95728700,0,0,35,2,0,24
4719,95738700,0,0,42,7,0,0
4720,95748700,0,0,51,12,0,0
4721,95758700,0,0,62,20,0,0
4722,95768700,0,0,75,31,0,0
4723,95778700,0,0,84,43,0,0
4724,95788700,0,0,98,53,0,0
4725,95798700,0,0,107,60,0,0
4726,95808700,0,0,118,68,0,0
4727,95818700,0,0,126,70,0,0
4728,95828700,0,0,134,71,0,0
4729,95838700,0,0,134,64,0,0
4730,95848700,0,0,127,58,0,0
4731,95858700,0,0,122,51,0,0
4732,95868700,0,0,115,53,0,0
4733,95878700,0,0,110,47,0,3
4734,95888700,0,0,107,51,0,0
4735,95898700,0,0,104,50,0,0
4736,95908700,0,0,101,53,0,0
4737,95918700,0,0,91,52,0,0
4738,95928700,0,0,82,53,0,0
4739,95938700,0,0,76,54,0,0
4740,95948700,0,0,73,52,0,0
4741,95958700,0,0,74,53,0,0
4742,95968700,0,0,82,55,0,0
4743,95978700,0,0,89,60,0,0
4744,95988700,0,0,91,67,0,1
4745,95998700,0,0,97,70,0,0
4746,96008700,0,0,100,66,0,0
4747,96018700,0,0,98,67,0,0
4748,96028700,0,0,98,55,0,0
4749,96038700,0,0,91,44,0,0
4750,96048700,0,0,85,28,0,0
4751,96058700,1,0,52,10,0,0
4752,96068700,100,0,84,4,0,0
4753,96078700,198,446,86,0,0,0
4754,96088700,289,566,83,0,0,0
4755,96098700,379,656,77,0,0,0
4756,96108700,475,736,81,0,0,0
4757,96118700,588,822,79,0,0,0
4758,96128700,684,894,82,0,0,0
4759,96138700,789,963,77,0,0,0
4760,96148700,879,1039,97,0,0,0
4761,96158700,963,1087,110,5,0,0
4762,96168700,1018,1139,154,62,0,0
4763,96178700,1062,1172,218,102,0,0
4764,96188700,1073,1176,270,140,0,0
4765,96198700,1069,1169,344,217,0,0
4766,96208700,1063,1143,390,266,0,0
4767,96218700,1056,1096,440,304,0,0
4768,96228700,1048,1060,500,382,0,64
4769,96238700,1044,1017,553,443,0,149
4770,96248700,1042,1005,599,502,0,245
4771,96258700,1047,1009,643,552,0,346
4772,96268700,1051,1014,694,600,0,424
4773,96278700,1054,1018,723,647,0,488
4774,96288700,1061,1028,756,685,0,544
4775,96298700,1067,1039,789,726,0,585
4776,96308700,1074,1045,808,761,27,622
4777,96318700,1076,1048,841,804,54,662
4778,96328700,988,1039,871,826,98,700
4779,96338700,1069,1049,905,862,141,736
4780,96348700,1060,1046,933,901,178,0
4781,96358700,1043,1035,962,939,235,805
4782,96368700,1020,1017,987,979,287,838
4783,96378700,991,0,1019,1009,327,862
4784,96388700,974,489,1051,1036,363,882
4785,96398700,947,0,1064,1061,406,909
4786,96408700,923,0,1079,1081,446,934
4787,96418700,893,0,1097,1101,486,957
4788,96428700,856,0,1109,1118,530,985
4789,96438700,811,0,1119,1133,565,1003
4790,96448700,757,0,1129,1149,610,1022
4791,96458700,707,0,1139,1172,650,1031
4792,96468700,642,0,1149,1190,694,1074
4793,96478700,582,0,1161,1210,738,1100
4794,96488700,514,0,1169,1229,773,1127
4795,96498700,437,0,1176,1239,798,1163
4796,96508700,375,0,1179,1254,851,1182
4797,96518700,327,0,1185,1269,892,1204
4798,96528700,234,0,1187,1273,931,1221
4799,96538700,231,0,1191,1277,966,1236
4800,96548700,196,0,1194,1288,989,1250
4801,96558700,145,0,1197,1295,1013,1258
4802,96568700,89,0,1201,1302,1038,1270
4803,96578700,61,0,1205,1302,1060,1281
4804,96588700,38,0,1207,1317,1083,1296
4805,96598700,11,0,1209,1321,1104,1304
4806,96608700,0,0,1210,1326,1122,1313
4807,96618700,0,0,1211,1330,1142,1323
4808,96628700,0,0,1211,1333,1164,1331
4809,96638700,0,0,1211,1337,1182,1334
4810,96648700,0,0,1213,1341,1199,1341
4811,96658700,0,0,1218,1349,1214,1355
4812,96668700,0,0,1217,1353,1234,1367
4813,96678700,0,0,1218,1359,1252,1382
4814,96688700,0,0,1221,1362,1272,1401
4815,96698700,0,0,1221,1366,1295,1421
4816,96708700,0,0,1218,1368,1314,1443
4817,96718700,0,0,1138,1365,1332,1456
4818,96728700,0,0,1221,1376,1349,0
4819,96738700,0,0,1219,1380,1363,0
4820,96748700,0,0,1222,1382,1375,0
4821,96758700,0,0,1222,1385,1388,0
4822,96768700,0,0,1222,1387,1401,0
4823,96778700,0,0,1215,1387,1327,0
4824,96788700,0,0,1221,1391,1420,0
4825,96798700,0,0,1221,1394,1428,0
4826,96808700,0,0,1218,1395,1432,0
4827,96818700,0,0,1217,1398,1435,0
4828,96828700,0,0,1219,1399,1437,0
4829,96838700,0,0,1218,1400,1441,0
4830,96848700,0,0,1211,1401,1356,0
4831,96858700,0,0,1213,1402,1446,0
4832,96868700,0,0,1214,1402,1448,0
4833,96878700,0,0,1211,1403,1450,0
4834,96888700,0,0,1211,1404,1452,0
4835,96898700,0,0,1210,1405,1454,0
4836,96908700,0,0,1207,1405,1369,0
4837,96918700,0,0,1211,1411,1458,0
4838,96928700,0,0,1211,1415,1460,0
4839,96938700,0,0,1210,1416,1462,0
4840,96948700,0,0,1208,1416,1464,0
4841,96958700,0,0,1205,1418,1467,0
4842,96968700,0,0,1203,1419,1470,0
4843,96978700,0,0,1193,1418,1388,0
4844,96988700,0,0,1193,1419,1478,0
4845,96998700,0,0,1190,1421,1482,0
4846,97008700,0,0,1187,1422,1486,0
4847,97018700,0,0,1181,1425,1491,0
4848,97028700,0,0,1178,1427,1495,0
4849,97038700,0,0,1176,1429,1498,0
4850,97048700,0,0,1152,1328,1464,0
4851,97058700,0,0,1168,1434,1508,0
4852,97068700,0,0,1163,1437,1511,0
4853,97078700,0,0,1157,1441,1513,0
4854,97088700,0,0,1147,1446,1518,0
4855,97098700,0,0,1138,1448,1522,0
4856,97108700,0,0,1127,1448,1524,0
4857,97118700,0,0,1112,1449,1526,0
4858,97128700,0,0,1090,1447,1529,0
4859,97138700,0,0,1064,1446,1530,0
4860,97148700,0,0,1019,1438,1536,0
4861,97158700,0,0,981,1431,1541,0
4862,97168700,0,0,945,1420,1545,0
4863,97178700,0,0,894,1403,1547,0
4864,97188700,0,0,869,1388,1547,0
4865,97198700,0,0,824,1364,1543,0
4866,97208700,0,0,773,1332,1531,0
4867,97218700,0,0,732,1290,1515,0
4868,97228700,0,0,680,1242,1494,0
4869,97238700,0,0,630,1193,1465,0
4870,97248700,0,0,587,1147,1438,0
4871,97258700,0,0,543,1108,1402,1848
4872,97268700,0,0,488,1063,1359,1856
4873,97278700,0,0,456,1016,1276,1868
4874,97288700,0,0,430,984,1192,1875
4875,97298700,0,0,418,954,1091,1878
4876,97308700,0,0,398,908,996,1843
4877,97318700,0,0,380,853,876,1878
4878,97328700,0,0,357,798,731,1870
4879,97338700,0,0,340,754,620,1852
4880,97348700,0,0,315,700,490,1827
4881,97358700,0,0,295,659,405,1787
4882,97368700,0,0,275,606,341,1749
4883,97378700,0,0,249,567,247,1697
4884,97388700,0,0,232,535,168,1638
4885,97398700,0,0,210,490,100,1553
4886,97408700,0,0,186,444,51,1459
4887,97418700,0,0,172,395,14,1345
4888,97428700,0,0,168,357,0,1242
4889,97438700,0,0,155,315,0,1109
4890,97448700,0,0,150,282,0,938
4891,97458700,0,0,142,239,0,706
4892,97468700,0,0,140,191,0,381
4893,97478700,0,0,124,136,0,37
4894,97488700,0,0,117,87,0,0
4895,97498700,0,0,90,58,0,0
4896,97508700,0,0,100,71,0,0
4897,97518700,0,0,107,78,0,0
4898,97528700,0,0,106,77,0,0
4899,97538700,0,0,102,57,0,0
4900,97548700,0,0,100,52,0,0
4901,97558700,0,0,96,48,0,0
4902,97568700,0,0,63,40,0,0
4903,97578700,0,0,91,40,0,0
4904,97588700,0,0,93,39,0,0
4905,97598700,0,0,98,42,2,0
4906,97608700,0,0,99,43,0,0
4907,97618700,0,0,109,39,0,0
4908,97628700,0,0,99,13,0,0
4909,97638700,0,0,113,46,0,0
4910,97648700,0,0,112,49,0,0
4911,97658700,0,0,127,56,0,0
4912,97668700,0,0,128,55,0,0
4913,97678700,0,0,127,45,0,0
4914,97688700,0,0,129,43,0,0
4915,97698700,0,0,125,41,0,0
4916,97708700,0,0,127,33,0,0
4917,97718700,0,0,116,29,0,0
4918,97728700,0,0,120,30,0,0
4919,97738700,0,0,114,31,0,0
4920,97748700,0,0,115,34,0,0
4921,97758700,0,0,116,33,0,0
4922,97768700,0,0,114,35,0,0
4923,97778700,0,0,110,33,0,0
4924,97788700,0,0,111,38,0,0
4925,97798700,0,0,111,37,0,0
4926,97808700,0,0,111,37,0,0
4927,97818700,0,0,113,39,0,0
4928,97828700,0,0,109,41,5,0
4929,97838700,0,0,109,41,0,0
4930,97848700,0,0,111,43,0,0
4931,97858700,0,0,107,43,0,0
4932,97868700,0,0,108,44,0,0
4933,97878700,1,0,108,44,0,0
4934,97888700,0,0,108,45,0,0
4935,97898700,0,0,117,44,0,0
4936,97908700,0,0,119,49,0,0
4937,97918700,0,0,119,51,0,0
4938,97928700,0,0,123,49,0,0
4939,97938700,0,0,122,56,0,0
4940,97948700,0,0,123,58,0,0
4941,97958700,0,0,122,60,0,0
4942,97968700,0,0,121,58,0,0
4943,97978700,1,0,123,62,0,0
4944,97988700,0,0,126,58,0,0
4945,97998700,0,6,124,55,0,0
4946,98008700,2,0,119,36,0,0
4947,98018700,0,0,122,21,0,0
4948,98028700,0,0,115,5,0,0
4949,98038700,25,0,127,7,0,0
4950,98048700,60,0,125,0,0,0
4951,98058700,104,347,118,8,0,0
4952,98068700,167,412,114,0,0,0
4953,98078700,236,475,107,0,0,0
4954,98088700,372,605,103,0,0,0
4955,98098700,530,745,93,0,0,0
4956,98108700,684,881,98,0,0,0
4957,98118700,822,983,107,0,0,0
4958,98128700,900,1041,123,7,0,0
4959,98138700,951,1061,158,47,0,0
4960,98148700,969,1066,229,96,0,0
4961,98158700,890,1035,303,155,0,0
4962,98168700,940,1044,379,229,0,0
4963,98178700,923,1033,468,309,0,0
4964,98188700,906,1018,542,381,0,23
4965,98198700,891,1012,604,453,0,86
4966,98208700,889,1005,670,529,0,164
4967,98218700,890,1003,720,574,0,229
4968,98228700,903,999,758,619,0,306
4969,98238700,909,999,803,684,0,367
4970,98248700,913,1003,840,725,0,428
4971,98258700,917,1006,871,760,0,474
4972,98268700,919,1011,891,785,0,526
4973,98278700,920,368,920,813,0,563
4974,98288700,917,0,915,783,0,562
4975,98298700,918,0,952,863,17,621
4976,98308700,917,0,968,882,30,647
4977,98318700,917,0,983,902,44,669
4978,98328700,920,0,1001,919,70,695
4979,98338700,918,0,1018,940,99,716
4980,98348700,916,0,1044,958,128,741
4981,98358700,878,0,1063,984,152,755
4982,98368700,912,0,1078,999,175,776
4983,98378700,912,1,1094,1017,213,791
4984,98388700,909,0,1104,1037,242,810
4985,98398700,903,0,1117,1053,265,827
4986,98408700,886,0,1128,1071,299,844
4987,98418700,869,0,1139,1085,343,862
4988,98428700,846,0,1150,1101,392,886
4989,98438700,818,0,1162,1117,430,918
4990,98448700,790,0,1168,1131,466,938
4991,98458700,756,0,1175,1145,503,955
4992,98468700,728,0,1181,1162,545,973
4993,98478700,687,0,1187,1173,588,991
4994,98488700,642,0,1168,1115,602,979
4995,98498700,591,0,1195,1194,694,1041
4996,98508700,548,0,1197,1204,743,1060
4997,98518700,504,0,1202,1212,780,1075
4998,98528700,468,0,1205,1222,814,1094
4999,98538700,435,0,1207,1225,848,1111
5000,98548700,403,0,1208,1232,879,1130
5001,98558700,333,0,1142,1178,857,1115
5002,98568700,342,0,1210,1239,948,1163
5003,98578700,290,0,1210,1241,978,1172
5004,98588700,265,0,1210,1244,997,1181
5005,98598700,245,0,1212,1248,1017,1191
5006,98608700,226,0,1211,1251,1047,1197
5007,98618700,204,0,1210,1253,1063,1205
5008,98628700,179,0,1211,1254,1079,1211
5009,98638700,157,0,1209,1255,1102,1224
5010,98648700,125,0,1209,1256,1123,1232
5011,98658700,105,0,1208,1258,1141,1240
5012,98668700,83,0,1206,1259,1158,1251
5013,98678700,65,0,1204,1260,1178,1259
5014,98688700,29,0,1122,1257,1200,1267
5015,98698700,46,0,1192,1261,1228,1287
5016,98708700,27,0,1181,1260,1260,1300
5017,98718700,8,0,1167,1258,1290,1306
5018,98728700,0,0,1159,1256,1320,0
5019,98738700,0,0,1146,1254,1346,0
5020,98748700,0,0,1137,1250,1366,0
5021,98758700,0,0,1127,1252,1391,0
5022,98768700,0,0,1115,1251,1416,0
5023,98778700,0,0,1102,1250,1434,0
5024,98788700,0,0,1087,1246,1447,0
5025,98798700,0,0,1067,1242,1464,0
5026,98808700,0,0,1046,1238,1479,0
5027,98818700,0,8,1030,1236,1492,0
5028,98828700,0,0,1004,1233,1501,0
5029,98838700,0,0,995,1235,1510,0
5030,98848700,0,0,992,1233,1514,0
5031,98858700,0,0,988,1234,1517,0
5032,98868700,0,0,988,1234,1521,0
5033,98878700,0,0,966,1165,1459,0
5034,98888700,0,0,989,1237,1524,0
5035,98898700,0,0,994,1237,1528,1
5036,98908700,0,0,996,1235,1523,0
5037,98918700,0,0,999,1234,1520,0
5038,98928700,0,0,1004,1233,1513,0
5039,98938700,0,1,1012,1234,1512,0
5040,98948700,0,9,1022,1240,1504,0
5041,98958700,0,19,1040,1242,1498,0
5042,98968700,0,27,1050,1247,1490,0
5043,98978700,0,0,1063,1253,1486,0
5044,98988700,0,0,1068,1253,1469,0
5045,98998700,0,0,1070,1254,1459,0
5046,99008700,0,0,1071,1248,1448,0
5047,99018700,0,0,1068,1245,1436,0
5048,99028700,0,0,1062,1239,1419,0
5049,99038700,0,0,1050,1232,1415,0
5050,99048700,0,0,1024,1219,1415,0
5051,99058700,0,0,991,1205,1410,2
5052,99068700,0,0,919,1182,1412,0
5053,99078700,0,0,853,1163,1415,0
5054,99088700,0,0,783,1141,1399,0
5055,99098700,0,0,730,1120,1384,0
5056,99108700,0,0,678,1094,1354,0
5057,99118700,0,0,634,1058,1322,0
5058,99128700,0,0,594,1017,1270,0
5059,99138700,0,0,562,969,1202,0
5060,99148700,0,0,530,914,1116,1389
5061,99158700,0,0,481,836,1021,1361
5062,99168700,0,0,444,739,910,1332
5063,99178700,0,0,408,653,790,1291
5064,99188700,0,0,376,567,619,1251
5065,99198700,0,0,357,504,438,0
5066,99208700,0,0,322,430,260,1108
5067,99218700,0,0,289,338,88,1005
5068,99228700,0,0,250,267,0,887
5069,99238700,0,0,207,211,0,754
5070,99248700,0,0,169,151,0,625
5071,99258700,0,0,135,107,0,428
5072,99268700,0,0,101,71,0,217
5073,99278700,0,0,74,34,0,33
5074,99288700,0,0,81,10,0,0
5075,99298700,0,0,66,16,0,0
5076,99308700,0,0,71,9,0,0
5077,99318700,0,0,75,17,0,0
5078,99328700,0,0,78,18,0,0
5079,99338700,0,0,79,25,0,0
5080,99348700,0,1,73,28,0,0
5081,99358700,0,0,78,27,0,0
5082,99368700,2,0,84,35,0,0
5083,99378700,0,0,86,41,0,0
5084,99388700,0,0,86,40,0,0
5085,99398700,0,0,82,41,0,0
5086,99408700,0,0,78,42,0,0
5087,99418700,0,0,83,40,0,0
5088,99428700,0,0,83,37,0,0
5089,99438700,0,0,87,28,0,0
5090,99448700,0,0,83,23,0,0
5091,99458700,0,0,82,18,0,0
5092,99468700,0,0,79,9,0,0
5093,99478700,0,0,77,7,0,0
5094,99488700,0,0,79,13,0,0
5095,99498700,0,0,78,6,0,0
5096,99508700,0,0,77,6,0,0
5097,99518700,0,0,75,9,0,0
5098,99528700,0,0,75,12,0,0
5099,99538700,0,0,75,15,0,0
5100,99548700,0,0,81,14,0,0
5101,99558700,0,0,85,15,0,0
5102,99568700,0,0,87,24,0,0
5103,99578700,0,0,74,4,0,0
5104,99588700,0,0,92,23,0,0
5105,99598700,0,0,104,26,0,0
5106,99608700,0,0,108,30,0,0
5107,99618700,0,0,111,32,0,0
5108,99628700,0,0,112,35,0,0
5109,99638700,0,0,112,36,0,0
5110,99648700,0,0,109,39,0,0
5111,99658700,0,0,103,37,0,0
5112,99668700,0,0,102,31,0,0
5113,99678700,0,0,98,28,0,0
5114,99688700,0,0,92,27,0,0
5115,99698700,0,0,87,24,0,0
5116,99708700,0,0,86,23,0,0
5117,99718700,0,0,78,18,0,0
5118,99728700,0,0,76,15,0,0
5119,99738700,0,0,70,13,0,0
5120,99748700,0,0,64,10,0,0
5121,99758700,0,0,60,9,0,0
5122,99768700,0,0,65,10,0,0
5123,99778700,0,0,71,12,0,0
5124,99788700,0,0,76,17,0,0
5125,99798700,0,0,82,20,0,0
5126,99808700,0,0,87,25,0,0
5127,99818700,0,0,90,29,0,0
5128,99828700,0,0,93,36,0,0
5129,99838700,0,0,96,41,0,0
5130,99848700,0,0,101,43,0,0
5131,99858700,0,0,104,45,0,0
5132,99868700,0,0,103,39,0,0
5133,99878700,0,0,104,40,0,0
5134,99888700,0,0,104,36,0,0
5135,99898700,0,0,101,35,0,0
5136,99908700,0,0,91,29,0,0
5137,99918700,16,246,95,21,0,0
5138,99928700,100,420,100,11,0,0
5139,99938700,234,597,100,0,0,0
5140,99948700,424,757,101,0,0,0
5141,99958700,639,913,114,0,0,0
5142,99968700,811,1021,122,10,0,0
5143,99978700,921,1107,165,36,0,0
5144,99988700,988,1157,218,69,0,0
5145,99998700,1030,1186,309,136,0,0
5146,100008700,1046,1204,376,230,0,0
5147,100018700,1051,1208,475,293,0,0
5148,100028700,995,1164,519,341,0,0
5149,100038700,1071,1235,628,460,0,0
5150,100048700,1089,1251,692,545,0,0
5151,100058700,1113,1271,737,603,0,0
5152,100068700,1136,1293,791,660,0,0
5153,100078700,1162,1308,838,708,0,0
5154,100088700,1176,1237,856,694,0,12
5155,100098700,1187,1325,910,800,0,98
5156,100108700,1193,1327,933,829,0,153
5157,100118700,1202,0,956,858,0,224
5158,100128700,1208,0,976,881,0,266
5159,100138700,1215,0,992,902,0,312
5160,100148700,1221,0,1006,919,0,350
5161,100158700,1221,0,1026,935,0,389
5162,100168700,1234,0,1042,947,0,423
5163,100178700,1240,0,1055,957,0,443
5164,100188700,1245,0,1064,970,0,467
5165,100198700,1253,0,1074,980,0,487
5166,100208700,1260,0,1080,990,0,512
5167,100218700,1266,0,1091,998,2,515
5168,100228700,1269,1370,1098,1009,9,550
5169,100238700,1269,1363,1105,1019,23,571
5170,100248700,1264,1376,1111,1035,35,589
5171,100258700,1257,1371,1118,1044,46,610
5172,100268700,1252,1366,1126,1054,60,625
5173,100278700,1247,1364,1132,1063,78,639
5174,100288700,1151,1332,1138,1075,87,656
5175,100298700,1237,1358,1143,1079,104,662
5176,100308700,1228,1353,1149,1093,114,673
5177,100318700,1220,1347,1157,1101,126,686
5178,100328700,1205,1339,1162,1109,148,701
5179,100338700,1193,1332,1167,1115,165,715
5180,100348700,1178,1323,1173,1125,182,727
5181,100358700,1171,1318,1175,1129,201,741
5182,100368700,1163,1311,1179,1135,221,751
5183,100378700,1155,1307,1180,1139,235,762
5184,100388700,1149,1304,1180,1143,252,773
5185,100398700,1143,1299,1182,1144,269,775
5186,100408700,1134,1294,1182,1143,282,790
5187,100418700,1129,1291,1184,1144,295,795
5188,100428700,1126,1288,1185,1145,303,800
5189,100438700,1125,1288,1185,1144,325,807
5190,100448700,1126,1286,1186,1143,334,819
5191,100458700,1126,1285,1186,1141,340,825
5192,100468700,1129,1282,1183,1139,347,820
5193,100478700,1129,1280,1182,1137,351,821
5194,100488700,1128,1277,1176,1131,316,811
5195,100498700,1127,1277,1179,1129,359,827
5196,100508700,1128,1275,1178,1126,364,829
5197,100518700,1128,1273,1176,1124,376,824
5198,100528700,1126,1271,1174,1122,378,836
5199,100538700,1128,1266,1171,1116,392,839
5200,100548700,1128,1258,1167,1112,410,838
5201,100558701,1129,0,1164,1108,410,843
5202,100568700,1127,0,1161,1102,412,851
5203,100578700,1129,0,1157,1096,410,848
5204,100588700,1127,0,1150,1092,412,848
5205,100598700,1120,0,1147,1082,428,850
5206,100608700,1116,0,1142,1075,446,859
5207,100618700,1108,0,1138,1068,455,859
5208,100628700,1105,0,1133,1065,473,865
5209,100638700,1096,0,1130,1058,475,869
5210,100648700,1083,0,1128,1053,481,876
5211,100658700,1077,0,1125,1053,495,875
5212,100668700,1066,0,1124,1049,498,885
5213,100678700,1067,0,1121,1049,505,892
5214,100688700,1068,0,1121,1047,519,880
5215,100698700,1061,0,1121,1047,539,912
5216,100708700,1052,0,1119,1052,560,925
5217,100718700,1045,0,1123,1059,580,943
5218,100728700,1033,0,1117,1056,602,956
5219,100738700,1012,0,1122,1059,623,972
5220,100748700,996,0,1123,1064,638,986
5221,100758700,969,0,1126,1066,658,1004
5222,100768700,936,0,1125,1073,679,1021
5223,100778700,892,0,1129,1074,692,1047
5224,100788700,847,0,1129,1086,718,1070
5225,100798700,779,0,1128,1093,731,1092
5226,100808700,718,0,1130,1099,744,1119
5227,100818701,631,0,1128,1106,762,1142
5228,100828700,546,0,1125,1114,780,1167
5229,100838700,437,0,1122,1118,799,1190
5230,100848700,339,0,1112,1126,827,1206
5231,100858700,205,0,1103,1129,857,1219
5232,100868700,97,0,1091,1136,885,1236
5233,100878700,9,0,1023,1045,894,1243
5234,100888700,0,0,1041,1131,940,1255
5235,100898700,0,0,998,1128,969,1262
5236,100908700,0,0,954,1125,987,1264
5237,100918700,2,0,906,1116,1003,1268
5238,100928700,0,0,855,1108,1017,1268
5239,100938700,0,0,776,1084,970,1245
5240,100948700,0,0,726,1066,1048,1258
5241,100958700,0,0,667,1039,1044,1246
5242,100968700,0,0,613,1002,1020,1240
5243,100978700,0,0,575,949,985,1240
5244,100988700,0,0,544,885,942,1239
5245,100998700,0,0,484,798,887,1240
5246,101008700,0,0,452,731,807,1237
5247,101018700,0,0,423,657,729,1222
5248,101028700,0,0,397,597,630,1195
5249,101038700,0,0,370,535,468,1143
5250,101048700,0,0,343,468,306,1066
5251,101058700,0,0,313,388,157,987
5252,101068700,0,0,295,336,55,862
5253,101078700,0,0,283,297,7,747
5254,101088700,0,0,261,263,0,578
5255,101098700,0,0,216,214,0,331
5256,101108700,0,0,190,156,0,109
5257,101118700,0,0,162,112,0,0
5258,101128700,0,0,121,76,0,0
5259,101138700,0,0,115,47,0,0
5260,101148700,0,0,113,40,0,0
5261,101158700,0,0,116,48,0,0
5262,101168700,0,0,120,52,0,0
5263,101178700,0,0,120,56,0,0
5264,101188700,0,0,120,60,0,0
5265,101198700,0,0,120,63,0,0
5266,101208700,0,0,123,59,0,0
5267,101218700,0,0,124,63,0,0
5268,101228700,0,0,123,68,0,0
5269,101238700,0,0,125,69,0,0
5270,101248700,0,0,124,72,0,0
5271,101258700,0,0,125,73,0,0
5272,101268700,0,0,125,75,0,0
5273,101278700,0,0,130,76,0,0
5274,101288700,0,0,132,73,0,0
5275,101298700,0,0,133,70,0,0
5276,101308700,0,0,134,63,0,0
5277,101318700,0,0,134,56,0,0
5278,101328700,0,0,132,53,0,0
5279,101338700,0,0,99,48,0,0
5280,101348700,0,0,124,46,0,0
5281,101358700,0,0,121,43,0,0
5282,101368700,0,0,119,40,0,0
5283,101378700,0,0,109,37,0,0
5284,101388700,0,0,103,33,0,0
5285,101398700,0,0,99,35,0,0
5286,101408700,0,0,94,34,0,0
5287,101418700,0,0,88,32,0,0
5288,101428700,0,0,83,29,0,0
5289,101438700,0,0,77,30,0,0
5290,101448700,0,0,74,29,0,0
5291,101458700,0,0,69,29,0,0
5292,101468700,0,0,66,28,0,0
5293,101478700,0,0,62,32,0,0
5294,101488700,0,0,60,35,0,0
5295,101498700,0,0,59,38,0,0
5296,101508700,0,0,60,41,0,0
5297,101518700,0,0,57,42,0,0
5298,101528700,0,0,56,44,0,0
5299,101538700,0,0,51,44,0,0
5300,101548700,0,0,46,45,0,0
5301,101558700,0,0,45,45,0,0
5302,101568700,0,0,46,46,0,0
5303,101578700,0,0,52,45,0,0
5304,101588700,0,0,54,46,0,0
5305,101598700,0,0,59,47,0,0
5306,101608700,0,0,67,52,0,0
5307,101618700,0,0,72,53,0,0
5308,101628700,0,0,75,53,0,0
5309,101638700,0,0,76,44,0,0
5310,101648700,0,0,83,39,0,0
5311,101658700,0,0,81,34,0,0
5312,101668700,0,0,78,24,0,0
5313,101678700,13,0,80,6,0,0
5314,101688700,103,0,85,0,0,0
5315,101698700,202,548,84,0,0,0
5316,101708700,346,681,88,0,0,0
5317,101718700,455,775,88,0,0,0
5318,101728700,572,866,85,0,0,0
5319,101738701,664,935,81,0,0,0
5320,101748700,753,999,93,1,0,0
5321,101758700,855,1062,106,11,0,0
5322,101768700,948,1123,122,43,0,0
5323,101778700,1002,1175,209,89,0,0
5324,101788700,1034,1198,303,161,0,0
5325,101798701,1041,1204,365,237,0,0
5326,101808700,1028,1207,457,320,0,0
5327,101818700,1017,1203,534,399,0,0
5328,101828700,1006,1202,598,465,0,29
5329,101838700,1006,1199,675,543,0,102
5330,101848700,1011,1202,725,623,0,182
5331,101858700,1015,1206,768,689,0,255
5332,101868700,1023,1208,813,753,0,348
5333,101878700,1033,1211,857,798,4,408
5334,101888700,1039,1209,894,838,0,450
5335,101898700,1045,0,928,867,14,482
5336,101908700,1047,0,955,896,37,515
5337,101918700,1048,0,980,926,59,541
5338,101928700,1050,0,1004,951,76,560
5339,101938700,1053,0,1034,979,96,588
5340,101948700,1055,0,1050,997,118,606
5341,101958700,1059,0,1065,1016,141,627
5342,101968700,1061,0,1077,1042,166,643
5343,101978700,1063,0,1092,1053,192,661
5344,101988700,1068,0,1099,1066,206,677
5345,101998700,1070,0,1091,991,204,629
5346,102008700,1080,0,1119,1085,225,703
5347,102018700,1084,0,1125,1094,237,707
5348,102028700,1093,0,1130,1099,252,716
5349,102038700,1098,0,1133,1101,258,725
5350,102048700,1100,0,1139,1108,270,734
5351,102058700,1101,0,1143,1111,282,751
5352,102068700,1014,0,1074,1110,287,756
5353,102078700,1101,0,1148,1117,291,770
5354,102088700,1098,0,1149,1121,302,776
5355,102098700,1096,0,1153,1123,314,789
5356,102108700,1095,0,1156,1125,330,797
5357,102118700,1094,0,1156,1125,341,802
5358,102128700,1094,0,1157,1127,347,809
5359,102138700,1094,0,1159,1128,354,819
5360,102148700,1084,0,1159,1130,361,819
5361,102158700,1076,0,1161,1132,357,824
5362,102168700,1063,0,1162,1135,369,837
5363,102178700,1044,0,1167,1140,379,844
5364,102188700,1020,0,1177,1144,400,855
5365,102198700,994,0,1168,1149,412,860
5366,102208700,978,0,1175,1157,440,875
5367,102218700,961,0,1175,1163,466,891
5368,102228700,936,2,1177,1178,484,905
5369,102238700,908,0,1181,1175,518,922
5370,102248700,869,0,1185,1183,546,938
5371,102258700,830,0,1190,1194,576,948
5372,102268700,789,0,1169,1137,574,924
5373,102278700,755,0,1195,1212,656,972
5374,102288700,711,0,1200,1225,686,985
5375,102298700,668,0,1196,1227,717,999
5376,102308700,620,0,1209,1232,738,1014
5377,102318700,585,0,1206,1242,772,1037
5378,102328700,546,0,1207,1251,807,1052
5379,102338700,457,0,1210,1254,845,1058
5380,102348700,466,0,1206,1248,878,1083
5381,102358700,425,0,1211,1262,911,1098
5382,102368700,386,0,1211,1268,935,1109
5383,102378700,344,0,1204,1272,955,1118
5384,102388700,298,0,1209,1274,985,1133
5385,102398700,255,0,1207,1276,1003,1145
5386,102408700,193,0,1210,1278,1036,1162
5387,102418700,191,0,1215,1280,1048,1172
5388,102428700,151,0,1207,1286,1062,1180
5389,102438700,123,0,1209,1289,1075,1190
5390,102448700,95,0,1206,1290,1086,1203
5391,102458700,70,0,1207,1294,1101,1212
5392,102468700,53,0,1204,1298,1114,1225
5393,102478700,9,0,1206,1300,1133,1234
5394,102488700,19,0,1207,1300,1136,1242
5395,102498700,3,0,1204,1299,1148,1253
5396,102508700,0,0,1200,1302,1165,1255
5397,102518700,0,0,1198,1303,1175,1262
5398,102528700,0,0,1194,1305,1189,1268
5399,102538700,0,0,1186,1306,1125,1256
5400,102548700,0,0,1189,1308,1212,1279
5401,102558700,0,0,1189,1309,1223,1293
5402,102568700,0,0,1183,1315,1234,1305
5403,102578700,0,0,1179,1313,1244,1316
5404,102588700,0,0,1174,1315,1256,1323
5405,102598700,0,0,1170,1321,1268,1337
5406,102608700,0,0,1163,1318,1280,1354
5407,102618700,0,0,1153,1320,1298,1367
5408,102628700,0,0,1143,1319,1307,1376
5409,102638700,0,0,1134,1320,1321,1385
5410,102648700,0,0,1128,1325,1332,0
5411,102658700,0,0,1119,1325,1343,0
5412,102668700,0,0,1104,1322,1355,0
5413,102678700,0,0,1081,1326,1368,0
5414,102688700,0,0,1059,1323,1378,0
5415,102698700,0,0,1030,1318,1388,0
5416,102708700,0,0,989,1313,1400,0
5417,102718700,0,0,940,1304,1414,0
5418,102728700,0,0,883,1293,1426,0
5419,102738700,0,0,808,1210,1370,0
5420,102748700,0,0,772,1257,1441,0
5421,102758700,0,0,742,1230,1449,0
5422,102768700,0,0,691,1197,1452,0
5423,102778700,0,0,644,1174,1457,0
5424,102788700,0,0,608,1142,1455,0
5425,102798700,0,0,561,1115,1450,1604
5426,102808700,0,0,510,1069,1441,1620
5427,102818700,0,0,467,1014,1424,1638
5428,102828700,0,0,427,961,1397,1656
5429,102838700,0,0,371,914,1362,1675
5430,102848700,0,0,333,874,1329,1693
5431,102858700,0,0,287,830,1268,1707
5432,102868700,0,0,257,711,1161,1619
5433,102878700,0,0,243,719,1098,1722
5434,102888700,0,0,224,657,1006,1724
5435,102898700,0,0,205,574,893,1727
5436,102908700,0,0,181,532,770,1722
5437,102918700,0,0,154,494,699,1706
5438,102928700,0,0,140,475,600,1665
5439,102938700,0,0,118,443,485,1619
5440,102948700,0,0,108,412,399,1559
5441,102958700,0,0,98,377,309,1471
5442,102968700,0,0,90,339,210,1388
5443,102978700,0,0,91,302,137,1307
5444,102988700,0,0,83,265,53,1213
5445,102998700,0,0,78,236,1,1101
5446,103008700,0,0,85,190,0,950
5447,103018700,0,0,81,166,0,753
5448,103028700,0,0,75,137,0,505
5449,103038700,0,0,62,97,0,152
5450,103048700,0,0,54,72,0,0
5451,103058700,0,0,36,39,0,0
5452,103068700,0,0,36,38,0,0
5453,103078700,0,0,41,43,0,0
5454,103088700,0,0,42,42,0,0
5455,103098700,0,0,41,40,0,0
5456,103108700,0,0,40,39,0,0
5457,103118700,0,0,39,35,0,0
5458,103128700,0,0,41,35,0,0
5459,103138700,0,0,41,34,0,0
5460,103148700,0,0,42,35,0,0
5461,103158700,0,0,46,37,0,0
5462,103168700,0,0,47,36,0,0
5463,103178700,0,0,57,36,0,0
5464,103188700,0,0,61,38,0,0
5465,103198700,0,0,69,40,0,0
5466,103208700,0,0,76,46,0,0
5467,103218700,0,0,83,48,0,0
5468,103228700,0,0,85,53,0,0
5469,103238700,0,0,88,52,0,0
5470,103248701,0,0,93,54,0,0
5471,103258700,0,0,94,54,0,0
5472,103268700,0,0,98,55,0,0
5473,103278700,0,0,99,56,0,0
5474,103288700,0,0,93,56,0,0
5475,103298700,0,0,92,57,0,0
5476,103308700,0,0,89,57,0,0
5477,103318700,0,0,83,58,0,0
5478,103328700,0,0,75,55,0,0
5479,103338700,0,0,59,53,0,0
5480,103348700,0,0,46,48,0,0
5481,103358700,0,0,35,47,0,0
5482,103368700,0,0,25,41,0,0
5483,103378700,0,0,24,39,0,0
5484,103388700,0,0,23,37,0,0
5485,103398700,0,0,26,41,0,0
5486,103408700,0,0,31,44,0,0
5487,103418700,0,0,38,43,0,0
5488,103428700,0,0,41,45,0,0
5489,103438700,0,0,39,20,0,0
5490,103448700,0,0,47,50,0,0
5491,103458700,0,0,51,50,0,0
5492,103468700,0,0,51,45,0,0
5493,103478700,0,0,51,44,0,0
5494,103488700,0,0,52,45,0,0
5495,103498700,0,0,45,12,0,0
5496,103508700,0,0,56,24,0,0
5497,103518700,0,0,54,10,0,0
5498,103528700,0,0,56,5,0,0
5499,103538700,40,0,56,0,0,0
5500,103548700,142,399,55,0,0,0
5501,103558700,270,573,54,0,0,0
5502,103568700,361,675,47,0,0,0
5503,103578700,527,794,47,0,0,1
5504,103588700,633,871,49,0,0,0
5505,103598700,720,937,70,0,0,0
5506,103608700,813,1001,84,0,0,0
5507,103618700,903,1069,105,0,0,0
5508,103628700,979,1129,138,22,0,0
5509,103638700,1026,1169,180,56,0,0
5510,103648700,1050,1194,258,105,0,0
5511,103658700,1051,1193,334,187,0,0
5512,103668700,1033,1176,390,252,0,0
5513,103678700,1002,1161,455,317,0,0
5514,103688700,993,1139,516,391,0,1
5515,103698700,982,1116,565,455,0,83
5516,103708700,982,1088,623,526,0,187
5517,103718700,983,1073,680,598,0,301
5518,103728700,985,1062,718,656,0,415
5519,103738700,988,1052,757,704,0,481
5520,103748700,992,1063,802,759,8,538
5521,103758700,990,1069,845,807,44,564
5522,103768700,989,1072,876,848,74,608
5523,103778700,984,1067,920,886,106,646
5524,103788700,977,1069,951,931,152,678
5525,103798700,965,1064,987,967,190,707
5526,103808700,952,1061,1011,1004,241,742
5527,103818700,939,1059,1037,1036,279,782
5528,103828700,925,1054,1054,1069,321,810
5529,103838700,909,1048,1048,1022,338,805
5530,103848700,894,1041,1088,1102,401,868
5531,103858700,873,1027,1101,1124,429,893
5532,103868700,849,1015,1118,1139,461,920
5533,103878700,810,0,1130,1162,499,940
5534,103888700,768,0,1144,1180,535,964
5535,103898700,724,0,1155,1194,574,982
5536,103908700,678,0,1175,1212,617,997
5537,103918700,623,0,1172,1230,649,1017
5538,103928700,584,0,1181,1243,674,1035
5539,103938700,536,0,1190,1256,698,1051
5540,103948700,475,0,1194,1263,726,1064
5541,103958700,428,0,1198,1275,751,1081
5542,103968700,377,0,1201,1286,714,1075
5543,103978700,324,0,1210,1296,796,1112
5544,103988700,259,0,1214,1302,823,1127
5545,103998700,218,0,1216,1309,850,1140
5546,104008700,175,0,1219,1322,872,1145
5547,104018700,135,0,1222,1321,888,1158
5548,104028700,100,0,1225,1322,913,1169
5549,104038700,75,0,1207,1235,921,1077
5550,104048700,51,0,1230,1332,942,1185
5551,104058700,36,0,1234,1337,955,1193
5552,104068700,30,0,1234,1341,974,1198
5553,104078700,20,0,1238,1345,986,1203
5554,104088700,12,1,1241,1349,997,1207
5555,104098700,5,0,1242,1354,1006,1209
5556,104108700,8,0,1245,1357,1019,1219
5557,104118700,3,0,1248,1360,1040,1223
5558,104128700,0,0,1250,1365,1044,1228
5559,104138700,0,0,1251,1365,1054,1231
5560,104148700,0,0,1254,1369,1066,1236
5561,104158700,0,0,1256,1370,1069,1241
5562,104168701,0,0,1256,1373,1084,1250
5563,104178700,0,0,1258,1376,1091,1253
5564,104188700,0,0,1261,1376,1099,1256
5565,104198700,0,0,1262,1381,1109,1258
5566,104208700,0,0,1260,1380,1120,1260
5567,104218700,0,0,1261,1382,1133,1264
5568,104228700,0,0,1258,1382,1143,1268
5569,104238701,0,0,1257,1384,1157,1270
5570,104248700,0,0,1256,1383,1165,1272
5571,104258700,0,0,1254,1383,1170,1276
5572,104268700,0,0,1252,1386,1181,1278
5573,104278700,0,0,1254,1385,1183,1286
5574,104288700,0,0,1253,1387,1191,1288
5575,104298700,0,0,1252,1388,1196,1290
5576,104308700,0,0,1250,1389,1202,1299
5577,104318700,0,0,1251,1392,1212,1303
5578,104328700,0,0,1247,1391,1226,1306
5579,104338700,0,0,1240,1395,1230,1312
5580,104348700,0,0,1244,1396,1237,1320
5581,104358700,0,0,1245,1397,1248,1329
5582,104368700,0,0,1223,1298,1221,1256
5583,104378700,0,0,1242,1400,1255,1351
5584,104388700,0,0,1241,1402,1272,0
5585,104398700,0,0,1239,1405,1280,0
5586,104408700,0,0,1234,1405,1294,0
5587,104418700,0,0,1229,1410,1307,0
5588,104428700,0,0,1199,1338,1256,0
5589,104438700,0,0,1221,1415,1325,0
5590,104448700,0,0,1214,1419,1334,0
5591,104458700,0,0,1208,1421,1347,0
5592,104468700,0,0,1203,1424,1358,0
5593,104478700,0,0,1195,1427,1370,0
5594,104488700,0,0,1160,1351,1321,0
5595,104498700,0,0,1173,1423,1392,0
5596,104508700,0,0,1158,1441,1402,0
5597,104518700,0,0,1143,1431,1420,0
5598,104528700,0,0,1124,1433,1433,0
5599,104538700,0,0,1104,1430,1444,0
5600,104548700,0,0,1078,1427,1457,0
5601,104558700,0,0,1048,1421,1467,0
5602,104568700,0,0,999,1415,1479,1509
5603,104578700,0,0,962,1398,1489,1543
5604,104588700,0,0,914,1382,1498,0
5605,104598700,0,0,849,1367,1501,0
5606,104608700,0,0,811,1335,1512,0
5607,104618701,0,0,777,1304,1515,0
5608,104628700,0,0,717,1260,1513,0
5609,104638700,0,0,672,1212,1508,0
5610,104648700,0,0,609,1172,1492,0
5611,104658700,0,0,541,1121,1466,0
5612,104668700,0,0,489,1066,1444,1739
5613,104678700,0,0,394,988,1441,1749
5614,104688700,0,0,391,931,1418,1757
5615,104698700,0,0,346,885,1352,1768
5616,104708700,0,0,311,847,1274,1774
5617,104718700,0,0,291,772,1192,1780
5618,104728700,0,0,273,713,1074,1781
5619,104738700,0,0,247,650,960,1779
5620,104748700,0,0,232,609,831,1772
5621,104758700,0,0,209,558,738,1749
5622,104768700,0,0,173,527,644,1712
5623,104778700,0,0,149,476,545,1656
5624,104788700,0,0,123,439,445,1601
5625,104798700,0,0,102,401,349,1535
5626,104808700,0,0,93,363,237,1458
5627,104818700,0,0,88,335,158,1366
5628,104828700,0,0,86,295,72,1271
5629,104838700,0,0,85,264,10,1177
5630,104848700,0,0,83,228,0,1051
5631,104858700,0,0,79,194,0,867
5632,104868700,0,0,76,164,0,601
5633,104878700,0,0,71,121,0,243
5634,104888700,0,0,55,93,0,11
5635,104898700,0,0,51,73,0,0
5636,104908700,0,0,51,68,0,0
5637,104918700,0,0,54,73,0,0
5638,104928700,0,0,56,73,0,0
5639,104938700,0,0,34,69,0,0
5640,104948700,0,0,50,68,0,0
5641,104958700,0,0,50,59,0,0
5642,104968700,0,0,46,55,0,0
5643,104978700,0,0,47,55,0,0
5644,104988700,0,0,46,51,0,0
5645,104998700,0,0,22,39,0,0
5646,105008700,0,0,43,44,0,0
5647,105018700,0,0,40,42,0,0
5648,105028700,0,0,37,42,0,0
5649,105038700,0,0,36,43,0,0
5650,105048700,0,0,38,40,0,0
5651,105058700,0,0,40,37,0,0
5652,105068700,0,0,40,36,0,0
5653,105078700,0,0,39,34,0,0
5654,105088700,0,0,34,28,0,0
5655,105098700,0,0,31,29,0,0
5656,105108700,0,0,31,30,0,0
5657,105118700,0,0,36,34,0,0
5658,105128700,0,0,38,37,0,0
5659,105138700,0,0,40,40,3,0
5660,105148700,0,0,43,42,0,0
5661,105158700,0,0,45,43,0,0
5662,105168700,0,0,45,48,0,0
5663,105178700,0,0,44,53,0,0
5664,105188700,0,0,41,55,0,0
5665,105198700,0,0,32,56,0,0
5666,105208700,0,0,23,58,0,0
5667,105218700,0,0,15,56,0,0
5668,105228700,0,0,5,56,0,0
5669,105238700,0,0,2,51,0,0
5670,105248700,0,0,0,50,0,0
5671,105258701,0,0,0,47,0,0
5672,105268700,0,0,0,43,0,0
5673,105278700,0,0,0,39,0,0
5674,105288700,0,0,0,40,0,0
5675,105298700,0,0,0,36,0,0
5676,105308700,0,0,0,36,0,0
5677,105318700,0,0,0,31,0,0
5678,105328700,2,0,0,26,0,0
5679,105338700,0,0,3,30,0,0
5680,105348700,0,0,14,24,0,0
5681,105358700,0,3,21,13,2,0
5682,105368700,0,58,27,2,0,0
5683,105378700,0,0,41,4,0,0
5684,105388700,37,0,53,0,0,0
5685,105398700,112,0,58,1,2,0
5686,105408700,215,580,60,0,0,0
5687,105418700,326,680,57,0,0,0
5688,105428700,433,780,55,0,0,0
5689,105438700,567,866,60,0,0,0
5690,105448700,670,940,74,1,0,0
5691,105458700,704,972,65,0,0,0
5692,105468700,844,1041,112,17,0,0
5693,105478700,885,1066,158,44,0,0
5694,105488700,912,1076,203,80,0,0
5695,105498700,930,1086,248,108,0,0
5696,105508700,954,1102,298,145,0,0
5697,105518700,969,1109,361,212,0,0
5698,105528700,969,1104,409,277,0,44
5699,105538700,967,1092,486,348,0,117
5700,105548700,960,1068,549,432,0,205
5701,105558700,956,1058,603,494,0,296
5702,105568700,964,1048,657,567,0,375
5703,105578700,974,1068,704,607,0,432
5704,105588700,980,1061,728,612,0,463
5705,105598700,986,1065,790,710,30,543
5706,105608700,981,1063,834,748,70,592
5707,105618700,969,1054,873,794,102,626
5708,105628700,950,1045,907,828,151,669
5709,105638700,929,1035,943,871,194,714
5710,105648700,908,1022,971,913,262,739
5711,105658700,882,1024,1002,948,294,0
5712,105668700,862,1020,1033,982,354,0
5713,105678700,848,1017,1052,1012,386,617
5714,105688700,824,1013,1073,1044,423,862
5715,105698700,800,998,1094,1069,473,894
5716,105708700,752,0,1113,1092,505,924
5717,105718700,719,0,1126,1113,557,942
5718,105728700,667,0,1149,1140,604,969
5719,105738700,612,0,1158,1164,623,989
5720,105748700,566,0,1169,1191,660,1008
5721,105758700,517,0,1180,1206,690,1034
5722,105768700,456,0,1191,1224,719,1050
5723,105778700,358,0,1121,1232,748,1067
5724,105788700,359,0,1208,1248,778,1090
5725,105798700,296,0,1212,1257,808,1112
5726,105808700,246,0,1222,1268,835,1127
5727,105818700,202,0,1226,1274,860,1142
5728,105828700,139,0,1229,1284,882,1159
5729,105838700,95,0,1233,1290,905,1172
5730,105848700,36,0,1236,1298,922,1182
5731,105858700,38,0,1238,1302,939,1193
5732,105868700,21,0,1236,1307,952,1204
5733,105878700,1,0,1237,1312,966,1215
5734,105888700,0,0,1240,1316,989,1225
5735,105898700,0,0,1238,1320,1000,1234
5736,105908700,0,0,1239,1322,1013,1243
5737,105918700,0,0,1241,1326,1025,1254
5738,105928700,0,0,1237,1325,1044,1265
5739,105938700,0,0,1243,1331,1049,1274
5740,105948700,0,0,1245,1332,1064,1253
5741,105958700,0,0,1245,1345,1077,0
5742,105968700,0,0,1246,1334,1082,0
5743,105978700,0,0,1248,1339,1096,0
5744,105988700,0,0,1246,1342,1111,0
5745,105998700,0,0,1247,1344,1123,0
5746,106008700,0,0,1248,1346,1132,0
5747,106018700,0,0,1249,1351,1144,0
5748,106028700,0,0,1249,1352,1161,0
5749,106038700,0,0,1249,1352,1172,0
5750,106048700,0,0,1247,1351,1182,0
5751,106058700,0,0,1245,1357,1194,0
5752,106068700,0,0,1242,1359,1208,0
5753,106078700,0,0,1242,1358,1218,0
5754,106088700,0,0,1239,1361,1227,0
5755,106098700,0,0,1233,1360,1237,0
5756,106108700,0,0,1231,1363,1246,0
5757,106118700,0,0,1227,1366,1255,0
5758,106128700,0,0,1225,1365,1260,0
5759,106138700,0,0,1217,1365,1270,0
5760,106148700,0,0,1210,1365,1277,0
5761,106158700,0,0,1202,1365,1289,0
5762,106168700,0,0,1194,1367,1304,0
5763,106178700,0,0,1183,1363,1316,0
5764,106188700,0,0,1179,1368,1325,0
5765,106198700,0,0,1173,1370,1337,1448
5766,106208700,0,0,1162,1368,1352,1492
5767,106218700,0,0,1160,1371,1365,1507
5768,106228700,0,0,1146,1371,1376,1527
5769,106238700,0,0,1141,1374,1387,1542
5770,106248700,0,0,1131,1373,1399,1559
5771,106258700,0,0,1123,1376,1412,1572
5772,106268700,0,0,1109,1375,1423,1583
5773,106278700,0,0,1096,1375,1433,1598
5774,106288700,0,0,1077,1371,1446,1612
5775,106298700,0,0,1053,1372,1459,1623
5776,106308700,0,0,1024,1371,1469,1637
5777,106318700,0,0,992,1364,1479,1646
5778,106328700,0,0,959,1352,1485,1655
5779,106338700,0,0,923,1335,1487,1665
5780,106348700,0,0,873,1302,1484,1676
5781,106358700,0,0,810,1277,1475,1677
5782,106368700,0,0,751,1239,1456,1676
5783,106378700,0,0,718,1211,1454,1691
5784,106388700,0,0,692,1180,1458,1705
5785,106398700,0,0,638,1147,1456,782
5786,106408700,0,0,596,1125,1457,0
5787,106418700,0,0,547,1097,1450,0
5788,106428700,0,0,497,1053,1439,0
5789,106438700,0,0,458,1008,1451,0
5790,106448700,0,0,426,969,1435,0
5791,106458700,0,0,408,924,1359,1787
5792,106468700,0,0,391,904,1258,1790
5793,106478700,0,0,389,886,1155,1789
5794,106488700,0,0,385,864,1039,1784
5795,106498700,0,0,372,791,814,1740
5796,106508700,0,0,382,781,717,1742
5797,106518700,0,0,382,750,545,1709
5798,106528700,0,0,386,728,397,1653
5799,106538700,0,0,377,701,266,1584
5800,106548700,0,0,359,665,151,1488
5801,106558700,0,0,346,623,54,1401
5802,106568700,0,0,329,594,0,0
5803,106578700,0,0,323,548,0,1208
5804,106588700,0,0,311,508,0,1109
5805,106598700,0,0,299,459,0,968
5806,106608700,0,0,295,397,0,809
5807,106618700,0,0,284,351,0,612
5808,106628700,0,0,266,300,0,328
5809,106638700,0,0,246,248,0,44
5810,106648700,0,0,210,170,0,0
5811,106658700,0,0,170,119,0,0
5812,106668700,0,0,156,100,0,0
5813,106678700,0,0,143,85,0,0
5814,106688700,0,0,131,84,0,0
5815,106698700,0,0,103,38,0,0
5816,106708700,0,0,106,71,0,0
5817,106718700,0,0,103,63,0,0
5818,106728700,0,0,105,62,0,0
5819,106738700,0,0,105,60,0,0
5820,106748700,0,0,106,63,0,0
5821,106758700,0,0,101,46,0,0
5822,106768700,0,0,109,72,0,0
5823,106778700,0,0,107,71,0,0
5824,106788700,0,0,105,72,0,0
5825,106798700,0,0,105,68,0,0
5826,106808700,0,0,105,71,0,0
5827,106818700,0,0,100,73,0,0
5828,106828700,0,0,92,51,0,0
5829,106838700,0,0,96,74,0,0
5830,106848700,0,0,93,73,0,0
5831,106858700,0,0,91,73,0,0
5832,106868700,0,0,86,75,0,0
5833,106878700,0,0,78,70,0,0
5834,106888700,0,0,72,65,0,0
5835,106898700,0,0,67,62,0,0
5836,106908700,0,0,58,61,0,0
5837,106918700,0,0,52,60,0,0
5838,106928700,0,0,53,64,0,0
5839,106938700,0,0,52,69,0,0
5840,106948700,0,0,50,70,0,0
5841,106958700,0,0,46,72,0,0
5842,106968700,0,0,46,71,0,0
5843,106978700,0,0,43,68,0,0
5844,106988700,0,0,40,68,0,0
5845,106998700,0,0,43,64,0,0
5846,107008700,0,0,41,61,0,0
5847,107018700,0,0,42,66,0,0
5848,107028700,0,0,37,60,0,0
5849,107038700,0,0,31,49,0,0
5850,107048700,0,0,39,50,0,0
5851,107058700,0,0,34,36,0,0
5852,107068700,0,0,39,27,0,0
5853,107078700,0,15,44,18,0,0
5854,107088700,0,75,59,11,0,0
5855,107098700,0,0,58,2,0,0
5856,107108700,34,0,71,0,0,0
5857,107118700,94,0,72,0,0,0
5858,107128700,181,557,71,0,0,0
5859,107138700,323,686,74,0,0,0
5860,107148700,497,824,85,0,0,0
5861,107158700,660,932,91,0,0,0
5862,107168700,799,1013,106,2,0,0
5863,107178700,894,1091,113,17,0,0
5864,107188700,976,1145,127,28,0,0
5865,107198700,1020,1187,149,37,0,0
5866,107208700,1054,1215,171,52,0,0
5867,107218700,1001,1205,182,72,0,0
5868,107228700,1108,1260,216,84,0,0
5869,107238700,1129,1288,259,97,0,0
5870,107248700,1159,1313,295,118,0,0
5871,107258700,1190,1334,331,142,0,0
5872,107268700,1227,1368,353,159,0,0
5873,107278700,1254,1316,370,150,0,0
5874,107288700,1290,1434,405,214,0,0
5875,107298700,1321,1461,422,232,0,0
5876,107308700,1354,1484,439,249,0,0
5877,107318700,1379,1502,471,272,0,0
5878,107328700,1397,1518,500,291,0,5
5879,107338700,1412,1534,525,312,0,22
5880,107348700,1344,1481,516,293,0,35
5881,107358700,1435,1555,564,358,0,44
5882,107368700,1443,1561,581,392,0,53
5883,107378700,1446,1564,601,413,0,85
5884,107388700,1448,1566,629,440,0,111
5885,107398700,1448,1566,660,472,0,150
5886,107408700,1450,1567,687,513,0,185
5887,107418700,1450,1569,716,540,0,207
5888,107428700,1451,1569,737,567,0,236
5889,107438700,1451,1569,757,597,0,264
5890,107448700,1453,1568,765,605,0,293
5891,107458700,1454,1568,781,621,0,313
5892,107468700,1454,1565,802,636,0,339
5893,107478700,1448,1561,800,619,0,333
5894,107488700,1451,1563,841,685,0,372
5895,107498700,1448,1559,857,703,0,398
5896,107508700,1447,1556,870,722,0,409
5897,107518700,1446,1554,884,742,0,422
5898,107528700,1444,1551,894,762,0,437
5899,107538700,1442,1547,909,777,0,440
5900,107548700,1436,1542,923,790,0,461
5901,107558700,1429,1528,937,803,3,481
5902,107568700,1419,1516,952,823,9,503
5903,107578700,1403,1506,966,843,31,530
5904,107588700,1390,1494,977,859,48,551
5905,107598700,1376,1484,989,877,59,566
5906,107608700,1263,1440,931,885,71,582
5907,107618700,1352,1459,1011,907,84,591
5908,107628700,1338,1450,1018,919,94,597
5909,107638700,1326,1440,1031,922,106,607
5910,107648700,1317,1432,1040,941,117,0
5911,107658700,1302,1417,1051,956,136,0
5912,107668700,1288,1398,1060,972,153,0
5913,107678700,1172,1351,994,947,153,0
5914,107688700,1253,1371,1073,994,171,0
5915,107698700,1239,1357,1080,1003,181,0
5916,107708700,1230,1342,1086,1013,187,0
5917,107718700,1225,1336,1094,1019,205,0
5918,107728700,1217,1334,1097,1031,213,0
5919,107738700,1217,1330,1093,1041,215,0
5920,107748700,1207,1322,1105,1044,221,0
5921,107758700,1208,1323,1110,1048,224,0
5922,107768700,1212,1323,1109,1051,226,0
5923,107778700,1215,1323,1111,1053,229,0
5924,107788700,1213,1323,1109,1049,233,0
5925,107798700,1216,1322,1110,1055,244,0
5926,107808701,1215,1321,1112,1054,252,0
5927,107818700,1213,1317,1112,1058,265,0
5928,107828700,1209,1312,1113,1061,284,0
5929,107838700,1204,1302,1117,1064,288,0
5930,107848700,1195,1297,1117,1066,299,0
5931,107858700,1186,1288,1119,1067,318,0
5932,107868700,1176,1201,1101,984,324,0
5933,107878700,1163,1267,1122,1074,353,0
5934,107888700,1156,0,1126,1080,375,0
5935,107898700,1135,0,1128,1084,395,0
5936,107908700,1116,0,1133,1090,412,0
5937,107918700,1098,0,1136,1094,439,0
5938,107928700,1071,0,1141,1100,459,0
5939,107938700,1044,0,1141,1109,478,0
5940,107948700,1016,0,1144,1114,496,0
5941,107958700,997,0,1146,1123,517,0
5942,107968700,976,0,1148,1129,531,0
5943,107978700,943,0,1153,1138,554,0
5944,107988700,910,0,1159,1146,576,0
5945,107998700,868,0,1161,1159,597,0
5946,108008700,812,0,1163,1166,622,0
5947,108018700,752,0,1166,1178,654,0
5948,108028700,683,0,1169,1191,693,0
5949,108038700,615,0,1175,1197,718,0
5950,108048700,551,0,1176,1210,746,0
5951,108058700,459,0,1180,1220,779,0
5952,108068700,379,0,1162,1135,787,0
5953,108078700,288,0,1183,1243,849,0
5954,108088700,200,0,1183,1249,885,0
5955,108098700,92,0,1180,1257,928,0
5956,108108700,28,0,1177,1262,977,0
5957,108118700,4,0,1172,1269,1012,0
5958,108128700,0,0,1161,1272,1051,0
5959,108138700,0,0,1144,1280,1082,0
5960,108148700,0,0,1122,1284,1127,0
5961,108158700,0,0,1097,1281,1166,0
5962,108168700,0,0,1055,1289,1193,0
5963,108178700,0,0,999,1273,1212,0
5964,108188700,0,0,940,1264,1230,0
5965,108198700,0,0,903,1239,1240,0
5966,108208700,0,0,829,1225,1253,0
5967,108218700,0,0,772,1194,1256,0
5968,108228700,0,0,729,1157,1252,1279
5969,108238700,0,0,667,1120,1239,1484
5970,108248700,0,0,613,1089,1209,1508
5971,108258700,0,0,559,1049,1172,1532
5972,108268700,0,0,502,993,1110,1557
5973,108278700,0,0,459,940,1031,1579
5974,108288700,0,0,433,902,946,1584
5975,108298700,0,0,405,854,801,1581
5976,108308700,0,0,373,781,632,1571
5977,108318700,0,0,347,731,457,1551
5978,108328700,0,0,330,666,341,1505
5979,108338700,0,0,311,612,221,1417
5980,108348700,0,0,292,573,125,825
5981,108358700,0,0,273,526,55,1241
5982,108368700,0,0,248,475,0,1134
5983,108378700,0,0,234,430,0,1021
5984,108388700,0,0,219,388,0,889
5985,108398700,0,0,205,348,0,729
5986,108408700,0,0,200,318,0,550
5987,108418700,0,0,190,284,0,311
5988,108428700,0,0,172,240,0,66
5989,108438700,0,0,152,178,0,0
5990,108448700,0,0,135,137,0,0
5991,108458700,0,0,133,122,0,0
5992,108468700,0,0,122,106,0,0
5993,108478700,0,0,113,101,0,0
5994,108488700,2,0,105,89,0,0
5995,108498700,0,0,94,86,0,0
5996,108508700,0,0,94,85,0,0
5997,108518700,0,0,91,77,0,0
5998,108528700,0,0,91,78,0,0
5999,108538700,0,0,98,83,0,0
6000,108548700,0,0,101,90,0,0
6001,108558700,0,0,106,99,0,0
6002,108568700,0,0,112,103,0,0
6003,108578700,0,0,120,106,0,0
6004,108588701,0,0,122,109,0,0
6005,108598700,0,0,130,113,0,0
6006,108608700,0,0,133,116,0,0
6007,108618700,0,0,135,116,0,0
6008,108628700,0,0,132,116,0,0
6009,108638700,0,0,131,115,0,0
6010,108648700,0,0,128,116,1,0
6011,108658700,0,0,123,115,0,0
6012,108668700,0,0,117,111,0,0
6013,108678700,0,0,117,109,0,0
6014,108688700,0,0,110,107,0,0
6015,108698700,0,0,112,108,0,0
6016,108708700,0,0,109,110,0,0
6017,108718700,0,0,118,113,0,0
6018,108728700,0,0,117,111,0,0
6019,108738700,0,0,118,109,0,0
6020,108748700,0,0,116,111,0,0
6021,108758700,0,0,117,105,0,0
6022,108768700,0,0,112,100,0,0
6023,108778700,0,0,91,66,0,0
6024,108788700,0,0,105,92,0,0
6025,108798700,0,0,101,87,0,0
6026,108808700,0,0,93,80,0,0
6027,108818700,0,0,88,65,0,0
6028,108828700,0,0,81,52,0,0
6029,108838700,0,7,67,33,0,0
6030,108848700,0,62,65,11,0,0
6031,108858700,46,0,74,2,0,0
6032,108868700,169,414,81,4,0,0
6033,108878700,380,659,78,0,0,0
6034,108888700,614,826,75,0,0,0
6035,108898700,802,977,71,0,0,0
6036,108908700,967,1098,71,0,0,0
6037,108918700,1088,1192,74,0,0,0
6038,108928700,1164,1251,92,0,0,0
6039,108938700,1204,1271,109,6,0,0
6040,108948700,1225,1296,123,27,0,0
6041,108958700,1232,1302,158,47,0,0
6042,108968700,1227,1301,189,62,0,0
6043,108978700,1220,1300,233,93,0,0
6044,108988700,1224,1303,285,146,0,0
6045,108998700,1230,1306,344,195,0,0
6046,109008700,1239,1313,378,237,0,0
6047,109018700,1251,1320,424,282,0,36
6048,109028700,1267,1326,472,320,0,88
6049,109038700,1273,1336,527,372,0,138
6050,109048700,1288,1261,554,367,0,173
6051,109058700,1299,1351,601,464,0,255
6052,109068700,1303,1351,644,505,0,296
6053,109078700,1308,1351,678,554,0,330
6054,109088700,1308,1352,712,583,0,363
6055,109098700,1308,1340,741,622,0,404
6056,109108700,1306,1331,765,654,0,444
6057,109118700,1306,1321,797,684,0,489
6058,109128700,1306,1313,824,714,0,527
6059,109138700,1305,1317,846,741,0,546
6060,109148700,1307,1311,868,754,0,572
6061,109158700,1309,1316,884,780,4,597
6062,109168700,1309,1312,900,794,18,617
6063,109178700,1314,1310,911,811,32,634
6064,109188700,1318,1313,926,826,47,651
6065,109198700,1323,1315,945,842,62,670
6066,109208700,1318,1316,954,852,84,683
6067,109218700,1320,1317,959,866,105,702
6068,109228700,1317,1310,968,878,126,716
6069,109238700,1315,1311,979,895,149,739
6070,109248700,1311,1305,986,916,166,749
6071,109258700,1308,1304,996,921,181,766
6072,109268700,1306,1300,1007,933,195,783
6073,109278700,1300,1291,1014,944,205,788
6074,109288700,1296,1289,1032,955,218,797
6075,109298700,1292,1288,1038,961,230,800
6076,109308700,1290,1290,1044,967,230,800
6077,109318700,1286,1284,1052,973,238,808
6078,109328700,1285,1285,1057,979,248,808
6079,109338700,1280,1285,1059,986,246,810
6080,109348700,1276,1288,1066,993,269,807
6081,109358700,1271,1284,1071,1000,263,804
6082,109368700,1266,1286,1077,1002,267,775
6083,109378700,1262,1282,1079,1014,268,800
6084,109388700,1257,1281,1082,1020,261,798
6085,109398700,1253,1274,1090,1033,260,797
6086,109408700,1249,1281,1095,1041,262,798
6087,109418700,1244,1280,1099,1048,263,801
6088,109428700,1238,1279,1109,1053,263,802
6089,109438700,1236,1197,1095,974,253,0
6090,109448700,1233,1272,1119,1071,270,0
6091,109458700,1226,1274,1125,1076,271,0
6092,109468700,1228,1272,1129,1084,271,0
6093,109478700,1226,1270,1134,1094,280,0
6094,109488700,1224,1268,1140,1099,284,0
6095,109498700,1227,1268,1146,1103,291,0
6096,109508700,1224,1186,1133,1021,283,0
6097,109518700,1218,1263,1158,1113,304,0
6098,109528700,1208,1260,1162,1124,311,0
6099,109538700,1205,1258,1165,1125,323,0
6100,109548700,1205,1255,1170,1130,328,0
6101,109558700,1201,1254,1173,1134,329,0
6102,109568700,1196,1251,1151,1073,310,0
6103,109578700,1199,1250,1178,1142,340,0
6104,109588700,1199,1249,1180,1144,342,0
6105,109598700,1199,1250,1181,1146,338,0
6106,109608700,1199,1249,1182,1148,331,0
6107,109618700,1198,1249,1183,1151,327,0
6108,109628700,1197,1247,1182,1152,320,0
6109,109638700,1115,1223,1187,1158,309,0
6110,109648700,1194,1244,1186,1160,297,0
6111,109658700,1192,1242,1188,1161,286,0
6112,109668700,1190,1242,1188,1161,283,0
6113,109678700,1189,1240,1187,1162,272,0
6114,109688700,1188,1239,1188,1162,253,0
6115,109698700,1187,1237,1187,1162,249,0
6116,109708700,1102,1208,1188,1163,250,0
6117,109718700,1181,1228,1188,1163,268,0
6118,109728700,1178,1224,1187,1163,272,0
6119,109738700,1175,1213,1186,1162,290,0
