seq,ts_us,s0,s1,s2,s3,s4,s5
120,43803651,939,1172,3,0,0,0
121,43813651,990,1210,7,8,0,0
122,43823651,1045,1249,16,16,1,0
123,43833651,1091,1285,31,26,0,0
124,43843651,1126,1320,57,42,0,0
125,43853651,1149,1341,74,50,0,0
126,43863651,1173,1375,91,82,0,0
127,43873651,1194,1396,102,91,0,0
128,43883651,1214,1418,119,115,0,0
129,43893651,1238,1433,137,135,0,0
130,43903651,1257,1447,154,147,0,18
131,43913651,1275,1465,168,167,0,35
132,43923652,1299,1489,191,188,0,54
133,43933651,1317,1499,219,202,0,78
134,43943651,1335,1517,238,222,0,97
135,43953651,1357,1534,261,232,0,106
136,43963651,1372,1550,273,245,0,117
137,43973651,1386,1560,294,265,0,125
138,43983651,1402,1574,310,274,0,137
139,43993651,1418,1584,333,301,0,146
140,44003651,1433,1593,354,316,0,151
141,44013651,1444,1607,373,338,0,150
142,44023651,1451,1614,395,354,0,154
143,44033651,1461,1622,411,364,0,164
144,44043651,1469,1627,429,378,0,166
145,44053651,1483,1638,444,391,0,129
146,44063651,1492,1646,454,407,0,172
147,44073651,1496,1650,469,423,0,183
148,44083651,1501,1652,478,431,0,205
149,44093651,1504,1655,491,455,0,228
150,44103651,1507,1658,515,473,0,249
151,44113651,1509,1659,539,499,0,267
152,44123651,1512,1661,556,533,0,283
153,44133651,1512,1662,579,553,0,306
154,44143651,1516,1664,600,580,0,324
155,44153651,1515,1663,621,601,0,331
156,44163651,1515,1663,641,625,0,344
157,44173651,1516,1664,663,648,0,354
158,44183651,1516,1666,678,667,0,366
159,44193651,1515,1660,709,680,0,378
160,44203651,1511,1658,730,697,0,399
161,44213651,1506,1657,739,728,0,404
162,44223651,1501,1653,758,743,0,412
163,44233651,1494,1650,776,759,0,406
164,44243651,1486,1645,789,783,0,352
165,44253651,1481,1641,799,797,0,408
166,44263651,1471,1635,816,815,0,411
167,44273651,1462,1627,829,834,0,417
168,44283651,1452,1622,842,848,0,424
169,44293651,1444,1614,855,865,0,425
170,44303651,1433,1608,869,876,0,419
171,44313651,1426,1599,881,886,0,404
172,44323651,1416,1594,887,895,1,364
173,44333651,1406,1593,896,906,0,333
174,44343651,1403,1583,903,915,0,296
175,44353651,1399,1576,909,922,0,257
176,44363651,1392,1572,915,924,1,240
177,44373651,1386,1564,920,932,5,239
178,44383651,1384,1559,923,938,14,237
179,44393651,1380,1554,919,936,16,233
180,44403651,1378,1547,913,928,16,243
181,44413651,1379,1542,902,921,19,232
182,44423651,1380,1533,885,916,23,210
183,44433651,1385,1533,0,918,31,191
184,44443651,1382,1528,0,921,42,170
185,44453651,1378,1513,0,925,55,163
186,44463651,1369,1509,0,931,59,171
187,44473651,1360,1498,0,934,85,180
188,44483651,1352,1490,0,939,99,196
189,44493651,1347,1482,0,941,106,215
190,44503651,1262,1483,0,947,108,243
191,44513651,1335,1471,0,950,123,261
192,44523651,1328,1462,0,951,138,279
193,44533651,1322,1451,0,953,159,317
194,44543651,1319,1443,0,959,170,359
195,44553651,1310,1434,0,965,199,404
196,44563651,1303,1422,0,966,229,445
197,44573651,1292,1412,0,969,250,499
198,44583651,1282,1400,0,972,277,549
199,44593651,1272,1386,0,977,289,589
200,44603651,1262,1374,0,982,308,629
201,44613651,1258,1365,0,984,324,659
202,44623651,1247,1352,0,986,344,687
203,44633651,1242,1334,0,989,356,716
204,44643651,1227,1325,0,994,379,742
205,44653651,1213,1310,0,1002,396,764
206,44663651,1202,1299,0,1003,424,793
207,44673651,1185,1282,0,1009,439,826
208,44683651,1171,1265,0,1014,476,876
209,44693651,1144,1245,0,1004,462,893
210,44703651,1125,1220,0,1025,561,990
211,44713651,1093,1193,0,1034,596,1045
212,44723651,1058,1167,0,1038,623,1086
213,44733651,1013,1126,0,1045,647,1124
214,44743651,959,1088,0,1046,696,1170
215,44753651,906,1032,0,1046,735,1232
216,44763651,843,969,0,1053,788,1271
217,44773651,776,899,0,1062,835,1305
218,44783651,694,820,0,1064,888,1334
219,44793651,585,747,0,1066,936,1377
220,44803651,473,670,0,1069,983,1413
221,44813651,356,539,0,1074,1020,1450
222,44823651,217,397,0,1031,994,1399
223,44833651,92,278,0,1069,1075,1511
224,44843651,4,185,0,1067,1094,1541
225,44853651,0,93,0,1058,1108,1570
226,44863651,0,28,0,1044,1116,1606
227,44873651,0,0,563,1027,1126,1630
228,44883651,0,0,562,1002,1125,1650
229,44893651,0,0,518,979,1126,1675
230,44903651,0,0,458,952,1118,1692
231,44913651,0,0,412,919,1076,1707
232,44923651,0,0,363,878,1015,1720
233,44933651,0,0,297,836,935,1736
234,44943651,0,0,268,780,832,1750
235,44953651,0,0,243,696,683,1667
236,44963651,0,0,216,692,611,1761
237,44973651,0,0,215,674,471,1758
238,44983651,0,0,202,643,302,1751
239,44993651,0,0,189,612,199,1737
240,45003651,0,0,173,599,100,1708
241,45013651,0,0,180,598,23,1673
242,45023651,0,0,174,584,0,1622
243,45033651,0,0,179,568,0,1560
244,45043651,0,0,184,286,0,1497
245,45053651,0,0,192,495,0,1433
246,45063651,0,0,195,468,0,1362
247,45073651,0,0,180,429,0,1277
248,45083651,0,0,140,359,0,1177
249,45093651,0,0,152,344,0,1088
250,45103651,0,0,135,304,0,990
251,45113651,0,0,118,278,0,885
252,45123651,0,21,95,217,0,756
253,45133651,0,54,73,153,0,570
254,45143651,0,51,44,94,0,553
255,45153651,0,46,36,96,0,583
256,45163651,0,34,28,88,0,580
257,45173651,0,25,25,85,0,540
258,45183651,0,21,21,73,0,491
259,45193651,0,19,13,72,0,466
260,45203651,0,20,10,66,0,456
261,45213651,0,20,8,62,0,466
262,45223651,0,23,8,58,0,489
263,45233651,0,27,8,58,0,512
264,45243651,0,29,7,60,0,532
265,45253651,0,27,9,59,0,541
266,45263651,0,24,8,57,0,552
267,45273651,0,21,11,60,0,559
268,45283651,0,14,11,59,0,573
269,45293651,0,11,10,57,0,587
270,45303651,0,8,8,55,0,595
271,45313651,0,8,11,55,0,601
272,45323651,0,3,6,52,0,611
273,45333651,0,2,3,42,0,616
274,45343651,0,1,0,33,0,626
275,45353651,0,1,0,28,0,639
276,45363651,0,2,0,24,0,649
277,45373651,0,3,0,21,0,654
278,45383651,0,6,0,21,0,664
279,45393651,0,3,0,22,0,667
280,45403651,0,1,0,21,0,663
281,45413651,0,0,0,15,0,611
282,45423651,0,2,0,19,0,625
283,45433651,0,0,0,15,0,613
284,45443651,0,0,0,11,0,600
285,45453651,0,0,0,10,0,589
286,45463651,0,1,0,13,3,572
287,45473651,0,0,0,12,0,545
288,45483651,0,0,0,11,0,487
289,45493651,0,0,0,16,0,441
290,45503651,0,0,0,6,0,396
291,45513651,0,0,0,6,0,338
292,45523651,0,0,0,4,0,299
293,45533651,0,0,0,6,0,267
294,45543651,0,0,0,8,0,220
295,45553651,0,0,0,11,0,188
296,45563651,0,100,0,5,0,109
297,45573651,54,233,0,4,0,0
298,45583651,159,445,0,0,0,0
299,45593651,368,665,0,0,0,0
300,45603651,618,862,0,0,0,0
301,45613651,764,973,0,0,0,0
302,45623651,876,1055,0,0,0,0
303,45633651,949,1115,0,0,0,0
304,45643651,1014,1160,0,0,0,0
305,45653651,1063,1188,0,0,0,0
306,45663651,1089,1209,6,0,0,0
307,45673651,1109,1225,20,6,0,0
308,45683651,1127,1241,27,18,0,0
309,45693651,1142,1249,43,36,0,0
310,45703651,1158,1269,59,55,0,0
311,45713651,1172,1287,96,81,0,0
312,45723651,1185,1305,112,103,0,0
313,45733651,1196,1317,130,128,0,0
314,45743651,1212,1334,157,151,0,15
315,45753651,1232,1347,180,157,0,27
316,45763651,1252,1365,202,200,0,57
317,45773651,1269,1383,224,219,0,99
318,45783651,1285,1391,245,234,0,135
319,45793651,1299,1408,273,243,0,164
320,45803651,1312,1420,281,267,0,187
321,45813651,1324,1435,298,297,0,216
322,45823651,1338,1447,273,308,0,212
323,45833651,1356,1461,344,345,0,251
324,45843651,1367,1473,363,373,0,277
325,45853651,1375,1484,381,399,0,292
326,45863651,1384,1492,404,425,0,312
327,45873651,1401,1499,439,457,0,340
328,45883651,1397,1507,460,489,0,364
329,45893651,1402,1511,488,524,0,401
330,45903651,1406,1518,517,551,0,442
331,45913651,1415,1516,547,581,0,475
332,45923651,1419,1523,569,610,0,495
333,45933651,1422,1523,588,631,0,519
334,45943651,1427,1521,604,652,1,532
335,45953651,1389,1403,604,667,11,541
336,45963651,1434,1532,633,677,19,551
337,45973651,1437,1536,646,689,25,564
338,45983651,1436,1541,656,695,31,566
339,45993651,1447,1546,664,707,42,579
340,46003651,1447,1548,674,715,46,591
341,46013651,1451,1552,681,721,53,594
342,46023652,1456,1552,690,728,55,603
343,46033651,1459,1552,693,729,62,608
344,46043651,1460,1554,703,732,77,617
345,46053651,1461,1554,695,733,87,624
346,46063651,1461,1555,706,732,90,627
347,46073651,1461,1554,705,736,101,638
348,46083651,1463,1555,705,734,104,645
349,46093651,1458,1551,706,731,116,662
350,46103651,1457,1548,705,732,115,675
351,46113651,1455,1545,707,732,135,686
352,46123651,1453,1546,702,730,139,699
353,46133651,1454,1538,701,730,152,718
354,46143651,1454,1535,657,730,153,731
355,46153651,1371,1535,0,734,159,750
356,46163651,1453,1533,0,737,174,761
357,46173651,1453,1534,0,739,173,776
358,46183651,1461,1530,0,740,174,800
359,46193651,1454,1526,0,742,181,805
360,46203651,1449,1528,0,745,183,824
361,46213651,1454,1526,0,749,187,0
362,46223651,1449,1525,0,756,210,0
363,46233651,1447,1521,0,758,211,0
364,46243651,1446,1511,0,762,228,0
365,46253651,1446,1516,0,768,231,0
366,46263651,1443,1513,0,772,239,0
367,46273651,1441,1513,0,778,252,0
368,46283651,1439,1511,0,782,265,0
369,46293651,1431,1511,0,791,272,0
370,46303651,1433,1509,0,796,283,0
371,46313651,1429,1502,0,805,297,0
372,46323651,1428,1491,0,811,315,0
373,46333651,1418,1485,0,819,336,0
374,46343651,1413,1477,0,823,352,0
375,46353651,1399,1469,0,816,323,0
376,46363651,1398,1466,0,834,378,0
377,46373651,1395,1461,0,843,400,0
378,46383651,1388,1455,0,851,414,0
379,46393651,1382,1449,0,858,423,0
380,46403651,1374,1440,0,866,429,0
381,46413651,1368,1431,0,869,438,0
382,46423651,1339,1319,0,821,449,0
383,46433651,1354,1409,0,882,470,0
384,46443651,1338,1398,0,890,487,0
385,46453651,1329,1388,0,895,505,0
386,46463651,1318,1372,0,903,515,0
387,46473651,1303,1356,0,908,539,1136
388,46483651,1292,1337,0,916,558,1179
389,46493651,1269,1322,0,919,586,1209
390,46503651,1255,1301,0,923,596,1225
391,46513651,1234,1275,0,933,618,1246
392,46523651,1211,1252,0,940,627,1259
393,46533651,1191,1228,0,947,638,1279
394,46543651,1164,1201,0,961,638,1292
395,46553651,1128,1173,0,973,638,1309
396,46563651,1082,1126,0,983,646,1322
397,46573651,1021,1079,0,994,646,1329
398,46583651,965,1034,0,1005,661,1340
399,46593651,886,959,0,1012,663,1357
400,46603651,814,881,0,1019,667,1373
401,46613651,736,813,0,1021,672,1387
402,46623651,634,736,0,1034,666,1403
403,46633651,526,665,0,1036,651,1416
404,46643651,408,578,0,1040,638,1426
405,46653651,282,471,0,1036,614,1446
406,46663651,169,374,0,1040,576,1449
407,46673651,91,254,0,1037,560,1453
408,46683651,18,158,0,1037,536,1467
409,46693651,0,105,0,1033,502,1468
410,46703651,0,45,0,1023,466,1466
411,46713651,0,0,0,1016,428,1473
412,46723651,0,0,0,1001,390,1480
413,46733651,0,0,0,977,316,1485
414,46743651,0,0,0,947,231,1489
415,46753651,0,0,439,913,136,1440
416,46763651,0,0,423,757,59,1306
417,46773651,0,0,407,804,2,1325
418,46783651,0,0,407,764,0,1226
419,46793651,0,0,399,722,0,1307
420,46803651,0,0,373,677,0,1232
421,46813651,0,0,358,619,0,1135
422,46823651,0,0,332,571,0,1067
423,46833651,0,0,316,506,0,988
424,46843651,0,0,299,463,0,886
425,46853651,0,0,263,407,0,761
426,46863651,0,8,223,357,0,643
427,46873651,0,31,203,299,0,507
428,46883651,0,43,168,223,0,323
429,46893651,0,51,136,183,0,297
430,46903651,0,45,124,170,0,310
431,46913651,0,31,119,157,0,302
432,46923651,0,24,108,155,0,265
433,46933651,0,22,102,152,0,214
434,46943651,0,19,96,150,0,171
435,46953651,0,15,97,140,0,116
436,46963651,0,10,97,140,0,89
437,46973651,0,4,97,144,0,55
438,46983651,0,0,100,150,0,47
439,46993651,0,0,103,150,0,40
440,47003651,0,0,107,156,0,37
441,47013651,0,0,109,163,0,38
442,47023651,0,0,113,165,0,36
443,47033651,0,0,105,164,0,41
444,47043651,0,0,102,160,0,45
445,47053651,0,0,85,153,3,44
446,47063651,0,0,78,142,0,46
447,47073651,0,0,65,119,0,55
448,47083651,0,0,52,107,0,57
449,47093651,0,0,44,92,0,68
450,47103651,0,0,25,85,0,57
451,47113651,0,0,15,73,0,44
452,47123651,0,0,8,64,0,32
453,47133651,0,0,0,34,0,24
454,47143651,0,0,0,56,0,20
455,47153651,0,0,0,55,0,17
456,47163651,0,0,0,55,0,12
457,47173651,0,0,0,58,0,13
458,47183651,0,0,0,60,0,11
459,47193651,0,0,0,58,0,1
460,47203651,0,0,0,57,0,0
461,47213651,0,0,0,59,0,0
462,47223651,2,0,0,64,0,0
463,47233651,0,0,0,63,0,0
464,47243651,0,2,0,68,0,0
465,47253651,0,0,0,62,0,0
466,47263651,0,0,0,50,0,0
467,47273651,0,0,0,64,0,0
468,47283651,0,0,0,60,0,0
469,47293651,0,42,3,61,0,0
470,47303651,19,149,6,36,0,0
471,47313651,92,302,11,29,0,0
472,47323651,266,533,22,10,0,0
473,47333651,596,855,23,0,0,0
474,47343651,873,1084,27,0,0,0
475,47353651,1034,1212,25,0,0,0
476,47363651,1133,1305,21,0,0,0
477,47373651,1231,1369,29,0,0,0
478,47383651,1276,1417,45,2,0,0
479,47393651,1300,1438,64,13,0,0
480,47403651,1307,1449,74,27,0,0
481,47413651,1307,1449,98,40,0,0
482,47423651,1306,1453,116,74,0,0
483,47433651,1308,1463,156,111,0,0
484,47443651,1318,1468,194,154,0,0
485,47453651,1316,1480,245,214,0,0
486,47463651,1321,1381,252,222,0,0
487,47473651,1352,1495,299,284,0,0
488,47483651,1362,1499,331,342,0,41
489,47493651,1365,1501,370,380,0,102
490,47503651,1372,1504,412,436,0,157
491,47513651,1370,1506,455,466,0,221
492,47523651,1371,1503,481,505,0,277
493,47533651,1371,1502,498,543,0,337
494,47543651,1369,1500,504,564,0,372
495,47553651,1371,1503,0,588,0,438
496,47563651,1375,1499,0,605,0,497
497,47573651,1380,1501,0,616,3,540
498,47583651,1384,1501,0,621,30,586
499,47593651,1391,1499,0,635,54,632
500,47603651,1394,1503,0,649,81,674
501,47613651,1397,1502,0,660,112,705
502,47623651,1393,1501,0,676,152,739
503,47633651,1395,1498,0,684,176,783
504,47643651,1391,1493,0,697,213,818
505,47653651,1386,1488,0,709,238,778
506,47663651,1384,1481,0,724,272,890
507,47673651,1381,1472,0,732,290,913
508,47683651,1377,1465,0,743,315,933
509,47693651,1369,1453,0,758,348,959
510,47703651,1365,1447,0,765,390,997
511,47713651,1362,1438,0,782,406,939
512,47723651,1354,1430,0,796,427,1043
513,47733651,1348,1421,0,804,458,1055
514,47743651,1338,1409,0,811,483,1074
515,47753651,1325,1396,0,821,505,1085
516,47763651,1313,1381,0,831,544,1103
517,47773651,1299,1366,0,842,558,1118
518,47783651,1289,1353,0,848,589,1131
519,47793651,1273,1338,0,857,614,1145
520,47803651,1262,1326,0,863,636,1160
521,47813651,1254,1314,0,869,664,1173
522,47823651,1240,1301,0,873,689,1178
523,47833651,1221,1288,0,883,698,1196
524,47843651,1206,1273,0,893,727,1207
525,47853651,1197,1260,0,903,738,1224
526,47863651,1189,1244,0,909,755,1237
527,47873651,1176,1235,0,920,780,1251
528,47883651,1165,1224,0,928,797,1258
529,47893651,1157,1210,0,936,813,1269
530,47903651,1144,1201,0,945,826,1286
531,47913651,1132,1187,0,952,846,1302
532,47923651,1122,1172,0,956,856,1310
533,47933651,1112,1163,0,967,874,1317
534,47943651,1098,1147,0,971,888,1326
535,47953651,1082,1134,0,979,901,1336
536,47963651,1070,1125,0,986,916,1345
537,47973651,1057,1117,0,990,927,1356
538,47983651,1046,1105,0,994,942,1366
539,47993651,1035,1098,0,1002,961,1372
540,48003651,1019,1087,0,1012,971,1380
541,48013651,1010,1072,0,1016,984,1387
542,48023651,994,1063,0,1024,991,1399
543,48033651,975,1044,0,1032,1005,1404
544,48043651,951,1025,0,1040,1016,1421
545,48053651,925,1006,0,1047,1035,1431
546,48063651,899,984,0,1054,1050,1445
547,48073651,875,957,0,1060,1069,1454
548,48083651,847,936,0,1066,1083,1465
549,48093651,821,904,0,1073,1102,1480
550,48103651,758,828,0,1045,1011,1483
551,48113651,745,847,0,1083,1139,1506
552,48123651,701,812,0,1090,1162,1517
553,48133651,656,781,0,1097,1179,1522
554,48143651,601,738,0,1101,1195,1532
555,48153651,547,666,0,1111,1211,1556
556,48163651,487,615,0,1112,1234,1565
557,48173651,420,571,0,1118,1249,1575
558,48183651,363,524,0,1123,1265,1586
559,48193651,301,474,0,1127,1275,1594
560,48203651,232,413,0,1132,1287,1611
561,48213651,154,358,0,1139,1292,1599
562,48223651,91,286,0,1143,1298,0
563,48233651,37,226,777,1145,1298,0
564,48243651,0,169,806,1147,1291,0
565,48253651,0,102,811,1138,1274,0
566,48263651,0,50,0,1131,1252,0
567,48273651,0,6,0,1125,1210,1653
568,48283651,0,0,0,1110,1165,1651
569,48293651,0,0,0,1097,1097,1650
570,48303651,0,0,0,1077,1027,1654
571,48313651,0,0,421,1056,951,1653
572,48323651,0,0,503,1039,880,1647
573,48333651,0,0,478,1018,781,1643
574,48343651,0,0,459,991,697,1642
575,48353651,0,0,422,970,588,1635
576,48363651,0,0,394,948,487,1625
577,48373651,0,0,376,917,364,1611
578,48383651,0,0,357,888,246,1581
579,48393651,0,0,357,867,121,1538
580,48403651,0,0,362,849,27,1487
581,48413651,0,0,361,821,0,1431
582,48423651,0,0,345,784,0,1365
583,48433651,0,0,295,714,0,1257
584,48443651,0,0,315,710,0,1190
585,48453651,0,0,296,661,0,1099
586,48463651,0,0,287,627,0,1020
587,48473651,0,0,274,582,0,940
588,48483651,0,0,264,532,0,833
589,48493651,0,0,253,466,0,702
590,48503651,0,0,226,417,0,562
591,48513651,0,0,185,346,0,392
592,48523651,0,0,153,267,0,236
593,48533651,0,0,109,197,0,216
594,48543651,0,0,85,163,0,247
595,48553651,0,0,79,136,0,255
596,48563651,0,0,61,108,0,244
597,48573651,0,0,58,93,0,207
598,48583651,0,0,52,91,2,169
599,48593651,0,0,51,95,0,122
600,48603651,0,0,53,102,0,95
601,48613651,0,0,55,106,0,101
602,48623651,0,0,61,120,0,84
603,48633651,0,0,63,99,0,67
604,48643651,0,0,67,141,0,46
605,48653651,0,0,74,145,0,42
606,48663651,0,0,84,150,0,40
607,48673651,0,0,85,155,0,50
608,48683651,0,0,86,164,0,54
609,48693651,0,0,88,164,0,57
610,48703651,0,0,81,158,0,63
611,48713651,0,0,63,151,0,70
612,48723651,0,0,47,137,0,75
613,48733651,0,0,26,106,0,57
614,48743651,0,0,18,96,0,54
615,48753651,0,0,12,87,0,46
616,48763651,0,0,3,58,0,34
617,48773651,0,0,2,80,0,22
618,48783651,0,0,1,83,4,23
619,48793651,0,0,1,86,0,27
620,48803651,0,0,3,89,0,39
621,48813651,0,0,2,91,0,59
622,48823651,0,0,0,60,0,71
623,48833651,0,0,0,77,0,75
624,48843651,0,0,0,74,0,73
625,48853651,0,0,0,73,0,78
626,48863651,0,0,0,70,0,79
627,48873651,0,0,0,74,0,75
628,48883651,0,0,0,67,0,46
629,48893651,0,0,0,72,0,57
630,48903651,0,0,0,73,0,52
631,48913651,0,0,0,75,0,48
632,48923651,0,0,0,75,0,46
633,48933651,0,0,0,80,0,39
634,48943651,0,0,0,83,0,34
635,48953651,0,0,0,80,0,31
636,48963651,0,0,0,79,0,22
637,48973651,0,0,0,77,0,20
638,48983651,0,0,0,81,0,17
639,48993651,0,0,0,65,0,11
640,49003651,0,0,0,57,0,3
641,49013651,0,21,0,35,0,0
642,49023651,2,80,0,18,0,0
643,49033651,87,219,0,7,0,0
644,49043651,248,436,0,0,0,0
645,49053651,480,640,2,0,0,0
646,49063651,671,778,0,0,0,0
647,49073651,798,883,0,0,0,0
648,49083651,895,968,0,4,0,0
649,49093651,971,1030,0,0,0,0
650,49103651,1025,1081,5,0,0,0
651,49113651,1065,1121,21,0,0,0
652,49123651,1095,1147,38,5,0,0
653,49133651,1115,1172,53,20,0,0
654,49143651,1132,1187,57,31,0,0
655,49153651,1152,1204,75,44,0,0
656,49163651,1176,1224,90,59,0,0
657,49173651,1194,1240,110,72,0,0
658,49183651,1213,1257,115,87,0,0
659,49193651,1226,1271,144,113,0,0
660,49203651,1247,1292,173,155,0,0
661,49213651,1259,1304,151,161,0,0
662,49223651,1274,1320,222,201,0,0
663,49233651,1292,1333,240,224,0,0
664,49243651,1304,1349,264,249,0,22
665,49253651,1307,1359,282,278,0,56
666,49263651,1325,1371,301,293,0,96
667,49273651,1336,1379,318,315,0,117
668,49283651,1343,1386,337,345,0,148
669,49293651,1352,1396,346,363,0,180
670,49303651,1361,1401,370,387,0,215
671,49313651,1367,1414,398,421,0,255
672,49323651,1372,1420,426,452,0,291
673,49333651,1382,1426,452,475,0,321
674,49343651,1390,1432,476,492,0,349
675,49353651,1401,1439,490,524,0,374
676,49363651,1415,1447,502,546,0,402
677,49373651,1425,1452,0,569,0,424
678,49383651,1432,1461,0,591,0,452
679,49393651,1437,1466,0,613,0,475
680,49403651,1446,1471,0,634,0,503
681,49413651,1451,1473,0,656,0,531
682,49423651,1455,1479,0,668,0,550
683,49433651,1460,1480,0,684,0,563
684,49443651,1464,1485,0,695,0,573
685,49453651,1467,1490,0,713,0,582
686,49463651,1472,1495,0,722,3,586
687,49473651,1475,1499,0,727,8,591
688,49483651,1479,1501,0,734,10,596
689,49493651,1481,1504,0,741,20,602
690,49503651,1484,1506,0,747,24,606
691,49513651,1482,1505,0,758,27,613
692,49523651,1482,1504,0,768,37,617
693,49533651,1479,1500,0,783,47,621
694,49543651,1481,1500,0,790,50,628
695,49553651,1478,1495,0,796,57,636
696,49563651,1472,1493,0,803,59,628
697,49573651,1467,1492,0,813,66,0
698,49583651,1464,1485,0,822,65,0
699,49593651,1459,1480,0,827,75,0
700,49603651,1410,1339,0,845,82,0
701,49613651,1445,1465,0,858,86,0
702,49623651,1436,1456,0,876,91,0
703,49633651,1429,1451,0,889,102,0
704,49643651,1421,1438,0,904,112,0
705,49653651,1411,1431,0,917,122,640
706,49663651,1399,1421,0,932,139,615
707,49673651,1387,1412,0,948,152,642
708,49683651,1376,1399,0,967,166,676
709,49693651,1365,1388,0,982,184,682
710,49703651,1355,1379,0,994,192,751
711,49713651,1342,1368,0,1007,207,743
712,49723651,1329,1356,0,1019,219,785
713,49733651,1312,1339,0,1037,231,843
714,49743651,1298,1325,0,1052,250,876
715,49753651,1279,1311,0,1062,275,893
716,49763651,1259,1290,0,1076,284,919
717,49773651,1240,1273,0,1084,307,950
718,49783651,1218,1256,0,1106,339,979
719,49793651,1198,1237,0,1117,371,1001
720,49803651,1176,1207,0,1130,400,1025
721,49813651,1145,1181,0,1142,421,1056
722,49823651,1127,1159,0,1153,430,1082
723,49833651,1103,1132,0,1165,461,1100
724,49843651,1070,1111,0,1173,472,1126
725,49853651,1030,1083,911,1179,507,1154
726,49863651,990,1056,1042,1190,551,1179
727,49873651,944,1021,964,1182,530,1151
728,49883651,900,998,1063,1209,627,1228
729,49893651,864,969,1077,1223,652,1242
730,49903651,826,931,1083,1233,674,1261
731,49913651,788,888,1094,1239,698,1278
732,49923651,736,856,1101,1248,722,1294
733,49933651,674,817,1107,1256,758,1309
734,49943652,609,779,1109,1262,790,1324
735,49953651,554,742,1117,1271,814,1340
736,49963651,499,702,1122,1276,847,1359
737,49973651,435,663,1126,1287,874,1371
738,49983651,383,625,1129,1292,901,1384
739,49993651,346,596,1127,1307,919,1398
740,50003651,288,498,1083,1222,936,1404
741,50013651,248,526,1134,1304,966,0
742,50023651,201,487,1135,1308,981,0
743,50033651,171,443,1135,1309,996,0
744,50043651,147,413,1135,1316,999,0
745,50053651,119,392,1134,1316,1038,0
746,50063651,96,362,1045,1300,969,0
747,50073651,63,332,1132,1326,1068,0
748,50083651,45,295,1129,1325,1091,0
749,50093651,24,255,1119,1325,1100,0
750,50103651,12,216,1108,1325,1109,0
751,50113651,0,178,1094,1318,1110,0
752,50123651,0,145,1071,1313,1111,0
753,50133651,0,71,1006,1222,1108,0
754,50143651,0,82,1035,1289,1106,0
755,50153651,0,51,1007,1270,1097,0
756,50163651,0,21,983,1258,1091,0
757,50173651,0,1,954,1239,1078,0
758,50183651,0,0,912,1224,1066,0
759,50193651,0,0,861,1210,1037,0
760,50203651,0,0,805,1192,998,0
761,50213651,0,0,756,1175,949,0
762,50223651,0,0,679,1147,891,1511
763,50233651,0,0,621,1120,838,1499
764,50243651,0,0,580,1090,764,1494
765,50253651,0,0,538,1056,679,1480
766,50263651,0,0,500,1020,591,1464
767,50273651,0,0,458,987,507,1449
768,50283651,0,0,428,952,406,1427
769,50293651,0,1,404,918,313,1404
770,50303651,0,0,378,875,199,1368
771,50313651,0,0,369,850,94,1312
772,50323651,0,0,349,804,22,1258
773,50333651,0,0,340,753,0,1197
774,50343651,0,0,323,706,0,1132
775,50353651,0,0,311,660,0,1053
776,50363651,0,0,289,596,0,971
777,50373651,0,0,269,538,0,873
778,50383651,0,0,248,473,0,749
779,50393651,0,0,229,422,0,586
780,50403651,0,0,200,357,0,346
781,50413651,0,0,169,283,0,139
782,50423651,0,0,127,210,0,7
783,50433651,0,0,113,187,0,0
784,50443651,0,0,117,184,0,22
785,50453651,0,0,106,166,0,25
786,50463651,0,0,96,147,0,17
787,50473651,0,0,89,142,0,5
788,50483651,0,0,85,121,0,0
789,50493651,0,0,80,115,0,1
790,50503651,0,0,80,116,0,0
791,50513651,0,0,81,116,0,0
792,50523651,0,0,78,110,0,0
793,50533651,0,0,66,114,0,0
794,50543651,0,0,73,113,0,0
795,50553651,0,0,75,114,0,0
796,50563651,0,0,68,118,0,0
797,50573651,0,0,73,117,0,0
798,50583651,0,0,69,114,0,0
799,50593651,0,0,71,109,0,0
800,50603651,0,0,69,110,0,0
801,50613651,0,0,70,109,0,0
802,50623651,0,0,68,105,0,0
803,50633651,0,0,68,99,0,0
804,50643651,0,0,61,98,0,0
805,50653651,0,0,38,84,0,0
806,50663651,0,0,54,98,0,0
807,50673651,0,0,54,94,0,0
808,50683651,0,0,52,92,0,0
809,50693651,0,0,43,91,0,0
810,50703651,0,0,40,89,0,0
811,50713651,0,1,26,85,0,0
812,50723651,0,0,23,79,0,0
813,50733651,0,0,21,75,0,0
814,50743651,0,0,18,70,0,1
815,50753651,0,0,21,70,0,0
816,50763651,0,0,22,73,0,5
817,50773651,0,0,24,72,0,20
818,50783651,0,0,21,73,0,26
819,50793651,0,0,18,71,0,28
820,50803651,0,0,10,68,0,39
821,50813651,0,0,6,58,0,39
822,50823651,0,0,0,58,0,39
823,50833651,0,0,0,55,0,38
824,50843652,0,0,0,47,0,30
825,50853651,0,0,0,42,0,24
826,50863651,0,0,0,37,0,16
827,50873651,0,0,0,36,0,10
828,50883651,0,0,0,39,0,18
829,50893651,0,0,0,46,0,11
830,50903651,0,0,0,40,0,14
831,50913651,0,0,0,44,0,11
832,50923651,0,0,0,50,0,9
833,50933651,0,0,0,53,0,2
834,50943651,0,0,0,51,0,4
835,50953651,0,0,0,56,0,1
836,50963651,0,0,0,56,0,1
837,50973651,0,0,0,58,0,0
838,50983651,0,0,0,59,0,0
839,50993651,0,0,0,60,0,0
840,51003651,0,0,0,64,0,0
841,51013651,0,0,0,64,0,0
842,51023651,0,0,0,71,0,0
843,51033651,0,0,0,73,0,2
844,51043651,0,0,0,77,0,0
845,51053651,0,0,0,80,0,0
846,51063651,0,0,0,77,0,0
847,51073651,0,0,0,80,0,0
848,51083651,0,0,1,72,0,0
849,51093651,0,37,5,63,0,0
850,51103651,6,127,3,53,0,0
851,51113651,82,257,1,36,0,0
852,51123651,180,435,7,27,0,0
853,51133651,351,596,7,10,0,0
854,51143651,470,714,3,4,0,3
855,51153651,559,792,0,0,0,0
856,51163651,614,845,0,0,0,0
857,51173652,657,888,0,0,0,0
858,51183651,700,928,1,0,0,0
859,51193651,749,963,11,0,0,0
860,51203651,788,997,23,3,0,0
861,51213651,825,1029,28,7,0,0
862,51223651,860,1053,28,14,0,0
863,51233651,820,1068,28,18,0,0
864,51243651,910,1083,29,25,0,0
865,51253651,925,1107,45,31,0,0
866,51263651,947,1120,57,51,0,0
867,51273651,955,1127,79,66,0,0
868,51283651,965,1135,106,93,0,0
869,51293651,974,1140,129,140,0,0
870,51303651,979,1147,174,187,0,26
871,51313651,982,1154,221,245,0,91
872,51323651,986,1158,274,296,0,160
873,51333651,989,1164,314,346,0,235
874,51343651,998,1162,357,388,0,288
875,51353651,1001,1160,404,431,0,355
876,51363651,1017,1170,443,475,0,425
877,51373651,1036,1176,476,518,0,503
878,51383651,1056,1179,522,564,0,576
879,51393651,1073,1193,569,606,0,629
880,51403651,1084,1196,603,640,11,664
881,51413651,1096,1204,635,682,51,727
882,51423651,1107,1207,672,715,89,781
883,51433651,1115,1213,706,750,123,822
884,51443651,1127,1224,734,782,150,855
885,51453651,1133,1230,763,808,177,879
886,51463651,1141,1241,784,826,203,900
887,51473651,1157,1253,801,848,234,914
888,51483651,1163,1262,820,862,248,932
889,51493651,1179,1268,839,884,276,942
890,51503651,1176,1277,858,899,294,952
891,51513651,1181,1284,874,918,310,966
892,51523651,1183,1290,887,929,328,981
893,51533651,1189,1294,903,943,349,987
894,51543651,1192,1304,912,953,368,996
895,51553651,1194,1307,841,946,338,947
896,51563651,1205,1316,925,968,396,0
897,51573651,1210,1316,927,971,411,0
898,51583651,1224,1323,931,973,413,0
899,51593651,1218,1322,932,976,422,0
900,51603651,1212,1321,933,979,424,0
901,51613651,1219,1320,935,980,434,0
902,51623651,1204,1311,858,966,388,0
903,51633651,1204,1307,937,983,440,0
904,51643651,1202,1307,936,983,448,0
905,51653651,1199,1300,934,983,453,0
906,51663651,1200,1302,933,985,449,0
907,51673651,1207,1305,927,985,444,0
908,51683651,1205,1312,926,977,434,0
909,51693651,1178,1195,912,971,427,0
910,51703651,1222,1321,917,966,415,0
911,51713651,1229,1324,918,959,410,0
912,51723651,1235,1326,916,963,405,0
913,51733651,1235,1333,918,964,402,0
914,51743651,1237,1334,917,965,409,0
915,51753651,1236,1339,918,962,417,0
916,51763651,1241,1336,918,963,424,0
917,51773651,1243,1338,917,960,432,0
918,51783651,1246,1339,915,957,436,0
919,51793651,1252,1345,914,953,442,0
920,51803651,1254,1348,910,945,443,916
921,51813651,1260,1352,908,947,435,920
922,51823651,1262,1356,824,930,385,868
923,51833651,1278,1363,894,940,429,907
924,51843651,1282,1366,887,934,420,902
925,51853651,1290,1370,877,926,420,891
926,51863651,1299,1373,873,922,425,891
927,51873651,1301,1375,870,918,433,893
928,51883651,1302,1374,869,919,439,897
929,51893651,1298,1374,867,916,459,904
930,51903651,1293,1370,865,919,474,908
931,51913651,1289,1366,864,920,486,909
932,51923651,1273,1360,863,917,491,913
933,51933651,1268,1353,858,918,497,917
934,51943651,1274,1341,858,918,503,917
935,51953651,1244,1239,838,850,459,913
936,51963651,1259,1328,859,919,504,919
937,51973651,1254,1321,862,920,504,920
938,51983651,1241,1308,860,922,508,924
939,51993651,1228,1279,863,924,499,929
940,52003651,1199,1228,867,930,503,940
941,52013651,1120,1078,814,904,437,946
942,52023651,1101,1067,872,937,506,958
943,52033651,1036,995,870,939,531,974
944,52043651,953,918,867,939,551,998
945,52053651,855,806,855,937,571,1020
946,52063651,742,700,842,933,605,1047
947,52073651,599,604,809,928,624,1056
948,52083651,447,490,780,925,651,1069
949,52093651,284,375,731,920,673,0
950,52103651,104,242,678,916,690,0
951,52113651,16,142,609,905,698,0
952,52123651,0,53,537,889,707,0
953,52133651,0,0,468,868,711,0
954,52143651,0,0,428,831,709,0
955,52153651,0,0,376,789,700,0
956,52163651,0,0,317,723,691,0
957,52173651,0,0,258,660,665,0
958,52183651,0,0,216,572,612,747
959,52193651,0,0,186,500,564,1209
960,52203651,0,0,155,441,464,1134
961,52213651,0,0,140,402,352,1230
962,52223651,0,0,113,345,226,1223
963,52233651,0,0,100,301,116,1205
964,52243651,0,0,82,260,50,1160
965,52253651,0,0,69,223,2,1089
966,52263651,0,0,45,200,0,1012
967,52273651,0,0,37,182,0,907
968,52283651,0,0,24,164,0,745
969,52293651,0,0,23,143,0,559
970,52303651,0,0,17,106,0,296
971,52313651,0,20,8,74,0,79
972,52323651,0,33,0,39,0,0
973,52333651,0,39,0,41,0,0
974,52343651,0,30,2,40,0,3
975,52353651,0,28,2,40,0,1
976,52363651,0,36,1,35,0,0
977,52373651,0,38,1,40,0,0
978,52383651,0,37,2,44,0,0
979,52393651,0,35,2,43,0,0
980,52403651,0,9,1,26,0,0
981,52413651,0,31,5,50,0,0
982,52423651,0,26,9,59,0,0
983,52433651,0,23,12,63,0,0
984,52443651,0,22,15,61,0,0
985,52453651,0,17,17,63,0,2
986,52463651,0,12,16,68,0,0
987,52473651,0,8,20,68,0,0
988,52483651,0,2,21,69,0,0
989,52493651,0,0,20,72,0,0
990,52503651,0,0,20,71,0,0
991,52513651,0,0,21,74,0,0
992,52523651,0,0,20,72,0,0
993,52533651,0,0,21,57,0,0
994,52543651,0,0,21,72,0,0
995,52553651,0,0,21,70,0,0
996,52563651,0,1,22,72,0,0
997,52573651,0,0,19,73,0,0
998,52583651,0,0,16,71,0,0
999,52593651,0,0,12,71,0,0
1000,52603651,0,0,9,70,0,0
1001,52613651,0,0,6,63,0,0
1002,52623651,0,0,5,60,0,0
1003,52633651,0,0,0,59,0,0
1004,52643651,0,0,0,54,0,0
1005,52653651,0,0,0,52,0,0
1006,52663651,0,0,0,47,0,0
1007,52673651,0,0,0,50,0,0
1008,52683651,0,0,0,51,0,0
1009,52693651,0,0,3,50,0,0
1010,52703651,0,0,0,47,0,0
1011,52713651,0,0,0,44,0,0
1012,52723651,0,0,0,43,0,0
1013,52733651,0,0,0,21,0,0
1014,52743651,0,0,0,42,0,0
1015,52753651,0,0,0,45,0,0
1016,52763651,0,0,0,43,0,0
1017,52773651,0,0,0,45,0,0
1018,52783651,0,0,0,49,0,0
1019,52793651,0,0,0,32,0,0
1020,52803651,0,0,0,57,0,0
1021,52813651,0,0,1,63,0,0
1022,52823651,0,0,4,60,0,0
1023,52833651,0,0,4,59,0,0
1024,52843651,0,46,16,59,0,0
1025,52853651,11,150,7,35,0,0
1026,52863651,77,254,14,22,0,0
1027,52873651,183,418,21,19,0,0
1028,52883651,354,618,22,8,0,0
1029,52893651,577,803,6,0,0,0
1030,52903651,745,958,0,0,0,0
1031,52913651,914,1093,0,0,0,0
1032,52923651,1033,1200,7,0,0,0
1033,52933651,1124,1280,28,0,0,0
1034,52943651,1178,1331,58,8,0,0
1035,52953651,1215,1365,78,23,0,0
1036,52963651,1239,1386,117,34,0,0
1037,52973651,1255,1403,137,57,0,0
1038,52983651,1271,1422,168,73,0,0
1039,52993651,1286,1442,192,99,0,0
1040,53003651,1306,1452,221,127,0,0
1041,53013651,1336,1479,252,181,0,0
1042,53023651,1359,1498,292,219,0,0
1043,53033651,1382,1517,312,252,0,0
1044,53043651,1402,1541,349,277,0,0
1045,53053651,1341,1554,361,299,0,0
1046,53063651,1437,1572,381,316,0,0
1047,53073651,1452,1583,404,336,0,0
1048,53083651,1464,1597,415,347,0,0
1049,53093651,1475,1611,425,364,0,0
1050,53103651,1490,1626,440,377,0,0
1051,53113651,1495,1634,400,380,0,0
1052,53123651,1512,1647,468,391,0,0
1053,53133651,1521,1658,481,405,0,0
1054,53143651,1531,1671,494,423,0,0
1055,53153651,1539,1680,503,433,0,0
1056,53163651,1546,1686,523,440,0,0
1057,53173651,1551,1689,532,423,0,0
1058,53183651,1559,1701,546,456,0,0
1059,53193651,1563,1705,564,467,0,0
1060,53203651,1559,1707,584,484,0,0
1061,53213651,1563,1710,603,506,0,0
1062,53223651,1564,1709,630,552,0,0
1063,53233651,1562,1707,664,593,0,0
1064,53243651,1514,1559,692,629,0,0
1065,53253651,1553,1699,745,675,0,0
1066,53263651,1544,1692,778,719,0,0
1067,53273651,1535,1683,806,759,0,31
1068,53283651,1514,1673,833,796,0,72
1069,53293651,1501,1661,854,833,0,119
1070,53303651,1487,1653,876,860,0,158
1071,53313651,1374,1636,901,887,0,200
1072,53323651,1448,1626,918,911,0,248
1073,53333651,1433,1611,930,930,0,292
1074,53343651,1417,1592,940,943,0,337
1075,53353651,1405,1581,950,955,0,373
1076,53363651,1387,1567,958,970,0,404
1077,53373651,1372,1552,967,946,0,406
1078,53383651,1356,1544,973,996,18,484
1079,53393651,1338,1527,984,1006,31,518
1080,53403651,1322,1514,990,1020,59,550
1081,53413651,1304,1502,1001,1037,87,586
1082,53423651,1277,1487,994,1048,107,614
1083,53433651,1256,1464,930,1059,126,570
1084,53443651,1234,1453,0,1077,157,669
1085,53453651,1211,1438,0,1088,185,705
1086,53463651,1189,1423,0,1100,227,731
1087,53473651,1175,1403,0,1109,251,759
1088,53483651,1160,1390,0,1122,282,794
1089,53493651,1140,1370,0,1126,304,811
1090,53503651,1126,1355,0,1135,340,759
1091,53513651,1108,1336,0,1144,364,861
1092,53523651,1080,1317,0,1149,397,886
1093,53533651,1050,1295,0,1162,423,908
1094,53543651,1014,1265,973,1167,454,937
1095,53553651,986,1249,1067,1172,476,965
1096,53563651,967,1235,1083,1177,504,993
1097,53573651,943,1215,1101,1180,541,1009
1098,53583651,924,1193,1104,1184,570,1030
1099,53593651,909,1175,1106,1189,603,1048
1100,53603651,892,1159,1107,1197,628,1061
1101,53613651,874,1143,1112,1190,645,1080
1102,53623651,856,1126,1113,1196,665,1095
1103,53633652,838,1112,1117,1201,689,1111
1104,53643651,816,1094,1117,1207,701,1122
1105,53653651,797,1075,1122,1198,723,1133
1106,53663651,779,1059,1122,1207,735,1143
1107,53673651,762,1047,1125,1207,757,1151
1108,53683651,746,1038,1124,1208,771,1161
1109,53693652,732,1019,1126,1211,780,1164
1110,53703651,715,1011,1127,1213,793,1174
1111,53713651,694,995,1125,1213,809,1180
1112,53723651,675,983,1129,1218,822,1188
1113,53733651,657,967,1128,1216,837,1197
1114,53743651,644,952,1130,1219,846,1208
1115,53753651,629,941,1133,1221,867,0
1116,53763651,610,929,1130,1226,885,0
1117,53773651,590,917,1131,1222,896,0
1118,53783651,564,902,1132,1225,915,0
1119,53793651,540,886,1134,1227,922,0
1120,53803651,523,863,1135,1229,937,0
1121,53813651,491,843,1134,1229,945,1134
1122,53823651,468,817,1134,1231,968,1266
1123,53833651,440,800,1133,1232,980,0
1124,53843651,418,777,1137,1234,990,0
1125,53853651,398,759,1135,1234,1004,0
1126,53863651,378,737,1133,1237,1017,0
1127,53873651,355,726,1132,1237,1035,0
1128,53883652,351,716,1132,1237,1043,0
1129,53893651,333,691,1130,1236,1053,0
1130,53903651,321,678,1129,1235,1061,0
1131,53913651,309,673,1127,1234,1067,0
1132,53923651,306,667,1123,1230,1069,0
1133,53933651,305,666,1121,1227,1070,0
1134,53943651,300,663,1027,1204,993,0
1135,53953651,296,655,1108,1215,1075,0
1136,53963651,291,643,1106,1211,1078,0
1137,53973651,270,623,1099,1208,1081,0
1138,53983651,237,588,1094,1204,1083,0
1139,53993651,182,550,1089,1205,1087,0
1140,54003651,152,499,1082,1204,1093,0
1141,54013652,103,469,1078,1203,1093,0
1142,54023651,59,403,1072,1202,1097,0
1143,54033651,15,349,1060,1203,1098,0
1144,54043651,0,293,1049,1199,1100,0
1145,54053651,0,221,1033,1195,1098,0
1146,54063651,0,162,1009,1194,1103,0
1147,54073651,0,104,987,1193,1097,0
1148,54083651,0,68,966,1189,1102,0
1149,54093651,0,44,940,1181,1100,0
1150,54103651,0,9,903,1176,1093,0
1151,54113651,0,0,866,1170,1071,0
1152,54123651,0,0,820,1158,1048,0
1153,54133651,0,0,787,1140,1004,0
1154,54143652,0,0,744,1123,967,0
1155,54153651,0,0,693,1100,927,0
1156,54163651,0,0,651,1062,856,1379
1157,54173651,0,0,593,1032,767,1374
1158,54183651,0,0,551,972,681,1369
1159,54193651,0,0,521,918,581,1349
1160,54203651,0,0,460,859,459,1333
1161,54213651,0,0,416,779,353,1306
1162,54223651,0,0,357,707,272,1272
1163,54233651,0,0,319,631,148,1231
1164,54243651,0,0,273,530,41,1166
1165,54253651,0,0,231,432,0,1079
1166,54263651,0,0,185,337,0,971
1167,54273651,0,0,122,248,0,830
1168,54283651,0,0,124,248,0,742
1169,54293651,0,0,98,189,2,590
1170,54303651,0,0,79,66,0,409
1171,54313651,0,0,54,101,0,181
1172,54323651,0,6,55,76,0,75
1173,54333651,0,10,51,78,0,56
1174,54343652,0,6,61,88,0,55
1175,54353651,0,4,60,88,0,17
1176,54363651,0,4,70,94,0,0
1177,54373651,0,6,72,101,0,0
1178,54383651,0,4,81,109,5,0
1179,54393651,0,3,85,123,0,0
1180,54403651,0,2,92,126,0,0
1181,54413651,0,2,91,128,0,0
1182,54423651,0,3,90,126,0,0
1183,54433651,0,1,87,113,0,0
1184,54443651,0,0,77,96,2,0
1185,54453651,0,0,65,83,0,0
1186,54463651,0,0,55,79,0,0
1187,54473651,0,0,54,61,0,0
1188,54483651,0,0,41,58,0,0
1189,54493651,3,0,35,55,0,0
1190,54503651,0,0,29,63,0,0
1191,54513651,0,0,27,54,0,0
1192,54523651,0,0,26,50,0,0
1193,54533651,0,0,25,52,0,0
1194,54543651,0,0,27,51,0,0
1195,54553651,0,0,28,52,0,0
1196,54563651,0,0,32,55,0,0
1197,54573651,0,0,31,53,0,0
1198,54583651,0,0,32,56,0,0
1199,54593651,0,0,33,60,0,0
1200,54603651,0,0,34,60,0,0
1201,54613651,0,0,30,62,0,0
1202,54623651,0,0,30,62,0,0
1203,54633651,0,0,26,59,0,0
1204,54643651,0,0,25,59,0,0
1205,54653651,0,0,18,56,0,0
1206,54663651,0,0,16,55,0,0
1207,54673651,0,0,8,47,0,0
1208,54683651,0,0,4,40,0,0
1209,54693651,0,0,7,35,0,0
1210,54703651,0,0,0,30,0,0
1211,54713651,0,0,0,29,0,0
1212,54723651,0,0,0,27,0,0
1213,54733651,0,0,0,12,0,0
1214,54743651,0,0,0,24,0,0
1215,54753651,0,0,0,24,0,0
1216,54763651,0,0,0,26,0,0
1217,54773651,0,0,0,25,0,0
1218,54783651,0,0,0,26,0,0
1219,54793651,0,0,0,26,0,0
1220,54803651,0,0,0,27,0,0
1221,54813651,0,0,0,28,0,0
1222,54823651,0,0,0,33,0,0
1223,54833651,0,0,0,38,0,0
1224,54843651,0,0,0,39,0,0
1225,54853651,0,0,0,42,0,0
1226,54863651,0,0,0,19,0,0
1227,54873651,0,0,0,39,0,0
1228,54883651,0,0,0,42,0,0
1229,54893651,0,0,0,44,0,0
1230,54903651,0,0,0,46,0,0
1231,54913651,0,0,0,48,0,0
1232,54923651,0,0,0,49,0,0
1233,54933651,0,0,0,34,0,0
1234,54943651,0,0,1,55,0,0
1235,54953651,0,0,9,46,0,0
1236,54963651,0,30,12,54,0,0
1237,54973651,0,70,16,47,0,0
1238,54983651,0,132,20,53,0,0
1239,54993651,8,213,16,35,0,0
1240,55003651,71,352,16,38,0,0
1241,55013651,168,494,18,15,0,0
1242,55023651,312,639,11,1,0,0
1243,55033651,488,790,4,0,0,0
1244,55043651,647,891,1,0,0,0
1245,55053651,787,972,5,0,0,0
1246,55063651,884,1038,20,2,0,0
1247,55073651,945,1090,51,10,0,0
1248,55083651,974,1117,84,39,0,0
1249,55093651,990,1131,114,65,0,0
1250,55103651,999,1146,176,156,0,0
1251,55113651,1006,1156,233,222,0,0
1252,55123651,1018,1163,294,293,0,0
1253,55133651,1039,1174,354,353,0,51
1254,55143651,1053,1188,404,411,0,101
1255,55153651,1077,1210,442,443,0,153
1256,55163651,1111,1238,474,483,0,191
1257,55173651,1142,1261,502,514,0,229
1258,55183651,1169,1296,530,539,0,249
1259,55193651,1209,1323,548,561,0,267
1260,55203651,1236,1344,571,581,0,277
1261,55213651,1251,1363,593,597,0,292
1262,55223651,1267,1378,613,618,0,308
1263,55233651,1280,1392,638,642,0,314
1264,55243651,1297,1404,659,659,0,329
1265,55253651,1309,1421,675,676,0,334
1266,55263651,1324,1427,694,691,0,332
1267,55273651,1335,1441,711,701,0,332
1268,55283651,1348,1458,720,714,0,336
1269,55293651,1363,1471,732,720,0,332
1270,55303651,1379,1486,739,726,0,333
1271,55313651,1364,1499,746,733,0,339
1272,55323651,1403,1510,750,731,0,347
1273,55333651,1420,1520,760,741,0,357
1274,55343651,1426,1524,765,743,0,364
1275,55353651,1440,1542,779,746,0,367
1276,55363651,1449,1549,789,749,0,376
1277,55373651,1454,1558,795,757,0,392
1278,55383651,1463,1562,802,765,0,399
1279,55393651,1470,1564,807,772,0,409
1280,55403651,1472,1565,808,776,0,417
1281,55413651,1478,1569,809,778,0,433
1282,55423651,1483,1573,808,775,0,443
1283,55433651,1485,1573,810,777,0,461
1284,55443651,1485,1571,810,777,0,467
1285,55453651,1488,1573,815,779,0,482
1286,55463651,1481,1566,819,781,0,490
1287,55473651,1468,1561,821,785,0,499
1288,55483651,1455,1557,828,789,0,527
1289,55493651,1442,1538,831,791,0,547
1290,55503651,1430,1531,838,808,11,563
1291,55513651,1420,1520,844,820,24,521
1292,55523651,1406,1517,858,832,41,604
1293,55533651,1400,1513,867,851,46,622
1294,55543651,1396,1507,880,862,64,636
1295,55553651,1385,1503,890,874,72,649
1296,55563651,1377,1497,900,884,85,663
1297,55573651,1370,1492,906,892,99,614
1298,55583651,1367,1488,915,903,106,686
1299,55593651,1364,1488,922,911,108,699
1300,55603651,1363,1481,924,915,121,699
1301,55613651,1363,1482,928,918,128,706
1302,55623651,1364,1480,931,926,126,714
1303,55633651,1364,1480,933,922,130,716
1304,55643651,1357,1477,858,910,103,687
1305,55653651,1357,1475,936,927,142,728
1306,55663651,1354,1468,937,927,143,729
1307,55673651,1354,1471,936,930,157,732
1308,55683651,1352,1461,936,927,162,736
1309,55693651,1349,1461,935,923,164,733
1310,55703651,1349,1464,934,932,166,738
1311,55713651,1351,1459,931,920,168,730
1312,55723651,1350,1459,931,922,170,720
1313,55733651,1348,1458,926,920,168,714
1314,55743651,1343,1455,926,917,164,710
1315,55753651,1340,1450,928,919,173,713
1316,55763651,1324,1444,934,921,192,719
1317,55773651,1275,1347,932,925,203,727
1318,55783651,1305,1432,941,931,214,734
1319,55793651,1290,1427,944,932,226,746
1320,55803651,1287,1420,949,932,236,755
1321,55813651,1271,1418,950,938,246,754
1322,55823651,1259,1406,957,945,262,760
1323,55833651,1247,1396,964,948,278,786
1324,55843651,1227,1385,971,956,295,807
1325,55853651,1203,1368,980,962,311,824
1326,55863651,1179,1347,988,976,340,857
1327,55873651,1146,1322,998,986,354,893
1328,55883651,1116,1299,1004,1000,371,919
1329,55893651,1089,1268,1008,1004,404,938
1330,55903651,1056,1243,930,1002,405,883
1331,55913651,1032,1221,1018,1021,452,985
1332,55923651,990,1190,1023,1039,472,999
1333,55933651,952,1161,1025,1044,482,1016
1334,55943651,913,1115,1024,1049,499,1037
1335,55953651,874,1062,1028,1053,522,1052
1336,55963651,821,992,1026,1053,547,1064
1337,55973651,708,955,1025,1061,566,1076
1338,55983651,710,906,1020,1060,577,1086
1339,55993651,656,860,1006,1059,589,1099
1340,56003651,594,819,999,1054,596,1101
1341,56013651,524,775,982,1049,576,1095
1342,56023651,434,710,954,1039,574,1096
1343,56033651,288,613,934,1026,585,1107
1344,56043651,206,489,890,1010,588,1116
1345,56053651,61,333,855,1002,612,1132
1346,56063651,0,180,800,997,635,1141
1347,56073651,0,85,740,982,683,1159
1348,56083651,0,1,640,969,728,1166
1349,56093651,0,0,559,943,763,1159
1350,56103651,0,0,499,904,787,1170
1351,56113651,0,0,421,848,780,1175
1352,56123651,0,0,361,772,731,1189
1353,56133651,0,0,309,680,666,1197
1354,56143651,0,0,255,599,567,1206
1355,56153651,0,0,223,529,429,1212
1356,56163651,0,0,191,444,245,1184
1357,56173651,0,0,166,375,133,1129
1358,56183651,0,0,144,325,54,1034
1359,56193651,0,0,118,286,1,936
1360,56203651,0,0,94,260,0,811
1361,56213651,0,0,80,223,0,605
1362,56223651,0,0,72,186,0,338
1363,56233651,0,0,58,150,0,105
1364,56243651,0,0,54,109,0,1
1365,56253651,0,0,58,87,0,0
1366,56263651,0,0,55,103,0,0
1367,56273651,0,0,70,120,0,0
1368,56283651,0,0,77,138,0,0
1369,56293651,0,0,72,122,0,0
1370,56303651,0,0,89,157,0,0
1371,56313651,0,0,95,161,0,0
1372,56323651,0,0,93,161,0,0
1373,56333651,0,0,90,157,0,0
1374,56343651,0,0,82,148,0,0
1375,56353651,0,0,70,130,0,0
1376,56363651,0,0,60,116,0,0
1377,56373651,0,0,51,100,0,0
1378,56383651,0,0,38,89,0,0
1379,56393651,0,0,34,82,0,0
1380,56403651,0,0,27,73,0,0
1381,56413651,0,0,21,73,0,0
1382,56423651,0,0,20,67,0,0
1383,56433651,0,0,15,68,0,0
1384,56443651,0,0,13,66,0,2
1385,56453651,0,0,6,70,0,0
1386,56463651,0,0,8,73,0,0
1387,56473651,0,0,4,74,0,0
1388,56483651,0,0,2,72,0,0
1389,56493651,0,2,0,58,0,0
1390,56503651,0,0,0,72,0,0
1391,56513651,0,0,0,61,0,0
1392,56523651,0,0,0,57,0,0
1393,56533651,0,0,0,52,0,0
1394,56543651,0,0,0,40,0,0
1395,56553651,0,0,0,30,0,0
1396,56563651,0,0,0,19,0,0
1397,56573651,0,0,0,11,0,0
1398,56583651,0,0,0,8,0,0
1399,56593651,0,0,0,8,0,0
1400,56603651,0,0,0,5,0,0
1401,56613651,0,0,0,5,0,0
1402,56623651,0,0,0,4,0,0
1403,56633651,0,0,0,5,0,0
1404,56643651,0,0,0,7,0,0
1405,56653651,0,0,0,6,0,0
1406,56663651,0,0,0,8,0,0
1407,56673651,0,0,0,9,0,0
1408,56683651,0,0,0,9,0,0
1409,56693651,0,0,0,10,0,0
1410,56703651,0,0,0,11,0,0
1411,56713651,0,0,0,13,0,0
1412,56723651,0,25,0,11,0,0
1413,56733651,0,81,0,4,0,0
1414,56743651,42,209,0,0,0,0
1415,56753651,147,426,0,0,0,0
1416,56763651,400,688,0,0,0,0
1417,56773651,642,905,0,0,0,0
1418,56783651,795,1028,0,0,0,0
1419,56793651,910,1110,0,0,0,0
1420,56803651,996,1190,0,0,0,0
1421,56813651,1095,1270,1,0,0,0
1422,56823652,1196,1345,19,16,0,0
1423,56833651,1257,1407,54,39,0,0
1424,56843651,1303,1447,94,79,0,0
1425,56853651,1325,1470,127,117,0,0
1426,56863651,1332,1484,170,156,0,0
1427,56873651,1341,1496,209,178,0,0
1428,56883651,1267,1502,248,221,0,0
1429,56893651,1360,1514,291,248,0,0
1430,56903651,1371,1532,311,285,0,0
1431,56913651,1382,1545,338,314,0,0
1432,56923651,1397,1558,366,334,0,0
1433,56933651,1412,1566,378,344,0,0
1434,56943651,1423,1576,397,351,0,0
1435,56953651,1432,1584,411,365,0,0
1436,56963651,1443,1592,428,379,0,0
1437,56973651,1448,1597,436,398,0,0
1438,56983651,1455,1606,459,415,0,0
1439,56993651,1459,1611,472,428,0,0
1440,57003651,1469,1612,483,440,0,9
1441,57013651,1477,1621,496,458,0,25
1442,57023651,1484,1625,510,467,0,54
1443,57033651,1490,1629,532,489,0,77
1444,57043651,1494,1629,557,526,0,124
1445,57053651,1495,1628,591,563,0,169
1446,57063651,1498,1625,620,598,0,217
1447,57073651,1498,1627,643,627,0,265
1448,57083651,1500,1631,661,656,0,298
1449,57093651,1505,1631,687,686,0,331
1450,57103651,1505,1631,699,694,0,354
1451,57113651,1505,1632,713,710,0,364
1452,57123651,1508,1633,722,718,0,379
1453,57133651,1509,1632,725,725,0,397
1454,57143651,1491,1521,691,674,0,411
1455,57153651,1507,1629,0,731,0,437
1456,57163651,1512,1628,0,731,2,456
1457,57173651,1513,1626,0,730,6,470
1458,57183651,1514,1620,0,728,9,471
1459,57193651,1510,1621,0,729,11,490
1460,57203651,1502,1611,0,715,4,472
1461,57213651,1503,1611,0,727,24,520
1462,57223651,1501,1606,0,732,29,528
1463,57233651,1496,1603,0,736,30,537
1464,57243651,1491,1598,0,739,40,546
1465,57253651,1487,1591,0,741,47,552
1466,57263651,1482,1590,0,746,54,561
1467,57273651,1478,1588,0,750,56,582
1468,57283651,1476,1583,0,752,73,595
1469,57293651,1474,1581,0,756,89,597
1470,57303651,1471,1581,0,762,101,0
1471,57313651,1476,1580,0,763,106,0
1472,57323651,1468,1579,0,767,114,0
1473,57333651,1467,1576,0,770,116,0
1474,57343651,1464,1573,0,772,129,0
1475,57353651,1461,1570,0,777,134,0
1476,57363651,1458,1568,0,780,131,0
1477,57373651,1459,1567,0,787,138,0
1478,57383651,1457,1571,0,787,138,0
1479,57393651,1455,1567,0,793,136,0
1480,57403651,1438,1458,0,737,137,0
1481,57413651,1460,1565,0,799,135,0
1482,57423651,1461,1565,0,802,138,0
1483,57433651,1453,1566,0,806,139,0
1484,57443651,1462,1566,0,808,138,0
1485,57453651,1462,1563,0,811,142,0
1486,57463651,1458,1562,0,813,138,0
1487,57473651,1436,1452,0,757,144,0
1488,57483651,1454,1554,0,818,152,0
1489,57493651,1450,1552,0,822,162,0
1490,57503651,1449,1548,0,822,168,0
1491,57513651,1450,1546,0,825,183,0
1492,57523651,1446,1542,0,826,181,0
1493,57533651,1441,1538,0,828,190,0
1494,57543651,1435,1528,0,836,199,332
1495,57553651,1427,1518,0,841,212,445
1496,57563651,1422,1512,0,847,225,504
1497,57573651,1410,1508,0,857,227,507
1498,57583651,1404,1499,0,859,236,527
1499,57593651,1399,1493,0,864,257,494
1500,57603651,1396,1492,0,868,264,496
1501,57613651,1388,1484,0,871,272,402
1502,57623651,1381,1476,0,878,284,340
1503,57633651,1372,1468,0,880,300,458
1504,57643651,1362,1454,0,888,311,597
1505,57653651,1343,1439,0,891,332,676
1506,57663651,1324,1421,0,861,314,669
1507,57673651,1304,1401,0,905,358,0
1508,57683651,1276,1374,0,911,371,0
1509,57693651,1246,1348,0,922,407,0
1510,57703651,1215,1313,0,922,421,0
1511,57713651,1175,1272,0,927,442,0
1512,57723651,1126,1226,0,941,454,0
1513,57733651,1028,1056,0,954,461,0
1514,57743651,968,1085,0,961,460,0
1515,57753651,867,977,0,965,469,0
1516,57763651,757,861,0,969,482,0
1517,57773651,623,740,0,972,502,0
1518,57783651,434,582,0,971,529,965
1519,57793651,238,396,0,969,561,986
1520,57803651,71,227,0,967,587,1000
1521,57813651,5,100,0,951,613,998
1522,57823651,0,4,0,954,617,1001
1523,57833651,0,0,0,939,621,997
1524,57843651,0,0,0,916,611,995
1525,57853651,0,0,401,873,578,999
1526,57863651,0,0,295,806,523,1003
1527,57873651,0,0,297,756,437,1004
1528,57883651,0,0,263,697,344,1017
1529,57893651,0,0,265,658,224,1006
1530,57903651,0,0,258,593,91,981
1531,57913651,0,0,238,533,11,930
1532,57923651,2,0,178,475,0,818
1533,57933651,0,0,193,453,0,738
1534,57943651,0,0,172,408,0,613
1535,57953651,0,0,163,361,0,493
1536,57963651,0,0,149,311,0,323
1537,57973651,0,0,125,266,0,135
1538,57983651,0,0,116,213,0,0
1539,57993651,0,0,93,140,0,0
1540,58003651,0,3,89,155,0,0
1541,58013651,0,0,90,152,0,0
1542,58023651,0,0,83,143,0,0
1543,58033651,0,0,77,124,0,0
1544,58043651,0,0,71,118,0,0
1545,58053651,0,0,59,111,0,0
1546,58063651,0,0,59,108,0,0
1547,58073651,0,0,57,112,0,0
1548,58083651,0,0,56,115,0,0
1549,58093651,0,0,55,112,0,0
1550,58103651,0,0,56,114,0,0
1551,58113651,0,0,53,118,0,0
1552,58123651,0,0,55,120,0,0
1553,58133651,0,0,51,122,0,0
1554,58143651,0,0,54,122,0,0
1555,58153651,0,0,52,124,0,0
1556,58163651,0,0,44,120,0,0
1557,58173651,0,0,39,113,0,0
1558,58183651,0,0,27,104,0,0
1559,58193651,0,0,7,81,0,0
1560,58203651,0,0,17,84,0,0
1561,58213651,0,0,5,72,0,0
1562,58223651,0,0,0,63,0,0
1563,58233651,0,0,0,56,0,0
1564,58243651,0,0,0,52,0,2
1565,58253651,0,0,0,36,0,0
1566,58263651,0,0,0,43,0,0
1567,58273651,0,0,0,39,0,0
1568,58283651,0,0,0,39,0,0
1569,58293651,0,0,0,38,0,0
1570,58303651,0,0,0,39,0,0
1571,58313651,0,0,0,38,0,0
1572,58323651,0,0,0,34,0,0
1573,58333651,0,0,0,28,0,0
1574,58343651,0,0,0,30,0,0
1575,58353651,0,0,0,31,0,0
1576,58363651,0,0,0,32,0,0
1577,58373651,0,0,0,34,0,0
1578,58383651,0,0,0,32,0,0
1579,58393651,0,0,0,31,0,0
1580,58403651,0,0,0,27,0,0
1581,58413651,0,0,0,26,0,0
1582,58423651,0,0,0,26,0,0
1583,58433651,0,0,0,25,0,0
1584,58443651,0,0,0,28,0,0
1585,58453651,0,0,0,29,0,0
1586,58463651,0,0,0,30,0,0
1587,58473651,0,0,0,33,0,0
1588,58483651,0,0,0,34,0,0
1589,58493651,0,0,0,40,0,0
1590,58503651,0,0,0,40,0,0
1591,58513651,0,0,0,35,0,0
1592,58523651,0,27,0,14,0,0
1593,58533651,0,88,0,9,0,0
1594,58543651,20,183,0,4,0,0
1595,58553651,70,303,0,4,0,0
1596,58563651,178,516,0,0,0,0
1597,58573651,377,701,0,0,0,0
1598,58583651,510,798,0,0,0,0
1599,58593651,628,922,0,0,0,0
1600,58603651,715,984,0,0,0,0
1601,58613651,800,1053,0,0,0,0
1602,58623651,895,1128,0,0,0,0
1603,58633651,978,1195,2,0,0,0
1604,58643651,1062,1257,0,3,0,0
1605,58653651,1078,1312,11,6,2,0
1606,58663651,1212,1376,34,27,0,0
1607,58673651,1261,1420,74,51,0,0
1608,58683651,1304,1450,94,72,0,0
1609,58693651,1316,1476,127,101,0,0
1610,58703651,1327,1493,159,134,0,0
1611,58713651,1341,1501,200,166,0,0
1612,58723651,1267,1509,237,209,0,0
1613,58733651,1363,1523,275,245,0,0
1614,58743651,1377,1544,300,277,0,0
1615,58753651,1396,1563,315,297,0,5
1616,58763651,1416,1579,335,312,0,17
1617,58773651,1431,1593,353,340,0,33
1618,58783651,1446,1602,381,355,0,42
1619,58793651,1457,1614,398,371,0,48
1620,58803651,1467,1619,414,395,0,52
1621,58813651,1476,1633,435,410,0,51
1622,58823651,1485,1639,461,425,0,52
1623,58833651,1492,1646,471,436,0,55
1624,58843651,1495,1654,490,445,0,59
1625,58853651,1500,1659,500,462,0,59
1626,58863651,1509,1671,520,478,0,65
1627,58873651,1513,1679,532,492,0,74
1628,58883651,1521,1685,547,505,0,78
1629,58893651,1528,1691,551,520,0,86
1630,58903651,1535,1699,566,529,0,92
1631,58913651,1522,1588,560,486,0,91
1632,58923651,1551,1707,590,551,0,97
1633,58933651,1556,1713,601,563,0,87
1634,58943651,1558,1718,616,571,0,81
1635,58953651,1561,1718,627,584,0,96
1636,58963651,1563,1719,641,597,0,103
1637,58973651,1563,1721,652,611,0,109
1638,58983651,1565,1721,655,624,0,113
1639,58993651,1566,1721,664,637,0,137
1640,59003651,1567,1719,670,645,0,143
1641,59013651,1568,1721,675,652,0,147
1642,59023651,1567,1721,682,661,0,158
1643,59033651,1568,1718,690,663,0,154
1644,59043651,1568,1719,698,676,0,160
1645,59053651,1564,1716,720,689,0,173
1646,59063651,1560,1712,730,712,0,185
1647,59073651,1557,1708,750,725,0,201
1648,59083651,1554,1705,768,741,0,216
1649,59093651,1552,1703,783,754,0,227
1650,59103651,1504,1626,742,745,0,230
1651,59113651,1547,1699,803,790,0,244
1652,59123651,1543,1696,810,805,0,249
1653,59133651,1541,1693,830,823,0,263
1654,59143651,1534,1690,844,841,0,278
1655,59153651,1528,1688,861,855,0,281
1656,59163651,1529,1681,869,828,0,259
1657,59173651,1527,1684,880,877,0,306
1658,59183651,1524,1683,886,883,0,315
1659,59193651,1525,1679,896,891,0,316
1660,59203651,1525,1682,900,903,0,319
1661,59213651,1523,1678,906,907,0,327
1662,59223651,1523,1676,915,916,0,329
1663,59233651,1478,1535,912,921,0,332
1664,59243651,1518,1673,924,924,0,340
1665,59253651,1515,1670,931,932,0,343
1666,59263651,1513,1666,934,934,0,347
1667,59273651,1511,1658,940,942,0,352
1668,59283651,1508,1659,941,948,0,358
1669,59293651,1503,1655,949,955,0,359
1670,59303651,1499,1653,951,957,0,361
1671,59313651,1496,1646,950,961,0,368
1672,59323651,1494,1641,950,965,0,373
1673,59333651,1494,1637,950,964,0,383
1674,59343651,1496,1634,929,963,0,400
1675,59353651,1497,1633,883,967,0,407
1676,59363651,1475,1521,0,909,0,428
1677,59373651,1493,1623,0,979,0,0
1678,59383651,1490,1620,0,984,0,0
1679,59393651,1481,1607,0,988,0,430
1680,59403651,1473,1605,0,996,0,434
1681,59413651,1468,1599,0,1002,0,474
1682,59423651,1464,1593,0,1008,0,484
1683,59433651,1418,1454,0,1017,0,495
1684,59443651,1453,1582,0,1020,0,505
1685,59453651,1445,1575,0,1025,0,510
1686,59463651,1436,1567,0,1037,8,486
1687,59473651,1433,1560,0,1040,12,521
1688,59483651,1426,1554,0,1044,18,537
1689,59493651,1419,1546,0,1048,16,487
1690,59503651,1406,1531,0,1054,29,558
1691,59513651,1398,1524,0,1060,40,570
1692,59523651,1385,1513,0,1066,58,585
1693,59533651,1373,1503,0,1072,73,602
1694,59543651,1360,1492,0,1078,79,609
1695,59553651,1347,1480,0,1082,95,624
1696,59563651,1334,1466,0,1086,99,641
1697,59573651,1324,1453,0,1092,112,638
1698,59583651,1313,1440,0,1097,121,663
1699,59593651,1301,1427,0,1099,126,662
1700,59603651,1288,1412,0,1101,140,671
1701,59613651,1270,1387,0,1105,148,685
1702,59623651,1248,1361,0,1111,160,696
1703,59633651,1212,1326,0,1114,171,722
1704,59643651,1173,1291,0,1118,184,727
1705,59653651,1118,1245,0,1121,207,744
1706,59663651,1064,1193,0,1124,222,757
1707,59673651,981,1134,0,1122,234,769
1708,59683651,890,1050,0,1119,248,778
1709,59693651,772,875,0,1043,260,787
1710,59703651,662,832,0,1106,265,793
1711,59713651,519,703,0,1091,279,807
1712,59723651,359,577,0,1083,296,820
1713,59733651,187,395,0,1077,304,832
1714,59743651,48,222,0,1078,313,856
1715,59753651,0,114,0,1060,297,825
1716,59763651,0,45,0,1064,336,881
1717,59773651,0,0,0,1057,348,902
1718,59783651,0,0,0,1041,339,899
1719,59793651,0,0,0,1017,339,906
1720,59803651,0,0,514,977,304,890
1721,59813651,0,0,461,948,265,873
1722,59823651,0,0,424,892,212,864
1723,59833651,0,0,401,836,149,859
1724,59843651,0,0,362,757,58,842
1725,59853651,0,0,339,696,6,791
1726,59863651,0,0,322,633,0,731
1727,59873651,0,0,299,558,0,665
1728,59883652,0,0,274,501,0,539
1729,59893651,0,0,254,444,0,372
1730,59903651,0,0,240,381,0,172
1731,59913651,0,0,217,344,0,38
1732,59923651,0,0,183,285,0,0
1733,59933651,0,0,159,239,0,0
1734,59943651,0,0,141,207,0,0
1735,59953651,0,0,119,182,0,0
1736,59963651,0,0,107,167,0,0
1737,59973651,0,0,96,165,0,0
1738,59983651,0,0,86,149,0,0
1739,59993651,0,0,77,135,0,0
1740,60003651,0,0,63,121,0,0
1741,60013651,0,0,53,121,0,0
1742,60023651,0,0,51,117,0,0
1743,60033651,0,0,48,117,0,0
1744,60043651,0,0,46,121,0,0
1745,60053651,0,0,46,125,0,0
1746,60063651,0,0,50,125,0,0
1747,60073651,0,0,50,128,0,0
1748,60083651,0,0,52,127,0,0
1749,60093651,0,0,42,126,0,0
1750,60103651,0,0,39,122,0,0
1751,60113651,0,0,29,115,0,0
1752,60123651,0,0,22,109,0,0
1753,60133651,0,0,22,99,0,0
1754,60143651,0,0,16,91,0,0
1755,60153651,0,0,7,79,0,0
1756,60163651,0,0,3,77,0,0
1757,60173651,0,0,0,77,0,0
1758,60183651,0,0,0,74,0,0
1759,60193651,0,0,0,71,0,0
1760,60203651,0,0,0,66,0,0
1761,60213651,0,0,0,62,0,0
1762,60223651,0,0,0,62,0,0
1763,60233651,0,0,0,62,0,0
1764,60243651,0,0,0,59,0,0
1765,60253651,0,0,0,53,0,0
1766,60263651,0,0,0,57,0,0
1767,60273651,0,0,0,57,0,0
1768,60283651,0,0,0,57,0,0
1769,60293651,0,0,0,61,0,0
1770,60303651,0,0,0,61,0,0
1771,60313651,0,0,0,57,0,0
1772,60323651,0,0,0,55,0,0
1773,60333651,0,0,0,31,0,0
1774,60343651,0,0,0,46,0,0
1775,60353651,0,0,0,49,0,0
1776,60363651,0,0,0,47,0,0
1777,60373651,0,0,0,45,0,0
1778,60383651,0,0,0,54,0,0
1779,60393651,0,0,0,48,0,0
1780,60403651,0,0,0,55,0,0
1781,60413651,0,0,0,51,0,0
1782,60423651,0,0,0,50,0,0
1783,60433651,0,0,0,53,0,0
1784,60443651,0,0,0,54,0,0
1785,60453651,0,0,0,54,0,0
1786,60463651,0,0,0,55,0,0
1787,60473651,0,0,0,49,0,0
1788,60483651,0,30,0,30,0,0
1789,60493651,0,88,0,21,0,0
1790,60503651,7,175,0,25,0,0
1791,60513651,59,284,0,21,0,0
1792,60523651,118,441,0,20,0,0
1793,60533651,220,593,0,16,0,0
1794,60543651,326,690,0,11,0,0
1795,60553651,444,792,2,7,0,0
1796,60563651,538,856,8,6,0,0
1797,60573651,615,918,3,7,0,0
1798,60583651,703,973,1,6,0,0
1799,60593651,782,1041,3,5,0,0
1800,60603651,856,1094,7,6,0,0
1801,60613651,914,1141,15,8,0,0
1802,60623651,964,1176,24,9,0,0
1803,60633651,1002,1198,25,18,0,0
1804,60643651,1038,1220,28,22,0,0
1805,60653651,1068,1240,34,23,0,0
1806,60663651,1097,1262,14,30,0,0
1807,60673651,1131,1292,53,45,0,0
1808,60683651,1161,1319,70,60,0,0
1809,60693651,1182,1340,80,71,0,0
1810,60703651,1202,1362,86,75,0,0
1811,60713651,1224,1386,97,85,0,0
1812,60723651,1252,1410,108,88,0,1
1813,60733651,1273,1433,119,84,0,0
1814,60743651,1294,1452,135,90,0,0
1815,60753651,1312,1468,143,103,0,0
1816,60763651,1325,1485,156,115,0,0
1817,60773651,1338,1495,169,120,0,0
1818,60783651,1352,1510,183,134,0,0
1819,60793651,1284,1514,194,156,0,0
1820,60803651,1380,1529,222,169,0,0
1821,60813651,1394,1550,244,181,0,0
1822,60823651,1413,1557,264,190,0,0
1823,60833651,1429,1570,277,213,0,0
1824,60843651,1440,1578,286,220,0,0
1825,60853651,1454,1591,302,232,0,0
1826,60863651,1474,1603,308,251,0,0
1827,60873651,1480,1613,326,268,0,0
1828,60883651,1495,1621,343,283,0,0
1829,60893651,1508,1634,367,304,0,0
1830,60903651,1518,1641,379,328,0,7
1831,60913651,1534,1649,389,345,0,26
1832,60923651,1547,1658,404,361,0,44
1833,60933651,1558,1664,421,372,0,56
1834,60943651,1561,1674,426,390,0,75
1835,60953651,1572,1682,441,413,0,88
1836,60963651,1579,1690,463,425,0,102
1837,60973651,1586,1696,471,436,0,109
1838,60983651,1590,1702,478,447,0,122
1839,60993651,1593,1708,489,461,0,136
1840,61003651,1599,1715,497,469,0,134
1841,61013651,1605,1719,503,476,0,144
1842,61023651,1611,1720,508,481,0,145
1843,61033651,1611,1720,523,488,0,152
1844,61043651,1614,1723,523,494,0,152
1845,61053651,1567,1650,485,485,0,142
1846,61063651,1615,1725,537,502,0,149
1847,61073651,1617,1724,542,504,0,154
1848,61083651,1616,1725,550,509,0,158
1849,61093651,1620,1726,555,523,0,162
1850,61103651,1615,1724,560,529,0,171
1851,61113651,1611,1722,569,539,0,179
1852,61123651,1566,1578,576,552,0,194
1853,61133651,1607,1718,594,572,0,204
1854,61143651,1603,1711,604,588,0,218
1855,61153651,1598,1707,616,605,0,223
1856,61163651,1594,1705,624,622,0,230
1857,61173651,1592,1703,633,631,0,234
1858,61183651,1591,1700,643,646,0,233
1859,61193651,1588,1700,651,655,0,241
1860,61203651,1585,1700,661,667,0,247
1861,61213651,1582,1698,672,682,0,255
1862,61223651,1580,1696,683,689,0,267
1863,61233651,1576,1693,695,707,0,278
1864,61243651,1572,1691,708,720,0,281
1865,61253651,1567,1679,726,704,0,255
1866,61263651,1561,1684,745,752,0,298
1867,61273651,1557,1683,755,761,0,306
1868,61283651,1554,1681,772,778,0,308
1869,61293651,1553,1680,779,789,0,312
1870,61303651,1549,1678,788,804,0,311
1871,61313651,1545,1676,798,815,0,326
1872,61323651,1549,1673,806,828,0,331
1873,61333651,1532,1668,816,838,0,342
1874,61343651,1525,1661,830,851,0,345
1875,61353651,1522,1656,839,867,0,357
1876,61363651,1517,1654,850,876,3,365
1877,61373651,1514,1650,861,887,0,380
1878,61383651,1512,1645,870,899,0,397
1879,61393651,1502,1640,874,907,0,418
1880,61403651,1495,1631,875,913,0,443
1881,61413651,1491,1625,0,915,0,489
1882,61423651,1486,1620,0,917,2,532
1883,61433651,1483,1616,0,920,0,555
1884,61443652,1480,1610,0,924,0,573
1885,61453651,1473,1604,0,932,6,588
1886,61463651,1467,1594,0,937,15,605
1887,61473651,1455,1588,0,942,28,587
1888,61483651,1447,1580,0,951,38,639
1889,61493651,1435,1576,0,961,41,656
1890,61503651,1426,1563,0,969,58,608
1891,61513651,1413,1559,0,982,75,691
1892,61523651,1399,1550,0,992,82,717
1893,61533651,1384,1533,0,1001,102,735
1894,61543651,1366,1521,0,1009,123,752
1895,61553651,1352,1510,3,1018,138,774
1896,61563651,1333,1496,0,1032,164,798
1897,61573651,1315,1481,0,1043,192,822
1898,61583651,1297,1461,0,1052,212,849
1899,61593651,1272,1443,0,1062,234,0
1900,61603651,1251,1425,0,1070,271,0
1901,61613651,1226,1400,0,1079,293,0
1902,61623651,1197,1373,0,1089,342,0
1903,61633651,1132,1281,0,1066,339,0
1904,61643651,1133,1313,0,1105,440,0
1905,61653651,1100,1276,0,1109,474,1095
1906,61663651,1059,1240,0,1112,518,1136
1907,61673651,1001,1196,0,1114,555,1169
1908,61683651,944,1148,0,1115,628,1206
1909,61693652,843,1025,0,1084,607,1227
1910,61703651,799,1008,0,1120,727,1277
1911,61713651,696,928,0,1128,776,1310
1912,61723651,571,840,0,1128,815,1337
1913,61733651,442,740,0,1131,855,1362
1914,61743651,302,639,0,1129,880,1379
1915,61753651,171,497,0,1125,895,1260
1916,61763651,45,367,0,1117,906,0
1917,61773651,0,245,0,1106,908,0
1918,61783651,0,163,0,1093,903,0
1919,61793651,0,99,0,1080,893,0
1920,61803651,0,21,3,1066,866,0
1921,61813651,0,0,0,1044,866,0
1922,61823651,0,0,19,1007,827,0
1923,61833651,0,0,428,968,760,0
1924,61843651,0,0,380,921,681,1517
1925,61853651,0,0,339,879,598,1537
1926,61863651,0,0,297,825,504,1553
1927,61873651,0,0,251,788,404,1563
1928,61883652,0,0,239,754,274,1560
1929,61893651,0,0,215,703,183,1554
1930,61903651,0,0,207,677,104,1527
1931,61913651,0,0,199,642,40,1491
1932,61923651,0,0,183,598,10,1440
1933,61933651,0,0,151,547,0,1386
1934,61943651,0,0,97,490,0,1266
1935,61953651,0,0,111,485,0,1272
1936,61963651,0,0,94,445,0,1210
1937,61973651,0,0,89,411,0,1159
1938,61983651,0,0,83,394,0,1088
1939,61993651,0,0,78,363,0,1014
1940,62003651,0,0,67,313,0,934
1941,62013651,0,0,57,282,0,844
1942,62023651,0,0,43,242,0,732
1943,62033651,0,10,34,200,0,593
1944,62043651,0,22,18,146,0,469
1945,62053651,0,25,0,87,0,398
1946,62063651,0,28,0,57,0,400
1947,62073651,0,10,0,33,0,362
1948,62083651,0,16,0,29,0,318
1949,62093651,0,7,0,28,0,256
1950,62103651,0,6,0,28,0,204
1951,62113651,0,5,0,34,0,151
1952,62123651,0,4,0,47,0,112
1953,62133651,0,0,0,54,0,94
1954,62143651,0,0,0,36,0,75
1955,62153651,0,0,1,65,0,57
1956,62163651,0,0,0,72,0,53
1957,62173651,0,0,0,80,0,39
1958,62183651,0,0,0,85,0,36
1959,62193651,0,0,2,88,0,39
1960,62203651,0,0,4,89,0,34
1961,62213651,0,0,7,94,0,38
1962,62223651,0,0,9,96,0,35
1963,62233651,0,0,12,98,0,32
1964,62243651,0,0,11,93,0,33
1965,62253651,0,1,7,90,0,32
1966,62263651,0,0,4,87,0,31
1967,62273651,0,0,2,84,0,27
1968,62283651,0,0,0,81,2,26
1969,62293651,0,0,0,84,0,21
1970,62303651,0,0,0,75,0,24
1971,62313651,0,0,0,75,0,18
1972,62323651,0,0,0,70,0,19
1973,62333651,0,0,0,71,0,13
1974,62343651,0,0,0,47,0,15
1975,62353651,0,0,0,80,0,18
1976,62363651,0,0,0,72,0,19
1977,62373651,0,0,0,73,0,15
1978,62383651,0,0,0,72,0,12
1979,62393651,0,0,0,69,0,19
1980,62403651,0,0,0,64,0,11
1981,62413651,0,0,0,69,0,16
1982,62423651,0,0,0,70,0,16
1983,62433651,0,0,0,66,0,15
1984,62443651,0,0,0,61,0,20
1985,62453651,0,0,0,71,0,7
1986,62463651,0,0,0,74,0,8
1987,62473651,0,0,0,69,0,7
1988,62483651,0,0,0,62,0,7
1989,62493651,0,0,0,68,0,3
1990,62503651,0,0,0,60,0,0
1991,62513651,0,0,0,60,0,0
1992,62523651,0,0,0,51,0,0
1993,62533651,0,8,0,17,0,0
1994,62543651,0,78,0,19,0,0
1995,62553651,31,179,0,7,0,0
1996,62563651,106,302,0,1,0,0
1997,62573651,242,465,0,0,0,0
1998,62583651,407,615,0,0,0,0
1999,62593651,563,732,0,0,0,0
2000,62603651,682,839,0,0,0,0
2001,62613651,815,935,0,0,0,0
2002,62623651,910,1001,0,0,0,0
2003,62633651,987,1067,1,0,0,0
2004,62643651,1040,1105,2,0,0,0
2005,62653651,1066,1127,7,0,0,0
2006,62663651,1086,1137,10,4,0,0
2007,62673651,1099,1143,23,14,0,0
2008,62683651,1104,1150,61,56,0,0
2009,62693651,1110,1166,119,99,0,0
2010,62703651,1122,1170,153,150,0,22
2011,62713651,1128,1166,168,172,0,88
2012,62723651,1134,1160,207,204,0,152
2013,62733651,1143,1168,234,223,0,205
2014,62743651,1156,1175,266,249,0,249
2015,62753651,1169,1185,288,278,0,301
2016,62763651,1180,1197,301,315,0,334
2017,62773651,1195,1212,316,321,0,360
2018,62783651,1208,1234,327,354,0,381
2019,62793651,1220,1244,348,374,0,405
2020,62803651,1227,1256,375,404,0,428
2021,62813651,1238,1267,398,423,0,447
2022,62823651,1240,1273,426,442,0,483
2023,62833651,1246,1276,449,476,0,516
2024,62843651,1256,1288,474,494,4,539
2025,62853651,1264,1293,0,520,0,558
2026,62863651,1193,1302,0,541,0,576
2027,62873651,1282,1310,0,566,5,605
2028,62883651,1290,1318,0,596,3,629
2029,62893651,1300,1323,0,623,11,653
2030,62903651,1304,1328,0,653,27,680
2031,62913651,1307,1330,0,681,44,699
2032,62923651,1291,1275,0,677,38,711
2033,62933651,1314,1340,0,730,86,733
2034,62943651,1317,1348,0,749,101,744
2035,62953651,1320,1357,0,768,116,753
2036,62963651,1326,1362,0,788,124,750
2037,62973651,1331,1369,0,806,137,96
2038,62983651,1340,1372,0,786,119,0
2039,62993651,1350,1383,0,825,148,0
2040,63003651,1354,1389,0,839,153,0
2041,63013651,1360,1396,0,850,159,0
2042,63023651,1362,1398,0,860,165,656
2043,63033651,1361,1398,0,873,167,739
2044,63043651,1362,1399,0,885,175,0
2045,63053651,1364,1399,0,891,188,0
2046,63063651,1361,1398,0,906,191,0
2047,63073651,1359,1398,0,911,196,0
2048,63083651,1358,1397,0,918,201,0
2049,63093651,1356,1395,0,923,205,0
2050,63103651,1354,1396,0,929,201,0
2051,63113651,1330,1293,0,870,197,0
2052,63123651,1347,1389,0,943,201,0
2053,63133651,1341,1387,0,951,201,0
2054,63143651,1338,1386,0,956,201,0
2055,63153651,1336,1383,0,965,201,0
2056,63163651,1335,1383,0,973,201,0
2057,63173651,1336,1384,0,983,197,0
2058,63183651,1336,1384,0,988,193,0
2059,63193651,1338,1384,0,990,189,0
2060,63203651,1338,1385,0,995,188,0
2061,63213651,1338,1386,0,999,186,0
2062,63223651,1340,1387,0,1010,183,0
2063,63233651,1339,1387,0,1013,180,0
2064,63243651,1340,1389,0,1016,176,0
2065,63253651,1343,1389,0,1025,172,591
2066,63263651,1339,1390,0,1041,171,622
2067,63273651,1339,1389,0,1048,165,619
2068,63283651,1339,1386,0,1054,159,645
2069,63293651,1338,1385,0,1063,158,733
2070,63303651,1333,1382,0,1067,158,736
2071,63313651,1328,1377,0,1078,158,751
2072,63323651,1325,1370,0,1083,167,759
2073,63333651,1318,1366,0,1102,173,763
2074,63343651,1309,1359,0,1099,181,785
2075,63353651,1301,1353,0,1110,189,797
2076,63363651,1298,1342,0,1117,203,803
2077,63373651,1263,1340,0,1122,205,817
2078,63383651,1284,1331,0,1127,212,822
2079,63393651,1275,1318,0,1131,215,832
2080,63403651,1270,1320,0,1138,221,841
2081,63413651,1256,1310,0,1142,228,848
2082,63423651,1254,1306,0,1146,237,854
2083,63433651,1245,1297,0,1153,238,858
2084,63443651,1242,1290,0,1159,249,862
2085,63453651,1236,1284,0,1161,258,870
2086,63463651,1230,1273,0,1165,261,875
2087,63473651,1220,1264,0,1169,276,879
2088,63483651,1214,1251,0,1172,282,885
2089,63493651,1206,1238,0,1175,290,892
2090,63503652,1199,1226,0,1177,305,908
2091,63513651,1192,1213,0,1178,315,918
2092,63523651,1189,1201,0,1179,340,930
2093,63533651,1183,1188,0,1180,362,0
2094,63543651,1177,1177,0,1182,401,0
2095,63553651,1159,1164,0,1186,423,0
2096,63563651,1123,1058,0,1118,417,0
2097,63573651,1114,1120,0,1193,488,0
2098,63583651,1082,1097,0,1197,510,0
2099,63593651,1052,1065,0,1200,541,0
2100,63603651,1013,1035,0,1201,572,0
2101,63613651,970,1008,0,1206,601,0
2102,63623651,907,959,0,1208,636,0
2103,63633651,810,814,0,1212,667,0
2104,63643651,768,827,0,1212,699,0
2105,63653651,673,757,0,1216,739,0
2106,63663651,566,684,0,1218,778,0
2107,63673651,443,599,0,1217,797,0
2108,63683651,330,495,0,1212,830,0
2109,63693651,202,376,0,1189,777,0
2110,63703651,98,256,0,1204,862,1239
2111,63713651,5,140,0,1199,875,1256
2112,63723651,0,55,0,1192,885,1275
2113,63733651,0,0,0,1182,876,1279
2114,63743651,0,0,0,1174,861,1282
2115,63753651,0,0,0,1164,827,1279
2116,63763651,0,0,0,1131,723,1221
2117,63773651,0,0,0,1130,736,1269
2118,63783651,0,0,0,1104,664,1262
2119,63793651,0,0,533,1067,593,1255
2120,63803651,0,0,485,1027,506,1250
2121,63813651,0,0,442,982,415,1256
2122,63823651,0,0,407,934,340,1261
2123,63833651,0,0,378,889,231,1270
2124,63843651,0,0,365,845,142,1254
2125,63853651,0,0,366,806,53,1128
2126,63863651,0,0,352,752,0,1183
2127,63873651,0,0,332,709,0,1145
2128,63883651,0,0,316,663,0,1076
2129,63893651,0,0,312,628,0,990
2130,63903651,0,0,297,572,0,927
2131,63913651,0,0,281,524,0,840
2132,63923651,0,0,246,467,0,729
2133,63933651,0,0,218,409,0,576
2134,63943651,0,0,194,371,0,376
2135,63953651,0,0,172,284,0,151
2136,63963651,0,0,145,220,0,16
2137,63973651,0,0,123,189,0,17
2138,63983651,0,0,120,185,0,29
2139,63993651,0,0,116,180,0,30
2140,64003651,0,0,116,172,0,17
2141,64013651,0,0,104,167,0,12
2142,64023651,0,0,94,165,0,1
2143,64033651,0,0,88,157,0,1
2144,64043651,0,0,90,158,0,0
2145,64053651,0,0,83,157,0,0
2146,64063651,0,0,82,157,0,0
2147,64073651,0,0,84,158,0,0
2148,64083651,0,0,74,156,0,0
2149,64093651,0,0,78,152,0,0
2150,64103651,0,0,83,152,0,0
2151,64113651,0,0,78,156,0,0
2152,64123651,0,0,76,154,0,0
2153,64133651,0,0,72,150,0,0
2154,64143651,0,0,68,144,0,0
2155,64153651,0,0,60,138,0,0
2156,64163651,0,0,60,115,0,0
2157,64173651,0,0,49,120,0,0
2158,64183651,0,0,38,117,0,0
2159,64193651,0,0,22,108,0,0
2160,64203651,0,0,14,101,0,0
2161,64213651,0,0,7,89,0,0
2162,64223651,0,0,0,75,0,0
2163,64233651,0,0,0,59,0,0
2164,64243651,0,0,0,57,0,0
2165,64253651,0,0,0,44,0,0
2166,64263651,0,0,0,36,0,0
2167,64273651,0,0,0,38,0,0
2168,64283651,0,0,0,43,0,0
2169,64293651,0,0,1,48,0,0
2170,64303651,0,0,0,51,0,0
2171,64313651,0,0,0,54,0,0
2172,64323651,0,0,0,54,0,0
2173,64333651,0,0,0,55,0,0
2174,64343651,0,0,0,55,0,0
2175,64353651,0,0,0,59,0,0
2176,64363651,0,0,0,59,0,0
2177,64373651,0,0,0,59,0,0
2178,64383651,0,0,0,56,0,0
2179,64393651,0,0,0,56,0,0
2180,64403651,0,0,0,52,0,0
2181,64413651,0,0,0,53,0,0
2182,64423651,0,0,0,52,0,0
2183,64433651,0,0,0,40,0,0
2184,64443651,0,0,0,52,0,0
2185,64453651,0,0,0,47,0,0
2186,64463651,0,0,0,45,0,0
2187,64473651,0,7,0,36,0,0
2188,64483651,0,51,0,30,0,0
2189,64493651,0,95,0,30,0,0
2190,64503651,26,185,0,23,0,0
2191,64513651,96,329,0,9,0,0
2192,64523651,229,501,1,3,0,0
2193,64533651,389,675,7,0,0,0
2194,64543651,544,807,0,0,0,0
2195,64553651,654,900,0,0,0,0
2196,64563651,774,988,0,0,0,0
2197,64573651,883,1096,0,0,0,0
2198,64583651,990,1172,2,0,0,0
2199,64593651,1073,1228,13,0,0,0
2200,64603651,1125,1273,25,14,0,0
2201,64613651,1146,1299,47,31,0,0
2202,64623651,1168,1310,77,54,0,0
2203,64633651,1179,1317,94,66,0,0
2204,64643651,1185,1323,136,120,0,0
2205,64653651,1187,1330,170,158,0,0
2206,64663651,1194,1335,207,198,0,1
2207,64673651,1206,1343,246,231,0,62
2208,64683651,1214,1352,272,259,0,114
2209,64693651,1235,1363,296,286,0,162
2210,64703651,1247,1375,315,316,0,200
2211,64713651,1262,1385,340,346,0,231
2212,64723651,1271,1396,358,366,0,257
2213,64733651,1292,1402,373,386,0,281
2214,64743651,1304,1411,387,415,0,301
2215,64753651,1314,1419,407,432,0,314
2216,64763651,1320,1424,426,423,0,304
2217,64773651,1333,1434,442,458,0,361
2218,64783651,1345,1442,458,472,0,378
2219,64793651,1355,1452,478,488,0,399
2220,64803651,1365,1460,488,505,0,417
2221,64813651,1372,1463,505,536,0,446
2222,64823651,1381,1468,0,564,0,479
2223,64833651,1384,1474,0,589,0,513
2224,64843651,1394,1485,0,613,0,535
2225,64853651,1401,1489,0,631,0,556
2226,64863651,1406,1493,0,650,0,573
2227,64873651,1413,1497,0,668,0,589
2228,64883651,1417,1499,0,684,0,599
2229,64893651,1425,1501,0,698,0,612
2230,64903651,1423,1504,0,717,15,626
2231,64913651,1426,1506,0,731,28,636
2232,64923651,1425,1505,0,748,42,653
2233,64933651,1419,1504,0,770,69,670
2234,64943651,1423,1499,0,792,82,693
2235,64953651,1413,1499,0,815,97,705
2236,64963651,1415,1499,0,827,104,721
2237,64973651,1413,1497,0,846,121,260
2238,64983651,1409,1495,0,860,136,723
2239,64993651,1402,1488,0,875,147,0
2240,65003651,1391,1482,0,888,157,0
2241,65013651,1382,1468,0,896,164,714
2242,65023651,1370,1458,0,914,183,0
2243,65033651,1354,1446,0,927,200,0
2244,65043651,1339,1435,0,937,220,0
2245,65053651,1330,1429,0,946,238,0
2246,65063651,1322,1420,0,953,252,0
2247,65073651,1313,1406,0,959,254,0
2248,65083651,1306,1400,0,968,264,0
2249,65093651,1299,1393,0,973,271,0
2250,65103651,1292,1388,0,984,276,0
2251,65113651,1283,1383,0,992,284,0
2252,65123651,1272,1372,0,1001,298,0
2253,65133651,1259,1361,0,1009,322,0
2254,65143651,1248,1343,0,1015,335,0
2255,65153651,1235,1332,0,1025,360,0
2256,65163651,1222,1320,0,1037,376,0
2257,65173651,1208,1307,0,1047,391,0
2258,65183651,1208,1299,0,1052,396,0
2259,65193651,1198,1289,0,1060,410,0
2260,65203651,1182,1273,0,1067,420,0
2261,65213651,1169,1257,0,1079,432,0
2262,65223651,1150,1238,0,1087,444,0
2263,65233651,1132,1218,0,1090,465,929
2264,65243651,1114,1198,0,1105,480,999
2265,65253651,1085,1179,0,1117,495,1013
2266,65263651,1069,1159,0,1128,517,1032
2267,65273651,1051,1136,0,1137,537,1045
2268,65283651,1030,1117,0,1145,559,968
2269,65293651,998,1106,0,1161,589,1068
2270,65303651,971,1081,0,1163,611,1088
2271,65313651,944,1062,0,1175,632,1104
2272,65323651,912,1038,0,1186,649,1117
2273,65333651,872,1013,0,1194,664,1141
2274,65343651,841,979,0,1199,684,1160
2275,65353651,806,942,0,1205,701,1178
2276,65363651,765,908,0,1210,727,1195
2277,65373651,731,873,972,1217,749,1209
2278,65383651,694,849,1003,1224,777,1230
2279,65393651,660,821,1083,1230,812,1243
2280,65403651,614,788,1088,1235,841,1132
2281,65413652,570,752,1094,1242,877,0
2282,65423651,536,720,1098,1248,903,0
2283,65433651,485,686,1099,1253,926,0
2284,65443651,437,649,1102,1256,948,0
2285,65453651,387,598,1102,1257,969,0
2286,65463651,340,545,1102,1261,993,0
2287,65473651,282,485,1105,1266,1017,0
2288,65483652,223,435,1103,1271,1044,0
2289,65493651,155,372,1101,1272,1062,0
2290,65503651,106,328,1093,1273,1084,0
2291,65513651,41,264,1077,1276,1101,0
2292,65523651,0,200,1069,1275,1117,0
2293,65533651,0,141,1053,1273,1126,0
2294,65543651,0,77,1035,1270,1142,0
2295,65553651,0,21,994,1264,1150,0
2296,65563651,0,0,971,1258,1160,0
2297,65573651,0,0,925,1247,1170,0
2298,65583651,0,0,863,1234,1176,0
2299,65593651,0,0,786,1212,1183,0
2300,65603651,0,0,698,1197,1183,0
2301,65613651,0,0,635,1168,1188,0
2302,65623651,0,0,560,1132,1171,0
2303,65633651,0,0,494,1094,1138,0
2304,65643651,0,0,426,1050,1096,0
2305,65653651,0,0,376,1007,1039,1514
2306,65663651,0,0,320,953,937,1522
2307,65673651,0,0,242,829,823,1543
2308,65683651,0,0,220,845,710,1550
2309,65693651,0,0,208,813,590,1545
2310,65703651,0,0,193,783,415,1528
2311,65713651,0,0,183,733,295,0
2312,65723651,0,0,174,687,183,1468
2313,65733651,0,0,167,666,99,1405
2314,65743651,0,0,137,626,35,1331
2315,65753651,0,0,109,580,0,1254
2316,65763651,0,0,102,529,0,1178
2317,65773651,0,0,93,0,0,1103
2318,65783651,0,0,84,429,0,994
2319,65793651,0,0,85,376,0,872
2320,65803651,0,0,91,341,0,724
2321,65813651,0,0,88,302,0,540
2322,65823651,0,0,84,259,0,274
2323,65833651,0,0,83,203,0,62
2324,65843651,0,0,56,153,0,12
2325,65853651,0,0,58,146,0,29
2326,65863651,0,0,53,129,0,45
2327,65873651,0,0,42,115,0,40
2328,65883651,0,0,35,93,0,18
2329,65893651,0,0,28,84,0,6
2330,65903651,0,0,23,77,0,5
2331,65913651,0,0,18,82,0,6
2332,65923651,0,0,18,74,0,8
2333,65933651,0,0,18,73,0,8
2334,65943651,0,0,24,78,0,13
2335,65953651,0,0,27,81,0,23
2336,65963651,0,0,32,87,0,31
2337,65973651,0,0,35,89,0,37
2338,65983651,0,0,43,91,0,46
2339,65993651,0,1,41,92,0,53
2340,66003651,0,0,39,89,0,58
2341,66013651,0,0,36,87,0,68
2342,66023651,0,0,25,81,0,84
2343,66033651,0,0,21,85,0,105
2344,66043651,0,0,18,77,0,121
2345,66053651,0,0,20,76,0,140
2346,66063651,0,0,18,73,0,159
2347,66073652,0,0,12,69,0,175
2348,66083651,0,0,4,66,0,213
2349,66093651,0,0,0,62,0,244
2350,66103651,0,0,0,50,0,262
2351,66113651,0,0,0,43,0,274
2352,66123651,0,0,0,41,0,280
2353,66133651,0,0,0,34,0,287
2354,66143651,0,0,0,31,0,312
2355,66153651,0,0,0,31,0,339
2356,66163651,0,0,0,27,0,375
2357,66173651,0,0,0,25,0,414
2358,66183651,0,0,0,21,0,439
2359,66193651,0,0,0,20,0,468
2360,66203652,0,0,0,16,0,490
2361,66213651,0,0,0,17,0,499
2362,66223651,0,0,0,14,0,507
2363,66233651,0,0,0,14,0,506
2364,66243651,0,0,0,10,0,518
2365,66253651,0,0,0,12,0,522
2366,66263651,0,0,0,14,0,501
2367,66273651,0,0,0,14,0,478
2368,66283651,0,6,0,17,0,435
2369,66293651,0,28,0,18,0,394
2370,66303651,0,49,0,15,0,349
2371,66313651,0,76,0,12,0,306
2372,66323651,0,109,0,10,0,255
2373,66333651,0,148,0,5,0,202
2374,66343651,7,226,0,14,0,158
2375,66353651,33,283,0,7,0,107
2376,66363651,99,397,0,2,0,38
2377,66373651,205,533,0,7,0,5
2378,66383651,312,637,0,7,0,0
2379,66393651,412,732,0,2,0,0
2380,66403652,461,761,0,0,0,0
2381,66413651,559,853,0,0,0,0
2382,66423651,632,917,0,0,0,0
2383,66433651,727,988,0,0,0,0
2384,66443651,816,1060,0,0,0,0
2385,66453651,896,1130,0,0,0,0
2386,66463651,966,1165,0,0,0,0
2387,66473651,1023,1207,0,0,0,0
2388,66483651,1064,1233,0,4,0,0
2389,66493651,1097,1255,5,4,0,0
2390,66503651,1126,1279,21,9,0,0
2391,66513651,1148,1306,38,25,0,0
2392,66523651,1169,1316,58,41,0,0
2393,66533652,1189,1328,95,61,0,0
2394,66543651,1202,1349,115,90,0,0
2395,66553651,1216,1366,134,125,0,28
2396,66563651,1236,1381,166,161,0,66
2397,66573651,1253,1395,198,176,0,103
2398,66583651,1273,1417,220,201,0,139
2399,66593651,1297,1434,245,212,0,162
2400,66603651,1312,1448,273,227,0,183
2401,66613651,1329,1463,281,240,0,205
2402,66623651,1338,1470,286,257,0,221
2403,66633651,1356,1484,299,285,0,236
2404,66643651,1364,1498,325,309,0,248
2405,66653651,1371,1506,346,346,0,266
2406,66663651,1370,1511,379,392,0,286
2407,66673651,1378,1516,412,428,0,311
2408,66683651,1383,1520,450,459,0,329
2409,66693651,1384,1525,480,490,0,347
2410,66703651,1392,1527,506,525,0,364
2411,66713651,1391,1530,534,553,0,379
2412,66723651,1397,1536,555,593,0,400
2413,66733652,1402,1543,587,616,0,411
2414,66743651,1403,1546,607,637,0,432
2415,66753651,1404,1548,614,663,0,447
2416,66763651,1411,1550,626,687,1,474
2417,66773651,1416,1553,635,707,4,497
2418,66783651,1422,1557,0,726,14,520
2419,66793651,1383,1420,0,738,25,536
2420,66803651,1430,1561,0,749,35,534
2421,66813651,1431,1562,0,761,49,571
2422,66823651,1431,1563,0,772,69,597
2423,66833651,1433,1564,0,786,79,618
2424,66843651,1435,1564,0,799,98,642
2425,66853651,1435,1562,0,809,104,676
2426,66863651,1347,1561,0,812,111,698
2427,66873651,1434,1559,0,817,118,720
2428,66883651,1434,1556,0,818,122,740
2429,66893651,1433,1554,0,816,134,757
2430,66903651,1433,1550,0,816,150,778
2431,66913651,1432,1545,0,815,160,790
2432,66923651,1430,1541,0,818,171,805
2433,66933651,1427,1531,0,820,184,817
2434,66943651,1420,1527,0,822,194,807
2435,66953651,1418,1523,0,827,205,823
2436,66963651,1413,1518,0,832,210,847
2437,66973651,1406,1515,0,840,216,856
2438,66983651,1403,1512,0,843,217,869
2439,66993651,1402,1510,0,846,225,877
2440,67003651,1402,1509,0,852,226,884
2441,67013651,1402,1510,0,855,229,890
2442,67023651,1402,1508,0,858,234,895
2443,67033651,1401,1506,0,861,234,901
2444,67043651,1400,1501,0,868,239,905
2445,67053651,1397,1500,0,869,241,910
2446,67063651,1376,1434,0,843,213,916
2447,67073651,1395,1496,0,877,259,921
2448,67083651,1393,1493,0,882,258,921
2449,67093651,1392,1490,0,888,261,923
2450,67103651,1389,1489,0,893,267,925
2451,67113651,1388,1485,0,903,273,928
2452,67123651,1386,1481,0,909,274,934
2453,67133651,1363,1413,0,883,239,938
2454,67143651,1379,1466,0,922,276,949
2455,67153651,1373,1461,0,930,283,952
2456,67163651,1365,1454,0,940,285,955
2457,67173651,1356,1446,0,949,301,966
2458,67183651,1350,1436,0,953,314,971
2459,67193651,1300,1361,0,900,313,884
2460,67203651,1333,1424,0,967,350,981
2461,67213651,1325,1413,0,974,369,986
2462,67223651,1319,1401,0,979,385,995
2463,67233651,1308,1390,0,987,397,998
2464,67243651,1300,1380,0,987,408,998
2465,67253651,1289,1367,0,996,414,986
2466,67263651,1277,1357,0,1000,432,934
2467,67273651,1268,1349,0,1003,435,1003
2468,67283651,1259,1335,0,1013,444,986
2469,67293651,1254,1324,0,1020,460,505
2470,67303651,1246,1316,0,1031,471,123
2471,67313651,1237,1301,0,1032,472,1016
2472,67323651,1191,1177,0,1041,487,1014
2473,67333651,1213,1273,0,1046,501,943
2474,67343651,1200,1258,0,1056,513,996
2475,67353651,1188,1250,0,1063,534,117
2476,67363651,1176,1234,0,1067,546,0
2477,67373651,1165,1224,0,1071,558,0
2478,67383651,1148,1212,0,1080,577,0
2479,67393651,1136,1196,0,1078,590,0
2480,67403651,1115,1182,0,1084,604,0
2481,67413651,1098,1167,0,1078,616,952
2482,67423651,1066,1139,0,1077,627,952
2483,67433651,1021,1099,0,1084,641,0
2484,67443651,965,1058,0,1084,661,1052
2485,67453651,871,940,0,1050,598,0
2486,67463651,828,923,0,1082,695,0
2487,67473651,742,846,0,1081,713,0
2488,67483651,633,746,1,1079,730,0
2489,67493651,480,638,0,1076,744,0
2490,67503651,332,483,0,1073,765,0
2491,67513651,157,312,0,1051,717,0
2492,67523651,24,179,0,1064,786,0
2493,67533651,0,91,0,1062,801,0
2494,67543651,0,20,0,1051,806,0
2495,67553651,0,0,0,1038,788,0
2496,67563651,0,0,0,1015,770,0
2497,67573651,0,0,0,994,758,0
2498,67583651,0,0,360,956,655,0
2499,67593651,0,0,394,949,679,0
2500,67603651,0,0,362,916,613,0
2501,67613651,0,0,327,872,540,1179
2502,67623651,0,0,288,812,433,1191
2503,67633651,0,0,274,748,342,1194
2504,67643651,0,0,274,698,175,0
2505,67653651,0,0,263,641,89,0
2506,67663651,0,0,239,582,0,1085
2507,67673651,0,0,221,519,0,1007
2508,67683651,0,0,208,459,0,939
2509,67693651,0,0,183,410,0,821
2510,67703651,0,0,163,360,0,709
2511,67713651,0,0,134,291,0,598
2512,67723651,0,0,144,295,0,406
2513,67733651,0,0,120,233,0,158
2514,67743651,0,6,85,167,0,43
2515,67753651,0,17,61,133,0,43
2516,67763651,0,19,51,99,0,46
2517,67773651,1,16,31,73,0,36
2518,67783651,0,11,21,55,0,15
2519,67793651,0,12,16,46,0,4
2520,67803651,0,7,11,44,0,0
2521,67813651,0,1,12,48,0,0
2522,67823651,0,0,19,59,0,0
2523,67833651,0,0,22,63,0,0
2524,67843651,0,0,27,79,0,0
2525,67853651,0,0,29,89,0,0
2526,67863651,0,0,40,102,0,0
2527,67873651,0,0,47,108,0,1
2528,67883651,0,0,50,116,0,0
2529,67893651,0,0,54,123,2,0
2530,67903651,0,0,56,125,0,0
2531,67913651,0,0,53,112,0,0
2532,67923651,0,0,46,107,0,0
2533,67933651,0,0,40,90,0,0
2534,67943651,0,0,24,71,0,0
2535,67953651,0,0,15,52,0,0
2536,67963651,0,0,6,55,0,0
2537,67973651,0,0,0,48,0,0
2538,67983651,0,0,0,52,0,4
2539,67993651,0,0,0,52,0,0
2540,68003651,0,0,0,59,0,0
2541,68013651,0,0,0,61,0,0
2542,68023651,0,0,0,67,0,0
2543,68033651,0,0,0,71,0,0
2544,68043651,0,0,0,71,0,0
2545,68053651,0,0,0,71,0,0
2546,68063651,0,0,0,65,0,0
2547,68073651,0,0,0,57,0,0
2548,68083651,0,0,0,44,0,0
2549,68093651,0,0,0,41,0,0
2550,68103651,0,0,0,13,0,0
2551,68113651,0,0,0,27,0,0
2552,68123651,0,0,0,28,0,0
2553,68133651,0,0,0,30,0,0
2554,68143651,0,0,0,33,0,0
2555,68153651,0,0,0,36,0,0
2556,68163651,0,0,0,38,0,0
2557,68173651,0,0,0,38,0,0
2558,68183651,0,0,0,35,0,0
2559,68193651,0,0,0,32,0,0
2560,68203651,0,0,0,36,0,0
2561,68213651,0,0,0,35,0,0
2562,68223651,0,0,0,37,0,0
2563,68233651,0,0,0,39,0,0
2564,68243651,0,0,0,43,0,0
2565,68253651,0,0,0,46,0,0
2566,68263651,0,0,0,47,0,0
2567,68273651,0,0,0,47,0,0
2568,68283651,0,12,0,42,0,0
2569,68293651,0,33,0,22,0,0
2570,68303651,4,125,0,23,0,0
2571,68313651,72,249,0,13,0,0
2572,68323651,211,455,0,3,0,0
2573,68333651,418,659,0,0,0,0
2574,68343651,602,800,0,0,0,0
2575,68353651,723,905,2,0,0,0
2576,68363651,829,1002,0,0,0,0
2577,68373651,932,1095,2,0,0,0
2578,68383651,1032,1181,12,0,0,0
2579,68393651,1111,1253,22,5,0,0
2580,68403651,1176,1314,45,24,0,0
2581,68413651,1244,1364,76,48,0,0
2582,68423651,1277,1396,109,75,0,0
2583,68433651,1300,1422,139,113,0,0
2584,68443651,1311,1438,172,136,0,0
2585,68453651,1330,1453,206,169,0,0
2586,68463651,1350,1471,242,216,0,0
2587,68473651,1366,1494,278,249,0,0
2588,68483651,1380,1508,309,287,0,0
2589,68493651,1357,1454,311,309,0,0
2590,68503651,1420,1544,364,348,0,0
2591,68513651,1434,1557,382,367,0,0
2592,68523651,1448,1571,397,391,0,0
2593,68533651,1461,1582,413,397,0,0
2594,68543651,1475,1594,429,409,0,0
2595,68553651,1483,1605,440,419,0,0
2596,68563651,1490,1612,458,424,0,0
2597,68573651,1495,1620,463,426,0,0
2598,68583651,1497,1625,473,428,0,0
2599,68593651,1503,1632,480,433,0,0
2600,68603651,1510,1638,486,445,0,0
2601,68613651,1513,1643,488,443,0,7
2602,68623651,1477,1514,489,453,0,17
2603,68633651,1523,1652,503,458,0,26
2604,68643651,1528,1656,510,476,0,36
2605,68653651,1534,1659,520,476,0,44
2606,68663651,1543,1664,529,489,0,54
2607,68673651,1549,1671,537,494,0,54
2608,68683651,1558,1675,543,506,0,78
2609,68693651,1559,1677,555,519,0,98
2610,68703651,1561,1683,570,531,0,112
2611,68713651,1567,1685,576,538,0,139
2612,68723651,1573,1687,582,542,0,163
2613,68733651,1580,1688,587,550,0,181
2614,68743651,1582,1691,586,549,0,203
2615,68753651,1590,1692,588,546,0,218
2616,68763651,1595,1689,590,550,0,230
2617,68773651,1600,1693,591,553,0,242
2618,68783651,1603,1694,595,553,0,245
2619,68793651,1612,1693,597,559,0,251
2620,68803651,1604,1695,603,566,0,269
2621,68813651,1604,1689,609,581,0,284
2622,68823651,1594,1687,556,578,0,279
2623,68833651,1596,1681,629,607,0,328
2624,68843651,1591,1670,603,621,0,346
2625,68853651,1586,1670,0,633,0,368
2626,68863651,1579,1664,0,649,0,379
2627,68873651,1578,1657,0,660,0,398
2628,68883651,1581,1654,0,671,0,414
2629,68893651,1565,1646,0,668,0,394
2630,68903651,1568,1644,0,692,0,439
2631,68913651,1565,1642,0,698,0,449
2632,68923651,1560,1639,0,712,0,463
2633,68933651,1554,1634,0,720,0,488
2634,68943651,1552,1632,0,731,0,498
2635,68953651,1547,1631,0,746,0,473
2636,68963651,1528,1617,0,747,0,511
2637,68973651,1531,1612,0,778,12,563
2638,68983651,1526,1604,0,791,25,581
2639,68993651,1519,1599,0,801,35,593
2640,69003651,1514,1593,0,804,50,604
2641,69013651,1510,1587,0,819,55,616
2642,69023651,1510,1579,0,825,78,624
2643,69033651,1493,1574,0,839,90,643
2644,69043651,1492,1563,0,845,91,664
2645,69053651,1484,1554,0,854,111,682
2646,69063651,1473,1553,0,865,120,698
2647,69073651,1467,1537,0,874,138,716
2648,69083651,1457,1524,0,885,152,740
2649,69093651,1446,1512,0,895,169,629
2650,69103651,1430,1498,0,907,186,0
2651,69113651,1414,1485,0,923,210,0
2652,69123651,1399,1471,0,937,248,0
2653,69133651,1385,1451,0,941,257,0
2654,69143651,1371,1438,0,949,280,0
2655,69153651,1357,1424,0,954,292,0
2656,69163651,1341,1405,0,966,303,0
2657,69173651,1322,1389,0,970,316,0
2658,69183651,1304,1374,0,982,346,0
2659,69193651,1281,1348,0,988,374,0
2660,69203651,1257,1323,0,994,407,0
2661,69213651,1234,1300,0,1004,428,0
2662,69223651,1207,1267,0,1016,445,0
2663,69233651,1183,1225,0,1042,467,0
2664,69243651,1147,1160,0,1042,495,0
2665,69253651,1118,1093,0,1055,523,0
2666,69263651,1068,1053,0,1061,562,0
2667,69273651,1011,996,0,1069,603,0
2668,69283651,942,944,0,1076,633,0
2669,69293651,888,875,0,1042,626,0
2670,69303651,821,809,0,1081,697,0
2671,69313651,749,750,0,1083,726,0
2672,69323651,665,683,0,1077,745,0
2673,69333651,586,619,0,1074,773,0
2674,69343651,500,562,874,1062,779,1236
2675,69353651,401,504,855,1052,778,1247
2676,69363651,326,435,835,1037,779,1253
2677,69373651,198,346,802,1018,780,1257
2678,69383651,73,254,764,1012,784,1265
2679,69393651,0,143,711,1001,798,1273
2680,69403651,0,61,0,988,810,1280
2681,69413651,0,3,0,976,811,1282
2682,69423651,0,0,0,923,743,1230
2683,69433651,0,0,445,930,805,1275
2684,69443651,0,0,408,891,783,1265
2685,69453651,0,0,348,845,728,1253
2686,69463651,0,0,299,792,658,1253
2687,69473651,0,0,268,716,568,1240
2688,69483651,1,0,229,650,437,1235
2689,69493651,0,0,217,602,317,1222
2690,69503651,0,0,213,526,171,1179
2691,69513651,0,0,198,459,45,1023
2692,69523651,0,0,168,389,0,1057
2693,69533651,0,0,145,341,0,947
2694,69543651,0,0,119,296,0,817
2695,69553652,3,0,107,255,0,631
2696,69563651,0,0,98,231,0,346
2697,69573651,0,0,98,187,0,95
2698,69583651,0,8,96,159,0,0
2699,69593651,0,19,99,153,0,0
2700,69603651,0,1,105,147,0,21
2701,69613651,0,5,101,140,0,26
2702,69623651,0,13,92,117,0,7
2703,69633651,0,19,84,109,0,0
2704,69643651,0,20,73,105,0,0
2705,69653651,0,20,71,98,0,0
2706,69663651,0,23,70,97,0,0
2707,69673651,0,23,68,98,0,0
2708,69683651,0,23,39,91,0,0
2709,69693651,0,24,65,97,0,0
2710,69703651,0,22,69,100,0,0
2711,69713651,0,23,69,98,0,0
2712,69723651,0,23,69,99,0,0
2713,69733651,0,22,69,102,0,0
2714,69743651,0,22,59,101,0,0
2715,69753651,0,18,59,103,0,0
2716,69763651,0,20,55,101,0,0
2717,69773651,0,21,53,91,0,0
2718,69783651,0,19,49,87,0,0
2719,69793651,0,18,40,78,0,0
2720,69803651,0,18,40,73,0,0
2721,69813651,0,20,43,75,0,0
2722,69823651,0,14,45,80,0,0
2723,69833651,0,15,48,82,0,0
2724,69843651,0,15,50,84,0,0
2725,69853651,0,13,56,84,0,0
2726,69863651,0,9,45,86,0,0
2727,69873651,0,8,40,84,0,0
2728,69883651,0,5,39,83,0,0
2729,69893651,0,5,38,84,0,0
2730,69903651,0,4,40,85,0,0
2731,69913651,0,0,40,85,0,0
2732,69923651,0,0,38,84,0,0
2733,69933651,0,0,36,78,0,0
2734,69943651,0,0,35,74,0,0
2735,69953651,0,0,36,70,0,0
2736,69963651,0,0,36,75,0,0
2737,69973651,0,0,46,78,0,0
2738,69983651,0,0,41,81,0,0
2739,69993651,0,0,41,85,0,0
2740,70003651,0,0,44,88,0,0
2741,70013651,0,0,51,87,0,0
2742,70023651,0,0,53,88,0,0
2743,70033651,0,0,55,85,0,0
2744,70043651,0,0,53,90,0,0
2745,70053651,0,0,55,90,0,0
2746,70063651,0,0,55,97,0,0
2747,70073651,0,0,57,101,0,0
2748,70083651,0,0,62,105,0,0
2749,70093651,0,0,70,110,0,0
2750,70103651,0,0,73,115,0,0
2751,70113651,0,0,89,122,0,0
2752,70123651,0,0,89,128,0,0
2753,70133651,0,0,96,136,0,0
2754,70143651,0,0,98,139,0,0
2755,70153651,0,0,98,134,0,0
2756,70163651,0,0,103,138,0,0
2757,70173651,0,0,102,139,0,0
2758,70183651,0,0,103,134,0,0
2759,70193651,25,151,102,130,0,0
2760,70203651,128,340,70,87,0,0
2761,70213651,499,718,92,74,0,0
2762,70223651,885,1065,83,44,0,0
2763,70233651,1078,1226,108,46,0,2
2764,70243651,1150,1287,154,71,0,0
2765,70253651,1200,1330,175,89,0,0
2766,70263651,1242,1378,215,119,0,0
2767,70273651,1259,1399,284,190,0,0
2768,70283651,1278,1427,355,275,0,0
2769,70293651,1302,1447,431,369,0,0
2770,70303651,1333,1468,504,439,0,0
2771,70313651,1356,1492,556,505,0,1
2772,70323651,1380,1508,606,559,0,20
2773,70333651,1370,1523,656,605,0,62
2774,70343651,1415,1536,683,634,0,116
2775,70353651,1428,1547,711,660,0,157
2776,70363651,1439,1560,727,682,0,192
2777,70373651,1452,1567,742,691,0,222
2778,70383651,1462,1578,751,701,0,244
2779,70393651,1469,1580,758,713,0,229
2780,70403651,1478,1589,766,722,0,267
2781,70413651,1487,1593,775,729,0,268
2782,70423651,1491,1601,781,731,0,273
2783,70433651,1495,1607,783,739,0,276
2784,70443651,1497,1610,791,743,0,280
2785,70453651,1504,1616,795,753,0,285
2786,70463651,1505,1619,795,748,0,247
2787,70473651,1510,1623,798,754,2,297
2788,70483651,1512,1623,801,759,0,303
2789,70493651,1512,1624,803,760,0,315
2790,70503651,1518,1625,801,760,0,327
2791,70513651,1516,1625,801,760,0,343
2792,70523651,1515,1625,796,757,0,356
2793,70533651,1516,1627,794,753,0,364
2794,70543651,1514,1625,791,750,0,374
2795,70553651,1516,1624,787,744,0,382
2796,70563651,1520,1627,781,741,0,390
2797,70573651,1520,1626,776,730,0,398
2798,70583651,1522,1628,773,728,0,406
2799,70593651,1519,1623,768,696,0,377
2800,70603651,1524,1628,771,723,0,422
2801,70613651,1525,1629,770,722,0,428
2802,70623651,1521,1623,769,719,0,441
2803,70633651,1526,1628,767,713,0,440
2804,70643651,1525,1640,765,714,0,444
2805,70653651,1530,1629,760,712,0,454
2806,70663651,1528,1623,758,703,0,459
2807,70673651,1529,1627,757,697,0,466
2808,70683651,1525,1628,755,705,0,467
2809,70693651,1526,1629,752,698,0,469
2810,70703651,1528,1628,750,697,0,472
2811,70713651,1527,1628,749,694,3,477
2812,70723651,1527,1629,746,692,0,483
2813,70733651,1519,1626,746,690,0,492
2814,70743651,1516,1625,742,688,0,518
2815,70753651,1511,1623,740,691,1,529
2816,70763651,1510,1616,741,678,1,541
2817,70773651,1508,1618,741,679,7,553
2818,70783651,1504,1616,741,678,11,501
2819,70793651,1500,1614,740,699,24,571
2820,70803651,1499,1611,739,697,35,578
2821,70813651,1496,1609,742,700,50,582
2822,70823651,1495,1607,745,701,58,581
2823,70833651,1496,1607,746,699,57,581
2824,70843651,1494,1603,749,694,58,523
2825,70853651,1491,1601,750,698,64,587
2826,70863651,1490,1601,743,695,76,599
2827,70873651,1490,1597,743,691,90,630
2828,70883651,1487,1595,743,694,103,662
2829,70893651,1483,1594,742,694,109,677
2830,70903651,1481,1591,747,692,114,713
2831,70913651,1452,1478,711,643,99,740
2832,70923651,1463,1579,752,697,123,805
2833,70933651,1453,1572,755,699,128,851
2834,70943651,1449,1566,761,705,156,882
2835,70953651,1444,1562,765,714,153,911
2836,70963651,1437,1558,775,718,164,934
2837,70973651,1429,1551,775,725,178,881
2838,70983651,1407,1534,789,731,187,984
2839,70993651,1385,1514,798,740,201,1011
2840,71003651,1359,1486,799,747,220,1040
2841,71013651,1323,1450,805,755,234,1062
2842,71023651,1289,1407,805,759,247,1081
2843,71033651,1261,1360,805,763,258,1095
2844,71043651,1230,1300,735,755,237,1063
2845,71053651,1202,1239,807,776,286,1126
2846,71063651,1167,1199,808,781,291,1138
2847,71073651,1125,1156,807,788,307,1144
2848,71083651,1079,1092,806,792,327,1151
2849,71093651,1018,1036,807,796,340,1159
2850,71103651,952,956,807,805,350,1169
2851,71113651,846,855,805,810,375,1179
2852,71123651,738,751,794,817,404,1190
2853,71133651,633,659,774,823,437,1195
2854,71143651,491,572,760,830,464,1208
2855,71153651,345,470,723,837,496,0
2856,71163651,201,362,679,841,520,1
2857,71173651,83,272,616,844,543,0
2858,71183651,4,176,565,841,563,0
2859,71193651,0,102,518,829,567,0
2860,71203651,0,38,474,807,555,1157
2861,71213651,0,0,449,776,522,1112
2862,71223651,0,0,411,726,482,866
2863,71233651,0,0,370,660,427,0
2864,71243651,0,0,334,558,357,0
2865,71253651,0,0,280,468,284,871
2866,71263651,0,0,248,405,183,752
2867,71273651,0,0,213,345,81,632
2868,71283651,0,0,177,297,0,468
2869,71293651,0,0,156,269,0,317
2870,71303651,0,0,118,233,0,168
2871,71313651,0,0,88,181,0,9
2872,71323651,0,0,70,120,0,0
2873,71333651,0,10,58,82,0,0
2874,71343651,0,29,64,59,0,0
2875,71353651,0,40,59,56,0,0
2876,71363651,0,42,60,54,0,0
2877,71373651,0,43,62,56,0,0
2878,71383651,0,52,57,58,0,0
2879,71393651,0,57,49,55,0,0
2880,71403651,0,70,45,57,0,0
2881,71413651,0,76,36,54,0,0
2882,71423651,0,77,38,47,0,0
2883,71433651,0,55,21,25,0,0
2884,71443651,0,86,35,47,0,0
2885,71453651,0,87,33,44,0,0
2886,71463651,0,88,33,41,0,0
2887,71473651,0,91,28,37,0,0
2888,71483651,0,89,25,33,0,2
2889,71493651,0,89,22,23,0,0
2890,71503651,0,89,23,23,0,0
2891,71513651,0,87,17,23,0,0
2892,71523651,0,88,19,26,0,0
2893,71533651,0,85,20,24,0,0
2894,71543651,0,82,19,25,0,0
2895,71553651,0,81,20,27,0,0
2896,71563651,0,74,23,25,0,0
2897,71573651,0,73,24,31,0,0
2898,71583651,0,71,22,33,0,0
2899,71593651,0,70,25,36,1,0
2900,71603651,0,63,26,40,0,0
2901,71613651,0,65,27,42,0,0
2902,71623651,0,58,27,41,0,0
2903,71633651,0,56,24,42,0,0
2904,71643651,0,53,26,42,0,0
2905,71653651,0,57,23,37,0,0
2906,71663651,0,61,21,32,0,0
2907,71673651,0,53,19,27,0,0
2908,71683652,0,33,5,16,0,0
2909,71693651,0,50,11,22,0,0
2910,71703651,0,49,9,21,0,0
2911,71713651,0,46,6,20,0,0
2912,71723651,0,46,4,20,0,0
2913,71733651,0,40,0,16,0,0
2914,71743651,0,25,0,9,0,0
2915,71753651,0,40,1,16,0,0
2916,71763651,0,38,2,18,0,0
2917,71773651,0,30,1,23,0,0
2918,71783651,0,24,3,23,0,0
2919,71793651,0,23,3,23,0,0
2920,71803651,0,20,3,26,0,0
2921,71813651,0,15,1,24,0,0
2922,71823651,0,8,0,28,0,0
2923,71833651,0,5,0,24,0,0
2924,71843651,0,1,0,22,0,0
2925,71853651,0,1,0,20,0,0
2926,71863651,0,2,0,13,0,0
2927,71873651,0,1,0,8,0,0
2928,71883651,0,1,0,11,0,0
2929,71893651,0,0,0,11,0,0
2930,71903651,0,0,0,13,1,0
2931,71913651,0,0,0,15,0,0
2932,71923651,0,0,0,15,0,0
2933,71933651,0,0,0,19,0,0
2934,71943651,0,0,0,12,0,0
2935,71953651,0,0,0,18,0,0
2936,71963651,0,1,0,21,5,0
2937,71973651,0,4,0,21,0,0
2938,71983651,0,29,0,20,0,0
2939,71993651,0,42,0,20,0,0
2940,72003651,0,76,0,21,0,0
2941,72013651,0,116,7,18,0,0
2942,72023651,0,156,9,20,0,0
2943,72033651,15,199,13,23,0,0
2944,72043651,44,269,14,21,0,0
2945,72053651,119,393,18,21,0,0
2946,72063651,250,538,17,20,0,0
2947,72073651,403,625,7,1,0,0
2948,72083651,618,828,2,0,0,0
2949,72093651,799,966,2,0,0,0
2950,72103651,932,1054,9,0,0,0
2951,72113651,1019,1138,27,0,0,0
2952,72123651,1065,1175,64,22,0,0
2953,72133651,1083,1188,130,69,0,0
2954,72143651,1098,1204,199,152,0,0
2955,72153651,1101,1209,277,232,0,0
2956,72163651,1109,1225,340,313,0,0
2957,72173651,1114,1233,420,409,0,31
2958,72183651,1120,1244,486,495,0,118
2959,72193651,1133,1258,551,584,0,206
2960,72203651,1160,1276,616,651,0,275
2961,72213651,1178,1297,670,693,0,323
2962,72223651,1203,1315,715,742,0,362
2963,72233651,1221,1331,749,772,0,399
2964,72243651,1242,1350,780,794,0,422
2965,72253651,1254,1362,793,816,0,444
2966,72263651,1258,1368,815,833,0,478
2967,72273651,1261,1372,843,856,0,501
2968,72283651,1266,1378,858,874,16,528
2969,72293651,1262,1379,875,891,34,555
2970,72303651,1259,1379,892,913,50,577
2971,72313651,1257,1378,913,932,54,592
2972,72323651,1249,1375,933,951,78,619
2973,72333651,1245,1374,954,977,98,646
2974,72343651,1198,1249,960,995,111,666
2975,72353651,1232,1371,986,1012,127,681
2976,72363651,1226,1370,1000,1029,139,693
2977,72373651,1221,1370,1004,1042,150,701
2978,72383651,1213,1368,1017,1050,163,713
2979,72393651,1207,1366,1030,1062,171,724
2980,72403651,1198,1360,1037,1069,185,731
2981,72413651,1190,1354,1047,1080,203,745
2982,72423651,1179,1344,1052,1091,217,758
2983,72433651,1174,1340,1056,1096,225,764
2984,72443651,1170,1333,1055,1101,236,777
2985,72453651,1169,1334,1067,1107,247,782
2986,72463651,1166,1333,1070,1110,250,785
2987,72473651,1165,1332,1070,1110,257,788
2988,72483651,1167,1334,1071,1111,252,784
2989,72493651,1168,1334,1065,1112,250,773
2990,72503651,1171,1336,1074,1112,251,767
2991,72513651,1170,1334,1071,1112,253,765
2992,72523651,1168,1333,1073,1112,262,767
2993,72533651,1163,1332,1070,1111,263,694
2994,72543651,1157,1325,1074,1115,270,769
2995,72553651,1152,1323,1077,1117,273,779
2996,72563651,1149,1321,1078,1117,283,777
2997,72573651,1148,1319,1079,1121,284,782
2998,72583651,1147,1319,1079,1125,293,782
2999,72593651,1142,1314,1083,1127,303,786
3000,72603651,1132,1307,1089,1129,312,787
3001,72613651,1122,1302,1093,1132,327,795
3002,72623651,1113,1299,1094,1134,330,807
3003,72633651,1109,1292,1097,1139,345,817
3004,72643651,1103,1290,1099,1141,356,824
3005,72653651,1098,1284,1102,1142,365,834
3006,72663652,1091,1274,1104,1145,378,845
3007,72673651,1078,1269,1106,1145,393,855
3008,72683651,1063,1259,1104,1147,411,860
3009,72693651,1049,1252,1110,1148,423,871
3010,72703651,1037,1241,1110,1154,447,872
3011,72713651,1019,1235,1117,1157,461,884
3012,72723651,1007,1225,1022,1140,441,814
3013,72733651,1000,1212,1112,1158,487,905
3014,72743651,988,1204,1114,1164,498,917
3015,72753651,981,1191,1114,1159,518,924
3016,72763651,973,1179,1116,1160,530,931
3017,72773651,969,1173,1114,1158,541,937
3018,72783651,962,1166,1118,1160,553,939
3019,72793651,951,1160,1115,1158,557,947
3020,72803651,949,1156,1116,1160,567,953
3021,72813651,944,1147,1112,1159,578,963
3022,72823651,943,1144,1116,1159,582,961
3023,72833651,942,1140,1119,1162,592,968
3024,72843651,935,1137,1117,1159,589,970
3025,72853651,925,1132,1025,1146,539,929
3026,72863651,921,1129,1114,1161,602,984
3027,72873651,917,1123,1115,1159,605,988
3028,72883651,915,1116,1118,1160,612,987
3029,72893651,911,1112,1114,1160,613,993
3030,72903651,898,1109,1117,1160,614,998
3031,72913651,901,1106,1026,1142,560,963
3032,72923651,888,1098,1125,1163,621,1008
3033,72933651,887,1087,1120,1163,627,1014
3034,72943651,879,1073,1118,1164,634,1021
3035,72953651,873,1064,1119,1164,633,1033
3036,72963651,862,1054,1121,1166,637,1043
3037,72973651,856,1046,1121,1165,643,1045
3038,72983651,849,1040,1120,1165,651,1049
3039,72993651,847,1040,1118,1164,651,1063
3040,73003651,852,1046,1116,1163,648,1047
3041,73013651,849,1046,1115,1161,643,1051
3042,73023651,829,1039,1116,1160,642,1054
3043,73033651,797,1016,1115,1159,646,1061
3044,73043651,758,971,1115,1159,657,1069
3045,73053651,728,928,1114,1159,673,1079
3046,73063651,685,887,1111,1157,691,1093
3047,73073651,629,852,1105,1157,709,1106
3048,73083651,569,806,1101,1155,723,1112
3049,73093651,505,768,1088,1148,742,1125
3050,73103651,444,714,1079,1144,758,1132
3051,73113651,372,656,1066,1143,773,1150
3052,73123651,286,561,1054,1142,806,1175
3053,73133651,188,469,1037,1142,840,1196
3054,73143651,85,369,1017,1143,869,1229
3055,73153651,6,266,991,1145,917,1245
3056,73163651,0,157,951,1141,930,1260
3057,73173651,0,53,885,1090,923,1206
3058,73183651,0,0,813,1117,1006,1288
3059,73193651,0,0,747,1101,1030,1301
3060,73203651,0,0,665,1077,1059,1305
3061,73213651,0,0,602,1049,1069,1306
3062,73223651,0,0,547,1016,1065,1309
3063,73233651,0,1,454,954,1039,1317
3064,73243651,0,0,397,892,982,1335
3065,73253651,0,0,337,796,860,1342
3066,73263651,0,0,279,720,731,1356
3067,73273651,0,0,245,641,591,1358
3068,73283651,0,0,206,528,385,1333
3069,73293651,0,0,169,431,205,1300
3070,73303651,0,0,132,352,99,1230
3071,73313651,0,0,103,306,32,1155
3072,73323651,0,0,76,272,0,1101
3073,73333651,0,0,77,235,0,992
3074,73343651,2,0,69,193,0,852
3075,73353651,0,0,56,157,0,695
3076,73363651,0,0,48,102,0,475
3077,73373651,0,1,44,61,0,376
3078,73383651,0,11,33,52,0,398
3079,73393651,0,5,39,54,0,432
3080,73403651,0,2,35,53,0,440
3081,73413651,0,6,35,53,1,412
3082,73423651,0,9,31,58,0,391
3083,73433651,0,17,34,59,0,350
3084,73443651,0,14,33,57,0,315
3085,73453651,0,9,31,57,0,281
3086,73463651,0,7,23,57,0,231
3087,73473651,0,5,20,52,0,203
3088,73483651,0,2,18,47,0,167
3089,73493651,0,2,9,33,0,123
3090,73503651,0,1,5,43,0,146
3091,73513651,0,0,0,38,0,134
3092,73523651,0,0,0,29,0,109
3093,73533651,0,0,0,25,0,94
3094,73543651,0,0,0,22,0,89
3095,73553651,0,0,0,16,0,85
3096,73563651,0,0,0,15,0,88
3097,73573651,0,0,0,15,0,91
3098,73583651,0,0,0,17,0,97
3099,73593651,0,0,0,22,0,100
3100,73603651,0,0,0,22,0,103
3101,73613651,0,0,0,25,0,106
3102,73623651,0,0,0,26,0,97
3103,73633651,0,0,0,26,0,98
3104,73643651,0,0,0,28,0,107
3105,73653651,0,0,0,22,0,119
3106,73663651,0,0,0,20,0,135
3107,73673651,0,0,0,10,0,145
3108,73683651,0,0,0,6,0,147
3109,73693651,0,0,0,6,0,143
3110,73703651,0,0,0,3,0,138
3111,73713651,0,0,0,2,0,137
3112,73723651,0,0,0,4,0,132
3113,73733651,0,0,0,5,0,135
3114,73743651,0,0,0,7,0,140
3115,73753651,0,0,0,9,0,150
3116,73763651,0,0,0,12,0,149
3117,73773651,0,0,0,18,0,134
3118,73783651,0,0,0,16,0,114
3119,73793651,0,0,0,15,0,89
3120,73803651,0,0,0,11,0,71
3121,73813651,0,0,0,13,0,28
3122,73823651,0,0,0,16,0,47
3123,73833651,0,0,0,16,0,28
3124,73843651,0,0,0,7,0,15
3125,73853651,0,19,0,6,0,11
3126,73863651,0,79,0,0,0,0
3127,73873651,20,168,0,0,0,0
3128,73883651,106,346,0,0,0,0
3129,73893651,284,590,0,0,0,0
3130,73903651,507,818,0,0,0,0
3131,73913651,695,969,0,0,0,0
3132,73923651,827,1064,0,0,0,0
3133,73933651,937,1152,0,0,0,0
3134,73943651,1020,1234,0,0,0,0
3135,73953651,1115,1301,0,0,0,0
3136,73963651,1187,1357,14,7,0,0
3137,73973651,1241,1405,51,27,0,0
3138,73983651,1282,1443,86,77,0,0
3139,73993651,1302,1463,126,123,0,0
3140,74003651,1313,1474,177,166,0,0
3141,74013651,1317,1481,228,207,0,0
3142,74023651,1319,1485,281,254,0,0
3143,74033651,1323,1490,324,300,0,0
3144,74043651,1334,1495,348,339,0,25
3145,74053651,1349,1501,378,375,0,53
3146,74063651,1364,1512,394,394,0,91
3147,74073651,1378,1523,425,418,0,111
3148,74083651,1388,1531,437,439,0,142
3149,74093651,1398,1543,456,447,0,162
3150,74103651,1405,1548,472,463,0,180
3151,74113651,1413,1554,485,477,0,203
3152,74123651,1419,1556,496,490,0,224
3153,74133651,1423,1561,513,508,0,232
3154,74143651,1424,1562,529,529,0,275
3155,74153651,1429,1565,541,548,0,312
3156,74163651,1430,1566,556,574,0,345
3157,74173651,1434,1569,578,592,0,375
3158,74183651,1441,1573,591,610,0,404
3159,74193651,1449,1575,604,624,0,426
3160,74203651,1453,1577,606,635,0,455
3161,74213651,1462,1583,0,647,0,481
3162,74223651,1462,1587,0,660,0,502
3163,74233651,1482,1590,0,670,0,522
3164,74243651,1487,1593,0,685,4,544
3165,74253651,1497,1593,0,696,15,567
3166,74263651,1493,1594,0,711,27,533
3167,74273651,1494,1592,0,720,45,579
3168,74283651,1492,1592,0,731,64,630
3169,74293651,1489,1590,0,742,73,652
3170,74303651,1485,1585,0,755,87,587
3171,74313651,1481,1585,0,766,99,669
3172,74323651,1434,1509,0,747,64,0
3173,74333651,1466,1579,0,785,114,566
3174,74343651,1462,1574,0,794,127,581
3175,74353651,1450,1567,0,807,138,0
3176,74363651,1439,1561,0,816,152,0
3177,74373651,1428,1549,0,826,167,0
3178,74383651,1418,1542,0,841,184,0
3179,74393651,1406,1530,0,856,195,0
3180,74403651,1401,1521,0,864,206,0
3181,74413651,1395,1523,0,870,213,0
3182,74423651,1392,1517,0,875,223,0
3183,74433651,1391,1516,0,885,222,0
3184,74443651,1389,1515,0,890,225,0
3185,74453651,1383,1513,0,891,237,0
3186,74463651,1383,1510,0,902,234,0
3187,74473651,1382,1509,0,906,237,0
3188,74483651,1379,1505,0,910,245,0
3189,74493651,1367,1501,0,914,249,586
3190,74503651,1367,1499,0,916,250,586
3191,74513651,1365,1495,0,918,262,731
3192,74523651,1322,1364,0,923,264,713
3193,74533651,1362,1486,0,926,268,721
3194,74543651,1356,1486,0,931,277,592
3195,74553651,1351,1480,0,935,288,633
3196,74563651,1347,1475,0,937,288,676
3197,74573651,1350,1472,0,942,292,667
3198,74583651,1351,1467,0,910,266,612
3199,74593651,1357,1471,0,941,291,620
3200,74603651,1349,1468,0,947,290,693
3201,74613651,1354,1469,0,950,285,702
3202,74623651,1352,1462,0,949,299,700
3203,74633651,1342,1462,0,952,300,679
3204,74643651,1339,1454,0,954,302,702
3205,74653651,1333,1450,0,959,311,705
3206,74663651,1324,1441,0,960,330,778
3207,74673651,1316,1431,0,965,349,822
3208,74683651,1309,1429,0,971,352,806
3209,74693651,1307,1422,0,972,361,743
3210,74703651,1301,1411,0,974,361,755
3211,74713651,1300,1412,0,978,361,772
3212,74723651,1289,1398,0,982,375,866
3213,74733651,1275,1388,0,984,388,871
3214,74743651,1265,1375,0,989,402,878
3215,74753651,1250,1355,0,995,411,885
3216,74763651,1230,1333,0,999,426,895
3217,74773651,1194,1328,0,1004,440,902
3218,74783651,1199,1308,0,1005,457,909
3219,74793651,1174,1289,0,1012,476,917
3220,74803651,1144,1255,0,1015,483,920
3221,74813651,1114,1220,0,1022,496,932
3222,74823651,1065,1174,0,1024,504,928
3223,74833651,1001,1124,0,1032,516,929
3224,74843651,934,1059,0,1032,513,0
3225,74853651,852,977,0,1033,529,0
3226,74863651,752,876,0,1030,540,0
3227,74873651,615,760,0,1018,547,0
3228,74883651,431,612,0,1012,553,995
3229,74893651,233,411,0,1003,575,1033
3230,74903651,42,194,0,996,600,1067
3231,74913651,0,69,0,986,616,1089
3232,74923651,0,0,536,968,621,1111
3233,74933651,0,0,487,942,643,1131
3234,74943651,0,0,0,917,637,1144
3235,74953651,0,0,361,870,607,1160
3236,74963651,0,0,291,803,556,1168
3237,74973651,0,0,250,719,471,1182
3238,74983651,0,0,208,665,377,1204
3239,74993651,0,0,172,591,235,1191
3240,75003651,0,0,149,503,119,1159
3241,75013651,0,0,133,443,36,1102
3242,75023651,0,0,108,396,0,1019
3243,75033651,0,0,90,355,0,930
3244,75043651,0,0,78,317,0,828
3245,75053651,0,0,73,294,0,721
3246,75063651,0,0,71,259,0,569
3247,75073651,0,0,66,226,0,392
3248,75083651,0,0,58,185,0,173
3249,75093651,0,21,26,136,0,90
3250,75103651,0,23,19,106,0,102
3251,75113651,0,12,7,96,0,123
3252,75123651,0,7,0,63,0,118
3253,75133651,0,15,0,58,0,88
3254,75143651,0,12,0,55,0,74
3255,75153651,0,12,0,56,0,58
3256,75163651,0,7,0,60,0,46
3257,75173651,0,15,0,64,0,45
3258,75183651,0,0,1,69,0,33
3259,75193651,0,0,1,77,0,27
3260,75203651,0,0,7,83,0,24
3261,75213651,0,0,15,87,0,18
3262,75223651,0,0,18,94,0,13
3263,75233651,0,0,16,101,0,16
3264,75243651,0,0,20,104,0,15
3265,75253651,0,0,27,109,0,19
3266,75263651,0,0,29,106,0,9
3267,75273651,0,0,29,102,0,11
3268,75283651,0,0,23,91,0,10
3269,75293651,0,0,18,78,0,6
3270,75303651,0,0,10,72,0,2
3271,75313651,0,0,3,62,0,1
3272,75323651,0,0,4,57,0,0
3273,75333651,0,0,0,55,0,0
3274,75343651,0,0,0,58,0,0
3275,75353651,0,0,0,61,0,0
3276,75363651,0,0,0,62,0,0
3277,75373651,0,0,0,66,0,0
3278,75383651,0,0,0,69,0,0
3279,75393651,0,0,0,71,0,0
3280,75403651,0,0,0,69,0,0
3281,75413651,0,0,0,71,0,0
3282,75423651,0,0,0,71,0,0
3283,75433651,0,0,0,69,0,0
3284,75443651,0,0,0,61,0,0
3285,75453651,0,0,0,57,0,0
3286,75463651,0,0,0,51,0,5
3287,75473651,0,0,0,42,0,0
3288,75483651,0,0,0,34,0,0
3289,75493651,0,0,0,31,0,1
3290,75503651,0,0,0,27,0,0
3291,75513651,0,0,0,28,0,0
3292,75523651,0,0,0,22,0,0
3293,75533651,0,0,0,25,0,0
3294,75543651,0,0,0,27,0,0
3295,75553651,0,0,0,30,0,0
3296,75563651,0,0,0,22,0,0
3297,75573651,0,0,0,35,0,0
3298,75583651,0,0,0,35,0,0
3299,75593651,0,0,0,30,0,0
3300,75603651,0,0,0,37,0,0
3301,75613651,0,0,0,36,0,0
3302,75623651,0,2,0,28,0,0
3303,75633651,0,53,0,10,0,0
3304,75643651,0,117,0,4,0,0
3305,75653651,44,208,0,3,0,0
3306,75663651,118,347,0,0,0,0
3307,75673651,249,520,0,0,0,0
3308,75683651,402,662,0,0,0,0
3309,75693651,517,771,0,0,0,0
3310,75703651,597,856,0,0,0,0
3311,75713651,660,915,0,0,0,0
3312,75723651,729,969,0,0,0,0
3313,75733651,807,1044,0,0,0,0
3314,75743651,873,1086,0,0,0,0
3315,75753651,928,1129,0,0,0,0
3316,75763651,955,1154,0,0,0,0
3317,75773651,982,1176,23,27,0,0
3318,75783651,1017,1210,96,114,0,0
3319,75793651,1051,1237,127,154,0,20
3320,75803651,1060,1241,162,181,0,75
3321,75813651,1062,1241,192,205,0,122
3322,75823652,1062,1242,228,244,0,181
3323,75833651,1066,1241,248,267,0,229
3324,75843651,1077,1245,275,281,0,269
3325,75853651,1095,1246,307,305,0,312
3326,75863651,1107,1263,314,322,0,349
3327,75873651,1124,1270,332,357,0,378
3328,75883651,1143,1286,357,396,0,409
3329,75893652,1168,1299,377,414,0,434
3330,75903651,1186,1315,395,431,0,457
3331,75913651,1203,1330,414,443,0,469
3332,75923651,1227,1346,434,464,0,494
3333,75933651,1238,1369,456,477,0,511
3334,75943651,1252,1379,477,488,0,537
3335,75953651,1261,1388,493,507,0,552
3336,75963651,1273,1400,511,537,0,568
3337,75973651,1283,1406,532,564,0,584
3338,75983651,1295,1419,523,590,0,612
3339,75993651,1303,1427,0,612,2,630
3340,76003651,1315,1435,0,630,10,648
3341,76013651,1325,1445,0,645,19,662
3342,76023651,1334,1456,0,660,27,673
3343,76033651,1347,1466,0,673,42,683
3344,76043651,1360,1470,0,677,55,695
3345,76053651,1369,1479,0,689,77,702
3346,76063651,1376,1485,0,706,86,717
3347,76073651,1381,1490,0,717,96,727
3348,76083651,1387,1494,0,734,106,731
3349,76093652,1394,1497,0,747,120,742
3350,76103651,1395,1501,0,759,129,747
3351,76113651,1396,1501,0,764,141,745
3352,76123651,1396,1503,0,776,156,668
3353,76133651,1398,1503,0,785,168,686
3354,76143651,1398,1506,0,793,184,722
3355,76153651,1396,1501,0,803,205,779
3356,76163651,1406,1501,409,808,212,784
3357,76173651,1394,1501,0,812,213,781
3358,76183651,1391,1497,763,820,218,780
3359,76193651,1394,1505,772,823,221,789
3360,76203651,1382,1495,779,829,227,799
3361,76213651,1385,1494,782,830,228,791
3362,76223651,1299,1490,787,842,233,798
3363,76233651,1383,1492,790,846,235,804
3364,76243651,1380,1489,793,849,240,798
3365,76253651,1380,1492,796,851,244,799
3366,76263651,1379,1490,799,853,234,799
3367,76273651,1383,1489,802,856,237,793
3368,76283651,1362,1388,763,797,230,794
3369,76293651,1384,1492,805,859,237,789
3370,76303651,1384,1492,806,862,235,790
3371,76313651,1383,1493,809,864,238,787
3372,76323651,1388,1492,812,868,236,782
3373,76333651,1387,1493,814,870,237,784
3374,76343651,1387,1492,825,873,237,787
3375,76353651,1384,1490,831,878,243,789
3376,76363651,1381,1485,833,884,244,753
3377,76373651,1377,1482,840,891,249,758
3378,76383651,1373,1480,844,892,262,757
3379,76393651,1372,1475,840,901,260,788
3380,76403651,1369,1469,840,904,266,783
3381,76413651,1363,1464,846,910,279,801
3382,76423651,1357,1455,851,916,294,804
3383,76433651,1346,1449,854,923,315,817
3384,76443651,1336,1441,859,926,325,826
3385,76453651,1329,1431,867,934,346,749
3386,76463651,1325,1424,877,937,360,0
3387,76473651,1273,1344,830,917,313,0
3388,76483651,1303,1399,894,953,385,0
3389,76493651,1292,1389,903,961,405,0
3390,76503651,1276,1371,909,969,410,0
3391,76513651,1263,1357,917,975,418,0
3392,76523651,1252,1339,921,981,434,0
3393,76533651,1236,1323,927,989,455,0
3394,76543651,1221,1308,932,996,472,0
3395,76553651,1200,1283,935,1001,479,0
3396,76563651,1177,1264,937,1006,488,0
3397,76573651,1160,1249,938,1014,506,0
3398,76583651,1140,1222,943,1017,517,0
3399,76593651,1122,1195,943,1026,534,4
3400,76603651,1102,1175,947,1037,541,0
3401,76613651,1076,1132,949,1044,563,0
3402,76623651,1043,1099,955,1050,569,0
3403,76633651,988,1057,960,1055,593,0
3404,76643651,932,1000,960,1064,612,0
3405,76653651,848,935,957,1069,635,0
3406,76663651,775,866,954,1078,653,0
3407,76673651,689,782,945,1078,664,0
3408,76683651,590,688,930,1079,674,0
3409,76693651,457,555,906,1082,687,0
3410,76703651,294,397,875,1080,720,0
3411,76713651,111,255,848,1076,757,0
3412,76723651,0,63,774,1067,785,0
3413,76733651,0,6,680,1061,812,0
3414,76743651,0,0,589,1039,823,0
3415,76753651,0,0,520,1001,828,1174
3416,76763651,0,0,436,963,829,1178
3417,76773651,0,0,364,916,806,1187
3418,76783651,0,0,306,855,740,1199
3419,76793651,0,0,252,784,653,1209
3420,76803651,0,0,213,699,551,1230
3421,76813651,0,0,189,647,390,1228
3422,76823651,0,0,163,558,220,0
3423,76833651,0,0,138,488,107,0
3424,76843651,0,0,126,450,13,1089
3425,76853651,0,0,115,409,0,1000
3426,76863651,0,0,101,336,0,913
3427,76873651,0,0,94,335,0,804
3428,76883651,0,0,91,299,0,674
3429,76893651,0,0,91,279,0,503
3430,76903651,0,0,87,252,0,296
3431,76913651,0,0,77,218,0,99
3432,76923651,0,0,69,168,0,17
3433,76933651,0,0,60,151,0,18
3434,76943651,0,0,56,142,0,41
3435,76953651,0,0,48,121,0,48
3436,76963651,0,0,42,115,0,43
3437,76973651,0,0,40,110,0,43
3438,76983651,0,0,35,103,0,28
3439,76993651,0,0,32,107,0,23
3440,77003651,0,0,30,109,0,16
3441,77013651,0,0,33,109,0,5
3442,77023651,0,0,35,117,0,7
3443,77033651,0,0,33,121,0,7
3444,77043651,0,0,36,123,0,5
3445,77053651,0,0,39,125,0,4
3446,77063651,0,0,35,121,0,4
3447,77073651,0,0,36,119,0,5
3448,77083651,0,0,33,117,0,6
3449,77093651,0,0,29,112,0,7
3450,77103651,0,0,25,106,0,7
3451,77113651,0,0,17,98,0,9
3452,77123651,0,0,7,92,0,9
3453,77133651,0,0,0,87,0,9
3454,77143651,0,0,0,79,0,2
3455,77153651,0,0,0,70,0,1
3456,77163651,0,0,0,61,0,0
3457,77173651,0,0,0,58,0,0
3458,77183651,0,0,0,56,0,0
3459,77193651,0,0,0,46,0,0
3460,77203651,0,0,0,58,0,0
3461,77213651,0,0,0,53,0,0
3462,77223651,0,0,0,62,0,0
3463,77233651,0,0,0,67,0,0
3464,77243651,0,0,0,65,0,0
3465,77253651,0,0,0,57,0,0
3466,77263651,0,0,0,46,0,0
3467,77273651,0,0,0,37,0,0
3468,77283651,0,0,0,36,0,0
3469,77293651,0,0,0,28,0,0
3470,77303651,0,0,0,26,0,0
3471,77313651,0,0,0,24,0,0
3472,77323651,0,0,0,18,0,0
3473,77333651,0,0,0,24,0,0
3474,77343651,0,0,0,26,0,0
3475,77353651,0,0,0,29,0,0
3476,77363651,0,0,0,29,0,0
3477,77373651,0,0,0,31,0,0
3478,77383651,0,0,0,31,0,0
3479,77393651,0,0,0,14,0,0
3480,77403651,0,0,0,37,0,0
3481,77413651,0,0,0,28,0,0
3482,77423651,0,15,0,22,0,0
3483,77433651,0,28,0,10,0,0
3484,77443651,0,74,0,5,0,0
3485,77453651,0,157,0,4,0,0
3486,77463651,33,255,0,2,0,0
3487,77473651,125,424,0,4,0,0
3488,77483651,279,613,0,1,0,0
3489,77493651,459,778,0,0,0,0
3490,77503651,605,900,0,0,0,0
3491,77513651,718,991,0,0,0,0
3492,77523651,763,1022,0,0,0,0
3493,77533651,917,1144,0,0,0,0
3494,77543651,992,1194,0,0,0,0
3495,77553651,1046,1232,0,6,0,0
3496,77563651,1095,1262,5,10,0,0
3497,77573651,1124,1280,15,23,0,0
3498,77583651,1143,1296,28,34,0,0
3499,77593651,1161,1309,36,42,0,0
3500,77603651,1177,1322,63,55,0,0
3501,77613651,1192,1339,73,73,0,0
3502,77623651,1204,1356,88,76,0,0
3503,77633651,1224,1371,106,94,0,0
3504,77643651,1239,1385,114,110,0,0
3505,77653651,1252,1404,131,127,0,0
3506,77663651,1272,1423,137,138,0,5
3507,77673651,1294,1438,156,153,0,25
3508,77683651,1311,1454,172,165,0,29
3509,77693651,1328,1464,196,179,0,41
3510,77703651,1339,1476,214,187,0,70
3511,77713651,1345,1482,228,201,0,100
3512,77723651,1358,1493,242,211,0,111
3513,77733651,1363,1498,254,229,0,146
3514,77743651,1368,1507,280,240,0,172
3515,77753651,1380,1512,292,269,0,214
3516,77763651,1384,1514,305,291,0,235
3517,77773651,1389,1516,337,319,0,278
3518,77783651,1387,1517,373,361,0,320
3519,77793651,1392,1513,421,414,0,371
3520,77803651,1382,1510,454,459,0,418
3521,77813651,1381,1508,490,498,0,473
3522,77823651,1382,1506,518,551,2,534
3523,77833651,1378,1503,549,597,2,593
3524,77843651,1379,1499,0,632,22,626
3525,77853651,1334,1427,0,640,8,660
3526,77863651,1377,1494,0,682,56,695
3527,77873651,1376,1495,0,706,71,720
3528,77883651,1379,1495,0,728,90,734
3529,77893651,1382,1496,0,742,102,711
3530,77903651,1386,1501,0,749,121,630
3531,77913651,1391,1503,0,761,132,660
3532,77923651,1397,1506,0,767,149,739
3533,77933651,1405,1513,0,776,156,748
3534,77943651,1415,1517,0,780,169,764
3535,77953651,1419,1520,0,784,172,758
3536,77963651,1423,1521,0,784,175,708
3537,77973651,1429,1526,0,789,180,716
3538,77983651,1433,1527,0,791,181,708
3539,77993651,1434,1527,0,791,180,722
3540,78003651,1437,1531,0,788,174,739
3541,78013651,1438,1534,0,789,170,735
3542,78023651,1442,1539,0,782,157,716
3543,78033651,1445,1540,0,776,148,696
3544,78043651,1449,1547,0,773,132,674
3545,78053651,1453,1550,0,771,134,662
3546,78063651,1453,1553,0,772,133,654
3547,78073651,1455,1555,0,775,133,659
3548,78083651,1455,1556,0,778,144,668
3549,78093651,1454,1552,0,781,148,670
3550,78103651,1455,1551,0,784,157,676
3551,78113652,1455,1554,0,788,164,679
3552,78123651,1455,1552,0,791,167,684
3553,78133651,1456,1552,0,792,175,689
3554,78143651,1457,1553,0,795,176,691
3555,78153651,1457,1554,0,797,192,697
3556,78163651,1459,1553,0,799,204,701
3557,78173651,1460,1555,0,803,215,703
3558,78183651,1460,1554,0,806,228,707
3559,78193651,1458,1550,0,811,233,708
3560,78203651,1456,1550,0,813,247,716
3561,78213651,1456,1547,0,819,260,718
3562,78223651,1455,1546,0,823,272,717
3563,78233651,1453,1545,0,828,280,722
3564,78243651,1416,1450,0,837,287,726
3565,78253651,1448,1534,0,839,294,724
3566,78263651,1447,1529,0,842,301,726
3567,78273651,1443,1527,0,844,315,736
3568,78283651,1439,1523,0,848,328,729
3569,78293651,1435,1517,0,853,342,721
3570,78303651,1348,1462,0,836,338,721
3571,78313651,1424,1507,0,859,348,731
3572,78323651,1410,1496,0,860,361,736
3573,78333651,1400,1486,0,867,375,741
3574,78343651,1391,1476,0,871,381,771
3575,78353651,1381,1462,0,879,397,747
3576,78363651,1373,1448,0,885,410,664
3577,78373651,1363,1437,0,889,411,0
3578,78383651,1352,1429,0,897,417,0
3579,78393651,1339,1416,0,907,426,0
3580,78403651,1324,1402,0,916,433,0
3581,78413651,1311,1385,0,926,439,0
3582,78423651,1293,1365,0,937,439,0
3583,78433651,1228,1274,0,923,383,894
3584,78443651,1236,1302,0,964,453,0
3585,78453651,1196,1262,0,978,452,0
3586,78463651,1153,1221,0,990,461,0
3587,78473651,1098,1167,0,1005,479,0
3588,78483651,1027,1109,0,1016,488,0
3589,78493651,943,1044,0,1018,503,0
3590,78503651,854,948,0,1026,521,0
3591,78513651,769,853,0,1035,544,0
3592,78523651,649,760,0,1037,556,0
3593,78533651,510,638,0,1035,584,0
3594,78543651,346,488,503,1033,607,0
3595,78553651,171,307,651,1024,629,0
3596,78563651,25,148,552,989,570,0
3597,78573651,0,71,0,1014,645,0
3598,78583651,0,0,0,1005,653,0
3599,78593651,0,0,0,995,648,0
3600,78603651,0,0,0,973,645,0
3601,78613651,0,0,426,950,627,1265
3602,78623651,0,0,378,913,588,1271
3603,78633651,0,0,326,858,497,1273
3604,78643651,0,0,284,802,395,1282
3605,78653651,0,0,264,742,314,1168
3606,78663651,0,0,261,693,169,0
3607,78673651,0,0,245,627,73,1062
3608,78683651,0,0,220,549,1,1204
3609,78693651,0,0,198,480,0,1148
3610,78703651,0,0,170,429,0,1067
3611,78713651,0,0,137,382,0,979
3612,78723651,0,0,111,316,0,864
3613,78733651,0,0,100,269,0,729
3614,78743651,0,0,97,225,2,553
3615,78753651,0,2,77,172,0,317
3616,78763651,0,15,45,107,0,137
3617,78773651,0,23,22,78,0,159
3618,78783651,0,20,21,61,0,225
3619,78793651,0,18,16,51,0,267
3620,78803651,0,20,11,45,0,255
3621,78813651,0,21,13,49,0,248
3622,78823651,0,16,10,55,0,231
3623,78833651,0,5,18,61,0,207
3624,78843651,0,4,20,71,0,188
3625,78853651,0,1,25,80,0,176
3626,78863651,0,1,28,93,0,148
3627,78873651,0,0,30,98,0,115
3628,78883651,0,0,35,107,0,94
3629,78893651,0,0,34,101,0,53
3630,78903651,0,0,35,118,0,76
3631,78913651,0,0,34,128,0,66
3632,78923651,0,0,29,125,0,61
3633,78933651,0,0,26,123,0,54
3634,78943651,0,0,19,112,0,46
3635,78953651,0,0,8,91,0,20
3636,78963651,0,0,1,101,0,34
3637,78973651,0,0,0,91,0,25
3638,78983651,0,0,6,79,0,28
3639,78993651,0,0,0,73,0,28
3640,79003651,0,0,0,69,0,29
3641,79013651,0,0,0,60,0,33
3642,79023651,0,0,0,40,0,12
3643,79033651,0,0,0,45,0,21
3644,79043651,0,0,0,44,0,16
3645,79053651,0,0,0,42,0,14
3646,79063651,0,0,0,40,0,9
3647,79073651,0,0,0,41,0,14
3648,79083651,0,0,0,44,0,18
3649,79093651,0,0,0,36,0,12
3650,79103651,0,0,0,44,0,8
3651,79113651,0,0,0,44,0,0
3652,79123651,0,0,0,43,0,0
3653,79133651,0,0,0,40,0,0
3654,79143651,0,0,0,36,0,0
3655,79153651,0,0,0,30,0,0
3656,79163651,0,0,0,22,0,0
3657,79173651,0,17,0,8,0,0
3658,79183651,0,43,0,7,0,0
3659,79193651,0,83,0,2,0,0
3660,79203651,0,144,0,0,0,0
3661,79213651,5,209,0,0,0,0
3662,79223651,39,269,0,0,0,0
3663,79233651,112,407,0,0,0,0
3664,79243651,211,541,0,0,0,0
3665,79253651,357,706,0,0,0,0
3666,79263651,538,855,0,0,0,0
3667,79273651,694,985,0,0,0,0
3668,79283651,857,1109,0,0,0,0
3669,79293651,981,1177,0,0,0,0
3670,79303651,1063,1230,0,0,0,0
3671,79313651,1112,1262,6,11,0,0
3672,79323651,1144,1286,34,25,0,0
3673,79333651,1161,1293,35,26,0,0
3674,79343651,1172,1304,56,37,0,0
3675,79353651,1182,1309,73,54,0,2
3676,79363651,1188,1318,55,51,0,17
3677,79373651,1199,1329,101,70,0,43
3678,79383651,1214,1336,112,84,0,52
3679,79393651,1230,1347,116,90,0,69
3680,79403651,1242,1361,135,107,0,92
3681,79413651,1259,1382,152,119,0,106
3682,79423651,1283,1404,170,146,0,139
3683,79433651,1303,1429,193,165,0,143
3684,79443651,1320,1448,219,181,0,150
3685,79453651,1336,1469,242,201,0,156
3686,79463651,1353,1485,265,224,0,169
3687,79473651,1369,1499,290,254,0,184
3688,79483651,1382,1515,313,293,0,192
3689,79493651,1398,1530,341,318,0,205
3690,79503651,1412,1551,368,350,0,215
3691,79513651,1433,1567,382,377,0,219
3692,79523651,1451,1585,400,393,0,216
3693,79533651,1470,1602,418,415,0,212
3694,79543651,1488,1617,441,429,0,206
3695,79553651,1495,1628,400,433,0,191
3696,79563651,1509,1641,471,449,0,199
3697,79573651,1516,1646,487,462,0,201
3698,79583651,1523,1654,504,485,0,210
3699,79593651,1526,1657,526,506,0,215
3700,79603651,1527,1659,548,538,0,224
3701,79613651,1527,1663,565,565,0,233
3702,79623651,1537,1667,520,577,0,219
3703,79633651,1543,1671,601,611,0,248
3704,79643651,1548,1673,618,627,0,270
3705,79653651,1549,1682,613,647,0,273
3706,79663651,1552,1674,629,665,0,280
3707,79673651,1553,1674,650,677,0,304
3708,79683651,1551,1674,657,686,0,316
3709,79693651,1552,1674,670,698,0,333
3710,79703651,1551,1672,669,708,0,340
3711,79713651,1547,1670,675,715,0,347
3712,79723651,1545,1671,635,721,0,350
3713,79733651,1547,1666,610,727,0,357
3714,79743651,1544,1664,0,731,0,366
3715,79753651,1540,1657,0,721,0,348
3716,79763651,1545,1659,0,736,0,386
3717,79773651,1546,1655,0,737,0,400
3718,79783651,1547,1653,0,735,0,410
3719,79793651,1546,1650,0,734,0,424
3720,79803651,1544,1646,0,734,0,426
3721,79813651,1544,1641,0,737,0,449
3722,79823651,1546,1639,0,741,0,459
3723,79833651,1544,1634,0,748,0,486
3724,79843651,1539,1630,0,759,0,503
3725,79853651,1537,1628,0,766,0,527
3726,79863651,1530,1622,0,783,0,539
3727,79873651,1525,1611,0,798,0,557
3728,79883651,1516,1609,0,814,0,568
3729,79893651,1512,1600,0,828,7,579
3730,79903651,1509,1594,0,845,24,595
3731,79913651,1499,1587,0,856,41,606
3732,79923651,1491,1577,0,874,42,611
3733,79933651,1481,1570,0,882,49,625
3734,79943651,1467,1561,0,893,69,628
3735,79953651,1458,1557,0,910,82,0
3736,79963651,1444,1545,0,921,101,0
3737,79973651,1435,1529,0,930,112,0
3738,79983651,1424,1518,0,938,119,0
3739,79993651,1414,1512,0,950,130,0
3740,80003651,1403,1503,0,959,131,0
3741,80013651,1392,1493,0,971,140,0
3742,80023651,1383,1483,0,992,142,0
3743,80033651,1373,1469,0,990,156,0
3744,80043651,1362,1461,0,1002,164,0
3745,80053651,1351,1450,0,1015,170,0
3746,80063651,1336,1435,0,1026,183,3
3747,80073651,1324,1430,0,1038,205,0
3748,80083651,1318,1422,0,1047,210,0
3749,80093651,1308,1410,0,1054,218,0
3750,80103651,1299,1402,0,1058,238,0
3751,80113651,1283,1386,0,1072,249,0
3752,80123651,1265,1374,0,1077,261,0
3753,80133651,1246,1356,0,1088,283,0
3754,80143651,1228,1334,0,1099,305,0
3755,80153652,1209,1319,0,1103,330,0
3756,80163651,1190,1298,0,1112,355,0
3757,80173651,1176,1273,0,1118,377,0
3758,80183651,1153,1256,0,1128,396,0
3759,80193651,1130,1238,0,1131,421,0
3760,80203651,1110,1221,0,1141,440,0
3761,80213651,1047,1141,0,1113,396,0
3762,80223651,1060,1174,0,1151,482,0
3763,80233651,1034,1146,0,1160,502,0
3764,80243651,1000,1122,0,1166,550,0
3765,80253651,961,1090,0,1174,572,0
3766,80263651,924,1065,0,1173,615,0
3767,80273651,882,1022,0,1184,653,0
3768,80283651,843,984,0,1194,688,0
3769,80293651,795,939,0,1199,719,0
3770,80303651,729,882,0,1203,751,0
3771,80313651,664,838,0,1207,784,0
3772,80323651,569,779,0,1212,814,0
3773,80333651,480,712,0,1210,845,0
3774,80343651,364,642,0,1217,872,0
3775,80353651,266,540,0,1216,895,0
3776,80363651,155,420,0,1219,914,0
3777,80373651,60,331,0,1221,922,0
3778,80383651,0,217,0,1218,920,0
3779,80393651,0,117,0,1213,906,0
3780,80403651,0,42,0,1204,883,0
3781,80413651,0,0,0,1196,870,0
3782,80423651,0,0,0,1180,843,0
3783,80433651,0,0,0,1162,795,0
3784,80443651,0,0,598,1123,740,0
3785,80453651,0,0,549,1082,662,1340
3786,80463651,0,0,484,1039,569,1342
3787,80473651,0,0,446,951,415,1272
3788,80483651,0,0,402,923,356,1343
3789,80493651,0,0,364,861,226,1322
3790,80503651,0,0,344,818,108,0
3791,80513651,0,0,319,756,18,1205
3792,80523651,0,0,294,523,0,1116
3793,80533651,0,0,276,631,0,1014
3794,80543652,0,0,253,567,0,878
3795,80553651,0,0,234,525,0,714
3796,80563651,0,0,229,469,0,538
3797,80573651,0,0,209,411,0,273
3798,80583651,0,0,185,329,0,22
3799,80593651,0,0,139,233,0,0
3800,80603651,0,9,89,158,0,0
3801,80613651,0,17,59,114,0,0
3802,80623651,0,11,42,86,0,0
3803,80633651,0,11,31,67,0,0
3804,80643651,0,9,25,60,0,0
3805,80653651,0,1,26,60,0,0
3806,80663651,0,0,35,77,0,0
3807,80673651,0,0,45,90,0,0
3808,80683651,0,0,55,102,0,0
3809,80693651,0,0,64,115,0,0
3810,80703651,0,0,69,124,0,0
3811,80713651,0,0,74,134,0,0
3812,80723651,0,0,80,137,0,0
3813,80733651,0,0,62,109,0,0
3814,80743651,0,0,78,136,0,0
3815,80753651,0,0,68,125,0,0
3816,80763651,0,0,53,108,0,0
3817,80773651,0,0,39,101,0,0
3818,80783651,0,0,25,91,0,0
3819,80793651,0,0,14,83,0,2
3820,80803651,0,0,4,75,0,7
3821,80813651,0,0,0,58,0,12
3822,80823651,0,0,0,45,0,19
3823,80833651,0,0,0,43,0,0
3824,80843651,0,0,0,45,0,0
3825,80853651,0,0,0,43,0,0
3826,80863651,0,0,0,48,0,10
3827,80873651,0,0,0,51,0,12
3828,80883651,0,0,0,48,0,16
3829,80893651,0,0,0,44,0,23
3830,80903651,0,0,0,40,0,27
3831,80913651,0,0,0,35,0,28
3832,80923651,0,0,0,29,0,28
3833,80933651,0,0,0,28,0,25
3834,80943651,0,0,0,33,0,18
3835,80953651,0,0,0,30,0,18
3836,80963651,0,0,0,32,0,19
3837,80973651,0,0,0,34,0,21
3838,80983651,0,0,0,37,0,26
3839,80993651,0,0,0,38,0,0
3840,81003651,0,0,0,38,0,6
3841,81013651,0,0,0,41,0,3
3842,81023651,0,0,0,41,0,1
3843,81033651,0,0,0,40,0,0
3844,81043651,0,0,0,39,0,0
3845,81053651,0,0,0,36,0,0
3846,81063651,0,0,0,33,0,0
3847,81073651,0,38,0,31,0,0
3848,81083651,20,142,0,19,0,0
3849,81093651,132,333,0,1,0,0
3850,81103651,333,586,0,0,0,0
3851,81113651,592,795,0,0,0,0
3852,81123651,749,930,0,0,0,0
3853,81133651,851,1014,0,0,0,0
3854,81143651,947,1101,0,0,0,0
3855,81153651,1036,1180,0,0,0,0
3856,81163651,1126,1245,0,0,0,0
3857,81173651,1193,1298,6,0,0,0
3858,81183651,1239,1334,15,0,0,0
3859,81193651,1259,1356,26,0,0,0
3860,81203651,1273,1369,35,15,0,0
3861,81213651,1282,1390,57,26,0,0
3862,81223651,1292,1389,71,39,0,0
3863,81233651,1299,1394,92,52,0,0
3864,81243651,1306,1396,139,89,0,0
3865,81253651,1323,1411,184,147,0,0
3866,81263651,1338,1418,225,189,0,0
3867,81273651,1351,1427,276,243,0,0
3868,81283651,1366,1431,308,292,0,73
3869,81293651,1366,1430,334,322,0,148
3870,81303651,1369,1431,366,370,0,206
3871,81313651,1369,1432,403,420,0,268
3872,81323651,1366,1434,428,451,0,260
3873,81333651,1372,1435,458,478,0,352
3874,81343651,1384,1439,483,507,0,390
3875,81353651,1386,1441,500,533,0,413
3876,81363651,1391,1447,521,563,0,445
3877,81373651,1398,1454,540,600,0,471
3878,81383651,1397,1457,578,626,0,492
3879,81393651,1401,1458,612,663,1,517
3880,81403651,1401,1461,642,699,12,525
3881,81413651,1398,1461,673,731,28,503
3882,81423651,1400,1462,697,757,48,532
3883,81433651,1401,1467,726,784,58,473
3884,81443651,1401,1469,747,806,69,408
3885,81453651,1403,1480,766,834,80,493
3886,81463651,1405,1482,790,858,89,480
3887,81473651,1409,1497,810,866,100,0
3888,81483651,1413,1494,829,881,105,0
3889,81493651,1414,1494,845,899,109,0
3890,81503651,1411,1497,863,918,122,0
3891,81513651,1410,1496,878,936,135,457
3892,81523651,1405,1497,889,949,134,493
3893,81533651,1403,1498,905,964,145,508
3894,81543651,1404,1498,915,973,148,529
3895,81553651,1410,1499,923,984,145,516
3896,81563651,1400,1497,934,997,147,537
3897,81573651,1394,1496,942,1006,152,528
3898,81583651,1387,1493,950,1014,161,532
3899,81593651,1384,1491,957,1022,159,562
3900,81603651,1379,1485,964,1040,161,596
3901,81613651,1373,1482,970,1045,162,605
3902,81623651,1369,1480,977,1062,165,615
3903,81633651,1364,1474,985,1060,168,618
3904,81643651,1360,1469,988,1068,170,621
3905,81653651,1356,1465,995,1077,171,629
3906,81663651,1355,1464,998,1081,170,627
3907,81673651,1351,1460,1002,1088,171,636
3908,81683651,1353,1460,1006,1090,175,646
3909,81693651,1353,1459,1009,1097,167,649
3910,81703651,1356,1456,1015,1101,170,652
3911,81713651,1352,1454,1019,1105,171,654
3912,81723651,1347,1451,939,1090,135,619
3913,81733651,1349,1453,1024,1114,173,660
3914,81743651,1348,1451,1030,1115,174,661
3915,81753651,1341,1449,1032,1122,172,663
3916,81763651,1340,1447,1039,1126,168,666
3917,81773651,1337,1447,1044,1128,170,668
3918,81783651,1336,1447,1046,1134,169,669
3919,81793651,1335,1445,1047,1138,170,674
3920,81803651,1334,1444,1051,1142,173,678
3921,81813651,1334,1442,1053,1144,162,679
3922,81823651,1333,1440,1058,1146,155,679
3923,81833651,1334,1438,1055,1147,151,680
3924,81843651,1335,1437,1059,1150,156,682
3925,81853652,1337,1435,1061,1151,153,684
3926,81863651,1330,1431,1058,1150,154,689
3927,81873651,1335,1428,1053,1147,156,697
3928,81883651,1335,1422,1050,1145,162,704
3929,81893651,1336,1417,1041,1142,163,709
3930,81903651,1336,1416,1042,1141,165,716
3931,81913651,1335,1407,1041,1141,174,717
3932,81923651,1332,1399,1040,1142,188,721
3933,81933651,1327,1392,1039,1144,189,725
3934,81943651,1321,1385,1042,1145,188,731
3935,81953651,1319,1380,1043,1148,194,734
3936,81963651,1316,1374,1045,1150,201,743
3937,81973651,1315,1370,1046,1158,216,751
3938,81983651,1293,1266,1002,1087,223,760
3939,81993651,1304,1358,1053,1166,246,765
3940,82003651,1298,1347,1058,1171,253,778
3941,82013651,1284,1338,1062,1176,260,786
3942,82023651,1270,1320,1065,1182,271,795
3943,82033651,1255,1306,1070,1190,280,811
3944,82043651,1238,1286,1075,1192,299,766
3945,82053651,1217,1257,1083,1203,330,868
3946,82063651,1193,1227,1092,1208,348,888
3947,82073651,1162,1194,1093,1213,375,921
3948,82083651,1120,1155,1098,1224,399,941
3949,82093651,1074,1114,1105,1228,432,982
3950,82103651,1013,1066,1110,1236,463,1013
3951,82113651,956,1021,1108,1240,494,1057
3952,82123651,894,964,1110,1244,525,1093
3953,82133651,829,894,1108,1246,551,1129
3954,82143651,740,825,1101,1248,591,1172
3955,82153651,625,750,1086,1248,611,1206
3956,82163651,528,679,1070,1242,637,1243
3957,82173651,375,505,1034,1236,650,1262
3958,82183651,281,446,1009,1223,650,1293
3959,82193651,148,341,975,1210,638,1309
3960,82203651,37,203,928,1197,630,1331
3961,82213651,0,107,871,1183,629,1354
3962,82223651,0,30,799,1170,648,1365
3963,82233651,0,0,707,1150,663,1380
3964,82243651,0,0,614,1125,682,1395
3965,82253651,0,0,558,1095,662,1406
3966,82263651,0,0,505,1055,634,1426
3967,82273651,0,0,435,1013,589,1442
3968,82283651,0,0,389,956,529,1457
3969,82293651,0,0,334,909,437,1476
3970,82303651,0,0,297,851,342,1494
3971,82313651,0,0,286,816,199,1495
3972,82323651,0,0,276,764,100,1483
3973,82333651,0,0,264,718,22,1459
3974,82343651,0,0,255,682,0,1410
3975,82353651,0,0,242,651,0,1339
3976,82363651,0,0,218,574,0,1195
3977,82373651,0,0,197,542,0,1176
3978,82383651,0,0,186,511,0,1093
3979,82393651,0,0,182,448,0,975
3980,82403651,0,0,176,407,0,827
3981,82413651,0,0,166,340,0,660
3982,82423651,0,3,159,270,0,415
3983,82433651,0,24,113,186,0,240
3984,82443651,0,17,99,168,0,270
3985,82453651,0,9,107,153,0,296
3986,82463651,0,5,98,140,0,274
3987,82473651,0,9,92,133,0,229
3988,82483651,0,13,90,124,0,197
3989,82493651,0,12,56,115,0,156
3990,82503651,0,10,91,122,0,151
3991,82513651,0,4,98,126,0,131
3992,82523651,0,0,103,132,0,102
3993,82533651,0,0,104,138,0,104
3994,82543651,0,0,104,142,0,106
3995,82553651,0,0,109,145,0,83
3996,82563651,0,0,110,147,0,126
3997,82573651,0,0,109,148,0,134
3998,82583651,3,0,110,150,0,141
3999,82593651,0,0,101,147,0,150
4000,82603651,0,0,101,146,0,167
4001,82613651,0,0,91,136,0,167
4002,82623651,0,0,87,122,0,178
4003,82633651,0,0,85,109,0,192
4004,82643651,0,0,73,100,0,205
4005,82653651,0,0,59,91,0,216
4006,82663651,0,0,46,81,0,212
4007,82673651,0,0,38,63,0,209
4008,82683651,0,0,22,58,0,203
4009,82693651,0,0,12,52,0,175
4010,82703651,0,0,8,45,0,150
4011,82713651,0,0,7,49,0,152
4012,82723651,0,0,1,49,0,149
4013,82733651,0,0,0,47,0,140
4014,82743651,0,0,0,46,0,123
4015,82753651,0,0,0,47,0,112
4016,82763651,0,0,0,45,0,109
4017,82773651,0,0,0,45,0,107
4018,82783651,0,0,0,45,0,104
4019,82793651,0,0,0,43,0,96
4020,82803651,0,0,0,47,0,94
4021,82813651,0,0,0,46,0,89
4022,82823651,0,0,0,47,2,92
4023,82833651,0,0,0,48,0,69
4024,82843651,0,0,0,46,0,68
4025,82853651,0,0,0,45,0,54
4026,82863651,0,0,0,46,0,40
4027,82873651,0,0,0,50,0,31
4028,82883651,0,0,0,52,0,28
4029,82893651,0,0,0,52,0,4
4030,82903651,0,25,3,49,0,0
4031,82913651,0,82,5,35,0,0
4032,82923651,42,168,8,28,0,0
4033,82933651,153,291,0,13,0,0
4034,82943651,270,448,0,0,0,4
4035,82953651,490,600,0,0,0,0
4036,82963651,666,760,4,0,0,0
4037,82973651,791,889,5,0,0,0
4038,82983651,867,974,1,0,0,0
4039,82993651,931,1044,5,1,0,0
4040,83003651,994,1114,11,0,0,0
4041,83013651,1047,1173,18,0,0,0
4042,83023651,1084,1207,30,3,0,0
4043,83033651,1119,1237,49,14,0,0
4044,83043651,1144,1260,78,34,0,0
4045,83053651,1178,1276,108,71,0,0
4046,83063651,1200,1293,138,108,0,0
4047,83073651,1209,1305,182,157,0,0
4048,83083651,1214,1305,221,199,0,0
4049,83093651,1211,1305,285,268,0,0
4050,83103651,1211,1305,350,332,0,0
4051,83113651,1218,1305,408,411,0,53
4052,83123651,1223,1307,478,485,0,136
4053,83133651,1228,1302,540,575,0,231
4054,83143651,1234,1301,609,652,0,317
4055,83153651,1240,1299,664,716,1,381
4056,83163651,1244,1301,709,756,0,442
4057,83173651,1251,1299,752,797,0,513
4058,83183651,1258,1298,783,823,8,572
4059,83193651,1260,1299,816,858,42,619
4060,83203651,1266,1300,852,882,82,676
4061,83213651,1268,1302,862,908,103,723
4062,83223651,1275,1301,793,927,125,763
4063,83233651,1278,1303,0,946,167,809
4064,83243651,1277,1304,0,972,211,845
4065,83253651,1281,1300,0,990,234,875
4066,83263651,1283,1304,0,1004,263,0
4067,83273651,1282,1307,0,1015,281,0
4068,83283651,1279,1300,0,1030,312,0
4069,83293651,1274,1297,0,1043,340,0
4070,83303651,1268,1289,0,1054,369,0
4071,83313651,1257,1275,0,1068,393,0
4072,83323651,1220,1169,0,1003,384,0
4073,83333651,1212,1243,0,1094,442,0
4074,83343651,1194,1216,0,1102,461,0
4075,83353651,1168,1190,0,1110,490,0
4076,83363651,1150,1161,0,1118,522,0
4077,83373651,1127,1127,0,1126,544,0
4078,83383651,1103,1089,0,1131,579,0
4079,83393651,1077,1069,0,1135,600,1068
4080,83403651,1052,1051,0,1141,617,1127
4081,83413651,1036,1035,0,1145,633,1145
4082,83423651,1015,1018,0,1157,649,1161
4083,83433651,1001,1014,0,1162,669,1169
4084,83443651,988,1010,0,1171,679,1175
4085,83453652,981,1007,1036,1175,693,1179
4086,83463651,973,1006,1042,1178,711,1189
4087,83473651,969,1006,1048,1181,727,1192
4088,83483651,965,1005,1053,1188,738,1201
4089,83493651,956,999,1061,1191,743,1208
4090,83503651,951,999,1063,1195,753,1213
4091,83513651,943,995,1067,1201,771,1224
4092,83523651,937,988,1071,1207,783,1229
4093,83533651,925,980,1075,1210,791,1235
4094,83543651,911,970,1079,1214,811,1241
4095,83553651,896,957,1083,1213,824,1246
4096,83563651,884,945,1076,1218,841,1250
4097,83573651,868,932,1081,1223,860,1253
4098,83583651,819,819,1073,1225,874,1245
4099,83593651,827,893,1083,1227,882,1130
4100,83603651,807,875,1084,1229,894,0
4101,83613651,794,858,1086,1241,906,0
4102,83623651,778,831,1088,1235,916,0
4103,83633651,765,808,1089,1237,922,0
4104,83643651,759,799,1091,1238,926,0
4105,83653651,758,794,1092,1238,926,0
4106,83663651,756,788,1093,1238,931,0
4107,83673651,755,789,1091,1239,930,0
4108,83683651,750,784,1092,1241,925,0
4109,83693651,746,772,1093,1250,926,0
4110,83703651,739,758,1090,1232,920,0
4111,83713651,729,745,1090,1238,918,0
4112,83723651,701,723,1093,1243,925,0
4113,83733651,672,689,1089,1242,928,0
4114,83743651,624,650,1084,1243,933,0
4115,83753651,560,594,1084,1241,934,0
4116,83763651,493,541,1072,1241,933,0
4117,83773651,413,475,1057,1239,931,1293
4118,83783651,336,417,1047,1232,933,1303
4119,83793651,239,344,1024,1222,934,1307
4120,83803651,116,262,1009,1215,938,1306
4121,83813651,13,148,983,1204,937,1308
4122,83823651,0,47,934,1187,935,1281
4123,83833651,0,0,873,1173,935,1237
4124,83843651,0,0,790,1151,916,0
4125,83853651,0,0,697,1131,890,1291
4126,83863651,0,0,607,1101,844,1298
4127,83873651,0,0,548,1065,803,1300
4128,83883651,0,0,479,1020,725,1304
4129,83893651,0,0,424,969,645,1318
4130,83903651,0,0,369,913,555,1326
4131,83913651,0,0,318,843,448,1334
4132,83923651,0,0,285,798,353,1335
4133,83933651,0,0,269,760,212,1321
4134,83943651,0,0,251,690,103,1296
4135,83953651,0,0,239,649,30,1250
4136,83963651,0,0,221,583,0,1203
4137,83973651,0,0,201,530,0,1129
4138,83983651,0,0,175,473,0,1062
4139,83993651,0,0,155,425,0,967
4140,84003651,0,0,137,369,0,854
4141,84013651,0,0,122,340,0,722
4142,84023651,0,0,105,294,0,539
4143,84033651,0,0,97,250,0,315
4144,84043651,0,0,55,185,0,126
4145,84053651,0,0,77,149,0,38
4146,84063651,0,0,73,130,0,57
4147,84073651,0,0,73,134,0,86
4148,84083651,0,0,69,120,0,102
4149,84093651,0,0,58,113,0,90
4150,84103651,0,0,53,103,0,61
4151,84113651,0,0,44,99,0,43
4152,84123651,0,0,40,90,0,21
4153,84133651,0,0,40,90,0,1
4154,84143651,0,0,35,83,0,0
4155,84153651,0,0,31,85,0,0
4156,84163651,0,0,31,84,0,0
4157,84173651,0,0,31,85,0,1
4158,84183651,0,0,35,89,0,1
4159,84193651,0,0,36,90,0,0
4160,84203651,0,0,34,91,0,0
4161,84213651,0,0,37,92,0,0
4162,84223651,0,0,36,92,0,0
4163,84233651,0,0,35,94,0,0
4164,84243651,0,0,29,91,0,0
4165,84253651,0,0,22,79,0,1
4166,84263651,0,0,22,75,0,3
4167,84273651,0,0,15,68,0,2
4168,84283651,0,0,14,61,0,3
4169,84293651,0,0,1,52,0,1
4170,84303651,0,0,9,61,0,1
4171,84313651,0,0,4,59,0,0
4172,84323651,0,1,0,61,0,1
4173,84333651,0,0,0,58,0,0
4174,84343651,0,0,0,58,0,0
4175,84353651,0,0,0,49,0,0
4176,84363651,0,0,0,42,0,0
4177,84373651,0,0,0,37,0,0
4178,84383651,0,0,0,31,0,0
4179,84393651,0,0,0,27,0,0
4180,84403651,2,0,0,22,0,0
4181,84413651,0,0,0,14,0,0
4182,84423651,0,0,0,5,0,0
4183,84433651,0,0,0,17,0,0
4184,84443651,0,0,0,28,0,0
4185,84453651,0,0,0,23,0,0
4186,84463651,0,0,0,27,0,0
4187,84473651,0,0,0,30,0,0
4188,84483651,0,0,0,35,0,0
4189,84493651,0,0,0,37,0,0
4190,84503651,0,0,0,40,0,0
4191,84513651,0,0,0,41,0,0
4192,84523651,0,0,0,44,0,0
4193,84533651,0,0,0,43,0,0
4194,84543651,0,0,0,42,0,0
4195,84553651,0,0,0,44,0,0
4196,84563651,0,0,2,46,0,0
4197,84573651,0,0,0,46,0,0
4198,84583651,0,0,0,46,0,0
4199,84593651,0,9,0,45,0,0
4200,84603651,0,56,0,37,0,0
4201,84613651,0,111,0,27,0,0
4202,84623651,40,212,0,9,0,0
4203,84633651,156,396,0,6,0,0
4204,84643651,348,637,0,0,0,0
4205,84653651,589,858,0,0,0,0
4206,84663651,791,1018,1,0,0,0
4207,84673651,954,1155,0,0,0,0
4208,84683651,1075,1253,0,0,0,0
4209,84693651,1173,1325,0,0,0,0
4210,84703651,1247,1385,6,0,0,0
4211,84713651,1297,1430,37,11,0,0
4212,84723651,1330,1459,66,25,0,0
4213,84733651,1351,1481,79,49,1,0
4214,84743651,1363,1496,103,61,0,0
4215,84753651,1296,1504,131,86,0,0
4216,84763651,1398,1531,157,125,0,0
4217,84773651,1424,1560,202,157,0,0
4218,84783651,1443,1576,243,181,0,0
4219,84793651,1463,1591,280,217,0,0
4220,84803651,1486,1607,315,232,0,0
4221,84813651,1506,1628,329,254,0,0
4222,84823651,1524,1635,344,268,0,0
4223,84833651,1542,1649,360,272,0,0
4224,84843651,1552,1660,372,275,0,0
4225,84853651,1562,1672,379,276,0,0
4226,84863651,1572,1682,380,274,0,0
4227,84873651,1578,1688,394,278,0,0
4228,84883651,1586,1694,399,294,0,0
4229,84893651,1593,1704,415,300,0,0
4230,84903651,1599,1707,426,313,0,0
4231,84913651,1606,1713,441,326,0,0
4232,84923651,1612,1719,441,335,0,2
4233,84933651,1619,1722,463,349,0,0
4234,84943651,1623,1727,473,360,0,0
4235,84953651,1626,1734,484,376,0,0
4236,84963651,1628,1739,496,393,0,0
4237,84973651,1631,1739,506,408,0,0
4238,84983651,1635,1742,524,421,0,0
4239,84993651,1638,1747,539,434,0,0
4240,85003651,1641,1749,546,441,0,0
4241,85013651,1642,1750,553,450,0,0
4242,85023651,1643,1751,558,457,0,0
4243,85033651,1645,1752,563,461,0,0
4244,85043651,1648,1753,565,465,0,0
4245,85053651,1650,1753,562,463,0,0
4246,85063651,1653,1756,561,458,0,0
4247,85073651,1656,1756,556,457,0,0
4248,85083651,1660,1758,552,447,0,0
4249,85093651,1661,1760,546,444,0,0
4250,85103651,1661,1761,538,434,0,0
4251,85113651,1669,1762,535,427,0,0
4252,85123651,1671,1760,531,420,0,0
4253,85133651,1672,1763,525,418,0,0
4254,85143651,1671,1764,523,417,0,0
4255,85153651,1673,1763,528,417,0,0
4256,85163651,1673,1763,533,420,0,0
4257,85173651,1674,1762,538,425,0,0
4258,85183651,1676,1762,544,433,0,0
4259,85193651,1673,1761,551,440,0,0
4260,85203651,1668,1759,556,445,0,0
4261,85213651,1669,1756,567,450,0,0
4262,85223651,1669,1753,574,462,0,0
4263,85233651,1661,1752,579,473,0,7
4264,85243651,1657,1742,591,487,0,42
4265,85253651,1652,1738,606,513,0,92
4266,85263651,1645,1728,624,545,0,131
4267,85273651,1637,1722,580,560,0,140
4268,85283651,1639,1720,663,595,0,198
4269,85293651,1638,1718,669,615,0,221
4270,85303651,1635,1712,681,627,0,237
4271,85313651,1631,1709,684,641,0,256
4272,85323651,1627,1706,697,652,0,274
4273,85333651,1623,1703,701,659,0,287
4274,85343651,1621,1700,714,668,0,300
4275,85353651,1617,1694,722,676,0,316
4276,85363651,1609,1691,729,686,0,346
4277,85373651,1601,1682,741,697,0,357
4278,85383651,1591,1675,756,717,0,370
4279,85393651,1580,1668,763,740,0,416
4280,85403651,1568,1652,789,730,0,398
4281,85413651,1555,1646,806,777,0,472
4282,85423651,1543,1636,818,796,9,490
4283,85433651,1526,1626,827,812,22,500
4284,85443651,1521,1620,845,829,35,534
4285,85453651,1506,1610,859,849,55,555
4286,85463651,1489,1597,872,860,71,538
4287,85473651,1476,1584,889,874,97,520
4288,85483651,1459,1571,905,896,111,0
4289,85493651,1446,1561,912,914,136,0
4290,85503651,1434,1550,922,925,148,0
4291,85513651,1428,1542,930,934,170,0
4292,85523651,1417,1529,938,948,178,0
4293,85533651,1324,1521,945,961,182,0
4294,85543651,1400,1516,951,970,185,0
4295,85553651,1390,1512,957,974,189,0
4296,85563651,1383,1508,964,981,203,0
4297,85573651,1374,1497,971,987,206,0
4298,85583651,1365,1490,976,993,220,0
4299,85593651,1270,1477,985,1005,222,0
4300,85603651,1335,1468,992,1014,232,575
4301,85613651,1323,1458,994,1020,248,146
4302,85623651,1316,1449,998,1024,268,706
4303,85633651,1305,1437,1000,1032,277,661
4304,85643651,1289,1428,1001,1031,281,699
4305,85653651,1279,1415,1001,1030,285,688
4306,85663651,1257,1398,998,1022,294,704
4307,85673651,1244,1388,987,1014,296,682
4308,85683651,1237,1379,977,998,292,658
4309,85693651,1221,1364,956,981,285,611
4310,85703651,1206,1353,937,965,274,0
4311,85713651,1183,1330,920,950,267,0
4312,85723652,1151,1299,909,938,267,0
4313,85733651,1109,1246,894,927,262,0
4314,85743651,1054,1172,876,916,278,0
4315,85753651,990,1069,859,896,288,0
4316,85763651,906,966,838,883,297,0
4317,85773651,823,874,811,873,307,0
4318,85783652,739,808,784,859,313,0
4319,85793651,647,715,751,854,330,0
4320,85803651,545,629,715,842,326,0
4321,85813651,422,541,673,828,329,0
4322,85823651,290,441,628,820,337,0
4323,85833651,169,355,572,807,338,0
4324,85843651,81,258,495,794,338,0
4325,85853651,11,184,430,767,346,0
4326,85863651,0,137,390,746,360,0
4327,85873651,0,69,347,708,373,0
4328,85883651,0,18,287,654,387,0
4329,85893651,0,0,237,600,394,0
4330,85903651,0,0,198,538,385,0
4331,85913652,0,0,160,458,378,201
4332,85923651,0,0,125,403,332,956
4333,85933651,0,0,97,349,278,950
4334,85943651,0,0,88,310,195,940
4335,85953651,0,0,68,277,100,909
4336,85963651,0,0,52,221,0,847
4337,85973651,0,0,31,180,0,774
4338,85983651,0,0,21,159,0,696
4339,85993651,0,0,9,126,0,636
4340,86003651,0,0,0,89,0,531
4341,86013651,0,8,0,57,0,378
4342,86023651,0,28,0,29,0,217
4343,86033651,0,47,0,17,0,100
4344,86043651,0,60,0,19,0,77
4345,86053651,0,69,0,22,0,101
4346,86063651,0,60,0,28,0,92
4347,86073651,0,60,0,39,0,66
4348,86083651,0,63,1,45,0,42
4349,86093651,0,60,4,53,0,17
4350,86103651,0,66,7,58,0,2
4351,86113651,0,66,10,61,0,0
4352,86123651,0,60,13,60,0,0
4353,86133651,0,59,15,61,0,0
4354,86143651,0,56,18,59,0,0
4355,86153651,0,56,15,56,0,0
4356,86163651,0,56,17,49,0,0
4357,86173651,0,52,11,41,0,0
4358,86183651,0,48,6,33,0,0
4359,86193651,0,46,6,24,0,0
4360,86203651,0,51,5,21,0,0
4361,86213651,0,46,2,19,0,0
4362,86223651,0,41,1,19,0,0
4363,86233651,0,42,1,18,0,0
4364,86243651,0,11,0,5,0,0
4365,86253651,0,32,1,17,0,0
4366,86263651,0,27,0,20,0,0
4367,86273651,0,20,0,21,0,0
4368,86283651,0,22,1,21,0,0
4369,86293651,0,17,5,21,0,0
4370,86303651,0,12,4,25,0,0
4371,86313651,0,16,4,19,0,0
4372,86323651,0,17,6,22,0,0
4373,86333651,0,16,10,20,0,0
4374,86343651,0,17,7,26,0,0
4375,86353651,0,14,9,26,0,0
4376,86363651,0,10,10,27,0,0
4377,86373651,0,0,5,29,0,0
4378,86383651,0,4,10,27,0,0
4379,86393651,0,1,12,29,0,0
4380,86403651,0,0,15,30,0,0
4381,86413651,0,2,12,30,0,0
4382,86423651,0,1,16,33,0,0
4383,86433651,0,0,17,36,0,2
4384,86443651,0,0,17,37,0,0
4385,86453651,0,0,15,40,0,0
4386,86463651,0,0,13,42,0,0
4387,86473651,0,0,10,35,0,0
4388,86483651,0,0,3,34,0,0
4389,86493651,0,0,0,29,0,0
4390,86503651,0,1,0,19,0,0
4391,86513651,0,0,0,26,0,0
4392,86523651,0,0,0,30,0,0
4393,86533651,0,0,0,30,0,0
4394,86543651,0,0,0,28,0,0
4395,86553651,0,0,1,30,0,0
4396,86563651,0,0,4,34,0,0
4397,86573651,0,0,6,39,0,0
4398,86583651,0,0,5,41,0,0
4399,86593651,0,0,7,40,0,0
4400,86603651,0,0,7,39,0,0
4401,86613651,0,0,7,42,0,0
4402,86623651,0,0,7,43,0,0
4403,86633651,0,0,11,42,0,0
4404,86643651,0,0,14,42,0,0
4405,86653651,0,0,16,44,0,0
4406,86663651,0,0,22,46,0,0
4407,86673651,0,0,24,47,0,0
4408,86683651,0,0,24,44,0,0
4409,86693651,0,0,27,47,0,0
4410,86703651,0,0,26,46,0,0
4411,86713651,0,7,28,47,0,0
4412,86723651,0,53,33,50,0,0
4413,86733651,0,113,35,47,0,0
4414,86743651,21,204,40,49,0,0
4415,86753651,110,365,30,38,0,0
4416,86763651,277,583,32,21,0,0
4417,86773651,512,738,23,7,0,0
4418,86783651,692,882,2,0,0,0
4419,86793651,845,997,0,0,0,0
4420,86803651,983,1089,4,0,0,0
4421,86813651,1053,1168,18,0,0,0
4422,86823651,1000,1214,41,5,0,0
4423,86833651,1153,1255,83,26,0,0
4424,86843651,1186,1301,119,70,0,0
4425,86853651,1224,1339,291,236,0,0
4426,86863651,1253,1368,391,372,0,0
4427,86873651,1260,1381,480,480,0,41
4428,86883651,1184,1386,586,618,0,147
4429,86893651,1263,1397,689,722,0,243
4430,86903651,1267,1398,764,805,0,340
4431,86913651,1266,1405,823,874,0,405
4432,86923651,1268,1414,0,922,0,458
4433,86933651,1272,1417,0,952,7,501
4434,86943651,1274,1421,0,983,30,490
4435,86953651,1269,1422,0,1011,58,583
4436,86963651,1268,1416,0,1030,80,624
4437,86973651,1267,1414,0,1045,109,644
4438,86983651,1264,1416,0,1050,132,663
4439,86993651,1264,1411,0,1054,148,674
4440,87003651,1268,1410,0,1058,160,689
4441,87013651,1261,1403,0,1049,138,647
4442,87023651,1255,1399,0,1077,201,707
4443,87033651,1247,1392,0,1084,208,727
4444,87043651,1232,1378,0,1103,236,748
4445,87053651,1208,1365,0,1113,254,768
4446,87063651,1185,1341,0,1130,280,793
4447,87073651,1159,1319,0,1143,309,816
4448,87083651,1130,1293,0,1154,339,839
4449,87093651,1101,1261,0,1173,374,868
4450,87103651,1064,1235,0,1175,411,900
4451,87113651,1035,1207,0,1185,470,930
4452,87123651,989,1176,0,1195,535,956
4453,87133651,947,1142,0,1202,593,995
4454,87143651,913,1110,0,1209,633,1026
4455,87153651,875,1074,0,1215,682,1057
4456,87163651,834,1036,0,1225,719,1079
4457,87173651,792,1000,0,1231,748,1097
4458,87183651,748,980,0,1230,780,1113
4459,87193651,713,952,1079,1235,815,1126
4460,87203651,679,931,1005,1213,779,1084
4461,87213651,647,912,1102,1240,876,1145
4462,87223651,615,895,1103,1237,904,1160
4463,87233651,570,873,1107,1239,925,1170
4464,87243651,536,854,1111,1247,946,1180
4465,87253651,497,838,1112,1253,961,1188
4466,87263651,471,825,1121,1253,983,1193
4467,87273651,451,807,1114,1253,997,1204
4468,87283651,429,800,1105,1256,1012,1215
4469,87293651,412,787,1104,1256,1032,1226
4470,87303651,394,766,1117,1257,1048,1233
4471,87313651,370,751,1119,1259,1063,1242
4472,87323651,358,740,1122,1261,1075,1251
4473,87333651,349,728,1124,1263,1086,1257
4474,87343651,339,715,1127,1264,1099,1266
4475,87353651,332,710,1126,1268,1108,1175
4476,87363651,328,698,1127,1266,1115,1272
4477,87373651,329,697,1129,1267,1121,0
4478,87383651,319,688,1131,1270,1124,0
4479,87393651,297,606,1125,1272,1134,0
4480,87403651,311,687,1134,1272,1135,0
4481,87413651,305,682,1136,1273,1137,0
4482,87423651,300,679,1137,1272,1135,0
4483,87433651,297,675,1136,1271,1139,0
4484,87443651,290,669,1138,1273,1142,0
4485,87453651,293,671,1138,1273,1143,0
4486,87463651,273,589,1129,1275,1144,0
4487,87473651,299,673,1139,1274,1137,0
4488,87483651,294,675,1137,1273,1145,0
4489,87493651,300,675,1138,1271,1144,0
4490,87503651,303,681,1136,1271,1140,0
4491,87513651,310,687,1137,1269,1134,0
4492,87523651,329,699,1134,1265,1127,0
4493,87533651,321,672,1035,1240,1123,0
4494,87543651,367,729,1137,1261,1114,0
4495,87553651,394,739,1132,1258,1105,0
4496,87563651,412,755,1130,1257,1092,0
4497,87573651,435,766,1128,1252,1082,0
4498,87583651,456,776,1125,1249,1074,0
4499,87593651,483,788,1125,1245,1059,1245
4500,87603651,510,803,1121,1236,1047,0
4501,87613651,555,817,1119,1237,1019,1220
4502,87623651,594,848,1117,1227,997,1209
4503,87633651,632,883,1110,1216,953,1200
4504,87643651,677,908,1107,1208,925,1181
4505,87653651,718,930,1102,1198,909,1174
4506,87663651,743,944,1101,1194,900,1173
4507,87673651,760,954,1099,1191,902,1175
4508,87683651,780,955,1097,1186,901,1172
4509,87693651,791,967,1097,1185,890,1162
4510,87703651,796,968,1097,1183,887,1164
4511,87713651,804,974,1095,1181,884,1157
4512,87723651,813,984,1094,1180,882,1159
4513,87733651,815,983,1093,1177,879,1161
4514,87743651,823,979,1090,1175,871,1160
4515,87753651,827,978,1082,1168,866,1151
4516,87763651,828,972,1078,1161,854,1142
4517,87773651,841,972,1068,1145,829,1140
4518,87783651,847,977,1065,1130,805,1116
4519,87793651,851,974,1049,1117,787,1115
4520,87803651,827,888,996,1043,786,1115
4521,87813651,820,944,1034,1111,794,1124
4522,87823651,789,905,1020,1100,797,1134
4523,87833651,737,852,1008,1095,808,1143
4524,87843651,666,797,997,1086,820,1150
4525,87853651,581,728,982,1078,827,1160
4526,87863651,474,666,952,1068,838,1080
4527,87873651,388,585,928,1061,844,1177
4528,87883651,283,473,895,1046,850,1178
4529,87893651,142,366,848,1027,853,1177
4530,87903651,41,268,791,1000,846,1175
4531,87913651,0,171,0,969,830,1148
4532,87923651,0,91,0,924,798,1116
4533,87933651,0,26,0,878,745,1062
4534,87943651,0,0,452,819,693,1016
4535,87953651,0,0,409,757,603,981
4536,87963651,0,0,338,661,475,945
4537,87973651,0,0,283,551,374,884
4538,87983651,0,0,240,443,264,809
4539,87993651,0,0,205,334,108,679
4540,88003651,0,0,139,261,0,526
4541,88013651,0,0,112,196,0,390
4542,88023651,0,1,82,137,0,211
4543,88033651,0,13,52,78,0,21
4544,88043651,0,44,49,42,0,0
4545,88053651,0,67,42,42,0,0
4546,88063651,0,68,44,45,0,0
4547,88073651,0,62,50,46,2,0
4548,88083651,0,70,51,49,0,0
4549,88093651,0,77,46,55,0,0
4550,88103651,0,83,46,53,0,0
4551,88113651,0,87,46,52,0,0
4552,88123651,0,89,45,55,0,0
4553,88133651,0,85,41,64,0,0
4554,88143651,0,77,39,53,0,0
4555,88153651,0,77,35,54,0,0
4556,88163651,0,68,27,54,0,0
4557,88173651,0,65,25,55,0,0
4558,88183651,0,68,23,46,0,0
4559,88193651,0,64,19,40,0,0
4560,88203651,0,61,16,37,0,0
4561,88213651,0,58,12,35,0,0
4562,88223651,0,58,12,33,0,0
4563,88233651,0,57,10,31,0,0
4564,88243651,0,58,9,38,0,0
4565,88253651,0,56,9,28,0,0
4566,88263651,0,53,9,31,0,0
4567,88273651,0,43,6,37,0,0
4568,88283651,0,38,5,39,0,0
4569,88293651,0,35,6,40,0,0
4570,88303651,0,30,6,41,0,0
4571,88313651,0,24,7,46,0,0
4572,88323651,0,22,4,46,0,0
4573,88333651,0,13,4,52,0,0
4574,88343651,0,6,0,53,0,0
4575,88353651,0,6,0,49,0,0
4576,88363651,0,4,0,47,0,0
4577,88373651,0,3,0,40,2,0
4578,88383652,0,2,0,26,0,0
4579,88393651,0,0,0,35,0,0
4580,88403651,0,0,0,27,0,0
4581,88413651,0,0,0,22,0,0
4582,88423651,0,0,0,21,0,0
4583,88433651,0,0,0,28,0,0
4584,88443651,0,0,0,17,0,0
4585,88453651,0,0,0,13,0,0
4586,88463651,0,0,0,10,0,0
4587,88473651,0,0,0,8,0,0
4588,88483651,0,0,0,12,0,0
4589,88493651,0,0,0,15,0,0
4590,88503651,0,0,0,14,0,0
4591,88513651,0,0,0,11,0,0
4592,88523651,0,0,0,10,0,0
4593,88533651,0,0,0,10,0,0
4594,88543651,0,0,0,8,0,0
4595,88553651,0,0,0,8,0,0
4596,88563651,0,0,0,11,0,0
4597,88573651,0,0,0,11,0,0
4598,88583651,0,0,0,16,0,0
4599,88593651,0,0,0,13,0,0
4600,88603651,0,0,0,17,0,0
4601,88613651,0,0,0,21,0,0
4602,88623651,0,0,0,24,0,0
4603,88633651,0,0,0,24,0,0
4604,88643651,0,0,0,28,0,0
4605,88653651,0,0,0,25,0,0
4606,88663651,0,0,0,23,0,0
4607,88673651,0,22,0,12,0,0
4608,88683651,0,134,0,9,0,0
4609,88693651,42,260,0,10,0,0
4610,88703651,137,421,0,1,0,0
4611,88713651,288,616,0,0,0,0
4612,88723651,458,761,0,0,0,0
4613,88733651,589,869,0,0,0,0
4614,88743651,671,931,0,0,0,0
4615,88753651,746,997,0,0,0,0
4616,88763651,843,1067,0,0,0,0
4617,88773651,938,1147,0,0,0,0
4618,88783651,1018,1212,1,0,0,0
4619,88793651,1081,1270,5,5,0,0
4620,88803651,1139,1316,34,25,0,0
4621,88813651,1193,1367,66,55,0,0
4622,88823651,1243,1407,104,86,0,0
4623,88833651,1277,1440,143,113,0,0
4624,88843651,1302,1464,173,149,0,0
4625,88853651,1318,1484,221,171,0,0
4626,88863651,1334,1496,251,205,0,0
4627,88873651,1350,1510,291,238,0,0
4628,88883651,1363,1521,315,274,0,0
4629,88893651,1378,1533,347,306,0,0
4630,88903651,1306,1443,371,335,0,0
4631,88913651,1413,1561,392,351,0,0
4632,88923651,1425,1572,412,371,0,0
4633,88933651,1435,1583,430,395,0,0
4634,88943651,1448,1596,450,416,0,0
4635,88953651,1462,1608,474,431,0,0
4636,88963651,1472,1622,490,450,0,0
4637,88973651,1396,1628,511,464,0,2
4638,88983651,1492,1640,536,475,0,10
4639,88993651,1497,1646,563,493,0,16
4640,89003651,1501,1652,582,519,0,28
4641,89013651,1508,1658,599,540,0,39
4642,89023651,1513,1661,624,564,0,51
4643,89033651,1515,1666,647,582,0,65
4644,89043651,1437,1670,664,600,0,68
4645,89053651,1527,1676,677,617,0,78
4646,89063651,1527,1679,702,648,0,92
4647,89073651,1524,1677,739,673,0,118
4648,89083651,1517,1674,778,700,0,147
4649,89093651,1510,1669,810,734,0,169
4650,89103651,1501,1663,838,767,0,201
4651,89113651,1494,1659,865,802,0,223
4652,89123651,1484,1652,882,834,0,233
4653,89133651,1477,1643,906,860,0,259
4654,89143651,1467,1637,927,880,0,263
4655,89153651,1457,1629,939,900,0,278
4656,89163651,1451,1625,957,917,0,293
4657,89173652,1445,1620,969,929,0,311
4658,89183651,1435,1613,981,940,0,325
4659,89193651,1437,1606,986,951,0,338
4660,89203651,1422,1595,994,961,0,353
4661,89213651,1413,1591,999,971,0,368
4662,89223651,1402,1582,1003,984,0,385
4663,89233651,1374,1466,964,923,1,403
4664,89243651,1392,1568,1013,997,8,406
4665,89253651,1387,1564,1016,999,13,423
4666,89263651,1386,1559,1010,1004,18,434
4667,89273651,1387,1558,1018,1004,25,443
4668,89283651,1388,1554,1014,1000,25,472
4669,89293651,1391,1545,1004,958,14,457
4670,89303651,1394,1547,995,987,40,520
4671,89313651,1395,1545,983,976,50,541
4672,89323651,1404,1543,0,969,57,571
4673,89333651,1407,1539,0,964,72,593
4674,89343651,1406,1529,0,959,83,624
4675,89353651,1407,1525,0,954,101,634
4676,89363651,1412,1525,0,951,113,657
4677,89373651,1399,1519,0,945,121,662
4678,89383651,1398,1516,0,942,124,662
4679,89393651,1394,1511,0,939,129,656
4680,89403651,1389,1506,0,942,143,668
4681,89413651,1386,1498,0,940,158,625
4682,89423651,1382,1496,0,937,181,576
4683,89433651,1375,1490,0,941,188,605
4684,89443651,1370,1485,0,941,210,604
4685,89453651,1364,1480,0,941,216,628
4686,89463651,1361,1478,0,943,217,731
4687,89473651,1360,1470,0,941,222,759
4688,89483651,1361,1469,0,939,227,757
4689,89493651,1360,1471,0,939,232,751
4690,89503651,1362,1469,0,941,239,744
4691,89513651,1355,1464,0,943,240,754
4692,89523651,1348,1456,0,948,244,765
4693,89533651,1337,1449,0,952,260,779
4694,89543651,1322,1436,0,955,273,789
4695,89553651,1311,1429,0,959,285,797
4696,89563651,1307,1419,0,963,282,801
4697,89573651,1297,1408,0,969,299,801
4698,89583651,1291,1398,0,966,312,799
4699,89593651,1285,1395,0,973,308,800
4700,89603651,1274,1386,0,977,318,807
4701,89613651,1264,1377,0,982,338,812
4702,89623651,1242,1362,0,987,350,821
4703,89633651,1220,1338,0,995,363,831
4704,89643651,1197,1313,0,998,396,846
4705,89653651,1163,1278,0,998,405,853
4706,89663651,1124,1238,0,1003,430,869
4707,89673651,1048,1101,0,939,457,888
4708,89683651,990,1131,0,1011,492,899
4709,89693651,904,1057,0,1015,534,885
4710,89703651,816,957,0,1020,559,899
4711,89713651,711,857,0,1020,588,745
4712,89723651,561,751,0,1018,619,0
4713,89733651,406,623,0,1015,659,0
4714,89743651,234,468,0,1012,718,0
4715,89753651,59,296,0,1010,775,1096
4716,89763651,0,154,0,1005,816,1130
4717,89773651,0,40,574,999,871,1151
4718,89783651,0,0,535,980,914,1168
4719,89793651,0,0,472,949,937,1183
4720,89803651,0,0,394,919,939,1197
4721,89813651,0,0,318,868,912,1211
4722,89823651,0,0,269,783,836,1229
4723,89833651,0,0,222,698,757,1241
4724,89843651,0,0,172,637,644,1256
4725,89853651,0,0,157,603,490,1257
4726,89863651,0,0,142,535,334,1241
4727,89873651,0,0,79,459,152,1144
4728,89883651,0,0,82,420,95,1130
4729,89893651,0,0,68,360,27,1053
4730,89903651,0,0,58,327,0,966
4731,89913651,0,0,54,289,0,869
4732,89923651,0,0,57,257,0,736
4733,89933651,0,0,53,204,0,560
4734,89943651,0,0,60,207,0,456
4735,89953651,0,0,57,185,0,227
4736,89963651,0,0,59,152,0,27
4737,89973651,0,0,49,122,0,0
4738,89983651,0,0,49,124,0,11
4739,89993651,0,0,49,119,0,1
4740,90003651,0,0,48,114,0,1
4741,90013651,2,0,44,108,0,0
4742,90023651,0,0,43,103,0,0
4743,90033651,0,0,41,111,0,0
4744,90043651,0,0,42,113,0,0
4745,90053651,0,0,43,113,0,0
4746,90063651,0,0,42,102,0,0
4747,90073651,0,0,41,125,0,0
4748,90083651,0,0,41,118,0,0
4749,90093651,0,0,40,118,0,0
4750,90103651,0,0,40,119,0,0
4751,90113651,0,0,36,113,0,0
4752,90123651,0,3,35,115,0,0
4753,90133651,0,0,31,112,0,0
4754,90143651,0,0,31,109,0,0
4755,90153651,0,0,24,108,0,0
4756,90163651,0,0,16,104,0,0
4757,90173651,0,0,8,100,0,0
4758,90183651,0,0,4,91,0,0
4759,90193651,0,0,0,70,0,0
4760,90203651,0,0,0,68,0,0
4761,90213651,0,0,0,55,0,0
4762,90223651,0,0,0,52,0,0
4763,90233651,0,0,0,48,0,0
4764,90243651,0,0,0,46,0,0
4765,90253651,0,0,0,44,0,0
4766,90263651,0,0,0,25,0,0
4767,90273651,0,0,0,46,0,0
4768,90283651,0,0,0,48,0,0
4769,90293651,0,0,0,48,0,0
4770,90303651,0,0,0,46,0,0
4771,90313651,0,0,0,44,0,0
4772,90323651,0,0,0,42,0,0
4773,90333651,0,0,0,43,0,0
4774,90343651,0,0,0,42,0,0
4775,90353651,0,0,0,32,0,0
4776,90363651,0,0,0,29,0,1
4777,90373651,0,0,0,31,0,6
4778,90383651,0,0,1,31,0,4
4779,90393651,0,0,0,22,0,1
4780,90403651,0,0,0,38,0,1
4781,90413651,0,0,0,37,0,0
4782,90423651,0,0,0,37,0,0
4783,90433651,0,0,0,39,0,0
4784,90443651,0,0,0,40,0,0
4785,90453651,0,11,0,39,0,0
4786,90463651,0,71,0,22,0,0
4787,90473651,5,153,0,10,0,0
4788,90483651,55,273,0,6,0,0
4789,90493651,169,492,0,1,0,0
4790,90503651,410,744,5,0,0,0
4791,90513651,635,944,4,0,0,0
4792,90523651,807,1084,1,0,0,0
4793,90533651,953,1193,0,0,0,0
4794,90543651,1069,1279,5,0,0,0
4795,90553651,1169,1352,11,0,0,0
4796,90563651,1229,1402,20,0,0,0
4797,90573651,1271,1434,27,5,0,0
4798,90583651,1296,1448,40,13,0,0
4799,90593651,1310,1461,50,20,0,0
4800,90603651,1320,1478,66,31,0,0
4801,90613651,1336,1495,87,51,0,0
4802,90623651,1358,1514,109,68,0,0
4803,90633651,1373,1532,114,90,0,0
4804,90643651,1386,1551,152,123,0,0
4805,90653651,1397,1566,182,154,0,0
4806,90663651,1416,1581,228,176,0,0
4807,90673651,1431,1593,268,207,0,0
4808,90683651,1447,1609,302,240,0,0
4809,90693651,1454,1620,321,267,0,0
4810,90703651,1467,1627,350,300,0,0
4811,90713651,1476,1638,373,325,0,0
4812,90723651,1489,1639,391,333,0,0
4813,90733651,1497,1652,418,379,0,0
4814,90743651,1506,1656,439,410,0,3
4815,90753651,1513,1667,466,439,0,32
4816,90763651,1522,1670,485,458,0,60
4817,90773651,1528,1673,508,487,0,99
4818,90783651,1530,1674,544,534,0,148
4819,90793651,1500,1676,585,581,0,212
4820,90803651,1525,1672,624,620,0,251
4821,90813651,1526,1672,661,661,0,302
4822,90823651,1522,1663,694,699,0,354
4823,90833651,1515,1654,725,731,0,384
4824,90843651,1506,1649,753,762,2,431
4825,90853651,1491,1640,789,797,32,472
4826,90863651,1472,1626,812,832,60,522
4827,90873651,1451,1612,832,857,87,560
4828,90883651,1434,1598,850,875,115,603
4829,90893651,1419,1587,866,893,139,639
4830,90903651,1404,1572,877,908,164,670
4831,90913651,1385,1559,884,915,186,695
4832,90923651,1369,1544,816,906,171,678
4833,90933651,1362,1524,899,931,224,737
4834,90943651,1342,1511,905,936,239,751
4835,90953651,1327,1492,911,949,264,769
4836,90963651,1310,1478,916,964,282,779
4837,90973651,1294,1461,924,978,300,785
4838,90983651,1279,1449,934,983,307,0
4839,90993651,1265,1433,941,994,326,817
4840,91003651,1252,1425,947,1002,328,824
4841,91013651,1242,1416,940,1011,347,834
4842,91023651,1240,1404,896,1014,361,796
4843,91033651,1230,1398,0,1018,378,0
4844,91043651,1231,1392,0,1028,387,0
4845,91053651,1224,1383,0,1036,400,0
4846,91063651,1217,1375,0,1044,409,0
4847,91073651,1207,1361,0,1053,424,0
4848,91083651,1195,1361,0,1063,429,0
4849,91093651,1190,1350,0,1071,440,0
4850,91103651,1182,1342,0,1076,457,0
4851,91113651,1175,1334,916,1081,465,0
4852,91123651,1162,1324,927,1088,472,0
4853,91133651,1146,1309,949,1098,488,0
4854,91143651,1122,1293,1006,1104,512,0
4855,91153651,1099,1271,1018,1112,526,0
4856,91163651,1075,1252,1027,1116,546,0
4857,91173651,1049,1232,1035,1125,581,0
4858,91183651,1024,1213,1040,1131,607,0
4859,91193651,1000,1196,1045,1140,631,0
4860,91203651,984,1180,1050,1144,659,0
4861,91213651,957,1164,1052,1153,677,0
4862,91223651,932,1138,1056,1159,713,0
4863,91233651,903,1119,1063,1161,741,0
4864,91243651,877,1099,1067,1173,776,0
4865,91253651,858,1072,1067,1180,801,0
4866,91263651,827,1049,1073,1187,821,0
4867,91273651,795,1020,1076,1189,853,0
4868,91283651,764,999,1078,1197,871,0
4869,91293651,732,972,1078,1198,892,1114
4870,91303651,684,951,1080,1204,920,1268
4871,91313651,642,922,994,1188,867,1227
4872,91323651,602,897,1077,1207,971,0
4873,91333651,569,871,1078,1210,997,0
4874,91343651,536,844,1075,1214,1025,0
4875,91353651,488,823,1068,1213,1047,0
4876,91363651,442,789,1065,1213,1069,0
4877,91373651,410,760,1058,1214,1094,0
4878,91383651,321,725,1051,1211,1115,0
4879,91393651,316,689,1041,1211,1140,0
4880,91403651,268,644,1021,1210,1163,0
4881,91413651,212,585,1008,1206,1190,0
4882,91423651,168,536,996,1203,1210,0
4883,91433651,111,486,981,1194,1227,1426
4884,91443651,66,428,957,1190,1249,1440
4885,91453651,21,374,937,1187,1257,1452
4886,91463651,0,297,903,1179,1255,1465
4887,91473651,0,235,871,1173,1264,1479
4888,91483651,0,173,829,1159,1267,1489
4889,91493651,0,108,781,1144,1260,1498
4890,91503651,0,48,708,1129,1246,1509
4891,91513651,0,0,574,1074,1107,1503
4892,91523651,0,0,551,1074,1194,1516
4893,91533651,0,0,469,1040,1152,1517
4894,91543651,0,0,402,998,1115,0
4895,91553651,0,0,337,953,1045,0
4896,91563651,0,0,281,896,930,1549
4897,91573651,0,0,233,829,831,1561
4898,91583651,0,0,161,710,680,1564
4899,91593651,0,0,169,730,530,1556
4900,91603651,0,0,165,688,310,1516
4901,91613651,0,0,146,648,165,1465
4902,91623651,0,0,138,605,66,1404
4903,91633651,0,0,135,582,0,1325
4904,91643651,0,0,95,539,0,1168
4905,91653651,0,0,134,508,0,1127
4906,91663651,0,0,138,467,0,1039
4907,91673651,0,0,133,425,0,922
4908,91683651,0,0,124,364,0,780
4909,91693651,0,0,110,315,0,614
4910,91703651,0,0,101,268,0,414
4911,91713651,0,0,76,213,0,176
4912,91723651,0,0,49,150,0,88
4913,91733651,0,0,43,126,0,114
4914,91743651,0,0,37,117,0,140
4915,91753651,0,0,24,103,0,129
4916,91763651,0,0,26,99,0,100
4917,91773651,0,0,17,99,0,66
4918,91783651,0,0,19,91,0,48
4919,91793651,0,0,15,96,0,33
4920,91803651,0,0,12,93,0,18
4921,91813651,0,0,13,96,0,9
4922,91823651,0,0,16,105,0,6
4923,91833651,0,0,21,101,0,9
4924,91843651,0,0,21,110,0,7
4925,91853651,0,0,24,111,0,9
4926,91863651,0,0,28,110,0,11
4927,91873651,0,0,30,116,0,11
4928,91883651,0,0,37,117,0,7
4929,91893651,0,0,32,118,0,3
4930,91903651,0,0,27,116,0,5
4931,91913651,0,0,26,115,0,7
4932,91923651,0,0,29,110,0,9
4933,91933651,2,0,24,104,0,8
4934,91943651,0,0,13,104,0,10
4935,91953651,0,0,11,104,0,9
4936,91963651,0,0,8,102,0,11
4937,91973651,0,0,3,101,0,7
4938,91983651,0,0,7,105,0,5
4939,91993651,0,0,0,105,0,3
4940,92003651,0,0,0,102,0,3
4941,92013651,0,0,0,100,0,2
4942,92023651,0,0,0,102,0,6
4943,92033651,0,0,0,100,0,9
4944,92043651,0,0,0,93,0,12
4945,92053651,0,0,0,90,0,13
4946,92063651,0,2,0,83,0,9
4947,92073651,0,0,0,76,0,8
4948,92083651,0,0,0,73,0,7
4949,92093651,0,0,1,53,0,2
4950,92103651,0,0,0,63,0,3
4951,92113651,0,0,0,59,0,0
4952,92123651,0,0,0,58,0,0
4953,92133651,0,0,0,58,0,0
4954,92143651,0,0,0,55,0,0
4955,92153651,0,8,0,53,0,0
4956,92163651,0,49,0,31,0,0
4957,92173651,0,80,0,34,0,0
4958,92183651,0,156,0,28,0,0
4959,92193651,27,215,0,24,0,0
4960,92203651,80,304,0,10,0,0
4961,92213651,175,474,2,8,0,0
4962,92223651,308,624,3,6,0,0
4963,92233651,462,749,0,0,0,0
4964,92243651,582,850,0,0,0,0
4965,92253651,679,919,0,0,0,0
4966,92263651,761,988,0,0,0,0
4967,92273651,845,1052,0,0,0,0
4968,92283651,915,1114,0,0,0,0
4969,92293651,950,1151,0,0,0,0
4970,92303651,1002,1178,0,0,0,0
4971,92313651,1043,1196,0,0,0,0
4972,92323651,1065,1208,0,0,0,0
4973,92333651,1079,1228,3,0,0,0
4974,92343651,1092,1236,18,12,0,0
4975,92353651,1100,1244,47,37,0,0
4976,92363651,1109,1251,81,56,0,0
4977,92373651,1117,1257,96,86,0,0
4978,92383651,1127,1264,122,118,0,0
4979,92393651,1143,1274,154,155,0,37
4980,92403651,1159,1288,195,183,0,83
4981,92413651,1175,1302,234,220,0,154
4982,92423651,1192,1315,282,284,0,221
4983,92433651,1199,1321,317,337,0,279
4984,92443651,1207,1329,355,387,0,338
4985,92453651,1213,1333,398,422,0,379
4986,92463651,1220,1349,436,472,0,422
4987,92473651,1233,1361,462,506,0,457
4988,92483651,1249,1373,494,546,9,496
4989,92493651,1258,1383,519,584,13,527
4990,92503651,1270,1393,543,611,25,555
4991,92513651,1274,1399,568,633,59,582
4992,92523651,1281,1405,609,660,75,605
4993,92533651,1287,1416,633,681,95,629
4994,92543651,1293,1421,661,706,110,0
4995,92553651,1299,1431,685,737,129,0
4996,92563651,1303,1432,714,759,148,0
4997,92573651,1308,1437,741,790,157,693
4998,92583651,1306,1444,769,808,167,695
4999,92593651,1308,1443,805,830,182,703
5000,92603651,1229,1443,830,857,197,714
5001,92613651,1306,1447,855,883,215,721
5002,92623651,1302,1445,876,907,231,724
5003,92633651,1300,1443,902,931,246,733
5004,92643651,1291,1439,924,948,267,745
5005,92653651,1276,1436,945,971,280,747
5006,92663651,1232,1365,905,963,238,744
5007,92673651,1264,1430,977,1013,308,758
5008,92683651,1256,1425,986,1031,315,760
5009,92693651,1249,1419,998,1044,321,755
5010,92703651,1237,1412,1007,1054,327,755
5011,92713651,1225,1403,1017,1066,327,756
5012,92723651,1208,1397,1025,1075,331,755
5013,92733651,1125,1387,1034,1082,342,754
5014,92743651,1194,1386,1041,1095,340,745
5015,92753651,1180,1384,1047,1101,344,743
5016,92763651,1178,1379,1054,1110,337,736
5017,92773651,1175,1376,1056,1113,332,731
5018,92783651,1167,1372,1059,1121,332,722
5019,92793651,1162,1371,1062,1127,325,719
5020,92803651,1163,1371,1067,1132,326,715
5021,92813651,1161,1373,1072,1139,313,701
5022,92823651,1156,1375,1075,1143,311,696
5023,92833651,1160,1378,1080,1145,304,690
5024,92843651,1161,1380,1084,1146,292,680
5025,92853651,1164,1383,1086,1153,293,675
5026,92863651,1166,1385,1093,1160,294,672
5027,92873651,1165,1388,1096,1162,292,663
5028,92883651,1165,1393,1101,1166,285,652
5029,92893651,1167,1396,1106,1171,280,647
5030,92903651,1170,1399,1108,1172,274,636
5031,92913651,1173,1401,1113,1175,270,637
5032,92923651,1174,1402,1114,1177,269,632
5033,92933651,1173,1403,1121,1179,266,628
5034,92943651,1170,1412,1123,1183,267,627
5035,92953651,1166,1405,1125,1184,269,620
5036,92963651,1162,1405,1128,1187,266,617
5037,92973651,1160,1405,1130,1189,265,614
5038,92983651,1158,1402,1133,1191,265,616
5039,92993651,1155,1407,1134,1191,264,616
5040,93003651,1148,1407,1136,1193,264,617
5041,93013651,1143,1403,1136,1196,265,617
5042,93023651,1132,1400,1142,1199,265,619
5043,93033651,1125,1397,1142,1204,267,620
5044,93043651,1115,1392,1143,1207,269,628
5045,93053651,1104,1389,1147,1202,268,633
5046,93063651,1095,1380,1147,1213,270,645
5047,93073651,1082,1370,1152,1212,272,655
5048,93083651,1065,1359,1160,1224,273,667
5049,93093651,1050,1350,1160,1225,279,680
5050,93103651,1033,1337,1163,1229,288,690
5051,93113651,1016,1323,1168,1233,295,702
5052,93123651,1001,1308,1170,1238,302,712
5053,93133651,988,1299,1174,1239,303,667
5054,93143651,968,1287,1179,1250,314,747
5055,93153651,947,1270,1180,1253,333,757
5056,93163651,924,1253,1186,1259,349,775
5057,93173651,908,1239,1193,1268,371,788
5058,93183651,883,1216,1193,1274,396,797
5059,93193651,856,1202,1195,1280,416,816
5060,93203651,830,1190,1201,1287,438,845
5061,93213651,812,1176,1200,1290,443,872
5062,93223651,797,1161,1203,1293,492,0
5063,93233651,774,1140,1207,1300,536,0
5064,93243651,722,1116,1209,1297,570,0
5065,93253651,670,1086,1212,1302,606,0
5066,93263651,563,1057,1219,1307,647,0
5067,93273651,563,1030,1220,1304,677,0
5068,93283651,525,987,1224,1309,708,0
5069,93293651,470,955,1227,1315,736,0
5070,93303651,409,909,1230,1317,759,109
5071,93313651,338,852,1230,1319,777,1116
5072,93323651,265,783,1234,1320,788,1132
5073,93333651,145,717,1233,1324,806,1162
5074,93343651,98,658,1233,1326,810,1187
5075,93353651,28,580,1226,1330,815,1202
5076,93363651,0,503,1208,1331,814,1214
5077,93373651,0,415,1189,1329,807,1232
5078,93383651,0,312,1164,1322,791,1249
5079,93393651,0,168,1129,1314,774,1275
5080,93403651,0,75,1095,1306,784,1283
5081,93413651,0,22,1045,1288,793,1299
5082,93423651,0,0,984,1265,809,1311
5083,93433651,0,0,907,1246,810,1325
5084,93443651,0,0,826,1224,806,0
5085,93453651,0,0,753,1196,759,0
5086,93463651,0,0,666,1130,662,0
5087,93473651,0,0,615,1138,617,0
5088,93483651,0,0,574,1102,538,0
5089,93493651,0,0,538,1066,466,0
5090,93503651,0,0,505,1024,392,1388
5091,93513651,0,0,482,991,296,1392
5092,93523651,0,0,461,955,189,1376
5093,93533651,0,0,409,913,72,1329
5094,93543651,0,0,455,924,42,1042
5095,93553651,0,0,454,888,0,1153
5096,93563651,0,0,448,856,0,1182
5097,93573651,0,0,431,817,0,1110
5098,93583651,0,0,420,789,0,1075
5099,93593651,0,0,390,743,0,1014
5100,93603651,0,0,342,0,0,925
5101,93613651,0,0,287,628,0,817
5102,93623651,0,0,255,540,0,710
5103,93633651,0,0,228,480,0,581
5104,93643651,0,0,212,417,0,400
5105,93653651,0,0,199,360,0,173
5106,93663651,0,0,163,252,0,48
5107,93673651,0,0,119,201,0,51
5108,93683651,0,1,117,186,0,78
5109,93693651,0,0,108,164,0,85
5110,93703651,0,0,93,152,0,64
5111,93713651,0,0,87,144,0,36
5112,93723651,0,0,84,140,0,25
5113,93733651,0,0,82,137,0,12
5114,93743651,0,0,77,139,0,4
5115,93753651,0,0,81,148,0,6
5116,93763651,0,0,83,152,0,1
5117,93773651,0,0,86,158,0,0
5118,93783651,0,0,91,160,0,0
5119,93793651,0,0,86,132,0,0
5120,93803651,0,0,104,172,0,0
5121,93813651,0,0,108,174,0,0
5122,93823651,0,0,108,171,0,0
5123,93833651,0,0,106,172,0,1
5124,93843651,0,0,101,162,0,1
5125,93853651,0,0,95,162,0,5
5126,93863651,0,0,94,155,0,5
5127,93873651,0,0,87,145,0,9
5128,93883651,0,0,76,126,0,18
5129,93893651,0,0,58,104,0,23
5130,93903651,0,0,49,95,0,24
5131,93913651,0,0,42,98,0,23
5132,93923651,0,0,12,88,0,13
5133,93933651,0,0,27,99,0,17
5134,93943651,0,0,25,98,0,13
5135,93953651,0,0,23,102,0,20
5136,93963651,0,0,23,103,0,35
5137,93973651,0,0,21,103,0,40
5138,93983651,0,0,17,99,0,40
5139,93993651,0,0,15,99,0,24
5140,94003651,0,0,15,96,0,19
5141,94013651,0,0,13,89,0,15
5142,94023651,0,0,8,86,0,17
5143,94033651,0,0,8,73,0,17
5144,94043651,0,0,9,59,0,15
5145,94053651,0,0,9,57,0,25
5146,94063651,0,0,7,63,0,34
5147,94073651,0,0,7,54,0,39
5148,94083651,0,37,4,37,0,8
5149,94093651,6,121,4,29,0,0
5150,94103651,115,309,8,13,0,0
5151,94113651,326,568,9,0,0,0
5152,94123651,637,815,14,0,0,0
5153,94133651,839,994,9,0,0,0
5154,94143651,992,1119,3,0,0,0
5155,94153651,1108,1210,5,0,0,0
5156,94163651,1204,1277,11,0,0,0
5157,94173651,1264,1329,35,0,0,0
5158,94183651,1282,1265,46,2,0,0
5159,94193651,1318,1381,79,23,0,0
5160,94203651,1325,1389,96,26,0,0
5161,94213651,1332,1396,110,42,0,0
5162,94223651,1338,1399,128,77,0,0
5163,94233651,1345,1417,193,119,0,0
5164,94243651,1357,1423,231,162,0,0
5165,94253651,1370,1432,275,203,0,0
5166,94263651,1381,1439,304,235,0,28
5167,94273651,1397,1451,330,280,0,75
5168,94283651,1408,1459,352,305,0,123
5169,94293651,1420,1465,376,334,0,160
5170,94303651,1428,1470,396,357,1,183
5171,94313651,1350,1473,417,380,0,202
5172,94323651,1438,1481,427,401,0,235
5173,94333651,1443,1483,441,422,0,259
5174,94343651,1442,1481,462,427,0,280
5175,94353651,1445,1485,482,439,0,302
5176,94363651,1443,1482,504,460,0,328
5177,94373651,1441,1480,532,488,0,358
5178,94383651,1439,1480,549,508,0,377
5179,94393651,1441,1478,568,534,0,405
5180,94403651,1444,1479,577,555,0,441
5181,94413651,1448,1479,590,574,0,468
5182,94423651,1450,1478,602,587,0,486
5183,94433651,1453,1488,612,598,0,505
5184,94443651,1439,1378,587,560,0,535
5185,94453651,1463,1479,632,617,0,558
5186,94463651,1463,1481,645,626,0,577
5187,94473651,1466,1480,655,635,0,596
5188,94483651,1468,1482,667,648,8,618
5189,94493651,1471,1480,676,660,21,632
5190,94503651,1433,1413,632,647,5,638
5191,94513651,1480,1484,686,680,39,659
5192,94523651,1482,1484,696,686,53,669
5193,94533651,1481,1483,673,700,69,682
5194,94543651,1480,1483,0,715,84,695
5195,94553651,1478,1481,0,730,98,706
5196,94563651,1477,1478,0,744,107,715
5197,94573651,1431,1406,0,728,76,715
5198,94583651,1472,1471,0,762,125,732
5199,94593651,1470,1467,0,774,137,743
5200,94603651,1467,1466,0,787,144,743
5201,94613651,1466,1464,0,801,147,747
5202,94623651,1464,1462,0,808,148,753
5203,94633651,1456,1455,0,814,150,758
5204,94643651,1449,1447,0,826,163,765
5205,94653651,1441,1440,0,836,175,776
5206,94663651,1432,1432,0,850,192,786
5207,94673651,1425,1424,0,858,201,0
5208,94683651,1414,1416,0,873,208,0
5209,94693651,1404,1405,0,877,216,0
5210,94703651,1398,1396,0,890,233,0
5211,94713651,1386,1388,0,902,247,0
5212,94723651,1381,1377,0,911,248,0
5213,94733651,1370,1368,0,923,266,0
5214,94743651,1355,1356,0,940,284,0
5215,94753651,1339,1339,0,949,305,0
5216,94763651,1247,1324,0,963,319,0
5217,94773651,1310,1309,0,977,347,882
5218,94783651,1296,1292,0,990,359,906
5219,94793651,1273,1269,0,1002,375,919
5220,94803651,1252,1249,0,1020,392,936
5221,94813651,1233,1225,0,1039,407,956
5222,94823651,1195,1111,0,988,435,973
5223,94833651,1193,1179,0,1067,455,988
5224,94843651,1174,1162,0,1078,470,1017
5225,94853651,1154,1138,0,1090,486,1041
5226,94863651,1131,1123,0,1100,508,1059
5227,94873651,1109,1109,0,1113,530,1068
5228,94883651,1083,1097,0,1122,545,1090
5229,94893651,1063,1078,0,1132,571,1114
5230,94903651,1041,1068,0,1143,593,1115
5231,94913651,1003,1052,0,1157,612,1126
5232,94923651,965,1031,932,1168,635,1143
5233,94933651,936,1008,924,1177,664,1164
5234,94943651,894,977,1003,1187,689,1176
5235,94953651,869,947,1075,1155,668,1117
5236,94963651,840,922,1093,1203,725,1200
5237,94973651,806,903,1098,1207,749,1212
5238,94983651,779,877,1105,1218,780,1215
5239,94993651,739,854,1111,1227,804,0
5240,95003651,694,820,1119,1234,820,1
5241,95013651,652,797,1122,1239,842,0
5242,95023651,578,716,1076,1182,800,0
5243,95033651,551,727,1129,1252,881,0
5244,95043651,490,680,1132,1258,911,0
5245,95053651,430,637,1136,1263,926,0
5246,95063651,373,579,1138,1270,949,0
5247,95073651,313,536,1138,1277,976,0
5248,95083651,242,471,1049,1264,922,0
5249,95093651,167,419,1140,1295,1019,0
5250,95103651,97,364,1140,1301,1044,0
5251,95113651,35,309,1139,1308,1063,0
5252,95123651,0,231,1135,1314,1091,0
5253,95133651,0,150,1129,1317,1104,0
5254,95143651,0,78,1120,1321,1118,0
5255,95153651,0,15,1099,1319,1130,1300
5256,95163651,0,1,1069,1318,1139,1420
5257,95173651,0,0,1039,1313,1137,1434
5258,95183651,0,0,997,1303,1130,1439
5259,95193651,0,0,939,1290,1113,0
5260,95203651,0,0,867,1272,1084,0
5261,95213651,0,0,773,1255,1042,0
5262,95223651,0,0,670,1230,988,0
5263,95233651,0,0,621,1207,932,0
5264,95243651,0,0,576,1171,858,0
5265,95253651,0,0,524,1123,759,1404
5266,95263651,0,0,458,1072,650,1395
5267,95273651,0,0,405,1020,528,1376
5268,95283651,0,0,394,967,399,1354
5269,95293651,0,0,379,923,249,1313
5270,95303651,0,0,362,884,116,1264
5271,95313651,0,0,332,833,29,1197
5272,95323651,0,0,321,794,0,1106
5273,95333651,0,0,297,745,0,1013
5274,95343651,0,0,253,688,0,923
5275,95353651,0,0,208,589,0,824
5276,95363651,0,0,211,561,0,668
5277,95373651,0,0,201,494,0,482
5278,95383651,0,0,200,439,0,276
5279,95393651,0,0,183,371,0,59
5280,95403651,0,0,169,299,0,0
5281,95413652,0,0,117,214,0,0
5282,95423651,0,0,134,224,0,0
5283,95433651,0,0,121,199,0,0
5284,95443651,0,0,102,177,0,0
5285,95453651,0,0,95,170,0,0
5286,95463651,0,0,75,162,0,0
5287,95473651,0,0,80,155,0,0
5288,95483651,0,0,76,160,0,0
5289,95493651,0,0,83,163,0,0
5290,95503651,0,0,89,169,0,0
5291,95513651,0,0,98,175,0,0
5292,95523651,0,0,106,181,0,0
5293,95533651,0,0,114,192,0,0
5294,95543651,0,0,119,199,0,0
5295,95553651,0,0,123,198,0,0
5296,95563651,3,0,125,200,0,0
5297,95573651,0,0,121,197,0,0
5298,95583651,0,0,118,190,0,0
5299,95593651,0,0,114,187,0,0
5300,95603651,0,0,107,178,0,0
5301,95613651,0,0,92,168,0,0
5302,95623651,0,0,86,167,0,0
5303,95633651,0,0,82,164,0,11
5304,95643651,0,0,63,157,0,25
5305,95653651,0,0,53,146,0,59
5306,95663651,0,0,41,132,0,89
5307,95673651,0,0,26,113,0,107
5308,95683651,0,0,18,104,0,114
5309,95693651,0,0,10,100,0,119
5310,95703651,0,0,12,103,0,135
5311,95713651,0,0,15,105,0,152
5312,95723651,0,0,12,111,0,167
5313,95733651,0,0,7,110,0,173
5314,95743651,0,0,6,103,0,172
5315,95753651,0,0,3,101,0,169
5316,95763651,0,0,0,97,0,159
5317,95773651,0,0,0,93,0,150
5318,95783651,0,0,0,87,0,135
5319,95793651,0,0,0,77,0,117
5320,95803651,0,0,0,72,0,112
5321,95813651,0,0,0,75,0,109
5322,95823651,0,0,0,75,0,88
5323,95833651,0,0,0,57,0,55
5324,95843651,0,0,0,50,0,8
5325,95853651,0,38,0,38,0,0
5326,95863651,0,91,0,26,0,0
5327,95873651,26,177,0,23,0,0
5328,95883651,90,293,0,8,0,0
5329,95893651,234,484,0,4,0,0
5330,95903651,442,689,3,0,0,0
5331,95913651,612,853,0,0,0,0
5332,95923651,746,965,0,0,0,0
5333,95933651,867,1061,0,0,0,0
5334,95943651,944,1127,0,0,0,0
5335,95953651,997,1167,0,0,0,0
5336,95963651,1040,1191,1,0,0,0
5337,95973651,1066,1210,8,9,0,0
5338,95983651,1082,1228,22,23,0,2
5339,95993651,1102,1247,52,44,0,0
5340,96003651,1128,1265,84,84,0,0
5341,96013651,1148,1279,123,124,0,8
5342,96023651,1168,1300,151,168,0,42
5343,96033651,1189,1316,193,187,0,80
5344,96043651,1209,1333,231,226,0,118
5345,96053651,1233,1352,279,243,0,152
5346,96063651,1250,1364,300,255,0,154
5347,96073651,1263,1385,317,298,0,210
5348,96083651,1282,1398,338,320,0,230
5349,96093651,1295,1413,348,334,0,244
5350,96103651,1305,1421,367,350,0,265
5351,96113651,1309,1428,386,369,0,274
5352,96123651,1315,1432,405,391,0,285
5353,96133651,1297,1335,388,367,0,315
5354,96143651,1318,1436,439,429,0,345
5355,96153651,1318,1437,470,462,0,375
5356,96163651,1315,1441,494,487,0,394
5357,96173651,1317,1440,522,510,3,422
5358,96183651,1321,1443,542,540,0,452
5359,96193651,1323,1444,557,568,0,477
5360,96203652,1325,1447,0,588,0,500
5361,96213651,1329,1450,0,612,0,527
5362,96223651,1332,1457,0,635,0,548
5363,96233651,1336,1460,0,665,0,570
5364,96243651,1339,1462,0,694,14,588
5365,96253651,1339,1466,0,724,28,597
5366,96263651,1319,1368,0,695,53,616
5367,96273651,1343,1470,0,782,68,630
5368,96283651,1336,1470,0,810,82,0
5369,96293651,1333,1470,0,842,107,0
5370,96303651,1330,1469,0,858,103,679
5371,96313651,1327,1469,0,876,118,699
5372,96323651,1328,1478,0,894,131,711
5373,96333651,1291,1336,0,916,142,729
5374,96343651,1326,1468,0,932,151,749
5375,96353651,1325,1466,0,942,154,761
5376,96363651,1326,1464,0,955,171,777
5377,96373651,1323,1464,0,969,186,790
5378,96383651,1320,1457,0,974,192,798
5379,96393651,1319,1452,0,983,207,809
5380,96403651,1274,1447,0,989,228,825
5381,96413651,1295,1437,0,997,238,841
5382,96423651,1284,1429,0,1004,246,853
5383,96433651,1272,1418,0,1016,249,862
5384,96443651,1260,1402,0,1033,277,872
5385,96453651,1243,1390,0,1048,281,876
5386,96463651,1229,1378,0,1057,297,885
5387,96473651,1215,1365,0,1071,309,899
5388,96483651,1201,1350,0,1082,319,914
5389,96493651,1182,1334,0,1087,331,919
5390,96503651,1168,1321,0,1099,340,923
5391,96513651,1154,1302,0,1110,355,935
5392,96523651,1137,1295,0,1118,357,947
5393,96533651,1123,1284,0,1127,359,953
5394,96543651,1114,1273,0,1147,364,964
5395,96553651,1107,1261,0,1155,372,968
5396,96563651,1096,1256,0,1156,389,975
5397,96573651,1082,1248,0,1161,395,979
5398,96583651,1076,1239,0,1173,407,984
5399,96593651,1042,1141,0,1106,407,990
5400,96603651,1054,1226,0,1183,410,996
5401,96613651,1052,1218,0,1189,418,1001
5402,96623651,1039,1209,0,1197,424,1003
5403,96633651,1033,1203,0,1198,425,1007
5404,96643651,1021,1196,0,1202,438,1016
5405,96653651,999,1095,0,1101,437,1018
5406,96663651,1005,1178,0,1211,442,1035
5407,96673651,998,1174,0,1214,446,1037
5408,96683651,993,1164,0,1219,456,1048
5409,96693651,984,1149,0,1224,471,593
5410,96703651,969,1139,0,1228,484,0
5411,96713651,950,1128,0,1231,491,0
5412,96723652,925,1110,0,1237,503,0
5413,96733651,907,1084,0,1237,537,0
5414,96743651,884,1065,0,1243,557,0
5415,96753651,862,1039,1047,1245,574,0
5416,96763651,838,1011,1048,1250,585,0
5417,96773651,813,996,1113,1247,606,0
5418,96783651,793,973,1126,1214,575,0
5419,96793651,765,956,1130,1256,621,0
5420,96803651,741,935,1130,1267,627,0
5421,96813651,716,915,1130,1263,641,0
5422,96823651,689,896,1133,1263,649,0
5423,96833651,664,875,1135,1267,669,0
5424,96843651,618,851,1138,1272,690,0
5425,96853651,554,739,1130,1276,712,0
5426,96863651,550,793,1141,1277,729,0
5427,96873651,500,750,1140,1283,742,0
5428,96883651,458,716,1138,1287,748,0
5429,96893651,404,680,1137,1285,758,0
5430,96903651,360,625,1126,1287,761,0
5431,96913651,309,564,1115,1283,758,0
5432,96923651,206,482,1100,1286,759,0
5433,96933651,141,392,1077,1275,752,0
5434,96943651,56,308,1054,1266,754,0
5435,96953651,0,203,1019,1258,748,0
5436,96963651,0,105,988,1248,748,0
5437,96973651,0,40,937,1239,742,0
5438,96983651,0,0,805,1197,729,0
5439,96993651,0,0,818,1201,722,0
5440,97003651,0,0,762,1181,710,0
5441,97013651,0,0,664,1155,660,0
5442,97023651,0,0,606,1121,611,0
5443,97033651,0,0,567,1075,538,0
5444,97043651,0,0,483,998,385,0
5445,97053651,0,0,476,975,389,0
5446,97063651,0,0,427,926,287,996
5447,97073651,0,0,400,871,172,985
5448,97083651,0,0,373,818,85,952
5449,97093651,0,0,369,777,3,0
5450,97103651,0,0,350,0,0,0
5451,97113651,0,0,297,639,0,730
5452,97123651,0,0,310,614,0,617
5453,97133651,0,0,296,547,0,488
5454,97143651,0,0,279,0,0,367
5455,97153651,0,0,260,439,0,242
5456,97163651,0,0,244,404,0,108
5457,97173651,0,0,216,355,0,0
5458,97183651,0,0,188,296,0,0
5459,97193651,0,0,171,244,0,0
5460,97203651,0,0,164,215,0,0
5461,97213651,0,0,151,203,0,0
5462,97223651,0,0,145,184,0,0
5463,97233651,0,0,138,165,0,0
5464,97243651,0,0,120,154,0,0
5465,97253651,0,0,104,143,0,0
5466,97263651,0,0,98,125,0,0
5467,97273651,0,0,95,118,0,0
5468,97283651,0,0,90,118,0,0
5469,97293651,0,0,87,117,0,0
5470,97303652,0,0,86,120,0,0
5471,97313651,0,0,90,127,0,0
5472,97323651,0,0,95,137,0,0
5473,97333651,0,0,100,147,0,0
5474,97343651,0,0,103,150,0,0
5475,97353651,0,0,106,163,0,0
5476,97363651,0,0,108,169,0,0
5477,97373652,0,0,103,160,0,0
5478,97383651,0,0,97,170,0,0
5479,97393651,0,0,88,151,0,0
5480,97403651,0,0,75,140,0,0
5481,97413651,0,0,66,123,0,0
5482,97423651,0,0,62,114,0,0
5483,97433651,0,0,56,109,0,0
5484,97443652,0,0,54,114,0,0
5485,97453651,0,0,54,108,0,0
5486,97463651,0,0,55,105,0,0
5487,97473651,0,0,37,107,0,0
5488,97483651,0,0,39,107,0,0
5489,97493651,0,0,30,105,0,3
5490,97503652,0,0,21,104,0,0
5491,97513651,0,0,14,95,0,0
5492,97523651,0,0,6,87,0,0
5493,97533651,0,0,4,80,0,0
5494,97543651,0,0,1,62,0,0
5495,97553651,0,0,0,58,0,0
5496,97563651,0,0,0,34,0,0
5497,97573651,0,0,0,60,0,0
5498,97583651,0,0,0,59,0,0
5499,97593651,0,0,0,56,0,0
5500,97603651,0,0,0,57,0,0
5501,97613651,0,0,0,55,0,0
5502,97623651,0,0,0,52,0,0
5503,97633651,0,0,0,51,0,0
5504,97643651,0,0,0,49,0,2
5505,97653651,0,0,0,48,0,0
5506,97663651,0,0,0,44,0,0
5507,97673651,0,0,0,41,0,0
5508,97683651,0,0,0,40,0,0
5509,97693651,0,0,0,42,0,0
5510,97703651,0,0,0,46,0,0
5511,97713651,0,0,0,54,0,0
5512,97723651,0,0,0,58,0,0
5513,97733651,0,0,0,57,0,0
5514,97743651,0,0,0,57,0,0
5515,97753651,0,0,0,58,0,0
5516,97763651,0,0,0,61,0,0
5517,97773651,0,0,0,62,0,0
5518,97783651,0,0,0,60,0,0
5519,97793651,0,8,0,57,0,0
5520,97803651,0,33,0,56,0,0
5521,97813651,0,53,4,58,0,0
5522,97823651,1,103,5,52,0,0
5523,97833651,39,178,4,37,0,0
5524,97843651,97,236,9,36,0,0
5525,97853651,145,326,13,29,0,0
5526,97863651,239,429,15,22,0,0
5527,97873651,344,552,7,6,0,0
5528,97883651,472,656,1,1,0,0
5529,97893651,570,755,0,0,0,0
5530,97903651,661,862,3,0,0,0
5531,97913651,757,928,8,5,0,3
5532,97923651,844,992,18,4,0,0
5533,97933651,905,1061,24,17,3,0
5534,97943651,879,1092,61,37,0,0
5535,97953651,972,1115,92,71,0,0
5536,97963651,987,1125,113,107,0,0
5537,97973651,996,1131,136,152,0,0
5538,97983651,1011,1140,181,171,0,18
5539,97993651,1006,1139,221,212,0,56
5540,98003651,1014,1147,262,243,0,133
5541,98013651,1024,1154,310,278,0,208
5542,98023651,1039,1156,356,329,0,272
5543,98033651,1046,1161,401,391,0,325
5544,98043651,1052,1167,452,429,0,383
5545,98053651,1070,1172,487,482,0,419
5546,98063651,1089,1178,526,525,0,473
5547,98073651,1109,1188,557,567,0,507
5548,98083651,1113,1194,595,603,0,548
5549,98093651,1120,1207,626,631,0,579
5550,98103651,1128,1210,661,664,0,615
5551,98113651,1130,1213,698,703,5,652
5552,98123651,1130,1219,739,736,18,684
5553,98133651,1127,1217,775,772,41,710
5554,98143652,1125,1211,808,806,61,728
5555,98153651,1125,1214,826,825,80,749
5556,98163651,1129,1215,852,856,102,759
5557,98173651,1132,1226,865,870,112,766
5558,98183651,1137,1233,877,883,125,775
5559,98193651,1144,1242,891,894,140,786
5560,98203651,1117,1159,902,910,150,475
5561,98213651,1168,1254,917,918,166,0
5562,98223651,1175,1262,929,927,184,0
5563,98233651,1181,1271,940,936,198,0
5564,98243651,1185,1277,952,944,204,0
5565,98253651,1193,1288,960,946,211,0
5566,98263651,1203,1296,963,955,216,0
5567,98273651,1212,1308,971,962,223,0
5568,98283651,1222,1317,975,966,227,0
5569,98293651,1229,1324,980,968,233,862
5570,98303651,1238,1332,984,971,236,871
5571,98313651,1242,1338,983,972,243,881
5572,98323651,1249,1340,985,972,248,886
5573,98333651,1220,1283,929,943,205,882
5574,98343651,1261,1353,998,974,248,892
5575,98353651,1267,1357,988,975,252,894
5576,98363651,1270,1358,989,976,248,895
5577,98373651,1271,1358,990,977,257,898
5578,98383651,1271,1360,987,978,263,903
5579,98393651,1272,1357,990,944,232,845
5580,98403651,1272,1361,990,979,266,903
5581,98413651,1270,1362,992,980,265,904
5582,98423651,1272,1361,993,981,265,903
5583,98433651,1274,1362,994,983,267,903
5584,98443651,1274,1365,994,981,264,901
5585,98453651,1276,1370,994,981,263,897
5586,98463651,1278,1367,994,981,257,891
5587,98473651,1283,1366,993,980,261,890
5588,98483651,1285,1371,994,981,251,889
5589,98493651,1287,1371,993,981,257,889
5590,98503651,1288,1371,994,982,260,888
5591,98513651,1289,1370,997,981,261,887
5592,98523651,1249,1249,987,984,261,890
5593,98533651,1288,1371,996,983,268,891
5594,98543651,1288,1368,998,981,277,894
5595,98553651,1289,1369,999,984,279,895
5596,98563651,1289,1367,1000,988,283,895
5597,98573651,1290,1365,1000,985,295,898
5598,98583651,1290,1366,1000,987,299,902
5599,98593651,1290,1365,1000,985,299,901
5600,98603651,1288,1361,1001,989,304,903
5601,98613651,1286,1356,1002,988,316,906
5602,98623651,1281,1353,1003,990,323,908
5603,98633651,1275,1349,1002,993,333,908
5604,98643651,1273,1340,1004,995,348,919
5605,98653651,1269,1335,1006,997,357,930
5606,98663651,1261,1330,1007,995,369,925
5607,98673651,1255,1321,1009,998,379,920
5608,98683651,1244,1313,1015,1001,384,930
5609,98693651,1236,1304,1015,1003,396,933
5610,98703651,1223,1289,1027,1011,409,935
5611,98713651,1208,1278,1021,1016,422,937
5612,98723651,1194,1270,1027,1019,432,925
5613,98733651,1184,1256,1034,1021,448,891
5614,98743651,1173,1244,1036,1029,465,0
5615,98753651,1161,1225,1039,1035,474,0
5616,98763651,1143,1201,1039,1040,489,0
5617,98773651,1121,1171,1044,1045,507,0
5618,98783651,1098,1134,1044,1047,526,0
5619,98793651,1065,1095,1048,1054,537,0
5620,98803651,1017,1047,1049,1057,568,0
5621,98813651,974,998,1048,1062,591,0
5622,98823651,918,928,1049,1065,616,0
5623,98833651,857,855,1048,1066,635,0
5624,98843651,791,794,1042,1070,666,0
5625,98853651,679,656,1037,1075,698,0
5626,98863651,605,663,1042,1079,730,0
5627,98873651,484,569,1039,1083,759,0
5628,98883651,357,485,1030,1090,808,0
5629,98893651,197,365,1015,1092,841,0
5630,98903651,59,248,992,1093,872,0
5631,98913651,0,118,963,1094,903,0
5632,98923651,0,31,919,1095,923,0
5633,98933651,0,0,858,1094,942,0
5634,98943651,0,0,790,1084,955,0
5635,98953651,0,0,682,1075,964,0
5636,98963651,0,0,614,1058,960,0
5637,98973651,0,0,552,1043,951,0
5638,98983651,0,0,484,1009,923,1277
5639,98993651,0,0,432,982,870,1276
5640,99003651,0,0,408,947,803,0
5641,99013651,0,0,368,910,714,1303
5642,99023651,0,0,313,870,612,1315
5643,99033651,0,0,283,820,484,1320
5644,99043651,0,0,283,795,354,1320
5645,99053651,0,0,278,760,208,0
5646,99063651,0,0,270,698,98,1271
5647,99073651,0,0,267,662,25,1221
5648,99083651,0,0,250,605,0,1145
5649,99093651,0,0,226,542,0,1062
5650,99103651,0,0,206,465,0,966
5651,99113651,0,0,180,350,0,858
5652,99123651,0,0,166,363,0,709
5653,99133651,0,0,165,336,0,475
5654,99143651,0,0,166,294,0,186
5655,99153651,0,1,150,237,0,7
5656,99163651,0,0,130,191,0,0
5657,99173651,0,0,134,193,0,0
5658,99183651,0,0,124,181,0,7
5659,99193651,0,0,111,168,0,0
5660,99203651,0,0,98,157,0,0
5661,99213651,0,0,89,145,0,0
5662,99223651,0,0,88,135,0,0
5663,99233651,0,0,83,119,0,0
5664,99243651,0,0,77,99,0,0
5665,99253651,0,0,75,106,0,0
5666,99263651,0,0,77,104,0,0
5667,99273651,0,0,80,107,0,0
5668,99283651,0,0,86,115,0,0
5669,99293651,0,0,88,119,0,0
5670,99303651,0,0,91,115,0,0
5671,99313651,0,0,92,116,0,0
5672,99323651,0,0,94,110,0,0
5673,99333651,0,0,93,109,0,0
5674,99343651,0,0,89,104,0,0
5675,99353651,0,0,84,99,0,0
5676,99363651,0,0,74,95,0,0
5677,99373651,0,0,71,90,0,0
5678,99383651,0,0,62,85,0,0
5679,99393651,0,0,52,78,0,0
5680,99403651,0,0,44,77,0,0
5681,99413651,0,0,34,73,0,0
5682,99423651,0,0,32,69,0,0
5683,99433651,0,0,31,67,0,0
5684,99443651,0,0,29,64,0,0
5685,99453651,0,0,29,66,0,0
5686,99463651,0,0,30,65,0,0
5687,99473651,0,0,32,69,0,0
5688,99483651,0,0,32,68,0,0
5689,99493651,0,0,35,72,0,0
5690,99503651,0,0,11,70,0,0
5691,99513651,0,0,38,79,0,0
5692,99523651,0,0,38,84,0,0
5693,99533651,0,0,40,87,0,0
5694,99543651,0,0,40,88,0,0
5695,99553651,0,0,40,87,0,0
5696,99563651,0,0,39,90,0,0
5697,99573651,0,0,41,89,0,0
5698,99583651,0,0,41,84,0,0
5699,99593651,0,0,36,79,0,0
5700,99603651,0,0,36,70,0,0
5701,99613651,0,0,35,71,0,0
5702,99623651,0,0,37,69,0,0
5703,99633651,0,0,41,79,0,0
5704,99643651,0,0,42,82,0,0
5705,99653651,0,0,43,90,0,0
5706,99663651,0,0,45,93,0,0
5707,99673651,0,0,47,95,0,0
5708,99683651,0,0,54,100,0,0
5709,99693651,0,0,51,101,0,0
5710,99703651,0,0,59,105,0,0
5711,99713651,0,0,47,93,0,0
5712,99723651,0,0,56,85,0,0
5713,99733651,0,21,58,73,0,0
5714,99743651,0,42,61,75,0,0
5715,99753651,0,90,79,69,0,0
5716,99763651,6,169,89,71,0,0
5717,99773651,46,242,91,57,0,0
5718,99783651,107,363,81,42,0,0
5719,99793651,230,508,73,35,0,0
5720,99803651,400,679,57,17,0,0
5721,99813651,593,817,41,5,0,0
5722,99823651,742,918,30,0,0,0
5723,99833651,842,986,32,0,0,0
5724,99843651,891,1019,28,0,0,0
5725,99853651,921,1040,38,0,2,0
5726,99863651,929,1047,57,12,0,0
5727,99873651,938,1053,115,39,0,0
5728,99883651,947,1060,154,88,0,0
5729,99893651,970,1079,201,148,0,0
5730,99903652,993,1106,247,183,0,0
5731,99913651,1019,1130,303,228,0,0
5732,99923651,1047,1156,347,293,0,10
5733,99933651,1075,1177,383,357,0,34
5734,99943651,1094,1188,427,402,0,54
5735,99953651,1105,1197,460,445,0,83
5736,99963651,1116,1204,493,481,0,120
5737,99973651,1125,1212,525,516,0,175
5738,99983651,1133,1215,541,549,0,225
5739,99993651,1141,1223,566,583,0,255
5740,100003651,1143,1230,612,618,0,306
5741,100013651,1144,1230,642,664,0,353
5742,100023651,1142,1230,696,709,0,409
5743,100033651,1123,1139,697,688,0,445
5744,100043651,1137,1234,777,781,0,492
5745,100053651,1133,1236,807,821,0,527
5746,100063651,1135,1238,835,849,9,559
5747,100073651,1140,1241,861,874,35,558
5748,100083651,1144,1245,881,898,60,0
5749,100093651,1158,1253,905,921,96,0
5750,100103651,1163,1262,921,936,107,0
5751,100113651,1169,1269,936,951,137,0
5752,100123651,1174,1273,954,967,154,0
5753,100133651,1177,1280,967,983,171,0
5754,100143651,1181,1288,983,997,200,0
5755,100153651,1183,1292,995,1006,219,0
5756,100163651,1148,1232,941,988,180,0
5757,100173651,1188,1301,1013,1039,242,0
5758,100183651,1191,1305,1019,1046,250,0
5759,100193651,1191,1308,1034,1052,272,0
5760,100203651,1189,1308,1043,1062,283,0
5761,100213651,1184,1307,1046,1066,295,0
5762,100223651,1140,1240,991,1038,249,0
5763,100233651,1171,1301,1062,1077,321,0
5764,100243651,1159,1298,1067,1080,333,0
5765,100253651,1146,1290,1070,1081,332,0
5766,100263651,1141,1288,1073,1084,342,0
5767,100273651,1128,1279,1071,1093,349,0
5768,100283651,1112,1270,1079,1093,368,0
5769,100293651,1029,1260,1083,1100,362,0
5770,100303651,1085,1255,1084,1101,374,0
5771,100313651,1071,1246,1089,1106,386,0
5772,100323651,1061,1238,1095,1110,398,0
5773,100333651,1053,1232,1098,1113,406,0
5774,100343651,1047,1224,1100,1118,421,0
5775,100353651,1044,1215,1105,1116,430,0
5776,100363651,1045,1211,1105,1119,441,0
5777,100373651,1044,1217,1107,1120,447,0
5778,100383651,1052,1214,1108,1119,447,0
5779,100393651,1040,1207,1107,1123,475,0
5780,100403651,1028,1202,1111,1126,478,0
5781,100413651,1016,1192,1115,1128,499,0
5782,100423651,1008,1179,1115,1089,476,0
5783,100433651,997,1175,1120,1130,522,0
5784,100443651,986,1165,1121,1130,535,0
5785,100453651,986,1158,1122,1129,540,0
5786,100463651,974,1147,1124,1132,554,0
5787,100473651,960,1136,1124,1134,564,0
5788,100483651,935,1125,1125,1136,580,0
5789,100493651,919,1114,1126,1139,596,0
5790,100503651,898,1093,1128,1141,618,0
5791,100513651,879,1068,1129,1143,639,0
5792,100523651,857,1051,1132,1146,660,0
5793,100533651,840,1022,1130,1147,677,0
5794,100543651,819,1022,1132,1146,697,1
5795,100553651,792,992,1136,1155,722,0
5796,100563651,761,973,1135,1158,726,0
5797,100573651,733,945,1138,1159,752,0
5798,100583651,696,914,1143,1159,775,0
5799,100593651,660,889,1138,1166,804,0
5800,100603651,630,871,1142,1171,825,0
5801,100613651,612,856,1140,1174,849,0
5802,100623651,586,833,1142,1177,867,0
5803,100633651,558,812,1143,1178,890,0
5804,100643651,540,807,1142,1184,911,0
5805,100653651,506,787,1143,1182,939,0
5806,100663651,480,755,1143,1187,959,0
5807,100673651,452,729,1144,1191,982,0
5808,100683651,426,713,1145,1195,999,0
5809,100693651,410,695,1144,1197,1014,0
5810,100703651,385,676,1146,1201,1034,0
5811,100713651,354,651,1147,1204,1051,0
5812,100723651,318,630,1149,1207,1063,0
5813,100733651,285,608,1151,1208,1075,0
5814,100743651,269,582,1153,1213,1091,0
5815,100753651,230,538,1155,1212,1101,0
5816,100763651,202,501,1150,1217,1106,0
5817,100773651,170,484,1150,1221,1115,0
5818,100783651,143,457,1150,1221,1115,0
5819,100793651,109,423,1147,1224,1116,0
5820,100803651,87,397,1144,1219,1115,0
5821,100813651,60,368,1139,1184,1050,0
5822,100823651,39,333,1133,1224,1100,0
5823,100833651,21,308,1124,1222,1071,0
5824,100843651,3,252,1112,1214,1062,0
5825,100853651,0,205,1100,1212,1046,0
5826,100863651,0,151,1085,1210,1035,0
5827,100873651,0,88,1064,1210,1012,0
5828,100883651,0,29,977,1172,895,0
5829,100893651,0,0,1003,1203,978,0
5830,100903651,0,0,958,1196,952,0
5831,100913651,0,0,905,1186,909,0
5832,100923651,0,0,850,1163,871,0
5833,100933651,0,0,811,1142,842,0
5834,100943651,0,0,765,1127,796,0
5835,100953651,0,0,680,1026,719,0
5836,100963651,0,0,655,1060,621,0
5837,100973651,0,0,606,1012,501,0
5838,100983651,0,0,562,956,400,1214
5839,100993651,0,0,501,891,306,1206
5840,101003651,0,0,443,825,194,1175
5841,101013651,0,0,372,732,66,1136
5842,101023651,0,0,375,682,24,0
5843,101033651,0,0,326,592,0,1033
5844,101043651,0,0,283,496,0,941
5845,101053651,0,0,249,400,0,817
5846,101063651,0,0,212,333,0,697
5847,101073651,0,0,189,283,0,568
5848,101083651,0,0,176,173,0,437
5849,101093651,0,0,148,187,0,258
5850,101103651,0,0,135,94,0,108
5851,101113651,0,0,124,122,0,53
5852,101123651,0,0,118,122,0,42
5853,101133651,0,0,119,123,0,25
5854,101143651,0,0,83,117,0,0
5855,101153651,0,0,114,121,0,0
5856,101163651,0,0,113,124,0,0
5857,101173651,0,0,113,124,0,0
5858,101183651,0,0,114,131,0,0
5859,101193651,0,0,114,134,0,0
5860,101203651,0,0,113,125,0,0
5861,101213651,0,0,107,124,0,0
5862,101223651,0,0,108,121,0,0
5863,101233651,0,0,90,118,0,0
5864,101243651,0,0,86,111,0,0
5865,101253651,0,0,79,102,0,3
5866,101263651,0,0,74,91,0,0
5867,101273651,0,0,60,87,0,0
5868,101283651,0,0,59,74,0,0
5869,101293651,0,0,54,71,0,0
5870,101303651,0,0,54,72,0,0
5871,101313651,0,0,52,68,0,0
5872,101323651,0,0,48,63,0,0
5873,101333651,0,0,45,65,0,0
5874,101343651,0,0,43,65,0,0
5875,101353651,0,0,43,63,0,0
5876,101363651,0,0,40,55,0,0
5877,101373651,0,0,36,57,0,0
5878,101383651,0,0,32,57,0,0
5879,101393651,0,0,33,55,0,0
5880,101403651,0,0,25,56,0,0
5881,101413651,0,0,26,58,0,0
5882,101423651,0,0,19,54,0,0
5883,101433651,0,0,14,44,0,0
5884,101443651,0,0,10,43,0,0
5885,101453651,0,0,9,39,0,0
5886,101463651,0,0,9,41,0,0
5887,101473651,0,0,9,43,0,8
5888,101483651,0,0,7,41,0,21
5889,101493651,0,0,7,43,0,35
5890,101503651,0,0,8,38,0,56
5891,101513651,0,0,7,35,0,89
5892,101523651,0,0,3,35,0,126
5893,101533651,0,0,4,30,0,156
5894,101543651,0,0,1,29,0,183
5895,101553651,0,0,1,27,0,217
5896,101563651,0,0,3,27,0,235
5897,101573651,0,0,3,28,0,253
5898,101583651,0,0,13,31,0,265
5899,101593651,0,0,5,29,0,275
5900,101603651,0,2,6,41,0,278
5901,101613651,0,3,9,37,0,280
5902,101623651,0,3,9,38,0,271
5903,101633651,0,3,11,40,0,255
5904,101643651,0,16,9,37,0,221
5905,101653651,0,20,10,32,0,202
5906,101663651,0,44,11,26,0,165
5907,101673651,0,66,10,26,0,115
5908,101683651,0,107,14,25,0,54
5909,101693651,16,190,20,28,0,11
5910,101703651,83,288,27,26,0,0
5911,101713651,208,467,23,18,0,0
5912,101723651,396,676,24,4,0,0
5913,101733651,615,797,12,0,0,0
5914,101743651,864,1011,17,0,0,0
5915,101753651,1002,1122,28,0,0,0
5916,101763651,1092,1206,38,0,0,0
5917,101773651,1163,1269,65,4,0,0
5918,101783651,1209,1313,101,27,0,0
5919,101793651,1243,1342,150,56,0,0
5920,101803651,1259,1363,217,149,0,0
5921,101813651,1270,1383,305,242,0,0
5922,101823651,1278,1392,408,330,0,0
5923,101833651,1294,1403,501,414,0,0
5924,101843651,1302,1419,590,513,0,27
5925,101853651,1311,1428,662,582,2,76
5926,101863651,1276,1374,634,617,0,150
5927,101873651,1325,1448,754,691,0,203
5928,101883651,1337,1457,786,731,0,250
5929,101893651,1342,1463,812,766,0,292
5930,101903651,1339,1462,843,804,0,342
5931,101913651,1334,1456,861,830,0,372
5932,101923651,1324,1455,883,853,0,416
5933,101933651,1276,1326,890,819,0,459
5934,101943651,1305,1445,936,910,0,495
5935,101953651,1297,1435,958,931,10,550
5936,101963651,1273,1422,981,969,36,584
5937,101973651,1255,1409,997,992,53,617
5938,101983651,1234,1398,1012,1014,87,656
5939,101993651,1214,1387,949,1019,82,643
5940,102003651,1209,1381,1046,1056,116,702
5941,102013651,1198,1372,1060,1068,139,725
5942,102023651,1187,1365,1067,1080,149,741
5943,102033651,1176,1357,1077,1094,165,761
5944,102043651,1170,1347,1080,1106,185,779
5945,102053651,1163,1341,1088,1112,207,797
5946,102063651,1151,1334,1096,1126,219,807
5947,102073651,1141,1326,1097,1127,230,818
5948,102083651,1141,1326,1100,1129,240,832
5949,102093651,1136,1323,1106,1137,253,842
5950,102103651,1134,1321,1110,1137,265,853
5951,102113651,1129,1313,1111,1141,276,856
5952,102123652,1126,1315,1114,1136,277,863
5953,102133651,1124,1311,1116,1145,296,869
5954,102143651,1125,1307,1121,1146,297,873
5955,102153651,1119,1308,1122,1154,307,876
5956,102163651,1118,1307,1123,1150,308,878
5957,102173651,1122,1305,1124,1151,318,878
5958,102183651,1088,1188,1115,1157,313,881
5959,102193651,1126,1309,1127,1148,311,880
5960,102203651,1128,1317,1124,1150,313,880
5961,102213651,1132,1315,1125,1148,309,880
5962,102223651,1140,1317,1125,1145,317,885
5963,102233651,1133,1314,1126,1146,316,885
5964,102243651,1132,1307,1124,1108,301,829
5965,102253651,1126,1309,1127,1145,329,885
5966,102263651,1125,1305,1126,1148,339,889
5967,102273651,1120,1301,1125,1148,346,891
5968,102283651,1116,1295,1128,1154,349,896
5969,102293651,1112,1291,1128,1140,357,904
5970,102303651,1106,1287,1126,1143,365,832
5971,102313651,1096,1276,1128,1147,365,918
5972,102323651,1080,1266,1130,1151,388,928
5973,102333651,1067,1256,1130,1153,407,942
5974,102343651,1053,1241,1140,1156,424,953
5975,102353651,1048,1235,1130,1154,442,968
5976,102363651,1039,1224,1132,1160,456,0
5977,102373651,1035,1211,1132,1163,472,0
5978,102383651,1023,1205,1133,1172,481,0
5979,102393651,1016,1197,1132,1163,496,0
5980,102403651,1014,1193,1135,1162,512,0
5981,102413651,1013,1184,1131,1161,536,0
5982,102423651,1009,1180,1134,1157,544,0
5983,102433651,988,1089,1086,1085,553,0
5984,102443651,998,1172,1134,1152,559,0
5985,102453651,1000,1173,1131,1150,563,0
5986,102463651,1000,1172,1132,1147,565,0
5987,102473651,1008,1178,1132,1144,553,0
5988,102483651,1016,1183,1130,1139,524,0
5989,102493651,1037,1189,1118,1098,455,0
5990,102503651,1049,1202,1126,1132,470,0
5991,102513651,1054,1205,1130,1136,470,0
5992,102523651,1054,1203,1132,1139,470,0
5993,102533651,1045,1200,1133,1141,473,0
5994,102543651,1025,1186,1134,1145,473,0
5995,102553651,1001,1171,1136,1147,473,0
5996,102563651,914,1144,1136,1150,476,0
5997,102573651,954,1124,1134,1149,487,0
5998,102583651,923,1102,1134,1149,483,0
5999,102593651,887,1077,1132,1149,475,0
6000,102603651,857,1044,1123,1147,469,0
6001,102613651,809,997,1123,1142,460,0
6002,102623651,733,906,1045,1101,392,0
6003,102633651,702,916,1094,1118,443,0
6004,102643651,637,867,1063,1095,428,0
6005,102653651,585,832,1022,1067,403,0
6006,102663651,528,795,974,1039,370,0
6007,102673651,458,745,935,1008,344,0
6008,102683651,391,672,890,987,324,0
6009,102693651,248,553,841,959,301,0
6010,102703651,175,446,798,932,293,0
6011,102713651,62,331,753,909,277,889
6012,102723651,0,229,675,873,283,942
6013,102733651,0,153,571,827,300,921
6014,102743651,0,84,462,780,349,905
6015,102753651,0,23,381,725,354,886
6016,102763651,0,0,317,644,366,878
6017,102773651,0,0,241,557,335,873
6018,102783651,0,0,206,476,289,855
6019,102793651,0,0,172,391,231,819
6020,102803651,0,0,152,315,130,781
6021,102813651,0,0,121,257,4,691
6022,102823651,0,0,93,191,0,507
6023,102833651,0,0,72,156,0,442
6024,102843651,0,0,44,122,0,279
6025,102853651,0,6,27,31,0,121
6026,102863651,0,25,12,40,0,0
6027,102873651,0,36,11,4,0,0
6028,102883651,0,41,13,25,0,2
6029,102893651,0,42,19,32,0,0
6030,102903651,0,38,27,40,0,0
6031,102913651,0,37,34,46,0,0
6032,102923651,0,41,38,54,0,0
6033,102933651,0,43,43,60,0,0
6034,102943651,0,42,50,68,0,0
6035,102953651,0,14,35,42,0,0
6036,102963651,0,29,48,75,0,0
6037,102973651,0,28,48,72,0,0
6038,102983651,0,26,52,68,0,0
6039,102993651,0,25,46,64,0,0
6040,103003651,0,23,46,57,0,0
6041,103013651,0,21,42,56,0,1
6042,103023651,0,18,41,52,0,0
6043,103033651,0,15,36,46,0,0
6044,103043651,0,11,31,41,0,0
6045,103053651,0,5,28,43,0,0
6046,103063651,0,1,23,41,0,0
6047,103073651,0,0,18,40,0,0
6048,103083651,0,0,21,39,1,0
6049,103093651,0,0,20,39,0,0
6050,103103651,0,0,19,39,0,0
6051,103113651,0,0,16,42,0,0
6052,103123651,0,0,14,45,0,0
6053,103133651,0,0,14,44,0,0
6054,103143651,0,0,19,47,0,0
6055,103153651,0,0,7,49,0,0
6056,103163651,0,0,3,48,0,0
6057,103173651,0,0,0,48,0,0
6058,103183651,0,0,0,50,0,0
6059,103193651,0,0,0,45,1,0
6060,103203651,0,0,0,38,0,0
6061,103213651,0,0,0,35,0,0
6062,103223651,0,0,0,26,3,0
6063,103233651,0,0,0,17,0,0
6064,103243651,0,0,0,12,0,0
6065,103253651,0,0,0,10,0,0
6066,103263651,0,0,0,9,0,0
6067,103273651,0,0,0,13,0,0
6068,103283651,0,0,0,13,0,0
6069,103293651,0,0,0,16,0,0
6070,103303651,0,0,0,20,0,0
6071,103313651,0,0,0,19,0,0
6072,103323651,0,0,0,20,0,0
6073,103333651,0,0,0,21,0,0
6074,103343651,0,0,0,19,0,0
6075,103353651,0,0,0,22,0,0
6076,103363651,0,0,0,20,0,0
6077,103373651,0,1,0,14,0,0
6078,103383651,0,33,0,12,0,0
6079,103393651,0,54,0,10,0,0
6080,103403651,0,118,0,11,0,0
6081,103413651,22,208,0,10,0,0
6082,103423651,123,342,0,0,5,0
6083,103433651,247,524,0,0,0,0
6084,103443651,429,708,0,0,0,0
6085,103453651,613,863,0,0,0,0
6086,103463651,764,985,0,0,0,0
6087,103473651,919,1094,0,0,0,0
6088,103483651,1014,1186,4,0,0,0
6089,103493651,1081,1243,7,0,0,0
6090,103503651,1137,1291,17,0,0,0
6091,103513651,1182,1319,30,3,0,0
6092,103523651,1209,1347,45,13,0,0
6093,103533651,1225,1368,38,21,0,0
6094,103543651,1240,1380,86,41,0,0
6095,103553651,1248,1388,97,54,0,0
6096,103563651,1261,1397,127,101,0,0
6097,103573651,1268,1404,166,142,0,0
6098,103583651,1279,1413,203,171,0,0
6099,103593651,1295,1426,241,209,0,0
6100,103603651,1304,1431,232,236,0,0
6101,103613651,1323,1443,314,278,0,19
6102,103623651,1334,1448,335,299,0,69
6103,103633651,1340,1454,354,323,0,102
6104,103643651,1346,1453,369,346,0,141
6105,103653651,1353,1454,397,381,0,182
6106,103663651,1352,1452,408,402,0,222
6107,103673651,1350,1455,421,419,0,242
6108,103683651,1356,1452,436,434,0,275
6109,103693651,1352,1453,459,453,0,312
6110,103703651,1353,1452,473,467,0,334
6111,103713651,1354,1453,483,480,0,351
6112,103723651,1356,1453,503,502,0,365
6113,103733651,1357,1455,521,523,0,340
6114,103743651,1361,1458,533,541,0,406
6115,103753651,1364,1463,542,561,0,422
6116,103763651,1369,1465,561,580,0,438
6117,103773651,1372,1468,580,600,0,456
6118,103783651,1370,1469,598,614,0,475
6119,103793651,1367,1476,612,632,0,488
6120,103803651,1379,1477,629,649,0,511
