seq,ts_us,s0,s1,s2,s3,s4,s5
137,118572488,0,35,636,846,0,207
138,118582488,0,46,667,840,0,205
139,118592488,0,47,652,830,0,200
140,118602488,0,47,632,826,0,198
141,118612488,0,48,620,820,0,186
142,118622488,0,47,610,812,0,179
143,118632488,0,25,582,738,0,143
144,118642488,0,51,582,802,0,162
145,118652488,0,53,568,791,0,148
146,118662488,0,55,555,781,0,120
147,118672488,0,58,541,766,0,105
148,118682488,0,61,530,751,0,87
149,118692488,0,69,507,738,0,73
150,118702488,0,73,493,718,0,57
151,118712488,0,74,487,697,0,38
152,118722488,0,75,476,676,0,18
153,118732488,0,76,464,652,0,0
154,118742488,0,82,438,628,0,0
155,118752488,0,86,416,601,0,0
156,118762488,0,88,383,565,0,0
157,118772488,0,91,350,507,0,0
158,118782488,0,94,315,461,0,0
159,118792488,0,100,300,407,0,0
160,118802488,0,106,279,339,0,0
161,118812488,0,110,253,284,0,0
162,118822488,0,110,215,208,0,0
163,118832488,0,115,216,196,0,0
164,118842488,0,118,201,161,0,0
165,118852488,0,121,177,125,0,0
166,118862488,0,132,164,103,0,0
167,118872488,0,140,151,88,0,0
168,118882488,0,145,152,82,0,0
169,118892488,0,151,149,76,0,0
170,118902488,0,156,148,76,0,0
171,118912488,0,160,142,70,0,0
172,118922488,0,166,141,69,0,0
173,118932488,0,172,141,68,0,0
174,118942488,0,176,140,63,0,0
175,118952488,0,182,142,60,0,0
176,118962488,0,187,142,61,0,0
177,118972488,0,191,144,57,0,0
178,118982488,0,194,147,56,0,0
179,118992488,0,195,148,56,0,0
180,119002488,0,198,150,57,0,0
181,119012488,0,199,147,58,0,0
182,119022488,0,200,152,59,0,0
183,119032488,0,201,154,57,0,0
184,119042488,0,202,153,56,0,0
185,119052488,0,203,154,54,0,0
186,119062488,0,204,153,53,0,0
187,119072488,0,204,155,51,0,0
188,119082488,0,203,156,53,0,0
189,119092488,0,205,157,52,0,0
190,119102488,0,205,158,52,0,0
191,119112488,0,206,159,49,0,0
192,119122488,0,206,157,49,0,0
193,119132488,0,206,154,49,0,0
194,119142488,0,207,156,46,0,0
195,119152488,0,206,153,47,0,0
196,119162488,0,209,153,46,0,0
197,119172488,0,209,155,47,0,0
198,119182488,0,210,153,45,0,0
199,119192488,0,208,154,44,0,0
200,119202488,0,208,152,46,0,0
201,119212488,0,211,153,44,0,0
202,119222488,0,211,159,43,0,0
203,119232488,0,212,159,41,0,0
204,119242488,0,225,165,29,0,0
205,119252488,0,237,164,25,0,0
206,119262488,12,251,165,25,0,0
207,119272488,46,288,168,22,0,0
208,119282488,80,330,171,25,0,0
209,119292488,125,371,173,25,0,0
210,119302488,200,428,179,25,0,0
211,119312488,280,494,179,22,0,0
212,119322488,356,562,181,24,0,0
213,119332488,460,627,186,24,0,0
214,119342489,566,688,191,23,0,0
215,119352488,663,748,196,23,0,0
216,119362488,738,804,193,24,0,0
217,119372488,805,859,200,26,0,0
218,119382488,869,912,207,25,0,0
219,119392488,937,953,208,32,0,0
220,119402488,981,997,217,37,0,0
221,119412488,1033,1039,224,39,0,0
222,119422488,1071,1068,232,44,0,0
223,119432488,1114,1105,234,46,0,0
224,119442488,1142,1136,248,51,5,0
225,119452488,1177,1169,257,57,0,0
226,119462488,1211,1196,269,60,0,0
227,119472488,1243,1225,275,57,0,0
228,119482488,1273,1250,277,61,0,0
229,119492488,1299,1270,293,60,0,0
230,119502488,1318,1292,299,66,0,0
231,119512488,1338,1310,300,67,0,0
232,119522488,1361,1330,307,77,0,0
233,119532488,1380,1351,313,64,0,0
234,119542488,1397,1371,316,64,0,0
235,119552488,1415,1392,329,73,0,0
236,119562488,1432,1405,341,70,0,0
237,119572488,1446,1427,357,79,0,0
238,119582488,1459,1441,370,87,0,0
239,119592488,1468,1453,374,96,0,0
240,119602488,1480,1466,400,111,0,0
241,119612488,1490,1476,420,124,0,0
242,119622488,1498,1484,446,156,0,0
243,119632488,1506,1490,483,184,0,0
244,119642488,1509,1496,525,214,0,0
245,119652488,1510,1499,553,246,0,0
246,119662488,1513,1496,577,281,0,0
247,119672488,1515,1501,597,306,0,0
248,119682488,1513,1495,624,335,0,0
249,119692488,1511,1500,644,353,0,0
250,119702488,1507,1498,669,372,0,0
251,119712488,1506,1495,693,397,0,0
252,119722488,1498,1499,719,425,0,0
253,119732488,1492,1488,750,458,0,0
254,119742488,1483,1481,772,477,0,0
255,119752488,1474,1475,779,500,0,0
256,119762488,1466,1465,799,529,0,0
257,119772488,1459,1457,816,551,0,0
258,119782488,1450,1451,839,563,0,0
259,119792488,1445,1443,856,582,0,0
260,119802488,1433,1436,869,598,0,0
261,119812488,1428,1433,881,612,0,0
262,119822488,1428,1429,889,635,0,0
263,119832488,1417,1429,899,652,0,0
264,119842488,1414,1420,907,667,0,0
265,119852488,1407,1418,919,683,0,0
266,119862488,1401,1412,925,699,0,0
267,119872488,1397,1405,935,717,0,0
268,119882488,1394,1401,943,731,0,0
269,119892488,1392,1397,953,744,0,0
270,119902488,1388,1390,956,758,0,0
271,119912488,1290,1342,908,767,0,0
272,119922488,1385,1381,971,780,0,0
273,119932488,1385,1377,0,793,0,9
274,119942488,1371,1364,973,803,0,19
275,119952488,1360,1363,986,814,0,32
276,119962488,1355,1355,997,828,0,45
277,119972488,1345,1351,1003,849,0,54
278,119982488,1330,1339,1013,859,0,69
279,119992488,1318,1335,1021,871,0,82
280,120002488,1309,1328,1034,882,0,98
281,120012488,1302,1318,1042,890,0,119
282,120022488,1287,1303,1048,904,0,144
283,120032488,1272,1288,1054,917,0,188
284,120042488,1256,1271,1063,929,0,248
285,120052488,1236,1255,1072,942,0,295
286,120062488,1207,1237,1082,959,0,362
287,120072488,1181,1210,1093,978,0,419
288,120082488,1154,1184,1100,991,0,470
289,120092488,1119,1157,1109,1005,0,552
290,120102488,1082,1127,1083,966,0,569
291,120112488,1042,1099,1124,1043,2,690
292,120122488,989,1069,1131,1059,27,744
293,120132488,937,1040,1139,1072,52,799
294,120142488,891,1004,1145,1085,73,852
295,120152488,841,968,1150,1102,95,895
296,120162488,781,932,1157,1114,121,936
297,120172488,639,0,1098,1125,152,967
298,120182488,638,856,1166,1137,187,996
299,120192488,567,821,1171,1150,228,1019
300,120202488,471,778,1174,1164,273,1051
301,120212488,385,724,1177,1177,300,1078
302,120222488,281,658,1180,1189,354,1106
303,120232488,160,583,1181,1197,398,1129
304,120242488,60,492,1182,1208,441,1150
305,120252488,0,375,1180,1222,492,1174
306,120262488,0,259,1174,1230,549,1200
307,120272488,0,168,1165,1241,597,1225
308,120282488,0,62,1156,1249,647,1243
309,120292488,0,0,1130,1253,698,1260
310,120302488,0,0,1107,1253,747,1237
311,120312488,0,0,1076,1256,787,1293
312,120322488,0,0,1047,1252,813,1309
313,120332488,0,0,1011,1240,818,1326
314,120342488,0,0,970,1216,808,1351
315,120352488,0,0,913,1190,791,1379
316,120362488,0,0,824,1161,748,1397
317,120372488,0,0,743,1114,693,1425
318,120382488,0,0,690,1065,600,1445
319,120392488,0,0,647,1019,474,1455
320,120402488,0,0,620,982,326,1458
321,120412488,0,0,584,936,183,1450
322,120422488,0,0,536,888,101,1426
323,120432488,0,0,493,839,45,1381
324,120442488,0,0,441,784,2,1323
325,120452488,0,0,0,714,0,1260
326,120462488,0,0,347,647,0,1189
327,120472488,0,0,304,589,0,1102
328,120482488,0,0,289,507,0,988
329,120492488,0,0,270,427,0,845
330,120502488,0,0,236,354,0,650
331,120512488,0,0,214,280,0,405
332,120522488,0,0,172,209,0,172
333,120532488,0,0,135,142,0,0
334,120542488,0,0,92,73,0,0
335,120552488,0,0,81,64,0,0
336,120562488,0,0,80,59,0,0
337,120572488,0,0,73,55,0,0
338,120582488,0,0,65,44,0,0
339,120592488,0,0,56,39,0,0
340,120602488,0,0,45,35,0,0
341,120612488,0,0,43,29,0,0
342,120622488,0,0,41,27,0,0
343,120632488,0,0,40,25,0,0
344,120642488,0,0,42,26,0,0
345,120652488,0,0,40,28,0,3
346,120662488,0,0,41,30,0,0
347,120672488,0,0,46,27,0,0
348,120682488,0,0,46,27,0,0
349,120692488,0,0,52,29,0,0
350,120702488,0,0,52,33,0,0
351,120712488,0,0,55,35,0,0
352,120722488,0,0,58,39,0,0
353,120732488,0,0,69,44,0,0
354,120742488,0,0,76,45,0,0
355,120752488,0,0,59,49,0,0
356,120762488,0,0,87,55,0,0
357,120772488,0,0,91,57,0,0
358,120782488,0,0,95,56,0,0
359,120792488,0,0,100,58,0,0
360,120802488,0,0,101,57,0,0
361,120812488,0,0,101,57,0,1
362,120822489,0,0,100,59,0,0
363,120832488,0,0,100,59,1,2
364,120842488,0,0,99,58,0,0
365,120852488,0,0,95,58,0,0
366,120862488,0,0,95,57,0,0
367,120872488,0,0,95,58,0,0
368,120882488,0,0,71,42,0,2
369,120892488,0,0,93,58,0,0
370,120902488,0,0,93,59,0,0
371,120912488,0,0,93,60,0,0
372,120922488,0,0,98,61,0,0
373,120932488,0,0,105,62,0,0
374,120942488,0,0,101,62,0,0
375,120952488,0,0,105,64,0,0
376,120962488,0,0,106,66,0,0
377,120972488,0,0,110,68,0,0
378,120982488,0,0,109,66,0,0
379,120992488,0,0,109,72,0,0
380,121002488,0,0,113,52,0,0
381,121012488,0,0,100,36,0,0
382,121022488,0,38,98,33,0,0
383,121032488,2,124,79,21,0,0
384,121042488,77,249,80,2,0,0
385,121052488,222,421,86,1,0,0
386,121062488,395,586,87,0,0,0
387,121072488,528,637,81,0,0,0
388,121082488,648,789,80,2,0,0
389,121092488,729,855,89,0,0,0
390,121102488,794,907,84,5,0,0
391,121112488,857,955,86,3,0,0
392,121122488,917,996,89,0,0,0
393,121132488,970,1046,96,0,0,0
394,121142488,1030,1094,104,3,0,0
395,121152488,1085,1136,121,11,0,0
396,121162488,1133,1179,139,20,0,0
397,121172488,1177,1210,149,41,0,0
398,121182488,1211,1251,172,56,0,0
399,121192488,1248,1285,193,70,0,0
400,121202488,1274,1307,219,89,0,0
401,121212488,1303,1327,284,143,0,0
402,121222488,1318,1344,336,181,0,0
403,121232488,1331,1362,402,225,0,0
404,121242488,1336,1373,461,280,0,0
405,121252488,1350,1383,522,330,0,0
406,121262488,1358,1391,579,375,0,0
407,121272488,1366,1400,621,422,0,0
408,121282488,1368,1403,664,463,0,0
409,121292488,1375,1408,692,523,0,0
410,121302488,1368,1416,730,566,0,0
411,121312488,1379,1417,765,600,0,0
412,121322488,1377,1422,801,647,0,0
413,121332488,1285,1398,757,685,0,0
414,121342488,1379,1423,860,721,0,0
415,121352488,1378,1424,879,751,0,4
416,121362488,1377,1427,901,777,0,21
417,121372488,1391,1428,917,802,0,40
418,121382488,1384,1429,931,821,0,53
419,121392488,1382,1428,0,844,0,62
420,121402488,1379,1430,0,857,0,73
421,121412488,1381,1428,0,869,0,84
422,121422488,1374,1436,0,887,0,96
423,121432488,1369,1414,0,902,0,110
424,121442488,1360,1414,998,914,0,126
425,121452488,1349,1406,1008,924,0,150
426,121462488,1338,1399,1016,937,0,158
427,121472488,1329,1388,1026,949,0,183
428,121482488,1318,1385,1035,954,0,199
429,121492488,1311,1376,1043,963,0,215
430,121502488,1306,1369,1046,970,0,221
431,121512488,1304,1364,1049,976,0,223
432,121522488,1300,1364,1052,981,0,227
433,121532488,1300,1361,1021,929,0,212
434,121542488,1297,1359,1055,984,0,236
435,121552488,1297,1358,1056,986,0,249
436,121562488,1304,1361,1056,985,0,268
437,121572488,1306,1362,1056,985,0,285
438,121582488,1310,1358,1056,985,0,295
439,121592488,1312,1360,1057,985,0,300
440,121602488,1212,1316,997,984,0,306
441,121612488,1313,1357,1061,988,0,312
442,121622488,1312,1357,1061,991,0,319
443,121632488,1311,1356,1063,992,0,324
444,121642488,1309,1355,1064,995,0,329
445,121652488,1307,1353,1066,997,0,337
446,121662488,1302,1348,1067,999,0,348
447,121672488,1301,1340,1068,1001,0,357
448,121682488,1292,1333,1069,1001,0,367
449,121692488,1283,1322,1073,1004,0,390
450,121702488,1273,1309,1075,1006,0,413
451,121712488,1265,1301,1077,1012,0,432
452,121722488,1257,1289,1078,1016,11,453
453,121732488,1244,1273,1080,1021,26,471
454,121742488,1233,1261,1084,1034,39,483
455,121752488,1211,1251,1086,1038,46,500
456,121762488,1193,1236,1092,1045,57,523
457,121772488,1173,1214,1096,1048,69,538
458,121782488,1146,1197,1098,1058,84,553
459,121792488,1125,1177,1099,1062,100,569
460,121802488,1097,1156,1101,1068,109,583
461,121812488,1071,1134,1104,1078,122,596
462,121822488,1041,1112,1107,1086,140,609
463,121832488,992,1085,1107,1092,150,616
464,121842488,941,1057,1108,1096,162,627
465,121852488,906,1017,1107,1096,177,633
466,121862488,866,951,1102,1095,189,635
467,121872488,818,0,1097,1088,196,644
468,121882488,766,0,1088,1081,205,636
469,121892488,691,0,1077,1068,209,631
470,121902488,597,0,1060,1051,224,633
471,121912488,476,0,1040,1037,231,629
472,121922488,356,0,1005,1013,248,626
473,121932488,208,0,968,999,264,616
474,121942488,87,0,929,980,231,602
475,121952488,19,0,888,969,285,598
476,121962488,0,0,837,952,315,581
477,121972488,0,0,773,939,331,584
478,121982488,0,0,0,922,342,586
479,121992488,0,0,0,889,352,574
480,122002488,0,0,0,852,340,580
481,122012488,0,0,0,728,305,575
482,122022488,0,0,0,744,280,586
483,122032488,0,0,447,689,218,572
484,122042488,0,0,417,653,168,581
485,122052488,0,0,397,601,56,594
486,122062488,0,0,360,537,0,568
487,122072488,0,0,333,467,0,537
488,122082488,0,0,315,409,0,439
489,122092488,0,0,297,354,0,333
490,122102488,0,0,286,317,0,213
491,122112488,0,4,269,266,0,90
492,122122488,0,21,247,203,0,0
493,122132488,0,33,233,163,0,0
494,122142488,0,29,190,103,0,0
495,122152488,0,63,189,88,0,0
496,122162488,0,72,173,75,0,0
497,122172488,0,70,173,71,0,0
498,122182488,0,73,174,71,0,0
499,122192488,0,74,178,73,0,0
500,122202488,0,80,167,71,0,0
501,122212488,0,88,166,67,0,0
502,122222488,0,91,158,59,0,0
503,122232488,0,93,146,53,0,0
504,122242488,0,97,138,45,0,0
505,122252488,0,103,126,39,0,0
506,122262488,0,110,125,28,0,0
507,122272488,0,115,120,27,0,1
508,122282488,0,116,111,25,0,0
509,122292488,0,123,104,23,0,0
510,122302488,0,128,104,17,0,0
511,122312488,0,136,101,14,0,2
512,122322488,0,145,103,12,0,0
513,122332488,0,148,92,3,0,0
514,122342488,0,152,107,11,0,0
515,122352488,0,157,107,12,0,0
516,122362488,0,158,108,14,0,0
517,122372488,0,159,111,16,0,0
518,122382488,0,166,116,16,0,0
519,122392488,0,167,119,17,0,0
520,122402488,0,163,120,16,0,0
521,122412488,0,170,120,16,0,0
522,122422488,0,170,116,16,0,0
523,122432488,0,170,117,15,0,0
524,122442488,0,173,116,15,0,0
525,122452488,0,173,119,17,0,0
526,122462488,0,179,123,17,0,0
527,122472488,0,180,127,27,0,0
528,122482488,0,182,138,19,0,0
529,122492488,0,183,140,30,0,0
530,122502488,0,184,145,21,0,0
531,122512488,0,183,146,21,0,0
532,122522488,0,180,149,29,0,0
533,122532488,0,154,175,59,0,0
534,122542488,0,139,228,109,0,0
535,122552488,0,103,288,238,0,0
536,122562488,0,104,363,362,0,0
537,122572488,0,107,455,540,0,0
538,122582488,0,120,583,645,0,0
539,122592488,0,132,360,766,0,0
540,122602488,0,171,855,839,0,0
541,122612488,0,210,933,893,0,0
542,122622488,0,317,983,937,0,12
543,122632488,0,0,1040,977,0,49
544,122642488,97,633,1068,999,0,65
545,122652488,282,795,1102,1016,0,73
546,122662488,451,928,1126,1036,0,58
547,122672488,584,1010,1150,1051,0,36
548,122682488,683,1074,1173,1063,0,12
549,122692488,759,1127,1183,1074,0,0
550,122702488,815,1171,1196,1081,0,0
551,122712488,890,1204,1201,1085,0,0
552,122722488,967,1248,1216,1083,0,0
553,122732488,1020,1295,1219,1080,0,0
554,122742488,1069,1308,1223,1070,0,0
555,122752488,1102,0,1227,1064,0,0
556,122762488,1123,0,1226,1050,0,0
557,122772488,1139,0,1226,1034,0,0
558,122782488,1150,1399,1223,1005,0,0
559,122792488,1165,1419,1209,985,0,0
560,122802488,1176,1432,1208,960,0,0
561,122812488,1186,1445,1197,936,0,0
562,122822488,1193,1452,1118,909,0,0
563,122832488,1207,1461,1186,882,0,0
564,122842488,1222,1469,1176,854,0,0
565,122852488,1230,1476,1164,830,0,0
566,122862488,1241,1484,1157,813,0,0
567,122872488,1244,1495,1142,792,0,0
568,122882488,1254,1493,1131,779,0,0
569,122892488,1265,1499,1127,775,0,0
570,122902488,1267,1502,1125,775,0,0
571,122912488,1275,1501,1125,779,0,0
572,122922488,1279,1505,1124,790,0,0
573,122932488,1282,1503,1122,793,0,0
574,122942488,1288,1510,1123,793,0,0
575,122952488,1295,1513,1122,793,0,0
576,122962488,1301,1518,1122,792,0,0
577,122972488,1308,1521,1117,790,0,0
578,122982488,1315,1528,1112,789,0,0
579,122992488,1321,1527,1110,786,0,0
580,123002488,1325,1530,1107,784,0,0
581,123012488,1329,1534,1108,787,0,0
582,123022488,1332,1535,1106,790,0,0
583,123032488,1337,1531,1102,794,0,0
584,123042488,1338,1535,1096,796,0,0
585,123052488,1338,1535,1086,798,0,0
586,123062488,1349,1539,1080,801,0,0
587,123072488,1352,1531,1075,806,0,0
588,123082488,1353,1530,1069,811,0,0
589,123092488,1356,1528,1063,820,0,0
590,123102488,1357,1527,1056,822,0,0
591,123112488,1363,1527,1047,823,0,0
592,123122488,1368,1526,1032,816,0,0
593,123132488,1372,1528,1016,807,0,0
594,123142488,1380,1529,1007,803,0,0
595,123152488,1384,1528,1003,799,0,0
596,123162488,1390,1527,1004,801,0,0
597,123172488,1389,1524,1006,806,0,0
598,123182488,1389,1518,0,809,0,0
599,123192488,1384,1512,981,810,0,0
600,123202488,1381,1509,1005,812,0,22
601,123212488,1380,1506,1005,813,0,39
602,123222488,1373,1501,1005,812,0,59
603,123232488,1368,1498,1003,811,0,80
604,123242488,1363,1494,1000,803,0,100
605,123252488,1357,1490,995,794,0,127
606,123262488,1353,1483,985,776,0,141
607,123272488,1350,1480,971,763,0,175
608,123282488,1343,1474,951,756,0,203
609,123292488,1339,1467,935,740,0,216
610,123302488,1337,1463,924,724,0,233
611,123312488,1339,1455,0,703,0,246
612,123322488,1336,1448,0,686,0,259
613,123332488,1235,1421,814,667,0,264
614,123342488,1328,1427,876,649,0,267
615,123352488,1319,1419,867,628,0,271
616,123362488,1310,1396,852,613,0,273
617,123372488,1297,1378,830,599,0,274
618,123382488,1276,1342,813,582,0,274
619,123392488,1162,1291,793,563,0,271
620,123402488,1217,1263,761,540,0,269
621,123412488,1187,0,733,527,0,267
622,123422488,1146,0,712,507,0,269
623,123432488,1082,0,682,492,0,266
624,123442488,1006,0,658,484,0,269
625,123452488,862,0,597,415,0,276
626,123462488,794,0,581,452,0,276
627,123472488,663,0,533,426,0,276
628,123482488,490,583,472,396,0,270
629,123492488,322,490,426,345,0,245
630,123502488,200,412,354,284,0,165
631,123512488,100,355,293,209,0,85
632,123522488,33,273,213,109,0,25
633,123532488,13,262,170,92,0,0
634,123542488,0,220,121,45,0,0
635,123552488,0,201,79,10,0,0
636,123562488,0,199,37,0,0,0
637,123572488,0,212,8,0,0,0
638,123582488,0,247,3,0,0,0
639,123592488,4,267,8,0,0,0
640,123602488,5,271,16,0,0,0
641,123612488,7,277,22,0,0,0
642,123622488,10,281,28,0,0,0
643,123632488,14,283,31,0,0,0
644,123642488,13,295,34,0,0,0
645,123652488,3,255,33,0,0,0
646,123662488,12,282,43,0,0,0
647,123672488,6,269,45,0,0,0
648,123682488,2,262,54,0,0,1
649,123692488,0,248,57,0,0,0
650,123702488,0,234,59,0,0,0
651,123712488,0,218,58,0,3,0
652,123722488,0,210,57,0,0,0
653,123732488,0,202,52,0,0,0
654,123742488,0,200,46,0,0,0
655,123752488,0,190,43,0,0,0
656,123762488,0,184,36,0,0,1
657,123772488,0,175,32,0,3,0
658,123782488,0,171,29,0,0,0
659,123792488,0,157,25,0,0,0
660,123802488,0,155,26,0,0,0
661,123812488,0,149,26,0,0,0
662,123822488,0,139,27,0,0,0
663,123832488,0,125,25,0,0,0
664,123842488,0,111,24,0,0,0
665,123852488,0,92,19,0,0,0
666,123862488,0,88,18,0,0,0
667,123872488,0,76,17,0,0,0
668,123882488,0,65,18,0,0,0
669,123892488,0,56,19,0,0,0
670,123902488,0,52,19,0,0,0
671,123912488,0,46,21,0,0,0
672,123922488,0,39,28,0,0,0
673,123932488,0,28,20,0,0,0
674,123942488,0,19,19,3,0,0
675,123952488,0,6,15,0,0,0
676,123962488,0,2,19,0,0,0
677,123972488,0,0,16,5,0,0
678,123982488,0,0,19,5,0,0
679,123992488,0,0,22,0,0,0
680,124002488,0,0,26,0,0,0
681,124012488,0,0,30,0,0,0
682,124022488,0,0,34,3,0,0
683,124032488,0,0,31,2,0,0
684,124042488,0,0,36,1,0,0
685,124052488,0,0,34,5,0,0
686,124062488,0,0,49,4,0,0
687,124072488,0,0,42,5,0,0
688,124082488,0,0,47,11,0,0
689,124092488,0,0,50,11,0,0
690,124102488,0,19,54,4,0,0
691,124112488,0,78,59,8,0,0
692,124122488,0,196,62,4,0,0
693,124132488,76,381,72,6,0,0
694,124142488,237,589,77,3,0,0
695,124152488,421,756,72,0,0,0
696,124162488,594,877,78,0,0,0
697,124172488,706,957,81,0,0,0
698,124182488,769,1013,81,0,0,0
699,124192488,821,1067,94,0,0,0
700,124202488,885,1110,99,0,0,0
701,124212488,935,1152,113,1,0,0
702,124222488,976,1189,124,3,0,0
703,124232488,1021,1225,128,7,0,0
704,124242488,1067,1264,135,13,0,0
705,124252488,1107,1308,135,14,0,0
706,124262488,1150,1349,147,22,0,0
707,124272488,1204,1383,168,36,0,0
708,124282488,1249,1421,181,43,0,0
709,124292488,1281,1450,207,50,0,0
710,124302488,1306,1372,224,27,0,0
711,124312488,1331,1495,272,70,0,0
712,124322488,1350,1503,312,82,0,0
713,124332488,1364,1515,356,105,0,0
714,124342488,1381,1528,393,139,0,0
715,124352488,1400,1546,421,167,0,0
716,124362488,1413,1556,458,196,0,0
717,124372488,1434,1575,489,223,0,0
718,124382488,1439,1570,525,243,0,0
719,124392488,1446,1582,552,280,0,0
720,124402488,1448,1590,576,310,0,0
721,124412488,1459,1596,599,337,0,0
722,124422488,1464,1590,623,361,0,0
723,124432488,1467,1593,646,392,0,0
724,124442488,1464,1592,665,427,0,0
725,124452488,1461,1589,681,459,0,0
726,124462488,1465,1583,712,499,0,0
727,124472488,1451,1577,740,549,0,0
728,124482488,1439,1573,763,585,0,0
729,124492488,1433,1564,789,614,0,0
730,124502488,1423,1559,807,634,0,0
731,124512488,1409,1553,826,666,0,0
732,124522488,1394,1542,845,695,0,0
733,124532488,1389,1528,861,722,0,0
734,124542488,1376,1529,873,743,0,0
735,124552488,1365,1520,884,757,0,0
736,124562488,1352,1510,901,777,0,1
737,124572488,1333,1501,0,792,0,17
738,124582488,1310,1490,927,819,0,23
739,124592488,1294,1478,945,841,0,41
740,124602488,1272,1464,965,858,0,58
741,124612488,1258,1449,982,879,0,88
742,124622488,1240,1439,998,896,0,114
743,124632488,1223,1427,1009,920,0,134
744,124642488,1194,1413,1019,940,0,156
745,124652488,1172,1393,1039,960,0,176
746,124662488,1140,1371,1050,980,0,188
747,124672488,1108,1348,1066,999,0,220
748,124682488,1077,1322,1079,1017,0,264
749,124692488,1038,1297,1093,1043,0,308
750,124702488,992,1185,1090,977,6,315
751,124712488,948,1250,1119,1085,33,396
752,124722488,908,1216,1131,1107,56,425
753,124732488,860,1188,1142,1125,74,472
754,124742488,806,1157,1152,1141,103,514
755,124752488,735,1115,1164,1158,133,556
756,124762488,649,1064,1172,1173,171,616
757,124772488,570,1016,1178,1187,197,666
758,124782488,485,979,1187,1197,216,710
759,124792488,398,941,1193,1213,248,756
760,124802488,328,904,1197,1229,284,804
761,124812488,259,868,1204,1239,309,843
762,124822488,183,831,1208,1247,341,875
763,124832488,100,787,1213,1259,377,909
764,124842488,83,749,1221,1267,410,940
765,124852488,29,700,1223,1276,458,975
766,124862488,2,649,1226,1288,503,1006
767,124872488,0,582,1229,1293,549,1044
768,124882488,0,508,1232,1303,583,1071
769,124892488,0,425,1235,1309,616,1093
770,124902488,0,347,1238,1318,660,1120
771,124912488,0,262,1238,1329,690,1146
772,124922488,0,215,1239,1337,731,1171
773,124932488,0,147,1241,1352,764,1190
774,124942488,0,84,1240,1357,797,1213
775,124952488,0,31,1238,1367,828,1236
776,124962488,0,0,1197,1304,807,1213
777,124972488,0,0,1226,1379,889,1265
778,124982488,0,0,1207,1379,918,1287
779,124992488,0,0,1186,1380,941,1307
780,125002488,0,0,1147,1373,953,1327
781,125012488,0,0,1107,1363,955,1345
782,125022488,0,0,1058,1336,964,1364
783,125032488,0,0,983,1232,890,1340
784,125042488,0,0,958,1266,922,1391
785,125052488,0,0,908,1226,859,1403
786,125062488,0,0,827,1175,774,1417
787,125072488,0,0,751,1113,684,1429
788,125082488,0,0,690,1054,543,1437
789,125092488,0,0,641,1009,380,1434
790,125102488,0,0,564,959,202,1414
791,125112488,0,0,561,908,58,1376
792,125122488,0,0,523,854,0,1317
793,125132488,0,0,0,795,0,1238
794,125142488,0,0,0,704,0,1145
795,125152488,0,0,0,630,0,1035
796,125162488,0,0,339,543,0,865
797,125172488,0,0,309,444,0,652
798,125182488,0,0,299,356,0,345
799,125192488,0,0,286,273,0,8
800,125202488,0,0,131,181,0,0
801,125212488,0,0,227,135,0,0
802,125222488,0,0,233,114,0,0
803,125232488,0,0,0,106,0,2
804,125242488,0,2,0,90,0,0
805,125252488,0,8,0,87,2,0
806,125262488,0,16,0,76,0,0
807,125272488,0,20,0,64,0,0
808,125282488,0,24,0,55,0,0
809,125292488,0,26,68,53,0,0
810,125302488,0,29,142,50,0,0
811,125312488,0,36,120,48,0,0
812,125322488,0,38,138,43,0,0
813,125332488,0,40,138,39,0,0
814,125342488,0,45,139,36,0,0
815,125352488,0,49,136,32,0,0
816,125362488,0,53,137,30,0,0
817,125372488,0,49,141,31,0,0
818,125382488,0,52,149,35,0,0
819,125392488,0,51,151,30,0,0
820,125402488,0,51,152,30,0,0
821,125412488,0,50,150,28,0,0
822,125422488,0,51,147,32,0,0
823,125432488,0,51,141,24,0,0
824,125442488,0,49,138,20,0,0
825,125452488,0,46,131,30,0,0
826,125462488,0,43,125,19,0,0
827,125472488,0,40,128,21,0,0
828,125482488,0,33,126,21,0,0
829,125492488,0,24,129,23,0,0
830,125502488,0,17,136,26,0,0
831,125512488,0,6,139,29,0,0
832,125522488,0,0,139,28,0,0
833,125532488,0,0,134,28,0,0
834,125542488,0,0,122,29,0,0
835,125552488,0,0,110,31,0,0
836,125562488,0,0,115,25,0,0
837,125572488,0,0,108,30,0,0
838,125582488,0,0,101,24,0,0
839,125592488,0,0,93,20,0,0
840,125602488,0,0,96,22,0,0
841,125612488,0,0,81,3,0,0
842,125622488,0,0,103,22,0,0
843,125632488,0,17,111,25,0,0
844,125642488,0,88,115,21,0,0
845,125652488,0,193,117,5,0,0
846,125662488,68,317,111,0,0,0
847,125672488,150,470,102,0,0,0
848,125682488,304,605,87,0,0,0
849,125692488,445,732,85,0,0,0
850,125702488,581,839,88,0,0,0
851,125712488,684,918,91,0,0,0
852,125722488,778,986,91,0,0,0
853,125732488,864,1050,93,0,0,0
854,125742488,924,1103,103,0,0,0
855,125752488,982,1146,113,0,0,0
856,125762488,1035,1189,121,0,0,0
857,125772488,1074,1224,124,0,0,0
858,125782488,1109,1256,142,5,0,0
859,125792488,1143,1288,157,17,0,0
860,125802488,1176,1314,179,31,0,0
861,125812488,1207,1336,204,63,0,0
862,125822488,1238,1360,266,109,0,0
863,125832488,1268,1374,332,180,0,0
864,125842488,1280,1394,391,254,0,0
865,125852488,1308,1420,472,315,0,0
866,125862488,1321,1432,547,370,0,0
867,125872488,1352,1450,614,442,0,0
868,125882488,1363,1457,666,490,0,3
869,125892488,1375,1466,713,531,0,37
870,125902488,1378,1471,744,565,0,99
871,125912488,1380,1475,777,596,0,150
872,125922488,1387,1473,796,615,0,196
873,125932488,1386,1480,819,634,0,227
874,125942488,1390,1475,0,646,0,267
875,125952488,1386,1478,0,657,0,306
876,125962488,1384,1472,0,664,0,333
877,125972488,1389,1471,0,670,0,362
878,125982488,1390,1467,0,679,0,384
879,125992488,1382,1464,0,683,0,405
880,126002488,1382,1459,0,692,4,425
881,126012488,1376,1453,0,693,16,441
882,126022488,1369,1443,0,695,30,454
883,126032488,1363,1432,0,697,42,470
884,126042488,1354,1428,0,698,58,483
885,126052488,1349,1421,0,699,68,489
886,126062488,1272,1357,0,668,49,485
887,126072488,1339,1409,0,702,87,503
888,126082488,1340,1403,0,704,91,508
889,126092488,1336,1403,0,711,105,519
890,126102488,1334,1401,0,713,110,526
891,126112488,1335,1399,0,716,119,533
892,126122488,1334,1399,786,717,134,532
893,126132488,1232,1359,789,718,141,538
894,126142488,1336,1406,848,723,145,540
895,126152488,1335,1400,858,723,146,539
896,126162488,1337,1402,860,723,147,539
897,126172488,1339,1404,860,723,149,538
898,126182488,1345,1406,859,720,152,533
899,126192488,1352,1411,859,717,150,528
900,126202488,1355,1417,860,716,146,525
901,126212488,1363,1420,861,716,141,523
902,126222488,1368,1427,865,717,138,518
903,126232488,1372,1431,868,718,137,518
904,126242488,1376,1432,870,722,140,518
905,126252488,1377,1435,872,723,139,516
906,126262488,1278,1397,822,721,146,510
907,126272488,1384,1443,875,723,144,506
908,126282488,1387,1446,875,722,137,500
909,126292488,1390,1446,873,717,124,490
910,126302488,1391,1451,873,714,124,483
911,126312488,1394,1449,871,711,122,480
912,126322488,1391,1450,870,707,121,457
913,126332488,1391,1449,870,710,121,478
914,126342488,1389,1445,867,702,123,472
915,126352488,1387,1444,0,699,121,466
916,126362488,1386,1441,0,694,115,459
917,126372488,1383,1437,0,684,104,442
918,126382488,1375,1432,0,674,90,433
919,126392488,1295,1354,0,600,73,410
920,126402488,1353,1413,0,650,56,380
921,126412488,1336,1396,0,642,29,360
922,126422488,1320,1380,0,632,7,336
923,126432488,1295,1356,0,623,0,300
924,126442488,1255,1323,0,614,0,266
925,126452488,1189,1276,675,564,0,210
926,126462488,1131,1227,665,586,0,192
927,126472488,1056,1159,629,567,0,163
928,126482488,973,1068,593,551,0,134
929,126492488,871,958,553,538,0,108
930,126502488,756,854,518,520,0,88
931,126512488,612,734,469,494,0,58
932,126522488,437,596,426,483,0,52
933,126532488,260,435,394,462,0,37
934,126542488,111,309,347,435,0,4
935,126552488,40,232,305,396,0,0
936,126562488,10,189,276,342,0,0
937,126572488,0,173,236,295,0,0
938,126582488,0,150,200,234,0,0
939,126592488,0,142,164,153,0,0
940,126602488,0,140,139,90,0,0
941,126612488,0,144,118,61,0,0
942,126622488,0,155,111,39,0,0
943,126632488,0,168,106,27,0,0
944,126642488,0,143,103,23,0,0
945,126652488,0,186,112,21,0,0
946,126662488,0,192,112,20,0,0
947,126672488,0,204,109,20,0,0
948,126682488,0,214,105,17,0,0
949,126692488,0,219,102,12,0,0
950,126702488,0,209,69,8,0,0
951,126712488,0,234,91,4,0,0
952,126722488,0,241,89,0,0,0
953,126732488,0,248,88,0,0,0
954,126742488,2,253,92,0,0,0
955,126752488,5,260,98,0,0,0
956,126762488,3,220,83,0,0,0
957,126772488,7,267,92,0,0,0
958,126782488,8,269,91,0,0,0
959,126792488,8,273,93,0,0,0
960,126802488,8,277,87,0,0,0
961,126812488,9,278,88,0,0,0
962,126822488,8,279,88,0,0,0
963,126832488,1,267,88,0,0,0
964,126842488,8,280,88,0,0,0
965,126852488,4,279,85,0,0,0
966,126862488,3,277,79,0,0,0
967,126872488,3,277,84,0,0,0
968,126882488,3,276,84,0,0,0
969,126892488,2,275,82,0,0,0
970,126902488,1,276,86,0,0,0
971,126912488,0,274,88,3,0,0
972,126922488,0,269,92,0,0,0
973,126932488,0,264,92,0,0,0
974,126942488,0,262,93,0,0,0
975,126952488,0,257,96,0,0,0
976,126962488,0,255,96,0,0,0
977,126972488,0,253,99,1,0,0
978,126982488,0,250,99,0,0,0
979,126992488,0,249,100,1,0,0
980,127002488,0,247,96,0,0,0
981,127012488,0,244,103,4,0,0
982,127022488,0,244,106,5,0,0
983,127032488,0,246,112,11,0,0
984,127042488,0,247,111,5,0,0
985,127052488,0,249,113,6,0,0
986,127062488,0,250,115,7,0,0
987,127072488,0,251,121,1,0,0
988,127082488,44,355,131,0,0,0
989,127092488,95,427,140,1,0,0
990,127102488,165,510,132,2,0,0
991,127112488,253,598,132,0,0,0
992,127122488,334,652,131,0,0,0
993,127132488,412,712,138,0,0,0
994,127142488,489,758,132,0,0,0
995,127152488,566,809,143,0,0,0
996,127162488,650,868,126,0,0,0
997,127172488,747,935,146,0,0,0
998,127182488,848,1003,160,1,0,0
999,127192488,940,1079,170,8,0,0
1000,127202488,1026,1141,183,23,0,0
1001,127212488,1083,1196,213,40,0,0
1002,127222488,1149,1249,255,56,0,0
1003,127232488,1203,1290,290,75,0,0
1004,127242488,1259,1328,310,89,0,0
1005,127252488,1309,1381,338,105,0,0
1006,127262488,1349,1421,362,121,0,0
1007,127272488,1384,1450,384,151,2,0
1008,127282488,1408,1474,412,173,0,0
1009,127292488,1446,1494,440,208,0,0
1010,127302488,1460,1512,471,233,0,0
1011,127312488,1481,1526,501,266,0,0
1012,127322488,1496,1537,536,284,0,0
1013,127332488,1507,1551,555,302,0,0
1014,127342488,1526,1556,571,313,0,0
1015,127352488,1529,1562,582,319,0,0
1016,127362488,1545,1569,593,328,0,0
1017,127372488,1548,1573,597,332,0,0
1018,127382488,1552,1574,600,335,0,0
1019,127392488,1553,1574,603,343,0,0
1020,127402488,1549,1575,615,350,0,0
1021,127412488,1546,1571,624,361,0,0
1022,127422488,1433,1546,647,374,0,0
1023,127432488,1532,1561,652,381,0,0
1024,127442488,1528,1557,659,394,0,0
1025,127452488,1515,1548,669,408,0,0
1026,127462488,1506,1543,679,420,0,0
1027,127472488,1500,1531,692,430,0,17
1028,127482488,1487,1522,709,442,0,37
1029,127492488,1479,1513,724,464,0,65
1030,127502488,1462,1509,743,482,0,93
1031,127512488,1453,1499,755,503,0,119
1032,127522488,1447,1494,773,526,0,150
1033,127532488,1439,1487,793,540,0,169
1034,127542488,1433,1480,808,554,0,201
1035,127552488,1421,1372,811,513,0,201
1036,127562488,1416,1463,838,601,0,254
1037,127572488,1401,1451,849,623,0,283
1038,127582488,1389,1446,857,649,0,318
1039,127592488,1376,1433,873,671,0,355
1040,127602488,1359,1418,890,697,0,390
1041,127612488,1340,1399,907,722,0,415
1042,127622488,1323,1388,922,746,0,442
1043,127632488,1304,1364,935,771,17,469
1044,127642488,1277,1339,947,795,28,487
1045,127652488,1254,1320,965,824,43,506
1046,127662488,1228,1299,980,850,69,533
1047,127672488,1197,1269,997,871,85,551
1048,127682488,1162,1242,1011,903,97,564
1049,127692488,1125,1210,1022,926,119,588
1050,127702488,1085,1176,1040,950,144,619
1051,127712488,1037,1130,1051,972,165,647
1052,127722488,969,1076,1066,995,181,680
1053,127732488,915,997,1080,1014,213,710
1054,127742488,859,928,1093,1038,242,730
1055,127752488,785,883,1106,1056,275,760
1056,127762488,710,827,1114,1077,301,799
1057,127772488,627,0,1123,1095,342,835
1058,127782488,526,0,1129,1112,369,865
1059,127792488,412,0,1132,1124,405,887
1060,127802488,297,567,1140,1138,458,916
1061,127812488,161,470,1142,1159,500,942
1062,127822489,37,362,1143,1175,546,985
1063,127832488,0,249,1141,1188,588,1032
1064,127842488,0,135,1133,1202,628,1068
1065,127852488,0,27,1120,1211,676,1092
1066,127862488,0,0,1098,1218,727,1110
1067,127872488,0,0,1070,1222,763,1120
1068,127882488,0,0,1031,1215,801,1139
1069,127892488,0,0,974,1203,822,1162
1070,127902488,0,0,921,1175,840,1190
1071,127912488,0,0,822,1124,821,1219
1072,127922488,0,0,715,1065,785,1248
1073,127932488,0,0,667,994,725,1273
1074,127942488,0,0,606,920,607,1307
1075,127952488,0,0,559,856,435,1312
1076,127962488,0,0,482,756,248,1296
1077,127972488,0,0,429,670,135,1255
1078,127982488,0,0,373,572,40,1177
1079,127992488,0,0,317,469,0,1077
1080,128002488,0,0,282,372,0,927
1081,128012488,0,0,264,307,0,759
1082,128022488,0,0,230,244,0,545
1083,128032488,0,0,188,183,0,232
1084,128042488,0,0,161,133,0,0
1085,128052488,0,0,134,86,0,0
1086,128062488,0,0,109,58,0,0
1087,128072488,0,0,108,56,0,0
1088,128082488,0,0,112,59,0,0
1089,128092488,0,0,110,56,0,0
1090,128102488,0,0,105,50,0,0
1091,128112488,0,0,100,40,0,0
1092,128122488,0,0,92,35,0,0
1093,128132488,0,0,83,31,0,0
1094,128142488,0,0,78,27,0,0
1095,128152488,0,0,68,5,0,0
1096,128162488,0,0,69,26,0,0
1097,128172488,0,0,60,24,0,0
1098,128182488,0,0,55,21,0,0
1099,128192488,0,0,51,21,0,0
1100,128202488,0,0,48,20,0,0
1101,128212488,0,0,47,16,0,0
1102,128222488,0,0,43,17,0,0
1103,128232488,0,0,40,16,5,0
1104,128242488,0,0,37,17,0,0
1105,128252488,0,0,34,15,0,0
1106,128262488,0,0,28,14,0,0
1107,128272488,0,0,28,16,0,0
1108,128282488,0,0,26,12,0,0
1109,128292488,0,0,23,16,0,0
1110,128302488,0,0,21,17,0,0
1111,128312488,0,0,19,18,0,0
1112,128322488,0,0,15,17,1,0
1113,128332488,0,0,12,17,0,0
1114,128342488,0,0,5,13,0,0
1115,128352488,0,0,0,1,0,0
1116,128362488,0,0,0,14,0,0
1117,128372488,0,0,0,14,0,0
1118,128382488,0,0,0,18,0,0
1119,128392488,0,0,0,23,0,0
1120,128402488,0,0,0,17,0,0
1121,128412488,0,0,0,25,0,0
1122,128422488,0,0,0,24,0,0
1123,128432488,0,0,0,22,0,0
1124,128442488,0,0,2,23,0,0
1125,128452488,0,0,3,26,0,0
1126,128462488,0,0,5,23,0,0
1127,128472488,0,0,5,27,0,0
1128,128482488,0,0,2,3,0,0
1129,128492488,0,0,3,16,0,0
1130,128502488,0,0,0,11,0,0
1131,128512488,0,0,0,12,0,0
1132,128522488,0,0,3,4,0,0
1133,128532488,0,58,1,9,0,0
1134,128542488,0,164,7,2,0,0
1135,128552488,36,334,20,2,0,0
1136,128562488,129,522,29,1,0,0
1137,128572488,226,682,39,0,0,0
1138,128582488,327,823,46,0,0,0
1139,128592488,518,954,37,0,0,0
1140,128602488,692,1064,24,0,0,0
1141,128612488,759,1122,22,0,0,0
1142,128622488,940,1196,28,0,0,0
1143,128632488,1039,1242,41,0,0,0
1144,128642488,1107,1287,65,5,0,0
1145,128652488,1144,1315,88,14,0,0
1146,128662488,1176,1338,92,26,0,0
1147,128672488,1195,1354,119,36,0,0
1148,128682488,1227,1372,165,55,0,0
1149,128692488,1247,1388,201,81,0,0
1150,128702488,1262,1409,252,108,0,0
1151,128712488,1298,1422,302,155,0,0
1152,128722488,1320,1452,342,211,0,0
1153,128732488,1336,1454,390,258,0,0
1154,128742488,1357,1466,457,313,0,0
1155,128752488,1366,1481,509,361,0,0
1156,128762488,1376,1488,559,409,0,0
1157,128772488,1384,1497,609,459,0,0
1158,128782488,1387,1501,650,506,0,2
1159,128792488,1403,1503,684,539,0,18
1160,128802488,1399,1409,703,509,0,17
1161,128812488,1405,1510,737,587,0,58
1162,128822488,1412,1511,759,612,0,89
1163,128832488,1407,1510,781,631,0,124
1164,128842488,1408,1507,0,654,0,155
1165,128852488,1405,1505,0,669,0,181
1166,128862488,1399,1500,746,684,0,208
1167,128872488,1392,1495,827,700,0,228
1168,128882488,1383,1487,838,713,0,250
1169,128892488,1374,1482,845,723,0,273
1170,128902488,1359,1473,851,728,0,291
1171,128912488,1346,1462,855,737,0,316
1172,128922488,1336,1455,858,743,1,341
1173,128932488,1324,1449,856,749,0,357
1174,128942488,1317,1444,860,751,4,395
1175,128952488,1313,1439,861,752,8,417
1176,128962488,1314,1432,860,751,12,430
1177,128972488,1315,1427,862,752,17,458
1178,128982488,1321,1432,861,756,17,465
1179,128992488,1327,1434,863,757,20,469
1180,129002488,1233,1413,869,763,22,486
1181,129012488,1332,1431,873,775,24,505
1182,129022488,1334,1428,876,780,29,521
1183,129032488,1336,1424,881,789,39,539
1184,129042488,1336,1418,886,795,43,558
1185,129052488,1336,1416,893,806,53,582
1186,129062488,1336,1407,902,813,60,596
1187,129072488,1338,1402,908,823,70,610
1188,129082488,1340,1399,917,831,78,620
1189,129092488,1338,1392,922,847,90,633
1190,129102488,1332,1382,922,859,100,662
1191,129112488,1325,1371,935,873,102,687
1192,129122488,1317,1362,942,888,110,724
1193,129132488,1304,1344,964,908,117,752
1194,129142488,1286,1325,978,927,121,781
1195,129152488,1267,1305,990,947,123,810
1196,129162488,1251,1284,1004,967,134,838
1197,129172488,1230,1260,1015,981,135,860
1198,129182488,1193,1238,1030,998,141,885
1199,129192488,1150,1206,1040,1015,150,914
1200,129202488,1109,1174,1046,1034,127,927
1201,129212488,1063,1125,1059,1051,185,967
1202,129222488,1016,1079,1066,1067,199,992
1203,129232488,967,1032,1071,1084,216,1007
1204,129242488,919,984,1078,1098,225,1027
1205,129252488,860,778,1081,1108,239,1048
1206,129262488,795,647,1082,1116,260,1059
1207,129272488,715,797,1084,1126,270,1068
1208,129282488,607,732,1085,1133,284,1082
1209,129292488,503,652,1085,1142,298,1092
1210,129302488,389,557,1082,1147,301,1094
1211,129312488,267,464,1076,1146,292,1096
1212,129322488,143,355,1063,1142,277,1084
1213,129332488,52,263,1040,1133,235,1059
1214,129342488,0,175,1001,1117,200,1021
1215,129352488,0,122,953,1080,163,968
1216,129362488,0,70,892,1049,113,882
1217,129372488,0,27,0,1002,53,762
1218,129382488,0,0,0,936,7,612
1219,129392488,0,0,630,848,0,440
1220,129402488,0,0,530,712,0,248
1221,129412488,0,0,427,561,0,51
1222,129422488,0,0,327,366,0,0
1223,129432488,0,0,264,230,0,0
1224,129442488,0,0,224,168,0,0
1225,129452488,0,0,214,153,0,0
1226,129462488,0,0,212,149,0,0
1227,129472488,0,0,168,136,0,0
1228,129482488,0,0,180,115,0,0
1229,129492488,0,0,166,99,0,0
1230,129502488,0,0,154,91,0,0
1231,129512488,0,0,151,87,0,0
1232,129522488,0,0,141,73,0,0
1233,129532488,0,0,128,38,0,0
1234,129542488,0,0,136,70,0,0
1235,129552488,0,0,137,68,0,0
1236,129562488,0,0,140,68,0,0
1237,129572488,0,0,138,63,0,0
1238,129582488,0,0,141,62,0,0
1239,129592488,0,0,136,59,0,0
1240,129602488,0,0,130,60,0,0
1241,129612488,0,1,124,58,0,0
1242,129622488,0,3,119,55,0,0
1243,129632488,0,5,118,49,0,0
1244,129642488,0,8,116,43,0,0
1245,129652488,0,9,109,40,0,0
1246,129662488,0,14,106,39,0,0
1247,129672488,0,17,101,38,0,0
1248,129682488,0,23,92,36,0,0
1249,129692488,0,28,87,31,0,0
1250,129702488,0,35,84,32,3,0
1251,129712488,0,39,82,31,0,1
1252,129722488,0,41,78,30,0,0
1253,129732488,0,45,80,30,0,0
1254,129742488,0,50,82,32,0,0
1255,129752488,0,52,85,32,0,0
1256,129762488,0,54,83,29,0,0
1257,129772488,0,58,81,30,0,0
1258,129782488,0,58,77,27,0,0
1259,129792488,0,60,73,25,0,0
1260,129802488,0,61,65,22,0,0
1261,129812488,0,68,60,21,0,0
1262,129822488,0,71,54,15,0,0
1263,129832488,0,75,50,10,0,0
1264,129842488,0,77,48,9,0,0
1265,129852488,0,79,52,9,0,0
1266,129862488,0,82,51,17,0,0
1267,129872488,0,82,52,15,0,0
1268,129882488,0,83,54,11,0,0
1269,129892488,0,86,55,13,0,0
1270,129902488,0,86,56,11,0,0
1271,129912488,0,86,56,10,0,0
1272,129922488,0,86,57,7,0,0
1273,129932488,0,86,51,8,0,0
1274,129942488,0,89,45,3,0,0
1275,129952488,0,88,41,2,0,0
1276,129962488,0,129,45,0,0,0
1277,129972488,0,187,47,3,0,0
1278,129982488,8,224,30,0,0,0
1279,129992488,86,308,58,0,0,0
1280,130002488,129,361,66,0,0,0
1281,130012488,179,412,68,0,0,0
1282,130022488,277,509,74,0,0,0
1283,130032488,359,616,85,0,0,0
1284,130042488,443,687,96,0,0,0
1285,130052488,529,761,94,0,0,0
1286,130062488,619,821,98,0,0,0
1287,130072488,695,886,105,0,0,0
1288,130082488,782,955,107,0,0,0
1289,130092488,860,1024,111,0,0,0
1290,130102488,948,1083,115,0,0,0
1291,130112488,934,1110,90,0,0,0
1292,130122488,1088,1206,112,0,0,0
1293,130132488,1156,1265,129,9,0,0
1294,130142488,1216,1333,157,27,0,0
1295,130152488,1272,1387,185,38,0,0
1296,130162488,1322,1443,230,57,0,0
1297,130172488,1364,1486,294,79,0,0
1298,130182488,1403,1524,354,120,0,0
1299,130192488,1432,1553,411,168,0,0
1300,130202488,1458,1583,487,206,0,0
1301,130212488,1479,1617,549,236,0,0
1302,130222488,1493,1636,604,280,0,0
1303,130232488,1503,1650,634,311,0,0
1304,130242488,1510,1666,679,339,0,0
1305,130252488,1518,1671,727,359,0,0
1306,130262488,1510,1676,759,367,0,0
1307,130272488,1518,1688,788,380,0,0
1308,130282488,1526,1679,804,393,0,0
1309,130292488,1527,1689,818,401,0,0
1310,130302488,1524,1693,830,406,0,0
1311,130312488,1530,1694,842,408,0,0
1312,130322488,1526,1690,851,409,0,0
1313,130332488,1521,1695,859,412,0,0
1314,130342488,1512,1693,871,415,0,0
1315,130352488,1508,1688,884,426,0,0
1316,130362488,1500,1686,900,443,0,0
1317,130372488,1496,1683,917,469,0,0
1318,130382488,1478,1676,944,495,0,0
1319,130392488,1470,1672,971,523,0,0
1320,130402488,1452,1665,995,542,0,0
1321,130412488,1442,1660,1011,565,0,0
1322,130422488,1431,1660,1035,588,0,0
1323,130432488,1413,1657,1057,612,0,0
1324,130442488,1396,1646,1077,639,0,0
1325,130452488,1383,1645,1100,669,0,0
1326,130462488,1367,1631,1121,694,0,0
1327,130472488,1350,1635,1137,720,0,0
1328,130482488,1331,1629,1161,745,0,0
1329,130492488,1316,1624,1179,776,0,0
1330,130502488,1297,1620,1196,800,0,0
1331,130512488,1281,1618,1210,821,0,0
1332,130522488,1259,1609,1226,843,0,0
1333,130532488,1244,1606,1236,862,0,0
1334,130542488,1241,1599,1244,884,0,0
1335,130552488,1231,1592,1253,904,0,0
1336,130562488,1226,1588,1258,924,0,0
1337,130572488,1221,1579,1266,946,0,0
1338,130582488,1219,1576,468,965,0,0
1339,130592488,1210,1565,1198,979,0,0
1340,130602488,1197,1559,1271,992,0,0
1341,130612488,1190,1547,1276,1005,0,0
1342,130622488,1179,1533,1281,1022,0,0
1343,130632488,1174,1522,1285,1044,0,0
1344,130642488,1168,1509,1286,1057,0,0
1345,130652488,1163,1498,1284,1069,0,0
1346,130662488,1163,1482,1275,1081,0,0
1347,130672488,1164,1464,1270,1093,0,0
1348,130682488,1170,1451,1260,1101,0,0
1349,130692488,1174,1438,1255,1111,0,0
1350,130702488,1176,1429,1251,1122,0,0
1351,130712488,1175,1416,1250,1131,0,0
1352,130722488,1163,1397,1252,1144,0,24
1353,130732488,1135,1375,1256,1157,0,59
1354,130742488,1107,1348,1260,1171,0,96
1355,130752488,1065,1312,1266,1185,0,136
1356,130762488,1031,1275,1271,1196,0,165
1357,130772488,937,1143,1246,1137,0,201
1358,130782488,940,1210,1279,1221,0,237
1359,130792488,891,1177,1285,1230,0,299
1360,130802488,840,1142,1289,1241,0,343
1361,130812488,778,1109,1292,1252,0,394
1362,130822488,688,1062,1299,1267,26,450
1363,130832488,599,1013,1304,1276,60,490
1364,130842488,491,972,1310,1292,99,533
1365,130852488,382,925,1315,1304,125,558
1366,130862488,295,872,1319,1310,174,616
1367,130872488,201,809,1322,1321,229,675
1368,130882488,119,748,1325,1329,279,731
1369,130892488,44,691,1327,1335,332,794
1370,130902488,0,610,1330,1349,383,849
1371,130912488,0,513,1330,1355,451,902
1372,130922488,0,418,1331,1362,502,950
1373,130932488,0,306,1329,1368,564,993
1374,130942488,0,196,1324,1373,624,1038
1375,130952488,0,117,1316,1379,680,1078
1376,130962488,0,32,1302,1382,744,1124
1377,130972488,0,0,1284,1385,787,1162
1378,130982488,0,0,1257,1386,830,1191
1379,130992488,0,0,1230,1383,869,1227
1380,131002488,0,0,1188,1375,906,1263
1381,131012488,0,0,1137,1358,928,1292
1382,131022488,0,0,1096,1331,930,1324
1383,131032488,0,0,1048,1306,902,1354
1384,131042488,0,0,982,1282,877,1381
1385,131052488,0,0,903,1250,851,1414
1386,131062488,0,0,819,1210,792,1446
1387,131072488,0,0,776,1166,696,1467
1388,131082488,0,0,729,1124,548,1487
1389,131092489,0,0,686,1012,344,1425
1390,131102488,0,0,676,1062,203,1486
1391,131112488,0,0,649,1013,87,1463
1392,131122488,0,0,614,973,18,1437
1393,131132488,0,0,569,915,0,1385
1394,131142488,0,0,499,847,0,1322
1395,131152488,0,0,0,767,0,1265
1396,131162488,0,0,351,663,0,1187
1397,131172488,0,0,332,563,0,1063
1398,131182488,0,0,300,447,0,924
1399,131192488,0,0,259,354,0,722
1400,131202488,0,0,232,266,0,430
1401,131212488,0,0,186,180,0,148
1402,131222488,0,0,153,108,0,0
1403,131232488,0,0,108,55,0,0
1404,131242488,0,0,25,45,0,0
1405,131252488,0,0,106,45,0,0
1406,131262488,0,0,101,38,2,0
1407,131272488,0,0,85,26,0,0
1408,131282488,0,0,74,24,0,0
1409,131292488,0,0,60,19,0,0
1410,131302488,0,0,55,15,0,0
1411,131312488,0,0,53,12,0,0
1412,131322488,0,0,48,9,0,0
1413,131332488,0,0,51,17,0,0
1414,131342488,0,0,55,11,0,0
1415,131352488,0,0,55,9,0,0
1416,131362488,0,0,57,18,0,0
1417,131372488,0,0,59,17,0,0
1418,131382488,0,0,65,14,0,0
1419,131392488,0,0,74,19,0,0
1420,131402488,0,0,84,22,0,0
1421,131412488,0,0,91,25,0,0
1422,131422488,0,0,100,31,0,0
1423,131432488,0,0,106,35,0,0
1424,131442488,0,0,114,43,0,0
1425,131452488,0,0,119,46,0,0
1426,131462488,0,0,122,46,0,0
1427,131472488,0,0,127,55,0,0
1428,131482488,0,0,124,48,0,0
1429,131492488,0,0,123,56,0,0
1430,131502488,0,0,113,52,0,0
1431,131512488,0,0,103,50,0,0
1432,131522488,0,0,95,45,0,0
1433,131532488,0,0,88,45,0,0
1434,131542488,0,0,85,43,0,0
1435,131552488,0,0,82,45,0,0
1436,131562488,0,0,87,45,0,0
1437,131572488,0,0,89,46,0,0
1438,131582488,0,0,83,46,0,0
1439,131592488,0,0,91,45,0,0
1440,131602488,0,0,99,47,0,0
1441,131612488,0,0,93,50,0,0
1442,131622488,0,0,94,50,0,0
1443,131632488,0,0,99,59,0,0
1444,131642488,0,0,103,61,0,0
1445,131652488,0,0,104,62,0,0
1446,131662488,0,0,104,59,0,0
1447,131672488,0,0,101,54,0,0
1448,131682488,0,0,78,28,0,0
1449,131692488,0,0,80,39,0,0
1450,131702488,0,0,89,23,0,0
1451,131712488,0,91,97,9,0,0
1452,131722488,81,261,80,0,0,0
1453,131732488,273,521,87,0,0,0
1454,131742488,540,741,85,0,0,0
1455,131752488,704,874,62,0,0,0
1456,131762488,825,964,68,0,2,0
1457,131772488,891,1029,70,0,0,0
1458,131782488,961,1075,67,0,0,0
1459,131792488,1000,1114,72,0,0,0
1460,131802488,1051,1143,74,0,0,0
1461,131812488,1081,1168,81,0,0,0
1462,131822488,1105,1190,85,0,0,0
1463,131832488,1141,1209,89,0,0,0
1464,131842488,1178,1239,101,0,0,0
1465,131852488,1209,1271,106,2,0,0
1466,131862488,1254,1318,127,19,0,0
1467,131872488,1302,1369,151,31,0,0
1468,131882488,1286,1344,164,28,0,0
1469,131892488,1379,1445,247,80,0,0
1470,131902488,1401,1470,326,140,0,0
1471,131912488,1418,1489,381,199,0,0
1472,131922488,1431,1502,441,239,0,0
1473,131932488,1441,1515,519,303,0,0
1474,131942488,1447,1517,544,320,0,0
1475,131952488,1455,1526,611,401,0,0
1476,131962488,1462,1532,645,432,0,0
1477,131972488,1467,1533,685,460,0,0
1478,131982488,1469,1538,714,492,0,0
1479,131992488,1468,1543,734,535,0,0
1480,132002488,1470,1538,757,565,0,0
1481,132012488,1476,1540,780,588,0,0
1482,132022488,1473,1538,798,607,0,23
1483,132032488,1472,1532,814,628,0,43
1484,132042488,1467,1528,825,639,0,85
1485,132052488,1460,1518,839,655,0,119
1486,132062488,1458,1512,850,675,0,162
1487,132072488,1452,1507,858,691,0,210
1488,132082488,1445,1495,865,713,0,253
1489,132092488,1435,1482,0,731,0,282
1490,132102488,1420,1474,0,753,0,320
1491,132112488,1407,1459,0,774,0,351
1492,132122488,1396,1446,0,792,0,379
1493,132132488,1309,1362,0,739,4,406
1494,132142488,1367,1420,899,822,18,417
1495,132152488,1353,1405,926,834,20,430
1496,132162488,1339,1397,936,846,26,439
1497,132172488,1331,1386,923,861,31,454
1498,132182488,1320,1371,952,872,39,470
1499,132192488,1307,1359,957,880,53,486
1500,132202489,1295,1350,971,891,71,503
1501,132212488,1285,1330,979,905,84,527
1502,132222488,1273,1322,985,917,94,543
1503,132232488,1264,1311,991,927,103,556
1504,132242488,1258,1301,998,935,107,571
1505,132252488,1254,1296,1002,941,112,582
1506,132262488,1251,1292,1007,948,117,589
1507,132272488,1246,1288,1013,955,116,597
1508,132282488,1241,1276,1017,966,122,604
1509,132292488,1236,1270,1021,973,124,612
1510,132302488,1225,1262,1033,981,134,618
1511,132312488,1219,1253,1037,986,143,629
1512,132322488,1207,1243,1041,993,150,632
1513,132332488,1193,1236,1045,1000,171,645
1514,132342488,1178,1224,1047,1004,181,652
1515,132352488,1158,1206,1050,1011,188,660
1516,132362488,1140,1193,1060,1019,211,675
1517,132372488,1120,1178,1066,1033,235,686
1518,132382488,1098,1157,1072,1046,261,701
1519,132392488,1069,1129,1079,1054,287,722
1520,132402488,1030,1100,1083,1065,312,733
1521,132412488,989,1063,1093,1077,339,752
1522,132422488,940,1005,1097,1094,361,770
1523,132432488,901,0,1102,1103,406,783
1524,132442488,846,904,1108,1115,439,800
1525,132452488,782,853,1114,1130,482,818
1526,132462488,712,794,1122,1150,525,852
1527,132472488,609,732,1128,1172,578,874
1528,132482488,495,657,1137,1191,634,914
1529,132492488,381,586,1146,1213,682,948
1530,132502488,250,502,1154,1233,747,988
1531,132512488,131,409,1160,1252,787,1018
1532,132522488,34,314,1163,1272,832,1062
1533,132532488,0,226,1164,1289,879,1101
1534,132542488,0,139,1164,1300,938,1129
1535,132552488,0,42,1161,1307,970,1160
1536,132562488,0,0,1147,1313,1003,1189
1537,132572488,0,0,1129,1315,1046,1220
1538,132582488,0,0,1070,1248,1011,1215
1539,132592488,0,0,1070,1311,1101,1284
1540,132602488,0,0,1009,1306,1126,1306
1541,132612488,0,0,924,1288,1140,1327
1542,132622488,0,0,866,1261,1139,1352
1543,132632488,0,0,802,1226,1121,1379
1544,132642488,0,0,728,1183,1076,1400
1545,132652488,0,0,648,1135,1004,1428
1546,132662488,0,0,653,1091,929,1450
1547,132672488,0,0,611,1044,827,1473
1548,132682488,0,0,579,991,697,1484
1549,132692488,0,0,536,941,495,1486
1550,132702488,0,0,490,900,319,1478
1551,132712488,0,0,451,851,172,1417
1552,132722488,0,0,392,779,119,1390
1553,132732488,0,0,341,718,64,1338
1554,132742488,0,0,301,658,26,1287
1555,132752488,0,0,268,585,0,1218
1556,132762488,0,0,248,495,0,1114
1557,132772488,0,0,215,418,0,978
1558,132782488,0,0,178,323,0,759
1559,132792488,0,0,157,290,0,489
1560,132802488,0,0,122,223,0,187
1561,132812488,0,0,99,137,0,0
1562,132822488,0,0,85,68,0,0
1563,132832488,0,0,75,60,0,0
1564,132842488,0,0,78,56,0,0
1565,132852488,0,0,77,55,0,0
1566,132862488,0,2,74,42,0,0
1567,132872488,0,0,60,36,0,0
1568,132882488,0,0,54,28,0,0
1569,132892488,0,0,47,22,0,0
1570,132902488,0,0,43,20,0,0
1571,132912488,0,0,45,19,0,0
1572,132922488,0,0,48,18,0,0
1573,132932488,0,0,49,19,0,0
1574,132942488,0,0,53,21,0,0
1575,132952488,0,0,57,24,0,0
1576,132962488,0,0,57,24,0,0
1577,132972488,0,0,69,24,0,0
1578,132982488,0,0,83,28,0,0
1579,132992488,0,0,93,34,0,0
1580,133002488,0,0,101,39,0,0
1581,133012488,0,0,110,41,0,0
1582,133022488,0,0,117,43,0,0
1583,133032488,0,0,120,51,0,0
1584,133042488,0,0,132,53,0,0
1585,133052488,0,0,141,55,0,0
1586,133062488,0,0,142,58,0,0
1587,133072488,0,0,145,58,0,0
1588,133082488,0,0,152,61,0,0
1589,133092488,0,0,149,60,0,0
1590,133102488,0,0,144,60,0,0
1591,133112488,0,0,137,52,0,0
1592,133122488,0,0,123,47,0,0
1593,133132488,0,0,120,42,0,0
1594,133142488,0,0,109,39,0,0
1595,133152488,0,0,109,34,0,0
1596,133162488,0,0,108,27,0,0
1597,133172488,0,0,108,30,0,0
1598,133182488,0,0,105,32,0,0
1599,133192488,0,0,107,28,0,0
1600,133202488,0,0,109,31,0,0
1601,133212488,0,1,109,31,0,0
1602,133222488,0,0,112,34,0,0
1603,133232488,0,0,117,36,0,0
1604,133242488,0,0,121,38,0,0
1605,133252488,0,0,123,41,0,0
1606,133262488,0,0,133,42,0,0
1607,133272488,0,0,140,45,0,0
1608,133282488,0,0,143,48,0,0
1609,133292488,0,0,144,45,0,0
1610,133302488,0,5,142,44,0,0
1611,133312488,0,58,137,41,0,0
1612,133322488,23,128,139,31,0,0
1613,133332488,91,238,128,30,0,0
1614,133342488,237,368,114,5,0,0
1615,133352488,435,513,116,2,0,0
1616,133362488,626,690,125,1,0,0
1617,133372488,780,810,120,0,0,0
1618,133382488,863,905,114,0,0,0
1619,133392488,926,959,125,0,0,0
1620,133402488,986,1006,140,0,0,0
1621,133412488,1039,1064,151,8,0,0
1622,133422488,1084,1114,168,13,0,0
1623,133432488,1061,1096,166,5,0,0
1624,133442488,1172,1199,220,52,0,0
1625,133452488,1217,1254,272,71,0,0
1626,133462488,1265,1297,315,92,0,0
1627,133472488,1293,1326,365,150,0,0
1628,133482488,1311,1346,471,215,0,0
1629,133492488,1326,1363,555,273,0,0
1630,133502488,1349,1379,626,356,0,0
1631,133512488,1364,1388,693,423,0,0
1632,133522488,1378,1400,755,488,0,0
1633,133532488,1390,1406,810,566,0,0
1634,133542488,1400,1416,854,624,0,0
1635,133552488,1396,1416,886,669,0,1
1636,133562488,1410,1417,911,713,0,0
1637,133572488,1418,1414,937,744,0,0
1638,133582488,1421,1413,955,776,0,0
1639,133592488,1418,1405,975,803,0,0
1640,133602488,1416,1402,986,822,0,3
1641,133612488,1407,1395,980,842,0,45
1642,133622488,1402,1391,0,854,0,72
1643,133632488,1393,1385,0,869,0,122
1644,133642488,1392,1381,0,877,0,167
1645,133652488,1388,1379,0,884,0,191
1646,133662488,1387,1373,0,887,0,218
1647,133672488,1387,1370,0,888,0,241
1648,133682488,1381,1367,0,890,0,252
1649,133692488,1370,1363,0,891,0,271
1650,133702488,1367,1353,0,894,0,284
1651,133712488,1355,1335,0,897,0,307
1652,133722488,1338,1332,0,904,0,315
1653,133732488,1327,1321,1020,905,0,350
1654,133742488,1316,1309,1024,907,2,376
1655,133752488,1301,1301,1028,911,14,402
1656,133762488,1301,1286,1029,915,24,423
1657,133772488,1293,1271,1025,917,39,441
1658,133782488,1286,1254,1030,919,55,462
1659,133792488,1275,1224,1033,920,73,492
1660,133802488,1259,1197,1036,921,90,526
1661,133812488,1249,1175,1037,921,109,547
1662,133822488,1236,1159,1039,924,127,572
1663,133832488,1215,1147,1040,932,159,593
1664,133842488,1202,1126,1041,935,181,610
1665,133852488,1192,1121,1042,938,213,624
1666,133862488,1187,1108,1044,945,230,636
1667,133872488,1177,1100,1046,942,258,648
1668,133882488,1173,1095,1048,950,279,658
1669,133892488,1163,1075,1049,953,297,674
1670,133902488,1144,1063,1051,957,313,690
1671,133912488,1130,1051,1053,967,351,716
1672,133922488,1115,1042,1055,973,377,729
1673,133932488,1100,1018,1054,980,403,743
1674,133942488,1084,1006,1059,982,426,742
1675,133952488,1061,994,1061,993,454,764
1676,133962488,1039,978,1063,1000,485,776
1677,133972488,1013,962,1064,1004,520,787
1678,133982488,990,947,1065,1013,544,803
1679,133992488,970,927,1066,1019,571,821
1680,134002488,950,905,1067,1026,597,827
1681,134012488,920,0,1036,975,591,815
1682,134022488,890,0,1070,1039,648,854
1683,134032488,850,0,1074,1044,660,865
1684,134042488,789,0,1075,1049,679,874
1685,134052488,723,0,1075,1052,702,886
1686,134062488,650,0,1071,1056,723,898
1687,134072488,542,0,1067,1062,748,907
1688,134082488,414,0,1024,1007,717,884
1689,134092488,255,455,1040,1063,785,920
1690,134102488,113,0,1012,1065,799,919
1691,134112488,26,0,971,1042,821,915
1692,134122488,0,0,910,1033,843,905
1693,134132488,0,0,827,1004,854,887
1694,134142488,0,0,741,973,792,868
1695,134152488,0,0,659,932,871,890
1696,134162488,0,0,559,876,865,915
1697,134172488,0,0,495,792,832,921
1698,134182488,0,0,436,663,733,924
1699,134192488,0,0,377,550,546,918
1700,134202488,0,0,329,416,244,847
1701,134212488,0,0,281,316,110,743
1702,134222488,0,0,245,243,0,552
1703,134232488,0,0,203,162,0,286
1704,134242488,0,0,156,86,0,39
1705,134252488,0,4,118,42,0,0
1706,134262488,0,41,103,21,0,0
1707,134272488,0,56,89,8,0,0
1708,134282488,0,56,112,26,0,0
1709,134292488,0,46,126,36,0,0
1710,134302488,0,48,136,39,0,0
1711,134312488,0,53,136,40,0,0
1712,134322488,0,60,137,41,0,0
1713,134332488,0,60,137,41,0,0
1714,134342488,0,61,137,34,0,0
1715,134352488,0,59,132,33,0,0
1716,134362488,0,64,123,25,0,0
1717,134372488,0,70,117,23,0,0
1718,134382488,0,70,111,20,0,0
1719,134392488,0,67,103,9,0,0
1720,134402488,0,56,68,4,0,0
1721,134412488,0,63,80,0,0,0
1722,134422488,0,64,62,0,0,0
1723,134432488,0,67,47,0,0,0
1724,134442488,0,62,38,0,0,0
1725,134452488,0,63,22,0,0,0
1726,134462488,0,57,14,0,0,0
1727,134472488,0,44,1,0,0,0
1728,134482488,0,58,6,0,0,0
1729,134492488,0,61,5,0,0,0
1730,134502488,0,48,6,0,0,0
1731,134512488,0,43,5,0,0,0
1732,134522488,0,36,8,0,0,0
1733,134532488,0,29,6,0,0,0
1734,134542488,0,25,12,0,0,0
1735,134552488,0,19,23,0,0,0
1736,134562488,0,17,19,0,0,0
1737,134572488,0,8,21,0,0,0
1738,134582488,0,3,21,0,0,0
1739,134592488,0,0,23,0,0,0
1740,134602488,0,0,23,0,0,0
1741,134612488,0,0,22,0,0,0
1742,134622488,0,0,20,0,0,0
1743,134632488,0,0,17,0,0,0
1744,134642488,0,0,8,0,0,0
1745,134652488,0,0,4,0,0,0
1746,134662488,0,0,0,0,0,0
1747,134672488,0,0,0,0,0,0
1748,134682488,0,0,0,0,0,0
1749,134692488,0,0,1,0,0,0
1750,134702488,0,0,3,0,0,0
1751,134712488,0,0,6,0,0,0
1752,134722488,0,0,7,0,0,0
1753,134732488,0,0,12,1,0,0
1754,134742488,0,0,18,5,0,0
1755,134752488,0,0,23,5,0,0
1756,134762488,0,0,25,7,0,0
1757,134772488,0,0,26,9,0,0
1758,134782488,0,0,33,11,0,0
1759,134792488,0,0,35,12,0,0
1760,134802488,0,0,45,13,0,0
1761,134812488,0,0,42,14,0,0
1762,134822488,0,0,44,13,0,0
1763,134832488,0,0,48,13,0,0
1764,134842488,0,0,50,11,0,0
1765,134852488,0,39,55,16,0,0
1766,134862489,0,179,66,16,0,0
1767,134872488,131,423,58,10,0,0
1768,134882488,364,678,56,0,0,0
1769,134892488,620,872,55,0,0,0
1770,134902488,794,1009,54,0,0,0
1771,134912488,889,1095,59,0,0,0
1772,134922488,963,1161,70,0,0,0
1773,134932488,1036,1225,84,0,0,0
1774,134942488,1099,1277,107,5,0,0
1775,134952488,1151,1332,138,22,0,0
1776,134962488,1196,1371,161,38,0,0
1777,134972488,1234,1413,195,46,0,0
1778,134982488,1273,1445,231,63,0,0
1779,134992488,1309,1468,268,73,0,0
1780,135002488,1334,1492,311,102,0,0
1781,135012488,1371,1512,379,149,0,0
1782,135022488,1400,1531,432,183,0,0
1783,135032488,1426,1554,485,205,0,0
1784,135042488,1450,1564,515,237,0,0
1785,135052488,1466,1576,533,249,0,0
1786,135062488,1491,1589,583,326,0,0
1787,135072488,1502,1597,615,349,0,0
1788,135082488,1508,1606,643,377,0,0
1789,135092488,1516,1611,666,416,0,0
1790,135102488,1517,1616,692,441,0,0
1791,135112488,1515,1619,708,459,0,0
1792,135122488,1525,1622,717,475,0,0
1793,135132488,1529,1619,722,480,0,0
1794,135142488,1531,1624,730,483,0,0
1795,135152488,1529,1623,737,479,0,0
1796,135162488,1528,1620,739,476,0,0
1797,135172488,1527,1621,741,479,0,0
1798,135182488,1525,1618,744,483,0,0
1799,135192488,1521,1614,746,483,0,0
1800,135202488,1515,1612,748,483,0,0
1801,135212488,1512,1606,755,503,0,0
1802,135222488,1499,1599,761,521,0,0
1803,135232488,1498,1592,773,534,0,0
1804,135242488,1496,1587,786,552,0,0
1805,135252488,1489,1580,792,571,0,0
1806,135262488,1483,1577,810,592,0,0
1807,135272488,1479,1571,822,612,0,0
1808,135282488,1470,1565,838,637,0,0
1809,135292488,1468,1562,852,666,0,13
1810,135302488,1460,1559,868,686,0,34
1811,135312488,1464,1555,882,713,0,53
1812,135322488,1461,1550,893,733,0,72
1813,135332488,1456,1540,906,746,0,90
1814,135342488,1450,1532,919,761,0,110
1815,135352488,1440,1527,926,775,0,129
1816,135362488,1438,1518,935,785,0,148
1817,135372488,1433,1518,942,798,0,168
1818,135382488,1425,1503,950,811,0,185
1819,135392488,1421,1494,953,824,0,210
1820,135402488,1410,1483,958,828,0,236
1821,135412488,1402,1473,962,830,0,249
1822,135422488,1395,1461,966,838,0,269
1823,135432488,1388,1455,970,843,0,294
1824,135442488,1382,1450,977,847,0,315
1825,135452488,1369,1445,983,856,0,341
1826,135462488,1354,1432,990,866,0,370
1827,135472488,1339,1421,999,879,1,382
1828,135482488,1319,1402,1011,889,14,395
1829,135492488,1296,1387,1021,904,28,410
1830,135502488,1265,1364,1035,921,45,429
1831,135512488,1228,1329,1010,887,43,437
1832,135522488,1196,1304,1053,953,86,490
1833,135532488,1156,1271,1062,978,111,523
1834,135542488,1110,1242,1068,996,138,565
1835,135552488,1064,1208,1079,1013,172,605
1836,135562488,1007,1167,1091,1040,231,655
1837,135572488,938,1109,1106,1066,281,698
1838,135582488,842,1020,1117,1098,336,757
1839,135592488,730,0,1130,1129,394,815
1840,135602488,600,0,1140,1158,444,868
1841,135612488,454,0,1145,1186,508,919
1842,135622488,296,643,1150,1203,579,962
1843,135632488,120,536,1159,1226,636,1009
1844,135642488,0,371,1160,1244,691,1053
1845,135652488,0,231,1155,1259,756,1093
1846,135662488,0,101,1143,1273,814,1121
1847,135672488,0,12,1126,1280,869,1140
1848,135682488,0,0,1109,1288,916,1160
1849,135692488,0,0,1084,1290,951,1178
1850,135702488,0,0,1016,1224,929,1174
1851,135712488,0,0,996,1276,1009,1227
1852,135722488,0,0,939,1261,1019,1258
1853,135732488,0,0,872,1227,1014,1297
1854,135742488,0,0,796,1177,1000,1334
1855,135752488,0,0,738,1115,953,1368
1856,135762488,0,0,653,1043,869,1405
1857,135772488,0,0,548,977,784,1443
1858,135782488,0,0,527,909,612,1452
1859,135792488,0,0,458,811,405,1455
1860,135802488,0,0,405,727,282,1436
1861,135812488,0,0,351,650,173,1396
1862,135822488,0,0,304,573,104,1334
1863,135832488,0,0,270,481,40,1234
1864,135842488,0,0,221,397,2,1191
1865,135852488,0,0,187,330,0,1089
1866,135862488,0,0,147,255,0,922
1867,135872488,0,0,114,181,0,675
1868,135882488,0,0,91,124,0,332
1869,135892488,0,0,66,62,0,20
1870,135902488,0,0,30,28,0,0
1871,135912488,0,0,18,8,0,0
1872,135922488,0,0,20,8,0,0
1873,135932488,0,0,22,11,0,0
1874,135942488,0,0,16,3,0,0
1875,135952488,0,0,7,3,0,0
1876,135962488,0,0,3,6,0,0
1877,135972488,0,0,5,1,1,0
1878,135982488,0,0,8,0,0,0
1879,135992488,0,0,11,0,0,0
1880,136002488,0,0,10,0,0,0
1881,136012488,0,0,16,0,0,0
1882,136022488,0,0,17,0,0,0
1883,136032488,0,0,15,0,0,0
1884,136042488,0,0,18,0,0,0
1885,136052488,0,0,21,1,0,0
1886,136062488,0,0,25,1,0,0
1887,136072488,0,0,34,3,0,0
1888,136082488,0,0,40,3,0,0
1889,136092488,0,0,22,3,0,0
1890,136102488,0,0,45,7,0,0
1891,136112488,0,0,45,10,0,0
1892,136122488,0,0,56,17,0,0
1893,136132488,0,0,69,20,0,0
1894,136142488,1,0,74,24,0,0
1895,136152488,0,0,89,28,1,0
1896,136162488,0,0,86,35,0,0
1897,136172488,0,0,86,38,0,0
1898,136182488,0,0,72,38,0,0
1899,136192488,0,0,53,36,0,0
1900,136202488,0,0,48,29,0,0
1901,136212488,0,0,42,29,0,0
1902,136222488,0,0,45,29,0,0
1903,136232488,0,0,43,32,0,0
1904,136242488,0,0,43,34,0,0
1905,136252488,0,0,46,36,0,0
1906,136262488,0,0,43,38,0,0
1907,136272488,0,0,42,39,0,0
1908,136282488,0,0,44,41,0,0
1909,136292488,0,0,44,43,0,0
1910,136302488,0,0,45,44,0,0
1911,136312488,0,0,48,46,0,0
1912,136322488,0,0,52,46,0,0
1913,136332488,0,0,54,48,0,0
1914,136342488,0,0,54,46,0,0
1915,136352488,0,0,53,44,0,0
1916,136362488,0,0,58,42,0,0
1917,136372488,0,0,53,37,0,0
1918,136382488,0,0,51,31,0,0
1919,136392488,0,10,68,21,0,0
1920,136402488,0,154,69,9,0,0
1921,136412488,142,401,57,0,0,0
1922,136422488,438,713,56,0,0,0
1923,136432488,726,920,47,0,0,0
1924,136442488,874,1037,46,0,0,0
1925,136452488,958,1104,43,0,0,0
1926,136462488,1033,1168,39,3,0,0
1927,136472488,1102,1216,52,0,0,0
1928,136482488,1154,1261,72,0,0,0
1929,136492488,1186,1303,82,0,0,0
1930,136502488,1224,1334,89,0,0,0
1931,136512488,1252,1363,106,10,0,0
1932,136522488,1292,1390,129,20,0,0
1933,136532488,1331,1427,144,39,0,0
1934,136542488,1375,1458,165,56,0,0
1935,136552488,1309,1444,171,71,0,0
1936,136562488,1443,1512,276,107,0,0
1937,136572488,1467,1529,345,158,0,0
1938,136582488,1487,1547,394,200,0,0
1939,136592488,1500,1560,460,233,0,0
1940,136602488,1514,1569,512,281,0,0
1941,136612488,1522,1574,527,306,0,0
1942,136622488,1531,1579,588,374,0,0
1943,136632488,1543,1585,616,403,0,0
1944,136642488,1551,1587,644,425,0,3
1945,136652488,1561,1590,666,438,0,0
1946,136662488,1568,1592,680,446,0,0
1947,136672488,1569,1593,690,459,0,0
1948,136682488,1571,1596,696,465,0,0
1949,136692488,1576,1595,708,471,0,6
1950,136702488,1572,1592,710,473,0,24
1951,136712488,1575,1592,713,478,0,33
1952,136722488,1574,1589,715,474,0,49
1953,136732488,1571,1587,715,468,0,66
1954,136742488,1566,1581,715,468,0,77
1955,136752488,1564,1578,716,466,0,81
1956,136762488,1561,1574,717,462,0,93
1957,136772488,1556,1570,718,465,0,103
1958,136782488,1552,1567,719,458,0,106
1959,136792488,1552,1565,716,459,0,113
1960,136802488,1548,1569,715,458,0,119
1961,136812488,1553,1564,715,452,0,121
1962,136822488,1553,1565,714,441,0,120
1963,136832488,1555,1564,716,449,0,124
1964,136842488,1555,1564,718,454,0,130
1965,136852488,1555,1565,722,459,0,139
1966,136862488,1557,1566,726,466,0,145
1967,136872488,1555,1561,732,476,0,156
1968,136882488,1555,1563,740,492,0,171
1969,136892488,1551,1558,748,505,0,185
1970,136902488,1546,1553,753,526,0,211
1971,136912488,1539,1548,762,538,0,217
1972,136922488,1529,1540,768,553,0,229
1973,136932488,1520,1531,782,570,3,247
1974,136942488,1406,1477,740,583,19,271
1975,136952488,1507,1515,797,595,31,289
1976,136962488,1499,1506,809,613,58,299
1977,136972488,1491,1497,818,624,74,323
1978,136982488,1481,1488,826,638,94,343
1979,136992488,1468,1477,847,659,106,370
1980,137002488,1457,1463,849,670,123,391
1981,137012488,1446,1454,859,686,152,411
1982,137022488,1434,1446,867,701,172,435
1983,137032488,1417,1432,880,710,185,449
1984,137042488,1403,1415,876,721,216,474
1985,137052488,1387,1397,882,735,231,495
1986,137062488,1365,1380,894,752,258,524
1987,137072488,1341,1353,905,774,280,543
1988,137082488,1310,1324,0,788,303,568
1989,137092488,1284,1302,231,801,326,590
1990,137102488,1252,1275,921,819,356,612
1991,137112488,1224,1252,941,844,378,644
1992,137122488,1183,1220,956,868,405,670
1993,137132488,1136,1103,957,827,402,692
1994,137142488,1081,1140,991,934,444,791
1995,137152488,1019,1067,1008,967,478,840
1996,137162488,938,961,1021,992,503,890
1997,137172488,839,0,1040,1026,546,939
1998,137182488,707,0,1050,1048,592,987
1999,137192488,570,0,1057,1081,634,1034
2000,137202488,393,0,1062,1101,697,1084
2001,137212488,210,479,1063,1123,746,1134
2002,137222488,71,354,1062,1143,791,1175
2003,137232488,0,244,1059,1163,852,1212
2004,137242488,0,139,1051,1180,900,1250
2005,137252488,0,54,1038,1192,951,1273
2006,137262488,0,0,1004,1202,991,1298
2007,137272488,0,0,977,1210,1039,1327
2008,137282488,0,0,928,1201,1067,1358
2009,137292488,0,0,849,1184,1084,1380
2010,137302488,0,0,782,1148,1092,1402
2011,137312488,0,0,710,1123,1071,1429
2012,137322488,0,0,639,1078,1038,1448
2013,137332488,0,0,584,1015,970,1482
2014,137342488,0,0,522,943,897,1510
2015,137352488,0,0,468,889,795,1527
2016,137362488,0,0,423,830,637,1542
2017,137372488,0,0,369,730,436,1542
2018,137382488,0,0,332,637,329,1525
2019,137392488,0,0,296,573,218,1490
2020,137402488,0,0,263,496,139,1419
2021,137412488,0,0,228,407,76,1345
2022,137422488,0,0,199,339,18,1261
2023,137432488,0,0,174,276,0,1163
2024,137442488,0,0,145,217,0,1015
2025,137452488,0,0,128,163,0,758
2026,137462488,0,0,107,110,0,390
2027,137472488,0,0,76,57,0,27
2028,137482488,0,0,42,25,0,0
2029,137492488,0,0,36,17,0,0
2030,137502488,0,0,40,21,0,0
2031,137512488,0,0,43,20,0,0
2032,137522489,0,0,43,20,0,0
2033,137532488,0,0,44,17,0,0
2034,137542488,0,1,42,13,0,0
2035,137552488,0,0,41,11,0,0
2036,137562488,0,0,41,10,0,0
2037,137572488,0,2,38,5,0,0
2038,137582488,0,0,20,1,0,0
2039,137592488,0,1,37,3,0,0
2040,137602488,0,2,31,0,0,0
2041,137612488,0,3,26,0,0,0
2042,137622488,0,3,20,0,0,0
2043,137632488,0,0,25,0,0,0
2044,137642488,0,1,14,0,0,0
2045,137652488,0,1,23,0,0,0
2046,137662488,0,0,21,0,0,0
2047,137672488,0,0,15,0,0,0
2048,137682488,0,0,11,0,0,0
2049,137692488,0,0,10,0,0,0
2050,137702488,0,0,6,0,0,0
2051,137712488,0,0,4,0,0,0
2052,137722488,0,0,7,0,0,0
2053,137732488,0,0,10,0,0,0
2054,137742488,0,0,12,0,0,0
2055,137752488,0,0,12,0,0,0
2056,137762488,0,0,13,0,0,0
2057,137772488,0,0,14,0,0,0
2058,137782488,0,0,12,0,0,0
2059,137792488,0,0,14,0,0,0
2060,137802488,0,0,16,0,0,0
2061,137812488,0,0,19,0,0,0
2062,137822488,0,0,26,0,0,0
2063,137832488,0,0,37,0,0,0
2064,137842488,0,0,43,2,0,0
2065,137852488,0,0,50,4,0,0
2066,137862488,0,0,60,7,0,0
2067,137872488,0,5,78,10,0,0
2068,137882488,0,27,88,17,0,0
2069,137892488,0,83,86,24,0,0
2070,137902488,0,178,101,24,0,0
2071,137912488,93,339,96,1,0,0
2072,137922488,380,642,109,7,0,0
2073,137932488,694,897,112,2,0,0
2074,137942488,931,1083,129,5,0,0
2075,137952488,1076,1201,157,16,0,0
2076,137962488,1164,1263,204,33,0,0
2077,137972488,1140,1240,229,32,0,0
2078,137982488,1226,1334,302,83,0,0
2079,137992488,1237,1349,368,139,0,0
2080,138002488,1237,1359,433,191,0,0
2081,138012488,1253,1371,506,259,0,0
2082,138022488,1263,1387,572,330,0,0
2083,138032488,1291,1401,616,383,0,0
2084,138042488,1323,1412,656,430,0,0
2085,138052488,1359,1434,686,472,0,0
2086,138062488,1390,1445,717,518,0,0
2087,138072488,1416,1457,740,551,0,0
2088,138082488,1435,1478,760,573,0,0
2089,138092488,1451,1490,781,599,0,0
2090,138102488,1466,1501,802,622,0,27
2091,138112488,1481,1511,827,641,0,52
2092,138122488,1490,1516,851,662,0,73
2093,138132488,1489,1518,874,693,0,98
2094,138142488,1493,1518,893,716,0,118
2095,138152488,1496,1517,909,737,0,145
2096,138162488,1490,1523,919,752,0,164
2097,138172488,1484,1420,916,697,0,151
2098,138182488,1479,1518,943,783,0,179
2099,138192488,1473,1514,950,793,0,191
2100,138202488,1463,1510,958,804,0,207
2101,138212488,1457,1509,0,811,0,213
2102,138222488,1448,1506,973,823,0,206
2103,138232488,1442,1503,971,826,0,224
2104,138242488,1430,1502,977,831,0,238
2105,138252488,1421,1499,978,829,0,241
2106,138262488,1414,1496,973,823,0,244
2107,138272488,1402,1500,968,810,0,234
2108,138282488,1394,1499,964,804,0,234
2109,138292488,1388,1500,966,798,0,217
2110,138302488,1383,1499,965,796,0,221
2111,138312488,1382,1504,965,797,0,222
2112,138322488,1383,1508,968,797,0,216
2113,138332488,1384,1511,967,792,0,213
2114,138342488,1389,1518,961,782,0,209
2115,138352488,1399,1520,954,773,0,194
2116,138362488,1399,1529,946,762,0,165
2117,138372488,1408,1545,939,750,0,154
2118,138382488,1415,1554,932,743,0,138
2119,138392488,1430,1561,924,730,0,106
2120,138402488,1436,1568,917,713,0,86
2121,138412488,1452,1575,907,690,0,42
2122,138422488,1463,1582,892,666,0,7
2123,138432488,1476,1592,880,632,0,0
2124,138442488,1495,1600,864,601,0,0
2125,138452488,1502,1610,0,575,0,0
2126,138462488,1513,1611,814,551,0,0
2127,138472488,1521,1618,816,536,0,0
2128,138482488,1525,1622,808,522,0,0
2129,138492488,1532,1625,804,511,0,0
2130,138502488,1534,1626,802,511,0,0
2131,138512488,1540,1627,800,506,0,0
2132,138522488,1544,1628,805,521,0,0
2133,138532488,1546,1627,815,536,0,0
2134,138542488,1546,1626,827,559,0,0
2135,138552488,1541,1623,844,589,0,0
2136,138562488,1540,1619,858,615,0,0
2137,138572488,1530,1612,873,644,0,26
2138,138582488,1525,1607,884,669,0,80
2139,138592488,1515,1597,662,702,0,109
2140,138602488,1504,1589,0,734,0,169
2141,138612488,1492,1579,925,761,0,247
2142,138622488,1479,1564,939,791,0,281
2143,138632488,1465,1561,959,814,0,336
2144,138642488,1456,1551,979,838,0,358
2145,138652488,1447,1543,992,857,0,386
2146,138662488,1442,1529,1005,869,0,413
2147,138672488,1435,1528,1018,883,0,430
2148,138682488,1432,1521,1022,895,0,442
2149,138692488,1330,1499,1040,914,0,454
2150,138702488,1420,1512,1045,922,0,458
2151,138712488,1408,1503,1048,933,0,458
2152,138722488,1399,1497,1054,937,0,454
2153,138732488,1388,1487,1056,943,0,446
2154,138742488,1369,1477,1059,950,0,435
2155,138752488,1329,1455,1060,951,0,426
2156,138762488,1289,1431,1062,954,0,428
2157,138772488,1238,1393,1062,955,0,425
2158,138782488,1189,1346,1061,961,0,416
2159,138792488,1122,1297,1058,966,0,409
2160,138802488,1051,1239,1051,972,0,393
2161,138812488,961,1178,1043,960,0,362
2162,138822488,860,0,1015,948,0,326
2163,138832488,741,0,989,929,0,304
2164,138842488,601,0,0,904,0,249
2165,138852488,423,0,0,865,3,193
2166,138862488,224,0,819,808,0,120
2167,138872488,88,0,741,753,0,69
2168,138882488,0,0,658,686,0,2
2169,138892488,0,0,528,610,0,0
2170,138902488,0,0,480,479,0,0
2171,138912488,0,0,379,343,0,0
2172,138922488,0,0,311,217,0,0
2173,138932488,0,0,248,151,0,0
2174,138942488,0,0,218,126,0,0
2175,138952488,0,0,189,102,0,0
2176,138962488,0,0,174,82,0,0
2177,138972488,0,0,154,77,0,0
2178,138982488,0,0,141,63,0,0
2179,138992488,0,0,124,57,0,0
2180,139002488,0,0,101,60,0,0
2181,139012488,0,0,82,38,0,0
2182,139022488,0,0,76,36,0,0
2183,139032488,0,0,72,31,0,0
2184,139042488,0,0,68,25,0,0
2185,139052488,0,1,63,22,0,0
2186,139062488,0,0,63,20,0,0
2187,139072488,0,0,57,20,0,0
2188,139082488,0,45,58,19,0,0
2189,139092488,0,59,58,17,0,0
2190,139102488,0,65,57,14,0,0
2191,139112488,0,73,55,12,0,0
2192,139122488,0,82,49,12,0,0
2193,139132488,0,88,50,7,0,0
2194,139142488,0,92,47,4,0,0
2195,139152488,2,103,43,3,1,0
2196,139162488,0,109,41,4,0,0
2197,139172488,0,123,40,2,0,0
2198,139182488,0,133,38,1,0,0
2199,139192488,0,137,37,0,0,0
2200,139202488,0,145,39,0,0,0
2201,139212488,0,155,32,0,0,0
2202,139222488,0,165,27,0,0,0
2203,139232488,0,171,26,0,0,0
2204,139242488,0,182,23,0,0,0
2205,139252488,0,188,20,0,0,0
2206,139262488,0,191,16,0,0,0
2207,139272488,0,197,14,0,0,0
2208,139282488,0,204,9,0,0,0
2209,139292488,0,207,8,0,0,0
2210,139302488,0,206,8,0,0,0
2211,139312488,0,216,9,0,0,0
2212,139322488,0,208,11,0,0,0
2213,139332488,0,215,14,0,0,0
2214,139342488,0,214,16,0,0,0
2215,139352488,0,216,17,0,0,0
2216,139362488,0,217,20,0,0,0
2217,139372488,0,215,22,0,0,0
2218,139382488,0,216,21,0,0,0
2219,139392488,0,228,27,0,0,0
2220,139402488,0,239,32,0,0,0
2221,139412488,0,259,31,0,0,0
2222,139422488,0,280,31,0,0,0
2223,139432488,0,316,30,0,0,0
2224,139442488,0,358,30,0,0,0
2225,139452488,0,423,30,0,0,0
2226,139462488,0,475,34,0,0,0
2227,139472488,0,524,34,0,0,0
2228,139482488,0,568,23,0,0,0
2229,139492488,0,622,20,0,0,0
2230,139502488,0,754,28,0,0,0
2231,139512488,0,858,43,0,0,0
2232,139522488,0,937,40,0,0,0
2233,139532488,0,1006,30,0,0,0
2234,139542488,1045,1065,30,0,0,0
2235,139552488,1097,1116,32,0,0,0
2236,139562488,1139,1158,37,0,0,0
2237,139572488,1175,1187,40,0,0,0
2238,139582488,1214,1221,44,0,0,0
2239,139592488,1249,1259,55,0,0,0
2240,139602488,1282,1301,67,0,0,0
2241,139612488,1319,1330,81,0,0,0
2242,139622488,1356,1364,114,0,0,0
2243,139632488,1387,1393,148,1,0,0
2244,139642488,1419,1425,184,19,0,0
2245,139652488,1446,1449,231,37,0,0
2246,139662488,1469,1479,265,49,0,0
2247,139672488,1497,1500,307,53,0,0
2248,139682488,1411,1477,293,51,0,0
2249,139692488,1544,1543,343,62,0,0
2250,139702488,1557,1559,364,71,0,0
2251,139712488,1572,1573,376,75,0,0
2252,139722488,1586,1582,393,77,0,0
2253,139732488,1594,1592,408,86,0,0
2254,139742488,1489,1553,388,93,0,0
2255,139752488,1612,1608,435,101,0,0
2256,139762488,1621,1612,438,100,0,0
2257,139772488,1628,1616,441,100,0,0
2258,139782488,1633,1620,443,103,0,0
2259,139792488,1637,1621,445,98,0,0
2260,139802488,1640,1622,445,101,0,0
2261,139812488,1645,1623,445,101,0,0
2262,139822488,1648,1623,446,99,0,0
2263,139832488,1650,1624,453,104,0,0
2264,139842488,1652,1623,458,116,0,0
2265,139852488,1649,1623,469,133,0,0
2266,139862488,1652,1622,474,138,0,0
2267,139872488,1653,1622,479,150,0,0
2268,139882488,1652,1623,483,160,0,0
2269,139892488,1652,1622,487,168,0,0
2270,139902488,1650,1622,493,175,0,0
2271,139912488,1648,1621,499,187,0,0
2272,139922488,1645,1620,511,201,0,0
2273,139932488,1641,1620,521,217,0,0
2274,139942488,1640,1620,531,233,0,0
2275,139952488,1636,1619,542,251,0,0
2276,139962488,1633,1620,566,271,0,0
2277,139972488,1628,1618,586,293,0,0
2278,139982488,1625,1619,601,325,0,0
2279,139992488,1623,1619,622,344,0,0
2280,140002488,1620,1620,650,375,0,0
2281,140012488,1620,1621,674,408,0,0
2282,140022488,1616,1621,701,441,0,0
2283,140032488,1612,1620,731,472,0,0
2284,140042488,1608,1620,759,497,0,0
2285,140052488,1603,1617,790,535,0,0
2286,140062488,1596,1614,816,565,0,0
2287,140072488,1594,1612,843,596,0,0
2288,140082488,1591,1612,874,627,0,0
2289,140092488,1580,1609,903,658,0,0
2290,140102488,1574,1606,925,682,0,0
2291,140112488,1565,1602,942,704,0,0
2292,140122488,1554,1594,963,734,0,0
2293,140132488,1535,1588,985,759,0,0
2294,140142488,1517,1578,1008,794,0,0
2295,140152488,1498,1569,1030,817,0,4
2296,140162488,1487,1560,1047,847,0,19
2297,140172488,1465,1551,1066,871,0,43
2298,140182488,1442,1534,1081,902,0,69
2299,140192488,1414,1520,1097,922,0,124
2300,140202488,1312,1417,1089,942,0,170
2301,140212488,1341,1496,1120,957,0,239
2302,140222488,1293,1480,1132,975,0,302
2303,140232488,1232,1458,1142,1002,0,377
2304,140242488,1168,1433,1153,1021,20,442
2305,140252488,1100,1403,1165,1052,49,508
2306,140262488,1034,1371,1180,1078,83,578
2307,140272488,959,1334,1191,1101,123,638
2308,140282488,905,1280,1199,1125,176,696
2309,140292488,843,1226,1207,1141,224,763
2310,140302488,760,1145,1212,1163,288,814
2311,140312488,664,1070,1219,1177,346,879
2312,140322488,553,993,1223,1195,408,928
2313,140332488,430,909,1222,1207,454,978
2314,140342488,299,821,1226,1222,507,1039
2315,140352488,172,737,1227,1232,554,1082
2316,140362488,51,627,1224,1243,610,1114
2317,140372488,0,499,1216,1245,658,1163
2318,140382488,0,348,1205,1261,697,1198
2319,140392488,0,238,1191,1261,727,1223
2320,140402488,0,145,1173,1271,734,1249
2321,140412488,0,60,1142,1273,746,1273
2322,140422488,0,1,1118,1271,727,1306
2323,140432488,0,0,1083,1257,682,1333
2324,140442488,0,0,1070,1248,596,1361
2325,140452488,0,0,1019,1226,502,1386
2326,140462488,0,0,951,1140,350,1362
2327,140472488,0,0,953,1162,246,1405
2328,140482488,0,0,937,1128,112,1398
2329,140492488,0,0,0,1078,41,1364
2330,140502488,0,0,0,1047,0,1303
2331,140512488,0,0,890,1001,0,1242
2332,140522488,0,2,869,950,0,1173
2333,140532488,0,0,839,904,0,1093
2334,140542488,0,0,763,838,0,985
2335,140552488,0,0,674,752,0,853
2336,140562488,0,0,612,651,0,666
2337,140572488,0,0,552,567,0,476
2338,140582488,0,0,502,456,0,272
2339,140592488,0,0,452,352,0,82
2340,140602488,0,0,428,236,0,0
2341,140612488,0,2,359,143,0,0
2342,140622488,0,0,314,74,0,0
2343,140632488,0,0,312,80,0,0
2344,140642488,0,0,286,65,0,0
2345,140652488,0,0,257,49,0,0
2346,140662488,0,0,240,45,0,0
2347,140672488,0,0,216,42,0,0
2348,140682488,0,0,200,37,0,0
2349,140692488,0,0,181,35,0,0
2350,140702488,0,0,170,35,0,0
2351,140712488,0,0,170,35,0,0
2352,140722488,0,0,166,35,0,0
2353,140732488,0,0,164,39,0,0
2354,140742488,0,0,161,43,0,0
2355,140752488,0,0,163,44,0,0
2356,140762488,0,0,168,51,0,0
2357,140772488,0,0,175,55,0,0
2358,140782488,0,0,186,69,0,0
2359,140792488,0,0,191,76,0,0
2360,140802488,0,0,198,83,0,0
2361,140812488,0,0,204,88,0,0
2362,140822488,0,0,206,90,0,0
2363,140832488,0,0,194,89,0,0
2364,140842488,0,0,179,85,0,0
2365,140852488,0,0,161,81,0,0
2366,140862488,0,0,153,72,0,0
2367,140872488,0,0,148,69,0,0
2368,140882488,0,0,143,60,0,0
2369,140892488,0,0,150,60,0,0
2370,140902488,0,0,154,66,0,0
2371,140912488,0,0,159,69,0,0
2372,140922488,0,0,159,71,0,0
2373,140932488,0,0,153,68,0,0
2374,140942488,0,0,146,65,0,0
2375,140952488,0,0,147,56,0,0
2376,140962488,0,0,142,50,0,0
2377,140972488,0,0,139,44,0,0
2378,140982488,0,0,144,42,0,0
2379,140992488,0,42,148,10,0,0
2380,141002488,0,240,120,0,0,0
2381,141012488,0,552,116,0,0,0
2382,141022488,0,843,129,0,0,0
2383,141032488,0,1036,137,0,0,0
2384,141042488,0,1144,139,0,0,0
2385,141052488,1206,1229,143,0,0,0
2386,141062488,1275,1293,144,0,0,0
2387,141072488,1338,1345,149,0,0,0
2388,141082488,1381,1381,170,1,0,0
2389,141092488,1402,1401,171,4,0,0
2390,141102488,1419,1417,176,8,0,0
2391,141112488,1430,1428,180,18,0,0
2392,141122488,1437,1439,180,21,0,0
2393,141132488,1453,1456,172,27,0,0
2394,141142488,1477,1484,196,41,0,0
2395,141152488,1500,1515,217,58,0,0
2396,141162488,1523,1547,248,72,0,0
2397,141172488,1550,1567,284,74,0,0
2398,141182488,1563,1583,300,87,0,0
2399,141192488,1576,1594,332,106,0,0
2400,141202488,1583,1608,358,127,0,0
2401,141212488,1598,1616,400,163,0,0
2402,141222488,1599,1624,438,190,0,0
2403,141232488,1605,1631,482,209,0,0
2404,141242488,1607,1635,521,226,0,0
2405,141252488,1604,1637,543,270,0,0
2406,141262488,1606,1637,584,312,0,0
2407,141272488,1605,1638,621,359,0,0
2408,141282488,1603,1636,657,397,0,0
2409,141292488,1598,1633,680,423,0,0
2410,141302488,1591,1627,710,454,0,0
2411,141312488,1475,1579,677,489,0,0
2412,141322488,1582,1619,746,521,0,0
2413,141332488,1576,1612,779,555,0,0
2414,141342488,1571,1607,793,581,0,0
2415,141352488,1561,1598,813,596,0,0
2416,141362488,1557,1592,831,605,0,0
2417,141372488,1550,1586,846,620,0,0
2418,141382488,1544,1577,857,638,0,0
2419,141392488,1529,1570,866,655,0,0
2420,141402488,1522,1563,874,674,0,14
2421,141412488,1518,1559,886,690,0,27
2422,141422488,1515,1557,896,703,0,43
2423,141432488,1511,1553,907,724,0,61
2424,141442488,1502,1547,918,739,0,81
2425,141452488,1496,1540,927,758,0,93
2426,141462488,1491,1529,940,775,0,113
2427,141472488,1482,1522,952,792,0,120
2428,141482488,1474,1515,965,808,0,138
2429,141492488,1465,1512,979,825,0,143
2430,141502488,1460,1506,987,851,0,153
2431,141512488,1454,1500,1000,868,0,168
2432,141522488,1445,1491,1014,884,0,194
2433,141532488,1433,1479,1033,903,0,229
2434,141542488,1418,1463,0,925,0,256
2435,141552488,1390,1446,0,944,0,291
2436,141562488,1373,1425,1072,969,0,317
2437,141572488,1357,1408,1086,988,0,340
2438,141582488,1338,1393,1100,1004,0,379
2439,141592488,1322,1377,1109,1019,10,407
2440,141602488,1306,1358,1114,1041,37,461
2441,141612488,1294,1336,1125,1053,42,490
2442,141622488,1273,1321,1130,1065,67,517
2443,141632488,1255,1302,1137,1079,89,560
2444,141642488,1234,1288,1144,1091,104,599
2445,141652488,1211,1270,1148,1100,119,631
2446,141662488,1191,1256,1154,1111,149,660
2447,141672488,1173,1242,1159,1124,166,681
2448,141682488,1162,1229,1162,1127,185,701
2449,141692488,1145,1212,1165,1146,203,729
2450,141702488,1124,1199,1136,1092,191,718
2451,141712488,1113,1187,1174,1155,239,763
2452,141722488,1089,1171,1178,1164,256,785
2453,141732488,1061,1150,1182,1175,278,802
2454,141742488,1032,1132,1188,1178,298,817
2455,141752488,995,1039,1192,1192,323,842
2456,141762488,968,0,1195,1198,346,860
2457,141772488,939,876,1201,1207,358,875
2458,141782488,911,950,1203,1214,376,894
2459,141792488,872,914,1208,1227,400,916
2460,141802488,813,944,1217,1237,428,933
2461,141812488,743,919,1223,1251,458,953
2462,141822488,659,880,1230,1250,502,985
2463,141832488,501,819,1233,1267,543,1001
2464,141842488,442,773,1237,1288,583,1031
2465,141852488,339,675,1238,1280,614,1057
2466,141862488,236,593,1240,1289,652,1081
2467,141872488,114,502,1240,1302,688,1109
2468,141882488,37,385,1235,1308,735,1132
2469,141892488,0,244,1188,1214,763,1164
2470,141902488,0,167,1227,1317,809,1182
2471,141912488,0,103,1215,1317,837,1199
2472,141922488,0,26,1208,1320,855,1213
2473,141932488,0,0,1178,1324,873,1236
2474,141942488,0,0,1156,1322,880,1256
2475,141952488,0,0,1093,1254,832,1248
2476,141962488,0,0,1099,1318,879,1297
2477,141972488,0,0,1068,1300,844,1318
2478,141982488,0,3,1033,1292,792,1338
2479,141992488,0,0,984,1272,741,1365
2480,142002488,0,0,922,1251,666,1381
2481,142012488,0,0,859,1209,543,1392
2482,142022488,0,0,820,1172,445,1402
2483,142032488,0,0,786,1135,311,1405
2484,142042488,0,0,749,1101,183,1393
2485,142052488,0,0,0,1069,72,1371
2486,142062488,0,0,0,1023,13,1336
2487,142072488,0,0,0,982,6,1294
2488,142082488,2,0,0,933,0,1239
2489,142092488,0,0,0,884,0,1204
2490,142102488,0,0,529,813,0,1135
2491,142112488,0,0,457,727,0,1039
2492,142122488,0,0,411,644,0,907
2493,142132488,2,0,364,548,0,753
2494,142142488,3,0,326,455,0,543
2495,142152488,0,0,299,371,0,279
2496,142162488,0,0,261,274,0,85
2497,142172488,0,0,233,198,0,0
2498,142182488,0,0,174,105,0,0
2499,142192488,0,0,149,67,0,0
2500,142202488,0,0,152,70,0,0
2501,142212488,0,0,119,65,0,0
2502,142222488,0,0,135,59,0,0
2503,142232488,0,0,121,54,0,0
2504,142242488,0,0,108,47,0,0
2505,142252488,0,0,109,43,0,0
2506,142262488,0,0,106,38,0,0
2507,142272488,0,0,79,34,0,0
2508,142282488,0,0,100,34,0,0
2509,142292488,0,0,97,36,0,0
2510,142302488,0,0,108,37,0,0
2511,142312488,0,0,103,38,0,0
2512,142322488,0,0,106,40,0,0
2513,142332488,0,0,115,44,0,0
2514,142342488,0,0,123,48,0,0
2515,142352488,0,0,139,54,0,0
2516,142362488,0,0,151,65,0,0
2517,142372488,0,0,165,73,0,0
2518,142382488,0,0,174,77,0,0
2519,142392488,0,0,178,82,0,0
2520,142402488,0,0,185,88,0,0
2521,142412488,0,0,189,94,0,0
2522,142422488,0,0,192,93,0,0
2523,142432488,0,0,175,87,0,0
2524,142442488,2,0,159,78,0,0
2525,142452488,0,0,141,71,0,0
2526,142462488,0,0,128,62,0,0
2527,142472488,0,0,125,59,0,0
2528,142482488,0,0,121,56,0,0
2529,142492488,0,0,122,57,0,0
2530,142502488,0,0,118,57,0,0
2531,142512488,0,0,121,58,0,0
2532,142522488,0,0,123,61,0,0
2533,142532488,0,0,126,64,0,0
2534,142542488,0,0,133,71,0,0
2535,142552488,0,0,137,75,0,0
2536,142562488,0,0,139,78,0,0
2537,142572488,0,0,141,84,0,0
2538,142582488,0,0,149,82,0,0
2539,142592488,0,0,150,83,0,0
2540,142602488,0,0,132,56,0,0
2541,142612488,0,0,142,71,0,0
2542,142622488,0,0,134,60,0,0
2543,142632488,0,0,119,48,0,0
2544,142642488,0,0,113,41,0,0
2545,142652488,0,0,123,29,0,0
2546,142662488,0,79,111,5,0,0
2547,142672488,0,209,111,0,0,0
2548,142682488,0,362,113,0,0,0
2549,142692488,0,523,105,0,0,0
2550,142702488,0,695,101,0,0,0
2551,142712488,0,857,103,0,0,0
2552,142722488,0,978,98,0,0,0
2553,142732488,0,1061,99,0,0,0
2554,142742488,0,1122,102,0,0,0
2555,142752488,0,1179,106,0,0,0
2556,142762488,0,1228,117,0,0,0
2557,142772488,0,1264,123,6,0,0
2558,142782488,1235,1298,132,18,0,0
2559,142792488,1260,1321,141,23,0,0
2560,142802488,1288,1341,154,27,0,0
2561,142812488,1314,1365,164,42,0,0
2562,142822488,1345,1389,174,54,0,0
2563,142832488,1372,1416,203,74,0,0
2564,142842488,1391,1436,236,90,0,0
2565,142852488,1403,1455,326,158,0,0
2566,142862488,1316,1426,361,197,0,0
2567,142872488,1430,1479,488,311,0,0
2568,142882488,1437,1484,580,394,0,0
2569,142892488,1444,1492,636,459,0,0
2570,142902488,1453,1499,691,530,0,0
2571,142912488,1464,1506,737,570,0,0
2572,142922488,1477,1513,780,604,0,0
2573,142932488,1483,1517,812,632,0,0
2574,142942488,1490,1521,845,666,0,12
2575,142952488,1491,1524,868,695,0,54
2576,142962488,1494,1524,889,728,0,77
2577,142972488,1494,1524,908,751,0,99
2578,142982488,1494,1522,926,777,0,135
2579,142992488,1493,1520,941,793,0,165
2580,143002488,1489,1517,952,810,0,189
2581,143012488,1488,1515,960,824,0,212
2582,143022488,1486,1512,970,837,0,226
2583,143032488,1484,1511,978,844,0,247
2584,143042488,1483,1508,981,853,0,261
2585,143052488,1478,1503,986,860,0,273
2586,143062488,1468,1497,993,870,0,276
2587,143072488,1462,1489,999,874,0,279
2588,143082488,1451,1481,1002,881,0,281
2589,143092488,1442,1471,1007,891,0,282
2590,143102488,1433,1467,1014,904,0,284
2591,143112488,1428,1462,987,862,0,262
2592,143122488,1427,1460,1029,923,0,280
2593,143132488,1424,1456,1038,933,0,283
2594,143142488,1421,1453,1043,940,0,291
2595,143152488,1415,1449,1048,952,0,295
2596,143162488,1406,1442,1057,966,0,294
2597,143172488,1399,1436,0,975,0,296
2598,143182488,1387,1428,0,990,0,318
2599,143192488,1378,1418,0,1000,0,329
2600,143202488,1367,1403,0,1010,0,350
2601,143212488,1359,1389,1084,1024,0,368
2602,143222488,1349,1375,1069,1036,0,394
2603,143232488,1335,1365,1099,1049,0,411
2604,143242488,1321,1354,1045,999,3,408
2605,143252488,1312,1340,1097,1069,23,449
2606,143262488,1303,1331,1113,1083,29,476
2607,143272488,1289,1313,1129,1087,46,493
2608,143282488,1270,1301,1132,1097,65,515
2609,143292488,1254,1284,1137,1102,83,541
2610,143302488,1235,1265,1149,1115,99,560
2611,143312488,1214,1250,1146,1129,107,584
2612,143322488,1195,1238,1163,1144,135,608
2613,143332488,1173,1214,1164,1148,156,630
2614,143342488,1145,1193,1172,1163,180,657
2615,143352488,1117,1171,1177,1172,206,668
2616,143362488,1084,1137,1184,1181,227,694
2617,143372488,981,1046,1145,1104,234,714
2618,143382488,997,1067,1191,1197,269,734
2619,143392488,957,0,1194,1205,288,758
2620,143402488,914,0,1195,1210,318,778
2621,143412488,864,0,1198,1218,350,795
2622,143422488,805,628,1199,1226,380,813
2623,143432488,742,530,1203,1232,406,838
2624,143442488,678,724,1201,1241,435,851
2625,143452488,620,688,1202,1239,469,861
2626,143462488,553,650,1206,1254,496,871
2627,143472488,467,596,1206,1259,536,889
2628,143482488,374,533,1208,1266,553,920
2629,143492488,267,466,1207,1270,613,939
2630,143502488,0,368,1201,1277,652,969
2631,143512488,0,268,1184,1283,699,1003
2632,143522488,0,166,1186,1291,751,1035
2633,143532488,0,75,1164,1289,786,1058
2634,143542488,0,4,1136,1296,833,1079
2635,143552488,0,0,1107,1293,858,1094
2636,143562488,0,0,1095,1287,888,1112
2637,143572488,0,0,1047,1275,829,1119
2638,143582488,0,0,996,1267,919,1158
2639,143592488,0,0,944,1245,920,1184
2640,143602488,0,0,876,1206,871,1221
2641,143612488,0,0,778,1160,826,1254
2642,143622488,0,0,710,1112,757,1289
2643,143632488,0,0,624,1046,660,1281
2644,143642488,0,0,581,991,566,1347
2645,143652488,0,0,540,949,386,1357
2646,143662488,0,0,478,891,249,1362
2647,143672488,0,0,440,831,147,1350
2648,143682488,0,0,391,754,86,1311
2649,143692488,0,0,334,683,38,1261
2650,143702488,0,0,296,611,0,1188
2651,143712488,0,0,271,531,0,1132
2652,143722488,0,0,233,439,0,1019
2653,143732488,0,0,202,363,0,877
2654,143742488,0,0,186,316,0,686
2655,143752488,0,1,161,251,0,406
2656,143762488,0,0,149,170,0,151
2657,143772488,0,0,123,104,0,0
2658,143782488,0,0,110,68,0,0
2659,143792488,0,0,108,65,0,0
2660,143802488,0,0,111,66,0,0
2661,143812488,0,0,120,61,0,0
2662,143822488,0,0,114,60,0,0
2663,143832488,0,0,113,51,0,0
2664,143842488,0,0,102,44,0,0
2665,143852488,0,0,94,39,0,0
2666,143862488,0,0,77,29,0,0
2667,143872488,0,0,82,23,0,0
2668,143882488,0,0,77,20,0,0
2669,143892488,0,0,75,12,0,0
2670,143902488,0,0,74,7,0,0
2671,143912488,0,0,57,3,0,0
2672,143922488,0,0,53,1,0,0
2673,143932488,0,0,50,2,0,0
2674,143942488,0,0,47,1,0,0
2675,143952488,0,0,44,0,0,0
2676,143962488,0,0,42,0,0,0
2677,143972488,0,0,42,0,0,0
2678,143982488,0,0,40,0,0,0
2679,143992488,0,0,44,0,0,0
2680,144002488,0,0,41,0,0,0
2681,144012488,0,0,42,0,0,0
2682,144022488,0,0,41,0,0,0
2683,144032488,0,0,41,0,0,0
2684,144042488,0,0,45,0,0,0
2685,144052488,0,0,50,0,0,0
2686,144062488,0,0,54,1,0,0
2687,144072488,0,0,58,2,0,0
2688,144082488,0,0,61,6,0,0
2689,144092488,0,0,72,6,0,0
2690,144102488,0,0,74,9,0,0
2691,144112488,0,0,77,11,0,0
2692,144122488,0,0,89,15,0,0
2693,144132488,0,0,100,21,0,0
2694,144142488,0,0,118,29,0,0
2695,144152488,0,0,134,39,0,0
2696,144162488,0,0,129,28,0,0
2697,144172488,0,0,156,54,0,0
2698,144182488,0,0,159,58,0,0
2699,144192488,0,0,167,60,0,0
2700,144202488,0,0,167,60,0,0
2701,144212488,0,0,172,60,0,0
2702,144222488,0,0,174,56,0,0
2703,144232488,0,0,175,54,0,0
2704,144242488,0,2,171,49,0,0
2705,144252488,0,19,166,46,0,0
2706,144262488,0,49,168,50,0,0
2707,144272488,0,75,169,50,0,0
2708,144282488,0,152,160,50,0,0
2709,144292488,0,233,150,24,0,0
2710,144302488,0,357,165,37,0,0
2711,144312488,0,594,164,34,0,0
2712,144322488,0,801,167,38,0,0
2713,144332488,0,987,165,43,0,0
2714,144342488,998,1099,208,59,0,0
2715,144352488,1084,1164,247,73,0,0
2716,144362488,1132,1214,283,85,0,0
2717,144372488,1176,1258,336,125,0,0
2718,144382488,1210,1292,391,172,0,0
2719,144392488,1249,1322,447,221,0,0
2720,144402488,1284,1353,550,304,0,0
2721,144412488,1317,1376,636,396,0,0
2722,144422488,1356,1398,715,476,0,0
2723,144432488,0,1425,784,550,0,0
2724,144442488,0,1448,834,600,0,0
2725,144452488,0,1467,864,633,0,0
2726,144462488,0,1484,885,662,0,0
2727,144472488,0,1497,902,680,0,0
2728,144482488,0,1475,861,698,0,0
2729,144492488,0,1511,921,715,0,3
2730,144502488,0,1512,931,731,0,50
2731,144512488,0,1511,948,746,0,80
2732,144522488,856,1508,954,758,0,115
2733,144532488,1410,1499,966,773,0,145
2734,144542488,1478,1491,971,784,0,177
2735,144552488,1468,1483,978,795,0,231
2736,144562488,1461,1471,980,805,0,265
2737,144572488,1451,1460,986,810,0,298
2738,144582488,1439,1450,992,817,0,339
2739,144592488,1427,1441,999,824,0,393
2740,144602488,1415,1432,0,838,6,446
2741,144612488,1400,1421,0,843,27,486
2742,144622488,1382,1403,0,854,57,535
2743,144632488,1361,1388,929,859,87,556
2744,144642488,1337,1369,1013,869,114,590
2745,144652488,1318,1338,1018,880,140,624
2746,144662488,1302,1319,1023,887,170,652
2747,144672488,1287,1299,1031,896,197,675
2748,144682488,1270,1266,1035,908,226,696
2749,144692488,1255,1241,1045,921,235,730
2750,144702488,1235,1208,1048,937,264,758
2751,144712488,1215,1178,1050,947,290,789
2752,144722488,1194,1147,1053,950,317,809
2753,144732488,1176,1126,1057,957,348,826
2754,144742488,1162,1115,1060,966,365,850
2755,144752488,1145,1100,1062,970,388,864
2756,144762488,1133,1084,1066,982,409,877
2757,144772488,1121,1065,1067,988,439,901
2758,144782488,1109,1047,1073,993,460,918
2759,144792488,1099,1030,1071,996,475,927
2760,144802488,1089,1009,1079,999,503,939
2761,144812488,1076,923,1059,925,497,899
2762,144822488,1069,989,1076,1008,534,964
2763,144832488,1068,985,1077,1010,541,970
2764,144842488,1067,988,1076,1008,551,973
2765,144852488,1065,988,1079,1009,554,976
2766,144862488,1062,983,1080,1013,562,976
2767,144872488,1052,946,1079,1010,567,981
2768,144882488,944,0,1020,1009,573,986
2769,144892488,996,0,1082,1020,579,989
2770,144902488,952,0,1082,1020,591,993
2771,144912488,904,0,1081,1024,597,1003
2772,144922488,0,0,1078,1020,607,1014
2773,144932488,0,0,1075,1028,624,1030
2774,144942488,0,702,1064,1030,634,1040
2775,144952488,0,631,1045,1028,649,1050
2776,144962488,0,548,1019,1018,668,1061
2777,144972488,0,444,993,1020,699,1082
2778,144982488,0,320,956,1016,730,1099
2779,144992488,0,208,917,1013,751,1112
2780,145002488,0,122,863,1009,783,1118
2781,145012488,0,0,781,939,767,1064
2782,145022488,0,0,745,979,842,1143
2783,145032488,0,0,665,948,851,1160
2784,145042488,0,0,606,906,868,1171
2785,145052488,0,0,541,853,827,1185
2786,145062488,0,0,465,770,792,1191
2787,145072488,0,0,386,678,721,1207
2788,145082488,0,0,325,579,663,1222
2789,145092488,0,0,280,475,562,1225
2790,145102488,0,0,222,366,453,1226
2791,145112488,0,0,164,266,322,1205
2792,145122488,0,0,111,185,258,1171
2793,145132488,0,0,58,130,215,1133
2794,145142488,0,0,31,106,154,1079
2795,145152488,0,0,16,76,90,956
2796,145162488,0,0,0,48,6,784
2797,145172488,0,0,0,25,0,490
2798,145182488,0,0,0,0,0,163
2799,145192488,0,0,0,0,0,0
2800,145202488,0,0,0,0,0,0
2801,145212488,0,0,0,0,0,0
2802,145222488,0,0,0,0,0,0
2803,145232488,0,0,5,0,0,0
2804,145242488,0,0,6,4,0,0
2805,145252488,0,0,26,11,0,0
2806,145262488,0,0,23,18,0,0
2807,145272488,0,0,37,20,0,0
2808,145282488,0,0,43,20,0,0
2809,145292488,0,33,39,18,0,0
2810,145302488,0,40,43,13,0,0
2811,145312488,0,50,36,11,0,0
2812,145322488,0,49,29,7,0,0
2813,145332488,0,53,23,2,0,0
2814,145342488,0,54,13,0,0,0
2815,145352488,0,53,8,0,0,0
2816,145362488,0,53,2,0,0,0
2817,145372488,0,57,2,0,0,0
2818,145382488,0,56,4,0,0,0
2819,145392488,0,59,0,0,0,0
2820,145402488,0,61,0,0,0,0
2821,145412488,0,64,0,0,0,0
2822,145422488,0,68,0,0,0,0
2823,145432488,0,67,0,0,0,0
2824,145442488,0,58,0,0,0,0
2825,145452488,0,44,0,0,0,0
2826,145462488,0,31,0,0,0,0
2827,145472488,0,21,0,0,0,0
2828,145482488,0,12,0,0,0,0
2829,145492488,0,2,0,0,0,0
2830,145502488,0,0,0,0,0,0
2831,145512488,0,0,0,0,0,0
2832,145522488,0,0,0,0,0,0
2833,145532488,0,0,0,0,0,0
2834,145542488,0,0,0,0,0,0
2835,145552488,0,0,0,0,0,0
2836,145562488,0,0,0,0,0,0
2837,145572488,0,0,0,0,0,0
2838,145582488,0,0,0,0,0,0
2839,145592488,0,0,0,0,0,0
2840,145602488,0,0,3,0,0,0
2841,145612488,0,0,5,1,0,0
2842,145622488,0,0,8,3,0,0
2843,145632488,0,0,15,4,0,0
2844,145642488,0,0,18,7,0,0
2845,145652488,0,0,21,7,0,0
2846,145662488,0,0,25,8,0,0
2847,145672488,0,0,26,8,0,0
2848,145682488,0,0,28,7,0,0
2849,145692488,0,0,30,7,0,0
2850,145702488,0,0,30,6,0,0
2851,145712488,0,0,29,5,0,0
2852,145722488,0,0,31,6,0,0
2853,145732488,0,0,34,7,0,0
2854,145742488,0,97,41,7,0,0
2855,145752488,0,338,49,0,0,0
2856,145762488,0,631,42,0,0,0
2857,145772488,0,830,44,0,0,0
2858,145782488,0,984,40,0,0,0
2859,145792488,0,1070,38,0,0,0
2860,145802488,0,1138,41,0,0,0
2861,145812488,0,1210,47,0,0,0
2862,145822488,0,1287,62,0,0,0
2863,145832488,0,1334,92,0,0,0
2864,145842488,0,1370,116,7,0,0
2865,145852488,0,1395,146,17,0,0
2866,145862488,0,1419,158,25,0,0
2867,145872488,0,1442,181,35,0,0
2868,145882488,0,1464,212,46,0,0
2869,145892488,1327,1486,235,56,0,0
2870,145902488,1351,1505,276,69,0,0
2871,145912488,1377,1522,310,89,0,0
2872,145922488,1398,1535,380,151,0,0
2873,145932488,1401,1545,445,212,0,0
2874,145942488,0,1547,531,295,0,0
2875,145952488,0,1550,604,381,0,0
2876,145962488,0,1552,670,464,0,0
2877,145972488,0,1551,733,538,0,0
2878,145982488,0,1552,798,608,0,0
2879,145992488,0,1548,851,663,0,0
2880,146002488,0,1546,887,717,0,0
2881,146012488,0,1542,919,759,0,0
2882,146022488,0,1530,942,800,0,1
2883,146032488,0,1525,971,839,0,26
2884,146042488,0,1514,1001,866,0,63
2885,146052488,0,1500,1021,902,0,103
2886,146062488,0,1484,1046,931,0,131
2887,146072488,0,1464,1063,954,0,170
2888,146082488,0,1444,1075,981,0,213
2889,146092488,0,1421,1093,1000,0,250
2890,146102488,0,1397,1104,1016,0,280
2891,146112488,0,1371,1114,1043,9,310
2892,146122488,0,1302,1061,1059,25,341
2893,146132488,0,1313,1132,1079,38,370
2894,146142488,0,1291,1138,1098,49,390
2895,146152488,0,1189,1145,1110,62,406
2896,146162488,0,0,1156,1123,73,432
2897,146172488,0,0,1163,1134,74,448
2898,146182488,0,0,1169,1149,92,471
2899,146192488,0,871,1150,1162,104,490
2900,146202488,0,997,1180,1171,119,524
2901,146212488,0,1122,1183,1181,150,545
2902,146222488,0,1126,1189,1190,161,566
2903,146232488,0,1119,1193,1199,182,598
2904,146242488,0,1107,1196,1207,202,615
2905,146252488,0,1032,1162,1122,217,638
2906,146262488,0,1069,1204,1222,252,657
2907,146272488,0,1046,1208,1232,283,677
2908,146282488,0,1017,1212,1233,309,706
2909,146292488,0,989,1216,1236,330,748
2910,146302488,0,961,1221,1258,355,781
2911,146312488,0,931,1224,1269,379,812
2912,146322488,0,891,1226,1268,405,841
2913,146332488,0,858,1229,1274,432,866
2914,146342488,0,824,1232,1287,467,887
2915,146352488,0,795,1236,1290,491,916
2916,146362488,0,760,1238,1292,523,945
2917,146372488,0,716,1240,1303,550,982
2918,146382488,0,677,1243,1305,590,1016
2919,146392488,0,634,1246,1318,630,1055
2920,146402488,0,591,1250,1317,659,1094
2921,146412488,0,537,1251,1321,692,1123
2922,146422488,0,490,1252,1328,732,1151
2923,146432488,0,425,1253,1337,753,1182
2924,146442488,0,372,1254,1340,789,1208
2925,146452488,0,305,1254,1348,817,1231
2926,146462488,0,240,1254,1352,856,1252
2927,146472488,0,186,1254,1359,886,1273
2928,146482488,0,152,1253,1364,914,1295
2929,146492488,0,104,1250,1369,937,1310
2930,146502488,0,40,1246,1376,986,1324
2931,146512488,0,6,1242,1382,1000,1335
2932,146522488,0,3,1237,1384,1028,1343
2933,146532488,0,0,1225,1388,1049,1355
2934,146542488,0,0,1208,1387,1087,1358
2935,146552488,0,0,1186,1387,1104,1371
2936,146562488,0,0,1152,1383,1119,1383
2937,146572488,0,0,1123,1370,1143,1395
2938,146582488,0,0,1019,1277,1144,1406
2939,146592488,0,0,1032,1333,1155,1420
2940,146602488,0,0,963,1311,1152,1435
2941,146612488,0,0,902,1276,1137,1449
2942,146622488,0,0,828,1231,1123,1459
2943,146632488,0,0,774,1163,1108,1474
2944,146642488,0,0,675,1101,1058,1491
2945,146652488,0,0,602,1037,996,1513
2946,146662488,0,0,522,955,931,1526
2947,146672488,0,0,465,891,817,1539
2948,146682488,0,0,405,808,648,1531
2949,146692488,0,0,328,696,446,1520
2950,146702488,0,0,290,613,334,1477
2951,146712488,0,0,240,530,230,1404
2952,146722488,0,0,193,455,163,1349
2953,146732488,0,0,162,381,85,1261
2954,146742488,0,0,131,318,25,1176
2955,146752488,0,0,99,251,0,1055
2956,146762488,0,0,60,187,0,875
2957,146772488,0,0,39,141,0,631
2958,146782488,0,0,21,92,0,305
2959,146792488,0,0,6,42,0,7
2960,146802488,0,0,0,11,0,0
2961,146812488,0,0,0,3,0,0
2962,146822488,0,0,0,8,0,0
2963,146832488,0,0,0,12,0,0
2964,146842488,0,0,0,9,0,0
2965,146852488,0,0,5,10,0,0
2966,146862488,0,0,0,11,0,0
2967,146872488,0,0,0,9,0,0
2968,146882488,0,0,1,11,0,0
2969,146892488,0,0,3,12,0,0
2970,146902488,0,0,5,15,0,0
2971,146912488,0,0,7,12,0,0
2972,146922488,0,0,5,11,0,0
2973,146932488,0,0,8,10,0,0
2974,146942488,0,0,10,8,0,0
2975,146952488,0,0,8,7,0,0
2976,146962488,0,0,10,8,0,0
2977,146972488,0,0,10,6,0,0
2978,146982488,0,0,16,6,0,0
2979,146992488,0,0,16,7,0,0
2980,147002488,0,0,15,7,0,0
2981,147012488,0,0,19,9,0,0
2982,147022488,2,0,21,17,0,0
2983,147032488,0,0,24,23,0,0
2984,147042488,0,0,19,5,0,0
2985,147052488,0,0,36,37,0,0
2986,147062488,0,0,37,40,0,0
2987,147072488,0,0,35,44,0,0
2988,147082488,0,0,32,45,0,0
2989,147092488,0,0,28,49,0,0
2990,147102488,0,0,21,50,0,0
2991,147112488,0,0,12,25,0,0
2992,147122488,0,0,17,52,0,0
2993,147132488,0,0,17,53,0,0
2994,147142488,0,0,19,54,0,0
2995,147152488,0,0,19,53,0,0
2996,147162488,0,0,17,55,0,0
2997,147172488,0,0,18,54,0,0
2998,147182488,0,0,18,54,0,0
2999,147192488,0,0,18,55,0,0
3000,147202488,0,0,18,53,0,0
3001,147212488,0,0,18,53,0,0
3002,147222488,0,0,13,51,0,0
3003,147232488,0,0,11,46,0,0
3004,147242488,0,0,8,44,0,0
3005,147252488,0,0,6,39,0,0
3006,147262488,0,0,2,36,0,0
3007,147272488,0,0,0,24,0,0
3008,147282488,0,0,0,21,0,0
3009,147292488,0,0,0,13,0,0
3010,147302488,0,0,0,8,0,0
3011,147312488,0,0,0,4,0,0
3012,147322488,0,125,3,0,0,0
3013,147332488,0,340,18,0,0,0
3014,147342488,0,587,28,0,0,0
3015,147352488,0,772,30,0,0,0
3016,147362488,0,928,22,0,0,0
3017,147372488,0,1063,11,0,0,0
3018,147382488,0,1141,9,0,0,0
3019,147392488,0,1201,6,0,0,0
3020,147402488,0,1257,8,0,0,0
3021,147412488,1123,1304,12,0,0,0
3022,147422488,1163,1335,24,0,0,0
3023,147432488,1197,1364,38,0,0,0
3024,147442488,1230,1381,44,0,0,0
3025,147452488,1261,1402,58,1,0,0
3026,147462488,1294,1431,72,12,0,0
3027,147472488,1319,1455,98,25,0,0
3028,147482488,1340,1477,139,43,0,0
3029,147492488,1367,1497,196,70,0,0
3030,147502488,1387,1515,257,93,0,0
3031,147512488,1353,1436,296,138,0,0
3032,147522488,1427,1548,344,169,0,0
3033,147532488,1444,1559,374,201,0,0
3034,147542488,1460,1568,402,227,0,0
3035,147552488,1476,1579,431,252,0,0
3036,147562488,1490,1585,455,274,0,1
3037,147572488,1500,1592,481,294,0,0
3038,147582488,1504,1596,521,327,0,0
3039,147592488,1511,1600,551,362,0,0
3040,147602488,1512,1604,584,381,0,0
3041,147612488,1517,1606,611,416,0,0
3042,147622488,1520,1606,633,439,0,3
3043,147632488,1521,1606,650,460,0,21
3044,147642488,1523,1603,662,474,0,54
3045,147652488,1521,1598,677,484,0,83
3046,147662488,1517,1594,695,500,0,112
3047,147672488,1512,1589,715,531,0,149
3048,147682488,1502,1580,736,558,0,184
3049,147692488,1491,1571,758,587,0,221
3050,147702488,1476,1560,774,608,0,247
3051,147712488,1462,1548,793,630,0,244
3052,147722488,1447,1530,809,662,0,281
3053,147732488,1429,1518,824,681,0,289
3054,147742488,1411,1503,847,701,0,319
3055,147752488,1386,1489,866,737,0,339
3056,147762488,1364,1468,888,761,0,356
3057,147772488,1340,1451,907,787,2,375
3058,147782488,1321,1436,925,803,18,398
3059,147792488,1303,1420,939,834,37,421
3060,147802488,1285,1398,949,859,45,440
3061,147812488,1262,1382,977,876,60,466
3062,147822488,1241,1367,993,898,83,485
3063,147832488,1219,1353,1008,921,98,497
3064,147842488,1199,1337,1025,938,113,523
3065,147852488,1180,1323,1045,957,125,538
3066,147862488,1164,1311,1056,974,145,561
3067,147872488,1139,1299,1068,992,161,593
3068,147882488,1114,1279,1077,1008,188,614
3069,147892488,1090,1261,1089,1021,209,629
3070,147902488,1065,1252,1096,1039,221,646
3071,147912488,1043,1149,1089,965,222,621
3072,147922488,1011,1226,1113,1063,264,679
3073,147932488,990,1206,1119,1076,276,701
3074,147942488,968,1186,1126,1091,298,729
3075,147952488,935,1171,1132,1102,317,754
3076,147962488,901,1143,1139,1113,340,778
3077,147972488,861,1034,1127,1034,360,742
3078,147982488,822,1008,1150,1139,390,826
3079,147992488,774,1068,1159,1148,436,850
3080,148002488,719,1044,1164,1163,437,874
3081,148012488,667,1008,1170,1172,460,892
3082,148022488,590,980,1175,1179,484,921
3083,148032488,500,944,1181,1195,520,941
3084,148042488,358,875,1122,1204,554,970
3085,148052488,321,866,1188,1222,592,998
3086,148062488,241,823,1191,1232,621,1022
3087,148072488,165,765,1195,1242,665,1052
3088,148082488,0,701,1197,1254,708,1089
3089,148092488,0,653,1199,1262,747,1123
3090,148102488,0,576,1201,1274,783,1163
3091,148112488,0,478,1205,1289,820,1193
3092,148122488,2,380,1207,1300,857,1223
3093,148132488,0,292,1208,1308,891,1249
3094,148142488,0,210,1208,1319,934,1276
3095,148152488,0,144,1207,1329,971,1306
3096,148162488,0,72,1203,1337,1007,1331
3097,148172488,0,1,1193,1348,1049,1357
3098,148182488,0,0,1175,1354,1078,1376
3099,148192488,0,0,1147,1359,1100,1396
3100,148202488,0,0,1121,1360,1120,1415
3101,148212488,0,0,1078,1356,1129,1432
3102,148222488,0,0,1022,1341,1130,1447
3103,148232488,0,0,955,1330,1117,1466
3104,148242488,0,0,884,1307,1110,1484
3105,148252488,0,0,830,1278,1095,1504
3106,148262488,0,0,757,1251,1011,1520
3107,148272488,0,0,697,1204,935,1543
3108,148282488,0,0,652,1160,825,1561
3109,148292488,0,0,626,1116,675,1571
3110,148302488,0,0,605,1077,457,1562
3111,148312488,0,0,573,1033,287,1535
3112,148322488,0,0,550,988,136,1483
3113,148332488,0,0,510,939,40,1400
3114,148342488,0,0,476,887,0,1320
3115,148352488,0,0,411,778,0,1208
3116,148362488,0,0,377,737,0,1147
3117,148372488,0,0,0,650,0,1020
3118,148382488,0,0,290,556,0,854
3119,148392488,0,0,279,452,0,637
3120,148402488,0,0,237,362,0,361
3121,148412488,0,0,203,287,0,53
3122,148422488,0,0,159,187,0,0
3123,148432488,0,0,120,105,0,0
3124,148442488,0,0,107,90,0,0
3125,148452488,0,0,101,69,0,0
3126,148462488,0,0,87,57,0,0
3127,148472488,0,0,68,49,0,0
3128,148482488,0,0,29,21,0,0
3129,148492488,0,0,41,35,0,0
3130,148502488,0,0,39,33,0,0
3131,148512488,0,0,41,37,0,0
3132,148522488,0,0,47,41,0,0
3133,148532488,0,0,58,50,0,0
3134,148542488,0,0,75,61,0,0
3135,148552488,0,0,88,67,0,0
3136,148562488,0,0,101,75,0,0
3137,148572488,0,0,114,81,0,0
3138,148582488,0,0,122,84,0,0
3139,148592488,0,0,134,89,0,0
3140,148602488,0,0,144,91,0,0
3141,148612488,0,0,147,94,0,0
3142,148622488,0,0,149,94,0,0
3143,148632488,0,0,147,96,0,0
3144,148642488,0,0,136,92,0,0
3145,148652488,0,0,123,84,0,0
3146,148662488,0,0,115,74,0,0
3147,148672488,0,0,101,68,0,0
3148,148682488,0,0,96,60,0,0
3149,148692488,0,0,94,60,0,0
3150,148702488,0,0,90,66,0,0
3151,148712488,0,0,95,71,0,0
3152,148722488,0,0,94,75,0,0
3153,148732488,0,0,91,76,0,0
3154,148742488,0,0,89,77,0,0
3155,148752488,0,0,87,77,0,0
3156,148762488,0,0,84,77,0,0
3157,148772488,0,0,77,79,0,0
3158,148782488,0,0,67,76,0,0
3159,148792488,0,0,58,69,0,0
3160,148802488,0,0,53,53,0,0
3161,148812488,0,0,41,45,0,0
3162,148822488,0,0,35,39,0,0
3163,148832488,0,0,30,36,0,0
3164,148842488,0,0,27,30,0,0
3165,148852488,0,0,26,29,0,0
3166,148862488,0,0,21,25,0,0
3167,148872488,0,0,10,18,0,0
3168,148882488,0,0,25,6,0,0
3169,148892488,0,122,23,0,0,0
3170,148902488,0,250,23,0,0,0
3171,148912488,0,418,27,0,0,0
3172,148922488,0,618,32,0,0,0
3173,148932488,0,764,35,0,0,2
3174,148942488,0,873,37,0,0,0
3175,148952488,0,948,31,0,0,0
3176,148962488,0,1017,19,0,0,0
3177,148972488,0,1072,14,0,0,0
3178,148982488,0,1113,14,0,0,0
3179,148992488,0,1146,19,0,0,0
3180,149002488,1015,1139,7,0,0,0
3181,149012488,1137,1200,22,0,0,0
3182,149022488,1165,1229,24,0,0,0
3183,149032488,1194,1251,26,0,0,0
3184,149042488,1222,1272,27,0,0,0
3185,149052488,1248,1304,35,0,0,0
3186,149062488,1275,1321,57,0,0,0
3187,149072488,1291,1339,86,4,0,0
3188,149082488,1306,1356,106,14,0,0
3189,149092488,1326,1375,144,46,0,0
3190,149102488,1344,1392,171,63,0,0
3191,149112488,1367,1415,213,78,0,0
3192,149122488,1386,1437,248,113,0,0
3193,149132488,1403,1460,295,150,0,0
3194,149142488,1426,1482,338,177,0,0
3195,149152488,1439,1499,374,219,0,0
3196,149162488,1454,1515,410,252,0,0
3197,149172488,1472,1531,438,280,0,0
3198,149182488,1490,1550,472,303,0,0
3199,149192488,1505,1564,507,319,0,0
3200,149202488,1460,1478,528,333,0,0
3201,149212488,1531,1586,561,351,0,2
3202,149222488,1547,1594,573,362,0,8
3203,149232488,1557,1604,598,354,0,13
3204,149242488,1563,1608,610,365,0,26
3205,149252488,1566,1610,621,377,0,40
3206,149262488,1571,1611,634,394,0,65
3207,149272488,1572,1611,653,409,0,81
3208,149282488,1571,1608,666,419,0,98
3209,149292488,1571,1606,671,428,0,110
3210,149302488,1567,1600,680,440,0,144
3211,149312488,1567,1596,685,448,0,156
3212,149322488,1565,1592,691,447,0,180
3213,149332488,1458,1570,698,464,0,197
3214,149342488,1559,1586,703,476,0,212
3215,149352488,1551,1580,716,491,0,218
3216,149362488,1544,1576,723,511,2,224
3217,149372488,1535,1571,733,531,3,229
3218,149382488,1528,1566,749,547,2,233
3219,149392488,1525,1563,765,561,0,245
3220,149402488,1521,1560,785,581,0,259
3221,149412488,1515,1556,797,599,0,269
3222,149422488,1511,1553,0,620,0,281
3223,149432488,1505,1548,835,646,0,289
3224,149442488,1501,1546,854,667,0,298
3225,149452488,1499,1545,868,682,0,309
3226,149462488,1499,1543,880,698,0,314
3227,149472488,1498,1544,893,725,0,324
3228,149482488,1497,1543,913,740,0,332
3229,149492488,1494,1541,924,759,0,337
3230,149502488,1489,1532,938,774,1,343
3231,149512488,1485,1531,950,785,0,348
3232,149522488,1480,1527,966,798,0,358
3233,149532488,1473,1523,944,767,0,340
3234,149542488,1471,1530,987,837,0,364
3235,149552488,1461,1515,996,852,0,375
3236,149562488,1463,1515,1009,864,0,378
3237,149572488,1456,1509,1016,875,0,387
3238,149582488,1451,1505,1029,885,0,389
3239,149592488,1447,1496,1041,894,0,400
3240,149602488,1433,1492,1050,910,0,411
3241,149612488,1424,1475,1061,925,0,422
3242,149622488,1409,1464,1071,938,0,430
3243,149632488,1393,1452,1081,953,3,443
3244,149642488,1380,1444,1088,969,7,461
3245,149652488,1363,1425,1096,985,15,471
3246,149662488,1339,1407,1103,999,26,485
3247,149672488,1318,1388,1107,1019,33,495
3248,149682488,1285,1361,1131,1047,43,511
3249,149692488,1239,1332,1143,1071,56,538
3250,149702488,1190,1309,1159,1102,72,559
3251,149712488,1141,1280,1180,1127,77,586
3252,149722488,1075,1240,1195,1149,99,617
3253,149732488,999,1207,1212,1180,117,647
3254,149742488,916,1168,1230,1204,150,690
3255,149752488,819,1120,1240,1231,179,727
3256,149762488,692,0,1262,1251,206,776
3257,149772488,568,965,1277,1269,232,813
3258,149782488,452,905,1289,1289,253,840
3259,149792488,334,811,1292,1304,286,864
3260,149802488,211,705,1301,1317,312,886
3261,149812488,105,604,1305,1325,342,912
3262,149822488,18,492,1307,1338,355,929
3263,149832488,0,346,1311,1353,367,940
3264,149842488,0,211,1309,1358,366,939
3265,149852488,0,102,1310,1363,356,945
3266,149862488,0,17,1303,1366,350,953
3267,149872488,0,0,1298,1369,335,977
3268,149882488,0,0,1278,1370,314,999
3269,149892488,0,0,1262,1371,270,1012
3270,149902488,0,0,1240,1368,220,1019
3271,149912488,0,0,1214,1355,154,1037
3272,149922488,0,0,1194,1338,106,1042
3273,149932488,0,0,1155,1311,69,1040
3274,149942488,0,0,1108,1277,20,1031
3275,149952488,0,0,1069,1234,0,1031
3276,149962488,0,0,1011,1171,0,1022
3277,149972488,0,0,954,1112,0,1001
3278,149982488,0,0,872,967,0,949
3279,149992488,0,0,852,989,0,891
3280,150002488,0,0,787,937,0,839
3281,150012488,0,0,712,861,0,738
3282,150022488,0,0,642,781,0,589
3283,150032488,0,0,588,685,0,421
3284,150042488,0,0,550,597,0,262
3285,150052488,0,0,501,502,0,139
3286,150062488,0,0,461,407,0,17
3287,150072488,0,0,425,341,0,0
3288,150082488,1,0,366,236,0,0
3289,150092488,0,0,315,168,0,0
3290,150102488,0,0,303,140,0,0
3291,150112488,0,0,271,102,0,0
3292,150122488,0,0,275,104,0,0
3293,150132488,0,0,236,92,0,0
3294,150142488,0,0,205,84,0,0
3295,150152488,0,0,182,74,0,0
3296,150162488,0,0,159,61,0,0
3297,150172488,0,0,151,58,0,0
3298,150182488,0,0,115,47,0,0
3299,150192488,0,0,137,54,0,0
3300,150202488,0,0,137,57,0,0
3301,150212488,0,0,138,57,0,0
3302,150222488,0,0,139,62,0,0
3303,150232488,0,0,145,71,0,0
3304,150242488,0,0,153,82,0,0
3305,150252488,0,0,166,91,0,0
3306,150262488,0,0,176,98,0,0
3307,150272488,0,0,184,103,0,0
3308,150282488,0,0,186,106,0,0
3309,150292488,0,0,187,108,0,0
3310,150302488,0,0,178,110,0,0
3311,150312488,0,0,137,95,0,0
3312,150322488,0,0,152,105,0,0
3313,150332488,0,0,140,95,0,0
3314,150342488,0,0,130,89,0,0
3315,150352488,0,0,119,80,0,0
3316,150362488,0,0,118,75,0,0
3317,150372488,0,0,112,46,0,0
3318,150382488,0,0,118,77,0,0
3319,150392488,0,0,118,76,0,0
3320,150402488,0,0,118,79,0,0
3321,150412488,0,0,115,83,0,0
3322,150422488,0,0,117,84,0,0
3323,150432488,0,0,115,88,0,0
3324,150442488,0,0,116,89,0,0
3325,150452488,0,0,115,90,0,0
3326,150462488,0,0,110,92,0,0
3327,150472488,0,0,110,92,0,0
3328,150482488,0,0,124,86,0,0
3329,150492488,0,0,128,75,0,0
3330,150502488,0,0,128,58,0,1
3331,150512488,0,0,123,52,0,0
3332,150522488,0,138,94,34,0,0
3333,150532488,0,256,96,24,0,0
3334,150542488,0,426,105,16,0,0
3335,150552488,0,578,110,14,0,0
3336,150562488,0,696,109,8,3,0
3337,150572488,0,785,110,6,0,0
3338,150582488,0,858,107,7,0,0
3339,150592488,0,938,106,3,0,0
3340,150602488,0,995,108,2,0,0
3341,150612488,0,1047,117,5,0,0
3342,150622488,0,1100,123,17,0,0
3343,150632488,1103,1137,137,22,0,0
3344,150642488,1144,1176,145,29,0,0
3345,150652488,1173,1207,147,36,0,0
3346,150662488,1200,1235,154,42,0,0
3347,150672488,1229,1257,161,61,0,0
3348,150682488,1248,1270,181,72,0,0
3349,150692488,1253,1282,186,67,0,0
3350,150702488,1270,1300,246,135,0,0
3351,150712488,1284,1307,285,172,0,0
3352,150722488,877,1322,328,212,0,0
3353,150732488,0,1339,363,253,0,0
3354,150742488,0,1362,407,282,0,0
3355,150752488,0,1379,435,326,0,0
3356,150762488,0,1397,482,366,0,0
3357,150772488,0,1407,536,407,0,0
3358,150782488,0,1420,583,442,0,8
3359,150792488,0,1425,618,482,0,47
3360,150802488,0,1430,650,520,0,79
3361,150812488,0,1433,684,551,0,112
3362,150822488,0,1399,672,579,0,141
3363,150832488,0,1435,746,598,0,174
3364,150842488,0,1436,764,615,0,217
3365,150852488,0,1433,785,635,0,250
3366,150862488,608,1437,804,656,0,274
3367,150872488,1213,1436,822,672,0,302
3368,150882488,1429,1440,840,687,0,325
3369,150892488,1430,1440,0,707,0,357
3370,150902488,1426,1434,0,728,0,379
3371,150912488,1423,1430,0,751,14,403
3372,150922488,1417,1422,887,776,4,417
3373,150932488,1410,1413,928,801,9,435
3374,150942488,1399,1402,944,816,26,457
3375,150952489,1386,1398,963,839,43,470
3376,150962488,1375,1382,978,865,53,489
3377,150972488,1363,1370,987,884,72,509
3378,150982488,1344,1355,998,894,92,529
3379,150992488,1325,1335,999,911,107,554
3380,151002488,1312,1306,1010,921,118,577
3381,151012488,1295,1282,1031,940,144,597
3382,151022489,1278,1252,1045,955,152,614
3383,151032488,1255,1229,1050,969,173,627
3384,151042488,1233,1212,1057,982,196,648
3385,151052488,1216,1196,1064,993,214,669
3386,151062488,1199,1180,1056,1001,236,685
3387,151072488,1180,1161,1055,1008,270,706
3388,151082488,1170,1137,1075,1016,305,722
3389,151092488,1159,1125,1080,1023,344,739
3390,151102488,1141,1118,1084,1036,356,767
3391,151112488,1127,1098,1084,1046,385,789
3392,151122488,1110,1073,1094,1052,411,809
3393,151132488,1093,1057,1098,1058,438,824
3394,151142488,1077,1048,1097,1064,459,841
3395,151152488,1061,1032,1100,1068,478,854
3396,151162488,1048,1004,1104,1076,493,873
3397,151172488,1032,990,1107,1080,516,887
3398,151182488,1003,975,1105,1086,527,903
3399,151192488,985,945,1111,1094,552,918
3400,151202488,967,880,1112,1104,570,931
3401,151212488,942,0,1115,1109,599,938
3402,151222488,921,0,1115,1116,617,954
3403,151232488,894,0,1121,1127,647,964
3404,151242488,869,706,1123,1131,674,981
3405,151252488,835,532,1126,1139,701,998
3406,151262488,794,732,1127,1147,730,1014
3407,151272488,0,724,1129,1158,753,1033
3408,151282488,0,700,1133,1169,769,1054
3409,151292488,0,669,1131,1176,792,1070
3410,151302488,0,629,1139,1184,819,1085
3411,151312488,0,587,1137,1193,845,1106
3412,151322488,0,559,1143,1208,870,1121
3413,151332488,0,511,1146,1219,894,1138
3414,151342488,0,463,1149,1237,922,1157
3415,151352488,0,389,1164,1252,942,1171
3416,151362488,0,331,1169,1261,961,1188
3417,151372488,0,268,1177,1276,987,1210
3418,151382488,0,204,1177,1289,1018,1231
3419,151392488,0,149,1180,1300,1051,1246
3420,151402488,0,86,1180,1308,1080,1261
3421,151412488,0,20,1139,1252,1058,1241
3422,151422488,0,0,1172,1324,1145,1292
3423,151432488,0,0,1153,1331,1176,1313
3424,151442488,2,0,1132,1335,1194,1330
3425,151452488,0,0,1107,1335,1212,1349
3426,151462488,0,0,1063,1329,1236,1365
3427,151472488,0,0,1003,1323,1248,1381
3428,151482488,0,0,925,1310,1261,1398
3429,151492488,0,0,856,1292,1272,1428
3430,151502488,0,0,789,1264,1273,1447
3431,151512488,0,0,719,1230,1258,1477
3432,151522488,0,0,679,1192,1232,1500
3433,151532488,0,0,646,1160,1176,1526
3434,151542488,0,0,599,1123,1114,1558
3435,151552488,0,0,587,1085,1025,1578
3436,151562488,0,0,586,1061,890,1589
3437,151572488,0,0,583,1045,715,1590
3438,151582488,0,0,567,1001,511,1576
3439,151592488,0,0,541,966,351,1550
3440,151602488,0,0,465,932,232,1491
3441,151612488,0,0,470,889,160,1405
3442,151622488,0,0,425,826,87,1327
3443,151632488,0,0,365,747,44,1240
3444,151642488,0,0,319,677,2,1143
3445,151652488,0,0,277,595,0,1008
3446,151662488,0,0,0,484,0,859
3447,151672488,0,0,150,372,0,661
3448,151682488,0,0,141,305,0,451
3449,151692488,0,0,106,233,0,215
3450,151702488,0,0,84,179,0,24
3451,151712488,0,0,70,121,0,0
3452,151722488,0,0,44,67,0,0
3453,151732488,0,0,28,45,0,0
3454,151742488,0,0,34,43,0,0
3455,151752488,0,0,38,42,0,0
3456,151762488,0,0,40,39,0,0
3457,151772488,0,0,41,29,0,0
3458,151782488,0,0,36,24,0,0
3459,151792488,0,0,33,20,0,0
3460,151802488,0,0,29,16,0,0
3461,151812488,0,0,31,18,0,0
3462,151822488,0,0,37,15,0,0
3463,151832488,0,0,40,18,0,0
3464,151842488,0,0,44,17,0,0
3465,151852488,0,0,46,17,0,0
3466,151862488,0,0,52,17,0,0
3467,151872488,0,0,52,18,0,0
3468,151882488,0,0,55,21,0,0
3469,151892488,0,0,60,22,0,0
3470,151902488,0,0,74,27,0,0
3471,151912488,0,0,89,37,0,0
3472,151922488,0,0,98,42,0,0
3473,151932488,0,0,108,47,0,0
3474,151942488,0,0,120,54,0,0
3475,151952488,0,0,125,60,0,0
3476,151962488,0,0,129,70,0,0
3477,151972488,0,0,136,75,0,1
3478,151982488,0,0,139,81,0,0
3479,151992488,0,0,138,83,0,0
3480,152002488,0,0,110,77,0,0
3481,152012488,0,0,134,74,0,0
3482,152022488,0,0,125,72,0,0
3483,152032488,0,0,121,69,0,0
3484,152042488,0,0,117,64,0,0
3485,152052488,0,0,111,60,0,0
3486,152062488,0,0,95,30,0,0
3487,152072488,0,0,105,54,0,0
3488,152082488,0,0,104,52,0,0
3489,152092488,0,0,104,52,0,0
3490,152102488,0,0,106,54,0,0
3491,152112488,0,0,110,53,0,0
3492,152122488,0,0,117,56,0,0
3493,152132488,0,0,125,60,0,0
3494,152142488,0,0,135,57,0,0
3495,152152488,0,0,138,70,0,0
3496,152162488,0,0,143,75,0,0
3497,152172488,0,0,147,85,0,0
3498,152182488,0,0,148,70,0,0
3499,152192488,0,0,138,55,0,0
3500,152202488,0,76,129,34,0,0
3501,152212488,0,235,106,8,0,0
3502,152222488,0,435,104,0,0,0
3503,152232488,0,658,103,0,0,0
3504,152242488,0,847,99,1,0,0
3505,152252488,0,1000,92,6,0,0
3506,152262488,0,1094,88,0,0,0
3507,152272488,0,1171,92,0,0,0
3508,152282488,0,1224,103,0,0,0
3509,152292488,0,1264,115,3,0,0
3510,152302488,0,1295,118,0,3,0
3511,152312488,0,1318,131,6,0,0
3512,152322488,0,1334,146,18,0,0
3513,152332488,1298,1353,157,24,0,0
3514,152342488,1319,1365,180,47,0,0
3515,152352488,1333,1371,218,64,0,0
3516,152362488,1351,1379,304,139,0,0
3517,152372488,1375,1390,413,239,0,0
3518,152382488,0,1400,498,328,0,0
3519,152392488,0,1404,580,409,0,0
3520,152402488,0,1405,636,471,0,0
3521,152412488,0,1406,692,537,0,0
3522,152422488,0,1398,736,589,0,0
3523,152432488,0,1406,777,638,0,5
3524,152442488,0,1404,809,674,0,57
3525,152452488,0,1410,845,717,0,101
3526,152462488,0,1409,874,750,0,149
3527,152472488,0,1402,894,793,0,212
3528,152482488,0,1397,0,822,0,264
3529,152492488,0,1388,0,853,0,314
3530,152502488,0,1387,0,878,0,358
3531,152512488,0,1379,0,903,0,400
3532,152522488,0,1366,0,922,0,432
3533,152532488,0,1356,894,937,7,475
3534,152542488,0,1332,978,964,37,528
3535,152552488,0,1316,999,980,57,571
3536,152562488,0,1310,1023,994,75,604
3537,152572488,0,1277,1040,1008,90,630
3538,152582489,0,1163,1028,940,108,623
3539,152592488,0,1221,1050,1034,151,698
3540,152602488,0,1187,1053,1044,175,723
3541,152612488,0,1162,1007,1052,203,746
3542,152622488,0,1139,1044,1062,233,772
3543,152632488,0,1118,1037,1068,264,792
3544,152642488,0,1102,1025,1074,246,800
3545,152652488,0,1076,1064,1081,315,838
3546,152662488,0,1046,1051,1087,346,863
3547,152672488,0,0,1065,1097,374,882
3548,152682488,0,0,1031,1100,410,900
3549,152692488,0,0,1059,1109,455,921
3550,152702488,0,0,1067,1111,484,940
3551,152712488,0,0,1018,1115,511,965
3552,152722488,0,0,1079,1126,563,982
3553,152732488,0,0,1080,1128,602,1003
3554,152742488,0,0,1079,1132,637,1025
3555,152752488,0,0,1082,1135,670,1045
3556,152762488,0,0,1078,1138,693,1060
3557,152772488,0,0,1082,1142,723,1075
3558,152782488,0,0,1001,1144,748,1097
3559,152792488,0,0,1091,1157,780,1113
3560,152802488,0,0,1093,1163,807,1132
3561,152812488,0,0,1091,1171,832,1147
3562,152822488,0,0,1097,1175,855,1165
3563,152832488,0,0,1099,1180,884,1181
3564,152842488,0,0,1100,1187,919,1196
3565,152852488,0,0,1101,1193,942,1208
3566,152862488,0,524,1106,1196,970,1231
3567,152872488,0,477,1103,1202,1003,1244
3568,152882488,0,439,1105,1210,1031,1257
3569,152892488,0,382,1105,1224,1052,1269
3570,152902488,0,339,1108,1236,1074,1284
3571,152912488,1,298,1108,1242,1097,1297
3572,152922488,0,258,1110,1252,1126,1306
3573,152932488,0,220,1112,1258,1146,1322
3574,152942488,0,182,1113,1263,1170,1331
3575,152952488,0,145,1115,1271,1193,1348
3576,152962488,0,111,1114,1273,1214,1353
3577,152972488,0,74,1112,1277,1236,1366
3578,152982488,0,30,1109,1281,1254,1374
3579,152992488,0,3,1099,1284,1271,1386
3580,153002488,0,0,1086,1281,1289,1396
3581,153012488,0,0,1068,1278,1308,1406
3582,153022488,0,0,1047,1273,1323,1422
3583,153032488,0,0,1011,1265,1335,1439
3584,153042488,0,0,946,1190,1280,1411
3585,153052488,0,0,937,1242,1365,1464
3586,153062488,0,0,888,1224,1370,1490
3587,153072488,0,0,832,1202,1374,1513
3588,153082488,0,0,766,1173,1373,1535
3589,153092488,0,0,714,1144,1367,1556
3590,153102488,0,0,660,1111,1354,1573
3591,153112488,0,0,574,1011,1249,1547
3592,153122488,0,0,567,1017,1273,1606
3593,153132488,0,0,519,958,1207,1621
3594,153142488,0,0,462,903,1103,1635
3595,153152488,0,0,431,853,995,1648
3596,153162488,0,0,395,800,906,1653
3597,153172488,0,0,363,733,751,1656
3598,153182488,0,0,330,654,586,1653
3599,153192488,0,0,307,597,429,1632
3600,153202488,0,0,290,533,331,1595
3601,153212488,0,0,249,449,231,1543
3602,153222488,0,0,225,394,150,1469
3603,153232488,0,0,201,327,74,1399
3604,153242488,0,0,137,279,6,1296
3605,153252488,0,0,145,221,0,1148
3606,153262488,0,0,101,163,0,978
3607,153272488,0,0,76,108,0,743
3608,153282488,0,0,40,61,0,434
3609,153292488,0,0,30,36,0,97
3610,153302488,0,0,21,3,0,23
3611,153312488,0,0,43,34,0,29
3612,153322488,0,0,58,41,0,20
3613,153332488,0,0,69,53,0,0
3614,153342488,0,0,73,58,0,0
3615,153352488,0,0,75,60,0,0
3616,153362488,0,0,72,60,0,0
3617,153372488,0,0,72,52,0,0
3618,153382488,0,0,64,40,0,2
3619,153392488,0,0,56,28,0,0
3620,153402488,0,0,44,19,0,0
3621,153412488,0,0,33,6,0,0
3622,153422488,0,0,24,0,0,0
3623,153432488,0,0,14,0,0,0
3624,153442488,0,0,5,0,0,0
3625,153452488,0,0,0,0,0,0
3626,153462488,0,0,0,0,0,0
3627,153472488,0,0,0,0,0,0
3628,153482488,0,0,0,0,0,0
3629,153492488,0,0,0,0,0,0
3630,153502488,0,0,0,0,0,0
3631,153512488,0,0,0,0,0,0
3632,153522488,0,0,0,0,0,0
3633,153532488,0,0,0,0,0,0
3634,153542488,0,0,0,0,0,0
3635,153552488,0,0,0,0,0,0
3636,153562488,0,0,0,0,0,0
3637,153572488,0,0,0,0,0,0
3638,153582488,0,0,4,0,1,0
3639,153592488,0,0,9,0,0,0
3640,153602488,0,0,22,0,0,0
3641,153612488,0,0,29,0,0,0
3642,153622488,0,0,40,0,0,0
3643,153632488,0,0,40,0,0,0
3644,153642488,0,0,43,3,0,0
3645,153652488,0,0,51,3,0,0
3646,153662488,0,0,55,1,0,0
3647,153672488,0,0,69,13,0,0
3648,153682488,0,0,76,3,0,0
3649,153692488,0,0,87,7,0,0
3650,153702488,0,8,100,12,0,0
3651,153712488,0,18,106,18,0,0
3652,153722488,0,26,107,18,0,0
3653,153732488,0,125,114,10,0,0
3654,153742488,0,325,125,6,0,0
3655,153752488,0,524,121,3,0,0
3656,153762488,0,713,137,1,0,0
3657,153772488,0,909,146,0,0,0
3658,153782488,0,1084,152,0,0,0
3659,153792488,0,1195,158,0,0,0
3660,153802488,0,1303,169,0,0,0
3661,153812488,0,1382,201,0,0,0
3662,153822488,0,1439,226,0,0,0
3663,153832488,0,1491,276,5,0,0
3664,153842488,0,1540,320,20,0,0
3665,153852488,0,1575,373,47,3,0
3666,153862488,0,1605,426,65,1,0
3667,153872488,2,1626,493,86,0,0
3668,153882488,1,1644,554,129,0,0
3669,153892488,0,1660,599,174,0,0
3670,153902488,0,1675,647,216,0,0
3671,153912488,0,1684,712,251,0,0
3672,153922488,1568,1687,774,316,0,0
3673,153932488,1571,1688,830,384,0,1
3674,153942488,1567,1684,882,456,0,0
3675,153952488,1561,1676,935,542,0,0
3676,153962488,0,1669,971,621,0,0
3677,153972488,0,1655,1006,662,0,0
3678,153982488,0,1643,1039,721,0,0
3679,153992488,0,1628,1060,759,0,0
3680,154002488,0,1617,1079,796,0,0
3681,154012488,0,1594,1098,834,0,0
3682,154022488,0,1577,1113,865,0,0
3683,154032488,0,1558,1127,894,0,0
3684,154042488,0,1536,1137,931,0,0
3685,154052488,0,1509,1148,958,0,0
3686,154062488,0,1478,1159,991,0,0
3687,154072488,0,1445,1177,1019,0,32
3688,154082488,0,1401,1150,994,0,100
3689,154092488,0,1365,1197,1079,0,206
3690,154102488,0,1320,1210,1103,0,296
3691,154112488,0,1277,1226,1132,12,401
3692,154122488,0,0,1236,1160,55,493
3693,154132488,0,0,1250,1181,107,573
3694,154142488,0,0,1251,1199,170,662
3695,154152488,0,0,1259,1223,238,736
3696,154162488,0,629,1267,1236,312,822
3697,154172488,0,933,1267,1253,379,884
3698,154182488,0,880,1278,1272,458,943
3699,154192488,0,817,1271,1277,544,994
3700,154202488,0,750,1273,1290,616,1049
3701,154212488,0,652,1207,1295,699,1100
3702,154222488,0,615,1277,1305,757,1142
3703,154232488,0,537,1275,1309,825,1178
3704,154242488,0,458,1278,1317,873,1202
3705,154252488,0,391,1274,1320,922,1226
3706,154262488,0,328,1274,1324,960,1246
3707,154272488,0,269,1269,1326,997,1264
3708,154282488,0,217,1269,1332,1032,1282
3709,154292488,0,186,1269,1334,1060,1299
3710,154302488,0,156,1267,1339,1082,1314
3711,154312488,0,110,1261,1341,1110,1330
3712,154322488,0,87,1258,1344,1135,1347
3713,154332488,0,54,1251,1351,1158,1362
3714,154342488,0,35,1253,1352,1175,1370
3715,154352488,0,11,1241,1354,1190,1379
3716,154362488,0,0,1242,1355,1200,1388
3717,154372488,0,0,1236,1355,1211,1394
3718,154382488,0,0,1231,1356,1224,1399
3719,154392488,0,0,1224,1356,1233,1407
3720,154402488,0,0,1218,1356,1241,1414
3721,154412488,0,0,1209,1356,1247,1418
3722,154422488,0,0,1197,1355,1259,1425
3723,154432488,0,0,1184,1353,1270,1432
3724,154442488,0,0,1167,1347,1286,1438
3725,154452488,0,0,1145,1337,1299,1444
3726,154462488,0,0,1124,1331,1311,1456
3727,154472488,0,0,1095,1318,1319,1461
3728,154482488,0,0,1053,1304,1327,1477
3729,154492488,0,0,1006,1278,1333,1492
3730,154502488,0,0,955,1255,1340,1508
3731,154512488,0,0,886,1213,1353,1524
3732,154522488,0,0,822,1171,1356,1547
3733,154532488,0,0,760,1130,1350,1569
3734,154542488,0,0,689,1080,1333,1589
3735,154552488,0,0,619,1023,1298,1614
3736,154562488,0,0,557,957,1242,1634
3737,154572488,0,0,481,888,1190,1649
3738,154582488,0,0,413,826,1127,1664
3739,154592488,0,0,361,756,1054,1624
3740,154602488,0,0,317,694,941,1674
3741,154612488,0,0,285,622,801,1672
3742,154622488,0,0,261,542,652,1648
3743,154632488,0,0,215,452,528,1605
3744,154642488,0,0,164,358,410,1527
3745,154652488,0,0,111,276,302,1407
3746,154662488,0,0,68,213,191,1358
3747,154672488,0,0,27,156,80,1245
3748,154682488,0,0,10,115,0,1110
3749,154692488,0,0,0,77,0,912
3750,154702488,0,0,0,49,0,586
3751,154712488,0,0,0,24,0,202
3752,154722488,0,0,0,4,0,0
3753,154732488,0,0,0,8,0,0
3754,154742488,0,0,0,8,0,23
3755,154752488,0,0,0,4,0,16
3756,154762488,0,0,0,3,0,0
3757,154772488,0,0,0,6,0,0
3758,154782488,0,0,0,7,0,0
3759,154792488,0,0,0,5,0,0
3760,154802488,0,0,0,1,0,3
3761,154812488,0,0,0,0,0,0
3762,154822488,0,0,0,0,0,0
3763,154832488,0,0,0,0,0,0
3764,154842488,0,0,0,0,0,0
3765,154852488,0,0,0,0,0,3
3766,154862488,0,0,0,0,0,0
3767,154872488,0,0,0,0,0,0
3768,154882488,0,0,0,0,0,0
3769,154892488,0,0,0,0,0,0
3770,154902488,0,0,0,0,0,0
3771,154912488,0,0,0,0,0,0
3772,154922488,0,0,0,0,0,0
3773,154932488,0,0,0,0,0,0
3774,154942488,0,0,0,0,0,0
3775,154952488,0,0,0,0,0,0
3776,154962488,0,0,0,0,0,0
3777,154972488,0,0,0,0,0,0
3778,154982488,0,0,0,0,0,0
3779,154992488,0,0,0,0,0,0
3780,155002488,0,0,0,0,0,0
3781,155012488,0,0,0,0,0,0
3782,155022488,0,0,0,0,0,0
3783,155032488,0,0,0,0,0,0
3784,155042488,0,0,0,0,0,0
3785,155052488,0,0,0,0,0,0
3786,155062488,0,0,0,0,0,0
3787,155072488,0,0,0,0,0,0
3788,155082488,0,0,0,0,0,0
3789,155092488,0,0,0,0,0,0
3790,155102488,0,0,0,0,0,0
3791,155112488,0,0,0,1,0,0
3792,155122488,0,0,0,2,0,0
3793,155132488,0,0,0,4,0,0
3794,155142488,0,0,0,5,0,0
3795,155152488,0,0,1,7,0,0
3796,155162488,0,0,1,5,0,0
3797,155172488,0,0,1,5,0,0
3798,155182488,0,0,3,6,0,0
3799,155192488,0,0,3,9,0,0
3800,155202488,0,0,4,5,0,0
3801,155212488,0,0,3,11,0,0
3802,155222488,0,0,2,2,0,0
3803,155232488,0,0,3,5,0,0
3804,155242488,0,0,5,4,0,0
3805,155252488,0,18,3,0,0,0
3806,155262488,0,105,1,0,0,0
3807,155272488,0,255,0,0,0,0
3808,155282488,0,460,5,0,0,0
3809,155292488,0,641,7,0,0,0
3810,155302488,0,745,6,0,0,0
3811,155312488,0,811,4,0,0,0
3812,155322488,0,869,5,0,0,0
3813,155332488,0,919,9,0,0,0
3814,155342488,0,968,10,0,0,0
3815,155352488,0,1013,13,0,0,0
3816,155362488,0,1072,21,0,0,0
3817,155372488,0,1141,27,0,0,0
3818,155382488,0,1215,41,0,1,0
3819,155392488,1187,1280,60,1,0,0
3820,155402488,1252,1326,81,13,0,0
3821,155412488,1294,1352,111,24,0,0
3822,155422488,1307,1378,150,41,0,0
3823,155432488,0,1384,204,69,0,0
3824,155442488,0,1399,264,102,0,0
3825,155452488,0,1407,315,152,0,0
3826,155462488,0,1416,373,202,0,0
3827,155472488,0,1421,434,255,0,0
3828,155482488,0,1425,504,334,0,0
3829,155492488,0,1431,565,385,0,0
3830,155502488,0,1439,619,443,0,21
3831,155512488,0,1443,660,485,0,61
3832,155522488,0,1447,696,531,0,109
3833,155532488,0,1457,726,562,0,164
3834,155542488,0,1462,752,588,0,201
3835,155552488,0,1462,776,616,0,239
3836,155562488,0,1465,790,646,0,284
3837,155572488,0,1465,809,669,0,329
3838,155582488,0,1463,830,693,0,357
3839,155592488,0,1460,852,713,8,399
3840,155602488,0,1456,854,731,23,427
3841,155612488,0,1449,870,742,34,456
3842,155622488,0,1444,849,714,24,457
3843,155632488,0,1440,887,773,54,494
3844,155642488,0,1436,892,780,69,507
3845,155652488,0,1428,902,791,75,527
3846,155662488,0,1420,909,798,82,536
3847,155672488,0,1410,914,808,84,549
3848,155682488,0,1396,919,814,91,551
3849,155692488,0,1387,927,821,106,567
3850,155702488,0,1382,930,837,113,574
3851,155712488,0,1364,938,844,125,588
3852,155722488,0,1358,940,855,140,598
3853,155732488,0,1345,948,860,156,604
3854,155742488,0,1336,952,870,170,613
3855,155752488,0,1290,903,871,179,619
3856,155762488,0,1319,965,884,188,627
3857,155772488,0,1324,973,891,210,636
3858,155782488,0,1310,979,901,219,650
3859,155792488,0,1304,984,908,241,662
3860,155802488,0,1299,990,916,271,669
3861,155812488,0,1288,962,874,257,659
3862,155822488,0,1274,1002,934,317,700
3863,155832488,0,1260,1004,941,342,724
3864,155842488,0,1249,1010,953,356,745
3865,155852488,0,1235,1017,966,376,763
3866,155862488,0,1224,1019,971,404,785
3867,155872488,0,1209,1028,981,430,808
3868,155882488,0,1196,1033,986,463,825
3869,155892488,0,1181,1036,992,490,843
3870,155902488,0,1170,1038,997,522,856
3871,155912488,0,1151,1040,1001,539,869
3872,155922488,0,1132,1042,1005,565,879
3873,155932488,0,1118,1045,1011,585,887
3874,155942488,0,1098,1046,1014,602,906
3875,155952488,0,0,1051,1019,627,922
3876,155962488,0,0,1053,1029,652,935
3877,155972488,0,0,1056,1039,670,952
3878,155982488,0,0,1060,1045,693,987
3879,155992488,0,0,1063,1051,712,1004
3880,156002488,0,0,1065,1061,732,1031
3881,156012488,0,0,1070,1069,750,1051
3882,156022488,0,0,1074,1083,774,1072
3883,156032488,0,768,1080,1097,785,1099
3884,156042488,0,795,1086,1113,798,1117
3885,156052488,0,761,1093,1127,816,1137
3886,156062488,0,723,1098,1139,839,1155
3887,156072488,0,627,1064,1068,853,1175
3888,156082488,0,620,1106,1167,892,1193
3889,156092488,0,552,1106,1177,921,1212
3890,156102488,0,487,1108,1188,955,1232
3891,156112488,0,392,1107,1197,983,1253
3892,156122488,0,303,1105,1209,1014,1266
3893,156132488,0,220,1094,1214,958,1264
3894,156142488,0,148,1092,1225,1067,1294
3895,156152488,0,66,1076,1228,1105,1302
3896,156162488,0,6,1055,1232,1131,1311
3897,156172488,0,0,1028,1234,1152,1319
3898,156182488,0,0,993,1231,1176,1325
3899,156192488,0,0,955,1226,1195,1335
3900,156202488,0,0,879,1221,1214,1344
3901,156212488,0,0,847,1206,1237,1359
3902,156222488,0,0,808,1187,1251,1377
3903,156232488,0,0,756,1164,1255,1399
3904,156242488,0,0,696,1132,1254,1415
3905,156252488,0,0,641,1104,1236,1443
3906,156262488,0,0,597,1066,1202,1457
3907,156272488,0,0,547,1002,1166,1483
3908,156282488,0,0,492,946,1106,1504
3909,156292488,0,0,443,901,1017,1515
3910,156302488,0,0,410,859,926,1525
3911,156312488,0,0,359,795,810,1516
3912,156322488,0,0,316,731,657,1522
3913,156332488,0,0,289,682,534,1505
3914,156342488,0,0,268,629,415,1464
3915,156352488,0,0,238,571,338,1402
3916,156362488,0,0,202,506,257,1332
3917,156372488,0,0,173,449,184,1252
3918,156382488,0,0,145,395,113,1170
3919,156392488,0,0,123,331,34,1058
3920,156402488,0,0,102,276,0,916
3921,156412488,0,0,77,226,0,734
3922,156422488,0,0,60,166,0,469
3923,156432488,0,0,45,109,0,140
3924,156442488,0,0,35,68,0,0
3925,156452488,0,0,20,38,0,0
3926,156462488,0,0,4,30,0,0
3927,156472488,0,0,12,27,0,0
3928,156482488,0,0,11,22,0,0
3929,156492488,0,0,11,17,0,0
3930,156502488,0,0,6,11,0,0
3931,156512488,0,0,2,7,0,0
3932,156522488,0,0,1,4,0,0
3933,156532488,0,0,5,5,0,0
3934,156542488,0,0,5,3,0,0
3935,156552488,0,0,5,3,0,0
3936,156562488,0,0,4,0,0,3
3937,156572488,0,0,4,0,0,0
3938,156582488,0,0,5,1,0,0
3939,156592488,0,0,7,5,0,0
3940,156602488,0,0,10,3,0,0
3941,156612488,0,0,17,3,0,0
3942,156622488,0,0,18,9,0,0
3943,156632488,0,0,22,8,0,2
3944,156642488,0,0,26,6,0,0
3945,156652488,0,0,26,9,0,0
3946,156662488,0,0,27,10,0,0
3947,156672488,0,0,29,7,0,0
3948,156682488,0,0,31,12,0,0
3949,156692488,0,0,30,16,0,0
3950,156702488,0,0,29,17,0,0
3951,156712488,0,0,27,17,0,0
3952,156722488,0,0,23,18,0,0
3953,156732488,0,0,17,19,0,0
3954,156742488,0,0,12,22,0,0
3955,156752488,0,0,6,20,0,0
3956,156762488,0,0,6,21,0,0
3957,156772488,0,0,4,23,0,1
3958,156782488,0,0,5,24,0,0
3959,156792488,0,0,3,25,0,0
3960,156802488,0,0,2,25,0,0
3961,156812488,0,0,2,25,3,0
3962,156822488,2,0,2,26,1,0
3963,156832488,0,0,0,27,0,0
3964,156842488,0,0,0,27,0,1
3965,156852488,0,0,0,28,0,0
3966,156862488,0,0,0,28,0,0
3967,156872488,0,0,0,26,0,0
3968,156882488,0,0,0,28,0,0
3969,156892488,0,0,0,26,0,0
3970,156902488,0,2,0,21,0,0
3971,156912488,0,1,0,17,0,0
3972,156922488,0,0,0,1,0,0
3973,156932488,0,2,0,3,0,0
3974,156942488,0,74,0,0,0,0
3975,156952488,0,213,1,0,0,0
3976,156962488,0,398,7,0,0,0
3977,156972488,0,628,9,0,0,0
3978,156982488,0,797,6,0,0,0
3979,156992488,0,919,1,0,0,0
3980,157002488,759,988,0,0,0,0
3981,157012488,837,1024,2,0,0,0
3982,157022488,898,1071,2,0,0,0
3983,157032488,953,1096,2,0,0,0
3984,157042488,1004,1134,4,0,0,0
3985,157052488,1065,1174,16,0,0,0
3986,157062488,1126,1216,21,0,0,0
3987,157072488,1180,1255,32,0,0,0
3988,157082488,1233,1295,45,8,0,0
3989,157092488,1273,1324,62,24,0,0
3990,157102488,0,1346,92,37,0,0
3991,157112488,0,1367,144,54,0,0
3992,157122488,0,1384,195,74,0,0
3993,157132488,0,1395,252,125,0,0
3994,157142488,0,1403,301,156,0,0
3995,157152488,0,1427,354,204,0,0
3996,157162488,0,1428,398,246,0,0
3997,157172488,0,1435,435,296,0,0
3998,157182488,0,1445,498,341,0,0
3999,157192488,0,1449,550,375,0,0
4000,157202488,0,1453,596,414,0,19
4001,157212488,0,1459,622,454,0,52
4002,157222488,0,1461,650,487,0,95
4003,157232488,0,1463,683,534,0,143
4004,157242488,0,1425,657,559,0,187
4005,157252488,1,1463,718,590,0,246
4006,157262488,0,1456,739,611,0,307
4007,157272488,0,1451,766,632,0,341
4008,157282488,0,1446,783,658,2,377
4009,157292488,0,1437,795,680,17,416
4010,157302488,0,1433,811,699,29,447
4011,157312488,0,1423,822,717,44,489
4012,157322488,0,1415,829,730,67,523
4013,157332488,0,1402,835,745,87,548
4014,157342488,0,1393,844,755,102,567
4015,157352488,0,1383,850,763,115,586
4016,157362488,0,1367,856,775,119,602
4017,157372488,0,1353,865,787,140,618
4018,157382488,0,1331,871,796,162,635
4019,157392488,0,1314,876,805,182,655
4020,157402488,0,1290,885,813,194,676
4021,157412488,0,1288,889,823,203,685
4022,157422488,0,1284,893,830,220,697
4023,157432488,0,1262,900,838,231,719
4024,157442488,0,1276,903,843,234,729
4025,157452488,0,1267,909,852,255,740
4026,157462488,0,1262,908,859,278,764
4027,157472488,0,1257,920,866,298,787
4028,157482488,0,1254,917,874,319,807
4029,157492488,0,1165,912,809,328,773
4030,157502488,0,1251,933,889,363,830
4031,157512488,0,1252,936,890,380,844
4032,157522488,0,1253,942,899,404,854
4033,157532488,0,1253,947,907,417,865
4034,157542488,0,1251,954,914,424,870
4035,157552488,0,1254,959,920,432,877
4036,157562488,0,1254,965,926,445,890
4037,157572488,0,1254,974,935,458,897
4038,157582488,0,1248,980,940,462,907
4039,157592488,0,1242,981,950,481,919
4040,157602488,0,1232,983,956,494,928
4041,157612488,0,1221,993,968,508,937
4042,157622488,0,1197,993,974,487,937
4043,157632488,0,1178,999,984,571,964
4044,157642488,0,1157,1001,990,602,981
4045,157652488,0,1131,1003,997,622,995
4046,157662488,0,1105,1000,1004,660,1013
4047,157672488,0,1074,1001,1008,681,1031
4048,157682488,0,1034,1002,1014,711,0
4049,157692488,0,0,988,938,710,0
4050,157702488,0,796,1004,1029,763,0
4051,157712488,0,599,1000,1039,801,1111
4052,157722488,0,0,1004,1046,839,1135
4053,157732488,0,772,1007,1058,869,1152
4054,157742488,0,731,1008,1066,892,1174
4055,157752488,0,689,1012,1086,920,1192
4056,157762488,0,636,1013,1098,932,1209
4057,157772488,0,586,1016,1110,940,1225
4058,157782488,0,542,1017,1118,951,1235
4059,157792488,0,473,1014,1127,956,1245
4060,157802488,0,378,1004,1130,960,1250
4061,157812488,0,297,988,1129,952,1254
4062,157822488,0,230,966,1126,946,1252
4063,157832488,0,156,934,1120,938,1243
4064,157842488,0,25,898,1109,922,1243
4065,157852488,0,27,853,1100,894,1229
4066,157862488,0,8,797,1083,872,1218
4067,157872488,0,0,744,1062,853,1214
4068,157882488,0,0,701,1042,806,1210
4069,157892488,0,0,664,1005,776,1207
4070,157902488,0,0,605,970,726,1198
4071,157912488,0,0,553,918,657,1188
4072,157922488,0,0,494,859,575,1183
4073,157932488,0,0,445,795,489,1172
4074,157942488,0,0,406,720,406,1132
4075,157952488,0,0,377,671,302,1069
4076,157962488,0,0,355,606,177,978
4077,157972488,0,0,332,539,65,873
4078,157982488,0,0,315,480,0,726
4079,157992488,0,0,299,415,0,478
4080,158002488,0,0,292,359,0,152
4081,158012488,0,0,286,317,0,0
4082,158022488,0,0,274,254,0,0
4083,158032488,0,0,254,203,0,0
4084,158042488,0,0,227,151,0,0
4085,158052488,0,0,197,91,0,0
4086,158062488,0,0,185,75,0,0
4087,158072488,0,0,185,71,0,0
4088,158082488,0,0,187,72,0,0
4089,158092488,0,0,185,73,0,0
4090,158102488,0,0,180,71,0,0
4091,158112488,0,0,173,74,0,0
4092,158122488,0,0,169,72,0,0
4093,158132488,0,0,166,71,0,0
4094,158142488,0,0,155,71,0,0
4095,158152488,0,0,151,70,0,0
4096,158162488,0,0,142,71,0,0
4097,158172488,0,0,132,69,0,0
4098,158182488,0,0,130,62,0,0
4099,158192488,0,0,120,56,0,0
4100,158202488,0,0,102,42,0,0
4101,158212488,0,0,116,58,0,0
4102,158222488,0,0,110,59,0,0
4103,158232488,0,0,108,57,0,0
4104,158242488,0,0,107,54,0,0
4105,158252488,0,0,100,51,0,0
4106,158262488,0,0,92,46,0,0
4107,158272488,0,0,85,43,0,0
4108,158282488,0,0,92,37,0,0
4109,158292488,0,0,79,38,4,0
4110,158302488,0,0,63,22,0,0
4111,158312488,0,0,55,23,0,0
4112,158322488,0,0,50,21,0,0
4113,158332488,0,0,48,21,0,0
4114,158342488,0,0,40,21,0,0
4115,158352488,0,0,46,19,0,0
4116,158362488,0,4,34,14,0,0
4117,158372488,0,0,35,14,0,0
4118,158382488,0,0,20,12,0,0
4119,158392488,0,0,24,13,0,0
4120,158402488,0,0,16,20,0,0
4121,158412488,0,0,10,19,3,0
4122,158422488,0,0,5,13,0,0
4123,158432488,0,0,2,5,0,0
4124,158442488,0,0,0,3,0,0
4125,158452488,0,0,0,1,0,0
4126,158462488,0,0,0,0,0,0
4127,158472488,0,0,0,0,0,0
4128,158482488,0,0,0,0,0,0
4129,158492488,0,0,0,0,0,0
4130,158502488,0,0,0,0,0,0
4131,158512488,0,0,0,0,0,0
4132,158522488,0,0,0,0,0,0
4133,158532488,0,0,0,0,0,0
4134,158542488,0,0,0,0,0,2
4135,158552488,0,0,0,0,0,0
4136,158562488,0,0,0,0,0,0
4137,158572488,0,0,0,0,0,0
4138,158582488,0,353,0,0,0,0
4139,158592488,0,486,0,0,0,0
4140,158602488,0,573,0,0,0,0
4141,158612488,0,649,0,0,0,0
4142,158622488,0,699,0,0,0,0
4143,158632488,678,761,0,0,0,0
4144,158642488,764,847,1,0,0,0
4145,158652488,858,937,0,0,0,0
4146,158662488,937,1006,0,0,0,0
4147,158672488,992,1053,0,0,0,0
4148,158682488,1042,1092,0,0,0,0
4149,158692488,1080,1122,0,0,0,0
4150,158702488,1119,1149,0,0,0,0
4151,158712488,1147,1178,0,0,0,0
4152,158722488,1180,1209,1,0,0,0
4153,158732488,1217,1236,1,0,0,0
4154,158742488,0,1272,8,0,0,0
4155,158752488,0,1307,23,0,0,0
4156,158762488,0,1335,49,0,0,0
4157,158772488,0,1359,75,0,0,0
4158,158782488,0,1384,118,13,0,0
4159,158792488,0,1399,160,33,0,0
4160,158802488,0,1423,203,53,0,0
4161,158812488,0,1440,247,74,0,0
4162,158822488,0,1461,298,83,0,0
4163,158832488,0,1477,344,123,0,0
4164,158842488,0,1493,378,168,0,0
4165,158852488,0,1501,429,203,0,0
4166,158862488,0,1512,471,235,0,0
4167,158872488,0,1518,504,280,0,0
4168,158882488,0,1531,547,304,0,0
4169,158892488,0,1543,597,343,0,0
4170,158902488,0,1553,621,371,0,0
4171,158912488,0,1559,659,412,0,0
4172,158922488,0,1559,694,438,0,0
4173,158932488,0,1563,722,468,0,0
4174,158942488,0,1563,742,501,0,0
4175,158952488,0,1564,758,529,0,1
4176,158962488,0,1561,784,554,0,15
4177,158972488,0,1560,801,580,0,44
4178,158982488,0,1556,822,596,0,89
4179,158992488,0,1549,851,620,0,106
4180,159002488,0,1530,855,650,0,139
4181,159012488,0,1516,888,682,0,167
4182,159022488,0,1503,912,718,0,200
4183,159032488,0,1483,934,747,1,247
4184,159042488,1,1461,954,792,15,286
4185,159052488,0,1421,980,822,36,334
4186,159062488,0,1417,995,853,55,368
4187,159072488,0,1396,1014,877,72,400
4188,159082488,0,1376,1035,907,91,425
4189,159092488,0,1362,1047,927,105,448
4190,159102488,0,1342,1062,949,111,471
4191,159112488,0,1324,1074,972,131,493
4192,159122488,0,1309,1088,994,149,519
4193,159132488,0,1291,1099,1014,151,538
4194,159142488,0,1272,1112,1038,169,553
4195,159152488,0,1258,1125,1054,176,576
4196,159162488,0,1243,1133,1078,188,587
4197,159172488,0,1235,1146,1096,197,599
4198,159182488,0,1137,1141,1025,188,567
4199,159192488,0,1208,1172,1132,215,616
4200,159202488,0,1197,1186,1150,214,621
4201,159212488,0,1191,1194,1171,217,629
4202,159222488,0,1191,1204,1187,217,630
4203,159232488,0,1187,1213,1197,218,630
4204,159242488,0,1183,1225,1209,215,626
4205,159252488,0,1183,1233,1224,208,618
4206,159262488,0,1183,1239,1233,202,610
4207,159272488,0,1183,1247,1241,194,605
4208,159282488,0,1184,1252,1248,186,604
4209,159292488,0,1182,1256,1253,187,602
4210,159302488,0,1181,1261,1256,185,600
4211,159312488,0,1141,1200,1265,183,600
4212,159322488,0,0,1271,1272,178,597
4213,159332488,0,0,1274,1275,176,593
4214,159342488,0,0,1276,1277,172,587
4215,159352488,0,0,1286,1287,167,584
4216,159362488,0,0,1290,1291,160,581
4217,159372488,0,0,1292,1296,157,577
4218,159382488,0,0,1298,1302,154,575
4219,159392488,0,0,1300,1306,156,575
4220,159402488,0,0,1304,1311,156,580
4221,159412488,0,980,1306,1315,164,585
4222,159422488,0,1002,1309,1318,161,591
4223,159432488,0,990,1310,1323,172,597
4224,159442488,0,972,1316,1326,181,607
4225,159452488,0,948,1317,1332,189,617
4226,159462488,0,919,1320,1338,206,626
4227,159472488,0,903,1323,1346,228,637
4228,159482488,0,873,1328,1359,246,652
4229,159492488,0,852,1332,1365,278,669
4230,159502488,0,821,1336,1371,287,682
4231,159512488,2,791,1336,1376,271,687
4232,159522488,0,744,1346,1386,348,719
4233,159532488,0,703,1350,1391,382,742
4234,159542488,0,641,1354,1398,412,759
4235,159552488,0,595,1358,1409,456,784
4236,159562488,0,528,1361,1420,485,804
4237,159572488,0,451,1364,1426,529,824
4238,159582489,0,313,1345,1330,537,800
4239,159592488,0,252,1368,1443,597,872
4240,159602488,0,167,1371,1451,624,900
4241,159612488,0,77,1368,1455,661,925
4242,159622488,0,3,1363,1459,688,946
4243,159632488,0,0,1349,1462,722,986
4244,159642488,0,0,1289,1391,715,951
4245,159652488,0,0,1302,1462,779,1043
4246,159662488,0,0,1274,1459,799,1078
4247,159672488,0,0,1249,1451,805,1104
4248,159682488,0,0,1209,1445,795,1131
4249,159692488,0,0,1170,1431,767,1169
4250,159702488,0,0,1117,1416,726,1215
4251,159712488,0,0,1077,1399,675,1255
4252,159722488,0,0,1031,1368,612,1295
4253,159732488,0,0,989,1347,523,1324
4254,159742488,0,0,963,1319,439,1349
4255,159752488,0,0,936,1285,320,1358
4256,159762488,0,0,917,1241,171,1353
4257,159772488,0,0,897,1199,85,1325
4258,159782488,0,0,875,1148,14,1285
4259,159792488,0,0,840,1101,0,1241
4260,159802488,0,0,797,1055,0,1205
4261,159812488,0,0,730,998,0,1133
4262,159822488,0,0,672,921,0,1046
4263,159832488,0,0,595,848,0,935
4264,159842488,0,0,531,669,0,731
4265,159852488,0,0,495,639,0,610
4266,159862488,0,0,437,540,0,436
4267,159872488,0,0,397,422,0,229
4268,159882488,0,0,348,334,0,59
4269,159892488,0,0,319,232,0,0
4270,159902488,0,0,281,166,0,0
4271,159912488,0,0,228,79,0,0
4272,159922488,0,0,215,73,0,0
4273,159932488,0,0,203,63,0,0
4274,159942488,0,0,171,55,0,0
4275,159952488,0,0,154,49,0,0
4276,159962488,0,0,142,49,0,0
4277,159972488,0,0,115,21,0,0
4278,159982488,0,0,104,27,0,0
4279,159992488,0,0,96,28,0,0
4280,160002488,0,0,92,29,0,0
4281,160012488,0,0,98,27,0,0
4282,160022488,0,0,91,26,0,0
4283,160032488,0,0,91,23,0,0
4284,160042488,0,0,92,24,0,0
4285,160052488,0,0,93,24,0,0
4286,160062488,0,0,101,28,0,0
4287,160072488,0,0,107,39,0,0
4288,160082488,0,0,114,40,0,0
4289,160092488,0,0,133,40,0,0
4290,160102488,0,0,146,53,0,0
4291,160112488,0,0,154,56,0,0
4292,160122488,0,0,148,57,0,0
4293,160132488,0,3,159,63,0,0
4294,160142488,0,0,162,65,0,0
4295,160152488,0,0,161,65,0,0
4296,160162488,0,0,142,60,0,0
4297,160172488,0,0,140,58,0,0
4298,160182488,0,0,128,55,0,0
4299,160192488,0,0,120,52,0,0
4300,160202488,0,3,117,46,0,0
4301,160212488,0,0,116,45,0,0
4302,160222488,0,0,112,48,0,0
4303,160232488,0,0,118,53,0,0
4304,160242488,0,0,125,58,0,0
4305,160252488,0,0,132,59,0,0
4306,160262488,0,0,137,61,0,0
4307,160272488,0,0,141,68,0,0
4308,160282488,0,0,150,70,0,0
4309,160292488,0,0,151,75,0,0
4310,160302488,0,0,155,79,0,0
4311,160312488,0,0,154,82,0,0
4312,160322488,0,0,156,83,0,0
4313,160332488,0,0,152,78,0,0
4314,160342488,0,0,145,73,0,0
4315,160352488,0,0,140,70,0,0
4316,160362488,0,0,128,62,0,0
4317,160372488,0,0,122,55,0,0
4318,160382488,0,0,142,40,0,0
4319,160392488,0,159,127,7,0,0
4320,160402488,0,345,124,0,0,0
4321,160412488,0,621,125,0,0,0
4322,160422488,0,808,107,0,0,0
4323,160432488,0,937,105,0,0,0
4324,160442488,0,1020,92,0,2,0
4325,160452488,0,1075,86,0,0,0
4326,160462488,0,1109,85,0,0,0
4327,160472488,0,1129,85,0,0,0
4328,160482488,0,1149,80,0,0,0
4329,160492488,1096,1173,77,0,0,0
4330,160502488,1123,1194,81,0,0,0
4331,160512488,1147,1217,87,0,0,0
4332,160522488,1173,1254,92,0,1,0
4333,160532488,1198,1286,99,0,0,0
4334,160542488,1235,1321,110,0,0,0
4335,160552488,1292,1364,141,17,0,0
4336,160562488,1331,1401,164,41,0,0
4337,160572488,1373,1438,220,64,0,0
4338,160582488,1206,1463,313,113,0,0
4339,160592488,0,1485,375,164,0,0
4340,160602488,0,1504,425,228,0,0
4341,160612488,0,1517,486,293,0,0
4342,160622488,0,1528,560,357,0,0
4343,160632488,0,1541,621,427,0,0
4344,160642488,0,1547,692,491,0,0
4345,160652488,0,1549,749,554,0,0
4346,160662488,0,1552,792,595,0,0
4347,160672488,0,1553,831,640,0,0
4348,160682488,0,1533,863,677,0,11
4349,160692488,0,1551,893,724,0,28
4350,160702488,0,1550,919,751,0,59
4351,160712488,0,1547,946,784,0,92
4352,160722488,0,1543,0,805,0,120
4353,160732488,0,1530,0,851,0,153
4354,160742488,0,1519,986,875,0,183
4355,160752488,0,1508,1042,912,0,214
4356,160762488,0,1497,1061,936,0,235
4357,160772488,0,1483,1077,966,0,269
4358,160782488,0,1464,1097,988,0,296
4359,160792488,0,1451,1109,1007,0,328
4360,160802488,0,1435,1120,1033,0,342
4361,160812488,0,1415,1130,1051,0,363
4362,160822488,0,1396,1139,1065,2,381
4363,160832488,0,1376,1146,1080,11,396
4364,160842488,0,1357,1151,1095,18,419
4365,160852488,0,1339,1094,1105,28,438
4366,160862488,0,1323,1166,1116,37,457
4367,160872488,0,1311,1174,1128,50,472
4368,160882488,0,1300,1149,1140,51,487
4369,160892488,0,1291,1161,1155,61,506
4370,160902488,0,1278,1170,1163,76,527
4371,160912488,0,1273,1173,1174,82,542
4372,160922488,0,1261,1196,1178,84,563
4373,160932488,0,1251,1202,1185,94,580
4374,160942488,0,1239,1204,1192,111,599
4375,160952488,0,1227,1171,1138,105,590
4376,160962488,0,1222,1210,1204,149,627
4377,160972488,0,1209,1217,1209,164,645
4378,160982488,0,1197,1225,1214,172,654
4379,160992488,0,1189,1227,1227,197,664
4380,161002488,0,1173,1232,1236,205,675
4381,161012488,0,1158,1234,1242,227,686
4382,161022488,0,1137,1238,1252,249,697
4383,161032488,0,1111,1241,1257,279,716
4384,161042488,0,1082,1243,1262,308,733
4385,161052488,0,0,1249,1270,338,745
4386,161062488,0,0,1250,1276,357,758
4387,161072488,0,0,1254,1277,375,765
4388,161082488,0,0,1256,1285,398,777
4389,161092488,0,0,1258,1292,418,787
4390,161102488,0,839,1263,1293,444,791
4391,161112488,0,671,1261,1296,459,799
4392,161122488,0,870,1264,1292,478,813
4393,161132488,0,854,1263,1301,508,825
4394,161142488,0,761,1244,1206,509,794
4395,161152488,0,804,1265,1305,570,859
4396,161162488,0,769,1268,1309,611,872
4397,161172488,0,730,1271,1315,635,888
4398,161182488,0,680,1272,1321,666,904
4399,161192488,0,633,1272,1327,700,920
4400,161202488,0,588,1238,1268,696,907
4401,161212488,0,534,1275,1343,776,953
4402,161222488,0,443,1280,1358,814,967
4403,161232488,0,368,1284,1357,853,993
4404,161242488,0,294,1285,1364,889,1019
4405,161252488,0,212,1286,1369,929,1050
4406,161262488,0,143,1285,1380,974,1069
4407,161272488,0,70,1283,1388,1011,1102
4408,161282488,0,0,1278,1397,1058,1122
4409,161292488,0,0,1270,1401,1085,1143
4410,161302488,0,0,1260,1410,1110,1170
4411,161312488,0,0,1244,1418,1137,1192
4412,161322488,0,0,1224,1420,1162,1209
4413,161332488,0,0,1180,1321,1141,1162
4414,161342488,0,0,1170,1423,1197,1247
4415,161352488,0,0,1133,1420,1209,1269
4416,161362488,0,0,1091,1406,1215,1287
4417,161372488,0,0,1031,1389,1204,1311
4418,161382488,0,0,952,1375,1194,1334
4419,161392488,0,0,901,1353,1157,1363
4420,161402488,0,0,770,1228,1061,1290
4421,161412488,0,0,796,1293,1005,1406
4422,161422488,0,0,762,1257,925,1429
4423,161432488,0,0,727,1200,827,1447
4424,161442488,0,0,704,1158,698,1449
4425,161452488,0,0,663,1114,527,1436
4426,161462488,0,0,631,1055,359,1415
4427,161472488,0,0,580,1002,244,1384
4428,161482488,0,0,520,953,150,1324
4429,161492488,0,0,459,900,80,1254
4430,161502488,0,0,409,823,38,1185
4431,161512488,0,0,372,740,1,1087
4432,161522488,0,0,339,667,0,964
4433,161532488,0,0,321,579,0,798
4434,161542488,0,0,296,481,0,569
4435,161552488,0,0,274,368,0,307
4436,161562488,0,0,245,315,0,2
4437,161572488,0,0,221,227,0,0
4438,161582488,0,0,190,153,0,0
4439,161592488,0,0,188,125,0,0
4440,161602488,0,0,183,114,0,0
4441,161612488,0,0,175,100,0,0
4442,161622488,0,0,159,89,0,0
4443,161632488,0,0,137,71,0,0
4444,161642488,0,0,117,55,0,0
4445,161652488,0,0,112,47,0,0
4446,161662488,0,0,103,42,0,0
4447,161672488,0,2,102,37,0,0
4448,161682488,0,0,100,34,0,0
4449,161692488,0,0,101,29,0,0
4450,161702488,0,0,105,28,0,0
4451,161712488,0,0,106,27,0,0
4452,161722488,0,0,109,25,0,0
4453,161732488,0,0,116,27,0,0
4454,161742488,0,0,122,31,0,0
4455,161752488,0,0,134,35,0,0
4456,161762488,0,0,138,35,0,0
4457,161772488,0,0,140,33,0,0
4458,161782488,0,0,106,28,0,0
4459,161792488,0,0,132,27,0,0
4460,161802488,0,0,120,23,0,0
4461,161812488,0,0,111,20,0,0
4462,161822488,0,0,102,19,0,0
4463,161832488,0,0,100,17,0,0
4464,161842488,0,0,87,3,0,0
4465,161852488,0,0,102,17,0,0
4466,161862488,0,0,102,17,0,0
4467,161872488,0,0,98,17,0,0
4468,161882488,0,0,94,17,0,0
4469,161892488,0,0,92,15,0,0
4470,161902488,2,0,92,12,0,0
4471,161912488,0,0,91,10,0,0
4472,161922488,0,0,88,11,0,0
4473,161932488,0,0,90,14,0,0
4474,161942488,0,0,95,17,0,0
4475,161952488,0,0,108,20,0,0
4476,161962488,0,0,121,21,0,0
4477,161972488,0,0,136,25,0,0
4478,161982488,0,0,141,30,0,0
4479,161992488,0,0,155,33,0,0
4480,162002488,0,0,167,40,0,0
4481,162012488,0,0,172,46,0,0
4482,162022488,0,0,182,53,0,0
4483,162032488,0,0,189,56,0,0
4484,162042488,0,0,197,59,0,0
4485,162052488,0,0,212,56,0,0
4486,162062488,0,0,211,53,0,0
4487,162072488,0,0,210,45,0,0
4488,162082488,0,26,211,51,0,0
4489,162092488,0,91,216,54,0,0
4490,162102488,0,214,220,51,0,0
4491,162112488,0,308,233,42,0,0
4492,162122488,0,443,241,34,0,0
4493,162132488,0,569,243,30,0,0
4494,162142488,0,736,243,30,0,0
4495,162152488,0,911,235,21,0,0
4496,162162488,0,1060,225,12,0,0
4497,162172488,0,1154,230,5,0,0
4498,162182488,0,1208,242,0,0,0
4499,162192488,0,1260,254,0,0,0
4500,162202488,1209,1300,263,3,0,0
4501,162212488,1250,1331,278,7,0,0
4502,162222488,1284,1365,295,14,0,0
4503,162232488,1234,1384,315,20,0,0
4504,162242488,1369,1434,340,26,0,0
4505,162252488,1396,1464,369,43,0,0
4506,162262488,1423,1491,402,57,0,0
4507,162272488,1446,1512,431,71,0,0
4508,162282488,1463,1532,474,85,0,0
4509,162292488,1481,1551,504,113,0,0
4510,162302488,0,1541,541,155,0,0
4511,162312488,0,1572,578,185,0,0
4512,162322488,0,1580,599,212,0,0
4513,162332488,0,1588,624,234,0,0
4514,162342488,0,1593,657,262,0,0
4515,162352488,0,1600,677,288,0,0
4516,162362488,0,1607,705,331,0,0
4517,162372488,0,1611,741,370,0,0
4518,162382488,0,1614,765,410,0,0
4519,162392488,0,1615,804,457,0,0
4520,162402488,0,1618,829,504,0,0
4521,162412488,0,1618,854,540,0,0
4522,162422488,0,1619,871,557,0,0
4523,162432488,0,1619,882,582,0,0
4524,162442488,0,1618,899,603,0,0
4525,162452488,0,1612,907,621,0,0
4526,162462488,0,1608,921,648,0,0
4527,162472488,0,1600,933,665,0,0
4528,162482488,0,1594,942,683,0,15
4529,162492488,0,1586,951,703,0,57
4530,162502488,0,1530,905,717,0,98
4531,162512488,0,1565,969,736,0,132
4532,162522488,0,1558,980,753,0,172
4533,162532488,0,1548,989,770,0,219
4534,162542488,0,1527,1001,790,0,261
4535,162552488,0,1513,1010,805,0,309
4536,162562488,0,1493,1016,822,0,343
4537,162572488,0,1463,1040,846,0,392
4538,162582488,0,1430,1047,865,0,449
4539,162592488,0,1387,1055,880,0,496
4540,162602488,0,1337,1066,906,16,545
4541,162612488,0,1301,1076,922,52,587
4542,162622488,0,1258,1082,940,74,637
4543,162632488,0,1207,1077,954,89,662
4544,162642488,0,1168,1079,967,147,703
4545,162652488,0,1134,1087,977,164,735
4546,162662488,0,1113,1094,988,183,747
4547,162672488,0,1102,1098,998,208,776
4548,162682488,0,1083,1108,1001,224,793
4549,162692488,0,1073,1103,1008,239,807
4550,162702488,0,1060,1108,1016,261,809
4551,162712488,0,1045,1117,1020,284,826
4552,162722488,0,1035,1123,1037,295,844
4553,162732488,0,1021,1126,1041,300,874
4554,162742488,0,1008,1128,1048,323,878
4555,162752488,0,1000,1132,1054,343,898
4556,162762488,0,990,1101,997,320,884
4557,162772488,0,986,1137,1062,369,928
4558,162782488,0,978,1139,1064,391,933
4559,162792488,0,971,1141,1065,397,930
4560,162802488,0,920,1142,1067,414,943
4561,162812488,0,908,1143,1067,424,945
4562,162822488,0,0,1144,1069,430,956
4563,162832488,0,0,1129,985,426,913
4564,162842488,0,0,1143,1075,472,980
4565,162852488,0,0,1145,1079,486,0
4566,162862488,0,0,1145,1081,518,0
4567,162872488,0,0,1150,1086,528,0
4568,162882488,0,0,1149,1090,548,0
4569,162892488,0,852,1114,1037,522,0
4570,162902488,0,842,1150,1096,586,0
4571,162912488,0,834,1154,1098,608,0
4572,162922488,0,820,1149,1100,619,0
4573,162932488,0,799,1145,1103,634,0
4574,162942488,0,783,1143,1104,650,0
4575,162952488,0,772,1144,1105,663,0
4576,162962488,0,752,1144,1111,671,0
4577,162972488,0,760,1138,1114,677,0
4578,162982488,0,746,1146,1113,678,0
4579,162992488,0,734,1139,1117,682,0
4580,163002488,0,717,1146,1118,685,0
4581,163012488,0,696,1140,1120,684,0
4582,163022488,0,635,1070,1117,687,0
4583,163032488,0,606,1128,1119,695,0
4584,163042488,0,547,1118,1117,701,1176
4585,163052488,0,482,1098,1116,710,1181
4586,163062488,0,402,1080,1113,719,1182
4587,163072488,0,305,1054,1109,736,1189
4588,163082488,0,211,1019,1105,761,1194
4589,163092488,0,127,971,1101,788,1208
4590,163102488,0,40,924,1095,819,1218
4591,163112488,0,0,874,1076,862,1223
4592,163122488,0,0,809,1058,889,1232
4593,163132488,0,0,732,1018,926,1231
4594,163142488,0,0,635,972,924,1231
4595,163152488,0,0,554,832,864,1170
4596,163162488,0,0,487,830,837,1242
4597,163172488,0,0,418,732,764,1243
4598,163182488,0,0,353,654,682,1238
4599,163192488,0,0,293,555,578,1211
4600,163202488,2,0,245,437,423,1171
4601,163212488,0,0,176,330,278,1113
4602,163222488,0,0,133,237,212,1016
4603,163232488,0,0,89,169,150,949
4604,163242488,0,0,51,134,87,855
4605,163252488,0,0,28,86,16,683
4606,163262488,0,0,3,54,0,432
4607,163272488,0,0,0,26,0,202
4608,163282488,0,0,0,0,0,0
4609,163292488,0,0,0,0,0,0
4610,163302488,0,0,0,0,0,0
4611,163312488,0,0,0,0,0,0
4612,163322488,0,2,0,0,0,0
4613,163332488,0,0,0,0,0,0
4614,163342488,0,0,0,0,0,0
4615,163352488,0,0,0,0,0,0
4616,163362488,0,0,0,0,0,0
4617,163372488,0,0,0,0,0,0
4618,163382488,0,0,0,0,0,0
4619,163392488,0,0,0,0,0,0
4620,163402488,0,0,0,0,0,0
4621,163412488,0,0,0,0,0,0
4622,163422488,0,0,0,0,0,0
4623,163432488,0,0,0,0,0,0
4624,163442488,0,0,0,0,0,0
4625,163452488,0,0,0,0,0,0
4626,163462488,0,0,0,0,0,0
4627,163472488,0,0,0,0,0,0
4628,163482488,0,0,0,0,0,0
4629,163492488,0,0,0,0,0,0
4630,163502488,0,0,0,0,0,0
4631,163512488,0,0,0,0,0,0
4632,163522488,0,0,0,0,0,0
4633,163532488,0,0,0,0,0,0
4634,163542488,0,0,0,0,0,0
4635,163552488,0,0,0,0,0,0
4636,163562488,0,0,0,0,0,0
4637,163572488,0,0,0,0,0,0
4638,163582488,0,0,0,0,0,0
4639,163592488,0,0,0,0,0,0
4640,163602488,0,0,0,0,0,0
4641,163612488,0,0,0,0,0,0
4642,163622488,0,0,0,0,0,0
4643,163632488,0,0,0,0,0,0
4644,163642488,0,0,0,0,0,0
4645,163652488,0,0,0,0,0,0
4646,163662488,0,0,0,0,0,0
4647,163672488,0,0,0,0,0,0
4648,163682488,0,0,0,0,0,0
4649,163692488,0,0,5,0,0,0
4650,163702488,0,0,9,1,0,0
4651,163712488,0,0,11,2,0,0
4652,163722488,0,0,16,4,0,0
4653,163732488,0,0,20,5,0,0
4654,163742488,0,0,24,7,0,0
4655,163752488,0,0,28,8,0,0
4656,163762488,0,0,33,7,0,0
4657,163772488,0,0,37,5,0,0
4658,163782488,0,0,37,5,0,0
4659,163792488,0,0,34,6,0,0
4660,163802488,0,0,36,4,0,0
4661,163812488,0,0,31,4,0,0
4662,163822488,0,0,35,4,0,0
4663,163832488,0,0,36,2,0,0
4664,163842488,0,0,35,3,0,0
4665,163852488,0,0,36,3,0,0
4666,163862488,0,81,21,0,0,0
4667,163872488,0,238,30,0,0,0
4668,163882488,0,397,33,0,0,0
4669,163892488,0,597,36,0,0,0
4670,163902488,0,743,32,0,0,0
4671,163912488,0,840,29,0,0,0
4672,163922488,0,937,21,0,0,0
4673,163932488,0,1017,35,0,0,0
4674,163942488,0,1080,39,0,0,0
4675,163952488,0,1125,42,0,0,0
4676,163962488,0,1162,44,0,0,0
4677,163972488,0,1191,53,0,0,0
4678,163982488,0,1214,54,0,0,0
4679,163992488,1093,1243,59,0,0,0
4680,164002488,1114,1266,71,0,0,0
4681,164012488,1136,1292,73,0,0,0
4682,164022488,1170,1323,90,3,0,0
4683,164032488,961,1353,114,17,0,0
4684,164042488,0,1372,147,34,0,0
4685,164052488,0,1321,213,36,0,0
4686,164062488,0,1402,313,135,0,0
4687,164072488,0,1414,392,198,0,0
4688,164082488,0,1421,469,278,0,0
4689,164092488,0,1429,547,351,0,3
4690,164102488,0,1433,611,426,0,0
4691,164112488,0,1442,676,488,0,0
4692,164122488,0,1449,731,544,0,0
4693,164132488,0,1457,776,597,0,0
4694,164142488,0,1467,824,638,0,3
4695,164152488,0,1480,860,685,1,27
4696,164162488,0,1490,889,729,1,54
4697,164172488,0,1496,921,767,0,90
4698,164182488,0,1500,949,806,1,114
4699,164192488,0,1500,973,840,0,145
4700,164202488,0,1500,995,867,0,166
4701,164212488,0,1495,1018,890,0,189
4702,164222488,0,1482,1043,918,0,222
4703,164232488,0,1467,1061,940,0,243
4704,164242488,0,1453,1073,967,0,266
4705,164252488,0,1446,1084,987,0,299
4706,164262488,0,1431,1097,1005,3,317
4707,164272488,0,1413,1109,1032,11,335
4708,164282488,0,1393,1121,1051,27,363
4709,164292488,0,1372,1129,1068,36,385
4710,164302488,0,1343,1140,1088,55,411
4711,164312488,0,1323,1151,1103,71,440
4712,164322488,0,1302,1159,1122,82,465
4713,164332488,0,1286,1166,1135,96,490
4714,164342488,0,1251,1172,1146,104,529
4715,164352488,0,1223,1178,1162,118,546
4716,164362488,0,0,1187,1175,140,567
4717,164372488,0,0,1192,1181,159,585
4718,164382488,0,0,1179,1101,158,558
4719,164392488,0,0,1195,1198,191,613
4720,164402488,0,0,1193,1204,209,636
4721,164412488,0,0,1198,1204,224,648
4722,164422488,0,0,1197,1217,241,662
4723,164432488,0,0,1192,1209,260,676
4724,164442488,0,0,1199,1210,286,692
4725,164452488,0,0,1141,1122,306,702
4726,164462488,0,0,1192,1211,338,722
4727,164472488,0,0,1193,1212,364,737
4728,164482488,0,0,1194,1212,376,751
4729,164492488,0,826,1215,1213,405,760
4730,164502488,0,694,1200,1217,427,774
4731,164512488,0,1025,1202,1207,460,788
4732,164522488,0,1008,1206,1217,489,807
4733,164532488,0,983,1201,1226,521,825
4734,164542488,0,952,1200,1223,547,837
4735,164552488,0,924,1199,1225,580,854
4736,164562488,0,898,1200,1228,611,872
4737,164572488,0,873,1201,1232,631,885
4738,164582488,0,841,1165,1171,622,871
4739,164592488,0,802,1203,1236,699,910
4740,164602488,0,763,1200,1237,732,919
4741,164612488,0,722,1197,1239,759,929
4742,164622488,0,681,1196,1241,782,943
4743,164632488,0,644,1196,1241,808,954
4744,164642488,0,600,1192,1243,830,970
4745,164652488,0,557,1194,1247,854,980
4746,164662488,0,528,1190,1251,879,990
4747,164672488,2,480,1189,1253,905,1005
4748,164682488,0,432,1188,1259,928,1015
4749,164692488,0,381,1187,1263,947,1024
4750,164702488,0,344,1183,1264,967,1033
4751,164712488,0,298,1182,1268,990,1041
4752,164722488,0,251,1179,1270,1009,1047
4753,164732488,0,218,1175,1271,1024,1056
4754,164742488,0,178,1165,1272,1047,1062
4755,164752488,0,123,1158,1274,1067,1064
4756,164762488,0,57,1139,1275,1093,1068
4757,164772488,0,6,1127,1277,1109,1077
4758,164782488,0,0,1111,1274,1124,1051
4759,164792488,0,0,1099,1279,1137,1106
4760,164802488,0,0,1069,1276,1155,1110
4761,164812488,0,0,1033,1271,1165,1110
4762,164822488,0,0,984,1261,1177,1115
4763,164832488,0,0,932,1245,1182,1122
4764,164842488,0,0,883,1222,1188,1136
4765,164852488,0,0,849,1192,1104,1131
4766,164862488,0,0,802,1167,1198,1171
4767,164872488,0,0,741,1133,1201,1197
4768,164882488,0,0,685,1101,1197,1228
4769,164892488,0,0,634,1055,1186,1264
4770,164902488,0,0,571,989,1144,1305
4771,164912488,0,0,534,927,1083,1343
4772,164922488,0,0,487,885,995,1370
4773,164932488,0,0,456,821,897,1382
4774,164942488,0,0,410,756,746,1394
4775,164952488,0,0,363,720,613,1403
4776,164962488,0,0,331,667,505,1367
4777,164972488,0,0,294,611,399,1308
4778,164982488,0,0,258,552,315,1245
4779,164992488,0,0,205,479,224,1164
4780,165002488,0,0,171,409,150,1065
4781,165012488,0,0,141,355,76,931
4782,165022488,0,0,121,294,2,778
4783,165032488,0,0,99,234,0,557
4784,165042488,0,0,81,175,0,281
4785,165052488,0,0,58,125,0,17
4786,165062488,0,0,46,76,0,0
4787,165072488,0,0,28,42,0,0
4788,165082488,0,0,24,33,0,0
4789,165092488,0,0,28,33,0,0
4790,165102488,0,0,30,27,0,0
4791,165112488,0,0,26,24,0,0
4792,165122488,0,0,14,3,0,0
4793,165132488,0,0,18,5,0,0
4794,165142488,0,0,17,5,0,0
4795,165152488,0,0,19,0,0,0
4796,165162488,0,0,20,0,0,0
4797,165172488,0,0,21,0,0,0
4798,165182488,0,0,24,0,0,0
4799,165192488,0,0,25,0,0,0
4800,165202488,0,0,29,1,0,0
4801,165212488,0,0,36,0,0,0
4802,165222488,0,0,42,2,0,0
4803,165232488,0,0,51,7,0,0
4804,165242488,0,0,57,11,0,0
4805,165252488,0,0,62,17,0,0
4806,165262488,0,0,69,18,0,0
4807,165272488,0,0,70,18,0,0
4808,165282488,0,0,72,14,0,0
4809,165292488,0,0,68,10,0,0
4810,165302488,0,0,57,7,0,0
4811,165312488,0,0,54,4,0,0
4812,165322488,0,0,50,2,0,0
4813,165332488,0,0,43,0,0,0
4814,165342488,0,0,41,0,0,0
4815,165352488,0,0,42,0,0,0
4816,165362488,0,0,38,0,0,0
4817,165372488,0,0,28,0,0,0
4818,165382488,0,0,25,0,0,0
4819,165392488,0,0,14,0,0,0
4820,165402488,0,0,4,0,0,0
4821,165412488,0,0,0,0,0,0
4822,165422488,0,0,0,0,0,0
4823,165432488,0,0,0,0,0,0
4824,165442488,0,0,0,0,0,0
4825,165452488,0,0,0,0,0,0
4826,165462488,0,0,0,0,0,0
4827,165472488,0,0,0,1,0,0
4828,165482488,0,0,2,4,0,0
4829,165492488,0,0,2,12,0,0
4830,165502488,0,0,6,6,1,0
4831,165512488,0,0,5,7,0,0
4832,165522488,0,0,6,8,0,0
4833,165532488,0,0,7,10,0,0
4834,165542488,0,0,9,11,0,0
4835,165552488,0,0,10,11,0,0
4836,165562488,0,0,11,12,0,0
4837,165572488,0,0,11,11,0,0
4838,165582488,0,0,11,11,0,0
4839,165592488,0,0,11,12,0,0
4840,165602488,0,0,11,10,0,0
4841,165612488,0,0,10,9,4,0
4842,165622488,0,0,15,12,0,0
4843,165632488,0,0,25,7,0,0
4844,165642488,0,43,28,3,0,0
4845,165652488,0,170,38,1,0,0
4846,165662488,0,342,48,7,0,0
4847,165672488,0,579,51,0,0,0
4848,165682488,0,754,40,0,0,0
4849,165692488,0,871,31,0,0,0
4850,165702488,0,962,34,0,0,1
4851,165712488,0,988,14,0,0,0
4852,165722488,0,1073,39,0,0,0
4853,165732488,0,1111,43,0,0,0
4854,165742488,0,1148,53,0,0,0
4855,165752488,0,1193,61,0,0,0
4856,165762488,1097,1242,71,0,0,0
4857,165772488,1153,1285,78,0,0,0
4858,165782488,1109,1278,70,0,0,0
4859,165792488,1246,1363,104,10,0,0
4860,165802488,1293,1392,119,16,0,0
4861,165812488,1336,1433,145,24,0,0
4862,165822488,1380,1471,170,37,0,0
4863,165832488,1409,1502,206,44,0,0
4864,165842488,1428,1518,204,31,0,0
4865,165852488,1444,1540,246,53,0,0
4866,165862488,1454,1560,272,63,0,0
4867,165872488,1466,1573,292,67,0,0
4868,165882488,1478,1583,322,77,0,0
4869,165892488,1491,1595,348,82,0,0
4870,165902488,1377,1609,381,101,0,0
4871,165912488,0,1621,407,119,0,0
4872,165922488,0,1626,429,135,0,0
4873,165932488,0,1646,454,146,0,0
4874,165942488,0,1649,477,154,0,0
4875,165952488,0,1656,486,165,0,0
4876,165962488,0,1661,515,170,0,0
4877,165972488,0,1673,532,185,0,0
4878,165982488,0,1684,541,188,0,0
4879,165992488,0,1689,558,201,0,0
4880,166002488,0,1683,571,216,0,0
4881,166012488,0,1692,591,233,0,0
4882,166022488,0,1696,613,234,0,0
4883,166032488,0,1697,628,250,0,0
4884,166042488,0,1648,603,265,0,0
4885,166052488,0,1699,663,295,0,0
4886,166062488,0,1696,684,320,0,0
4887,166072488,0,1690,699,340,0,0
4888,166082488,0,1696,708,355,0,0
4889,166092488,0,1693,717,367,0,0
4890,166102488,0,1691,727,381,0,0
4891,166112488,0,1683,734,393,0,0
4892,166122488,0,1685,742,405,0,0
4893,166132488,0,1683,749,416,0,0
4894,166142488,0,1679,757,431,0,0
4895,166152488,0,1677,771,451,0,0
4896,166162488,0,1671,782,474,0,0
4897,166172488,0,1666,797,487,0,0
4898,166182488,0,1660,807,502,0,0
4899,166192488,1,1659,812,523,0,0
4900,166202488,0,1658,821,537,0,0
4901,166212488,0,1649,831,554,0,0
4902,166222488,0,1655,843,570,0,0
4903,166232488,3,1651,856,589,0,0
4904,166242488,0,1573,838,550,0,0
4905,166252488,0,1646,881,625,0,0
4906,166262488,0,1644,893,647,0,0
4907,166272488,0,1642,904,665,0,0
4908,166282488,0,1637,920,682,0,0
4909,166292488,0,1632,931,698,0,0
4910,166302488,0,1628,935,718,0,0
4911,166312488,0,1625,949,734,0,0
4912,166322488,0,1623,962,749,0,0
4913,166332488,0,1619,972,764,0,0
4914,166342488,0,1611,986,786,0,0
4915,166352488,0,1606,997,802,0,0
4916,166362488,0,1597,1008,817,0,0
4917,166372488,0,1590,1019,841,0,0
4918,166382488,0,1586,1035,855,0,0
4919,166392488,0,1579,1044,870,0,0
4920,166402488,0,1573,1051,883,0,0
4921,166412488,0,1565,1057,893,0,0
4922,166422488,0,1556,1063,906,0,0
4923,166432488,0,1554,1068,915,0,3
4924,166442488,0,1547,1074,923,0,8
4925,166452488,0,1542,1079,935,0,16
4926,166462488,0,1528,1089,941,0,27
4927,166472488,0,1522,1096,953,0,43
4928,166482488,0,1514,1101,965,0,56
4929,166492488,0,1506,1108,972,0,74
4930,166502488,0,1498,1112,983,0,88
4931,166512488,0,1490,1114,988,0,95
4932,166522488,0,1482,1117,998,0,107
4933,166532488,0,1470,1122,1008,0,115
4934,166542488,0,1460,1128,1019,0,119
4935,166552488,0,1446,1133,1036,0,138
4936,166562488,0,1433,1143,1049,0,163
4937,166572488,0,1413,1150,1063,0,186
4938,166582488,0,1391,1161,1076,0,219
4939,166592488,0,1369,1170,1092,0,257
4940,166602488,0,1339,1177,1106,0,295
4941,166612488,0,1309,1186,1124,0,332
4942,166622488,0,1273,1193,1140,1,370
4943,166632488,0,1240,1203,1161,17,412
4944,166642488,0,1198,1209,1178,37,465
4945,166652488,0,1160,1222,1197,55,520
4946,166662488,0,0,1232,1215,89,575
4947,166672488,0,842,1238,1233,110,621
4948,166682488,0,1009,1245,1245,139,676
4949,166692488,0,969,1253,1260,171,718
4950,166702488,0,929,1259,1272,201,763
4951,166712488,0,874,1266,1289,229,807
4952,166722488,0,805,1271,1301,254,842
4953,166732488,0,722,1275,1315,289,870
4954,166742488,0,638,1282,1326,340,916
4955,166752488,0,548,1286,1338,382,941
4956,166762488,0,436,1289,1350,409,975
4957,166772488,0,301,1289,1362,438,1004
4958,166782488,0,176,1285,1369,458,1031
4959,166792488,0,75,1276,1377,456,1050
4960,166802488,0,0,1270,1382,468,1062
4961,166812488,0,0,1259,1384,460,1067
4962,166822488,0,0,1239,1384,447,1073
4963,166832488,0,0,1195,1282,397,1010
4964,166842488,0,0,1186,1374,395,1076
4965,166852488,0,0,1153,1361,351,1066
4966,166862488,0,0,1115,1335,281,1058
4967,166872488,0,0,1082,1310,216,1049
4968,166882488,0,0,1034,1278,148,1034
4969,166892488,0,0,980,1227,73,1013
4970,166902488,0,0,928,1162,25,991
4971,166912488,0,0,891,1102,0,979
4972,166922488,0,0,853,1024,0,952
4973,166932488,0,0,812,956,0,922
4974,166942488,0,0,756,887,0,873
4975,166952488,0,0,706,809,0,808
4976,166962488,0,0,632,741,0,753
4977,166972488,0,0,642,685,0,697
4978,166982488,0,0,617,608,0,645
4979,166992488,0,0,570,542,0,581
4980,167002488,0,0,535,465,0,477
4981,167012488,0,0,499,393,0,368
4982,167022488,0,0,434,327,0,265
4983,167032488,0,0,436,266,0,152
4984,167042488,0,0,397,219,0,71
4985,167052488,0,0,358,159,0,8
4986,167062488,0,0,328,101,0,0
4987,167072488,0,0,301,87,0,0
4988,167082488,0,0,284,75,0,0
4989,167092488,0,0,251,58,0,0
4990,167102488,0,0,223,44,0,0
4991,167112488,0,0,195,41,3,0
4992,167122488,0,0,182,35,0,0
4993,167132488,0,2,180,32,0,0
4994,167142488,0,0,181,35,0,0
4995,167152488,0,0,189,39,0,0
4996,167162488,0,0,203,41,0,2
4997,167172488,0,0,213,44,0,0
4998,167182488,0,0,228,49,0,1
4999,167192488,0,0,236,52,0,0
5000,167202488,0,0,242,55,0,0
5001,167212488,0,0,240,54,0,0
5002,167222488,0,0,232,51,0,0
5003,167232488,0,0,225,48,0,0
5004,167242488,0,0,211,47,0,0
5005,167252488,0,1,198,45,0,0
5006,167262488,0,0,187,39,0,0
5007,167272488,0,0,188,37,0,0
5008,167282488,0,0,183,32,0,0
5009,167292488,0,0,182,23,0,0
5010,167302488,0,0,178,24,0,0
5011,167312488,0,0,175,22,0,0
5012,167322488,0,0,176,22,0,0
5013,167332488,0,0,180,20,0,0
5014,167342488,0,0,174,21,0,0
5015,167352488,0,0,142,11,0,0
5016,167362488,0,0,170,28,0,0
5017,167372488,0,0,172,25,0,0
5018,167382488,0,0,171,22,0,0
5019,167392488,0,2,175,24,0,0
5020,167402488,0,0,173,22,0,0
5021,167412488,0,0,151,3,0,0
5022,167422488,0,0,162,18,0,0
5023,167432488,0,0,152,10,0,0
5024,167442488,0,0,149,5,0,0
5025,167452488,0,0,146,8,0,0
5026,167462488,0,0,147,2,0,0
5027,167472488,0,0,131,1,0,0
5028,167482488,0,0,129,6,0,0
5029,167492488,0,0,124,0,0,0
5030,167502488,0,0,122,0,0,0
5031,167512488,0,0,120,0,0,0
5032,167522488,0,0,126,0,0,0
5033,167532488,0,0,124,0,0,0
5034,167542488,0,0,116,0,0,0
5035,167552488,0,0,123,0,0,0
5036,167562488,0,0,123,0,0,0
5037,167572488,0,0,129,0,0,0
5038,167582488,0,0,120,0,0,0
5039,167592488,0,229,106,0,0,0
5040,167602488,0,275,100,0,0,0
5041,167612488,0,332,83,0,0,0
5042,167622488,0,402,70,0,0,0
5043,167632488,0,469,55,0,0,0
5044,167642488,0,531,39,0,0,0
5045,167652488,0,600,26,0,0,0
5046,167662488,0,656,19,0,0,0
5047,167672488,0,700,10,0,0,0
5048,167682488,0,756,8,0,0,0
5049,167692488,938,891,7,0,0,0
5050,167702488,1063,1000,7,0,0,0
5051,167712488,1130,1062,13,0,0,0
5052,167722488,1167,1101,16,0,0,0
5053,167732488,1193,1126,17,0,0,0
5054,167742488,1212,1144,17,0,0,0
5055,167752488,0,1169,29,0,0,0
5056,167762488,0,1186,54,0,0,0
5057,167772488,0,1199,86,0,0,0
5058,167782488,0,1228,140,0,0,0
5059,167792488,0,1236,197,9,0,0
5060,167802488,0,1241,263,31,0,0
5061,167812488,0,1252,344,73,0,0
5062,167822488,0,1269,396,129,0,0
5063,167832488,0,1277,441,203,0,0
5064,167842488,0,1286,496,248,0,0
5065,167852488,0,1250,513,303,0,0
5066,167862488,0,1290,602,356,0,0
5067,167872488,0,1293,659,422,0,0
5068,167882488,0,1287,700,472,0,0
5069,167892488,0,1276,742,507,0,0
5070,167902488,0,1272,777,554,0,0
5071,167912488,0,1261,810,598,0,9
5072,167922488,0,1257,852,638,3,76
5073,167932488,0,1249,876,672,40,149
5074,167942488,0,1238,903,702,73,220
5075,167952488,0,1228,925,733,115,282
5076,167962488,0,1218,945,761,153,336
5077,167972488,0,1206,966,786,177,403
5078,167982488,0,1136,948,736,193,421
5079,167992488,0,1193,997,824,223,493
5080,168002488,0,1187,1012,845,256,534
5081,168012488,0,1178,1032,868,277,560
5082,168022488,0,1170,1048,889,292,582
5083,168032488,0,1162,1063,915,312,603
5084,168042488,0,1156,1071,932,336,634
5085,168052488,0,1144,1083,946,347,652
5086,168062488,0,1133,1093,958,360,665
5087,168072488,0,1126,1100,973,370,674
5088,168082488,0,1118,1106,987,388,684
5089,168092488,0,1109,1114,1000,396,696
5090,168102488,0,1101,1121,1012,400,701
5091,168112488,0,1093,1127,1027,405,704
5092,168122488,0,1082,1132,1044,411,706
5093,168132488,0,1078,1142,1056,414,701
5094,168142488,0,1077,1147,1066,414,693
5095,168152488,0,1078,1156,1079,409,677
5096,168162488,0,1080,1163,1091,395,651
5097,168172488,0,1053,1108,1096,368,629
5098,168182488,0,1096,1179,1108,347,602
5099,168192488,0,1103,1186,1114,327,572
5100,168202488,0,1116,1193,1122,305,550
5101,168212488,0,1129,1197,1128,289,529
5102,168222488,0,1140,1203,1135,251,487
5103,168232488,0,1147,1205,1140,174,447
5104,168242488,0,1161,1212,1145,179,422
5105,168252488,0,1173,1221,1148,155,396
5106,168262488,0,1182,1223,1156,134,359
5107,168272488,0,1194,1230,1161,115,344
5108,168282488,0,1202,1236,1170,107,330
5109,168292488,0,1207,1238,1174,67,316
5110,168302488,0,1210,1246,1177,94,330
5111,168312488,0,1209,1252,1190,90,333
5112,168322488,0,1209,1256,1197,86,334
5113,168332488,0,1208,1260,1204,81,335
5114,168342488,0,1205,1265,1211,80,327
5115,168352488,0,1202,1269,1216,70,315
5116,168362488,0,1138,1233,1134,58,307
5117,168372488,0,1192,1281,1234,53,302
5118,168382488,0,1191,1288,1236,51,299
5119,168392488,0,0,1298,1246,52,307
5120,168402488,0,0,1302,1253,55,314
5121,168412488,0,0,1305,1254,56,327
5122,168422488,0,0,1310,1266,63,335
5123,168432488,0,0,1244,1269,71,349
5124,168442488,0,0,1320,1283,75,360
5125,168452488,0,0,1325,1291,84,365
5126,168462488,0,0,1329,1301,89,375
5127,168472488,0,0,1334,1307,100,402
5128,168482488,0,0,1339,1314,108,416
5129,168492488,0,0,1308,1256,107,414
5130,168502488,0,0,1352,1332,160,456
5131,168512488,0,0,1357,1341,174,484
5132,168522488,0,0,1364,1353,219,508
5133,168532488,0,698,1367,1358,263,539
5134,168542488,0,757,1371,1367,295,564
5135,168552488,0,715,1375,1377,340,606
5136,168562488,0,674,1339,1316,353,622
5137,168572488,0,614,1383,1394,443,682
5138,168582488,0,550,1386,1403,491,712
5139,168592488,0,487,1388,1415,535,734
5140,168602488,0,398,1392,1425,591,756
5141,168612488,0,302,1395,1432,627,767
5142,168622488,0,210,1397,1439,662,793
5143,168632488,0,104,1325,1444,697,797
5144,168642488,0,23,1398,1448,727,815
5145,168652488,0,0,1396,1456,746,820
5146,168662488,0,0,1390,1459,757,835
5147,168672488,0,0,1383,1463,759,851
5148,168682488,0,0,1368,1465,755,867
5149,168692488,0,0,1347,1466,735,878
5150,168702488,0,0,1320,1468,715,903
5151,168712488,0,0,1300,1468,678,917
5152,168722488,0,0,1275,1471,629,930
5153,168732488,0,0,1253,1464,585,939
5154,168742488,0,0,1227,1458,526,954
5155,168752488,0,0,1196,1449,473,972
5156,168762488,0,0,1135,1364,376,972
5157,168772488,0,0,1142,1414,343,1028
5158,168782488,0,0,1114,1389,265,1061
5159,168792488,0,0,1106,1359,156,1107
5160,168802488,0,0,1094,1324,99,1136
5161,168812488,0,0,1086,1295,27,1155
5162,168822488,0,0,1069,1259,1,1139
5163,168832488,0,0,998,1150,0,1099
5164,168842488,0,0,1008,1165,0,1100
5165,168852488,0,0,963,1114,0,1060
5166,168862488,0,0,889,1045,0,991
5167,168872488,0,0,797,970,0,887
5168,168882488,0,0,713,877,0,760
5169,168892488,0,0,637,799,0,639
5170,168902488,0,0,559,700,0,483
5171,168912488,0,0,527,590,0,324
5172,168922488,0,0,463,476,0,165
5173,168932488,0,0,416,368,0,47
5174,168942488,0,0,375,287,0,0
5175,168952488,0,0,339,204,0,0
5176,168962488,0,0,289,110,0,0
5177,168972488,0,0,266,84,0,0
5178,168982488,0,0,271,82,0,0
5179,168992488,0,0,248,74,0,0
5180,169002488,0,0,219,62,0,0
5181,169012488,0,2,202,59,0,0
5182,169022488,0,0,168,29,0,0
5183,169032488,0,0,162,49,0,0
5184,169042488,0,0,152,45,0,0
5185,169052488,0,0,149,39,0,0
5186,169062488,0,0,132,36,0,0
5187,169072488,0,0,139,36,0,0
5188,169082488,0,0,139,36,0,0
5189,169092488,0,0,141,37,0,0
5190,169102488,0,0,150,39,0,0
5191,169112488,0,0,156,46,0,0
5192,169122488,0,0,166,54,0,0
5193,169132488,2,0,175,60,0,0
5194,169142488,0,0,187,70,0,0
5195,169152488,0,0,200,75,0,0
5196,169162488,0,0,216,80,0,0
5197,169172488,0,0,223,86,0,0
5198,169182488,0,0,230,90,0,0
5199,169192488,2,0,232,89,0,0
5200,169202488,0,0,231,90,0,0
5201,169212488,0,0,218,87,0,0
5202,169222488,0,0,201,84,0,0
5203,169232488,0,0,188,75,0,0
5204,169242488,0,0,185,72,0,0
5205,169252488,0,0,169,68,0,0
5206,169262488,0,0,170,64,0,0
5207,169272488,0,0,165,61,0,0
5208,169282488,0,0,158,62,0,0
5209,169292488,0,0,158,61,0,0
5210,169302488,0,0,157,62,0,0
5211,169312488,0,0,160,61,0,0
5212,169322488,0,0,160,64,0,0
5213,169332488,0,0,164,69,0,0
5214,169342488,0,0,165,70,0,0
5215,169352488,0,0,167,73,0,0
5216,169362488,0,0,166,72,0,0
5217,169372488,0,0,164,73,0,0
5218,169382488,0,0,163,71,0,0
5219,169392488,0,0,158,64,0,0
5220,169402488,0,0,159,61,0,0
5221,169412488,0,0,151,56,0,0
5222,169422488,0,0,156,49,0,0
5223,169432488,0,0,172,39,0,0
5224,169442488,0,128,160,18,0,0
5225,169452488,0,356,152,0,0,0
5226,169462488,0,688,161,0,0,0
5227,169472488,0,909,157,0,0,0
5228,169482488,0,1045,146,0,0,0
5229,169492488,246,1124,140,0,0,0
5230,169502488,0,1189,133,0,0,0
5231,169512488,1095,1238,141,0,0,0
5232,169522488,1194,1289,140,0,0,0
5233,169532488,1239,1322,145,0,0,0
5234,169542488,1268,1352,149,0,0,0
5235,169552488,1292,1370,154,0,0,0
5236,169562488,1316,1390,156,6,0,0
5237,169572488,1334,1408,168,19,0,0
5238,169582488,1358,1427,185,22,0,0
5239,169592488,1387,1449,199,38,0,0
5240,169602488,1416,1481,226,56,0,0
5241,169612488,1446,1507,261,70,0,0
5242,169622488,0,1455,269,52,0,0
5243,169632488,0,1548,347,121,0,0
5244,169642488,0,1562,423,166,0,0
5245,169652488,0,1574,483,205,0,0
5246,169662488,0,1582,551,265,0,0
5247,169672488,0,1591,599,328,0,0
5248,169682488,0,1595,610,343,0,0
5249,169692488,0,1597,687,437,0,0
5250,169702488,0,1598,730,486,0,0
5251,169712488,0,1595,780,531,0,0
5252,169722488,0,1594,808,573,0,0
5253,169732488,0,1591,838,608,0,0
5254,169742488,0,1588,866,628,0,0
5255,169752488,0,1586,884,652,0,0
5256,169762488,0,1580,902,676,0,25
5257,169772488,0,1576,915,693,0,58
5258,169782488,0,1570,932,713,0,106
5259,169792488,0,1563,944,732,0,142
5260,169802488,0,1558,954,754,0,183
5261,169812488,0,1550,967,774,0,191
5262,169822488,0,1542,981,794,0,231
5263,169832488,0,1529,990,807,0,252
5264,169842488,0,1522,999,819,0,267
5265,169852488,0,1515,1004,821,0,275
5266,169862488,0,1508,1008,826,0,285
5267,169872488,0,1501,1013,839,0,293
5268,169882488,0,1495,1017,846,0,299
5269,169892488,0,1491,1020,851,0,311
5270,169902488,0,1488,1024,856,0,315
5271,169912488,0,1486,1031,859,0,315
5272,169922488,0,1486,1032,862,0,322
5273,169932488,0,1487,1033,860,1,323
5274,169942488,0,1491,1036,865,0,322
5275,169952488,0,1493,1037,860,0,321
5276,169962488,0,1496,1034,855,0,312
5277,169972488,0,1500,1032,850,0,305
5278,169982488,0,1508,1021,843,0,289
5279,169992488,0,1514,1016,838,0,260
5280,170002488,0,1523,1012,826,0,244
5281,170012488,0,1527,1009,824,0,229
5282,170022488,0,1530,0,827,0,231
5283,170032488,0,1530,0,830,3,237
5284,170042488,0,1530,0,836,0,243
5285,170052488,0,1527,0,841,0,253
5286,170062488,0,1524,0,843,0,253
5287,170072488,0,1476,0,807,0,269
5288,170082488,0,1516,0,853,0,276
5289,170092488,0,1514,0,857,0,282
5290,170102488,0,1510,0,865,0,279
5291,170112488,0,1506,0,873,0,274
5292,170122488,0,1500,0,882,0,286
5293,170132488,0,1495,0,895,0,301
5294,170142488,0,1484,0,913,0,317
5295,170152488,0,1471,0,926,0,339
5296,170162488,0,1461,0,938,0,352
5297,170172488,0,1446,1044,950,0,368
5298,170182488,0,1432,1050,969,0,390
5299,170192488,0,1414,1061,988,0,411
5300,170202488,0,1389,1070,1004,0,419
5301,170212488,0,1367,1116,1019,2,443
5302,170222488,0,1332,1122,1044,16,464
5303,170232488,0,1295,1091,1058,31,491
5304,170242488,0,1254,1147,1071,59,515
5305,170252488,0,1209,1157,1088,96,542
5306,170262488,0,1162,1170,1108,124,563
5307,170272488,0,1052,1143,1047,152,587
5308,170282488,0,1041,1195,1158,181,612
5309,170292488,0,0,1207,1181,228,638
5310,170302488,0,0,1220,1207,272,658
5311,170312488,0,0,1229,1225,329,676
5312,170322488,0,0,1238,1250,368,723
5313,170332488,0,634,1205,1198,389,752
5314,170342488,0,553,1250,1275,469,807
5315,170352488,0,458,1251,1294,544,847
5316,170362488,0,305,1257,1309,614,881
5317,170372488,0,181,1255,1317,681,921
5318,170382488,0,74,1246,1326,741,957
5319,170392488,0,0,1238,1328,797,995
5320,170402488,0,0,1222,1333,845,1033
5321,170412488,0,0,1200,1342,902,1067
5322,170422488,0,0,1174,1336,947,1100
5323,170432488,0,0,1142,1337,989,1128
5324,170442488,0,0,1101,1333,1014,1158
5325,170452488,0,0,1045,1321,1031,1180
5326,170462488,0,0,968,1304,1013,1207
5327,170472488,0,0,890,1273,989,1234
5328,170482488,0,0,823,1223,951,1268
5329,170492488,0,0,768,1172,901,1301
5330,170502488,0,0,686,1110,840,1338
5331,170512488,0,0,649,1056,755,1371
5332,170522488,0,0,602,1003,606,1381
5333,170532488,0,0,557,940,424,1380
5334,170542488,0,0,502,885,295,1377
5335,170552488,0,0,455,809,198,1334
5336,170562488,0,0,402,725,117,1262
5337,170572488,0,0,351,661,49,1195
5338,170582488,0,0,303,577,17,1111
5339,170592488,0,0,271,486,0,999
5340,170602488,0,0,234,391,0,852
5341,170612488,0,1,203,327,0,649
5342,170622488,0,0,175,265,0,374
5343,170632488,0,0,157,200,0,77
5344,170642488,0,0,138,135,0,0
5345,170652488,0,0,100,53,0,0
5346,170662488,0,0,108,57,0,0
5347,170672488,0,0,111,56,0,0
5348,170682488,0,0,114,57,0,0
5349,170692488,0,0,115,51,0,0
5350,170702488,0,0,108,42,0,0
5351,170712488,0,0,104,40,0,0
5352,170722488,0,0,105,39,0,0
5353,170732488,0,0,105,37,0,0
5354,170742488,0,0,106,36,0,0
5355,170752488,0,0,110,32,0,0
5356,170762488,0,0,117,35,0,0
5357,170772488,0,0,122,33,0,0
5358,170782488,0,0,131,33,0,0
5359,170792488,0,0,137,32,0,0
5360,170802488,0,0,141,37,0,0
5361,170812488,0,0,152,40,0,0
5362,170822488,0,0,158,42,0,0
5363,170832488,0,0,168,47,0,0
5364,170842488,0,0,173,51,0,0
5365,170852488,0,0,177,52,0,0
5366,170862488,0,0,177,50,0,0
5367,170872488,0,0,175,46,0,0
5368,170882488,0,0,171,43,0,0
5369,170892488,0,0,163,39,0,0
5370,170902488,0,0,153,36,0,0
5371,170912488,0,0,145,29,0,0
5372,170922488,0,0,137,29,0,0
5373,170932488,0,0,127,25,0,0
5374,170942488,0,0,119,22,0,0
5375,170952488,0,0,109,19,0,0
5376,170962488,0,0,101,16,0,0
5377,170972488,0,0,91,15,0,0
5378,170982488,0,0,88,12,0,0
5379,170992488,0,0,84,11,0,0
5380,171002488,0,0,81,12,0,0
5381,171012488,0,0,82,12,0,0
5382,171022488,0,0,82,13,0,0
5383,171032488,0,0,87,16,0,0
5384,171042488,0,0,91,18,0,0
5385,171052488,0,0,96,19,0,0
5386,171062488,0,0,101,21,0,0
5387,171072488,0,0,106,22,0,0
5388,171082488,0,0,111,25,0,0
5389,171092488,0,0,118,27,0,0
5390,171102488,0,0,124,28,0,0
5391,171112488,0,0,126,5,0,0
5392,171122488,0,0,139,29,0,0
5393,171132488,0,0,143,28,0,0
5394,171142488,0,0,147,29,0,0
5395,171152488,0,0,152,30,0,0
5396,171162488,0,0,155,31,0,0
5397,171172488,0,0,158,29,0,0
5398,171182488,0,0,166,28,0,0
5399,171192488,0,0,168,22,0,0
5400,171202488,0,0,167,20,0,0
5401,171212488,0,9,167,16,0,0
5402,171222488,0,61,163,18,0,0
5403,171232488,0,139,163,10,0,0
5404,171242488,0,238,167,10,0,0
5405,171252488,0,361,172,4,0,0
5406,171262488,0,504,177,3,0,0
5407,171272488,0,664,178,4,0,0
5408,171282488,0,861,172,8,0,0
5409,171292488,0,1033,173,1,0,0
5410,171302488,1055,1143,179,0,0,0
5411,171312488,1144,1223,203,2,0,0
5412,171322488,1207,1288,228,5,0,0
5413,171332488,1253,1328,241,10,0,0
5414,171342488,1292,1362,261,15,0,0
5415,171352488,1320,1384,278,23,0,0
5416,171362488,1359,1409,301,33,0,0
5417,171372488,1389,1438,316,42,1,0
5418,171382488,1413,1463,336,55,0,0
5419,171392488,0,1483,354,59,0,0
5420,171402488,0,1496,375,70,0,0
5421,171412488,0,1511,405,92,0,0
5422,171422488,0,1521,442,138,0,0
5423,171432488,0,1528,520,216,0,0
5424,171442488,0,1544,579,275,0,0
5425,171452488,0,1555,619,309,0,0
5426,171462488,0,1564,645,342,0,0
5427,171472488,0,1573,665,367,0,1
5428,171482488,0,1580,685,388,0,0
5429,171492488,0,1587,699,409,0,0
5430,171502488,0,1591,716,435,2,0
5431,171512488,0,1597,733,457,0,0
5432,171522488,0,1600,753,478,0,0
5433,171532488,0,1600,776,511,0,0
5434,171542488,0,1598,797,543,0,0
5435,171552488,0,1597,814,564,0,0
5436,171562488,0,1597,829,586,0,0
5437,171572488,0,1582,851,599,0,0
5438,171582488,0,1597,858,606,0,0
5439,171592488,0,1597,864,614,0,4
5440,171602488,0,1595,872,621,0,19
5441,171612488,0,1594,877,625,0,48
5442,171622488,0,1593,884,628,0,59
5443,171632488,0,1592,888,633,0,90
5444,171642488,0,1590,892,636,0,102
5445,171652488,0,1587,894,645,0,122
5446,171662488,0,1580,902,647,0,145
5447,171672488,0,1576,908,650,0,166
5448,171682488,0,1571,912,655,0,186
5449,171692488,0,1565,915,662,0,210
5450,171702488,0,1561,919,665,0,216
5451,171712488,0,1558,921,667,0,245
5452,171722488,0,1554,922,666,0,254
5453,171732488,0,1551,919,665,0,274
5454,171742488,0,1548,921,665,0,294
5455,171752488,0,1543,913,661,0,326
5456,171762488,0,1529,904,656,0,344
5457,171772488,0,1515,865,610,0,347
5458,171782488,0,1504,892,659,0,382
5459,171792488,0,1491,3,652,0,403
5460,171802488,0,1469,0,658,7,424
5461,171812488,0,1452,885,666,19,436
5462,171822488,0,1434,900,675,36,444
5463,171832488,0,1420,905,682,45,455
5464,171842488,0,1401,916,680,58,467
5465,171852488,0,1364,921,687,71,488
5466,171862488,0,1351,924,688,83,541
5467,171872488,0,1318,935,714,107,619
5468,171882488,0,1285,939,736,124,718
5469,171892488,0,1255,953,759,157,807
5470,171902488,0,1231,927,731,166,852
5471,171912488,0,1211,969,797,219,939
5472,171922488,0,1192,983,813,245,987
5473,171932488,0,1174,987,830,276,1036
5474,171942488,0,1146,996,844,301,1078
5475,171952488,0,1120,1001,857,338,1112
5476,171962488,0,1089,1009,879,363,1140
5477,171972488,0,1059,1012,889,408,1161
5478,171982488,0,1026,1016,905,441,1179
5479,171992488,0,1002,1020,918,476,1194
5480,172002488,0,971,1031,928,502,1206
5481,172012488,0,927,1031,936,535,1220
5482,172022488,3,0,1039,951,550,1226
5483,172032488,0,0,1005,907,539,1162
5484,172042488,0,0,1044,970,590,1237
5485,172052488,0,0,1047,982,606,1242
5486,172062488,3,0,1047,992,621,1250
5487,172072488,0,785,1050,998,646,1256
5488,172082488,0,748,1051,1003,659,1262
5489,172092488,0,702,1052,1009,680,1271
5490,172102488,0,586,1030,937,681,1218
5491,172112488,0,599,1041,1019,741,1290
5492,172122488,0,533,1026,1022,762,1298
5493,172132488,0,458,1016,1033,789,0
5494,172142488,0,361,1000,1040,813,1294
5495,172152488,0,287,978,1041,837,1329
5496,172162488,1,217,943,1040,854,1337
5497,172172488,0,124,881,953,843,1281
5498,172182488,0,1,847,1032,893,1356
5499,172192488,0,0,790,1018,910,1362
5500,172202488,0,0,730,1003,918,1367
5501,172212488,0,0,679,985,925,1371
5502,172222488,0,0,632,966,920,1376
5503,172232488,0,0,584,922,903,1376
5504,172242488,0,0,540,875,865,1379
5505,172252488,0,0,480,813,802,1378
5506,172262488,0,0,428,733,731,1372
5507,172272488,0,0,376,659,667,1363
5508,172282488,0,0,348,596,548,1344
5509,172292488,0,0,310,531,417,1311
5510,172302488,0,0,235,428,267,1266
5511,172312488,0,0,225,340,141,1202
5512,172322488,0,0,180,267,62,1129
5513,172332488,0,0,136,216,3,1040
5514,172342488,0,0,88,149,0,873
5515,172352488,0,0,37,74,0,602
5516,172362488,0,0,0,23,0,290
5517,172372488,0,0,0,0,0,34
5518,172382488,0,0,0,0,0,0
5519,172392488,0,0,0,0,0,7
5520,172402488,0,0,0,0,0,3
5521,172412488,0,0,0,0,0,0
5522,172422488,0,0,0,0,0,0
5523,172432488,0,0,0,0,0,0
5524,172442488,0,0,0,0,0,0
5525,172452488,0,0,0,0,0,0
5526,172462488,0,0,0,0,0,0
5527,172472488,0,0,2,0,0,0
5528,172482488,0,0,4,0,0,0
5529,172492488,0,0,3,0,0,0
5530,172502488,0,0,4,0,0,0
5531,172512488,0,0,5,0,0,0
5532,172522488,0,0,3,0,0,0
5533,172532488,0,0,3,0,0,0
5534,172542488,0,86,2,0,0,0
5535,172552488,0,89,0,0,0,0
5536,172562488,0,88,0,0,0,0
5537,172572488,0,88,0,0,0,0
5538,172582488,0,91,0,0,0,0
5539,172592488,0,92,0,0,0,0
5540,172602488,0,92,0,0,0,0
5541,172612488,0,92,0,0,0,0
5542,172622488,0,60,0,0,0,0
5543,172632488,0,85,0,0,0,0
5544,172642488,0,83,0,0,0,0
5545,172652488,0,80,0,0,0,0
5546,172662488,0,77,0,0,0,0
5547,172672488,0,75,1,0,0,0
5548,172682488,0,65,2,0,0,0
5549,172692488,0,33,1,0,0,0
5550,172702488,0,47,4,0,0,0
5551,172712488,0,40,5,0,0,0
5552,172722488,0,30,7,0,0,0
5553,172732488,0,23,7,0,0,0
5554,172742488,0,8,9,0,0,0
5555,172752488,0,2,9,0,0,0
5556,172762488,0,0,6,0,0,0
5557,172772488,0,0,12,0,0,0
5558,172782488,0,0,13,0,0,0
5559,172792488,0,0,14,0,0,0
5560,172802488,0,0,14,0,0,0
5561,172812488,0,0,13,0,0,0
5562,172822488,0,0,13,0,0,0
5563,172832488,0,0,10,0,0,0
5564,172842488,0,0,18,0,0,0
5565,172852488,0,0,23,0,0,0
5566,172862488,0,0,28,0,0,0
5567,172872488,0,0,34,0,0,0
5568,172882488,0,0,33,0,0,0
5569,172892488,0,0,33,0,0,0
5570,172902488,0,0,26,0,0,0
5571,172912488,0,0,38,1,0,0
5572,172922488,0,0,38,2,0,0
5573,172932488,0,0,39,1,0,0
5574,172942488,0,0,40,2,0,0
5575,172952488,0,0,40,3,0,0
5576,172962488,0,0,41,2,0,0
5577,172972488,0,0,23,2,0,0
5578,172982488,0,92,49,3,0,0
5579,172992488,0,289,49,3,0,0
5580,173002488,0,521,43,0,0,0
5581,173012488,0,738,45,0,0,0
5582,173022488,0,904,43,0,3,0
5583,173032488,0,1006,41,0,0,0
5584,173042488,0,1068,47,0,0,0
5585,173052488,0,1147,54,0,0,0
5586,173062488,0,1222,72,0,0,0
5587,173072488,0,1292,89,0,0,0
5588,173082488,0,1342,106,0,0,0
5589,173092488,0,1377,125,6,0,0
5590,173102488,0,1402,132,4,0,0
5591,173112488,0,1435,175,27,0,0
5592,173122488,0,1468,203,38,0,0
5593,173132488,0,1500,237,56,0,0
5594,173142488,0,1529,268,71,0,0
5595,173152488,0,1559,309,85,0,0
5596,173162488,0,1581,337,95,0,0
5597,173172488,0,1568,375,126,3,0
5598,173182488,0,1613,431,160,0,0
5599,173192488,0,1624,485,201,0,0
5600,173202488,0,1630,538,246,0,0
5601,173212488,0,1637,597,301,0,0
5602,173222488,0,1639,643,364,0,0
5603,173232488,0,1640,705,429,0,0
5604,173242488,0,1641,752,479,0,0
5605,173252488,0,1639,797,533,0,0
5606,173262488,0,1637,827,580,0,0
5607,173272488,0,1635,866,607,0,0
5608,173282488,0,1628,883,631,0,0
5609,173292488,0,1623,917,659,0,0
5610,173302488,0,1611,936,691,0,0
5611,173312488,0,1600,968,728,0,0
5612,173322488,0,1586,1001,766,0,0
5613,173332488,0,1570,1025,800,0,0
5614,173342488,0,1560,1051,835,0,0
5615,173352488,0,1549,1073,866,0,1
5616,173362488,0,1533,1086,892,0,16
5617,173372488,0,1421,1085,842,0,9
5618,173382488,0,1511,1112,928,0,51
5619,173392488,0,1499,1123,954,0,66
5620,173402488,0,1499,1130,975,0,81
5621,173412488,0,1474,1143,987,0,92
5622,173422488,0,1470,1155,1004,0,103
5623,173432488,0,1454,1163,1021,0,123
5624,173442488,0,1448,1168,1033,0,141
5625,173452488,0,1438,1169,1046,0,163
5626,173462488,0,1434,1180,1052,0,175
5627,173472488,0,1430,1186,1064,0,190
5628,173482488,0,1424,1191,1074,0,205
5629,173492488,0,1414,1195,1082,0,217
5630,173502488,0,1401,1203,1093,0,239
5631,173512488,0,1388,1207,1099,0,251
5632,173522488,0,1376,1212,1109,2,272
5633,173532488,0,1366,1215,1115,9,296
5634,173542488,0,1349,1220,1123,18,314
5635,173552488,0,1322,1221,1130,25,330
5636,173562488,0,1275,1227,1139,37,340
5637,173572488,0,0,1235,1148,52,361
5638,173582488,0,0,1237,1163,70,381
5639,173592488,0,0,1240,1174,80,400
5640,173602488,0,0,1243,1184,101,418
5641,173612488,0,0,1251,1193,115,429
5642,173622488,0,0,1187,1198,127,449
5643,173632488,0,2,1257,1209,155,477
5644,173642488,1,0,1259,1213,165,493
5645,173652488,0,0,1263,1227,180,522
5646,173662488,0,0,1267,1236,211,550
5647,173672488,0,688,1271,1244,232,575
5648,173682488,0,1017,1274,1257,261,605
5649,173692488,0,977,1281,1269,288,635
5650,173702488,0,955,1287,1278,305,663
5651,173712488,0,915,1291,1289,329,693
5652,173722488,0,879,1296,1300,370,715
5653,173732488,0,843,1300,1309,410,740
5654,173742488,0,791,1303,1317,447,763
5655,173752488,0,737,1306,1325,489,791
5656,173762488,0,670,1310,1335,528,813
5657,173772488,0,607,1312,1340,557,840
5658,173782488,0,520,1317,1351,596,865
5659,173792488,0,420,1318,1359,634,891
5660,173802488,0,328,1320,1369,682,930
5661,173812488,0,226,1321,1383,726,978
5662,173822488,0,146,1321,1390,764,1006
5663,173832488,0,60,1320,1400,806,1040
5664,173842488,0,4,1315,1405,850,1067
5665,173852488,0,0,1306,1416,886,1091
5666,173862488,0,0,1297,1421,918,1113
5667,173872488,0,0,1279,1428,953,1139
5668,173882488,0,0,1260,1431,984,1162
5669,173892488,0,0,1239,1434,1010,1190
5670,173902488,0,0,1208,1435,1037,1212
5671,173912488,0,0,1174,1431,1052,1244
5672,173922488,0,0,1144,1424,1061,1267
5673,173932488,0,0,1108,1400,1058,1297
5674,173942488,0,0,1058,1373,1055,1317
5675,173952488,0,0,997,1337,1031,1337
5676,173962488,0,0,939,1304,979,1362
5677,173972488,0,0,856,1253,924,1386
5678,173982488,0,0,781,1187,845,1414
5679,173992488,0,0,712,1124,758,1435
5680,174002488,0,0,656,1076,614,1442
5681,174012488,0,0,609,1018,427,1442
5682,174022488,0,0,547,967,305,1438
5683,174032488,0,0,484,911,217,1409
5684,174042488,0,0,441,852,136,1355
5685,174052488,0,0,382,775,88,1278
5686,174062488,0,0,337,687,44,1211
5687,174072488,0,0,295,607,8,1124
5688,174082488,0,0,271,519,0,1000
5689,174092488,0,0,218,433,0,855
5690,174102488,0,0,181,344,0,655
5691,174112488,0,0,136,276,0,407
5692,174122488,0,0,108,206,0,161
5693,174132488,0,0,87,135,0,0
5694,174142488,0,0,72,59,0,0
5695,174152488,0,0,31,46,0,0
5696,174162488,0,0,52,45,0,0
5697,174172488,0,0,49,39,0,0
5698,174182488,0,0,41,34,0,0
5699,174192488,0,0,32,29,0,0
5700,174202488,0,0,28,23,0,0
5701,174212488,0,0,27,18,0,0
5702,174222488,0,0,26,13,0,0
5703,174232488,0,0,26,9,0,0
5704,174242488,0,0,26,8,0,0
5705,174252488,0,0,25,5,0,0
5706,174262488,0,0,26,4,0,0
5707,174272488,0,0,26,5,0,0
5708,174282488,0,0,18,0,0,0
5709,174292488,0,0,34,4,0,0
5710,174302488,0,0,38,8,0,0
5711,174312488,0,0,44,11,0,0
5712,174322488,0,0,54,17,0,0
5713,174332488,0,0,61,21,0,0
5714,174342488,0,0,72,23,0,0
5715,174352488,0,0,82,27,0,0
5716,174362488,0,0,85,28,0,0
5717,174372488,0,0,89,32,0,0
5718,174382488,0,0,92,32,0,0
5719,174392488,0,0,92,36,0,0
5720,174402488,0,0,93,37,0,0
5721,174412488,0,0,90,39,0,0
5722,174422488,0,0,86,38,0,0
5723,174432488,0,0,70,36,0,0
5724,174442488,0,0,60,31,0,0
5725,174452488,0,0,46,23,0,0
5726,174462488,0,0,42,17,0,0
5727,174472488,0,0,39,12,0,1
5728,174482488,0,0,31,10,0,0
5729,174492488,0,0,27,9,0,0
5730,174502488,0,0,27,9,0,0
5731,174512488,0,0,26,9,0,0
5732,174522488,0,0,28,11,0,0
5733,174532488,0,0,33,17,0,0
5734,174542488,0,0,39,24,0,0
5735,174552488,0,0,45,30,0,0
5736,174562488,0,0,52,39,0,0
5737,174572488,0,0,53,42,0,0
5738,174582488,0,0,56,44,0,0
5739,174592488,0,0,60,45,0,0
5740,174602488,0,0,68,47,0,0
5741,174612488,0,0,70,47,0,0
5742,174622488,0,0,72,47,0,0
5743,174632488,0,0,73,43,0,0
5744,174642488,0,0,73,40,0,0
5745,174652488,0,0,71,16,0,0
5746,174662488,0,43,77,8,0,0
5747,174672488,0,223,79,0,0,0
5748,174682488,0,521,81,0,0,0
5749,174692488,0,815,80,0,0,0
5750,174702488,826,1002,71,0,0,0
5751,174712488,963,1109,66,0,0,0
5752,174722488,1064,1186,69,0,0,0
5753,174732488,1092,1178,68,0,0,0
5754,174742488,1206,1325,88,0,0,0
5755,174752488,1251,1372,108,0,0,0
5756,174762488,1299,1414,139,2,0,0
5757,174772488,1329,1440,154,12,0,0
5758,174782488,1359,1463,156,11,0,0
5759,174792488,1380,1481,192,32,0,0
5760,174802488,0,1516,206,51,0,0
5761,174812488,0,1545,239,65,0,0
5762,174822488,0,1566,272,74,0,0
5763,174832488,0,1588,292,96,0,0
5764,174842488,0,1609,372,149,0,0
5765,174852488,0,1619,424,183,0,0
5766,174862488,0,1631,499,218,0,0
5767,174872488,0,1642,552,268,0,0
5768,174882488,0,1651,586,315,0,0
5769,174892488,0,1660,624,360,0,0
5770,174902488,0,1666,662,396,0,0
5771,174912488,0,1673,688,421,0,0
5772,174922488,0,1678,709,442,0,0
5773,174932488,0,1684,725,462,0,0
5774,174942488,0,1686,747,474,0,0
5775,174952488,2,1686,761,498,0,0
5776,174962488,0,1687,770,518,0,0
5777,174972488,0,1687,786,538,0,0
5778,174982488,0,1686,799,552,0,0
5779,174992488,2,1587,797,566,0,0
5780,175002488,0,1682,826,574,0,0
5781,175012488,0,1676,837,593,0,0
5782,175022488,0,1670,853,608,0,0
5783,175032488,0,1661,869,625,0,0
5784,175042488,1,1654,887,652,0,0
5785,175052488,0,1647,876,629,0,0
5786,175062488,0,1643,919,694,0,0
5787,175072488,0,1638,928,718,0,0
5788,175082488,0,1638,943,736,0,0
5789,175092488,1,1630,955,750,0,0
5790,175102488,0,1626,974,766,0,0
5791,175112488,0,1625,987,785,0,0
5792,175122488,0,1615,1004,801,0,0
5793,175132488,0,1623,1017,817,0,0
5794,175142488,0,1617,1040,835,0,0
5795,175152488,0,1615,1054,852,0,0
5796,175162488,0,1611,1068,867,0,0
5797,175172488,0,1605,1082,883,0,0
5798,175182488,0,1605,1097,901,0,0
5799,175192488,0,1599,1110,918,0,0
5800,175202488,0,1596,1120,933,0,0
5801,175212488,0,1590,1134,951,0,0
5802,175222488,0,1583,1146,970,0,0
5803,175232488,0,1576,1161,986,0,4
5804,175242488,0,1570,1172,1003,0,7
5805,175252488,0,1562,1182,1019,0,12
5806,175262488,0,1551,1193,1044,0,20
5807,175272488,0,1534,1206,1064,0,27
5808,175282488,0,1519,1221,1080,0,43
5809,175292488,0,1507,1232,1098,0,52
5810,175302488,0,1494,1242,1113,0,63
5811,175312488,0,1478,1251,1129,0,82
5812,175322488,0,1439,1260,1146,0,88
5813,175332488,0,1434,1271,1170,0,99
5814,175342488,0,1410,1284,1184,0,110
5815,175352488,0,1383,1293,1196,0,124
5816,175362488,0,1355,1302,1212,0,146
5817,175372488,0,0,1309,1229,0,167
5818,175382488,0,0,1273,1152,0,187
5819,175392488,0,0,1321,1253,0,213
5820,175402488,0,0,1329,1264,0,235
5821,175412488,0,0,1335,1278,0,260
5822,175422488,0,0,1341,1291,6,278
5823,175432488,0,0,1350,1302,12,298
5824,175442488,0,0,1356,1308,24,325
5825,175452488,0,0,1291,1318,41,343
5826,175462488,0,828,1367,1331,52,363
5827,175472488,0,988,1372,1339,71,381
5828,175482488,0,950,1378,1352,80,403
5829,175492488,0,903,1383,1363,97,422
5830,175502488,0,844,1388,1373,108,432
5831,175512488,0,794,1394,1383,124,444
5832,175522488,0,729,1399,1394,140,456
5833,175532488,0,682,1402,1400,159,473
5834,175542488,0,619,1406,1416,181,492
5835,175552488,0,535,1413,1429,205,517
5836,175562488,0,438,1416,1440,229,536
5837,175572488,0,337,1420,1450,254,553
5838,175582488,0,230,1420,1462,284,565
5839,175592488,0,117,1420,1473,313,581
5840,175602488,0,10,1420,1484,344,598
5841,175612488,0,0,1415,1492,375,614
5842,175622488,0,0,1409,1499,404,632
5843,175632488,0,0,1399,1506,418,663
5844,175642488,0,0,1386,1508,432,681
5845,175652488,0,0,1365,1513,455,710
5846,175662488,0,0,1339,1515,467,729
5847,175672488,0,0,1309,1515,469,761
5848,175682488,0,0,1281,1513,461,796
5849,175692488,0,0,1247,1509,458,827
5850,175702488,0,0,1207,1494,440,859
5851,175712488,0,0,1144,1361,398,854
5852,175722488,0,0,1111,1432,406,957
5853,175732488,0,0,1059,1383,372,1005
5854,175742488,0,0,1001,1338,286,1074
5855,175752488,0,0,938,1276,214,1115
5856,175762488,0,0,877,1210,114,1146
5857,175772488,0,0,813,1147,41,1169
5858,175782488,0,0,742,1003,0,1103
5859,175792488,0,0,691,1031,0,1103
5860,175802488,0,0,613,972,0,1040
5861,175812488,0,0,541,891,0,952
5862,175822488,0,0,488,793,0,816
5863,175832488,0,0,434,685,0,687
5864,175842488,0,0,362,583,0,535
5865,175852488,0,0,324,479,0,374
5866,175862488,0,0,282,365,0,194
5867,175872488,0,0,246,276,0,12
5868,175882488,0,0,193,188,0,0
5869,175892488,0,0,154,103,0,0
5870,175902488,0,0,118,56,0,0
5871,175912488,0,0,115,56,0,0
5872,175922488,0,0,111,54,0,0
5873,175932488,0,0,102,49,0,0
5874,175942488,0,0,92,45,0,0
5875,175952488,0,0,84,38,0,2
5876,175962488,0,0,78,34,0,2
5877,175972488,0,0,70,31,0,0
5878,175982488,0,0,67,28,0,0
5879,175992488,0,0,63,27,0,0
5880,176002488,0,0,59,23,0,0
5881,176012488,0,0,60,18,0,0
5882,176022488,0,0,58,17,0,0
5883,176032488,0,0,59,13,0,0
5884,176042488,0,0,62,12,0,0
5885,176052488,0,0,68,19,0,0
5886,176062488,0,0,73,21,0,0
5887,176072488,0,0,84,23,0,0
5888,176082488,0,0,89,27,0,0
5889,176092488,0,0,87,30,0,0
5890,176102488,0,0,92,36,0,0
5891,176112488,0,0,93,38,0,0
5892,176122488,0,0,96,38,0,0
5893,176132488,0,0,102,39,0,0
5894,176142488,0,0,97,42,0,0
5895,176152488,0,0,93,44,0,0
5896,176162488,0,0,90,42,0,0
5897,176172488,0,0,84,38,0,0
5898,176182488,0,0,80,46,0,0
5899,176192488,0,0,69,45,0,0
5900,176202488,0,0,63,44,0,0
5901,176212488,0,0,58,47,0,0
5902,176222488,0,0,51,45,0,0
5903,176232488,0,0,46,39,0,0
5904,176242488,0,0,42,38,0,0
5905,176252488,0,0,45,55,0,0
5906,176262488,0,0,47,48,0,0
5907,176272488,0,0,51,53,0,0
5908,176282488,0,0,42,62,0,0
5909,176292488,0,0,49,53,0,0
5910,176302488,0,0,46,55,0,0
5911,176312488,0,0,46,52,0,0
5912,176322488,0,0,48,54,0,0
5913,176332488,0,0,48,58,0,0
5914,176342488,0,0,51,53,0,0
5915,176352488,0,0,45,51,0,0
5916,176362488,0,0,46,45,0,0
5917,176372488,0,0,42,45,0,0
5918,176382488,0,0,49,48,0,0
5919,176392488,0,0,59,35,0,0
5920,176402488,0,0,69,28,0,0
5921,176412488,0,0,69,16,0,0
5922,176422488,0,125,81,8,0,0
5923,176432488,0,231,93,8,0,0
5924,176442488,0,346,98,2,0,0
5925,176452488,0,473,98,1,0,0
5926,176462488,0,597,101,0,0,0
5927,176472488,0,725,92,0,0,0
5928,176482488,0,804,86,0,0,0
5929,176492488,0,880,79,0,0,0
5930,176502488,0,943,76,0,0,0
5931,176512488,859,1005,80,0,0,0
5932,176522488,942,1056,86,0,0,0
5933,176532488,1032,1102,90,4,0,0
5934,176542488,1080,1139,96,10,0,0
5935,176552488,1119,1174,108,22,0,0
5936,176562488,0,1197,122,29,0,0
5937,176572488,0,1218,132,43,0,0
5938,176582488,0,1234,151,60,0,0
5939,176592488,0,1247,187,73,0,0
5940,176602488,0,1259,233,82,0,0
5941,176612488,0,1280,277,119,0,0
5942,176622488,0,1296,302,144,0,0
5943,176632488,0,1317,336,170,0,0
5944,176642488,0,1331,358,189,0,0
5945,176652488,0,1357,377,208,0,0
5946,176662488,0,1372,396,224,0,0
5947,176672488,0,1384,410,242,0,0
5948,176682488,0,1400,434,260,0,13
5949,176692488,0,1419,471,279,0,73
5950,176702488,0,1433,493,298,0,120
5951,176712488,0,1446,527,312,0,184
5952,176722488,0,1455,552,331,0,243
5953,176732488,0,1461,573,353,0,298
5954,176742488,0,1468,601,379,0,360
5955,176752488,0,1467,632,403,0,404
5956,176762488,0,1472,656,432,0,453
5957,176772488,0,1480,671,454,0,478
5958,176782488,0,1484,693,475,0,502
5959,176792488,0,1490,709,490,0,532
5960,176802488,0,1492,716,506,0,541
5961,176812488,0,1494,730,522,0,582
5962,176822488,0,1493,744,535,3,614
5963,176832488,0,1492,758,548,16,634
5964,176842488,0,1487,769,565,27,656
5965,176852488,0,1483,785,577,41,671
5966,176862488,0,1478,292,591,57,690
5967,176872488,0,1469,0,601,66,709
5968,176882488,0,1461,0,616,85,728
5969,176892488,0,1450,0,627,102,743
5970,176902488,0,1442,0,638,109,759
5971,176912488,0,1432,0,650,125,776
5972,176922488,0,1422,0,665,132,796
5973,176932488,0,1367,0,678,143,812
5974,176942488,0,1399,871,694,151,824
5975,176952488,0,1390,877,713,164,843
5976,176962488,0,1384,884,726,176,854
5977,176972488,0,1382,895,741,178,863
5978,176982488,0,1380,906,757,193,874
5979,176992488,0,1379,916,766,201,882
5980,177002488,0,1337,873,779,208,889
5981,177012488,0,1377,939,792,217,893
5982,177022488,0,1372,954,804,232,907
5983,177032488,0,1371,970,820,240,919
5984,177042488,0,1366,982,841,255,926
5985,177052488,0,1364,994,858,269,936
5986,177062488,0,1356,1006,872,269,947
5987,177072488,0,1353,1017,891,276,953
5988,177082488,0,1350,1037,911,281,958
5989,177092488,0,1342,1054,930,282,967
5990,177102488,0,1337,1068,950,285,975
5991,177112488,0,1329,1083,971,292,983
5992,177122488,0,1319,1099,992,302,997
5993,177132488,0,1218,1089,1010,318,1016
5994,177142488,0,1286,1122,1032,361,1042
5995,177152488,0,1261,1135,1052,377,1066
5996,177162488,0,1231,1147,1071,408,1086
5997,177172488,0,1203,1162,1097,427,1106
5998,177182488,0,1176,1174,1117,445,1126
5999,177192488,0,1144,1191,1137,467,1109
6000,177202488,0,1109,1202,1165,483,1161
6001,177212488,0,1063,1213,1188,491,1176
6002,177222488,0,0,1231,1212,502,0
6003,177232488,0,0,1242,1236,506,0
6004,177242488,0,0,1252,1252,509,1204
6005,177252488,0,0,1261,1266,519,1212
6006,177262488,0,748,1248,1187,490,1149
6007,177272488,0,775,1270,1293,495,1223
6008,177282488,0,724,1274,1305,480,1222
6009,177292488,0,670,1276,1308,437,1210
6010,177302488,0,620,1280,1312,374,1190
6011,177312488,0,571,1279,1313,302,1157
6012,177322488,0,535,1278,1311,229,1116
6013,177332488,0,474,1278,1309,170,1066
6014,177342488,0,425,1275,1305,99,1035
6015,177352488,0,348,1273,1301,50,996
6016,177362488,0,268,1268,1290,20,968
6017,177372488,0,198,1258,1275,0,917
6018,177382488,0,112,1242,1258,0,0
6019,177392488,0,46,1222,1238,0,792
6020,177402488,0,8,1191,1206,0,737
6021,177412488,0,0,1159,1164,0,657
6022,177422488,0,0,0,1110,0,596
6023,177432488,0,0,0,1055,0,512
6024,177442488,0,0,0,985,2,384
6025,177452488,0,0,924,906,0,256
6026,177462488,0,0,852,799,0,111
6027,177472488,0,0,786,685,0,7
6028,177482488,0,0,701,577,0,0
6029,177492488,0,0,635,475,0,0
6030,177502488,0,0,573,395,0,0
6031,177512488,0,0,513,310,0,0
6032,177522488,0,0,438,228,0,0
6033,177532488,0,0,383,152,0,0
6034,177542488,0,0,362,160,1,0
6035,177552488,0,0,343,138,0,0
6036,177562488,0,0,325,114,0,0
6037,177572488,0,0,296,96,0,0
6038,177582488,0,0,265,86,0,0
6039,177592488,0,0,246,78,0,0
6040,177602488,0,0,233,77,0,0
6041,177612488,0,0,231,77,0,0
6042,177622488,0,0,213,76,0,0
6043,177632488,0,0,208,72,0,0
6044,177642488,0,0,200,64,0,0
6045,177652488,0,0,187,72,0,0
6046,177662488,0,0,167,56,0,0
6047,177672488,0,0,182,77,0,0
6048,177682488,0,0,177,77,0,0
6049,177692488,0,0,152,76,0,0
6050,177702488,0,0,154,73,0,0
6051,177712488,0,0,152,74,0,0
6052,177722488,0,0,158,64,0,0
6053,177732488,0,0,128,35,0,0
6054,177742488,0,0,138,69,0,0
6055,177752488,0,0,126,59,0,0
6056,177762488,0,0,115,59,0,0
6057,177772488,0,0,106,53,0,0
6058,177782488,0,0,107,53,0,0
6059,177792488,0,0,97,25,0,0
6060,177802488,0,0,101,49,0,0
6061,177812488,0,0,106,49,0,0
6062,177822488,0,0,101,52,0,0
6063,177832488,0,0,105,54,0,0
6064,177842488,0,0,103,54,0,0
6065,177852488,0,0,106,56,0,0
6066,177862488,0,0,82,30,0,0
6067,177872488,0,0,99,60,0,0
6068,177882488,0,0,96,61,0,0
6069,177892488,0,0,98,58,0,0
6070,177902488,0,0,94,54,0,0
6071,177912488,2,0,91,46,0,0
6072,177922488,2,0,92,43,0,0
6073,177932488,0,0,89,41,0,0
6074,177942488,0,1,87,31,0,0
6075,177952488,0,0,84,29,0,0
6076,177962488,0,0,79,25,0,0
6077,177972488,0,0,85,23,0,0
6078,177982488,0,0,86,17,0,0
6079,177992488,0,1,86,13,0,0
6080,178002488,0,0,87,2,0,0
6081,178012488,0,103,88,0,0,0
6082,178022488,2,178,87,0,0,0
6083,178032488,2,265,91,0,0,0
6084,178042488,0,361,95,0,0,0
6085,178052488,0,488,94,0,0,0
6086,178062488,0,630,88,0,0,0
6087,178072488,0,730,92,0,0,0
6088,178082488,0,804,98,0,0,0
6089,178092488,0,887,102,0,0,0
6090,178102488,0,943,103,0,0,0
6091,178112488,0,1001,102,0,0,0
6092,178122488,0,1065,103,0,0,0
6093,178132488,0,1119,106,0,0,0
6094,178142488,0,1161,106,0,0,0
6095,178152488,0,1198,108,0,0,0
6096,178162488,0,1236,111,0,0,0
6097,178172488,0,1274,110,6,0,0
6098,178182488,0,1310,122,15,0,0
6099,178192488,0,1341,143,20,0,0
6100,178202488,0,1373,157,42,0,0
6101,178212488,0,1389,180,57,0,0
6102,178222488,0,1410,236,79,0,0
6103,178232488,0,1433,289,107,0,0
6104,178242488,0,1445,347,151,0,0
6105,178252488,0,1461,380,197,0,0
6106,178262488,0,1482,429,228,0,0
6107,178272488,0,1510,485,270,0,0
6108,178282488,0,1526,535,310,0,0
6109,178292488,0,1547,560,345,0,0
6110,178302488,0,1562,596,369,0,0
6111,178312488,0,1576,625,399,0,0
6112,178322488,0,1584,656,433,0,0
6113,178332488,0,1593,691,443,0,0
6114,178342488,0,1598,718,467,0,0
6115,178352488,0,1606,734,490,0,0
6116,178362488,0,1609,759,517,0,0
6117,178372488,0,1612,778,540,0,0
6118,178382488,0,1612,797,562,0,0
6119,178392488,0,1595,813,582,0,0
6120,178402488,0,1613,825,597,0,0
6121,178412488,0,1612,846,613,0,0
6122,178422488,0,1610,863,630,0,0
6123,178432488,0,1608,885,658,0,0
6124,178442488,0,1606,906,678,0,8
6125,178452488,0,1598,920,698,0,21
6126,178462488,0,1594,936,725,0,38
6127,178472488,0,1590,953,745,0,49
6128,178482488,0,1585,967,762,0,53
6129,178492488,0,1578,978,778,0,60
6130,178502488,0,1573,988,793,0,75
6131,178512488,0,1566,1002,809,0,90
6132,178522488,0,1560,1012,829,0,99
6133,178532488,0,1555,1035,855,0,122
6134,178542488,0,1548,1049,876,0,138
6135,178552488,0,1541,1065,902,0,149
6136,178562488,0,1530,1078,921,0,157
